patch_id,image_id,analyte,concentration_order,concentration_mg_ml,well_id,grid_row,grid_col,canonical_width_px,canonical_height_px,center_x_px,center_y_px,circle_radius_px,crop_x0_px,crop_y0_px,crop_x1_px,crop_y1_px,crop_width_px,crop_height_px,crop_file,grid_residual_px,hough_param2,candidate_count,qc_status
glucose_01_c0_wA01,glucose_01_c0,glucose,1,0.0,A01,1,1,2992,2992,405.042,905.454,62.383,331,831,480,980,149,149,crops/glucose/glucose_01_c0/glucose_01_c0_wA01.png,11.589,45,97,pass_geometry
glucose_01_c0_wA02,glucose_01_c0,glucose,1,0.0,A02,1,2,2992,2992,573.342,898.722,64.403,497,823,650,976,153,153,crops/glucose/glucose_01_c0/glucose_01_c0_wA02.png,5.149,45,97,pass_geometry
glucose_01_c0_wA03,glucose_01_c0,glucose,1,0.0,A03,1,3,2992,2992,755.106,894.234,61.037,682,821,829,968,147,147,crops/glucose/glucose_01_c0/glucose_01_c0_wA03.png,4.65,45,97,pass_geometry
glucose_01_c0_wA04,glucose_01_c0,glucose,1,0.0,A04,1,4,2992,2992,941.358,891.99,66.647,862,813,1021,972,159,159,crops/glucose/glucose_01_c0/glucose_01_c0_wA04.png,0.757,45,97,pass_geometry
glucose_01_c0_wA05,glucose_01_c0,glucose,1,0.0,A05,1,5,2992,2992,1125.366,883.014,67.32,1045,803,1206,964,161,161,crops/glucose/glucose_01_c0/glucose_01_c0_wA05.png,2.42,45,97,pass_geometry
glucose_01_c0_wA06,glucose_01_c0,glucose,1,0.0,A06,1,6,2992,2992,1307.13,880.77,72.032,1222,796,1393,967,171,171,crops/glucose/glucose_01_c0/glucose_01_c0_wA06.png,2.056,45,97,pass_geometry
glucose_01_c0_wA07,glucose_01_c0,glucose,1,0.0,A07,1,7,2992,2992,1493.382,874.038,72.032,1408,789,1579,960,171,171,crops/glucose/glucose_01_c0/glucose_01_c0_wA07.png,0.669,45,97,pass_geometry
glucose_01_c0_wA08,glucose_01_c0,glucose,1,0.0,A08,1,8,2992,2992,1684.122,871.794,68.666,1602,790,1767,955,165,165,crops/glucose/glucose_01_c0/glucose_01_c0_wA08.png,7.874,45,97,pass_geometry
glucose_01_c0_wA09,glucose_01_c0,glucose,1,0.0,A09,1,9,2992,2992,1863.642,862.818,68.218,1783,782,1946,945,163,163,crops/glucose/glucose_01_c0/glucose_01_c0_wA09.png,1.695,45,97,pass_geometry
glucose_01_c0_wA10,glucose_01_c0,glucose,1,0.0,A10,1,10,2992,2992,2052.138,849.354,64.852,1975,772,2130,927,155,155,crops/glucose/glucose_01_c0/glucose_01_c0_wA10.png,7.809,45,97,pass_geometry
glucose_01_c0_wA11,glucose_01_c0,glucose,1,0.0,A11,1,11,2992,2992,2242.878,849.354,65.749,2165,771,2322,928,157,157,crops/glucose/glucose_01_c0/glucose_01_c0_wA11.png,9.476,45,97,pass_geometry
glucose_01_c0_wA12,glucose_01_c0,glucose,1,0.0,A12,1,12,2992,2992,2420.154,842.622,62.159,2346,769,2495,918,149,149,crops/glucose/glucose_01_c0/glucose_01_c0_wA12.png,1.343,45,97,pass_geometry
glucose_01_c0_wB01,glucose_01_c0,glucose,1,0.0,B01,2,1,2992,2992,407.286,1093.95,64.627,330,1017,485,1172,155,155,crops/glucose/glucose_01_c0/glucose_01_c0_wB01.png,8.013,45,97,pass_geometry
glucose_01_c0_wB02,glucose_01_c0,glucose,1,0.0,B02,2,2,2992,2992,584.562,1089.462,64.403,509,1013,662,1166,153,153,crops/glucose/glucose_01_c0/glucose_01_c0_wB02.png,3.819,45,97,pass_geometry
glucose_01_c0_wB03,glucose_01_c0,glucose,1,0.0,B03,2,3,2992,2992,761.838,1080.486,69.34,680,998,845,1163,165,165,crops/glucose/glucose_01_c0/glucose_01_c0_wB03.png,2.489,45,97,pass_geometry
glucose_01_c0_wB04,glucose_01_c0,glucose,1,0.0,B04,2,4,2992,2992,943.602,1075.998,70.686,860,992,1029,1161,169,169,crops/glucose/glucose_01_c0/glucose_01_c0_wB04.png,3.516,45,97,pass_geometry
glucose_01_c0_wB05,glucose_01_c0,glucose,1,0.0,B05,2,5,2992,2992,1127.61,1071.51,69.34,1046,990,1211,1155,165,165,crops/glucose/glucose_01_c0/glucose_01_c0_wB05.png,3.209,45,97,pass_geometry
glucose_01_c0_wB06,glucose_01_c0,glucose,1,0.0,B06,2,6,2992,2992,1311.618,1071.51,66.422,1233,993,1392,1152,159,159,crops/glucose/glucose_01_c0/glucose_01_c0_wB06.png,7.611,45,97,pass_geometry
glucose_01_c0_wB07,glucose_01_c0,glucose,1,0.0,B07,2,7,2992,2992,1495.626,1060.29,62.608,1422,986,1571,1135,149,149,crops/glucose/glucose_01_c0/glucose_01_c0_wB07.png,3.221,45,97,pass_geometry
glucose_01_c0_wB08,glucose_01_c0,glucose,1,0.0,B08,2,8,2992,2992,1686.366,1053.558,70.462,1602,970,1771,1139,169,169,crops/glucose/glucose_01_c0/glucose_01_c0_wB08.png,3.475,45,97,pass_geometry
glucose_01_c0_wB09,glucose_01_c0,glucose,1,0.0,B09,2,9,2992,2992,1868.13,1046.826,61.934,1794,973,1943,1122,149,149,crops/glucose/glucose_01_c0/glucose_01_c0_wB09.png,0.418,45,97,pass_geometry
glucose_01_c0_wB10,glucose_01_c0,glucose,1,0.0,B10,2,10,2992,2992,2054.382,1035.606,65.974,1976,958,2133,1115,157,157,crops/glucose/glucose_01_c0/glucose_01_c0_wB10.png,5.924,45,97,pass_geometry
glucose_01_c0_wB11,glucose_01_c0,glucose,1,0.0,B11,2,11,2992,2992,2238.39,1037.85,69.34,2156,956,2321,1121,165,165,crops/glucose/glucose_01_c0/glucose_01_c0_wB11.png,2.279,45,97,pass_geometry
glucose_01_c0_wB12,glucose_01_c0,glucose,1,0.0,B12,2,12,2992,2992,2422.398,1031.118,69.788,2339,948,2506,1115,167,167,crops/glucose/glucose_01_c0/glucose_01_c0_wB12.png,3.029,45,97,pass_geometry
glucose_01_c0_wC01,glucose_01_c0,glucose,1,0.0,C01,3,1,2992,2992,402.798,1273.47,61.934,329,1199,478,1348,149,149,crops/glucose/glucose_01_c0/glucose_01_c0_wC01.png,3.746,45,97,pass_geometry
glucose_01_c0_wC02,glucose_01_c0,glucose,1,0.0,C02,3,2,2992,2992,589.05,1268.982,69.115,507,1187,672,1352,165,165,crops/glucose/glucose_01_c0/glucose_01_c0_wC02.png,3.053,45,97,pass_geometry
glucose_01_c0_wC03,glucose_01_c0,glucose,1,0.0,C03,3,3,2992,2992,766.326,1268.982,65.974,688,1191,845,1348,157,157,crops/glucose/glucose_01_c0/glucose_01_c0_wC03.png,4.584,45,97,pass_geometry
glucose_01_c0_wC04,glucose_01_c0,glucose,1,0.0,C04,3,4,2992,2992,948.09,1260.006,69.788,865,1177,1032,1344,167,167,crops/glucose/glucose_01_c0/glucose_01_c0_wC04.png,4.476,45,97,pass_geometry
glucose_01_c0_wC05,glucose_01_c0,glucose,1,0.0,C05,3,5,2992,2992,1132.098,1262.25,66.422,1053,1183,1212,1342,159,159,crops/glucose/glucose_01_c0/glucose_01_c0_wC05.png,8.421,45,97,pass_geometry
glucose_01_c0_wC06,glucose_01_c0,glucose,1,0.0,C06,3,6,2992,2992,1316.106,1248.786,61.71,1243,1176,1390,1323,147,147,crops/glucose/glucose_01_c0/glucose_01_c0_wC06.png,3.653,45,97,pass_geometry
glucose_01_c0_wC07,glucose_01_c0,glucose,1,0.0,C07,3,7,2992,2992,1506.846,1244.298,70.91,1423,1160,1592,1329,169,169,crops/glucose/glucose_01_c0/glucose_01_c0_wC07.png,2.993,45,97,pass_geometry
glucose_01_c0_wC08,glucose_01_c0,glucose,1,0.0,C08,3,8,2992,2992,1690.854,1242.054,66.647,1612,1163,1771,1322,159,159,crops/glucose/glucose_01_c0/glucose_01_c0_wC08.png,4.522,45,97,pass_geometry
glucose_01_c0_wC09,glucose_01_c0,glucose,1,0.0,C09,3,9,2992,2992,1872.618,1228.59,64.627,1796,1152,1951,1307,155,155,crops/glucose/glucose_01_c0/glucose_01_c0_wC09.png,4.157,45,97,pass_geometry
glucose_01_c0_wC10,glucose_01_c0,glucose,1,0.0,C10,3,10,2992,2992,2058.87,1228.59,62.608,1985,1155,2134,1304,149,149,crops/glucose/glucose_01_c0/glucose_01_c0_wC10.png,1.483,45,97,pass_geometry
glucose_01_c0_wC11,glucose_01_c0,glucose,1,0.0,C11,3,11,2992,2992,2242.878,1226.346,65.749,2165,1148,2322,1305,157,157,crops/glucose/glucose_01_c0/glucose_01_c0_wC11.png,5.104,45,97,pass_geometry
glucose_01_c0_wC12,glucose_01_c0,glucose,1,0.0,C12,3,12,2992,2992,2426.886,1215.126,70.237,2344,1132,2511,1299,167,167,crops/glucose/glucose_01_c0/glucose_01_c0_wC12.png,3.979,45,97,pass_geometry
glucose_01_c0_wD01,glucose_01_c0,glucose,1,0.0,D01,4,1,2992,2992,411.774,1457.478,68.891,330,1375,495,1540,165,165,crops/glucose/glucose_01_c0/glucose_01_c0_wD01.png,3.525,45,97,pass_geometry
glucose_01_c0_wD02,glucose_01_c0,glucose,1,0.0,D02,4,2,2992,2992,593.538,1448.502,65.3,516,1371,673,1528,157,157,crops/glucose/glucose_01_c0/glucose_01_c0_wD02.png,6.934,45,97,pass_geometry
glucose_01_c0_wD03,glucose_01_c0,glucose,1,0.0,D03,4,3,2992,2992,770.814,1444.014,66.422,692,1365,851,1524,159,159,crops/glucose/glucose_01_c0/glucose_01_c0_wD03.png,7.352,45,97,pass_geometry
glucose_01_c0_wD04,glucose_01_c0,glucose,1,0.0,D04,4,4,2992,2992,952.578,1446.258,70.462,869,1362,1038,1531,169,169,crops/glucose/glucose_01_c0/glucose_01_c0_wD04.png,5.629,45,97,pass_geometry
glucose_01_c0_wD05,glucose_01_c0,glucose,1,0.0,D05,4,5,2992,2992,1132.098,1444.014,65.974,1054,1366,1211,1523,157,157,crops/glucose/glucose_01_c0/glucose_01_c0_wD05.png,10.363,45,97,pass_geometry
glucose_01_c0_wD06,glucose_01_c0,glucose,1,0.0,D06,4,6,2992,2992,1322.838,1435.038,60.588,1251,1363,1396,1508,145,145,crops/glucose/glucose_01_c0/glucose_01_c0_wD06.png,2.534,45,97,pass_geometry
glucose_01_c0_wD07,glucose_01_c0,glucose,1,0.0,D07,4,7,2992,2992,1511.334,1430.55,71.135,1427,1347,1596,1516,169,169,crops/glucose/glucose_01_c0/glucose_01_c0_wD07.png,2.56,45,97,pass_geometry
glucose_01_c0_wD08,glucose_01_c0,glucose,1,0.0,D08,4,8,2992,2992,1693.098,1426.062,71.135,1609,1342,1778,1511,169,169,crops/glucose/glucose_01_c0/glucose_01_c0_wD08.png,2.701,45,97,pass_geometry
glucose_01_c0_wD09,glucose_01_c0,glucose,1,0.0,D09,4,9,2992,2992,1881.594,1419.33,69.115,1800,1337,1965,1502,165,165,crops/glucose/glucose_01_c0/glucose_01_c0_wD09.png,2.831,45,97,pass_geometry
glucose_01_c0_wD10,glucose_01_c0,glucose,1,0.0,D10,4,10,2992,2992,2061.114,1417.086,66.422,1982,1338,2141,1497,159,159,crops/glucose/glucose_01_c0/glucose_01_c0_wD10.png,5.383,45,97,pass_geometry
glucose_01_c0_wD11,glucose_01_c0,glucose,1,0.0,D11,4,11,2992,2992,2247.366,1405.866,70.237,2164,1323,2331,1490,167,167,crops/glucose/glucose_01_c0/glucose_01_c0_wD11.png,3.246,45,97,pass_geometry
glucose_01_c0_wD12,glucose_01_c0,glucose,1,0.0,D12,4,12,2992,2992,2424.642,1396.89,65.076,2348,1320,2503,1475,155,155,crops/glucose/glucose_01_c0/glucose_01_c0_wD12.png,12.845,45,97,pass_geometry
glucose_01_c0_wE01,glucose_01_c0,glucose,1,0.0,E01,5,1,2992,2992,418.506,1639.242,68.666,337,1557,502,1722,165,165,crops/glucose/glucose_01_c0/glucose_01_c0_wE01.png,6.097,45,97,pass_geometry
glucose_01_c0_wE02,glucose_01_c0,glucose,1,0.0,E02,5,2,2992,2992,598.026,1636.998,63.505,523,1562,674,1713,151,151,crops/glucose/glucose_01_c0/glucose_01_c0_wE02.png,2.509,45,97,pass_geometry
glucose_01_c0_wE03,glucose_01_c0,glucose,1,0.0,E03,5,3,2992,2992,777.546,1634.754,62.832,703,1560,854,1711,151,151,crops/glucose/glucose_01_c0/glucose_01_c0_wE03.png,2.897,45,97,pass_geometry
glucose_01_c0_wE04,glucose_01_c0,glucose,1,0.0,E04,5,4,2992,2992,963.798,1630.266,70.462,880,1546,1049,1715,169,169,crops/glucose/glucose_01_c0/glucose_01_c0_wE04.png,0.996,45,97,pass_geometry
glucose_01_c0_wE05,glucose_01_c0,glucose,1,0.0,E05,5,5,2992,2992,1150.05,1623.534,67.096,1070,1544,1231,1705,161,161,crops/glucose/glucose_01_c0/glucose_01_c0_wE05.png,3.238,45,97,pass_geometry
glucose_01_c0_wE06,glucose_01_c0,glucose,1,0.0,E06,5,6,2992,2992,1336.302,1623.534,66.871,1257,1545,1416,1704,159,159,crops/glucose/glucose_01_c0/glucose_01_c0_wE06.png,7.123,45,97,pass_geometry
glucose_01_c0_wE07,glucose_01_c0,glucose,1,0.0,E07,5,7,2992,2992,1520.31,1612.314,66.647,1441,1533,1600,1692,159,159,crops/glucose/glucose_01_c0/glucose_01_c0_wE07.png,5.637,45,97,pass_geometry
glucose_01_c0_wE08,glucose_01_c0,glucose,1,0.0,E08,5,8,2992,2992,1704.318,1616.802,64.403,1628,1541,1781,1694,153,153,crops/glucose/glucose_01_c0/glucose_01_c0_wE08.png,9.259,45,97,pass_geometry
glucose_01_c0_wE09,glucose_01_c0,glucose,1,0.0,E09,5,9,2992,2992,1888.326,1605.582,61.261,1815,1533,1962,1680,147,147,crops/glucose/glucose_01_c0/glucose_01_c0_wE09.png,4.198,45,97,pass_geometry
glucose_01_c0_wE10,glucose_01_c0,glucose,1,0.0,E10,5,10,2992,2992,2079.066,1596.606,66.422,2000,1518,2159,1677,159,159,crops/glucose/glucose_01_c0/glucose_01_c0_wE10.png,9.299,45,97,pass_geometry
glucose_01_c0_wE11,glucose_01_c0,glucose,1,0.0,E11,5,11,2992,2992,2258.586,1589.874,61.71,2186,1517,2333,1664,147,147,crops/glucose/glucose_01_c0/glucose_01_c0_wE11.png,4.502,45,97,pass_geometry
glucose_01_c0_wE12,glucose_01_c0,glucose,1,0.0,E12,5,12,2992,2992,2440.35,1585.386,60.364,2368,1513,2513,1658,145,145,crops/glucose/glucose_01_c0/glucose_01_c0_wE12.png,3.29,45,97,pass_geometry
glucose_01_c0_wF01,glucose_01_c0,glucose,1,0.0,F01,6,1,2992,2992,420.75,1825.494,69.34,339,1743,504,1908,165,165,crops/glucose/glucose_01_c0/glucose_01_c0_wF01.png,3.063,45,97,pass_geometry
glucose_01_c0_wF02,glucose_01_c0,glucose,1,0.0,F02,6,2,2992,2992,602.514,1827.738,65.749,525,1750,682,1907,157,157,crops/glucose/glucose_01_c0/glucose_01_c0_wF02.png,4.112,45,97,pass_geometry
glucose_01_c0_wF03,glucose_01_c0,glucose,1,0.0,F03,6,3,2992,2992,782.034,1821.006,70.013,699,1738,866,1905,167,167,crops/glucose/glucose_01_c0/glucose_01_c0_wF03.png,4.41,45,97,pass_geometry
glucose_01_c0_wF04,glucose_01_c0,glucose,1,0.0,F04,6,4,2992,2992,966.042,1816.518,71.359,881,1732,1052,1903,171,171,crops/glucose/glucose_01_c0/glucose_01_c0_wF04.png,3.876,45,97,pass_geometry
glucose_01_c0_wF05,glucose_01_c0,glucose,1,0.0,F05,6,5,2992,2992,1143.318,1809.786,67.32,1063,1730,1224,1891,161,161,crops/glucose/glucose_01_c0/glucose_01_c0_wF05.png,9.075,45,97,pass_geometry
glucose_01_c0_wF06,glucose_01_c0,glucose,1,0.0,F06,6,6,2992,2992,1334.058,1805.298,70.91,1250,1721,1419,1890,169,169,crops/glucose/glucose_01_c0/glucose_01_c0_wF06.png,2.459,45,97,pass_geometry
glucose_01_c0_wF07,glucose_01_c0,glucose,1,0.0,F07,6,7,2992,2992,1524.798,1800.81,67.32,1445,1721,1606,1882,161,161,crops/glucose/glucose_01_c0/glucose_01_c0_wF07.png,4.65,45,97,pass_geometry
glucose_01_c0_wF08,glucose_01_c0,glucose,1,0.0,F08,6,8,2992,2992,1704.318,1796.322,69.34,1622,1714,1787,1879,165,165,crops/glucose/glucose_01_c0/glucose_01_c0_wF08.png,2.215,45,97,pass_geometry
glucose_01_c0_wF09,glucose_01_c0,glucose,1,0.0,F09,6,9,2992,2992,1890.57,1791.834,69.115,1809,1710,1974,1875,165,165,crops/glucose/glucose_01_c0/glucose_01_c0_wF09.png,2.575,45,97,pass_geometry
glucose_01_c0_wF10,glucose_01_c0,glucose,1,0.0,F10,6,10,2992,2992,2072.334,1782.858,67.32,1992,1703,2153,1864,161,161,crops/glucose/glucose_01_c0/glucose_01_c0_wF10.png,3.545,45,97,pass_geometry
glucose_01_c0_wF11,glucose_01_c0,glucose,1,0.0,F11,6,11,2992,2992,2265.318,1773.882,65.749,2187,1696,2344,1853,157,157,crops/glucose/glucose_01_c0/glucose_01_c0_wF11.png,6.758,45,97,pass_geometry
glucose_01_c0_wF12,glucose_01_c0,glucose,1,0.0,F12,6,12,2992,2992,2449.326,1769.394,66.422,2370,1690,2529,1849,159,159,crops/glucose/glucose_01_c0/glucose_01_c0_wF12.png,5.291,45,97,pass_geometry
glucose_01_c0_wG01,glucose_01_c0,glucose,1,0.0,G01,7,1,2992,2992,429.726,2011.746,65.3,352,1934,509,2091,157,157,crops/glucose/glucose_01_c0/glucose_01_c0_wG01.png,3.517,45,97,pass_geometry
glucose_01_c0_wG02,glucose_01_c0,glucose,1,0.0,G02,7,2,2992,2992,611.49,2007.258,67.769,531,1927,692,2088,161,161,crops/glucose/glucose_01_c0/glucose_01_c0_wG02.png,2.959,45,97,pass_geometry
glucose_01_c0_wG03,glucose_01_c0,glucose,1,0.0,G03,7,3,2992,2992,788.766,1998.282,66.871,710,1919,869,2078,159,159,crops/glucose/glucose_01_c0/glucose_01_c0_wG03.png,5.54,45,97,pass_geometry
glucose_01_c0_wG04,glucose_01_c0,glucose,1,0.0,G04,7,4,2992,2992,975.018,2005.014,67.993,894,1924,1057,2087,163,163,crops/glucose/glucose_01_c0/glucose_01_c0_wG04.png,6.524,45,97,pass_geometry
glucose_01_c0_wG05,glucose_01_c0,glucose,1,0.0,G05,7,5,2992,2992,1154.538,1996.038,70.91,1071,1912,1240,2081,169,169,crops/glucose/glucose_01_c0/glucose_01_c0_wG05.png,3.972,45,97,pass_geometry
glucose_01_c0_wG06,glucose_01_c0,glucose,1,0.0,G06,7,6,2992,2992,1338.546,1987.062,66.871,1260,1908,1419,2067,159,159,crops/glucose/glucose_01_c0/glucose_01_c0_wG06.png,3.756,45,97,pass_geometry
glucose_01_c0_wG07,glucose_01_c0,glucose,1,0.0,G07,7,7,2992,2992,1527.042,1991.55,64.852,1450,1915,1605,2070,155,155,crops/glucose/glucose_01_c0/glucose_01_c0_wG07.png,7.249,45,97,pass_geometry
glucose_01_c0_wG08,glucose_01_c0,glucose,1,0.0,G08,7,8,2992,2992,1706.562,1978.086,66.647,1628,1899,1787,2058,159,159,crops/glucose/glucose_01_c0/glucose_01_c0_wG08.png,4.345,45,97,pass_geometry
glucose_01_c0_wG09,glucose_01_c0,glucose,1,0.0,G09,7,9,2992,2992,1897.302,1975.842,61.486,1824,1903,1971,2050,147,147,crops/glucose/glucose_01_c0/glucose_01_c0_wG09.png,1.88,45,97,pass_geometry
glucose_01_c0_wG10,glucose_01_c0,glucose,1,0.0,G10,7,10,2992,2992,2081.31,1969.11,71.135,1997,1885,2166,2054,169,169,crops/glucose/glucose_01_c0/glucose_01_c0_wG10.png,1.056,45,97,pass_geometry
glucose_01_c0_wG11,glucose_01_c0,glucose,1,0.0,G11,7,11,2992,2992,2274.294,1962.378,65.749,2196,1884,2353,2041,157,157,crops/glucose/glucose_01_c0/glucose_01_c0_wG11.png,7.903,45,97,pass_geometry
glucose_01_c0_wG12,glucose_01_c0,glucose,1,0.0,G12,7,12,2992,2992,2447.082,1955.646,65.525,2369,1878,2526,2035,157,157,crops/glucose/glucose_01_c0/glucose_01_c0_wG12.png,7.915,45,97,pass_geometry
glucose_01_c0_wH01,glucose_01_c0,glucose,1,0.0,H01,8,1,2992,2992,431.97,2193.51,70.91,348,2110,517,2279,169,169,crops/glucose/glucose_01_c0/glucose_01_c0_wH01.png,3.124,45,97,pass_geometry
glucose_01_c0_wH02,glucose_01_c0,glucose,1,0.0,H02,8,2,2992,2992,615.978,2189.022,68.218,535,2108,698,2271,163,163,crops/glucose/glucose_01_c0/glucose_01_c0_wH02.png,3.69,45,97,pass_geometry
glucose_01_c0_wH03,glucose_01_c0,glucose,1,0.0,H03,8,3,2992,2992,795.498,2186.778,72.706,709,2101,882,2274,173,173,crops/glucose/glucose_01_c0/glucose_01_c0_wH03.png,1.506,45,97,pass_geometry
glucose_01_c0_wH04,glucose_01_c0,glucose,1,0.0,H04,8,4,2992,2992,979.506,2186.778,71.584,895,2102,1066,2273,171,171,crops/glucose/glucose_01_c0/glucose_01_c0_wH04.png,3.627,45,97,pass_geometry
glucose_01_c0_wH05,glucose_01_c0,glucose,1,0.0,H05,8,5,2992,2992,1161.27,2177.802,68.218,1080,2097,1243,2260,163,163,crops/glucose/glucose_01_c0/glucose_01_c0_wH05.png,2.209,45,97,pass_geometry
glucose_01_c0_wH06,glucose_01_c0,glucose,1,0.0,H06,8,6,2992,2992,1352.01,2177.802,72.257,1266,2092,1439,2265,173,173,crops/glucose/glucose_01_c0/glucose_01_c0_wH06.png,6.05,45,97,pass_geometry
glucose_01_c0_wH07,glucose_01_c0,glucose,1,0.0,H07,8,7,2992,2992,1536.018,2171.07,72.032,1451,2086,1622,2257,171,171,crops/glucose/glucose_01_c0/glucose_01_c0_wH07.png,4.771,45,97,pass_geometry
glucose_01_c0_wH08,glucose_01_c0,glucose,1,0.0,H08,8,8,2992,2992,1722.27,2168.826,61.037,1649,2096,1796,2243,147,147,crops/glucose/glucose_01_c0/glucose_01_c0_wH08.png,7.171,45,97,pass_geometry
glucose_01_c0_wH09,glucose_01_c0,glucose,1,0.0,H09,8,9,2992,2992,1908.522,2162.094,63.056,1834,2087,1985,2238,151,151,crops/glucose/glucose_01_c0/glucose_01_c0_wH09.png,7.456,45,97,pass_geometry
glucose_01_c0_wH10,glucose_01_c0,glucose,1,0.0,H10,8,10,2992,2992,2090.286,2153.118,65.974,2012,2075,2169,2232,157,157,crops/glucose/glucose_01_c0/glucose_01_c0_wH10.png,4.587,45,97,pass_geometry
glucose_01_c0_wH11,glucose_01_c0,glucose,1,0.0,H11,8,11,2992,2992,2281.026,2153.118,66.198,2202,2074,2361,2233,159,159,crops/glucose/glucose_01_c0/glucose_01_c0_wH11.png,8.61,45,97,pass_geometry
glucose_01_c0_wH12,glucose_01_c0,glucose,1,0.0,H12,8,12,2992,2992,2462.79,2141.898,71.359,2378,2057,2549,2228,171,171,crops/glucose/glucose_01_c0/glucose_01_c0_wH12.png,6.317,45,97,pass_geometry
glucose_02_c0.01_wA01,glucose_02_c0.01,glucose,2,0.01,A01,1,1,2992,2992,537.438,885.258,63.73,461,809,614,962,153,153,crops/glucose/glucose_02_c0.01/glucose_02_c0.01_wA01.png,1.855,45,96,pass_geometry
glucose_02_c0.01_wA02,glucose_02_c0.01,glucose,2,0.01,A02,1,2,2992,2992,716.958,887.502,69.34,635,806,800,971,165,165,crops/glucose/glucose_02_c0.01/glucose_02_c0.01_wA02.png,5.059,45,96,pass_geometry
glucose_02_c0.01_wA03,glucose_02_c0.01,glucose,2,0.01,A03,1,3,2992,2992,903.21,878.526,63.056,828,804,979,955,151,151,crops/glucose/glucose_02_c0.01/glucose_02_c0.01_wA03.png,4.105,45,96,pass_geometry
glucose_02_c0.01_wA04,glucose_02_c0.01,glucose,2,0.01,A04,1,4,2992,2992,1087.218,887.502,62.608,1013,814,1162,963,149,149,crops/glucose/glucose_02_c0.01/glucose_02_c0.01_wA04.png,7.064,45,96,pass_geometry
glucose_02_c0.01_wA05,glucose_02_c0.01,glucose,2,0.01,A05,1,5,2992,2992,1266.738,880.77,68.891,1185,799,1350,964,165,165,crops/glucose/glucose_02_c0.01/glucose_02_c0.01_wA05.png,4.06,45,96,pass_geometry
glucose_02_c0.01_wA06,glucose_02_c0.01,glucose,2,0.01,A06,1,6,2992,2992,1455.234,878.526,65.525,1377,801,1534,958,157,157,crops/glucose/glucose_02_c0.01/glucose_02_c0.01_wA06.png,3.09,45,96,pass_geometry
glucose_02_c0.01_wA07,glucose_02_c0.01,glucose,2,0.01,A07,1,7,2992,2992,1634.754,876.282,69.34,1553,794,1718,959,165,165,crops/glucose/glucose_02_c0.01/glucose_02_c0.01_wA07.png,2.831,45,96,pass_geometry
glucose_02_c0.01_wA08,glucose_02_c0.01,glucose,2,0.01,A08,1,8,2992,2992,1816.518,869.55,67.769,1737,790,1898,951,161,161,crops/glucose/glucose_02_c0.01/glucose_02_c0.01_wA08.png,4.254,45,96,pass_geometry
glucose_02_c0.01_wA09,glucose_02_c0.01,glucose,2,0.01,A09,1,9,2992,2992,2007.258,871.794,64.403,1931,796,2084,949,153,153,crops/glucose/glucose_02_c0.01/glucose_02_c0.01_wA09.png,4.113,45,96,pass_geometry
glucose_02_c0.01_wA10,glucose_02_c0.01,glucose,2,0.01,A10,1,10,2992,2992,2189.022,867.306,65.974,2111,789,2268,946,157,157,crops/glucose/glucose_02_c0.01/glucose_02_c0.01_wA10.png,1.676,45,96,pass_geometry
glucose_02_c0.01_wA11,glucose_02_c0.01,glucose,2,0.01,A11,1,11,2992,2992,2366.298,865.062,70.013,2283,782,2450,949,167,167,crops/glucose/glucose_02_c0.01/glucose_02_c0.01_wA11.png,5.014,45,96,pass_geometry
glucose_02_c0.01_wA12,glucose_02_c0.01,glucose,2,0.01,A12,1,12,2992,2992,2557.038,860.574,60.812,2485,789,2630,934,145,145,crops/glucose/glucose_02_c0.01/glucose_02_c0.01_wA12.png,3.357,45,96,pass_geometry
glucose_02_c0.01_wB01,glucose_02_c0.01,glucose,2,0.01,B01,2,1,2992,2992,537.438,1069.266,69.34,455,987,620,1152,165,165,crops/glucose/glucose_02_c0.01/glucose_02_c0.01_wB01.png,2.833,45,96,pass_geometry
glucose_02_c0.01_wB02,glucose_02_c0.01,glucose,2,0.01,B02,2,2,2992,2992,723.69,1067.022,67.769,644,987,805,1148,161,161,crops/glucose/glucose_02_c0.01/glucose_02_c0.01_wB02.png,0.685,45,96,pass_geometry
glucose_02_c0.01_wB03,glucose_02_c0.01,glucose,2,0.01,B03,2,3,2992,2992,905.454,1064.778,60.588,833,993,978,1138,145,145,crops/glucose/glucose_02_c0.01/glucose_02_c0.01_wB03.png,0.457,45,96,pass_geometry
glucose_02_c0.01_wB04,glucose_02_c0.01,glucose,2,0.01,B04,2,4,2992,2992,1084.974,1064.778,63.056,1010,990,1161,1141,151,151,crops/glucose/glucose_02_c0.01/glucose_02_c0.01_wB04.png,4.372,45,96,pass_geometry
glucose_02_c0.01_wB05,glucose_02_c0.01,glucose,2,0.01,B05,2,5,2992,2992,1275.714,1060.29,60.139,1205,989,1348,1132,143,143,crops/glucose/glucose_02_c0.01/glucose_02_c0.01_wB05.png,3.693,45,96,pass_geometry
glucose_02_c0.01_wB06,glucose_02_c0.01,glucose,2,0.01,B06,2,6,2992,2992,1455.234,1058.046,59.69,1384,987,1527,1130,143,143,crops/glucose/glucose_02_c0.01/glucose_02_c0.01_wB06.png,0.723,45,96,pass_geometry
glucose_02_c0.01_wB07,glucose_02_c0.01,glucose,2,0.01,B07,2,7,2992,2992,1636.998,1055.802,64.852,1560,979,1715,1134,155,155,crops/glucose/glucose_02_c0.01/glucose_02_c0.01_wB07.png,1.988,45,96,pass_geometry
glucose_02_c0.01_wB08,glucose_02_c0.01,glucose,2,0.01,B08,2,8,2992,2992,1825.494,1053.558,66.647,1746,975,1905,1134,159,159,crops/glucose/glucose_02_c0.01/glucose_02_c0.01_wB08.png,3.35,45,96,pass_geometry
glucose_02_c0.01_wB09,glucose_02_c0.01,glucose,2,0.01,B09,2,9,2992,2992,2002.77,1055.802,65.076,1926,979,2081,1134,155,155,crops/glucose/glucose_02_c0.01/glucose_02_c0.01_wB09.png,4.57,45,96,pass_geometry
glucose_02_c0.01_wB10,glucose_02_c0.01,glucose,2,0.01,B10,2,10,2992,2992,2193.51,1049.07,70.91,2110,965,2279,1134,169,169,crops/glucose/glucose_02_c0.01/glucose_02_c0.01_wB10.png,3.94,45,96,pass_geometry
glucose_02_c0.01_wB11,glucose_02_c0.01,glucose,2,0.01,B11,2,11,2992,2992,2373.03,1053.558,65.974,2295,976,2452,1133,157,157,crops/glucose/glucose_02_c0.01/glucose_02_c0.01_wB11.png,5.148,45,96,pass_geometry
glucose_02_c0.01_wB12,glucose_02_c0.01,glucose,2,0.01,B12,2,12,2992,2992,2563.77,1044.582,70.686,2480,961,2649,1130,169,169,crops/glucose/glucose_02_c0.01/glucose_02_c0.01_wB12.png,6.129,45,96,pass_geometry
glucose_02_c0.01_wC01,glucose_02_c0.01,glucose,2,0.01,C01,3,1,2992,2992,541.926,1251.03,60.588,470,1179,615,1324,145,145,crops/glucose/glucose_02_c0.01/glucose_02_c0.01_wC01.png,0.371,45,96,pass_geometry
glucose_02_c0.01_wC02,glucose_02_c0.01,glucose,2,0.01,C02,3,2,2992,2992,725.934,1246.542,59.915,655,1176,798,1319,143,143,crops/glucose/glucose_02_c0.01/glucose_02_c0.01_wC02.png,3.055,45,96,pass_geometry
glucose_02_c0.01_wC03,glucose_02_c0.01,glucose,2,0.01,C03,3,3,2992,2992,907.698,1246.542,68.891,826,1165,991,1330,165,165,crops/glucose/glucose_02_c0.01/glucose_02_c0.01_wC03.png,0.886,45,96,pass_geometry
glucose_02_c0.01_wC04,glucose_02_c0.01,glucose,2,0.01,C04,3,4,2992,2992,1093.95,1244.298,69.564,1011,1161,1178,1328,167,167,crops/glucose/glucose_02_c0.01/glucose_02_c0.01_wC04.png,3.246,45,96,pass_geometry
glucose_02_c0.01_wC05,glucose_02_c0.01,glucose,2,0.01,C05,3,5,2992,2992,1271.226,1244.298,64.403,1195,1168,1348,1321,153,153,crops/glucose/glucose_02_c0.01/glucose_02_c0.01_wC05.png,3.032,45,96,pass_geometry
glucose_02_c0.01_wC06,glucose_02_c0.01,glucose,2,0.01,C06,3,6,2992,2992,1457.478,1239.81,69.115,1375,1158,1540,1323,165,165,crops/glucose/glucose_02_c0.01/glucose_02_c0.01_wC06.png,1.654,45,96,pass_geometry
glucose_02_c0.01_wC07,glucose_02_c0.01,glucose,2,0.01,C07,3,7,2992,2992,1641.486,1239.81,68.442,1560,1159,1723,1322,163,163,crops/glucose/glucose_02_c0.01/glucose_02_c0.01_wC07.png,0.591,45,96,pass_geometry
glucose_02_c0.01_wC08,glucose_02_c0.01,glucose,2,0.01,C08,3,8,2992,2992,1821.006,1237.566,62.832,1746,1163,1897,1314,151,151,crops/glucose/glucose_02_c0.01/glucose_02_c0.01_wC08.png,3.628,45,96,pass_geometry
glucose_02_c0.01_wC09,glucose_02_c0.01,glucose,2,0.01,C09,3,9,2992,2992,2013.99,1230.834,66.198,1935,1152,2094,1311,159,159,crops/glucose/glucose_02_c0.01/glucose_02_c0.01_wC09.png,7.275,45,96,pass_geometry
glucose_02_c0.01_wC10,glucose_02_c0.01,glucose,2,0.01,C10,3,10,2992,2992,2197.998,1237.566,64.403,2122,1162,2275,1315,153,153,crops/glucose/glucose_02_c0.01/glucose_02_c0.01_wC10.png,6.992,45,96,pass_geometry
glucose_02_c0.01_wC11,glucose_02_c0.01,glucose,2,0.01,C11,3,11,2992,2992,2375.274,1235.322,65.076,2298,1158,2453,1313,155,155,crops/glucose/glucose_02_c0.01/glucose_02_c0.01_wC11.png,3.964,45,96,pass_geometry
glucose_02_c0.01_wC12,glucose_02_c0.01,glucose,2,0.01,C12,3,12,2992,2992,2563.77,1230.834,71.135,2480,1147,2649,1316,169,169,crops/glucose/glucose_02_c0.01/glucose_02_c0.01_wC12.png,3.5,45,96,pass_geometry
glucose_02_c0.01_wD01,glucose_02_c0.01,glucose,2,0.01,D01,4,1,2992,2992,544.17,1435.038,64.852,467,1358,622,1513,155,155,crops/glucose/glucose_02_c0.01/glucose_02_c0.01_wD01.png,1.189,45,96,pass_geometry
glucose_02_c0.01_wD02,glucose_02_c0.01,glucose,2,0.01,D02,4,2,2992,2992,725.934,1430.55,68.442,645,1350,808,1513,163,163,crops/glucose/glucose_02_c0.01/glucose_02_c0.01_wD02.png,1.637,45,96,pass_geometry
glucose_02_c0.01_wD03,glucose_02_c0.01,glucose,2,0.01,D03,4,3,2992,2992,909.942,1435.038,64.627,833,1358,988,1513,155,155,crops/glucose/glucose_02_c0.01/glucose_02_c0.01_wD03.png,4.97,45,96,pass_geometry
glucose_02_c0.01_wD04,glucose_02_c0.01,glucose,2,0.01,D04,4,4,2992,2992,1098.438,1426.062,64.178,1022,1350,1175,1503,153,153,crops/glucose/glucose_02_c0.01/glucose_02_c0.01_wD04.png,5.906,45,96,pass_geometry
glucose_02_c0.01_wD05,glucose_02_c0.01,glucose,2,0.01,D05,4,5,2992,2992,1273.47,1423.818,59.017,1203,1354,1344,1495,141,141,crops/glucose/glucose_02_c0.01/glucose_02_c0.01_wD05.png,3.661,45,96,pass_geometry
glucose_02_c0.01_wD06,glucose_02_c0.01,glucose,2,0.01,D06,4,6,2992,2992,1457.478,1423.818,68.218,1376,1343,1539,1506,163,163,crops/glucose/glucose_02_c0.01/glucose_02_c0.01_wD06.png,2.235,45,96,pass_geometry
glucose_02_c0.01_wD07,glucose_02_c0.01,glucose,2,0.01,D07,4,7,2992,2992,1641.486,1421.574,60.139,1570,1351,1713,1494,143,143,crops/glucose/glucose_02_c0.01/glucose_02_c0.01_wD07.png,1.928,45,96,pass_geometry
glucose_02_c0.01_wD08,glucose_02_c0.01,glucose,2,0.01,D08,4,8,2992,2992,1823.25,1417.086,68.442,1742,1336,1905,1499,163,163,crops/glucose/glucose_02_c0.01/glucose_02_c0.01_wD08.png,5.008,45,96,pass_geometry
glucose_02_c0.01_wD09,glucose_02_c0.01,glucose,2,0.01,D09,4,9,2992,2992,2007.258,1419.33,69.788,1924,1336,2091,1503,167,167,crops/glucose/glucose_02_c0.01/glucose_02_c0.01_wD09.png,3.615,45,96,pass_geometry
glucose_02_c0.01_wD10,glucose_02_c0.01,glucose,2,0.01,D10,4,10,2992,2992,2193.51,1414.842,61.037,2121,1342,2268,1489,147,147,crops/glucose/glucose_02_c0.01/glucose_02_c0.01_wD10.png,2.18,45,96,pass_geometry
glucose_02_c0.01_wD11,glucose_02_c0.01,glucose,2,0.01,D11,4,11,2992,2992,2370.786,1419.33,64.403,2295,1343,2448,1496,153,153,crops/glucose/glucose_02_c0.01/glucose_02_c0.01_wD11.png,9.334,45,96,pass_geometry
glucose_02_c0.01_wD12,glucose_02_c0.01,glucose,2,0.01,D12,4,12,2992,2992,2561.526,1410.354,70.462,2478,1326,2647,1495,169,169,crops/glucose/glucose_02_c0.01/glucose_02_c0.01_wD12.png,2.903,45,96,pass_geometry
glucose_02_c0.01_wE01,glucose_02_c0.01,glucose,2,0.01,E01,5,1,2992,2992,548.658,1614.558,68.218,468,1534,631,1697,163,163,crops/glucose/glucose_02_c0.01/glucose_02_c0.01_wE01.png,3.661,45,96,pass_geometry
glucose_02_c0.01_wE02,glucose_02_c0.01,glucose,2,0.01,E02,5,2,2992,2992,725.934,1614.558,64.178,650,1539,803,1692,153,153,crops/glucose/glucose_02_c0.01/glucose_02_c0.01_wE02.png,2.643,45,96,pass_geometry
glucose_02_c0.01_wE03,glucose_02_c0.01,glucose,2,0.01,E03,5,3,2992,2992,914.43,1614.558,59.915,843,1544,986,1687,143,143,crops/glucose/glucose_02_c0.01/glucose_02_c0.01_wE03.png,3.225,45,96,pass_geometry
glucose_02_c0.01_wE04,glucose_02_c0.01,glucose,2,0.01,E04,5,4,2992,2992,1098.438,1610.07,69.115,1016,1528,1181,1693,165,165,crops/glucose/glucose_02_c0.01/glucose_02_c0.01_wE04.png,3.642,45,96,pass_geometry
glucose_02_c0.01_wE05,glucose_02_c0.01,glucose,2,0.01,E05,5,5,2992,2992,1280.202,1605.582,68.891,1198,1524,1363,1689,165,165,crops/glucose/glucose_02_c0.01/glucose_02_c0.01_wE05.png,4.061,45,96,pass_geometry
glucose_02_c0.01_wE06,glucose_02_c0.01,glucose,2,0.01,E06,5,6,2992,2992,1461.966,1610.07,63.505,1387,1535,1538,1686,151,151,crops/glucose/glucose_02_c0.01/glucose_02_c0.01_wE06.png,2.757,45,96,pass_geometry
glucose_02_c0.01_wE07,glucose_02_c0.01,glucose,2,0.01,E07,5,7,2992,2992,1645.974,1603.338,69.115,1564,1521,1729,1686,165,165,crops/glucose/glucose_02_c0.01/glucose_02_c0.01_wE07.png,2.185,45,96,pass_geometry
glucose_02_c0.01_wE08,glucose_02_c0.01,glucose,2,0.01,E08,5,8,2992,2992,1834.47,1598.85,64.403,1758,1523,1911,1676,153,153,crops/glucose/glucose_02_c0.01/glucose_02_c0.01_wE08.png,7.061,45,96,pass_geometry
glucose_02_c0.01_wE09,glucose_02_c0.01,glucose,2,0.01,E09,5,9,2992,2992,2013.99,1598.85,60.812,1942,1527,2087,1672,145,145,crops/glucose/glucose_02_c0.01/glucose_02_c0.01_wE09.png,3.012,45,96,pass_geometry
glucose_02_c0.01_wE10,glucose_02_c0.01,glucose,2,0.01,E10,5,10,2992,2992,2197.998,1603.338,65.749,2120,1525,2277,1682,157,157,crops/glucose/glucose_02_c0.01/glucose_02_c0.01_wE10.png,3.532,45,96,pass_geometry
glucose_02_c0.01_wE11,glucose_02_c0.01,glucose,2,0.01,E11,5,11,2992,2992,2384.25,1598.85,65.3,2306,1521,2463,1678,157,157,crops/glucose/glucose_02_c0.01/glucose_02_c0.01_wE11.png,2.941,45,96,pass_geometry
glucose_02_c0.01_wE12,glucose_02_c0.01,glucose,2,0.01,E12,5,12,2992,2992,2566.014,1594.362,68.666,2484,1512,2649,1677,165,165,crops/glucose/glucose_02_c0.01/glucose_02_c0.01_wE12.png,1.825,45,96,pass_geometry
glucose_02_c0.01_wF01,glucose_02_c0.01,glucose,2,0.01,F01,6,1,2992,2992,550.902,1798.566,70.013,468,1716,635,1883,167,167,crops/glucose/glucose_02_c0.01/glucose_02_c0.01_wF01.png,3.614,45,96,pass_geometry
glucose_02_c0.01_wF02,glucose_02_c0.01,glucose,2,0.01,F02,6,2,2992,2992,730.422,1791.834,66.198,651,1713,810,1872,159,159,crops/glucose/glucose_02_c0.01/glucose_02_c0.01_wF02.png,5.771,45,96,pass_geometry
glucose_02_c0.01_wF03,glucose_02_c0.01,glucose,2,0.01,F03,6,3,2992,2992,916.674,1796.322,69.564,834,1713,1001,1880,167,167,crops/glucose/glucose_02_c0.01/glucose_02_c0.01_wF03.png,3.101,45,96,pass_geometry
glucose_02_c0.01_wF04,glucose_02_c0.01,glucose,2,0.01,F04,6,4,2992,2992,1102.926,1794.078,65.3,1025,1716,1182,1873,157,157,crops/glucose/glucose_02_c0.01/glucose_02_c0.01_wF04.png,5.994,45,96,pass_geometry
glucose_02_c0.01_wF05,glucose_02_c0.01,glucose,2,0.01,F05,6,5,2992,2992,1286.934,1789.59,65.3,1209,1712,1366,1869,157,157,crops/glucose/glucose_02_c0.01/glucose_02_c0.01_wF05.png,7.069,45,96,pass_geometry
glucose_02_c0.01_wF06,glucose_02_c0.01,glucose,2,0.01,F06,6,6,2992,2992,1461.966,1794.078,65.974,1384,1716,1541,1873,157,157,crops/glucose/glucose_02_c0.01/glucose_02_c0.01_wF06.png,4.132,45,96,pass_geometry
glucose_02_c0.01_wF07,glucose_02_c0.01,glucose,2,0.01,F07,6,7,2992,2992,1648.218,1785.102,69.34,1566,1703,1731,1868,165,165,crops/glucose/glucose_02_c0.01/glucose_02_c0.01_wF07.png,3.615,45,96,pass_geometry
glucose_02_c0.01_wF08,glucose_02_c0.01,glucose,2,0.01,F08,6,8,2992,2992,1829.982,1778.37,65.974,1752,1700,1909,1857,157,157,crops/glucose/glucose_02_c0.01/glucose_02_c0.01_wF08.png,8.667,45,96,pass_geometry
glucose_02_c0.01_wF09,glucose_02_c0.01,glucose,2,0.01,F09,6,9,2992,2992,2016.234,1785.102,60.588,1944,1713,2089,1858,145,145,crops/glucose/glucose_02_c0.01/glucose_02_c0.01_wF09.png,0.673,45,96,pass_geometry
glucose_02_c0.01_wF10,glucose_02_c0.01,glucose,2,0.01,F10,6,10,2992,2992,2197.998,1780.614,68.442,2117,1700,2280,1863,163,163,crops/glucose/glucose_02_c0.01/glucose_02_c0.01_wF10.png,3.185,45,96,pass_geometry
glucose_02_c0.01_wF11,glucose_02_c0.01,glucose,2,0.01,F11,6,11,2992,2992,2379.762,1785.102,65.525,2302,1707,2459,1864,157,157,crops/glucose/glucose_02_c0.01/glucose_02_c0.01_wF11.png,5.525,45,96,pass_geometry
glucose_02_c0.01_wF12,glucose_02_c0.01,glucose,2,0.01,F12,6,12,2992,2992,2568.258,1780.614,70.013,2485,1698,2652,1865,167,167,crops/glucose/glucose_02_c0.01/glucose_02_c0.01_wF12.png,0.899,45,96,pass_geometry
glucose_02_c0.01_wG01,glucose_02_c0.01,glucose,2,0.01,G01,7,1,2992,2992,546.414,1989.306,64.852,469,1912,624,2067,155,155,crops/glucose/glucose_02_c0.01/glucose_02_c0.01_wG01.png,7.48,45,96,pass_geometry
glucose_02_c0.01_wG02,glucose_02_c0.01,glucose,2,0.01,G02,7,2,2992,2992,732.666,1982.574,68.891,651,1901,816,2066,165,165,crops/glucose/glucose_02_c0.01/glucose_02_c0.01_wG02.png,1.973,45,96,pass_geometry
glucose_02_c0.01_wG03,glucose_02_c0.01,glucose,2,0.01,G03,7,3,2992,2992,916.674,1980.33,70.013,834,1897,1001,2064,167,167,crops/glucose/glucose_02_c0.01/glucose_02_c0.01_wG03.png,1.803,45,96,pass_geometry
glucose_02_c0.01_wG04,glucose_02_c0.01,glucose,2,0.01,G04,7,4,2992,2992,1098.438,1978.086,60.812,1026,1906,1171,2051,145,145,crops/glucose/glucose_02_c0.01/glucose_02_c0.01_wG04.png,1.015,45,96,pass_geometry
glucose_02_c0.01_wG05,glucose_02_c0.01,glucose,2,0.01,G05,7,5,2992,2992,1277.958,1978.086,66.871,1199,1899,1358,2058,159,159,crops/glucose/glucose_02_c0.01/glucose_02_c0.01_wG05.png,5.209,45,96,pass_geometry
glucose_02_c0.01_wG06,glucose_02_c0.01,glucose,2,0.01,G06,7,6,2992,2992,1466.454,1978.086,65.749,1388,1900,1545,2057,157,157,crops/glucose/glucose_02_c0.01/glucose_02_c0.01_wG06.png,4.33,45,96,pass_geometry
glucose_02_c0.01_wG07,glucose_02_c0.01,glucose,2,0.01,G07,7,7,2992,2992,1648.218,1966.866,64.852,1571,1890,1726,2045,155,155,crops/glucose/glucose_02_c0.01/glucose_02_c0.01_wG07.png,5.46,45,96,pass_geometry
glucose_02_c0.01_wG08,glucose_02_c0.01,glucose,2,0.01,G08,7,8,2992,2992,1832.226,1969.11,60.812,1760,1897,1905,2042,145,145,crops/glucose/glucose_02_c0.01/glucose_02_c0.01_wG08.png,2.05,45,96,pass_geometry
glucose_02_c0.01_wG09,glucose_02_c0.01,glucose,2,0.01,G09,7,9,2992,2992,2018.478,1966.866,70.237,1935,1884,2102,2051,167,167,crops/glucose/glucose_02_c0.01/glucose_02_c0.01_wG09.png,1.815,45,96,pass_geometry
glucose_02_c0.01_wG10,glucose_02_c0.01,glucose,2,0.01,G10,7,10,2992,2992,2200.242,1962.378,66.871,2121,1883,2280,2042,159,159,crops/glucose/glucose_02_c0.01/glucose_02_c0.01_wG10.png,4.893,45,96,pass_geometry
glucose_02_c0.01_wG11,glucose_02_c0.01,glucose,2,0.01,G11,7,11,2992,2992,2386.494,1964.622,61.934,2312,1891,2461,2040,149,149,crops/glucose/glucose_02_c0.01/glucose_02_c0.01_wG11.png,0.531,45,96,pass_geometry
glucose_02_c0.01_wG12,glucose_02_c0.01,glucose,2,0.01,G12,7,12,2992,2992,2572.746,1964.622,71.584,2488,1880,2659,2051,171,171,crops/glucose/glucose_02_c0.01/glucose_02_c0.01_wG12.png,2.123,45,96,pass_geometry
glucose_02_c0.01_wH01,glucose_02_c0.01,glucose,2,0.01,H01,8,1,2992,2992,546.414,2168.826,61.934,472,2095,621,2244,149,149,crops/glucose/glucose_02_c0.01/glucose_02_c0.01_wH01.png,5.647,45,96,pass_geometry
glucose_02_c0.01_wH02,glucose_02_c0.01,glucose,2,0.01,H02,8,2,2992,2992,734.91,2162.094,65.749,657,2084,814,2241,157,157,crops/glucose/glucose_02_c0.01/glucose_02_c0.01_wH02.png,1.884,45,96,pass_geometry
glucose_02_c0.01_wH03,glucose_02_c0.01,glucose,2,0.01,H03,8,3,2992,2992,916.674,2168.826,65.525,839,2091,996,2248,157,157,crops/glucose/glucose_02_c0.01/glucose_02_c0.01_wH03.png,6.705,45,96,pass_geometry
glucose_02_c0.01_wH04,glucose_02_c0.01,glucose,2,0.01,H04,8,4,2992,2992,1098.438,2155.362,65.974,1020,2077,1177,2234,157,157,crops/glucose/glucose_02_c0.01/glucose_02_c0.01_wH04.png,5.74,45,96,pass_geometry
glucose_02_c0.01_wH05,glucose_02_c0.01,glucose,2,0.01,H05,8,5,2992,2992,1289.178,2157.606,66.871,1210,2079,1369,2238,159,159,crops/glucose/glucose_02_c0.01/glucose_02_c0.01_wH05.png,4.788,45,96,pass_geometry
glucose_02_c0.01_wH06,glucose_02_c0.01,glucose,2,0.01,H06,8,6,2992,2992,1466.454,2155.362,59.915,1395,2084,1538,2227,143,143,crops/glucose/glucose_02_c0.01/glucose_02_c0.01_wH06.png,2.619,45,96,pass_geometry
glucose_02_c0.01_wH07,glucose_02_c0.01,glucose,2,0.01,H07,8,7,2992,2992,1657.194,2153.118,65.974,1579,2075,1736,2232,157,157,crops/glucose/glucose_02_c0.01/glucose_02_c0.01_wH07.png,5.58,45,96,pass_geometry
glucose_02_c0.01_wH08,glucose_02_c0.01,glucose,2,0.01,H08,8,8,2992,2992,1834.47,2159.85,64.627,1757,2083,1912,2238,155,155,crops/glucose/glucose_02_c0.01/glucose_02_c0.01_wH08.png,6.184,45,96,pass_geometry
glucose_02_c0.01_wH09,glucose_02_c0.01,glucose,2,0.01,H09,8,9,2992,2992,2013.99,2150.874,65.974,1936,2073,2093,2230,157,157,crops/glucose/glucose_02_c0.01/glucose_02_c0.01_wH09.png,6.501,45,96,pass_geometry
glucose_02_c0.01_wH10,glucose_02_c0.01,glucose,2,0.01,H10,8,10,2992,2992,2204.73,2153.118,62.832,2130,2078,2281,2229,151,151,crops/glucose/glucose_02_c0.01/glucose_02_c0.01_wH10.png,2.522,45,96,pass_geometry
glucose_02_c0.01_wH11,glucose_02_c0.01,glucose,2,0.01,H11,8,11,2992,2992,2386.494,2153.118,72.93,2299,2066,2474,2241,175,175,crops/glucose/glucose_02_c0.01/glucose_02_c0.01_wH11.png,4.899,45,96,pass_geometry
glucose_02_c0.01_wH12,glucose_02_c0.01,glucose,2,0.01,H12,8,12,2992,2992,2577.234,2150.874,72.257,2491,2065,2664,2238,173,173,crops/glucose/glucose_02_c0.01/glucose_02_c0.01_wH12.png,5.102,45,96,pass_geometry
glucose_03_c0.05_wA01,glucose_03_c0.05,glucose,3,0.05,A01,1,1,2992,2992,440.946,869.55,69.788,358,787,525,954,167,167,crops/glucose/glucose_03_c0.05/glucose_03_c0.05_wA01.png,2.606,45,96,pass_geometry
glucose_03_c0.05_wA02,glucose_03_c0.05,glucose,3,0.05,A02,1,2,2992,2992,622.71,867.306,68.442,542,786,705,949,163,163,crops/glucose/glucose_03_c0.05/glucose_03_c0.05_wA02.png,1.95,45,96,pass_geometry
glucose_03_c0.05_wA03,glucose_03_c0.05,glucose,3,0.05,A03,1,3,2992,2992,804.474,865.062,68.442,723,784,886,947,163,163,crops/glucose/glucose_03_c0.05/glucose_03_c0.05_wA03.png,2.13,45,96,pass_geometry
glucose_03_c0.05_wA04,glucose_03_c0.05,glucose,3,0.05,A04,1,4,2992,2992,986.238,862.818,69.115,904,781,1069,946,165,165,crops/glucose/glucose_03_c0.05/glucose_03_c0.05_wA04.png,3.084,45,96,pass_geometry
glucose_03_c0.05_wA05,glucose_03_c0.05,glucose,3,0.05,A05,1,5,2992,2992,1172.49,856.086,67.993,1091,775,1254,938,163,163,crops/glucose/glucose_03_c0.05/glucose_03_c0.05_wA05.png,3.964,45,96,pass_geometry
glucose_03_c0.05_wA06,glucose_03_c0.05,glucose,3,0.05,A06,1,6,2992,2992,1352.01,849.354,61.486,1279,776,1426,923,147,147,crops/glucose/glucose_03_c0.05/glucose_03_c0.05_wA06.png,3.369,45,96,pass_geometry
glucose_03_c0.05_wA07,glucose_03_c0.05,glucose,3,0.05,A07,1,7,2992,2992,1533.774,847.11,63.056,1459,772,1610,923,151,151,crops/glucose/glucose_03_c0.05/glucose_03_c0.05_wA07.png,2.053,45,96,pass_geometry
glucose_03_c0.05_wA08,glucose_03_c0.05,glucose,3,0.05,A08,1,8,2992,2992,1720.026,847.11,64.403,1644,771,1797,924,153,153,crops/glucose/glucose_03_c0.05/glucose_03_c0.05_wA08.png,3.118,45,96,pass_geometry
glucose_03_c0.05_wA09,glucose_03_c0.05,glucose,3,0.05,A09,1,9,2992,2992,1908.522,835.89,65.525,1831,758,1988,915,157,157,crops/glucose/glucose_03_c0.05/glucose_03_c0.05_wA09.png,10.067,45,96,pass_geometry
glucose_03_c0.05_wA10,glucose_03_c0.05,glucose,3,0.05,A10,1,10,2992,2992,2085.798,833.646,70.013,2003,751,2170,918,167,167,crops/glucose/glucose_03_c0.05/glucose_03_c0.05_wA10.png,5.173,45,96,pass_geometry
glucose_03_c0.05_wA11,glucose_03_c0.05,glucose,3,0.05,A11,1,11,2992,2992,2276.538,826.914,70.462,2193,743,2362,912,169,169,crops/glucose/glucose_03_c0.05/glucose_03_c0.05_wA11.png,12.239,45,96,pass_geometry
glucose_03_c0.05_wA12,glucose_03_c0.05,glucose,3,0.05,A12,1,12,2992,2992,2462.79,831.402,66.647,2384,752,2543,911,159,159,crops/glucose/glucose_03_c0.05/glucose_03_c0.05_wA12.png,12.027,45,96,pass_geometry
glucose_03_c0.05_wB01,glucose_03_c0.05,glucose,3,0.05,B01,2,1,2992,2992,440.946,1053.558,59.242,371,984,512,1125,141,141,crops/glucose/glucose_03_c0.05/glucose_03_c0.05_wB01.png,1.115,45,96,pass_geometry
glucose_03_c0.05_wB02,glucose_03_c0.05,glucose,3,0.05,B02,2,2,2992,2992,622.71,1051.314,65.525,545,973,702,1130,157,157,crops/glucose/glucose_03_c0.05/glucose_03_c0.05_wB02.png,2.417,45,96,pass_geometry
glucose_03_c0.05_wB03,glucose_03_c0.05,glucose,3,0.05,B03,2,3,2992,2992,808.962,1042.338,65.525,731,964,888,1121,157,157,crops/glucose/glucose_03_c0.05/glucose_03_c0.05_wB03.png,4.308,45,96,pass_geometry
glucose_03_c0.05_wB04,glucose_03_c0.05,glucose,3,0.05,B04,2,4,2992,2992,986.238,1037.85,65.076,909,961,1064,1116,155,155,crops/glucose/glucose_03_c0.05/glucose_03_c0.05_wB04.png,4.889,45,96,pass_geometry
glucose_03_c0.05_wB05,glucose_03_c0.05,glucose,3,0.05,B05,2,5,2992,2992,1170.246,1035.606,64.627,1093,959,1248,1114,155,155,crops/glucose/glucose_03_c0.05/glucose_03_c0.05_wB05.png,3.271,45,96,pass_geometry
glucose_03_c0.05_wB06,glucose_03_c0.05,glucose,3,0.05,B06,2,6,2992,2992,1358.742,1033.362,67.096,1279,953,1440,1114,161,161,crops/glucose/glucose_03_c0.05/glucose_03_c0.05_wB06.png,4.226,45,96,pass_geometry
glucose_03_c0.05_wB07,glucose_03_c0.05,glucose,3,0.05,B07,2,7,2992,2992,1536.018,1033.362,69.115,1454,951,1619,1116,165,165,crops/glucose/glucose_03_c0.05/glucose_03_c0.05_wB07.png,2.744,45,96,pass_geometry
glucose_03_c0.05_wB08,glucose_03_c0.05,glucose,3,0.05,B08,2,8,2992,2992,1722.27,1026.63,70.686,1638,943,1807,1112,169,169,crops/glucose/glucose_03_c0.05/glucose_03_c0.05_wB08.png,1.653,45,96,pass_geometry
glucose_03_c0.05_wB09,glucose_03_c0.05,glucose,3,0.05,B09,2,9,2992,2992,1908.522,1026.63,64.852,1832,950,1987,1105,155,155,crops/glucose/glucose_03_c0.05/glucose_03_c0.05_wB09.png,4.325,45,96,pass_geometry
glucose_03_c0.05_wB10,glucose_03_c0.05,glucose,3,0.05,B10,2,10,2992,2992,2094.774,1015.41,67.096,2015,935,2176,1096,161,161,crops/glucose/glucose_03_c0.05/glucose_03_c0.05_wB10.png,8.531,45,96,pass_geometry
glucose_03_c0.05_wB11,glucose_03_c0.05,glucose,3,0.05,B11,2,11,2992,2992,2276.538,1010.922,72.257,2191,925,2364,1098,173,173,crops/glucose/glucose_03_c0.05/glucose_03_c0.05_wB11.png,7.977,45,96,pass_geometry
glucose_03_c0.05_wB12,glucose_03_c0.05,glucose,3,0.05,B12,2,12,2992,2992,2462.79,1010.922,62.159,2389,937,2538,1086,149,149,crops/glucose/glucose_03_c0.05/glucose_03_c0.05_wB12.png,7.642,45,96,pass_geometry
glucose_03_c0.05_wC01,glucose_03_c0.05,glucose,3,0.05,C01,3,1,2992,2992,443.19,1233.078,63.505,368,1158,519,1309,151,151,crops/glucose/glucose_03_c0.05/glucose_03_c0.05_wC01.png,1.954,45,96,pass_geometry
glucose_03_c0.05_wC02,glucose_03_c0.05,glucose,3,0.05,C02,3,2,2992,2992,627.198,1235.322,66.647,548,1156,707,1315,159,159,crops/glucose/glucose_03_c0.05/glucose_03_c0.05_wC02.png,3.976,45,96,pass_geometry
glucose_03_c0.05_wC03,glucose_03_c0.05,glucose,3,0.05,C03,3,3,2992,2992,802.23,1228.59,65.3,724,1151,881,1308,157,157,crops/glucose/glucose_03_c0.05/glucose_03_c0.05_wC03.png,6.563,45,96,pass_geometry
glucose_03_c0.05_wC04,glucose_03_c0.05,glucose,3,0.05,C04,3,4,2992,2992,986.238,1228.59,67.096,906,1149,1067,1310,161,161,crops/glucose/glucose_03_c0.05/glucose_03_c0.05_wC04.png,6.82,45,96,pass_geometry
glucose_03_c0.05_wC05,glucose_03_c0.05,glucose,3,0.05,C05,3,5,2992,2992,1174.734,1221.858,70.237,1092,1139,1259,1306,167,167,crops/glucose/glucose_03_c0.05/glucose_03_c0.05_wC05.png,0.659,45,96,pass_geometry
glucose_03_c0.05_wC06,glucose_03_c0.05,glucose,3,0.05,C06,3,6,2992,2992,1356.498,1217.37,69.564,1273,1134,1440,1301,167,167,crops/glucose/glucose_03_c0.05/glucose_03_c0.05_wC06.png,1.918,45,96,pass_geometry
glucose_03_c0.05_wC07,glucose_03_c0.05,glucose,3,0.05,C07,3,7,2992,2992,1540.506,1210.638,65.3,1463,1133,1620,1290,157,157,crops/glucose/glucose_03_c0.05/glucose_03_c0.05_wC07.png,3.968,45,96,pass_geometry
glucose_03_c0.05_wC08,glucose_03_c0.05,glucose,3,0.05,C08,3,8,2992,2992,1717.782,1210.638,67.544,1638,1131,1799,1292,161,161,crops/glucose/glucose_03_c0.05/glucose_03_c0.05_wC08.png,7.577,45,96,pass_geometry
glucose_03_c0.05_wC09,glucose_03_c0.05,glucose,3,0.05,C09,3,9,2992,2992,1906.278,1201.662,65.749,1828,1124,1985,1281,157,157,crops/glucose/glucose_03_c0.05/glucose_03_c0.05_wC09.png,6.451,45,96,pass_geometry
glucose_03_c0.05_wC10,glucose_03_c0.05,glucose,3,0.05,C10,3,10,2992,2992,2094.774,1206.15,64.852,2018,1129,2173,1284,155,155,crops/glucose/glucose_03_c0.05/glucose_03_c0.05_wC10.png,2.863,45,96,pass_geometry
glucose_03_c0.05_wC11,glucose_03_c0.05,glucose,3,0.05,C11,3,11,2992,2992,2278.782,1194.93,65.525,2201,1117,2358,1274,157,157,crops/glucose/glucose_03_c0.05/glucose_03_c0.05_wC11.png,6.011,45,96,pass_geometry
glucose_03_c0.05_wC12,glucose_03_c0.05,glucose,3,0.05,C12,3,12,2992,2992,2465.034,1194.93,71.359,2380,1110,2551,1281,171,171,crops/glucose/glucose_03_c0.05/glucose_03_c0.05_wC12.png,4.769,45,96,pass_geometry
glucose_03_c0.05_wD01,glucose_03_c0.05,glucose,3,0.05,D01,4,1,2992,2992,443.19,1414.842,69.564,360,1332,527,1499,167,167,crops/glucose/glucose_03_c0.05/glucose_03_c0.05_wD01.png,3.847,45,96,pass_geometry
glucose_03_c0.05_wD02,glucose_03_c0.05,glucose,3,0.05,D02,4,2,2992,2992,629.442,1408.11,63.281,554,1333,705,1484,151,151,crops/glucose/glucose_03_c0.05/glucose_03_c0.05_wD02.png,6.684,45,96,pass_geometry
glucose_03_c0.05_wD03,glucose_03_c0.05,glucose,3,0.05,D03,4,3,2992,2992,811.206,1412.598,69.788,728,1330,895,1497,167,167,crops/glucose/glucose_03_c0.05/glucose_03_c0.05_wD03.png,1.319,45,96,pass_geometry
glucose_03_c0.05_wD04,glucose_03_c0.05,glucose,3,0.05,D04,4,4,2992,2992,995.214,1412.598,64.852,918,1336,1073,1491,155,155,crops/glucose/glucose_03_c0.05/glucose_03_c0.05_wD04.png,4.668,45,96,pass_geometry
glucose_03_c0.05_wD05,glucose_03_c0.05,glucose,3,0.05,D05,4,5,2992,2992,1176.978,1405.866,61.261,1104,1333,1251,1480,147,147,crops/glucose/glucose_03_c0.05/glucose_03_c0.05_wD05.png,1.87,45,96,pass_geometry
glucose_03_c0.05_wD06,glucose_03_c0.05,glucose,3,0.05,D06,4,6,2992,2992,1360.986,1403.622,71.135,1277,1320,1446,1489,169,169,crops/glucose/glucose_03_c0.05/glucose_03_c0.05_wD06.png,2.608,45,96,pass_geometry
glucose_03_c0.05_wD07,glucose_03_c0.05,glucose,3,0.05,D07,4,7,2992,2992,1547.238,1399.134,70.91,1463,1315,1632,1484,169,169,crops/glucose/glucose_03_c0.05/glucose_03_c0.05_wD07.png,2.145,45,96,pass_geometry
glucose_03_c0.05_wD08,glucose_03_c0.05,glucose,3,0.05,D08,4,8,2992,2992,1726.758,1392.402,70.91,1643,1308,1812,1477,169,169,crops/glucose/glucose_03_c0.05/glucose_03_c0.05_wD08.png,3.294,45,96,pass_geometry
glucose_03_c0.05_wD09,glucose_03_c0.05,glucose,3,0.05,D09,4,9,2992,2992,1910.766,1392.402,70.237,1828,1309,1995,1476,167,167,crops/glucose/glucose_03_c0.05/glucose_03_c0.05_wD09.png,2.907,45,96,pass_geometry
glucose_03_c0.05_wD10,glucose_03_c0.05,glucose,3,0.05,D10,4,10,2992,2992,2097.018,1390.158,71.359,2012,1305,2183,1476,171,171,crops/glucose/glucose_03_c0.05/glucose_03_c0.05_wD10.png,2.575,45,96,pass_geometry
glucose_03_c0.05_wD11,glucose_03_c0.05,glucose,3,0.05,D11,4,11,2992,2992,2283.27,1381.182,65.076,2206,1304,2361,1459,155,155,crops/glucose/glucose_03_c0.05/glucose_03_c0.05_wD11.png,3.484,45,96,pass_geometry
glucose_03_c0.05_wD12,glucose_03_c0.05,glucose,3,0.05,D12,4,12,2992,2992,2467.278,1381.182,60.812,2395,1309,2540,1454,145,145,crops/glucose/glucose_03_c0.05/glucose_03_c0.05_wD12.png,1.479,45,96,pass_geometry
glucose_03_c0.05_wE01,glucose_03_c0.05,glucose,3,0.05,E01,5,1,2992,2992,447.678,1598.85,63.505,373,1524,524,1675,151,151,crops/glucose/glucose_03_c0.05/glucose_03_c0.05_wE01.png,2.793,45,96,pass_geometry
glucose_03_c0.05_wE02,glucose_03_c0.05,glucose,3,0.05,E02,5,2,2992,2992,636.174,1598.85,70.462,552,1515,721,1684,169,169,crops/glucose/glucose_03_c0.05/glucose_03_c0.05_wE02.png,5.33,45,96,pass_geometry
glucose_03_c0.05_wE03,glucose_03_c0.05,glucose,3,0.05,E03,5,3,2992,2992,815.694,1594.362,59.242,746,1524,887,1665,141,141,crops/glucose/glucose_03_c0.05/glucose_03_c0.05_wE03.png,1.51,45,96,pass_geometry
glucose_03_c0.05_wE04,glucose_03_c0.05,glucose,3,0.05,E04,5,4,2992,2992,1001.946,1589.874,68.442,921,1509,1084,1672,163,163,crops/glucose/glucose_03_c0.05/glucose_03_c0.05_wE04.png,4.428,45,96,pass_geometry
glucose_03_c0.05_wE05,glucose_03_c0.05,glucose,3,0.05,E05,5,5,2992,2992,1185.954,1594.362,66.198,1107,1515,1266,1674,159,159,crops/glucose/glucose_03_c0.05/glucose_03_c0.05_wE05.png,7.431,45,96,pass_geometry
glucose_03_c0.05_wE06,glucose_03_c0.05,glucose,3,0.05,E06,5,6,2992,2992,1365.474,1583.142,72.032,1280,1498,1451,1669,171,171,crops/glucose/glucose_03_c0.05/glucose_03_c0.05_wE06.png,1.873,45,96,pass_geometry
glucose_03_c0.05_wE07,glucose_03_c0.05,glucose,3,0.05,E07,5,7,2992,2992,1551.726,1583.142,70.013,1469,1500,1636,1667,167,167,crops/glucose/glucose_03_c0.05/glucose_03_c0.05_wE07.png,2.783,45,96,pass_geometry
glucose_03_c0.05_wE08,glucose_03_c0.05,glucose,3,0.05,E08,5,8,2992,2992,1737.978,1580.898,67.993,1657,1500,1820,1663,163,163,crops/glucose/glucose_03_c0.05/glucose_03_c0.05_wE08.png,5.223,45,96,pass_geometry
glucose_03_c0.05_wE09,glucose_03_c0.05,glucose,3,0.05,E09,5,9,2992,2992,1919.742,1580.898,65.3,1842,1503,1999,1660,157,157,crops/glucose/glucose_03_c0.05/glucose_03_c0.05_wE09.png,6.261,45,96,pass_geometry
glucose_03_c0.05_wE10,glucose_03_c0.05,glucose,3,0.05,E10,5,10,2992,2992,2103.75,1571.922,61.71,2031,1499,2178,1646,147,147,crops/glucose/glucose_03_c0.05/glucose_03_c0.05_wE10.png,1.852,45,96,pass_geometry
glucose_03_c0.05_wE11,glucose_03_c0.05,glucose,3,0.05,E11,5,11,2992,2992,2287.758,1569.678,71.135,2204,1486,2373,1655,169,169,crops/glucose/glucose_03_c0.05/glucose_03_c0.05_wE11.png,1.949,45,96,pass_geometry
glucose_03_c0.05_wE12,glucose_03_c0.05,glucose,3,0.05,E12,5,12,2992,2992,2478.498,1562.946,65.974,2400,1485,2557,1642,157,157,crops/glucose/glucose_03_c0.05/glucose_03_c0.05_wE12.png,7.867,45,96,pass_geometry
glucose_03_c0.05_wF01,glucose_03_c0.05,glucose,3,0.05,F01,6,1,2992,2992,447.678,1782.858,63.505,373,1708,524,1859,151,151,crops/glucose/glucose_03_c0.05/glucose_03_c0.05_wF01.png,3.559,45,96,pass_geometry
glucose_03_c0.05_wF02,glucose_03_c0.05,glucose,3,0.05,F02,6,2,2992,2992,633.93,1782.858,69.788,551,1700,718,1867,167,167,crops/glucose/glucose_03_c0.05/glucose_03_c0.05_wF02.png,0.675,45,96,pass_geometry
glucose_03_c0.05_wF03,glucose_03_c0.05,glucose,3,0.05,F03,6,3,2992,2992,813.45,1782.858,66.422,734,1704,893,1863,159,159,crops/glucose/glucose_03_c0.05/glucose_03_c0.05_wF03.png,5.194,45,96,pass_geometry
glucose_03_c0.05_wF04,glucose_03_c0.05,glucose,3,0.05,F04,6,4,2992,2992,999.702,1776.126,70.013,917,1693,1084,1860,167,167,crops/glucose/glucose_03_c0.05/glucose_03_c0.05_wF04.png,1.253,45,96,pass_geometry
glucose_03_c0.05_wF05,glucose_03_c0.05,glucose,3,0.05,F05,6,5,2992,2992,1183.71,1773.882,61.486,1111,1701,1258,1848,147,147,crops/glucose/glucose_03_c0.05/glucose_03_c0.05_wF05.png,1.716,45,96,pass_geometry
glucose_03_c0.05_wF06,glucose_03_c0.05,glucose,3,0.05,F06,6,6,2992,2992,1365.474,1769.394,61.486,1292,1696,1439,1843,147,147,crops/glucose/glucose_03_c0.05/glucose_03_c0.05_wF06.png,3.484,45,96,pass_geometry
glucose_03_c0.05_wF07,glucose_03_c0.05,glucose,3,0.05,F07,6,7,2992,2992,1551.726,1767.15,62.159,1478,1693,1627,1842,149,149,crops/glucose/glucose_03_c0.05/glucose_03_c0.05_wF07.png,1.781,45,96,pass_geometry
glucose_03_c0.05_wF08,glucose_03_c0.05,glucose,3,0.05,F08,6,8,2992,2992,1733.49,1764.906,70.462,1649,1681,1818,1850,169,169,crops/glucose/glucose_03_c0.05/glucose_03_c0.05_wF08.png,4.5,45,96,pass_geometry
glucose_03_c0.05_wF09,glucose_03_c0.05,glucose,3,0.05,F09,6,9,2992,2992,1919.742,1760.418,70.462,1836,1676,2005,1845,169,169,crops/glucose/glucose_03_c0.05/glucose_03_c0.05_wF09.png,2.344,45,96,pass_geometry
glucose_03_c0.05_wF10,glucose_03_c0.05,glucose,3,0.05,F10,6,10,2992,2992,2105.994,1751.442,65.974,2028,1673,2185,1830,157,157,crops/glucose/glucose_03_c0.05/glucose_03_c0.05_wF10.png,4.828,45,96,pass_geometry
glucose_03_c0.05_wF11,glucose_03_c0.05,glucose,3,0.05,F11,6,11,2992,2992,2287.758,1751.442,65.076,2211,1674,2366,1829,155,155,crops/glucose/glucose_03_c0.05/glucose_03_c0.05_wF11.png,3.727,45,96,pass_geometry
glucose_03_c0.05_wF12,glucose_03_c0.05,glucose,3,0.05,F12,6,12,2992,2992,2474.01,1751.442,70.237,2391,1668,2558,1835,167,167,crops/glucose/glucose_03_c0.05/glucose_03_c0.05_wF12.png,2.638,45,96,pass_geometry
glucose_03_c0.05_wG01,glucose_03_c0.05,glucose,3,0.05,G01,7,1,2992,2992,443.19,1973.598,68.218,362,1893,525,2056,163,163,crops/glucose/glucose_03_c0.05/glucose_03_c0.05_wG01.png,9.517,45,96,pass_geometry
glucose_03_c0.05_wG02,glucose_03_c0.05,glucose,3,0.05,G02,7,2,2992,2992,636.174,1960.134,66.198,557,1881,716,2040,159,159,crops/glucose/glucose_03_c0.05/glucose_03_c0.05_wG02.png,6.93,45,96,pass_geometry
glucose_03_c0.05_wG03,glucose_03_c0.05,glucose,3,0.05,G03,7,3,2992,2992,817.938,1964.622,70.686,734,1881,903,2050,169,169,crops/glucose/glucose_03_c0.05/glucose_03_c0.05_wG03.png,2.107,45,96,pass_geometry
glucose_03_c0.05_wG04,glucose_03_c0.05,glucose,3,0.05,G04,7,4,2992,2992,1004.19,1962.378,70.462,920,1878,1089,2047,169,169,crops/glucose/glucose_03_c0.05/glucose_03_c0.05_wG04.png,1.751,45,96,pass_geometry
glucose_03_c0.05_wG05,glucose_03_c0.05,glucose,3,0.05,G05,7,5,2992,2992,1192.686,1957.89,67.993,1112,1877,1275,2040,163,163,crops/glucose/glucose_03_c0.05/glucose_03_c0.05_wG05.png,4.526,45,96,pass_geometry
glucose_03_c0.05_wG06,glucose_03_c0.05,glucose,3,0.05,G06,7,6,2992,2992,1369.962,1955.646,61.71,1297,1883,1444,2030,147,147,crops/glucose/glucose_03_c0.05/glucose_03_c0.05_wG06.png,2.924,45,96,pass_geometry
glucose_03_c0.05_wG07,glucose_03_c0.05,glucose,3,0.05,G07,7,7,2992,2992,1556.214,1951.158,70.013,1473,1868,1640,2035,167,167,crops/glucose/glucose_03_c0.05/glucose_03_c0.05_wG07.png,0.763,45,96,pass_geometry
glucose_03_c0.05_wG08,glucose_03_c0.05,glucose,3,0.05,G08,7,8,2992,2992,1740.222,1946.67,71.135,1656,1863,1825,2032,169,169,crops/glucose/glucose_03_c0.05/glucose_03_c0.05_wG08.png,1.712,45,96,pass_geometry
glucose_03_c0.05_wG09,glucose_03_c0.05,glucose,3,0.05,G09,7,9,2992,2992,1921.986,1944.426,61.934,1848,1870,1997,2019,149,149,crops/glucose/glucose_03_c0.05/glucose_03_c0.05_wG09.png,4.242,45,96,pass_geometry
glucose_03_c0.05_wG10,glucose_03_c0.05,glucose,3,0.05,G10,7,10,2992,2992,2105.994,1942.182,67.993,2025,1861,2188,2024,163,163,crops/glucose/glucose_03_c0.05/glucose_03_c0.05_wG10.png,5.123,45,96,pass_geometry
glucose_03_c0.05_wG11,glucose_03_c0.05,glucose,3,0.05,G11,7,11,2992,2992,2296.734,1937.694,72.032,2212,1853,2383,2024,171,171,crops/glucose/glucose_03_c0.05/glucose_03_c0.05_wG11.png,0.85,45,96,pass_geometry
glucose_03_c0.05_wG12,glucose_03_c0.05,glucose,3,0.05,G12,7,12,2992,2992,2480.742,1942.182,66.422,2402,1863,2561,2022,159,159,crops/glucose/glucose_03_c0.05/glucose_03_c0.05_wG12.png,7.317,45,96,pass_geometry
glucose_03_c0.05_wH01,glucose_03_c0.05,glucose,3,0.05,H01,8,1,2992,2992,454.41,2153.118,66.647,375,2074,534,2233,159,159,crops/glucose/glucose_03_c0.05/glucose_03_c0.05_wH01.png,2.222,45,96,pass_geometry
glucose_03_c0.05_wH02,glucose_03_c0.05,glucose,3,0.05,H02,8,2,2992,2992,642.906,2157.606,68.891,561,2076,726,2241,165,165,crops/glucose/glucose_03_c0.05/glucose_03_c0.05_wH02.png,6.99,45,96,pass_geometry
glucose_03_c0.05_wH03,glucose_03_c0.05,glucose,3,0.05,H03,8,3,2992,2992,826.914,2150.874,62.832,752,2076,903,2227,151,151,crops/glucose/glucose_03_c0.05/glucose_03_c0.05_wH03.png,4.598,45,96,pass_geometry
glucose_03_c0.05_wH04,glucose_03_c0.05,glucose,3,0.05,H04,8,4,2992,2992,1010.922,2144.142,72.032,926,2059,1097,2230,171,171,crops/glucose/glucose_03_c0.05/glucose_03_c0.05_wH04.png,4.262,45,96,pass_geometry
glucose_03_c0.05_wH05,glucose_03_c0.05,glucose,3,0.05,H05,8,5,2992,2992,1194.93,2141.898,62.608,1121,2068,1270,2217,149,149,crops/glucose/glucose_03_c0.05/glucose_03_c0.05_wH05.png,3.538,45,96,pass_geometry
glucose_03_c0.05_wH06,glucose_03_c0.05,glucose,3,0.05,H06,8,6,2992,2992,1374.45,2137.41,66.647,1295,2058,1454,2217,159,159,crops/glucose/glucose_03_c0.05/glucose_03_c0.05_wH06.png,2.701,45,96,pass_geometry
glucose_03_c0.05_wH07,glucose_03_c0.05,glucose,3,0.05,H07,8,7,2992,2992,1558.458,2135.166,66.871,1479,2056,1638,2215,159,159,crops/glucose/glucose_03_c0.05/glucose_03_c0.05_wH07.png,2.631,45,96,pass_geometry
glucose_03_c0.05_wH08,glucose_03_c0.05,glucose,3,0.05,H08,8,8,2992,2992,1746.954,2130.678,70.013,1664,2048,1831,2215,167,167,crops/glucose/glucose_03_c0.05/glucose_03_c0.05_wH08.png,2.903,45,96,pass_geometry
glucose_03_c0.05_wH09,glucose_03_c0.05,glucose,3,0.05,H09,8,9,2992,2992,1930.962,2132.922,63.954,1855,2057,2008,2210,153,153,crops/glucose/glucose_03_c0.05/glucose_03_c0.05_wH09.png,2.868,45,96,pass_geometry
glucose_03_c0.05_wH10,glucose_03_c0.05,glucose,3,0.05,H10,8,10,2992,2992,2121.702,2123.946,65.749,2044,2046,2201,2203,157,157,crops/glucose/glucose_03_c0.05/glucose_03_c0.05_wH10.png,6.76,45,96,pass_geometry
glucose_03_c0.05_wH11,glucose_03_c0.05,glucose,3,0.05,H11,8,11,2992,2992,2303.466,2121.702,71.359,2218,2037,2389,2208,171,171,crops/glucose/glucose_03_c0.05/glucose_03_c0.05_wH11.png,3.338,45,96,pass_geometry
glucose_03_c0.05_wH12,glucose_03_c0.05,glucose,3,0.05,H12,8,12,2992,2992,2489.718,2119.458,65.3,2412,2041,2569,2198,157,157,crops/glucose/glucose_03_c0.05/glucose_03_c0.05_wH12.png,3.739,45,96,pass_geometry
glucose_04_c0.1_wA01,glucose_04_c0.1,glucose,4,0.1,A01,1,1,2992,2992,429.726,871.794,67.769,350,792,511,953,161,161,crops/glucose/glucose_04_c0.1/glucose_04_c0.1_wA01.png,3.442,45,96,pass_geometry
glucose_04_c0.1_wA02,glucose_04_c0.1,glucose,4,0.1,A02,1,2,2992,2992,613.734,865.062,67.544,534,785,695,946,161,161,crops/glucose/glucose_04_c0.1/glucose_04_c0.1_wA02.png,2.841,45,96,pass_geometry
glucose_04_c0.1_wA03,glucose_04_c0.1,glucose,4,0.1,A03,1,3,2992,2992,802.23,860.574,65.3,724,783,881,940,157,157,crops/glucose/glucose_04_c0.1/glucose_04_c0.1_wA03.png,7.283,45,96,pass_geometry
glucose_04_c0.1_wA04,glucose_04_c0.1,glucose,4,0.1,A04,1,4,2992,2992,979.506,853.842,69.34,898,772,1063,937,165,165,crops/glucose/glucose_04_c0.1/glucose_04_c0.1_wA04.png,2.938,45,96,pass_geometry
glucose_04_c0.1_wA05,glucose_04_c0.1,glucose,4,0.1,A05,1,5,2992,2992,1161.27,844.866,70.237,1078,762,1245,929,167,167,crops/glucose/glucose_04_c0.1/glucose_04_c0.1_wA05.png,2.615,45,96,pass_geometry
glucose_04_c0.1_wA06,glucose_04_c0.1,glucose,4,0.1,A06,1,6,2992,2992,1345.278,844.866,65.3,1267,767,1424,924,157,157,crops/glucose/glucose_04_c0.1/glucose_04_c0.1_wA06.png,9.336,45,96,pass_geometry
glucose_04_c0.1_wA07,glucose_04_c0.1,glucose,4,0.1,A07,1,7,2992,2992,1533.774,829.158,66.871,1455,750,1614,909,159,159,crops/glucose/glucose_04_c0.1/glucose_04_c0.1_wA07.png,2.717,45,96,pass_geometry
glucose_04_c0.1_wA08,glucose_04_c0.1,glucose,4,0.1,A08,1,8,2992,2992,1715.538,822.426,65.974,1638,744,1795,901,157,157,crops/glucose/glucose_04_c0.1/glucose_04_c0.1_wA08.png,1.862,45,96,pass_geometry
glucose_04_c0.1_wA09,glucose_04_c0.1,glucose,4,0.1,A09,1,9,2992,2992,1892.814,813.45,61.934,1819,739,1968,888,149,149,crops/glucose/glucose_04_c0.1/glucose_04_c0.1_wA09.png,5.986,45,96,pass_geometry
glucose_04_c0.1_wA10,glucose_04_c0.1,glucose,4,0.1,A10,1,10,2992,2992,2076.822,802.23,65.076,2000,725,2155,880,155,155,crops/glucose/glucose_04_c0.1/glucose_04_c0.1_wA10.png,6.518,45,96,pass_geometry
glucose_04_c0.1_wA11,glucose_04_c0.1,glucose,4,0.1,A11,1,11,2992,2992,2254.098,797.742,67.096,2174,718,2335,879,161,161,crops/glucose/glucose_04_c0.1/glucose_04_c0.1_wA11.png,11.955,45,96,pass_geometry
glucose_04_c0.1_wA12,glucose_04_c0.1,glucose,4,0.1,A12,1,12,2992,2992,2444.838,788.766,70.91,2361,705,2530,874,169,169,crops/glucose/glucose_04_c0.1/glucose_04_c0.1_wA12.png,5.01,45,96,pass_geometry
glucose_04_c0.1_wB01,glucose_04_c0.1,glucose,4,0.1,B01,2,1,2992,2992,434.214,1053.558,70.462,350,970,519,1139,169,169,crops/glucose/glucose_04_c0.1/glucose_04_c0.1_wB01.png,2.452,45,96,pass_geometry
glucose_04_c0.1_wB02,glucose_04_c0.1,glucose,4,0.1,B02,2,2,2992,2992,618.222,1046.826,61.486,545,974,692,1121,147,147,crops/glucose/glucose_04_c0.1/glucose_04_c0.1_wB02.png,1.643,45,96,pass_geometry
glucose_04_c0.1_wB03,glucose_04_c0.1,glucose,4,0.1,B03,2,3,2992,2992,806.718,1037.85,60.812,735,966,880,1111,145,145,crops/glucose/glucose_04_c0.1/glucose_04_c0.1_wB03.png,4.733,45,96,pass_geometry
glucose_04_c0.1_wB04,glucose_04_c0.1,glucose,4,0.1,B04,2,4,2992,2992,990.726,1033.362,70.91,907,949,1076,1118,169,169,crops/glucose/glucose_04_c0.1/glucose_04_c0.1_wB04.png,3.613,45,96,pass_geometry
glucose_04_c0.1_wB05,glucose_04_c0.1,glucose,4,0.1,B05,2,5,2992,2992,1172.49,1026.63,70.91,1088,943,1257,1112,169,169,crops/glucose/glucose_04_c0.1/glucose_04_c0.1_wB05.png,1.707,45,96,pass_geometry
glucose_04_c0.1_wB06,glucose_04_c0.1,glucose,4,0.1,B06,2,6,2992,2992,1356.498,1017.654,69.788,1273,935,1440,1102,167,167,crops/glucose/glucose_04_c0.1/glucose_04_c0.1_wB06.png,1.35,45,96,pass_geometry
glucose_04_c0.1_wB07,glucose_04_c0.1,glucose,4,0.1,B07,2,7,2992,2992,1540.506,1015.41,67.544,1461,935,1622,1096,161,161,crops/glucose/glucose_04_c0.1/glucose_04_c0.1_wB07.png,5.285,45,96,pass_geometry
glucose_04_c0.1_wB08,glucose_04_c0.1,glucose,4,0.1,B08,2,8,2992,2992,1724.514,999.702,62.383,1651,926,1800,1075,149,149,crops/glucose/glucose_04_c0.1/glucose_04_c0.1_wB08.png,3.4,45,96,pass_geometry
glucose_04_c0.1_wB09,glucose_04_c0.1,glucose,4,0.1,B09,2,9,2992,2992,1906.278,995.214,72.257,1820,909,1993,1082,173,173,crops/glucose/glucose_04_c0.1/glucose_04_c0.1_wB09.png,0.445,45,96,pass_geometry
glucose_04_c0.1_wB10,glucose_04_c0.1,glucose,4,0.1,B10,2,10,2992,2992,2090.286,983.994,62.608,2016,910,2165,1059,149,149,crops/glucose/glucose_04_c0.1/glucose_04_c0.1_wB10.png,3.528,45,96,pass_geometry
glucose_04_c0.1_wB11,glucose_04_c0.1,glucose,4,0.1,B11,2,11,2992,2992,2274.294,981.75,67.769,2194,902,2355,1063,161,161,crops/glucose/glucose_04_c0.1/glucose_04_c0.1_wB11.png,1.842,45,96,pass_geometry
glucose_04_c0.1_wB12,glucose_04_c0.1,glucose,4,0.1,B12,2,12,2992,2992,2460.546,963.798,66.647,2382,885,2541,1044,159,159,crops/glucose/glucose_04_c0.1/glucose_04_c0.1_wB12.png,9.033,45,96,pass_geometry
glucose_04_c0.1_wC01,glucose_04_c0.1,glucose,4,0.1,C01,3,1,2992,2992,440.946,1237.566,71.359,356,1153,527,1324,171,171,crops/glucose/glucose_04_c0.1/glucose_04_c0.1_wC01.png,1.477,45,96,pass_geometry
glucose_04_c0.1_wC02,glucose_04_c0.1,glucose,4,0.1,C02,3,2,2992,2992,627.198,1233.078,63.954,551,1157,704,1310,153,153,crops/glucose/glucose_04_c0.1/glucose_04_c0.1_wC02.png,2.437,45,96,pass_geometry
glucose_04_c0.1_wC03,glucose_04_c0.1,glucose,4,0.1,C03,3,3,2992,2992,811.206,1221.858,70.91,727,1138,896,1307,169,169,crops/glucose/glucose_04_c0.1/glucose_04_c0.1_wC03.png,1.331,45,96,pass_geometry
glucose_04_c0.1_wC04,glucose_04_c0.1,glucose,4,0.1,C04,3,4,2992,2992,999.702,1219.614,66.871,921,1141,1080,1300,159,159,crops/glucose/glucose_04_c0.1/glucose_04_c0.1_wC04.png,6.371,45,96,pass_geometry
glucose_04_c0.1_wC05,glucose_04_c0.1,glucose,4,0.1,C05,3,5,2992,2992,1185.954,1206.15,66.871,1107,1127,1266,1286,159,159,crops/glucose/glucose_04_c0.1/glucose_04_c0.1_wC05.png,7.164,45,96,pass_geometry
glucose_04_c0.1_wC06,glucose_04_c0.1,glucose,4,0.1,C06,3,6,2992,2992,1365.474,1197.174,62.383,1291,1123,1440,1272,149,149,crops/glucose/glucose_04_c0.1/glucose_04_c0.1_wC06.png,3.867,45,96,pass_geometry
glucose_04_c0.1_wC07,glucose_04_c0.1,glucose,4,0.1,C07,3,7,2992,2992,1547.238,1190.442,71.359,1462,1105,1633,1276,171,171,crops/glucose/glucose_04_c0.1/glucose_04_c0.1_wC07.png,2.084,45,96,pass_geometry
glucose_04_c0.1_wC08,glucose_04_c0.1,glucose,4,0.1,C08,3,8,2992,2992,1733.49,1183.71,71.808,1648,1099,1819,1270,171,171,crops/glucose/glucose_04_c0.1/glucose_04_c0.1_wC08.png,2.898,45,96,pass_geometry
glucose_04_c0.1_wC09,glucose_04_c0.1,glucose,4,0.1,C09,3,9,2992,2992,1915.254,1174.734,61.71,1842,1102,1989,1249,147,147,crops/glucose/glucose_04_c0.1/glucose_04_c0.1_wC09.png,2.571,45,96,pass_geometry
glucose_04_c0.1_wC10,glucose_04_c0.1,glucose,4,0.1,C10,3,10,2992,2992,2101.506,1165.758,72.257,2016,1080,2189,1253,173,173,crops/glucose/glucose_04_c0.1/glucose_04_c0.1_wC10.png,4.956,45,96,pass_geometry
glucose_04_c0.1_wC11,glucose_04_c0.1,glucose,4,0.1,C11,3,11,2992,2992,2281.026,1161.27,71.584,2196,1076,2367,1247,171,171,crops/glucose/glucose_04_c0.1/glucose_04_c0.1_wC11.png,1.222,45,96,pass_geometry
glucose_04_c0.1_wC12,glucose_04_c0.1,glucose,4,0.1,C12,3,12,2992,2992,2469.522,1152.294,62.383,2396,1078,2545,1227,149,149,crops/glucose/glucose_04_c0.1/glucose_04_c0.1_wC12.png,4.407,45,96,pass_geometry
glucose_04_c0.1_wD01,glucose_04_c0.1,glucose,4,0.1,D01,4,1,2992,2992,445.434,1421.574,68.891,363,1340,528,1505,165,165,crops/glucose/glucose_04_c0.1/glucose_04_c0.1_wD01.png,4.448,45,96,pass_geometry
glucose_04_c0.1_wD02,glucose_04_c0.1,glucose,4,0.1,D02,4,2,2992,2992,622.71,1412.598,64.852,546,1336,701,1491,155,155,crops/glucose/glucose_04_c0.1/glucose_04_c0.1_wD02.png,11.482,45,96,pass_geometry
glucose_04_c0.1_wD03,glucose_04_c0.1,glucose,4,0.1,D03,4,3,2992,2992,813.45,1399.134,65.076,736,1322,891,1477,155,155,crops/glucose/glucose_04_c0.1/glucose_04_c0.1_wD03.png,8.098,45,96,pass_geometry
glucose_04_c0.1_wD04,glucose_04_c0.1,glucose,4,0.1,D04,4,4,2992,2992,999.702,1396.89,62.832,925,1322,1076,1473,151,151,crops/glucose/glucose_04_c0.1/glucose_04_c0.1_wD04.png,3.092,45,96,pass_geometry
glucose_04_c0.1_wD05,glucose_04_c0.1,glucose,4,0.1,D05,4,5,2992,2992,1179.222,1390.158,67.096,1099,1310,1260,1471,161,161,crops/glucose/glucose_04_c0.1/glucose_04_c0.1_wD05.png,7.56,45,96,pass_geometry
glucose_04_c0.1_wD06,glucose_04_c0.1,glucose,4,0.1,D06,4,6,2992,2992,1369.962,1381.182,62.159,1296,1307,1445,1456,149,149,crops/glucose/glucose_04_c0.1/glucose_04_c0.1_wD06.png,1.535,45,96,pass_geometry
glucose_04_c0.1_wD07,glucose_04_c0.1,glucose,4,0.1,D07,4,7,2992,2992,1558.458,1376.694,65.974,1480,1299,1637,1456,157,157,crops/glucose/glucose_04_c0.1/glucose_04_c0.1_wD07.png,4.118,45,96,pass_geometry
glucose_04_c0.1_wD08,glucose_04_c0.1,glucose,4,0.1,D08,4,8,2992,2992,1737.978,1360.986,65.749,1660,1283,1817,1440,157,157,crops/glucose/glucose_04_c0.1/glucose_04_c0.1_wD08.png,6.146,45,96,pass_geometry
glucose_04_c0.1_wD09,glucose_04_c0.1,glucose,4,0.1,D09,4,9,2992,2992,1924.23,1363.23,67.769,1844,1283,2005,1444,161,161,crops/glucose/glucose_04_c0.1/glucose_04_c0.1_wD09.png,4.164,45,96,pass_geometry
glucose_04_c0.1_wD10,glucose_04_c0.1,glucose,4,0.1,D10,4,10,2992,2992,2105.994,1349.766,72.706,2020,1264,2193,1437,173,173,crops/glucose/glucose_04_c0.1/glucose_04_c0.1_wD10.png,2.004,45,96,pass_geometry
glucose_04_c0.1_wD11,glucose_04_c0.1,glucose,4,0.1,D11,4,11,2992,2992,2290.002,1345.278,70.91,2206,1261,2375,1430,169,169,crops/glucose/glucose_04_c0.1/glucose_04_c0.1_wD11.png,1.205,45,96,pass_geometry
glucose_04_c0.1_wD12,glucose_04_c0.1,glucose,4,0.1,D12,4,12,2992,2992,2474.01,1340.79,66.871,2395,1262,2554,1421,159,159,crops/glucose/glucose_04_c0.1/glucose_04_c0.1_wD12.png,4.397,45,96,pass_geometry
glucose_04_c0.1_wE01,glucose_04_c0.1,glucose,4,0.1,E01,5,1,2992,2992,449.922,1605.582,67.769,370,1526,531,1687,161,161,crops/glucose/glucose_04_c0.1/glucose_04_c0.1_wE01.png,7.878,45,96,pass_geometry
glucose_04_c0.1_wE02,glucose_04_c0.1,glucose,4,0.1,E02,5,2,2992,2992,640.662,1598.85,71.135,557,1515,726,1684,169,169,crops/glucose/glucose_04_c0.1/glucose_04_c0.1_wE02.png,3.373,45,96,pass_geometry
glucose_04_c0.1_wE03,glucose_04_c0.1,glucose,4,0.1,E03,5,3,2992,2992,826.914,1589.874,62.383,753,1516,902,1665,149,149,crops/glucose/glucose_04_c0.1/glucose_04_c0.1_wE03.png,2.031,45,96,pass_geometry
glucose_04_c0.1_wE04,glucose_04_c0.1,glucose,4,0.1,E04,5,4,2992,2992,1010.922,1583.142,72.032,926,1498,1097,1669,171,171,crops/glucose/glucose_04_c0.1/glucose_04_c0.1_wE04.png,2.935,45,96,pass_geometry
glucose_04_c0.1_wE05,glucose_04_c0.1,glucose,4,0.1,E05,5,5,2992,2992,1199.418,1569.678,67.32,1119,1490,1280,1651,161,161,crops/glucose/glucose_04_c0.1/glucose_04_c0.1_wE05.png,5.61,45,96,pass_geometry
glucose_04_c0.1_wE06,glucose_04_c0.1,glucose,4,0.1,E06,5,6,2992,2992,1376.694,1562.946,72.032,1292,1478,1463,1649,171,171,crops/glucose/glucose_04_c0.1/glucose_04_c0.1_wE06.png,2.715,45,96,pass_geometry
glucose_04_c0.1_wE07,glucose_04_c0.1,glucose,4,0.1,E07,5,7,2992,2992,1560.702,1551.726,69.115,1479,1470,1644,1635,165,165,crops/glucose/glucose_04_c0.1/glucose_04_c0.1_wE07.png,5.717,45,96,pass_geometry
glucose_04_c0.1_wE08,glucose_04_c0.1,glucose,4,0.1,E08,5,8,2992,2992,1749.198,1549.482,71.359,1664,1464,1835,1635,171,171,crops/glucose/glucose_04_c0.1/glucose_04_c0.1_wE08.png,2.57,45,96,pass_geometry
glucose_04_c0.1_wE09,glucose_04_c0.1,glucose,4,0.1,E09,5,9,2992,2992,1935.45,1542.75,62.832,1860,1468,2011,1619,151,151,crops/glucose/glucose_04_c0.1/glucose_04_c0.1_wE09.png,5.068,45,96,pass_geometry
glucose_04_c0.1_wE10,glucose_04_c0.1,glucose,4,0.1,E10,5,10,2992,2992,2112.726,1533.774,68.442,2032,1453,2195,1616,163,163,crops/glucose/glucose_04_c0.1/glucose_04_c0.1_wE10.png,1.581,45,96,pass_geometry
glucose_04_c0.1_wE11,glucose_04_c0.1,glucose,4,0.1,E11,5,11,2992,2992,2298.978,1529.286,64.178,2223,1453,2376,1606,153,153,crops/glucose/glucose_04_c0.1/glucose_04_c0.1_wE11.png,3.186,45,96,pass_geometry
glucose_04_c0.1_wE12,glucose_04_c0.1,glucose,4,0.1,E12,5,12,2992,2992,2487.474,1522.554,72.706,2401,1437,2574,1610,173,173,crops/glucose/glucose_04_c0.1/glucose_04_c0.1_wE12.png,7.052,45,96,pass_geometry
glucose_04_c0.1_wF01,glucose_04_c0.1,glucose,4,0.1,F01,6,1,2992,2992,461.142,1789.59,61.037,388,1717,535,1864,147,147,crops/glucose/glucose_04_c0.1/glucose_04_c0.1_wF01.png,5.366,45,96,pass_geometry
glucose_04_c0.1_wF02,glucose_04_c0.1,glucose,4,0.1,F02,6,2,2992,2992,642.906,1782.858,67.769,563,1703,724,1864,161,161,crops/glucose/glucose_04_c0.1/glucose_04_c0.1_wF02.png,8.1,45,96,pass_geometry
glucose_04_c0.1_wF03,glucose_04_c0.1,glucose,4,0.1,F03,6,3,2992,2992,835.89,1773.882,61.037,763,1701,910,1848,147,147,crops/glucose/glucose_04_c0.1/glucose_04_c0.1_wF03.png,3.893,45,96,pass_geometry
glucose_04_c0.1_wF04,glucose_04_c0.1,glucose,4,0.1,F04,6,4,2992,2992,1019.898,1767.15,71.584,935,1682,1106,1853,171,171,crops/glucose/glucose_04_c0.1/glucose_04_c0.1_wF04.png,4.715,45,96,pass_geometry
glucose_04_c0.1_wF05,glucose_04_c0.1,glucose,4,0.1,F05,6,5,2992,2992,1201.662,1755.93,62.383,1128,1682,1277,1831,149,149,crops/glucose/glucose_04_c0.1/glucose_04_c0.1_wF05.png,1.188,45,96,pass_geometry
glucose_04_c0.1_wF06,glucose_04_c0.1,glucose,4,0.1,F06,6,6,2992,2992,1385.67,1746.954,72.032,1301,1662,1472,1833,171,171,crops/glucose/glucose_04_c0.1/glucose_04_c0.1_wF06.png,0.886,45,96,pass_geometry
glucose_04_c0.1_wF07,glucose_04_c0.1,glucose,4,0.1,F07,6,7,2992,2992,1569.678,1744.71,66.422,1491,1666,1650,1825,159,159,crops/glucose/glucose_04_c0.1/glucose_04_c0.1_wF07.png,5.306,45,96,pass_geometry
glucose_04_c0.1_wF08,glucose_04_c0.1,glucose,4,0.1,F08,6,8,2992,2992,1755.93,1733.49,70.91,1672,1649,1841,1818,169,169,crops/glucose/glucose_04_c0.1/glucose_04_c0.1_wF08.png,2.25,45,96,pass_geometry
glucose_04_c0.1_wF09,glucose_04_c0.1,glucose,4,0.1,F09,6,9,2992,2992,1937.694,1726.758,70.91,1854,1643,2023,1812,169,169,crops/glucose/glucose_04_c0.1/glucose_04_c0.1_wF09.png,2.879,45,96,pass_geometry
glucose_04_c0.1_wF10,glucose_04_c0.1,glucose,4,0.1,F10,6,10,2992,2992,2123.946,1715.538,72.93,2037,1629,2212,1804,175,175,crops/glucose/glucose_04_c0.1/glucose_04_c0.1_wF10.png,1.818,45,96,pass_geometry
glucose_04_c0.1_wF11,glucose_04_c0.1,glucose,4,0.1,F11,6,11,2992,2992,2307.954,1708.806,72.706,2222,1623,2395,1796,173,173,crops/glucose/glucose_04_c0.1/glucose_04_c0.1_wF11.png,1.959,45,96,pass_geometry
glucose_04_c0.1_wF12,glucose_04_c0.1,glucose,4,0.1,F12,6,12,2992,2992,2491.962,1699.83,68.442,2411,1619,2574,1782,163,163,crops/glucose/glucose_04_c0.1/glucose_04_c0.1_wF12.png,2.436,45,96,pass_geometry
glucose_04_c0.1_wG01,glucose_04_c0.1,glucose,4,0.1,G01,7,1,2992,2992,472.362,1973.598,61.486,399,1901,546,2048,147,147,crops/glucose/glucose_04_c0.1/glucose_04_c0.1_wG01.png,4.885,45,96,pass_geometry
glucose_04_c0.1_wG02,glucose_04_c0.1,glucose,4,0.1,G02,7,2,2992,2992,660.858,1962.378,70.013,578,1879,745,2046,167,167,crops/glucose/glucose_04_c0.1/glucose_04_c0.1_wG02.png,3.838,45,96,pass_geometry
glucose_04_c0.1_wG03,glucose_04_c0.1,glucose,4,0.1,G03,7,3,2992,2992,838.134,1955.646,67.993,757,1875,920,2038,163,163,crops/glucose/glucose_04_c0.1/glucose_04_c0.1_wG03.png,4.347,45,96,pass_geometry
glucose_04_c0.1_wG04,glucose_04_c0.1,glucose,4,0.1,G04,7,4,2992,2992,1026.63,1946.67,61.71,954,1874,1101,2021,147,147,crops/glucose/glucose_04_c0.1/glucose_04_c0.1_wG04.png,1.498,45,96,pass_geometry
glucose_04_c0.1_wG05,glucose_04_c0.1,glucose,4,0.1,G05,7,5,2992,2992,1210.638,1937.694,62.159,1137,1864,1286,2013,149,149,crops/glucose/glucose_04_c0.1/glucose_04_c0.1_wG05.png,0.47,45,96,pass_geometry
glucose_04_c0.1_wG06,glucose_04_c0.1,glucose,4,0.1,G06,7,6,2992,2992,1394.646,1926.474,72.032,1310,1841,1481,2012,171,171,crops/glucose/glucose_04_c0.1/glucose_04_c0.1_wG06.png,3.268,45,96,pass_geometry
glucose_04_c0.1_wG07,glucose_04_c0.1,glucose,4,0.1,G07,7,7,2992,2992,1580.898,1917.498,66.422,1502,1838,1661,1997,159,159,crops/glucose/glucose_04_c0.1/glucose_04_c0.1_wG07.png,5.077,45,96,pass_geometry
glucose_04_c0.1_wG08,glucose_04_c0.1,glucose,4,0.1,G08,7,8,2992,2992,1762.662,1915.254,71.359,1678,1830,1849,2001,171,171,crops/glucose/glucose_04_c0.1/glucose_04_c0.1_wG08.png,1.13,45,96,pass_geometry
glucose_04_c0.1_wG09,glucose_04_c0.1,glucose,4,0.1,G09,7,9,2992,2992,1946.67,1906.278,71.808,1862,1821,2033,1992,171,171,crops/glucose/glucose_04_c0.1/glucose_04_c0.1_wG09.png,0.307,45,96,pass_geometry
glucose_04_c0.1_wG10,glucose_04_c0.1,glucose,4,0.1,G10,7,10,2992,2992,2130.678,1901.79,63.73,2055,1826,2208,1979,153,153,crops/glucose/glucose_04_c0.1/glucose_04_c0.1_wG10.png,3.244,45,96,pass_geometry
glucose_04_c0.1_wG11,glucose_04_c0.1,glucose,4,0.1,G11,7,11,2992,2992,2314.686,1895.058,70.462,2231,1811,2400,1980,169,169,crops/glucose/glucose_04_c0.1/glucose_04_c0.1_wG11.png,4.313,45,96,pass_geometry
glucose_04_c0.1_wG12,glucose_04_c0.1,glucose,4,0.1,G12,7,12,2992,2992,2500.938,1888.326,72.032,2416,1803,2587,1974,171,171,crops/glucose/glucose_04_c0.1/glucose_04_c0.1_wG12.png,6.196,45,96,pass_geometry
glucose_04_c0.1_wH01,glucose_04_c0.1,glucose,4,0.1,H01,8,1,2992,2992,483.582,2144.142,62.608,410,2070,559,2219,149,149,crops/glucose/glucose_04_c0.1/glucose_04_c0.1_wH01.png,7.952,45,96,pass_geometry
glucose_04_c0.1_wH02,glucose_04_c0.1,glucose,4,0.1,H02,8,2,2992,2992,672.078,2141.898,67.32,592,2062,753,2223,161,161,crops/glucose/glucose_04_c0.1/glucose_04_c0.1_wH02.png,7.272,45,96,pass_geometry
glucose_04_c0.1_wH03,glucose_04_c0.1,glucose,4,0.1,H03,8,3,2992,2992,851.598,2135.166,60.364,780,2063,925,2208,145,145,crops/glucose/glucose_04_c0.1/glucose_04_c0.1_wH03.png,2.266,45,96,pass_geometry
glucose_04_c0.1_wH04,glucose_04_c0.1,glucose,4,0.1,H04,8,4,2992,2992,1035.606,2126.19,62.608,962,2052,1111,2201,149,149,crops/glucose/glucose_04_c0.1/glucose_04_c0.1_wH04.png,2.563,45,96,pass_geometry
glucose_04_c0.1_wH05,glucose_04_c0.1,glucose,4,0.1,H05,8,5,2992,2992,1217.37,2110.482,62.832,1142,2035,1293,2186,151,151,crops/glucose/glucose_04_c0.1/glucose_04_c0.1_wH05.png,9.664,45,96,pass_geometry
glucose_04_c0.1_wH06,glucose_04_c0.1,glucose,4,0.1,H06,8,6,2992,2992,1405.866,2108.238,67.096,1326,2028,1487,2189,161,161,crops/glucose/glucose_04_c0.1/glucose_04_c0.1_wH06.png,5.467,45,96,pass_geometry
glucose_04_c0.1_wH07,glucose_04_c0.1,glucose,4,0.1,H07,8,7,2992,2992,1583.142,2099.262,68.218,1502,2018,1665,2181,163,163,crops/glucose/glucose_04_c0.1/glucose_04_c0.1_wH07.png,6.088,45,96,pass_geometry
glucose_04_c0.1_wH08,glucose_04_c0.1,glucose,4,0.1,H08,8,8,2992,2992,1769.394,2097.018,71.584,1684,2012,1855,2183,171,171,crops/glucose/glucose_04_c0.1/glucose_04_c0.1_wH08.png,1.029,45,96,pass_geometry
glucose_04_c0.1_wH09,glucose_04_c0.1,glucose,4,0.1,H09,8,9,2992,2992,1951.158,2088.042,62.159,1877,2014,2026,2163,149,149,crops/glucose/glucose_04_c0.1/glucose_04_c0.1_wH09.png,3.249,45,96,pass_geometry
glucose_04_c0.1_wH10,glucose_04_c0.1,glucose,4,0.1,H10,8,10,2992,2992,2135.166,2074.578,66.198,2056,1996,2215,2155,159,159,crops/glucose/glucose_04_c0.1/glucose_04_c0.1_wH10.png,7.096,45,96,pass_geometry
glucose_04_c0.1_wH11,glucose_04_c0.1,glucose,4,0.1,H11,8,11,2992,2992,2312.442,2076.822,66.198,2233,1998,2392,2157,159,159,crops/glucose/glucose_04_c0.1/glucose_04_c0.1_wH11.png,10.26,45,96,pass_geometry
glucose_04_c0.1_wH12,glucose_04_c0.1,glucose,4,0.1,H12,8,12,2992,2992,2503.182,2070.09,62.159,2429,1996,2578,2145,149,149,crops/glucose/glucose_04_c0.1/glucose_04_c0.1_wH12.png,5.399,45,96,pass_geometry
glucose_05_c0.5_wA01,glucose_05_c0.5,glucose,5,0.5,A01,1,1,2992,2992,402.798,1093.95,67.544,323,1014,484,1175,161,161,crops/glucose/glucose_05_c0.5/glucose_05_c0.5_wA01.png,0.582,45,96,pass_geometry
glucose_05_c0.5_wA02,glucose_05_c0.5,glucose,5,0.5,A02,1,2,2992,2992,591.294,1093.95,62.608,517,1020,666,1169,149,149,crops/glucose/glucose_05_c0.5/glucose_05_c0.5_wA02.png,8.91,45,96,pass_geometry
glucose_05_c0.5_wA03,glucose_05_c0.5,glucose,5,0.5,A03,1,3,2992,2992,775.302,1084.974,65.749,697,1007,854,1164,157,157,crops/glucose/glucose_05_c0.5/glucose_05_c0.5_wA03.png,9.412,45,96,pass_geometry
glucose_05_c0.5_wA04,glucose_05_c0.5,glucose,5,0.5,A04,1,4,2992,2992,954.822,1078.242,65.3,877,1000,1034,1157,157,157,crops/glucose/glucose_05_c0.5/glucose_05_c0.5_wA04.png,6.601,45,96,pass_geometry
glucose_05_c0.5_wA05,glucose_05_c0.5,glucose,5,0.5,A05,1,5,2992,2992,1141.074,1073.754,63.954,1065,998,1218,1151,153,153,crops/glucose/glucose_05_c0.5/glucose_05_c0.5_wA05.png,10.617,45,96,pass_geometry
glucose_05_c0.5_wA06,glucose_05_c0.5,glucose,5,0.5,A06,1,6,2992,2992,1313.862,1069.266,57.464,1246,1001,1383,1138,137,137,crops/glucose/glucose_05_c0.5/glucose_05_c0.5_wA06.png,3.546,45,96,pass_geometry
glucose_05_c0.5_wA07,glucose_05_c0.5,glucose,5,0.5,A07,1,7,2992,2992,1497.87,1067.022,61.037,1425,994,1572,1141,147,147,crops/glucose/glucose_05_c0.5/glucose_05_c0.5_wA07.png,7.208,45,96,pass_geometry
glucose_05_c0.5_wA08,glucose_05_c0.5,glucose,5,0.5,A08,1,8,2992,2992,1675.146,1055.802,64.403,1599,980,1752,1133,153,153,crops/glucose/glucose_05_c0.5/glucose_05_c0.5_wA08.png,4.302,45,96,pass_geometry
glucose_05_c0.5_wA09,glucose_05_c0.5,glucose,5,0.5,A09,1,9,2992,2992,1863.642,1046.826,61.261,1791,974,1938,1121,147,147,crops/glucose/glucose_05_c0.5/glucose_05_c0.5_wA09.png,2.099,45,96,pass_geometry
glucose_05_c0.5_wA10,glucose_05_c0.5,glucose,5,0.5,A10,1,10,2992,2992,2045.406,1042.338,67.544,1965,962,2126,1123,161,161,crops/glucose/glucose_05_c0.5/glucose_05_c0.5_wA10.png,0.647,45,96,pass_geometry
glucose_05_c0.5_wA11,glucose_05_c0.5,glucose,5,0.5,A11,1,11,2992,2992,2229.414,1035.606,68.218,2148,955,2311,1118,163,163,crops/glucose/glucose_05_c0.5/glucose_05_c0.5_wA11.png,1.414,45,96,pass_geometry
glucose_05_c0.5_wA12,glucose_05_c0.5,glucose,5,0.5,A12,1,12,2992,2992,2415.666,1028.874,69.564,2333,946,2500,1113,167,167,crops/glucose/glucose_05_c0.5/glucose_05_c0.5_wA12.png,3.245,45,96,pass_geometry
glucose_05_c0.5_wB01,glucose_05_c0.5,glucose,5,0.5,B01,2,1,2992,2992,405.042,1268.982,68.891,323,1187,488,1352,165,165,crops/glucose/glucose_05_c0.5/glucose_05_c0.5_wB01.png,6.2,45,96,pass_geometry
glucose_05_c0.5_wB02,glucose_05_c0.5,glucose,5,0.5,B02,2,2,2992,2992,589.05,1266.738,61.261,516,1194,663,1341,147,147,crops/glucose/glucose_05_c0.5/glucose_05_c0.5_wB02.png,2.775,45,96,pass_geometry
glucose_05_c0.5_wB03,glucose_05_c0.5,glucose,5,0.5,B03,2,3,2992,2992,773.058,1264.494,64.178,697,1188,850,1341,153,153,crops/glucose/glucose_05_c0.5/glucose_05_c0.5_wB03.png,2.52,45,96,pass_geometry
glucose_05_c0.5_wB04,glucose_05_c0.5,glucose,5,0.5,B04,2,4,2992,2992,952.578,1257.762,70.013,870,1175,1037,1342,167,167,crops/glucose/glucose_05_c0.5/glucose_05_c0.5_wB04.png,0.667,45,96,pass_geometry
glucose_05_c0.5_wB05,glucose_05_c0.5,glucose,5,0.5,B05,2,5,2992,2992,1134.342,1248.786,70.013,1051,1166,1218,1333,167,167,crops/glucose/glucose_05_c0.5/glucose_05_c0.5_wB05.png,4.039,45,96,pass_geometry
glucose_05_c0.5_wB06,glucose_05_c0.5,glucose,5,0.5,B06,2,6,2992,2992,1320.594,1248.786,63.954,1245,1173,1398,1326,153,153,crops/glucose/glucose_05_c0.5/glucose_05_c0.5_wB06.png,2.701,45,96,pass_geometry
glucose_05_c0.5_wB07,glucose_05_c0.5,glucose,5,0.5,B07,2,7,2992,2992,1502.358,1239.81,59.915,1431,1169,1574,1312,143,143,crops/glucose/glucose_05_c0.5/glucose_05_c0.5_wB07.png,1.626,45,96,pass_geometry
glucose_05_c0.5_wB08,glucose_05_c0.5,glucose,5,0.5,B08,2,8,2992,2992,1681.878,1233.078,64.852,1605,1156,1760,1311,155,155,crops/glucose/glucose_05_c0.5/glucose_05_c0.5_wB08.png,4.059,45,96,pass_geometry
glucose_05_c0.5_wB09,glucose_05_c0.5,glucose,5,0.5,B09,2,9,2992,2992,1868.13,1226.346,68.218,1787,1145,1950,1308,163,163,crops/glucose/glucose_05_c0.5/glucose_05_c0.5_wB09.png,3.679,45,96,pass_geometry
glucose_05_c0.5_wB10,glucose_05_c0.5,glucose,5,0.5,B10,2,10,2992,2992,2052.138,1221.858,60.139,1981,1151,2124,1294,143,143,crops/glucose/glucose_05_c0.5/glucose_05_c0.5_wB10.png,2.489,45,96,pass_geometry
glucose_05_c0.5_wB11,glucose_05_c0.5,glucose,5,0.5,B11,2,11,2992,2992,2231.658,1217.37,65.525,2154,1139,2311,1296,157,157,crops/glucose/glucose_05_c0.5/glucose_05_c0.5_wB11.png,4.731,45,96,pass_geometry
glucose_05_c0.5_wB12,glucose_05_c0.5,glucose,5,0.5,B12,2,12,2992,2992,2417.91,1212.882,65.749,2340,1135,2497,1292,157,157,crops/glucose/glucose_05_c0.5/glucose_05_c0.5_wB12.png,2.457,45,96,pass_geometry
glucose_05_c0.5_wC01,glucose_05_c0.5,glucose,5,0.5,C01,3,1,2992,2992,402.798,1452.99,61.037,330,1380,477,1527,147,147,crops/glucose/glucose_05_c0.5/glucose_05_c0.5_wC01.png,8.237,45,96,pass_geometry
glucose_05_c0.5_wC02,glucose_05_c0.5,glucose,5,0.5,C02,3,2,2992,2992,593.538,1452.99,65.076,517,1376,672,1531,155,155,crops/glucose/glucose_05_c0.5/glucose_05_c0.5_wC02.png,2.415,45,96,pass_geometry
glucose_05_c0.5_wC03,glucose_05_c0.5,glucose,5,0.5,C03,3,3,2992,2992,770.814,1446.258,67.32,691,1366,852,1527,161,161,crops/glucose/glucose_05_c0.5/glucose_05_c0.5_wC03.png,4.465,45,96,pass_geometry
glucose_05_c0.5_wC04,glucose_05_c0.5,glucose,5,0.5,C04,3,4,2992,2992,954.822,1437.282,60.364,883,1365,1028,1510,145,145,crops/glucose/glucose_05_c0.5/glucose_05_c0.5_wC04.png,3.897,45,96,pass_geometry
glucose_05_c0.5_wC05,glucose_05_c0.5,glucose,5,0.5,C05,3,5,2992,2992,1134.342,1432.794,64.627,1057,1356,1212,1511,155,155,crops/glucose/glucose_05_c0.5/glucose_05_c0.5_wC05.png,6.608,45,96,pass_geometry
glucose_05_c0.5_wC06,glucose_05_c0.5,glucose,5,0.5,C06,3,6,2992,2992,1320.594,1426.062,70.237,1238,1343,1405,1510,167,167,crops/glucose/glucose_05_c0.5/glucose_05_c0.5_wC06.png,4.229,45,96,pass_geometry
glucose_05_c0.5_wC07,glucose_05_c0.5,glucose,5,0.5,C07,3,7,2992,2992,1506.846,1419.33,69.564,1424,1336,1591,1503,167,167,crops/glucose/glucose_05_c0.5/glucose_05_c0.5_wC07.png,3.796,45,96,pass_geometry
glucose_05_c0.5_wC08,glucose_05_c0.5,glucose,5,0.5,C08,3,8,2992,2992,1688.61,1414.842,69.34,1607,1333,1772,1498,165,165,crops/glucose/glucose_05_c0.5/glucose_05_c0.5_wC08.png,3.529,45,96,pass_geometry
glucose_05_c0.5_wC09,glucose_05_c0.5,glucose,5,0.5,C09,3,9,2992,2992,1872.618,1410.354,60.588,1801,1338,1946,1483,145,145,crops/glucose/glucose_05_c0.5/glucose_05_c0.5_wC09.png,2.618,45,96,pass_geometry
glucose_05_c0.5_wC10,glucose_05_c0.5,glucose,5,0.5,C10,3,10,2992,2992,2056.626,1405.866,70.462,1973,1322,2142,1491,169,169,crops/glucose/glucose_05_c0.5/glucose_05_c0.5_wC10.png,2.108,45,96,pass_geometry
glucose_05_c0.5_wC11,glucose_05_c0.5,glucose,5,0.5,C11,3,11,2992,2992,2245.122,1394.646,65.525,2167,1317,2324,1474,157,157,crops/glucose/glucose_05_c0.5/glucose_05_c0.5_wC11.png,6.616,45,96,pass_geometry
glucose_05_c0.5_wC12,glucose_05_c0.5,glucose,5,0.5,C12,3,12,2992,2992,2429.13,1394.646,63.505,2354,1320,2505,1471,151,151,crops/glucose/glucose_05_c0.5/glucose_05_c0.5_wC12.png,1.942,45,96,pass_geometry
glucose_05_c0.5_wD01,glucose_05_c0.5,glucose,5,0.5,D01,4,1,2992,2992,411.774,1636.998,66.647,333,1558,492,1717,159,159,crops/glucose/glucose_05_c0.5/glucose_05_c0.5_wD01.png,2.781,45,96,pass_geometry
glucose_05_c0.5_wD02,glucose_05_c0.5,glucose,5,0.5,D02,4,2,2992,2992,593.538,1634.754,69.34,512,1553,677,1718,165,165,crops/glucose/glucose_05_c0.5/glucose_05_c0.5_wD02.png,4.033,45,96,pass_geometry
glucose_05_c0.5_wD03,glucose_05_c0.5,glucose,5,0.5,D03,4,3,2992,2992,775.302,1628.022,60.364,703,1556,848,1701,145,145,crops/glucose/glucose_05_c0.5/glucose_05_c0.5_wD03.png,4.483,45,96,pass_geometry
glucose_05_c0.5_wD04,glucose_05_c0.5,glucose,5,0.5,D04,4,4,2992,2992,959.31,1616.802,64.852,882,1540,1037,1695,155,155,crops/glucose/glucose_05_c0.5/glucose_05_c0.5_wD04.png,5.972,45,96,pass_geometry
glucose_05_c0.5_wD05,glucose_05_c0.5,glucose,5,0.5,D05,4,5,2992,2992,1143.318,1614.558,60.812,1071,1543,1216,1688,145,145,crops/glucose/glucose_05_c0.5/glucose_05_c0.5_wD05.png,3.096,45,96,pass_geometry
glucose_05_c0.5_wD06,glucose_05_c0.5,glucose,5,0.5,D06,4,6,2992,2992,1320.594,1610.07,64.852,1244,1533,1399,1688,155,155,crops/glucose/glucose_05_c0.5/glucose_05_c0.5_wD06.png,8.729,45,96,pass_geometry
glucose_05_c0.5_wD07,glucose_05_c0.5,glucose,5,0.5,D07,4,7,2992,2992,1513.578,1603.338,69.564,1431,1520,1598,1687,167,167,crops/glucose/glucose_05_c0.5/glucose_05_c0.5_wD07.png,2.186,45,96,pass_geometry
glucose_05_c0.5_wD08,glucose_05_c0.5,glucose,5,0.5,D08,4,8,2992,2992,1695.342,1598.85,60.588,1623,1527,1768,1672,145,145,crops/glucose/glucose_05_c0.5/glucose_05_c0.5_wD08.png,1.798,45,96,pass_geometry
glucose_05_c0.5_wD09,glucose_05_c0.5,glucose,5,0.5,D09,4,9,2992,2992,1879.35,1594.362,60.139,1808,1523,1951,1666,143,143,crops/glucose/glucose_05_c0.5/glucose_05_c0.5_wD09.png,1.46,45,96,pass_geometry
glucose_05_c0.5_wD10,glucose_05_c0.5,glucose,5,0.5,D10,4,10,2992,2992,2065.602,1585.386,65.749,1988,1507,2145,1664,157,157,crops/glucose/glucose_05_c0.5/glucose_05_c0.5_wD10.png,3.704,45,96,pass_geometry
glucose_05_c0.5_wD11,glucose_05_c0.5,glucose,5,0.5,D11,4,11,2992,2992,2249.61,1583.142,69.115,2168,1501,2333,1666,165,165,crops/glucose/glucose_05_c0.5/glucose_05_c0.5_wD11.png,0.445,45,96,pass_geometry
glucose_05_c0.5_wD12,glucose_05_c0.5,glucose,5,0.5,D12,4,12,2992,2992,2433.618,1583.142,71.808,2349,1498,2520,1669,171,171,crops/glucose/glucose_05_c0.5/glucose_05_c0.5_wD12.png,5.074,45,96,pass_geometry
glucose_05_c0.5_wE01,glucose_05_c0.5,glucose,5,0.5,E01,5,1,2992,2992,416.262,1823.25,70.237,333,1740,500,1907,167,167,crops/glucose/glucose_05_c0.5/glucose_05_c0.5_wE01.png,3.691,45,96,pass_geometry
glucose_05_c0.5_wE02,glucose_05_c0.5,glucose,5,0.5,E02,5,2,2992,2992,602.514,1814.274,63.281,528,1739,679,1890,151,151,crops/glucose/glucose_05_c0.5/glucose_05_c0.5_wE02.png,1.45,45,96,pass_geometry
glucose_05_c0.5_wE03,glucose_05_c0.5,glucose,5,0.5,E03,5,3,2992,2992,784.278,1812.03,60.588,712,1740,857,1885,145,145,crops/glucose/glucose_05_c0.5/glucose_05_c0.5_wE03.png,2.423,45,96,pass_geometry
glucose_05_c0.5_wE04,glucose_05_c0.5,glucose,5,0.5,E04,5,4,2992,2992,968.286,1803.054,70.91,884,1719,1053,1888,169,169,crops/glucose/glucose_05_c0.5/glucose_05_c0.5_wE04.png,1.456,45,96,pass_geometry
glucose_05_c0.5_wE05,glucose_05_c0.5,glucose,5,0.5,E05,5,5,2992,2992,1154.538,1798.566,67.993,1074,1718,1237,1881,163,163,crops/glucose/glucose_05_c0.5/glucose_05_c0.5_wE05.png,3.592,45,96,pass_geometry
glucose_05_c0.5_wE06,glucose_05_c0.5,glucose,5,0.5,E06,5,6,2992,2992,1340.79,1794.078,65.749,1263,1716,1420,1873,157,157,crops/glucose/glucose_05_c0.5/glucose_05_c0.5_wE06.png,6.164,45,96,pass_geometry
glucose_05_c0.5_wE07,glucose_05_c0.5,glucose,5,0.5,E07,5,7,2992,2992,1522.554,1794.078,64.403,1447,1718,1600,1871,153,153,crops/glucose/glucose_05_c0.5/glucose_05_c0.5_wE07.png,7.065,45,96,pass_geometry
glucose_05_c0.5_wE08,glucose_05_c0.5,glucose,5,0.5,E08,5,8,2992,2992,1704.318,1782.858,60.364,1632,1711,1777,1856,145,145,crops/glucose/glucose_05_c0.5/glucose_05_c0.5_wE08.png,1.677,45,96,pass_geometry
glucose_05_c0.5_wE09,glucose_05_c0.5,glucose,5,0.5,E09,5,9,2992,2992,1888.326,1778.37,68.218,1807,1697,1970,1860,163,163,crops/glucose/glucose_05_c0.5/glucose_05_c0.5_wE09.png,1.584,45,96,pass_geometry
glucose_05_c0.5_wE10,glucose_05_c0.5,glucose,5,0.5,E10,5,10,2992,2992,2074.578,1773.882,69.564,1992,1691,2159,1858,167,167,crops/glucose/glucose_05_c0.5/glucose_05_c0.5_wE10.png,3.507,45,96,pass_geometry
glucose_05_c0.5_wE11,glucose_05_c0.5,glucose,5,0.5,E11,5,11,2992,2992,2258.586,1776.126,66.422,2180,1697,2339,1856,159,159,crops/glucose/glucose_05_c0.5/glucose_05_c0.5_wE11.png,9.585,45,96,pass_geometry
glucose_05_c0.5_wE12,glucose_05_c0.5,glucose,5,0.5,E12,5,12,2992,2992,2447.082,1764.906,61.261,2374,1692,2521,1839,147,147,crops/glucose/glucose_05_c0.5/glucose_05_c0.5_wE12.png,6.797,45,96,pass_geometry
glucose_05_c0.5_wF01,glucose_05_c0.5,glucose,5,0.5,F01,6,1,2992,2992,414.018,2007.258,61.037,341,1934,488,2081,147,147,crops/glucose/glucose_05_c0.5/glucose_05_c0.5_wF01.png,9.421,45,96,pass_geometry
glucose_05_c0.5_wF02,glucose_05_c0.5,glucose,5,0.5,F02,6,2,2992,2992,604.758,2000.526,70.237,522,1918,689,2085,167,167,crops/glucose/glucose_05_c0.5/glucose_05_c0.5_wF02.png,2.824,45,96,pass_geometry
glucose_05_c0.5_wF03,glucose_05_c0.5,glucose,5,0.5,F03,6,3,2992,2992,786.522,1993.794,69.788,704,1911,871,2078,167,167,crops/glucose/glucose_05_c0.5/glucose_05_c0.5_wF03.png,2.598,45,96,pass_geometry
glucose_05_c0.5_wF04,glucose_05_c0.5,glucose,5,0.5,F04,6,4,2992,2992,970.53,1991.55,68.218,890,1911,1053,2074,163,163,crops/glucose/glucose_05_c0.5/glucose_05_c0.5_wF04.png,4.563,45,96,pass_geometry
glucose_05_c0.5_wF05,glucose_05_c0.5,glucose,5,0.5,F05,6,5,2992,2992,1152.294,1982.574,69.564,1069,1900,1236,2067,167,167,crops/glucose/glucose_05_c0.5/glucose_05_c0.5_wF05.png,3.802,45,96,pass_geometry
glucose_05_c0.5_wF06,glucose_05_c0.5,glucose,5,0.5,F06,6,6,2992,2992,1338.546,1978.086,60.588,1267,1906,1412,2051,145,145,crops/glucose/glucose_05_c0.5/glucose_05_c0.5_wF06.png,1.895,45,96,pass_geometry
glucose_05_c0.5_wF07,glucose_05_c0.5,glucose,5,0.5,F07,6,7,2992,2992,1527.042,1969.11,65.3,1449,1891,1606,2048,157,157,crops/glucose/glucose_05_c0.5/glucose_05_c0.5_wF07.png,3.826,45,96,pass_geometry
glucose_05_c0.5_wF08,glucose_05_c0.5,glucose,5,0.5,F08,6,8,2992,2992,1708.806,1966.866,61.261,1636,1894,1783,2041,147,147,crops/glucose/glucose_05_c0.5/glucose_05_c0.5_wF08.png,0.536,45,96,pass_geometry
glucose_05_c0.5_wF09,glucose_05_c0.5,glucose,5,0.5,F09,6,9,2992,2992,1890.57,1960.134,68.442,1810,1879,1973,2042,163,163,crops/glucose/glucose_05_c0.5/glucose_05_c0.5_wF09.png,2.763,45,96,pass_geometry
glucose_05_c0.5_wF10,glucose_05_c0.5,glucose,5,0.5,F10,6,10,2992,2992,2074.578,1957.89,69.115,1993,1876,2158,2041,165,165,crops/glucose/glucose_05_c0.5/glucose_05_c0.5_wF10.png,3.933,45,96,pass_geometry
glucose_05_c0.5_wF11,glucose_05_c0.5,glucose,5,0.5,F11,6,11,2992,2992,2260.83,1957.89,65.076,2184,1881,2339,2036,155,155,crops/glucose/glucose_05_c0.5/glucose_05_c0.5_wF11.png,7.597,45,96,pass_geometry
glucose_05_c0.5_wF12,glucose_05_c0.5,glucose,5,0.5,F12,6,12,2992,2992,2447.082,1951.158,70.462,2363,1867,2532,2036,169,169,crops/glucose/glucose_05_c0.5/glucose_05_c0.5_wF12.png,5.941,45,96,pass_geometry
glucose_05_c0.5_wG01,glucose_05_c0.5,glucose,5,0.5,G01,7,1,2992,2992,420.75,2195.754,65.3,343,2118,500,2275,157,157,crops/glucose/glucose_05_c0.5/glucose_05_c0.5_wG01.png,11.03,45,96,pass_geometry
glucose_05_c0.5_wG02,glucose_05_c0.5,glucose,5,0.5,G02,7,2,2992,2992,604.758,2184.534,64.403,529,2109,682,2262,153,153,crops/glucose/glucose_05_c0.5/glucose_05_c0.5_wG02.png,6.065,45,96,pass_geometry
glucose_05_c0.5_wG03,glucose_05_c0.5,glucose,5,0.5,G03,7,3,2992,2992,793.254,2177.802,70.013,710,2095,877,2262,167,167,crops/glucose/glucose_05_c0.5/glucose_05_c0.5_wG03.png,1.714,45,96,pass_geometry
glucose_05_c0.5_wG04,glucose_05_c0.5,glucose,5,0.5,G04,7,4,2992,2992,979.506,2166.582,64.178,904,2091,1057,2244,153,153,crops/glucose/glucose_05_c0.5/glucose_05_c0.5_wG04.png,4.961,45,96,pass_geometry
glucose_05_c0.5_wG05,glucose_05_c0.5,glucose,5,0.5,G05,7,5,2992,2992,1159.026,2166.582,60.588,1087,2095,1232,2240,145,145,crops/glucose/glucose_05_c0.5/glucose_05_c0.5_wG05.png,2.286,45,96,pass_geometry
glucose_05_c0.5_wG06,glucose_05_c0.5,glucose,5,0.5,G06,7,6,2992,2992,1347.522,2162.094,65.076,1271,2085,1426,2240,155,155,crops/glucose/glucose_05_c0.5/glucose_05_c0.5_wG06.png,2.539,45,96,pass_geometry
glucose_05_c0.5_wG07,glucose_05_c0.5,glucose,5,0.5,G07,7,7,2992,2992,1527.042,2157.606,69.788,1444,2075,1611,2242,167,167,crops/glucose/glucose_05_c0.5/glucose_05_c0.5_wG07.png,3.465,45,96,pass_geometry
glucose_05_c0.5_wG08,glucose_05_c0.5,glucose,5,0.5,G08,7,8,2992,2992,1713.294,2146.386,64.403,1637,2070,1790,2223,153,153,crops/glucose/glucose_05_c0.5/glucose_05_c0.5_wG08.png,4.187,45,96,pass_geometry
glucose_05_c0.5_wG09,glucose_05_c0.5,glucose,5,0.5,G09,7,9,2992,2992,1895.058,2139.654,64.403,1819,2064,1972,2217,153,153,crops/glucose/glucose_05_c0.5/glucose_05_c0.5_wG09.png,7.044,45,96,pass_geometry
glucose_05_c0.5_wG10,glucose_05_c0.5,glucose,5,0.5,G10,7,10,2992,2992,2083.554,2144.142,67.096,2004,2064,2165,2225,161,161,crops/glucose/glucose_05_c0.5/glucose_05_c0.5_wG10.png,4.152,45,96,pass_geometry
glucose_05_c0.5_wG11,glucose_05_c0.5,glucose,5,0.5,G11,7,11,2992,2992,2263.074,2135.166,65.974,2185,2057,2342,2214,157,157,crops/glucose/glucose_05_c0.5/glucose_05_c0.5_wG11.png,6.653,45,96,pass_geometry
glucose_05_c0.5_wG12,glucose_05_c0.5,glucose,5,0.5,G12,7,12,2992,2992,2456.058,2137.41,67.769,2376,2057,2537,2218,161,161,crops/glucose/glucose_05_c0.5/glucose_05_c0.5_wG12.png,7.715,45,96,pass_geometry
glucose_05_c0.5_wH01,glucose_05_c0.5,glucose,5,0.5,H01,8,1,2992,2992,431.97,2377.518,65.076,355,2301,510,2456,155,155,crops/glucose/glucose_05_c0.5/glucose_05_c0.5_wH01.png,7.488,45,96,pass_geometry
glucose_05_c0.5_wH02,glucose_05_c0.5,glucose,5,0.5,H02,8,2,2992,2992,622.71,2357.322,64.403,547,2281,700,2434,153,153,crops/glucose/glucose_05_c0.5/glucose_05_c0.5_wH02.png,11.594,45,96,pass_geometry
glucose_05_c0.5_wH03,glucose_05_c0.5,glucose,5,0.5,H03,8,3,2992,2992,804.474,2350.59,64.627,727,2274,882,2429,155,155,crops/glucose/glucose_05_c0.5/glucose_05_c0.5_wH03.png,11.533,45,96,pass_geometry
glucose_05_c0.5_wH04,glucose_05_c0.5,glucose,5,0.5,H04,8,4,2992,2992,986.238,2352.834,61.934,912,2279,1061,2428,149,149,crops/glucose/glucose_05_c0.5/glucose_05_c0.5_wH04.png,4.764,45,96,pass_geometry
glucose_05_c0.5_wH05,glucose_05_c0.5,glucose,5,0.5,H05,8,5,2992,2992,1165.758,2343.858,65.076,1089,2267,1244,2422,155,155,crops/glucose/glucose_05_c0.5/glucose_05_c0.5_wH05.png,6.243,45,96,pass_geometry
glucose_05_c0.5_wH06,glucose_05_c0.5,glucose,5,0.5,H06,8,6,2992,2992,1360.986,2339.37,63.505,1286,2264,1437,2415,151,151,crops/glucose/glucose_05_c0.5/glucose_05_c0.5_wH06.png,11.653,45,96,pass_geometry
glucose_05_c0.5_wH07,glucose_05_c0.5,glucose,5,0.5,H07,8,7,2992,2992,1538.262,2339.37,62.383,1464,2265,1613,2414,149,149,crops/glucose/glucose_05_c0.5/glucose_05_c0.5_wH07.png,2.826,45,96,pass_geometry
glucose_05_c0.5_wH08,glucose_05_c0.5,glucose,5,0.5,H08,8,8,2992,2992,1722.27,2332.638,68.891,1640,2251,1805,2416,165,165,crops/glucose/glucose_05_c0.5/glucose_05_c0.5_wH08.png,2.954,45,96,pass_geometry
glucose_05_c0.5_wH09,glucose_05_c0.5,glucose,5,0.5,H09,8,9,2992,2992,1908.522,2325.906,65.525,1831,2248,1988,2405,157,157,crops/glucose/glucose_05_c0.5/glucose_05_c0.5_wH09.png,4.963,45,96,pass_geometry
glucose_05_c0.5_wH10,glucose_05_c0.5,glucose,5,0.5,H10,8,10,2992,2992,2092.53,2321.418,67.32,2013,2241,2174,2402,161,161,crops/glucose/glucose_05_c0.5/glucose_05_c0.5_wH10.png,3.772,45,96,pass_geometry
glucose_05_c0.5_wH11,glucose_05_c0.5,glucose,5,0.5,H11,8,11,2992,2992,2272.05,2316.93,66.647,2193,2238,2352,2397,159,159,crops/glucose/glucose_05_c0.5/glucose_05_c0.5_wH11.png,5.26,45,96,pass_geometry
glucose_05_c0.5_wH12,glucose_05_c0.5,glucose,5,0.5,H12,8,12,2992,2992,2467.278,2316.93,67.096,2387,2237,2548,2398,161,161,crops/glucose/glucose_05_c0.5/glucose_05_c0.5_wH12.png,5.484,45,96,pass_geometry
glucose_06_c1_wA01,glucose_06_c1,glucose,6,1.0,A01,1,1,2992,2992,425.238,779.79,59.69,354,709,497,852,143,143,crops/glucose/glucose_06_c1/glucose_06_c1_wA01.png,3.14,45,96,pass_geometry
glucose_06_c1_wA02,glucose_06_c1,glucose,6,1.0,A02,1,2,2992,2992,609.246,777.546,64.852,532,701,687,856,155,155,crops/glucose/glucose_06_c1/glucose_06_c1_wA02.png,1.915,45,96,pass_geometry
glucose_06_c1_wA03,glucose_06_c1,glucose,6,1.0,A03,1,3,2992,2992,793.254,777.546,67.096,713,698,874,859,161,161,crops/glucose/glucose_06_c1/glucose_06_c1_wA03.png,3.534,45,96,pass_geometry
glucose_06_c1_wA04,glucose_06_c1,glucose,6,1.0,A04,1,4,2992,2992,981.75,768.57,64.403,906,693,1059,846,153,153,crops/glucose/glucose_06_c1/glucose_06_c1_wA04.png,4.307,45,96,pass_geometry
glucose_06_c1_wA05,glucose_06_c1,glucose,6,1.0,A05,1,5,2992,2992,1170.246,770.814,65.749,1092,693,1249,850,157,157,crops/glucose/glucose_06_c1/glucose_06_c1_wA05.png,9.41,45,96,pass_geometry
glucose_06_c1_wA06,glucose_06_c1,glucose,6,1.0,A06,1,6,2992,2992,1347.522,766.326,59.915,1277,695,1420,838,143,143,crops/glucose/glucose_06_c1/glucose_06_c1_wA06.png,3.555,45,96,pass_geometry
glucose_06_c1_wA07,glucose_06_c1,glucose,6,1.0,A07,1,7,2992,2992,1527.042,764.082,65.3,1449,686,1606,843,157,157,crops/glucose/glucose_06_c1/glucose_06_c1_wA07.png,4.773,45,96,pass_geometry
glucose_06_c1_wA08,glucose_06_c1,glucose,6,1.0,A08,1,8,2992,2992,1715.538,759.594,68.442,1635,679,1798,842,163,163,crops/glucose/glucose_06_c1/glucose_06_c1_wA08.png,3.939,45,96,pass_geometry
glucose_06_c1_wA09,glucose_06_c1,glucose,6,1.0,A09,1,9,2992,2992,1895.058,755.106,67.769,1815,675,1976,836,161,161,crops/glucose/glucose_06_c1/glucose_06_c1_wA09.png,3.505,45,96,pass_geometry
glucose_06_c1_wA10,glucose_06_c1,glucose,6,1.0,A10,1,10,2992,2992,2079.066,748.374,67.096,1999,668,2160,829,161,161,crops/glucose/glucose_06_c1/glucose_06_c1_wA10.png,2.985,45,96,pass_geometry
glucose_06_c1_wA11,glucose_06_c1,glucose,6,1.0,A11,1,11,2992,2992,2269.806,743.886,68.442,2189,663,2352,826,163,163,crops/glucose/glucose_06_c1/glucose_06_c1_wA11.png,3.706,45,96,pass_geometry
glucose_06_c1_wA12,glucose_06_c1,glucose,6,1.0,A12,1,12,2992,2992,2456.058,743.886,65.3,2378,666,2535,823,157,157,crops/glucose/glucose_06_c1/glucose_06_c1_wA12.png,5.328,45,96,pass_geometry
glucose_06_c1_wB01,glucose_06_c1,glucose,6,1.0,B01,2,1,2992,2992,425.238,959.31,61.71,352,886,499,1033,147,147,crops/glucose/glucose_06_c1/glucose_06_c1_wB01.png,4.729,45,96,pass_geometry
glucose_06_c1_wB02,glucose_06_c1,glucose,6,1.0,B02,2,2,2992,2992,613.734,959.31,69.788,531,876,698,1043,167,167,crops/glucose/glucose_06_c1/glucose_06_c1_wB02.png,1.795,45,96,pass_geometry
glucose_06_c1_wB03,glucose_06_c1,glucose,6,1.0,B03,2,3,2992,2992,802.23,954.822,66.647,723,876,882,1035,159,159,crops/glucose/glucose_06_c1/glucose_06_c1_wB03.png,6.597,45,96,pass_geometry
glucose_06_c1_wB04,glucose_06_c1,glucose,6,1.0,B04,2,4,2992,2992,981.75,957.066,65.749,904,879,1061,1036,157,157,crops/glucose/glucose_06_c1/glucose_06_c1_wB04.png,5.161,45,96,pass_geometry
glucose_06_c1_wB05,glucose_06_c1,glucose,6,1.0,B05,2,5,2992,2992,1159.026,950.334,64.403,1083,874,1236,1027,153,153,crops/glucose/glucose_06_c1/glucose_06_c1_wB05.png,4.914,45,96,pass_geometry
glucose_06_c1_wB06,glucose_06_c1,glucose,6,1.0,B06,2,6,2992,2992,1343.034,945.846,67.096,1263,866,1424,1027,161,161,crops/glucose/glucose_06_c1/glucose_06_c1_wB06.png,4.913,45,96,pass_geometry
glucose_06_c1_wB07,glucose_06_c1,glucose,6,1.0,B07,2,7,2992,2992,1533.774,941.358,61.037,1461,868,1608,1015,147,147,crops/glucose/glucose_06_c1/glucose_06_c1_wB07.png,1.559,45,96,pass_geometry
glucose_06_c1_wB08,glucose_06_c1,glucose,6,1.0,B08,2,8,2992,2992,1717.782,939.114,61.261,1645,866,1792,1013,147,147,crops/glucose/glucose_06_c1/glucose_06_c1_wB08.png,1.325,45,96,pass_geometry
glucose_06_c1_wB09,glucose_06_c1,glucose,6,1.0,B09,2,9,2992,2992,1899.546,939.114,65.525,1822,861,1979,1018,157,157,crops/glucose/glucose_06_c1/glucose_06_c1_wB09.png,4.781,45,96,pass_geometry
glucose_06_c1_wB10,glucose_06_c1,glucose,6,1.0,B10,2,10,2992,2992,2083.554,934.626,64.627,2007,858,2162,1013,155,155,crops/glucose/glucose_06_c1/glucose_06_c1_wB10.png,4.355,45,96,pass_geometry
glucose_06_c1_wB11,glucose_06_c1,glucose,6,1.0,B11,2,11,2992,2992,2274.294,930.138,64.627,2197,853,2352,1008,155,155,crops/glucose/glucose_06_c1/glucose_06_c1_wB11.png,4.007,45,96,pass_geometry
glucose_06_c1_wB12,glucose_06_c1,glucose,6,1.0,B12,2,12,2992,2992,2453.814,918.918,67.769,2374,839,2535,1000,161,161,crops/glucose/glucose_06_c1/glucose_06_c1_wB12.png,5.725,45,96,pass_geometry
glucose_06_c1_wC01,glucose_06_c1,glucose,6,1.0,C01,3,1,2992,2992,425.238,1141.074,71.359,340,1056,511,1227,171,171,crops/glucose/glucose_06_c1/glucose_06_c1_wC01.png,5.429,45,96,pass_geometry
glucose_06_c1_wC02,glucose_06_c1,glucose,6,1.0,C02,3,2,2992,2992,613.734,1141.074,71.135,530,1057,699,1226,169,169,crops/glucose/glucose_06_c1/glucose_06_c1_wC02.png,1.241,45,96,pass_geometry
glucose_06_c1_wC03,glucose_06_c1,glucose,6,1.0,C03,3,3,2992,2992,791.01,1141.074,68.218,710,1060,873,1223,163,163,crops/glucose/glucose_06_c1/glucose_06_c1_wC03.png,6.529,45,96,pass_geometry
glucose_06_c1_wC04,glucose_06_c1,glucose,6,1.0,C04,3,4,2992,2992,983.994,1129.854,67.993,903,1049,1066,1212,163,163,crops/glucose/glucose_06_c1/glucose_06_c1_wC04.png,5.729,45,96,pass_geometry
glucose_06_c1_wC05,glucose_06_c1,glucose,6,1.0,C05,3,5,2992,2992,1165.758,1136.586,65.3,1088,1059,1245,1216,157,157,crops/glucose/glucose_06_c1/glucose_06_c1_wC05.png,5.131,45,96,pass_geometry
glucose_06_c1_wC06,glucose_06_c1,glucose,6,1.0,C06,3,6,2992,2992,1347.522,1127.61,70.013,1265,1045,1432,1212,167,167,crops/glucose/glucose_06_c1/glucose_06_c1_wC06.png,2.954,45,96,pass_geometry
glucose_06_c1_wC07,glucose_06_c1,glucose,6,1.0,C07,3,7,2992,2992,1538.262,1118.634,66.871,1459,1040,1618,1199,159,159,crops/glucose/glucose_06_c1/glucose_06_c1_wC07.png,6.625,45,96,pass_geometry
glucose_06_c1_wC08,glucose_06_c1,glucose,6,1.0,C08,3,8,2992,2992,1717.782,1116.39,66.198,1639,1037,1798,1196,159,159,crops/glucose/glucose_06_c1/glucose_06_c1_wC08.png,5.254,45,96,pass_geometry
glucose_06_c1_wC09,glucose_06_c1,glucose,6,1.0,C09,3,9,2992,2992,1908.522,1118.634,66.871,1830,1040,1989,1199,159,159,crops/glucose/glucose_06_c1/glucose_06_c1_wC09.png,3.419,45,96,pass_geometry
glucose_06_c1_wC10,glucose_06_c1,glucose,6,1.0,C10,3,10,2992,2992,2088.042,1111.902,71.135,2004,1028,2173,1197,169,169,crops/glucose/glucose_06_c1/glucose_06_c1_wC10.png,3.309,45,96,pass_geometry
glucose_06_c1_wC11,glucose_06_c1,glucose,6,1.0,C11,3,11,2992,2992,2276.538,1109.658,71.135,2193,1026,2362,1195,169,169,crops/glucose/glucose_06_c1/glucose_06_c1_wC11.png,1.193,45,96,pass_geometry
glucose_06_c1_wC12,glucose_06_c1,glucose,6,1.0,C12,3,12,2992,2992,2465.034,1105.17,62.383,2391,1031,2540,1180,149,149,crops/glucose/glucose_06_c1/glucose_06_c1_wC12.png,4.151,45,96,pass_geometry
glucose_06_c1_wD01,glucose_06_c1,glucose,6,1.0,D01,4,1,2992,2992,425.238,1334.058,67.993,344,1253,507,1416,163,163,crops/glucose/glucose_06_c1/glucose_06_c1_wD01.png,6.745,45,96,pass_geometry
glucose_06_c1_wD02,glucose_06_c1,glucose,6,1.0,D02,4,2,2992,2992,613.734,1325.082,70.237,531,1242,698,1409,167,167,crops/glucose/glucose_06_c1/glucose_06_c1_wD02.png,0.186,45,96,pass_geometry
glucose_06_c1_wD03,glucose_06_c1,glucose,6,1.0,D03,4,3,2992,2992,799.986,1318.35,67.544,720,1238,881,1399,161,161,crops/glucose/glucose_06_c1/glucose_06_c1_wD03.png,3.82,45,96,pass_geometry
glucose_06_c1_wD04,glucose_06_c1,glucose,6,1.0,D04,4,4,2992,2992,977.262,1318.35,66.422,898,1239,1057,1398,159,159,crops/glucose/glucose_06_c1/glucose_06_c1_wD04.png,5.719,45,96,pass_geometry
glucose_06_c1_wD05,glucose_06_c1,glucose,6,1.0,D05,4,5,2992,2992,1165.758,1311.618,65.749,1088,1234,1245,1391,157,157,crops/glucose/glucose_06_c1/glucose_06_c1_wD05.png,3.959,45,96,pass_geometry
glucose_06_c1_wD06,glucose_06_c1,glucose,6,1.0,D06,4,6,2992,2992,1352.01,1311.618,71.135,1268,1228,1437,1397,169,169,crops/glucose/glucose_06_c1/glucose_06_c1_wD06.png,0.99,45,96,pass_geometry
glucose_06_c1_wD07,glucose_06_c1,glucose,6,1.0,D07,4,7,2992,2992,1540.506,1302.642,66.871,1462,1224,1621,1383,159,159,crops/glucose/glucose_06_c1/glucose_06_c1_wD07.png,5.954,45,96,pass_geometry
glucose_06_c1_wD08,glucose_06_c1,glucose,6,1.0,D08,4,8,2992,2992,1726.758,1304.886,66.647,1648,1226,1807,1385,159,159,crops/glucose/glucose_06_c1/glucose_06_c1_wD08.png,3.161,45,96,pass_geometry
glucose_06_c1_wD09,glucose_06_c1,glucose,6,1.0,D09,4,9,2992,2992,1906.278,1295.91,67.544,1826,1216,1987,1377,161,161,crops/glucose/glucose_06_c1/glucose_06_c1_wD09.png,6.126,45,96,pass_geometry
glucose_06_c1_wD10,glucose_06_c1,glucose,6,1.0,D10,4,10,2992,2992,2090.286,1291.422,68.666,2008,1209,2173,1374,165,165,crops/glucose/glucose_06_c1/glucose_06_c1_wD10.png,7.914,45,96,pass_geometry
glucose_06_c1_wD11,glucose_06_c1,glucose,6,1.0,D11,4,11,2992,2992,2281.026,1289.178,66.422,2202,1210,2361,1369,159,159,crops/glucose/glucose_06_c1/glucose_06_c1_wD11.png,5.356,45,96,pass_geometry
glucose_06_c1_wD12,glucose_06_c1,glucose,6,1.0,D12,4,12,2992,2992,2465.034,1289.178,69.115,2383,1207,2548,1372,165,165,crops/glucose/glucose_06_c1/glucose_06_c1_wD12.png,2.466,45,96,pass_geometry
glucose_06_c1_wE01,glucose_06_c1,glucose,6,1.0,E01,5,1,2992,2992,429.726,1506.846,65.749,352,1429,509,1586,157,157,crops/glucose/glucose_06_c1/glucose_06_c1_wE01.png,5.746,45,96,pass_geometry
glucose_06_c1_wE02,glucose_06_c1,glucose,6,1.0,E02,5,2,2992,2992,620.466,1511.334,69.788,537,1428,704,1595,167,167,crops/glucose/glucose_06_c1/glucose_06_c1_wE02.png,6.447,45,96,pass_geometry
glucose_06_c1_wE03,glucose_06_c1,glucose,6,1.0,E03,5,3,2992,2992,797.742,1500.114,64.178,722,1424,875,1577,153,153,crops/glucose/glucose_06_c1/glucose_06_c1_wE03.png,6.069,45,96,pass_geometry
glucose_06_c1_wE04,glucose_06_c1,glucose,6,1.0,E04,5,4,2992,2992,983.994,1500.114,67.769,904,1420,1065,1581,161,161,crops/glucose/glucose_06_c1/glucose_06_c1_wE04.png,2.589,45,96,pass_geometry
glucose_06_c1_wE05,glucose_06_c1,glucose,6,1.0,E05,5,5,2992,2992,1172.49,1497.87,72.257,1086,1412,1259,1585,173,173,crops/glucose/glucose_06_c1/glucose_06_c1_wE05.png,2.833,45,96,pass_geometry
glucose_06_c1_wE06,glucose_06_c1,glucose,6,1.0,E06,5,6,2992,2992,1358.742,1500.114,68.891,1277,1418,1442,1583,165,165,crops/glucose/glucose_06_c1/glucose_06_c1_wE06.png,5.24,45,96,pass_geometry
glucose_06_c1_wE07,glucose_06_c1,glucose,6,1.0,E07,5,7,2992,2992,1542.75,1495.626,63.73,1467,1420,1620,1573,153,153,crops/glucose/glucose_06_c1/glucose_06_c1_wE07.png,3.371,45,96,pass_geometry
glucose_06_c1_wE08,glucose_06_c1,glucose,6,1.0,E08,5,8,2992,2992,1722.27,1486.65,66.871,1643,1408,1802,1567,159,159,crops/glucose/glucose_06_c1/glucose_06_c1_wE08.png,5.446,45,96,pass_geometry
glucose_06_c1_wE09,glucose_06_c1,glucose,6,1.0,E09,5,9,2992,2992,1915.254,1486.65,71.359,1830,1402,2001,1573,171,171,crops/glucose/glucose_06_c1/glucose_06_c1_wE09.png,2.363,45,96,pass_geometry
glucose_06_c1_wE10,glucose_06_c1,glucose,6,1.0,E10,5,10,2992,2992,2097.018,1482.162,68.218,2016,1401,2179,1564,163,163,crops/glucose/glucose_06_c1/glucose_06_c1_wE10.png,2.137,45,96,pass_geometry
glucose_06_c1_wE11,glucose_06_c1,glucose,6,1.0,E11,5,11,2992,2992,2292.246,1482.162,67.544,2212,1402,2373,1563,161,161,crops/glucose/glucose_06_c1/glucose_06_c1_wE11.png,7.467,45,96,pass_geometry
glucose_06_c1_wE12,glucose_06_c1,glucose,6,1.0,E12,5,12,2992,2992,2476.254,1473.186,65.3,2398,1395,2555,1552,157,157,crops/glucose/glucose_06_c1/glucose_06_c1_wE12.png,5.244,45,96,pass_geometry
glucose_06_c1_wF01,glucose_06_c1,glucose,6,1.0,F01,6,1,2992,2992,429.726,1699.83,71.584,345,1615,516,1786,171,171,crops/glucose/glucose_06_c1/glucose_06_c1_wF01.png,2.289,45,96,pass_geometry
glucose_06_c1_wF02,glucose_06_c1,glucose,6,1.0,F02,6,2,2992,2992,620.466,1690.854,66.422,541,1612,700,1771,159,159,crops/glucose/glucose_06_c1/glucose_06_c1_wF02.png,6.308,45,96,pass_geometry
glucose_06_c1_wF03,glucose_06_c1,glucose,6,1.0,F03,6,3,2992,2992,799.986,1690.854,62.159,726,1617,875,1766,149,149,crops/glucose/glucose_06_c1/glucose_06_c1_wF03.png,0.726,45,96,pass_geometry
glucose_06_c1_wF04,glucose_06_c1,glucose,6,1.0,F04,6,4,2992,2992,988.482,1693.098,67.544,908,1613,1069,1774,161,161,crops/glucose/glucose_06_c1/glucose_06_c1_wF04.png,5.737,45,96,pass_geometry
glucose_06_c1_wF05,glucose_06_c1,glucose,6,1.0,F05,6,5,2992,2992,1170.246,1688.61,73.379,1083,1602,1258,1777,175,175,crops/glucose/glucose_06_c1/glucose_06_c1_wF05.png,4.53,45,96,pass_geometry
glucose_06_c1_wF06,glucose_06_c1,glucose,6,1.0,F06,6,6,2992,2992,1356.498,1684.122,62.608,1282,1610,1431,1759,149,149,crops/glucose/glucose_06_c1/glucose_06_c1_wF06.png,3.309,45,96,pass_geometry
glucose_06_c1_wF07,glucose_06_c1,glucose,6,1.0,F07,6,7,2992,2992,1540.506,1684.122,67.544,1461,1604,1622,1765,161,161,crops/glucose/glucose_06_c1/glucose_06_c1_wF07.png,7.19,45,96,pass_geometry
glucose_06_c1_wF08,glucose_06_c1,glucose,6,1.0,F08,6,8,2992,2992,1724.514,1679.634,66.422,1646,1601,1805,1760,159,159,crops/glucose/glucose_06_c1/glucose_06_c1_wF08.png,7.747,45,96,pass_geometry
glucose_06_c1_wF09,glucose_06_c1,glucose,6,1.0,F09,6,9,2992,2992,1915.254,1675.146,67.096,1835,1595,1996,1756,161,161,crops/glucose/glucose_06_c1/glucose_06_c1_wF09.png,4.062,45,96,pass_geometry
glucose_06_c1_wF10,glucose_06_c1,glucose,6,1.0,F10,6,10,2992,2992,2097.018,1668.414,69.34,2015,1586,2180,1751,165,165,crops/glucose/glucose_06_c1/glucose_06_c1_wF10.png,6.433,45,96,pass_geometry
glucose_06_c1_wF11,glucose_06_c1,glucose,6,1.0,F11,6,11,2992,2992,2290.002,1666.17,62.383,2216,1592,2365,1741,149,149,crops/glucose/glucose_06_c1/glucose_06_c1_wF11.png,1.303,45,96,pass_geometry
glucose_06_c1_wF12,glucose_06_c1,glucose,6,1.0,F12,6,12,2992,2992,2471.766,1661.682,67.993,2391,1581,2554,1744,163,163,crops/glucose/glucose_06_c1/glucose_06_c1_wF12.png,5.234,45,96,pass_geometry
glucose_06_c1_wG01,glucose_06_c1,glucose,6,1.0,G01,7,1,2992,2992,425.238,1886.082,66.422,346,1807,505,1966,159,159,crops/glucose/glucose_06_c1/glucose_06_c1_wG01.png,5.638,45,96,pass_geometry
glucose_06_c1_wG02,glucose_06_c1,glucose,6,1.0,G02,7,2,2992,2992,620.466,1881.594,70.91,536,1798,705,1967,169,169,crops/glucose/glucose_06_c1/glucose_06_c1_wG02.png,4.689,45,96,pass_geometry
glucose_06_c1_wG03,glucose_06_c1,glucose,6,1.0,G03,7,3,2992,2992,799.986,1874.862,67.993,719,1794,882,1957,163,163,crops/glucose/glucose_06_c1/glucose_06_c1_wG03.png,2.9,45,96,pass_geometry
glucose_06_c1_wG04,glucose_06_c1,glucose,6,1.0,G04,7,4,2992,2992,995.214,1874.862,67.993,914,1794,1077,1957,163,163,crops/glucose/glucose_06_c1/glucose_06_c1_wG04.png,7.239,45,96,pass_geometry
glucose_06_c1_wG05,glucose_06_c1,glucose,6,1.0,G05,7,5,2992,2992,1172.49,1870.374,61.486,1099,1797,1246,1944,147,147,crops/glucose/glucose_06_c1/glucose_06_c1_wG05.png,1.831,45,96,pass_geometry
glucose_06_c1_wG06,glucose_06_c1,glucose,6,1.0,G06,7,6,2992,2992,1360.986,1865.886,62.608,1287,1792,1436,1941,149,149,crops/glucose/glucose_06_c1/glucose_06_c1_wG06.png,1.547,45,96,pass_geometry
glucose_06_c1_wG07,glucose_06_c1,glucose,6,1.0,G07,7,7,2992,2992,1547.238,1861.398,71.584,1462,1776,1633,1947,171,171,crops/glucose/glucose_06_c1/glucose_06_c1_wG07.png,2.808,45,96,pass_geometry
glucose_06_c1_wG08,glucose_06_c1,glucose,6,1.0,G08,7,8,2992,2992,1740.222,1861.398,63.73,1664,1785,1817,1938,153,153,crops/glucose/glucose_06_c1/glucose_06_c1_wG08.png,6.277,45,96,pass_geometry
glucose_06_c1_wG09,glucose_06_c1,glucose,6,1.0,G09,7,9,2992,2992,1917.498,1856.91,70.91,1833,1773,2002,1942,169,169,crops/glucose/glucose_06_c1/glucose_06_c1_wG09.png,3.425,45,96,pass_geometry
glucose_06_c1_wG10,glucose_06_c1,glucose,6,1.0,G10,7,10,2992,2992,2103.75,1854.666,70.013,2021,1772,2188,1939,167,167,crops/glucose/glucose_06_c1/glucose_06_c1_wG10.png,4.055,45,96,pass_geometry
glucose_06_c1_wG11,glucose_06_c1,glucose,6,1.0,G11,7,11,2992,2992,2296.734,1856.91,67.544,2217,1777,2378,1938,161,161,crops/glucose/glucose_06_c1/glucose_06_c1_wG11.png,5.815,45,96,pass_geometry
glucose_06_c1_wG12,glucose_06_c1,glucose,6,1.0,G12,7,12,2992,2992,2476.254,1850.178,68.666,2394,1768,2559,1933,165,165,crops/glucose/glucose_06_c1/glucose_06_c1_wG12.png,6.325,45,96,pass_geometry
glucose_06_c1_wH01,glucose_06_c1,glucose,6,1.0,H01,8,1,2992,2992,440.946,2067.846,62.159,367,1994,516,2143,149,149,crops/glucose/glucose_06_c1/glucose_06_c1_wH01.png,10.621,45,96,pass_geometry
glucose_06_c1_wH02,glucose_06_c1,glucose,6,1.0,H02,8,2,2992,2992,631.686,2058.87,64.852,555,1982,710,2137,155,155,crops/glucose/glucose_06_c1/glucose_06_c1_wH02.png,16.935,45,96,pass_geometry
glucose_06_c1_wH03,glucose_06_c1,glucose,6,1.0,H03,8,3,2992,2992,815.694,2056.626,63.954,740,1981,893,2134,153,153,crops/glucose/glucose_06_c1/glucose_06_c1_wH03.png,14.419,45,96,pass_geometry
glucose_06_c1_wH04,glucose_06_c1,glucose,6,1.0,H04,8,4,2992,2992,1004.19,2054.382,68.442,923,1973,1086,2136,163,163,crops/glucose/glucose_06_c1/glucose_06_c1_wH04.png,15.76,45,96,pass_geometry
glucose_06_c1_wH05,glucose_06_c1,glucose,6,1.0,H05,8,5,2992,2992,1183.71,2054.382,71.808,1099,1969,1270,2140,171,171,crops/glucose/glucose_06_c1/glucose_06_c1_wH05.png,7.931,45,96,pass_geometry
glucose_06_c1_wH06,glucose_06_c1,glucose,6,1.0,H06,8,6,2992,2992,1367.718,2052.138,63.954,1292,1976,1445,2129,153,153,crops/glucose/glucose_06_c1/glucose_06_c1_wH06.png,4.989,45,96,pass_geometry
glucose_06_c1_wH07,glucose_06_c1,glucose,6,1.0,H07,8,7,2992,2992,1549.482,2043.162,65.525,1471,1965,1628,2122,157,157,crops/glucose/glucose_06_c1/glucose_06_c1_wH07.png,8.204,45,96,pass_geometry
glucose_06_c1_wH08,glucose_06_c1,glucose,6,1.0,H08,8,8,2992,2992,1744.71,2043.162,65.749,1667,1965,1824,2122,157,157,crops/glucose/glucose_06_c1/glucose_06_c1_wH08.png,8.836,45,96,pass_geometry
glucose_06_c1_wH09,glucose_06_c1,glucose,6,1.0,H09,8,9,2992,2992,1919.742,2040.918,67.544,1840,1961,2001,2122,161,161,crops/glucose/glucose_06_c1/glucose_06_c1_wH09.png,6.483,45,96,pass_geometry
glucose_06_c1_wH10,glucose_06_c1,glucose,6,1.0,H10,8,10,2992,2992,2114.97,2038.674,65.3,2037,1961,2194,2118,157,157,crops/glucose/glucose_06_c1/glucose_06_c1_wH10.png,4.269,45,96,pass_geometry
glucose_06_c1_wH11,glucose_06_c1,glucose,6,1.0,H11,8,11,2992,2992,2301.222,2036.43,60.812,2229,1964,2374,2109,145,145,crops/glucose/glucose_06_c1/glucose_06_c1_wH11.png,2.744,45,96,pass_geometry
glucose_06_c1_wH12,glucose_06_c1,glucose,6,1.0,H12,8,12,2992,2992,2491.962,2038.674,66.422,2413,1960,2572,2119,159,159,crops/glucose/glucose_06_c1/glucose_06_c1_wH12.png,5.389,45,96,pass_geometry
glucose_07_c2.5_wA01,glucose_07_c2.5,glucose,7,2.5,A01,1,1,2992,2992,337.722,799.986,70.91,254,716,423,885,169,169,crops/glucose/glucose_07_c2.5/glucose_07_c2.5_wA01.png,8.543,45,96,pass_geometry
glucose_07_c2.5_wA02,glucose_07_c2.5,glucose,7,2.5,A02,1,2,2992,2992,526.218,802.23,60.812,454,730,599,875,145,145,crops/glucose/glucose_07_c2.5/glucose_07_c2.5_wA02.png,11.063,45,96,pass_geometry
glucose_07_c2.5_wA03,glucose_07_c2.5,glucose,7,2.5,A03,1,3,2992,2992,705.738,802.23,67.32,626,722,787,883,161,161,crops/glucose/glucose_07_c2.5/glucose_07_c2.5_wA03.png,5.847,45,96,pass_geometry
glucose_07_c2.5_wA04,glucose_07_c2.5,glucose,7,2.5,A04,1,4,2992,2992,889.746,799.986,67.993,809,719,972,882,163,163,crops/glucose/glucose_07_c2.5/glucose_07_c2.5_wA04.png,4.348,45,96,pass_geometry
glucose_07_c2.5_wA05,glucose_07_c2.5,glucose,7,2.5,A05,1,5,2992,2992,1082.73,799.986,65.525,1005,722,1162,879,157,157,crops/glucose/glucose_07_c2.5/glucose_07_c2.5_wA05.png,11.5,45,96,pass_geometry
glucose_07_c2.5_wA06,glucose_07_c2.5,glucose,7,2.5,A06,1,6,2992,2992,1260.006,795.498,62.608,1186,721,1335,870,149,149,crops/glucose/glucose_07_c2.5/glucose_07_c2.5_wA06.png,2.906,45,96,pass_geometry
glucose_07_c2.5_wA07,glucose_07_c2.5,glucose,7,2.5,A07,1,7,2992,2992,1446.258,788.766,64.627,1369,712,1524,867,155,155,crops/glucose/glucose_07_c2.5/glucose_07_c2.5_wA07.png,2.772,45,96,pass_geometry
glucose_07_c2.5_wA08,glucose_07_c2.5,glucose,7,2.5,A08,1,8,2992,2992,1634.754,797.742,63.505,1560,723,1711,874,151,151,crops/glucose/glucose_07_c2.5/glucose_07_c2.5_wA08.png,9.498,45,96,pass_geometry
glucose_07_c2.5_wA09,glucose_07_c2.5,glucose,7,2.5,A09,1,9,2992,2992,1812.03,791.01,66.198,1733,712,1892,871,159,159,crops/glucose/glucose_07_c2.5/glucose_07_c2.5_wA09.png,7.068,45,96,pass_geometry
glucose_07_c2.5_wA10,glucose_07_c2.5,glucose,7,2.5,A10,1,10,2992,2992,2007.258,786.522,66.647,1928,708,2087,867,159,159,crops/glucose/glucose_07_c2.5/glucose_07_c2.5_wA10.png,3.121,45,96,pass_geometry
glucose_07_c2.5_wA11,glucose_07_c2.5,glucose,7,2.5,A11,1,11,2992,2992,2191.266,786.522,65.525,2113,709,2270,866,157,157,crops/glucose/glucose_07_c2.5/glucose_07_c2.5_wA11.png,3.778,45,96,pass_geometry
glucose_07_c2.5_wA12,glucose_07_c2.5,glucose,7,2.5,A12,1,12,2992,2992,2379.762,779.79,62.383,2306,706,2455,855,149,149,crops/glucose/glucose_07_c2.5/glucose_07_c2.5_wA12.png,1.241,45,96,pass_geometry
glucose_07_c2.5_wB01,glucose_07_c2.5,glucose,7,2.5,B01,2,1,2992,2992,339.966,988.482,65.525,262,910,419,1067,157,157,crops/glucose/glucose_07_c2.5/glucose_07_c2.5_wB01.png,8.295,45,96,pass_geometry
glucose_07_c2.5_wB02,glucose_07_c2.5,glucose,7,2.5,B02,2,2,2992,2992,526.218,990.726,65.525,448,913,605,1070,157,157,crops/glucose/glucose_07_c2.5/glucose_07_c2.5_wB02.png,10.254,45,96,pass_geometry
glucose_07_c2.5_wB03,glucose_07_c2.5,glucose,7,2.5,B03,2,3,2992,2992,710.226,988.482,66.647,631,909,790,1068,159,159,crops/glucose/glucose_07_c2.5/glucose_07_c2.5_wB03.png,8.753,45,96,pass_geometry
glucose_07_c2.5_wB04,glucose_07_c2.5,glucose,7,2.5,B04,2,4,2992,2992,896.478,979.506,67.993,815,899,978,1062,163,163,crops/glucose/glucose_07_c2.5/glucose_07_c2.5_wB04.png,8.579,45,96,pass_geometry
glucose_07_c2.5_wB05,glucose_07_c2.5,glucose,7,2.5,B05,2,5,2992,2992,1071.51,981.75,67.096,992,902,1153,1063,161,161,crops/glucose/glucose_07_c2.5/glucose_07_c2.5_wB05.png,3.141,45,96,pass_geometry
glucose_07_c2.5_wB06,glucose_07_c2.5,glucose,7,2.5,B06,2,6,2992,2992,1264.494,975.018,66.871,1185,896,1344,1055,159,159,crops/glucose/glucose_07_c2.5/glucose_07_c2.5_wB06.png,5.245,45,96,pass_geometry
glucose_07_c2.5_wB07,glucose_07_c2.5,glucose,7,2.5,B07,2,7,2992,2992,1448.502,977.262,61.934,1375,903,1524,1052,149,149,crops/glucose/glucose_07_c2.5/glucose_07_c2.5_wB07.png,2.002,45,96,pass_geometry
glucose_07_c2.5_wB08,glucose_07_c2.5,glucose,7,2.5,B08,2,8,2992,2992,1634.754,972.774,70.237,1552,890,1719,1057,167,167,crops/glucose/glucose_07_c2.5/glucose_07_c2.5_wB08.png,2.203,45,96,pass_geometry
glucose_07_c2.5_wB09,glucose_07_c2.5,glucose,7,2.5,B09,2,9,2992,2992,1818.762,975.018,64.852,1742,898,1897,1053,155,155,crops/glucose/glucose_07_c2.5/glucose_07_c2.5_wB09.png,2.869,45,96,pass_geometry
glucose_07_c2.5_wB10,glucose_07_c2.5,glucose,7,2.5,B10,2,10,2992,2992,2007.258,961.554,69.115,1925,880,2090,1045,165,165,crops/glucose/glucose_07_c2.5/glucose_07_c2.5_wB10.png,8.887,45,96,pass_geometry
glucose_07_c2.5_wB11,glucose_07_c2.5,glucose,7,2.5,B11,2,11,2992,2992,2191.266,966.042,70.237,2108,883,2275,1050,167,167,crops/glucose/glucose_07_c2.5/glucose_07_c2.5_wB11.png,3.59,45,96,pass_geometry
glucose_07_c2.5_wB12,glucose_07_c2.5,glucose,7,2.5,B12,2,12,2992,2992,2379.762,963.798,70.686,2296,880,2465,1049,169,169,crops/glucose/glucose_07_c2.5/glucose_07_c2.5_wB12.png,3.046,45,96,pass_geometry
glucose_07_c2.5_wC01,glucose_07_c2.5,glucose,7,2.5,C01,3,1,2992,2992,328.746,1168.002,66.198,250,1089,409,1248,159,159,crops/glucose/glucose_07_c2.5/glucose_07_c2.5_wC01.png,6.837,45,96,pass_geometry
glucose_07_c2.5_wC02,glucose_07_c2.5,glucose,7,2.5,C02,3,2,2992,2992,521.73,1170.246,71.808,437,1085,608,1256,171,171,crops/glucose/glucose_07_c2.5/glucose_07_c2.5_wC02.png,2.953,45,96,pass_geometry
glucose_07_c2.5_wC03,glucose_07_c2.5,glucose,7,2.5,C03,3,3,2992,2992,707.982,1168.002,62.159,634,1094,783,1243,149,149,crops/glucose/glucose_07_c2.5/glucose_07_c2.5_wC03.png,3.691,45,96,pass_geometry
glucose_07_c2.5_wC04,glucose_07_c2.5,glucose,7,2.5,C04,3,4,2992,2992,889.746,1165.758,62.383,816,1092,965,1241,149,149,crops/glucose/glucose_07_c2.5/glucose_07_c2.5_wC04.png,1.671,45,96,pass_geometry
glucose_07_c2.5_wC05,glucose_07_c2.5,glucose,7,2.5,C05,3,5,2992,2992,1073.754,1163.514,61.71,1001,1091,1148,1238,147,147,crops/glucose/glucose_07_c2.5/glucose_07_c2.5_wC05.png,3.183,45,96,pass_geometry
glucose_07_c2.5_wC06,glucose_07_c2.5,glucose,7,2.5,C06,3,6,2992,2992,1260.006,1161.27,70.686,1176,1077,1345,1246,169,169,crops/glucose/glucose_07_c2.5/glucose_07_c2.5_wC06.png,3.369,45,96,pass_geometry
glucose_07_c2.5_wC07,glucose_07_c2.5,glucose,7,2.5,C07,3,7,2992,2992,1446.258,1165.758,67.096,1366,1086,1527,1247,161,161,crops/glucose/glucose_07_c2.5/glucose_07_c2.5_wC07.png,4.756,45,96,pass_geometry
glucose_07_c2.5_wC08,glucose_07_c2.5,glucose,7,2.5,C08,3,8,2992,2992,1634.754,1154.538,66.198,1556,1076,1715,1235,159,159,crops/glucose/glucose_07_c2.5/glucose_07_c2.5_wC08.png,5.358,45,96,pass_geometry
glucose_07_c2.5_wC09,glucose_07_c2.5,glucose,7,2.5,C09,3,9,2992,2992,1818.762,1156.782,71.584,1734,1072,1905,1243,171,171,crops/glucose/glucose_07_c2.5/glucose_07_c2.5_wC09.png,3.548,45,96,pass_geometry
glucose_07_c2.5_wC10,glucose_07_c2.5,glucose,7,2.5,C10,3,10,2992,2992,2007.258,1154.538,70.91,1923,1071,2092,1240,169,169,crops/glucose/glucose_07_c2.5/glucose_07_c2.5_wC10.png,2.377,45,96,pass_geometry
glucose_07_c2.5_wC11,glucose_07_c2.5,glucose,7,2.5,C11,3,11,2992,2992,2204.73,1150.05,64.403,2129,1074,2282,1227,153,153,crops/glucose/glucose_07_c2.5/glucose_07_c2.5_wC11.png,9.527,45,96,pass_geometry
glucose_07_c2.5_wC12,glucose_07_c2.5,glucose,7,2.5,C12,3,12,2992,2992,2384.25,1147.806,63.056,2309,1073,2460,1224,151,151,crops/glucose/glucose_07_c2.5/glucose_07_c2.5_wC12.png,4.61,45,96,pass_geometry
glucose_07_c2.5_wD01,glucose_07_c2.5,glucose,7,2.5,D01,4,1,2992,2992,335.478,1356.498,72.257,249,1270,422,1443,173,173,crops/glucose/glucose_07_c2.5/glucose_07_c2.5_wD01.png,1.358,45,96,pass_geometry
glucose_07_c2.5_wD02,glucose_07_c2.5,glucose,7,2.5,D02,4,2,2992,2992,519.486,1354.254,65.974,441,1276,598,1433,157,157,crops/glucose/glucose_07_c2.5/glucose_07_c2.5_wD02.png,2.216,45,96,pass_geometry
glucose_07_c2.5_wD03,glucose_07_c2.5,glucose,7,2.5,D03,4,3,2992,2992,701.25,1352.01,65.525,623,1274,780,1431,157,157,crops/glucose/glucose_07_c2.5/glucose_07_c2.5_wD03.png,5.629,45,96,pass_geometry
glucose_07_c2.5_wD04,glucose_07_c2.5,glucose,7,2.5,D04,4,4,2992,2992,891.99,1354.254,63.954,816,1278,969,1431,153,153,crops/glucose/glucose_07_c2.5/glucose_07_c2.5_wD04.png,1.731,45,96,pass_geometry
glucose_07_c2.5_wD05,glucose_07_c2.5,glucose,7,2.5,D05,4,5,2992,2992,1080.486,1347.522,66.198,1001,1269,1160,1428,159,159,crops/glucose/glucose_07_c2.5/glucose_07_c2.5_wD05.png,3.944,45,96,pass_geometry
glucose_07_c2.5_wD06,glucose_07_c2.5,glucose,7,2.5,D06,4,6,2992,2992,1257.762,1354.254,67.544,1178,1274,1339,1435,161,161,crops/glucose/glucose_07_c2.5/glucose_07_c2.5_wD06.png,8.517,45,96,pass_geometry
glucose_07_c2.5_wD07,glucose_07_c2.5,glucose,7,2.5,D07,4,7,2992,2992,1450.746,1347.522,70.462,1367,1264,1536,1433,169,169,crops/glucose/glucose_07_c2.5/glucose_07_c2.5_wD07.png,0.328,45,96,pass_geometry
glucose_07_c2.5_wD08,glucose_07_c2.5,glucose,7,2.5,D08,4,8,2992,2992,1634.754,1349.766,66.422,1556,1271,1715,1430,159,159,crops/glucose/glucose_07_c2.5/glucose_07_c2.5_wD08.png,5.106,45,96,pass_geometry
glucose_07_c2.5_wD09,glucose_07_c2.5,glucose,7,2.5,D09,4,9,2992,2992,1823.25,1343.034,71.359,1738,1258,1909,1429,171,171,crops/glucose/glucose_07_c2.5/glucose_07_c2.5_wD09.png,1.188,45,96,pass_geometry
glucose_07_c2.5_wD10,glucose_07_c2.5,glucose,7,2.5,D10,4,10,2992,2992,2011.746,1340.79,68.666,1930,1259,2095,1424,165,165,crops/glucose/glucose_07_c2.5/glucose_07_c2.5_wD10.png,1.201,45,96,pass_geometry
glucose_07_c2.5_wD11,glucose_07_c2.5,glucose,7,2.5,D11,4,11,2992,2992,2195.754,1345.278,66.422,2117,1266,2276,1425,159,159,crops/glucose/glucose_07_c2.5/glucose_07_c2.5_wD11.png,5.826,45,96,pass_geometry
glucose_07_c2.5_wD12,glucose_07_c2.5,glucose,7,2.5,D12,4,12,2992,2992,2386.494,1336.302,70.91,2302,1252,2471,1421,169,169,crops/glucose/glucose_07_c2.5/glucose_07_c2.5_wD12.png,2.131,45,96,pass_geometry
glucose_07_c2.5_wE01,glucose_07_c2.5,glucose,7,2.5,E01,5,1,2992,2992,342.21,1542.75,70.91,258,1459,427,1628,169,169,crops/glucose/glucose_07_c2.5/glucose_07_c2.5_wE01.png,5.108,45,96,pass_geometry
glucose_07_c2.5_wE02,glucose_07_c2.5,glucose,7,2.5,E02,5,2,2992,2992,528.462,1540.506,71.808,443,1456,614,1627,171,171,crops/glucose/glucose_07_c2.5/glucose_07_c2.5_wE02.png,5.901,45,96,pass_geometry
glucose_07_c2.5_wE03,glucose_07_c2.5,glucose,7,2.5,E03,5,3,2992,2992,710.226,1540.506,62.159,636,1467,785,1616,149,149,crops/glucose/glucose_07_c2.5/glucose_07_c2.5_wE03.png,2.188,45,96,pass_geometry
glucose_07_c2.5_wE04,glucose_07_c2.5,glucose,7,2.5,E04,5,4,2992,2992,896.478,1542.75,66.198,817,1464,976,1623,159,159,crops/glucose/glucose_07_c2.5/glucose_07_c2.5_wE04.png,5.446,45,96,pass_geometry
glucose_07_c2.5_wE05,glucose_07_c2.5,glucose,7,2.5,E05,5,5,2992,2992,1080.486,1536.018,61.037,1007,1463,1154,1610,147,147,crops/glucose/glucose_07_c2.5/glucose_07_c2.5_wE05.png,0.287,45,96,pass_geometry
glucose_07_c2.5_wE06,glucose_07_c2.5,glucose,7,2.5,E06,5,6,2992,2992,1268.982,1540.506,67.769,1189,1461,1350,1622,161,161,crops/glucose/glucose_07_c2.5/glucose_07_c2.5_wE06.png,6.534,45,96,pass_geometry
glucose_07_c2.5_wE07,glucose_07_c2.5,glucose,7,2.5,E07,5,7,2992,2992,1450.746,1529.286,66.647,1372,1450,1531,1609,159,159,crops/glucose/glucose_07_c2.5/glucose_07_c2.5_wE07.png,4.131,45,96,pass_geometry
glucose_07_c2.5_wE08,glucose_07_c2.5,glucose,7,2.5,E08,5,8,2992,2992,1634.754,1531.53,66.647,1556,1453,1715,1612,159,159,crops/glucose/glucose_07_c2.5/glucose_07_c2.5_wE08.png,4.848,45,96,pass_geometry
glucose_07_c2.5_wE09,glucose_07_c2.5,glucose,7,2.5,E09,5,9,2992,2992,1829.982,1531.53,66.198,1751,1453,1910,1612,159,159,crops/glucose/glucose_07_c2.5/glucose_07_c2.5_wE09.png,4.141,45,96,pass_geometry
glucose_07_c2.5_wE10,glucose_07_c2.5,glucose,7,2.5,E10,5,10,2992,2992,2016.234,1529.286,71.135,1932,1445,2101,1614,169,169,crops/glucose/glucose_07_c2.5/glucose_07_c2.5_wE10.png,3.189,45,96,pass_geometry
glucose_07_c2.5_wE11,glucose_07_c2.5,glucose,7,2.5,E11,5,11,2992,2992,2204.73,1527.042,69.34,2123,1445,2288,1610,165,165,crops/glucose/glucose_07_c2.5/glucose_07_c2.5_wE11.png,4.18,45,96,pass_geometry
glucose_07_c2.5_wE12,glucose_07_c2.5,glucose,7,2.5,E12,5,12,2992,2992,2404.446,1529.286,60.588,2332,1457,2477,1602,145,145,crops/glucose/glucose_07_c2.5/glucose_07_c2.5_wE12.png,17.087,45,96,pass_geometry
glucose_07_c2.5_wF01,glucose_07_c2.5,glucose,7,2.5,F01,6,1,2992,2992,337.722,1724.514,68.666,256,1643,421,1808,165,165,crops/glucose/glucose_07_c2.5/glucose_07_c2.5_wF01.png,3.614,45,96,pass_geometry
glucose_07_c2.5_wF02,glucose_07_c2.5,glucose,7,2.5,F02,6,2,2992,2992,521.73,1724.514,66.422,443,1646,602,1805,159,159,crops/glucose/glucose_07_c2.5/glucose_07_c2.5_wF02.png,3.283,45,96,pass_geometry
glucose_07_c2.5_wF03,glucose_07_c2.5,glucose,7,2.5,F03,6,3,2992,2992,710.226,1726.758,71.808,625,1642,796,1813,171,171,crops/glucose/glucose_07_c2.5/glucose_07_c2.5_wF03.png,1.988,45,96,pass_geometry
glucose_07_c2.5_wF04,glucose_07_c2.5,glucose,7,2.5,F04,6,4,2992,2992,894.234,1724.514,71.135,810,1641,979,1810,169,169,crops/glucose/glucose_07_c2.5/glucose_07_c2.5_wF04.png,2.289,45,96,pass_geometry
glucose_07_c2.5_wF05,glucose_07_c2.5,glucose,7,2.5,F05,6,5,2992,2992,1080.486,1729.002,66.198,1001,1650,1160,1809,159,159,crops/glucose/glucose_07_c2.5/glucose_07_c2.5_wF05.png,7.593,45,96,pass_geometry
glucose_07_c2.5_wF06,glucose_07_c2.5,glucose,7,2.5,F06,6,6,2992,2992,1271.226,1717.782,67.32,1191,1638,1352,1799,161,161,crops/glucose/glucose_07_c2.5/glucose_07_c2.5_wF06.png,3.516,45,96,pass_geometry
glucose_07_c2.5_wF07,glucose_07_c2.5,glucose,7,2.5,F07,6,7,2992,2992,1452.99,1720.026,70.686,1369,1636,1538,1805,169,169,crops/glucose/glucose_07_c2.5/glucose_07_c2.5_wF07.png,2.571,45,96,pass_geometry
glucose_07_c2.5_wF08,glucose_07_c2.5,glucose,7,2.5,F08,6,8,2992,2992,1639.242,1722.27,66.647,1560,1643,1719,1802,159,159,crops/glucose/glucose_07_c2.5/glucose_07_c2.5_wF08.png,5.949,45,96,pass_geometry
glucose_07_c2.5_wF09,glucose_07_c2.5,glucose,7,2.5,F09,6,9,2992,2992,1821.006,1715.538,67.32,1741,1636,1902,1797,161,161,crops/glucose/glucose_07_c2.5/glucose_07_c2.5_wF09.png,7.58,45,96,pass_geometry
glucose_07_c2.5_wF10,glucose_07_c2.5,glucose,7,2.5,F10,6,10,2992,2992,2013.99,1717.782,66.198,1935,1639,2094,1798,159,159,crops/glucose/glucose_07_c2.5/glucose_07_c2.5_wF10.png,4.432,45,96,pass_geometry
glucose_07_c2.5_wF11,glucose_07_c2.5,glucose,7,2.5,F11,6,11,2992,2992,2200.242,1717.782,65.076,2123,1641,2278,1796,155,155,crops/glucose/glucose_07_c2.5/glucose_07_c2.5_wF11.png,6.297,45,96,pass_geometry
glucose_07_c2.5_wF12,glucose_07_c2.5,glucose,7,2.5,F12,6,12,2992,2992,2390.982,1713.294,71.135,2307,1629,2476,1798,169,169,crops/glucose/glucose_07_c2.5/glucose_07_c2.5_wF12.png,2.868,45,96,pass_geometry
glucose_07_c2.5_wG01,glucose_07_c2.5,glucose,7,2.5,G01,7,1,2992,2992,333.234,1913.01,67.769,253,1833,414,1994,161,161,crops/glucose/glucose_07_c2.5/glucose_07_c2.5_wG01.png,7.49,45,96,pass_geometry
glucose_07_c2.5_wG02,glucose_07_c2.5,glucose,7,2.5,G02,7,2,2992,2992,528.462,1915.254,72.706,442,1829,615,2002,173,173,crops/glucose/glucose_07_c2.5/glucose_07_c2.5_wG02.png,4.231,45,96,pass_geometry
glucose_07_c2.5_wG03,glucose_07_c2.5,glucose,7,2.5,G03,7,3,2992,2992,710.226,1910.766,71.359,625,1826,796,1997,171,171,crops/glucose/glucose_07_c2.5/glucose_07_c2.5_wG03.png,1.959,45,96,pass_geometry
glucose_07_c2.5_wG04,glucose_07_c2.5,glucose,7,2.5,G04,7,4,2992,2992,896.478,1908.522,63.056,821,1834,972,1985,151,151,crops/glucose/glucose_07_c2.5/glucose_07_c2.5_wG04.png,1.571,45,96,pass_geometry
glucose_07_c2.5_wG05,glucose_07_c2.5,glucose,7,2.5,G05,7,5,2992,2992,1080.486,1908.522,70.013,997,1826,1164,1993,167,167,crops/glucose/glucose_07_c2.5/glucose_07_c2.5_wG05.png,3.957,45,96,pass_geometry
glucose_07_c2.5_wG06,glucose_07_c2.5,glucose,7,2.5,G06,7,6,2992,2992,1266.738,1906.278,69.34,1185,1824,1350,1989,165,165,crops/glucose/glucose_07_c2.5/glucose_07_c2.5_wG06.png,3.858,45,96,pass_geometry
glucose_07_c2.5_wG07,glucose_07_c2.5,glucose,7,2.5,G07,7,7,2992,2992,1455.234,1901.79,72.032,1370,1817,1541,1988,171,171,crops/glucose/glucose_07_c2.5/glucose_07_c2.5_wG07.png,3.024,45,96,pass_geometry
glucose_07_c2.5_wG08,glucose_07_c2.5,glucose,7,2.5,G08,7,8,2992,2992,1641.486,1904.034,61.486,1568,1831,1715,1978,147,147,crops/glucose/glucose_07_c2.5/glucose_07_c2.5_wG08.png,2.694,45,96,pass_geometry
glucose_07_c2.5_wG09,glucose_07_c2.5,glucose,7,2.5,G09,7,9,2992,2992,1829.982,1897.302,65.749,1752,1819,1909,1976,157,157,crops/glucose/glucose_07_c2.5/glucose_07_c2.5_wG09.png,3.967,45,96,pass_geometry
glucose_07_c2.5_wG10,glucose_07_c2.5,glucose,7,2.5,G10,7,10,2992,2992,2020.722,1899.546,67.32,1941,1820,2102,1981,161,161,crops/glucose/glucose_07_c2.5/glucose_07_c2.5_wG10.png,2.864,45,96,pass_geometry
glucose_07_c2.5_wG11,glucose_07_c2.5,glucose,7,2.5,G11,7,11,2992,2992,2202.486,1899.546,70.237,2119,1817,2286,1984,167,167,crops/glucose/glucose_07_c2.5/glucose_07_c2.5_wG11.png,3.003,45,96,pass_geometry
glucose_07_c2.5_wG12,glucose_07_c2.5,glucose,7,2.5,G12,7,12,2992,2992,2393.226,1897.302,65.076,2316,1820,2471,1975,155,155,crops/glucose/glucose_07_c2.5/glucose_07_c2.5_wG12.png,0.809,45,96,pass_geometry
glucose_07_c2.5_wH01,glucose_07_c2.5,glucose,7,2.5,H01,8,1,2992,2992,342.21,2101.506,70.013,259,2019,426,2186,167,167,crops/glucose/glucose_07_c2.5/glucose_07_c2.5_wH01.png,3.171,45,96,pass_geometry
glucose_07_c2.5_wH02,glucose_07_c2.5,glucose,7,2.5,H02,8,2,2992,2992,532.95,2099.262,62.159,459,2025,608,2174,149,149,crops/glucose/glucose_07_c2.5/glucose_07_c2.5_wH02.png,5.312,45,96,pass_geometry
glucose_07_c2.5_wH03,glucose_07_c2.5,glucose,7,2.5,H03,8,3,2992,2992,716.958,2097.018,62.383,643,2023,792,2172,149,149,crops/glucose/glucose_07_c2.5/glucose_07_c2.5_wH03.png,3.311,45,96,pass_geometry
glucose_07_c2.5_wH04,glucose_07_c2.5,glucose,7,2.5,H04,8,4,2992,2992,898.722,2092.53,69.115,817,2011,982,2176,165,165,crops/glucose/glucose_07_c2.5/glucose_07_c2.5_wH04.png,2.083,45,96,pass_geometry
glucose_07_c2.5_wH05,glucose_07_c2.5,glucose,7,2.5,H05,8,5,2992,2992,1089.462,2085.798,63.281,1014,2011,1165,2162,151,151,crops/glucose/glucose_07_c2.5/glucose_07_c2.5_wH05.png,7.724,45,96,pass_geometry
glucose_07_c2.5_wH06,glucose_07_c2.5,glucose,7,2.5,H06,8,6,2992,2992,1275.714,2092.53,64.627,1199,2016,1354,2171,155,155,crops/glucose/glucose_07_c2.5/glucose_07_c2.5_wH06.png,3.332,45,96,pass_geometry
glucose_07_c2.5_wH07,glucose_07_c2.5,glucose,7,2.5,H07,8,7,2992,2992,1461.966,2085.798,70.013,1379,2003,1546,2170,167,167,crops/glucose/glucose_07_c2.5/glucose_07_c2.5_wH07.png,5.056,45,96,pass_geometry
glucose_07_c2.5_wH08,glucose_07_c2.5,glucose,7,2.5,H08,8,8,2992,2992,1650.462,2085.798,67.993,1569,2005,1732,2168,163,163,crops/glucose/glucose_07_c2.5/glucose_07_c2.5_wH08.png,5.325,45,96,pass_geometry
glucose_07_c2.5_wH09,glucose_07_c2.5,glucose,7,2.5,H09,8,9,2992,2992,1834.47,2083.554,69.115,1752,2002,1917,2167,165,165,crops/glucose/glucose_07_c2.5/glucose_07_c2.5_wH09.png,3.978,45,96,pass_geometry
glucose_07_c2.5_wH10,glucose_07_c2.5,glucose,7,2.5,H10,8,10,2992,2992,2025.21,2081.31,67.769,1945,2001,2106,2162,161,161,crops/glucose/glucose_07_c2.5/glucose_07_c2.5_wH10.png,6.833,45,96,pass_geometry
glucose_07_c2.5_wH11,glucose_07_c2.5,glucose,7,2.5,H11,8,11,2992,2992,2204.73,2083.554,68.218,2124,2003,2287,2166,163,163,crops/glucose/glucose_07_c2.5/glucose_07_c2.5_wH11.png,2.83,45,96,pass_geometry
glucose_07_c2.5_wH12,glucose_07_c2.5,glucose,7,2.5,H12,8,12,2992,2992,2397.714,2081.31,72.032,2313,1996,2484,2167,171,171,crops/glucose/glucose_07_c2.5/glucose_07_c2.5_wH12.png,3.224,45,96,pass_geometry
glucose_08_c5_wA01,glucose_08_c5,glucose,8,5.0,A01,1,1,2992,2992,315.282,822.426,62.159,241,748,390,897,149,149,crops/glucose/glucose_08_c5/glucose_08_c5_wA01.png,4.092,45,96,pass_geometry
glucose_08_c5_wA02,glucose_08_c5,glucose,8,5.0,A02,1,2,2992,2992,499.29,815.694,57.222,431,748,568,885,137,137,crops/glucose/glucose_08_c5/glucose_08_c5_wA02.png,2.539,45,96,pass_geometry
glucose_08_c5_wA03,glucose_08_c5,glucose,8,5.0,A03,1,3,2992,2992,681.054,815.694,66.198,602,737,761,896,159,159,crops/glucose/glucose_08_c5/glucose_08_c5_wA03.png,2.855,45,96,pass_geometry
glucose_08_c5_wA04,glucose_08_c5,glucose,8,5.0,A04,1,4,2992,2992,860.574,815.694,56.324,794,749,929,884,135,135,crops/glucose/glucose_08_c5/glucose_08_c5_wA04.png,1.768,45,96,pass_geometry
glucose_08_c5_wA05,glucose_08_c5,glucose,8,5.0,A05,1,5,2992,2992,1037.85,815.694,60.812,966,744,1111,889,145,145,crops/glucose/glucose_08_c5/glucose_08_c5_wA05.png,3.102,45,96,pass_geometry
glucose_08_c5_wA06,glucose_08_c5,glucose,8,5.0,A06,1,6,2992,2992,1224.102,815.694,65.749,1146,738,1303,895,157,157,crops/glucose/glucose_08_c5/glucose_08_c5_wA06.png,4.574,45,96,pass_geometry
glucose_08_c5_wA07,glucose_08_c5,glucose,8,5.0,A07,1,7,2992,2992,1403.622,808.962,66.422,1325,730,1484,889,159,159,crops/glucose/glucose_08_c5/glucose_08_c5_wA07.png,1.671,45,96,pass_geometry
glucose_08_c5_wA08,glucose_08_c5,glucose,8,5.0,A08,1,8,2992,2992,1587.63,806.718,57.446,1520,739,1657,876,137,137,crops/glucose/glucose_08_c5/glucose_08_c5_wA08.png,3.422,45,96,pass_geometry
glucose_08_c5_wA09,glucose_08_c5,glucose,8,5.0,A09,1,9,2992,2992,1769.394,806.718,66.198,1690,728,1849,887,159,159,crops/glucose/glucose_08_c5/glucose_08_c5_wA09.png,2.046,45,96,pass_geometry
glucose_08_c5_wA10,glucose_08_c5,glucose,8,5.0,A10,1,10,2992,2992,1955.646,804.474,67.32,1876,724,2037,885,161,161,crops/glucose/glucose_08_c5/glucose_08_c5_wA10.png,5.604,45,96,pass_geometry
glucose_08_c5_wA11,glucose_08_c5,glucose,8,5.0,A11,1,11,2992,2992,2139.654,799.986,57.446,2072,732,2209,869,137,137,crops/glucose/glucose_08_c5/glucose_08_c5_wA11.png,7.829,45,96,pass_geometry
glucose_08_c5_wA12,glucose_08_c5,glucose,8,5.0,A12,1,12,2992,2992,2321.418,799.986,58.12,2252,731,2391,870,139,139,crops/glucose/glucose_08_c5/glucose_08_c5_wA12.png,5.613,45,96,pass_geometry
glucose_08_c5_wB01,glucose_08_c5,glucose,8,5.0,B01,2,1,2992,2992,317.526,1001.946,63.281,243,927,394,1078,151,151,crops/glucose/glucose_08_c5/glucose_08_c5_wB01.png,2.783,45,96,pass_geometry
glucose_08_c5_wB02,glucose_08_c5,glucose,8,5.0,B02,2,2,2992,2992,499.29,992.97,61.934,425,919,574,1068,149,149,crops/glucose/glucose_08_c5/glucose_08_c5_wB02.png,5.075,45,96,pass_geometry
glucose_08_c5_wB03,glucose_08_c5,glucose,8,5.0,B03,2,3,2992,2992,678.81,997.458,66.198,600,918,759,1077,159,159,crops/glucose/glucose_08_c5/glucose_08_c5_wB03.png,0.854,45,96,pass_geometry
glucose_08_c5_wB04,glucose_08_c5,glucose,8,5.0,B04,2,4,2992,2992,858.33,990.726,62.159,784,917,933,1066,149,149,crops/glucose/glucose_08_c5/glucose_08_c5_wB04.png,4.767,45,96,pass_geometry
glucose_08_c5_wB05,glucose_08_c5,glucose,8,5.0,B05,2,5,2992,2992,1042.338,995.214,65.525,964,917,1121,1074,157,157,crops/glucose/glucose_08_c5/glucose_08_c5_wB05.png,1.928,45,96,pass_geometry
glucose_08_c5_wB06,glucose_08_c5,glucose,8,5.0,B06,2,6,2992,2992,1217.37,990.726,60.364,1145,919,1290,1064,145,145,crops/glucose/glucose_08_c5/glucose_08_c5_wB06.png,5.414,45,96,pass_geometry
glucose_08_c5_wB07,glucose_08_c5,glucose,8,5.0,B07,2,7,2992,2992,1403.622,990.726,65.974,1326,913,1483,1070,157,157,crops/glucose/glucose_08_c5/glucose_08_c5_wB07.png,1.007,45,96,pass_geometry
glucose_08_c5_wB08,glucose_08_c5,glucose,8,5.0,B08,2,8,2992,2992,1589.874,992.97,67.32,1510,913,1671,1074,161,161,crops/glucose/glucose_08_c5/glucose_08_c5_wB08.png,4.328,45,96,pass_geometry
glucose_08_c5_wB09,glucose_08_c5,glucose,8,5.0,B09,2,9,2992,2992,1769.394,988.482,66.647,1690,909,1849,1068,159,159,crops/glucose/glucose_08_c5/glucose_08_c5_wB09.png,0.426,45,96,pass_geometry
glucose_08_c5_wB10,glucose_08_c5,glucose,8,5.0,B10,2,10,2992,2992,1948.914,990.726,63.73,1873,915,2026,1068,153,153,crops/glucose/glucose_08_c5/glucose_08_c5_wB10.png,4.528,45,96,pass_geometry
glucose_08_c5_wB11,glucose_08_c5,glucose,8,5.0,B11,2,11,2992,2992,2141.898,986.238,62.159,2068,912,2217,1061,149,149,crops/glucose/glucose_08_c5/glucose_08_c5_wB11.png,6.45,45,96,pass_geometry
glucose_08_c5_wB12,glucose_08_c5,glucose,8,5.0,B12,2,12,2992,2992,2323.662,988.482,61.71,2251,915,2398,1062,147,147,crops/glucose/glucose_08_c5/glucose_08_c5_wB12.png,5.776,45,96,pass_geometry
glucose_08_c5_wC01,glucose_08_c5,glucose,8,5.0,C01,3,1,2992,2992,317.526,1179.222,57.895,249,1110,388,1249,139,139,crops/glucose/glucose_08_c5/glucose_08_c5_wC01.png,0.409,45,96,pass_geometry
glucose_08_c5_wC02,glucose_08_c5,glucose,8,5.0,C02,3,2,2992,2992,499.29,1179.222,65.749,421,1101,578,1258,157,157,crops/glucose/glucose_08_c5/glucose_08_c5_wC02.png,1.326,45,96,pass_geometry
glucose_08_c5_wC03,glucose_08_c5,glucose,8,5.0,C03,3,3,2992,2992,676.566,1172.49,61.486,604,1099,751,1246,147,147,crops/glucose/glucose_08_c5/glucose_08_c5_wC03.png,5.378,45,96,pass_geometry
glucose_08_c5_wC04,glucose_08_c5,glucose,8,5.0,C04,3,4,2992,2992,858.33,1179.222,65.525,780,1101,937,1258,157,157,crops/glucose/glucose_08_c5/glucose_08_c5_wC04.png,3.573,45,96,pass_geometry
glucose_08_c5_wC05,glucose_08_c5,glucose,8,5.0,C05,3,5,2992,2992,1042.338,1176.978,66.647,963,1098,1122,1257,159,159,crops/glucose/glucose_08_c5/glucose_08_c5_wC05.png,2.086,45,96,pass_geometry
glucose_08_c5_wC06,glucose_08_c5,glucose,8,5.0,C06,3,6,2992,2992,1221.858,1172.49,56.773,1155,1105,1290,1240,135,135,crops/glucose/glucose_08_c5/glucose_08_c5_wC06.png,2.089,45,96,pass_geometry
glucose_08_c5_wC07,glucose_08_c5,glucose,8,5.0,C07,3,7,2992,2992,1408.11,1179.222,61.934,1334,1105,1483,1254,149,149,crops/glucose/glucose_08_c5/glucose_08_c5_wC07.png,6.94,45,96,pass_geometry
glucose_08_c5_wC08,glucose_08_c5,glucose,8,5.0,C08,3,8,2992,2992,1592.118,1174.734,61.934,1518,1101,1667,1250,149,149,crops/glucose/glucose_08_c5/glucose_08_c5_wC08.png,5.134,45,96,pass_geometry
glucose_08_c5_wC09,glucose_08_c5,glucose,8,5.0,C09,3,9,2992,2992,1776.126,1168.002,62.608,1702,1094,1851,1243,149,149,crops/glucose/glucose_08_c5/glucose_08_c5_wC09.png,5.859,45,96,pass_geometry
glucose_08_c5_wC10,glucose_08_c5,glucose,8,5.0,C10,3,10,2992,2992,1955.646,1163.514,61.486,1883,1091,2030,1238,147,147,crops/glucose/glucose_08_c5/glucose_08_c5_wC10.png,6.1,45,96,pass_geometry
glucose_08_c5_wC11,glucose_08_c5,glucose,8,5.0,C11,3,11,2992,2992,2139.654,1163.514,63.281,2065,1089,2216,1240,151,151,crops/glucose/glucose_08_c5/glucose_08_c5_wC11.png,5.2,45,96,pass_geometry
glucose_08_c5_wC12,glucose_08_c5,glucose,8,5.0,C12,3,12,2992,2992,2321.418,1172.49,62.383,2247,1098,2396,1247,149,149,crops/glucose/glucose_08_c5/glucose_08_c5_wC12.png,5.372,45,96,pass_geometry
glucose_08_c5_wD01,glucose_08_c5,glucose,8,5.0,D01,4,1,2992,2992,313.038,1360.986,61.261,240,1288,387,1435,147,147,crops/glucose/glucose_08_c5/glucose_08_c5_wD01.png,4.811,45,96,pass_geometry
glucose_08_c5_wD02,glucose_08_c5,glucose,8,5.0,D02,4,2,2992,2992,501.534,1365.474,63.281,427,1290,578,1441,151,151,crops/glucose/glucose_08_c5/glucose_08_c5_wD02.png,6.927,45,96,pass_geometry
glucose_08_c5_wD03,glucose_08_c5,glucose,8,5.0,D03,4,3,2992,2992,676.566,1360.986,67.32,597,1281,758,1442,161,161,crops/glucose/glucose_08_c5/glucose_08_c5_wD03.png,3.894,45,96,pass_geometry
glucose_08_c5_wD04,glucose_08_c5,glucose,8,5.0,D04,4,4,2992,2992,858.33,1354.254,60.588,786,1282,931,1427,145,145,crops/glucose/glucose_08_c5/glucose_08_c5_wD04.png,3.947,45,96,pass_geometry
glucose_08_c5_wD05,glucose_08_c5,glucose,8,5.0,D05,4,5,2992,2992,1042.338,1356.498,65.525,964,1278,1121,1435,157,157,crops/glucose/glucose_08_c5/glucose_08_c5_wD05.png,0.093,45,96,pass_geometry
glucose_08_c5_wD06,glucose_08_c5,glucose,8,5.0,D06,4,6,2992,2992,1221.858,1356.498,65.3,1144,1278,1301,1435,157,157,crops/glucose/glucose_08_c5/glucose_08_c5_wD06.png,2.745,45,96,pass_geometry
glucose_08_c5_wD07,glucose_08_c5,glucose,8,5.0,D07,4,7,2992,2992,1408.11,1356.498,56.998,1340,1288,1477,1425,137,137,crops/glucose/glucose_08_c5/glucose_08_c5_wD07.png,2.399,45,96,pass_geometry
glucose_08_c5_wD08,glucose_08_c5,glucose,8,5.0,D08,4,8,2992,2992,1589.874,1354.254,66.647,1511,1275,1670,1434,159,159,crops/glucose/glucose_08_c5/glucose_08_c5_wD08.png,0.814,45,96,pass_geometry
glucose_08_c5_wD09,glucose_08_c5,glucose,8,5.0,D09,4,9,2992,2992,1769.394,1352.01,65.076,1692,1275,1847,1430,155,155,crops/glucose/glucose_08_c5/glucose_08_c5_wD09.png,3.144,45,96,pass_geometry
glucose_08_c5_wD10,glucose_08_c5,glucose,8,5.0,D10,4,10,2992,2992,1953.402,1349.766,58.344,1884,1281,2023,1420,139,139,crops/glucose/glucose_08_c5/glucose_08_c5_wD10.png,3.095,45,96,pass_geometry
glucose_08_c5_wD11,glucose_08_c5,glucose,8,5.0,D11,4,11,2992,2992,2137.41,1352.01,57.446,2069,1284,2206,1421,137,137,crops/glucose/glucose_08_c5/glucose_08_c5_wD11.png,2.557,45,96,pass_geometry
glucose_08_c5_wD12,glucose_08_c5,glucose,8,5.0,D12,4,12,2992,2992,2323.662,1352.01,58.12,2255,1283,2394,1422,139,139,crops/glucose/glucose_08_c5/glucose_08_c5_wD12.png,2.296,45,96,pass_geometry
glucose_08_c5_wE01,glucose_08_c5,glucose,8,5.0,E01,5,1,2992,2992,322.014,1542.75,66.422,243,1464,402,1623,159,159,crops/glucose/glucose_08_c5/glucose_08_c5_wE01.png,4.481,45,96,pass_geometry
glucose_08_c5_wE02,glucose_08_c5,glucose,8,5.0,E02,5,2,2992,2992,503.778,1542.75,66.198,425,1464,584,1623,159,159,crops/glucose/glucose_08_c5/glucose_08_c5_wE02.png,5.607,45,96,pass_geometry
glucose_08_c5_wE03,glucose_08_c5,glucose,8,5.0,E03,5,3,2992,2992,685.542,1536.018,63.281,611,1461,762,1612,151,151,crops/glucose/glucose_08_c5/glucose_08_c5_wE03.png,6.889,45,96,pass_geometry
glucose_08_c5_wE04,glucose_08_c5,glucose,8,5.0,E04,5,4,2992,2992,867.306,1536.018,62.383,793,1462,942,1611,149,149,crops/glucose/glucose_08_c5/glucose_08_c5_wE04.png,6.698,45,96,pass_geometry
glucose_08_c5_wE05,glucose_08_c5,glucose,8,5.0,E05,5,5,2992,2992,1051.314,1536.018,60.139,980,1465,1123,1608,143,143,crops/glucose/glucose_08_c5/glucose_08_c5_wE05.png,8.416,45,96,pass_geometry
glucose_08_c5_wE06,glucose_08_c5,glucose,8,5.0,E06,5,6,2992,2992,1224.102,1536.018,61.261,1151,1463,1298,1610,147,147,crops/glucose/glucose_08_c5/glucose_08_c5_wE06.png,1.957,45,96,pass_geometry
glucose_08_c5_wE07,glucose_08_c5,glucose,8,5.0,E07,5,7,2992,2992,1405.866,1536.018,60.364,1334,1464,1479,1609,145,145,crops/glucose/glucose_08_c5/glucose_08_c5_wE07.png,2.213,45,96,pass_geometry
glucose_08_c5_wE08,glucose_08_c5,glucose,8,5.0,E08,5,8,2992,2992,1594.362,1538.262,65.3,1516,1460,1673,1617,157,157,crops/glucose/glucose_08_c5/glucose_08_c5_wE08.png,4.209,45,96,pass_geometry
glucose_08_c5_wE09,glucose_08_c5,glucose,8,5.0,E09,5,9,2992,2992,1773.882,1536.018,65.974,1696,1458,1853,1615,157,157,crops/glucose/glucose_08_c5/glucose_08_c5_wE09.png,0.943,45,96,pass_geometry
glucose_08_c5_wE10,glucose_08_c5,glucose,8,5.0,E10,5,10,2992,2992,1957.89,1536.018,66.871,1879,1457,2038,1616,159,159,crops/glucose/glucose_08_c5/glucose_08_c5_wE10.png,1.707,45,96,pass_geometry
glucose_08_c5_wE11,glucose_08_c5,glucose,8,5.0,E11,5,11,2992,2992,2146.386,1538.262,62.832,2071,1463,2222,1614,151,151,crops/glucose/glucose_08_c5/glucose_08_c5_wE11.png,6.681,45,96,pass_geometry
glucose_08_c5_wE12,glucose_08_c5,glucose,8,5.0,E12,5,12,2992,2992,2328.15,1536.018,56.998,2260,1468,2397,1605,137,137,crops/glucose/glucose_08_c5/glucose_08_c5_wE12.png,3.943,45,96,pass_geometry
glucose_08_c5_wF01,glucose_08_c5,glucose,8,5.0,F01,6,1,2992,2992,317.526,1724.514,66.422,239,1646,398,1805,159,159,crops/glucose/glucose_08_c5/glucose_08_c5_wF01.png,1.589,45,96,pass_geometry
glucose_08_c5_wF02,glucose_08_c5,glucose,8,5.0,F02,6,2,2992,2992,499.29,1722.27,66.198,420,1643,579,1802,159,159,crops/glucose/glucose_08_c5/glucose_08_c5_wF02.png,0.521,45,96,pass_geometry
glucose_08_c5_wF03,glucose_08_c5,glucose,8,5.0,F03,6,3,2992,2992,678.81,1724.514,66.871,600,1646,759,1805,159,159,crops/glucose/glucose_08_c5/glucose_08_c5_wF03.png,3.11,45,96,pass_geometry
glucose_08_c5_wF04,glucose_08_c5,glucose,8,5.0,F04,6,4,2992,2992,856.086,1720.026,62.159,782,1646,931,1795,149,149,crops/glucose/glucose_08_c5/glucose_08_c5_wF04.png,5.929,45,96,pass_geometry
glucose_08_c5_wF05,glucose_08_c5,glucose,8,5.0,F05,6,5,2992,2992,1042.338,1726.758,61.261,969,1654,1116,1801,147,147,crops/glucose/glucose_08_c5/glucose_08_c5_wF05.png,6.479,45,96,pass_geometry
glucose_08_c5_wF06,glucose_08_c5,glucose,8,5.0,F06,6,6,2992,2992,1221.858,1717.782,59.915,1151,1647,1294,1790,143,143,crops/glucose/glucose_08_c5/glucose_08_c5_wF06.png,5.031,45,96,pass_geometry
glucose_08_c5_wF07,glucose_08_c5,glucose,8,5.0,F07,6,7,2992,2992,1410.354,1720.026,67.769,1330,1640,1491,1801,161,161,crops/glucose/glucose_08_c5/glucose_08_c5_wF07.png,1.378,45,96,pass_geometry
glucose_08_c5_wF08,glucose_08_c5,glucose,8,5.0,F08,6,8,2992,2992,1592.118,1713.294,62.608,1518,1639,1667,1788,149,149,crops/glucose/glucose_08_c5/glucose_08_c5_wF08.png,5.364,45,96,pass_geometry
glucose_08_c5_wF09,glucose_08_c5,glucose,8,5.0,F09,6,9,2992,2992,1773.882,1713.294,62.159,1700,1639,1849,1788,149,149,crops/glucose/glucose_08_c5/glucose_08_c5_wF09.png,5.111,45,96,pass_geometry
glucose_08_c5_wF10,glucose_08_c5,glucose,8,5.0,F10,6,10,2992,2992,1953.402,1717.782,61.71,1880,1645,2027,1792,147,147,crops/glucose/glucose_08_c5/glucose_08_c5_wF10.png,6.205,45,96,pass_geometry
glucose_08_c5_wF11,glucose_08_c5,glucose,8,5.0,F11,6,11,2992,2992,2141.898,1717.782,56.773,2075,1651,2210,1786,135,135,crops/glucose/glucose_08_c5/glucose_08_c5_wF11.png,2.102,45,96,pass_geometry
glucose_08_c5_wF12,glucose_08_c5,glucose,8,5.0,F12,6,12,2992,2992,2325.906,1713.294,62.383,2252,1639,2401,1788,149,149,crops/glucose/glucose_08_c5/glucose_08_c5_wF12.png,3.73,45,96,pass_geometry
glucose_08_c5_wG01,glucose_08_c5,glucose,8,5.0,G01,7,1,2992,2992,310.794,1901.79,62.159,237,1828,386,1977,149,149,crops/glucose/glucose_08_c5/glucose_08_c5_wG01.png,7.556,45,96,pass_geometry
glucose_08_c5_wG02,glucose_08_c5,glucose,8,5.0,G02,7,2,2992,2992,492.558,1906.278,62.608,419,1832,568,1981,149,149,crops/glucose/glucose_08_c5/glucose_08_c5_wG02.png,6.632,45,96,pass_geometry
glucose_08_c5_wG03,glucose_08_c5,glucose,8,5.0,G03,7,3,2992,2992,683.298,1908.522,63.281,608,1834,759,1985,151,151,crops/glucose/glucose_08_c5/glucose_08_c5_wG03.png,5.254,45,96,pass_geometry
glucose_08_c5_wG04,glucose_08_c5,glucose,8,5.0,G04,7,4,2992,2992,860.574,1899.546,62.383,787,1826,936,1975,149,149,crops/glucose/glucose_08_c5/glucose_08_c5_wG04.png,4.493,45,96,pass_geometry
glucose_08_c5_wG05,glucose_08_c5,glucose,8,5.0,G05,7,5,2992,2992,1046.826,1899.546,64.403,971,1824,1124,1977,153,153,crops/glucose/glucose_08_c5/glucose_08_c5_wG05.png,4.143,45,96,pass_geometry
glucose_08_c5_wG06,glucose_08_c5,glucose,8,5.0,G06,7,6,2992,2992,1226.346,1897.302,63.73,1150,1821,1303,1974,153,153,crops/glucose/glucose_08_c5/glucose_08_c5_wG06.png,5.529,45,96,pass_geometry
glucose_08_c5_wG07,glucose_08_c5,glucose,8,5.0,G07,7,7,2992,2992,1408.11,1901.79,66.647,1329,1823,1488,1982,159,159,crops/glucose/glucose_08_c5/glucose_08_c5_wG07.png,2.371,45,96,pass_geometry
glucose_08_c5_wG08,glucose_08_c5,glucose,8,5.0,G08,7,8,2992,2992,1587.63,1906.278,62.383,1514,1832,1663,1981,149,149,crops/glucose/glucose_08_c5/glucose_08_c5_wG08.png,7.572,45,96,pass_geometry
glucose_08_c5_wG09,glucose_08_c5,glucose,8,5.0,G09,7,9,2992,2992,1773.882,1899.546,58.344,1705,1831,1844,1970,139,139,crops/glucose/glucose_08_c5/glucose_08_c5_wG09.png,4.011,45,96,pass_geometry
glucose_08_c5_wG10,glucose_08_c5,glucose,8,5.0,G10,7,10,2992,2992,1957.89,1906.278,61.71,1885,1833,2032,1980,147,147,crops/glucose/glucose_08_c5/glucose_08_c5_wG10.png,6.42,45,96,pass_geometry
glucose_08_c5_wG11,glucose_08_c5,glucose,8,5.0,G11,7,11,2992,2992,2139.654,1901.79,64.403,2064,1826,2217,1979,153,153,crops/glucose/glucose_08_c5/glucose_08_c5_wG11.png,6.325,45,96,pass_geometry
glucose_08_c5_wG12,glucose_08_c5,glucose,8,5.0,G12,7,12,2992,2992,2328.15,1901.79,66.871,2249,1823,2408,1982,159,159,crops/glucose/glucose_08_c5/glucose_08_c5_wG12.png,2.979,45,96,pass_geometry
glucose_08_c5_wH01,glucose_08_c5,glucose,8,5.0,H01,8,1,2992,2992,315.282,2090.286,66.871,236,2011,395,2170,159,159,crops/glucose/glucose_08_c5/glucose_08_c5_wH01.png,3.784,45,96,pass_geometry
glucose_08_c5_wH02,glucose_08_c5,glucose,8,5.0,H02,8,2,2992,2992,501.534,2090.286,67.544,422,2010,583,2171,161,161,crops/glucose/glucose_08_c5/glucose_08_c5_wH02.png,4.038,45,96,pass_geometry
glucose_08_c5_wH03,glucose_08_c5,glucose,8,5.0,H03,8,3,2992,2992,683.298,2088.042,67.096,603,2008,764,2169,161,161,crops/glucose/glucose_08_c5/glucose_08_c5_wH03.png,2.676,45,96,pass_geometry
glucose_08_c5_wH04,glucose_08_c5,glucose,8,5.0,H04,8,4,2992,2992,871.794,2085.798,61.934,798,2012,947,2161,149,149,crops/glucose/glucose_08_c5/glucose_08_c5_wH04.png,8.725,45,96,pass_geometry
glucose_08_c5_wH05,glucose_08_c5,glucose,8,5.0,H05,8,5,2992,2992,1046.826,2085.798,66.647,968,2007,1127,2166,159,159,crops/glucose/glucose_08_c5/glucose_08_c5_wH05.png,1.3,45,96,pass_geometry
glucose_08_c5_wH06,glucose_08_c5,glucose,8,5.0,H06,8,6,2992,2992,1228.59,2085.798,66.422,1150,2007,1309,2166,159,159,crops/glucose/glucose_08_c5/glucose_08_c5_wH06.png,0.226,45,96,pass_geometry
glucose_08_c5_wH07,glucose_08_c5,glucose,8,5.0,H07,8,7,2992,2992,1412.598,2081.31,62.383,1339,2007,1488,2156,149,149,crops/glucose/glucose_08_c5/glucose_08_c5_wH07.png,4.503,45,96,pass_geometry
glucose_08_c5_wH08,glucose_08_c5,glucose,8,5.0,H08,8,8,2992,2992,1596.606,2079.066,61.037,1524,2006,1671,2153,147,147,crops/glucose/glucose_08_c5/glucose_08_c5_wH08.png,6.531,45,96,pass_geometry
glucose_08_c5_wH09,glucose_08_c5,glucose,8,5.0,H09,8,9,2992,2992,1780.614,2083.554,57.222,1713,2016,1850,2153,137,137,crops/glucose/glucose_08_c5/glucose_08_c5_wH09.png,2.216,45,96,pass_geometry
glucose_08_c5_wH10,glucose_08_c5,glucose,8,5.0,H10,8,10,2992,2992,1966.866,2081.31,63.056,1892,2006,2043,2157,151,151,crops/glucose/glucose_08_c5/glucose_08_c5_wH10.png,5.031,45,96,pass_geometry
glucose_08_c5_wH11,glucose_08_c5,glucose,8,5.0,H11,8,11,2992,2992,2155.362,2085.798,63.056,2080,2011,2231,2162,151,151,crops/glucose/glucose_08_c5/glucose_08_c5_wH11.png,7.512,45,96,pass_geometry
glucose_08_c5_wH12,glucose_08_c5,glucose,8,5.0,H12,8,12,2992,2992,2339.37,2090.286,63.954,2263,2014,2416,2167,153,153,crops/glucose/glucose_08_c5/glucose_08_c5_wH12.png,8.783,45,96,pass_geometry
glucose_09_c10_wA01,glucose_09_c10,glucose,9,10.0,A01,1,1,2992,2992,445.434,768.57,64.627,368,692,523,847,155,155,crops/glucose/glucose_09_c10/glucose_09_c10_wA01.png,2.193,45,96,pass_geometry
glucose_09_c10_wA02,glucose_09_c10,glucose,9,10.0,A02,1,2,2992,2992,627.198,768.57,66.647,548,690,707,849,159,159,crops/glucose/glucose_09_c10/glucose_09_c10_wA02.png,2.781,45,96,pass_geometry
glucose_09_c10_wA03,glucose_09_c10,glucose,9,10.0,A03,1,3,2992,2992,804.474,759.594,60.364,732,688,877,833,145,145,crops/glucose/glucose_09_c10/glucose_09_c10_wA03.png,5.612,45,96,pass_geometry
glucose_09_c10_wA04,glucose_09_c10,glucose,9,10.0,A04,1,4,2992,2992,983.994,757.35,61.934,910,683,1059,832,149,149,crops/glucose/glucose_09_c10/glucose_09_c10_wA04.png,6.119,45,96,pass_geometry
glucose_09_c10_wA05,glucose_09_c10,glucose,9,10.0,A05,1,5,2992,2992,1165.758,759.594,65.076,1089,683,1244,838,155,155,crops/glucose/glucose_09_c10/glucose_09_c10_wA05.png,3.211,45,96,pass_geometry
glucose_09_c10_wA06,glucose_09_c10,glucose,9,10.0,A06,1,6,2992,2992,1347.522,757.35,66.422,1269,678,1428,837,159,159,crops/glucose/glucose_09_c10/glucose_09_c10_wA06.png,1.677,45,96,pass_geometry
glucose_09_c10_wA07,glucose_09_c10,glucose,9,10.0,A07,1,7,2992,2992,1527.042,759.594,62.159,1453,686,1602,835,149,149,crops/glucose/glucose_09_c10/glucose_09_c10_wA07.png,5.683,45,96,pass_geometry
glucose_09_c10_wA08,glucose_09_c10,glucose,9,10.0,A08,1,8,2992,2992,1708.806,746.13,64.178,1633,670,1786,823,153,153,crops/glucose/glucose_09_c10/glucose_09_c10_wA08.png,5.839,45,96,pass_geometry
glucose_09_c10_wA09,glucose_09_c10,glucose,9,10.0,A09,1,9,2992,2992,1888.326,748.374,67.544,1808,668,1969,829,161,161,crops/glucose/glucose_09_c10/glucose_09_c10_wA09.png,1.405,45,96,pass_geometry
glucose_09_c10_wA10,glucose_09_c10,glucose,9,10.0,A10,1,10,2992,2992,2067.846,741.642,62.832,1993,667,2144,818,151,151,crops/glucose/glucose_09_c10/glucose_09_c10_wA10.png,5.748,45,96,pass_geometry
glucose_09_c10_wA11,glucose_09_c10,glucose,9,10.0,A11,1,11,2992,2992,2249.61,746.13,62.832,2175,671,2326,822,151,151,crops/glucose/glucose_09_c10/glucose_09_c10_wA11.png,1.602,45,96,pass_geometry
glucose_09_c10_wA12,glucose_09_c10,glucose,9,10.0,A12,1,12,2992,2992,2440.35,737.154,63.281,2365,662,2516,813,151,151,crops/glucose/glucose_09_c10/glucose_09_c10_wA12.png,13.412,45,96,pass_geometry
glucose_09_c10_wB01,glucose_09_c10,glucose,9,10.0,B01,2,1,2992,2992,449.922,948.09,60.588,378,876,523,1021,145,145,crops/glucose/glucose_09_c10/glucose_09_c10_wB01.png,0.703,45,96,pass_geometry
glucose_09_c10_wB02,glucose_09_c10,glucose,9,10.0,B02,2,2,2992,2992,627.198,948.09,61.261,554,875,701,1022,147,147,crops/glucose/glucose_09_c10/glucose_09_c10_wB02.png,3.659,45,96,pass_geometry
glucose_09_c10_wB03,glucose_09_c10,glucose,9,10.0,B03,2,3,2992,2992,811.206,945.846,57.222,743,878,880,1015,137,137,crops/glucose/glucose_09_c10/glucose_09_c10_wB03.png,1.815,45,96,pass_geometry
glucose_09_c10_wB04,glucose_09_c10,glucose,9,10.0,B04,2,4,2992,2992,997.458,943.602,64.627,920,867,1075,1022,155,155,crops/glucose/glucose_09_c10/glucose_09_c10_wB04.png,6.306,45,96,pass_geometry
glucose_09_c10_wB05,glucose_09_c10,glucose,9,10.0,B05,2,5,2992,2992,1170.246,936.87,62.608,1096,863,1245,1012,149,149,crops/glucose/glucose_09_c10/glucose_09_c10_wB05.png,2.909,45,96,pass_geometry
glucose_09_c10_wB06,glucose_09_c10,glucose,9,10.0,B06,2,6,2992,2992,1354.254,939.114,57.895,1285,870,1424,1009,139,139,crops/glucose/glucose_09_c10/glucose_09_c10_wB06.png,3.034,45,96,pass_geometry
glucose_09_c10_wB07,glucose_09_c10,glucose,9,10.0,B07,2,7,2992,2992,1536.018,936.87,68.218,1455,856,1618,1019,163,163,crops/glucose/glucose_09_c10/glucose_09_c10_wB07.png,4.317,45,96,pass_geometry
glucose_09_c10_wB08,glucose_09_c10,glucose,9,10.0,B08,2,8,2992,2992,1713.294,939.114,63.505,1638,864,1789,1015,151,151,crops/glucose/glucose_09_c10/glucose_09_c10_wB08.png,6.954,45,96,pass_geometry
glucose_09_c10_wB09,glucose_09_c10,glucose,9,10.0,B09,2,9,2992,2992,1895.058,930.138,67.769,1815,850,1976,1011,161,161,crops/glucose/glucose_09_c10/glucose_09_c10_wB09.png,2.501,45,96,pass_geometry
glucose_09_c10_wB10,glucose_09_c10,glucose,9,10.0,B10,2,10,2992,2992,2067.846,927.894,61.037,1995,855,2142,1002,147,147,crops/glucose/glucose_09_c10/glucose_09_c10_wB10.png,4.734,45,96,pass_geometry
glucose_09_c10_wB11,glucose_09_c10,glucose,9,10.0,B11,2,11,2992,2992,2254.098,921.162,69.34,2172,839,2337,1004,165,165,crops/glucose/glucose_09_c10/glucose_09_c10_wB11.png,4.274,45,96,pass_geometry
glucose_09_c10_wB12,glucose_09_c10,glucose,9,10.0,B12,2,12,2992,2992,2440.35,921.162,66.647,2361,842,2520,1001,159,159,crops/glucose/glucose_09_c10/glucose_09_c10_wB12.png,8.207,45,96,pass_geometry
glucose_09_c10_wC01,glucose_09_c10,glucose,9,10.0,C01,3,1,2992,2992,454.41,1129.854,66.422,375,1051,534,1210,159,159,crops/glucose/glucose_09_c10/glucose_09_c10_wC01.png,2.355,45,96,pass_geometry
glucose_09_c10_wC02,glucose_09_c10,glucose,9,10.0,C02,3,2,2992,2992,633.93,1125.366,61.934,560,1051,709,1200,149,149,crops/glucose/glucose_09_c10/glucose_09_c10_wC02.png,2.178,45,96,pass_geometry
glucose_09_c10_wC03,glucose_09_c10,glucose,9,10.0,C03,3,3,2992,2992,815.694,1120.878,62.159,742,1047,891,1196,149,149,crops/glucose/glucose_09_c10/glucose_09_c10_wC03.png,4.5,45,96,pass_geometry
glucose_09_c10_wC04,glucose_09_c10,glucose,9,10.0,C04,3,4,2992,2992,997.458,1125.366,56.998,929,1057,1066,1194,137,137,crops/glucose/glucose_09_c10/glucose_09_c10_wC04.png,4.367,45,96,pass_geometry
glucose_09_c10_wC05,glucose_09_c10,glucose,9,10.0,C05,3,5,2992,2992,1179.222,1127.61,61.261,1106,1055,1253,1202,147,147,crops/glucose/glucose_09_c10/glucose_09_c10_wC05.png,8.789,45,96,pass_geometry
glucose_09_c10_wC06,glucose_09_c10,glucose,9,10.0,C06,3,6,2992,2992,1356.498,1118.634,58.793,1286,1049,1427,1190,141,141,crops/glucose/glucose_09_c10/glucose_09_c10_wC06.png,1.603,45,96,pass_geometry
glucose_09_c10_wC07,glucose_09_c10,glucose,9,10.0,C07,3,7,2992,2992,1538.262,1114.146,68.666,1456,1032,1621,1197,165,165,crops/glucose/glucose_09_c10/glucose_09_c10_wC07.png,2.811,45,96,pass_geometry
glucose_09_c10_wC08,glucose_09_c10,glucose,9,10.0,C08,3,8,2992,2992,1720.026,1118.634,62.608,1646,1045,1795,1194,149,149,crops/glucose/glucose_09_c10/glucose_09_c10_wC08.png,7.098,45,96,pass_geometry
glucose_09_c10_wC09,glucose_09_c10,glucose,9,10.0,C09,3,9,2992,2992,1892.814,1109.658,63.281,1818,1035,1969,1186,151,151,crops/glucose/glucose_09_c10/glucose_09_c10_wC09.png,3.488,45,96,pass_geometry
glucose_09_c10_wC10,glucose_09_c10,glucose,9,10.0,C10,3,10,2992,2992,2079.066,1107.414,57.895,2010,1038,2149,1177,139,139,crops/glucose/glucose_09_c10/glucose_09_c10_wC10.png,2.74,45,96,pass_geometry
glucose_09_c10_wC11,glucose_09_c10,glucose,9,10.0,C11,3,11,2992,2992,2256.342,1109.658,62.832,2181,1035,2332,1186,151,151,crops/glucose/glucose_09_c10/glucose_09_c10_wC11.png,4.076,45,96,pass_geometry
glucose_09_c10_wC12,glucose_09_c10,glucose,9,10.0,C12,3,12,2992,2992,2438.106,1100.682,63.954,2362,1025,2515,1178,153,153,crops/glucose/glucose_09_c10/glucose_09_c10_wC12.png,2.983,45,96,pass_geometry
glucose_09_c10_wD01,glucose_09_c10,glucose,9,10.0,D01,4,1,2992,2992,454.41,1307.13,62.383,380,1233,529,1382,149,149,crops/glucose/glucose_09_c10/glucose_09_c10_wD01.png,3.797,45,96,pass_geometry
glucose_09_c10_wD02,glucose_09_c10,glucose,9,10.0,D02,4,2,2992,2992,631.686,1304.886,62.159,558,1231,707,1380,149,149,crops/glucose/glucose_09_c10/glucose_09_c10_wD02.png,5.071,45,96,pass_geometry
glucose_09_c10_wD03,glucose_09_c10,glucose,9,10.0,D03,4,3,2992,2992,815.694,1307.13,67.32,736,1227,897,1388,161,161,crops/glucose/glucose_09_c10/glucose_09_c10_wD03.png,1.214,45,96,pass_geometry
glucose_09_c10_wD04,glucose_09_c10,glucose,9,10.0,D04,4,4,2992,2992,997.458,1304.886,64.178,921,1229,1074,1382,153,153,crops/glucose/glucose_09_c10/glucose_09_c10_wD04.png,1.408,45,96,pass_geometry
glucose_09_c10_wD05,glucose_09_c10,glucose,9,10.0,D05,4,5,2992,2992,1174.734,1300.398,57.446,1107,1232,1244,1369,137,137,crops/glucose/glucose_09_c10/glucose_09_c10_wD05.png,3.074,45,96,pass_geometry
glucose_09_c10_wD06,glucose_09_c10,glucose,9,10.0,D06,4,6,2992,2992,1358.742,1291.422,61.486,1286,1218,1433,1365,147,147,crops/glucose/glucose_09_c10/glucose_09_c10_wD06.png,7.241,45,96,pass_geometry
glucose_09_c10_wD07,glucose_09_c10,glucose,9,10.0,D07,4,7,2992,2992,1531.53,1298.154,64.178,1456,1222,1609,1375,153,153,crops/glucose/glucose_09_c10/glucose_09_c10_wD07.png,7.683,45,96,pass_geometry
glucose_09_c10_wD08,glucose_09_c10,glucose,9,10.0,D08,4,8,2992,2992,1715.538,1293.666,66.422,1637,1215,1796,1374,159,159,crops/glucose/glucose_09_c10/glucose_09_c10_wD08.png,3.923,45,96,pass_geometry
glucose_09_c10_wD09,glucose_09_c10,glucose,9,10.0,D09,4,9,2992,2992,1897.302,1289.178,68.218,1816,1208,1979,1371,163,163,crops/glucose/glucose_09_c10/glucose_09_c10_wD09.png,3.341,45,96,pass_geometry
glucose_09_c10_wD10,glucose_09_c10,glucose,9,10.0,D10,4,10,2992,2992,2079.066,1286.934,66.647,2000,1208,2159,1367,159,159,crops/glucose/glucose_09_c10/glucose_09_c10_wD10.png,2.242,45,96,pass_geometry
glucose_09_c10_wD11,glucose_09_c10,glucose,9,10.0,D11,4,11,2992,2992,2256.342,1286.934,58.344,2187,1218,2326,1357,139,139,crops/glucose/glucose_09_c10/glucose_09_c10_wD11.png,4.171,45,96,pass_geometry
glucose_09_c10_wD12,glucose_09_c10,glucose,9,10.0,D12,4,12,2992,2992,2433.618,1284.69,61.261,2361,1212,2508,1359,147,147,crops/glucose/glucose_09_c10/glucose_09_c10_wD12.png,7.081,45,96,pass_geometry
glucose_09_c10_wE01,glucose_09_c10,glucose,9,10.0,E01,5,1,2992,2992,452.166,1491.138,61.261,379,1418,526,1565,147,147,crops/glucose/glucose_09_c10/glucose_09_c10_wE01.png,4.589,45,96,pass_geometry
glucose_09_c10_wE02,glucose_09_c10,glucose,9,10.0,E02,5,2,2992,2992,640.662,1484.406,62.608,567,1410,716,1559,149,149,crops/glucose/glucose_09_c10/glucose_09_c10_wE02.png,6.362,45,96,pass_geometry
glucose_09_c10_wE03,glucose_09_c10,glucose,9,10.0,E03,5,3,2992,2992,820.182,1488.894,65.076,743,1412,898,1567,155,155,crops/glucose/glucose_09_c10/glucose_09_c10_wE03.png,1.961,45,96,pass_geometry
glucose_09_c10_wE04,glucose_09_c10,glucose,9,10.0,E04,5,4,2992,2992,1008.678,1486.65,61.934,935,1413,1084,1562,149,149,crops/glucose/glucose_09_c10/glucose_09_c10_wE04.png,9.06,45,96,pass_geometry
glucose_09_c10_wE05,glucose_09_c10,glucose,9,10.0,E05,5,5,2992,2992,1183.71,1482.162,65.749,1106,1404,1263,1561,157,157,crops/glucose/glucose_09_c10/glucose_09_c10_wE05.png,3.056,45,96,pass_geometry
glucose_09_c10_wE06,glucose_09_c10,glucose,9,10.0,E06,5,6,2992,2992,1363.23,1482.162,64.178,1287,1406,1440,1559,153,153,crops/glucose/glucose_09_c10/glucose_09_c10_wE06.png,2.723,45,96,pass_geometry
glucose_09_c10_wE07,glucose_09_c10,glucose,9,10.0,E07,5,7,2992,2992,1549.482,1477.674,63.281,1474,1403,1625,1554,151,151,crops/glucose/glucose_09_c10/glucose_09_c10_wE07.png,7.213,45,96,pass_geometry
glucose_09_c10_wE08,glucose_09_c10,glucose,9,10.0,E08,5,8,2992,2992,1724.514,1475.43,66.871,1646,1396,1805,1555,159,159,crops/glucose/glucose_09_c10/glucose_09_c10_wE08.png,1.611,45,96,pass_geometry
glucose_09_c10_wE09,glucose_09_c10,glucose,9,10.0,E09,5,9,2992,2992,1901.79,1470.942,67.769,1822,1391,1983,1552,161,161,crops/glucose/glucose_09_c10/glucose_09_c10_wE09.png,2.393,45,96,pass_geometry
glucose_09_c10_wE10,glucose_09_c10,glucose,9,10.0,E10,5,10,2992,2992,2090.286,1470.942,63.056,2015,1396,2166,1547,151,151,crops/glucose/glucose_09_c10/glucose_09_c10_wE10.png,6.286,45,96,pass_geometry
glucose_09_c10_wE11,glucose_09_c10,glucose,9,10.0,E11,5,11,2992,2992,2267.562,1470.942,63.954,2192,1395,2345,1548,153,153,crops/glucose/glucose_09_c10/glucose_09_c10_wE11.png,4.54,45,96,pass_geometry
glucose_09_c10_wE12,glucose_09_c10,glucose,9,10.0,E12,5,12,2992,2992,2447.082,1464.21,58.344,2378,1395,2517,1534,139,139,crops/glucose/glucose_09_c10/glucose_09_c10_wE12.png,2.399,45,96,pass_geometry
glucose_09_c10_wF01,glucose_09_c10,glucose,9,10.0,F01,6,1,2992,2992,458.898,1675.146,67.544,379,1595,540,1756,161,161,crops/glucose/glucose_09_c10/glucose_09_c10_wF01.png,0.658,45,96,pass_geometry
glucose_09_c10_wF02,glucose_09_c10,glucose,9,10.0,F02,6,2,2992,2992,642.906,1672.902,67.993,562,1592,725,1755,163,163,crops/glucose/glucose_09_c10/glucose_09_c10_wF02.png,2.946,45,96,pass_geometry
glucose_09_c10_wF03,glucose_09_c10,glucose,9,10.0,F03,6,3,2992,2992,829.158,1668.414,61.934,755,1594,904,1743,149,149,crops/glucose/glucose_09_c10/glucose_09_c10_wF03.png,7.853,45,96,pass_geometry
glucose_09_c10_wF04,glucose_09_c10,glucose,9,10.0,F04,6,4,2992,2992,1006.434,1670.658,60.139,935,1600,1078,1743,143,143,crops/glucose/glucose_09_c10/glucose_09_c10_wF04.png,5.426,45,96,pass_geometry
glucose_09_c10_wF05,glucose_09_c10,glucose,9,10.0,F05,6,5,2992,2992,1179.222,1666.17,61.261,1106,1593,1253,1740,147,147,crops/glucose/glucose_09_c10/glucose_09_c10_wF05.png,4.78,45,96,pass_geometry
glucose_09_c10_wF06,glucose_09_c10,glucose,9,10.0,F06,6,6,2992,2992,1365.474,1659.438,66.647,1286,1580,1445,1739,159,159,crops/glucose/glucose_09_c10/glucose_09_c10_wF06.png,2.503,45,96,pass_geometry
glucose_09_c10_wF07,glucose_09_c10,glucose,9,10.0,F07,6,7,2992,2992,1544.994,1659.438,67.769,1465,1579,1626,1740,161,161,crops/glucose/glucose_09_c10/glucose_09_c10_wF07.png,0.615,45,96,pass_geometry
glucose_09_c10_wF08,glucose_09_c10,glucose,9,10.0,F08,6,8,2992,2992,1722.27,1659.438,63.505,1647,1584,1798,1735,151,151,crops/glucose/glucose_09_c10/glucose_09_c10_wF08.png,4.97,45,96,pass_geometry
glucose_09_c10_wF09,glucose_09_c10,glucose,9,10.0,F09,6,9,2992,2992,1906.278,1657.194,62.832,1831,1582,1982,1733,151,151,crops/glucose/glucose_09_c10/glucose_09_c10_wF09.png,3.14,45,96,pass_geometry
glucose_09_c10_wF10,glucose_09_c10,glucose,9,10.0,F10,6,10,2992,2992,2088.042,1650.462,65.525,2010,1572,2167,1729,157,157,crops/glucose/glucose_09_c10/glucose_09_c10_wF10.png,1.21,45,96,pass_geometry
glucose_09_c10_wF11,glucose_09_c10,glucose,9,10.0,F11,6,11,2992,2992,2267.562,1648.218,65.749,2190,1570,2347,1727,157,157,crops/glucose/glucose_09_c10/glucose_09_c10_wF11.png,1.326,45,96,pass_geometry
glucose_09_c10_wF12,glucose_09_c10,glucose,9,10.0,F12,6,12,2992,2992,2447.082,1643.73,63.505,2372,1569,2523,1720,151,151,crops/glucose/glucose_09_c10/glucose_09_c10_wF12.png,3.486,45,96,pass_geometry
glucose_09_c10_wG01,glucose_09_c10,glucose,9,10.0,G01,7,1,2992,2992,463.386,1856.91,64.178,387,1781,540,1934,153,153,crops/glucose/glucose_09_c10/glucose_09_c10_wG01.png,2.356,45,96,pass_geometry
glucose_09_c10_wG02,glucose_09_c10,glucose,9,10.0,G02,7,2,2992,2992,640.662,1850.178,62.608,567,1776,716,1925,149,149,crops/glucose/glucose_09_c10/glucose_09_c10_wG02.png,4.477,45,96,pass_geometry
glucose_09_c10_wG03,glucose_09_c10,glucose,9,10.0,G03,7,3,2992,2992,817.938,1854.666,63.954,742,1779,895,1932,153,153,crops/glucose/glucose_09_c10/glucose_09_c10_wG03.png,6.747,45,96,pass_geometry
glucose_09_c10_wG04,glucose_09_c10,glucose,9,10.0,G04,7,4,2992,2992,1010.922,1847.934,62.608,937,1774,1086,1923,149,149,crops/glucose/glucose_09_c10/glucose_09_c10_wG04.png,5.708,45,96,pass_geometry
glucose_09_c10_wG05,glucose_09_c10,glucose,9,10.0,G05,7,5,2992,2992,1188.198,1843.446,61.261,1115,1770,1262,1917,147,147,crops/glucose/glucose_09_c10/glucose_09_c10_wG05.png,3.441,45,96,pass_geometry
glucose_09_c10_wG06,glucose_09_c10,glucose,9,10.0,G06,7,6,2992,2992,1367.718,1843.446,67.096,1288,1763,1449,1924,161,161,crops/glucose/glucose_09_c10/glucose_09_c10_wG06.png,0.474,45,96,pass_geometry
glucose_09_c10_wG07,glucose_09_c10,glucose,9,10.0,G07,7,7,2992,2992,1547.238,1841.202,68.666,1465,1759,1630,1924,165,165,crops/glucose/glucose_09_c10/glucose_09_c10_wG07.png,1.673,45,96,pass_geometry
glucose_09_c10_wG08,glucose_09_c10,glucose,9,10.0,G08,7,8,2992,2992,1724.514,1838.958,65.076,1648,1762,1803,1917,155,155,crops/glucose/glucose_09_c10/glucose_09_c10_wG08.png,5.428,45,96,pass_geometry
glucose_09_c10_wG09,glucose_09_c10,glucose,9,10.0,G09,7,9,2992,2992,1915.254,1834.47,62.159,1841,1760,1990,1909,149,149,crops/glucose/glucose_09_c10/glucose_09_c10_wG09.png,4.687,45,96,pass_geometry
glucose_09_c10_wG10,glucose_09_c10,glucose,9,10.0,G10,7,10,2992,2992,2094.774,1836.714,63.056,2020,1762,2171,1913,151,151,crops/glucose/glucose_09_c10/glucose_09_c10_wG10.png,4.327,45,96,pass_geometry
glucose_09_c10_wG11,glucose_09_c10,glucose,9,10.0,G11,7,11,2992,2992,2274.294,1834.47,63.505,2199,1759,2350,1910,151,151,crops/glucose/glucose_09_c10/glucose_09_c10_wG11.png,3.852,45,96,pass_geometry
glucose_09_c10_wG12,glucose_09_c10,glucose,9,10.0,G12,7,12,2992,2992,2456.058,1827.738,66.871,2377,1749,2536,1908,159,159,crops/glucose/glucose_09_c10/glucose_09_c10_wG12.png,2.881,45,96,pass_geometry
glucose_09_c10_wH01,glucose_09_c10,glucose,9,10.0,H01,8,1,2992,2992,461.142,2043.162,63.73,385,1967,538,2120,153,153,crops/glucose/glucose_09_c10/glucose_09_c10_wH01.png,4.232,45,96,pass_geometry
glucose_09_c10_wH02,glucose_09_c10,glucose,9,10.0,H02,8,2,2992,2992,642.906,2038.674,67.993,562,1958,725,2121,163,163,crops/glucose/glucose_09_c10/glucose_09_c10_wH02.png,2.736,45,96,pass_geometry
glucose_09_c10_wH03,glucose_09_c10,glucose,9,10.0,H03,8,3,2992,2992,824.67,2036.43,66.871,746,1957,905,2116,159,159,crops/glucose/glucose_09_c10/glucose_09_c10_wH03.png,2.897,45,96,pass_geometry
glucose_09_c10_wH04,glucose_09_c10,glucose,9,10.0,H04,8,4,2992,2992,1008.678,2029.698,66.198,930,1951,1089,2110,159,159,crops/glucose/glucose_09_c10/glucose_09_c10_wH04.png,2.015,45,96,pass_geometry
glucose_09_c10_wH05,glucose_09_c10,glucose,9,10.0,H05,8,5,2992,2992,1188.198,2031.942,62.159,1114,1958,1263,2107,149,149,crops/glucose/glucose_09_c10/glucose_09_c10_wH05.png,3.238,45,96,pass_geometry
glucose_09_c10_wH06,glucose_09_c10,glucose,9,10.0,H06,8,6,2992,2992,1365.474,2027.454,63.056,1290,1952,1441,2103,151,151,crops/glucose/glucose_09_c10/glucose_09_c10_wH06.png,5.572,45,96,pass_geometry
glucose_09_c10_wH07,glucose_09_c10,glucose,9,10.0,H07,8,7,2992,2992,1549.482,2022.966,67.544,1469,1943,1630,2104,161,161,crops/glucose/glucose_09_c10/glucose_09_c10_wH07.png,2.866,45,96,pass_geometry
glucose_09_c10_wH08,glucose_09_c10,glucose,9,10.0,H08,8,8,2992,2992,1729.002,2016.234,63.281,1654,1941,1805,2092,151,151,crops/glucose/glucose_09_c10/glucose_09_c10_wH08.png,6.623,45,96,pass_geometry
glucose_09_c10_wH09,glucose_09_c10,glucose,9,10.0,H09,8,9,2992,2992,1910.766,2011.746,61.934,1837,1938,1986,2087,149,149,crops/glucose/glucose_09_c10/glucose_09_c10_wH09.png,7.777,45,96,pass_geometry
glucose_09_c10_wH10,glucose_09_c10,glucose,9,10.0,H10,8,10,2992,2992,2094.774,2016.234,66.871,2016,1937,2175,2096,159,159,crops/glucose/glucose_09_c10/glucose_09_c10_wH10.png,0.912,45,96,pass_geometry
glucose_09_c10_wH11,glucose_09_c10,glucose,9,10.0,H11,8,11,2992,2992,2276.538,2011.746,58.793,2207,1942,2348,2083,141,141,crops/glucose/glucose_09_c10/glucose_09_c10_wH11.png,1.547,45,96,pass_geometry
glucose_09_c10_wH12,glucose_09_c10,glucose,9,10.0,H12,8,12,2992,2992,2462.79,2013.99,68.218,2382,1933,2545,2096,163,163,crops/glucose/glucose_09_c10/glucose_09_c10_wH12.png,6.253,45,96,pass_geometry
glucose_10_c15_wA01,glucose_10_c15,glucose,10,15.0,A01,1,1,2992,2992,436.458,687.786,65.076,359,611,514,766,155,155,crops/glucose/glucose_10_c15/glucose_10_c15_wA01.png,4.828,45,96,pass_geometry
glucose_10_c15_wA02,glucose_10_c15,glucose,10,15.0,A02,1,2,2992,2992,613.734,687.786,70.237,531,605,698,772,167,167,crops/glucose/glucose_10_c15/glucose_10_c15_wA02.png,7.764,45,96,pass_geometry
glucose_10_c15_wA03,glucose_10_c15,glucose,10,15.0,A03,1,3,2992,2992,797.742,685.542,69.564,715,603,882,770,167,167,crops/glucose/glucose_10_c15/glucose_10_c15_wA03.png,6.388,45,96,pass_geometry
glucose_10_c15_wA04,glucose_10_c15,glucose,10,15.0,A04,1,4,2992,2992,983.994,687.786,68.666,902,606,1067,771,165,165,crops/glucose/glucose_10_c15/glucose_10_c15_wA04.png,1.486,45,96,pass_geometry
glucose_10_c15_wA05,glucose_10_c15,glucose,10,15.0,A05,1,5,2992,2992,1163.514,685.542,59.915,1093,615,1236,758,143,143,crops/glucose/glucose_10_c15/glucose_10_c15_wA05.png,4.471,45,96,pass_geometry
glucose_10_c15_wA06,glucose_10_c15,glucose,10,15.0,A06,1,6,2992,2992,1347.522,685.542,60.812,1276,614,1421,759,145,145,crops/glucose/glucose_10_c15/glucose_10_c15_wA06.png,3.259,45,96,pass_geometry
glucose_10_c15_wA07,glucose_10_c15,glucose,10,15.0,A07,1,7,2992,2992,1531.53,683.298,60.588,1460,611,1605,756,145,145,crops/glucose/glucose_10_c15/glucose_10_c15_wA07.png,2.031,45,96,pass_geometry
glucose_10_c15_wA08,glucose_10_c15,glucose,10,15.0,A08,1,8,2992,2992,1715.538,683.298,68.442,1635,602,1798,765,163,163,crops/glucose/glucose_10_c15/glucose_10_c15_wA08.png,1.895,45,96,pass_geometry
glucose_10_c15_wA09,glucose_10_c15,glucose,10,15.0,A09,1,9,2992,2992,1897.302,681.054,60.812,1825,609,1970,754,145,145,crops/glucose/glucose_10_c15/glucose_10_c15_wA09.png,2.769,45,96,pass_geometry
glucose_10_c15_wA10,glucose_10_c15,glucose,10,15.0,A10,1,10,2992,2992,2081.31,678.81,70.013,1998,596,2165,763,167,167,crops/glucose/glucose_10_c15/glucose_10_c15_wA10.png,2.184,45,96,pass_geometry
glucose_10_c15_wA11,glucose_10_c15,glucose,10,15.0,A11,1,11,2992,2992,2267.562,669.834,67.096,2188,590,2349,751,161,161,crops/glucose/glucose_10_c15/glucose_10_c15_wA11.png,7.637,45,96,pass_geometry
glucose_10_c15_wA12,glucose_10_c15,glucose,10,15.0,A12,1,12,2992,2992,2453.814,672.078,70.013,2371,589,2538,756,167,167,crops/glucose/glucose_10_c15/glucose_10_c15_wA12.png,4.77,45,96,pass_geometry
glucose_10_c15_wB01,glucose_10_c15,glucose,10,15.0,B01,2,1,2992,2992,434.214,867.306,65.3,356,789,513,946,157,157,crops/glucose/glucose_10_c15/glucose_10_c15_wB01.png,8.022,45,96,pass_geometry
glucose_10_c15_wB02,glucose_10_c15,glucose,10,15.0,B02,2,2,2992,2992,618.222,871.794,69.788,535,789,702,956,167,167,crops/glucose/glucose_10_c15/glucose_10_c15_wB02.png,2.966,45,96,pass_geometry
glucose_10_c15_wB03,glucose_10_c15,glucose,10,15.0,B03,2,3,2992,2992,802.23,874.038,64.178,726,798,879,951,153,153,crops/glucose/glucose_10_c15/glucose_10_c15_wB03.png,3.219,45,96,pass_geometry
glucose_10_c15_wB04,glucose_10_c15,glucose,10,15.0,B04,2,4,2992,2992,986.238,871.794,69.788,903,789,1070,956,167,167,crops/glucose/glucose_10_c15/glucose_10_c15_wB04.png,2.119,45,96,pass_geometry
glucose_10_c15_wB05,glucose_10_c15,glucose,10,15.0,B05,2,5,2992,2992,1170.246,869.55,60.812,1098,798,1243,943,145,145,crops/glucose/glucose_10_c15/glucose_10_c15_wB05.png,2.081,45,96,pass_geometry
glucose_10_c15_wB06,glucose_10_c15,glucose,10,15.0,B06,2,6,2992,2992,1354.254,867.306,69.788,1271,784,1438,951,167,167,crops/glucose/glucose_10_c15/glucose_10_c15_wB06.png,2.87,45,96,pass_geometry
glucose_10_c15_wB07,glucose_10_c15,glucose,10,15.0,B07,2,7,2992,2992,1536.018,865.062,69.564,1453,782,1620,949,167,167,crops/glucose/glucose_10_c15/glucose_10_c15_wB07.png,1.681,45,96,pass_geometry
glucose_10_c15_wB08,glucose_10_c15,glucose,10,15.0,B08,2,8,2992,2992,1713.294,862.818,66.647,1634,784,1793,943,159,159,crops/glucose/glucose_10_c15/glucose_10_c15_wB08.png,4.716,45,96,pass_geometry
glucose_10_c15_wB09,glucose_10_c15,glucose,10,15.0,B09,2,9,2992,2992,1904.034,862.818,61.037,1831,790,1978,937,147,147,crops/glucose/glucose_10_c15/glucose_10_c15_wB09.png,2.82,45,96,pass_geometry
glucose_10_c15_wB10,glucose_10_c15,glucose,10,15.0,B10,2,10,2992,2992,2088.042,860.574,62.159,2014,787,2163,936,149,149,crops/glucose/glucose_10_c15/glucose_10_c15_wB10.png,3.335,45,96,pass_geometry
glucose_10_c15_wB11,glucose_10_c15,glucose,10,15.0,B11,2,11,2992,2992,2267.562,853.842,66.198,2189,775,2348,934,159,159,crops/glucose/glucose_10_c15/glucose_10_c15_wB11.png,6.641,45,96,pass_geometry
glucose_10_c15_wB12,glucose_10_c15,glucose,10,15.0,B12,2,12,2992,2992,2460.546,858.33,70.462,2377,774,2546,943,169,169,crops/glucose/glucose_10_c15/glucose_10_c15_wB12.png,7.693,45,96,pass_geometry
glucose_10_c15_wC01,glucose_10_c15,glucose,10,15.0,C01,3,1,2992,2992,438.702,1055.802,59.69,368,985,511,1128,143,143,crops/glucose/glucose_10_c15/glucose_10_c15_wC01.png,0.304,45,96,pass_geometry
glucose_10_c15_wC02,glucose_10_c15,glucose,10,15.0,C02,3,2,2992,2992,622.71,1049.07,64.627,546,972,701,1127,155,155,crops/glucose/glucose_10_c15/glucose_10_c15_wC02.png,5.829,45,96,pass_geometry
glucose_10_c15_wC03,glucose_10_c15,glucose,10,15.0,C03,3,3,2992,2992,804.474,1058.046,64.852,727,981,882,1136,155,155,crops/glucose/glucose_10_c15/glucose_10_c15_wC03.png,4.648,45,96,pass_geometry
glucose_10_c15_wC04,glucose_10_c15,glucose,10,15.0,C04,3,4,2992,2992,990.726,1053.558,68.218,910,973,1073,1136,163,163,crops/glucose/glucose_10_c15/glucose_10_c15_wC04.png,4.648,45,96,pass_geometry
glucose_10_c15_wC05,glucose_10_c15,glucose,10,15.0,C05,3,5,2992,2992,1170.246,1051.314,68.218,1089,970,1252,1133,163,163,crops/glucose/glucose_10_c15/glucose_10_c15_wC05.png,1.183,45,96,pass_geometry
glucose_10_c15_wC06,glucose_10_c15,glucose,10,15.0,C06,3,6,2992,2992,1354.254,1055.802,65.3,1276,978,1433,1135,157,157,crops/glucose/glucose_10_c15/glucose_10_c15_wC06.png,6.379,45,96,pass_geometry
glucose_10_c15_wC07,glucose_10_c15,glucose,10,15.0,C07,3,7,2992,2992,1538.262,1046.826,60.812,1466,975,1611,1120,145,145,crops/glucose/glucose_10_c15/glucose_10_c15_wC07.png,3.361,45,96,pass_geometry
glucose_10_c15_wC08,glucose_10_c15,glucose,10,15.0,C08,3,8,2992,2992,1720.026,1049.07,69.788,1637,966,1804,1133,167,167,crops/glucose/glucose_10_c15/glucose_10_c15_wC08.png,2.126,45,96,pass_geometry
glucose_10_c15_wC09,glucose_10_c15,glucose,10,15.0,C09,3,9,2992,2992,1906.278,1040.094,63.73,1830,964,1983,1117,153,153,crops/glucose/glucose_10_c15/glucose_10_c15_wC09.png,7.097,45,96,pass_geometry
glucose_10_c15_wC10,glucose_10_c15,glucose,10,15.0,C10,3,10,2992,2992,2085.798,1044.582,69.34,2004,963,2169,1128,165,165,crops/glucose/glucose_10_c15/glucose_10_c15_wC10.png,0.587,45,96,pass_geometry
glucose_10_c15_wC11,glucose_10_c15,glucose,10,15.0,C11,3,11,2992,2992,2276.538,1042.338,65.525,2199,964,2356,1121,157,157,crops/glucose/glucose_10_c15/glucose_10_c15_wC11.png,6.288,45,96,pass_geometry
glucose_10_c15_wC12,glucose_10_c15,glucose,10,15.0,C12,3,12,2992,2992,2456.058,1042.338,68.666,2374,960,2539,1125,165,165,crops/glucose/glucose_10_c15/glucose_10_c15_wC12.png,1.418,45,96,pass_geometry
glucose_10_c15_wD01,glucose_10_c15,glucose,10,15.0,D01,4,1,2992,2992,438.702,1237.566,67.769,359,1158,520,1319,161,161,crops/glucose/glucose_10_c15/glucose_10_c15_wD01.png,0.95,45,96,pass_geometry
glucose_10_c15_wD02,glucose_10_c15,glucose,10,15.0,D02,4,2,2992,2992,624.954,1239.81,65.525,547,1162,704,1319,157,157,crops/glucose/glucose_10_c15/glucose_10_c15_wD02.png,4.409,45,96,pass_geometry
glucose_10_c15_wD03,glucose_10_c15,glucose,10,15.0,D03,4,3,2992,2992,799.986,1233.078,64.403,724,1157,877,1310,153,153,crops/glucose/glucose_10_c15/glucose_10_c15_wD03.png,5.017,45,96,pass_geometry
glucose_10_c15_wD04,glucose_10_c15,glucose,10,15.0,D04,4,4,2992,2992,983.994,1239.81,64.178,908,1164,1061,1317,153,153,crops/glucose/glucose_10_c15/glucose_10_c15_wD04.png,5.405,45,96,pass_geometry
glucose_10_c15_wD05,glucose_10_c15,glucose,10,15.0,D05,4,5,2992,2992,1168.002,1233.078,60.812,1096,1161,1241,1306,145,145,crops/glucose/glucose_10_c15/glucose_10_c15_wD05.png,1.906,45,96,pass_geometry
glucose_10_c15_wD06,glucose_10_c15,glucose,10,15.0,D06,4,6,2992,2992,1352.01,1230.834,69.34,1270,1149,1435,1314,165,165,crops/glucose/glucose_10_c15/glucose_10_c15_wD06.png,2.202,45,96,pass_geometry
glucose_10_c15_wD07,glucose_10_c15,glucose,10,15.0,D07,4,7,2992,2992,1529.286,1233.078,65.525,1451,1155,1608,1312,157,157,crops/glucose/glucose_10_c15/glucose_10_c15_wD07.png,7.134,45,96,pass_geometry
glucose_10_c15_wD08,glucose_10_c15,glucose,10,15.0,D08,4,8,2992,2992,1717.782,1230.834,69.115,1636,1149,1801,1314,165,165,crops/glucose/glucose_10_c15/glucose_10_c15_wD08.png,2.134,45,96,pass_geometry
glucose_10_c15_wD09,glucose_10_c15,glucose,10,15.0,D09,4,9,2992,2992,1901.79,1228.59,61.037,1829,1156,1976,1303,147,147,crops/glucose/glucose_10_c15/glucose_10_c15_wD09.png,2.115,45,96,pass_geometry
glucose_10_c15_wD10,glucose_10_c15,glucose,10,15.0,D10,4,10,2992,2992,2085.798,1224.102,65.525,2008,1146,2165,1303,157,157,crops/glucose/glucose_10_c15/glucose_10_c15_wD10.png,4.645,45,96,pass_geometry
glucose_10_c15_wD11,glucose_10_c15,glucose,10,15.0,D11,4,11,2992,2992,2269.806,1221.858,64.403,2194,1146,2347,1299,153,153,crops/glucose/glucose_10_c15/glucose_10_c15_wD11.png,5.748,45,96,pass_geometry
glucose_10_c15_wD12,glucose_10_c15,glucose,10,15.0,D12,4,12,2992,2992,2456.058,1228.59,71.359,2371,1144,2542,1315,171,171,crops/glucose/glucose_10_c15/glucose_10_c15_wD12.png,2.568,45,96,pass_geometry
glucose_10_c15_wE01,glucose_10_c15,glucose,10,15.0,E01,5,1,2992,2992,440.946,1421.574,69.115,359,1340,524,1505,165,165,crops/glucose/glucose_10_c15/glucose_10_c15_wE01.png,2.159,45,96,pass_geometry
glucose_10_c15_wE02,glucose_10_c15,glucose,10,15.0,E02,5,2,2992,2992,622.71,1421.574,67.993,542,1341,705,1504,163,163,crops/glucose/glucose_10_c15/glucose_10_c15_wE02.png,1.808,45,96,pass_geometry
glucose_10_c15_wE03,glucose_10_c15,glucose,10,15.0,E03,5,3,2992,2992,808.962,1417.086,68.442,728,1336,891,1499,163,163,crops/glucose/glucose_10_c15/glucose_10_c15_wE03.png,5.348,45,96,pass_geometry
glucose_10_c15_wE04,glucose_10_c15,glucose,10,15.0,E04,5,4,2992,2992,992.97,1423.818,65.076,916,1347,1071,1502,155,155,crops/glucose/glucose_10_c15/glucose_10_c15_wE04.png,8.052,45,96,pass_geometry
glucose_10_c15_wE05,glucose_10_c15,glucose,10,15.0,E05,5,5,2992,2992,1174.734,1412.598,65.525,1097,1335,1254,1492,157,157,crops/glucose/glucose_10_c15/glucose_10_c15_wE05.png,6.491,45,96,pass_geometry
glucose_10_c15_wE06,glucose_10_c15,glucose,10,15.0,E06,5,6,2992,2992,1354.254,1417.086,70.462,1270,1333,1439,1502,169,169,crops/glucose/glucose_10_c15/glucose_10_c15_wE06.png,1.034,45,96,pass_geometry
glucose_10_c15_wE07,glucose_10_c15,glucose,10,15.0,E07,5,7,2992,2992,1542.75,1410.354,66.647,1464,1331,1623,1490,159,159,crops/glucose/glucose_10_c15/glucose_10_c15_wE07.png,7.387,45,96,pass_geometry
glucose_10_c15_wE08,glucose_10_c15,glucose,10,15.0,E08,5,8,2992,2992,1720.026,1414.842,62.159,1646,1341,1795,1490,149,149,crops/glucose/glucose_10_c15/glucose_10_c15_wE08.png,1.154,45,96,pass_geometry
glucose_10_c15_wE09,glucose_10_c15,glucose,10,15.0,E09,5,9,2992,2992,1910.766,1417.086,64.852,1834,1340,1989,1495,155,155,crops/glucose/glucose_10_c15/glucose_10_c15_wE09.png,6.995,45,96,pass_geometry
glucose_10_c15_wE10,glucose_10_c15,glucose,10,15.0,E10,5,10,2992,2992,2094.774,1414.842,66.198,2016,1336,2175,1495,159,159,crops/glucose/glucose_10_c15/glucose_10_c15_wE10.png,6.231,45,96,pass_geometry
glucose_10_c15_wE11,glucose_10_c15,glucose,10,15.0,E11,5,11,2992,2992,2274.294,1417.086,65.974,2196,1339,2353,1496,157,157,crops/glucose/glucose_10_c15/glucose_10_c15_wE11.png,6.033,45,96,pass_geometry
glucose_10_c15_wE12,glucose_10_c15,glucose,10,15.0,E12,5,12,2992,2992,2462.79,1410.354,70.686,2379,1326,2548,1495,169,169,crops/glucose/glucose_10_c15/glucose_10_c15_wE12.png,4.637,45,96,pass_geometry
glucose_10_c15_wF01,glucose_10_c15,glucose,10,15.0,F01,6,1,2992,2992,445.434,1607.826,64.178,369,1532,522,1685,153,153,crops/glucose/glucose_10_c15/glucose_10_c15_wF01.png,7.448,45,96,pass_geometry
glucose_10_c15_wF02,glucose_10_c15,glucose,10,15.0,F02,6,2,2992,2992,618.222,1601.094,65.749,540,1523,697,1680,157,157,crops/glucose/glucose_10_c15/glucose_10_c15_wF02.png,4.143,45,96,pass_geometry
glucose_10_c15_wF03,glucose_10_c15,glucose,10,15.0,F03,6,3,2992,2992,804.474,1601.094,62.608,730,1527,879,1676,149,149,crops/glucose/glucose_10_c15/glucose_10_c15_wF03.png,1.702,45,96,pass_geometry
glucose_10_c15_wF04,glucose_10_c15,glucose,10,15.0,F04,6,4,2992,2992,990.726,1598.85,69.564,908,1516,1075,1683,167,167,crops/glucose/glucose_10_c15/glucose_10_c15_wF04.png,4.421,45,96,pass_geometry
glucose_10_c15_wF05,glucose_10_c15,glucose,10,15.0,F05,6,5,2992,2992,1174.734,1601.094,60.812,1103,1529,1248,1674,145,145,crops/glucose/glucose_10_c15/glucose_10_c15_wF05.png,3.906,45,96,pass_geometry
glucose_10_c15_wF06,glucose_10_c15,glucose,10,15.0,F06,6,6,2992,2992,1354.254,1594.362,65.749,1276,1516,1433,1673,157,157,crops/glucose/glucose_10_c15/glucose_10_c15_wF06.png,5.648,45,96,pass_geometry
glucose_10_c15_wF07,glucose_10_c15,glucose,10,15.0,F07,6,7,2992,2992,1538.262,1598.85,69.788,1455,1516,1622,1683,167,167,crops/glucose/glucose_10_c15/glucose_10_c15_wF07.png,0.27,45,96,pass_geometry
glucose_10_c15_wF08,glucose_10_c15,glucose,10,15.0,F08,6,8,2992,2992,1722.27,1603.338,65.974,1644,1525,1801,1682,157,157,crops/glucose/glucose_10_c15/glucose_10_c15_wF08.png,5.194,45,96,pass_geometry
glucose_10_c15_wF09,glucose_10_c15,glucose,10,15.0,F09,6,9,2992,2992,1908.522,1592.118,64.403,1833,1516,1986,1669,153,153,crops/glucose/glucose_10_c15/glucose_10_c15_wF09.png,5.592,45,96,pass_geometry
glucose_10_c15_wF10,glucose_10_c15,glucose,10,15.0,F10,6,10,2992,2992,2090.286,1598.85,69.788,2007,1516,2174,1683,167,167,crops/glucose/glucose_10_c15/glucose_10_c15_wF10.png,2.584,45,96,pass_geometry
glucose_10_c15_wF11,glucose_10_c15,glucose,10,15.0,F11,6,11,2992,2992,2274.294,1589.874,65.3,2196,1512,2353,1669,157,157,crops/glucose/glucose_10_c15/glucose_10_c15_wF11.png,5.543,45,96,pass_geometry
glucose_10_c15_wF12,glucose_10_c15,glucose,10,15.0,F12,6,12,2992,2992,2462.79,1596.606,70.462,2379,1513,2548,1682,169,169,crops/glucose/glucose_10_c15/glucose_10_c15_wF12.png,3.605,45,96,pass_geometry
glucose_10_c15_wG01,glucose_10_c15,glucose,10,15.0,G01,7,1,2992,2992,436.458,1791.834,67.32,356,1712,517,1873,161,161,crops/glucose/glucose_10_c15/glucose_10_c15_wG01.png,4.208,45,96,pass_geometry
glucose_10_c15_wG02,glucose_10_c15,glucose,10,15.0,G02,7,2,2992,2992,620.466,1787.346,61.71,547,1714,694,1861,147,147,crops/glucose/glucose_10_c15/glucose_10_c15_wG02.png,1.038,45,96,pass_geometry
glucose_10_c15_wG03,glucose_10_c15,glucose,10,15.0,G03,7,3,2992,2992,804.474,1787.346,70.013,721,1704,888,1871,167,167,crops/glucose/glucose_10_c15/glucose_10_c15_wG03.png,0.788,45,96,pass_geometry
glucose_10_c15_wG04,glucose_10_c15,glucose,10,15.0,G04,7,4,2992,2992,983.994,1787.346,67.096,904,1707,1065,1868,161,161,crops/glucose/glucose_10_c15/glucose_10_c15_wG04.png,4.225,45,96,pass_geometry
glucose_10_c15_wG05,glucose_10_c15,glucose,10,15.0,G05,7,5,2992,2992,1172.49,1789.59,65.974,1094,1712,1251,1869,157,157,crops/glucose/glucose_10_c15/glucose_10_c15_wG05.png,4.796,45,96,pass_geometry
glucose_10_c15_wG06,glucose_10_c15,glucose,10,15.0,G06,7,6,2992,2992,1356.498,1787.346,66.198,1277,1708,1436,1867,159,159,crops/glucose/glucose_10_c15/glucose_10_c15_wG06.png,3.535,45,96,pass_geometry
glucose_10_c15_wG07,glucose_10_c15,glucose,10,15.0,G07,7,7,2992,2992,1540.506,1776.126,67.993,1460,1695,1623,1858,163,163,crops/glucose/glucose_10_c15/glucose_10_c15_wG07.png,7.286,45,96,pass_geometry
glucose_10_c15_wG08,glucose_10_c15,glucose,10,15.0,G08,7,8,2992,2992,1726.758,1785.102,64.627,1650,1708,1805,1863,155,155,crops/glucose/glucose_10_c15/glucose_10_c15_wG08.png,4.483,45,96,pass_geometry
glucose_10_c15_wG09,glucose_10_c15,glucose,10,15.0,G09,7,9,2992,2992,1906.278,1776.126,66.422,1827,1697,1986,1856,159,159,crops/glucose/glucose_10_c15/glucose_10_c15_wG09.png,5.609,45,96,pass_geometry
glucose_10_c15_wG10,glucose_10_c15,glucose,10,15.0,G10,7,10,2992,2992,2090.286,1778.37,65.974,2012,1700,2169,1857,157,157,crops/glucose/glucose_10_c15/glucose_10_c15_wG10.png,2.96,45,96,pass_geometry
glucose_10_c15_wG11,glucose_10_c15,glucose,10,15.0,G11,7,11,2992,2992,2274.294,1776.126,65.3,2196,1698,2353,1855,157,157,crops/glucose/glucose_10_c15/glucose_10_c15_wG11.png,4.538,45,96,pass_geometry
glucose_10_c15_wG12,glucose_10_c15,glucose,10,15.0,G12,7,12,2992,2992,2458.302,1780.614,65.749,2380,1703,2537,1860,157,157,crops/glucose/glucose_10_c15/glucose_10_c15_wG12.png,3.713,45,96,pass_geometry
glucose_10_c15_wH01,glucose_10_c15,glucose,10,15.0,H01,8,1,2992,2992,434.214,1969.11,67.096,354,1889,515,2050,161,161,crops/glucose/glucose_10_c15/glucose_10_c15_wH01.png,5.254,45,96,pass_geometry
glucose_10_c15_wH02,glucose_10_c15,glucose,10,15.0,H02,8,2,2992,2992,615.978,1973.598,62.383,542,1900,691,2049,149,149,crops/glucose/glucose_10_c15/glucose_10_c15_wH02.png,6.013,45,96,pass_geometry
glucose_10_c15_wH03,glucose_10_c15,glucose,10,15.0,H03,8,3,2992,2992,804.474,1969.11,67.544,724,1889,885,2050,161,161,crops/glucose/glucose_10_c15/glucose_10_c15_wH03.png,1.616,45,96,pass_geometry
glucose_10_c15_wH04,glucose_10_c15,glucose,10,15.0,H04,8,4,2992,2992,988.482,1964.622,67.096,908,1885,1069,2046,161,161,crops/glucose/glucose_10_c15/glucose_10_c15_wH04.png,5.34,45,96,pass_geometry
glucose_10_c15_wH05,glucose_10_c15,glucose,10,15.0,H05,8,5,2992,2992,1170.246,1975.842,66.871,1091,1897,1250,2056,159,159,crops/glucose/glucose_10_c15/glucose_10_c15_wH05.png,6.833,45,96,pass_geometry
glucose_10_c15_wH06,glucose_10_c15,glucose,10,15.0,H06,8,6,2992,2992,1354.254,1966.866,70.686,1270,1883,1439,2052,169,169,crops/glucose/glucose_10_c15/glucose_10_c15_wH06.png,2.305,45,96,pass_geometry
glucose_10_c15_wH07,glucose_10_c15,glucose,10,15.0,H07,8,7,2992,2992,1540.506,1966.866,61.261,1468,1894,1615,2041,147,147,crops/glucose/glucose_10_c15/glucose_10_c15_wH07.png,1.072,45,96,pass_geometry
glucose_10_c15_wH08,glucose_10_c15,glucose,10,15.0,H08,8,8,2992,2992,1722.27,1964.622,70.462,1638,1881,1807,2050,169,169,crops/glucose/glucose_10_c15/glucose_10_c15_wH08.png,3.136,45,96,pass_geometry
glucose_10_c15_wH09,glucose_10_c15,glucose,10,15.0,H09,8,9,2992,2992,1908.522,1964.622,68.891,1827,1883,1992,2048,165,165,crops/glucose/glucose_10_c15/glucose_10_c15_wH09.png,1.723,45,96,pass_geometry
glucose_10_c15_wH10,glucose_10_c15,glucose,10,15.0,H10,8,10,2992,2992,2088.042,1969.11,64.627,2011,1892,2166,2047,155,155,crops/glucose/glucose_10_c15/glucose_10_c15_wH10.png,6.44,45,96,pass_geometry
glucose_10_c15_wH11,glucose_10_c15,glucose,10,15.0,H11,8,11,2992,2992,2276.538,1969.11,70.237,2194,1886,2361,2053,167,167,crops/glucose/glucose_10_c15/glucose_10_c15_wH11.png,4.609,45,96,pass_geometry
glucose_10_c15_wH12,glucose_10_c15,glucose,10,15.0,H12,8,12,2992,2992,2462.79,1969.11,70.013,2380,1886,2547,2053,167,167,crops/glucose/glucose_10_c15/glucose_10_c15_wH12.png,5.013,45,96,pass_geometry
glucose_11_c20_wA01,glucose_11_c20,glucose,11,20.0,A01,1,1,2992,2992,454.41,970.53,64.403,378,895,531,1048,153,153,crops/glucose/glucose_11_c20/glucose_11_c20_wA01.png,7.902,45,96,pass_geometry
glucose_11_c20_wA02,glucose_11_c20,glucose,11,20.0,A02,1,2,2992,2992,640.662,966.042,60.139,570,895,713,1038,143,143,crops/glucose/glucose_11_c20/glucose_11_c20_wA02.png,0.353,45,96,pass_geometry
glucose_11_c20_wA03,glucose_11_c20,glucose,11,20.0,A03,1,3,2992,2992,820.182,961.554,67.993,739,881,902,1044,163,163,crops/glucose/glucose_11_c20/glucose_11_c20_wA03.png,0.731,45,96,pass_geometry
glucose_11_c20_wA04,glucose_11_c20,glucose,11,20.0,A04,1,4,2992,2992,1001.946,954.822,63.505,927,880,1078,1031,151,151,crops/glucose/glucose_11_c20/glucose_11_c20_wA04.png,4.496,45,96,pass_geometry
glucose_11_c20_wA05,glucose_11_c20,glucose,11,20.0,A05,1,5,2992,2992,1179.222,954.822,66.647,1100,876,1259,1035,159,159,crops/glucose/glucose_11_c20/glucose_11_c20_wA05.png,2.46,45,96,pass_geometry
glucose_11_c20_wA06,glucose_11_c20,glucose,11,20.0,A06,1,6,2992,2992,1363.23,948.09,64.403,1287,872,1440,1025,153,153,crops/glucose/glucose_11_c20/glucose_11_c20_wA06.png,6.843,45,96,pass_geometry
glucose_11_c20_wA07,glucose_11_c20,glucose,11,20.0,A07,1,7,2992,2992,1542.75,945.846,64.403,1467,870,1620,1023,153,153,crops/glucose/glucose_11_c20/glucose_11_c20_wA07.png,6.988,45,96,pass_geometry
glucose_11_c20_wA08,glucose_11_c20,glucose,11,20.0,A08,1,8,2992,2992,1713.294,936.87,62.608,1639,863,1788,1012,149,149,crops/glucose/glucose_11_c20/glucose_11_c20_wA08.png,4.464,45,96,pass_geometry
glucose_11_c20_wA09,glucose_11_c20,glucose,11,20.0,A09,1,9,2992,2992,1895.058,941.358,63.954,1819,865,1972,1018,153,153,crops/glucose/glucose_11_c20/glucose_11_c20_wA09.png,4.672,45,96,pass_geometry
glucose_11_c20_wA10,glucose_11_c20,glucose,11,20.0,A10,1,10,2992,2992,2074.578,925.65,63.281,2000,851,2151,1002,151,151,crops/glucose/glucose_11_c20/glucose_11_c20_wA10.png,6.88,45,96,pass_geometry
glucose_11_c20_wA11,glucose_11_c20,glucose,11,20.0,A11,1,11,2992,2992,2256.342,925.65,60.588,2184,854,2329,999,145,145,crops/glucose/glucose_11_c20/glucose_11_c20_wA11.png,3.074,45,96,pass_geometry
glucose_11_c20_wA12,glucose_11_c20,glucose,11,20.0,A12,1,12,2992,2992,2438.106,921.162,69.564,2355,838,2522,1005,167,167,crops/glucose/glucose_11_c20/glucose_11_c20_wA12.png,4.279,45,96,pass_geometry
glucose_11_c20_wB01,glucose_11_c20,glucose,11,20.0,B01,2,1,2992,2992,463.386,1150.05,59.69,392,1079,535,1222,143,143,crops/glucose/glucose_11_c20/glucose_11_c20_wB01.png,2.481,45,96,pass_geometry
glucose_11_c20_wB02,glucose_11_c20,glucose,11,20.0,B02,2,2,2992,2992,642.906,1145.562,59.242,573,1076,714,1217,141,141,crops/glucose/glucose_11_c20/glucose_11_c20_wB02.png,1.774,45,96,pass_geometry
glucose_11_c20_wB03,glucose_11_c20,glucose,11,20.0,B03,2,3,2992,2992,822.426,1138.83,68.442,741,1058,904,1221,163,163,crops/glucose/glucose_11_c20/glucose_11_c20_wB03.png,1.015,45,96,pass_geometry
glucose_11_c20_wB04,glucose_11_c20,glucose,11,20.0,B04,2,4,2992,2992,1001.946,1136.586,59.69,931,1066,1074,1209,143,143,crops/glucose/glucose_11_c20/glucose_11_c20_wB04.png,0.856,45,96,pass_geometry
glucose_11_c20_wB05,glucose_11_c20,glucose,11,20.0,B05,2,5,2992,2992,1181.466,1132.098,68.218,1100,1051,1263,1214,163,163,crops/glucose/glucose_11_c20/glucose_11_c20_wB05.png,0.621,45,96,pass_geometry
glucose_11_c20_wB06,glucose_11_c20,glucose,11,20.0,B06,2,6,2992,2992,1360.986,1129.854,59.69,1290,1059,1433,1202,143,143,crops/glucose/glucose_11_c20/glucose_11_c20_wB06.png,2.268,45,96,pass_geometry
glucose_11_c20_wB07,glucose_11_c20,glucose,11,20.0,B07,2,7,2992,2992,1542.75,1120.878,64.178,1467,1045,1620,1198,153,153,crops/glucose/glucose_11_c20/glucose_11_c20_wB07.png,3.761,45,96,pass_geometry
glucose_11_c20_wB08,glucose_11_c20,glucose,11,20.0,B08,2,8,2992,2992,1720.026,1120.878,68.891,1638,1039,1803,1204,165,165,crops/glucose/glucose_11_c20/glucose_11_c20_wB08.png,1.384,45,96,pass_geometry
glucose_11_c20_wB09,glucose_11_c20,glucose,11,20.0,B09,2,9,2992,2992,1899.546,1114.146,67.769,1820,1034,1981,1195,161,161,crops/glucose/glucose_11_c20/glucose_11_c20_wB09.png,1.334,45,96,pass_geometry
glucose_11_c20_wB10,glucose_11_c20,glucose,11,20.0,B10,2,10,2992,2992,2079.066,1109.658,67.544,1999,1030,2160,1191,161,161,crops/glucose/glucose_11_c20/glucose_11_c20_wB10.png,1.981,45,96,pass_geometry
glucose_11_c20_wB11,glucose_11_c20,glucose,11,20.0,B11,2,11,2992,2992,2263.074,1105.17,59.915,2192,1034,2335,1177,143,143,crops/glucose/glucose_11_c20/glucose_11_c20_wB11.png,3.33,45,96,pass_geometry
glucose_11_c20_wB12,glucose_11_c20,glucose,11,20.0,B12,2,12,2992,2992,2442.594,1100.682,60.139,2372,1030,2515,1173,143,143,crops/glucose/glucose_11_c20/glucose_11_c20_wB12.png,2.949,45,96,pass_geometry
glucose_11_c20_wC01,glucose_11_c20,glucose,11,20.0,C01,3,1,2992,2992,467.874,1325.082,67.32,388,1245,549,1406,161,161,crops/glucose/glucose_11_c20/glucose_11_c20_wC01.png,1.761,45,96,pass_geometry
glucose_11_c20_wC02,glucose_11_c20,glucose,11,20.0,C02,3,2,2992,2992,642.906,1325.082,63.954,567,1249,720,1402,153,153,crops/glucose/glucose_11_c20/glucose_11_c20_wC02.png,4.121,45,96,pass_geometry
glucose_11_c20_wC03,glucose_11_c20,glucose,11,20.0,C03,3,3,2992,2992,824.67,1320.594,59.69,754,1250,897,1393,143,143,crops/glucose/glucose_11_c20/glucose_11_c20_wC03.png,2.07,45,96,pass_geometry
glucose_11_c20_wC04,glucose_11_c20,glucose,11,20.0,C04,3,4,2992,2992,1001.946,1311.618,63.73,926,1236,1079,1389,153,153,crops/glucose/glucose_11_c20/glucose_11_c20_wC04.png,4.399,45,96,pass_geometry
glucose_11_c20_wC05,glucose_11_c20,glucose,11,20.0,C05,3,5,2992,2992,1188.198,1313.862,63.281,1113,1239,1264,1390,151,151,crops/glucose/glucose_11_c20/glucose_11_c20_wC05.png,4.695,45,96,pass_geometry
glucose_11_c20_wC06,glucose_11_c20,glucose,11,20.0,C06,3,6,2992,2992,1358.742,1307.13,63.056,1284,1232,1435,1383,151,151,crops/glucose/glucose_11_c20/glucose_11_c20_wC06.png,5.748,45,96,pass_geometry
glucose_11_c20_wC07,glucose_11_c20,glucose,11,20.0,C07,3,7,2992,2992,1544.994,1302.642,68.891,1463,1221,1628,1386,165,165,crops/glucose/glucose_11_c20/glucose_11_c20_wC07.png,0.555,45,96,pass_geometry
glucose_11_c20_wC08,glucose_11_c20,glucose,11,20.0,C08,3,8,2992,2992,1722.27,1298.154,67.993,1641,1217,1804,1380,163,163,crops/glucose/glucose_11_c20/glucose_11_c20_wC08.png,2.413,45,96,pass_geometry
glucose_11_c20_wC09,glucose_11_c20,glucose,11,20.0,C09,3,9,2992,2992,1904.034,1289.178,63.281,1829,1214,1980,1365,151,151,crops/glucose/glucose_11_c20/glucose_11_c20_wC09.png,5.663,45,96,pass_geometry
glucose_11_c20_wC10,glucose_11_c20,glucose,11,20.0,C10,3,10,2992,2992,2083.554,1291.422,59.915,2013,1220,2156,1363,143,143,crops/glucose/glucose_11_c20/glucose_11_c20_wC10.png,1.967,45,96,pass_geometry
glucose_11_c20_wC11,glucose_11_c20,glucose,11,20.0,C11,3,11,2992,2992,2265.318,1284.69,59.69,2194,1214,2337,1357,143,143,crops/glucose/glucose_11_c20/glucose_11_c20_wC11.png,2.197,45,96,pass_geometry
glucose_11_c20_wC12,glucose_11_c20,glucose,11,20.0,C12,3,12,2992,2992,2449.326,1284.69,65.3,2371,1207,2528,1364,157,157,crops/glucose/glucose_11_c20/glucose_11_c20_wC12.png,3.112,45,96,pass_geometry
glucose_11_c20_wD01,glucose_11_c20,glucose,11,20.0,D01,4,1,2992,2992,465.63,1506.846,63.954,390,1431,543,1584,153,153,crops/glucose/glucose_11_c20/glucose_11_c20_wD01.png,4.047,45,96,pass_geometry
glucose_11_c20_wD02,glucose_11_c20,glucose,11,20.0,D02,4,2,2992,2992,647.394,1504.602,64.178,571,1429,724,1582,153,153,crops/glucose/glucose_11_c20/glucose_11_c20_wD02.png,2.953,45,96,pass_geometry
glucose_11_c20_wD03,glucose_11_c20,glucose,11,20.0,D03,4,3,2992,2992,829.158,1500.114,68.666,747,1418,912,1583,165,165,crops/glucose/glucose_11_c20/glucose_11_c20_wD03.png,1.935,45,96,pass_geometry
glucose_11_c20_wD04,glucose_11_c20,glucose,11,20.0,D04,4,4,2992,2992,1008.678,1493.382,67.769,929,1413,1090,1574,161,161,crops/glucose/glucose_11_c20/glucose_11_c20_wD04.png,0.991,45,96,pass_geometry
glucose_11_c20_wD05,glucose_11_c20,glucose,11,20.0,D05,4,5,2992,2992,1188.198,1495.626,63.73,1112,1420,1265,1573,153,153,crops/glucose/glucose_11_c20/glucose_11_c20_wD05.png,5.197,45,96,pass_geometry
glucose_11_c20_wD06,glucose_11_c20,glucose,11,20.0,D06,4,6,2992,2992,1365.474,1486.65,69.115,1283,1405,1448,1570,165,165,crops/glucose/glucose_11_c20/glucose_11_c20_wD06.png,3.034,45,96,pass_geometry
glucose_11_c20_wD07,glucose_11_c20,glucose,11,20.0,D07,4,7,2992,2992,1553.97,1482.162,64.627,1477,1405,1632,1560,155,155,crops/glucose/glucose_11_c20/glucose_11_c20_wD07.png,5.19,45,96,pass_geometry
glucose_11_c20_wD08,glucose_11_c20,glucose,11,20.0,D08,4,8,2992,2992,1726.758,1479.918,67.993,1646,1399,1809,1562,163,163,crops/glucose/glucose_11_c20/glucose_11_c20_wD08.png,2.794,45,96,pass_geometry
glucose_11_c20_wD09,glucose_11_c20,glucose,11,20.0,D09,4,9,2992,2992,1908.522,1479.918,64.178,1833,1404,1986,1557,153,153,crops/glucose/glucose_11_c20/glucose_11_c20_wD09.png,5.342,45,96,pass_geometry
glucose_11_c20_wD10,glucose_11_c20,glucose,11,20.0,D10,4,10,2992,2992,2088.042,1468.698,69.34,2006,1387,2171,1552,165,165,crops/glucose/glucose_11_c20/glucose_11_c20_wD10.png,3.413,45,96,pass_geometry
glucose_11_c20_wD11,glucose_11_c20,glucose,11,20.0,D11,4,11,2992,2992,2267.562,1466.454,59.466,2197,1395,2340,1538,143,143,crops/glucose/glucose_11_c20/glucose_11_c20_wD11.png,4.15,45,96,pass_geometry
glucose_11_c20_wD12,glucose_11_c20,glucose,11,20.0,D12,4,12,2992,2992,2447.082,1459.722,64.627,2370,1383,2525,1538,155,155,crops/glucose/glucose_11_c20/glucose_11_c20_wD12.png,6.608,45,96,pass_geometry
glucose_11_c20_wE01,glucose_11_c20,glucose,11,20.0,E01,5,1,2992,2992,481.338,1686.366,64.627,404,1609,559,1764,155,155,crops/glucose/glucose_11_c20/glucose_11_c20_wE01.png,9.291,45,96,pass_geometry
glucose_11_c20_wE02,glucose_11_c20,glucose,11,20.0,E02,5,2,2992,2992,656.37,1681.878,68.666,574,1600,739,1765,165,165,crops/glucose/glucose_11_c20/glucose_11_c20_wE02.png,4.573,45,96,pass_geometry
glucose_11_c20_wE03,glucose_11_c20,glucose,11,20.0,E03,5,3,2992,2992,835.89,1679.634,68.442,755,1599,918,1762,163,163,crops/glucose/glucose_11_c20/glucose_11_c20_wE03.png,4.335,45,96,pass_geometry
glucose_11_c20_wE04,glucose_11_c20,glucose,11,20.0,E04,5,4,2992,2992,1015.41,1675.146,67.993,934,1594,1097,1757,163,163,crops/glucose/glucose_11_c20/glucose_11_c20_wE04.png,3.622,45,96,pass_geometry
glucose_11_c20_wE05,glucose_11_c20,glucose,11,20.0,E05,5,5,2992,2992,1194.93,1670.658,60.588,1123,1599,1268,1744,145,145,crops/glucose/glucose_11_c20/glucose_11_c20_wE05.png,2.827,45,96,pass_geometry
glucose_11_c20_wE06,glucose_11_c20,glucose,11,20.0,E06,5,6,2992,2992,1378.938,1663.926,63.954,1303,1588,1456,1741,153,153,crops/glucose/glucose_11_c20/glucose_11_c20_wE06.png,7.051,45,96,pass_geometry
glucose_11_c20_wE07,glucose_11_c20,glucose,11,20.0,E07,5,7,2992,2992,1558.458,1661.682,65.3,1480,1584,1637,1741,157,157,crops/glucose/glucose_11_c20/glucose_11_c20_wE07.png,5.477,45,96,pass_geometry
glucose_11_c20_wE08,glucose_11_c20,glucose,11,20.0,E08,5,8,2992,2992,1733.49,1657.194,68.442,1652,1576,1815,1739,163,163,crops/glucose/glucose_11_c20/glucose_11_c20_wE08.png,2.077,45,96,pass_geometry
glucose_11_c20_wE09,glucose_11_c20,glucose,11,20.0,E09,5,9,2992,2992,1913.01,1654.95,68.442,1832,1574,1995,1737,163,163,crops/glucose/glucose_11_c20/glucose_11_c20_wE09.png,1.936,45,96,pass_geometry
glucose_11_c20_wE10,glucose_11_c20,glucose,11,20.0,E10,5,10,2992,2992,2099.262,1645.974,63.056,2024,1571,2175,1722,151,151,crops/glucose/glucose_11_c20/glucose_11_c20_wE10.png,6.427,45,96,pass_geometry
glucose_11_c20_wE11,glucose_11_c20,glucose,11,20.0,E11,5,11,2992,2992,2278.782,1648.218,61.486,2206,1575,2353,1722,147,147,crops/glucose/glucose_11_c20/glucose_11_c20_wE11.png,1.552,45,96,pass_geometry
glucose_11_c20_wE12,glucose_11_c20,glucose,11,20.0,E12,5,12,2992,2992,2460.546,1643.73,67.544,2381,1564,2542,1725,161,161,crops/glucose/glucose_11_c20/glucose_11_c20_wE12.png,1.745,45,96,pass_geometry
glucose_11_c20_wF01,glucose_11_c20,glucose,11,20.0,F01,6,1,2992,2992,472.362,1865.886,60.364,400,1794,545,1939,145,145,crops/glucose/glucose_11_c20/glucose_11_c20_wF01.png,2.288,45,96,pass_geometry
glucose_11_c20_wF02,glucose_11_c20,glucose,11,20.0,F02,6,2,2992,2992,656.37,1861.398,58.568,586,1791,727,1932,141,141,crops/glucose/glucose_11_c20/glucose_11_c20_wF02.png,2.339,45,96,pass_geometry
glucose_11_c20_wF03,glucose_11_c20,glucose,11,20.0,F03,6,3,2992,2992,829.158,1859.154,64.403,753,1783,906,1936,153,153,crops/glucose/glucose_11_c20/glucose_11_c20_wF03.png,5.677,45,96,pass_geometry
glucose_11_c20_wF04,glucose_11_c20,glucose,11,20.0,F04,6,4,2992,2992,1013.166,1859.154,64.403,937,1783,1090,1936,153,153,crops/glucose/glucose_11_c20/glucose_11_c20_wF04.png,4.273,45,96,pass_geometry
glucose_11_c20_wF05,glucose_11_c20,glucose,11,20.0,F05,6,5,2992,2992,1192.686,1852.422,68.442,1112,1771,1275,1934,163,163,crops/glucose/glucose_11_c20/glucose_11_c20_wF05.png,3.241,45,96,pass_geometry
glucose_11_c20_wF06,glucose_11_c20,glucose,11,20.0,F06,6,6,2992,2992,1374.45,1847.934,59.242,1304,1778,1445,1919,141,141,crops/glucose/glucose_11_c20/glucose_11_c20_wF06.png,2.149,45,96,pass_geometry
glucose_11_c20_wF07,glucose_11_c20,glucose,11,20.0,F07,6,7,2992,2992,1553.97,1847.934,63.73,1478,1772,1631,1925,153,153,crops/glucose/glucose_11_c20/glucose_11_c20_wF07.png,5.19,45,96,pass_geometry
glucose_11_c20_wF08,glucose_11_c20,glucose,11,20.0,F08,6,8,2992,2992,1737.978,1843.446,64.403,1662,1767,1815,1920,153,153,crops/glucose/glucose_11_c20/glucose_11_c20_wF08.png,3.119,45,96,pass_geometry
glucose_11_c20_wF09,glucose_11_c20,glucose,11,20.0,F09,6,9,2992,2992,1919.742,1834.47,62.159,1846,1760,1995,1909,149,149,crops/glucose/glucose_11_c20/glucose_11_c20_wF09.png,2.168,45,96,pass_geometry
glucose_11_c20_wF10,glucose_11_c20,glucose,11,20.0,F10,6,10,2992,2992,2099.262,1834.47,59.69,2028,1763,2171,1906,143,143,crops/glucose/glucose_11_c20/glucose_11_c20_wF10.png,2.647,45,96,pass_geometry
glucose_11_c20_wF11,glucose_11_c20,glucose,11,20.0,F11,6,11,2992,2992,2281.026,1827.738,68.891,2199,1746,2364,1911,165,165,crops/glucose/glucose_11_c20/glucose_11_c20_wF11.png,2.383,45,96,pass_geometry
glucose_11_c20_wF12,glucose_11_c20,glucose,11,20.0,F12,6,12,2992,2992,2460.546,1827.738,63.505,2386,1753,2537,1904,151,151,crops/glucose/glucose_11_c20/glucose_11_c20_wF12.png,4.884,45,96,pass_geometry
glucose_11_c20_wG01,glucose_11_c20,glucose,11,20.0,G01,7,1,2992,2992,474.606,2045.406,66.422,396,1966,555,2125,159,159,crops/glucose/glucose_11_c20/glucose_11_c20_wG01.png,3.458,45,96,pass_geometry
glucose_11_c20_wG02,glucose_11_c20,glucose,11,20.0,G02,7,2,2992,2992,654.126,2043.162,64.403,578,1967,731,2120,153,153,crops/glucose/glucose_11_c20/glucose_11_c20_wG02.png,3.432,45,96,pass_geometry
glucose_11_c20_wG03,glucose_11_c20,glucose,11,20.0,G03,7,3,2992,2992,833.646,2036.43,64.627,757,1959,912,2114,155,155,crops/glucose/glucose_11_c20/glucose_11_c20_wG03.png,5.98,45,96,pass_geometry
glucose_11_c20_wG04,glucose_11_c20,glucose,11,20.0,G04,7,4,2992,2992,1017.654,2036.43,61.486,945,1963,1092,2110,147,147,crops/glucose/glucose_11_c20/glucose_11_c20_wG04.png,1.136,45,96,pass_geometry
glucose_11_c20_wG05,glucose_11_c20,glucose,11,20.0,G05,7,5,2992,2992,1194.93,2029.698,65.974,1117,1952,1274,2109,157,157,crops/glucose/glucose_11_c20/glucose_11_c20_wG05.png,5.856,45,96,pass_geometry
glucose_11_c20_wG06,glucose_11_c20,glucose,11,20.0,G06,7,6,2992,2992,1378.938,2022.966,64.178,1303,1947,1456,2100,153,153,crops/glucose/glucose_11_c20/glucose_11_c20_wG06.png,6.83,45,96,pass_geometry
glucose_11_c20_wG07,glucose_11_c20,glucose,11,20.0,G07,7,7,2992,2992,1565.19,2025.21,64.403,1489,1949,1642,2102,153,153,crops/glucose/glucose_11_c20/glucose_11_c20_wG07.png,3.34,45,96,pass_geometry
glucose_11_c20_wG08,glucose_11_c20,glucose,11,20.0,G08,7,8,2992,2992,1740.222,2020.722,68.442,1659,1940,1822,2103,163,163,crops/glucose/glucose_11_c20/glucose_11_c20_wG08.png,3.463,45,96,pass_geometry
glucose_11_c20_wG09,glucose_11_c20,glucose,11,20.0,G09,7,9,2992,2992,1919.742,2016.234,57.895,1851,1947,1990,2086,139,139,crops/glucose/glucose_11_c20/glucose_11_c20_wG09.png,5.688,45,96,pass_geometry
glucose_11_c20_wG10,glucose_11_c20,glucose,11,20.0,G10,7,10,2992,2992,2105.994,2016.234,59.69,2035,1945,2178,2088,143,143,crops/glucose/glucose_11_c20/glucose_11_c20_wG10.png,1.574,45,96,pass_geometry
glucose_11_c20_wG11,glucose_11_c20,glucose,11,20.0,G11,7,11,2992,2992,2290.002,2013.99,60.139,2219,1943,2362,2086,143,143,crops/glucose/glucose_11_c20/glucose_11_c20_wG11.png,3.141,45,96,pass_geometry
glucose_11_c20_wG12,glucose_11_c20,glucose,11,20.0,G12,7,12,2992,2992,2471.766,2011.746,68.891,2390,1930,2555,2095,165,165,crops/glucose/glucose_11_c20/glucose_11_c20_wG12.png,4.406,45,96,pass_geometry
glucose_11_c20_wH01,glucose_11_c20,glucose,11,20.0,H01,8,1,2992,2992,479.094,2231.658,69.115,397,2150,562,2315,165,165,crops/glucose/glucose_11_c20/glucose_11_c20_wH01.png,1.889,45,96,pass_geometry
glucose_11_c20_wH02,glucose_11_c20,glucose,11,20.0,H02,8,2,2992,2992,658.614,2229.414,65.3,581,2151,738,2308,157,157,crops/glucose/glucose_11_c20/glucose_11_c20_wH02.png,3.553,45,96,pass_geometry
glucose_11_c20_wH03,glucose_11_c20,glucose,11,20.0,H03,8,3,2992,2992,847.11,2220.438,64.852,770,2143,925,2298,155,155,crops/glucose/glucose_11_c20/glucose_11_c20_wH03.png,6.435,45,96,pass_geometry
glucose_11_c20_wH04,glucose_11_c20,glucose,11,20.0,H04,8,4,2992,2992,1026.63,2222.682,63.954,951,2147,1104,2300,153,153,crops/glucose/glucose_11_c20/glucose_11_c20_wH04.png,5.788,45,96,pass_geometry
glucose_11_c20_wH05,glucose_11_c20,glucose,11,20.0,H05,8,5,2992,2992,1206.15,2213.706,59.466,1135,2143,1278,2286,143,143,crops/glucose/glucose_11_c20/glucose_11_c20_wH05.png,3.307,45,96,pass_geometry
glucose_11_c20_wH06,glucose_11_c20,glucose,11,20.0,H06,8,6,2992,2992,1385.67,2204.73,63.73,1310,2129,1463,2282,153,153,crops/glucose/glucose_11_c20/glucose_11_c20_wH06.png,7.198,45,96,pass_geometry
glucose_11_c20_wH07,glucose_11_c20,glucose,11,20.0,H07,8,7,2992,2992,1569.678,2206.974,68.891,1488,2125,1653,2290,165,165,crops/glucose/glucose_11_c20/glucose_11_c20_wH07.png,3.594,45,96,pass_geometry
glucose_11_c20_wH08,glucose_11_c20,glucose,11,20.0,H08,8,8,2992,2992,1749.198,2202.486,59.69,1678,2131,1821,2274,143,143,crops/glucose/glucose_11_c20/glucose_11_c20_wH08.png,2.456,45,96,pass_geometry
glucose_11_c20_wH09,glucose_11_c20,glucose,11,20.0,H09,8,9,2992,2992,1930.962,2206.974,63.73,1855,2131,2008,2284,153,153,crops/glucose/glucose_11_c20/glucose_11_c20_wH09.png,5.986,45,96,pass_geometry
glucose_11_c20_wH10,glucose_11_c20,glucose,11,20.0,H10,8,10,2992,2992,2110.482,2202.486,62.608,2036,2128,2185,2277,149,149,crops/glucose/glucose_11_c20/glucose_11_c20_wH10.png,5.281,45,96,pass_geometry
glucose_11_c20_wH11,glucose_11_c20,glucose,11,20.0,H11,8,11,2992,2992,2298.978,2195.754,60.588,2227,2124,2372,2269,145,145,crops/glucose/glucose_11_c20/glucose_11_c20_wH11.png,4.989,45,96,pass_geometry
glucose_11_c20_wH12,glucose_11_c20,glucose,11,20.0,H12,8,12,2992,2992,2480.742,2191.266,67.993,2400,2110,2563,2273,163,163,crops/glucose/glucose_11_c20/glucose_11_c20_wH12.png,4.061,45,96,pass_geometry
ketone_01_c0_wA01,ketone_01_c0,ketone,1,0.0,A01,1,1,4000,3000,1051.5,520.5,78.3,959,428,1146,615,187,187,crops/ketone/ketone_01_c0/ketone_01_c0_wA01.png,1.353,30,96,pass_geometry
ketone_01_c0_wA02,ketone_01_c0,ketone,1,0.0,A02,1,2,4000,3000,1255.5,520.5,80.4,1161,426,1352,617,191,191,crops/ketone/ketone_01_c0/ketone_01_c0_wA02.png,5.798,30,96,pass_geometry
ketone_01_c0_wA03,ketone_01_c0,ketone,1,0.0,A03,1,3,4000,3000,1459.5,508.5,79.5,1366,415,1555,604,189,189,crops/ketone/ketone_01_c0/ketone_01_c0_wA03.png,2.283,30,96,pass_geometry
ketone_01_c0_wA04,ketone_01_c0,ketone,1,0.0,A04,1,4,4000,3000,1657.5,508.5,78.9,1564,415,1753,604,189,189,crops/ketone/ketone_01_c0/ketone_01_c0_wA04.png,6.107,30,96,pass_geometry
ketone_01_c0_wA05,ketone_01_c0,ketone,1,0.0,A05,1,5,4000,3000,1858.5,499.5,78.0,1766,407,1953,594,187,187,crops/ketone/ketone_01_c0/ketone_01_c0_wA05.png,4.246,30,96,pass_geometry
ketone_01_c0_wA06,ketone_01_c0,ketone,1,0.0,A06,1,6,4000,3000,2062.5,490.5,76.8,1972,400,2155,583,183,183,crops/ketone/ketone_01_c0/ketone_01_c0_wA06.png,1.482,30,96,pass_geometry
ketone_01_c0_wA07,ketone_01_c0,ketone,1,0.0,A07,1,7,4000,3000,2257.5,487.5,76.8,2167,397,2350,580,183,183,crops/ketone/ketone_01_c0/ketone_01_c0_wA07.png,9.192,30,96,pass_geometry
ketone_01_c0_wA08,ketone_01_c0,ketone,1,0.0,A08,1,8,4000,3000,2464.5,484.5,80.7,2369,389,2562,582,193,193,crops/ketone/ketone_01_c0/ketone_01_c0_wA08.png,7.087,30,96,pass_geometry
ketone_01_c0_wA09,ketone_01_c0,ketone,1,0.0,A09,1,9,4000,3000,2668.5,478.5,81.0,2573,383,2766,576,193,193,crops/ketone/ketone_01_c0/ketone_01_c0_wA09.png,6.285,30,96,pass_geometry
ketone_01_c0_wA10,ketone_01_c0,ketone,1,0.0,A10,1,10,4000,3000,2872.5,466.5,80.4,2777,372,2968,563,191,191,crops/ketone/ketone_01_c0/ketone_01_c0_wA10.png,0.758,30,96,pass_geometry
ketone_01_c0_wA11,ketone_01_c0,ketone,1,0.0,A11,1,11,4000,3000,3073.5,457.5,81.9,2977,361,3172,556,195,195,crops/ketone/ketone_01_c0/ketone_01_c0_wA11.png,3.806,30,96,pass_geometry
ketone_01_c0_wA12,ketone_01_c0,ketone,1,0.0,A12,1,12,4000,3000,3274.5,451.5,75.0,3186,363,3365,542,179,179,crops/ketone/ketone_01_c0/ketone_01_c0_wA12.png,4.712,30,96,pass_geometry
ketone_01_c0_wB01,ketone_01_c0,ketone,1,0.0,B01,2,1,4000,3000,1063.5,721.5,77.4,972,630,1157,815,185,185,crops/ketone/ketone_01_c0/ketone_01_c0_wB01.png,3.448,30,96,pass_geometry
ketone_01_c0_wB02,ketone_01_c0,ketone,1,0.0,B02,2,2,4000,3000,1261.5,715.5,77.7,1170,624,1355,809,185,185,crops/ketone/ketone_01_c0/ketone_01_c0_wB02.png,2.67,30,96,pass_geometry
ketone_01_c0_wB03,ketone_01_c0,ketone,1,0.0,B03,2,3,4000,3000,1462.5,712.5,76.2,1372,622,1553,803,181,181,crops/ketone/ketone_01_c0/ketone_01_c0_wB03.png,2.175,30,96,pass_geometry
ketone_01_c0_wB04,ketone_01_c0,ketone,1,0.0,B04,2,4,4000,3000,1666.5,706.5,77.4,1575,615,1760,800,185,185,crops/ketone/ketone_01_c0/ketone_01_c0_wB04.png,0.616,30,96,pass_geometry
ketone_01_c0_wB05,ketone_01_c0,ketone,1,0.0,B05,2,5,4000,3000,1867.5,700.5,78.6,1775,608,1962,795,187,187,crops/ketone/ketone_01_c0/ketone_01_c0_wB05.png,0.982,30,96,pass_geometry
ketone_01_c0_wB06,ketone_01_c0,ketone,1,0.0,B06,2,6,4000,3000,2071.5,697.5,79.8,1977,603,2168,794,191,191,crops/ketone/ketone_01_c0/ketone_01_c0_wB06.png,3.819,30,96,pass_geometry
ketone_01_c0_wB07,ketone_01_c0,ketone,1,0.0,B07,2,7,4000,3000,2281.5,685.5,71.1,2198,602,2367,771,169,169,crops/ketone/ketone_01_c0/ketone_01_c0_wB07.png,9.748,30,96,pass_geometry
ketone_01_c0_wB08,ketone_01_c0,ketone,1,0.0,B08,2,8,4000,3000,2476.5,682.5,78.3,2384,589,2571,776,187,187,crops/ketone/ketone_01_c0/ketone_01_c0_wB08.png,2.577,30,96,pass_geometry
ketone_01_c0_wB09,ketone_01_c0,ketone,1,0.0,B09,2,9,4000,3000,2680.5,673.5,76.8,2590,583,2773,766,183,183,crops/ketone/ketone_01_c0/ketone_01_c0_wB09.png,5.202,30,96,pass_geometry
ketone_01_c0_wB10,ketone_01_c0,ketone,1,0.0,B10,2,10,4000,3000,2878.5,661.5,83.4,2780,563,2979,762,199,199,crops/ketone/ketone_01_c0/ketone_01_c0_wB10.png,8.506,30,96,pass_geometry
ketone_01_c0_wB11,ketone_01_c0,ketone,1,0.0,B11,2,11,4000,3000,3082.5,658.5,81.0,2986,563,3179,756,193,193,crops/ketone/ketone_01_c0/ketone_01_c0_wB11.png,6.097,30,96,pass_geometry
ketone_01_c0_wB12,ketone_01_c0,ketone,1,0.0,B12,2,12,4000,3000,3289.5,655.5,81.9,3193,559,3388,754,195,195,crops/ketone/ketone_01_c0/ketone_01_c0_wB12.png,8.039,30,96,pass_geometry
ketone_01_c0_wC01,ketone_01_c0,ketone,1,0.0,C01,3,1,4000,3000,1069.5,925.5,79.5,976,832,1165,1021,189,189,crops/ketone/ketone_01_c0/ketone_01_c0_wC01.png,0.8,30,96,pass_geometry
ketone_01_c0_wC02,ketone_01_c0,ketone,1,0.0,C02,3,2,4000,3000,1273.5,922.5,74.7,1185,833,1364,1012,179,179,crops/ketone/ketone_01_c0/ketone_01_c0_wC02.png,3.797,30,96,pass_geometry
ketone_01_c0_wC03,ketone_01_c0,ketone,1,0.0,C03,3,3,4000,3000,1471.5,913.5,77.1,1381,823,1564,1006,183,183,crops/ketone/ketone_01_c0/ketone_01_c0_wC03.png,0.852,30,96,pass_geometry
ketone_01_c0_wC04,ketone_01_c0,ketone,1,0.0,C04,3,4,4000,3000,1672.5,904.5,78.9,1578,811,1767,1000,189,189,crops/ketone/ketone_01_c0/ketone_01_c0_wC04.png,3.884,30,96,pass_geometry
ketone_01_c0_wC05,ketone_01_c0,ketone,1,0.0,C05,3,5,4000,3000,1873.5,898.5,79.2,1780,805,1969,994,189,189,crops/ketone/ketone_01_c0/ketone_01_c0_wC05.png,4.053,30,96,pass_geometry
ketone_01_c0_wC06,ketone_01_c0,ketone,1,0.0,C06,3,6,4000,3000,2074.5,895.5,78.6,1982,803,2169,990,187,187,crops/ketone/ketone_01_c0/ketone_01_c0_wC06.png,2.025,30,96,pass_geometry
ketone_01_c0_wC07,ketone_01_c0,ketone,1,0.0,C07,3,7,4000,3000,2284.5,886.5,72.9,2198,800,2373,975,175,175,crops/ketone/ketone_01_c0/ketone_01_c0_wC07.png,7.713,30,96,pass_geometry
ketone_01_c0_wC08,ketone_01_c0,ketone,1,0.0,C08,3,8,4000,3000,2482.5,889.5,82.5,2385,792,2582,989,197,197,crops/ketone/ketone_01_c0/ketone_01_c0_wC08.png,5.946,30,96,pass_geometry
ketone_01_c0_wC09,ketone_01_c0,ketone,1,0.0,C09,3,9,4000,3000,2683.5,877.5,78.6,2591,785,2778,972,187,187,crops/ketone/ketone_01_c0/ketone_01_c0_wC09.png,2.744,30,96,pass_geometry
ketone_01_c0_wC10,ketone_01_c0,ketone,1,0.0,C10,3,10,4000,3000,2887.5,874.5,74.1,2800,787,2977,964,177,177,crops/ketone/ketone_01_c0/ketone_01_c0_wC10.png,5.372,30,96,pass_geometry
ketone_01_c0_wC11,ketone_01_c0,ketone,1,0.0,C11,3,11,4000,3000,3085.5,862.5,78.6,2993,769,3180,956,187,187,crops/ketone/ketone_01_c0/ketone_01_c0_wC11.png,4.279,30,96,pass_geometry
ketone_01_c0_wC12,ketone_01_c0,ketone,1,0.0,C12,3,12,4000,3000,3292.5,856.5,78.0,3199,764,3386,951,187,187,crops/ketone/ketone_01_c0/ketone_01_c0_wC12.png,7.914,30,96,pass_geometry
ketone_01_c0_wD01,ketone_01_c0,ketone,1,0.0,D01,4,1,4000,3000,1072.5,1126.5,76.5,982,1036,1165,1219,183,183,crops/ketone/ketone_01_c0/ketone_01_c0_wD01.png,4.785,30,96,pass_geometry
ketone_01_c0_wD02,ketone_01_c0,ketone,1,0.0,D02,4,2,4000,3000,1273.5,1120.5,75.9,1184,1031,1365,1212,181,181,crops/ketone/ketone_01_c0/ketone_01_c0_wD02.png,4.831,30,96,pass_geometry
ketone_01_c0_wD03,ketone_01_c0,ketone,1,0.0,D03,4,3,4000,3000,1477.5,1114.5,76.2,1388,1025,1569,1206,181,181,crops/ketone/ketone_01_c0/ketone_01_c0_wD03.png,2.177,30,96,pass_geometry
ketone_01_c0_wD04,ketone_01_c0,ketone,1,0.0,D04,4,4,4000,3000,1678.5,1108.5,77.4,1587,1017,1772,1202,185,185,crops/ketone/ketone_01_c0/ketone_01_c0_wD04.png,2.27,30,96,pass_geometry
ketone_01_c0_wD05,ketone_01_c0,ketone,1,0.0,D05,4,5,4000,3000,1876.5,1105.5,77.7,1785,1014,1970,1199,185,185,crops/ketone/ketone_01_c0/ketone_01_c0_wD05.png,5.101,30,96,pass_geometry
ketone_01_c0_wD06,ketone_01_c0,ketone,1,0.0,D06,4,6,4000,3000,2080.5,1096.5,78.6,1988,1004,2175,1191,187,187,crops/ketone/ketone_01_c0/ketone_01_c0_wD06.png,2.502,30,96,pass_geometry
ketone_01_c0_wD07,ketone_01_c0,ketone,1,0.0,D07,4,7,4000,3000,2281.5,1093.5,79.8,2187,999,2378,1190,191,191,crops/ketone/ketone_01_c0/ketone_01_c0_wD07.png,2.536,30,96,pass_geometry
ketone_01_c0_wD08,ketone_01_c0,ketone,1,0.0,D08,4,8,4000,3000,2479.5,1087.5,76.2,2390,998,2571,1179,181,181,crops/ketone/ketone_01_c0/ketone_01_c0_wD08.png,5.429,30,96,pass_geometry
ketone_01_c0_wD09,ketone_01_c0,ketone,1,0.0,D09,4,9,4000,3000,2683.5,1084.5,73.2,2597,998,2772,1173,175,175,crops/ketone/ketone_01_c0/ketone_01_c0_wD09.png,4.932,30,96,pass_geometry
ketone_01_c0_wD10,ketone_01_c0,ketone,1,0.0,D10,4,10,4000,3000,2884.5,1075.5,75.6,2795,986,2976,1167,181,181,crops/ketone/ketone_01_c0/ketone_01_c0_wD10.png,2.896,30,96,pass_geometry
ketone_01_c0_wD11,ketone_01_c0,ketone,1,0.0,D11,4,11,4000,3000,3085.5,1066.5,78.9,2992,973,3181,1162,189,189,crops/ketone/ketone_01_c0/ketone_01_c0_wD11.png,3.364,30,96,pass_geometry
ketone_01_c0_wD12,ketone_01_c0,ketone,1,0.0,D12,4,12,4000,3000,3292.5,1063.5,79.2,3198,970,3387,1159,189,189,crops/ketone/ketone_01_c0/ketone_01_c0_wD12.png,3.148,30,96,pass_geometry
ketone_01_c0_wE01,ketone_01_c0,ketone,1,0.0,E01,5,1,4000,3000,1087.5,1327.5,75.9,998,1238,1179,1419,181,181,crops/ketone/ketone_01_c0/ketone_01_c0_wE01.png,2.555,30,96,pass_geometry
ketone_01_c0_wE02,ketone_01_c0,ketone,1,0.0,E02,5,2,4000,3000,1282.5,1318.5,74.1,1194,1231,1371,1408,177,177,crops/ketone/ketone_01_c0/ketone_01_c0_wE02.png,5.274,30,96,pass_geometry
ketone_01_c0_wE03,ketone_01_c0,ketone,1,0.0,E03,5,3,4000,3000,1498.5,1315.5,71.4,1414,1231,1585,1402,171,171,crops/ketone/ketone_01_c0/ketone_01_c0_wE03.png,12.082,30,96,pass_geometry
ketone_01_c0_wE04,ketone_01_c0,ketone,1,0.0,E04,5,4,4000,3000,1696.5,1312.5,72.0,1612,1227,1783,1398,171,171,crops/ketone/ketone_01_c0/ketone_01_c0_wE04.png,9.494,30,96,pass_geometry
ketone_01_c0_wE05,ketone_01_c0,ketone,1,0.0,E05,5,5,4000,3000,1894.5,1309.5,69.9,1812,1227,1979,1394,167,167,crops/ketone/ketone_01_c0/ketone_01_c0_wE05.png,8.094,30,96,pass_geometry
ketone_01_c0_wE06,ketone_01_c0,ketone,1,0.0,E06,5,6,4000,3000,2086.5,1300.5,78.3,1994,1208,2181,1395,187,187,crops/ketone/ketone_01_c0/ketone_01_c0_wE06.png,2.621,30,96,pass_geometry
ketone_01_c0_wE07,ketone_01_c0,ketone,1,0.0,E07,5,7,4000,3000,2290.5,1291.5,79.2,2197,1198,2386,1387,189,189,crops/ketone/ketone_01_c0/ketone_01_c0_wE07.png,1.901,30,96,pass_geometry
ketone_01_c0_wE08,ketone_01_c0,ketone,1,0.0,E08,5,8,4000,3000,2491.5,1282.5,79.5,2398,1188,2587,1377,189,189,crops/ketone/ketone_01_c0/ketone_01_c0_wE08.png,4.797,30,96,pass_geometry
ketone_01_c0_wE09,ketone_01_c0,ketone,1,0.0,E09,5,9,4000,3000,2695.5,1282.5,75.6,2606,1192,2787,1373,181,181,crops/ketone/ketone_01_c0/ketone_01_c0_wE09.png,4.784,30,96,pass_geometry
ketone_01_c0_wE10,ketone_01_c0,ketone,1,0.0,E10,5,10,4000,3000,2890.5,1276.5,76.8,2800,1186,2983,1369,183,183,crops/ketone/ketone_01_c0/ketone_01_c0_wE10.png,1.741,30,96,pass_geometry
ketone_01_c0_wE11,ketone_01_c0,ketone,1,0.0,E11,5,11,4000,3000,3088.5,1273.5,72.0,3004,1189,3175,1360,171,171,crops/ketone/ketone_01_c0/ketone_01_c0_wE11.png,5.807,30,96,pass_geometry
ketone_01_c0_wE12,ketone_01_c0,ketone,1,0.0,E12,5,12,4000,3000,3295.5,1261.5,79.2,3202,1168,3391,1357,189,189,crops/ketone/ketone_01_c0/ketone_01_c0_wE12.png,2.846,30,96,pass_geometry
ketone_01_c0_wF01,ketone_01_c0,ketone,1,0.0,F01,6,1,4000,3000,1090.5,1528.5,77.4,999,1437,1184,1622,185,185,crops/ketone/ketone_01_c0/ketone_01_c0_wF01.png,2.664,30,96,pass_geometry
ketone_01_c0_wF02,ketone_01_c0,ketone,1,0.0,F02,6,2,4000,3000,1291.5,1519.5,75.9,1202,1430,1383,1611,181,181,crops/ketone/ketone_01_c0/ketone_01_c0_wF02.png,3.704,30,96,pass_geometry
ketone_01_c0_wF03,ketone_01_c0,ketone,1,0.0,F03,6,3,4000,3000,1492.5,1519.5,76.5,1401,1429,1584,1612,183,183,crops/ketone/ketone_01_c0/ketone_01_c0_wF03.png,2.996,30,96,pass_geometry
ketone_01_c0_wF04,ketone_01_c0,ketone,1,0.0,F04,6,4,4000,3000,1693.5,1513.5,78.0,1601,1421,1788,1608,187,187,crops/ketone/ketone_01_c0/ketone_01_c0_wF04.png,2.685,30,96,pass_geometry
ketone_01_c0_wF05,ketone_01_c0,ketone,1,0.0,F05,6,5,4000,3000,1897.5,1504.5,75.6,1808,1415,1989,1596,181,181,crops/ketone/ketone_01_c0/ketone_01_c0_wF05.png,3.181,30,96,pass_geometry
ketone_01_c0_wF06,ketone_01_c0,ketone,1,0.0,F06,6,6,4000,3000,2086.5,1495.5,72.6,2001,1410,2174,1583,173,173,crops/ketone/ketone_01_c0/ketone_01_c0_wF06.png,8.945,30,96,pass_geometry
ketone_01_c0_wF07,ketone_01_c0,ketone,1,0.0,F07,6,7,4000,3000,2299.5,1489.5,78.6,2207,1397,2394,1584,187,187,crops/ketone/ketone_01_c0/ketone_01_c0_wF07.png,5.756,30,96,pass_geometry
ketone_01_c0_wF08,ketone_01_c0,ketone,1,0.0,F08,6,8,4000,3000,2494.5,1483.5,72.6,2409,1398,2582,1571,173,173,crops/ketone/ketone_01_c0/ketone_01_c0_wF08.png,3.891,30,96,pass_geometry
ketone_01_c0_wF09,ketone_01_c0,ketone,1,0.0,F09,6,9,4000,3000,2698.5,1483.5,67.584,2619,1404,2780,1565,161,161,crops/ketone/ketone_01_c0/ketone_01_c0_wF09.png,3.39,30,96,pass_geometry
ketone_01_c0_wF10,ketone_01_c0,ketone,1,0.0,F10,6,10,4000,3000,2899.5,1477.5,75.9,2810,1388,2991,1569,181,181,crops/ketone/ketone_01_c0/ketone_01_c0_wF10.png,3.8,30,96,pass_geometry
ketone_01_c0_wF11,ketone_01_c0,ketone,1,0.0,F11,6,11,4000,3000,3100.5,1471.5,77.7,3009,1380,3194,1565,185,185,crops/ketone/ketone_01_c0/ketone_01_c0_wF11.png,4.233,30,96,pass_geometry
ketone_01_c0_wF12,ketone_01_c0,ketone,1,0.0,F12,6,12,4000,3000,3298.5,1462.5,78.9,3205,1368,3394,1557,189,189,crops/ketone/ketone_01_c0/ketone_01_c0_wF12.png,1.75,30,96,pass_geometry
ketone_01_c0_wG01,ketone_01_c0,ketone,1,0.0,G01,7,1,4000,3000,1105.5,1723.5,69.9,1023,1641,1190,1808,167,167,crops/ketone/ketone_01_c0/ketone_01_c0_wG01.png,6.146,30,96,pass_geometry
ketone_01_c0_wG02,ketone_01_c0,ketone,1,0.0,G02,7,2,4000,3000,1297.5,1726.5,78.9,1204,1633,1393,1822,189,189,crops/ketone/ketone_01_c0/ketone_01_c0_wG02.png,5.753,30,96,pass_geometry
ketone_01_c0_wG03,ketone_01_c0,ketone,1,0.0,G03,7,3,4000,3000,1501.5,1714.5,76.2,1412,1625,1593,1806,181,181,crops/ketone/ketone_01_c0/ketone_01_c0_wG03.png,1.677,30,96,pass_geometry
ketone_01_c0_wG04,ketone_01_c0,ketone,1,0.0,G04,7,4,4000,3000,1702.5,1705.5,78.9,1608,1612,1797,1801,189,189,crops/ketone/ketone_01_c0/ketone_01_c0_wG04.png,4.98,30,96,pass_geometry
ketone_01_c0_wG05,ketone_01_c0,ketone,1,0.0,G05,7,5,4000,3000,1903.5,1702.5,74.7,1815,1613,1994,1792,179,179,crops/ketone/ketone_01_c0/ketone_01_c0_wG05.png,3.251,30,96,pass_geometry
ketone_01_c0_wG06,ketone_01_c0,ketone,1,0.0,G06,7,6,4000,3000,2098.5,1699.5,67.584,2019,1620,2180,1781,161,161,crops/ketone/ketone_01_c0/ketone_01_c0_wG06.png,2.508,30,96,pass_geometry
ketone_01_c0_wG07,ketone_01_c0,ketone,1,0.0,G07,7,7,4000,3000,2302.5,1693.5,78.0,2210,1601,2397,1788,187,187,crops/ketone/ketone_01_c0/ketone_01_c0_wG07.png,1.968,30,96,pass_geometry
ketone_01_c0_wG08,ketone_01_c0,ketone,1,0.0,G08,7,8,4000,3000,2506.5,1690.5,70.8,2423,1607,2592,1776,169,169,crops/ketone/ketone_01_c0/ketone_01_c0_wG08.png,6.878,30,96,pass_geometry
ketone_01_c0_wG09,ketone_01_c0,ketone,1,0.0,G09,7,9,4000,3000,2701.5,1681.5,76.5,2611,1591,2794,1774,183,183,crops/ketone/ketone_01_c0/ketone_01_c0_wG09.png,0.982,30,96,pass_geometry
ketone_01_c0_wG10,ketone_01_c0,ketone,1,0.0,G10,7,10,4000,3000,2899.5,1675.5,75.3,2811,1587,2990,1766,179,179,crops/ketone/ketone_01_c0/ketone_01_c0_wG10.png,1.458,30,96,pass_geometry
ketone_01_c0_wG11,ketone_01_c0,ketone,1,0.0,G11,7,11,4000,3000,3103.5,1669.5,74.1,3016,1582,3193,1759,177,177,crops/ketone/ketone_01_c0/ketone_01_c0_wG11.png,2.629,30,96,pass_geometry
ketone_01_c0_wG12,ketone_01_c0,ketone,1,0.0,G12,7,12,4000,3000,3304.5,1663.5,77.4,3213,1572,3398,1757,185,185,crops/ketone/ketone_01_c0/ketone_01_c0_wG12.png,3.521,30,96,pass_geometry
ketone_01_c0_wH01,ketone_01_c0,ketone,1,0.0,H01,8,1,4000,3000,1105.5,1930.5,76.2,1016,1841,1197,2022,181,181,crops/ketone/ketone_01_c0/ketone_01_c0_wH01.png,5.483,30,96,pass_geometry
ketone_01_c0_wH02,ketone_01_c0,ketone,1,0.0,H02,8,2,4000,3000,1309.5,1921.5,76.8,1219,1831,1402,2014,183,183,crops/ketone/ketone_01_c0/ketone_01_c0_wH02.png,1.354,30,96,pass_geometry
ketone_01_c0_wH03,ketone_01_c0,ketone,1,0.0,H03,8,3,4000,3000,1501.5,1912.5,72.3,1416,1826,1589,1999,173,173,crops/ketone/ketone_01_c0/ketone_01_c0_wH03.png,6.96,30,96,pass_geometry
ketone_01_c0_wH04,ketone_01_c0,ketone,1,0.0,H04,8,4,4000,3000,1708.5,1906.5,76.8,1618,1816,1801,1999,183,183,crops/ketone/ketone_01_c0/ketone_01_c0_wH04.png,2.43,30,96,pass_geometry
ketone_01_c0_wH05,ketone_01_c0,ketone,1,0.0,H05,8,5,4000,3000,1915.5,1900.5,71.7,1831,1816,2002,1987,171,171,crops/ketone/ketone_01_c0/ketone_01_c0_wH05.png,8.607,30,96,pass_geometry
ketone_01_c0_wH06,ketone_01_c0,ketone,1,0.0,H06,8,6,4000,3000,2107.5,1903.5,72.0,2023,1819,2194,1990,171,171,crops/ketone/ketone_01_c0/ketone_01_c0_wH06.png,6.462,30,96,pass_geometry
ketone_01_c0_wH07,ketone_01_c0,ketone,1,0.0,H07,8,7,4000,3000,2308.5,1891.5,76.8,2218,1801,2401,1984,183,183,crops/ketone/ketone_01_c0/ketone_01_c0_wH07.png,2.079,30,96,pass_geometry
ketone_01_c0_wH08,ketone_01_c0,ketone,1,0.0,H08,8,8,4000,3000,2503.5,1888.5,67.584,2424,1809,2585,1970,161,161,crops/ketone/ketone_01_c0/ketone_01_c0_wH08.png,4.058,30,96,pass_geometry
ketone_01_c0_wH09,ketone_01_c0,ketone,1,0.0,H09,8,9,4000,3000,2698.5,1879.5,71.1,2615,1796,2784,1965,169,169,crops/ketone/ketone_01_c0/ketone_01_c0_wH09.png,7.216,30,96,pass_geometry
ketone_01_c0_wH10,ketone_01_c0,ketone,1,0.0,H10,8,10,4000,3000,2902.5,1873.5,77.7,2810,1782,2995,1967,185,185,crops/ketone/ketone_01_c0/ketone_01_c0_wH10.png,2.887,30,96,pass_geometry
ketone_01_c0_wH11,ketone_01_c0,ketone,1,0.0,H11,8,11,4000,3000,3094.5,1867.5,69.9,3012,1785,3179,1952,167,167,crops/ketone/ketone_01_c0/ketone_01_c0_wH11.png,10.574,30,96,pass_geometry
ketone_01_c0_wH12,ketone_01_c0,ketone,1,0.0,H12,8,12,4000,3000,3298.5,1861.5,74.7,3210,1773,3389,1952,179,179,crops/ketone/ketone_01_c0/ketone_01_c0_wH12.png,6.292,30,96,pass_geometry
ketone_02_c0.01_wA01,ketone_02_c0.01,ketone,2,0.01,A01,1,1,4000,3000,1084.5,556.5,68.112,1004,476,1167,639,163,163,crops/ketone/ketone_02_c0.01/ketone_02_c0.01_wA01.png,13.033,35,96,pass_geometry
ketone_02_c0.01_wA02,ketone_02_c0.01,ketone,2,0.01,A02,1,2,4000,3000,1270.5,553.5,75.3,1182,465,1361,644,179,179,crops/ketone/ketone_02_c0.01/ketone_02_c0.01_wA02.png,1.969,35,96,pass_geometry
ketone_02_c0.01_wA03,ketone_02_c0.01,ketone,2,0.01,A03,1,3,4000,3000,1477.5,544.5,75.0,1389,456,1568,635,179,179,crops/ketone/ketone_02_c0.01/ketone_02_c0.01_wA03.png,7.386,35,96,pass_geometry
ketone_02_c0.01_wA04,ketone_02_c0.01,ketone,2,0.01,A04,1,4,4000,3000,1675.5,550.5,70.2,1593,468,1760,635,167,167,crops/ketone/ketone_02_c0.01/ketone_02_c0.01_wA04.png,8.157,35,96,pass_geometry
ketone_02_c0.01_wA05,ketone_02_c0.01,ketone,2,0.01,A05,1,5,4000,3000,1876.5,538.5,74.7,1788,450,1967,629,179,179,crops/ketone/ketone_02_c0.01/ketone_02_c0.01_wA05.png,3.916,35,96,pass_geometry
ketone_02_c0.01_wA06,ketone_02_c0.01,ketone,2,0.01,A06,1,6,4000,3000,2074.5,529.5,76.2,1985,440,2166,621,181,181,crops/ketone/ketone_02_c0.01/ketone_02_c0.01_wA06.png,1.721,35,96,pass_geometry
ketone_02_c0.01_wA07,ketone_02_c0.01,ketone,2,0.01,A07,1,7,4000,3000,2275.5,526.5,75.6,2186,437,2367,618,181,181,crops/ketone/ketone_02_c0.01/ketone_02_c0.01_wA07.png,1.349,35,96,pass_geometry
ketone_02_c0.01_wA08,ketone_02_c0.01,ketone,2,0.01,A08,1,8,4000,3000,2476.5,520.5,78.3,2384,428,2571,615,187,187,crops/ketone/ketone_02_c0.01/ketone_02_c0.01_wA08.png,1.814,35,96,pass_geometry
ketone_02_c0.01_wA09,ketone_02_c0.01,ketone,2,0.01,A09,1,9,4000,3000,2686.5,514.5,75.9,2597,425,2778,606,181,181,crops/ketone/ketone_02_c0.01/ketone_02_c0.01_wA09.png,6.45,35,96,pass_geometry
ketone_02_c0.01_wA10,ketone_02_c0.01,ketone,2,0.01,A10,1,10,4000,3000,2884.5,508.5,79.8,2790,414,2981,605,191,191,crops/ketone/ketone_02_c0.01/ketone_02_c0.01_wA10.png,1.975,35,96,pass_geometry
ketone_02_c0.01_wA11,ketone_02_c0.01,ketone,2,0.01,A11,1,11,4000,3000,3088.5,496.5,79.5,2995,403,3184,592,189,189,crops/ketone/ketone_02_c0.01/ketone_02_c0.01_wA11.png,4.99,35,96,pass_geometry
ketone_02_c0.01_wA12,ketone_02_c0.01,ketone,2,0.01,A12,1,12,4000,3000,3286.5,490.5,79.8,3192,396,3383,587,191,191,crops/ketone/ketone_02_c0.01/ketone_02_c0.01_wA12.png,5.837,35,96,pass_geometry
ketone_02_c0.01_wB01,ketone_02_c0.01,ketone,2,0.01,B01,2,1,4000,3000,1075.5,763.5,73.8,988,676,1165,853,177,177,crops/ketone/ketone_02_c0.01/ketone_02_c0.01_wB01.png,5.524,35,96,pass_geometry
ketone_02_c0.01_wB02,ketone_02_c0.01,ketone,2,0.01,B02,2,2,4000,3000,1282.5,751.5,75.6,1192,662,1373,843,181,181,crops/ketone/ketone_02_c0.01/ketone_02_c0.01_wB02.png,5.153,35,96,pass_geometry
ketone_02_c0.01_wB03,ketone_02_c0.01,ketone,2,0.01,B03,2,3,4000,3000,1480.5,748.5,76.2,1391,659,1572,840,181,181,crops/ketone/ketone_02_c0.01/ketone_02_c0.01_wB03.png,1.982,35,96,pass_geometry
ketone_02_c0.01_wB04,ketone_02_c0.01,ketone,2,0.01,B04,2,4,4000,3000,1675.5,745.5,77.4,1584,654,1769,839,185,185,crops/ketone/ketone_02_c0.01/ketone_02_c0.01_wB04.png,4.21,35,96,pass_geometry
ketone_02_c0.01_wB05,ketone_02_c0.01,ketone,2,0.01,B05,2,5,4000,3000,1882.5,736.5,75.0,1793,648,1972,827,179,179,crops/ketone/ketone_02_c0.01/ketone_02_c0.01_wB05.png,3.323,35,96,pass_geometry
ketone_02_c0.01_wB06,ketone_02_c0.01,ketone,2,0.01,B06,2,6,4000,3000,2077.5,733.5,75.6,1988,644,2169,825,181,181,crops/ketone/ketone_02_c0.01/ketone_02_c0.01_wB06.png,3.482,35,96,pass_geometry
ketone_02_c0.01_wB07,ketone_02_c0.01,ketone,2,0.01,B07,2,7,4000,3000,2284.5,730.5,78.9,2191,637,2380,826,189,189,crops/ketone/ketone_02_c0.01/ketone_02_c0.01_wB07.png,3.975,35,96,pass_geometry
ketone_02_c0.01_wB08,ketone_02_c0.01,ketone,2,0.01,B08,2,8,4000,3000,2485.5,718.5,78.0,2393,626,2580,813,187,187,crops/ketone/ketone_02_c0.01/ketone_02_c0.01_wB08.png,3.294,35,96,pass_geometry
ketone_02_c0.01_wB09,ketone_02_c0.01,ketone,2,0.01,B09,2,9,4000,3000,2689.5,715.5,77.7,2598,624,2783,809,185,185,crops/ketone/ketone_02_c0.01/ketone_02_c0.01_wB09.png,3.339,35,96,pass_geometry
ketone_02_c0.01_wB10,ketone_02_c0.01,ketone,2,0.01,B10,2,10,4000,3000,2890.5,709.5,78.6,2798,617,2985,804,187,187,crops/ketone/ketone_02_c0.01/ketone_02_c0.01_wB10.png,1.772,35,96,pass_geometry
ketone_02_c0.01_wB11,ketone_02_c0.01,ketone,2,0.01,B11,2,11,4000,3000,3091.5,703.5,78.3,2999,611,3186,798,187,187,crops/ketone/ketone_02_c0.01/ketone_02_c0.01_wB11.png,0.577,35,96,pass_geometry
ketone_02_c0.01_wB12,ketone_02_c0.01,ketone,2,0.01,B12,2,12,4000,3000,3292.5,697.5,76.5,3201,607,3384,790,183,183,crops/ketone/ketone_02_c0.01/ketone_02_c0.01_wB12.png,2.818,35,96,pass_geometry
ketone_02_c0.01_wC01,ketone_02_c0.01,ketone,2,0.01,C01,3,1,4000,3000,1087.5,961.5,74.4,1000,874,1177,1051,177,177,crops/ketone/ketone_02_c0.01/ketone_02_c0.01_wC01.png,1.673,35,96,pass_geometry
ketone_02_c0.01_wC02,ketone_02_c0.01,ketone,2,0.01,C02,3,2,4000,3000,1285.5,955.5,77.7,1194,864,1379,1049,185,185,crops/ketone/ketone_02_c0.01/ketone_02_c0.01_wC02.png,2.665,35,96,pass_geometry
ketone_02_c0.01_wC03,ketone_02_c0.01,ketone,2,0.01,C03,3,3,4000,3000,1483.5,949.5,76.2,1394,860,1575,1041,181,181,crops/ketone/ketone_02_c0.01/ketone_02_c0.01_wC03.png,4.07,35,96,pass_geometry
ketone_02_c0.01_wC04,ketone_02_c0.01,ketone,2,0.01,C04,3,4,4000,3000,1684.5,943.5,77.4,1593,852,1778,1037,185,185,crops/ketone/ketone_02_c0.01/ketone_02_c0.01_wC04.png,3.137,35,96,pass_geometry
ketone_02_c0.01_wC05,ketone_02_c0.01,ketone,2,0.01,C05,3,5,4000,3000,1885.5,940.5,76.8,1795,850,1978,1033,183,183,crops/ketone/ketone_02_c0.01/ketone_02_c0.01_wC05.png,1.924,35,96,pass_geometry
ketone_02_c0.01_wC06,ketone_02_c0.01,ketone,2,0.01,C06,3,6,4000,3000,2086.5,934.5,79.2,1993,841,2182,1030,189,189,crops/ketone/ketone_02_c0.01/ketone_02_c0.01_wC06.png,1.374,35,96,pass_geometry
ketone_02_c0.01_wC07,ketone_02_c0.01,ketone,2,0.01,C07,3,7,4000,3000,2290.5,931.5,79.5,2197,838,2386,1027,189,189,crops/ketone/ketone_02_c0.01/ketone_02_c0.01_wC07.png,3.316,35,96,pass_geometry
ketone_02_c0.01_wC08,ketone_02_c0.01,ketone,2,0.01,C08,3,8,4000,3000,2491.5,925.5,78.3,2399,833,2586,1020,187,187,crops/ketone/ketone_02_c0.01/ketone_02_c0.01_wC08.png,2.73,35,96,pass_geometry
ketone_02_c0.01_wC09,ketone_02_c0.01,ketone,2,0.01,C09,3,9,4000,3000,2689.5,919.5,76.2,2600,830,2781,1011,181,181,crops/ketone/ketone_02_c0.01/ketone_02_c0.01_wC09.png,3.295,35,96,pass_geometry
ketone_02_c0.01_wC10,ketone_02_c0.01,ketone,2,0.01,C10,3,10,4000,3000,2890.5,910.5,75.6,2801,821,2982,1002,181,181,crops/ketone/ketone_02_c0.01/ketone_02_c0.01_wC10.png,4.135,35,96,pass_geometry
ketone_02_c0.01_wC11,ketone_02_c0.01,ketone,2,0.01,C11,3,11,4000,3000,3097.5,904.5,78.3,3005,812,3192,999,187,187,crops/ketone/ketone_02_c0.01/ketone_02_c0.01_wC11.png,1.852,35,96,pass_geometry
ketone_02_c0.01_wC12,ketone_02_c0.01,ketone,2,0.01,C12,3,12,4000,3000,3295.5,901.5,79.2,3202,808,3391,997,189,189,crops/ketone/ketone_02_c0.01/ketone_02_c0.01_wC12.png,4.797,35,96,pass_geometry
ketone_02_c0.01_wD01,ketone_02_c0.01,ketone,2,0.01,D01,4,1,4000,3000,1093.5,1162.5,76.5,1003,1072,1186,1255,183,183,crops/ketone/ketone_02_c0.01/ketone_02_c0.01_wD01.png,4.259,35,96,pass_geometry
ketone_02_c0.01_wD02,ketone_02_c0.01,ketone,2,0.01,D02,4,2,4000,3000,1294.5,1153.5,75.0,1206,1065,1385,1244,179,179,crops/ketone/ketone_02_c0.01/ketone_02_c0.01_wD02.png,2.958,35,96,pass_geometry
ketone_02_c0.01_wD03,ketone_02_c0.01,ketone,2,0.01,D03,4,3,4000,3000,1492.5,1147.5,74.7,1403,1059,1582,1238,179,179,crops/ketone/ketone_02_c0.01/ketone_02_c0.01_wD03.png,4.138,35,96,pass_geometry
ketone_02_c0.01_wD04,ketone_02_c0.01,ketone,2,0.01,D04,4,4,4000,3000,1690.5,1147.5,75.9,1601,1058,1782,1239,181,181,crops/ketone/ketone_02_c0.01/ketone_02_c0.01_wD04.png,4.618,35,96,pass_geometry
ketone_02_c0.01_wD05,ketone_02_c0.01,ketone,2,0.01,D05,4,5,4000,3000,1888.5,1138.5,77.7,1797,1047,1982,1232,185,185,crops/ketone/ketone_02_c0.01/ketone_02_c0.01_wD05.png,6.141,35,96,pass_geometry
ketone_02_c0.01_wD06,ketone_02_c0.01,ketone,2,0.01,D06,4,6,4000,3000,2092.5,1132.5,80.7,1997,1037,2190,1230,193,193,crops/ketone/ketone_02_c0.01/ketone_02_c0.01_wD06.png,3.141,35,96,pass_geometry
ketone_02_c0.01_wD07,ketone_02_c0.01,ketone,2,0.01,D07,4,7,4000,3000,2296.5,1132.5,79.2,2203,1039,2392,1228,189,189,crops/ketone/ketone_02_c0.01/ketone_02_c0.01_wD07.png,3.288,35,96,pass_geometry
ketone_02_c0.01_wD08,ketone_02_c0.01,ketone,2,0.01,D08,4,8,4000,3000,2494.5,1123.5,76.5,2404,1033,2587,1216,183,183,crops/ketone/ketone_02_c0.01/ketone_02_c0.01_wD08.png,2.083,35,96,pass_geometry
ketone_02_c0.01_wD09,ketone_02_c0.01,ketone,2,0.01,D09,4,9,4000,3000,2701.5,1126.5,84.3,2602,1027,2803,1228,201,201,crops/ketone/ketone_02_c0.01/ketone_02_c0.01_wD09.png,8.527,35,96,pass_geometry
ketone_02_c0.01_wD10,ketone_02_c0.01,ketone,2,0.01,D10,4,10,4000,3000,2899.5,1114.5,78.6,2807,1022,2994,1209,187,187,crops/ketone/ketone_02_c0.01/ketone_02_c0.01_wD10.png,1.263,35,96,pass_geometry
ketone_02_c0.01_wD11,ketone_02_c0.01,ketone,2,0.01,D11,4,11,4000,3000,3100.5,1105.5,78.9,3007,1012,3196,1201,189,189,crops/ketone/ketone_02_c0.01/ketone_02_c0.01_wD11.png,3.105,35,96,pass_geometry
ketone_02_c0.01_wD12,ketone_02_c0.01,ketone,2,0.01,D12,4,12,4000,3000,3298.5,1099.5,81.3,3203,1004,3396,1197,193,193,crops/ketone/ketone_02_c0.01/ketone_02_c0.01_wD12.png,7.377,35,96,pass_geometry
ketone_02_c0.01_wE01,ketone_02_c0.01,ketone,2,0.01,E01,5,1,4000,3000,1105.5,1363.5,76.5,1015,1273,1198,1456,183,183,crops/ketone/ketone_02_c0.01/ketone_02_c0.01_wE01.png,3.471,35,96,pass_geometry
ketone_02_c0.01_wE02,ketone_02_c0.01,ketone,2,0.01,E02,5,2,4000,3000,1312.5,1357.5,80.4,1217,1263,1408,1454,191,191,crops/ketone/ketone_02_c0.01/ketone_02_c0.01_wE02.png,8.632,35,96,pass_geometry
ketone_02_c0.01_wE03,ketone_02_c0.01,ketone,2,0.01,E03,5,3,4000,3000,1501.5,1351.5,73.2,1415,1265,1590,1440,175,175,crops/ketone/ketone_02_c0.01/ketone_02_c0.01_wE03.png,2.133,35,96,pass_geometry
ketone_02_c0.01_wE04,ketone_02_c0.01,ketone,2,0.01,E04,5,4,4000,3000,1702.5,1348.5,76.8,1611,1258,1794,1441,183,183,crops/ketone/ketone_02_c0.01/ketone_02_c0.01_wE04.png,3.679,35,96,pass_geometry
ketone_02_c0.01_wE05,ketone_02_c0.01,ketone,2,0.01,E05,5,5,4000,3000,1903.5,1345.5,72.0,1819,1261,1990,1432,171,171,crops/ketone/ketone_02_c0.01/ketone_02_c0.01_wE05.png,6.051,35,96,pass_geometry
ketone_02_c0.01_wE06,ketone_02_c0.01,ketone,2,0.01,E06,5,6,4000,3000,2101.5,1345.5,84.6,2002,1246,2203,1447,201,201,crops/ketone/ketone_02_c0.01/ketone_02_c0.01_wE06.png,10.848,35,96,pass_geometry
ketone_02_c0.01_wE07,ketone_02_c0.01,ketone,2,0.01,E07,5,7,4000,3000,2299.5,1330.5,77.7,2208,1239,2393,1424,185,185,crops/ketone/ketone_02_c0.01/ketone_02_c0.01_wE07.png,2.615,35,96,pass_geometry
ketone_02_c0.01_wE08,ketone_02_c0.01,ketone,2,0.01,E08,5,8,4000,3000,2509.5,1327.5,74.1,2422,1240,2599,1417,177,177,crops/ketone/ketone_02_c0.01/ketone_02_c0.01_wE08.png,7.439,35,96,pass_geometry
ketone_02_c0.01_wE09,ketone_02_c0.01,ketone,2,0.01,E09,5,9,4000,3000,2707.5,1315.5,80.4,2613,1221,2804,1412,191,191,crops/ketone/ketone_02_c0.01/ketone_02_c0.01_wE09.png,5.185,35,96,pass_geometry
ketone_02_c0.01_wE10,ketone_02_c0.01,ketone,2,0.01,E10,5,10,4000,3000,2911.5,1309.5,80.7,2816,1214,3009,1407,193,193,crops/ketone/ketone_02_c0.01/ketone_02_c0.01_wE10.png,7.506,35,96,pass_geometry
ketone_02_c0.01_wE11,ketone_02_c0.01,ketone,2,0.01,E11,5,11,4000,3000,3109.5,1306.5,78.0,3017,1214,3204,1401,187,187,crops/ketone/ketone_02_c0.01/ketone_02_c0.01_wE11.png,3.082,35,96,pass_geometry
ketone_02_c0.01_wE12,ketone_02_c0.01,ketone,2,0.01,E12,5,12,4000,3000,3310.5,1303.5,79.8,3216,1209,3407,1400,191,191,crops/ketone/ketone_02_c0.01/ketone_02_c0.01_wE12.png,0.457,35,96,pass_geometry
ketone_02_c0.01_wF01,ketone_02_c0.01,ketone,2,0.01,F01,6,1,4000,3000,1111.5,1561.5,77.1,1021,1471,1204,1654,183,183,crops/ketone/ketone_02_c0.01/ketone_02_c0.01_wF01.png,4.285,35,96,pass_geometry
ketone_02_c0.01_wF02,ketone_02_c0.01,ketone,2,0.01,F02,6,2,4000,3000,1309.5,1552.5,77.4,1218,1460,1403,1645,185,185,crops/ketone/ketone_02_c0.01/ketone_02_c0.01_wF02.png,2.94,35,96,pass_geometry
ketone_02_c0.01_wF03,ketone_02_c0.01,ketone,2,0.01,F03,6,3,4000,3000,1507.5,1546.5,75.0,1419,1458,1598,1637,179,179,crops/ketone/ketone_02_c0.01/ketone_02_c0.01_wF03.png,3.801,35,96,pass_geometry
ketone_02_c0.01_wF04,ketone_02_c0.01,ketone,2,0.01,F04,6,4,4000,3000,1705.5,1546.5,75.3,1617,1458,1796,1637,179,179,crops/ketone/ketone_02_c0.01/ketone_02_c0.01_wF04.png,4.888,35,96,pass_geometry
ketone_02_c0.01_wF05,ketone_02_c0.01,ketone,2,0.01,F05,6,5,4000,3000,1912.5,1537.5,72.9,1825,1451,2000,1626,175,175,crops/ketone/ketone_02_c0.01/ketone_02_c0.01_wF05.png,3.991,35,96,pass_geometry
ketone_02_c0.01_wF06,ketone_02_c0.01,ketone,2,0.01,F06,6,6,4000,3000,2107.5,1531.5,81.9,2011,1435,2206,1630,195,195,crops/ketone/ketone_02_c0.01/ketone_02_c0.01_wF06.png,2.591,35,96,pass_geometry
ketone_02_c0.01_wF07,ketone_02_c0.01,ketone,2,0.01,F07,6,7,4000,3000,2311.5,1528.5,74.1,2224,1441,2401,1618,177,177,crops/ketone/ketone_02_c0.01/ketone_02_c0.01_wF07.png,3.099,35,96,pass_geometry
ketone_02_c0.01_wF08,ketone_02_c0.01,ketone,2,0.01,F08,6,8,4000,3000,2503.5,1525.5,75.3,2415,1437,2594,1616,179,179,crops/ketone/ketone_02_c0.01/ketone_02_c0.01_wF08.png,5.604,35,96,pass_geometry
ketone_02_c0.01_wF09,ketone_02_c0.01,ketone,2,0.01,F09,6,9,4000,3000,2704.5,1519.5,75.6,2615,1430,2796,1611,181,181,crops/ketone/ketone_02_c0.01/ketone_02_c0.01_wF09.png,5.35,35,96,pass_geometry
ketone_02_c0.01_wF10,ketone_02_c0.01,ketone,2,0.01,F10,6,10,4000,3000,2914.5,1513.5,78.3,2822,1421,3009,1608,187,187,crops/ketone/ketone_02_c0.01/ketone_02_c0.01_wF10.png,3.419,35,96,pass_geometry
ketone_02_c0.01_wF11,ketone_02_c0.01,ketone,2,0.01,F11,6,11,4000,3000,3112.5,1510.5,78.3,3019,1418,3206,1605,187,187,crops/ketone/ketone_02_c0.01/ketone_02_c0.01_wF11.png,1.224,35,96,pass_geometry
ketone_02_c0.01_wF12,ketone_02_c0.01,ketone,2,0.01,F12,6,12,4000,3000,3313.5,1504.5,78.0,3221,1412,3408,1599,187,187,crops/ketone/ketone_02_c0.01/ketone_02_c0.01_wF12.png,1.613,35,96,pass_geometry
ketone_02_c0.01_wG01,ketone_02_c0.01,ketone,2,0.01,G01,7,1,4000,3000,1117.5,1759.5,76.5,1027,1669,1210,1852,183,183,crops/ketone/ketone_02_c0.01/ketone_02_c0.01_wG01.png,6.308,35,96,pass_geometry
ketone_02_c0.01_wG02,ketone_02_c0.01,ketone,2,0.01,G02,7,2,4000,3000,1321.5,1756.5,77.4,1230,1665,1415,1850,185,185,crops/ketone/ketone_02_c0.01/ketone_02_c0.01_wG02.png,5.416,35,96,pass_geometry
ketone_02_c0.01_wG03,ketone_02_c0.01,ketone,2,0.01,G03,7,3,4000,3000,1513.5,1750.5,75.0,1425,1662,1604,1841,179,179,crops/ketone/ketone_02_c0.01/ketone_02_c0.01_wG03.png,6.293,35,96,pass_geometry
ketone_02_c0.01_wG04,ketone_02_c0.01,ketone,2,0.01,G04,7,4,4000,3000,1714.5,1741.5,76.2,1625,1652,1806,1833,181,181,crops/ketone/ketone_02_c0.01/ketone_02_c0.01_wG04.png,2.462,35,96,pass_geometry
ketone_02_c0.01_wG05,ketone_02_c0.01,ketone,2,0.01,G05,7,5,4000,3000,1915.5,1735.5,76.8,1825,1645,2008,1828,183,183,crops/ketone/ketone_02_c0.01/ketone_02_c0.01_wG05.png,1.795,35,96,pass_geometry
ketone_02_c0.01_wG06,ketone_02_c0.01,ketone,2,0.01,G06,7,6,4000,3000,2110.5,1720.5,68.112,2030,1640,2193,1803,163,163,crops/ketone/ketone_02_c0.01/ketone_02_c0.01_wG06.png,12.968,35,96,pass_geometry
ketone_02_c0.01_wG07,ketone_02_c0.01,ketone,2,0.01,G07,7,7,4000,3000,2308.5,1726.5,80.1,2214,1632,2405,1823,191,191,crops/ketone/ketone_02_c0.01/ketone_02_c0.01_wG07.png,6.597,35,96,pass_geometry
ketone_02_c0.01_wG08,ketone_02_c0.01,ketone,2,0.01,G08,7,8,4000,3000,2512.5,1723.5,79.2,2419,1630,2608,1819,189,189,crops/ketone/ketone_02_c0.01/ketone_02_c0.01_wG08.png,2.635,35,96,pass_geometry
ketone_02_c0.01_wG09,ketone_02_c0.01,ketone,2,0.01,G09,7,9,4000,3000,2716.5,1723.5,81.0,2621,1628,2814,1821,193,193,crops/ketone/ketone_02_c0.01/ketone_02_c0.01_wG09.png,5.04,35,96,pass_geometry
ketone_02_c0.01_wG10,ketone_02_c0.01,ketone,2,0.01,G10,7,10,4000,3000,2917.5,1720.5,79.5,2824,1627,3013,1816,189,189,crops/ketone/ketone_02_c0.01/ketone_02_c0.01_wG10.png,6.732,35,96,pass_geometry
ketone_02_c0.01_wG11,ketone_02_c0.01,ketone,2,0.01,G11,7,11,4000,3000,3118.5,1714.5,81.6,3022,1618,3217,1813,195,195,crops/ketone/ketone_02_c0.01/ketone_02_c0.01_wG11.png,5.418,35,96,pass_geometry
ketone_02_c0.01_wG12,ketone_02_c0.01,ketone,2,0.01,G12,7,12,4000,3000,3316.5,1708.5,78.3,3224,1616,3411,1803,187,187,crops/ketone/ketone_02_c0.01/ketone_02_c0.01_wG12.png,5.444,35,96,pass_geometry
ketone_02_c0.01_wH01,ketone_02_c0.01,ketone,2,0.01,H01,8,1,4000,3000,1129.5,1957.5,78.3,1037,1865,1224,2052,187,187,crops/ketone/ketone_02_c0.01/ketone_02_c0.01_wH01.png,4.911,35,96,pass_geometry
ketone_02_c0.01_wH02,ketone_02_c0.01,ketone,2,0.01,H02,8,2,4000,3000,1333.5,1945.5,77.4,1242,1854,1427,2039,185,185,crops/ketone/ketone_02_c0.01/ketone_02_c0.01_wH02.png,5.924,35,96,pass_geometry
ketone_02_c0.01_wH03,ketone_02_c0.01,ketone,2,0.01,H03,8,3,4000,3000,1534.5,1942.5,72.3,1449,1857,1622,2030,173,173,crops/ketone/ketone_02_c0.01/ketone_02_c0.01_wH03.png,8.508,35,96,pass_geometry
ketone_02_c0.01_wH04,ketone_02_c0.01,ketone,2,0.01,H04,8,4,4000,3000,1726.5,1936.5,75.9,1637,1847,1818,2028,181,181,crops/ketone/ketone_02_c0.01/ketone_02_c0.01_wH04.png,3.725,35,96,pass_geometry
ketone_02_c0.01_wH05,ketone_02_c0.01,ketone,2,0.01,H05,8,5,4000,3000,1930.5,1930.5,71.1,1847,1847,2016,2016,169,169,crops/ketone/ketone_02_c0.01/ketone_02_c0.01_wH05.png,8.837,35,96,pass_geometry
ketone_02_c0.01_wH06,ketone_02_c0.01,ketone,2,0.01,H06,8,6,4000,3000,2119.5,1918.5,71.1,2036,1835,2205,2004,169,169,crops/ketone/ketone_02_c0.01/ketone_02_c0.01_wH06.png,12.368,35,96,pass_geometry
ketone_02_c0.01_wH07,ketone_02_c0.01,ketone,2,0.01,H07,8,7,4000,3000,2323.5,1921.5,78.6,2231,1829,2418,2016,187,187,crops/ketone/ketone_02_c0.01/ketone_02_c0.01_wH07.png,5.097,35,96,pass_geometry
ketone_02_c0.01_wH08,ketone_02_c0.01,ketone,2,0.01,H08,8,8,4000,3000,2521.5,1921.5,81.3,2426,1826,2619,2019,193,193,crops/ketone/ketone_02_c0.01/ketone_02_c0.01_wH08.png,0.279,35,96,pass_geometry
ketone_02_c0.01_wH09,ketone_02_c0.01,ketone,2,0.01,H09,8,9,4000,3000,2722.5,1912.5,80.7,2626,1816,2819,2009,193,193,crops/ketone/ketone_02_c0.01/ketone_02_c0.01_wH09.png,4.785,35,96,pass_geometry
ketone_02_c0.01_wH10,ketone_02_c0.01,ketone,2,0.01,H10,8,10,4000,3000,2920.5,1912.5,76.5,2830,1821,3013,2004,183,183,crops/ketone/ketone_02_c0.01/ketone_02_c0.01_wH10.png,1.786,35,96,pass_geometry
ketone_02_c0.01_wH11,ketone_02_c0.01,ketone,2,0.01,H11,8,11,4000,3000,3130.5,1909.5,78.6,3038,1817,3225,2004,187,187,crops/ketone/ketone_02_c0.01/ketone_02_c0.01_wH11.png,7.217,35,96,pass_geometry
ketone_02_c0.01_wH12,ketone_02_c0.01,ketone,2,0.01,H12,8,12,4000,3000,3331.5,1906.5,81.3,3236,1811,3429,2004,193,193,crops/ketone/ketone_02_c0.01/ketone_02_c0.01_wH12.png,7.128,35,96,pass_geometry
ketone_03_c0.05_wA01,ketone_03_c0.05,ketone,3,0.05,A01,1,1,4000,3000,1045.5,457.5,81.6,949,361,1144,556,195,195,crops/ketone/ketone_03_c0.05/ketone_03_c0.05_wA01.png,0.526,36,96,pass_geometry
ketone_03_c0.05_wA02,ketone_03_c0.05,ketone,3,0.05,A02,1,2,4000,3000,1240.5,442.5,72.3,1155,356,1328,529,173,173,crops/ketone/ketone_03_c0.05/ketone_03_c0.05_wA02.png,12.422,36,96,pass_geometry
ketone_03_c0.05_wA03,ketone_03_c0.05,ketone,3,0.05,A03,1,3,4000,3000,1450.5,445.5,79.2,1357,352,1546,541,189,189,crops/ketone/ketone_03_c0.05/ketone_03_c0.05_wA03.png,2.774,36,96,pass_geometry
ketone_03_c0.05_wA04,ketone_03_c0.05,ketone,3,0.05,A04,1,4,4000,3000,1654.5,445.5,79.2,1561,352,1750,541,189,189,crops/ketone/ketone_03_c0.05/ketone_03_c0.05_wA04.png,2.971,36,96,pass_geometry
ketone_03_c0.05_wA05,ketone_03_c0.05,ketone,3,0.05,A05,1,5,4000,3000,1849.5,439.5,82.2,1753,343,1948,538,195,195,crops/ketone/ketone_03_c0.05/ketone_03_c0.05_wA05.png,5.09,36,96,pass_geometry
ketone_03_c0.05_wA06,ketone_03_c0.05,ketone,3,0.05,A06,1,6,4000,3000,2065.5,436.5,72.3,1980,351,2153,524,173,173,crops/ketone/ketone_03_c0.05/ketone_03_c0.05_wA06.png,8.405,36,96,pass_geometry
ketone_03_c0.05_wA07,ketone_03_c0.05,ketone,3,0.05,A07,1,7,4000,3000,2260.5,436.5,78.3,2168,344,2355,531,187,187,crops/ketone/ketone_03_c0.05/ketone_03_c0.05_wA07.png,6.114,36,96,pass_geometry
ketone_03_c0.05_wA08,ketone_03_c0.05,ketone,3,0.05,A08,1,8,4000,3000,2461.5,430.5,78.0,2369,338,2556,525,187,187,crops/ketone/ketone_03_c0.05/ketone_03_c0.05_wA08.png,4.856,36,96,pass_geometry
ketone_03_c0.05_wA09,ketone_03_c0.05,ketone,3,0.05,A09,1,9,4000,3000,2668.5,415.5,74.1,2581,328,2758,505,177,177,crops/ketone/ketone_03_c0.05/ketone_03_c0.05_wA09.png,6.334,36,96,pass_geometry
ketone_03_c0.05_wA10,ketone_03_c0.05,ketone,3,0.05,A10,1,10,4000,3000,2869.5,418.5,80.1,2775,324,2966,515,191,191,crops/ketone/ketone_03_c0.05/ketone_03_c0.05_wA10.png,1.525,36,96,pass_geometry
ketone_03_c0.05_wA11,ketone_03_c0.05,ketone,3,0.05,A11,1,11,4000,3000,3070.5,409.5,79.2,2977,316,3166,505,189,189,crops/ketone/ketone_03_c0.05/ketone_03_c0.05_wA11.png,4.243,36,96,pass_geometry
ketone_03_c0.05_wA12,ketone_03_c0.05,ketone,3,0.05,A12,1,12,4000,3000,3268.5,409.5,86.1,3167,308,3372,513,205,205,crops/ketone/ketone_03_c0.05/ketone_03_c0.05_wA12.png,8.882,36,96,pass_geometry
ketone_03_c0.05_wB01,ketone_03_c0.05,ketone,3,0.05,B01,2,1,4000,3000,1054.5,661.5,77.1,964,571,1147,754,183,183,crops/ketone/ketone_03_c0.05/ketone_03_c0.05_wB01.png,2.583,36,96,pass_geometry
ketone_03_c0.05_wB02,ketone_03_c0.05,ketone,3,0.05,B02,2,2,4000,3000,1264.5,652.5,85.8,1163,550,1368,755,205,205,crops/ketone/ketone_03_c0.05/ketone_03_c0.05_wB02.png,10.117,36,96,pass_geometry
ketone_03_c0.05_wB03,ketone_03_c0.05,ketone,3,0.05,B03,2,3,4000,3000,1453.5,646.5,82.5,1356,549,1553,746,197,197,crops/ketone/ketone_03_c0.05/ketone_03_c0.05_wB03.png,5.186,36,96,pass_geometry
ketone_03_c0.05_wB04,ketone_03_c0.05,ketone,3,0.05,B04,2,4,4000,3000,1657.5,646.5,77.1,1567,556,1750,739,183,183,crops/ketone/ketone_03_c0.05/ketone_03_c0.05_wB04.png,1.093,36,96,pass_geometry
ketone_03_c0.05_wB05,ketone_03_c0.05,ketone,3,0.05,B05,2,5,4000,3000,1858.5,640.5,78.0,1766,548,1953,735,187,187,crops/ketone/ketone_03_c0.05/ketone_03_c0.05_wB05.png,2.754,36,96,pass_geometry
ketone_03_c0.05_wB06,ketone_03_c0.05,ketone,3,0.05,B06,2,6,4000,3000,2062.5,640.5,80.7,1967,545,2160,738,193,193,crops/ketone/ketone_03_c0.05/ketone_03_c0.05_wB06.png,2.929,36,96,pass_geometry
ketone_03_c0.05_wB07,ketone_03_c0.05,ketone,3,0.05,B07,2,7,4000,3000,2266.5,640.5,75.6,2177,551,2358,732,181,181,crops/ketone/ketone_03_c0.05/ketone_03_c0.05_wB07.png,7.227,36,96,pass_geometry
ketone_03_c0.05_wB08,ketone_03_c0.05,ketone,3,0.05,B08,2,8,4000,3000,2467.5,628.5,82.2,2371,532,2566,727,195,195,crops/ketone/ketone_03_c0.05/ketone_03_c0.05_wB08.png,1.184,36,96,pass_geometry
ketone_03_c0.05_wB09,ketone_03_c0.05,ketone,3,0.05,B09,2,9,4000,3000,2677.5,628.5,82.5,2580,531,2777,728,197,197,crops/ketone/ketone_03_c0.05/ketone_03_c0.05_wB09.png,7.104,36,96,pass_geometry
ketone_03_c0.05_wB10,ketone_03_c0.05,ketone,3,0.05,B10,2,10,4000,3000,2878.5,616.5,82.2,2782,520,2977,715,195,195,crops/ketone/ketone_03_c0.05/ketone_03_c0.05_wB10.png,5.295,36,96,pass_geometry
ketone_03_c0.05_wB11,ketone_03_c0.05,ketone,3,0.05,B11,2,11,4000,3000,3073.5,613.5,76.8,2983,523,3166,706,183,183,crops/ketone/ketone_03_c0.05/ketone_03_c0.05_wB11.png,5.155,36,96,pass_geometry
ketone_03_c0.05_wB12,ketone_03_c0.05,ketone,3,0.05,B12,2,12,4000,3000,3283.5,610.5,80.1,3189,516,3380,707,191,191,crops/ketone/ketone_03_c0.05/ketone_03_c0.05_wB12.png,2.111,36,96,pass_geometry
ketone_03_c0.05_wC01,ketone_03_c0.05,ketone,3,0.05,C01,3,1,4000,3000,1063.5,859.5,81.0,968,764,1161,957,193,193,crops/ketone/ketone_03_c0.05/ketone_03_c0.05_wC01.png,3.602,36,96,pass_geometry
ketone_03_c0.05_wC02,ketone_03_c0.05,ketone,3,0.05,C02,3,2,4000,3000,1261.5,853.5,80.4,1167,759,1358,950,191,191,crops/ketone/ketone_03_c0.05/ketone_03_c0.05_wC02.png,3.414,36,96,pass_geometry
ketone_03_c0.05_wC03,ketone_03_c0.05,ketone,3,0.05,C03,3,3,4000,3000,1465.5,850.5,78.6,1373,758,1560,945,187,187,crops/ketone/ketone_03_c0.05/ketone_03_c0.05_wC03.png,3.108,36,96,pass_geometry
ketone_03_c0.05_wC04,ketone_03_c0.05,ketone,3,0.05,C04,3,4,4000,3000,1666.5,847.5,78.9,1573,754,1762,943,189,189,crops/ketone/ketone_03_c0.05/ketone_03_c0.05_wC04.png,1.725,36,96,pass_geometry
ketone_03_c0.05_wC05,ketone_03_c0.05,ketone,3,0.05,C05,3,5,4000,3000,1867.5,844.5,78.0,1775,752,1962,939,187,187,crops/ketone/ketone_03_c0.05/ketone_03_c0.05_wC05.png,0.586,36,96,pass_geometry
ketone_03_c0.05_wC06,ketone_03_c0.05,ketone,3,0.05,C06,3,6,4000,3000,2071.5,841.5,78.3,1979,749,2166,936,187,187,crops/ketone/ketone_03_c0.05/ketone_03_c0.05_wC06.png,2.822,36,96,pass_geometry
ketone_03_c0.05_wC07,ketone_03_c0.05,ketone,3,0.05,C07,3,7,4000,3000,2272.5,835.5,80.1,2178,741,2369,932,191,191,crops/ketone/ketone_03_c0.05/ketone_03_c0.05_wC07.png,1.031,36,96,pass_geometry
ketone_03_c0.05_wC08,ketone_03_c0.05,ketone,3,0.05,C08,3,8,4000,3000,2476.5,826.5,74.4,2389,739,2566,916,177,177,crops/ketone/ketone_03_c0.05/ketone_03_c0.05_wC08.png,5.519,36,96,pass_geometry
ketone_03_c0.05_wC09,ketone_03_c0.05,ketone,3,0.05,C09,3,9,4000,3000,2680.5,826.5,79.5,2587,733,2776,922,189,189,crops/ketone/ketone_03_c0.05/ketone_03_c0.05_wC09.png,3.84,36,96,pass_geometry
ketone_03_c0.05_wC10,ketone_03_c0.05,ketone,3,0.05,C10,3,10,4000,3000,2884.5,823.5,79.2,2791,730,2980,919,189,189,crops/ketone/ketone_03_c0.05/ketone_03_c0.05_wC10.png,4.92,36,96,pass_geometry
ketone_03_c0.05_wC11,ketone_03_c0.05,ketone,3,0.05,C11,3,11,4000,3000,3082.5,823.5,76.5,2991,733,3174,916,183,183,crops/ketone/ketone_03_c0.05/ketone_03_c0.05_wC11.png,4.876,36,96,pass_geometry
ketone_03_c0.05_wC12,ketone_03_c0.05,ketone,3,0.05,C12,3,12,4000,3000,3286.5,814.5,81.6,3190,718,3385,913,195,195,crops/ketone/ketone_03_c0.05/ketone_03_c0.05_wC12.png,0.538,36,96,pass_geometry
ketone_03_c0.05_wD01,ketone_03_c0.05,ketone,3,0.05,D01,4,1,4000,3000,1072.5,1060.5,74.1,985,973,1162,1150,177,177,crops/ketone/ketone_03_c0.05/ketone_03_c0.05_wD01.png,5.325,36,96,pass_geometry
ketone_03_c0.05_wD02,ketone_03_c0.05,ketone,3,0.05,D02,4,2,4000,3000,1267.5,1060.5,78.3,1175,968,1362,1155,187,187,crops/ketone/ketone_03_c0.05/ketone_03_c0.05_wD02.png,2.524,36,96,pass_geometry
ketone_03_c0.05_wD03,ketone_03_c0.05,ketone,3,0.05,D03,4,3,4000,3000,1468.5,1054.5,79.2,1375,961,1564,1150,189,189,crops/ketone/ketone_03_c0.05/ketone_03_c0.05_wD03.png,1.532,36,96,pass_geometry
ketone_03_c0.05_wD04,ketone_03_c0.05,ketone,3,0.05,D04,4,4,4000,3000,1663.5,1045.5,84.3,1564,946,1765,1147,201,201,crops/ketone/ketone_03_c0.05/ketone_03_c0.05_wD04.png,9.162,36,96,pass_geometry
ketone_03_c0.05_wD05,ketone_03_c0.05,ketone,3,0.05,D05,4,5,4000,3000,1873.5,1045.5,75.3,1785,957,1964,1136,179,179,crops/ketone/ketone_03_c0.05/ketone_03_c0.05_wD05.png,0.453,36,96,pass_geometry
ketone_03_c0.05_wD06,ketone_03_c0.05,ketone,3,0.05,D06,4,6,4000,3000,2068.5,1042.5,79.2,1975,949,2164,1138,189,189,crops/ketone/ketone_03_c0.05/ketone_03_c0.05_wD06.png,6.626,36,96,pass_geometry
ketone_03_c0.05_wD07,ketone_03_c0.05,ketone,3,0.05,D07,4,7,4000,3000,2272.5,1036.5,78.6,2180,944,2367,1131,187,187,crops/ketone/ketone_03_c0.05/ketone_03_c0.05_wD07.png,4.758,36,96,pass_geometry
ketone_03_c0.05_wD08,ketone_03_c0.05,ketone,3,0.05,D08,4,8,4000,3000,2479.5,1036.5,79.5,2386,943,2575,1132,189,189,crops/ketone/ketone_03_c0.05/ketone_03_c0.05_wD08.png,3.133,36,96,pass_geometry
ketone_03_c0.05_wD09,ketone_03_c0.05,ketone,3,0.05,D09,4,9,4000,3000,2683.5,1033.5,78.3,2591,941,2778,1128,187,187,crops/ketone/ketone_03_c0.05/ketone_03_c0.05_wD09.png,4.599,36,96,pass_geometry
ketone_03_c0.05_wD10,ketone_03_c0.05,ketone,3,0.05,D10,4,10,4000,3000,2878.5,1024.5,78.6,2786,932,2973,1119,187,187,crops/ketone/ketone_03_c0.05/ketone_03_c0.05_wD10.png,6.011,36,96,pass_geometry
ketone_03_c0.05_wD11,ketone_03_c0.05,ketone,3,0.05,D11,4,11,4000,3000,3085.5,1012.5,73.5,2999,926,3174,1101,175,175,crops/ketone/ketone_03_c0.05/ketone_03_c0.05_wD11.png,8.564,36,96,pass_geometry
ketone_03_c0.05_wD12,ketone_03_c0.05,ketone,3,0.05,D12,4,12,4000,3000,3289.5,1015.5,80.1,3195,921,3386,1112,191,191,crops/ketone/ketone_03_c0.05/ketone_03_c0.05_wD12.png,1.452,36,96,pass_geometry
ketone_03_c0.05_wE01,ketone_03_c0.05,ketone,3,0.05,E01,5,1,4000,3000,1078.5,1264.5,81.9,982,1168,1177,1363,195,195,crops/ketone/ketone_03_c0.05/ketone_03_c0.05_wE01.png,4.012,36,96,pass_geometry
ketone_03_c0.05_wE02,ketone_03_c0.05,ketone,3,0.05,E02,5,2,4000,3000,1273.5,1261.5,80.1,1179,1167,1370,1358,191,191,crops/ketone/ketone_03_c0.05/ketone_03_c0.05_wE02.png,3.209,36,96,pass_geometry
ketone_03_c0.05_wE03,ketone_03_c0.05,ketone,3,0.05,E03,5,3,4000,3000,1477.5,1258.5,78.9,1384,1165,1573,1354,189,189,crops/ketone/ketone_03_c0.05/ketone_03_c0.05_wE03.png,3.555,36,96,pass_geometry
ketone_03_c0.05_wE04,ketone_03_c0.05,ketone,3,0.05,E04,5,4,4000,3000,1678.5,1249.5,80.7,1583,1154,1776,1347,193,193,crops/ketone/ketone_03_c0.05/ketone_03_c0.05_wE04.png,1.605,36,96,pass_geometry
ketone_03_c0.05_wE05,ketone_03_c0.05,ketone,3,0.05,E05,5,5,4000,3000,1876.5,1246.5,81.3,1781,1151,1974,1344,193,193,crops/ketone/ketone_03_c0.05/ketone_03_c0.05_wE05.png,2.895,36,96,pass_geometry
ketone_03_c0.05_wE06,ketone_03_c0.05,ketone,3,0.05,E06,5,6,4000,3000,2074.5,1243.5,79.2,1981,1150,2170,1339,189,189,crops/ketone/ketone_03_c0.05/ketone_03_c0.05_wE06.png,6.51,36,96,pass_geometry
ketone_03_c0.05_wE07,ketone_03_c0.05,ketone,3,0.05,E07,5,7,4000,3000,2281.5,1237.5,80.4,2187,1143,2378,1334,191,191,crops/ketone/ketone_03_c0.05/ketone_03_c0.05_wE07.png,1.863,36,96,pass_geometry
ketone_03_c0.05_wE08,ketone_03_c0.05,ketone,3,0.05,E08,5,8,4000,3000,2488.5,1237.5,76.2,2399,1148,2580,1329,181,181,crops/ketone/ketone_03_c0.05/ketone_03_c0.05_wE08.png,4.599,36,96,pass_geometry
ketone_03_c0.05_wE09,ketone_03_c0.05,ketone,3,0.05,E09,5,9,4000,3000,2683.5,1234.5,81.6,2587,1138,2782,1333,195,195,crops/ketone/ketone_03_c0.05/ketone_03_c0.05_wE09.png,5.133,36,96,pass_geometry
ketone_03_c0.05_wE10,ketone_03_c0.05,ketone,3,0.05,E10,5,10,4000,3000,2887.5,1225.5,80.1,2793,1131,2984,1322,191,191,crops/ketone/ketone_03_c0.05/ketone_03_c0.05_wE10.png,2.175,36,96,pass_geometry
ketone_03_c0.05_wE11,ketone_03_c0.05,ketone,3,0.05,E11,5,11,4000,3000,3094.5,1222.5,80.1,3000,1128,3191,1319,191,191,crops/ketone/ketone_03_c0.05/ketone_03_c0.05_wE11.png,2.598,36,96,pass_geometry
ketone_03_c0.05_wE12,ketone_03_c0.05,ketone,3,0.05,E12,5,12,4000,3000,3298.5,1219.5,79.8,3204,1125,3395,1316,191,191,crops/ketone/ketone_03_c0.05/ketone_03_c0.05_wE12.png,3.974,36,96,pass_geometry
ketone_03_c0.05_wF01,ketone_03_c0.05,ketone,3,0.05,F01,6,1,4000,3000,1081.5,1465.5,80.1,987,1371,1178,1562,191,191,crops/ketone/ketone_03_c0.05/ketone_03_c0.05_wF01.png,2.219,36,96,pass_geometry
ketone_03_c0.05_wF02,ketone_03_c0.05,ketone,3,0.05,F02,6,2,4000,3000,1279.5,1462.5,81.0,1184,1366,1377,1559,193,193,crops/ketone/ketone_03_c0.05/ketone_03_c0.05_wF02.png,4.356,36,96,pass_geometry
ketone_03_c0.05_wF03,ketone_03_c0.05,ketone,3,0.05,F03,6,3,4000,3000,1483.5,1456.5,78.6,1391,1364,1578,1551,187,187,crops/ketone/ketone_03_c0.05/ketone_03_c0.05_wF03.png,1.071,36,96,pass_geometry
ketone_03_c0.05_wF04,ketone_03_c0.05,ketone,3,0.05,F04,6,4,4000,3000,1684.5,1450.5,79.2,1591,1357,1780,1546,189,189,crops/ketone/ketone_03_c0.05/ketone_03_c0.05_wF04.png,1.007,36,96,pass_geometry
ketone_03_c0.05_wF05,ketone_03_c0.05,ketone,3,0.05,F05,6,5,4000,3000,1885.5,1444.5,81.0,1790,1349,1983,1542,193,193,crops/ketone/ketone_03_c0.05/ketone_03_c0.05_wF05.png,3.043,36,96,pass_geometry
ketone_03_c0.05_wF06,ketone_03_c0.05,ketone,3,0.05,F06,6,6,4000,3000,2098.5,1444.5,69.432,2017,1363,2182,1528,165,165,crops/ketone/ketone_03_c0.05/ketone_03_c0.05_wF06.png,11.661,36,96,pass_geometry
ketone_03_c0.05_wF07,ketone_03_c0.05,ketone,3,0.05,F07,6,7,4000,3000,2287.5,1438.5,76.5,2197,1348,2380,1531,183,183,crops/ketone/ketone_03_c0.05/ketone_03_c0.05_wF07.png,1.461,36,96,pass_geometry
ketone_03_c0.05_wF08,ketone_03_c0.05,ketone,3,0.05,F08,6,8,4000,3000,2488.5,1438.5,77.4,2397,1347,2582,1532,185,185,crops/ketone/ketone_03_c0.05/ketone_03_c0.05_wF08.png,3.279,36,96,pass_geometry
ketone_03_c0.05_wF09,ketone_03_c0.05,ketone,3,0.05,F09,6,9,4000,3000,2695.5,1441.5,72.3,2610,1356,2783,1529,173,173,crops/ketone/ketone_03_c0.05/ketone_03_c0.05_wF09.png,10.374,36,96,pass_geometry
ketone_03_c0.05_wF10,ketone_03_c0.05,ketone,3,0.05,F10,6,10,4000,3000,2893.5,1426.5,77.4,2802,1335,2987,1520,185,185,crops/ketone/ketone_03_c0.05/ketone_03_c0.05_wF10.png,1.417,36,96,pass_geometry
ketone_03_c0.05_wF11,ketone_03_c0.05,ketone,3,0.05,F11,6,11,4000,3000,3094.5,1423.5,76.5,3004,1333,3187,1516,183,183,crops/ketone/ketone_03_c0.05/ketone_03_c0.05_wF11.png,2.003,36,96,pass_geometry
ketone_03_c0.05_wF12,ketone_03_c0.05,ketone,3,0.05,F12,6,12,4000,3000,3301.5,1420.5,78.0,3209,1328,3396,1515,187,187,crops/ketone/ketone_03_c0.05/ketone_03_c0.05_wF12.png,2.629,36,96,pass_geometry
ketone_03_c0.05_wG01,ketone_03_c0.05,ketone,3,0.05,G01,7,1,4000,3000,1087.5,1663.5,78.9,994,1570,1183,1759,189,189,crops/ketone/ketone_03_c0.05/ketone_03_c0.05_wG01.png,1.671,36,96,pass_geometry
ketone_03_c0.05_wG02,ketone_03_c0.05,ketone,3,0.05,G02,7,2,4000,3000,1288.5,1660.5,79.2,1195,1567,1384,1756,189,189,crops/ketone/ketone_03_c0.05/ketone_03_c0.05_wG02.png,1.646,36,96,pass_geometry
ketone_03_c0.05_wG03,ketone_03_c0.05,ketone,3,0.05,G03,7,3,4000,3000,1492.5,1657.5,78.0,1399,1565,1586,1752,187,187,crops/ketone/ketone_03_c0.05/ketone_03_c0.05_wG03.png,3.318,36,96,pass_geometry
ketone_03_c0.05_wG04,ketone_03_c0.05,ketone,3,0.05,G04,7,4,4000,3000,1690.5,1660.5,73.8,1603,1573,1780,1750,177,177,crops/ketone/ketone_03_c0.05/ketone_03_c0.05_wG04.png,9.037,36,96,pass_geometry
ketone_03_c0.05_wG05,ketone_03_c0.05,ketone,3,0.05,G05,7,5,4000,3000,1885.5,1651.5,81.6,1789,1555,1984,1750,195,195,crops/ketone/ketone_03_c0.05/ketone_03_c0.05_wG05.png,7.275,36,96,pass_geometry
ketone_03_c0.05_wG06,ketone_03_c0.05,ketone,3,0.05,G06,7,6,4000,3000,2086.5,1642.5,74.1,1999,1554,2176,1731,177,177,crops/ketone/ketone_03_c0.05/ketone_03_c0.05_wG06.png,6.377,36,96,pass_geometry
ketone_03_c0.05_wG07,ketone_03_c0.05,ketone,3,0.05,G07,7,7,4000,3000,2293.5,1648.5,82.2,2197,1552,2392,1747,195,195,crops/ketone/ketone_03_c0.05/ketone_03_c0.05_wG07.png,8.619,36,96,pass_geometry
ketone_03_c0.05_wG08,ketone_03_c0.05,ketone,3,0.05,G08,7,8,4000,3000,2491.5,1633.5,71.1,2408,1550,2577,1719,169,169,crops/ketone/ketone_03_c0.05/ketone_03_c0.05_wG08.png,4.746,36,96,pass_geometry
ketone_03_c0.05_wG09,ketone_03_c0.05,ketone,3,0.05,G09,7,9,4000,3000,2701.5,1636.5,79.2,2608,1543,2797,1732,189,189,crops/ketone/ketone_03_c0.05/ketone_03_c0.05_wG09.png,6.123,36,96,pass_geometry
ketone_03_c0.05_wG10,ketone_03_c0.05,ketone,3,0.05,G10,7,10,4000,3000,2902.5,1627.5,78.3,2809,1535,2996,1722,187,187,crops/ketone/ketone_03_c0.05/ketone_03_c0.05_wG10.png,3.569,36,96,pass_geometry
ketone_03_c0.05_wG11,ketone_03_c0.05,ketone,3,0.05,G11,7,11,4000,3000,3103.5,1624.5,78.3,3011,1532,3198,1719,187,187,crops/ketone/ketone_03_c0.05/ketone_03_c0.05_wG11.png,2.447,36,96,pass_geometry
ketone_03_c0.05_wG12,ketone_03_c0.05,ketone,3,0.05,G12,7,12,4000,3000,3307.5,1621.5,76.8,3217,1531,3400,1714,183,183,crops/ketone/ketone_03_c0.05/ketone_03_c0.05_wG12.png,4.331,36,96,pass_geometry
ketone_03_c0.05_wH01,ketone_03_c0.05,ketone,3,0.05,H01,8,1,4000,3000,1096.5,1861.5,81.3,1001,1766,1194,1959,193,193,crops/ketone/ketone_03_c0.05/ketone_03_c0.05_wH01.png,0.709,36,96,pass_geometry
ketone_03_c0.05_wH02,ketone_03_c0.05,ketone,3,0.05,H02,8,2,4000,3000,1297.5,1858.5,81.0,1202,1763,1395,1956,193,193,crops/ketone/ketone_03_c0.05/ketone_03_c0.05_wH02.png,1.15,36,96,pass_geometry
ketone_03_c0.05_wH03,ketone_03_c0.05,ketone,3,0.05,H03,8,3,4000,3000,1501.5,1852.5,76.5,1411,1761,1594,1944,183,183,crops/ketone/ketone_03_c0.05/ketone_03_c0.05_wH03.png,5.322,36,96,pass_geometry
ketone_03_c0.05_wH04,ketone_03_c0.05,ketone,3,0.05,H04,8,4,4000,3000,1699.5,1846.5,76.2,1610,1757,1791,1938,181,181,crops/ketone/ketone_03_c0.05/ketone_03_c0.05_wH04.png,5.021,36,96,pass_geometry
ketone_03_c0.05_wH05,ketone_03_c0.05,ketone,3,0.05,H05,8,5,4000,3000,1894.5,1843.5,76.5,1804,1753,1987,1936,183,183,crops/ketone/ketone_03_c0.05/ketone_03_c0.05_wH05.png,4.91,36,96,pass_geometry
ketone_03_c0.05_wH06,ketone_03_c0.05,ketone,3,0.05,H06,8,6,4000,3000,2095.5,1837.5,78.9,2002,1744,2191,1933,189,189,crops/ketone/ketone_03_c0.05/ketone_03_c0.05_wH06.png,6.674,36,96,pass_geometry
ketone_03_c0.05_wH07,ketone_03_c0.05,ketone,3,0.05,H07,8,7,4000,3000,2296.5,1837.5,75.6,2207,1748,2388,1929,181,181,crops/ketone/ketone_03_c0.05/ketone_03_c0.05_wH07.png,3.801,36,96,pass_geometry
ketone_03_c0.05_wH08,ketone_03_c0.05,ketone,3,0.05,H08,8,8,4000,3000,2500.5,1837.5,77.4,2409,1746,2594,1931,185,185,crops/ketone/ketone_03_c0.05/ketone_03_c0.05_wH08.png,1.664,36,96,pass_geometry
ketone_03_c0.05_wH09,ketone_03_c0.05,ketone,3,0.05,H09,8,9,4000,3000,2701.5,1825.5,80.7,2606,1730,2799,1923,193,193,crops/ketone/ketone_03_c0.05/ketone_03_c0.05_wH09.png,6.648,36,96,pass_geometry
ketone_03_c0.05_wH10,ketone_03_c0.05,ketone,3,0.05,H10,8,10,4000,3000,2908.5,1822.5,74.4,2821,1734,2998,1911,177,177,crops/ketone/ketone_03_c0.05/ketone_03_c0.05_wH10.png,7.465,36,96,pass_geometry
ketone_03_c0.05_wH11,ketone_03_c0.05,ketone,3,0.05,H11,8,11,4000,3000,3106.5,1828.5,78.9,3013,1735,3202,1924,189,189,crops/ketone/ketone_03_c0.05/ketone_03_c0.05_wH11.png,4.043,36,96,pass_geometry
ketone_03_c0.05_wH12,ketone_03_c0.05,ketone,3,0.05,H12,8,12,4000,3000,3304.5,1816.5,72.9,3218,1730,3393,1905,175,175,crops/ketone/ketone_03_c0.05/ketone_03_c0.05_wH12.png,5.264,36,96,pass_geometry
ketone_04_c0.1_wA01,ketone_04_c0.1,ketone,4,0.1,A01,1,1,4000,3000,1066.5,478.5,77.7,975,387,1160,572,185,185,crops/ketone/ketone_04_c0.1/ketone_04_c0.1_wA01.png,4.289,37,96,pass_geometry
ketone_04_c0.1_wA02,ketone_04_c0.1,ketone,4,0.1,A02,1,2,4000,3000,1285.5,478.5,73.2,1199,392,1374,567,175,175,crops/ketone/ketone_04_c0.1/ketone_04_c0.1_wA02.png,11.421,37,96,pass_geometry
ketone_04_c0.1_wA03,ketone_04_c0.1,ketone,4,0.1,A03,1,3,4000,3000,1477.5,469.5,81.6,1381,373,1576,568,195,195,crops/ketone/ketone_04_c0.1/ketone_04_c0.1_wA03.png,2.478,37,96,pass_geometry
ketone_04_c0.1_wA04,ketone_04_c0.1,ketone,4,0.1,A04,1,4,4000,3000,1681.5,469.5,78.6,1589,377,1776,564,187,187,crops/ketone/ketone_04_c0.1/ketone_04_c0.1_wA04.png,1.579,37,96,pass_geometry
ketone_04_c0.1_wA05,ketone_04_c0.1,ketone,4,0.1,A05,1,5,4000,3000,1885.5,466.5,77.1,1795,376,1978,559,183,183,crops/ketone/ketone_04_c0.1/ketone_04_c0.1_wA05.png,2.504,37,96,pass_geometry
ketone_04_c0.1_wA06,ketone_04_c0.1,ketone,4,0.1,A06,1,6,4000,3000,2089.5,463.5,76.2,2000,374,2181,555,181,181,crops/ketone/ketone_04_c0.1/ketone_04_c0.1_wA06.png,3.499,37,96,pass_geometry
ketone_04_c0.1_wA07,ketone_04_c0.1,ketone,4,0.1,A07,1,7,4000,3000,2293.5,460.5,78.3,2201,368,2388,555,187,187,crops/ketone/ketone_04_c0.1/ketone_04_c0.1_wA07.png,4.54,37,96,pass_geometry
ketone_04_c0.1_wA08,ketone_04_c0.1,ketone,4,0.1,A08,1,8,4000,3000,2494.5,457.5,80.7,2399,362,2592,555,193,193,crops/ketone/ketone_04_c0.1/ketone_04_c0.1_wA08.png,5.485,37,96,pass_geometry
ketone_04_c0.1_wA09,ketone_04_c0.1,ketone,4,0.1,A09,1,9,4000,3000,2698.5,454.5,76.8,2608,364,2791,547,183,183,crops/ketone/ketone_04_c0.1/ketone_04_c0.1_wA09.png,6.31,37,96,pass_geometry
ketone_04_c0.1_wA10,ketone_04_c0.1,ketone,4,0.1,A10,1,10,4000,3000,2899.5,448.5,79.2,2806,355,2995,544,189,189,crops/ketone/ketone_04_c0.1/ketone_04_c0.1_wA10.png,5.078,37,96,pass_geometry
ketone_04_c0.1_wA11,ketone_04_c0.1,ketone,4,0.1,A11,1,11,4000,3000,3103.5,442.5,79.8,3009,347,3200,538,191,191,crops/ketone/ketone_04_c0.1/ketone_04_c0.1_wA11.png,2.943,37,96,pass_geometry
ketone_04_c0.1_wA12,ketone_04_c0.1,ketone,4,0.1,A12,1,12,4000,3000,3310.5,433.5,82.8,3213,336,3410,533,197,197,crops/ketone/ketone_04_c0.1/ketone_04_c0.1_wA12.png,3.462,37,96,pass_geometry
ketone_04_c0.1_wB01,ketone_04_c0.1,ketone,4,0.1,B01,2,1,4000,3000,1075.5,682.5,79.5,982,588,1171,777,189,189,crops/ketone/ketone_04_c0.1/ketone_04_c0.1_wB01.png,1.108,37,96,pass_geometry
ketone_04_c0.1_wB02,ketone_04_c0.1,ketone,4,0.1,B02,2,2,4000,3000,1282.5,676.5,80.1,1187,582,1378,773,191,191,crops/ketone/ketone_04_c0.1/ketone_04_c0.1_wB02.png,3.094,37,96,pass_geometry
ketone_04_c0.1_wB03,ketone_04_c0.1,ketone,4,0.1,B03,2,3,4000,3000,1483.5,676.5,82.2,1387,580,1582,775,195,195,crops/ketone/ketone_04_c0.1/ketone_04_c0.1_wB03.png,1.903,37,96,pass_geometry
ketone_04_c0.1_wB04,ketone_04_c0.1,ketone,4,0.1,B04,2,4,4000,3000,1684.5,667.5,80.1,1590,573,1781,764,191,191,crops/ketone/ketone_04_c0.1/ketone_04_c0.1_wB04.png,4.187,37,96,pass_geometry
ketone_04_c0.1_wB05,ketone_04_c0.1,ketone,4,0.1,B05,2,5,4000,3000,1888.5,673.5,85.8,1787,572,1992,777,205,205,crops/ketone/ketone_04_c0.1/ketone_04_c0.1_wB05.png,7.185,37,96,pass_geometry
ketone_04_c0.1_wB06,ketone_04_c0.1,ketone,4,0.1,B06,2,6,4000,3000,2092.5,658.5,82.5,1995,561,2192,758,197,197,crops/ketone/ketone_04_c0.1/ketone_04_c0.1_wB06.png,4.451,37,96,pass_geometry
ketone_04_c0.1_wB07,ketone_04_c0.1,ketone,4,0.1,B07,2,7,4000,3000,2296.5,652.5,81.9,2200,555,2395,750,195,195,crops/ketone/ketone_04_c0.1/ketone_04_c0.1_wB07.png,6.253,37,96,pass_geometry
ketone_04_c0.1_wB08,ketone_04_c0.1,ketone,4,0.1,B08,2,8,4000,3000,2503.5,652.5,81.0,2408,556,2601,749,193,193,crops/ketone/ketone_04_c0.1/ketone_04_c0.1_wB08.png,3.717,37,96,pass_geometry
ketone_04_c0.1_wB09,ketone_04_c0.1,ketone,4,0.1,B09,2,9,4000,3000,2701.5,649.5,79.5,2608,556,2797,745,189,189,crops/ketone/ketone_04_c0.1/ketone_04_c0.1_wB09.png,2.495,37,96,pass_geometry
ketone_04_c0.1_wB10,ketone_04_c0.1,ketone,4,0.1,B10,2,10,4000,3000,2905.5,649.5,80.4,2811,555,3002,746,191,191,crops/ketone/ketone_04_c0.1/ketone_04_c0.1_wB10.png,2.989,37,96,pass_geometry
ketone_04_c0.1_wB11,ketone_04_c0.1,ketone,4,0.1,B11,2,11,4000,3000,3109.5,643.5,80.7,3014,548,3207,741,193,193,crops/ketone/ketone_04_c0.1/ketone_04_c0.1_wB11.png,0.734,37,96,pass_geometry
ketone_04_c0.1_wB12,ketone_04_c0.1,ketone,4,0.1,B12,2,12,4000,3000,3310.5,637.5,82.5,3213,540,3410,737,197,197,crops/ketone/ketone_04_c0.1/ketone_04_c0.1_wB12.png,2.536,37,96,pass_geometry
ketone_04_c0.1_wC01,ketone_04_c0.1,ketone,4,0.1,C01,3,1,4000,3000,1081.5,886.5,81.9,985,790,1180,985,195,195,crops/ketone/ketone_04_c0.1/ketone_04_c0.1_wC01.png,1.854,37,96,pass_geometry
ketone_04_c0.1_wC02,ketone_04_c0.1,ketone,4,0.1,C02,3,2,4000,3000,1285.5,883.5,79.2,1192,790,1381,979,189,189,crops/ketone/ketone_04_c0.1/ketone_04_c0.1_wC02.png,2.561,37,96,pass_geometry
ketone_04_c0.1_wC03,ketone_04_c0.1,ketone,4,0.1,C03,3,3,4000,3000,1483.5,868.5,85.8,1382,767,1587,972,205,205,crops/ketone/ketone_04_c0.1/ketone_04_c0.1_wC03.png,10.357,37,96,pass_geometry
ketone_04_c0.1_wC04,ketone_04_c0.1,ketone,4,0.1,C04,3,4,4000,3000,1690.5,868.5,78.0,1598,776,1785,963,187,187,crops/ketone/ketone_04_c0.1/ketone_04_c0.1_wC04.png,5.006,37,96,pass_geometry
ketone_04_c0.1_wC05,ketone_04_c0.1,ketone,4,0.1,C05,3,5,4000,3000,1894.5,865.5,77.1,1804,775,1987,958,183,183,crops/ketone/ketone_04_c0.1/ketone_04_c0.1_wC05.png,3.767,37,96,pass_geometry
ketone_04_c0.1_wC06,ketone_04_c0.1,ketone,4,0.1,C06,3,6,4000,3000,2095.5,865.5,76.2,2006,776,2187,957,181,181,crops/ketone/ketone_04_c0.1/ketone_04_c0.1_wC06.png,3.694,37,96,pass_geometry
ketone_04_c0.1_wC07,ketone_04_c0.1,ketone,4,0.1,C07,3,7,4000,3000,2302.5,856.5,75.9,2213,767,2394,948,181,181,crops/ketone/ketone_04_c0.1/ketone_04_c0.1_wC07.png,4.45,37,96,pass_geometry
ketone_04_c0.1_wC08,ketone_04_c0.1,ketone,4,0.1,C08,3,8,4000,3000,2506.5,859.5,79.8,2412,765,2603,956,191,191,crops/ketone/ketone_04_c0.1/ketone_04_c0.1_wC08.png,2.838,37,96,pass_geometry
ketone_04_c0.1_wC09,ketone_04_c0.1,ketone,4,0.1,C09,3,9,4000,3000,2710.5,853.5,75.9,2621,764,2802,945,181,181,crops/ketone/ketone_04_c0.1/ketone_04_c0.1_wC09.png,2.326,37,96,pass_geometry
ketone_04_c0.1_wC10,ketone_04_c0.1,ketone,4,0.1,C10,3,10,4000,3000,2911.5,847.5,78.3,2819,755,3006,942,187,187,crops/ketone/ketone_04_c0.1/ketone_04_c0.1_wC10.png,1.471,37,96,pass_geometry
ketone_04_c0.1_wC11,ketone_04_c0.1,ketone,4,0.1,C11,3,11,4000,3000,3115.5,844.5,78.9,3022,751,3211,940,189,189,crops/ketone/ketone_04_c0.1/ketone_04_c0.1_wC11.png,1.598,37,96,pass_geometry
ketone_04_c0.1_wC12,ketone_04_c0.1,ketone,4,0.1,C12,3,12,4000,3000,3319.5,838.5,78.3,3227,746,3414,933,187,187,crops/ketone/ketone_04_c0.1/ketone_04_c0.1_wC12.png,3.692,37,96,pass_geometry
ketone_04_c0.1_wD01,ketone_04_c0.1,ketone,4,0.1,D01,4,1,4000,3000,1090.5,1081.5,80.1,996,987,1187,1178,191,191,crops/ketone/ketone_04_c0.1/ketone_04_c0.1_wD01.png,5.906,37,96,pass_geometry
ketone_04_c0.1_wD02,ketone_04_c0.1,ketone,4,0.1,D02,4,2,4000,3000,1288.5,1081.5,73.2,1202,995,1377,1170,175,175,crops/ketone/ketone_04_c0.1/ketone_04_c0.1_wD02.png,3.716,37,96,pass_geometry
ketone_04_c0.1_wD03,ketone_04_c0.1,ketone,4,0.1,D03,4,3,4000,3000,1492.5,1069.5,71.4,1407,985,1578,1156,171,171,crops/ketone/ketone_04_c0.1/ketone_04_c0.1_wD03.png,9.846,37,96,pass_geometry
ketone_04_c0.1_wD04,ketone_04_c0.1,ketone,4,0.1,D04,4,4,4000,3000,1693.5,1072.5,75.6,1604,983,1785,1164,181,181,crops/ketone/ketone_04_c0.1/ketone_04_c0.1_wD04.png,5.312,37,96,pass_geometry
ketone_04_c0.1_wD05,ketone_04_c0.1,ketone,4,0.1,D05,4,5,4000,3000,1897.5,1060.5,68.4,1817,980,1980,1143,163,163,crops/ketone/ketone_04_c0.1/ketone_04_c0.1_wD05.png,11.077,37,96,pass_geometry
ketone_04_c0.1_wD06,ketone_04_c0.1,ketone,4,0.1,D06,4,6,4000,3000,2101.5,1066.5,77.4,2010,975,2195,1160,185,185,crops/ketone/ketone_04_c0.1/ketone_04_c0.1_wD06.png,2.787,37,96,pass_geometry
ketone_04_c0.1_wD07,ketone_04_c0.1,ketone,4,0.1,D07,4,7,4000,3000,2308.5,1060.5,76.5,2218,970,2401,1153,183,183,crops/ketone/ketone_04_c0.1/ketone_04_c0.1_wD07.png,2.68,37,96,pass_geometry
ketone_04_c0.1_wD08,ketone_04_c0.1,ketone,4,0.1,D08,4,8,4000,3000,2506.5,1057.5,75.3,2418,969,2597,1148,179,179,crops/ketone/ketone_04_c0.1/ketone_04_c0.1_wD08.png,3.768,37,96,pass_geometry
ketone_04_c0.1_wD09,ketone_04_c0.1,ketone,4,0.1,D09,4,9,4000,3000,2710.5,1057.5,76.2,2621,968,2802,1149,181,181,crops/ketone/ketone_04_c0.1/ketone_04_c0.1_wD09.png,3.592,37,96,pass_geometry
ketone_04_c0.1_wD10,ketone_04_c0.1,ketone,4,0.1,D10,4,10,4000,3000,2917.5,1048.5,78.9,2824,955,3013,1144,189,189,crops/ketone/ketone_04_c0.1/ketone_04_c0.1_wD10.png,2.967,37,96,pass_geometry
ketone_04_c0.1_wD11,ketone_04_c0.1,ketone,4,0.1,D11,4,11,4000,3000,3118.5,1048.5,77.7,3027,957,3212,1142,185,185,crops/ketone/ketone_04_c0.1/ketone_04_c0.1_wD11.png,1.838,37,96,pass_geometry
ketone_04_c0.1_wD12,ketone_04_c0.1,ketone,4,0.1,D12,4,12,4000,3000,3322.5,1042.5,78.0,3229,950,3416,1137,187,187,crops/ketone/ketone_04_c0.1/ketone_04_c0.1_wD12.png,1.749,37,96,pass_geometry
ketone_04_c0.1_wE01,ketone_04_c0.1,ketone,4,0.1,E01,5,1,4000,3000,1096.5,1291.5,79.2,1003,1198,1192,1387,189,189,crops/ketone/ketone_04_c0.1/ketone_04_c0.1_wE01.png,3.287,37,96,pass_geometry
ketone_04_c0.1_wE02,ketone_04_c0.1,ketone,4,0.1,E02,5,2,4000,3000,1300.5,1282.5,73.5,1214,1195,1389,1370,175,175,crops/ketone/ketone_04_c0.1/ketone_04_c0.1_wE02.png,3.599,37,96,pass_geometry
ketone_04_c0.1_wE03,ketone_04_c0.1,ketone,4,0.1,E03,5,3,4000,3000,1507.5,1276.5,77.7,1416,1185,1601,1370,185,185,crops/ketone/ketone_04_c0.1/ketone_04_c0.1_wE03.png,7.967,37,96,pass_geometry
ketone_04_c0.1_wE04,ketone_04_c0.1,ketone,4,0.1,E04,5,4,4000,3000,1702.5,1276.5,79.5,1608,1183,1797,1372,189,189,crops/ketone/ketone_04_c0.1/ketone_04_c0.1_wE04.png,1.166,37,96,pass_geometry
ketone_04_c0.1_wE05,ketone_04_c0.1,ketone,4,0.1,E05,5,5,4000,3000,1909.5,1270.5,75.9,1820,1181,2001,1362,181,181,crops/ketone/ketone_04_c0.1/ketone_04_c0.1_wE05.png,3.578,37,96,pass_geometry
ketone_04_c0.1_wE06,ketone_04_c0.1,ketone,4,0.1,E06,5,6,4000,3000,2110.5,1267.5,76.8,2020,1177,2203,1360,183,183,crops/ketone/ketone_04_c0.1/ketone_04_c0.1_wE06.png,1.481,37,96,pass_geometry
ketone_04_c0.1_wE07,ketone_04_c0.1,ketone,4,0.1,E07,5,7,4000,3000,2317.5,1264.5,78.0,2225,1172,2412,1359,187,187,crops/ketone/ketone_04_c0.1/ketone_04_c0.1_wE07.png,5.395,37,96,pass_geometry
ketone_04_c0.1_wE08,ketone_04_c0.1,ketone,4,0.1,E08,5,8,4000,3000,2515.5,1261.5,77.4,2424,1170,2609,1355,185,185,crops/ketone/ketone_04_c0.1/ketone_04_c0.1_wE08.png,1.392,37,96,pass_geometry
ketone_04_c0.1_wE09,ketone_04_c0.1,ketone,4,0.1,E09,5,9,4000,3000,2725.5,1261.5,72.9,2639,1175,2814,1350,175,175,crops/ketone/ketone_04_c0.1/ketone_04_c0.1_wE09.png,9.667,37,96,pass_geometry
ketone_04_c0.1_wE10,ketone_04_c0.1,ketone,4,0.1,E10,5,10,4000,3000,2926.5,1252.5,79.8,2832,1158,3023,1349,191,191,crops/ketone/ketone_04_c0.1/ketone_04_c0.1_wE10.png,6.58,37,96,pass_geometry
ketone_04_c0.1_wE11,ketone_04_c0.1,ketone,4,0.1,E11,5,11,4000,3000,3127.5,1249.5,76.8,3037,1159,3220,1342,183,183,crops/ketone/ketone_04_c0.1/ketone_04_c0.1_wE11.png,5.289,37,96,pass_geometry
ketone_04_c0.1_wE12,ketone_04_c0.1,ketone,4,0.1,E12,5,12,4000,3000,3328.5,1243.5,77.7,3237,1152,3422,1337,185,185,crops/ketone/ketone_04_c0.1/ketone_04_c0.1_wE12.png,3.742,37,96,pass_geometry
ketone_04_c0.1_wF01,ketone_04_c0.1,ketone,4,0.1,F01,6,1,4000,3000,1102.5,1492.5,75.9,1013,1402,1194,1583,181,181,crops/ketone/ketone_04_c0.1/ketone_04_c0.1_wF01.png,3.003,37,96,pass_geometry
ketone_04_c0.1_wF02,ketone_04_c0.1,ketone,4,0.1,F02,6,2,4000,3000,1306.5,1495.5,84.0,1207,1396,1408,1597,201,201,crops/ketone/ketone_04_c0.1/ketone_04_c0.1_wF02.png,9.881,37,96,pass_geometry
ketone_04_c0.1_wF03,ketone_04_c0.1,ketone,4,0.1,F03,6,3,4000,3000,1513.5,1486.5,72.0,1429,1402,1600,1573,171,171,crops/ketone/ketone_04_c0.1/ketone_04_c0.1_wF03.png,8.474,37,96,pass_geometry
ketone_04_c0.1_wF04,ketone_04_c0.1,ketone,4,0.1,F04,6,4,4000,3000,1711.5,1480.5,75.0,1623,1392,1802,1571,179,179,crops/ketone/ketone_04_c0.1/ketone_04_c0.1_wF04.png,3.551,37,96,pass_geometry
ketone_04_c0.1_wF05,ketone_04_c0.1,ketone,4,0.1,F05,6,5,4000,3000,1909.5,1474.5,77.1,1819,1384,2002,1567,183,183,crops/ketone/ketone_04_c0.1/ketone_04_c0.1_wF05.png,2.426,37,96,pass_geometry
ketone_04_c0.1_wF06,ketone_04_c0.1,ketone,4,0.1,F06,6,6,4000,3000,2110.5,1477.5,72.0,2026,1393,2197,1564,171,171,crops/ketone/ketone_04_c0.1/ketone_04_c0.1_wF06.png,8.771,37,96,pass_geometry
ketone_04_c0.1_wF07,ketone_04_c0.1,ketone,4,0.1,F07,6,7,4000,3000,2314.5,1468.5,77.4,2223,1377,2408,1562,185,185,crops/ketone/ketone_04_c0.1/ketone_04_c0.1_wF07.png,3.867,37,96,pass_geometry
ketone_04_c0.1_wF08,ketone_04_c0.1,ketone,4,0.1,F08,6,8,4000,3000,2521.5,1459.5,79.8,2427,1365,2618,1556,191,191,crops/ketone/ketone_04_c0.1/ketone_04_c0.1_wF08.png,2.791,37,96,pass_geometry
ketone_04_c0.1_wF09,ketone_04_c0.1,ketone,4,0.1,F09,6,9,4000,3000,2722.5,1459.5,76.8,2631,1369,2814,1552,183,183,crops/ketone/ketone_04_c0.1/ketone_04_c0.1_wF09.png,2.2,37,96,pass_geometry
ketone_04_c0.1_wF10,ketone_04_c0.1,ketone,4,0.1,F10,6,10,4000,3000,2923.5,1453.5,78.6,2831,1361,3018,1548,187,187,crops/ketone/ketone_04_c0.1/ketone_04_c0.1_wF10.png,0.844,37,96,pass_geometry
ketone_04_c0.1_wF11,ketone_04_c0.1,ketone,4,0.1,F11,6,11,4000,3000,3127.5,1450.5,76.5,3037,1360,3220,1543,183,183,crops/ketone/ketone_04_c0.1/ketone_04_c0.1_wF11.png,1.598,37,96,pass_geometry
ketone_04_c0.1_wF12,ketone_04_c0.1,ketone,4,0.1,F12,6,12,4000,3000,3328.5,1447.5,77.4,3237,1356,3422,1541,185,185,crops/ketone/ketone_04_c0.1/ketone_04_c0.1_wF12.png,2.441,37,96,pass_geometry
ketone_04_c0.1_wG01,ketone_04_c0.1,ketone,4,0.1,G01,7,1,4000,3000,1105.5,1693.5,76.5,1015,1603,1198,1786,183,183,crops/ketone/ketone_04_c0.1/ketone_04_c0.1_wG01.png,2.5,37,96,pass_geometry
ketone_04_c0.1_wG02,ketone_04_c0.1,ketone,4,0.1,G02,7,2,4000,3000,1306.5,1690.5,73.5,1220,1604,1395,1779,175,175,crops/ketone/ketone_04_c0.1/ketone_04_c0.1_wG02.png,4.399,37,96,pass_geometry
ketone_04_c0.1_wG03,ketone_04_c0.1,ketone,4,0.1,G03,7,3,4000,3000,1513.5,1681.5,75.0,1425,1593,1604,1772,179,179,crops/ketone/ketone_04_c0.1/ketone_04_c0.1_wG03.png,2.127,37,96,pass_geometry
ketone_04_c0.1_wG04,ketone_04_c0.1,ketone,4,0.1,G04,7,4,4000,3000,1717.5,1681.5,74.1,1630,1594,1807,1771,177,177,crops/ketone/ketone_04_c0.1/ketone_04_c0.1_wG04.png,3.997,37,96,pass_geometry
ketone_04_c0.1_wG05,ketone_04_c0.1,ketone,4,0.1,G05,7,5,4000,3000,1915.5,1672.5,77.1,1825,1581,2008,1764,183,183,crops/ketone/ketone_04_c0.1/ketone_04_c0.1_wG05.png,2.686,37,96,pass_geometry
ketone_04_c0.1_wG06,ketone_04_c0.1,ketone,4,0.1,G06,7,6,4000,3000,2110.5,1669.5,72.3,2025,1584,2198,1757,173,173,crops/ketone/ketone_04_c0.1/ketone_04_c0.1_wG06.png,9.094,37,96,pass_geometry
ketone_04_c0.1_wG07,ketone_04_c0.1,ketone,4,0.1,G07,7,7,4000,3000,2323.5,1666.5,76.5,2233,1576,2416,1759,183,183,crops/ketone/ketone_04_c0.1/ketone_04_c0.1_wG07.png,1.576,37,96,pass_geometry
ketone_04_c0.1_wG08,ketone_04_c0.1,ketone,4,0.1,G08,7,8,4000,3000,2521.5,1663.5,75.6,2432,1574,2613,1755,181,181,crops/ketone/ketone_04_c0.1/ketone_04_c0.1_wG08.png,3.008,37,96,pass_geometry
ketone_04_c0.1_wG09,ketone_04_c0.1,ketone,4,0.1,G09,7,9,4000,3000,2725.5,1660.5,75.0,2637,1572,2816,1751,179,179,crops/ketone/ketone_04_c0.1/ketone_04_c0.1_wG09.png,2.555,37,96,pass_geometry
ketone_04_c0.1_wG10,ketone_04_c0.1,ketone,4,0.1,G10,7,10,4000,3000,2926.5,1651.5,78.9,2833,1558,3022,1747,189,189,crops/ketone/ketone_04_c0.1/ketone_04_c0.1_wG10.png,3.341,37,96,pass_geometry
ketone_04_c0.1_wG11,ketone_04_c0.1,ketone,4,0.1,G11,7,11,4000,3000,3127.5,1651.5,74.4,3040,1564,3217,1741,177,177,crops/ketone/ketone_04_c0.1/ketone_04_c0.1_wG11.png,3.675,37,96,pass_geometry
ketone_04_c0.1_wG12,ketone_04_c0.1,ketone,4,0.1,G12,7,12,4000,3000,3331.5,1648.5,77.4,3240,1557,3425,1742,185,185,crops/ketone/ketone_04_c0.1/ketone_04_c0.1_wG12.png,3.046,37,96,pass_geometry
ketone_04_c0.1_wH01,ketone_04_c0.1,ketone,4,0.1,H01,8,1,4000,3000,1114.5,1897.5,75.6,1025,1808,1206,1989,181,181,crops/ketone/ketone_04_c0.1/ketone_04_c0.1_wH01.png,5.945,37,96,pass_geometry
ketone_04_c0.1_wH02,ketone_04_c0.1,ketone,4,0.1,H02,8,2,4000,3000,1324.5,1891.5,76.5,1234,1801,1417,1984,183,183,crops/ketone/ketone_04_c0.1/ketone_04_c0.1_wH02.png,10.17,37,96,pass_geometry
ketone_04_c0.1_wH03,ketone_04_c0.1,ketone,4,0.1,H03,8,3,4000,3000,1522.5,1882.5,76.5,1431,1791,1614,1974,183,183,crops/ketone/ketone_04_c0.1/ketone_04_c0.1_wH03.png,5.069,37,96,pass_geometry
ketone_04_c0.1_wH04,ketone_04_c0.1,ketone,4,0.1,H04,8,4,4000,3000,1723.5,1879.5,78.0,1631,1787,1818,1974,187,187,crops/ketone/ketone_04_c0.1/ketone_04_c0.1_wH04.png,3.534,37,96,pass_geometry
ketone_04_c0.1_wH05,ketone_04_c0.1,ketone,4,0.1,H05,8,5,4000,3000,1924.5,1873.5,75.9,1835,1784,2016,1965,181,181,crops/ketone/ketone_04_c0.1/ketone_04_c0.1_wH05.png,2.784,37,96,pass_geometry
ketone_04_c0.1_wH06,ketone_04_c0.1,ketone,4,0.1,H06,8,6,4000,3000,2125.5,1876.5,80.7,2030,1781,2223,1974,193,193,crops/ketone/ketone_04_c0.1/ketone_04_c0.1_wH06.png,5.504,37,96,pass_geometry
ketone_04_c0.1_wH07,ketone_04_c0.1,ketone,4,0.1,H07,8,7,4000,3000,2317.5,1864.5,70.8,2234,1781,2403,1950,169,169,crops/ketone/ketone_04_c0.1/ketone_04_c0.1_wH07.png,9.629,37,96,pass_geometry
ketone_04_c0.1_wH08,ketone_04_c0.1,ketone,4,0.1,H08,8,8,4000,3000,2515.5,1855.5,69.9,2433,1773,2600,1940,167,167,crops/ketone/ketone_04_c0.1/ketone_04_c0.1_wH08.png,15.296,37,96,pass_geometry
ketone_04_c0.1_wH09,ketone_04_c0.1,ketone,4,0.1,H09,8,9,4000,3000,2728.5,1849.5,77.1,2638,1759,2821,1942,183,183,crops/ketone/ketone_04_c0.1/ketone_04_c0.1_wH09.png,9.436,37,96,pass_geometry
ketone_04_c0.1_wH10,ketone_04_c0.1,ketone,4,0.1,H10,8,10,4000,3000,2926.5,1849.5,75.0,2838,1761,3017,1940,179,179,crops/ketone/ketone_04_c0.1/ketone_04_c0.1_wH10.png,8.203,37,96,pass_geometry
ketone_04_c0.1_wH11,ketone_04_c0.1,ketone,4,0.1,H11,8,11,4000,3000,3139.5,1846.5,72.6,3054,1761,3227,1934,173,173,crops/ketone/ketone_04_c0.1/ketone_04_c0.1_wH11.png,5.87,37,96,pass_geometry
ketone_04_c0.1_wH12,ketone_04_c0.1,ketone,4,0.1,H12,8,12,4000,3000,3337.5,1843.5,78.0,3245,1751,3432,1938,187,187,crops/ketone/ketone_04_c0.1/ketone_04_c0.1_wH12.png,2.688,37,96,pass_geometry
ketone_05_c0.5_wA01,ketone_05_c0.5,ketone,5,0.5,A01,1,1,4000,3000,856.5,454.5,84.6,757,355,958,556,201,201,crops/ketone/ketone_05_c0.5/ketone_05_c0.5_wA01.png,5.435,34,96,pass_geometry
ketone_05_c0.5_wA02,ketone_05_c0.5,ketone,5,0.5,A02,1,2,4000,3000,1060.5,448.5,89.4,955,343,1168,556,213,213,crops/ketone/ketone_05_c0.5/ketone_05_c0.5_wA02.png,7.445,34,96,pass_geometry
ketone_05_c0.5_wA03,ketone_05_c0.5,ketone,5,0.5,A03,1,3,4000,3000,1261.5,457.5,81.3,1166,362,1359,555,193,193,crops/ketone/ketone_05_c0.5/ketone_05_c0.5_wA03.png,5.85,34,96,pass_geometry
ketone_05_c0.5_wA04,ketone_05_c0.5,ketone,5,0.5,A04,1,4,4000,3000,1456.5,448.5,85.5,1356,348,1559,551,203,203,crops/ketone/ketone_05_c0.5/ketone_05_c0.5_wA04.png,4.751,34,96,pass_geometry
ketone_05_c0.5_wA05,ketone_05_c0.5,ketone,5,0.5,A05,1,5,4000,3000,1663.5,448.5,83.4,1565,350,1764,549,199,199,crops/ketone/ketone_05_c0.5/ketone_05_c0.5_wA05.png,4.845,34,96,pass_geometry
ketone_05_c0.5_wA06,ketone_05_c0.5,ketone,5,0.5,A06,1,6,4000,3000,1870.5,445.5,91.896,1762,337,1981,556,219,219,crops/ketone/ketone_05_c0.5/ketone_05_c0.5_wA06.png,9.345,34,96,pass_geometry
ketone_05_c0.5_wA07,ketone_05_c0.5,ketone,5,0.5,A07,1,7,4000,3000,2077.5,451.5,91.896,1969,343,2188,562,219,219,crops/ketone/ketone_05_c0.5/ketone_05_c0.5_wA07.png,20.75,34,96,pass_geometry
ketone_05_c0.5_wA08,ketone_05_c0.5,ketone,5,0.5,A08,1,8,4000,3000,2263.5,436.5,86.7,2161,334,2368,541,207,207,crops/ketone/ketone_05_c0.5/ketone_05_c0.5_wA08.png,4.713,34,96,pass_geometry
ketone_05_c0.5_wA09,ketone_05_c0.5,ketone,5,0.5,A09,1,9,4000,3000,2461.5,430.5,81.0,2366,335,2559,528,193,193,crops/ketone/ketone_05_c0.5/ketone_05_c0.5_wA09.png,4.474,34,96,pass_geometry
ketone_05_c0.5_wA10,ketone_05_c0.5,ketone,5,0.5,A10,1,10,4000,3000,2662.5,430.5,77.4,2570,339,2755,524,185,185,crops/ketone/ketone_05_c0.5/ketone_05_c0.5_wA10.png,7.282,34,96,pass_geometry
ketone_05_c0.5_wA11,ketone_05_c0.5,ketone,5,0.5,A11,1,11,4000,3000,2860.5,418.5,85.5,2760,318,2963,521,203,203,crops/ketone/ketone_05_c0.5/ketone_05_c0.5_wA11.png,5.824,34,96,pass_geometry
ketone_05_c0.5_wA12,ketone_05_c0.5,ketone,5,0.5,A12,1,12,4000,3000,3064.5,421.5,75.0,2976,333,3155,512,179,179,crops/ketone/ketone_05_c0.5/ketone_05_c0.5_wA12.png,5.837,34,96,pass_geometry
ketone_05_c0.5_wB01,ketone_05_c0.5,ketone,5,0.5,B01,2,1,4000,3000,865.5,655.5,82.5,768,558,965,755,197,197,crops/ketone/ketone_05_c0.5/ketone_05_c0.5_wB01.png,5.348,34,96,pass_geometry
ketone_05_c0.5_wB02,ketone_05_c0.5,ketone,5,0.5,B02,2,2,4000,3000,1063.5,655.5,84.9,963,555,1166,758,203,203,crops/ketone/ketone_05_c0.5/ketone_05_c0.5_wB02.png,1.998,34,96,pass_geometry
ketone_05_c0.5_wB03,ketone_05_c0.5,ketone,5,0.5,B03,2,3,4000,3000,1270.5,646.5,85.5,1170,546,1373,749,203,203,crops/ketone/ketone_05_c0.5/ketone_05_c0.5_wB03.png,7.635,34,96,pass_geometry
ketone_05_c0.5_wB04,ketone_05_c0.5,ketone,5,0.5,B04,2,4,4000,3000,1465.5,655.5,90.3,1359,549,1574,764,215,215,crops/ketone/ketone_05_c0.5/ketone_05_c0.5_wB04.png,6.989,34,96,pass_geometry
ketone_05_c0.5_wB05,ketone_05_c0.5,ketone,5,0.5,B05,2,5,4000,3000,1672.5,646.5,83.1,1573,548,1772,747,199,199,crops/ketone/ketone_05_c0.5/ketone_05_c0.5_wB05.png,5.47,34,96,pass_geometry
ketone_05_c0.5_wB06,ketone_05_c0.5,ketone,5,0.5,B06,2,6,4000,3000,1864.5,655.5,72.204,1779,570,1952,743,173,173,crops/ketone/ketone_05_c0.5/ketone_05_c0.5_wB06.png,15.314,34,96,pass_geometry
ketone_05_c0.5_wB07,ketone_05_c0.5,ketone,5,0.5,B07,2,7,4000,3000,2068.5,631.5,85.5,1968,531,2171,734,203,203,crops/ketone/ketone_05_c0.5/ketone_05_c0.5_wB07.png,5.062,34,96,pass_geometry
ketone_05_c0.5_wB08,ketone_05_c0.5,ketone,5,0.5,B08,2,8,4000,3000,2272.5,634.5,85.8,2171,533,2376,738,205,205,crops/ketone/ketone_05_c0.5/ketone_05_c0.5_wB08.png,4.154,34,96,pass_geometry
ketone_05_c0.5_wB09,ketone_05_c0.5,ketone,5,0.5,B09,2,9,4000,3000,2470.5,628.5,84.3,2371,529,2572,730,201,201,crops/ketone/ketone_05_c0.5/ketone_05_c0.5_wB09.png,1.353,34,96,pass_geometry
ketone_05_c0.5_wB10,ketone_05_c0.5,ketone,5,0.5,B10,2,10,4000,3000,2674.5,619.5,81.0,2579,524,2772,717,193,193,crops/ketone/ketone_05_c0.5/ketone_05_c0.5_wB10.png,7.176,34,96,pass_geometry
ketone_05_c0.5_wB11,ketone_05_c0.5,ketone,5,0.5,B11,2,11,4000,3000,2866.5,616.5,83.1,2768,518,2967,717,199,199,crops/ketone/ketone_05_c0.5/ketone_05_c0.5_wB11.png,5.018,34,96,pass_geometry
ketone_05_c0.5_wB12,ketone_05_c0.5,ketone,5,0.5,B12,2,12,4000,3000,3070.5,613.5,84.0,2971,514,3172,715,201,201,crops/ketone/ketone_05_c0.5/ketone_05_c0.5_wB12.png,3.146,34,96,pass_geometry
ketone_05_c0.5_wC01,ketone_05_c0.5,ketone,5,0.5,C01,3,1,4000,3000,871.5,859.5,84.6,772,760,973,961,201,201,crops/ketone/ketone_05_c0.5/ketone_05_c0.5_wC01.png,1.737,34,96,pass_geometry
ketone_05_c0.5_wC02,ketone_05_c0.5,ketone,5,0.5,C02,3,2,4000,3000,1072.5,850.5,87.6,969,747,1178,956,209,209,crops/ketone/ketone_05_c0.5/ketone_05_c0.5_wC02.png,6.551,34,96,pass_geometry
ketone_05_c0.5_wC03,ketone_05_c0.5,ketone,5,0.5,C03,3,3,4000,3000,1270.5,853.5,82.5,1173,756,1370,953,197,197,crops/ketone/ketone_05_c0.5/ketone_05_c0.5_wC03.png,1.407,34,96,pass_geometry
ketone_05_c0.5_wC04,ketone_05_c0.5,ketone,5,0.5,C04,3,4,4000,3000,1471.5,850.5,85.2,1371,750,1574,953,203,203,crops/ketone/ketone_05_c0.5/ketone_05_c0.5_wC04.png,1.834,34,96,pass_geometry
ketone_05_c0.5_wC05,ketone_05_c0.5,ketone,5,0.5,C05,3,5,4000,3000,1672.5,844.5,83.1,1573,746,1772,945,199,199,crops/ketone/ketone_05_c0.5/ketone_05_c0.5_wC05.png,0.254,34,96,pass_geometry
ketone_05_c0.5_wC06,ketone_05_c0.5,ketone,5,0.5,C06,3,6,4000,3000,1876.5,841.5,86.1,1775,740,1980,945,205,205,crops/ketone/ketone_05_c0.5/ketone_05_c0.5_wC06.png,3.758,34,96,pass_geometry
ketone_05_c0.5_wC07,ketone_05_c0.5,ketone,5,0.5,C07,3,7,4000,3000,2080.5,832.5,87.3,1977,728,2186,937,209,209,crops/ketone/ketone_05_c0.5/ketone_05_c0.5_wC07.png,8.553,34,96,pass_geometry
ketone_05_c0.5_wC08,ketone_05_c0.5,ketone,5,0.5,C08,3,8,4000,3000,2272.5,823.5,75.3,2184,735,2363,914,179,179,crops/ketone/ketone_05_c0.5/ketone_05_c0.5_wC08.png,9.105,34,96,pass_geometry
ketone_05_c0.5_wC09,ketone_05_c0.5,ketone,5,0.5,C09,3,9,4000,3000,2473.5,823.5,82.5,2376,726,2573,923,197,197,crops/ketone/ketone_05_c0.5/ketone_05_c0.5_wC09.png,5.049,34,96,pass_geometry
ketone_05_c0.5_wC10,ketone_05_c0.5,ketone,5,0.5,C10,3,10,4000,3000,2677.5,820.5,81.0,2582,725,2775,918,193,193,crops/ketone/ketone_05_c0.5/ketone_05_c0.5_wC10.png,5.977,34,96,pass_geometry
ketone_05_c0.5_wC11,ketone_05_c0.5,ketone,5,0.5,C11,3,11,4000,3000,2878.5,814.5,82.8,2781,717,2978,914,197,197,crops/ketone/ketone_05_c0.5/ketone_05_c0.5_wC11.png,8.174,34,96,pass_geometry
ketone_05_c0.5_wC12,ketone_05_c0.5,ketone,5,0.5,C12,3,12,4000,3000,3070.5,814.5,78.3,2978,722,3165,909,187,187,crops/ketone/ketone_05_c0.5/ketone_05_c0.5_wC12.png,2.853,34,96,pass_geometry
ketone_05_c0.5_wD01,ketone_05_c0.5,ketone,5,0.5,D01,4,1,4000,3000,874.5,1054.5,85.2,774,954,977,1157,203,203,crops/ketone/ketone_05_c0.5/ketone_05_c0.5_wD01.png,6.666,34,96,pass_geometry
ketone_05_c0.5_wD02,ketone_05_c0.5,ketone,5,0.5,D02,4,2,4000,3000,1072.5,1054.5,84.6,973,955,1174,1156,201,201,crops/ketone/ketone_05_c0.5/ketone_05_c0.5_wD02.png,5.236,34,96,pass_geometry
ketone_05_c0.5_wD03,ketone_05_c0.5,ketone,5,0.5,D03,4,3,4000,3000,1276.5,1051.5,81.9,1180,955,1375,1150,195,195,crops/ketone/ketone_05_c0.5/ketone_05_c0.5_wD03.png,1.428,34,96,pass_geometry
ketone_05_c0.5_wD04,ketone_05_c0.5,ketone,5,0.5,D04,4,4,4000,3000,1474.5,1051.5,82.8,1377,954,1574,1151,197,197,crops/ketone/ketone_05_c0.5/ketone_05_c0.5_wD04.png,4.444,34,96,pass_geometry
ketone_05_c0.5_wD05,ketone_05_c0.5,ketone,5,0.5,D05,4,5,4000,3000,1672.5,1042.5,82.5,1574,945,1771,1142,197,197,crops/ketone/ketone_05_c0.5/ketone_05_c0.5_wD05.png,5.529,34,96,pass_geometry
ketone_05_c0.5_wD06,ketone_05_c0.5,ketone,5,0.5,D06,4,6,4000,3000,1873.5,1042.5,82.8,1776,945,1973,1142,197,197,crops/ketone/ketone_05_c0.5/ketone_05_c0.5_wD06.png,4.786,34,96,pass_geometry
ketone_05_c0.5_wD07,ketone_05_c0.5,ketone,5,0.5,D07,4,7,4000,3000,2077.5,1033.5,83.7,1979,935,2178,1134,199,199,crops/ketone/ketone_05_c0.5/ketone_05_c0.5_wD07.png,2.612,34,96,pass_geometry
ketone_05_c0.5_wD08,ketone_05_c0.5,ketone,5,0.5,D08,4,8,4000,3000,2272.5,1030.5,84.6,2173,931,2374,1132,201,201,crops/ketone/ketone_05_c0.5/ketone_05_c0.5_wD08.png,5.108,34,96,pass_geometry
ketone_05_c0.5_wD09,ketone_05_c0.5,ketone,5,0.5,D09,4,9,4000,3000,2473.5,1027.5,82.8,2376,930,2573,1127,197,197,crops/ketone/ketone_05_c0.5/ketone_05_c0.5_wD09.png,3.612,34,96,pass_geometry
ketone_05_c0.5_wD10,ketone_05_c0.5,ketone,5,0.5,D10,4,10,4000,3000,2671.5,1021.5,80.1,2577,927,2768,1118,191,191,crops/ketone/ketone_05_c0.5/ketone_05_c0.5_wD10.png,5.713,34,96,pass_geometry
ketone_05_c0.5_wD11,ketone_05_c0.5,ketone,5,0.5,D11,4,11,4000,3000,2875.5,1018.5,83.1,2777,920,2976,1119,199,199,crops/ketone/ketone_05_c0.5/ketone_05_c0.5_wD11.png,1.467,34,96,pass_geometry
ketone_05_c0.5_wD12,ketone_05_c0.5,ketone,5,0.5,D12,4,12,4000,3000,3076.5,1015.5,83.1,2978,917,3177,1116,199,199,crops/ketone/ketone_05_c0.5/ketone_05_c0.5_wD12.png,0.826,34,96,pass_geometry
ketone_05_c0.5_wE01,ketone_05_c0.5,ketone,5,0.5,E01,5,1,4000,3000,886.5,1258.5,80.4,792,1164,983,1355,191,191,crops/ketone/ketone_05_c0.5/ketone_05_c0.5_wE01.png,3.399,34,96,pass_geometry
ketone_05_c0.5_wE02,ketone_05_c0.5,ketone,5,0.5,E02,5,2,4000,3000,1084.5,1261.5,80.1,990,1167,1181,1358,191,191,crops/ketone/ketone_05_c0.5/ketone_05_c0.5_wE02.png,5.965,34,96,pass_geometry
ketone_05_c0.5_wE03,ketone_05_c0.5,ketone,5,0.5,E03,5,3,4000,3000,1282.5,1252.5,81.6,1185,1156,1380,1351,195,195,crops/ketone/ketone_05_c0.5/ketone_05_c0.5_wE03.png,1.269,34,96,pass_geometry
ketone_05_c0.5_wE04,ketone_05_c0.5,ketone,5,0.5,E04,5,4,4000,3000,1483.5,1249.5,81.9,1387,1153,1582,1348,195,195,crops/ketone/ketone_05_c0.5/ketone_05_c0.5_wE04.png,2.157,34,96,pass_geometry
ketone_05_c0.5_wE05,ketone_05_c0.5,ketone,5,0.5,E05,5,5,4000,3000,1681.5,1240.5,85.8,1580,1139,1785,1344,205,205,crops/ketone/ketone_05_c0.5/ketone_05_c0.5_wE05.png,3.073,34,96,pass_geometry
ketone_05_c0.5_wE06,ketone_05_c0.5,ketone,5,0.5,E06,5,6,4000,3000,1879.5,1243.5,81.6,1783,1147,1978,1342,195,195,crops/ketone/ketone_05_c0.5/ketone_05_c0.5_wE06.png,5.344,34,96,pass_geometry
ketone_05_c0.5_wE07,ketone_05_c0.5,ketone,5,0.5,E07,5,7,4000,3000,2080.5,1237.5,83.4,1982,1139,2181,1338,199,199,crops/ketone/ketone_05_c0.5/ketone_05_c0.5_wE07.png,2.998,34,96,pass_geometry
ketone_05_c0.5_wE08,ketone_05_c0.5,ketone,5,0.5,E08,5,8,4000,3000,2281.5,1231.5,82.2,2185,1135,2380,1330,195,195,crops/ketone/ketone_05_c0.5/ketone_05_c0.5_wE08.png,0.653,34,96,pass_geometry
ketone_05_c0.5_wE09,ketone_05_c0.5,ketone,5,0.5,E09,5,9,4000,3000,2482.5,1225.5,79.8,2388,1131,2579,1322,191,191,crops/ketone/ketone_05_c0.5/ketone_05_c0.5_wE09.png,1.915,34,96,pass_geometry
ketone_05_c0.5_wE10,ketone_05_c0.5,ketone,5,0.5,E10,5,10,4000,3000,2680.5,1225.5,79.8,2586,1131,2777,1322,191,191,crops/ketone/ketone_05_c0.5/ketone_05_c0.5_wE10.png,2.891,34,96,pass_geometry
ketone_05_c0.5_wE11,ketone_05_c0.5,ketone,5,0.5,E11,5,11,4000,3000,2884.5,1216.5,82.2,2788,1120,2983,1315,195,195,crops/ketone/ketone_05_c0.5/ketone_05_c0.5_wE11.png,5.294,34,96,pass_geometry
ketone_05_c0.5_wE12,ketone_05_c0.5,ketone,5,0.5,E12,5,12,4000,3000,3085.5,1213.5,83.4,2987,1115,3186,1314,199,199,crops/ketone/ketone_05_c0.5/ketone_05_c0.5_wE12.png,6.812,34,96,pass_geometry
ketone_05_c0.5_wF01,ketone_05_c0.5,ketone,5,0.5,F01,6,1,4000,3000,889.5,1459.5,79.5,796,1366,985,1555,189,189,crops/ketone/ketone_05_c0.5/ketone_05_c0.5_wF01.png,1.237,34,96,pass_geometry
ketone_05_c0.5_wF02,ketone_05_c0.5,ketone,5,0.5,F02,6,2,4000,3000,1084.5,1459.5,84.9,984,1359,1187,1562,203,203,crops/ketone/ketone_05_c0.5/ketone_05_c0.5_wF02.png,7.294,34,96,pass_geometry
ketone_05_c0.5_wF03,ketone_05_c0.5,ketone,5,0.5,F03,6,3,4000,3000,1285.5,1441.5,73.5,1199,1355,1374,1530,175,175,crops/ketone/ketone_05_c0.5/ketone_05_c0.5_wF03.png,9.144,34,96,pass_geometry
ketone_05_c0.5_wF04,ketone_05_c0.5,ketone,5,0.5,F04,6,4,4000,3000,1489.5,1450.5,81.9,1393,1354,1588,1549,195,195,crops/ketone/ketone_05_c0.5/ketone_05_c0.5_wF04.png,4.827,34,96,pass_geometry
ketone_05_c0.5_wF05,ketone_05_c0.5,ketone,5,0.5,F05,6,5,4000,3000,1678.5,1444.5,74.4,1591,1357,1768,1534,177,177,crops/ketone/ketone_05_c0.5/ketone_05_c0.5_wF05.png,9.959,34,96,pass_geometry
ketone_05_c0.5_wF06,ketone_05_c0.5,ketone,5,0.5,F06,6,6,4000,3000,1885.5,1438.5,81.3,1790,1343,1983,1536,193,193,crops/ketone/ketone_05_c0.5/ketone_05_c0.5_wF06.png,2.174,34,96,pass_geometry
ketone_05_c0.5_wF07,ketone_05_c0.5,ketone,5,0.5,F07,6,7,4000,3000,2086.5,1435.5,80.1,1992,1341,2183,1532,191,191,crops/ketone/ketone_05_c0.5/ketone_05_c0.5_wF07.png,2.243,34,96,pass_geometry
ketone_05_c0.5_wF08,ketone_05_c0.5,ketone,5,0.5,F08,6,8,4000,3000,2290.5,1435.5,84.0,2191,1336,2392,1537,201,201,crops/ketone/ketone_05_c0.5/ketone_05_c0.5_wF08.png,7.9,34,96,pass_geometry
ketone_05_c0.5_wF09,ketone_05_c0.5,ketone,5,0.5,F09,6,9,4000,3000,2485.5,1432.5,76.2,2396,1342,2577,1523,181,181,crops/ketone/ketone_05_c0.5/ketone_05_c0.5_wF09.png,7.578,34,96,pass_geometry
ketone_05_c0.5_wF10,ketone_05_c0.5,ketone,5,0.5,F10,6,10,4000,3000,2686.5,1423.5,82.8,2589,1326,2786,1523,197,197,crops/ketone/ketone_05_c0.5/ketone_05_c0.5_wF10.png,3.696,34,96,pass_geometry
ketone_05_c0.5_wF11,ketone_05_c0.5,ketone,5,0.5,F11,6,11,4000,3000,2881.5,1414.5,82.5,2784,1317,2981,1514,197,197,crops/ketone/ketone_05_c0.5/ketone_05_c0.5_wF11.png,2.562,34,96,pass_geometry
ketone_05_c0.5_wF12,ketone_05_c0.5,ketone,5,0.5,F12,6,12,4000,3000,3082.5,1414.5,80.7,2986,1319,3179,1512,193,193,crops/ketone/ketone_05_c0.5/ketone_05_c0.5_wF12.png,2.155,34,96,pass_geometry
ketone_05_c0.5_wG01,ketone_05_c0.5,ketone,5,0.5,G01,7,1,4000,3000,898.5,1657.5,81.3,803,1562,996,1755,193,193,crops/ketone/ketone_05_c0.5/ketone_05_c0.5_wG01.png,2.806,34,96,pass_geometry
ketone_05_c0.5_wG02,ketone_05_c0.5,ketone,5,0.5,G02,7,2,4000,3000,1105.5,1657.5,72.6,1020,1572,1193,1745,173,173,crops/ketone/ketone_05_c0.5/ketone_05_c0.5_wG02.png,11.485,34,96,pass_geometry
ketone_05_c0.5_wG03,ketone_05_c0.5,ketone,5,0.5,G03,7,3,4000,3000,1291.5,1651.5,77.1,1201,1561,1384,1744,183,183,crops/ketone/ketone_05_c0.5/ketone_05_c0.5_wG03.png,4.958,34,96,pass_geometry
ketone_05_c0.5_wG04,ketone_05_c0.5,ketone,5,0.5,G04,7,4,4000,3000,1495.5,1645.5,79.8,1401,1551,1592,1742,191,191,crops/ketone/ketone_05_c0.5/ketone_05_c0.5_wG04.png,2.457,34,96,pass_geometry
ketone_05_c0.5_wG05,ketone_05_c0.5,ketone,5,0.5,G05,7,5,4000,3000,1702.5,1636.5,72.204,1616,1551,1789,1724,173,173,crops/ketone/ketone_05_c0.5/ketone_05_c0.5_wG05.png,9.775,34,96,pass_geometry
ketone_05_c0.5_wG06,ketone_05_c0.5,ketone,5,0.5,G06,7,6,4000,3000,1894.5,1636.5,80.7,1799,1541,1992,1734,193,193,crops/ketone/ketone_05_c0.5/ketone_05_c0.5_wG06.png,2.653,34,96,pass_geometry
ketone_05_c0.5_wG07,ketone_05_c0.5,ketone,5,0.5,G07,7,7,4000,3000,2089.5,1633.5,80.4,1995,1539,2186,1730,191,191,crops/ketone/ketone_05_c0.5/ketone_05_c0.5_wG07.png,3.065,34,96,pass_geometry
ketone_05_c0.5_wG08,ketone_05_c0.5,ketone,5,0.5,G08,7,8,4000,3000,2287.5,1627.5,80.7,2192,1532,2385,1725,193,193,crops/ketone/ketone_05_c0.5/ketone_05_c0.5_wG08.png,2.7,34,96,pass_geometry
ketone_05_c0.5_wG09,ketone_05_c0.5,ketone,5,0.5,G09,7,9,4000,3000,2491.5,1624.5,81.0,2396,1529,2589,1722,193,193,crops/ketone/ketone_05_c0.5/ketone_05_c0.5_wG09.png,3.247,34,96,pass_geometry
ketone_05_c0.5_wG10,ketone_05_c0.5,ketone,5,0.5,G10,7,10,4000,3000,2689.5,1618.5,82.2,2593,1522,2788,1717,195,195,crops/ketone/ketone_05_c0.5/ketone_05_c0.5_wG10.png,1.879,34,96,pass_geometry
ketone_05_c0.5_wG11,ketone_05_c0.5,ketone,5,0.5,G11,7,11,4000,3000,2887.5,1612.5,79.2,2794,1518,2983,1707,189,189,crops/ketone/ketone_05_c0.5/ketone_05_c0.5_wG11.png,2.07,34,96,pass_geometry
ketone_05_c0.5_wG12,ketone_05_c0.5,ketone,5,0.5,G12,7,12,4000,3000,3088.5,1612.5,80.1,2994,1517,3185,1708,191,191,crops/ketone/ketone_05_c0.5/ketone_05_c0.5_wG12.png,4.468,34,96,pass_geometry
ketone_05_c0.5_wH01,ketone_05_c0.5,ketone,5,0.5,H01,8,1,4000,3000,904.5,1852.5,79.5,811,1758,1000,1947,189,189,crops/ketone/ketone_05_c0.5/ketone_05_c0.5_wH01.png,2.386,34,96,pass_geometry
ketone_05_c0.5_wH02,ketone_05_c0.5,ketone,5,0.5,H02,8,2,4000,3000,1099.5,1849.5,78.3,1007,1757,1194,1944,187,187,crops/ketone/ketone_05_c0.5/ketone_05_c0.5_wH02.png,1.958,34,96,pass_geometry
ketone_05_c0.5_wH03,ketone_05_c0.5,ketone,5,0.5,H03,8,3,4000,3000,1303.5,1837.5,82.2,1207,1741,1402,1936,195,195,crops/ketone/ketone_05_c0.5/ketone_05_c0.5_wH03.png,8.091,34,96,pass_geometry
ketone_05_c0.5_wH04,ketone_05_c0.5,ketone,5,0.5,H04,8,4,4000,3000,1498.5,1837.5,78.6,1406,1745,1593,1932,187,187,crops/ketone/ketone_05_c0.5/ketone_05_c0.5_wH04.png,3.382,34,96,pass_geometry
ketone_05_c0.5_wH05,ketone_05_c0.5,ketone,5,0.5,H05,8,5,4000,3000,1699.5,1834.5,80.1,1605,1740,1796,1931,191,191,crops/ketone/ketone_05_c0.5/ketone_05_c0.5_wH05.png,2.368,34,96,pass_geometry
ketone_05_c0.5_wH06,ketone_05_c0.5,ketone,5,0.5,H06,8,6,4000,3000,1897.5,1831.5,79.5,1804,1738,1993,1927,189,189,crops/ketone/ketone_05_c0.5/ketone_05_c0.5_wH06.png,0.91,34,96,pass_geometry
ketone_05_c0.5_wH07,ketone_05_c0.5,ketone,5,0.5,H07,8,7,4000,3000,2092.5,1828.5,78.6,2000,1736,2187,1923,187,187,crops/ketone/ketone_05_c0.5/ketone_05_c0.5_wH07.png,3.243,34,96,pass_geometry
ketone_05_c0.5_wH08,ketone_05_c0.5,ketone,5,0.5,H08,8,8,4000,3000,2290.5,1822.5,78.9,2197,1728,2386,1917,189,189,crops/ketone/ketone_05_c0.5/ketone_05_c0.5_wH08.png,4.025,34,96,pass_geometry
ketone_05_c0.5_wH09,ketone_05_c0.5,ketone,5,0.5,H09,8,9,4000,3000,2488.5,1819.5,78.6,2396,1727,2583,1914,187,187,crops/ketone/ketone_05_c0.5/ketone_05_c0.5_wH09.png,4.319,34,96,pass_geometry
ketone_05_c0.5_wH10,ketone_05_c0.5,ketone,5,0.5,H10,8,10,4000,3000,2695.5,1813.5,75.6,2606,1724,2787,1905,181,181,crops/ketone/ketone_05_c0.5/ketone_05_c0.5_wH10.png,4.636,34,96,pass_geometry
ketone_05_c0.5_wH11,ketone_05_c0.5,ketone,5,0.5,H11,8,11,4000,3000,2884.5,1810.5,79.5,2791,1717,2980,1906,189,189,crops/ketone/ketone_05_c0.5/ketone_05_c0.5_wH11.png,5.122,34,96,pass_geometry
ketone_05_c0.5_wH12,ketone_05_c0.5,ketone,5,0.5,H12,8,12,4000,3000,3082.5,1801.5,75.6,2992,1712,3173,1893,181,181,crops/ketone/ketone_05_c0.5/ketone_05_c0.5_wH12.png,7.583,34,96,pass_geometry
ketone_06_c1_wA01,ketone_06_c1,ketone,6,1.0,A01,1,1,4000,3000,844.5,424.5,78.0,752,332,939,519,187,187,crops/ketone/ketone_06_c1/ketone_06_c1_wA01.png,2.855,32,96,pass_geometry
ketone_06_c1_wA02,ketone_06_c1,ketone,6,1.0,A02,1,2,4000,3000,1042.5,424.5,78.9,949,331,1138,520,189,189,crops/ketone/ketone_06_c1/ketone_06_c1_wA02.png,2.506,32,96,pass_geometry
ketone_06_c1_wA03,ketone_06_c1,ketone,6,1.0,A03,1,3,4000,3000,1246.5,424.5,81.3,1151,329,1344,522,193,193,crops/ketone/ketone_06_c1/ketone_06_c1_wA03.png,5.706,32,96,pass_geometry
ketone_06_c1_wA04,ketone_06_c1,ketone,6,1.0,A04,1,4,4000,3000,1444.5,415.5,78.3,1352,323,1539,510,187,187,crops/ketone/ketone_06_c1/ketone_06_c1_wA04.png,3.255,32,96,pass_geometry
ketone_06_c1_wA05,ketone_06_c1,ketone,6,1.0,A05,1,5,4000,3000,1648.5,412.5,79.2,1555,318,1744,507,189,189,crops/ketone/ketone_06_c1/ketone_06_c1_wA05.png,1.629,32,96,pass_geometry
ketone_06_c1_wA06,ketone_06_c1,ketone,6,1.0,A06,1,6,4000,3000,1846.5,412.5,78.6,1754,319,1941,506,187,187,crops/ketone/ketone_06_c1/ketone_06_c1_wA06.png,7.197,32,96,pass_geometry
ketone_06_c1_wA07,ketone_06_c1,ketone,6,1.0,A07,1,7,4000,3000,2053.5,406.5,77.7,1962,315,2147,500,185,185,crops/ketone/ketone_06_c1/ketone_06_c1_wA07.png,2.166,32,96,pass_geometry
ketone_06_c1_wA08,ketone_06_c1,ketone,6,1.0,A08,1,8,4000,3000,2251.5,403.5,78.3,2159,311,2346,498,187,187,crops/ketone/ketone_06_c1/ketone_06_c1_wA08.png,6.704,32,96,pass_geometry
ketone_06_c1_wA09,ketone_06_c1,ketone,6,1.0,A09,1,9,4000,3000,2458.5,397.5,79.8,2364,303,2555,494,191,191,crops/ketone/ketone_06_c1/ketone_06_c1_wA09.png,2.502,32,96,pass_geometry
ketone_06_c1_wA10,ketone_06_c1,ketone,6,1.0,A10,1,10,4000,3000,2662.5,397.5,80.1,2567,303,2758,494,191,191,crops/ketone/ketone_06_c1/ketone_06_c1_wA10.png,3.202,32,96,pass_geometry
ketone_06_c1_wA11,ketone_06_c1,ketone,6,1.0,A11,1,11,4000,3000,2860.5,388.5,77.4,2769,297,2954,482,185,185,crops/ketone/ketone_06_c1/ketone_06_c1_wA11.png,7.411,32,96,pass_geometry
ketone_06_c1_wA12,ketone_06_c1,ketone,6,1.0,A12,1,12,4000,3000,3070.5,382.5,77.4,2979,290,3164,475,185,185,crops/ketone/ketone_06_c1/ketone_06_c1_wA12.png,5.29,32,96,pass_geometry
ketone_06_c1_wB01,ketone_06_c1,ketone,6,1.0,B01,2,1,4000,3000,853.5,628.5,77.1,763,538,946,721,183,183,crops/ketone/ketone_06_c1/ketone_06_c1_wB01.png,7.706,32,96,pass_geometry
ketone_06_c1_wB02,ketone_06_c1,ketone,6,1.0,B02,2,2,4000,3000,1045.5,625.5,75.3,957,537,1136,716,179,179,crops/ketone/ketone_06_c1/ketone_06_c1_wB02.png,2.071,32,96,pass_geometry
ketone_06_c1_wB03,ketone_06_c1,ketone,6,1.0,B03,2,3,4000,3000,1249.5,616.5,77.4,1158,525,1343,710,185,185,crops/ketone/ketone_06_c1/ketone_06_c1_wB03.png,4.613,32,96,pass_geometry
ketone_06_c1_wB04,ketone_06_c1,ketone,6,1.0,B04,2,4,4000,3000,1453.5,616.5,78.0,1361,524,1548,711,187,187,crops/ketone/ketone_06_c1/ketone_06_c1_wB04.png,3.1,32,96,pass_geometry
ketone_06_c1_wB05,ketone_06_c1,ketone,6,1.0,B05,2,5,4000,3000,1657.5,613.5,77.1,1567,523,1750,706,183,183,crops/ketone/ketone_06_c1/ketone_06_c1_wB05.png,4.976,32,96,pass_geometry
ketone_06_c1_wB06,ketone_06_c1,ketone,6,1.0,B06,2,6,4000,3000,1852.5,613.5,75.3,1763,525,1942,704,179,179,crops/ketone/ketone_06_c1/ketone_06_c1_wB06.png,3.336,32,96,pass_geometry
ketone_06_c1_wB07,ketone_06_c1,ketone,6,1.0,B07,2,7,4000,3000,2056.5,610.5,80.1,1962,516,2153,707,191,191,crops/ketone/ketone_06_c1/ketone_06_c1_wB07.png,2.895,32,96,pass_geometry
ketone_06_c1_wB08,ketone_06_c1,ketone,6,1.0,B08,2,8,4000,3000,2260.5,604.5,77.7,2169,513,2354,698,185,185,crops/ketone/ketone_06_c1/ketone_06_c1_wB08.png,1.043,32,96,pass_geometry
ketone_06_c1_wB09,ketone_06_c1,ketone,6,1.0,B09,2,9,4000,3000,2467.5,598.5,79.2,2374,505,2563,694,189,189,crops/ketone/ketone_06_c1/ketone_06_c1_wB09.png,5.905,32,96,pass_geometry
ketone_06_c1_wB10,ketone_06_c1,ketone,6,1.0,B10,2,10,4000,3000,2665.5,592.5,77.1,2575,502,2758,685,183,183,crops/ketone/ketone_06_c1/ketone_06_c1_wB10.png,5.09,32,96,pass_geometry
ketone_06_c1_wB11,ketone_06_c1,ketone,6,1.0,B11,2,11,4000,3000,2869.5,589.5,78.6,2777,497,2964,684,187,187,crops/ketone/ketone_06_c1/ketone_06_c1_wB11.png,4.95,32,96,pass_geometry
ketone_06_c1_wB12,ketone_06_c1,ketone,6,1.0,B12,2,12,4000,3000,3073.5,586.5,77.7,2982,495,3167,680,185,185,crops/ketone/ketone_06_c1/ketone_06_c1_wB12.png,4.954,32,96,pass_geometry
ketone_06_c1_wC01,ketone_06_c1,ketone,6,1.0,C01,3,1,4000,3000,853.5,832.5,73.2,767,745,942,920,175,175,crops/ketone/ketone_06_c1/ketone_06_c1_wC01.png,5.074,32,96,pass_geometry
ketone_06_c1_wC02,ketone_06_c1,ketone,6,1.0,C02,3,2,4000,3000,1051.5,826.5,80.1,957,732,1148,923,191,191,crops/ketone/ketone_06_c1/ketone_06_c1_wC02.png,0.932,32,96,pass_geometry
ketone_06_c1_wC03,ketone_06_c1,ketone,6,1.0,C03,3,3,4000,3000,1255.5,817.5,79.2,1162,724,1351,913,189,189,crops/ketone/ketone_06_c1/ketone_06_c1_wC03.png,6.137,32,96,pass_geometry
ketone_06_c1_wC04,ketone_06_c1,ketone,6,1.0,C04,3,4,4000,3000,1453.5,817.5,78.3,1361,725,1548,912,187,187,crops/ketone/ketone_06_c1/ketone_06_c1_wC04.png,1.846,32,96,pass_geometry
ketone_06_c1_wC05,ketone_06_c1,ketone,6,1.0,C05,3,5,4000,3000,1657.5,826.5,87.0,1555,724,1762,931,207,207,crops/ketone/ketone_06_c1/ketone_06_c1_wC05.png,10.678,32,96,pass_geometry
ketone_06_c1_wC06,ketone_06_c1,ketone,6,1.0,C06,3,6,4000,3000,1858.5,814.5,79.8,1764,720,1955,911,191,191,crops/ketone/ketone_06_c1/ketone_06_c1_wC06.png,2.297,32,96,pass_geometry
ketone_06_c1_wC07,ketone_06_c1,ketone,6,1.0,C07,3,7,4000,3000,2056.5,805.5,81.9,1960,709,2155,904,195,195,crops/ketone/ketone_06_c1/ketone_06_c1_wC07.png,4.704,32,96,pass_geometry
ketone_06_c1_wC08,ketone_06_c1,ketone,6,1.0,C08,3,8,4000,3000,2263.5,805.5,76.8,2173,715,2356,898,183,183,crops/ketone/ketone_06_c1/ketone_06_c1_wC08.png,2.603,32,96,pass_geometry
ketone_06_c1_wC09,ketone_06_c1,ketone,6,1.0,C09,3,9,4000,3000,2467.5,802.5,78.6,2375,709,2562,896,187,187,crops/ketone/ketone_06_c1/ketone_06_c1_wC09.png,4.215,32,96,pass_geometry
ketone_06_c1_wC10,ketone_06_c1,ketone,6,1.0,C10,3,10,4000,3000,2671.5,796.5,76.8,2581,706,2764,889,183,183,crops/ketone/ketone_06_c1/ketone_06_c1_wC10.png,6.564,32,96,pass_geometry
ketone_06_c1_wC11,ketone_06_c1,ketone,6,1.0,C11,3,11,4000,3000,2869.5,790.5,79.5,2776,697,2965,886,189,189,crops/ketone/ketone_06_c1/ketone_06_c1_wC11.png,6.049,32,96,pass_geometry
ketone_06_c1_wC12,ketone_06_c1,ketone,6,1.0,C12,3,12,4000,3000,3073.5,796.5,77.7,2982,705,3167,890,185,185,crops/ketone/ketone_06_c1/ketone_06_c1_wC12.png,4.02,32,96,pass_geometry
ketone_06_c1_wD01,ketone_06_c1,ketone,6,1.0,D01,4,1,4000,3000,850.5,1024.5,78.0,758,932,945,1119,187,187,crops/ketone/ketone_06_c1/ketone_06_c1_wD01.png,6.137,32,96,pass_geometry
ketone_06_c1_wD02,ketone_06_c1,ketone,6,1.0,D02,4,2,4000,3000,1048.5,1021.5,78.3,956,929,1143,1116,187,187,crops/ketone/ketone_06_c1/ketone_06_c1_wD02.png,7.796,32,96,pass_geometry
ketone_06_c1_wD03,ketone_06_c1,ketone,6,1.0,D03,4,3,4000,3000,1252.5,1018.5,78.0,1160,926,1347,1113,187,187,crops/ketone/ketone_06_c1/ketone_06_c1_wD03.png,5.705,32,96,pass_geometry
ketone_06_c1_wD04,ketone_06_c1,ketone,6,1.0,D04,4,4,4000,3000,1450.5,1021.5,81.3,1355,926,1548,1119,193,193,crops/ketone/ketone_06_c1/ketone_06_c1_wD04.png,6.033,32,96,pass_geometry
ketone_06_c1_wD05,ketone_06_c1,ketone,6,1.0,D05,4,5,4000,3000,1654.5,1021.5,82.2,1558,925,1753,1120,195,195,crops/ketone/ketone_06_c1/ketone_06_c1_wD05.png,5.412,32,96,pass_geometry
ketone_06_c1_wD06,ketone_06_c1,ketone,6,1.0,D06,4,6,4000,3000,1855.5,1018.5,73.2,1769,932,1944,1107,175,175,crops/ketone/ketone_06_c1/ketone_06_c1_wD06.png,5.824,32,96,pass_geometry
ketone_06_c1_wD07,ketone_06_c1,ketone,6,1.0,D07,4,7,4000,3000,2062.5,1012.5,78.3,1970,920,2157,1107,187,187,crops/ketone/ketone_06_c1/ketone_06_c1_wD07.png,2.449,32,96,pass_geometry
ketone_06_c1_wD08,ketone_06_c1,ketone,6,1.0,D08,4,8,4000,3000,2260.5,1003.5,79.8,2166,909,2357,1100,191,191,crops/ketone/ketone_06_c1/ketone_06_c1_wD08.png,4.582,32,96,pass_geometry
ketone_06_c1_wD09,ketone_06_c1,ketone,6,1.0,D09,4,9,4000,3000,2464.5,1006.5,79.2,2371,913,2560,1102,189,189,crops/ketone/ketone_06_c1/ketone_06_c1_wD09.png,2.085,32,96,pass_geometry
ketone_06_c1_wD10,ketone_06_c1,ketone,6,1.0,D10,4,10,4000,3000,2668.5,1000.5,76.8,2578,910,2761,1093,183,183,crops/ketone/ketone_06_c1/ketone_06_c1_wD10.png,1.993,32,96,pass_geometry
ketone_06_c1_wD11,ketone_06_c1,ketone,6,1.0,D11,4,11,4000,3000,2869.5,997.5,77.7,2778,906,2963,1091,185,185,crops/ketone/ketone_06_c1/ketone_06_c1_wD11.png,0.772,32,96,pass_geometry
ketone_06_c1_wD12,ketone_06_c1,ketone,6,1.0,D12,4,12,4000,3000,3067.5,994.5,78.9,2974,901,3163,1090,189,189,crops/ketone/ketone_06_c1/ketone_06_c1_wD12.png,3.943,32,96,pass_geometry
ketone_06_c1_wE01,ketone_06_c1,ketone,6,1.0,E01,5,1,4000,3000,856.5,1225.5,79.2,763,1132,952,1321,189,189,crops/ketone/ketone_06_c1/ketone_06_c1_wE01.png,4.421,32,96,pass_geometry
ketone_06_c1_wE02,ketone_06_c1,ketone,6,1.0,E02,5,2,4000,3000,1054.5,1219.5,77.7,963,1128,1148,1313,185,185,crops/ketone/ketone_06_c1/ketone_06_c1_wE02.png,7.999,32,96,pass_geometry
ketone_06_c1_wE03,ketone_06_c1,ketone,6,1.0,E03,5,3,4000,3000,1261.5,1222.5,77.1,1171,1132,1354,1315,183,183,crops/ketone/ketone_06_c1/ketone_06_c1_wE03.png,3.214,32,96,pass_geometry
ketone_06_c1_wE04,ketone_06_c1,ketone,6,1.0,E04,5,4,4000,3000,1456.5,1219.5,77.4,1365,1128,1550,1313,185,185,crops/ketone/ketone_06_c1/ketone_06_c1_wE04.png,2.984,32,96,pass_geometry
ketone_06_c1_wE05,ketone_06_c1,ketone,6,1.0,E05,5,5,4000,3000,1657.5,1228.5,87.696,1554,1125,1763,1334,209,209,crops/ketone/ketone_06_c1/ketone_06_c1_wE05.png,11.329,32,96,pass_geometry
ketone_06_c1_wE06,ketone_06_c1,ketone,6,1.0,E06,5,6,4000,3000,1864.5,1216.5,77.4,1773,1125,1958,1310,185,185,crops/ketone/ketone_06_c1/ketone_06_c1_wE06.png,3.784,32,96,pass_geometry
ketone_06_c1_wE07,ketone_06_c1,ketone,6,1.0,E07,5,7,4000,3000,2059.5,1213.5,75.6,1970,1124,2151,1305,181,181,crops/ketone/ketone_06_c1/ketone_06_c1_wE07.png,3.802,32,96,pass_geometry
ketone_06_c1_wE08,ketone_06_c1,ketone,6,1.0,E08,5,8,4000,3000,2266.5,1207.5,81.0,2171,1112,2364,1305,193,193,crops/ketone/ketone_06_c1/ketone_06_c1_wE08.png,2.533,32,96,pass_geometry
ketone_06_c1_wE09,ketone_06_c1,ketone,6,1.0,E09,5,9,4000,3000,2470.5,1207.5,76.8,2380,1117,2563,1300,183,183,crops/ketone/ketone_06_c1/ketone_06_c1_wE09.png,5.34,32,96,pass_geometry
ketone_06_c1_wE10,ketone_06_c1,ketone,6,1.0,E10,5,10,4000,3000,2668.5,1204.5,77.7,2577,1113,2762,1298,185,185,crops/ketone/ketone_06_c1/ketone_06_c1_wE10.png,2.639,32,96,pass_geometry
ketone_06_c1_wE11,ketone_06_c1,ketone,6,1.0,E11,5,11,4000,3000,2869.5,1198.5,76.2,2780,1109,2961,1290,181,181,crops/ketone/ketone_06_c1/ketone_06_c1_wE11.png,0.461,32,96,pass_geometry
ketone_06_c1_wE12,ketone_06_c1,ketone,6,1.0,E12,5,12,4000,3000,3070.5,1201.5,77.1,2980,1111,3163,1294,183,183,crops/ketone/ketone_06_c1/ketone_06_c1_wE12.png,5.748,32,96,pass_geometry
ketone_06_c1_wF01,ketone_06_c1,ketone,6,1.0,F01,6,1,4000,3000,859.5,1426.5,78.3,767,1334,954,1521,187,187,crops/ketone/ketone_06_c1/ketone_06_c1_wF01.png,3.226,32,96,pass_geometry
ketone_06_c1_wF02,ketone_06_c1,ketone,6,1.0,F02,6,2,4000,3000,1069.5,1423.5,71.1,986,1340,1155,1509,169,169,crops/ketone/ketone_06_c1/ketone_06_c1_wF02.png,8.514,32,96,pass_geometry
ketone_06_c1_wF03,ketone_06_c1,ketone,6,1.0,F03,6,3,4000,3000,1261.5,1420.5,79.8,1167,1326,1358,1517,191,191,crops/ketone/ketone_06_c1/ketone_06_c1_wF03.png,2.702,32,96,pass_geometry
ketone_06_c1_wF04,ketone_06_c1,ketone,6,1.0,F04,6,4,4000,3000,1462.5,1420.5,78.3,1369,1328,1556,1515,187,187,crops/ketone/ketone_06_c1/ketone_06_c1_wF04.png,0.467,32,96,pass_geometry
ketone_06_c1_wF05,ketone_06_c1,ketone,6,1.0,F05,6,5,4000,3000,1663.5,1420.5,79.5,1570,1327,1759,1516,189,189,crops/ketone/ketone_06_c1/ketone_06_c1_wF05.png,3.371,32,96,pass_geometry
ketone_06_c1_wF06,ketone_06_c1,ketone,6,1.0,F06,6,6,4000,3000,1861.5,1414.5,79.8,1767,1320,1958,1511,191,191,crops/ketone/ketone_06_c1/ketone_06_c1_wF06.png,2.049,32,96,pass_geometry
ketone_06_c1_wF07,ketone_06_c1,ketone,6,1.0,F07,6,7,4000,3000,2068.5,1417.5,79.2,1975,1324,2164,1513,189,189,crops/ketone/ketone_06_c1/ketone_06_c1_wF07.png,7.455,32,96,pass_geometry
ketone_06_c1_wF08,ketone_06_c1,ketone,6,1.0,F08,6,8,4000,3000,2272.5,1411.5,80.4,2178,1317,2369,1508,191,191,crops/ketone/ketone_06_c1/ketone_06_c1_wF08.png,7.638,32,96,pass_geometry
ketone_06_c1_wF09,ketone_06_c1,ketone,6,1.0,F09,6,9,4000,3000,2470.5,1405.5,76.8,2380,1315,2563,1498,183,183,crops/ketone/ketone_06_c1/ketone_06_c1_wF09.png,3.618,32,96,pass_geometry
ketone_06_c1_wF10,ketone_06_c1,ketone,6,1.0,F10,6,10,4000,3000,2671.5,1402.5,79.2,2578,1308,2767,1497,189,189,crops/ketone/ketone_06_c1/ketone_06_c1_wF10.png,3.16,32,96,pass_geometry
ketone_06_c1_wF11,ketone_06_c1,ketone,6,1.0,F11,6,11,4000,3000,2872.5,1399.5,76.2,2782,1310,2963,1491,181,181,crops/ketone/ketone_06_c1/ketone_06_c1_wF11.png,2.532,32,96,pass_geometry
ketone_06_c1_wF12,ketone_06_c1,ketone,6,1.0,F12,6,12,4000,3000,3067.5,1396.5,79.8,2973,1302,3164,1493,191,191,crops/ketone/ketone_06_c1/ketone_06_c1_wF12.png,4.298,32,96,pass_geometry
ketone_06_c1_wG01,ketone_06_c1,ketone,6,1.0,G01,7,1,4000,3000,862.5,1624.5,78.9,768,1531,957,1720,189,189,crops/ketone/ketone_06_c1/ketone_06_c1_wG01.png,4.281,32,96,pass_geometry
ketone_06_c1_wG02,ketone_06_c1,ketone,6,1.0,G02,7,2,4000,3000,1057.5,1624.5,81.9,961,1528,1156,1723,195,195,crops/ketone/ketone_06_c1/ketone_06_c1_wG02.png,7.444,32,96,pass_geometry
ketone_06_c1_wG03,ketone_06_c1,ketone,6,1.0,G03,7,3,4000,3000,1261.5,1615.5,84.0,1162,1516,1363,1717,201,201,crops/ketone/ketone_06_c1/ketone_06_c1_wG03.png,7.381,32,96,pass_geometry
ketone_06_c1_wG04,ketone_06_c1,ketone,6,1.0,G04,7,4,4000,3000,1462.5,1621.5,79.8,1367,1527,1558,1718,191,191,crops/ketone/ketone_06_c1/ketone_06_c1_wG04.png,3.41,32,96,pass_geometry
ketone_06_c1_wG05,ketone_06_c1,ketone,6,1.0,G05,7,5,4000,3000,1666.5,1618.5,78.6,1574,1526,1761,1713,187,187,crops/ketone/ketone_06_c1/ketone_06_c1_wG05.png,2.558,32,96,pass_geometry
ketone_06_c1_wG06,ketone_06_c1,ketone,6,1.0,G06,7,6,4000,3000,1864.5,1615.5,77.1,1774,1525,1957,1708,183,183,crops/ketone/ketone_06_c1/ketone_06_c1_wG06.png,2.465,32,96,pass_geometry
ketone_06_c1_wG07,ketone_06_c1,ketone,6,1.0,G07,7,7,4000,3000,2068.5,1612.5,79.5,1975,1518,2164,1707,189,189,crops/ketone/ketone_06_c1/ketone_06_c1_wG07.png,2.986,32,96,pass_geometry
ketone_06_c1_wG08,ketone_06_c1,ketone,6,1.0,G08,7,8,4000,3000,2266.5,1609.5,78.3,2174,1517,2361,1704,187,187,crops/ketone/ketone_06_c1/ketone_06_c1_wG08.png,2.06,32,96,pass_geometry
ketone_06_c1_wG09,ketone_06_c1,ketone,6,1.0,G09,7,9,4000,3000,2473.5,1609.5,78.3,2381,1517,2568,1704,187,187,crops/ketone/ketone_06_c1/ketone_06_c1_wG09.png,7.294,32,96,pass_geometry
ketone_06_c1_wG10,ketone_06_c1,ketone,6,1.0,G10,7,10,4000,3000,2671.5,1603.5,79.2,2578,1510,2767,1699,189,189,crops/ketone/ketone_06_c1/ketone_06_c1_wG10.png,2.914,32,96,pass_geometry
ketone_06_c1_wG11,ketone_06_c1,ketone,6,1.0,G11,7,11,4000,3000,2869.5,1600.5,78.3,2777,1508,2964,1695,187,187,crops/ketone/ketone_06_c1/ketone_06_c1_wG11.png,1.982,32,96,pass_geometry
ketone_06_c1_wG12,ketone_06_c1,ketone,6,1.0,G12,7,12,4000,3000,3064.5,1594.5,79.2,2971,1501,3160,1690,189,189,crops/ketone/ketone_06_c1/ketone_06_c1_wG12.png,7.591,32,96,pass_geometry
ketone_06_c1_wH01,ketone_06_c1,ketone,6,1.0,H01,8,1,4000,3000,862.5,1828.5,78.0,769,1736,956,1923,187,187,crops/ketone/ketone_06_c1/ketone_06_c1_wH01.png,6.985,32,96,pass_geometry
ketone_06_c1_wH02,ketone_06_c1,ketone,6,1.0,H02,8,2,4000,3000,1066.5,1825.5,78.6,974,1733,1161,1920,187,187,crops/ketone/ketone_06_c1/ketone_06_c1_wH02.png,3.089,32,96,pass_geometry
ketone_06_c1_wH03,ketone_06_c1,ketone,6,1.0,H03,8,3,4000,3000,1267.5,1819.5,79.5,1174,1726,1363,1915,189,189,crops/ketone/ketone_06_c1/ketone_06_c1_wH03.png,0.946,32,96,pass_geometry
ketone_06_c1_wH04,ketone_06_c1,ketone,6,1.0,H04,8,4,4000,3000,1465.5,1816.5,78.3,1373,1724,1560,1911,187,187,crops/ketone/ketone_06_c1/ketone_06_c1_wH04.png,2.515,32,96,pass_geometry
ketone_06_c1_wH05,ketone_06_c1,ketone,6,1.0,H05,8,5,4000,3000,1675.5,1816.5,73.5,1589,1730,1764,1905,175,175,crops/ketone/ketone_06_c1/ketone_06_c1_wH05.png,7.946,32,96,pass_geometry
ketone_06_c1_wH06,ketone_06_c1,ketone,6,1.0,H06,8,6,4000,3000,1870.5,1810.5,77.1,1780,1720,1963,1903,183,183,crops/ketone/ketone_06_c1/ketone_06_c1_wH06.png,2.929,32,96,pass_geometry
ketone_06_c1_wH07,ketone_06_c1,ketone,6,1.0,H07,8,7,4000,3000,2071.5,1810.5,77.1,1981,1720,2164,1903,183,183,crops/ketone/ketone_06_c1/ketone_06_c1_wH07.png,3.641,32,96,pass_geometry
ketone_06_c1_wH08,ketone_06_c1,ketone,6,1.0,H08,8,8,4000,3000,2269.5,1801.5,75.9,2180,1712,2361,1893,181,181,crops/ketone/ketone_06_c1/ketone_06_c1_wH08.png,4.767,32,96,pass_geometry
ketone_06_c1_wH09,ketone_06_c1,ketone,6,1.0,H09,8,9,4000,3000,2467.5,1798.5,77.7,2376,1707,2561,1892,185,185,crops/ketone/ketone_06_c1/ketone_06_c1_wH09.png,5.171,32,96,pass_geometry
ketone_06_c1_wH10,ketone_06_c1,ketone,6,1.0,H10,8,10,4000,3000,2668.5,1798.5,78.9,2575,1705,2764,1894,189,189,crops/ketone/ketone_06_c1/ketone_06_c1_wH10.png,2.559,32,96,pass_geometry
ketone_06_c1_wH11,ketone_06_c1,ketone,6,1.0,H11,8,11,4000,3000,2869.5,1795.5,77.4,2778,1704,2963,1889,185,185,crops/ketone/ketone_06_c1/ketone_06_c1_wH11.png,2.675,32,96,pass_geometry
ketone_06_c1_wH12,ketone_06_c1,ketone,6,1.0,H12,8,12,4000,3000,3064.5,1792.5,78.0,2972,1699,3159,1886,187,187,crops/ketone/ketone_06_c1/ketone_06_c1_wH12.png,8.005,32,96,pass_geometry
ketone_07_c5_wA01,ketone_07_c5,ketone,7,5.0,A01,1,1,4000,3000,787.5,439.5,86.4,686,338,891,543,205,205,crops/ketone/ketone_07_c5/ketone_07_c5_wA01.png,9.912,30,96,pass_geometry
ketone_07_c5_wA02,ketone_07_c5,ketone,7,5.0,A02,1,2,4000,3000,994.5,442.5,78.6,902,349,1089,536,187,187,crops/ketone/ketone_07_c5/ketone_07_c5_wA02.png,3.357,30,96,pass_geometry
ketone_07_c5_wA03,ketone_07_c5,ketone,7,5.0,A03,1,3,4000,3000,1198.5,439.5,79.2,1105,346,1294,535,189,189,crops/ketone/ketone_07_c5/ketone_07_c5_wA03.png,4.643,30,96,pass_geometry
ketone_07_c5_wA04,ketone_07_c5,ketone,7,5.0,A04,1,4,4000,3000,1405.5,442.5,84.3,1306,342,1507,543,201,201,crops/ketone/ketone_07_c5/ketone_07_c5_wA04.png,12.697,30,96,pass_geometry
ketone_07_c5_wA05,ketone_07_c5,ketone,7,5.0,A05,1,5,4000,3000,1600.5,430.5,77.1,1510,340,1693,523,183,183,crops/ketone/ketone_07_c5/ketone_07_c5_wA05.png,2.555,30,96,pass_geometry
ketone_07_c5_wA06,ketone_07_c5,ketone,7,5.0,A06,1,6,4000,3000,1801.5,424.5,78.3,1709,332,1896,519,187,187,crops/ketone/ketone_07_c5/ketone_07_c5_wA06.png,1.219,30,96,pass_geometry
ketone_07_c5_wA07,ketone_07_c5,ketone,7,5.0,A07,1,7,4000,3000,2008.5,418.5,78.6,1916,326,2103,513,187,187,crops/ketone/ketone_07_c5/ketone_07_c5_wA07.png,4.166,30,96,pass_geometry
ketone_07_c5_wA08,ketone_07_c5,ketone,7,5.0,A08,1,8,4000,3000,2209.5,412.5,77.4,2118,320,2303,505,185,185,crops/ketone/ketone_07_c5/ketone_07_c5_wA08.png,2.316,30,96,pass_geometry
ketone_07_c5_wA09,ketone_07_c5,ketone,7,5.0,A09,1,9,4000,3000,2407.5,409.5,74.1,2320,322,2497,499,177,177,crops/ketone/ketone_07_c5/ketone_07_c5_wA09.png,3.238,30,96,pass_geometry
ketone_07_c5_wA10,ketone_07_c5,ketone,7,5.0,A10,1,10,4000,3000,2611.5,403.5,78.9,2518,310,2707,499,189,189,crops/ketone/ketone_07_c5/ketone_07_c5_wA10.png,2.016,30,96,pass_geometry
ketone_07_c5_wA11,ketone_07_c5,ketone,7,5.0,A11,1,11,4000,3000,2815.5,394.5,76.5,2725,304,2908,487,183,183,crops/ketone/ketone_07_c5/ketone_07_c5_wA11.png,2.889,30,96,pass_geometry
ketone_07_c5_wA12,ketone_07_c5,ketone,7,5.0,A12,1,12,4000,3000,3019.5,391.5,78.3,2927,299,3114,486,187,187,crops/ketone/ketone_07_c5/ketone_07_c5_wA12.png,0.554,30,96,pass_geometry
ketone_07_c5_wB01,ketone_07_c5,ketone,7,5.0,B01,2,1,4000,3000,799.5,655.5,78.9,706,562,895,751,189,189,crops/ketone/ketone_07_c5/ketone_07_c5_wB01.png,3.264,30,96,pass_geometry
ketone_07_c5_wB02,ketone_07_c5,ketone,7,5.0,B02,2,2,4000,3000,1000.5,646.5,78.0,908,554,1095,741,187,187,crops/ketone/ketone_07_c5/ketone_07_c5_wB02.png,0.852,30,96,pass_geometry
ketone_07_c5_wB03,ketone_07_c5,ketone,7,5.0,B03,2,3,4000,3000,1207.5,643.5,82.5,1110,546,1307,743,197,197,crops/ketone/ketone_07_c5/ketone_07_c5_wB03.png,4.679,30,96,pass_geometry
ketone_07_c5_wB04,ketone_07_c5,ketone,7,5.0,B04,2,4,4000,3000,1408.5,634.5,75.9,1319,545,1500,726,181,181,crops/ketone/ketone_07_c5/ketone_07_c5_wB04.png,4.087,30,96,pass_geometry
ketone_07_c5_wB05,ketone_07_c5,ketone,7,5.0,B05,2,5,4000,3000,1606.5,628.5,74.1,1519,541,1696,718,177,177,crops/ketone/ketone_07_c5/ketone_07_c5_wB05.png,3.323,30,96,pass_geometry
ketone_07_c5_wB06,ketone_07_c5,ketone,7,5.0,B06,2,6,4000,3000,1810.5,628.5,77.7,1719,537,1904,722,185,185,crops/ketone/ketone_07_c5/ketone_07_c5_wB06.png,2.116,30,96,pass_geometry
ketone_07_c5_wB07,ketone_07_c5,ketone,7,5.0,B07,2,7,4000,3000,2011.5,625.5,75.0,1923,537,2102,716,179,179,crops/ketone/ketone_07_c5/ketone_07_c5_wB07.png,4.099,30,96,pass_geometry
ketone_07_c5_wB08,ketone_07_c5,ketone,7,5.0,B08,2,8,4000,3000,2215.5,616.5,74.4,2128,529,2305,706,177,177,crops/ketone/ketone_07_c5/ketone_07_c5_wB08.png,1.042,30,96,pass_geometry
ketone_07_c5_wB09,ketone_07_c5,ketone,7,5.0,B09,2,9,4000,3000,2428.5,610.5,85.5,2328,510,2531,713,203,203,crops/ketone/ketone_07_c5/ketone_07_c5_wB09.png,11.463,30,96,pass_geometry
ketone_07_c5_wB10,ketone_07_c5,ketone,7,5.0,B10,2,10,4000,3000,2620.5,604.5,76.5,2530,514,2713,697,183,183,crops/ketone/ketone_07_c5/ketone_07_c5_wB10.png,1.677,30,96,pass_geometry
ketone_07_c5_wB11,ketone_07_c5,ketone,7,5.0,B11,2,11,4000,3000,2818.5,598.5,75.6,2729,509,2910,690,181,181,crops/ketone/ketone_07_c5/ketone_07_c5_wB11.png,4.632,30,96,pass_geometry
ketone_07_c5_wB12,ketone_07_c5,ketone,7,5.0,B12,2,12,4000,3000,3019.5,595.5,74.7,2931,507,3110,686,179,179,crops/ketone/ketone_07_c5/ketone_07_c5_wB12.png,5.871,30,96,pass_geometry
ketone_07_c5_wC01,ketone_07_c5,ketone,7,5.0,C01,3,1,4000,3000,805.5,856.5,79.2,712,763,901,952,189,189,crops/ketone/ketone_07_c5/ketone_07_c5_wC01.png,4.12,30,96,pass_geometry
ketone_07_c5_wC02,ketone_07_c5,ketone,7,5.0,C02,3,2,4000,3000,1012.5,847.5,77.7,921,756,1106,941,185,185,crops/ketone/ketone_07_c5/ketone_07_c5_wC02.png,2.691,30,96,pass_geometry
ketone_07_c5_wC03,ketone_07_c5,ketone,7,5.0,C03,3,3,4000,3000,1210.5,841.5,75.6,1121,752,1302,933,181,181,crops/ketone/ketone_07_c5/ketone_07_c5_wC03.png,3.31,30,96,pass_geometry
ketone_07_c5_wC04,ketone_07_c5,ketone,7,5.0,C04,3,4,4000,3000,1411.5,838.5,75.6,1322,749,1503,930,181,181,crops/ketone/ketone_07_c5/ketone_07_c5_wC04.png,2.533,30,96,pass_geometry
ketone_07_c5_wC05,ketone_07_c5,ketone,7,5.0,C05,3,5,4000,3000,1612.5,823.5,68.244,1531,743,1694,906,163,163,crops/ketone/ketone_07_c5/ketone_07_c5_wC05.png,11.153,30,96,pass_geometry
ketone_07_c5_wC06,ketone_07_c5,ketone,7,5.0,C06,3,6,4000,3000,1816.5,823.5,78.3,1724,731,1911,918,187,187,crops/ketone/ketone_07_c5/ketone_07_c5_wC06.png,5.708,30,96,pass_geometry
ketone_07_c5_wC07,ketone_07_c5,ketone,7,5.0,C07,3,7,4000,3000,2020.5,823.5,77.4,1929,732,2114,917,185,185,crops/ketone/ketone_07_c5/ketone_07_c5_wC07.png,1.017,30,96,pass_geometry
ketone_07_c5_wC08,ketone_07_c5,ketone,7,5.0,C08,3,8,4000,3000,2218.5,820.5,76.8,2128,730,2311,913,183,183,crops/ketone/ketone_07_c5/ketone_07_c5_wC08.png,3.581,30,96,pass_geometry
ketone_07_c5_wC09,ketone_07_c5,ketone,7,5.0,C09,3,9,4000,3000,2419.5,814.5,74.1,2332,727,2509,904,177,177,crops/ketone/ketone_07_c5/ketone_07_c5_wC09.png,4.46,30,96,pass_geometry
ketone_07_c5_wC10,ketone_07_c5,ketone,7,5.0,C10,3,10,4000,3000,2626.5,808.5,75.0,2538,720,2717,899,179,179,crops/ketone/ketone_07_c5/ketone_07_c5_wC10.png,0.386,30,96,pass_geometry
ketone_07_c5_wC11,ketone_07_c5,ketone,7,5.0,C11,3,11,4000,3000,2827.5,805.5,74.4,2740,718,2917,895,177,177,crops/ketone/ketone_07_c5/ketone_07_c5_wC11.png,2.146,30,96,pass_geometry
ketone_07_c5_wC12,ketone_07_c5,ketone,7,5.0,C12,3,12,4000,3000,3025.5,793.5,77.4,2934,702,3119,887,185,185,crops/ketone/ketone_07_c5/ketone_07_c5_wC12.png,7.528,30,96,pass_geometry
ketone_07_c5_wD01,ketone_07_c5,ketone,7,5.0,D01,4,1,4000,3000,814.5,1057.5,79.5,721,964,910,1153,189,189,crops/ketone/ketone_07_c5/ketone_07_c5_wD01.png,4.714,30,96,pass_geometry
ketone_07_c5_wD02,ketone_07_c5,ketone,7,5.0,D02,4,2,4000,3000,1021.5,1051.5,77.4,930,960,1115,1145,185,185,crops/ketone/ketone_07_c5/ketone_07_c5_wD02.png,1.525,30,96,pass_geometry
ketone_07_c5_wD03,ketone_07_c5,ketone,7,5.0,D03,4,3,4000,3000,1225.5,1045.5,75.6,1136,956,1317,1137,181,181,crops/ketone/ketone_07_c5/ketone_07_c5_wD03.png,4.205,30,96,pass_geometry
ketone_07_c5_wD04,ketone_07_c5,ketone,7,5.0,D04,4,4,4000,3000,1420.5,1039.5,77.7,1329,948,1514,1133,185,185,crops/ketone/ketone_07_c5/ketone_07_c5_wD04.png,2.56,30,96,pass_geometry
ketone_07_c5_wD05,ketone_07_c5,ketone,7,5.0,D05,4,5,4000,3000,1618.5,1036.5,78.9,1525,943,1714,1132,189,189,crops/ketone/ketone_07_c5/ketone_07_c5_wD05.png,5.604,30,96,pass_geometry
ketone_07_c5_wD06,ketone_07_c5,ketone,7,5.0,D06,4,6,4000,3000,1825.5,1033.5,76.8,1735,943,1918,1126,183,183,crops/ketone/ketone_07_c5/ketone_07_c5_wD06.png,2.648,30,96,pass_geometry
ketone_07_c5_wD07,ketone_07_c5,ketone,7,5.0,D07,4,7,4000,3000,2035.5,1024.5,70.8,1952,941,2121,1110,169,169,crops/ketone/ketone_07_c5/ketone_07_c5_wD07.png,8.395,30,96,pass_geometry
ketone_07_c5_wD08,ketone_07_c5,ketone,7,5.0,D08,4,8,4000,3000,2230.5,1024.5,76.2,2141,935,2322,1116,181,181,crops/ketone/ketone_07_c5/ketone_07_c5_wD08.png,4.02,30,96,pass_geometry
ketone_07_c5_wD09,ketone_07_c5,ketone,7,5.0,D09,4,9,4000,3000,2428.5,1018.5,77.4,2337,927,2522,1112,185,185,crops/ketone/ketone_07_c5/ketone_07_c5_wD09.png,3.532,30,96,pass_geometry
ketone_07_c5_wD10,ketone_07_c5,ketone,7,5.0,D10,4,10,4000,3000,2629.5,1012.5,75.3,2541,924,2720,1103,179,179,crops/ketone/ketone_07_c5/ketone_07_c5_wD10.png,3.612,30,96,pass_geometry
ketone_07_c5_wD11,ketone_07_c5,ketone,7,5.0,D11,4,11,4000,3000,2833.5,1003.5,75.9,2744,914,2925,1095,181,181,crops/ketone/ketone_07_c5/ketone_07_c5_wD11.png,2.488,30,96,pass_geometry
ketone_07_c5_wD12,ketone_07_c5,ketone,7,5.0,D12,4,12,4000,3000,3028.5,1003.5,77.7,2937,912,3122,1097,185,185,crops/ketone/ketone_07_c5/ketone_07_c5_wD12.png,8.74,30,96,pass_geometry
ketone_07_c5_wE01,ketone_07_c5,ketone,7,5.0,E01,5,1,4000,3000,826.5,1261.5,78.0,734,1169,921,1356,187,187,crops/ketone/ketone_07_c5/ketone_07_c5_wE01.png,5.35,30,96,pass_geometry
ketone_07_c5_wE02,ketone_07_c5,ketone,7,5.0,E02,5,2,4000,3000,1030.5,1252.5,79.8,936,1158,1127,1349,191,191,crops/ketone/ketone_07_c5/ketone_07_c5_wE02.png,1.256,30,96,pass_geometry
ketone_07_c5_wE03,ketone_07_c5,ketone,7,5.0,E03,5,3,4000,3000,1234.5,1249.5,80.1,1140,1155,1331,1346,191,191,crops/ketone/ketone_07_c5/ketone_07_c5_wE03.png,4.953,30,96,pass_geometry
ketone_07_c5_wE04,ketone_07_c5,ketone,7,5.0,E04,5,4,4000,3000,1432.5,1246.5,77.4,1340,1155,1525,1340,185,185,crops/ketone/ketone_07_c5/ketone_07_c5_wE04.png,4.86,30,96,pass_geometry
ketone_07_c5_wE05,ketone_07_c5,ketone,7,5.0,E05,5,5,4000,3000,1636.5,1237.5,78.6,1544,1145,1731,1332,187,187,crops/ketone/ketone_07_c5/ketone_07_c5_wE05.png,4.171,30,96,pass_geometry
ketone_07_c5_wE06,ketone_07_c5,ketone,7,5.0,E06,5,6,4000,3000,1834.5,1231.5,77.1,1744,1141,1927,1324,183,183,crops/ketone/ketone_07_c5/ketone_07_c5_wE06.png,1.032,30,96,pass_geometry
ketone_07_c5_wE07,ketone_07_c5,ketone,7,5.0,E07,5,7,4000,3000,2038.5,1225.5,78.3,1946,1133,2133,1320,187,187,crops/ketone/ketone_07_c5/ketone_07_c5_wE07.png,3.977,30,96,pass_geometry
ketone_07_c5_wE08,ketone_07_c5,ketone,7,5.0,E08,5,8,4000,3000,2236.5,1222.5,75.9,2147,1133,2328,1314,181,181,crops/ketone/ketone_07_c5/ketone_07_c5_wE08.png,0.704,30,96,pass_geometry
ketone_07_c5_wE09,ketone_07_c5,ketone,7,5.0,E09,5,9,4000,3000,2437.5,1219.5,75.6,2348,1130,2529,1311,181,181,crops/ketone/ketone_07_c5/ketone_07_c5_wE09.png,2.56,30,96,pass_geometry
ketone_07_c5_wE10,ketone_07_c5,ketone,7,5.0,E10,5,10,4000,3000,2644.5,1213.5,76.5,2554,1123,2737,1306,183,183,crops/ketone/ketone_07_c5/ketone_07_c5_wE10.png,5.636,30,96,pass_geometry
ketone_07_c5_wE11,ketone_07_c5,ketone,7,5.0,E11,5,11,4000,3000,2848.5,1207.5,79.2,2755,1114,2944,1303,189,189,crops/ketone/ketone_07_c5/ketone_07_c5_wE11.png,7.81,30,96,pass_geometry
ketone_07_c5_wE12,ketone_07_c5,ketone,7,5.0,E12,5,12,4000,3000,3043.5,1198.5,77.7,2952,1107,3137,1292,185,185,crops/ketone/ketone_07_c5/ketone_07_c5_wE12.png,3.667,30,96,pass_geometry
ketone_07_c5_wF01,ketone_07_c5,ketone,7,5.0,F01,6,1,4000,3000,835.5,1465.5,84.0,736,1366,937,1567,201,201,crops/ketone/ketone_07_c5/ketone_07_c5_wF01.png,9.399,30,96,pass_geometry
ketone_07_c5_wF02,ketone_07_c5,ketone,7,5.0,F02,6,2,4000,3000,1039.5,1453.5,78.3,947,1361,1134,1548,187,187,crops/ketone/ketone_07_c5/ketone_07_c5_wF02.png,1.872,30,96,pass_geometry
ketone_07_c5_wF03,ketone_07_c5,ketone,7,5.0,F03,6,3,4000,3000,1234.5,1450.5,78.9,1141,1357,1330,1546,189,189,crops/ketone/ketone_07_c5/ketone_07_c5_wF03.png,6.15,30,96,pass_geometry
ketone_07_c5_wF04,ketone_07_c5,ketone,7,5.0,F04,6,4,4000,3000,1435.5,1438.5,83.1,1337,1340,1536,1539,199,199,crops/ketone/ketone_07_c5/ketone_07_c5_wF04.png,5.644,30,96,pass_geometry
ketone_07_c5_wF05,ketone_07_c5,ketone,7,5.0,F05,6,5,4000,3000,1636.5,1438.5,78.0,1544,1346,1731,1533,187,187,crops/ketone/ketone_07_c5/ketone_07_c5_wF05.png,4.431,30,96,pass_geometry
ketone_07_c5_wF06,ketone_07_c5,ketone,7,5.0,F06,6,6,4000,3000,1837.5,1435.5,79.5,1744,1342,1933,1531,189,189,crops/ketone/ketone_07_c5/ketone_07_c5_wF06.png,5.207,30,96,pass_geometry
ketone_07_c5_wF07,ketone_07_c5,ketone,7,5.0,F07,6,7,4000,3000,2041.5,1435.5,73.5,1955,1349,2130,1524,175,175,crops/ketone/ketone_07_c5/ketone_07_c5_wF07.png,8.355,30,96,pass_geometry
ketone_07_c5_wF08,ketone_07_c5,ketone,7,5.0,F08,6,8,4000,3000,2242.5,1429.5,80.1,2148,1335,2339,1526,191,191,crops/ketone/ketone_07_c5/ketone_07_c5_wF08.png,7.27,30,96,pass_geometry
ketone_07_c5_wF09,ketone_07_c5,ketone,7,5.0,F09,6,9,4000,3000,2446.5,1414.5,74.7,2358,1326,2537,1505,179,179,crops/ketone/ketone_07_c5/ketone_07_c5_wF09.png,3.59,30,96,pass_geometry
ketone_07_c5_wF10,ketone_07_c5,ketone,7,5.0,F10,6,10,4000,3000,2647.5,1414.5,76.8,2557,1324,2740,1507,183,183,crops/ketone/ketone_07_c5/ketone_07_c5_wF10.png,2.887,30,96,pass_geometry
ketone_07_c5_wF11,ketone_07_c5,ketone,7,5.0,F11,6,11,4000,3000,2848.5,1405.5,79.2,2755,1312,2944,1501,189,189,crops/ketone/ketone_07_c5/ketone_07_c5_wF11.png,2.684,30,96,pass_geometry
ketone_07_c5_wF12,ketone_07_c5,ketone,7,5.0,F12,6,12,4000,3000,3043.5,1402.5,73.8,2956,1314,3133,1491,177,177,crops/ketone/ketone_07_c5/ketone_07_c5_wF12.png,4.579,30,96,pass_geometry
ketone_07_c5_wG01,ketone_07_c5,ketone,7,5.0,G01,7,1,4000,3000,853.5,1651.5,73.8,766,1564,943,1741,177,177,crops/ketone/ketone_07_c5/ketone_07_c5_wG01.png,6.754,30,96,pass_geometry
ketone_07_c5_wG02,ketone_07_c5,ketone,7,5.0,G02,7,2,4000,3000,1048.5,1657.5,83.1,950,1559,1149,1758,199,199,crops/ketone/ketone_07_c5/ketone_07_c5_wG02.png,6.526,30,96,pass_geometry
ketone_07_c5_wG03,ketone_07_c5,ketone,7,5.0,G03,7,3,4000,3000,1234.5,1642.5,86.856,1132,1539,1339,1746,207,207,crops/ketone/ketone_07_c5/ketone_07_c5_wG03.png,14.39,30,96,pass_geometry
ketone_07_c5_wG04,ketone_07_c5,ketone,7,5.0,G04,7,4,4000,3000,1444.5,1645.5,79.8,1350,1551,1541,1742,191,191,crops/ketone/ketone_07_c5/ketone_07_c5_wG04.png,5.898,30,96,pass_geometry
ketone_07_c5_wG05,ketone_07_c5,ketone,7,5.0,G05,7,5,4000,3000,1642.5,1636.5,81.3,1546,1541,1739,1734,193,193,crops/ketone/ketone_07_c5/ketone_07_c5_wG05.png,6.425,30,96,pass_geometry
ketone_07_c5_wG06,ketone_07_c5,ketone,7,5.0,G06,7,6,4000,3000,1846.5,1630.5,79.2,1753,1537,1942,1726,189,189,crops/ketone/ketone_07_c5/ketone_07_c5_wG06.png,3.021,30,96,pass_geometry
ketone_07_c5_wG07,ketone_07_c5,ketone,7,5.0,G07,7,7,4000,3000,2044.5,1630.5,79.2,1951,1537,2140,1726,189,189,crops/ketone/ketone_07_c5/ketone_07_c5_wG07.png,6.51,30,96,pass_geometry
ketone_07_c5_wG08,ketone_07_c5,ketone,7,5.0,G08,7,8,4000,3000,2248.5,1624.5,75.9,2159,1535,2340,1716,181,181,crops/ketone/ketone_07_c5/ketone_07_c5_wG08.png,3.237,30,96,pass_geometry
ketone_07_c5_wG09,ketone_07_c5,ketone,7,5.0,G09,7,9,4000,3000,2452.5,1618.5,74.7,2364,1530,2543,1709,179,179,crops/ketone/ketone_07_c5/ketone_07_c5_wG09.png,2.054,30,96,pass_geometry
ketone_07_c5_wG10,ketone_07_c5,ketone,7,5.0,G10,7,10,4000,3000,2653.5,1612.5,76.5,2563,1521,2746,1704,183,183,crops/ketone/ketone_07_c5/ketone_07_c5_wG10.png,1.679,30,96,pass_geometry
ketone_07_c5_wG11,ketone_07_c5,ketone,7,5.0,G11,7,11,4000,3000,2857.5,1606.5,78.9,2764,1513,2953,1702,189,189,crops/ketone/ketone_07_c5/ketone_07_c5_wG11.png,4.834,30,96,pass_geometry
ketone_07_c5_wG12,ketone_07_c5,ketone,7,5.0,G12,7,12,4000,3000,3061.5,1609.5,70.8,2978,1526,3147,1695,169,169,crops/ketone/ketone_07_c5/ketone_07_c5_wG12.png,10.526,30,96,pass_geometry
ketone_07_c5_wH01,ketone_07_c5,ketone,7,5.0,H01,8,1,4000,3000,859.5,1855.5,78.6,767,1763,954,1950,187,187,crops/ketone/ketone_07_c5/ketone_07_c5_wH01.png,1.918,30,96,pass_geometry
ketone_07_c5_wH02,ketone_07_c5,ketone,7,5.0,H02,8,2,4000,3000,1063.5,1843.5,80.1,969,1749,1160,1940,191,191,crops/ketone/ketone_07_c5/ketone_07_c5_wH02.png,8.37,30,96,pass_geometry
ketone_07_c5_wH03,ketone_07_c5,ketone,7,5.0,H03,8,3,4000,3000,1258.5,1837.5,80.1,1164,1743,1355,1934,191,191,crops/ketone/ketone_07_c5/ketone_07_c5_wH03.png,7.292,30,96,pass_geometry
ketone_07_c5_wH04,ketone_07_c5,ketone,7,5.0,H04,8,4,4000,3000,1456.5,1831.5,74.1,1369,1744,1546,1921,177,177,crops/ketone/ketone_07_c5/ketone_07_c5_wH04.png,8.448,30,96,pass_geometry
ketone_07_c5_wH05,ketone_07_c5,ketone,7,5.0,H05,8,5,4000,3000,1657.5,1831.5,77.7,1566,1740,1751,1925,185,185,crops/ketone/ketone_07_c5/ketone_07_c5_wH05.png,3.642,30,96,pass_geometry
ketone_07_c5_wH06,ketone_07_c5,ketone,7,5.0,H06,8,6,4000,3000,1861.5,1825.5,74.7,1773,1737,1952,1916,179,179,crops/ketone/ketone_07_c5/ketone_07_c5_wH06.png,6.488,30,96,pass_geometry
ketone_07_c5_wH07,ketone_07_c5,ketone,7,5.0,H07,8,7,4000,3000,2047.5,1822.5,72.0,1963,1737,2134,1908,171,171,crops/ketone/ketone_07_c5/ketone_07_c5_wH07.png,10.244,30,96,pass_geometry
ketone_07_c5_wH08,ketone_07_c5,ketone,7,5.0,H08,8,8,4000,3000,2260.5,1819.5,73.8,2173,1732,2350,1909,177,177,crops/ketone/ketone_07_c5/ketone_07_c5_wH08.png,3.246,30,96,pass_geometry
ketone_07_c5_wH09,ketone_07_c5,ketone,7,5.0,H09,8,9,4000,3000,2452.5,1807.5,80.4,2358,1713,2549,1904,191,191,crops/ketone/ketone_07_c5/ketone_07_c5_wH09.png,9.963,30,96,pass_geometry
ketone_07_c5_wH10,ketone_07_c5,ketone,7,5.0,H10,8,10,4000,3000,2656.5,1810.5,77.1,2566,1720,2749,1903,183,183,crops/ketone/ketone_07_c5/ketone_07_c5_wH10.png,1.821,30,96,pass_geometry
ketone_07_c5_wH11,ketone_07_c5,ketone,7,5.0,H11,8,11,4000,3000,2866.5,1804.5,75.3,2778,1716,2957,1895,179,179,crops/ketone/ketone_07_c5/ketone_07_c5_wH11.png,8.001,30,96,pass_geometry
ketone_07_c5_wH12,ketone_07_c5,ketone,7,5.0,H12,8,12,4000,3000,3061.5,1801.5,82.2,2965,1705,3160,1900,195,195,crops/ketone/ketone_07_c5/ketone_07_c5_wH12.png,2.195,30,96,pass_geometry
ketone_08_c10_wA01,ketone_08_c10,ketone,8,10.0,A01,1,1,4000,3000,793.5,466.5,75.6,704,377,885,558,181,181,crops/ketone/ketone_08_c10/ketone_08_c10_wA01.png,6.011,33,96,pass_geometry
ketone_08_c10_wA02,ketone_08_c10,ketone,8,10.0,A02,1,2,4000,3000,1003.5,463.5,76.5,913,373,1096,556,183,183,crops/ketone/ketone_08_c10/ketone_08_c10_wA02.png,2.855,33,96,pass_geometry
ketone_08_c10_wA03,ketone_08_c10,ketone,8,10.0,A03,1,3,4000,3000,1204.5,460.5,74.7,1116,372,1295,551,179,179,crops/ketone/ketone_08_c10/ketone_08_c10_wA03.png,0.638,33,96,pass_geometry
ketone_08_c10_wA04,ketone_08_c10,ketone,8,10.0,A04,1,4,4000,3000,1405.5,454.5,73.8,1318,367,1495,544,177,177,crops/ketone/ketone_08_c10/ketone_08_c10_wA04.png,3.165,33,96,pass_geometry
ketone_08_c10_wA05,ketone_08_c10,ketone,8,10.0,A05,1,5,4000,3000,1612.5,451.5,75.0,1523,363,1702,542,179,179,crops/ketone/ketone_08_c10/ketone_08_c10_wA05.png,2.12,33,96,pass_geometry
ketone_08_c10_wA06,ketone_08_c10,ketone,8,10.0,A06,1,6,4000,3000,1813.5,451.5,79.2,1720,358,1909,547,189,189,crops/ketone/ketone_08_c10/ketone_08_c10_wA06.png,8.029,33,96,pass_geometry
ketone_08_c10_wA07,ketone_08_c10,ketone,8,10.0,A07,1,7,4000,3000,2020.5,442.5,76.2,1931,352,2112,533,181,181,crops/ketone/ketone_08_c10/ketone_08_c10_wA07.png,3.782,33,96,pass_geometry
ketone_08_c10_wA08,ketone_08_c10,ketone,8,10.0,A08,1,8,4000,3000,2221.5,439.5,75.9,2132,350,2313,531,181,181,crops/ketone/ketone_08_c10/ketone_08_c10_wA08.png,6.967,33,96,pass_geometry
ketone_08_c10_wA09,ketone_08_c10,ketone,8,10.0,A09,1,9,4000,3000,2428.5,424.5,79.8,2334,330,2525,521,191,191,crops/ketone/ketone_08_c10/ketone_08_c10_wA09.png,3.615,33,96,pass_geometry
ketone_08_c10_wA10,ketone_08_c10,ketone,8,10.0,A10,1,10,4000,3000,2632.5,427.5,75.6,2542,338,2723,519,181,181,crops/ketone/ketone_08_c10/ketone_08_c10_wA10.png,4.938,33,96,pass_geometry
ketone_08_c10_wA11,ketone_08_c10,ketone,8,10.0,A11,1,11,4000,3000,2836.5,418.5,77.1,2746,328,2929,511,183,183,crops/ketone/ketone_08_c10/ketone_08_c10_wA11.png,2.124,33,96,pass_geometry
ketone_08_c10_wA12,ketone_08_c10,ketone,8,10.0,A12,1,12,4000,3000,3034.5,415.5,75.3,2946,327,3125,506,179,179,crops/ketone/ketone_08_c10/ketone_08_c10_wA12.png,9.215,33,96,pass_geometry
ketone_08_c10_wB01,ketone_08_c10,ketone,8,10.0,B01,2,1,4000,3000,805.5,673.5,76.2,716,584,897,765,181,181,crops/ketone/ketone_08_c10/ketone_08_c10_wB01.png,2.006,33,96,pass_geometry
ketone_08_c10_wB02,ketone_08_c10,ketone,8,10.0,B02,2,2,4000,3000,1012.5,664.5,76.8,922,574,1105,757,183,183,crops/ketone/ketone_08_c10/ketone_08_c10_wB02.png,5.304,33,96,pass_geometry
ketone_08_c10_wB03,ketone_08_c10,ketone,8,10.0,B03,2,3,4000,3000,1213.5,661.5,76.2,1124,572,1305,753,181,181,crops/ketone/ketone_08_c10/ketone_08_c10_wB03.png,2.6,33,96,pass_geometry
ketone_08_c10_wB04,ketone_08_c10,ketone,8,10.0,B04,2,4,4000,3000,1417.5,658.5,76.2,1328,569,1509,750,181,181,crops/ketone/ketone_08_c10/ketone_08_c10_wB04.png,0.592,33,96,pass_geometry
ketone_08_c10_wB05,ketone_08_c10,ketone,8,10.0,B05,2,5,4000,3000,1621.5,652.5,76.2,1532,562,1713,743,181,181,crops/ketone/ketone_08_c10/ketone_08_c10_wB05.png,1.45,33,96,pass_geometry
ketone_08_c10_wB06,ketone_08_c10,ketone,8,10.0,B06,2,6,4000,3000,1819.5,643.5,79.8,1725,549,1916,740,191,191,crops/ketone/ketone_08_c10/ketone_08_c10_wB06.png,6.743,33,96,pass_geometry
ketone_08_c10_wB07,ketone_08_c10,ketone,8,10.0,B07,2,7,4000,3000,2029.5,643.5,74.7,1941,555,2120,734,179,179,crops/ketone/ketone_08_c10/ketone_08_c10_wB07.png,1.581,33,96,pass_geometry
ketone_08_c10_wB08,ketone_08_c10,ketone,8,10.0,B08,2,8,4000,3000,2236.5,637.5,72.6,2151,552,2324,725,173,173,crops/ketone/ketone_08_c10/ketone_08_c10_wB08.png,4.63,33,96,pass_geometry
ketone_08_c10_wB09,ketone_08_c10,ketone,8,10.0,B09,2,9,4000,3000,2437.5,634.5,72.0,2353,550,2524,721,171,171,crops/ketone/ketone_08_c10/ketone_08_c10_wB09.png,2.521,33,96,pass_geometry
ketone_08_c10_wB10,ketone_08_c10,ketone,8,10.0,B10,2,10,4000,3000,2635.5,628.5,75.6,2546,539,2727,720,181,181,crops/ketone/ketone_08_c10/ketone_08_c10_wB10.png,4.723,33,96,pass_geometry
ketone_08_c10_wB11,ketone_08_c10,ketone,8,10.0,B11,2,11,4000,3000,2842.5,625.5,75.0,2753,537,2932,716,179,179,crops/ketone/ketone_08_c10/ketone_08_c10_wB11.png,3.953,33,96,pass_geometry
ketone_08_c10_wB12,ketone_08_c10,ketone,8,10.0,B12,2,12,4000,3000,3049.5,616.5,76.8,2959,526,3142,709,183,183,crops/ketone/ketone_08_c10/ketone_08_c10_wB12.png,0.787,33,96,pass_geometry
ketone_08_c10_wC01,ketone_08_c10,ketone,8,10.0,C01,3,1,4000,3000,820.5,877.5,80.4,726,783,917,974,191,191,crops/ketone/ketone_08_c10/ketone_08_c10_wC01.png,4.015,33,96,pass_geometry
ketone_08_c10_wC02,ketone_08_c10,ketone,8,10.0,C02,3,2,4000,3000,1015.5,868.5,73.2,929,782,1104,957,175,175,crops/ketone/ketone_08_c10/ketone_08_c10_wC02.png,5.668,33,96,pass_geometry
ketone_08_c10_wC03,ketone_08_c10,ketone,8,10.0,C03,3,3,4000,3000,1219.5,868.5,75.6,1130,779,1311,960,181,181,crops/ketone/ketone_08_c10/ketone_08_c10_wC03.png,2.951,33,96,pass_geometry
ketone_08_c10_wC04,ketone_08_c10,ketone,8,10.0,C04,3,4,4000,3000,1426.5,859.5,74.4,1339,772,1516,949,177,177,crops/ketone/ketone_08_c10/ketone_08_c10_wC04.png,3.049,33,96,pass_geometry
ketone_08_c10_wC05,ketone_08_c10,ketone,8,10.0,C05,3,5,4000,3000,1627.5,853.5,75.6,1538,764,1719,945,181,181,crops/ketone/ketone_08_c10/ketone_08_c10_wC05.png,3.791,33,96,pass_geometry
ketone_08_c10_wC06,ketone_08_c10,ketone,8,10.0,C06,3,6,4000,3000,1834.5,850.5,73.2,1748,764,1923,939,175,175,crops/ketone/ketone_08_c10/ketone_08_c10_wC06.png,3.0,33,96,pass_geometry
ketone_08_c10_wC07,ketone_08_c10,ketone,8,10.0,C07,3,7,4000,3000,2041.5,844.5,77.1,1951,754,2134,937,183,183,crops/ketone/ketone_08_c10/ketone_08_c10_wC07.png,6.578,33,96,pass_geometry
ketone_08_c10_wC08,ketone_08_c10,ketone,8,10.0,C08,3,8,4000,3000,2239.5,838.5,75.3,2151,750,2330,929,179,179,crops/ketone/ketone_08_c10/ketone_08_c10_wC08.png,3.133,33,96,pass_geometry
ketone_08_c10_wC09,ketone_08_c10,ketone,8,10.0,C09,3,9,4000,3000,2446.5,838.5,75.3,2358,750,2537,929,179,179,crops/ketone/ketone_08_c10/ketone_08_c10_wC09.png,4.441,33,96,pass_geometry
ketone_08_c10_wC10,ketone_08_c10,ketone,8,10.0,C10,3,10,4000,3000,2644.5,829.5,76.2,2555,740,2736,921,181,181,crops/ketone/ketone_08_c10/ketone_08_c10_wC10.png,2.553,33,96,pass_geometry
ketone_08_c10_wC11,ketone_08_c10,ketone,8,10.0,C11,3,11,4000,3000,2848.5,823.5,76.5,2758,733,2941,916,183,183,crops/ketone/ketone_08_c10/ketone_08_c10_wC11.png,3.105,33,96,pass_geometry
ketone_08_c10_wC12,ketone_08_c10,ketone,8,10.0,C12,3,12,4000,3000,3055.5,814.5,76.2,2966,725,3147,906,181,181,crops/ketone/ketone_08_c10/ketone_08_c10_wC12.png,6.362,33,96,pass_geometry
ketone_08_c10_wD01,ketone_08_c10,ketone,8,10.0,D01,4,1,4000,3000,823.5,1081.5,76.2,734,992,915,1173,181,181,crops/ketone/ketone_08_c10/ketone_08_c10_wD01.png,2.51,33,96,pass_geometry
ketone_08_c10_wD02,ketone_08_c10,ketone,8,10.0,D02,4,2,4000,3000,1033.5,1075.5,78.0,941,983,1128,1170,187,187,crops/ketone/ketone_08_c10/ketone_08_c10_wD02.png,5.216,33,96,pass_geometry
ketone_08_c10_wD03,ketone_08_c10,ketone,8,10.0,D03,4,3,4000,3000,1228.5,1066.5,72.0,1144,982,1315,1153,171,171,crops/ketone/ketone_08_c10/ketone_08_c10_wD03.png,4.461,33,96,pass_geometry
ketone_08_c10_wD04,ketone_08_c10,ketone,8,10.0,D04,4,4,4000,3000,1432.5,1066.5,75.0,1343,978,1522,1157,179,179,crops/ketone/ketone_08_c10/ketone_08_c10_wD04.png,1.784,33,96,pass_geometry
ketone_08_c10_wD05,ketone_08_c10,ketone,8,10.0,D05,4,5,4000,3000,1633.5,1057.5,75.9,1544,968,1725,1149,181,181,crops/ketone/ketone_08_c10/ketone_08_c10_wD05.png,3.95,33,96,pass_geometry
ketone_08_c10_wD06,ketone_08_c10,ketone,8,10.0,D06,4,6,4000,3000,1840.5,1054.5,75.9,1751,965,1932,1146,181,181,crops/ketone/ketone_08_c10/ketone_08_c10_wD06.png,1.056,33,96,pass_geometry
ketone_08_c10_wD07,ketone_08_c10,ketone,8,10.0,D07,4,7,4000,3000,2041.5,1048.5,77.4,1950,957,2135,1142,185,185,crops/ketone/ketone_08_c10/ketone_08_c10_wD07.png,1.734,33,96,pass_geometry
ketone_08_c10_wD08,ketone_08_c10,ketone,8,10.0,D08,4,8,4000,3000,2242.5,1045.5,77.1,2152,955,2335,1138,183,183,crops/ketone/ketone_08_c10/ketone_08_c10_wD08.png,3.494,33,96,pass_geometry
ketone_08_c10_wD09,ketone_08_c10,ketone,8,10.0,D09,4,9,4000,3000,2449.5,1039.5,76.2,2360,950,2541,1131,181,181,crops/ketone/ketone_08_c10/ketone_08_c10_wD09.png,0.24,33,96,pass_geometry
ketone_08_c10_wD10,ketone_08_c10,ketone,8,10.0,D10,4,10,4000,3000,2650.5,1033.5,72.6,2565,948,2738,1121,173,173,crops/ketone/ketone_08_c10/ketone_08_c10_wD10.png,2.441,33,96,pass_geometry
ketone_08_c10_wD11,ketone_08_c10,ketone,8,10.0,D11,4,11,4000,3000,2857.5,1027.5,75.3,2769,939,2948,1118,179,179,crops/ketone/ketone_08_c10/ketone_08_c10_wD11.png,2.113,33,96,pass_geometry
ketone_08_c10_wD12,ketone_08_c10,ketone,8,10.0,D12,4,12,4000,3000,3061.5,1018.5,73.2,2975,932,3150,1107,175,175,crops/ketone/ketone_08_c10/ketone_08_c10_wD12.png,5.822,33,96,pass_geometry
ketone_08_c10_wE01,ketone_08_c10,ketone,8,10.0,E01,5,1,4000,3000,841.5,1285.5,75.6,752,1196,933,1377,181,181,crops/ketone/ketone_08_c10/ketone_08_c10_wE01.png,7.158,33,96,pass_geometry
ketone_08_c10_wE02,ketone_08_c10,ketone,8,10.0,E02,5,2,4000,3000,1045.5,1276.5,74.7,957,1188,1136,1367,179,179,crops/ketone/ketone_08_c10/ketone_08_c10_wE02.png,8.33,33,96,pass_geometry
ketone_08_c10_wE03,ketone_08_c10,ketone,8,10.0,E03,5,3,4000,3000,1240.5,1270.5,73.2,1154,1184,1329,1359,175,175,crops/ketone/ketone_08_c10/ketone_08_c10_wE03.png,2.092,33,96,pass_geometry
ketone_08_c10_wE04,ketone_08_c10,ketone,8,10.0,E04,5,4,4000,3000,1444.5,1267.5,74.4,1357,1180,1534,1357,177,177,crops/ketone/ketone_08_c10/ketone_08_c10_wE04.png,2.568,33,96,pass_geometry
ketone_08_c10_wE05,ketone_08_c10,ketone,8,10.0,E05,5,5,4000,3000,1645.5,1264.5,73.5,1559,1178,1734,1353,175,175,crops/ketone/ketone_08_c10/ketone_08_c10_wE05.png,2.455,33,96,pass_geometry
ketone_08_c10_wE06,ketone_08_c10,ketone,8,10.0,E06,5,6,4000,3000,1852.5,1255.5,74.7,1763,1167,1942,1346,179,179,crops/ketone/ketone_08_c10/ketone_08_c10_wE06.png,5.613,33,96,pass_geometry
ketone_08_c10_wE07,ketone_08_c10,ketone,8,10.0,E07,5,7,4000,3000,2053.5,1258.5,77.4,1962,1167,2147,1352,185,185,crops/ketone/ketone_08_c10/ketone_08_c10_wE07.png,7.257,33,96,pass_geometry
ketone_08_c10_wE08,ketone_08_c10,ketone,8,10.0,E08,5,8,4000,3000,2254.5,1252.5,71.4,2170,1168,2341,1339,171,171,crops/ketone/ketone_08_c10/ketone_08_c10_wE08.png,5.623,33,96,pass_geometry
ketone_08_c10_wE09,ketone_08_c10,ketone,8,10.0,E09,5,9,4000,3000,2464.5,1246.5,77.4,2373,1155,2558,1340,185,185,crops/ketone/ketone_08_c10/ketone_08_c10_wE09.png,9.666,33,96,pass_geometry
ketone_08_c10_wE10,ketone_08_c10,ketone,8,10.0,E10,5,10,4000,3000,2665.5,1237.5,73.8,2578,1150,2755,1327,177,177,crops/ketone/ketone_08_c10/ketone_08_c10_wE10.png,6.44,33,96,pass_geometry
ketone_08_c10_wE11,ketone_08_c10,ketone,8,10.0,E11,5,11,4000,3000,2869.5,1231.5,75.6,2780,1142,2961,1323,181,181,crops/ketone/ketone_08_c10/ketone_08_c10_wE11.png,7.144,33,96,pass_geometry
ketone_08_c10_wE12,ketone_08_c10,ketone,8,10.0,E12,5,12,4000,3000,3079.5,1222.5,73.5,2993,1136,3168,1311,175,175,crops/ketone/ketone_08_c10/ketone_08_c10_wE12.png,14.398,33,96,pass_geometry
ketone_08_c10_wF01,ketone_08_c10,ketone,8,10.0,F01,6,1,4000,3000,841.5,1486.5,73.8,754,1399,931,1576,177,177,crops/ketone/ketone_08_c10/ketone_08_c10_wF01.png,3.925,33,96,pass_geometry
ketone_08_c10_wF02,ketone_08_c10,ketone,8,10.0,F02,6,2,4000,3000,1048.5,1480.5,74.1,961,1393,1138,1570,177,177,crops/ketone/ketone_08_c10/ketone_08_c10_wF02.png,2.954,33,96,pass_geometry
ketone_08_c10_wF03,ketone_08_c10,ketone,8,10.0,F03,6,3,4000,3000,1246.5,1483.5,78.6,1154,1391,1341,1578,187,187,crops/ketone/ketone_08_c10/ketone_08_c10_wF03.png,9.845,33,96,pass_geometry
ketone_08_c10_wF04,ketone_08_c10,ketone,8,10.0,F04,6,4,4000,3000,1447.5,1471.5,73.8,1360,1384,1537,1561,177,177,crops/ketone/ketone_08_c10/ketone_08_c10_wF04.png,3.802,33,96,pass_geometry
ketone_08_c10_wF05,ketone_08_c10,ketone,8,10.0,F05,6,5,4000,3000,1645.5,1465.5,76.2,1556,1376,1737,1557,181,181,crops/ketone/ketone_08_c10/ketone_08_c10_wF05.png,7.11,33,96,pass_geometry
ketone_08_c10_wF06,ketone_08_c10,ketone,8,10.0,F06,6,6,4000,3000,1861.5,1462.5,79.8,1767,1367,1958,1558,191,191,crops/ketone/ketone_08_c10/ketone_08_c10_wF06.png,7.657,33,96,pass_geometry
ketone_08_c10_wF07,ketone_08_c10,ketone,8,10.0,F07,6,7,4000,3000,2053.5,1456.5,74.7,1965,1368,2144,1547,179,179,crops/ketone/ketone_08_c10/ketone_08_c10_wF07.png,4.552,33,96,pass_geometry
ketone_08_c10_wF08,ketone_08_c10,ketone,8,10.0,F08,6,8,4000,3000,2254.5,1450.5,72.6,2169,1365,2342,1538,173,173,crops/ketone/ketone_08_c10/ketone_08_c10_wF08.png,5.554,33,96,pass_geometry
ketone_08_c10_wF09,ketone_08_c10,ketone,8,10.0,F09,6,9,4000,3000,2461.5,1444.5,73.5,2375,1358,2550,1533,175,175,crops/ketone/ketone_08_c10/ketone_08_c10_wF09.png,1.187,33,96,pass_geometry
ketone_08_c10_wF10,ketone_08_c10,ketone,8,10.0,F10,6,10,4000,3000,2662.5,1441.5,77.4,2570,1350,2755,1535,185,185,crops/ketone/ketone_08_c10/ketone_08_c10_wF10.png,3.855,33,96,pass_geometry
ketone_08_c10_wF11,ketone_08_c10,ketone,8,10.0,F11,6,11,4000,3000,2872.5,1432.5,73.5,2785,1345,2960,1520,175,175,crops/ketone/ketone_08_c10/ketone_08_c10_wF11.png,4.403,33,96,pass_geometry
ketone_08_c10_wF12,ketone_08_c10,ketone,8,10.0,F12,6,12,4000,3000,3079.5,1429.5,78.9,2986,1336,3175,1525,189,189,crops/ketone/ketone_08_c10/ketone_08_c10_wF12.png,8.091,33,96,pass_geometry
ketone_08_c10_wG01,ketone_08_c10,ketone,8,10.0,G01,7,1,4000,3000,856.5,1687.5,75.9,767,1598,948,1779,181,181,crops/ketone/ketone_08_c10/ketone_08_c10_wG01.png,4.364,33,96,pass_geometry
ketone_08_c10_wG02,ketone_08_c10,ketone,8,10.0,G02,7,2,4000,3000,1054.5,1675.5,68.4,974,1595,1137,1758,163,163,crops/ketone/ketone_08_c10/ketone_08_c10_wG02.png,4.003,33,96,pass_geometry
ketone_08_c10_wG03,ketone_08_c10,ketone,8,10.0,G03,7,3,4000,3000,1255.5,1678.5,75.3,1167,1590,1346,1769,179,179,crops/ketone/ketone_08_c10/ketone_08_c10_wG03.png,4.088,33,96,pass_geometry
ketone_08_c10_wG04,ketone_08_c10,ketone,8,10.0,G04,7,4,4000,3000,1453.5,1672.5,75.6,1364,1582,1545,1763,181,181,crops/ketone/ketone_08_c10/ketone_08_c10_wG04.png,5.672,33,96,pass_geometry
ketone_08_c10_wG05,ketone_08_c10,ketone,8,10.0,G05,7,5,4000,3000,1648.5,1666.5,66.264,1570,1588,1729,1747,159,159,crops/ketone/ketone_08_c10/ketone_08_c10_wG05.png,11.943,33,96,pass_geometry
ketone_08_c10_wG06,ketone_08_c10,ketone,8,10.0,G06,7,6,4000,3000,1861.5,1660.5,72.9,1775,1574,1950,1749,175,175,crops/ketone/ketone_08_c10/ketone_08_c10_wG06.png,1.051,33,96,pass_geometry
ketone_08_c10_wG07,ketone_08_c10,ketone,8,10.0,G07,7,7,4000,3000,2065.5,1657.5,72.3,1980,1572,2153,1745,173,173,crops/ketone/ketone_08_c10/ketone_08_c10_wG07.png,2.741,33,96,pass_geometry
ketone_08_c10_wG08,ketone_08_c10,ketone,8,10.0,G08,7,8,4000,3000,2260.5,1651.5,76.2,2171,1562,2352,1743,181,181,crops/ketone/ketone_08_c10/ketone_08_c10_wG08.png,6.417,33,96,pass_geometry
ketone_08_c10_wG09,ketone_08_c10,ketone,8,10.0,G09,7,9,4000,3000,2467.5,1648.5,74.1,2380,1561,2557,1738,177,177,crops/ketone/ketone_08_c10/ketone_08_c10_wG09.png,3.75,33,96,pass_geometry
ketone_08_c10_wG10,ketone_08_c10,ketone,8,10.0,G10,7,10,4000,3000,2668.5,1636.5,77.4,2577,1545,2762,1730,185,185,crops/ketone/ketone_08_c10/ketone_08_c10_wG10.png,4.868,33,96,pass_geometry
ketone_08_c10_wG11,ketone_08_c10,ketone,8,10.0,G11,7,11,4000,3000,2875.5,1636.5,73.5,2789,1550,2964,1725,175,175,crops/ketone/ketone_08_c10/ketone_08_c10_wG11.png,1.713,33,96,pass_geometry
ketone_08_c10_wG12,ketone_08_c10,ketone,8,10.0,G12,7,12,4000,3000,3076.5,1630.5,74.7,2988,1542,3167,1721,179,179,crops/ketone/ketone_08_c10/ketone_08_c10_wG12.png,0.569,33,96,pass_geometry
ketone_08_c10_wH01,ketone_08_c10,ketone,8,10.0,H01,8,1,4000,3000,862.5,1885.5,72.3,776,1800,949,1973,173,173,crops/ketone/ketone_08_c10/ketone_08_c10_wH01.png,1.134,33,96,pass_geometry
ketone_08_c10_wH02,ketone_08_c10,ketone,8,10.0,H02,8,2,4000,3000,1066.5,1882.5,75.6,977,1792,1158,1973,181,181,crops/ketone/ketone_08_c10/ketone_08_c10_wH02.png,3.977,33,96,pass_geometry
ketone_08_c10_wH03,ketone_08_c10,ketone,8,10.0,H03,8,3,4000,3000,1264.5,1870.5,76.8,1174,1780,1357,1963,183,183,crops/ketone/ketone_08_c10/ketone_08_c10_wH03.png,4.271,33,96,pass_geometry
ketone_08_c10_wH04,ketone_08_c10,ketone,8,10.0,H04,8,4,4000,3000,1465.5,1867.5,73.8,1378,1780,1555,1957,177,177,crops/ketone/ketone_08_c10/ketone_08_c10_wH04.png,2.636,33,96,pass_geometry
ketone_08_c10_wH05,ketone_08_c10,ketone,8,10.0,H05,8,5,4000,3000,1672.5,1864.5,69.6,1589,1782,1756,1949,167,167,crops/ketone/ketone_08_c10/ketone_08_c10_wH05.png,4.341,33,96,pass_geometry
ketone_08_c10_wH06,ketone_08_c10,ketone,8,10.0,H06,8,6,4000,3000,1870.5,1855.5,72.0,1786,1771,1957,1942,171,171,crops/ketone/ketone_08_c10/ketone_08_c10_wH06.png,4.753,33,96,pass_geometry
ketone_08_c10_wH07,ketone_08_c10,ketone,8,10.0,H07,8,7,4000,3000,2071.5,1852.5,70.8,1988,1768,2157,1937,169,169,crops/ketone/ketone_08_c10/ketone_08_c10_wH07.png,2.881,33,96,pass_geometry
ketone_08_c10_wH08,ketone_08_c10,ketone,8,10.0,H08,8,8,4000,3000,2272.5,1849.5,72.6,2187,1764,2360,1937,173,173,crops/ketone/ketone_08_c10/ketone_08_c10_wH08.png,1.548,33,96,pass_geometry
ketone_08_c10_wH09,ketone_08_c10,ketone,8,10.0,H09,8,9,4000,3000,2473.5,1843.5,73.8,2386,1756,2563,1933,177,177,crops/ketone/ketone_08_c10/ketone_08_c10_wH09.png,3.115,33,96,pass_geometry
ketone_08_c10_wH10,ketone_08_c10,ketone,8,10.0,H10,8,10,4000,3000,2674.5,1840.5,70.8,2591,1757,2760,1926,169,169,crops/ketone/ketone_08_c10/ketone_08_c10_wH10.png,3.427,33,96,pass_geometry
ketone_08_c10_wH11,ketone_08_c10,ketone,8,10.0,H11,8,11,4000,3000,2875.5,1831.5,75.0,2787,1743,2966,1922,179,179,crops/ketone/ketone_08_c10/ketone_08_c10_wH11.png,6.511,33,96,pass_geometry
ketone_08_c10_wH12,ketone_08_c10,ketone,8,10.0,H12,8,12,4000,3000,3076.5,1831.5,69.9,2994,1749,3161,1916,167,167,crops/ketone/ketone_08_c10/ketone_08_c10_wH12.png,6.17,33,96,pass_geometry
