analyte,outer_fold,comparison_model,patch_id,well_id,concentration_order,actual_concentration,prediction_raw,prediction
glucose,1,Nested-selected ML,glucose_01_c0_wA06,A06,1,0.0,0.2113333333333333,0.2113333333333333
glucose,1,Nested-selected ML,glucose_01_c0_wA11,A11,1,0.0,0.09,0.09
glucose,1,Nested-selected ML,glucose_01_c0_wA12,A12,1,0.0,0.0646666666666666,0.0646666666666666
glucose,1,Nested-selected ML,glucose_01_c0_wC01,C01,1,0.0,0.4833333333333333,0.4833333333333333
glucose,1,Nested-selected ML,glucose_01_c0_wC03,C03,1,0.0,0.5566666666666666,0.5566666666666666
glucose,1,Nested-selected ML,glucose_01_c0_wC09,C09,1,0.0,0.47,0.47
glucose,1,Nested-selected ML,glucose_01_c0_wD02,D02,1,0.0,0.3666666666666666,0.3666666666666666
glucose,1,Nested-selected ML,glucose_01_c0_wD03,D03,1,0.0,0.1813333333333333,0.1813333333333333
glucose,1,Nested-selected ML,glucose_01_c0_wE02,E02,1,0.0,0.2439333333333335,0.2439333333333335
glucose,1,Nested-selected ML,glucose_01_c0_wE03,E03,1,0.0,0.69,0.69
glucose,1,Nested-selected ML,glucose_01_c0_wE08,E08,1,0.0,0.0667333333333333,0.0667333333333333
glucose,1,Nested-selected ML,glucose_01_c0_wE10,E10,1,0.0,0.2566666666666666,0.2566666666666666
glucose,1,Nested-selected ML,glucose_01_c0_wE11,E11,1,0.0,0.3253333333333335,0.3253333333333335
glucose,1,Nested-selected ML,glucose_01_c0_wF01,F01,1,0.0,0.0233333333333333,0.0233333333333333
glucose,1,Nested-selected ML,glucose_01_c0_wF12,F12,1,0.0,0.2133333333333333,0.2133333333333333
glucose,1,Nested-selected ML,glucose_01_c0_wG06,G06,1,0.0,0.1888000000000004,0.1888000000000004
glucose,1,Nested-selected ML,glucose_01_c0_wG09,G09,1,0.0,0.4466666666666666,0.4466666666666666
glucose,1,Nested-selected ML,glucose_01_c0_wG11,G11,1,0.0,0.3106666666666668,0.3106666666666668
glucose,1,Nested-selected ML,glucose_01_c0_wG12,G12,1,0.0,0.31,0.31
glucose,1,Nested-selected ML,glucose_01_c0_wH05,H05,1,0.0,0.2726666666666666,0.2726666666666666
glucose,1,Nested-selected ML,glucose_02_c0.01_wA06,A06,2,0.01,0.1184666666666667,0.1184666666666667
glucose,1,Nested-selected ML,glucose_02_c0.01_wA11,A11,2,0.01,0.0175999999999999,0.0175999999999999
glucose,1,Nested-selected ML,glucose_02_c0.01_wA12,A12,2,0.01,0.0401999999999998,0.0401999999999998
glucose,1,Nested-selected ML,glucose_02_c0.01_wC01,C01,2,0.01,0.0417333333333332,0.0417333333333332
glucose,1,Nested-selected ML,glucose_02_c0.01_wC03,C03,2,0.01,0.128,0.128
glucose,1,Nested-selected ML,glucose_02_c0.01_wC09,C09,2,0.01,0.0163999999999999,0.0163999999999999
glucose,1,Nested-selected ML,glucose_02_c0.01_wD02,D02,2,0.01,0.1206000000000001,0.1206000000000001
glucose,1,Nested-selected ML,glucose_02_c0.01_wD03,D03,2,0.01,0.0174666666666666,0.0174666666666666
glucose,1,Nested-selected ML,glucose_02_c0.01_wE02,E02,2,0.01,0.0213999999999999,0.0213999999999999
glucose,1,Nested-selected ML,glucose_02_c0.01_wE03,E03,2,0.01,0.0183999999999999,0.0183999999999999
glucose,1,Nested-selected ML,glucose_02_c0.01_wE08,E08,2,0.01,0.0708666666666665,0.0708666666666665
glucose,1,Nested-selected ML,glucose_02_c0.01_wE10,E10,2,0.01,0.013,0.013
glucose,1,Nested-selected ML,glucose_02_c0.01_wE11,E11,2,0.01,0.0143333333333333,0.0143333333333333
glucose,1,Nested-selected ML,glucose_02_c0.01_wF01,F01,2,0.01,0.0503999999999998,0.0503999999999998
glucose,1,Nested-selected ML,glucose_02_c0.01_wF12,F12,2,0.01,0.0385333333333332,0.0385333333333332
glucose,1,Nested-selected ML,glucose_02_c0.01_wG06,G06,2,0.01,0.0721999999999998,0.0721999999999998
glucose,1,Nested-selected ML,glucose_02_c0.01_wG09,G09,2,0.01,0.0112,0.0112
glucose,1,Nested-selected ML,glucose_02_c0.01_wG11,G11,2,0.01,0.0401333333333332,0.0401333333333332
glucose,1,Nested-selected ML,glucose_02_c0.01_wG12,G12,2,0.01,0.0448666666666665,0.0448666666666665
glucose,1,Nested-selected ML,glucose_02_c0.01_wH05,H05,2,0.01,0.0483999999999998,0.0483999999999998
glucose,1,Nested-selected ML,glucose_03_c0.05_wA06,A06,3,0.05,0.0633999999999999,0.0633999999999999
glucose,1,Nested-selected ML,glucose_03_c0.05_wA11,A11,3,0.05,0.3105333333333334,0.3105333333333334
glucose,1,Nested-selected ML,glucose_03_c0.05_wA12,A12,3,0.05,0.0863333333333333,0.0863333333333333
glucose,1,Nested-selected ML,glucose_03_c0.05_wC01,C01,3,0.05,0.0613999999999999,0.0613999999999999
glucose,1,Nested-selected ML,glucose_03_c0.05_wC03,C03,3,0.05,0.0506666666666665,0.0506666666666665
glucose,1,Nested-selected ML,glucose_03_c0.05_wC09,C09,3,0.05,0.0195999999999999,0.0195999999999999
glucose,1,Nested-selected ML,glucose_03_c0.05_wD02,D02,3,0.05,0.0430666666666665,0.0430666666666665
glucose,1,Nested-selected ML,glucose_03_c0.05_wD03,D03,3,0.05,0.0422666666666665,0.0422666666666665
glucose,1,Nested-selected ML,glucose_03_c0.05_wE02,E02,3,0.05,0.0489333333333332,0.0489333333333332
glucose,1,Nested-selected ML,glucose_03_c0.05_wE03,E03,3,0.05,0.1693333333333335,0.1693333333333335
glucose,1,Nested-selected ML,glucose_03_c0.05_wE08,E08,3,0.05,0.0369999999999998,0.0369999999999998
glucose,1,Nested-selected ML,glucose_03_c0.05_wE10,E10,3,0.05,0.0494666666666665,0.0494666666666665
glucose,1,Nested-selected ML,glucose_03_c0.05_wE11,E11,3,0.05,0.0787333333333332,0.0787333333333332
glucose,1,Nested-selected ML,glucose_03_c0.05_wF01,F01,3,0.05,0.0591999999999999,0.0591999999999999
glucose,1,Nested-selected ML,glucose_03_c0.05_wF12,F12,3,0.05,0.0503333333333332,0.0503333333333332
glucose,1,Nested-selected ML,glucose_03_c0.05_wG06,G06,3,0.05,0.0470666666666665,0.0470666666666665
glucose,1,Nested-selected ML,glucose_03_c0.05_wG09,G09,3,0.05,0.0927999999999999,0.0927999999999999
glucose,1,Nested-selected ML,glucose_03_c0.05_wG11,G11,3,0.05,0.0823999999999999,0.0823999999999999
glucose,1,Nested-selected ML,glucose_03_c0.05_wG12,G12,3,0.05,0.0523333333333332,0.0523333333333332
glucose,1,Nested-selected ML,glucose_03_c0.05_wH05,H05,3,0.05,0.0448666666666665,0.0448666666666665
glucose,1,Nested-selected ML,glucose_04_c0.1_wA06,A06,4,0.1,0.0943999999999999,0.0943999999999999
glucose,1,Nested-selected ML,glucose_04_c0.1_wA11,A11,4,0.1,0.2746666666666669,0.2746666666666669
glucose,1,Nested-selected ML,glucose_04_c0.1_wA12,A12,4,0.1,0.0379333333333332,0.0379333333333332
glucose,1,Nested-selected ML,glucose_04_c0.1_wC01,C01,4,0.1,0.0860666666666665,0.0860666666666665
glucose,1,Nested-selected ML,glucose_04_c0.1_wC03,C03,4,0.1,0.0873999999999997,0.0873999999999997
glucose,1,Nested-selected ML,glucose_04_c0.1_wC09,C09,4,0.1,0.3001333333333335,0.3001333333333335
glucose,1,Nested-selected ML,glucose_04_c0.1_wD02,D02,4,0.1,0.0185999999999999,0.0185999999999999
glucose,1,Nested-selected ML,glucose_04_c0.1_wD03,D03,4,0.1,0.0164666666666666,0.0164666666666666
glucose,1,Nested-selected ML,glucose_04_c0.1_wE02,E02,4,0.1,0.4716666666666668,0.4716666666666668
glucose,1,Nested-selected ML,glucose_04_c0.1_wE03,E03,4,0.1,0.0741999999999998,0.0741999999999998
glucose,1,Nested-selected ML,glucose_04_c0.1_wE08,E08,4,0.1,0.2201333333333335,0.2201333333333335
glucose,1,Nested-selected ML,glucose_04_c0.1_wE10,E10,4,0.1,0.0856666666666664,0.0856666666666664
glucose,1,Nested-selected ML,glucose_04_c0.1_wE11,E11,4,0.1,0.0801333333333331,0.0801333333333331
glucose,1,Nested-selected ML,glucose_04_c0.1_wF01,F01,4,0.1,0.1286666666666667,0.1286666666666667
glucose,1,Nested-selected ML,glucose_04_c0.1_wF12,F12,4,0.1,0.0698666666666665,0.0698666666666665
glucose,1,Nested-selected ML,glucose_04_c0.1_wG06,G06,4,0.1,0.2966666666666668,0.2966666666666668
glucose,1,Nested-selected ML,glucose_04_c0.1_wG09,G09,4,0.1,0.1888666666666672,0.1888666666666672
glucose,1,Nested-selected ML,glucose_04_c0.1_wG11,G11,4,0.1,0.0781999999999998,0.0781999999999998
glucose,1,Nested-selected ML,glucose_04_c0.1_wG12,G12,4,0.1,0.0798666666666665,0.0798666666666665
glucose,1,Nested-selected ML,glucose_04_c0.1_wH05,H05,4,0.1,0.0533333333333332,0.0533333333333332
glucose,1,Nested-selected ML,glucose_05_c0.5_wA06,A06,5,0.5,0.3233333333333333,0.3233333333333333
glucose,1,Nested-selected ML,glucose_05_c0.5_wA11,A11,5,0.5,0.5446666666666666,0.5446666666666666
glucose,1,Nested-selected ML,glucose_05_c0.5_wA12,A12,5,0.5,0.4766666666666667,0.4766666666666667
glucose,1,Nested-selected ML,glucose_05_c0.5_wC01,C01,5,0.5,0.5033333333333333,0.5033333333333333
glucose,1,Nested-selected ML,glucose_05_c0.5_wC03,C03,5,0.5,0.7133333333333334,0.7133333333333334
glucose,1,Nested-selected ML,glucose_05_c0.5_wC09,C09,5,0.5,0.7966666666666666,0.7966666666666666
glucose,1,Nested-selected ML,glucose_05_c0.5_wD02,D02,5,0.5,0.4866666666666667,0.4866666666666667
glucose,1,Nested-selected ML,glucose_05_c0.5_wD03,D03,5,0.5,0.6306666666666666,0.6306666666666666
glucose,1,Nested-selected ML,glucose_05_c0.5_wE02,E02,5,0.5,0.82,0.82
glucose,1,Nested-selected ML,glucose_05_c0.5_wE03,E03,5,0.5,0.4566666666666666,0.4566666666666666
glucose,1,Nested-selected ML,glucose_05_c0.5_wE08,E08,5,0.5,0.2573333333333333,0.2573333333333333
glucose,1,Nested-selected ML,glucose_05_c0.5_wE10,E10,5,0.5,0.43,0.43
glucose,1,Nested-selected ML,glucose_05_c0.5_wE11,E11,5,0.5,0.73,0.73
glucose,1,Nested-selected ML,glucose_05_c0.5_wF01,F01,5,0.5,0.7066666666666667,0.7066666666666667
glucose,1,Nested-selected ML,glucose_05_c0.5_wF12,F12,5,0.5,0.47,0.47
glucose,1,Nested-selected ML,glucose_05_c0.5_wG06,G06,5,0.5,0.4121999999999999,0.4121999999999999
glucose,1,Nested-selected ML,glucose_05_c0.5_wG09,G09,5,0.5,0.424,0.424
glucose,1,Nested-selected ML,glucose_05_c0.5_wG11,G11,5,0.5,0.6233333333333333,0.6233333333333333
glucose,1,Nested-selected ML,glucose_05_c0.5_wG12,G12,5,0.5,0.9766666666666668,0.9766666666666668
glucose,1,Nested-selected ML,glucose_05_c0.5_wH05,H05,5,0.5,0.3604666666666667,0.3604666666666667
glucose,1,Nested-selected ML,glucose_06_c1_wA06,A06,6,1.0,0.1670000000000003,0.1670000000000003
glucose,1,Nested-selected ML,glucose_06_c1_wA11,A11,6,1.0,0.3306666666666667,0.3306666666666667
glucose,1,Nested-selected ML,glucose_06_c1_wA12,A12,6,1.0,0.2886666666666668,0.2886666666666668
glucose,1,Nested-selected ML,glucose_06_c1_wC01,C01,6,1.0,0.5533333333333333,0.5533333333333333
glucose,1,Nested-selected ML,glucose_06_c1_wC03,C03,6,1.0,0.6066666666666667,0.6066666666666667
glucose,1,Nested-selected ML,glucose_06_c1_wC09,C09,6,1.0,0.9833333333333332,0.9833333333333332
glucose,1,Nested-selected ML,glucose_06_c1_wD02,D02,6,1.0,0.54,0.54
glucose,1,Nested-selected ML,glucose_06_c1_wD03,D03,6,1.0,0.8433333333333334,0.8433333333333334
glucose,1,Nested-selected ML,glucose_06_c1_wE02,E02,6,1.0,0.7033333333333334,0.7033333333333334
glucose,1,Nested-selected ML,glucose_06_c1_wE03,E03,6,1.0,0.8733333333333333,0.8733333333333333
glucose,1,Nested-selected ML,glucose_06_c1_wE08,E08,6,1.0,0.5023999999999998,0.5023999999999998
glucose,1,Nested-selected ML,glucose_06_c1_wE10,E10,6,1.0,0.63,0.63
glucose,1,Nested-selected ML,glucose_06_c1_wE11,E11,6,1.0,0.38,0.38
glucose,1,Nested-selected ML,glucose_06_c1_wF01,F01,6,1.0,1.0766666666666669,1.0766666666666669
glucose,1,Nested-selected ML,glucose_06_c1_wF12,F12,6,1.0,0.6006666666666667,0.6006666666666667
glucose,1,Nested-selected ML,glucose_06_c1_wG06,G06,6,1.0,0.2533333333333333,0.2533333333333333
glucose,1,Nested-selected ML,glucose_06_c1_wG09,G09,6,1.0,0.5633333333333334,0.5633333333333334
glucose,1,Nested-selected ML,glucose_06_c1_wG11,G11,6,1.0,0.63,0.63
glucose,1,Nested-selected ML,glucose_06_c1_wG12,G12,6,1.0,0.8066666666666666,0.8066666666666666
glucose,1,Nested-selected ML,glucose_06_c1_wH05,H05,6,1.0,0.8726666666666665,0.8726666666666665
glucose,1,Nested-selected ML,glucose_07_c2.5_wA06,A06,7,2.5,2.5,2.5
glucose,1,Nested-selected ML,glucose_07_c2.5_wA11,A11,7,2.5,2.486666666666667,2.486666666666667
glucose,1,Nested-selected ML,glucose_07_c2.5_wA12,A12,7,2.5,2.4833333333333334,2.4833333333333334
glucose,1,Nested-selected ML,glucose_07_c2.5_wC01,C01,7,2.5,2.7333333333333334,2.7333333333333334
glucose,1,Nested-selected ML,glucose_07_c2.5_wC03,C03,7,2.5,2.5,2.5
glucose,1,Nested-selected ML,glucose_07_c2.5_wC09,C09,7,2.5,2.5,2.5
glucose,1,Nested-selected ML,glucose_07_c2.5_wD02,D02,7,2.5,4.8,4.8
glucose,1,Nested-selected ML,glucose_07_c2.5_wD03,D03,7,2.5,2.5,2.5
glucose,1,Nested-selected ML,glucose_07_c2.5_wE02,E02,7,2.5,2.5,2.5
glucose,1,Nested-selected ML,glucose_07_c2.5_wE03,E03,7,2.5,2.5,2.5
glucose,1,Nested-selected ML,glucose_07_c2.5_wE08,E08,7,2.5,2.5,2.5
glucose,1,Nested-selected ML,glucose_07_c2.5_wE10,E10,7,2.5,2.5,2.5
glucose,1,Nested-selected ML,glucose_07_c2.5_wE11,E11,7,2.5,2.5,2.5
glucose,1,Nested-selected ML,glucose_07_c2.5_wF01,F01,7,2.5,2.5,2.5
glucose,1,Nested-selected ML,glucose_07_c2.5_wF12,F12,7,2.5,2.5,2.5
glucose,1,Nested-selected ML,glucose_07_c2.5_wG06,G06,7,2.5,2.5,2.5
glucose,1,Nested-selected ML,glucose_07_c2.5_wG09,G09,7,2.5,2.5,2.5
glucose,1,Nested-selected ML,glucose_07_c2.5_wG11,G11,7,2.5,2.5,2.5
glucose,1,Nested-selected ML,glucose_07_c2.5_wG12,G12,7,2.5,2.473333333333333,2.473333333333333
glucose,1,Nested-selected ML,glucose_07_c2.5_wH05,H05,7,2.5,2.5,2.5
glucose,1,Nested-selected ML,glucose_08_c5_wA06,A06,8,5.0,5.0,5.0
glucose,1,Nested-selected ML,glucose_08_c5_wA11,A11,8,5.0,5.0,5.0
glucose,1,Nested-selected ML,glucose_08_c5_wA12,A12,8,5.0,4.716666666666667,4.716666666666667
glucose,1,Nested-selected ML,glucose_08_c5_wC01,C01,8,5.0,4.983333333333333,4.983333333333333
glucose,1,Nested-selected ML,glucose_08_c5_wC03,C03,8,5.0,5.0,5.0
glucose,1,Nested-selected ML,glucose_08_c5_wC09,C09,8,5.0,5.0,5.0
glucose,1,Nested-selected ML,glucose_08_c5_wD02,D02,8,5.0,5.0,5.0
glucose,1,Nested-selected ML,glucose_08_c5_wD03,D03,8,5.0,5.0,5.0
glucose,1,Nested-selected ML,glucose_08_c5_wE02,E02,8,5.0,5.0,5.0
glucose,1,Nested-selected ML,glucose_08_c5_wE03,E03,8,5.0,5.0,5.0
glucose,1,Nested-selected ML,glucose_08_c5_wE08,E08,8,5.0,5.0,5.0
glucose,1,Nested-selected ML,glucose_08_c5_wE10,E10,8,5.0,5.0,5.0
glucose,1,Nested-selected ML,glucose_08_c5_wE11,E11,8,5.0,5.0,5.0
glucose,1,Nested-selected ML,glucose_08_c5_wF01,F01,8,5.0,5.0,5.0
glucose,1,Nested-selected ML,glucose_08_c5_wF12,F12,8,5.0,5.066666666666666,5.066666666666666
glucose,1,Nested-selected ML,glucose_08_c5_wG06,G06,8,5.0,5.0,5.0
glucose,1,Nested-selected ML,glucose_08_c5_wG09,G09,8,5.0,5.0,5.0
glucose,1,Nested-selected ML,glucose_08_c5_wG11,G11,8,5.0,5.1,5.1
glucose,1,Nested-selected ML,glucose_08_c5_wG12,G12,8,5.0,5.1,5.1
glucose,1,Nested-selected ML,glucose_08_c5_wH05,H05,8,5.0,4.916666666666667,4.916666666666667
glucose,1,Nested-selected ML,glucose_09_c10_wA06,A06,9,10.0,15.733333333333333,15.733333333333333
glucose,1,Nested-selected ML,glucose_09_c10_wA11,A11,9,10.0,10.0,10.0
glucose,1,Nested-selected ML,glucose_09_c10_wA12,A12,9,10.0,10.0,10.0
glucose,1,Nested-selected ML,glucose_09_c10_wC01,C01,9,10.0,10.033333333333331,10.033333333333331
glucose,1,Nested-selected ML,glucose_09_c10_wC03,C03,9,10.0,10.066666666666666,10.066666666666666
glucose,1,Nested-selected ML,glucose_09_c10_wC09,C09,9,10.0,11.766666666666667,11.766666666666667
glucose,1,Nested-selected ML,glucose_09_c10_wD02,D02,9,10.0,10.066666666666666,10.066666666666666
glucose,1,Nested-selected ML,glucose_09_c10_wD03,D03,9,10.0,10.7,10.7
glucose,1,Nested-selected ML,glucose_09_c10_wE02,E02,9,10.0,10.066666666666666,10.066666666666666
glucose,1,Nested-selected ML,glucose_09_c10_wE03,E03,9,10.0,11.366666666666667,11.366666666666667
glucose,1,Nested-selected ML,glucose_09_c10_wE08,E08,9,10.0,10.066666666666666,10.066666666666666
glucose,1,Nested-selected ML,glucose_09_c10_wE10,E10,9,10.0,10.033333333333331,10.033333333333331
glucose,1,Nested-selected ML,glucose_09_c10_wE11,E11,9,10.0,10.1,10.1
glucose,1,Nested-selected ML,glucose_09_c10_wF01,F01,9,10.0,10.133333333333333,10.133333333333333
glucose,1,Nested-selected ML,glucose_09_c10_wF12,F12,9,10.0,10.0,10.0
glucose,1,Nested-selected ML,glucose_09_c10_wG06,G06,9,10.0,10.733333333333333,10.733333333333333
glucose,1,Nested-selected ML,glucose_09_c10_wG09,G09,9,10.0,14.966666666666669,14.966666666666669
glucose,1,Nested-selected ML,glucose_09_c10_wG11,G11,9,10.0,10.5,10.5
glucose,1,Nested-selected ML,glucose_09_c10_wG12,G12,9,10.0,10.0,10.0
glucose,1,Nested-selected ML,glucose_09_c10_wH05,H05,9,10.0,10.0,10.0
glucose,1,Nested-selected ML,glucose_10_c15_wA06,A06,10,15.0,15.233333333333333,15.233333333333333
glucose,1,Nested-selected ML,glucose_10_c15_wA11,A11,10,15.0,14.166666666666666,14.166666666666666
glucose,1,Nested-selected ML,glucose_10_c15_wA12,A12,10,15.0,19.633333333333333,19.633333333333333
glucose,1,Nested-selected ML,glucose_10_c15_wC01,C01,10,15.0,15.3,15.3
glucose,1,Nested-selected ML,glucose_10_c15_wC03,C03,10,15.0,15.033333333333331,15.033333333333331
glucose,1,Nested-selected ML,glucose_10_c15_wC09,C09,10,15.0,15.133333333333333,15.133333333333333
glucose,1,Nested-selected ML,glucose_10_c15_wD02,D02,10,15.0,12.766666666666667,12.766666666666667
glucose,1,Nested-selected ML,glucose_10_c15_wD03,D03,10,15.0,14.633333333333333,14.633333333333333
glucose,1,Nested-selected ML,glucose_10_c15_wE02,E02,10,15.0,14.866666666666667,14.866666666666667
glucose,1,Nested-selected ML,glucose_10_c15_wE03,E03,10,15.0,14.566666666666666,14.566666666666666
glucose,1,Nested-selected ML,glucose_10_c15_wE08,E08,10,15.0,15.1,15.1
glucose,1,Nested-selected ML,glucose_10_c15_wE10,E10,10,15.0,13.866666666666667,13.866666666666667
glucose,1,Nested-selected ML,glucose_10_c15_wE11,E11,10,15.0,15.933333333333334,15.933333333333334
glucose,1,Nested-selected ML,glucose_10_c15_wF01,F01,10,15.0,16.6,16.6
glucose,1,Nested-selected ML,glucose_10_c15_wF12,F12,10,15.0,19.73333333333333,19.73333333333333
glucose,1,Nested-selected ML,glucose_10_c15_wG06,G06,10,15.0,15.166666666666666,15.166666666666666
glucose,1,Nested-selected ML,glucose_10_c15_wG09,G09,10,15.0,15.066666666666666,15.066666666666666
glucose,1,Nested-selected ML,glucose_10_c15_wG11,G11,10,15.0,15.0,15.0
glucose,1,Nested-selected ML,glucose_10_c15_wG12,G12,10,15.0,17.466666666666665,17.466666666666665
glucose,1,Nested-selected ML,glucose_10_c15_wH05,H05,10,15.0,14.966666666666669,14.966666666666669
glucose,1,Nested-selected ML,glucose_11_c20_wA06,A06,11,20.0,17.7,17.7
glucose,1,Nested-selected ML,glucose_11_c20_wA11,A11,11,20.0,18.633333333333333,18.633333333333333
glucose,1,Nested-selected ML,glucose_11_c20_wA12,A12,11,20.0,18.216666666666665,18.216666666666665
glucose,1,Nested-selected ML,glucose_11_c20_wC01,C01,11,20.0,19.666666666666668,19.666666666666668
glucose,1,Nested-selected ML,glucose_11_c20_wC03,C03,11,20.0,19.03333333333333,19.03333333333333
glucose,1,Nested-selected ML,glucose_11_c20_wC09,C09,11,20.0,18.83333333333333,18.83333333333333
glucose,1,Nested-selected ML,glucose_11_c20_wD02,D02,11,20.0,20.0,20.0
glucose,1,Nested-selected ML,glucose_11_c20_wD03,D03,11,20.0,19.466666666666665,19.466666666666665
glucose,1,Nested-selected ML,glucose_11_c20_wE02,E02,11,20.0,18.966666666666665,18.966666666666665
glucose,1,Nested-selected ML,glucose_11_c20_wE03,E03,11,20.0,19.2,19.2
glucose,1,Nested-selected ML,glucose_11_c20_wE08,E08,11,20.0,19.933333333333334,19.933333333333334
glucose,1,Nested-selected ML,glucose_11_c20_wE10,E10,11,20.0,20.0,20.0
glucose,1,Nested-selected ML,glucose_11_c20_wE11,E11,11,20.0,19.53333333333333,19.53333333333333
glucose,1,Nested-selected ML,glucose_11_c20_wF01,F01,11,20.0,18.133333333333333,18.133333333333333
glucose,1,Nested-selected ML,glucose_11_c20_wF12,F12,11,20.0,20.0,20.0
glucose,1,Nested-selected ML,glucose_11_c20_wG06,G06,11,20.0,20.0,20.0
glucose,1,Nested-selected ML,glucose_11_c20_wG09,G09,11,20.0,20.0,20.0
glucose,1,Nested-selected ML,glucose_11_c20_wG11,G11,11,20.0,19.9,19.9
glucose,1,Nested-selected ML,glucose_11_c20_wG12,G12,11,20.0,19.7,19.7
glucose,1,Nested-selected ML,glucose_11_c20_wH05,H05,11,20.0,16.4,16.4
glucose,2,Nested-selected ML,glucose_01_c0_wA04,A04,1,0.0,0.8066666666666666,0.8066666666666666
glucose,2,Nested-selected ML,glucose_01_c0_wB04,B04,1,0.0,0.7133333333333334,0.7133333333333334
glucose,2,Nested-selected ML,glucose_01_c0_wB08,B08,1,0.0,0.2966666666666667,0.2966666666666667
glucose,2,Nested-selected ML,glucose_01_c0_wB10,B10,1,0.0,0.24,0.24
glucose,2,Nested-selected ML,glucose_01_c0_wB12,B12,1,0.0,0.1861333333333337,0.1861333333333337
glucose,2,Nested-selected ML,glucose_01_c0_wC04,C04,1,0.0,0.0746666666666665,0.0746666666666665
glucose,2,Nested-selected ML,glucose_01_c0_wC08,C08,1,0.0,0.0737999999999999,0.0737999999999999
glucose,2,Nested-selected ML,glucose_01_c0_wC12,C12,1,0.0,0.1533333333333333,0.1533333333333333
glucose,2,Nested-selected ML,glucose_01_c0_wD07,D07,1,0.0,0.59,0.59
glucose,2,Nested-selected ML,glucose_01_c0_wE07,E07,1,0.0,0.39,0.39
glucose,2,Nested-selected ML,glucose_01_c0_wF02,F02,1,0.0,0.8233333333333334,0.8233333333333334
glucose,2,Nested-selected ML,glucose_01_c0_wF05,F05,1,0.0,0.6446666666666662,0.6446666666666662
glucose,2,Nested-selected ML,glucose_01_c0_wF06,F06,1,0.0,0.2392666666666669,0.2392666666666669
glucose,2,Nested-selected ML,glucose_01_c0_wF10,F10,1,0.0,0.7493333333333332,0.7493333333333332
glucose,2,Nested-selected ML,glucose_01_c0_wG03,G03,1,0.0,0.3127333333333335,0.3127333333333335
glucose,2,Nested-selected ML,glucose_01_c0_wH01,H01,1,0.0,0.5866666666666667,0.5866666666666667
glucose,2,Nested-selected ML,glucose_01_c0_wH02,H02,1,0.0,0.316,0.316
glucose,2,Nested-selected ML,glucose_01_c0_wH04,H04,1,0.0,0.5640666666666667,0.5640666666666667
glucose,2,Nested-selected ML,glucose_01_c0_wH06,H06,1,0.0,0.3294000000000003,0.3294000000000003
glucose,2,Nested-selected ML,glucose_02_c0.01_wA04,A04,2,0.01,0.0265333333333332,0.0265333333333332
glucose,2,Nested-selected ML,glucose_02_c0.01_wB04,B04,2,0.01,0.0228666666666665,0.0228666666666665
glucose,2,Nested-selected ML,glucose_02_c0.01_wB08,B08,2,0.01,0.0229999999999999,0.0229999999999999
glucose,2,Nested-selected ML,glucose_02_c0.01_wB10,B10,2,0.01,0.0201999999999999,0.0201999999999999
glucose,2,Nested-selected ML,glucose_02_c0.01_wB12,B12,2,0.01,0.063,0.063
glucose,2,Nested-selected ML,glucose_02_c0.01_wC04,C04,2,0.01,0.0299999999999999,0.0299999999999999
glucose,2,Nested-selected ML,glucose_02_c0.01_wC08,C08,2,0.01,0.0175999999999999,0.0175999999999999
glucose,2,Nested-selected ML,glucose_02_c0.01_wC12,C12,2,0.01,0.0394666666666665,0.0394666666666665
glucose,2,Nested-selected ML,glucose_02_c0.01_wD07,D07,2,0.01,0.0345999999999998,0.0345999999999998
glucose,2,Nested-selected ML,glucose_02_c0.01_wE07,E07,2,0.01,0.0136,0.0136
glucose,2,Nested-selected ML,glucose_02_c0.01_wF02,F02,2,0.01,0.0721999999999998,0.0721999999999998
glucose,2,Nested-selected ML,glucose_02_c0.01_wF05,F05,2,0.01,0.0168666666666666,0.0168666666666666
glucose,2,Nested-selected ML,glucose_02_c0.01_wF06,F06,2,0.01,0.0707333333333331,0.0707333333333331
glucose,2,Nested-selected ML,glucose_02_c0.01_wF10,F10,2,0.01,0.0157999999999999,0.0157999999999999
glucose,2,Nested-selected ML,glucose_02_c0.01_wG03,G03,2,0.01,0.0905999999999997,0.0905999999999997
glucose,2,Nested-selected ML,glucose_02_c0.01_wH01,H01,2,0.01,0.0386666666666665,0.0386666666666665
glucose,2,Nested-selected ML,glucose_02_c0.01_wH02,H02,2,0.01,0.6366666666666667,0.6366666666666667
glucose,2,Nested-selected ML,glucose_02_c0.01_wH04,H04,2,0.01,0.0141999999999999,0.0141999999999999
glucose,2,Nested-selected ML,glucose_02_c0.01_wH06,H06,2,0.01,0.0783999999999998,0.0783999999999998
glucose,2,Nested-selected ML,glucose_03_c0.05_wA04,A04,3,0.05,0.0465999999999998,0.0465999999999998
glucose,2,Nested-selected ML,glucose_03_c0.05_wB04,B04,3,0.05,0.0532666666666665,0.0532666666666665
glucose,2,Nested-selected ML,glucose_03_c0.05_wB08,B08,3,0.05,0.0377999999999998,0.0377999999999998
glucose,2,Nested-selected ML,glucose_03_c0.05_wB10,B10,3,0.05,0.0459999999999998,0.0459999999999998
glucose,2,Nested-selected ML,glucose_03_c0.05_wB12,B12,3,0.05,0.0499999999999998,0.0499999999999998
glucose,2,Nested-selected ML,glucose_03_c0.05_wC04,C04,3,0.05,0.0497333333333332,0.0497333333333332
glucose,2,Nested-selected ML,glucose_03_c0.05_wC08,C08,3,0.05,0.0325999999999999,0.0325999999999999
glucose,2,Nested-selected ML,glucose_03_c0.05_wC12,C12,3,0.05,0.0509333333333332,0.0509333333333332
glucose,2,Nested-selected ML,glucose_03_c0.05_wD07,D07,3,0.05,0.0457333333333332,0.0457333333333332
glucose,2,Nested-selected ML,glucose_03_c0.05_wE07,E07,3,0.05,0.0678666666666666,0.0678666666666666
glucose,2,Nested-selected ML,glucose_03_c0.05_wF02,F02,3,0.05,0.0882666666666665,0.0882666666666665
glucose,2,Nested-selected ML,glucose_03_c0.05_wF05,F05,3,0.05,0.0270666666666665,0.0270666666666665
glucose,2,Nested-selected ML,glucose_03_c0.05_wF06,F06,3,0.05,0.0481333333333332,0.0481333333333332
glucose,2,Nested-selected ML,glucose_03_c0.05_wF10,F10,3,0.05,0.0495999999999998,0.0495999999999998
glucose,2,Nested-selected ML,glucose_03_c0.05_wG03,G03,3,0.05,0.0507333333333332,0.0507333333333332
glucose,2,Nested-selected ML,glucose_03_c0.05_wH01,H01,3,0.05,0.0432666666666665,0.0432666666666665
glucose,2,Nested-selected ML,glucose_03_c0.05_wH02,H02,3,0.05,0.0705999999999998,0.0705999999999998
glucose,2,Nested-selected ML,glucose_03_c0.05_wH04,H04,3,0.05,0.0472666666666665,0.0472666666666665
glucose,2,Nested-selected ML,glucose_03_c0.05_wH06,H06,3,0.05,0.0325333333333332,0.0325333333333332
glucose,2,Nested-selected ML,glucose_04_c0.1_wA04,A04,4,0.1,0.0906666666666664,0.0906666666666664
glucose,2,Nested-selected ML,glucose_04_c0.1_wB04,B04,4,0.1,0.0326666666666666,0.0326666666666666
glucose,2,Nested-selected ML,glucose_04_c0.1_wB08,B08,4,0.1,0.2990000000000006,0.2990000000000006
glucose,2,Nested-selected ML,glucose_04_c0.1_wB10,B10,4,0.1,0.2000666666666672,0.2000666666666672
glucose,2,Nested-selected ML,glucose_04_c0.1_wB12,B12,4,0.1,0.3800000000000005,0.3800000000000005
glucose,2,Nested-selected ML,glucose_04_c0.1_wC04,C04,4,0.1,0.0813333333333332,0.0813333333333332
glucose,2,Nested-selected ML,glucose_04_c0.1_wC08,C08,4,0.1,0.0901333333333332,0.0901333333333332
glucose,2,Nested-selected ML,glucose_04_c0.1_wC12,C12,4,0.1,0.0601999999999998,0.0601999999999998
glucose,2,Nested-selected ML,glucose_04_c0.1_wD07,D07,4,0.1,0.0264666666666665,0.0264666666666665
glucose,2,Nested-selected ML,glucose_04_c0.1_wE07,E07,4,0.1,0.0673333333333332,0.0673333333333332
glucose,2,Nested-selected ML,glucose_04_c0.1_wF02,F02,4,0.1,0.032,0.032
glucose,2,Nested-selected ML,glucose_04_c0.1_wF05,F05,4,0.1,0.1059999999999997,0.1059999999999997
glucose,2,Nested-selected ML,glucose_04_c0.1_wF06,F06,4,0.1,0.0919999999999998,0.0919999999999998
glucose,2,Nested-selected ML,glucose_04_c0.1_wF10,F10,4,0.1,0.1053999999999997,0.1053999999999997
glucose,2,Nested-selected ML,glucose_04_c0.1_wG03,G03,4,0.1,0.0592666666666665,0.0592666666666665
glucose,2,Nested-selected ML,glucose_04_c0.1_wH01,H01,4,0.1,0.0881333333333332,0.0881333333333332
glucose,2,Nested-selected ML,glucose_04_c0.1_wH02,H02,4,0.1,0.4700000000000002,0.4700000000000002
glucose,2,Nested-selected ML,glucose_04_c0.1_wH04,H04,4,0.1,0.0309999999999999,0.0309999999999999
glucose,2,Nested-selected ML,glucose_04_c0.1_wH06,H06,4,0.1,0.1360000000000001,0.1360000000000001
glucose,2,Nested-selected ML,glucose_05_c0.5_wA04,A04,5,0.5,0.4866666666666667,0.4866666666666667
glucose,2,Nested-selected ML,glucose_05_c0.5_wB04,B04,5,0.5,0.53,0.53
glucose,2,Nested-selected ML,glucose_05_c0.5_wB08,B08,5,0.5,0.54,0.54
glucose,2,Nested-selected ML,glucose_05_c0.5_wB10,B10,5,0.5,0.46,0.46
glucose,2,Nested-selected ML,glucose_05_c0.5_wB12,B12,5,0.5,0.2633333333333333,0.2633333333333333
glucose,2,Nested-selected ML,glucose_05_c0.5_wC04,C04,5,0.5,0.5,0.5
glucose,2,Nested-selected ML,glucose_05_c0.5_wC08,C08,5,0.5,0.5266666666666666,0.5266666666666666
glucose,2,Nested-selected ML,glucose_05_c0.5_wC12,C12,5,0.5,0.5253333333333333,0.5253333333333333
glucose,2,Nested-selected ML,glucose_05_c0.5_wD07,D07,5,0.5,0.5666666666666667,0.5666666666666667
glucose,2,Nested-selected ML,glucose_05_c0.5_wE07,E07,5,0.5,0.8333333333333334,0.8333333333333334
glucose,2,Nested-selected ML,glucose_05_c0.5_wF02,F02,5,0.5,0.52,0.52
glucose,2,Nested-selected ML,glucose_05_c0.5_wF05,F05,5,0.5,0.6033333333333334,0.6033333333333334
glucose,2,Nested-selected ML,glucose_05_c0.5_wF06,F06,5,0.5,0.1862,0.1862
glucose,2,Nested-selected ML,glucose_05_c0.5_wF10,F10,5,0.5,0.4966666666666666,0.4966666666666666
glucose,2,Nested-selected ML,glucose_05_c0.5_wG03,G03,5,0.5,0.7833333333333333,0.7833333333333333
glucose,2,Nested-selected ML,glucose_05_c0.5_wH01,H01,5,0.5,0.1873333333333333,0.1873333333333333
glucose,2,Nested-selected ML,glucose_05_c0.5_wH02,H02,5,0.5,0.4860666666666666,0.4860666666666666
glucose,2,Nested-selected ML,glucose_05_c0.5_wH04,H04,5,0.5,0.5394,0.5394
glucose,2,Nested-selected ML,glucose_05_c0.5_wH06,H06,5,0.5,0.3586666666666669,0.3586666666666669
glucose,2,Nested-selected ML,glucose_06_c1_wA04,A04,6,1.0,0.8,0.8
glucose,2,Nested-selected ML,glucose_06_c1_wB04,B04,6,1.0,0.5473333333333333,0.5473333333333333
glucose,2,Nested-selected ML,glucose_06_c1_wB08,B08,6,1.0,0.4070666666666667,0.4070666666666667
glucose,2,Nested-selected ML,glucose_06_c1_wB10,B10,6,1.0,0.8373333333333333,0.8373333333333333
glucose,2,Nested-selected ML,glucose_06_c1_wB12,B12,6,1.0,0.8,0.8
glucose,2,Nested-selected ML,glucose_06_c1_wC04,C04,6,1.0,0.7033333333333334,0.7033333333333334
glucose,2,Nested-selected ML,glucose_06_c1_wC08,C08,6,1.0,0.5427333333333331,0.5427333333333331
glucose,2,Nested-selected ML,glucose_06_c1_wC12,C12,6,1.0,0.0709999999999999,0.0709999999999999
glucose,2,Nested-selected ML,glucose_06_c1_wD07,D07,6,1.0,0.75,0.75
glucose,2,Nested-selected ML,glucose_06_c1_wE07,E07,6,1.0,0.5259999999999999,0.5259999999999999
glucose,2,Nested-selected ML,glucose_06_c1_wF02,F02,6,1.0,0.44,0.44
glucose,2,Nested-selected ML,glucose_06_c1_wF05,F05,6,1.0,0.67,0.67
glucose,2,Nested-selected ML,glucose_06_c1_wF06,F06,6,1.0,0.9066666666666666,0.9066666666666666
glucose,2,Nested-selected ML,glucose_06_c1_wF10,F10,6,1.0,0.6166666666666667,0.6166666666666667
glucose,2,Nested-selected ML,glucose_06_c1_wG03,G03,6,1.0,0.75,0.75
glucose,2,Nested-selected ML,glucose_06_c1_wH01,H01,6,1.0,0.9433333333333334,0.9433333333333334
glucose,2,Nested-selected ML,glucose_06_c1_wH02,H02,6,1.0,0.66,0.66
glucose,2,Nested-selected ML,glucose_06_c1_wH04,H04,6,1.0,0.49,0.49
glucose,2,Nested-selected ML,glucose_06_c1_wH06,H06,6,1.0,0.5912,0.5912
glucose,2,Nested-selected ML,glucose_07_c2.5_wA04,A04,7,2.5,2.5,2.5
glucose,2,Nested-selected ML,glucose_07_c2.5_wB04,B04,7,2.5,2.5,2.5
glucose,2,Nested-selected ML,glucose_07_c2.5_wB08,B08,7,2.5,2.8,2.8
glucose,2,Nested-selected ML,glucose_07_c2.5_wB10,B10,7,2.5,2.5,2.5
glucose,2,Nested-selected ML,glucose_07_c2.5_wB12,B12,7,2.5,2.5,2.5
glucose,2,Nested-selected ML,glucose_07_c2.5_wC04,C04,7,2.5,2.5,2.5
glucose,2,Nested-selected ML,glucose_07_c2.5_wC08,C08,7,2.5,2.5,2.5
glucose,2,Nested-selected ML,glucose_07_c2.5_wC12,C12,7,2.5,2.5,2.5
glucose,2,Nested-selected ML,glucose_07_c2.5_wD07,D07,7,2.5,2.5,2.5
glucose,2,Nested-selected ML,glucose_07_c2.5_wE07,E07,7,2.5,2.5,2.5
glucose,2,Nested-selected ML,glucose_07_c2.5_wF02,F02,7,2.5,2.5166666666666666,2.5166666666666666
glucose,2,Nested-selected ML,glucose_07_c2.5_wF05,F05,7,2.5,2.5,2.5
glucose,2,Nested-selected ML,glucose_07_c2.5_wF06,F06,7,2.5,2.5,2.5
glucose,2,Nested-selected ML,glucose_07_c2.5_wF10,F10,7,2.5,2.5,2.5
glucose,2,Nested-selected ML,glucose_07_c2.5_wG03,G03,7,2.5,2.5,2.5
glucose,2,Nested-selected ML,glucose_07_c2.5_wH01,H01,7,2.5,2.5,2.5
glucose,2,Nested-selected ML,glucose_07_c2.5_wH02,H02,7,2.5,2.5,2.5
glucose,2,Nested-selected ML,glucose_07_c2.5_wH04,H04,7,2.5,2.5,2.5
glucose,2,Nested-selected ML,glucose_07_c2.5_wH06,H06,7,2.5,2.5,2.5
glucose,2,Nested-selected ML,glucose_08_c5_wA04,A04,8,5.0,5.0,5.0
glucose,2,Nested-selected ML,glucose_08_c5_wB04,B04,8,5.0,5.0,5.0
glucose,2,Nested-selected ML,glucose_08_c5_wB08,B08,8,5.0,6.0,6.0
glucose,2,Nested-selected ML,glucose_08_c5_wB10,B10,8,5.0,5.2,5.2
glucose,2,Nested-selected ML,glucose_08_c5_wB12,B12,8,5.0,4.966666666666667,4.966666666666667
glucose,2,Nested-selected ML,glucose_08_c5_wC04,C04,8,5.0,5.0,5.0
glucose,2,Nested-selected ML,glucose_08_c5_wC08,C08,8,5.0,5.15,5.15
glucose,2,Nested-selected ML,glucose_08_c5_wC12,C12,8,5.0,5.3,5.3
glucose,2,Nested-selected ML,glucose_08_c5_wD07,D07,8,5.0,5.0,5.0
glucose,2,Nested-selected ML,glucose_08_c5_wE07,E07,8,5.0,5.0,5.0
glucose,2,Nested-selected ML,glucose_08_c5_wF02,F02,8,5.0,5.0,5.0
glucose,2,Nested-selected ML,glucose_08_c5_wF05,F05,8,5.0,4.913333333333333,4.913333333333333
glucose,2,Nested-selected ML,glucose_08_c5_wF06,F06,8,5.0,5.2,5.2
glucose,2,Nested-selected ML,glucose_08_c5_wF10,F10,8,5.0,5.0,5.0
glucose,2,Nested-selected ML,glucose_08_c5_wG03,G03,8,5.0,5.0,5.0
glucose,2,Nested-selected ML,glucose_08_c5_wH01,H01,8,5.0,4.866666666666666,4.866666666666666
glucose,2,Nested-selected ML,glucose_08_c5_wH02,H02,8,5.0,5.0,5.0
glucose,2,Nested-selected ML,glucose_08_c5_wH04,H04,8,5.0,5.0,5.0
glucose,2,Nested-selected ML,glucose_08_c5_wH06,H06,8,5.0,5.0,5.0
glucose,2,Nested-selected ML,glucose_09_c10_wA04,A04,9,10.0,10.966666666666669,10.966666666666669
glucose,2,Nested-selected ML,glucose_09_c10_wB04,B04,9,10.0,10.0,10.0
glucose,2,Nested-selected ML,glucose_09_c10_wB08,B08,9,10.0,10.2,10.2
glucose,2,Nested-selected ML,glucose_09_c10_wB10,B10,9,10.0,11.966666666666669,11.966666666666669
glucose,2,Nested-selected ML,glucose_09_c10_wB12,B12,9,10.0,10.0,10.0
glucose,2,Nested-selected ML,glucose_09_c10_wC04,C04,9,10.0,10.066666666666666,10.066666666666666
glucose,2,Nested-selected ML,glucose_09_c10_wC08,C08,9,10.0,10.066666666666666,10.066666666666666
glucose,2,Nested-selected ML,glucose_09_c10_wC12,C12,9,10.0,11.4,11.4
glucose,2,Nested-selected ML,glucose_09_c10_wD07,D07,9,10.0,10.0,10.0
glucose,2,Nested-selected ML,glucose_09_c10_wE07,E07,9,10.0,10.0,10.0
glucose,2,Nested-selected ML,glucose_09_c10_wF02,F02,9,10.0,10.0,10.0
glucose,2,Nested-selected ML,glucose_09_c10_wF05,F05,9,10.0,10.066666666666666,10.066666666666666
glucose,2,Nested-selected ML,glucose_09_c10_wF06,F06,9,10.0,10.0,10.0
glucose,2,Nested-selected ML,glucose_09_c10_wF10,F10,9,10.0,12.233333333333333,12.233333333333333
glucose,2,Nested-selected ML,glucose_09_c10_wG03,G03,9,10.0,10.0,10.0
glucose,2,Nested-selected ML,glucose_09_c10_wH01,H01,9,10.0,10.0,10.0
glucose,2,Nested-selected ML,glucose_09_c10_wH02,H02,9,10.0,10.0,10.0
glucose,2,Nested-selected ML,glucose_09_c10_wH04,H04,9,10.0,10.0,10.0
glucose,2,Nested-selected ML,glucose_09_c10_wH06,H06,9,10.0,10.0,10.0
glucose,2,Nested-selected ML,glucose_10_c15_wA04,A04,10,15.0,12.033333333333331,12.033333333333331
glucose,2,Nested-selected ML,glucose_10_c15_wB04,B04,10,15.0,15.333333333333334,15.333333333333334
glucose,2,Nested-selected ML,glucose_10_c15_wB08,B08,10,15.0,16.1,16.1
glucose,2,Nested-selected ML,glucose_10_c15_wB10,B10,10,15.0,16.2,16.2
glucose,2,Nested-selected ML,glucose_10_c15_wB12,B12,10,15.0,16.8,16.8
glucose,2,Nested-selected ML,glucose_10_c15_wC04,C04,10,15.0,14.266666666666667,14.266666666666667
glucose,2,Nested-selected ML,glucose_10_c15_wC08,C08,10,15.0,16.9,16.9
glucose,2,Nested-selected ML,glucose_10_c15_wC12,C12,10,15.0,14.466666666666669,14.466666666666669
glucose,2,Nested-selected ML,glucose_10_c15_wD07,D07,10,15.0,15.066666666666666,15.066666666666666
glucose,2,Nested-selected ML,glucose_10_c15_wE07,E07,10,15.0,14.933333333333334,14.933333333333334
glucose,2,Nested-selected ML,glucose_10_c15_wF02,F02,10,15.0,14.4,14.4
glucose,2,Nested-selected ML,glucose_10_c15_wF05,F05,10,15.0,15.633333333333333,15.633333333333333
glucose,2,Nested-selected ML,glucose_10_c15_wF06,F06,10,15.0,18.83333333333333,18.83333333333333
glucose,2,Nested-selected ML,glucose_10_c15_wF10,F10,10,15.0,14.833333333333334,14.833333333333334
glucose,2,Nested-selected ML,glucose_10_c15_wG03,G03,10,15.0,14.033333333333331,14.033333333333331
glucose,2,Nested-selected ML,glucose_10_c15_wH01,H01,10,15.0,11.866666666666667,11.866666666666667
glucose,2,Nested-selected ML,glucose_10_c15_wH02,H02,10,15.0,15.0,15.0
glucose,2,Nested-selected ML,glucose_10_c15_wH04,H04,10,15.0,13.566666666666666,13.566666666666666
glucose,2,Nested-selected ML,glucose_10_c15_wH06,H06,10,15.0,14.866666666666667,14.866666666666667
glucose,2,Nested-selected ML,glucose_11_c20_wA04,A04,11,20.0,19.466666666666665,19.466666666666665
glucose,2,Nested-selected ML,glucose_11_c20_wB04,B04,11,20.0,19.1,19.1
glucose,2,Nested-selected ML,glucose_11_c20_wB08,B08,11,20.0,19.9,19.9
glucose,2,Nested-selected ML,glucose_11_c20_wB10,B10,11,20.0,19.7,19.7
glucose,2,Nested-selected ML,glucose_11_c20_wB12,B12,11,20.0,18.7,18.7
glucose,2,Nested-selected ML,glucose_11_c20_wC04,C04,11,20.0,18.03333333333333,18.03333333333333
glucose,2,Nested-selected ML,glucose_11_c20_wC08,C08,11,20.0,18.566666666666663,18.566666666666663
glucose,2,Nested-selected ML,glucose_11_c20_wC12,C12,11,20.0,18.73333333333333,18.73333333333333
glucose,2,Nested-selected ML,glucose_11_c20_wD07,D07,11,20.0,19.7,19.7
glucose,2,Nested-selected ML,glucose_11_c20_wE07,E07,11,20.0,19.766666666666666,19.766666666666666
glucose,2,Nested-selected ML,glucose_11_c20_wF02,F02,11,20.0,18.83333333333333,18.83333333333333
glucose,2,Nested-selected ML,glucose_11_c20_wF05,F05,11,20.0,19.366666666666667,19.366666666666667
glucose,2,Nested-selected ML,glucose_11_c20_wF06,F06,11,20.0,20.0,20.0
glucose,2,Nested-selected ML,glucose_11_c20_wF10,F10,11,20.0,19.9,19.9
glucose,2,Nested-selected ML,glucose_11_c20_wG03,G03,11,20.0,19.766666666666666,19.766666666666666
glucose,2,Nested-selected ML,glucose_11_c20_wH01,H01,11,20.0,12.633333333333333,12.633333333333333
glucose,2,Nested-selected ML,glucose_11_c20_wH02,H02,11,20.0,11.3,11.3
glucose,2,Nested-selected ML,glucose_11_c20_wH04,H04,11,20.0,16.766666666666666,16.766666666666666
glucose,2,Nested-selected ML,glucose_11_c20_wH06,H06,11,20.0,20.0,20.0
glucose,3,Nested-selected ML,glucose_01_c0_wA07,A07,1,0.0,0.0727900057225535,0.0727900057225535
glucose,3,Nested-selected ML,glucose_01_c0_wA08,A08,1,0.0,0.2973781079708154,0.2973781079708154
glucose,3,Nested-selected ML,glucose_01_c0_wA10,A10,1,0.0,0.5534855626483239,0.5534855626483239
glucose,3,Nested-selected ML,glucose_01_c0_wB01,B01,1,0.0,0.2912625547045231,0.2912625547045231
glucose,3,Nested-selected ML,glucose_01_c0_wB11,B11,1,0.0,0.6297851045824103,0.6297851045824103
glucose,3,Nested-selected ML,glucose_01_c0_wC02,C02,1,0.0,0.2763101743622137,0.2763101743622137
glucose,3,Nested-selected ML,glucose_01_c0_wC05,C05,1,0.0,0.1520880357086615,0.1520880357086615
glucose,3,Nested-selected ML,glucose_01_c0_wC10,C10,1,0.0,0.4131428729748615,0.4131428729748615
glucose,3,Nested-selected ML,glucose_01_c0_wD05,D05,1,0.0,0.3755418181397438,0.3755418181397438
glucose,3,Nested-selected ML,glucose_01_c0_wD09,D09,1,0.0,0.2596377850541485,0.2596377850541485
glucose,3,Nested-selected ML,glucose_01_c0_wD10,D10,1,0.0,0.2521618774276065,0.2521618774276065
glucose,3,Nested-selected ML,glucose_01_c0_wF04,F04,1,0.0,0.055859838218287,0.055859838218287
glucose,3,Nested-selected ML,glucose_01_c0_wG02,G02,1,0.0,0.3085769802963982,0.3085769802963982
glucose,3,Nested-selected ML,glucose_01_c0_wG04,G04,1,0.0,0.309841546319379,0.309841546319379
glucose,3,Nested-selected ML,glucose_01_c0_wG07,G07,1,0.0,0.1989343036733003,0.1989343036733003
glucose,3,Nested-selected ML,glucose_01_c0_wG08,G08,1,0.0,0.6112698076290652,0.6112698076290652
glucose,3,Nested-selected ML,glucose_01_c0_wH09,H09,1,0.0,0.1452917268619151,0.1452917268619151
glucose,3,Nested-selected ML,glucose_01_c0_wH10,H10,1,0.0,0.3162394678542315,0.3162394678542315
glucose,3,Nested-selected ML,glucose_01_c0_wH12,H12,1,0.0,0.0520912579435801,0.0520912579435801
glucose,3,Nested-selected ML,glucose_02_c0.01_wA07,A07,2,0.01,0.0423432502007337,0.0423432502007337
glucose,3,Nested-selected ML,glucose_02_c0.01_wA08,A08,2,0.01,0.0274989332817855,0.0274989332817855
glucose,3,Nested-selected ML,glucose_02_c0.01_wA10,A10,2,0.01,0.0281890977143646,0.0281890977143646
glucose,3,Nested-selected ML,glucose_02_c0.01_wB01,B01,2,0.01,0.0257552911751741,0.0257552911751741
glucose,3,Nested-selected ML,glucose_02_c0.01_wB11,B11,2,0.01,0.01606661475301,0.01606661475301
glucose,3,Nested-selected ML,glucose_02_c0.01_wC02,C02,2,0.01,0.0308729591049219,0.0308729591049219
glucose,3,Nested-selected ML,glucose_02_c0.01_wC05,C05,2,0.01,0.0135611832711631,0.0135611832711631
glucose,3,Nested-selected ML,glucose_02_c0.01_wC10,C10,2,0.01,0.0342368798020197,0.0342368798020197
glucose,3,Nested-selected ML,glucose_02_c0.01_wD05,D05,2,0.01,0.149040318451808,0.149040318451808
glucose,3,Nested-selected ML,glucose_02_c0.01_wD09,D09,2,0.01,0.0256382519833261,0.0256382519833261
glucose,3,Nested-selected ML,glucose_02_c0.01_wD10,D10,2,0.01,0.0907510119493348,0.0907510119493348
glucose,3,Nested-selected ML,glucose_02_c0.01_wF04,F04,2,0.01,0.0417502571934322,0.0417502571934322
glucose,3,Nested-selected ML,glucose_02_c0.01_wG02,G02,2,0.01,0.0914420356331036,0.0914420356331036
glucose,3,Nested-selected ML,glucose_02_c0.01_wG04,G04,2,0.01,0.044445067140364,0.044445067140364
glucose,3,Nested-selected ML,glucose_02_c0.01_wG07,G07,2,0.01,0.0218806494776744,0.0218806494776744
glucose,3,Nested-selected ML,glucose_02_c0.01_wG08,G08,2,0.01,0.0131431391631871,0.0131431391631871
glucose,3,Nested-selected ML,glucose_02_c0.01_wH09,H09,2,0.01,0.0131401745639751,0.0131401745639751
glucose,3,Nested-selected ML,glucose_02_c0.01_wH10,H10,2,0.01,0.1676855301685512,0.1676855301685512
glucose,3,Nested-selected ML,glucose_02_c0.01_wH12,H12,2,0.01,0.0509404718366766,0.0509404718366766
glucose,3,Nested-selected ML,glucose_03_c0.05_wA07,A07,3,0.05,0.0405805073897228,0.0405805073897228
glucose,3,Nested-selected ML,glucose_03_c0.05_wA08,A08,3,0.05,0.0500000000000001,0.0500000000000001
glucose,3,Nested-selected ML,glucose_03_c0.05_wA10,A10,3,0.05,0.0357231694192122,0.0357231694192122
glucose,3,Nested-selected ML,glucose_03_c0.05_wB01,B01,3,0.05,0.0490204644039554,0.0490204644039554
glucose,3,Nested-selected ML,glucose_03_c0.05_wB11,B11,3,0.05,0.0351526377735069,0.0351526377735069
glucose,3,Nested-selected ML,glucose_03_c0.05_wC02,C02,3,0.05,0.0464715171463065,0.0464715171463065
glucose,3,Nested-selected ML,glucose_03_c0.05_wC05,C05,3,0.05,0.0350966092100919,0.0350966092100919
glucose,3,Nested-selected ML,glucose_03_c0.05_wC10,C10,3,0.05,0.0277800573680177,0.0277800573680177
glucose,3,Nested-selected ML,glucose_03_c0.05_wD05,D05,3,0.05,0.0315311478188057,0.0315311478188057
glucose,3,Nested-selected ML,glucose_03_c0.05_wD09,D09,3,0.05,0.0279409481575626,0.0279409481575626
glucose,3,Nested-selected ML,glucose_03_c0.05_wD10,D10,3,0.05,0.035152637773507,0.035152637773507
glucose,3,Nested-selected ML,glucose_03_c0.05_wF04,F04,3,0.05,0.0292726451892449,0.0292726451892449
glucose,3,Nested-selected ML,glucose_03_c0.05_wG02,G02,3,0.05,0.0261504814160965,0.0261504814160965
glucose,3,Nested-selected ML,glucose_03_c0.05_wG04,G04,3,0.05,0.0437653702483429,0.0437653702483429
glucose,3,Nested-selected ML,glucose_03_c0.05_wG07,G07,3,0.05,0.0437653702483429,0.0437653702483429
glucose,3,Nested-selected ML,glucose_03_c0.05_wG08,G08,3,0.05,0.0231610891356604,0.0231610891356604
glucose,3,Nested-selected ML,glucose_03_c0.05_wH09,H09,3,0.05,0.0378091232565274,0.0378091232565274
glucose,3,Nested-selected ML,glucose_03_c0.05_wH10,H10,3,0.05,0.0388906488563223,0.0388906488563223
glucose,3,Nested-selected ML,glucose_03_c0.05_wH12,H12,3,0.05,0.0399313889708787,0.0399313889708787
glucose,3,Nested-selected ML,glucose_04_c0.1_wA07,A07,4,0.1,0.0555505008686455,0.0555505008686455
glucose,3,Nested-selected ML,glucose_04_c0.1_wA08,A08,4,0.1,0.0690254023792969,0.0690254023792969
glucose,3,Nested-selected ML,glucose_04_c0.1_wA10,A10,4,0.1,0.0509773749327994,0.0509773749327994
glucose,3,Nested-selected ML,glucose_04_c0.1_wB01,B01,4,0.1,0.1084209770907063,0.1084209770907063
glucose,3,Nested-selected ML,glucose_04_c0.1_wB11,B11,4,0.1,0.1141069177231569,0.1141069177231569
glucose,3,Nested-selected ML,glucose_04_c0.1_wC02,C02,4,0.1,0.0601760920854102,0.0601760920854102
glucose,3,Nested-selected ML,glucose_04_c0.1_wC05,C05,4,0.1,0.0372894509158418,0.0372894509158418
glucose,3,Nested-selected ML,glucose_04_c0.1_wC10,C10,4,0.1,0.1655968686789949,0.1655968686789949
glucose,3,Nested-selected ML,glucose_04_c0.1_wD05,D05,4,0.1,0.2076152775231941,0.2076152775231941
glucose,3,Nested-selected ML,glucose_04_c0.1_wD09,D09,4,0.1,0.0102615554054293,0.0102615554054293
glucose,3,Nested-selected ML,glucose_04_c0.1_wD10,D10,4,0.1,0.4530508477094507,0.4530508477094507
glucose,3,Nested-selected ML,glucose_04_c0.1_wF04,F04,4,0.1,0.0650000679735468,0.0650000679735468
glucose,3,Nested-selected ML,glucose_04_c0.1_wG02,G02,4,0.1,0.1158657344511288,0.1158657344511288
glucose,3,Nested-selected ML,glucose_04_c0.1_wG04,G04,4,0.1,0.0922074347711801,0.0922074347711801
glucose,3,Nested-selected ML,glucose_04_c0.1_wG07,G07,4,0.1,0.2584201208373758,0.2584201208373758
glucose,3,Nested-selected ML,glucose_04_c0.1_wG08,G08,4,0.1,0.1131909116880485,0.1131909116880485
glucose,3,Nested-selected ML,glucose_04_c0.1_wH09,H09,4,0.1,0.0857387845163758,0.0857387845163758
glucose,3,Nested-selected ML,glucose_04_c0.1_wH10,H10,4,0.1,0.0631715130637136,0.0631715130637136
glucose,3,Nested-selected ML,glucose_04_c0.1_wH12,H12,4,0.1,0.0213022861951427,0.0213022861951427
glucose,3,Nested-selected ML,glucose_05_c0.5_wA07,A07,5,0.5,0.4225710195992991,0.4225710195992991
glucose,3,Nested-selected ML,glucose_05_c0.5_wA08,A08,5,0.5,0.2695214183738843,0.2695214183738843
glucose,3,Nested-selected ML,glucose_05_c0.5_wA10,A10,5,0.5,0.365153015126468,0.365153015126468
glucose,3,Nested-selected ML,glucose_05_c0.5_wB01,B01,5,0.5,0.5831600185483343,0.5831600185483343
glucose,3,Nested-selected ML,glucose_05_c0.5_wB11,B11,5,0.5,0.4947766342471295,0.4947766342471295
glucose,3,Nested-selected ML,glucose_05_c0.5_wC02,C02,5,0.5,0.5586541394428768,0.5586541394428768
glucose,3,Nested-selected ML,glucose_05_c0.5_wC05,C05,5,0.5,0.5349221665213746,0.5349221665213746
glucose,3,Nested-selected ML,glucose_05_c0.5_wC10,C10,5,0.5,0.531981190377109,0.531981190377109
glucose,3,Nested-selected ML,glucose_05_c0.5_wD05,D05,5,0.5,0.5563115222702792,0.5563115222702792
glucose,3,Nested-selected ML,glucose_05_c0.5_wD09,D09,5,0.5,0.7554606615971351,0.7554606615971351
glucose,3,Nested-selected ML,glucose_05_c0.5_wD10,D10,5,0.5,0.7804236669287679,0.7804236669287679
glucose,3,Nested-selected ML,glucose_05_c0.5_wF04,F04,5,0.5,0.328524269738686,0.328524269738686
glucose,3,Nested-selected ML,glucose_05_c0.5_wG02,G02,5,0.5,0.8123538590905097,0.8123538590905097
glucose,3,Nested-selected ML,glucose_05_c0.5_wG04,G04,5,0.5,0.6882034179158518,0.6882034179158518
glucose,3,Nested-selected ML,glucose_05_c0.5_wG07,G07,5,0.5,0.2307248278290336,0.2307248278290336
glucose,3,Nested-selected ML,glucose_05_c0.5_wG08,G08,5,0.5,0.3762798055301801,0.3762798055301801
glucose,3,Nested-selected ML,glucose_05_c0.5_wH09,H09,5,0.5,0.4771199652310242,0.4771199652310242
glucose,3,Nested-selected ML,glucose_05_c0.5_wH10,H10,5,0.5,0.4302596775061217,0.4302596775061217
glucose,3,Nested-selected ML,glucose_05_c0.5_wH12,H12,5,0.5,0.2399628331500278,0.2399628331500278
glucose,3,Nested-selected ML,glucose_06_c1_wA07,A07,6,1.0,0.0612732771832717,0.0612732771832717
glucose,3,Nested-selected ML,glucose_06_c1_wA08,A08,6,1.0,0.10579580308835,0.10579580308835
glucose,3,Nested-selected ML,glucose_06_c1_wA10,A10,6,1.0,0.6528396557125304,0.6528396557125304
glucose,3,Nested-selected ML,glucose_06_c1_wB01,B01,6,1.0,0.4024700873544252,0.4024700873544252
glucose,3,Nested-selected ML,glucose_06_c1_wB11,B11,6,1.0,0.3473133947827145,0.3473133947827145
glucose,3,Nested-selected ML,glucose_06_c1_wC02,C02,6,1.0,0.680572074817771,0.680572074817771
glucose,3,Nested-selected ML,glucose_06_c1_wC05,C05,6,1.0,0.4814990147337706,0.4814990147337706
glucose,3,Nested-selected ML,glucose_06_c1_wC10,C10,6,1.0,0.5856261569343908,0.5856261569343908
glucose,3,Nested-selected ML,glucose_06_c1_wD05,D05,6,1.0,0.149264158031241,0.149264158031241
glucose,3,Nested-selected ML,glucose_06_c1_wD09,D09,6,1.0,0.5925607613483528,0.5925607613483528
glucose,3,Nested-selected ML,glucose_06_c1_wD10,D10,6,1.0,0.8662345715048121,0.8662345715048121
glucose,3,Nested-selected ML,glucose_06_c1_wF04,F04,6,1.0,0.6108695493893923,0.6108695493893923
glucose,3,Nested-selected ML,glucose_06_c1_wG02,G02,6,1.0,0.8773423341036497,0.8773423341036497
glucose,3,Nested-selected ML,glucose_06_c1_wG04,G04,6,1.0,0.8136389125024568,0.8136389125024568
glucose,3,Nested-selected ML,glucose_06_c1_wG07,G07,6,1.0,0.822178341773804,0.822178341773804
glucose,3,Nested-selected ML,glucose_06_c1_wG08,G08,6,1.0,0.3501641141281729,0.3501641141281729
glucose,3,Nested-selected ML,glucose_06_c1_wH09,H09,6,1.0,0.8615330756495283,0.8615330756495283
glucose,3,Nested-selected ML,glucose_06_c1_wH10,H10,6,1.0,0.9173687624969648,0.9173687624969648
glucose,3,Nested-selected ML,glucose_06_c1_wH12,H12,6,1.0,0.3634006566492773,0.3634006566492773
glucose,3,Nested-selected ML,glucose_07_c2.5_wA07,A07,7,2.5,2.5000000000000173,2.5000000000000173
glucose,3,Nested-selected ML,glucose_07_c2.5_wA08,A08,7,2.5,2.5000000000000173,2.5000000000000173
glucose,3,Nested-selected ML,glucose_07_c2.5_wA10,A10,7,2.5,2.5000000000000173,2.5000000000000173
glucose,3,Nested-selected ML,glucose_07_c2.5_wB01,B01,7,2.5,2.5000000000000173,2.5000000000000173
glucose,3,Nested-selected ML,glucose_07_c2.5_wB11,B11,7,2.5,2.5000000000000173,2.5000000000000173
glucose,3,Nested-selected ML,glucose_07_c2.5_wC02,C02,7,2.5,2.5000000000000173,2.5000000000000173
glucose,3,Nested-selected ML,glucose_07_c2.5_wC05,C05,7,2.5,2.5000000000000164,2.5000000000000164
glucose,3,Nested-selected ML,glucose_07_c2.5_wC10,C10,7,2.5,2.5000000000000173,2.5000000000000173
glucose,3,Nested-selected ML,glucose_07_c2.5_wD05,D05,7,2.5,2.5000000000000173,2.5000000000000173
glucose,3,Nested-selected ML,glucose_07_c2.5_wD09,D09,7,2.5,2.5000000000000173,2.5000000000000173
glucose,3,Nested-selected ML,glucose_07_c2.5_wD10,D10,7,2.5,2.5000000000000173,2.5000000000000173
glucose,3,Nested-selected ML,glucose_07_c2.5_wF04,F04,7,2.5,2.5000000000000173,2.5000000000000173
glucose,3,Nested-selected ML,glucose_07_c2.5_wG02,G02,7,2.5,2.5000000000000173,2.5000000000000173
glucose,3,Nested-selected ML,glucose_07_c2.5_wG04,G04,7,2.5,2.5000000000000173,2.5000000000000173
glucose,3,Nested-selected ML,glucose_07_c2.5_wG07,G07,7,2.5,2.5000000000000173,2.5000000000000173
glucose,3,Nested-selected ML,glucose_07_c2.5_wG08,G08,7,2.5,2.5000000000000173,2.5000000000000173
glucose,3,Nested-selected ML,glucose_07_c2.5_wH09,H09,7,2.5,2.5000000000000173,2.5000000000000173
glucose,3,Nested-selected ML,glucose_07_c2.5_wH10,H10,7,2.5,2.4159664569870944,2.4159664569870944
glucose,3,Nested-selected ML,glucose_07_c2.5_wH12,H12,7,2.5,2.5000000000000173,2.5000000000000173
glucose,3,Nested-selected ML,glucose_08_c5_wA07,A07,8,5.0,5.0,5.0
glucose,3,Nested-selected ML,glucose_08_c5_wA08,A08,8,5.0,5.0,5.0
glucose,3,Nested-selected ML,glucose_08_c5_wA10,A10,8,5.0,5.0,5.0
glucose,3,Nested-selected ML,glucose_08_c5_wB01,B01,8,5.0,5.0,5.0
glucose,3,Nested-selected ML,glucose_08_c5_wB11,B11,8,5.0,5.0,5.0
glucose,3,Nested-selected ML,glucose_08_c5_wC02,C02,8,5.0,5.0,5.0
glucose,3,Nested-selected ML,glucose_08_c5_wC05,C05,8,5.0,5.0,5.0
glucose,3,Nested-selected ML,glucose_08_c5_wC10,C10,8,5.0,5.0,5.0
glucose,3,Nested-selected ML,glucose_08_c5_wD05,D05,8,5.0,5.0,5.0
glucose,3,Nested-selected ML,glucose_08_c5_wD09,D09,8,5.0,5.0,5.0
glucose,3,Nested-selected ML,glucose_08_c5_wD10,D10,8,5.0,5.0,5.0
glucose,3,Nested-selected ML,glucose_08_c5_wF04,F04,8,5.0,5.0,5.0
glucose,3,Nested-selected ML,glucose_08_c5_wG02,G02,8,5.0,5.0,5.0
glucose,3,Nested-selected ML,glucose_08_c5_wG04,G04,8,5.0,5.0,5.0
glucose,3,Nested-selected ML,glucose_08_c5_wG07,G07,8,5.0,5.0,5.0
glucose,3,Nested-selected ML,glucose_08_c5_wG08,G08,8,5.0,5.0,5.0
glucose,3,Nested-selected ML,glucose_08_c5_wH09,H09,8,5.0,5.0,5.0
glucose,3,Nested-selected ML,glucose_08_c5_wH10,H10,8,5.0,5.0,5.0
glucose,3,Nested-selected ML,glucose_08_c5_wH12,H12,8,5.0,4.03134467293572,4.03134467293572
glucose,3,Nested-selected ML,glucose_09_c10_wA07,A07,9,10.0,15.174987552892084,15.174987552892084
glucose,3,Nested-selected ML,glucose_09_c10_wA08,A08,9,10.0,11.144110418110722,11.144110418110722
glucose,3,Nested-selected ML,glucose_09_c10_wA10,A10,9,10.0,10.000000000000046,10.000000000000046
glucose,3,Nested-selected ML,glucose_09_c10_wB01,B01,9,10.0,10.095248663329055,10.095248663329055
glucose,3,Nested-selected ML,glucose_09_c10_wB11,B11,9,10.0,10.000000000000046,10.000000000000046
glucose,3,Nested-selected ML,glucose_09_c10_wC02,C02,9,10.0,10.000000000000046,10.000000000000046
glucose,3,Nested-selected ML,glucose_09_c10_wC05,C05,9,10.0,10.000000000000046,10.000000000000046
glucose,3,Nested-selected ML,glucose_09_c10_wC10,C10,9,10.0,10.000000000000046,10.000000000000046
glucose,3,Nested-selected ML,glucose_09_c10_wD05,D05,9,10.0,12.463568827227007,12.463568827227007
glucose,3,Nested-selected ML,glucose_09_c10_wD09,D09,9,10.0,10.000000000000046,10.000000000000046
glucose,3,Nested-selected ML,glucose_09_c10_wD10,D10,9,10.0,15.124117438782552,15.124117438782552
glucose,3,Nested-selected ML,glucose_09_c10_wF04,F04,9,10.0,10.12299875478496,10.12299875478496
glucose,3,Nested-selected ML,glucose_09_c10_wG02,G02,9,10.0,10.000000000000046,10.000000000000046
glucose,3,Nested-selected ML,glucose_09_c10_wG04,G04,9,10.0,10.000000000000046,10.000000000000046
glucose,3,Nested-selected ML,glucose_09_c10_wG07,G07,9,10.0,14.536849997175578,14.536849997175578
glucose,3,Nested-selected ML,glucose_09_c10_wG08,G08,9,10.0,10.000000000000046,10.000000000000046
glucose,3,Nested-selected ML,glucose_09_c10_wH09,H09,9,10.0,10.000000000000046,10.000000000000046
glucose,3,Nested-selected ML,glucose_09_c10_wH10,H10,9,10.0,10.000000000000046,10.000000000000046
glucose,3,Nested-selected ML,glucose_09_c10_wH12,H12,9,10.0,11.21676805292817,11.21676805292817
glucose,3,Nested-selected ML,glucose_10_c15_wA07,A07,10,15.0,17.484544902734765,17.484544902734765
glucose,3,Nested-selected ML,glucose_10_c15_wA08,A08,10,15.0,15.590770569785896,15.590770569785896
glucose,3,Nested-selected ML,glucose_10_c15_wA10,A10,10,15.0,14.67583673186668,14.67583673186668
glucose,3,Nested-selected ML,glucose_10_c15_wB01,B01,10,15.0,17.994098845013053,17.994098845013053
glucose,3,Nested-selected ML,glucose_10_c15_wB11,B11,10,15.0,15.116446752298934,15.116446752298934
glucose,3,Nested-selected ML,glucose_10_c15_wC02,C02,10,15.0,14.909362058984764,14.909362058984764
glucose,3,Nested-selected ML,glucose_10_c15_wC05,C05,10,15.0,14.960082575474289,14.960082575474289
glucose,3,Nested-selected ML,glucose_10_c15_wC10,C10,10,15.0,15.058117823605109,15.058117823605109
glucose,3,Nested-selected ML,glucose_10_c15_wD05,D05,10,15.0,12.885545840514547,12.885545840514547
glucose,3,Nested-selected ML,glucose_10_c15_wD09,D09,10,15.0,15.204337645540512,15.204337645540512
glucose,3,Nested-selected ML,glucose_10_c15_wD10,D10,10,15.0,14.751190021989554,14.751190021989554
glucose,3,Nested-selected ML,glucose_10_c15_wF04,F04,10,15.0,15.000000000000064,15.000000000000064
glucose,3,Nested-selected ML,glucose_10_c15_wG02,G02,10,15.0,18.602018843161563,18.602018843161563
glucose,3,Nested-selected ML,glucose_10_c15_wG04,G04,10,15.0,15.087255851955431,15.087255851955431
glucose,3,Nested-selected ML,glucose_10_c15_wG07,G07,10,15.0,16.677590274877733,16.677590274877733
glucose,3,Nested-selected ML,glucose_10_c15_wG08,G08,10,15.0,15.8636863585041,15.8636863585041
glucose,3,Nested-selected ML,glucose_10_c15_wH09,H09,10,15.0,17.131998155679295,17.131998155679295
glucose,3,Nested-selected ML,glucose_10_c15_wH10,H10,10,15.0,13.1143890463105,13.1143890463105
glucose,3,Nested-selected ML,glucose_10_c15_wH12,H12,10,15.0,19.848267931767907,19.848267931767907
glucose,3,Nested-selected ML,glucose_11_c20_wA07,A07,11,20.0,17.86978268652035,17.86978268652035
glucose,3,Nested-selected ML,glucose_11_c20_wA08,A08,11,20.0,18.53107487040313,18.53107487040313
glucose,3,Nested-selected ML,glucose_11_c20_wA10,A10,11,20.0,15.45562916391357,15.45562916391357
glucose,3,Nested-selected ML,glucose_11_c20_wB01,B01,11,20.0,19.422638200507727,19.422638200507727
glucose,3,Nested-selected ML,glucose_11_c20_wB11,B11,11,20.0,15.1768763960586,15.1768763960586
glucose,3,Nested-selected ML,glucose_11_c20_wC02,C02,11,20.0,18.74468080771078,18.74468080771078
glucose,3,Nested-selected ML,glucose_11_c20_wC05,C05,11,20.0,19.62272294290856,19.62272294290856
glucose,3,Nested-selected ML,glucose_11_c20_wC10,C10,11,20.0,19.772813512299884,19.772813512299884
glucose,3,Nested-selected ML,glucose_11_c20_wD05,D05,11,20.0,19.96196376802917,19.96196376802917
glucose,3,Nested-selected ML,glucose_11_c20_wD09,D09,11,20.0,19.886097858582744,19.886097858582744
glucose,3,Nested-selected ML,glucose_11_c20_wD10,D10,11,20.0,18.744680807710807,18.744680807710807
glucose,3,Nested-selected ML,glucose_11_c20_wF04,F04,11,20.0,19.772813512299884,19.772813512299884
glucose,3,Nested-selected ML,glucose_11_c20_wG02,G02,11,20.0,19.10589475064945,19.10589475064945
glucose,3,Nested-selected ML,glucose_11_c20_wG04,G04,11,20.0,19.99999999999986,19.99999999999986
glucose,3,Nested-selected ML,glucose_11_c20_wG07,G07,11,20.0,19.961963768029182,19.961963768029182
glucose,3,Nested-selected ML,glucose_11_c20_wG08,G08,11,20.0,17.220414378445394,17.220414378445394
glucose,3,Nested-selected ML,glucose_11_c20_wH09,H09,11,20.0,19.886097858582744,19.886097858582744
glucose,3,Nested-selected ML,glucose_11_c20_wH10,H10,11,20.0,19.810506524375544,19.810506524375544
glucose,3,Nested-selected ML,glucose_11_c20_wH12,H12,11,20.0,19.735188771660003,19.735188771660003
glucose,4,Nested-selected ML,glucose_01_c0_wA01,A01,1,0.0,0.0533333333333333,0.0533333333333333
glucose,4,Nested-selected ML,glucose_01_c0_wA02,A02,1,0.0,0.6779999999999999,0.6779999999999999
glucose,4,Nested-selected ML,glucose_01_c0_wA03,A03,1,0.0,0.3573333333333334,0.3573333333333334
glucose,4,Nested-selected ML,glucose_01_c0_wB03,B03,1,0.0,0.4806666666666666,0.4806666666666666
glucose,4,Nested-selected ML,glucose_01_c0_wB06,B06,1,0.0,0.4276666666666668,0.4276666666666668
glucose,4,Nested-selected ML,glucose_01_c0_wB07,B07,1,0.0,0.5989999999999996,0.5989999999999996
glucose,4,Nested-selected ML,glucose_01_c0_wC06,C06,1,0.0,0.1509333333333333,0.1509333333333333
glucose,4,Nested-selected ML,glucose_01_c0_wC07,C07,1,0.0,0.0526666666666666,0.0526666666666666
glucose,4,Nested-selected ML,glucose_01_c0_wD11,D11,1,0.0,0.1386666666666666,0.1386666666666666
glucose,4,Nested-selected ML,glucose_01_c0_wD12,D12,1,0.0,0.3525999999999999,0.3525999999999999
glucose,4,Nested-selected ML,glucose_01_c0_wE04,E04,1,0.0,0.1693333333333335,0.1693333333333335
glucose,4,Nested-selected ML,glucose_01_c0_wE12,E12,1,0.0,0.1882666666666668,0.1882666666666668
glucose,4,Nested-selected ML,glucose_01_c0_wF07,F07,1,0.0,0.0046666666666666,0.0046666666666666
glucose,4,Nested-selected ML,glucose_01_c0_wF08,F08,1,0.0,0.7482,0.7482
glucose,4,Nested-selected ML,glucose_01_c0_wF09,F09,1,0.0,0.7566666666666667,0.7566666666666667
glucose,4,Nested-selected ML,glucose_01_c0_wF11,F11,1,0.0,0.46,0.46
glucose,4,Nested-selected ML,glucose_01_c0_wG01,G01,1,0.0,0.4733333333333333,0.4733333333333333
glucose,4,Nested-selected ML,glucose_01_c0_wG05,G05,1,0.0,0.1701333333333333,0.1701333333333333
glucose,4,Nested-selected ML,glucose_01_c0_wH07,H07,1,0.0,0.0840666666666665,0.0840666666666665
glucose,4,Nested-selected ML,glucose_02_c0.01_wA01,A01,2,0.01,0.0454666666666665,0.0454666666666665
glucose,4,Nested-selected ML,glucose_02_c0.01_wA02,A02,2,0.01,0.0551333333333332,0.0551333333333332
glucose,4,Nested-selected ML,glucose_02_c0.01_wA03,A03,2,0.01,0.0231999999999999,0.0231999999999999
glucose,4,Nested-selected ML,glucose_02_c0.01_wB03,B03,2,0.01,0.0969999999999998,0.0969999999999998
glucose,4,Nested-selected ML,glucose_02_c0.01_wB06,B06,2,0.01,0.0260666666666665,0.0260666666666665
glucose,4,Nested-selected ML,glucose_02_c0.01_wB07,B07,2,0.01,0.0531333333333331,0.0531333333333331
glucose,4,Nested-selected ML,glucose_02_c0.01_wC06,C06,2,0.01,0.0156666666666666,0.0156666666666666
glucose,4,Nested-selected ML,glucose_02_c0.01_wC07,C07,2,0.01,0.0217333333333332,0.0217333333333332
glucose,4,Nested-selected ML,glucose_02_c0.01_wD11,D11,2,0.01,0.0305999999999998,0.0305999999999998
glucose,4,Nested-selected ML,glucose_02_c0.01_wD12,D12,2,0.01,0.0547333333333332,0.0547333333333332
glucose,4,Nested-selected ML,glucose_02_c0.01_wE04,E04,2,0.01,0.0447999999999998,0.0447999999999998
glucose,4,Nested-selected ML,glucose_02_c0.01_wE12,E12,2,0.01,0.0349333333333332,0.0349333333333332
glucose,4,Nested-selected ML,glucose_02_c0.01_wF07,F07,2,0.01,0.0336666666666665,0.0336666666666665
glucose,4,Nested-selected ML,glucose_02_c0.01_wF08,F08,2,0.01,0.0573999999999998,0.0573999999999998
glucose,4,Nested-selected ML,glucose_02_c0.01_wF09,F09,2,0.01,0.0189999999999999,0.0189999999999999
glucose,4,Nested-selected ML,glucose_02_c0.01_wF11,F11,2,0.01,0.0213999999999999,0.0213999999999999
glucose,4,Nested-selected ML,glucose_02_c0.01_wG01,G01,2,0.01,0.0444666666666665,0.0444666666666665
glucose,4,Nested-selected ML,glucose_02_c0.01_wG05,G05,2,0.01,0.0753999999999998,0.0753999999999998
glucose,4,Nested-selected ML,glucose_02_c0.01_wH07,H07,2,0.01,0.0471333333333332,0.0471333333333332
glucose,4,Nested-selected ML,glucose_03_c0.05_wA01,A01,3,0.05,0.0695333333333332,0.0695333333333332
glucose,4,Nested-selected ML,glucose_03_c0.05_wA02,A02,3,0.05,0.0503333333333332,0.0503333333333332
glucose,4,Nested-selected ML,glucose_03_c0.05_wA03,A03,3,0.05,0.0503999999999998,0.0503999999999998
glucose,4,Nested-selected ML,glucose_03_c0.05_wB03,B03,3,0.05,0.0693333333333332,0.0693333333333332
glucose,4,Nested-selected ML,glucose_03_c0.05_wB06,B06,3,0.05,0.0491999999999998,0.0491999999999998
glucose,4,Nested-selected ML,glucose_03_c0.05_wB07,B07,3,0.05,0.0481333333333332,0.0481333333333332
glucose,4,Nested-selected ML,glucose_03_c0.05_wC06,C06,3,0.05,0.0471333333333332,0.0471333333333332
glucose,4,Nested-selected ML,glucose_03_c0.05_wC07,C07,3,0.05,0.0367333333333332,0.0367333333333332
glucose,4,Nested-selected ML,glucose_03_c0.05_wD11,D11,3,0.05,0.0481333333333332,0.0481333333333332
glucose,4,Nested-selected ML,glucose_03_c0.05_wD12,D12,3,0.05,0.0493333333333332,0.0493333333333332
glucose,4,Nested-selected ML,glucose_03_c0.05_wE04,E04,3,0.05,0.0390666666666665,0.0390666666666665
glucose,4,Nested-selected ML,glucose_03_c0.05_wE12,E12,3,0.05,0.0499999999999998,0.0499999999999998
glucose,4,Nested-selected ML,glucose_03_c0.05_wF07,F07,3,0.05,0.0501333333333332,0.0501333333333332
glucose,4,Nested-selected ML,glucose_03_c0.05_wF08,F08,3,0.05,0.0284666666666665,0.0284666666666665
glucose,4,Nested-selected ML,glucose_03_c0.05_wF09,F09,3,0.05,0.0410666666666665,0.0410666666666665
glucose,4,Nested-selected ML,glucose_03_c0.05_wF11,F11,3,0.05,0.0473333333333332,0.0473333333333332
glucose,4,Nested-selected ML,glucose_03_c0.05_wG01,G01,3,0.05,0.0553333333333331,0.0553333333333331
glucose,4,Nested-selected ML,glucose_03_c0.05_wG05,G05,3,0.05,0.0331333333333332,0.0331333333333332
glucose,4,Nested-selected ML,glucose_03_c0.05_wH07,H07,3,0.05,0.0399999999999998,0.0399999999999998
glucose,4,Nested-selected ML,glucose_04_c0.1_wA01,A01,4,0.1,0.0873333333333331,0.0873333333333331
glucose,4,Nested-selected ML,glucose_04_c0.1_wA02,A02,4,0.1,0.0926666666666664,0.0926666666666664
glucose,4,Nested-selected ML,glucose_04_c0.1_wA03,A03,4,0.1,0.1223333333333333,0.1223333333333333
glucose,4,Nested-selected ML,glucose_04_c0.1_wB03,B03,4,0.1,0.1246666666666667,0.1246666666666667
glucose,4,Nested-selected ML,glucose_04_c0.1_wB06,B06,4,0.1,0.0833333333333331,0.0833333333333331
glucose,4,Nested-selected ML,glucose_04_c0.1_wB07,B07,4,0.1,0.0789333333333332,0.0789333333333332
glucose,4,Nested-selected ML,glucose_04_c0.1_wC06,C06,4,0.1,0.0411333333333332,0.0411333333333332
glucose,4,Nested-selected ML,glucose_04_c0.1_wC07,C07,4,0.1,0.0567999999999998,0.0567999999999998
glucose,4,Nested-selected ML,glucose_04_c0.1_wD11,D11,4,0.1,0.1063999999999998,0.1063999999999998
glucose,4,Nested-selected ML,glucose_04_c0.1_wD12,D12,4,0.1,0.0392666666666665,0.0392666666666665
glucose,4,Nested-selected ML,glucose_04_c0.1_wE04,E04,4,0.1,0.0405999999999998,0.0405999999999998
glucose,4,Nested-selected ML,glucose_04_c0.1_wE12,E12,4,0.1,0.0405333333333332,0.0405333333333332
glucose,4,Nested-selected ML,glucose_04_c0.1_wF07,F07,4,0.1,0.1186666666666665,0.1186666666666665
glucose,4,Nested-selected ML,glucose_04_c0.1_wF08,F08,4,0.1,0.1380000000000002,0.1380000000000002
glucose,4,Nested-selected ML,glucose_04_c0.1_wF09,F09,4,0.1,0.2433333333333338,0.2433333333333338
glucose,4,Nested-selected ML,glucose_04_c0.1_wF11,F11,4,0.1,0.0342666666666665,0.0342666666666665
glucose,4,Nested-selected ML,glucose_04_c0.1_wG01,G01,4,0.1,0.154,0.154
glucose,4,Nested-selected ML,glucose_04_c0.1_wG05,G05,4,0.1,0.0722666666666665,0.0722666666666665
glucose,4,Nested-selected ML,glucose_04_c0.1_wH07,H07,4,0.1,0.4302666666666667,0.4302666666666667
glucose,4,Nested-selected ML,glucose_05_c0.5_wA01,A01,5,0.5,0.4433333333333333,0.4433333333333333
glucose,4,Nested-selected ML,glucose_05_c0.5_wA02,A02,5,0.5,0.2233333333333333,0.2233333333333333
glucose,4,Nested-selected ML,glucose_05_c0.5_wA03,A03,5,0.5,0.48,0.48
glucose,4,Nested-selected ML,glucose_05_c0.5_wB03,B03,5,0.5,0.4733333333333333,0.4733333333333333
glucose,4,Nested-selected ML,glucose_05_c0.5_wB06,B06,5,0.5,0.5,0.5
glucose,4,Nested-selected ML,glucose_05_c0.5_wB07,B07,5,0.5,0.4966666666666666,0.4966666666666666
glucose,4,Nested-selected ML,glucose_05_c0.5_wC06,C06,5,0.5,0.3433333333333333,0.3433333333333333
glucose,4,Nested-selected ML,glucose_05_c0.5_wC07,C07,5,0.5,0.8566666666666667,0.8566666666666667
glucose,4,Nested-selected ML,glucose_05_c0.5_wD11,D11,5,0.5,0.4133333333333333,0.4133333333333333
glucose,4,Nested-selected ML,glucose_05_c0.5_wD12,D12,5,0.5,0.4906666666666666,0.4906666666666666
glucose,4,Nested-selected ML,glucose_05_c0.5_wE04,E04,5,0.5,0.54,0.54
glucose,4,Nested-selected ML,glucose_05_c0.5_wE12,E12,5,0.5,0.5053333333333334,0.5053333333333334
glucose,4,Nested-selected ML,glucose_05_c0.5_wF07,F07,5,0.5,0.57,0.57
glucose,4,Nested-selected ML,glucose_05_c0.5_wF08,F08,5,0.5,0.77,0.77
glucose,4,Nested-selected ML,glucose_05_c0.5_wF09,F09,5,0.5,0.8,0.8
glucose,4,Nested-selected ML,glucose_05_c0.5_wF11,F11,5,0.5,0.2933333333333333,0.2933333333333333
glucose,4,Nested-selected ML,glucose_05_c0.5_wG01,G01,5,0.5,0.2946666666666667,0.2946666666666667
glucose,4,Nested-selected ML,glucose_05_c0.5_wG05,G05,5,0.5,0.6104,0.6104
glucose,4,Nested-selected ML,glucose_05_c0.5_wH07,H07,5,0.5,0.8137333333333334,0.8137333333333334
glucose,4,Nested-selected ML,glucose_06_c1_wA01,A01,6,1.0,0.2773333333333334,0.2773333333333334
glucose,4,Nested-selected ML,glucose_06_c1_wA02,A02,6,1.0,0.5033333333333333,0.5033333333333333
glucose,4,Nested-selected ML,glucose_06_c1_wA03,A03,6,1.0,0.4666666666666667,0.4666666666666667
glucose,4,Nested-selected ML,glucose_06_c1_wB03,B03,6,1.0,0.5466666666666666,0.5466666666666666
glucose,4,Nested-selected ML,glucose_06_c1_wB06,B06,6,1.0,0.0827999999999999,0.0827999999999999
glucose,4,Nested-selected ML,glucose_06_c1_wB07,B07,6,1.0,0.4673333333333335,0.4673333333333335
glucose,4,Nested-selected ML,glucose_06_c1_wC06,C06,6,1.0,0.2253333333333334,0.2253333333333334
glucose,4,Nested-selected ML,glucose_06_c1_wC07,C07,6,1.0,0.5081333333333334,0.5081333333333334
glucose,4,Nested-selected ML,glucose_06_c1_wD11,D11,6,1.0,0.5467333333333333,0.5467333333333333
glucose,4,Nested-selected ML,glucose_06_c1_wD12,D12,6,1.0,0.5333333333333333,0.5333333333333333
glucose,4,Nested-selected ML,glucose_06_c1_wE04,E04,6,1.0,0.7666666666666667,0.7666666666666667
glucose,4,Nested-selected ML,glucose_06_c1_wE12,E12,6,1.0,0.63,0.63
glucose,4,Nested-selected ML,glucose_06_c1_wF07,F07,6,1.0,0.7333333333333333,0.7333333333333333
glucose,4,Nested-selected ML,glucose_06_c1_wF08,F08,6,1.0,0.95,0.95
glucose,4,Nested-selected ML,glucose_06_c1_wF09,F09,6,1.0,0.8733333333333333,0.8733333333333333
glucose,4,Nested-selected ML,glucose_06_c1_wF11,F11,6,1.0,0.6933333333333334,0.6933333333333334
glucose,4,Nested-selected ML,glucose_06_c1_wG01,G01,6,1.0,0.7733333333333333,0.7733333333333333
glucose,4,Nested-selected ML,glucose_06_c1_wG05,G05,6,1.0,0.4776666666666667,0.4776666666666667
glucose,4,Nested-selected ML,glucose_06_c1_wH07,H07,6,1.0,0.5833333333333334,0.5833333333333334
glucose,4,Nested-selected ML,glucose_07_c2.5_wA01,A01,7,2.5,2.5,2.5
glucose,4,Nested-selected ML,glucose_07_c2.5_wA02,A02,7,2.5,2.6,2.6
glucose,4,Nested-selected ML,glucose_07_c2.5_wA03,A03,7,2.5,2.5,2.5
glucose,4,Nested-selected ML,glucose_07_c2.5_wB03,B03,7,2.5,2.5,2.5
glucose,4,Nested-selected ML,glucose_07_c2.5_wB06,B06,7,2.5,2.5,2.5
glucose,4,Nested-selected ML,glucose_07_c2.5_wB07,B07,7,2.5,2.5,2.5
glucose,4,Nested-selected ML,glucose_07_c2.5_wC06,C06,7,2.5,2.5,2.5
glucose,4,Nested-selected ML,glucose_07_c2.5_wC07,C07,7,2.5,2.533333333333333,2.533333333333333
glucose,4,Nested-selected ML,glucose_07_c2.5_wD11,D11,7,2.5,2.5,2.5
glucose,4,Nested-selected ML,glucose_07_c2.5_wD12,D12,7,2.5,2.5,2.5
glucose,4,Nested-selected ML,glucose_07_c2.5_wE04,E04,7,2.5,2.49,2.49
glucose,4,Nested-selected ML,glucose_07_c2.5_wE12,E12,7,2.5,2.486666666666667,2.486666666666667
glucose,4,Nested-selected ML,glucose_07_c2.5_wF07,F07,7,2.5,2.5166666666666666,2.5166666666666666
glucose,4,Nested-selected ML,glucose_07_c2.5_wF08,F08,7,2.5,2.5,2.5
glucose,4,Nested-selected ML,glucose_07_c2.5_wF09,F09,7,2.5,2.5,2.5
glucose,4,Nested-selected ML,glucose_07_c2.5_wF11,F11,7,2.5,2.48,2.48
glucose,4,Nested-selected ML,glucose_07_c2.5_wG01,G01,7,2.5,2.5,2.5
glucose,4,Nested-selected ML,glucose_07_c2.5_wG05,G05,7,2.5,2.5,2.5
glucose,4,Nested-selected ML,glucose_07_c2.5_wH07,H07,7,2.5,2.48,2.48
glucose,4,Nested-selected ML,glucose_08_c5_wA01,A01,8,5.0,4.9,4.9
glucose,4,Nested-selected ML,glucose_08_c5_wA02,A02,8,5.0,3.566666666666667,3.566666666666667
glucose,4,Nested-selected ML,glucose_08_c5_wA03,A03,8,5.0,4.966666666666667,4.966666666666667
glucose,4,Nested-selected ML,glucose_08_c5_wB03,B03,8,5.0,5.0,5.0
glucose,4,Nested-selected ML,glucose_08_c5_wB06,B06,8,5.0,5.0,5.0
glucose,4,Nested-selected ML,glucose_08_c5_wB07,B07,8,5.0,5.0,5.0
glucose,4,Nested-selected ML,glucose_08_c5_wC06,C06,8,5.0,5.0,5.0
glucose,4,Nested-selected ML,glucose_08_c5_wC07,C07,8,5.0,5.0,5.0
glucose,4,Nested-selected ML,glucose_08_c5_wD11,D11,8,5.0,5.2,5.2
glucose,4,Nested-selected ML,glucose_08_c5_wD12,D12,8,5.0,5.0,5.0
glucose,4,Nested-selected ML,glucose_08_c5_wE04,E04,8,5.0,5.0,5.0
glucose,4,Nested-selected ML,glucose_08_c5_wE12,E12,8,5.0,5.0,5.0
glucose,4,Nested-selected ML,glucose_08_c5_wF07,F07,8,5.0,5.0,5.0
glucose,4,Nested-selected ML,glucose_08_c5_wF08,F08,8,5.0,5.0,5.0
glucose,4,Nested-selected ML,glucose_08_c5_wF09,F09,8,5.0,5.0,5.0
glucose,4,Nested-selected ML,glucose_08_c5_wF11,F11,8,5.0,5.0,5.0
glucose,4,Nested-selected ML,glucose_08_c5_wG01,G01,8,5.0,5.0,5.0
glucose,4,Nested-selected ML,glucose_08_c5_wG05,G05,8,5.0,5.0,5.0
glucose,4,Nested-selected ML,glucose_08_c5_wH07,H07,8,5.0,5.0,5.0
glucose,4,Nested-selected ML,glucose_09_c10_wA01,A01,9,10.0,10.0,10.0
glucose,4,Nested-selected ML,glucose_09_c10_wA02,A02,9,10.0,10.133333333333333,10.133333333333333
glucose,4,Nested-selected ML,glucose_09_c10_wA03,A03,9,10.0,10.266666666666667,10.266666666666667
glucose,4,Nested-selected ML,glucose_09_c10_wB03,B03,9,10.0,10.0,10.0
glucose,4,Nested-selected ML,glucose_09_c10_wB06,B06,9,10.0,10.066666666666666,10.066666666666666
glucose,4,Nested-selected ML,glucose_09_c10_wB07,B07,9,10.0,10.4,10.4
glucose,4,Nested-selected ML,glucose_09_c10_wC06,C06,9,10.0,11.1,11.1
glucose,4,Nested-selected ML,glucose_09_c10_wC07,C07,9,10.0,10.2,10.2
glucose,4,Nested-selected ML,glucose_09_c10_wD11,D11,9,10.0,10.0,10.0
glucose,4,Nested-selected ML,glucose_09_c10_wD12,D12,9,10.0,10.0,10.0
glucose,4,Nested-selected ML,glucose_09_c10_wE04,E04,9,10.0,10.003333333333334,10.003333333333334
glucose,4,Nested-selected ML,glucose_09_c10_wE12,E12,9,10.0,10.0,10.0
glucose,4,Nested-selected ML,glucose_09_c10_wF07,F07,9,10.0,10.0,10.0
glucose,4,Nested-selected ML,glucose_09_c10_wF08,F08,9,10.0,10.033333333333331,10.033333333333331
glucose,4,Nested-selected ML,glucose_09_c10_wF09,F09,9,10.0,15.566666666666666,15.566666666666666
glucose,4,Nested-selected ML,glucose_09_c10_wF11,F11,9,10.0,10.266666666666667,10.266666666666667
glucose,4,Nested-selected ML,glucose_09_c10_wG01,G01,9,10.0,10.0,10.0
glucose,4,Nested-selected ML,glucose_09_c10_wG05,G05,9,10.0,11.8,11.8
glucose,4,Nested-selected ML,glucose_09_c10_wH07,H07,9,10.0,10.0,10.0
glucose,4,Nested-selected ML,glucose_10_c15_wA01,A01,10,15.0,17.033333333333335,17.033333333333335
glucose,4,Nested-selected ML,glucose_10_c15_wA02,A02,10,15.0,15.233333333333333,15.233333333333333
glucose,4,Nested-selected ML,glucose_10_c15_wA03,A03,10,15.0,12.066666666666666,12.066666666666666
glucose,4,Nested-selected ML,glucose_10_c15_wB03,B03,10,15.0,15.233333333333333,15.233333333333333
glucose,4,Nested-selected ML,glucose_10_c15_wB06,B06,10,15.0,15.033333333333331,15.033333333333331
glucose,4,Nested-selected ML,glucose_10_c15_wB07,B07,10,15.0,17.433333333333334,17.433333333333334
glucose,4,Nested-selected ML,glucose_10_c15_wC06,C06,10,15.0,15.0,15.0
glucose,4,Nested-selected ML,glucose_10_c15_wC07,C07,10,15.0,15.033333333333331,15.033333333333331
glucose,4,Nested-selected ML,glucose_10_c15_wD11,D11,10,15.0,18.366666666666667,18.366666666666667
glucose,4,Nested-selected ML,glucose_10_c15_wD12,D12,10,15.0,14.066666666666666,14.066666666666666
glucose,4,Nested-selected ML,glucose_10_c15_wE04,E04,10,15.0,14.9,14.9
glucose,4,Nested-selected ML,glucose_10_c15_wE12,E12,10,15.0,13.233333333333333,13.233333333333333
glucose,4,Nested-selected ML,glucose_10_c15_wF07,F07,10,15.0,15.1,15.1
glucose,4,Nested-selected ML,glucose_10_c15_wF08,F08,10,15.0,15.033333333333331,15.033333333333331
glucose,4,Nested-selected ML,glucose_10_c15_wF09,F09,10,15.0,15.766666666666667,15.766666666666667
glucose,4,Nested-selected ML,glucose_10_c15_wF11,F11,10,15.0,17.233333333333334,17.233333333333334
glucose,4,Nested-selected ML,glucose_10_c15_wG01,G01,10,15.0,16.0,16.0
glucose,4,Nested-selected ML,glucose_10_c15_wG05,G05,10,15.0,14.966666666666669,14.966666666666669
glucose,4,Nested-selected ML,glucose_10_c15_wH07,H07,10,15.0,16.5,16.5
glucose,4,Nested-selected ML,glucose_11_c20_wA01,A01,11,20.0,20.0,20.0
glucose,4,Nested-selected ML,glucose_11_c20_wA02,A02,11,20.0,20.0,20.0
glucose,4,Nested-selected ML,glucose_11_c20_wA03,A03,11,20.0,19.9,19.9
glucose,4,Nested-selected ML,glucose_11_c20_wB03,B03,11,20.0,19.866666666666667,19.866666666666667
glucose,4,Nested-selected ML,glucose_11_c20_wB06,B06,11,20.0,16.833333333333332,16.833333333333332
glucose,4,Nested-selected ML,glucose_11_c20_wB07,B07,11,20.0,19.766666666666666,19.766666666666666
glucose,4,Nested-selected ML,glucose_11_c20_wC06,C06,11,20.0,17.233333333333334,17.233333333333334
glucose,4,Nested-selected ML,glucose_11_c20_wC07,C07,11,20.0,18.066666666666663,18.066666666666663
glucose,4,Nested-selected ML,glucose_11_c20_wD11,D11,11,20.0,19.83333333333333,19.83333333333333
glucose,4,Nested-selected ML,glucose_11_c20_wD12,D12,11,20.0,19.716666666666665,19.716666666666665
glucose,4,Nested-selected ML,glucose_11_c20_wE04,E04,11,20.0,19.23333333333333,19.23333333333333
glucose,4,Nested-selected ML,glucose_11_c20_wE12,E12,11,20.0,19.883333333333333,19.883333333333333
glucose,4,Nested-selected ML,glucose_11_c20_wF07,F07,11,20.0,20.0,20.0
glucose,4,Nested-selected ML,glucose_11_c20_wF08,F08,11,20.0,19.5,19.5
glucose,4,Nested-selected ML,glucose_11_c20_wF09,F09,11,20.0,19.966666666666665,19.966666666666665
glucose,4,Nested-selected ML,glucose_11_c20_wF11,F11,11,20.0,19.666666666666668,19.666666666666668
glucose,4,Nested-selected ML,glucose_11_c20_wG01,G01,11,20.0,16.533333333333335,16.533333333333335
glucose,4,Nested-selected ML,glucose_11_c20_wG05,G05,11,20.0,19.83333333333333,19.83333333333333
glucose,4,Nested-selected ML,glucose_11_c20_wH07,H07,11,20.0,19.133333333333333,19.133333333333333
glucose,5,Nested-selected ML,glucose_01_c0_wA05,A05,1,0.0,0.2640000000000001,0.2640000000000001
glucose,5,Nested-selected ML,glucose_01_c0_wA09,A09,1,0.0,0.7333333333333333,0.7333333333333333
glucose,5,Nested-selected ML,glucose_01_c0_wB02,B02,1,0.0,0.1443333333333334,0.1443333333333334
glucose,5,Nested-selected ML,glucose_01_c0_wB05,B05,1,0.0,0.1746666666666667,0.1746666666666667
glucose,5,Nested-selected ML,glucose_01_c0_wB09,B09,1,0.0,0.1866666666666666,0.1866666666666666
glucose,5,Nested-selected ML,glucose_01_c0_wC11,C11,1,0.0,0.0933333333333333,0.0933333333333333
glucose,5,Nested-selected ML,glucose_01_c0_wD01,D01,1,0.0,0.22,0.22
glucose,5,Nested-selected ML,glucose_01_c0_wD04,D04,1,0.0,0.0820666666666665,0.0820666666666665
glucose,5,Nested-selected ML,glucose_01_c0_wD06,D06,1,0.0,0.6286666666666666,0.6286666666666666
glucose,5,Nested-selected ML,glucose_01_c0_wD08,D08,1,0.0,0.2366666666666666,0.2366666666666666
glucose,5,Nested-selected ML,glucose_01_c0_wE01,E01,1,0.0,0.1166666666666666,0.1166666666666666
glucose,5,Nested-selected ML,glucose_01_c0_wE05,E05,1,0.0,0.1652666666666668,0.1652666666666668
glucose,5,Nested-selected ML,glucose_01_c0_wE06,E06,1,0.0,0.1812000000000003,0.1812000000000003
glucose,5,Nested-selected ML,glucose_01_c0_wE09,E09,1,0.0,0.06,0.06
glucose,5,Nested-selected ML,glucose_01_c0_wF03,F03,1,0.0,0.6366666666666667,0.6366666666666667
glucose,5,Nested-selected ML,glucose_01_c0_wG10,G10,1,0.0,0.8333333333333334,0.8333333333333334
glucose,5,Nested-selected ML,glucose_01_c0_wH03,H03,1,0.0,0.6986666666666663,0.6986666666666663
glucose,5,Nested-selected ML,glucose_01_c0_wH08,H08,1,0.0,0.0987999999999997,0.0987999999999997
glucose,5,Nested-selected ML,glucose_01_c0_wH11,H11,1,0.0,0.2002666666666667,0.2002666666666667
glucose,5,Nested-selected ML,glucose_02_c0.01_wA05,A05,2,0.01,0.0277999999999999,0.0277999999999999
glucose,5,Nested-selected ML,glucose_02_c0.01_wA09,A09,2,0.01,0.0155999999999999,0.0155999999999999
glucose,5,Nested-selected ML,glucose_02_c0.01_wB02,B02,2,0.01,0.0347999999999999,0.0347999999999999
glucose,5,Nested-selected ML,glucose_02_c0.01_wB05,B05,2,0.01,0.0355999999999998,0.0355999999999998
glucose,5,Nested-selected ML,glucose_02_c0.01_wB09,B09,2,0.01,0.0279333333333332,0.0279333333333332
glucose,5,Nested-selected ML,glucose_02_c0.01_wC11,C11,2,0.01,0.0275999999999999,0.0275999999999999
glucose,5,Nested-selected ML,glucose_02_c0.01_wD01,D01,2,0.01,0.0490666666666665,0.0490666666666665
glucose,5,Nested-selected ML,glucose_02_c0.01_wD04,D04,2,0.01,0.0162666666666666,0.0162666666666666
glucose,5,Nested-selected ML,glucose_02_c0.01_wD06,D06,2,0.01,0.0157999999999999,0.0157999999999999
glucose,5,Nested-selected ML,glucose_02_c0.01_wD08,D08,2,0.01,0.0165333333333333,0.0165333333333333
glucose,5,Nested-selected ML,glucose_02_c0.01_wE01,E01,2,0.01,0.0463333333333332,0.0463333333333332
glucose,5,Nested-selected ML,glucose_02_c0.01_wE05,E05,2,0.01,0.0155333333333333,0.0155333333333333
glucose,5,Nested-selected ML,glucose_02_c0.01_wE06,E06,2,0.01,0.0216666666666666,0.0216666666666666
glucose,5,Nested-selected ML,glucose_02_c0.01_wE09,E09,2,0.01,0.0299333333333332,0.0299333333333332
glucose,5,Nested-selected ML,glucose_02_c0.01_wF03,F03,2,0.01,0.0746666666666666,0.0746666666666666
glucose,5,Nested-selected ML,glucose_02_c0.01_wG10,G10,2,0.01,0.0204666666666666,0.0204666666666666
glucose,5,Nested-selected ML,glucose_02_c0.01_wH03,H03,2,0.01,0.0195999999999999,0.0195999999999999
glucose,5,Nested-selected ML,glucose_02_c0.01_wH08,H08,2,0.01,0.0183333333333332,0.0183333333333332
glucose,5,Nested-selected ML,glucose_02_c0.01_wH11,H11,2,0.01,0.0902,0.0902
glucose,5,Nested-selected ML,glucose_03_c0.05_wA05,A05,3,0.05,0.0452666666666665,0.0452666666666665
glucose,5,Nested-selected ML,glucose_03_c0.05_wA09,A09,3,0.05,0.0454666666666665,0.0454666666666665
glucose,5,Nested-selected ML,glucose_03_c0.05_wB02,B02,3,0.05,0.0499999999999998,0.0499999999999998
glucose,5,Nested-selected ML,glucose_03_c0.05_wB05,B05,3,0.05,0.0536666666666665,0.0536666666666665
glucose,5,Nested-selected ML,glucose_03_c0.05_wB09,B09,3,0.05,0.0373333333333332,0.0373333333333332
glucose,5,Nested-selected ML,glucose_03_c0.05_wC11,C11,3,0.05,0.1036000000000001,0.1036000000000001
glucose,5,Nested-selected ML,glucose_03_c0.05_wD01,D01,3,0.05,0.0667333333333333,0.0667333333333333
glucose,5,Nested-selected ML,glucose_03_c0.05_wD04,D04,3,0.05,0.0495333333333332,0.0495333333333332
glucose,5,Nested-selected ML,glucose_03_c0.05_wD06,D06,3,0.05,0.0444666666666665,0.0444666666666665
glucose,5,Nested-selected ML,glucose_03_c0.05_wD08,D08,3,0.05,0.0300666666666665,0.0300666666666665
glucose,5,Nested-selected ML,glucose_03_c0.05_wE01,E01,3,0.05,0.0643333333333333,0.0643333333333333
glucose,5,Nested-selected ML,glucose_03_c0.05_wE05,E05,3,0.05,0.0465333333333332,0.0465333333333332
glucose,5,Nested-selected ML,glucose_03_c0.05_wE06,E06,3,0.05,0.0363999999999998,0.0363999999999998
glucose,5,Nested-selected ML,glucose_03_c0.05_wE09,E09,3,0.05,0.0457333333333332,0.0457333333333332
glucose,5,Nested-selected ML,glucose_03_c0.05_wF03,F03,3,0.05,0.0494666666666665,0.0494666666666665
glucose,5,Nested-selected ML,glucose_03_c0.05_wG10,G10,3,0.05,0.0397333333333332,0.0397333333333332
glucose,5,Nested-selected ML,glucose_03_c0.05_wH03,H03,3,0.05,0.0705999999999998,0.0705999999999998
glucose,5,Nested-selected ML,glucose_03_c0.05_wH08,H08,3,0.05,0.0307333333333332,0.0307333333333332
glucose,5,Nested-selected ML,glucose_03_c0.05_wH11,H11,3,0.05,0.0141333333333333,0.0141333333333333
glucose,5,Nested-selected ML,glucose_04_c0.1_wA05,A05,4,0.1,0.0895999999999997,0.0895999999999997
glucose,5,Nested-selected ML,glucose_04_c0.1_wA09,A09,4,0.1,0.2862000000000003,0.2862000000000003
glucose,5,Nested-selected ML,glucose_04_c0.1_wB02,B02,4,0.1,0.1893333333333337,0.1893333333333337
glucose,5,Nested-selected ML,glucose_04_c0.1_wB05,B05,4,0.1,0.0953333333333331,0.0953333333333331
glucose,5,Nested-selected ML,glucose_04_c0.1_wB09,B09,4,0.1,0.204666666666667,0.204666666666667
glucose,5,Nested-selected ML,glucose_04_c0.1_wC11,C11,4,0.1,0.0184666666666666,0.0184666666666666
glucose,5,Nested-selected ML,glucose_04_c0.1_wD01,D01,4,0.1,0.1033333333333331,0.1033333333333331
glucose,5,Nested-selected ML,glucose_04_c0.1_wD04,D04,4,0.1,0.0397999999999998,0.0397999999999998
glucose,5,Nested-selected ML,glucose_04_c0.1_wD06,D06,4,0.1,0.0775999999999999,0.0775999999999999
glucose,5,Nested-selected ML,glucose_04_c0.1_wD08,D08,4,0.1,0.3507333333333339,0.3507333333333339
glucose,5,Nested-selected ML,glucose_04_c0.1_wE01,E01,4,0.1,0.2420000000000003,0.2420000000000003
glucose,5,Nested-selected ML,glucose_04_c0.1_wE05,E05,4,0.1,0.0902666666666664,0.0902666666666664
glucose,5,Nested-selected ML,glucose_04_c0.1_wE06,E06,4,0.1,0.0903333333333331,0.0903333333333331
glucose,5,Nested-selected ML,glucose_04_c0.1_wE09,E09,4,0.1,0.0173333333333332,0.0173333333333332
glucose,5,Nested-selected ML,glucose_04_c0.1_wF03,F03,4,0.1,0.1324666666666669,0.1324666666666669
glucose,5,Nested-selected ML,glucose_04_c0.1_wG10,G10,4,0.1,0.0693999999999999,0.0693999999999999
glucose,5,Nested-selected ML,glucose_04_c0.1_wH03,H03,4,0.1,0.0587333333333331,0.0587333333333331
glucose,5,Nested-selected ML,glucose_04_c0.1_wH08,H08,4,0.1,0.2333333333333335,0.2333333333333335
glucose,5,Nested-selected ML,glucose_04_c0.1_wH11,H11,4,0.1,0.0102666666666666,0.0102666666666666
glucose,5,Nested-selected ML,glucose_05_c0.5_wA05,A05,5,0.5,0.5333333333333333,0.5333333333333333
glucose,5,Nested-selected ML,glucose_05_c0.5_wA09,A09,5,0.5,0.4180000000000001,0.4180000000000001
glucose,5,Nested-selected ML,glucose_05_c0.5_wB02,B02,5,0.5,0.4633333333333333,0.4633333333333333
glucose,5,Nested-selected ML,glucose_05_c0.5_wB05,B05,5,0.5,0.4866666666666667,0.4866666666666667
glucose,5,Nested-selected ML,glucose_05_c0.5_wB09,B09,5,0.5,0.5033333333333333,0.5033333333333333
glucose,5,Nested-selected ML,glucose_05_c0.5_wC11,C11,5,0.5,0.3067333333333333,0.3067333333333333
glucose,5,Nested-selected ML,glucose_05_c0.5_wD01,D01,5,0.5,0.42,0.42
glucose,5,Nested-selected ML,glucose_05_c0.5_wD04,D04,5,0.5,0.5533333333333333,0.5533333333333333
glucose,5,Nested-selected ML,glucose_05_c0.5_wD06,D06,5,0.5,0.1833333333333333,0.1833333333333333
glucose,5,Nested-selected ML,glucose_05_c0.5_wD08,D08,5,0.5,0.5,0.5
glucose,5,Nested-selected ML,glucose_05_c0.5_wE01,E01,5,0.5,0.4666666666666667,0.4666666666666667
glucose,5,Nested-selected ML,glucose_05_c0.5_wE05,E05,5,0.5,0.5166666666666667,0.5166666666666667
glucose,5,Nested-selected ML,glucose_05_c0.5_wE06,E06,5,0.5,0.6466666666666666,0.6466666666666666
glucose,5,Nested-selected ML,glucose_05_c0.5_wE09,E09,5,0.5,0.7566666666666667,0.7566666666666667
glucose,5,Nested-selected ML,glucose_05_c0.5_wF03,F03,5,0.5,0.58,0.58
glucose,5,Nested-selected ML,glucose_05_c0.5_wG10,G10,5,0.5,0.8066666666666666,0.8066666666666666
glucose,5,Nested-selected ML,glucose_05_c0.5_wH03,H03,5,0.5,0.9733333333333334,0.9733333333333334
glucose,5,Nested-selected ML,glucose_05_c0.5_wH08,H08,5,0.5,0.2137333333333333,0.2137333333333333
glucose,5,Nested-selected ML,glucose_05_c0.5_wH11,H11,5,0.5,0.32,0.32
glucose,5,Nested-selected ML,glucose_06_c1_wA05,A05,6,1.0,0.5233333333333333,0.5233333333333333
glucose,5,Nested-selected ML,glucose_06_c1_wA09,A09,6,1.0,0.1874666666666671,0.1874666666666671
glucose,5,Nested-selected ML,glucose_06_c1_wB02,B02,6,1.0,0.5833333333333334,0.5833333333333334
glucose,5,Nested-selected ML,glucose_06_c1_wB05,B05,6,1.0,0.3040666666666666,0.3040666666666666
glucose,5,Nested-selected ML,glucose_06_c1_wB09,B09,6,1.0,0.1676,0.1676
glucose,5,Nested-selected ML,glucose_06_c1_wC11,C11,6,1.0,0.1693333333333334,0.1693333333333334
glucose,5,Nested-selected ML,glucose_06_c1_wD01,D01,6,1.0,0.8666666666666667,0.8666666666666667
glucose,5,Nested-selected ML,glucose_06_c1_wD04,D04,6,1.0,0.8406,0.8406
glucose,5,Nested-selected ML,glucose_06_c1_wD06,D06,6,1.0,0.3533333333333333,0.3533333333333333
glucose,5,Nested-selected ML,glucose_06_c1_wD08,D08,6,1.0,0.6179999999999999,0.6179999999999999
glucose,5,Nested-selected ML,glucose_06_c1_wE01,E01,6,1.0,0.7166666666666667,0.7166666666666667
glucose,5,Nested-selected ML,glucose_06_c1_wE05,E05,6,1.0,0.93,0.93
glucose,5,Nested-selected ML,glucose_06_c1_wE06,E06,6,1.0,0.3733333333333333,0.3733333333333333
glucose,5,Nested-selected ML,glucose_06_c1_wE09,E09,6,1.0,0.9466666666666668,0.9466666666666668
glucose,5,Nested-selected ML,glucose_06_c1_wF03,F03,6,1.0,0.55,0.55
glucose,5,Nested-selected ML,glucose_06_c1_wG10,G10,6,1.0,0.9133333333333332,0.9133333333333332
glucose,5,Nested-selected ML,glucose_06_c1_wH03,H03,6,1.0,0.4266666666666667,0.4266666666666667
glucose,5,Nested-selected ML,glucose_06_c1_wH08,H08,6,1.0,0.9566666666666668,0.9566666666666668
glucose,5,Nested-selected ML,glucose_06_c1_wH11,H11,6,1.0,0.7135999999999997,0.7135999999999997
glucose,5,Nested-selected ML,glucose_07_c2.5_wA05,A05,7,2.5,2.5,2.5
glucose,5,Nested-selected ML,glucose_07_c2.5_wA09,A09,7,2.5,2.5,2.5
glucose,5,Nested-selected ML,glucose_07_c2.5_wB02,B02,7,2.5,2.583333333333333,2.583333333333333
glucose,5,Nested-selected ML,glucose_07_c2.5_wB05,B05,7,2.5,2.5,2.5
glucose,5,Nested-selected ML,glucose_07_c2.5_wB09,B09,7,2.5,2.5,2.5
glucose,5,Nested-selected ML,glucose_07_c2.5_wC11,C11,7,2.5,2.486666666666667,2.486666666666667
glucose,5,Nested-selected ML,glucose_07_c2.5_wD01,D01,7,2.5,2.5,2.5
glucose,5,Nested-selected ML,glucose_07_c2.5_wD04,D04,7,2.5,2.55,2.55
glucose,5,Nested-selected ML,glucose_07_c2.5_wD06,D06,7,2.5,2.5,2.5
glucose,5,Nested-selected ML,glucose_07_c2.5_wD08,D08,7,2.5,2.5,2.5
glucose,5,Nested-selected ML,glucose_07_c2.5_wE01,E01,7,2.5,2.5,2.5
glucose,5,Nested-selected ML,glucose_07_c2.5_wE05,E05,7,2.5,2.5,2.5
glucose,5,Nested-selected ML,glucose_07_c2.5_wE06,E06,7,2.5,2.5,2.5
glucose,5,Nested-selected ML,glucose_07_c2.5_wE09,E09,7,2.5,2.49,2.49
glucose,5,Nested-selected ML,glucose_07_c2.5_wF03,F03,7,2.5,2.5,2.5
glucose,5,Nested-selected ML,glucose_07_c2.5_wG10,G10,7,2.5,2.5,2.5
glucose,5,Nested-selected ML,glucose_07_c2.5_wH03,H03,7,2.5,2.55,2.55
glucose,5,Nested-selected ML,glucose_07_c2.5_wH08,H08,7,2.5,2.5,2.5
glucose,5,Nested-selected ML,glucose_07_c2.5_wH11,H11,7,2.5,2.5,2.5
glucose,5,Nested-selected ML,glucose_08_c5_wA05,A05,8,5.0,5.0,5.0
glucose,5,Nested-selected ML,glucose_08_c5_wA09,A09,8,5.0,4.933333333333334,4.933333333333334
glucose,5,Nested-selected ML,glucose_08_c5_wB02,B02,8,5.0,5.0,5.0
glucose,5,Nested-selected ML,glucose_08_c5_wB05,B05,8,5.0,5.1,5.1
glucose,5,Nested-selected ML,glucose_08_c5_wB09,B09,8,5.0,5.0,5.0
glucose,5,Nested-selected ML,glucose_08_c5_wC11,C11,8,5.0,5.0,5.0
glucose,5,Nested-selected ML,glucose_08_c5_wD01,D01,8,5.0,5.0,5.0
glucose,5,Nested-selected ML,glucose_08_c5_wD04,D04,8,5.0,5.0,5.0
glucose,5,Nested-selected ML,glucose_08_c5_wD06,D06,8,5.0,5.0,5.0
glucose,5,Nested-selected ML,glucose_08_c5_wD08,D08,8,5.0,5.0,5.0
glucose,5,Nested-selected ML,glucose_08_c5_wE01,E01,8,5.0,5.0,5.0
glucose,5,Nested-selected ML,glucose_08_c5_wE05,E05,8,5.0,5.0,5.0
glucose,5,Nested-selected ML,glucose_08_c5_wE06,E06,8,5.0,5.0,5.0
glucose,5,Nested-selected ML,glucose_08_c5_wE09,E09,8,5.0,5.0,5.0
glucose,5,Nested-selected ML,glucose_08_c5_wF03,F03,8,5.0,5.0,5.0
glucose,5,Nested-selected ML,glucose_08_c5_wG10,G10,8,5.0,5.0,5.0
glucose,5,Nested-selected ML,glucose_08_c5_wH03,H03,8,5.0,5.0,5.0
glucose,5,Nested-selected ML,glucose_08_c5_wH08,H08,8,5.0,5.0,5.0
glucose,5,Nested-selected ML,glucose_08_c5_wH11,H11,8,5.0,4.983333333333333,4.983333333333333
glucose,5,Nested-selected ML,glucose_09_c10_wA05,A05,9,10.0,10.433333333333334,10.433333333333334
glucose,5,Nested-selected ML,glucose_09_c10_wA09,A09,9,10.0,10.0,10.0
glucose,5,Nested-selected ML,glucose_09_c10_wB02,B02,9,10.0,10.0,10.0
glucose,5,Nested-selected ML,glucose_09_c10_wB05,B05,9,10.0,13.533333333333331,13.533333333333331
glucose,5,Nested-selected ML,glucose_09_c10_wB09,B09,9,10.0,10.0,10.0
glucose,5,Nested-selected ML,glucose_09_c10_wC11,C11,9,10.0,10.0,10.0
glucose,5,Nested-selected ML,glucose_09_c10_wD01,D01,9,10.0,10.0,10.0
glucose,5,Nested-selected ML,glucose_09_c10_wD04,D04,9,10.0,10.0,10.0
glucose,5,Nested-selected ML,glucose_09_c10_wD06,D06,9,10.0,10.066666666666666,10.066666666666666
glucose,5,Nested-selected ML,glucose_09_c10_wD08,D08,9,10.0,10.033333333333331,10.033333333333331
glucose,5,Nested-selected ML,glucose_09_c10_wE01,E01,9,10.0,10.0,10.0
glucose,5,Nested-selected ML,glucose_09_c10_wE05,E05,9,10.0,11.603333333333332,11.603333333333332
glucose,5,Nested-selected ML,glucose_09_c10_wE06,E06,9,10.0,10.233333333333333,10.233333333333333
glucose,5,Nested-selected ML,glucose_09_c10_wE09,E09,9,10.0,10.0,10.0
glucose,5,Nested-selected ML,glucose_09_c10_wF03,F03,9,10.0,10.0,10.0
glucose,5,Nested-selected ML,glucose_09_c10_wG10,G10,9,10.0,10.1,10.1
glucose,5,Nested-selected ML,glucose_09_c10_wH03,H03,9,10.0,10.0,10.0
glucose,5,Nested-selected ML,glucose_09_c10_wH08,H08,9,10.0,10.1,10.1
glucose,5,Nested-selected ML,glucose_09_c10_wH11,H11,9,10.0,10.0,10.0
glucose,5,Nested-selected ML,glucose_10_c15_wA05,A05,10,15.0,15.533333333333331,15.533333333333331
glucose,5,Nested-selected ML,glucose_10_c15_wA09,A09,10,15.0,15.166666666666666,15.166666666666666
glucose,5,Nested-selected ML,glucose_10_c15_wB02,B02,10,15.0,15.033333333333331,15.033333333333331
glucose,5,Nested-selected ML,glucose_10_c15_wB05,B05,10,15.0,15.066666666666666,15.066666666666666
glucose,5,Nested-selected ML,glucose_10_c15_wB09,B09,10,15.0,15.0,15.0
glucose,5,Nested-selected ML,glucose_10_c15_wC11,C11,10,15.0,14.0,14.0
glucose,5,Nested-selected ML,glucose_10_c15_wD01,D01,10,15.0,15.833333333333334,15.833333333333334
glucose,5,Nested-selected ML,glucose_10_c15_wD04,D04,10,15.0,15.166666666666666,15.166666666666666
glucose,5,Nested-selected ML,glucose_10_c15_wD06,D06,10,15.0,14.1,14.1
glucose,5,Nested-selected ML,glucose_10_c15_wD08,D08,10,15.0,15.166666666666666,15.166666666666666
glucose,5,Nested-selected ML,glucose_10_c15_wE01,E01,10,15.0,13.533333333333331,13.533333333333331
glucose,5,Nested-selected ML,glucose_10_c15_wE05,E05,10,15.0,15.0,15.0
glucose,5,Nested-selected ML,glucose_10_c15_wE06,E06,10,15.0,14.4,14.4
glucose,5,Nested-selected ML,glucose_10_c15_wE09,E09,10,15.0,14.533333333333331,14.533333333333331
glucose,5,Nested-selected ML,glucose_10_c15_wF03,F03,10,15.0,14.233333333333333,14.233333333333333
glucose,5,Nested-selected ML,glucose_10_c15_wG10,G10,10,15.0,15.3,15.3
glucose,5,Nested-selected ML,glucose_10_c15_wH03,H03,10,15.0,13.5,13.5
glucose,5,Nested-selected ML,glucose_10_c15_wH08,H08,10,15.0,15.5,15.5
glucose,5,Nested-selected ML,glucose_10_c15_wH11,H11,10,15.0,18.966666666666665,18.966666666666665
glucose,5,Nested-selected ML,glucose_11_c20_wA05,A05,11,20.0,19.8,19.8
glucose,5,Nested-selected ML,glucose_11_c20_wA09,A09,11,20.0,13.3,13.3
glucose,5,Nested-selected ML,glucose_11_c20_wB02,B02,11,20.0,20.0,20.0
glucose,5,Nested-selected ML,glucose_11_c20_wB05,B05,11,20.0,17.333333333333332,17.333333333333332
glucose,5,Nested-selected ML,glucose_11_c20_wB09,B09,11,20.0,18.7,18.7
glucose,5,Nested-selected ML,glucose_11_c20_wC11,C11,11,20.0,18.6,18.6
glucose,5,Nested-selected ML,glucose_11_c20_wD01,D01,11,20.0,19.23333333333333,19.23333333333333
glucose,5,Nested-selected ML,glucose_11_c20_wD04,D04,11,20.0,19.83333333333333,19.83333333333333
glucose,5,Nested-selected ML,glucose_11_c20_wD06,D06,11,20.0,19.933333333333334,19.933333333333334
glucose,5,Nested-selected ML,glucose_11_c20_wD08,D08,11,20.0,19.633333333333333,19.633333333333333
glucose,5,Nested-selected ML,glucose_11_c20_wE01,E01,11,20.0,19.933333333333334,19.933333333333334
glucose,5,Nested-selected ML,glucose_11_c20_wE05,E05,11,20.0,17.5,17.5
glucose,5,Nested-selected ML,glucose_11_c20_wE06,E06,11,20.0,19.866666666666667,19.866666666666667
glucose,5,Nested-selected ML,glucose_11_c20_wE09,E09,11,20.0,19.633333333333333,19.633333333333333
glucose,5,Nested-selected ML,glucose_11_c20_wF03,F03,11,20.0,19.73333333333333,19.73333333333333
glucose,5,Nested-selected ML,glucose_11_c20_wG10,G10,11,20.0,20.0,20.0
glucose,5,Nested-selected ML,glucose_11_c20_wH03,H03,11,20.0,13.833333333333334,13.833333333333334
glucose,5,Nested-selected ML,glucose_11_c20_wH08,H08,11,20.0,19.433333333333334,19.433333333333334
glucose,5,Nested-selected ML,glucose_11_c20_wH11,H11,11,20.0,19.7,19.7
ketone,1,Nested-selected ML,ketone_01_c0_wA06,A06,1,0.0,0.0838666666666665,0.0838666666666665
ketone,1,Nested-selected ML,ketone_01_c0_wA11,A11,1,0.0,0.0179333333333333,0.0179333333333333
ketone,1,Nested-selected ML,ketone_01_c0_wA12,A12,1,0.0,0.0592666666666665,0.0592666666666665
ketone,1,Nested-selected ML,ketone_01_c0_wC01,C01,1,0.0,0.0076,0.0076
ketone,1,Nested-selected ML,ketone_01_c0_wC03,C03,1,0.0,0.0001333333333333,0.0001333333333333
ketone,1,Nested-selected ML,ketone_01_c0_wC09,C09,1,0.0,0.0003333333333333,0.0003333333333333
ketone,1,Nested-selected ML,ketone_01_c0_wD02,D02,1,0.0,0.0066,0.0066
ketone,1,Nested-selected ML,ketone_01_c0_wD03,D03,1,0.0,0.0054666666666666,0.0054666666666666
ketone,1,Nested-selected ML,ketone_01_c0_wE02,E02,1,0.0,0.0034,0.0034
ketone,1,Nested-selected ML,ketone_01_c0_wE03,E03,1,0.0,0.0050666666666666,0.0050666666666666
ketone,1,Nested-selected ML,ketone_01_c0_wE08,E08,1,0.0,0.0001999999999999,0.0001999999999999
ketone,1,Nested-selected ML,ketone_01_c0_wE10,E10,1,0.0,0.0007333333333333,0.0007333333333333
ketone,1,Nested-selected ML,ketone_01_c0_wE11,E11,1,0.0,0.0001333333333333,0.0001333333333333
ketone,1,Nested-selected ML,ketone_01_c0_wF01,F01,1,0.0,0.0085333333333333,0.0085333333333333
ketone,1,Nested-selected ML,ketone_01_c0_wF12,F12,1,0.0,0.0007333333333333,0.0007333333333333
ketone,1,Nested-selected ML,ketone_01_c0_wG06,G06,1,0.0,0.0,0.0
ketone,1,Nested-selected ML,ketone_01_c0_wG09,G09,1,0.0,0.0022,0.0022
ketone,1,Nested-selected ML,ketone_01_c0_wG11,G11,1,0.0,0.0,0.0
ketone,1,Nested-selected ML,ketone_01_c0_wG12,G12,1,0.0,0.0004666666666666,0.0004666666666666
ketone,1,Nested-selected ML,ketone_01_c0_wH05,H05,1,0.0,0.0055333333333333,0.0055333333333333
ketone,1,Nested-selected ML,ketone_02_c0.01_wA06,A06,2,0.01,0.0098,0.0098
ketone,1,Nested-selected ML,ketone_02_c0.01_wA11,A11,2,0.01,0.0903333333333331,0.0903333333333331
ketone,1,Nested-selected ML,ketone_02_c0.01_wA12,A12,2,0.01,0.4771333333333334,0.4771333333333334
ketone,1,Nested-selected ML,ketone_02_c0.01_wC01,C01,2,0.01,0.0092,0.0092
ketone,1,Nested-selected ML,ketone_02_c0.01_wC03,C03,2,0.01,0.0041333333333333,0.0041333333333333
ketone,1,Nested-selected ML,ketone_02_c0.01_wC09,C09,2,0.01,0.0101333333333333,0.0101333333333333
ketone,1,Nested-selected ML,ketone_02_c0.01_wD02,D02,2,0.01,0.006,0.006
ketone,1,Nested-selected ML,ketone_02_c0.01_wD03,D03,2,0.01,0.0251999999999999,0.0251999999999999
ketone,1,Nested-selected ML,ketone_02_c0.01_wE02,E02,2,0.01,0.0068,0.0068
ketone,1,Nested-selected ML,ketone_02_c0.01_wE03,E03,2,0.01,0.0088666666666666,0.0088666666666666
ketone,1,Nested-selected ML,ketone_02_c0.01_wE08,E08,2,0.01,0.0101333333333333,0.0101333333333333
ketone,1,Nested-selected ML,ketone_02_c0.01_wE10,E10,2,0.01,0.0186666666666666,0.0186666666666666
ketone,1,Nested-selected ML,ketone_02_c0.01_wE11,E11,2,0.01,0.0148666666666666,0.0148666666666666
ketone,1,Nested-selected ML,ketone_02_c0.01_wF01,F01,2,0.01,0.0167999999999999,0.0167999999999999
ketone,1,Nested-selected ML,ketone_02_c0.01_wF12,F12,2,0.01,0.0223999999999999,0.0223999999999999
ketone,1,Nested-selected ML,ketone_02_c0.01_wG06,G06,2,0.01,0.0044,0.0044
ketone,1,Nested-selected ML,ketone_02_c0.01_wG09,G09,2,0.01,0.0417999999999998,0.0417999999999998
ketone,1,Nested-selected ML,ketone_02_c0.01_wG11,G11,2,0.01,0.0108,0.0108
ketone,1,Nested-selected ML,ketone_02_c0.01_wG12,G12,2,0.01,0.0349333333333332,0.0349333333333332
ketone,1,Nested-selected ML,ketone_02_c0.01_wH05,H05,2,0.01,0.0036,0.0036
ketone,1,Nested-selected ML,ketone_03_c0.05_wA06,A06,3,0.05,0.0517333333333332,0.0517333333333332
ketone,1,Nested-selected ML,ketone_03_c0.05_wA11,A11,3,0.05,0.0918666666666668,0.0918666666666668
ketone,1,Nested-selected ML,ketone_03_c0.05_wA12,A12,3,0.05,0.0972666666666668,0.0972666666666668
ketone,1,Nested-selected ML,ketone_03_c0.05_wC01,C01,3,0.05,0.0501999999999998,0.0501999999999998
ketone,1,Nested-selected ML,ketone_03_c0.05_wC03,C03,3,0.05,0.0399999999999999,0.0399999999999999
ketone,1,Nested-selected ML,ketone_03_c0.05_wC09,C09,3,0.05,0.0506666666666665,0.0506666666666665
ketone,1,Nested-selected ML,ketone_03_c0.05_wD02,D02,3,0.05,0.0386666666666666,0.0386666666666666
ketone,1,Nested-selected ML,ketone_03_c0.05_wD03,D03,3,0.05,0.0416666666666665,0.0416666666666665
ketone,1,Nested-selected ML,ketone_03_c0.05_wE02,E02,3,0.05,0.0793333333333332,0.0793333333333332
ketone,1,Nested-selected ML,ketone_03_c0.05_wE03,E03,3,0.05,0.0367333333333332,0.0367333333333332
ketone,1,Nested-selected ML,ketone_03_c0.05_wE08,E08,3,0.05,0.0697999999999999,0.0697999999999999
ketone,1,Nested-selected ML,ketone_03_c0.05_wE10,E10,3,0.05,0.011,0.011
ketone,1,Nested-selected ML,ketone_03_c0.05_wE11,E11,3,0.05,0.0381333333333332,0.0381333333333332
ketone,1,Nested-selected ML,ketone_03_c0.05_wF01,F01,3,0.05,0.0381333333333332,0.0381333333333332
ketone,1,Nested-selected ML,ketone_03_c0.05_wF12,F12,3,0.05,0.0419333333333332,0.0419333333333332
ketone,1,Nested-selected ML,ketone_03_c0.05_wG06,G06,3,0.05,0.0419333333333332,0.0419333333333332
ketone,1,Nested-selected ML,ketone_03_c0.05_wG09,G09,3,0.05,0.0110666666666666,0.0110666666666666
ketone,1,Nested-selected ML,ketone_03_c0.05_wG11,G11,3,0.05,0.0271333333333332,0.0271333333333332
ketone,1,Nested-selected ML,ketone_03_c0.05_wG12,G12,3,0.05,0.0199999999999999,0.0199999999999999
ketone,1,Nested-selected ML,ketone_03_c0.05_wH05,H05,3,0.05,0.0301999999999999,0.0301999999999999
ketone,1,Nested-selected ML,ketone_04_c0.1_wA06,A06,4,0.1,0.0650666666666666,0.0650666666666666
ketone,1,Nested-selected ML,ketone_04_c0.1_wA11,A11,4,0.1,0.0617999999999999,0.0617999999999999
ketone,1,Nested-selected ML,ketone_04_c0.1_wA12,A12,4,0.1,0.0971333333333331,0.0971333333333331
ketone,1,Nested-selected ML,ketone_04_c0.1_wC01,C01,4,0.1,0.0947999999999997,0.0947999999999997
ketone,1,Nested-selected ML,ketone_04_c0.1_wC03,C03,4,0.1,0.0879999999999998,0.0879999999999998
ketone,1,Nested-selected ML,ketone_04_c0.1_wC09,C09,4,0.1,0.0936666666666664,0.0936666666666664
ketone,1,Nested-selected ML,ketone_04_c0.1_wD02,D02,4,0.1,0.0609999999999999,0.0609999999999999
ketone,1,Nested-selected ML,ketone_04_c0.1_wD03,D03,4,0.1,0.0969999999999998,0.0969999999999998
ketone,1,Nested-selected ML,ketone_04_c0.1_wE02,E02,4,0.1,0.0621999999999999,0.0621999999999999
ketone,1,Nested-selected ML,ketone_04_c0.1_wE03,E03,4,0.1,0.0900666666666665,0.0900666666666665
ketone,1,Nested-selected ML,ketone_04_c0.1_wE08,E08,4,0.1,0.0989999999999997,0.0989999999999997
ketone,1,Nested-selected ML,ketone_04_c0.1_wE10,E10,4,0.1,0.0989999999999997,0.0989999999999997
ketone,1,Nested-selected ML,ketone_04_c0.1_wE11,E11,4,0.1,0.0673333333333332,0.0673333333333332
ketone,1,Nested-selected ML,ketone_04_c0.1_wF01,F01,4,0.1,0.0993333333333331,0.0993333333333331
ketone,1,Nested-selected ML,ketone_04_c0.1_wF12,F12,4,0.1,0.0859999999999998,0.0859999999999998
ketone,1,Nested-selected ML,ketone_04_c0.1_wG06,G06,4,0.1,0.0993333333333331,0.0993333333333331
ketone,1,Nested-selected ML,ketone_04_c0.1_wG09,G09,4,0.1,0.0565333333333332,0.0565333333333332
ketone,1,Nested-selected ML,ketone_04_c0.1_wG11,G11,4,0.1,0.0269333333333332,0.0269333333333332
ketone,1,Nested-selected ML,ketone_04_c0.1_wG12,G12,4,0.1,0.0973333333333331,0.0973333333333331
ketone,1,Nested-selected ML,ketone_04_c0.1_wH05,H05,4,0.1,0.0996666666666664,0.0996666666666664
ketone,1,Nested-selected ML,ketone_05_c0.5_wA06,A06,5,0.5,0.1022666666666668,0.1022666666666668
ketone,1,Nested-selected ML,ketone_05_c0.5_wA11,A11,5,0.5,0.5,0.5
ketone,1,Nested-selected ML,ketone_05_c0.5_wA12,A12,5,0.5,0.5,0.5
ketone,1,Nested-selected ML,ketone_05_c0.5_wC01,C01,5,0.5,0.5,0.5
ketone,1,Nested-selected ML,ketone_05_c0.5_wC03,C03,5,0.5,0.5,0.5
ketone,1,Nested-selected ML,ketone_05_c0.5_wC09,C09,5,0.5,0.5,0.5
ketone,1,Nested-selected ML,ketone_05_c0.5_wD02,D02,5,0.5,0.5,0.5
ketone,1,Nested-selected ML,ketone_05_c0.5_wD03,D03,5,0.5,0.5,0.5
ketone,1,Nested-selected ML,ketone_05_c0.5_wE02,E02,5,0.5,0.5,0.5
ketone,1,Nested-selected ML,ketone_05_c0.5_wE03,E03,5,0.5,0.5,0.5
ketone,1,Nested-selected ML,ketone_05_c0.5_wE08,E08,5,0.5,0.5,0.5
ketone,1,Nested-selected ML,ketone_05_c0.5_wE10,E10,5,0.5,0.5,0.5
ketone,1,Nested-selected ML,ketone_05_c0.5_wE11,E11,5,0.5,0.5,0.5
ketone,1,Nested-selected ML,ketone_05_c0.5_wF01,F01,5,0.5,0.5,0.5
ketone,1,Nested-selected ML,ketone_05_c0.5_wF12,F12,5,0.5,0.5,0.5
ketone,1,Nested-selected ML,ketone_05_c0.5_wG06,G06,5,0.5,0.5,0.5
ketone,1,Nested-selected ML,ketone_05_c0.5_wG09,G09,5,0.5,0.5,0.5
ketone,1,Nested-selected ML,ketone_05_c0.5_wG11,G11,5,0.5,0.5,0.5
ketone,1,Nested-selected ML,ketone_05_c0.5_wG12,G12,5,0.5,0.5,0.5
ketone,1,Nested-selected ML,ketone_05_c0.5_wH05,H05,5,0.5,0.4601333333333332,0.4601333333333332
ketone,1,Nested-selected ML,ketone_06_c1_wA06,A06,6,1.0,1.0,1.0
ketone,1,Nested-selected ML,ketone_06_c1_wA11,A11,6,1.0,1.0,1.0
ketone,1,Nested-selected ML,ketone_06_c1_wA12,A12,6,1.0,1.0,1.0
ketone,1,Nested-selected ML,ketone_06_c1_wC01,C01,6,1.0,1.0,1.0
ketone,1,Nested-selected ML,ketone_06_c1_wC03,C03,6,1.0,1.0,1.0
ketone,1,Nested-selected ML,ketone_06_c1_wC09,C09,6,1.0,1.0,1.0
ketone,1,Nested-selected ML,ketone_06_c1_wD02,D02,6,1.0,1.0,1.0
ketone,1,Nested-selected ML,ketone_06_c1_wD03,D03,6,1.0,1.0,1.0
ketone,1,Nested-selected ML,ketone_06_c1_wE02,E02,6,1.0,1.0,1.0
ketone,1,Nested-selected ML,ketone_06_c1_wE03,E03,6,1.0,1.0,1.0
ketone,1,Nested-selected ML,ketone_06_c1_wE08,E08,6,1.0,1.0,1.0
ketone,1,Nested-selected ML,ketone_06_c1_wE10,E10,6,1.0,1.0,1.0
ketone,1,Nested-selected ML,ketone_06_c1_wE11,E11,6,1.0,1.0,1.0
ketone,1,Nested-selected ML,ketone_06_c1_wF01,F01,6,1.0,1.0,1.0
ketone,1,Nested-selected ML,ketone_06_c1_wF12,F12,6,1.0,1.0,1.0
ketone,1,Nested-selected ML,ketone_06_c1_wG06,G06,6,1.0,1.0,1.0
ketone,1,Nested-selected ML,ketone_06_c1_wG09,G09,6,1.0,1.0,1.0
ketone,1,Nested-selected ML,ketone_06_c1_wG11,G11,6,1.0,1.0,1.0
ketone,1,Nested-selected ML,ketone_06_c1_wG12,G12,6,1.0,1.0,1.0
ketone,1,Nested-selected ML,ketone_06_c1_wH05,H05,6,1.0,1.0,1.0
ketone,1,Nested-selected ML,ketone_07_c5_wA06,A06,7,5.0,5.0,5.0
ketone,1,Nested-selected ML,ketone_07_c5_wA11,A11,7,5.0,5.0,5.0
ketone,1,Nested-selected ML,ketone_07_c5_wA12,A12,7,5.0,5.0,5.0
ketone,1,Nested-selected ML,ketone_07_c5_wC01,C01,7,5.0,5.0,5.0
ketone,1,Nested-selected ML,ketone_07_c5_wC03,C03,7,5.0,5.0,5.0
ketone,1,Nested-selected ML,ketone_07_c5_wC09,C09,7,5.0,5.0,5.0
ketone,1,Nested-selected ML,ketone_07_c5_wD02,D02,7,5.0,5.0,5.0
ketone,1,Nested-selected ML,ketone_07_c5_wD03,D03,7,5.0,5.0,5.0
ketone,1,Nested-selected ML,ketone_07_c5_wE02,E02,7,5.0,5.0,5.0
ketone,1,Nested-selected ML,ketone_07_c5_wE03,E03,7,5.0,2.36,2.36
ketone,1,Nested-selected ML,ketone_07_c5_wE08,E08,7,5.0,5.0,5.0
ketone,1,Nested-selected ML,ketone_07_c5_wE10,E10,7,5.0,5.0,5.0
ketone,1,Nested-selected ML,ketone_07_c5_wE11,E11,7,5.0,5.0,5.0
ketone,1,Nested-selected ML,ketone_07_c5_wF01,F01,7,5.0,5.0,5.0
ketone,1,Nested-selected ML,ketone_07_c5_wF12,F12,7,5.0,5.0,5.0
ketone,1,Nested-selected ML,ketone_07_c5_wG06,G06,7,5.0,5.0,5.0
ketone,1,Nested-selected ML,ketone_07_c5_wG09,G09,7,5.0,5.0,5.0
ketone,1,Nested-selected ML,ketone_07_c5_wG11,G11,7,5.0,5.0,5.0
ketone,1,Nested-selected ML,ketone_07_c5_wG12,G12,7,5.0,5.0,5.0
ketone,1,Nested-selected ML,ketone_07_c5_wH05,H05,7,5.0,5.0,5.0
ketone,1,Nested-selected ML,ketone_08_c10_wA06,A06,8,10.0,9.466666666666669,9.466666666666669
ketone,1,Nested-selected ML,ketone_08_c10_wA11,A11,8,10.0,9.666666666666666,9.666666666666666
ketone,1,Nested-selected ML,ketone_08_c10_wA12,A12,8,10.0,10.0,10.0
ketone,1,Nested-selected ML,ketone_08_c10_wC01,C01,8,10.0,10.0,10.0
ketone,1,Nested-selected ML,ketone_08_c10_wC03,C03,8,10.0,10.0,10.0
ketone,1,Nested-selected ML,ketone_08_c10_wC09,C09,8,10.0,10.0,10.0
ketone,1,Nested-selected ML,ketone_08_c10_wD02,D02,8,10.0,10.0,10.0
ketone,1,Nested-selected ML,ketone_08_c10_wD03,D03,8,10.0,10.0,10.0
ketone,1,Nested-selected ML,ketone_08_c10_wE02,E02,8,10.0,10.0,10.0
ketone,1,Nested-selected ML,ketone_08_c10_wE03,E03,8,10.0,10.0,10.0
ketone,1,Nested-selected ML,ketone_08_c10_wE08,E08,8,10.0,10.0,10.0
ketone,1,Nested-selected ML,ketone_08_c10_wE10,E10,8,10.0,10.0,10.0
ketone,1,Nested-selected ML,ketone_08_c10_wE11,E11,8,10.0,10.0,10.0
ketone,1,Nested-selected ML,ketone_08_c10_wF01,F01,8,10.0,10.0,10.0
ketone,1,Nested-selected ML,ketone_08_c10_wF12,F12,8,10.0,10.0,10.0
ketone,1,Nested-selected ML,ketone_08_c10_wG06,G06,8,10.0,10.0,10.0
ketone,1,Nested-selected ML,ketone_08_c10_wG09,G09,8,10.0,10.0,10.0
ketone,1,Nested-selected ML,ketone_08_c10_wG11,G11,8,10.0,10.0,10.0
ketone,1,Nested-selected ML,ketone_08_c10_wG12,G12,8,10.0,10.0,10.0
ketone,1,Nested-selected ML,ketone_08_c10_wH05,H05,8,10.0,10.0,10.0
ketone,2,Nested-selected ML,ketone_01_c0_wA04,A04,1,0.0,0.0269999999999999,0.0269999999999999
ketone,2,Nested-selected ML,ketone_01_c0_wB04,B04,1,0.0,0.0018,0.0018
ketone,2,Nested-selected ML,ketone_01_c0_wB08,B08,1,0.0,0.0044,0.0044
ketone,2,Nested-selected ML,ketone_01_c0_wB10,B10,1,0.0,0.0067333333333333,0.0067333333333333
ketone,2,Nested-selected ML,ketone_01_c0_wB12,B12,1,0.0,0.0382666666666665,0.0382666666666665
ketone,2,Nested-selected ML,ketone_01_c0_wC04,C04,1,0.0,0.0014666666666666,0.0014666666666666
ketone,2,Nested-selected ML,ketone_01_c0_wC08,C08,1,0.0,6.666666666666667e-05,6.666666666666667e-05
ketone,2,Nested-selected ML,ketone_01_c0_wC12,C12,1,0.0,0.0272666666666666,0.0272666666666666
ketone,2,Nested-selected ML,ketone_01_c0_wD07,D07,1,0.0,0.0004,0.0004
ketone,2,Nested-selected ML,ketone_01_c0_wE07,E07,1,0.0,0.0176666666666666,0.0176666666666666
ketone,2,Nested-selected ML,ketone_01_c0_wF02,F02,1,0.0,0.0012,0.0012
ketone,2,Nested-selected ML,ketone_01_c0_wF05,F05,1,0.0,0.0,0.0
ketone,2,Nested-selected ML,ketone_01_c0_wF06,F06,1,0.0,0.0003333333333333,0.0003333333333333
ketone,2,Nested-selected ML,ketone_01_c0_wF10,F10,1,0.0,0.0021333333333333,0.0021333333333333
ketone,2,Nested-selected ML,ketone_01_c0_wG03,G03,1,0.0,0.0011333333333333,0.0011333333333333
ketone,2,Nested-selected ML,ketone_01_c0_wH01,H01,1,0.0,0.0331999999999999,0.0331999999999999
ketone,2,Nested-selected ML,ketone_01_c0_wH02,H02,1,0.0,0.0001333333333333,0.0001333333333333
ketone,2,Nested-selected ML,ketone_01_c0_wH04,H04,1,0.0,0.0001333333333333,0.0001333333333333
ketone,2,Nested-selected ML,ketone_01_c0_wH06,H06,1,0.0,0.0074,0.0074
ketone,2,Nested-selected ML,ketone_02_c0.01_wA04,A04,2,0.01,0.0143999999999999,0.0143999999999999
ketone,2,Nested-selected ML,ketone_02_c0.01_wB04,B04,2,0.01,0.0092666666666666,0.0092666666666666
ketone,2,Nested-selected ML,ketone_02_c0.01_wB08,B08,2,0.01,0.013,0.013
ketone,2,Nested-selected ML,ketone_02_c0.01_wB10,B10,2,0.01,0.0038,0.0038
ketone,2,Nested-selected ML,ketone_02_c0.01_wB12,B12,2,0.01,0.4742666666666665,0.4742666666666665
ketone,2,Nested-selected ML,ketone_02_c0.01_wC04,C04,2,0.01,0.0097333333333333,0.0097333333333333
ketone,2,Nested-selected ML,ketone_02_c0.01_wC08,C08,2,0.01,0.01,0.01
ketone,2,Nested-selected ML,ketone_02_c0.01_wC12,C12,2,0.01,0.0157333333333333,0.0157333333333333
ketone,2,Nested-selected ML,ketone_02_c0.01_wD07,D07,2,0.01,0.0061333333333333,0.0061333333333333
ketone,2,Nested-selected ML,ketone_02_c0.01_wE07,E07,2,0.01,0.0104,0.0104
ketone,2,Nested-selected ML,ketone_02_c0.01_wF02,F02,2,0.01,0.0063333333333333,0.0063333333333333
ketone,2,Nested-selected ML,ketone_02_c0.01_wF05,F05,2,0.01,0.0099333333333333,0.0099333333333333
ketone,2,Nested-selected ML,ketone_02_c0.01_wF06,F06,2,0.01,0.0313999999999999,0.0313999999999999
ketone,2,Nested-selected ML,ketone_02_c0.01_wF10,F10,2,0.01,0.0101333333333333,0.0101333333333333
ketone,2,Nested-selected ML,ketone_02_c0.01_wG03,G03,2,0.01,0.0076666666666666,0.0076666666666666
ketone,2,Nested-selected ML,ketone_02_c0.01_wH01,H01,2,0.01,0.0059333333333333,0.0059333333333333
ketone,2,Nested-selected ML,ketone_02_c0.01_wH02,H02,2,0.01,0.0072,0.0072
ketone,2,Nested-selected ML,ketone_02_c0.01_wH04,H04,2,0.01,0.0151999999999999,0.0151999999999999
ketone,2,Nested-selected ML,ketone_02_c0.01_wH06,H06,2,0.01,0.0,0.0
ketone,2,Nested-selected ML,ketone_03_c0.05_wA04,A04,3,0.05,0.0506666666666665,0.0506666666666665
ketone,2,Nested-selected ML,ketone_03_c0.05_wB04,B04,3,0.05,0.0511333333333332,0.0511333333333332
ketone,2,Nested-selected ML,ketone_03_c0.05_wB08,B08,3,0.05,0.0871999999999998,0.0871999999999998
ketone,2,Nested-selected ML,ketone_03_c0.05_wB10,B10,3,0.05,0.0506666666666665,0.0506666666666665
ketone,2,Nested-selected ML,ketone_03_c0.05_wB12,B12,3,0.05,0.0803333333333332,0.0803333333333332
ketone,2,Nested-selected ML,ketone_03_c0.05_wC04,C04,3,0.05,0.0523999999999998,0.0523999999999998
ketone,2,Nested-selected ML,ketone_03_c0.05_wC08,C08,3,0.05,0.0839999999999999,0.0839999999999999
ketone,2,Nested-selected ML,ketone_03_c0.05_wC12,C12,3,0.05,0.0796666666666665,0.0796666666666665
ketone,2,Nested-selected ML,ketone_03_c0.05_wD07,D07,3,0.05,0.0488666666666665,0.0488666666666665
ketone,2,Nested-selected ML,ketone_03_c0.05_wE07,E07,3,0.05,0.0339999999999999,0.0339999999999999
ketone,2,Nested-selected ML,ketone_03_c0.05_wF02,F02,3,0.05,0.0837999999999998,0.0837999999999998
ketone,2,Nested-selected ML,ketone_03_c0.05_wF05,F05,3,0.05,0.0319999999999999,0.0319999999999999
ketone,2,Nested-selected ML,ketone_03_c0.05_wF06,F06,3,0.05,0.0305999999999999,0.0305999999999999
ketone,2,Nested-selected ML,ketone_03_c0.05_wF10,F10,3,0.05,0.0298666666666666,0.0298666666666666
ketone,2,Nested-selected ML,ketone_03_c0.05_wG03,G03,3,0.05,0.0020666666666666,0.0020666666666666
ketone,2,Nested-selected ML,ketone_03_c0.05_wH01,H01,3,0.05,0.0674666666666666,0.0674666666666666
ketone,2,Nested-selected ML,ketone_03_c0.05_wH02,H02,3,0.05,0.0178666666666666,0.0178666666666666
ketone,2,Nested-selected ML,ketone_03_c0.05_wH04,H04,3,0.05,0.0799999999999998,0.0799999999999998
ketone,2,Nested-selected ML,ketone_03_c0.05_wH06,H06,3,0.05,0.0683333333333332,0.0683333333333332
ketone,2,Nested-selected ML,ketone_04_c0.1_wA04,A04,4,0.1,0.0579999999999999,0.0579999999999999
ketone,2,Nested-selected ML,ketone_04_c0.1_wB04,B04,4,0.1,0.0956666666666664,0.0956666666666664
ketone,2,Nested-selected ML,ketone_04_c0.1_wB08,B08,4,0.1,0.0443333333333332,0.0443333333333332
ketone,2,Nested-selected ML,ketone_04_c0.1_wB10,B10,4,0.1,0.0781999999999998,0.0781999999999998
ketone,2,Nested-selected ML,ketone_04_c0.1_wB12,B12,4,0.1,0.0881999999999998,0.0881999999999998
ketone,2,Nested-selected ML,ketone_04_c0.1_wC04,C04,4,0.1,0.0732666666666666,0.0732666666666666
ketone,2,Nested-selected ML,ketone_04_c0.1_wC08,C08,4,0.1,0.0927999999999998,0.0927999999999998
ketone,2,Nested-selected ML,ketone_04_c0.1_wC12,C12,4,0.1,0.0537333333333331,0.0537333333333331
ketone,2,Nested-selected ML,ketone_04_c0.1_wD07,D07,4,0.1,0.0976666666666664,0.0976666666666664
ketone,2,Nested-selected ML,ketone_04_c0.1_wE07,E07,4,0.1,0.0967999999999998,0.0967999999999998
ketone,2,Nested-selected ML,ketone_04_c0.1_wF02,F02,4,0.1,0.0989999999999997,0.0989999999999997
ketone,2,Nested-selected ML,ketone_04_c0.1_wF05,F05,4,0.1,0.0802666666666664,0.0802666666666664
ketone,2,Nested-selected ML,ketone_04_c0.1_wF06,F06,4,0.1,0.0922666666666664,0.0922666666666664
ketone,2,Nested-selected ML,ketone_04_c0.1_wF10,F10,4,0.1,0.0993333333333331,0.0993333333333331
ketone,2,Nested-selected ML,ketone_04_c0.1_wG03,G03,4,0.1,0.0169333333333333,0.0169333333333333
ketone,2,Nested-selected ML,ketone_04_c0.1_wH01,H01,4,0.1,0.0661999999999998,0.0661999999999998
ketone,2,Nested-selected ML,ketone_04_c0.1_wH02,H02,4,0.1,0.0919999999999997,0.0919999999999997
ketone,2,Nested-selected ML,ketone_04_c0.1_wH04,H04,4,0.1,0.0973333333333331,0.0973333333333331
ketone,2,Nested-selected ML,ketone_04_c0.1_wH06,H06,4,0.1,0.0989999999999997,0.0989999999999997
ketone,2,Nested-selected ML,ketone_05_c0.5_wA04,A04,5,0.5,0.5,0.5
ketone,2,Nested-selected ML,ketone_05_c0.5_wB04,B04,5,0.5,0.5,0.5
ketone,2,Nested-selected ML,ketone_05_c0.5_wB08,B08,5,0.5,0.5,0.5
ketone,2,Nested-selected ML,ketone_05_c0.5_wB10,B10,5,0.5,0.5,0.5
ketone,2,Nested-selected ML,ketone_05_c0.5_wB12,B12,5,0.5,0.5,0.5
ketone,2,Nested-selected ML,ketone_05_c0.5_wC04,C04,5,0.5,0.5,0.5
ketone,2,Nested-selected ML,ketone_05_c0.5_wC08,C08,5,0.5,0.5,0.5
ketone,2,Nested-selected ML,ketone_05_c0.5_wC12,C12,5,0.5,0.5,0.5
ketone,2,Nested-selected ML,ketone_05_c0.5_wD07,D07,5,0.5,0.5,0.5
ketone,2,Nested-selected ML,ketone_05_c0.5_wE07,E07,5,0.5,0.5,0.5
ketone,2,Nested-selected ML,ketone_05_c0.5_wF02,F02,5,0.5,0.5,0.5
ketone,2,Nested-selected ML,ketone_05_c0.5_wF05,F05,5,0.5,0.5,0.5
ketone,2,Nested-selected ML,ketone_05_c0.5_wF06,F06,5,0.5,0.5,0.5
ketone,2,Nested-selected ML,ketone_05_c0.5_wF10,F10,5,0.5,0.5,0.5
ketone,2,Nested-selected ML,ketone_05_c0.5_wG03,G03,5,0.5,0.5,0.5
ketone,2,Nested-selected ML,ketone_05_c0.5_wH01,H01,5,0.5,0.4482666666666665,0.4482666666666665
ketone,2,Nested-selected ML,ketone_05_c0.5_wH02,H02,5,0.5,0.5,0.5
ketone,2,Nested-selected ML,ketone_05_c0.5_wH04,H04,5,0.5,0.5,0.5
ketone,2,Nested-selected ML,ketone_05_c0.5_wH06,H06,5,0.5,0.4841999999999999,0.4841999999999999
ketone,2,Nested-selected ML,ketone_06_c1_wA04,A04,6,1.0,1.0,1.0
ketone,2,Nested-selected ML,ketone_06_c1_wB04,B04,6,1.0,1.0,1.0
ketone,2,Nested-selected ML,ketone_06_c1_wB08,B08,6,1.0,1.0,1.0
ketone,2,Nested-selected ML,ketone_06_c1_wB10,B10,6,1.0,1.0,1.0
ketone,2,Nested-selected ML,ketone_06_c1_wB12,B12,6,1.0,1.0,1.0
ketone,2,Nested-selected ML,ketone_06_c1_wC04,C04,6,1.0,1.0,1.0
ketone,2,Nested-selected ML,ketone_06_c1_wC08,C08,6,1.0,1.0,1.0
ketone,2,Nested-selected ML,ketone_06_c1_wC12,C12,6,1.0,1.0,1.0
ketone,2,Nested-selected ML,ketone_06_c1_wD07,D07,6,1.0,1.0,1.0
ketone,2,Nested-selected ML,ketone_06_c1_wE07,E07,6,1.0,1.0,1.0
ketone,2,Nested-selected ML,ketone_06_c1_wF02,F02,6,1.0,1.0,1.0
ketone,2,Nested-selected ML,ketone_06_c1_wF05,F05,6,1.0,1.0,1.0
ketone,2,Nested-selected ML,ketone_06_c1_wF06,F06,6,1.0,1.0,1.0
ketone,2,Nested-selected ML,ketone_06_c1_wF10,F10,6,1.0,1.0,1.0
ketone,2,Nested-selected ML,ketone_06_c1_wG03,G03,6,1.0,1.0,1.0
ketone,2,Nested-selected ML,ketone_06_c1_wH01,H01,6,1.0,1.0,1.0
ketone,2,Nested-selected ML,ketone_06_c1_wH02,H02,6,1.0,1.0,1.0
ketone,2,Nested-selected ML,ketone_06_c1_wH04,H04,6,1.0,1.0,1.0
ketone,2,Nested-selected ML,ketone_06_c1_wH06,H06,6,1.0,1.0,1.0
ketone,2,Nested-selected ML,ketone_07_c5_wA04,A04,7,5.0,5.0,5.0
ketone,2,Nested-selected ML,ketone_07_c5_wB04,B04,7,5.0,5.0,5.0
ketone,2,Nested-selected ML,ketone_07_c5_wB08,B08,7,5.0,5.0,5.0
ketone,2,Nested-selected ML,ketone_07_c5_wB10,B10,7,5.0,5.0,5.0
ketone,2,Nested-selected ML,ketone_07_c5_wB12,B12,7,5.0,5.0,5.0
ketone,2,Nested-selected ML,ketone_07_c5_wC04,C04,7,5.0,5.0,5.0
ketone,2,Nested-selected ML,ketone_07_c5_wC08,C08,7,5.0,5.0,5.0
ketone,2,Nested-selected ML,ketone_07_c5_wC12,C12,7,5.0,5.0,5.0
ketone,2,Nested-selected ML,ketone_07_c5_wD07,D07,7,5.0,5.0,5.0
ketone,2,Nested-selected ML,ketone_07_c5_wE07,E07,7,5.0,5.0,5.0
ketone,2,Nested-selected ML,ketone_07_c5_wF02,F02,7,5.0,5.0,5.0
ketone,2,Nested-selected ML,ketone_07_c5_wF05,F05,7,5.0,5.0,5.0
ketone,2,Nested-selected ML,ketone_07_c5_wF06,F06,7,5.0,5.0,5.0
ketone,2,Nested-selected ML,ketone_07_c5_wF10,F10,7,5.0,5.0,5.0
ketone,2,Nested-selected ML,ketone_07_c5_wG03,G03,7,5.0,5.0,5.0
ketone,2,Nested-selected ML,ketone_07_c5_wH01,H01,7,5.0,5.0,5.0
ketone,2,Nested-selected ML,ketone_07_c5_wH02,H02,7,5.0,5.0,5.0
ketone,2,Nested-selected ML,ketone_07_c5_wH04,H04,7,5.0,5.0,5.0
ketone,2,Nested-selected ML,ketone_07_c5_wH06,H06,7,5.0,5.0,5.0
ketone,2,Nested-selected ML,ketone_08_c10_wA04,A04,8,10.0,10.0,10.0
ketone,2,Nested-selected ML,ketone_08_c10_wB04,B04,8,10.0,10.0,10.0
ketone,2,Nested-selected ML,ketone_08_c10_wB08,B08,8,10.0,10.0,10.0
ketone,2,Nested-selected ML,ketone_08_c10_wB10,B10,8,10.0,10.0,10.0
ketone,2,Nested-selected ML,ketone_08_c10_wB12,B12,8,10.0,10.0,10.0
ketone,2,Nested-selected ML,ketone_08_c10_wC04,C04,8,10.0,10.0,10.0
ketone,2,Nested-selected ML,ketone_08_c10_wC08,C08,8,10.0,10.0,10.0
ketone,2,Nested-selected ML,ketone_08_c10_wC12,C12,8,10.0,10.0,10.0
ketone,2,Nested-selected ML,ketone_08_c10_wD07,D07,8,10.0,10.0,10.0
ketone,2,Nested-selected ML,ketone_08_c10_wE07,E07,8,10.0,10.0,10.0
ketone,2,Nested-selected ML,ketone_08_c10_wF02,F02,8,10.0,10.0,10.0
ketone,2,Nested-selected ML,ketone_08_c10_wF05,F05,8,10.0,10.0,10.0
ketone,2,Nested-selected ML,ketone_08_c10_wF06,F06,8,10.0,10.0,10.0
ketone,2,Nested-selected ML,ketone_08_c10_wF10,F10,8,10.0,10.0,10.0
ketone,2,Nested-selected ML,ketone_08_c10_wG03,G03,8,10.0,10.0,10.0
ketone,2,Nested-selected ML,ketone_08_c10_wH01,H01,8,10.0,9.866666666666667,9.866666666666667
ketone,2,Nested-selected ML,ketone_08_c10_wH02,H02,8,10.0,9.833333333333334,9.833333333333334
ketone,2,Nested-selected ML,ketone_08_c10_wH04,H04,8,10.0,10.0,10.0
ketone,2,Nested-selected ML,ketone_08_c10_wH06,H06,8,10.0,10.0,10.0
ketone,3,Nested-selected ML,ketone_01_c0_wA07,A07,1,0.0,0.1420000000000002,0.1420000000000002
ketone,3,Nested-selected ML,ketone_01_c0_wA08,A08,1,0.0,0.0155999999999999,0.0155999999999999
ketone,3,Nested-selected ML,ketone_01_c0_wA10,A10,1,0.0,0.0340666666666666,0.0340666666666666
ketone,3,Nested-selected ML,ketone_01_c0_wB01,B01,1,0.0,0.0067333333333333,0.0067333333333333
ketone,3,Nested-selected ML,ketone_01_c0_wB11,B11,1,0.0,0.0028666666666666,0.0028666666666666
ketone,3,Nested-selected ML,ketone_01_c0_wC02,C02,1,0.0,0.0016666666666666,0.0016666666666666
ketone,3,Nested-selected ML,ketone_01_c0_wC05,C05,1,0.0,0.0041333333333333,0.0041333333333333
ketone,3,Nested-selected ML,ketone_01_c0_wC10,C10,1,0.0,0.0014,0.0014
ketone,3,Nested-selected ML,ketone_01_c0_wD05,D05,1,0.0,0.0045333333333333,0.0045333333333333
ketone,3,Nested-selected ML,ketone_01_c0_wD09,D09,1,0.0,0.0044666666666666,0.0044666666666666
ketone,3,Nested-selected ML,ketone_01_c0_wD10,D10,1,0.0,0.0025333333333333,0.0025333333333333
ketone,3,Nested-selected ML,ketone_01_c0_wF04,F04,1,0.0,6.666666666666667e-05,6.666666666666667e-05
ketone,3,Nested-selected ML,ketone_01_c0_wG02,G02,1,0.0,0.0012,0.0012
ketone,3,Nested-selected ML,ketone_01_c0_wG04,G04,1,0.0,0.0,0.0
ketone,3,Nested-selected ML,ketone_01_c0_wG07,G07,1,0.0,0.0154666666666666,0.0154666666666666
ketone,3,Nested-selected ML,ketone_01_c0_wG08,G08,1,0.0,0.0001333333333333,0.0001333333333333
ketone,3,Nested-selected ML,ketone_01_c0_wH09,H09,1,0.0,0.003,0.003
ketone,3,Nested-selected ML,ketone_01_c0_wH10,H10,1,0.0,0.0007333333333333,0.0007333333333333
ketone,3,Nested-selected ML,ketone_01_c0_wH12,H12,1,0.0,0.0058666666666666,0.0058666666666666
ketone,3,Nested-selected ML,ketone_02_c0.01_wA07,A07,2,0.01,0.0067333333333333,0.0067333333333333
ketone,3,Nested-selected ML,ketone_02_c0.01_wA08,A08,2,0.01,0.0203333333333332,0.0203333333333332
ketone,3,Nested-selected ML,ketone_02_c0.01_wA10,A10,2,0.01,0.0767333333333332,0.0767333333333332
ketone,3,Nested-selected ML,ketone_02_c0.01_wB01,B01,2,0.01,0.0047333333333333,0.0047333333333333
ketone,3,Nested-selected ML,ketone_02_c0.01_wB11,B11,2,0.01,0.0069333333333333,0.0069333333333333
ketone,3,Nested-selected ML,ketone_02_c0.01_wC02,C02,2,0.01,0.0094666666666666,0.0094666666666666
ketone,3,Nested-selected ML,ketone_02_c0.01_wC05,C05,2,0.01,0.0109333333333333,0.0109333333333333
ketone,3,Nested-selected ML,ketone_02_c0.01_wC10,C10,2,0.01,0.0431333333333332,0.0431333333333332
ketone,3,Nested-selected ML,ketone_02_c0.01_wD05,D05,2,0.01,0.0116,0.0116
ketone,3,Nested-selected ML,ketone_02_c0.01_wD09,D09,2,0.01,0.0469333333333332,0.0469333333333332
ketone,3,Nested-selected ML,ketone_02_c0.01_wD10,D10,2,0.01,0.0101333333333333,0.0101333333333333
ketone,3,Nested-selected ML,ketone_02_c0.01_wF04,F04,2,0.01,0.0068,0.0068
ketone,3,Nested-selected ML,ketone_02_c0.01_wG02,G02,2,0.01,0.0077333333333333,0.0077333333333333
ketone,3,Nested-selected ML,ketone_02_c0.01_wG04,G04,2,0.01,0.0085333333333333,0.0085333333333333
ketone,3,Nested-selected ML,ketone_02_c0.01_wG07,G07,2,0.01,0.0052,0.0052
ketone,3,Nested-selected ML,ketone_02_c0.01_wG08,G08,2,0.01,0.0194666666666666,0.0194666666666666
ketone,3,Nested-selected ML,ketone_02_c0.01_wH09,H09,2,0.01,0.0489333333333332,0.0489333333333332
ketone,3,Nested-selected ML,ketone_02_c0.01_wH10,H10,2,0.01,0.0526666666666665,0.0526666666666665
ketone,3,Nested-selected ML,ketone_02_c0.01_wH12,H12,2,0.01,0.0205333333333333,0.0205333333333333
ketone,3,Nested-selected ML,ketone_03_c0.05_wA07,A07,3,0.05,0.0573333333333332,0.0573333333333332
ketone,3,Nested-selected ML,ketone_03_c0.05_wA08,A08,3,0.05,0.0696666666666666,0.0696666666666666
ketone,3,Nested-selected ML,ketone_03_c0.05_wA10,A10,3,0.05,0.0579999999999999,0.0579999999999999
ketone,3,Nested-selected ML,ketone_03_c0.05_wB01,B01,3,0.05,0.0739999999999999,0.0739999999999999
ketone,3,Nested-selected ML,ketone_03_c0.05_wB11,B11,3,0.05,0.2475333333333334,0.2475333333333334
ketone,3,Nested-selected ML,ketone_03_c0.05_wC02,C02,3,0.05,0.0893333333333332,0.0893333333333332
ketone,3,Nested-selected ML,ketone_03_c0.05_wC05,C05,3,0.05,0.0556666666666665,0.0556666666666665
ketone,3,Nested-selected ML,ketone_03_c0.05_wC10,C10,3,0.05,0.0786666666666666,0.0786666666666666
ketone,3,Nested-selected ML,ketone_03_c0.05_wD05,D05,3,0.05,0.0506666666666665,0.0506666666666665
ketone,3,Nested-selected ML,ketone_03_c0.05_wD09,D09,3,0.05,0.0507333333333332,0.0507333333333332
ketone,3,Nested-selected ML,ketone_03_c0.05_wD10,D10,3,0.05,0.0335333333333332,0.0335333333333332
ketone,3,Nested-selected ML,ketone_03_c0.05_wF04,F04,3,0.05,0.0372666666666665,0.0372666666666665
ketone,3,Nested-selected ML,ketone_03_c0.05_wG02,G02,3,0.05,0.0681999999999999,0.0681999999999999
ketone,3,Nested-selected ML,ketone_03_c0.05_wG04,G04,3,0.05,0.0319333333333332,0.0319333333333332
ketone,3,Nested-selected ML,ketone_03_c0.05_wG07,G07,3,0.05,0.0393333333333332,0.0393333333333332
ketone,3,Nested-selected ML,ketone_03_c0.05_wG08,G08,3,0.05,0.1478000000000002,0.1478000000000002
ketone,3,Nested-selected ML,ketone_03_c0.05_wH09,H09,3,0.05,0.0335999999999999,0.0335999999999999
ketone,3,Nested-selected ML,ketone_03_c0.05_wH10,H10,3,0.05,0.0287999999999999,0.0287999999999999
ketone,3,Nested-selected ML,ketone_03_c0.05_wH12,H12,3,0.05,0.0262666666666666,0.0262666666666666
ketone,3,Nested-selected ML,ketone_04_c0.1_wA07,A07,4,0.1,0.0893333333333332,0.0893333333333332
ketone,3,Nested-selected ML,ketone_04_c0.1_wA08,A08,4,0.1,0.0910666666666665,0.0910666666666665
ketone,3,Nested-selected ML,ketone_04_c0.1_wA10,A10,4,0.1,0.0829999999999999,0.0829999999999999
ketone,3,Nested-selected ML,ketone_04_c0.1_wB01,B01,4,0.1,0.0969999999999997,0.0969999999999997
ketone,3,Nested-selected ML,ketone_04_c0.1_wB11,B11,4,0.1,0.0619333333333332,0.0619333333333332
ketone,3,Nested-selected ML,ketone_04_c0.1_wC02,C02,4,0.1,0.1066666666666664,0.1066666666666664
ketone,3,Nested-selected ML,ketone_04_c0.1_wC05,C05,4,0.1,0.0903333333333331,0.0903333333333331
ketone,3,Nested-selected ML,ketone_04_c0.1_wC10,C10,4,0.1,0.0789333333333331,0.0789333333333331
ketone,3,Nested-selected ML,ketone_04_c0.1_wD05,D05,4,0.1,0.0979999999999997,0.0979999999999997
ketone,3,Nested-selected ML,ketone_04_c0.1_wD09,D09,4,0.1,0.0906666666666664,0.0906666666666664
ketone,3,Nested-selected ML,ketone_04_c0.1_wD10,D10,4,0.1,0.0969999999999997,0.0969999999999997
ketone,3,Nested-selected ML,ketone_04_c0.1_wF04,F04,4,0.1,0.0947999999999997,0.0947999999999997
ketone,3,Nested-selected ML,ketone_04_c0.1_wG02,G02,4,0.1,0.0823333333333331,0.0823333333333331
ketone,3,Nested-selected ML,ketone_04_c0.1_wG04,G04,4,0.1,0.0915999999999997,0.0915999999999997
ketone,3,Nested-selected ML,ketone_04_c0.1_wG07,G07,4,0.1,0.0609333333333332,0.0609333333333332
ketone,3,Nested-selected ML,ketone_04_c0.1_wG08,G08,4,0.1,0.0805999999999999,0.0805999999999999
ketone,3,Nested-selected ML,ketone_04_c0.1_wH09,H09,4,0.1,0.0649333333333332,0.0649333333333332
ketone,3,Nested-selected ML,ketone_04_c0.1_wH10,H10,4,0.1,0.0478666666666665,0.0478666666666665
ketone,3,Nested-selected ML,ketone_04_c0.1_wH12,H12,4,0.1,0.0426666666666665,0.0426666666666665
ketone,3,Nested-selected ML,ketone_05_c0.5_wA07,A07,5,0.5,0.3659999999999999,0.3659999999999999
ketone,3,Nested-selected ML,ketone_05_c0.5_wA08,A08,5,0.5,0.5,0.5
ketone,3,Nested-selected ML,ketone_05_c0.5_wA10,A10,5,0.5,0.5,0.5
ketone,3,Nested-selected ML,ketone_05_c0.5_wB01,B01,5,0.5,0.5,0.5
ketone,3,Nested-selected ML,ketone_05_c0.5_wB11,B11,5,0.5,0.5,0.5
ketone,3,Nested-selected ML,ketone_05_c0.5_wC02,C02,5,0.5,0.5,0.5
ketone,3,Nested-selected ML,ketone_05_c0.5_wC05,C05,5,0.5,0.5,0.5
ketone,3,Nested-selected ML,ketone_05_c0.5_wC10,C10,5,0.5,0.5,0.5
ketone,3,Nested-selected ML,ketone_05_c0.5_wD05,D05,5,0.5,0.5,0.5
ketone,3,Nested-selected ML,ketone_05_c0.5_wD09,D09,5,0.5,0.5,0.5
ketone,3,Nested-selected ML,ketone_05_c0.5_wD10,D10,5,0.5,0.5,0.5
ketone,3,Nested-selected ML,ketone_05_c0.5_wF04,F04,5,0.5,0.5,0.5
ketone,3,Nested-selected ML,ketone_05_c0.5_wG02,G02,5,0.5,0.5,0.5
ketone,3,Nested-selected ML,ketone_05_c0.5_wG04,G04,5,0.5,0.5,0.5
ketone,3,Nested-selected ML,ketone_05_c0.5_wG07,G07,5,0.5,0.5,0.5
ketone,3,Nested-selected ML,ketone_05_c0.5_wG08,G08,5,0.5,0.5,0.5
ketone,3,Nested-selected ML,ketone_05_c0.5_wH09,H09,5,0.5,0.2619333333333333,0.2619333333333333
ketone,3,Nested-selected ML,ketone_05_c0.5_wH10,H10,5,0.5,0.0204666666666666,0.0204666666666666
ketone,3,Nested-selected ML,ketone_05_c0.5_wH12,H12,5,0.5,0.2623333333333333,0.2623333333333333
ketone,3,Nested-selected ML,ketone_06_c1_wA07,A07,6,1.0,1.0,1.0
ketone,3,Nested-selected ML,ketone_06_c1_wA08,A08,6,1.0,1.0,1.0
ketone,3,Nested-selected ML,ketone_06_c1_wA10,A10,6,1.0,1.0,1.0
ketone,3,Nested-selected ML,ketone_06_c1_wB01,B01,6,1.0,1.0,1.0
ketone,3,Nested-selected ML,ketone_06_c1_wB11,B11,6,1.0,1.0,1.0
ketone,3,Nested-selected ML,ketone_06_c1_wC02,C02,6,1.0,1.0,1.0
ketone,3,Nested-selected ML,ketone_06_c1_wC05,C05,6,1.0,1.0,1.0
ketone,3,Nested-selected ML,ketone_06_c1_wC10,C10,6,1.0,1.0,1.0
ketone,3,Nested-selected ML,ketone_06_c1_wD05,D05,6,1.0,1.0,1.0
ketone,3,Nested-selected ML,ketone_06_c1_wD09,D09,6,1.0,1.0,1.0
ketone,3,Nested-selected ML,ketone_06_c1_wD10,D10,6,1.0,1.0,1.0
ketone,3,Nested-selected ML,ketone_06_c1_wF04,F04,6,1.0,1.0,1.0
ketone,3,Nested-selected ML,ketone_06_c1_wG02,G02,6,1.0,1.0,1.0
ketone,3,Nested-selected ML,ketone_06_c1_wG04,G04,6,1.0,1.0,1.0
ketone,3,Nested-selected ML,ketone_06_c1_wG07,G07,6,1.0,1.0,1.0
ketone,3,Nested-selected ML,ketone_06_c1_wG08,G08,6,1.0,1.0,1.0
ketone,3,Nested-selected ML,ketone_06_c1_wH09,H09,6,1.0,1.0,1.0
ketone,3,Nested-selected ML,ketone_06_c1_wH10,H10,6,1.0,1.2666666666666666,1.2666666666666666
ketone,3,Nested-selected ML,ketone_06_c1_wH12,H12,6,1.0,1.0,1.0
ketone,3,Nested-selected ML,ketone_07_c5_wA07,A07,7,5.0,5.0,5.0
ketone,3,Nested-selected ML,ketone_07_c5_wA08,A08,7,5.0,5.0,5.0
ketone,3,Nested-selected ML,ketone_07_c5_wA10,A10,7,5.0,5.0,5.0
ketone,3,Nested-selected ML,ketone_07_c5_wB01,B01,7,5.0,5.0,5.0
ketone,3,Nested-selected ML,ketone_07_c5_wB11,B11,7,5.0,5.0,5.0
ketone,3,Nested-selected ML,ketone_07_c5_wC02,C02,7,5.0,5.0,5.0
ketone,3,Nested-selected ML,ketone_07_c5_wC05,C05,7,5.0,5.0,5.0
ketone,3,Nested-selected ML,ketone_07_c5_wC10,C10,7,5.0,5.0,5.0
ketone,3,Nested-selected ML,ketone_07_c5_wD05,D05,7,5.0,5.0,5.0
ketone,3,Nested-selected ML,ketone_07_c5_wD09,D09,7,5.0,5.0,5.0
ketone,3,Nested-selected ML,ketone_07_c5_wD10,D10,7,5.0,5.0,5.0
ketone,3,Nested-selected ML,ketone_07_c5_wF04,F04,7,5.0,5.0,5.0
ketone,3,Nested-selected ML,ketone_07_c5_wG02,G02,7,5.0,5.0,5.0
ketone,3,Nested-selected ML,ketone_07_c5_wG04,G04,7,5.0,5.0,5.0
ketone,3,Nested-selected ML,ketone_07_c5_wG07,G07,7,5.0,5.0,5.0
ketone,3,Nested-selected ML,ketone_07_c5_wG08,G08,7,5.0,5.0,5.0
ketone,3,Nested-selected ML,ketone_07_c5_wH09,H09,7,5.0,5.0,5.0
ketone,3,Nested-selected ML,ketone_07_c5_wH10,H10,7,5.0,5.0,5.0
ketone,3,Nested-selected ML,ketone_07_c5_wH12,H12,7,5.0,5.0,5.0
ketone,3,Nested-selected ML,ketone_08_c10_wA07,A07,8,10.0,10.0,10.0
ketone,3,Nested-selected ML,ketone_08_c10_wA08,A08,8,10.0,6.466666666666667,6.466666666666667
ketone,3,Nested-selected ML,ketone_08_c10_wA10,A10,8,10.0,6.466666666666667,6.466666666666667
ketone,3,Nested-selected ML,ketone_08_c10_wB01,B01,8,10.0,10.0,10.0
ketone,3,Nested-selected ML,ketone_08_c10_wB11,B11,8,10.0,10.0,10.0
ketone,3,Nested-selected ML,ketone_08_c10_wC02,C02,8,10.0,10.0,10.0
ketone,3,Nested-selected ML,ketone_08_c10_wC05,C05,8,10.0,10.0,10.0
ketone,3,Nested-selected ML,ketone_08_c10_wC10,C10,8,10.0,10.0,10.0
ketone,3,Nested-selected ML,ketone_08_c10_wD05,D05,8,10.0,10.0,10.0
ketone,3,Nested-selected ML,ketone_08_c10_wD09,D09,8,10.0,10.0,10.0
ketone,3,Nested-selected ML,ketone_08_c10_wD10,D10,8,10.0,10.0,10.0
ketone,3,Nested-selected ML,ketone_08_c10_wF04,F04,8,10.0,10.0,10.0
ketone,3,Nested-selected ML,ketone_08_c10_wG02,G02,8,10.0,10.0,10.0
ketone,3,Nested-selected ML,ketone_08_c10_wG04,G04,8,10.0,10.0,10.0
ketone,3,Nested-selected ML,ketone_08_c10_wG07,G07,8,10.0,10.0,10.0
ketone,3,Nested-selected ML,ketone_08_c10_wG08,G08,8,10.0,10.0,10.0
ketone,3,Nested-selected ML,ketone_08_c10_wH09,H09,8,10.0,10.0,10.0
ketone,3,Nested-selected ML,ketone_08_c10_wH10,H10,8,10.0,10.0,10.0
ketone,3,Nested-selected ML,ketone_08_c10_wH12,H12,8,10.0,10.0,10.0
ketone,4,Nested-selected ML,ketone_01_c0_wA01,A01,1,0.0,0.0388666666666666,0.0388666666666666
ketone,4,Nested-selected ML,ketone_01_c0_wA02,A02,1,0.0,0.0301333333333332,0.0301333333333332
ketone,4,Nested-selected ML,ketone_01_c0_wA03,A03,1,0.0,0.0429999999999998,0.0429999999999998
ketone,4,Nested-selected ML,ketone_01_c0_wB03,B03,1,0.0,0.0004,0.0004
ketone,4,Nested-selected ML,ketone_01_c0_wB06,B06,1,0.0,0.0314666666666666,0.0314666666666666
ketone,4,Nested-selected ML,ketone_01_c0_wB07,B07,1,0.0,0.0497999999999998,0.0497999999999998
ketone,4,Nested-selected ML,ketone_01_c0_wC06,C06,1,0.0,0.0004666666666666,0.0004666666666666
ketone,4,Nested-selected ML,ketone_01_c0_wC07,C07,1,0.0,0.0427333333333332,0.0427333333333332
ketone,4,Nested-selected ML,ketone_01_c0_wD11,D11,1,0.0,0.0,0.0
ketone,4,Nested-selected ML,ketone_01_c0_wD12,D12,1,0.0,0.0165333333333333,0.0165333333333333
ketone,4,Nested-selected ML,ketone_01_c0_wE04,E04,1,0.0,0.007,0.007
ketone,4,Nested-selected ML,ketone_01_c0_wE12,E12,1,0.0,0.0275333333333332,0.0275333333333332
ketone,4,Nested-selected ML,ketone_01_c0_wF07,F07,1,0.0,0.0,0.0
ketone,4,Nested-selected ML,ketone_01_c0_wF08,F08,1,0.0,0.0,0.0
ketone,4,Nested-selected ML,ketone_01_c0_wF09,F09,1,0.0,6.666666666666667e-05,6.666666666666667e-05
ketone,4,Nested-selected ML,ketone_01_c0_wF11,F11,1,0.0,0.0001333333333333,0.0001333333333333
ketone,4,Nested-selected ML,ketone_01_c0_wG01,G01,1,0.0,0.0090666666666666,0.0090666666666666
ketone,4,Nested-selected ML,ketone_01_c0_wG05,G05,1,0.0,6.666666666666668e-05,6.666666666666668e-05
ketone,4,Nested-selected ML,ketone_01_c0_wH07,H07,1,0.0,0.0088,0.0088
ketone,4,Nested-selected ML,ketone_02_c0.01_wA01,A01,2,0.01,0.0001999999999999,0.0001999999999999
ketone,4,Nested-selected ML,ketone_02_c0.01_wA02,A02,2,0.01,0.0065333333333333,0.0065333333333333
ketone,4,Nested-selected ML,ketone_02_c0.01_wA03,A03,2,0.01,0.0247333333333332,0.0247333333333332
ketone,4,Nested-selected ML,ketone_02_c0.01_wB03,B03,2,0.01,0.0096666666666666,0.0096666666666666
ketone,4,Nested-selected ML,ketone_02_c0.01_wB06,B06,2,0.01,0.0082,0.0082
ketone,4,Nested-selected ML,ketone_02_c0.01_wB07,B07,2,0.01,0.007,0.007
ketone,4,Nested-selected ML,ketone_02_c0.01_wC06,C06,2,0.01,0.0106,0.0106
ketone,4,Nested-selected ML,ketone_02_c0.01_wC07,C07,2,0.01,0.0086666666666666,0.0086666666666666
ketone,4,Nested-selected ML,ketone_02_c0.01_wD11,D11,2,0.01,0.0072,0.0072
ketone,4,Nested-selected ML,ketone_02_c0.01_wD12,D12,2,0.01,0.0964666666666664,0.0964666666666664
ketone,4,Nested-selected ML,ketone_02_c0.01_wE04,E04,2,0.01,0.0098,0.0098
ketone,4,Nested-selected ML,ketone_02_c0.01_wE12,E12,2,0.01,0.0185333333333333,0.0185333333333333
ketone,4,Nested-selected ML,ketone_02_c0.01_wF07,F07,2,0.01,0.0143999999999999,0.0143999999999999
ketone,4,Nested-selected ML,ketone_02_c0.01_wF08,F08,2,0.01,0.0074666666666666,0.0074666666666666
ketone,4,Nested-selected ML,ketone_02_c0.01_wF09,F09,2,0.01,0.0189333333333332,0.0189333333333332
ketone,4,Nested-selected ML,ketone_02_c0.01_wF11,F11,2,0.01,0.0148666666666666,0.0148666666666666
ketone,4,Nested-selected ML,ketone_02_c0.01_wG01,G01,2,0.01,0.0037333333333333,0.0037333333333333
ketone,4,Nested-selected ML,ketone_02_c0.01_wG05,G05,2,0.01,0.0110666666666666,0.0110666666666666
ketone,4,Nested-selected ML,ketone_02_c0.01_wH07,H07,2,0.01,0.0338666666666665,0.0338666666666665
ketone,4,Nested-selected ML,ketone_03_c0.05_wA01,A01,3,0.05,0.0739999999999999,0.0739999999999999
ketone,4,Nested-selected ML,ketone_03_c0.05_wA02,A02,3,0.05,0.0959999999999998,0.0959999999999998
ketone,4,Nested-selected ML,ketone_03_c0.05_wA03,A03,3,0.05,0.0526666666666665,0.0526666666666665
ketone,4,Nested-selected ML,ketone_03_c0.05_wB03,B03,3,0.05,0.0486666666666665,0.0486666666666665
ketone,4,Nested-selected ML,ketone_03_c0.05_wB06,B06,3,0.05,0.0576666666666665,0.0576666666666665
ketone,4,Nested-selected ML,ketone_03_c0.05_wB07,B07,3,0.05,0.0600666666666666,0.0600666666666666
ketone,4,Nested-selected ML,ketone_03_c0.05_wC06,C06,3,0.05,0.0481333333333332,0.0481333333333332
ketone,4,Nested-selected ML,ketone_03_c0.05_wC07,C07,3,0.05,0.0654666666666666,0.0654666666666666
ketone,4,Nested-selected ML,ketone_03_c0.05_wD11,D11,3,0.05,0.0461999999999998,0.0461999999999998
ketone,4,Nested-selected ML,ketone_03_c0.05_wD12,D12,3,0.05,0.0477999999999998,0.0477999999999998
ketone,4,Nested-selected ML,ketone_03_c0.05_wE04,E04,3,0.05,0.0643999999999999,0.0643999999999999
ketone,4,Nested-selected ML,ketone_03_c0.05_wE12,E12,3,0.05,0.0497333333333332,0.0497333333333332
ketone,4,Nested-selected ML,ketone_03_c0.05_wF07,F07,3,0.05,0.0464666666666665,0.0464666666666665
ketone,4,Nested-selected ML,ketone_03_c0.05_wF08,F08,3,0.05,0.3295333333333332,0.3295333333333332
ketone,4,Nested-selected ML,ketone_03_c0.05_wF09,F09,3,0.05,0.0133333333333333,0.0133333333333333
ketone,4,Nested-selected ML,ketone_03_c0.05_wF11,F11,3,0.05,0.0357333333333332,0.0357333333333332
ketone,4,Nested-selected ML,ketone_03_c0.05_wG01,G01,3,0.05,0.0403333333333332,0.0403333333333332
ketone,4,Nested-selected ML,ketone_03_c0.05_wG05,G05,3,0.05,0.0403333333333332,0.0403333333333332
ketone,4,Nested-selected ML,ketone_03_c0.05_wH07,H07,3,0.05,0.0489333333333332,0.0489333333333332
ketone,4,Nested-selected ML,ketone_04_c0.1_wA01,A01,4,0.1,0.0937333333333331,0.0937333333333331
ketone,4,Nested-selected ML,ketone_04_c0.1_wA02,A02,4,0.1,0.0946666666666664,0.0946666666666664
ketone,4,Nested-selected ML,ketone_04_c0.1_wA03,A03,4,0.1,0.5,0.5
ketone,4,Nested-selected ML,ketone_04_c0.1_wB03,B03,4,0.1,0.0996666666666664,0.0996666666666664
ketone,4,Nested-selected ML,ketone_04_c0.1_wB06,B06,4,0.1,0.0980666666666664,0.0980666666666664
ketone,4,Nested-selected ML,ketone_04_c0.1_wB07,B07,4,0.1,0.0989999999999997,0.0989999999999997
ketone,4,Nested-selected ML,ketone_04_c0.1_wC06,C06,4,0.1,0.0856666666666665,0.0856666666666665
ketone,4,Nested-selected ML,ketone_04_c0.1_wC07,C07,4,0.1,0.0993333333333331,0.0993333333333331
ketone,4,Nested-selected ML,ketone_04_c0.1_wD11,D11,4,0.1,0.0955333333333331,0.0955333333333331
ketone,4,Nested-selected ML,ketone_04_c0.1_wD12,D12,4,0.1,0.0989999999999997,0.0989999999999997
ketone,4,Nested-selected ML,ketone_04_c0.1_wE04,E04,4,0.1,0.0984666666666664,0.0984666666666664
ketone,4,Nested-selected ML,ketone_04_c0.1_wE12,E12,4,0.1,0.0727333333333332,0.0727333333333332
ketone,4,Nested-selected ML,ketone_04_c0.1_wF07,F07,4,0.1,0.0996666666666664,0.0996666666666664
ketone,4,Nested-selected ML,ketone_04_c0.1_wF08,F08,4,0.1,0.0989999999999997,0.0989999999999997
ketone,4,Nested-selected ML,ketone_04_c0.1_wF09,F09,4,0.1,0.0990666666666664,0.0990666666666664
ketone,4,Nested-selected ML,ketone_04_c0.1_wF11,F11,4,0.1,0.0957999999999998,0.0957999999999998
ketone,4,Nested-selected ML,ketone_04_c0.1_wG01,G01,4,0.1,0.0871333333333331,0.0871333333333331
ketone,4,Nested-selected ML,ketone_04_c0.1_wG05,G05,4,0.1,0.0999999999999997,0.0999999999999997
ketone,4,Nested-selected ML,ketone_04_c0.1_wH07,H07,4,0.1,0.0784666666666665,0.0784666666666665
ketone,4,Nested-selected ML,ketone_05_c0.5_wA01,A01,5,0.5,0.5,0.5
ketone,4,Nested-selected ML,ketone_05_c0.5_wA02,A02,5,0.5,0.5,0.5
ketone,4,Nested-selected ML,ketone_05_c0.5_wA03,A03,5,0.5,0.5,0.5
ketone,4,Nested-selected ML,ketone_05_c0.5_wB03,B03,5,0.5,0.5,0.5
ketone,4,Nested-selected ML,ketone_05_c0.5_wB06,B06,5,0.5,0.4297333333333332,0.4297333333333332
ketone,4,Nested-selected ML,ketone_05_c0.5_wB07,B07,5,0.5,0.5,0.5
ketone,4,Nested-selected ML,ketone_05_c0.5_wC06,C06,5,0.5,0.5,0.5
ketone,4,Nested-selected ML,ketone_05_c0.5_wC07,C07,5,0.5,0.5,0.5
ketone,4,Nested-selected ML,ketone_05_c0.5_wD11,D11,5,0.5,0.4966666666666666,0.4966666666666666
ketone,4,Nested-selected ML,ketone_05_c0.5_wD12,D12,5,0.5,0.5,0.5
ketone,4,Nested-selected ML,ketone_05_c0.5_wE04,E04,5,0.5,0.5,0.5
ketone,4,Nested-selected ML,ketone_05_c0.5_wE12,E12,5,0.5,0.5,0.5
ketone,4,Nested-selected ML,ketone_05_c0.5_wF07,F07,5,0.5,0.5,0.5
ketone,4,Nested-selected ML,ketone_05_c0.5_wF08,F08,5,0.5,0.5,0.5
ketone,4,Nested-selected ML,ketone_05_c0.5_wF09,F09,5,0.5,0.4966666666666666,0.4966666666666666
ketone,4,Nested-selected ML,ketone_05_c0.5_wF11,F11,5,0.5,0.4966666666666666,0.4966666666666666
ketone,4,Nested-selected ML,ketone_05_c0.5_wG01,G01,5,0.5,0.5,0.5
ketone,4,Nested-selected ML,ketone_05_c0.5_wG05,G05,5,0.5,0.4966666666666666,0.4966666666666666
ketone,4,Nested-selected ML,ketone_05_c0.5_wH07,H07,5,0.5,0.3455333333333332,0.3455333333333332
ketone,4,Nested-selected ML,ketone_06_c1_wA01,A01,6,1.0,1.0,1.0
ketone,4,Nested-selected ML,ketone_06_c1_wA02,A02,6,1.0,1.0,1.0
ketone,4,Nested-selected ML,ketone_06_c1_wA03,A03,6,1.0,5.0,5.0
ketone,4,Nested-selected ML,ketone_06_c1_wB03,B03,6,1.0,1.0,1.0
ketone,4,Nested-selected ML,ketone_06_c1_wB06,B06,6,1.0,1.0,1.0
ketone,4,Nested-selected ML,ketone_06_c1_wB07,B07,6,1.0,1.0,1.0
ketone,4,Nested-selected ML,ketone_06_c1_wC06,C06,6,1.0,1.0,1.0
ketone,4,Nested-selected ML,ketone_06_c1_wC07,C07,6,1.0,1.0,1.0
ketone,4,Nested-selected ML,ketone_06_c1_wD11,D11,6,1.0,1.0,1.0
ketone,4,Nested-selected ML,ketone_06_c1_wD12,D12,6,1.0,1.0,1.0
ketone,4,Nested-selected ML,ketone_06_c1_wE04,E04,6,1.0,1.0,1.0
ketone,4,Nested-selected ML,ketone_06_c1_wE12,E12,6,1.0,1.0,1.0
ketone,4,Nested-selected ML,ketone_06_c1_wF07,F07,6,1.0,1.0,1.0
ketone,4,Nested-selected ML,ketone_06_c1_wF08,F08,6,1.0,1.0,1.0
ketone,4,Nested-selected ML,ketone_06_c1_wF09,F09,6,1.0,1.0,1.0
ketone,4,Nested-selected ML,ketone_06_c1_wF11,F11,6,1.0,1.0,1.0
ketone,4,Nested-selected ML,ketone_06_c1_wG01,G01,6,1.0,1.0,1.0
ketone,4,Nested-selected ML,ketone_06_c1_wG05,G05,6,1.0,1.0,1.0
ketone,4,Nested-selected ML,ketone_06_c1_wH07,H07,6,1.0,1.0,1.0
ketone,4,Nested-selected ML,ketone_07_c5_wA01,A01,7,5.0,5.133333333333334,5.133333333333334
ketone,4,Nested-selected ML,ketone_07_c5_wA02,A02,7,5.0,5.0,5.0
ketone,4,Nested-selected ML,ketone_07_c5_wA03,A03,7,5.0,5.0,5.0
ketone,4,Nested-selected ML,ketone_07_c5_wB03,B03,7,5.0,5.0,5.0
ketone,4,Nested-selected ML,ketone_07_c5_wB06,B06,7,5.0,5.0,5.0
ketone,4,Nested-selected ML,ketone_07_c5_wB07,B07,7,5.0,5.0,5.0
ketone,4,Nested-selected ML,ketone_07_c5_wC06,C06,7,5.0,5.0,5.0
ketone,4,Nested-selected ML,ketone_07_c5_wC07,C07,7,5.0,5.0,5.0
ketone,4,Nested-selected ML,ketone_07_c5_wD11,D11,7,5.0,5.0,5.0
ketone,4,Nested-selected ML,ketone_07_c5_wD12,D12,7,5.0,5.0,5.0
ketone,4,Nested-selected ML,ketone_07_c5_wE04,E04,7,5.0,5.0,5.0
ketone,4,Nested-selected ML,ketone_07_c5_wE12,E12,7,5.0,5.0,5.0
ketone,4,Nested-selected ML,ketone_07_c5_wF07,F07,7,5.0,5.0,5.0
ketone,4,Nested-selected ML,ketone_07_c5_wF08,F08,7,5.0,5.0,5.0
ketone,4,Nested-selected ML,ketone_07_c5_wF09,F09,7,5.0,5.0,5.0
ketone,4,Nested-selected ML,ketone_07_c5_wF11,F11,7,5.0,5.0,5.0
ketone,4,Nested-selected ML,ketone_07_c5_wG01,G01,7,5.0,5.0,5.0
ketone,4,Nested-selected ML,ketone_07_c5_wG05,G05,7,5.0,5.0,5.0
ketone,4,Nested-selected ML,ketone_07_c5_wH07,H07,7,5.0,5.0,5.0
ketone,4,Nested-selected ML,ketone_08_c10_wA01,A01,8,10.0,8.866666666666667,8.866666666666667
ketone,4,Nested-selected ML,ketone_08_c10_wA02,A02,8,10.0,10.0,10.0
ketone,4,Nested-selected ML,ketone_08_c10_wA03,A03,8,10.0,10.0,10.0
ketone,4,Nested-selected ML,ketone_08_c10_wB03,B03,8,10.0,10.0,10.0
ketone,4,Nested-selected ML,ketone_08_c10_wB06,B06,8,10.0,10.0,10.0
ketone,4,Nested-selected ML,ketone_08_c10_wB07,B07,8,10.0,10.0,10.0
ketone,4,Nested-selected ML,ketone_08_c10_wC06,C06,8,10.0,10.0,10.0
ketone,4,Nested-selected ML,ketone_08_c10_wC07,C07,8,10.0,10.0,10.0
ketone,4,Nested-selected ML,ketone_08_c10_wD11,D11,8,10.0,10.0,10.0
ketone,4,Nested-selected ML,ketone_08_c10_wD12,D12,8,10.0,10.0,10.0
ketone,4,Nested-selected ML,ketone_08_c10_wE04,E04,8,10.0,10.0,10.0
ketone,4,Nested-selected ML,ketone_08_c10_wE12,E12,8,10.0,10.0,10.0
ketone,4,Nested-selected ML,ketone_08_c10_wF07,F07,8,10.0,10.0,10.0
ketone,4,Nested-selected ML,ketone_08_c10_wF08,F08,8,10.0,10.0,10.0
ketone,4,Nested-selected ML,ketone_08_c10_wF09,F09,8,10.0,10.0,10.0
ketone,4,Nested-selected ML,ketone_08_c10_wF11,F11,8,10.0,10.0,10.0
ketone,4,Nested-selected ML,ketone_08_c10_wG01,G01,8,10.0,10.0,10.0
ketone,4,Nested-selected ML,ketone_08_c10_wG05,G05,8,10.0,10.0,10.0
ketone,4,Nested-selected ML,ketone_08_c10_wH07,H07,8,10.0,10.0,10.0
ketone,5,Nested-selected ML,ketone_01_c0_wA05,A05,1,0.0,0.0706666666666665,0.0706666666666665
ketone,5,Nested-selected ML,ketone_01_c0_wA09,A09,1,0.0,0.0709999999999999,0.0709999999999999
ketone,5,Nested-selected ML,ketone_01_c0_wB02,B02,1,0.0,0.0163333333333333,0.0163333333333333
ketone,5,Nested-selected ML,ketone_01_c0_wB05,B05,1,0.0,0.0145333333333333,0.0145333333333333
ketone,5,Nested-selected ML,ketone_01_c0_wB09,B09,1,0.0,0.0067333333333333,0.0067333333333333
ketone,5,Nested-selected ML,ketone_01_c0_wC11,C11,1,0.0,0.0,0.0
ketone,5,Nested-selected ML,ketone_01_c0_wD01,D01,1,0.0,0.0076666666666666,0.0076666666666666
ketone,5,Nested-selected ML,ketone_01_c0_wD04,D04,1,0.0,0.0048666666666666,0.0048666666666666
ketone,5,Nested-selected ML,ketone_01_c0_wD06,D06,1,0.0,0.0153333333333333,0.0153333333333333
ketone,5,Nested-selected ML,ketone_01_c0_wD08,D08,1,0.0,0.0,0.0
ketone,5,Nested-selected ML,ketone_01_c0_wE01,E01,1,0.0,0.0095333333333333,0.0095333333333333
ketone,5,Nested-selected ML,ketone_01_c0_wE05,E05,1,0.0,0.0,0.0
ketone,5,Nested-selected ML,ketone_01_c0_wE06,E06,1,0.0,0.0006666666666666,0.0006666666666666
ketone,5,Nested-selected ML,ketone_01_c0_wE09,E09,1,0.0,6.666666666666667e-05,6.666666666666667e-05
ketone,5,Nested-selected ML,ketone_01_c0_wF03,F03,1,0.0,0.0011333333333333,0.0011333333333333
ketone,5,Nested-selected ML,ketone_01_c0_wG10,G10,1,0.0,0.0,0.0
ketone,5,Nested-selected ML,ketone_01_c0_wH03,H03,1,0.0,0.0002666666666666,0.0002666666666666
ketone,5,Nested-selected ML,ketone_01_c0_wH08,H08,1,0.0,0.0186666666666666,0.0186666666666666
ketone,5,Nested-selected ML,ketone_01_c0_wH11,H11,1,0.0,0.0,0.0
ketone,5,Nested-selected ML,ketone_02_c0.01_wA05,A05,2,0.01,0.0106,0.0106
ketone,5,Nested-selected ML,ketone_02_c0.01_wA09,A09,2,0.01,0.0187999999999999,0.0187999999999999
ketone,5,Nested-selected ML,ketone_02_c0.01_wB02,B02,2,0.01,0.0098666666666666,0.0098666666666666
ketone,5,Nested-selected ML,ketone_02_c0.01_wB05,B05,2,0.01,0.0080666666666666,0.0080666666666666
ketone,5,Nested-selected ML,ketone_02_c0.01_wB09,B09,2,0.01,0.0151999999999999,0.0151999999999999
ketone,5,Nested-selected ML,ketone_02_c0.01_wC11,C11,2,0.01,0.0325333333333332,0.0325333333333332
ketone,5,Nested-selected ML,ketone_02_c0.01_wD01,D01,2,0.01,0.0066666666666666,0.0066666666666666
ketone,5,Nested-selected ML,ketone_02_c0.01_wD04,D04,2,0.01,0.0096666666666666,0.0096666666666666
ketone,5,Nested-selected ML,ketone_02_c0.01_wD06,D06,2,0.01,0.0543999999999998,0.0543999999999998
ketone,5,Nested-selected ML,ketone_02_c0.01_wD08,D08,2,0.01,0.0141999999999999,0.0141999999999999
ketone,5,Nested-selected ML,ketone_02_c0.01_wE01,E01,2,0.01,0.0209999999999999,0.0209999999999999
ketone,5,Nested-selected ML,ketone_02_c0.01_wE05,E05,2,0.01,0.0108666666666666,0.0108666666666666
ketone,5,Nested-selected ML,ketone_02_c0.01_wE06,E06,2,0.01,0.0393333333333332,0.0393333333333332
ketone,5,Nested-selected ML,ketone_02_c0.01_wE09,E09,2,0.01,0.0172666666666666,0.0172666666666666
ketone,5,Nested-selected ML,ketone_02_c0.01_wF03,F03,2,0.01,0.0437999999999999,0.0437999999999999
ketone,5,Nested-selected ML,ketone_02_c0.01_wG10,G10,2,0.01,0.0126,0.0126
ketone,5,Nested-selected ML,ketone_02_c0.01_wH03,H03,2,0.01,0.0054666666666666,0.0054666666666666
ketone,5,Nested-selected ML,ketone_02_c0.01_wH08,H08,2,0.01,0.0405333333333332,0.0405333333333332
ketone,5,Nested-selected ML,ketone_02_c0.01_wH11,H11,2,0.01,0.0167333333333333,0.0167333333333333
ketone,5,Nested-selected ML,ketone_03_c0.05_wA05,A05,3,0.05,0.0643333333333333,0.0643333333333333
ketone,5,Nested-selected ML,ketone_03_c0.05_wA09,A09,3,0.05,0.0584666666666665,0.0584666666666665
ketone,5,Nested-selected ML,ketone_03_c0.05_wB02,B02,3,0.05,0.0579999999999999,0.0579999999999999
ketone,5,Nested-selected ML,ketone_03_c0.05_wB05,B05,3,0.05,0.0549999999999998,0.0549999999999998
ketone,5,Nested-selected ML,ketone_03_c0.05_wB09,B09,3,0.05,0.0663999999999999,0.0663999999999999
ketone,5,Nested-selected ML,ketone_03_c0.05_wC11,C11,3,0.05,0.0549999999999998,0.0549999999999998
ketone,5,Nested-selected ML,ketone_03_c0.05_wD01,D01,3,0.05,0.0526666666666665,0.0526666666666665
ketone,5,Nested-selected ML,ketone_03_c0.05_wD04,D04,3,0.05,0.0549999999999998,0.0549999999999998
ketone,5,Nested-selected ML,ketone_03_c0.05_wD06,D06,3,0.05,0.0506666666666665,0.0506666666666665
ketone,5,Nested-selected ML,ketone_03_c0.05_wD08,D08,3,0.05,0.0555333333333332,0.0555333333333332
ketone,5,Nested-selected ML,ketone_03_c0.05_wE01,E01,3,0.05,0.0466666666666665,0.0466666666666665
ketone,5,Nested-selected ML,ketone_03_c0.05_wE05,E05,3,0.05,0.0491333333333332,0.0491333333333332
ketone,5,Nested-selected ML,ketone_03_c0.05_wE06,E06,3,0.05,0.0278666666666666,0.0278666666666666
ketone,5,Nested-selected ML,ketone_03_c0.05_wE09,E09,3,0.05,0.0240666666666665,0.0240666666666665
ketone,5,Nested-selected ML,ketone_03_c0.05_wF03,F03,3,0.05,0.0288666666666666,0.0288666666666666
ketone,5,Nested-selected ML,ketone_03_c0.05_wG10,G10,3,0.05,0.0163333333333333,0.0163333333333333
ketone,5,Nested-selected ML,ketone_03_c0.05_wH03,H03,3,0.05,0.0343999999999999,0.0343999999999999
ketone,5,Nested-selected ML,ketone_03_c0.05_wH08,H08,3,0.05,0.0423999999999999,0.0423999999999999
ketone,5,Nested-selected ML,ketone_03_c0.05_wH11,H11,3,0.05,0.0371999999999999,0.0371999999999999
ketone,5,Nested-selected ML,ketone_04_c0.1_wA05,A05,4,0.1,0.0851333333333332,0.0851333333333332
ketone,5,Nested-selected ML,ketone_04_c0.1_wA09,A09,4,0.1,0.0629999999999999,0.0629999999999999
ketone,5,Nested-selected ML,ketone_04_c0.1_wB02,B02,4,0.1,0.0943999999999997,0.0943999999999997
ketone,5,Nested-selected ML,ketone_04_c0.1_wB05,B05,4,0.1,0.0916666666666665,0.0916666666666665
ketone,5,Nested-selected ML,ketone_04_c0.1_wB09,B09,4,0.1,0.0980666666666664,0.0980666666666664
ketone,5,Nested-selected ML,ketone_04_c0.1_wC11,C11,4,0.1,0.0854666666666665,0.0854666666666665
ketone,5,Nested-selected ML,ketone_04_c0.1_wD01,D01,4,0.1,0.0896666666666665,0.0896666666666665
ketone,5,Nested-selected ML,ketone_04_c0.1_wD04,D04,4,0.1,0.0763999999999999,0.0763999999999999
ketone,5,Nested-selected ML,ketone_04_c0.1_wD06,D06,4,0.1,0.0966666666666664,0.0966666666666664
ketone,5,Nested-selected ML,ketone_04_c0.1_wD08,D08,4,0.1,0.0979999999999998,0.0979999999999998
ketone,5,Nested-selected ML,ketone_04_c0.1_wE01,E01,4,0.1,0.0949999999999998,0.0949999999999998
ketone,5,Nested-selected ML,ketone_04_c0.1_wE05,E05,4,0.1,0.0999999999999997,0.0999999999999997
ketone,5,Nested-selected ML,ketone_04_c0.1_wE06,E06,4,0.1,0.0888666666666664,0.0888666666666664
ketone,5,Nested-selected ML,ketone_04_c0.1_wE09,E09,4,0.1,0.0996666666666664,0.0996666666666664
ketone,5,Nested-selected ML,ketone_04_c0.1_wF03,F03,4,0.1,0.0476666666666665,0.0476666666666665
ketone,5,Nested-selected ML,ketone_04_c0.1_wG10,G10,4,0.1,0.0999999999999997,0.0999999999999997
ketone,5,Nested-selected ML,ketone_04_c0.1_wH03,H03,4,0.1,0.0499333333333332,0.0499333333333332
ketone,5,Nested-selected ML,ketone_04_c0.1_wH08,H08,4,0.1,0.0833999999999998,0.0833999999999998
ketone,5,Nested-selected ML,ketone_04_c0.1_wH11,H11,4,0.1,0.0996666666666664,0.0996666666666664
ketone,5,Nested-selected ML,ketone_05_c0.5_wA05,A05,5,0.5,0.5,0.5
ketone,5,Nested-selected ML,ketone_05_c0.5_wA09,A09,5,0.5,0.5,0.5
ketone,5,Nested-selected ML,ketone_05_c0.5_wB02,B02,5,0.5,0.2673333333333337,0.2673333333333337
ketone,5,Nested-selected ML,ketone_05_c0.5_wB05,B05,5,0.5,0.487,0.487
ketone,5,Nested-selected ML,ketone_05_c0.5_wB09,B09,5,0.5,0.5,0.5
ketone,5,Nested-selected ML,ketone_05_c0.5_wC11,C11,5,0.5,0.4723333333333332,0.4723333333333332
ketone,5,Nested-selected ML,ketone_05_c0.5_wD01,D01,5,0.5,0.487,0.487
ketone,5,Nested-selected ML,ketone_05_c0.5_wD04,D04,5,0.5,0.5,0.5
ketone,5,Nested-selected ML,ketone_05_c0.5_wD06,D06,5,0.5,0.5,0.5
ketone,5,Nested-selected ML,ketone_05_c0.5_wD08,D08,5,0.5,0.497,0.497
ketone,5,Nested-selected ML,ketone_05_c0.5_wE01,E01,5,0.5,0.4903333333333333,0.4903333333333333
ketone,5,Nested-selected ML,ketone_05_c0.5_wE05,E05,5,0.5,0.5,0.5
ketone,5,Nested-selected ML,ketone_05_c0.5_wE06,E06,5,0.5,0.5,0.5
ketone,5,Nested-selected ML,ketone_05_c0.5_wE09,E09,5,0.5,0.5,0.5
ketone,5,Nested-selected ML,ketone_05_c0.5_wF03,F03,5,0.5,0.5,0.5
ketone,5,Nested-selected ML,ketone_05_c0.5_wG10,G10,5,0.5,0.5,0.5
ketone,5,Nested-selected ML,ketone_05_c0.5_wH03,H03,5,0.5,0.2834666666666667,0.2834666666666667
ketone,5,Nested-selected ML,ketone_05_c0.5_wH08,H08,5,0.5,0.4866666666666667,0.4866666666666667
ketone,5,Nested-selected ML,ketone_05_c0.5_wH11,H11,5,0.5,0.2850666666666666,0.2850666666666666
ketone,5,Nested-selected ML,ketone_06_c1_wA05,A05,6,1.0,1.0,1.0
ketone,5,Nested-selected ML,ketone_06_c1_wA09,A09,6,1.0,1.0,1.0
ketone,5,Nested-selected ML,ketone_06_c1_wB02,B02,6,1.0,1.0,1.0
ketone,5,Nested-selected ML,ketone_06_c1_wB05,B05,6,1.0,1.0,1.0
ketone,5,Nested-selected ML,ketone_06_c1_wB09,B09,6,1.0,1.0,1.0
ketone,5,Nested-selected ML,ketone_06_c1_wC11,C11,6,1.0,1.0,1.0
ketone,5,Nested-selected ML,ketone_06_c1_wD01,D01,6,1.0,1.0,1.0
ketone,5,Nested-selected ML,ketone_06_c1_wD04,D04,6,1.0,1.0,1.0
ketone,5,Nested-selected ML,ketone_06_c1_wD06,D06,6,1.0,1.0,1.0
ketone,5,Nested-selected ML,ketone_06_c1_wD08,D08,6,1.0,1.0,1.0
ketone,5,Nested-selected ML,ketone_06_c1_wE01,E01,6,1.0,1.0,1.0
ketone,5,Nested-selected ML,ketone_06_c1_wE05,E05,6,1.0,1.0,1.0
ketone,5,Nested-selected ML,ketone_06_c1_wE06,E06,6,1.0,1.0,1.0
ketone,5,Nested-selected ML,ketone_06_c1_wE09,E09,6,1.0,1.0,1.0
ketone,5,Nested-selected ML,ketone_06_c1_wF03,F03,6,1.0,1.0,1.0
ketone,5,Nested-selected ML,ketone_06_c1_wG10,G10,6,1.0,1.0,1.0
ketone,5,Nested-selected ML,ketone_06_c1_wH03,H03,6,1.0,1.0,1.0
ketone,5,Nested-selected ML,ketone_06_c1_wH08,H08,6,1.0,1.0,1.0
ketone,5,Nested-selected ML,ketone_06_c1_wH11,H11,6,1.0,1.0,1.0
ketone,5,Nested-selected ML,ketone_07_c5_wA05,A05,7,5.0,5.0,5.0
ketone,5,Nested-selected ML,ketone_07_c5_wA09,A09,7,5.0,5.0,5.0
ketone,5,Nested-selected ML,ketone_07_c5_wB02,B02,7,5.0,5.0,5.0
ketone,5,Nested-selected ML,ketone_07_c5_wB05,B05,7,5.0,10.0,10.0
ketone,5,Nested-selected ML,ketone_07_c5_wB09,B09,7,5.0,5.0,5.0
ketone,5,Nested-selected ML,ketone_07_c5_wC11,C11,7,5.0,5.0,5.0
ketone,5,Nested-selected ML,ketone_07_c5_wD01,D01,7,5.0,5.0,5.0
ketone,5,Nested-selected ML,ketone_07_c5_wD04,D04,7,5.0,5.0,5.0
ketone,5,Nested-selected ML,ketone_07_c5_wD06,D06,7,5.0,5.0,5.0
ketone,5,Nested-selected ML,ketone_07_c5_wD08,D08,7,5.0,5.0,5.0
ketone,5,Nested-selected ML,ketone_07_c5_wE01,E01,7,5.0,5.0,5.0
ketone,5,Nested-selected ML,ketone_07_c5_wE05,E05,7,5.0,5.0,5.0
ketone,5,Nested-selected ML,ketone_07_c5_wE06,E06,7,5.0,5.0,5.0
ketone,5,Nested-selected ML,ketone_07_c5_wE09,E09,7,5.0,5.0,5.0
ketone,5,Nested-selected ML,ketone_07_c5_wF03,F03,7,5.0,5.0,5.0
ketone,5,Nested-selected ML,ketone_07_c5_wG10,G10,7,5.0,5.0,5.0
ketone,5,Nested-selected ML,ketone_07_c5_wH03,H03,7,5.0,4.706666666666667,4.706666666666667
ketone,5,Nested-selected ML,ketone_07_c5_wH08,H08,7,5.0,4.973333333333334,4.973333333333334
ketone,5,Nested-selected ML,ketone_07_c5_wH11,H11,7,5.0,5.0,5.0
ketone,5,Nested-selected ML,ketone_08_c10_wA05,A05,8,10.0,10.0,10.0
ketone,5,Nested-selected ML,ketone_08_c10_wA09,A09,8,10.0,10.0,10.0
ketone,5,Nested-selected ML,ketone_08_c10_wB02,B02,8,10.0,10.0,10.0
ketone,5,Nested-selected ML,ketone_08_c10_wB05,B05,8,10.0,10.0,10.0
ketone,5,Nested-selected ML,ketone_08_c10_wB09,B09,8,10.0,10.0,10.0
ketone,5,Nested-selected ML,ketone_08_c10_wC11,C11,8,10.0,10.0,10.0
ketone,5,Nested-selected ML,ketone_08_c10_wD01,D01,8,10.0,10.0,10.0
ketone,5,Nested-selected ML,ketone_08_c10_wD04,D04,8,10.0,10.0,10.0
ketone,5,Nested-selected ML,ketone_08_c10_wD06,D06,8,10.0,10.0,10.0
ketone,5,Nested-selected ML,ketone_08_c10_wD08,D08,8,10.0,10.0,10.0
ketone,5,Nested-selected ML,ketone_08_c10_wE01,E01,8,10.0,10.0,10.0
ketone,5,Nested-selected ML,ketone_08_c10_wE05,E05,8,10.0,10.0,10.0
ketone,5,Nested-selected ML,ketone_08_c10_wE06,E06,8,10.0,10.0,10.0
ketone,5,Nested-selected ML,ketone_08_c10_wE09,E09,8,10.0,10.0,10.0
ketone,5,Nested-selected ML,ketone_08_c10_wF03,F03,8,10.0,10.0,10.0
ketone,5,Nested-selected ML,ketone_08_c10_wG10,G10,8,10.0,10.0,10.0
ketone,5,Nested-selected ML,ketone_08_c10_wH03,H03,8,10.0,10.0,10.0
ketone,5,Nested-selected ML,ketone_08_c10_wH08,H08,8,10.0,10.0,10.0
ketone,5,Nested-selected ML,ketone_08_c10_wH11,H11,8,10.0,10.0,10.0
glucose,1,CNN central ROI,glucose_01_c0_wA06,A06,1,0.0,0.3289372711152376,0.3289372711152376
glucose,1,CNN central ROI,glucose_01_c0_wA11,A11,1,0.0,0.186943510903732,0.186943510903732
glucose,1,CNN central ROI,glucose_01_c0_wA12,A12,1,0.0,-0.2988891599445793,0.0
glucose,1,CNN central ROI,glucose_01_c0_wC01,C01,1,0.0,0.3110479485879249,0.3110479485879249
glucose,1,CNN central ROI,glucose_01_c0_wC03,C03,1,0.0,0.1968286257576288,0.1968286257576288
glucose,1,CNN central ROI,glucose_01_c0_wC09,C09,1,0.0,0.6358456602213085,0.6358456602213085
glucose,1,CNN central ROI,glucose_01_c0_wD02,D02,1,0.0,0.384861212466145,0.384861212466145
glucose,1,CNN central ROI,glucose_01_c0_wD03,D03,1,0.0,0.1271140194822608,0.1271140194822608
glucose,1,CNN central ROI,glucose_01_c0_wE02,E02,1,0.0,-0.0425498602270328,0.0
glucose,1,CNN central ROI,glucose_01_c0_wE03,E03,1,0.0,0.2967492316816074,0.2967492316816074
glucose,1,CNN central ROI,glucose_01_c0_wE08,E08,1,0.0,-0.0577173619487219,0.0
glucose,1,CNN central ROI,glucose_01_c0_wE10,E10,1,0.0,0.3907460152027058,0.3907460152027058
glucose,1,CNN central ROI,glucose_01_c0_wE11,E11,1,0.0,0.0292025282138093,0.0292025282138093
glucose,1,CNN central ROI,glucose_01_c0_wF01,F01,1,0.0,0.585118103208349,0.585118103208349
glucose,1,CNN central ROI,glucose_01_c0_wF12,F12,1,0.0,0.2243980108107379,0.2243980108107379
glucose,1,CNN central ROI,glucose_01_c0_wG06,G06,1,0.0,0.2282370681846162,0.2282370681846162
glucose,1,CNN central ROI,glucose_01_c0_wG09,G09,1,0.0,0.2542572132209493,0.2542572132209493
glucose,1,CNN central ROI,glucose_01_c0_wG11,G11,1,0.0,0.0688437220740763,0.0688437220740763
glucose,1,CNN central ROI,glucose_01_c0_wG12,G12,1,0.0,0.1239020638884964,0.1239020638884964
glucose,1,CNN central ROI,glucose_01_c0_wH05,H05,1,0.0,0.3064870273871598,0.3064870273871598
glucose,1,CNN central ROI,glucose_02_c0.01_wA06,A06,2,0.01,0.1432076410392158,0.1432076410392158
glucose,1,CNN central ROI,glucose_02_c0.01_wA11,A11,2,0.01,-0.2315973564196829,0.0
glucose,1,CNN central ROI,glucose_02_c0.01_wA12,A12,2,0.01,-0.2298761113432181,0.0
glucose,1,CNN central ROI,glucose_02_c0.01_wC01,C01,2,0.01,-0.4110754785277253,0.0
glucose,1,CNN central ROI,glucose_02_c0.01_wC03,C03,2,0.01,0.1195601306109459,0.1195601306109459
glucose,1,CNN central ROI,glucose_02_c0.01_wC09,C09,2,0.01,-0.0878361645879062,0.0
glucose,1,CNN central ROI,glucose_02_c0.01_wD02,D02,2,0.01,0.0004792758852909,0.0004792758852909
glucose,1,CNN central ROI,glucose_02_c0.01_wD03,D03,2,0.01,-0.1461383147849222,0.0
glucose,1,CNN central ROI,glucose_02_c0.01_wE02,E02,2,0.01,-0.2389394242452702,0.0
glucose,1,CNN central ROI,glucose_02_c0.01_wE03,E03,2,0.01,-0.2379929982571242,0.0
glucose,1,CNN central ROI,glucose_02_c0.01_wE08,E08,2,0.01,-0.090557587233671,0.0
glucose,1,CNN central ROI,glucose_02_c0.01_wE10,E10,2,0.01,0.1297251518466975,0.1297251518466975
glucose,1,CNN central ROI,glucose_02_c0.01_wE11,E11,2,0.01,-0.3643948183357661,0.0
glucose,1,CNN central ROI,glucose_02_c0.01_wF01,F01,2,0.01,0.021351213926783,0.021351213926783
glucose,1,CNN central ROI,glucose_02_c0.01_wF12,F12,2,0.01,-0.0643192505938445,0.0
glucose,1,CNN central ROI,glucose_02_c0.01_wG06,G06,2,0.01,0.1493416918483809,0.1493416918483809
glucose,1,CNN central ROI,glucose_02_c0.01_wG09,G09,2,0.01,-0.0646819742266595,0.0
glucose,1,CNN central ROI,glucose_02_c0.01_wG11,G11,2,0.01,-0.0053533679095592,0.0
glucose,1,CNN central ROI,glucose_02_c0.01_wG12,G12,2,0.01,0.0374858459493587,0.0374858459493587
glucose,1,CNN central ROI,glucose_02_c0.01_wH05,H05,2,0.01,0.0331873120965902,0.0331873120965902
glucose,1,CNN central ROI,glucose_03_c0.05_wA06,A06,3,0.05,-0.1856755889216277,0.0
glucose,1,CNN central ROI,glucose_03_c0.05_wA11,A11,3,0.05,0.5843691645109557,0.5843691645109557
glucose,1,CNN central ROI,glucose_03_c0.05_wA12,A12,3,0.05,-0.0627723995362306,0.0
glucose,1,CNN central ROI,glucose_03_c0.05_wC01,C01,3,0.05,-0.1216212232215605,0.0
glucose,1,CNN central ROI,glucose_03_c0.05_wC03,C03,3,0.05,0.1127770792293461,0.1127770792293461
glucose,1,CNN central ROI,glucose_03_c0.05_wC09,C09,3,0.05,-0.0284414637339818,0.0
glucose,1,CNN central ROI,glucose_03_c0.05_wD02,D02,3,0.05,-0.1929483769315076,0.0
glucose,1,CNN central ROI,glucose_03_c0.05_wD03,D03,3,0.05,-0.0153499675243651,0.0
glucose,1,CNN central ROI,glucose_03_c0.05_wE02,E02,3,0.05,-0.1147083717254737,0.0
glucose,1,CNN central ROI,glucose_03_c0.05_wE03,E03,3,0.05,-0.1453949503255742,0.0
glucose,1,CNN central ROI,glucose_03_c0.05_wE08,E08,3,0.05,0.7793480481438317,0.7793480481438317
glucose,1,CNN central ROI,glucose_03_c0.05_wE10,E10,3,0.05,-0.2719938595351099,0.0
glucose,1,CNN central ROI,glucose_03_c0.05_wE11,E11,3,0.05,-0.0134475597114231,0.0
glucose,1,CNN central ROI,glucose_03_c0.05_wF01,F01,3,0.05,-0.1203514914267778,0.0
glucose,1,CNN central ROI,glucose_03_c0.05_wF12,F12,3,0.05,-0.2925329359333162,0.0
glucose,1,CNN central ROI,glucose_03_c0.05_wG06,G06,3,0.05,-0.2435544951870483,0.0
glucose,1,CNN central ROI,glucose_03_c0.05_wG09,G09,3,0.05,0.1705277780197214,0.1705277780197214
glucose,1,CNN central ROI,glucose_03_c0.05_wG11,G11,3,0.05,-0.1167509318092729,0.0
glucose,1,CNN central ROI,glucose_03_c0.05_wG12,G12,3,0.05,-0.2124940444780421,0.0
glucose,1,CNN central ROI,glucose_03_c0.05_wH05,H05,3,0.05,-0.0589890845428069,0.0
glucose,1,CNN central ROI,glucose_04_c0.1_wA06,A06,4,0.1,-0.0018117359513922,0.0
glucose,1,CNN central ROI,glucose_04_c0.1_wA11,A11,4,0.1,0.3959224915476333,0.3959224915476333
glucose,1,CNN central ROI,glucose_04_c0.1_wA12,A12,4,0.1,0.750620416056849,0.750620416056849
glucose,1,CNN central ROI,glucose_04_c0.1_wC01,C01,4,0.1,0.0564764786505094,0.0564764786505094
glucose,1,CNN central ROI,glucose_04_c0.1_wC03,C03,4,0.1,0.1070256600460153,0.1070256600460153
glucose,1,CNN central ROI,glucose_04_c0.1_wC09,C09,4,0.1,0.1229998336448536,0.1229998336448536
glucose,1,CNN central ROI,glucose_04_c0.1_wD02,D02,4,0.1,-0.2556724905380116,0.0
glucose,1,CNN central ROI,glucose_04_c0.1_wD03,D03,4,0.1,0.4668658191521642,0.4668658191521642
glucose,1,CNN central ROI,glucose_04_c0.1_wE02,E02,4,0.1,0.0659964809124291,0.0659964809124291
glucose,1,CNN central ROI,glucose_04_c0.1_wE03,E03,4,0.1,-0.0315128688970283,0.0
glucose,1,CNN central ROI,glucose_04_c0.1_wE08,E08,4,0.1,0.3913492273911965,0.3913492273911965
glucose,1,CNN central ROI,glucose_04_c0.1_wE10,E10,4,0.1,0.0623381881151683,0.0623381881151683
glucose,1,CNN central ROI,glucose_04_c0.1_wE11,E11,4,0.1,0.0749606520092447,0.0749606520092447
glucose,1,CNN central ROI,glucose_04_c0.1_wF01,F01,4,0.1,0.3317482797295898,0.3317482797295898
glucose,1,CNN central ROI,glucose_04_c0.1_wF12,F12,4,0.1,0.0265344589893379,0.0265344589893379
glucose,1,CNN central ROI,glucose_04_c0.1_wG06,G06,4,0.1,0.2118312892971161,0.2118312892971161
glucose,1,CNN central ROI,glucose_04_c0.1_wG09,G09,4,0.1,0.0408502967696522,0.0408502967696522
glucose,1,CNN central ROI,glucose_04_c0.1_wG11,G11,4,0.1,0.0677109572712675,0.0677109572712675
glucose,1,CNN central ROI,glucose_04_c0.1_wG12,G12,4,0.1,0.0002085271802254,0.0002085271802254
glucose,1,CNN central ROI,glucose_04_c0.1_wH05,H05,4,0.1,0.2612707991617151,0.2612707991617151
glucose,1,CNN central ROI,glucose_05_c0.5_wA06,A06,5,0.5,-0.0486456876896008,0.0
glucose,1,CNN central ROI,glucose_05_c0.5_wA11,A11,5,0.5,0.160498131136503,0.160498131136503
glucose,1,CNN central ROI,glucose_05_c0.5_wA12,A12,5,0.5,0.3209294800030786,0.3209294800030786
glucose,1,CNN central ROI,glucose_05_c0.5_wC01,C01,5,0.5,0.4666336919535574,0.4666336919535574
glucose,1,CNN central ROI,glucose_05_c0.5_wC03,C03,5,0.5,0.2265424998187972,0.2265424998187972
glucose,1,CNN central ROI,glucose_05_c0.5_wC09,C09,5,0.5,0.1101464370317506,0.1101464370317506
glucose,1,CNN central ROI,glucose_05_c0.5_wD02,D02,5,0.5,0.3836667328849756,0.3836667328849756
glucose,1,CNN central ROI,glucose_05_c0.5_wD03,D03,5,0.5,0.0819451722802027,0.0819451722802027
glucose,1,CNN central ROI,glucose_05_c0.5_wE02,E02,5,0.5,0.3169988458613106,0.3169988458613106
glucose,1,CNN central ROI,glucose_05_c0.5_wE03,E03,5,0.5,0.1724349637509883,0.1724349637509883
glucose,1,CNN central ROI,glucose_05_c0.5_wE08,E08,5,0.5,-0.0261886752438957,0.0
glucose,1,CNN central ROI,glucose_05_c0.5_wE10,E10,5,0.5,0.4976754291491261,0.4976754291491261
glucose,1,CNN central ROI,glucose_05_c0.5_wE11,E11,5,0.5,0.1820154863116876,0.1820154863116876
glucose,1,CNN central ROI,glucose_05_c0.5_wF01,F01,5,0.5,0.3182912727681355,0.3182912727681355
glucose,1,CNN central ROI,glucose_05_c0.5_wF12,F12,5,0.5,0.1407147621533155,0.1407147621533155
glucose,1,CNN central ROI,glucose_05_c0.5_wG06,G06,5,0.5,0.0691009333438881,0.0691009333438881
glucose,1,CNN central ROI,glucose_05_c0.5_wG09,G09,5,0.5,0.0221813772356958,0.0221813772356958
glucose,1,CNN central ROI,glucose_05_c0.5_wG11,G11,5,0.5,0.3206977509643316,0.3206977509643316
glucose,1,CNN central ROI,glucose_05_c0.5_wG12,G12,5,0.5,0.269350657208605,0.269350657208605
glucose,1,CNN central ROI,glucose_05_c0.5_wH05,H05,5,0.5,0.4279245903264623,0.4279245903264623
glucose,1,CNN central ROI,glucose_06_c1_wA06,A06,6,1.0,0.2403439150594888,0.2403439150594888
glucose,1,CNN central ROI,glucose_06_c1_wA11,A11,6,1.0,0.2446950060138277,0.2446950060138277
glucose,1,CNN central ROI,glucose_06_c1_wA12,A12,6,1.0,0.2123429247177162,0.2123429247177162
glucose,1,CNN central ROI,glucose_06_c1_wC01,C01,6,1.0,0.866568150841097,0.866568150841097
glucose,1,CNN central ROI,glucose_06_c1_wC03,C03,6,1.0,0.3658538570508574,0.3658538570508574
glucose,1,CNN central ROI,glucose_06_c1_wC09,C09,6,1.0,0.7239978551517465,0.7239978551517465
glucose,1,CNN central ROI,glucose_06_c1_wD02,D02,6,1.0,0.472697666627293,0.472697666627293
glucose,1,CNN central ROI,glucose_06_c1_wD03,D03,6,1.0,0.5196351399292034,0.5196351399292034
glucose,1,CNN central ROI,glucose_06_c1_wE02,E02,6,1.0,0.8684351224264644,0.8684351224264644
glucose,1,CNN central ROI,glucose_06_c1_wE03,E03,6,1.0,0.7793715395755951,0.7793715395755951
glucose,1,CNN central ROI,glucose_06_c1_wE08,E08,6,1.0,1.060180947992976,1.060180947992976
glucose,1,CNN central ROI,glucose_06_c1_wE10,E10,6,1.0,0.8097909529093741,0.8097909529093741
glucose,1,CNN central ROI,glucose_06_c1_wE11,E11,6,1.0,0.3996743519120862,0.3996743519120862
glucose,1,CNN central ROI,glucose_06_c1_wF01,F01,6,1.0,1.3610205845069858,1.3610205845069858
glucose,1,CNN central ROI,glucose_06_c1_wF12,F12,6,1.0,0.2902281694881434,0.2902281694881434
glucose,1,CNN central ROI,glucose_06_c1_wG06,G06,6,1.0,0.3852450385715604,0.3852450385715604
glucose,1,CNN central ROI,glucose_06_c1_wG09,G09,6,1.0,0.6649240711452951,0.6649240711452951
glucose,1,CNN central ROI,glucose_06_c1_wG11,G11,6,1.0,0.7344543294053025,0.7344543294053025
glucose,1,CNN central ROI,glucose_06_c1_wG12,G12,6,1.0,0.7204255648843292,0.7204255648843292
glucose,1,CNN central ROI,glucose_06_c1_wH05,H05,6,1.0,0.5347369452739272,0.5347369452739272
glucose,1,CNN central ROI,glucose_07_c2.5_wA06,A06,7,2.5,2.0257906763729294,2.0257906763729294
glucose,1,CNN central ROI,glucose_07_c2.5_wA11,A11,7,2.5,2.016531667899495,2.016531667899495
glucose,1,CNN central ROI,glucose_07_c2.5_wA12,A12,7,2.5,1.8249562547532303,1.8249562547532303
glucose,1,CNN central ROI,glucose_07_c2.5_wC01,C01,7,2.5,2.466750730955312,2.466750730955312
glucose,1,CNN central ROI,glucose_07_c2.5_wC03,C03,7,2.5,2.558963360142004,2.558963360142004
glucose,1,CNN central ROI,glucose_07_c2.5_wC09,C09,7,2.5,2.0379590389462314,2.0379590389462314
glucose,1,CNN central ROI,glucose_07_c2.5_wD02,D02,7,2.5,3.4550724931715484,3.4550724931715484
glucose,1,CNN central ROI,glucose_07_c2.5_wD03,D03,7,2.5,2.234876164779485,2.234876164779485
glucose,1,CNN central ROI,glucose_07_c2.5_wE02,E02,7,2.5,2.580673623769547,2.580673623769547
glucose,1,CNN central ROI,glucose_07_c2.5_wE03,E03,7,2.5,2.5534378966794447,2.5534378966794447
glucose,1,CNN central ROI,glucose_07_c2.5_wE08,E08,7,2.5,2.44992529157496,2.44992529157496
glucose,1,CNN central ROI,glucose_07_c2.5_wE10,E10,7,2.5,2.2337798316039024,2.2337798316039024
glucose,1,CNN central ROI,glucose_07_c2.5_wE11,E11,7,2.5,1.937297457522068,1.937297457522068
glucose,1,CNN central ROI,glucose_07_c2.5_wF01,F01,7,2.5,2.599544012192861,2.599544012192861
glucose,1,CNN central ROI,glucose_07_c2.5_wF12,F12,7,2.5,2.3839364661931897,2.3839364661931897
glucose,1,CNN central ROI,glucose_07_c2.5_wG06,G06,7,2.5,2.4901555629486736,2.4901555629486736
glucose,1,CNN central ROI,glucose_07_c2.5_wG09,G09,7,2.5,2.618990338854228,2.618990338854228
glucose,1,CNN central ROI,glucose_07_c2.5_wG11,G11,7,2.5,2.272566773483703,2.272566773483703
glucose,1,CNN central ROI,glucose_07_c2.5_wG12,G12,7,2.5,2.3281210234042384,2.3281210234042384
glucose,1,CNN central ROI,glucose_07_c2.5_wH05,H05,7,2.5,2.090530872432517,2.090530872432517
glucose,1,CNN central ROI,glucose_08_c5_wA06,A06,8,5.0,4.852586478499196,4.852586478499196
glucose,1,CNN central ROI,glucose_08_c5_wA11,A11,8,5.0,4.79521246382174,4.79521246382174
glucose,1,CNN central ROI,glucose_08_c5_wA12,A12,8,5.0,4.052947547813474,4.052947547813474
glucose,1,CNN central ROI,glucose_08_c5_wC01,C01,8,5.0,4.84506322305214,4.84506322305214
glucose,1,CNN central ROI,glucose_08_c5_wC03,C03,8,5.0,4.832329921406927,4.832329921406927
glucose,1,CNN central ROI,glucose_08_c5_wC09,C09,8,5.0,4.9869457473526495,4.9869457473526495
glucose,1,CNN central ROI,glucose_08_c5_wD02,D02,8,5.0,4.871338961833851,4.871338961833851
glucose,1,CNN central ROI,glucose_08_c5_wD03,D03,8,5.0,4.9822137169518825,4.9822137169518825
glucose,1,CNN central ROI,glucose_08_c5_wE02,E02,8,5.0,4.903969531067315,4.903969531067315
glucose,1,CNN central ROI,glucose_08_c5_wE03,E03,8,5.0,4.968440919451157,4.968440919451157
glucose,1,CNN central ROI,glucose_08_c5_wE08,E08,8,5.0,4.92752225456382,4.92752225456382
glucose,1,CNN central ROI,glucose_08_c5_wE10,E10,8,5.0,5.002478660286211,5.002478660286211
glucose,1,CNN central ROI,glucose_08_c5_wE11,E11,8,5.0,5.004210605908924,5.004210605908924
glucose,1,CNN central ROI,glucose_08_c5_wF01,F01,8,5.0,4.862958916137219,4.862958916137219
glucose,1,CNN central ROI,glucose_08_c5_wF12,F12,8,5.0,4.52606035491186,4.52606035491186
glucose,1,CNN central ROI,glucose_08_c5_wG06,G06,8,5.0,4.975290911459285,4.975290911459285
glucose,1,CNN central ROI,glucose_08_c5_wG09,G09,8,5.0,4.997665604353855,4.997665604353855
glucose,1,CNN central ROI,glucose_08_c5_wG11,G11,8,5.0,5.136264056355887,5.136264056355887
glucose,1,CNN central ROI,glucose_08_c5_wG12,G12,8,5.0,4.736888302849943,4.736888302849943
glucose,1,CNN central ROI,glucose_08_c5_wH05,H05,8,5.0,4.596082489909397,4.596082489909397
glucose,1,CNN central ROI,glucose_09_c10_wA06,A06,9,10.0,12.52186113172544,12.52186113172544
glucose,1,CNN central ROI,glucose_09_c10_wA11,A11,9,10.0,9.202645651330522,9.202645651330522
glucose,1,CNN central ROI,glucose_09_c10_wA12,A12,9,10.0,8.910159010527629,8.910159010527629
glucose,1,CNN central ROI,glucose_09_c10_wC01,C01,9,10.0,9.430409814187614,9.430409814187614
glucose,1,CNN central ROI,glucose_09_c10_wC03,C03,9,10.0,10.683886334510358,10.683886334510358
glucose,1,CNN central ROI,glucose_09_c10_wC09,C09,9,10.0,12.909349511537055,12.909349511537055
glucose,1,CNN central ROI,glucose_09_c10_wD02,D02,9,10.0,10.212494125478663,10.212494125478663
glucose,1,CNN central ROI,glucose_09_c10_wD03,D03,9,10.0,12.00642487709729,12.00642487709729
glucose,1,CNN central ROI,glucose_09_c10_wE02,E02,9,10.0,10.560741462089704,10.560741462089704
glucose,1,CNN central ROI,glucose_09_c10_wE03,E03,9,10.0,12.117126059401182,12.117126059401182
glucose,1,CNN central ROI,glucose_09_c10_wE08,E08,9,10.0,8.999185962671344,8.999185962671344
glucose,1,CNN central ROI,glucose_09_c10_wE10,E10,9,10.0,10.683812674936185,10.683812674936185
glucose,1,CNN central ROI,glucose_09_c10_wE11,E11,9,10.0,12.527460055682242,12.527460055682242
glucose,1,CNN central ROI,glucose_09_c10_wF01,F01,9,10.0,8.504518124520983,8.504518124520983
glucose,1,CNN central ROI,glucose_09_c10_wF12,F12,9,10.0,9.170267291483626,9.170267291483626
glucose,1,CNN central ROI,glucose_09_c10_wG06,G06,9,10.0,11.580094012105349,11.580094012105349
glucose,1,CNN central ROI,glucose_09_c10_wG09,G09,9,10.0,14.44518906005242,14.44518906005242
glucose,1,CNN central ROI,glucose_09_c10_wG11,G11,9,10.0,12.099740807257122,12.099740807257122
glucose,1,CNN central ROI,glucose_09_c10_wG12,G12,9,10.0,9.172872053290297,9.172872053290297
glucose,1,CNN central ROI,glucose_09_c10_wH05,H05,9,10.0,10.36542772601424,10.36542772601424
glucose,1,CNN central ROI,glucose_10_c15_wA06,A06,10,15.0,15.69741456209382,15.69741456209382
glucose,1,CNN central ROI,glucose_10_c15_wA11,A11,10,15.0,12.7932309661727,12.7932309661727
glucose,1,CNN central ROI,glucose_10_c15_wA12,A12,10,15.0,19.46559709186356,19.46559709186356
glucose,1,CNN central ROI,glucose_10_c15_wC01,C01,10,15.0,15.66281526654567,15.66281526654567
glucose,1,CNN central ROI,glucose_10_c15_wC03,C03,10,15.0,14.823175752955695,14.823175752955695
glucose,1,CNN central ROI,glucose_10_c15_wC09,C09,10,15.0,15.556298744374471,15.556298744374471
glucose,1,CNN central ROI,glucose_10_c15_wD02,D02,10,15.0,12.093085963350568,12.093085963350568
glucose,1,CNN central ROI,glucose_10_c15_wD03,D03,10,15.0,14.230947998693608,14.230947998693608
glucose,1,CNN central ROI,glucose_10_c15_wE02,E02,10,15.0,15.124360594068664,15.124360594068664
glucose,1,CNN central ROI,glucose_10_c15_wE03,E03,10,15.0,14.81397746386097,14.81397746386097
glucose,1,CNN central ROI,glucose_10_c15_wE08,E08,10,15.0,15.98170468401073,15.98170468401073
glucose,1,CNN central ROI,glucose_10_c15_wE10,E10,10,15.0,15.1137544117076,15.1137544117076
glucose,1,CNN central ROI,glucose_10_c15_wE11,E11,10,15.0,17.526664482288183,17.526664482288183
glucose,1,CNN central ROI,glucose_10_c15_wF01,F01,10,15.0,13.705464578148382,13.705464578148382
glucose,1,CNN central ROI,glucose_10_c15_wF12,F12,10,15.0,18.89713948126674,18.89713948126674
glucose,1,CNN central ROI,glucose_10_c15_wG06,G06,10,15.0,15.75537310033132,15.75537310033132
glucose,1,CNN central ROI,glucose_10_c15_wG09,G09,10,15.0,15.032278163156318,15.032278163156318
glucose,1,CNN central ROI,glucose_10_c15_wG11,G11,10,15.0,15.096284749673138,15.096284749673138
glucose,1,CNN central ROI,glucose_10_c15_wG12,G12,10,15.0,18.30842349697329,18.30842349697329
glucose,1,CNN central ROI,glucose_10_c15_wH05,H05,10,15.0,14.42984318271328,14.42984318271328
glucose,1,CNN central ROI,glucose_11_c20_wA06,A06,11,20.0,19.482139837743038,19.482139837743038
glucose,1,CNN central ROI,glucose_11_c20_wA11,A11,11,20.0,18.782854860219345,18.782854860219345
glucose,1,CNN central ROI,glucose_11_c20_wA12,A12,11,20.0,20.01773651874216,20.0
glucose,1,CNN central ROI,glucose_11_c20_wC01,C01,11,20.0,19.33469327824349,19.33469327824349
glucose,1,CNN central ROI,glucose_11_c20_wC03,C03,11,20.0,18.800120664405284,18.800120664405284
glucose,1,CNN central ROI,glucose_11_c20_wC09,C09,11,20.0,18.60968558109918,18.60968558109918
glucose,1,CNN central ROI,glucose_11_c20_wD02,D02,11,20.0,20.44290913670023,20.0
glucose,1,CNN central ROI,glucose_11_c20_wD03,D03,11,20.0,19.888783688438004,19.888783688438004
glucose,1,CNN central ROI,glucose_11_c20_wE02,E02,11,20.0,19.361131092973373,19.361131092973373
glucose,1,CNN central ROI,glucose_11_c20_wE03,E03,11,20.0,18.39426994815221,18.39426994815221
glucose,1,CNN central ROI,glucose_11_c20_wE08,E08,11,20.0,19.465613018257976,19.465613018257976
glucose,1,CNN central ROI,glucose_11_c20_wE10,E10,11,20.0,19.976861427474542,19.976861427474542
glucose,1,CNN central ROI,glucose_11_c20_wE11,E11,11,20.0,21.159668554176704,20.0
glucose,1,CNN central ROI,glucose_11_c20_wF01,F01,11,20.0,17.46084706472631,17.46084706472631
glucose,1,CNN central ROI,glucose_11_c20_wF12,F12,11,20.0,20.814758593515457,20.0
glucose,1,CNN central ROI,glucose_11_c20_wG06,G06,11,20.0,20.560538300574905,20.0
glucose,1,CNN central ROI,glucose_11_c20_wG09,G09,11,20.0,20.482682121474284,20.0
glucose,1,CNN central ROI,glucose_11_c20_wG11,G11,11,20.0,20.442026814449605,20.0
glucose,1,CNN central ROI,glucose_11_c20_wG12,G12,11,20.0,20.46187428717032,20.0
glucose,1,CNN central ROI,glucose_11_c20_wH05,H05,11,20.0,17.719169996868317,17.719169996868317
glucose,2,CNN central ROI,glucose_01_c0_wA04,A04,1,0.0,0.4126308719290295,0.4126308719290295
glucose,2,CNN central ROI,glucose_01_c0_wB04,B04,1,0.0,0.5009562663987372,0.5009562663987372
glucose,2,CNN central ROI,glucose_01_c0_wB08,B08,1,0.0,0.2232716165656949,0.2232716165656949
glucose,2,CNN central ROI,glucose_01_c0_wB10,B10,1,0.0,0.3100927630828494,0.3100927630828494
glucose,2,CNN central ROI,glucose_01_c0_wB12,B12,1,0.0,-0.3065891734846575,0.0
glucose,2,CNN central ROI,glucose_01_c0_wC04,C04,1,0.0,0.3030962980160803,0.3030962980160803
glucose,2,CNN central ROI,glucose_01_c0_wC08,C08,1,0.0,0.0227802096657221,0.0227802096657221
glucose,2,CNN central ROI,glucose_01_c0_wC12,C12,1,0.0,0.252223412654077,0.252223412654077
glucose,2,CNN central ROI,glucose_01_c0_wD07,D07,1,0.0,0.2457262400522371,0.2457262400522371
glucose,2,CNN central ROI,glucose_01_c0_wE07,E07,1,0.0,0.3402848271363456,0.3402848271363456
glucose,2,CNN central ROI,glucose_01_c0_wF02,F02,1,0.0,0.3550342610046249,0.3550342610046249
glucose,2,CNN central ROI,glucose_01_c0_wF05,F05,1,0.0,0.1557397226449834,0.1557397226449834
glucose,2,CNN central ROI,glucose_01_c0_wF06,F06,1,0.0,0.1773462656288957,0.1773462656288957
glucose,2,CNN central ROI,glucose_01_c0_wF10,F10,1,0.0,0.2298062161944116,0.2298062161944116
glucose,2,CNN central ROI,glucose_01_c0_wG03,G03,1,0.0,0.1594326553500993,0.1594326553500993
glucose,2,CNN central ROI,glucose_01_c0_wH01,H01,1,0.0,0.4767139051390447,0.4767139051390447
glucose,2,CNN central ROI,glucose_01_c0_wH02,H02,1,0.0,0.1360351893141533,0.1360351893141533
glucose,2,CNN central ROI,glucose_01_c0_wH04,H04,1,0.0,0.2489752245130176,0.2489752245130176
glucose,2,CNN central ROI,glucose_01_c0_wH06,H06,1,0.0,0.3277264669797919,0.3277264669797919
glucose,2,CNN central ROI,glucose_02_c0.01_wA04,A04,2,0.01,-0.1281721474045545,0.0
glucose,2,CNN central ROI,glucose_02_c0.01_wB04,B04,2,0.01,-0.2624141332941319,0.0
glucose,2,CNN central ROI,glucose_02_c0.01_wB08,B08,2,0.01,-0.1203375558316652,0.0
glucose,2,CNN central ROI,glucose_02_c0.01_wB10,B10,2,0.01,0.1061381617172054,0.1061381617172054
glucose,2,CNN central ROI,glucose_02_c0.01_wB12,B12,2,0.01,-0.2235453695630216,0.0
glucose,2,CNN central ROI,glucose_02_c0.01_wC04,C04,2,0.01,0.0397107632492161,0.0397107632492161
glucose,2,CNN central ROI,glucose_02_c0.01_wC08,C08,2,0.01,0.0291575361495848,0.0291575361495848
glucose,2,CNN central ROI,glucose_02_c0.01_wC12,C12,2,0.01,0.1393542499103626,0.1393542499103626
glucose,2,CNN central ROI,glucose_02_c0.01_wD07,D07,2,0.01,-0.2205639485284223,0.0
glucose,2,CNN central ROI,glucose_02_c0.01_wE07,E07,2,0.01,-0.014832359705859,0.0
glucose,2,CNN central ROI,glucose_02_c0.01_wF02,F02,2,0.01,-0.1998361443563912,0.0
glucose,2,CNN central ROI,glucose_02_c0.01_wF05,F05,2,0.01,-0.0523541486292717,0.0
glucose,2,CNN central ROI,glucose_02_c0.01_wF06,F06,2,0.01,0.146979409396688,0.146979409396688
glucose,2,CNN central ROI,glucose_02_c0.01_wF10,F10,2,0.01,-0.2675113758268423,0.0
glucose,2,CNN central ROI,glucose_02_c0.01_wG03,G03,2,0.01,0.0922204837972806,0.0922204837972806
glucose,2,CNN central ROI,glucose_02_c0.01_wH01,H01,2,0.01,-0.066804564442398,0.0
glucose,2,CNN central ROI,glucose_02_c0.01_wH02,H02,2,0.01,0.359675610497189,0.359675610497189
glucose,2,CNN central ROI,glucose_02_c0.01_wH04,H04,2,0.01,-0.3371865642760312,0.0
glucose,2,CNN central ROI,glucose_02_c0.01_wH06,H06,2,0.01,-0.0616137543424963,0.0
glucose,2,CNN central ROI,glucose_03_c0.05_wA04,A04,3,0.05,0.14427510762492,0.14427510762492
glucose,2,CNN central ROI,glucose_03_c0.05_wB04,B04,3,0.05,0.1933889227237211,0.1933889227237211
glucose,2,CNN central ROI,glucose_03_c0.05_wB08,B08,3,0.05,-0.1257815956027741,0.0
glucose,2,CNN central ROI,glucose_03_c0.05_wB10,B10,3,0.05,0.1322745694327727,0.1322745694327727
glucose,2,CNN central ROI,glucose_03_c0.05_wB12,B12,3,0.05,-0.242631162470805,0.0
glucose,2,CNN central ROI,glucose_03_c0.05_wC04,C04,3,0.05,0.1088058327818171,0.1088058327818171
glucose,2,CNN central ROI,glucose_03_c0.05_wC08,C08,3,0.05,0.0255963943582582,0.0255963943582582
glucose,2,CNN central ROI,glucose_03_c0.05_wC12,C12,3,0.05,0.0208981080056593,0.0208981080056593
glucose,2,CNN central ROI,glucose_03_c0.05_wD07,D07,3,0.05,-0.0219590230469766,0.0
glucose,2,CNN central ROI,glucose_03_c0.05_wE07,E07,3,0.05,0.2121227423149205,0.2121227423149205
glucose,2,CNN central ROI,glucose_03_c0.05_wF02,F02,3,0.05,0.089642796861117,0.089642796861117
glucose,2,CNN central ROI,glucose_03_c0.05_wF05,F05,3,0.05,0.028542379165283,0.028542379165283
glucose,2,CNN central ROI,glucose_03_c0.05_wF06,F06,3,0.05,0.0214467722932765,0.0214467722932765
glucose,2,CNN central ROI,glucose_03_c0.05_wF10,F10,3,0.05,-0.082054883415048,0.0
glucose,2,CNN central ROI,glucose_03_c0.05_wG03,G03,3,0.05,-0.0038849543444428,0.0
glucose,2,CNN central ROI,glucose_03_c0.05_wH01,H01,3,0.05,0.1015724625981162,0.1015724625981162
glucose,2,CNN central ROI,glucose_03_c0.05_wH02,H02,3,0.05,-0.1325387665934494,0.0
glucose,2,CNN central ROI,glucose_03_c0.05_wH04,H04,3,0.05,0.2213652271541484,0.2213652271541484
glucose,2,CNN central ROI,glucose_03_c0.05_wH06,H06,3,0.05,-0.0672377623705022,0.0
glucose,2,CNN central ROI,glucose_04_c0.1_wA04,A04,4,0.1,0.294275862628865,0.294275862628865
glucose,2,CNN central ROI,glucose_04_c0.1_wB04,B04,4,0.1,0.3343307445840775,0.3343307445840775
glucose,2,CNN central ROI,glucose_04_c0.1_wB08,B08,4,0.1,0.1497322866714228,0.1497322866714228
glucose,2,CNN central ROI,glucose_04_c0.1_wB10,B10,4,0.1,0.3981896137926926,0.3981896137926926
glucose,2,CNN central ROI,glucose_04_c0.1_wB12,B12,4,0.1,0.3975481782576047,0.3975481782576047
glucose,2,CNN central ROI,glucose_04_c0.1_wC04,C04,4,0.1,0.1932658913268605,0.1932658913268605
glucose,2,CNN central ROI,glucose_04_c0.1_wC08,C08,4,0.1,0.171756897508744,0.171756897508744
glucose,2,CNN central ROI,glucose_04_c0.1_wC12,C12,4,0.1,-0.116256019102809,0.0
glucose,2,CNN central ROI,glucose_04_c0.1_wD07,D07,4,0.1,-0.0778630564048636,0.0
glucose,2,CNN central ROI,glucose_04_c0.1_wE07,E07,4,0.1,0.1499691917883545,0.1499691917883545
glucose,2,CNN central ROI,glucose_04_c0.1_wF02,F02,4,0.1,0.1139142237906183,0.1139142237906183
glucose,2,CNN central ROI,glucose_04_c0.1_wF05,F05,4,0.1,-0.0057682504840856,0.0
glucose,2,CNN central ROI,glucose_04_c0.1_wF06,F06,4,0.1,0.0013289490273615,0.0013289490273615
glucose,2,CNN central ROI,glucose_04_c0.1_wF10,F10,4,0.1,0.2294211956094152,0.2294211956094152
glucose,2,CNN central ROI,glucose_04_c0.1_wG03,G03,4,0.1,-0.0170536935669742,0.0
glucose,2,CNN central ROI,glucose_04_c0.1_wH01,H01,4,0.1,0.2781683054767967,0.2781683054767967
glucose,2,CNN central ROI,glucose_04_c0.1_wH02,H02,4,0.1,0.084447607002752,0.084447607002752
glucose,2,CNN central ROI,glucose_04_c0.1_wH04,H04,4,0.1,0.1173690568992205,0.1173690568992205
glucose,2,CNN central ROI,glucose_04_c0.1_wH06,H06,4,0.1,0.3038977938150449,0.3038977938150449
glucose,2,CNN central ROI,glucose_05_c0.5_wA04,A04,5,0.5,0.4783957323893313,0.4783957323893313
glucose,2,CNN central ROI,glucose_05_c0.5_wB04,B04,5,0.5,0.5121955229378194,0.5121955229378194
glucose,2,CNN central ROI,glucose_05_c0.5_wB08,B08,5,0.5,0.3149630544951369,0.3149630544951369
glucose,2,CNN central ROI,glucose_05_c0.5_wB10,B10,5,0.5,0.3022346800781967,0.3022346800781967
glucose,2,CNN central ROI,glucose_05_c0.5_wB12,B12,5,0.5,0.3040447148035285,0.3040447148035285
glucose,2,CNN central ROI,glucose_05_c0.5_wC04,C04,5,0.5,0.3822349500270139,0.3822349500270139
glucose,2,CNN central ROI,glucose_05_c0.5_wC08,C08,5,0.5,0.4227497066209755,0.4227497066209755
glucose,2,CNN central ROI,glucose_05_c0.5_wC12,C12,5,0.5,0.0953213527899965,0.0953213527899965
glucose,2,CNN central ROI,glucose_05_c0.5_wD07,D07,5,0.5,0.4321267694930153,0.4321267694930153
glucose,2,CNN central ROI,glucose_05_c0.5_wE07,E07,5,0.5,0.1715020751980942,0.1715020751980942
glucose,2,CNN central ROI,glucose_05_c0.5_wF02,F02,5,0.5,0.5650902640708813,0.5650902640708813
glucose,2,CNN central ROI,glucose_05_c0.5_wF05,F05,5,0.5,0.3986383399553519,0.3986383399553519
glucose,2,CNN central ROI,glucose_05_c0.5_wF06,F06,5,0.5,0.0765668288860563,0.0765668288860563
glucose,2,CNN central ROI,glucose_05_c0.5_wF10,F10,5,0.5,0.2276219112003135,0.2276219112003135
glucose,2,CNN central ROI,glucose_05_c0.5_wG03,G03,5,0.5,0.5180174164164395,0.5180174164164395
glucose,2,CNN central ROI,glucose_05_c0.5_wH01,H01,5,0.5,0.3751966781749036,0.3751966781749036
glucose,2,CNN central ROI,glucose_05_c0.5_wH02,H02,5,0.5,0.2491731099636309,0.2491731099636309
glucose,2,CNN central ROI,glucose_05_c0.5_wH04,H04,5,0.5,0.156376778421607,0.156376778421607
glucose,2,CNN central ROI,glucose_05_c0.5_wH06,H06,5,0.5,-0.033551049222364,0.0
glucose,2,CNN central ROI,glucose_06_c1_wA04,A04,6,1.0,0.7371124446332642,0.7371124446332642
glucose,2,CNN central ROI,glucose_06_c1_wB04,B04,6,1.0,0.358657117574312,0.358657117574312
glucose,2,CNN central ROI,glucose_06_c1_wB08,B08,6,1.0,0.4859245371894412,0.4859245371894412
glucose,2,CNN central ROI,glucose_06_c1_wB10,B10,6,1.0,0.5688011139697142,0.5688011139697142
glucose,2,CNN central ROI,glucose_06_c1_wB12,B12,6,1.0,0.5094330898264356,0.5094330898264356
glucose,2,CNN central ROI,glucose_06_c1_wC04,C04,6,1.0,0.6207637628696041,0.6207637628696041
glucose,2,CNN central ROI,glucose_06_c1_wC08,C08,6,1.0,0.3651471232986649,0.3651471232986649
glucose,2,CNN central ROI,glucose_06_c1_wC12,C12,6,1.0,0.2802307735536153,0.2802307735536153
glucose,2,CNN central ROI,glucose_06_c1_wD07,D07,6,1.0,0.70037542879468,0.70037542879468
glucose,2,CNN central ROI,glucose_06_c1_wE07,E07,6,1.0,0.4926705597040257,0.4926705597040257
glucose,2,CNN central ROI,glucose_06_c1_wF02,F02,6,1.0,0.7021775003228043,0.7021775003228043
glucose,2,CNN central ROI,glucose_06_c1_wF05,F05,6,1.0,0.9608496186623744,0.9608496186623744
glucose,2,CNN central ROI,glucose_06_c1_wF06,F06,6,1.0,0.73558629788839,0.73558629788839
glucose,2,CNN central ROI,glucose_06_c1_wF10,F10,6,1.0,0.6670729399118187,0.6670729399118187
glucose,2,CNN central ROI,glucose_06_c1_wG03,G03,6,1.0,1.0182005649529184,1.0182005649529184
glucose,2,CNN central ROI,glucose_06_c1_wH01,H01,6,1.0,0.7121410526691987,0.7121410526691987
glucose,2,CNN central ROI,glucose_06_c1_wH02,H02,6,1.0,0.8654397657967516,0.8654397657967516
glucose,2,CNN central ROI,glucose_06_c1_wH04,H04,6,1.0,0.7769933307294865,0.7769933307294865
glucose,2,CNN central ROI,glucose_06_c1_wH06,H06,6,1.0,0.552729391205081,0.552729391205081
glucose,2,CNN central ROI,glucose_07_c2.5_wA04,A04,7,2.5,2.610482658037349,2.610482658037349
glucose,2,CNN central ROI,glucose_07_c2.5_wB04,B04,7,2.5,2.293577669316472,2.293577669316472
glucose,2,CNN central ROI,glucose_07_c2.5_wB08,B08,7,2.5,2.8696068868983917,2.8696068868983917
glucose,2,CNN central ROI,glucose_07_c2.5_wB10,B10,7,2.5,2.337690198408916,2.337690198408916
glucose,2,CNN central ROI,glucose_07_c2.5_wB12,B12,7,2.5,2.681741328251308,2.681741328251308
glucose,2,CNN central ROI,glucose_07_c2.5_wC04,C04,7,2.5,2.840107023762182,2.840107023762182
glucose,2,CNN central ROI,glucose_07_c2.5_wC08,C08,7,2.5,3.1064094776662614,3.1064094776662614
glucose,2,CNN central ROI,glucose_07_c2.5_wC12,C12,7,2.5,2.5217266536786305,2.5217266536786305
glucose,2,CNN central ROI,glucose_07_c2.5_wD07,D07,7,2.5,2.695220234005084,2.695220234005084
glucose,2,CNN central ROI,glucose_07_c2.5_wE07,E07,7,2.5,2.453331350100664,2.453331350100664
glucose,2,CNN central ROI,glucose_07_c2.5_wF02,F02,7,2.5,2.8153382951670545,2.8153382951670545
glucose,2,CNN central ROI,glucose_07_c2.5_wF05,F05,7,2.5,2.348861369611872,2.348861369611872
glucose,2,CNN central ROI,glucose_07_c2.5_wF06,F06,7,2.5,2.3726798897001795,2.3726798897001795
glucose,2,CNN central ROI,glucose_07_c2.5_wF10,F10,7,2.5,2.8440414404226235,2.8440414404226235
glucose,2,CNN central ROI,glucose_07_c2.5_wG03,G03,7,2.5,2.829347549854869,2.829347549854869
glucose,2,CNN central ROI,glucose_07_c2.5_wH01,H01,7,2.5,2.684127102134764,2.684127102134764
glucose,2,CNN central ROI,glucose_07_c2.5_wH02,H02,7,2.5,2.158542947144858,2.158542947144858
glucose,2,CNN central ROI,glucose_07_c2.5_wH04,H04,7,2.5,2.473250093436384,2.473250093436384
glucose,2,CNN central ROI,glucose_07_c2.5_wH06,H06,7,2.5,2.4901402337940484,2.4901402337940484
glucose,2,CNN central ROI,glucose_08_c5_wA04,A04,8,5.0,4.969473148889217,4.969473148889217
glucose,2,CNN central ROI,glucose_08_c5_wB04,B04,8,5.0,5.033003536213011,5.033003536213011
glucose,2,CNN central ROI,glucose_08_c5_wB08,B08,8,5.0,5.579812274455759,5.579812274455759
glucose,2,CNN central ROI,glucose_08_c5_wB10,B10,8,5.0,5.375709657162015,5.375709657162015
glucose,2,CNN central ROI,glucose_08_c5_wB12,B12,8,5.0,4.178386219189834,4.178386219189834
glucose,2,CNN central ROI,glucose_08_c5_wC04,C04,8,5.0,4.919996361307689,4.919996361307689
glucose,2,CNN central ROI,glucose_08_c5_wC08,C08,8,5.0,5.252013731494582,5.252013731494582
glucose,2,CNN central ROI,glucose_08_c5_wC12,C12,8,5.0,4.906261115258797,4.906261115258797
glucose,2,CNN central ROI,glucose_08_c5_wD07,D07,8,5.0,5.042702648199628,5.042702648199628
glucose,2,CNN central ROI,glucose_08_c5_wE07,E07,8,5.0,4.740399985721112,4.740399985721112
glucose,2,CNN central ROI,glucose_08_c5_wF02,F02,8,5.0,4.957575236401085,4.957575236401085
glucose,2,CNN central ROI,glucose_08_c5_wF05,F05,8,5.0,4.765415324579768,4.765415324579768
glucose,2,CNN central ROI,glucose_08_c5_wF06,F06,8,5.0,4.434005247719934,4.434005247719934
glucose,2,CNN central ROI,glucose_08_c5_wF10,F10,8,5.0,4.868365578651435,4.868365578651435
glucose,2,CNN central ROI,glucose_08_c5_wG03,G03,8,5.0,5.100223061280751,5.100223061280751
glucose,2,CNN central ROI,glucose_08_c5_wH01,H01,8,5.0,4.294861316709168,4.294861316709168
glucose,2,CNN central ROI,glucose_08_c5_wH02,H02,8,5.0,4.7173656414778415,4.7173656414778415
glucose,2,CNN central ROI,glucose_08_c5_wH04,H04,8,5.0,4.745710990328869,4.745710990328869
glucose,2,CNN central ROI,glucose_08_c5_wH06,H06,8,5.0,4.854404501306727,4.854404501306727
glucose,2,CNN central ROI,glucose_09_c10_wA04,A04,9,10.0,13.217062581720976,13.217062581720976
glucose,2,CNN central ROI,glucose_09_c10_wB04,B04,9,10.0,10.072679096023212,10.072679096023212
glucose,2,CNN central ROI,glucose_09_c10_wB08,B08,9,10.0,10.623837855165672,10.623837855165672
glucose,2,CNN central ROI,glucose_09_c10_wB10,B10,9,10.0,11.919593378423766,11.919593378423766
glucose,2,CNN central ROI,glucose_09_c10_wB12,B12,9,10.0,9.037036233479578,9.037036233479578
glucose,2,CNN central ROI,glucose_09_c10_wC04,C04,9,10.0,9.408114852805088,9.408114852805088
glucose,2,CNN central ROI,glucose_09_c10_wC08,C08,9,10.0,11.292097420048073,11.292097420048073
glucose,2,CNN central ROI,glucose_09_c10_wC12,C12,9,10.0,10.161074168468485,10.161074168468485
glucose,2,CNN central ROI,glucose_09_c10_wD07,D07,9,10.0,9.831978321142197,9.831978321142197
glucose,2,CNN central ROI,glucose_09_c10_wE07,E07,9,10.0,10.442637293501583,10.442637293501583
glucose,2,CNN central ROI,glucose_09_c10_wF02,F02,9,10.0,10.17040544295658,10.17040544295658
glucose,2,CNN central ROI,glucose_09_c10_wF05,F05,9,10.0,11.175316336676028,11.175316336676028
glucose,2,CNN central ROI,glucose_09_c10_wF06,F06,9,10.0,10.692955221650456,10.692955221650456
glucose,2,CNN central ROI,glucose_09_c10_wF10,F10,9,10.0,14.104857937785653,14.104857937785653
glucose,2,CNN central ROI,glucose_09_c10_wG03,G03,9,10.0,9.612931470268476,9.612931470268476
glucose,2,CNN central ROI,glucose_09_c10_wH01,H01,9,10.0,10.2160863237391,10.2160863237391
glucose,2,CNN central ROI,glucose_09_c10_wH02,H02,9,10.0,10.54501733288319,10.54501733288319
glucose,2,CNN central ROI,glucose_09_c10_wH04,H04,9,10.0,9.592928715202214,9.592928715202214
glucose,2,CNN central ROI,glucose_09_c10_wH06,H06,9,10.0,10.004990725277366,10.004990725277366
glucose,2,CNN central ROI,glucose_10_c15_wA04,A04,10,15.0,14.217916226463052,14.217916226463052
glucose,2,CNN central ROI,glucose_10_c15_wB04,B04,10,15.0,16.71508329405988,16.71508329405988
glucose,2,CNN central ROI,glucose_10_c15_wB08,B08,10,15.0,16.755462278141447,16.755462278141447
glucose,2,CNN central ROI,glucose_10_c15_wB10,B10,10,15.0,13.574183308980665,13.574183308980665
glucose,2,CNN central ROI,glucose_10_c15_wB12,B12,10,15.0,13.226713180417104,13.226713180417104
glucose,2,CNN central ROI,glucose_10_c15_wC04,C04,10,15.0,14.068278195091922,14.068278195091922
glucose,2,CNN central ROI,glucose_10_c15_wC08,C08,10,15.0,16.188943706064727,16.188943706064727
glucose,2,CNN central ROI,glucose_10_c15_wC12,C12,10,15.0,14.581897248117254,14.581897248117254
glucose,2,CNN central ROI,glucose_10_c15_wD07,D07,10,15.0,12.575735346115064,12.575735346115064
glucose,2,CNN central ROI,glucose_10_c15_wE07,E07,10,15.0,14.156324877659356,14.156324877659356
glucose,2,CNN central ROI,glucose_10_c15_wF02,F02,10,15.0,12.18590021208631,12.18590021208631
glucose,2,CNN central ROI,glucose_10_c15_wF05,F05,10,15.0,16.491526088287664,16.491526088287664
glucose,2,CNN central ROI,glucose_10_c15_wF06,F06,10,15.0,16.65081073675632,16.65081073675632
glucose,2,CNN central ROI,glucose_10_c15_wF10,F10,10,15.0,15.46968065938612,15.46968065938612
glucose,2,CNN central ROI,glucose_10_c15_wG03,G03,10,15.0,13.630296774425116,13.630296774425116
glucose,2,CNN central ROI,glucose_10_c15_wH01,H01,10,15.0,12.545511827432597,12.545511827432597
glucose,2,CNN central ROI,glucose_10_c15_wH02,H02,10,15.0,14.37731713761094,14.37731713761094
glucose,2,CNN central ROI,glucose_10_c15_wH04,H04,10,15.0,14.22241861816434,14.22241861816434
glucose,2,CNN central ROI,glucose_10_c15_wH06,H06,10,15.0,14.853959880721591,14.853959880721591
glucose,2,CNN central ROI,glucose_11_c20_wA04,A04,11,20.0,18.94329735756201,18.94329735756201
glucose,2,CNN central ROI,glucose_11_c20_wB04,B04,11,20.0,19.314481091090663,19.314481091090663
glucose,2,CNN central ROI,glucose_11_c20_wB08,B08,11,20.0,19.38717234048231,19.38717234048231
glucose,2,CNN central ROI,glucose_11_c20_wB10,B10,11,20.0,19.674341158189836,19.674341158189836
glucose,2,CNN central ROI,glucose_11_c20_wB12,B12,11,20.0,19.097270553493065,19.097270553493065
glucose,2,CNN central ROI,glucose_11_c20_wC04,C04,11,20.0,16.86217071336535,16.86217071336535
glucose,2,CNN central ROI,glucose_11_c20_wC08,C08,11,20.0,16.885360339954175,16.885360339954175
glucose,2,CNN central ROI,glucose_11_c20_wC12,C12,11,20.0,18.211219137616894,18.211219137616894
glucose,2,CNN central ROI,glucose_11_c20_wD07,D07,11,20.0,19.44520812173272,19.44520812173272
glucose,2,CNN central ROI,glucose_11_c20_wE07,E07,11,20.0,20.51033671273752,20.0
glucose,2,CNN central ROI,glucose_11_c20_wF02,F02,11,20.0,17.815969029486844,17.815969029486844
glucose,2,CNN central ROI,glucose_11_c20_wF05,F05,11,20.0,18.5990865656156,18.5990865656156
glucose,2,CNN central ROI,glucose_11_c20_wF06,F06,11,20.0,20.929098956943317,20.0
glucose,2,CNN central ROI,glucose_11_c20_wF10,F10,11,20.0,20.89294285634104,20.0
glucose,2,CNN central ROI,glucose_11_c20_wG03,G03,11,20.0,18.966651822333034,18.966651822333034
glucose,2,CNN central ROI,glucose_11_c20_wH01,H01,11,20.0,13.860452285403708,13.860452285403708
glucose,2,CNN central ROI,glucose_11_c20_wH02,H02,11,20.0,12.95329760060716,12.95329760060716
glucose,2,CNN central ROI,glucose_11_c20_wH04,H04,11,20.0,18.019302899630137,18.019302899630137
glucose,2,CNN central ROI,glucose_11_c20_wH06,H06,11,20.0,20.674333981313747,20.0
glucose,3,CNN central ROI,glucose_01_c0_wA07,A07,1,0.0,0.2560405712356344,0.2560405712356344
glucose,3,CNN central ROI,glucose_01_c0_wA08,A08,1,0.0,0.405509782825959,0.405509782825959
glucose,3,CNN central ROI,glucose_01_c0_wA10,A10,1,0.0,0.6747108405136757,0.6747108405136757
glucose,3,CNN central ROI,glucose_01_c0_wB01,B01,1,0.0,0.3567168845746327,0.3567168845746327
glucose,3,CNN central ROI,glucose_01_c0_wB11,B11,1,0.0,0.7544093052883172,0.7544093052883172
glucose,3,CNN central ROI,glucose_01_c0_wC02,C02,1,0.0,0.2195723133028133,0.2195723133028133
glucose,3,CNN central ROI,glucose_01_c0_wC05,C05,1,0.0,0.3073522287637864,0.3073522287637864
glucose,3,CNN central ROI,glucose_01_c0_wC10,C10,1,0.0,0.3585038260280617,0.3585038260280617
glucose,3,CNN central ROI,glucose_01_c0_wD05,D05,1,0.0,0.3994991615735141,0.3994991615735141
glucose,3,CNN central ROI,glucose_01_c0_wD09,D09,1,0.0,0.4317361746699735,0.4317361746699735
glucose,3,CNN central ROI,glucose_01_c0_wD10,D10,1,0.0,0.3293131340234447,0.3293131340234447
glucose,3,CNN central ROI,glucose_01_c0_wF04,F04,1,0.0,0.3073470526856017,0.3073470526856017
glucose,3,CNN central ROI,glucose_01_c0_wG02,G02,1,0.0,0.1793812606753482,0.1793812606753482
glucose,3,CNN central ROI,glucose_01_c0_wG04,G04,1,0.0,0.2179283112392642,0.2179283112392642
glucose,3,CNN central ROI,glucose_01_c0_wG07,G07,1,0.0,0.000249935805705,0.000249935805705
glucose,3,CNN central ROI,glucose_01_c0_wG08,G08,1,0.0,0.2515684396837363,0.2515684396837363
glucose,3,CNN central ROI,glucose_01_c0_wH09,H09,1,0.0,0.1427796191892962,0.1427796191892962
glucose,3,CNN central ROI,glucose_01_c0_wH10,H10,1,0.0,0.4362532982860951,0.4362532982860951
glucose,3,CNN central ROI,glucose_01_c0_wH12,H12,1,0.0,0.1929457707991071,0.1929457707991071
glucose,3,CNN central ROI,glucose_02_c0.01_wA07,A07,2,0.01,-0.0751794589458372,0.0
glucose,3,CNN central ROI,glucose_02_c0.01_wA08,A08,2,0.01,-0.0577762896080598,0.0
glucose,3,CNN central ROI,glucose_02_c0.01_wA10,A10,2,0.01,-0.1000728115772666,0.0
glucose,3,CNN central ROI,glucose_02_c0.01_wB01,B01,2,0.01,-0.1916798396163059,0.0
glucose,3,CNN central ROI,glucose_02_c0.01_wB11,B11,2,0.01,-0.1108175535697455,0.0
glucose,3,CNN central ROI,glucose_02_c0.01_wC02,C02,2,0.01,-0.0928844334577894,0.0
glucose,3,CNN central ROI,glucose_02_c0.01_wC05,C05,2,0.01,-0.0638617649142574,0.0
glucose,3,CNN central ROI,glucose_02_c0.01_wC10,C10,2,0.01,-0.1292782354967174,0.0
glucose,3,CNN central ROI,glucose_02_c0.01_wD05,D05,2,0.01,0.0418910866447106,0.0418910866447106
glucose,3,CNN central ROI,glucose_02_c0.01_wD09,D09,2,0.01,0.0422904409846811,0.0422904409846811
glucose,3,CNN central ROI,glucose_02_c0.01_wD10,D10,2,0.01,0.0774459658577972,0.0774459658577972
glucose,3,CNN central ROI,glucose_02_c0.01_wF04,F04,2,0.01,-0.0461591793614672,0.0
glucose,3,CNN central ROI,glucose_02_c0.01_wG02,G02,2,0.01,0.1059852683308157,0.1059852683308157
glucose,3,CNN central ROI,glucose_02_c0.01_wG04,G04,2,0.01,-0.1662991393157593,0.0
glucose,3,CNN central ROI,glucose_02_c0.01_wG07,G07,2,0.01,-0.1291496298618115,0.0
glucose,3,CNN central ROI,glucose_02_c0.01_wG08,G08,2,0.01,-0.2076934310413225,0.0
glucose,3,CNN central ROI,glucose_02_c0.01_wH09,H09,2,0.01,-0.096204290373719,0.0
glucose,3,CNN central ROI,glucose_02_c0.01_wH10,H10,2,0.01,0.1731333361461118,0.1731333361461118
glucose,3,CNN central ROI,glucose_02_c0.01_wH12,H12,2,0.01,-0.1286750233082267,0.0
glucose,3,CNN central ROI,glucose_03_c0.05_wA07,A07,3,0.05,-0.0603416335885516,0.0
glucose,3,CNN central ROI,glucose_03_c0.05_wA08,A08,3,0.05,-0.1155062840856953,0.0
glucose,3,CNN central ROI,glucose_03_c0.05_wA10,A10,3,0.05,0.0352545580917338,0.0352545580917338
glucose,3,CNN central ROI,glucose_03_c0.05_wB01,B01,3,0.05,0.1611009451651321,0.1611009451651321
glucose,3,CNN central ROI,glucose_03_c0.05_wB11,B11,3,0.05,0.1098036213919542,0.1098036213919542
glucose,3,CNN central ROI,glucose_03_c0.05_wC02,C02,3,0.05,0.0588773826086592,0.0588773826086592
glucose,3,CNN central ROI,glucose_03_c0.05_wC05,C05,3,0.05,-0.0280512670708006,0.0
glucose,3,CNN central ROI,glucose_03_c0.05_wC10,C10,3,0.05,0.0990202578930175,0.0990202578930175
glucose,3,CNN central ROI,glucose_03_c0.05_wD05,D05,3,0.05,0.0858885475375021,0.0858885475375021
glucose,3,CNN central ROI,glucose_03_c0.05_wD09,D09,3,0.05,-0.0329108081668572,0.0
glucose,3,CNN central ROI,glucose_03_c0.05_wD10,D10,3,0.05,0.1488535478595425,0.1488535478595425
glucose,3,CNN central ROI,glucose_03_c0.05_wF04,F04,3,0.05,0.0511996660207634,0.0511996660207634
glucose,3,CNN central ROI,glucose_03_c0.05_wG02,G02,3,0.05,0.0139561908397629,0.0139561908397629
glucose,3,CNN central ROI,glucose_03_c0.05_wG04,G04,3,0.05,-0.0266879677088258,0.0
glucose,3,CNN central ROI,glucose_03_c0.05_wG07,G07,3,0.05,-0.1191283443356612,0.0
glucose,3,CNN central ROI,glucose_03_c0.05_wG08,G08,3,0.05,-0.1417685103171448,0.0
glucose,3,CNN central ROI,glucose_03_c0.05_wH09,H09,3,0.05,-0.1172199641248132,0.0
glucose,3,CNN central ROI,glucose_03_c0.05_wH10,H10,3,0.05,-0.0294121774736124,0.0
glucose,3,CNN central ROI,glucose_03_c0.05_wH12,H12,3,0.05,-0.0288221045605148,0.0
glucose,3,CNN central ROI,glucose_04_c0.1_wA07,A07,4,0.1,0.2385486122489899,0.2385486122489899
glucose,3,CNN central ROI,glucose_04_c0.1_wA08,A08,4,0.1,0.2913028029513347,0.2913028029513347
glucose,3,CNN central ROI,glucose_04_c0.1_wA10,A10,4,0.1,0.124832165322366,0.124832165322366
glucose,3,CNN central ROI,glucose_04_c0.1_wB01,B01,4,0.1,0.1986872359859273,0.1986872359859273
glucose,3,CNN central ROI,glucose_04_c0.1_wB11,B11,4,0.1,0.2715242118864722,0.2715242118864722
glucose,3,CNN central ROI,glucose_04_c0.1_wC02,C02,4,0.1,0.0313127754738751,0.0313127754738751
glucose,3,CNN central ROI,glucose_04_c0.1_wC05,C05,4,0.1,-0.0005416059967497,0.0
glucose,3,CNN central ROI,glucose_04_c0.1_wC10,C10,4,0.1,0.1954378533652869,0.1954378533652869
glucose,3,CNN central ROI,glucose_04_c0.1_wD05,D05,4,0.1,0.3277857927989895,0.3277857927989895
glucose,3,CNN central ROI,glucose_04_c0.1_wD09,D09,4,0.1,-0.0448512242200864,0.0
glucose,3,CNN central ROI,glucose_04_c0.1_wD10,D10,4,0.1,0.0711040756015091,0.0711040756015091
glucose,3,CNN central ROI,glucose_04_c0.1_wF04,F04,4,0.1,0.1861129494349578,0.1861129494349578
glucose,3,CNN central ROI,glucose_04_c0.1_wG02,G02,4,0.1,0.0866792930202366,0.0866792930202366
glucose,3,CNN central ROI,glucose_04_c0.1_wG04,G04,4,0.1,-0.0274357119266372,0.0
glucose,3,CNN central ROI,glucose_04_c0.1_wG07,G07,4,0.1,0.0856604019374991,0.0856604019374991
glucose,3,CNN central ROI,glucose_04_c0.1_wG08,G08,4,0.1,0.1434704265470729,0.1434704265470729
glucose,3,CNN central ROI,glucose_04_c0.1_wH09,H09,4,0.1,0.1392268387550386,0.1392268387550386
glucose,3,CNN central ROI,glucose_04_c0.1_wH10,H10,4,0.1,0.0155918315462448,0.0155918315462448
glucose,3,CNN central ROI,glucose_04_c0.1_wH12,H12,4,0.1,0.0052444530944351,0.0052444530944351
glucose,3,CNN central ROI,glucose_05_c0.5_wA07,A07,5,0.5,0.5026747243561793,0.5026747243561793
glucose,3,CNN central ROI,glucose_05_c0.5_wA08,A08,5,0.5,0.4492615790848902,0.4492615790848902
glucose,3,CNN central ROI,glucose_05_c0.5_wA10,A10,5,0.5,0.4712372162593832,0.4712372162593832
glucose,3,CNN central ROI,glucose_05_c0.5_wB01,B01,5,0.5,0.6359678952984478,0.6359678952984478
glucose,3,CNN central ROI,glucose_05_c0.5_wB11,B11,5,0.5,0.5666092439382684,0.5666092439382684
glucose,3,CNN central ROI,glucose_05_c0.5_wC02,C02,5,0.5,0.5704964786552544,0.5704964786552544
glucose,3,CNN central ROI,glucose_05_c0.5_wC05,C05,5,0.5,0.6430650948098959,0.6430650948098959
glucose,3,CNN central ROI,glucose_05_c0.5_wC10,C10,5,0.5,0.6921697522319077,0.6921697522319077
glucose,3,CNN central ROI,glucose_05_c0.5_wD05,D05,5,0.5,0.429476617462261,0.429476617462261
glucose,3,CNN central ROI,glucose_05_c0.5_wD09,D09,5,0.5,0.5005457635826751,0.5005457635826751
glucose,3,CNN central ROI,glucose_05_c0.5_wD10,D10,5,0.5,0.7469035937601092,0.7469035937601092
glucose,3,CNN central ROI,glucose_05_c0.5_wF04,F04,5,0.5,0.2510579987427164,0.2510579987427164
glucose,3,CNN central ROI,glucose_05_c0.5_wG02,G02,5,0.5,0.5393090149507831,0.5393090149507831
glucose,3,CNN central ROI,glucose_05_c0.5_wG04,G04,5,0.5,0.4718101682984841,0.4718101682984841
glucose,3,CNN central ROI,glucose_05_c0.5_wG07,G07,5,0.5,0.3212766754013376,0.3212766754013376
glucose,3,CNN central ROI,glucose_05_c0.5_wG08,G08,5,0.5,0.3020379891071636,0.3020379891071636
glucose,3,CNN central ROI,glucose_05_c0.5_wH09,H09,5,0.5,0.2960038764229571,0.2960038764229571
glucose,3,CNN central ROI,glucose_05_c0.5_wH10,H10,5,0.5,0.4203770720129132,0.4203770720129132
glucose,3,CNN central ROI,glucose_05_c0.5_wH12,H12,5,0.5,0.2980902340913989,0.2980902340913989
glucose,3,CNN central ROI,glucose_06_c1_wA07,A07,6,1.0,0.2476601024941498,0.2476601024941498
glucose,3,CNN central ROI,glucose_06_c1_wA08,A08,6,1.0,0.1588951395385729,0.1588951395385729
glucose,3,CNN central ROI,glucose_06_c1_wA10,A10,6,1.0,0.2994085413891501,0.2994085413891501
glucose,3,CNN central ROI,glucose_06_c1_wB01,B01,6,1.0,0.4525420181746415,0.4525420181746415
glucose,3,CNN central ROI,glucose_06_c1_wB11,B11,6,1.0,0.2149476865243862,0.2149476865243862
glucose,3,CNN central ROI,glucose_06_c1_wC02,C02,6,1.0,0.7086368477379077,0.7086368477379077
glucose,3,CNN central ROI,glucose_06_c1_wC05,C05,6,1.0,0.5718860565680144,0.5718860565680144
glucose,3,CNN central ROI,glucose_06_c1_wC10,C10,6,1.0,0.5601335719688896,0.5601335719688896
glucose,3,CNN central ROI,glucose_06_c1_wD05,D05,6,1.0,0.3464515270540627,0.3464515270540627
glucose,3,CNN central ROI,glucose_06_c1_wD09,D09,6,1.0,0.475947447407794,0.475947447407794
glucose,3,CNN central ROI,glucose_06_c1_wD10,D10,6,1.0,0.5449405880161358,0.5449405880161358
glucose,3,CNN central ROI,glucose_06_c1_wF04,F04,6,1.0,0.6920439337160245,0.6920439337160245
glucose,3,CNN central ROI,glucose_06_c1_wG02,G02,6,1.0,1.2487940517779403,1.2487940517779403
glucose,3,CNN central ROI,glucose_06_c1_wG04,G04,6,1.0,1.09115698881158,1.09115698881158
glucose,3,CNN central ROI,glucose_06_c1_wG07,G07,6,1.0,0.6960163746431327,0.6960163746431327
glucose,3,CNN central ROI,glucose_06_c1_wG08,G08,6,1.0,0.568600839559938,0.568600839559938
glucose,3,CNN central ROI,glucose_06_c1_wH09,H09,6,1.0,0.6778837764411216,0.6778837764411216
glucose,3,CNN central ROI,glucose_06_c1_wH10,H10,6,1.0,0.749237208701854,0.749237208701854
glucose,3,CNN central ROI,glucose_06_c1_wH12,H12,6,1.0,0.3828580702085231,0.3828580702085231
glucose,3,CNN central ROI,glucose_07_c2.5_wA07,A07,7,2.5,2.362309816136328,2.362309816136328
glucose,3,CNN central ROI,glucose_07_c2.5_wA08,A08,7,2.5,2.2005464234568177,2.2005464234568177
glucose,3,CNN central ROI,glucose_07_c2.5_wA10,A10,7,2.5,2.3003011957989434,2.3003011957989434
glucose,3,CNN central ROI,glucose_07_c2.5_wB01,B01,7,2.5,2.5860276794122083,2.5860276794122083
glucose,3,CNN central ROI,glucose_07_c2.5_wB11,B11,7,2.5,2.45278607017186,2.45278607017186
glucose,3,CNN central ROI,glucose_07_c2.5_wC02,C02,7,2.5,2.2741970390320687,2.2741970390320687
glucose,3,CNN central ROI,glucose_07_c2.5_wC05,C05,7,2.5,2.942341933874676,2.942341933874676
glucose,3,CNN central ROI,glucose_07_c2.5_wC10,C10,7,2.5,2.64332507320153,2.64332507320153
glucose,3,CNN central ROI,glucose_07_c2.5_wD05,D05,7,2.5,2.720027385026739,2.720027385026739
glucose,3,CNN central ROI,glucose_07_c2.5_wD09,D09,7,2.5,3.0567702906316767,3.0567702906316767
glucose,3,CNN central ROI,glucose_07_c2.5_wD10,D10,7,2.5,2.7621807685261355,2.7621807685261355
glucose,3,CNN central ROI,glucose_07_c2.5_wF04,F04,7,2.5,2.8567538884451484,2.8567538884451484
glucose,3,CNN central ROI,glucose_07_c2.5_wG02,G02,7,2.5,2.7591788422587267,2.7591788422587267
glucose,3,CNN central ROI,glucose_07_c2.5_wG04,G04,7,2.5,3.2881276471488565,3.2881276471488565
glucose,3,CNN central ROI,glucose_07_c2.5_wG07,G07,7,2.5,2.8782553172259178,2.8782553172259178
glucose,3,CNN central ROI,glucose_07_c2.5_wG08,G08,7,2.5,2.7482557246487933,2.7482557246487933
glucose,3,CNN central ROI,glucose_07_c2.5_wH09,H09,7,2.5,2.646350689980632,2.646350689980632
glucose,3,CNN central ROI,glucose_07_c2.5_wH10,H10,7,2.5,2.363264603481542,2.363264603481542
glucose,3,CNN central ROI,glucose_07_c2.5_wH12,H12,7,2.5,2.601585576877009,2.601585576877009
glucose,3,CNN central ROI,glucose_08_c5_wA07,A07,8,5.0,5.098507066937445,5.098507066937445
glucose,3,CNN central ROI,glucose_08_c5_wA08,A08,8,5.0,5.065324436615056,5.065324436615056
glucose,3,CNN central ROI,glucose_08_c5_wA10,A10,8,5.0,5.019783197961072,5.019783197961072
glucose,3,CNN central ROI,glucose_08_c5_wB01,B01,8,5.0,5.079025266721016,5.079025266721016
glucose,3,CNN central ROI,glucose_08_c5_wB11,B11,8,5.0,5.009661041122791,5.009661041122791
glucose,3,CNN central ROI,glucose_08_c5_wC02,C02,8,5.0,4.873036093353772,4.873036093353772
glucose,3,CNN central ROI,glucose_08_c5_wC05,C05,8,5.0,5.085788733614483,5.085788733614483
glucose,3,CNN central ROI,glucose_08_c5_wC10,C10,8,5.0,5.051338524049057,5.051338524049057
glucose,3,CNN central ROI,glucose_08_c5_wD05,D05,8,5.0,5.126881568555749,5.126881568555749
glucose,3,CNN central ROI,glucose_08_c5_wD09,D09,8,5.0,4.934027017088,4.934027017088
glucose,3,CNN central ROI,glucose_08_c5_wD10,D10,8,5.0,5.034362617568965,5.034362617568965
glucose,3,CNN central ROI,glucose_08_c5_wF04,F04,8,5.0,4.990856672581328,4.990856672581328
glucose,3,CNN central ROI,glucose_08_c5_wG02,G02,8,5.0,5.05854128569349,5.05854128569349
glucose,3,CNN central ROI,glucose_08_c5_wG04,G04,8,5.0,5.108149938843781,5.108149938843781
glucose,3,CNN central ROI,glucose_08_c5_wG07,G07,8,5.0,5.12468026711261,5.12468026711261
glucose,3,CNN central ROI,glucose_08_c5_wG08,G08,8,5.0,5.123316830883184,5.123316830883184
glucose,3,CNN central ROI,glucose_08_c5_wH09,H09,8,5.0,5.017131415963389,5.017131415963389
glucose,3,CNN central ROI,glucose_08_c5_wH10,H10,8,5.0,4.993378741561994,4.993378741561994
glucose,3,CNN central ROI,glucose_08_c5_wH12,H12,8,5.0,3.84796011976998,3.84796011976998
glucose,3,CNN central ROI,glucose_09_c10_wA07,A07,9,10.0,15.11406975431703,15.11406975431703
glucose,3,CNN central ROI,glucose_09_c10_wA08,A08,9,10.0,12.078740263580723,12.078740263580723
glucose,3,CNN central ROI,glucose_09_c10_wA10,A10,9,10.0,9.566719046072336,9.566719046072336
glucose,3,CNN central ROI,glucose_09_c10_wB01,B01,9,10.0,10.331404169624212,10.331404169624212
glucose,3,CNN central ROI,glucose_09_c10_wB11,B11,9,10.0,10.201630333687929,10.201630333687929
glucose,3,CNN central ROI,glucose_09_c10_wC02,C02,9,10.0,10.154031516857913,10.154031516857913
glucose,3,CNN central ROI,glucose_09_c10_wC05,C05,9,10.0,9.960104969736044,9.960104969736044
glucose,3,CNN central ROI,glucose_09_c10_wC10,C10,9,10.0,10.781438287424876,10.781438287424876
glucose,3,CNN central ROI,glucose_09_c10_wD05,D05,9,10.0,13.285176585357576,13.285176585357576
glucose,3,CNN central ROI,glucose_09_c10_wD09,D09,9,10.0,10.267562421289592,10.267562421289592
glucose,3,CNN central ROI,glucose_09_c10_wD10,D10,9,10.0,12.450555478647956,12.450555478647956
glucose,3,CNN central ROI,glucose_09_c10_wF04,F04,9,10.0,11.372807210868103,11.372807210868103
glucose,3,CNN central ROI,glucose_09_c10_wG02,G02,9,10.0,9.396966774874034,9.396966774874034
glucose,3,CNN central ROI,glucose_09_c10_wG04,G04,9,10.0,9.340927765323476,9.340927765323476
glucose,3,CNN central ROI,glucose_09_c10_wG07,G07,9,10.0,12.51349181146005,12.51349181146005
glucose,3,CNN central ROI,glucose_09_c10_wG08,G08,9,10.0,10.576085746789406,10.576085746789406
glucose,3,CNN central ROI,glucose_09_c10_wH09,H09,9,10.0,10.177653146895256,10.177653146895256
glucose,3,CNN central ROI,glucose_09_c10_wH10,H10,9,10.0,11.294498722166082,11.294498722166082
glucose,3,CNN central ROI,glucose_09_c10_wH12,H12,9,10.0,15.460765063792271,15.460765063792271
glucose,3,CNN central ROI,glucose_10_c15_wA07,A07,10,15.0,17.257810221838866,17.257810221838866
glucose,3,CNN central ROI,glucose_10_c15_wA08,A08,10,15.0,16.609433964064614,16.609433964064614
glucose,3,CNN central ROI,glucose_10_c15_wA10,A10,10,15.0,13.66773813505673,13.66773813505673
glucose,3,CNN central ROI,glucose_10_c15_wB01,B01,10,15.0,15.877597825314616,15.877597825314616
glucose,3,CNN central ROI,glucose_10_c15_wB11,B11,10,15.0,15.986019144257916,15.986019144257916
glucose,3,CNN central ROI,glucose_10_c15_wC02,C02,10,15.0,11.997644655855977,11.997644655855977
glucose,3,CNN central ROI,glucose_10_c15_wC05,C05,10,15.0,13.200808103580425,13.200808103580425
glucose,3,CNN central ROI,glucose_10_c15_wC10,C10,10,15.0,15.868065878256882,15.868065878256882
glucose,3,CNN central ROI,glucose_10_c15_wD05,D05,10,15.0,12.2078929701348,12.2078929701348
glucose,3,CNN central ROI,glucose_10_c15_wD09,D09,10,15.0,13.843250186795428,13.843250186795428
glucose,3,CNN central ROI,glucose_10_c15_wD10,D10,10,15.0,14.02924578765819,14.02924578765819
glucose,3,CNN central ROI,glucose_10_c15_wF04,F04,10,15.0,14.503821284773702,14.503821284773702
glucose,3,CNN central ROI,glucose_10_c15_wG02,G02,10,15.0,17.709788554237814,17.709788554237814
glucose,3,CNN central ROI,glucose_10_c15_wG04,G04,10,15.0,13.977203904946084,13.977203904946084
glucose,3,CNN central ROI,glucose_10_c15_wG07,G07,10,15.0,16.999203799876263,16.999203799876263
glucose,3,CNN central ROI,glucose_10_c15_wG08,G08,10,15.0,16.957124673190826,16.957124673190826
glucose,3,CNN central ROI,glucose_10_c15_wH09,H09,10,15.0,18.444239010631133,18.444239010631133
glucose,3,CNN central ROI,glucose_10_c15_wH10,H10,10,15.0,16.92620676371184,16.92620676371184
glucose,3,CNN central ROI,glucose_10_c15_wH12,H12,10,15.0,20.801488721688383,20.0
glucose,3,CNN central ROI,glucose_11_c20_wA07,A07,11,20.0,19.72856734589604,19.72856734589604
glucose,3,CNN central ROI,glucose_11_c20_wA08,A08,11,20.0,19.01136517465481,19.01136517465481
glucose,3,CNN central ROI,glucose_11_c20_wA10,A10,11,20.0,17.112040711671284,17.112040711671284
glucose,3,CNN central ROI,glucose_11_c20_wB01,B01,11,20.0,19.539138810716995,19.539138810716995
glucose,3,CNN central ROI,glucose_11_c20_wB11,B11,11,20.0,21.0377153742182,20.0
glucose,3,CNN central ROI,glucose_11_c20_wC02,C02,11,20.0,20.334297497343663,20.0
glucose,3,CNN central ROI,glucose_11_c20_wC05,C05,11,20.0,20.062516761920484,20.0
glucose,3,CNN central ROI,glucose_11_c20_wC10,C10,11,20.0,19.80160579068594,19.80160579068594
glucose,3,CNN central ROI,glucose_11_c20_wD05,D05,11,20.0,18.858302968484324,18.858302968484324
glucose,3,CNN central ROI,glucose_11_c20_wD09,D09,11,20.0,19.2929836439085,19.2929836439085
glucose,3,CNN central ROI,glucose_11_c20_wD10,D10,11,20.0,17.599784151689605,17.599784151689605
glucose,3,CNN central ROI,glucose_11_c20_wF04,F04,11,20.0,19.24785620533192,19.24785620533192
glucose,3,CNN central ROI,glucose_11_c20_wG02,G02,11,20.0,18.34680770015431,18.34680770015431
glucose,3,CNN central ROI,glucose_11_c20_wG04,G04,11,20.0,20.18485058270552,20.0
glucose,3,CNN central ROI,glucose_11_c20_wG07,G07,11,20.0,19.99627888754604,19.99627888754604
glucose,3,CNN central ROI,glucose_11_c20_wG08,G08,11,20.0,20.38652332991127,20.0
glucose,3,CNN central ROI,glucose_11_c20_wH09,H09,11,20.0,20.711249770929648,20.0
glucose,3,CNN central ROI,glucose_11_c20_wH10,H10,11,20.0,19.079109685940963,19.079109685940963
glucose,3,CNN central ROI,glucose_11_c20_wH12,H12,11,20.0,20.443947537616125,20.0
glucose,4,CNN central ROI,glucose_01_c0_wA01,A01,1,0.0,0.1386075188496577,0.1386075188496577
glucose,4,CNN central ROI,glucose_01_c0_wA02,A02,1,0.0,0.3729198913543632,0.3729198913543632
glucose,4,CNN central ROI,glucose_01_c0_wA03,A03,1,0.0,0.3608954882955154,0.3608954882955154
glucose,4,CNN central ROI,glucose_01_c0_wB03,B03,1,0.0,0.5965118035410217,0.5965118035410217
glucose,4,CNN central ROI,glucose_01_c0_wB06,B06,1,0.0,0.2094139920205438,0.2094139920205438
glucose,4,CNN central ROI,glucose_01_c0_wB07,B07,1,0.0,0.2435946665145122,0.2435946665145122
glucose,4,CNN central ROI,glucose_01_c0_wC06,C06,1,0.0,0.1999426731228189,0.1999426731228189
glucose,4,CNN central ROI,glucose_01_c0_wC07,C07,1,0.0,0.175603652639007,0.175603652639007
glucose,4,CNN central ROI,glucose_01_c0_wD11,D11,1,0.0,0.4730163331295148,0.4730163331295148
glucose,4,CNN central ROI,glucose_01_c0_wD12,D12,1,0.0,0.0757118239545204,0.0757118239545204
glucose,4,CNN central ROI,glucose_01_c0_wE04,E04,1,0.0,0.375627203924402,0.375627203924402
glucose,4,CNN central ROI,glucose_01_c0_wE12,E12,1,0.0,0.1622609859036918,0.1622609859036918
glucose,4,CNN central ROI,glucose_01_c0_wF07,F07,1,0.0,0.1849120074371534,0.1849120074371534
glucose,4,CNN central ROI,glucose_01_c0_wF08,F08,1,0.0,0.2179426324888827,0.2179426324888827
glucose,4,CNN central ROI,glucose_01_c0_wF09,F09,1,0.0,0.3944184107975866,0.3944184107975866
glucose,4,CNN central ROI,glucose_01_c0_wF11,F11,1,0.0,0.2600634446132974,0.2600634446132974
glucose,4,CNN central ROI,glucose_01_c0_wG01,G01,1,0.0,0.4102737471370027,0.4102737471370027
glucose,4,CNN central ROI,glucose_01_c0_wG05,G05,1,0.0,0.2302175280140536,0.2302175280140536
glucose,4,CNN central ROI,glucose_01_c0_wH07,H07,1,0.0,0.1701023224686305,0.1701023224686305
glucose,4,CNN central ROI,glucose_02_c0.01_wA01,A01,2,0.01,0.1756453372054223,0.1756453372054223
glucose,4,CNN central ROI,glucose_02_c0.01_wA02,A02,2,0.01,0.189194181900506,0.189194181900506
glucose,4,CNN central ROI,glucose_02_c0.01_wA03,A03,2,0.01,0.0857725291775335,0.0857725291775335
glucose,4,CNN central ROI,glucose_02_c0.01_wB03,B03,2,0.01,0.1325334003676782,0.1325334003676782
glucose,4,CNN central ROI,glucose_02_c0.01_wB06,B06,2,0.01,-0.0528046677625934,0.0
glucose,4,CNN central ROI,glucose_02_c0.01_wB07,B07,2,0.01,0.1556678111844801,0.1556678111844801
glucose,4,CNN central ROI,glucose_02_c0.01_wC06,C06,2,0.01,0.0466764180334974,0.0466764180334974
glucose,4,CNN central ROI,glucose_02_c0.01_wC07,C07,2,0.01,-0.013565295348722,0.0
glucose,4,CNN central ROI,glucose_02_c0.01_wD11,D11,2,0.01,0.0319955803651869,0.0319955803651869
glucose,4,CNN central ROI,glucose_02_c0.01_wD12,D12,2,0.01,0.1616080299317492,0.1616080299317492
glucose,4,CNN central ROI,glucose_02_c0.01_wE04,E04,2,0.01,0.1028403281817151,0.1028403281817151
glucose,4,CNN central ROI,glucose_02_c0.01_wE12,E12,2,0.01,0.1273149212780767,0.1273149212780767
glucose,4,CNN central ROI,glucose_02_c0.01_wF07,F07,2,0.01,0.1486686320144149,0.1486686320144149
glucose,4,CNN central ROI,glucose_02_c0.01_wF08,F08,2,0.01,0.0207051873371581,0.0207051873371581
glucose,4,CNN central ROI,glucose_02_c0.01_wF09,F09,2,0.01,-0.002549289157116,0.0
glucose,4,CNN central ROI,glucose_02_c0.01_wF11,F11,2,0.01,0.2080904615056245,0.2080904615056245
glucose,4,CNN central ROI,glucose_02_c0.01_wG01,G01,2,0.01,0.1747097996699295,0.1747097996699295
glucose,4,CNN central ROI,glucose_02_c0.01_wG05,G05,2,0.01,0.0903275177519247,0.0903275177519247
glucose,4,CNN central ROI,glucose_02_c0.01_wH07,H07,2,0.01,0.0772780076384918,0.0772780076384918
glucose,4,CNN central ROI,glucose_03_c0.05_wA01,A01,3,0.05,0.1561578569031201,0.1561578569031201
glucose,4,CNN central ROI,glucose_03_c0.05_wA02,A02,3,0.05,0.1112646586981849,0.1112646586981849
glucose,4,CNN central ROI,glucose_03_c0.05_wA03,A03,3,0.05,0.0921109961961498,0.0921109961961498
glucose,4,CNN central ROI,glucose_03_c0.05_wB03,B03,3,0.05,0.1615401385904387,0.1615401385904387
glucose,4,CNN central ROI,glucose_03_c0.05_wB06,B06,3,0.05,0.1522460824303675,0.1522460824303675
glucose,4,CNN central ROI,glucose_03_c0.05_wB07,B07,3,0.05,0.0579193432194519,0.0579193432194519
glucose,4,CNN central ROI,glucose_03_c0.05_wC06,C06,3,0.05,0.1684805230428946,0.1684805230428946
glucose,4,CNN central ROI,glucose_03_c0.05_wC07,C07,3,0.05,0.1242420566313584,0.1242420566313584
glucose,4,CNN central ROI,glucose_03_c0.05_wD11,D11,3,0.05,0.0782497730752365,0.0782497730752365
glucose,4,CNN central ROI,glucose_03_c0.05_wD12,D12,3,0.05,0.0082516450569552,0.0082516450569552
glucose,4,CNN central ROI,glucose_03_c0.05_wE04,E04,3,0.05,0.0710509707187407,0.0710509707187407
glucose,4,CNN central ROI,glucose_03_c0.05_wE12,E12,3,0.05,0.0539022451782455,0.0539022451782455
glucose,4,CNN central ROI,glucose_03_c0.05_wF07,F07,3,0.05,0.0490732942543914,0.0490732942543914
glucose,4,CNN central ROI,glucose_03_c0.05_wF08,F08,3,0.05,0.0949474837983703,0.0949474837983703
glucose,4,CNN central ROI,glucose_03_c0.05_wF09,F09,3,0.05,0.3946456401550386,0.3946456401550386
glucose,4,CNN central ROI,glucose_03_c0.05_wF11,F11,3,0.05,0.1124621274881836,0.1124621274881836
glucose,4,CNN central ROI,glucose_03_c0.05_wG01,G01,3,0.05,0.0932245134238331,0.0932245134238331
glucose,4,CNN central ROI,glucose_03_c0.05_wG05,G05,3,0.05,0.0556510480938534,0.0556510480938534
glucose,4,CNN central ROI,glucose_03_c0.05_wH07,H07,3,0.05,0.0940453634364562,0.0940453634364562
glucose,4,CNN central ROI,glucose_04_c0.1_wA01,A01,4,0.1,0.2138345058841961,0.2138345058841961
glucose,4,CNN central ROI,glucose_04_c0.1_wA02,A02,4,0.1,0.2494416105973322,0.2494416105973322
glucose,4,CNN central ROI,glucose_04_c0.1_wA03,A03,4,0.1,0.2231927775770487,0.2231927775770487
glucose,4,CNN central ROI,glucose_04_c0.1_wB03,B03,4,0.1,0.1792521854803544,0.1792521854803544
glucose,4,CNN central ROI,glucose_04_c0.1_wB06,B06,4,0.1,0.3240240095711618,0.3240240095711618
glucose,4,CNN central ROI,glucose_04_c0.1_wB07,B07,4,0.1,0.2088678276635008,0.2088678276635008
glucose,4,CNN central ROI,glucose_04_c0.1_wC06,C06,4,0.1,0.1305885743979627,0.1305885743979627
glucose,4,CNN central ROI,glucose_04_c0.1_wC07,C07,4,0.1,0.1708163195156697,0.1708163195156697
glucose,4,CNN central ROI,glucose_04_c0.1_wD11,D11,4,0.1,0.1333012678142726,0.1333012678142726
glucose,4,CNN central ROI,glucose_04_c0.1_wD12,D12,4,0.1,0.043827277960472,0.043827277960472
glucose,4,CNN central ROI,glucose_04_c0.1_wE04,E04,4,0.1,0.1350833686094886,0.1350833686094886
glucose,4,CNN central ROI,glucose_04_c0.1_wE12,E12,4,0.1,0.0792742821480525,0.0792742821480525
glucose,4,CNN central ROI,glucose_04_c0.1_wF07,F07,4,0.1,0.1688732069808872,0.1688732069808872
glucose,4,CNN central ROI,glucose_04_c0.1_wF08,F08,4,0.1,0.1910600221970741,0.1910600221970741
glucose,4,CNN central ROI,glucose_04_c0.1_wF09,F09,4,0.1,0.1027781629746856,0.1027781629746856
glucose,4,CNN central ROI,glucose_04_c0.1_wF11,F11,4,0.1,0.1028321969804083,0.1028321969804083
glucose,4,CNN central ROI,glucose_04_c0.1_wG01,G01,4,0.1,0.2700393548806483,0.2700393548806483
glucose,4,CNN central ROI,glucose_04_c0.1_wG05,G05,4,0.1,0.1656612781527325,0.1656612781527325
glucose,4,CNN central ROI,glucose_04_c0.1_wH07,H07,4,0.1,0.1353636111592816,0.1353636111592816
glucose,4,CNN central ROI,glucose_05_c0.5_wA01,A01,5,0.5,0.4831442804621044,0.4831442804621044
glucose,4,CNN central ROI,glucose_05_c0.5_wA02,A02,5,0.5,0.333853393462337,0.333853393462337
glucose,4,CNN central ROI,glucose_05_c0.5_wA03,A03,5,0.5,0.5025520185203585,0.5025520185203585
glucose,4,CNN central ROI,glucose_05_c0.5_wB03,B03,5,0.5,0.4730133711682774,0.4730133711682774
glucose,4,CNN central ROI,glucose_05_c0.5_wB06,B06,5,0.5,0.3915841970482683,0.3915841970482683
glucose,4,CNN central ROI,glucose_05_c0.5_wB07,B07,5,0.5,0.3702131311614875,0.3702131311614875
glucose,4,CNN central ROI,glucose_05_c0.5_wC06,C06,5,0.5,0.4177740849027208,0.4177740849027208
glucose,4,CNN central ROI,glucose_05_c0.5_wC07,C07,5,0.5,0.5997090260600473,0.5997090260600473
glucose,4,CNN central ROI,glucose_05_c0.5_wD11,D11,5,0.5,0.4830205189455817,0.4830205189455817
glucose,4,CNN central ROI,glucose_05_c0.5_wD12,D12,5,0.5,0.373718698876227,0.373718698876227
glucose,4,CNN central ROI,glucose_05_c0.5_wE04,E04,5,0.5,0.4824986472492319,0.4824986472492319
glucose,4,CNN central ROI,glucose_05_c0.5_wE12,E12,5,0.5,0.2207914379262075,0.2207914379262075
glucose,4,CNN central ROI,glucose_05_c0.5_wF07,F07,5,0.5,0.3318211709501644,0.3318211709501644
glucose,4,CNN central ROI,glucose_05_c0.5_wF08,F08,5,0.5,0.3762486176280829,0.3762486176280829
glucose,4,CNN central ROI,glucose_05_c0.5_wF09,F09,5,0.5,0.4571434109989529,0.4571434109989529
glucose,4,CNN central ROI,glucose_05_c0.5_wF11,F11,5,0.5,0.3562456366938588,0.3562456366938588
glucose,4,CNN central ROI,glucose_05_c0.5_wG01,G01,5,0.5,0.3794910062346839,0.3794910062346839
glucose,4,CNN central ROI,glucose_05_c0.5_wG05,G05,5,0.5,0.1749224888902273,0.1749224888902273
glucose,4,CNN central ROI,glucose_05_c0.5_wH07,H07,5,0.5,0.2398506880301367,0.2398506880301367
glucose,4,CNN central ROI,glucose_06_c1_wA01,A01,6,1.0,0.5367342272077704,0.5367342272077704
glucose,4,CNN central ROI,glucose_06_c1_wA02,A02,6,1.0,0.573515393833913,0.573515393833913
glucose,4,CNN central ROI,glucose_06_c1_wA03,A03,6,1.0,0.5439378850515182,0.5439378850515182
glucose,4,CNN central ROI,glucose_06_c1_wB03,B03,6,1.0,0.5553040747121125,0.5553040747121125
glucose,4,CNN central ROI,glucose_06_c1_wB06,B06,6,1.0,0.3593624474250566,0.3593624474250566
glucose,4,CNN central ROI,glucose_06_c1_wB07,B07,6,1.0,0.5017475463990528,0.5017475463990528
glucose,4,CNN central ROI,glucose_06_c1_wC06,C06,6,1.0,0.5230421176625291,0.5230421176625291
glucose,4,CNN central ROI,glucose_06_c1_wC07,C07,6,1.0,0.5546297386045758,0.5546297386045758
glucose,4,CNN central ROI,glucose_06_c1_wD11,D11,6,1.0,0.4734831139006595,0.4734831139006595
glucose,4,CNN central ROI,glucose_06_c1_wD12,D12,6,1.0,0.4100275266280828,0.4100275266280828
glucose,4,CNN central ROI,glucose_06_c1_wE04,E04,6,1.0,0.8437212325536021,0.8437212325536021
glucose,4,CNN central ROI,glucose_06_c1_wE12,E12,6,1.0,0.5421824190985556,0.5421824190985556
glucose,4,CNN central ROI,glucose_06_c1_wF07,F07,6,1.0,0.7360612837065104,0.7360612837065104
glucose,4,CNN central ROI,glucose_06_c1_wF08,F08,6,1.0,0.6280237523462122,0.6280237523462122
glucose,4,CNN central ROI,glucose_06_c1_wF09,F09,6,1.0,0.7082354574965184,0.7082354574965184
glucose,4,CNN central ROI,glucose_06_c1_wF11,F11,6,1.0,0.3631097559560316,0.3631097559560316
glucose,4,CNN central ROI,glucose_06_c1_wG01,G01,6,1.0,1.0288585546106308,1.0288585546106308
glucose,4,CNN central ROI,glucose_06_c1_wG05,G05,6,1.0,0.5505344627675373,0.5505344627675373
glucose,4,CNN central ROI,glucose_06_c1_wH07,H07,6,1.0,0.5590478324610999,0.5590478324610999
glucose,4,CNN central ROI,glucose_07_c2.5_wA01,A01,7,2.5,2.5801721771029897,2.5801721771029897
glucose,4,CNN central ROI,glucose_07_c2.5_wA02,A02,7,2.5,2.40372233878773,2.40372233878773
glucose,4,CNN central ROI,glucose_07_c2.5_wA03,A03,7,2.5,1.8410479527010863,1.8410479527010863
glucose,4,CNN central ROI,glucose_07_c2.5_wB03,B03,7,2.5,2.6145478318645905,2.6145478318645905
glucose,4,CNN central ROI,glucose_07_c2.5_wB06,B06,7,2.5,2.7179665811147347,2.7179665811147347
glucose,4,CNN central ROI,glucose_07_c2.5_wB07,B07,7,2.5,2.3684652479386723,2.3684652479386723
glucose,4,CNN central ROI,glucose_07_c2.5_wC06,C06,7,2.5,2.8175096291744186,2.8175096291744186
glucose,4,CNN central ROI,glucose_07_c2.5_wC07,C07,7,2.5,2.762691216295932,2.762691216295932
glucose,4,CNN central ROI,glucose_07_c2.5_wD11,D11,7,2.5,2.521570567844518,2.521570567844518
glucose,4,CNN central ROI,glucose_07_c2.5_wD12,D12,7,2.5,2.780025057678368,2.780025057678368
glucose,4,CNN central ROI,glucose_07_c2.5_wE04,E04,7,2.5,2.826808372811787,2.826808372811787
glucose,4,CNN central ROI,glucose_07_c2.5_wE12,E12,7,2.5,2.476932745913208,2.476932745913208
glucose,4,CNN central ROI,glucose_07_c2.5_wF07,F07,7,2.5,3.00374857812424,3.00374857812424
glucose,4,CNN central ROI,glucose_07_c2.5_wF08,F08,7,2.5,2.528407868273894,2.528407868273894
glucose,4,CNN central ROI,glucose_07_c2.5_wF09,F09,7,2.5,2.640332352356807,2.640332352356807
glucose,4,CNN central ROI,glucose_07_c2.5_wF11,F11,7,2.5,2.554180330199157,2.554180330199157
glucose,4,CNN central ROI,glucose_07_c2.5_wG01,G01,7,2.5,2.449575241276535,2.449575241276535
glucose,4,CNN central ROI,glucose_07_c2.5_wG05,G05,7,2.5,2.819783516768545,2.819783516768545
glucose,4,CNN central ROI,glucose_07_c2.5_wH07,H07,7,2.5,2.239585152634319,2.239585152634319
glucose,4,CNN central ROI,glucose_08_c5_wA01,A01,8,5.0,3.7977172163693087,3.7977172163693087
glucose,4,CNN central ROI,glucose_08_c5_wA02,A02,8,5.0,2.998200794847055,2.998200794847055
glucose,4,CNN central ROI,glucose_08_c5_wA03,A03,8,5.0,3.770774853116864,3.770774853116864
glucose,4,CNN central ROI,glucose_08_c5_wB03,B03,8,5.0,6.251541714038907,6.251541714038907
glucose,4,CNN central ROI,glucose_08_c5_wB06,B06,8,5.0,5.40389552993081,5.40389552993081
glucose,4,CNN central ROI,glucose_08_c5_wB07,B07,8,5.0,5.563718837202661,5.563718837202661
glucose,4,CNN central ROI,glucose_08_c5_wC06,C06,8,5.0,4.666034571021859,4.666034571021859
glucose,4,CNN central ROI,glucose_08_c5_wC07,C07,8,5.0,5.901311292729777,5.901311292729777
glucose,4,CNN central ROI,glucose_08_c5_wD11,D11,8,5.0,6.218154239185639,6.218154239185639
glucose,4,CNN central ROI,glucose_08_c5_wD12,D12,8,5.0,4.285867430590797,4.285867430590797
glucose,4,CNN central ROI,glucose_08_c5_wE04,E04,8,5.0,5.020106413141664,5.020106413141664
glucose,4,CNN central ROI,glucose_08_c5_wE12,E12,8,5.0,4.38922737329378,4.38922737329378
glucose,4,CNN central ROI,glucose_08_c5_wF07,F07,8,5.0,4.809951845174362,4.809951845174362
glucose,4,CNN central ROI,glucose_08_c5_wF08,F08,8,5.0,4.994633959111947,4.994633959111947
glucose,4,CNN central ROI,glucose_08_c5_wF09,F09,8,5.0,4.92082755065348,4.92082755065348
glucose,4,CNN central ROI,glucose_08_c5_wF11,F11,8,5.0,5.0395899184591535,5.0395899184591535
glucose,4,CNN central ROI,glucose_08_c5_wG01,G01,8,5.0,4.524382396761726,4.524382396761726
glucose,4,CNN central ROI,glucose_08_c5_wG05,G05,8,5.0,5.007325881950981,5.007325881950981
glucose,4,CNN central ROI,glucose_08_c5_wH07,H07,8,5.0,4.747536071208889,4.747536071208889
glucose,4,CNN central ROI,glucose_09_c10_wA01,A01,9,10.0,9.409030535749777,9.409030535749777
glucose,4,CNN central ROI,glucose_09_c10_wA02,A02,9,10.0,9.325963526977578,9.325963526977578
glucose,4,CNN central ROI,glucose_09_c10_wA03,A03,9,10.0,9.721974667856555,9.721974667856555
glucose,4,CNN central ROI,glucose_09_c10_wB03,B03,9,10.0,9.803439859099589,9.803439859099589
glucose,4,CNN central ROI,glucose_09_c10_wB06,B06,9,10.0,9.514156634335553,9.514156634335553
glucose,4,CNN central ROI,glucose_09_c10_wB07,B07,9,10.0,11.842262765021758,11.842262765021758
glucose,4,CNN central ROI,glucose_09_c10_wC06,C06,9,10.0,10.966493551874503,10.966493551874503
glucose,4,CNN central ROI,glucose_09_c10_wC07,C07,9,10.0,9.924709633727185,9.924709633727185
glucose,4,CNN central ROI,glucose_09_c10_wD11,D11,9,10.0,10.24920280727302,10.24920280727302
glucose,4,CNN central ROI,glucose_09_c10_wD12,D12,9,10.0,9.508185002557187,9.508185002557187
glucose,4,CNN central ROI,glucose_09_c10_wE04,E04,9,10.0,11.659687859852031,11.659687859852031
glucose,4,CNN central ROI,glucose_09_c10_wE12,E12,9,10.0,10.52884634174786,10.52884634174786
glucose,4,CNN central ROI,glucose_09_c10_wF07,F07,9,10.0,11.971827677375147,11.971827677375147
glucose,4,CNN central ROI,glucose_09_c10_wF08,F08,9,10.0,10.81260983037502,10.81260983037502
glucose,4,CNN central ROI,glucose_09_c10_wF09,F09,9,10.0,14.45971342659167,14.45971342659167
glucose,4,CNN central ROI,glucose_09_c10_wF11,F11,9,10.0,11.493796144256882,11.493796144256882
glucose,4,CNN central ROI,glucose_09_c10_wG01,G01,9,10.0,8.893815906755673,8.893815906755673
glucose,4,CNN central ROI,glucose_09_c10_wG05,G05,9,10.0,13.125851811855682,13.125851811855682
glucose,4,CNN central ROI,glucose_09_c10_wH07,H07,9,10.0,11.752693851065048,11.752693851065048
glucose,4,CNN central ROI,glucose_10_c15_wA01,A01,10,15.0,15.707810474743576,15.707810474743576
glucose,4,CNN central ROI,glucose_10_c15_wA02,A02,10,15.0,15.131119650993146,15.131119650993146
glucose,4,CNN central ROI,glucose_10_c15_wA03,A03,10,15.0,13.720118490036414,13.720118490036414
glucose,4,CNN central ROI,glucose_10_c15_wB03,B03,10,15.0,16.358575084265745,16.358575084265745
glucose,4,CNN central ROI,glucose_10_c15_wB06,B06,10,15.0,15.929710033770805,15.929710033770805
glucose,4,CNN central ROI,glucose_10_c15_wB07,B07,10,15.0,17.549366377383407,17.549366377383407
glucose,4,CNN central ROI,glucose_10_c15_wC06,C06,10,15.0,14.16836039720666,14.16836039720666
glucose,4,CNN central ROI,glucose_10_c15_wC07,C07,10,15.0,15.426504723737008,15.426504723737008
glucose,4,CNN central ROI,glucose_10_c15_wD11,D11,10,15.0,15.81581638040041,15.81581638040041
glucose,4,CNN central ROI,glucose_10_c15_wD12,D12,10,15.0,13.27408892981628,13.27408892981628
glucose,4,CNN central ROI,glucose_10_c15_wE04,E04,10,15.0,12.71513369497004,12.71513369497004
glucose,4,CNN central ROI,glucose_10_c15_wE12,E12,10,15.0,15.435564231288277,15.435564231288277
glucose,4,CNN central ROI,glucose_10_c15_wF07,F07,10,15.0,16.26003311668919,16.26003311668919
glucose,4,CNN central ROI,glucose_10_c15_wF08,F08,10,15.0,16.07717168178496,16.07717168178496
glucose,4,CNN central ROI,glucose_10_c15_wF09,F09,10,15.0,16.669798330333123,16.669798330333123
glucose,4,CNN central ROI,glucose_10_c15_wF11,F11,10,15.0,17.541107652577463,17.541107652577463
glucose,4,CNN central ROI,glucose_10_c15_wG01,G01,10,15.0,16.64736191803743,16.64736191803743
glucose,4,CNN central ROI,glucose_10_c15_wG05,G05,10,15.0,14.62693938191186,14.62693938191186
glucose,4,CNN central ROI,glucose_10_c15_wH07,H07,10,15.0,16.04960825214644,16.04960825214644
glucose,4,CNN central ROI,glucose_11_c20_wA01,A01,11,20.0,21.56116546597009,20.0
glucose,4,CNN central ROI,glucose_11_c20_wA02,A02,11,20.0,22.135772828106724,20.0
glucose,4,CNN central ROI,glucose_11_c20_wA03,A03,11,20.0,19.860738890761525,19.860738890761525
glucose,4,CNN central ROI,glucose_11_c20_wB03,B03,11,20.0,20.338462387074784,20.0
glucose,4,CNN central ROI,glucose_11_c20_wB06,B06,11,20.0,19.22346561632825,19.22346561632825
glucose,4,CNN central ROI,glucose_11_c20_wB07,B07,11,20.0,18.84003707280655,18.84003707280655
glucose,4,CNN central ROI,glucose_11_c20_wC06,C06,11,20.0,18.61482974986339,18.61482974986339
glucose,4,CNN central ROI,glucose_11_c20_wC07,C07,11,20.0,18.033191815990232,18.033191815990232
glucose,4,CNN central ROI,glucose_11_c20_wD11,D11,11,20.0,20.212265003483186,20.0
glucose,4,CNN central ROI,glucose_11_c20_wD12,D12,11,20.0,23.10827387133243,20.0
glucose,4,CNN central ROI,glucose_11_c20_wE04,E04,11,20.0,18.026594825534435,18.026594825534435
glucose,4,CNN central ROI,glucose_11_c20_wE12,E12,11,20.0,22.63950722593013,20.0
glucose,4,CNN central ROI,glucose_11_c20_wF07,F07,11,20.0,19.062439712263632,19.062439712263632
glucose,4,CNN central ROI,glucose_11_c20_wF08,F08,11,20.0,20.336723265317467,20.0
glucose,4,CNN central ROI,glucose_11_c20_wF09,F09,11,20.0,20.194991502077308,20.0
glucose,4,CNN central ROI,glucose_11_c20_wF11,F11,11,20.0,21.382876218970864,20.0
glucose,4,CNN central ROI,glucose_11_c20_wG01,G01,11,20.0,17.392744931494306,17.392744931494306
glucose,4,CNN central ROI,glucose_11_c20_wG05,G05,11,20.0,20.47271497145818,20.0
glucose,4,CNN central ROI,glucose_11_c20_wH07,H07,11,20.0,14.984145735349562,14.984145735349562
glucose,5,CNN central ROI,glucose_01_c0_wA05,A05,1,0.0,0.4434611862387312,0.4434611862387312
glucose,5,CNN central ROI,glucose_01_c0_wA09,A09,1,0.0,0.4898491989333031,0.4898491989333031
glucose,5,CNN central ROI,glucose_01_c0_wB02,B02,1,0.0,0.2715572591548847,0.2715572591548847
glucose,5,CNN central ROI,glucose_01_c0_wB05,B05,1,0.0,0.3659999817196198,0.3659999817196198
glucose,5,CNN central ROI,glucose_01_c0_wB09,B09,1,0.0,0.4997864727289114,0.4997864727289114
glucose,5,CNN central ROI,glucose_01_c0_wC11,C11,1,0.0,0.3268385704911223,0.3268385704911223
glucose,5,CNN central ROI,glucose_01_c0_wD01,D01,1,0.0,0.5655099245637327,0.5655099245637327
glucose,5,CNN central ROI,glucose_01_c0_wD04,D04,1,0.0,0.1937823046657856,0.1937823046657856
glucose,5,CNN central ROI,glucose_01_c0_wD06,D06,1,0.0,0.2128939779644953,0.2128939779644953
glucose,5,CNN central ROI,glucose_01_c0_wD08,D08,1,0.0,0.2017948736962695,0.2017948736962695
glucose,5,CNN central ROI,glucose_01_c0_wE01,E01,1,0.0,0.5720166530022226,0.5720166530022226
glucose,5,CNN central ROI,glucose_01_c0_wE05,E05,1,0.0,0.185111179226217,0.185111179226217
glucose,5,CNN central ROI,glucose_01_c0_wE06,E06,1,0.0,0.0667916061536271,0.0667916061536271
glucose,5,CNN central ROI,glucose_01_c0_wE09,E09,1,0.0,0.4248161562963988,0.4248161562963988
glucose,5,CNN central ROI,glucose_01_c0_wF03,F03,1,0.0,0.3753822206698451,0.3753822206698451
glucose,5,CNN central ROI,glucose_01_c0_wG10,G10,1,0.0,0.4126292792895887,0.4126292792895887
glucose,5,CNN central ROI,glucose_01_c0_wH03,H03,1,0.0,0.1305839826655574,0.1305839826655574
glucose,5,CNN central ROI,glucose_01_c0_wH08,H08,1,0.0,0.0346561238215681,0.0346561238215681
glucose,5,CNN central ROI,glucose_01_c0_wH11,H11,1,0.0,0.3663830115053148,0.3663830115053148
glucose,5,CNN central ROI,glucose_02_c0.01_wA05,A05,2,0.01,0.0816588953405812,0.0816588953405812
glucose,5,CNN central ROI,glucose_02_c0.01_wA09,A09,2,0.01,-0.3316318360637336,0.0
glucose,5,CNN central ROI,glucose_02_c0.01_wB02,B02,2,0.01,-0.2019376320995283,0.0
glucose,5,CNN central ROI,glucose_02_c0.01_wB05,B05,2,0.01,-0.0749763974170383,0.0
glucose,5,CNN central ROI,glucose_02_c0.01_wB09,B09,2,0.01,0.0547815121248298,0.0547815121248298
glucose,5,CNN central ROI,glucose_02_c0.01_wC11,C11,2,0.01,0.0666267679714254,0.0666267679714254
glucose,5,CNN central ROI,glucose_02_c0.01_wD01,D01,2,0.01,0.0589797096927799,0.0589797096927799
glucose,5,CNN central ROI,glucose_02_c0.01_wD04,D04,2,0.01,-0.0119110608101795,0.0
glucose,5,CNN central ROI,glucose_02_c0.01_wD06,D06,2,0.01,-0.0806629165431251,0.0
glucose,5,CNN central ROI,glucose_02_c0.01_wD08,D08,2,0.01,-0.1339621880943431,0.0
glucose,5,CNN central ROI,glucose_02_c0.01_wE01,E01,2,0.01,0.0042279509708595,0.0042279509708595
glucose,5,CNN central ROI,glucose_02_c0.01_wE05,E05,2,0.01,-0.2389457948030378,0.0
glucose,5,CNN central ROI,glucose_02_c0.01_wE06,E06,2,0.01,-0.33293541144665,0.0
glucose,5,CNN central ROI,glucose_02_c0.01_wE09,E09,2,0.01,-0.1019182825301729,0.0
glucose,5,CNN central ROI,glucose_02_c0.01_wF03,F03,2,0.01,0.0858953162551285,0.0858953162551285
glucose,5,CNN central ROI,glucose_02_c0.01_wG10,G10,2,0.01,-0.0652238697966511,0.0
glucose,5,CNN central ROI,glucose_02_c0.01_wH03,H03,2,0.01,0.0587774444837014,0.0587774444837014
glucose,5,CNN central ROI,glucose_02_c0.01_wH08,H08,2,0.01,0.0100283438170185,0.0100283438170185
glucose,5,CNN central ROI,glucose_02_c0.01_wH11,H11,2,0.01,0.0970374217882765,0.0970374217882765
glucose,5,CNN central ROI,glucose_03_c0.05_wA05,A05,3,0.05,-0.1140892331425682,0.0
glucose,5,CNN central ROI,glucose_03_c0.05_wA09,A09,3,0.05,0.033292028139872,0.033292028139872
glucose,5,CNN central ROI,glucose_03_c0.05_wB02,B02,3,0.05,0.0129970237360845,0.0129970237360845
glucose,5,CNN central ROI,glucose_03_c0.05_wB05,B05,3,0.05,0.0567818672634281,0.0567818672634281
glucose,5,CNN central ROI,glucose_03_c0.05_wB09,B09,3,0.05,-0.001171893055746,0.0
glucose,5,CNN central ROI,glucose_03_c0.05_wC11,C11,3,0.05,0.2737455457475866,0.2737455457475866
glucose,5,CNN central ROI,glucose_03_c0.05_wD01,D01,3,0.05,0.2026071198114651,0.2026071198114651
glucose,5,CNN central ROI,glucose_03_c0.05_wD04,D04,3,0.05,0.104476640619799,0.104476640619799
glucose,5,CNN central ROI,glucose_03_c0.05_wD06,D06,3,0.05,0.0081187691265887,0.0081187691265887
glucose,5,CNN central ROI,glucose_03_c0.05_wD08,D08,3,0.05,0.1347001593022669,0.1347001593022669
glucose,5,CNN central ROI,glucose_03_c0.05_wE01,E01,3,0.05,0.0286765590382342,0.0286765590382342
glucose,5,CNN central ROI,glucose_03_c0.05_wE05,E05,3,0.05,0.0316364794403716,0.0316364794403716
glucose,5,CNN central ROI,glucose_03_c0.05_wE06,E06,3,0.05,-0.0252303044599386,0.0
glucose,5,CNN central ROI,glucose_03_c0.05_wE09,E09,3,0.05,0.0632527613144828,0.0632527613144828
glucose,5,CNN central ROI,glucose_03_c0.05_wF03,F03,3,0.05,0.0454351075620396,0.0454351075620396
glucose,5,CNN central ROI,glucose_03_c0.05_wG10,G10,3,0.05,0.10078968031259,0.10078968031259
glucose,5,CNN central ROI,glucose_03_c0.05_wH03,H03,3,0.05,-0.0566283947305557,0.0
glucose,5,CNN central ROI,glucose_03_c0.05_wH08,H08,3,0.05,-0.0571850222153811,0.0
glucose,5,CNN central ROI,glucose_03_c0.05_wH11,H11,3,0.05,0.0965922790643611,0.0965922790643611
glucose,5,CNN central ROI,glucose_04_c0.1_wA05,A05,4,0.1,0.242067150935255,0.242067150935255
glucose,5,CNN central ROI,glucose_04_c0.1_wA09,A09,4,0.1,0.1230531870661453,0.1230531870661453
glucose,5,CNN central ROI,glucose_04_c0.1_wB02,B02,4,0.1,0.2145590825006458,0.2145590825006458
glucose,5,CNN central ROI,glucose_04_c0.1_wB05,B05,4,0.1,0.3470396091678589,0.3470396091678589
glucose,5,CNN central ROI,glucose_04_c0.1_wB09,B09,4,0.1,0.2825074516353245,0.2825074516353245
glucose,5,CNN central ROI,glucose_04_c0.1_wC11,C11,4,0.1,0.0404461645113558,0.0404461645113558
glucose,5,CNN central ROI,glucose_04_c0.1_wD01,D01,4,0.1,0.1777985752302981,0.1777985752302981
glucose,5,CNN central ROI,glucose_04_c0.1_wD04,D04,4,0.1,-0.0480743282899416,0.0
glucose,5,CNN central ROI,glucose_04_c0.1_wD06,D06,4,0.1,-0.0900945273160385,0.0
glucose,5,CNN central ROI,glucose_04_c0.1_wD08,D08,4,0.1,0.0288183039485323,0.0288183039485323
glucose,5,CNN central ROI,glucose_04_c0.1_wE01,E01,4,0.1,0.2791533529714005,0.2791533529714005
glucose,5,CNN central ROI,glucose_04_c0.1_wE05,E05,4,0.1,0.1474882576982654,0.1474882576982654
glucose,5,CNN central ROI,glucose_04_c0.1_wE06,E06,4,0.1,0.1183023436119743,0.1183023436119743
glucose,5,CNN central ROI,glucose_04_c0.1_wE09,E09,4,0.1,-0.0818247470157427,0.0
glucose,5,CNN central ROI,glucose_04_c0.1_wF03,F03,4,0.1,0.1087807487106129,0.1087807487106129
glucose,5,CNN central ROI,glucose_04_c0.1_wG10,G10,4,0.1,0.0144495109067861,0.0144495109067861
glucose,5,CNN central ROI,glucose_04_c0.1_wH03,H03,4,0.1,-0.0836968946792948,0.0
glucose,5,CNN central ROI,glucose_04_c0.1_wH08,H08,4,0.1,0.236715882411616,0.236715882411616
glucose,5,CNN central ROI,glucose_04_c0.1_wH11,H11,4,0.1,-0.1655115791119081,0.0
glucose,5,CNN central ROI,glucose_05_c0.5_wA05,A05,5,0.5,0.5376705871252785,0.5376705871252785
glucose,5,CNN central ROI,glucose_05_c0.5_wA09,A09,5,0.5,0.4505699323861307,0.4505699323861307
glucose,5,CNN central ROI,glucose_05_c0.5_wB02,B02,5,0.5,0.6914956675882671,0.6914956675882671
glucose,5,CNN central ROI,glucose_05_c0.5_wB05,B05,5,0.5,0.673674032237221,0.673674032237221
glucose,5,CNN central ROI,glucose_05_c0.5_wB09,B09,5,0.5,0.7015014248798623,0.7015014248798623
glucose,5,CNN central ROI,glucose_05_c0.5_wC11,C11,5,0.5,0.3182263727108916,0.3182263727108916
glucose,5,CNN central ROI,glucose_05_c0.5_wD01,D01,5,0.5,0.7869194560490032,0.7869194560490032
glucose,5,CNN central ROI,glucose_05_c0.5_wD04,D04,5,0.5,0.5055653649426093,0.5055653649426093
glucose,5,CNN central ROI,glucose_05_c0.5_wD06,D06,5,0.5,0.4382237914351643,0.4382237914351643
glucose,5,CNN central ROI,glucose_05_c0.5_wD08,D08,5,0.5,0.3814485843027437,0.3814485843027437
glucose,5,CNN central ROI,glucose_05_c0.5_wE01,E01,5,0.5,0.640708784756109,0.640708784756109
glucose,5,CNN central ROI,glucose_05_c0.5_wE05,E05,5,0.5,0.5038803524134394,0.5038803524134394
glucose,5,CNN central ROI,glucose_05_c0.5_wE06,E06,5,0.5,0.2850795643334418,0.2850795643334418
glucose,5,CNN central ROI,glucose_05_c0.5_wE09,E09,5,0.5,0.5528906459485388,0.5528906459485388
glucose,5,CNN central ROI,glucose_05_c0.5_wF03,F03,5,0.5,0.5469309891582244,0.5469309891582244
glucose,5,CNN central ROI,glucose_05_c0.5_wG10,G10,5,0.5,0.3612857689726052,0.3612857689726052
glucose,5,CNN central ROI,glucose_05_c0.5_wH03,H03,5,0.5,0.4312352895656026,0.4312352895656026
glucose,5,CNN central ROI,glucose_05_c0.5_wH08,H08,5,0.5,0.2331945566063291,0.2331945566063291
glucose,5,CNN central ROI,glucose_05_c0.5_wH11,H11,5,0.5,0.4305655846804272,0.4305655846804272
glucose,5,CNN central ROI,glucose_06_c1_wA05,A05,6,1.0,0.5505940598738102,0.5505940598738102
glucose,5,CNN central ROI,glucose_06_c1_wA09,A09,6,1.0,0.1300257625412904,0.1300257625412904
glucose,5,CNN central ROI,glucose_06_c1_wB02,B02,6,1.0,0.7443243141845048,0.7443243141845048
glucose,5,CNN central ROI,glucose_06_c1_wB05,B05,6,1.0,0.1510796596389818,0.1510796596389818
glucose,5,CNN central ROI,glucose_06_c1_wB09,B09,6,1.0,0.2496218361262903,0.2496218361262903
glucose,5,CNN central ROI,glucose_06_c1_wC11,C11,6,1.0,0.1332198009413376,0.1332198009413376
glucose,5,CNN central ROI,glucose_06_c1_wD01,D01,6,1.0,1.0365155203709882,1.0365155203709882
glucose,5,CNN central ROI,glucose_06_c1_wD04,D04,6,1.0,0.4551559376581,0.4551559376581
glucose,5,CNN central ROI,glucose_06_c1_wD06,D06,6,1.0,0.4920581898387457,0.4920581898387457
glucose,5,CNN central ROI,glucose_06_c1_wD08,D08,6,1.0,0.2512423467580769,0.2512423467580769
glucose,5,CNN central ROI,glucose_06_c1_wE01,E01,6,1.0,0.4729735914105433,0.4729735914105433
glucose,5,CNN central ROI,glucose_06_c1_wE05,E05,6,1.0,0.6145226070579941,0.6145226070579941
glucose,5,CNN central ROI,glucose_06_c1_wE06,E06,6,1.0,0.6107488479012195,0.6107488479012195
glucose,5,CNN central ROI,glucose_06_c1_wE09,E09,6,1.0,0.5529575368050841,0.5529575368050841
glucose,5,CNN central ROI,glucose_06_c1_wF03,F03,6,1.0,0.6229134279558481,0.6229134279558481
glucose,5,CNN central ROI,glucose_06_c1_wG10,G10,6,1.0,0.5615713272247564,0.5615713272247564
glucose,5,CNN central ROI,glucose_06_c1_wH03,H03,6,1.0,0.5857189264376759,0.5857189264376759
glucose,5,CNN central ROI,glucose_06_c1_wH08,H08,6,1.0,0.6020092389656639,0.6020092389656639
glucose,5,CNN central ROI,glucose_06_c1_wH11,H11,6,1.0,0.6533519529629261,0.6533519529629261
glucose,5,CNN central ROI,glucose_07_c2.5_wA05,A05,7,2.5,2.68089523854798,2.68089523854798
glucose,5,CNN central ROI,glucose_07_c2.5_wA09,A09,7,2.5,2.382151515539062,2.382151515539062
glucose,5,CNN central ROI,glucose_07_c2.5_wB02,B02,7,2.5,2.751612411351809,2.751612411351809
glucose,5,CNN central ROI,glucose_07_c2.5_wB05,B05,7,2.5,2.4492428455742514,2.4492428455742514
glucose,5,CNN central ROI,glucose_07_c2.5_wB09,B09,7,2.5,2.1833638346816966,2.1833638346816966
glucose,5,CNN central ROI,glucose_07_c2.5_wC11,C11,7,2.5,1.984833763254004,1.984833763254004
glucose,5,CNN central ROI,glucose_07_c2.5_wD01,D01,7,2.5,2.625157636011735,2.625157636011735
glucose,5,CNN central ROI,glucose_07_c2.5_wD04,D04,7,2.5,2.649291299629541,2.649291299629541
glucose,5,CNN central ROI,glucose_07_c2.5_wD06,D06,7,2.5,2.261691036897156,2.261691036897156
glucose,5,CNN central ROI,glucose_07_c2.5_wD08,D08,7,2.5,2.158239549331241,2.158239549331241
glucose,5,CNN central ROI,glucose_07_c2.5_wE01,E01,7,2.5,2.5300860199475137,2.5300860199475137
glucose,5,CNN central ROI,glucose_07_c2.5_wE05,E05,7,2.5,1.8075160565484367,1.8075160565484367
glucose,5,CNN central ROI,glucose_07_c2.5_wE06,E06,7,2.5,2.1726115276518705,2.1726115276518705
glucose,5,CNN central ROI,glucose_07_c2.5_wE09,E09,7,2.5,1.8101729772968176,1.8101729772968176
glucose,5,CNN central ROI,glucose_07_c2.5_wF03,F03,7,2.5,2.1580313117242573,2.1580313117242573
glucose,5,CNN central ROI,glucose_07_c2.5_wG10,G10,7,2.5,2.57961451854091,2.57961451854091
glucose,5,CNN central ROI,glucose_07_c2.5_wH03,H03,7,2.5,2.498091287126102,2.498091287126102
glucose,5,CNN central ROI,glucose_07_c2.5_wH08,H08,7,2.5,2.02225760485176,2.02225760485176
glucose,5,CNN central ROI,glucose_07_c2.5_wH11,H11,7,2.5,2.108358480181469,2.108358480181469
glucose,5,CNN central ROI,glucose_08_c5_wA05,A05,8,5.0,4.863343662987313,4.863343662987313
glucose,5,CNN central ROI,glucose_08_c5_wA09,A09,8,5.0,4.6858476304342735,4.6858476304342735
glucose,5,CNN central ROI,glucose_08_c5_wB02,B02,8,5.0,5.000879003277112,5.000879003277112
glucose,5,CNN central ROI,glucose_08_c5_wB05,B05,8,5.0,5.187873014874794,5.187873014874794
glucose,5,CNN central ROI,glucose_08_c5_wB09,B09,8,5.0,4.688076728412665,4.688076728412665
glucose,5,CNN central ROI,glucose_08_c5_wC11,C11,8,5.0,5.257969705306188,5.257969705306188
glucose,5,CNN central ROI,glucose_08_c5_wD01,D01,8,5.0,4.980953117948897,4.980953117948897
glucose,5,CNN central ROI,glucose_08_c5_wD04,D04,8,5.0,4.950523053838852,4.950523053838852
glucose,5,CNN central ROI,glucose_08_c5_wD06,D06,8,5.0,5.030320909268644,5.030320909268644
glucose,5,CNN central ROI,glucose_08_c5_wD08,D08,8,5.0,5.081127152624013,5.081127152624013
glucose,5,CNN central ROI,glucose_08_c5_wE01,E01,8,5.0,4.930913904679577,4.930913904679577
glucose,5,CNN central ROI,glucose_08_c5_wE05,E05,8,5.0,4.653875592724904,4.653875592724904
glucose,5,CNN central ROI,glucose_08_c5_wE06,E06,8,5.0,4.7395060421795625,4.7395060421795625
glucose,5,CNN central ROI,glucose_08_c5_wE09,E09,8,5.0,4.813865680926202,4.813865680926202
glucose,5,CNN central ROI,glucose_08_c5_wF03,F03,8,5.0,4.979046579227403,4.979046579227403
glucose,5,CNN central ROI,glucose_08_c5_wG10,G10,8,5.0,5.145211927783418,5.145211927783418
glucose,5,CNN central ROI,glucose_08_c5_wH03,H03,8,5.0,4.907342467669633,4.907342467669633
glucose,5,CNN central ROI,glucose_08_c5_wH08,H08,8,5.0,4.905416966584788,4.905416966584788
glucose,5,CNN central ROI,glucose_08_c5_wH11,H11,8,5.0,3.991698815569644,3.991698815569644
glucose,5,CNN central ROI,glucose_09_c10_wA05,A05,9,10.0,10.245246755594328,10.245246755594328
glucose,5,CNN central ROI,glucose_09_c10_wA09,A09,9,10.0,9.793149771556983,9.793149771556983
glucose,5,CNN central ROI,glucose_09_c10_wB02,B02,9,10.0,10.476165140865428,10.476165140865428
glucose,5,CNN central ROI,glucose_09_c10_wB05,B05,9,10.0,11.77498410608936,11.77498410608936
glucose,5,CNN central ROI,glucose_09_c10_wB09,B09,9,10.0,11.179956491689012,11.179956491689012
glucose,5,CNN central ROI,glucose_09_c10_wC11,C11,9,10.0,10.047937840458449,10.047937840458449
glucose,5,CNN central ROI,glucose_09_c10_wD01,D01,9,10.0,9.773455192222665,9.773455192222665
glucose,5,CNN central ROI,glucose_09_c10_wD04,D04,9,10.0,9.388061133276697,9.388061133276697
glucose,5,CNN central ROI,glucose_09_c10_wD06,D06,9,10.0,11.070996064294745,11.070996064294745
glucose,5,CNN central ROI,glucose_09_c10_wD08,D08,9,10.0,10.065899628080354,10.065899628080354
glucose,5,CNN central ROI,glucose_09_c10_wE01,E01,9,10.0,9.365321427330116,9.365321427330116
glucose,5,CNN central ROI,glucose_09_c10_wE05,E05,9,10.0,11.45447019639391,11.45447019639391
glucose,5,CNN central ROI,glucose_09_c10_wE06,E06,9,10.0,10.7383534089321,10.7383534089321
glucose,5,CNN central ROI,glucose_09_c10_wE09,E09,9,10.0,10.510288237220552,10.510288237220552
glucose,5,CNN central ROI,glucose_09_c10_wF03,F03,9,10.0,9.533774901063826,9.533774901063826
glucose,5,CNN central ROI,glucose_09_c10_wG10,G10,9,10.0,11.117683493204328,11.117683493204328
glucose,5,CNN central ROI,glucose_09_c10_wH03,H03,9,10.0,9.684329496433572,9.684329496433572
glucose,5,CNN central ROI,glucose_09_c10_wH08,H08,9,10.0,11.599066727612785,11.599066727612785
glucose,5,CNN central ROI,glucose_09_c10_wH11,H11,9,10.0,11.582084413247438,11.582084413247438
glucose,5,CNN central ROI,glucose_10_c15_wA05,A05,10,15.0,16.474093056960356,16.474093056960356
glucose,5,CNN central ROI,glucose_10_c15_wA09,A09,10,15.0,16.8072031519991,16.8072031519991
glucose,5,CNN central ROI,glucose_10_c15_wB02,B02,10,15.0,14.81576122003552,14.81576122003552
glucose,5,CNN central ROI,glucose_10_c15_wB05,B05,10,15.0,16.39263751272182,16.39263751272182
glucose,5,CNN central ROI,glucose_10_c15_wB09,B09,10,15.0,16.61400006134356,16.61400006134356
glucose,5,CNN central ROI,glucose_10_c15_wC11,C11,10,15.0,14.02784426494962,14.02784426494962
glucose,5,CNN central ROI,glucose_10_c15_wD01,D01,10,15.0,14.014531391857629,14.014531391857629
glucose,5,CNN central ROI,glucose_10_c15_wD04,D04,10,15.0,14.898628639139002,14.898628639139002
glucose,5,CNN central ROI,glucose_10_c15_wD06,D06,10,15.0,13.31887842858041,13.31887842858041
glucose,5,CNN central ROI,glucose_10_c15_wD08,D08,10,15.0,14.749699332319366,14.749699332319366
glucose,5,CNN central ROI,glucose_10_c15_wE01,E01,10,15.0,12.428145449065775,12.428145449065775
glucose,5,CNN central ROI,glucose_10_c15_wE05,E05,10,15.0,14.964743880276446,14.964743880276446
glucose,5,CNN central ROI,glucose_10_c15_wE06,E06,10,15.0,13.4911136246681,13.4911136246681
glucose,5,CNN central ROI,glucose_10_c15_wE09,E09,10,15.0,15.368700948233505,15.368700948233505
glucose,5,CNN central ROI,glucose_10_c15_wF03,F03,10,15.0,13.9924183895313,13.9924183895313
glucose,5,CNN central ROI,glucose_10_c15_wG10,G10,10,15.0,16.517959125099225,16.517959125099225
glucose,5,CNN central ROI,glucose_10_c15_wH03,H03,10,15.0,12.466016026026892,12.466016026026892
glucose,5,CNN central ROI,glucose_10_c15_wH08,H08,10,15.0,17.01277069895918,17.01277069895918
glucose,5,CNN central ROI,glucose_10_c15_wH11,H11,10,15.0,18.845471072503685,18.845471072503685
glucose,5,CNN central ROI,glucose_11_c20_wA05,A05,11,20.0,19.20882698317708,19.20882698317708
glucose,5,CNN central ROI,glucose_11_c20_wA09,A09,11,20.0,17.276847041083823,17.276847041083823
glucose,5,CNN central ROI,glucose_11_c20_wB02,B02,11,20.0,21.39335016887892,20.0
glucose,5,CNN central ROI,glucose_11_c20_wB05,B05,11,20.0,19.813458213410023,19.813458213410023
glucose,5,CNN central ROI,glucose_11_c20_wB09,B09,11,20.0,19.79364896403591,19.79364896403591
glucose,5,CNN central ROI,glucose_11_c20_wC11,C11,11,20.0,20.01510707102415,20.0
glucose,5,CNN central ROI,glucose_11_c20_wD01,D01,11,20.0,19.35270443768808,19.35270443768808
glucose,5,CNN central ROI,glucose_11_c20_wD04,D04,11,20.0,19.17403099665789,19.17403099665789
glucose,5,CNN central ROI,glucose_11_c20_wD06,D06,11,20.0,19.956693834226087,19.956693834226087
glucose,5,CNN central ROI,glucose_11_c20_wD08,D08,11,20.0,20.758186447911832,20.0
glucose,5,CNN central ROI,glucose_11_c20_wE01,E01,11,20.0,19.404106875664404,19.404106875664404
glucose,5,CNN central ROI,glucose_11_c20_wE05,E05,11,20.0,17.688654228848325,17.688654228848325
glucose,5,CNN central ROI,glucose_11_c20_wE06,E06,11,20.0,20.24298351496187,20.0
glucose,5,CNN central ROI,glucose_11_c20_wE09,E09,11,20.0,18.925405646075536,18.925405646075536
glucose,5,CNN central ROI,glucose_11_c20_wF03,F03,11,20.0,19.139322605307992,19.139322605307992
glucose,5,CNN central ROI,glucose_11_c20_wG10,G10,11,20.0,21.49282005784093,20.0
glucose,5,CNN central ROI,glucose_11_c20_wH03,H03,11,20.0,14.098790777833033,14.098790777833033
glucose,5,CNN central ROI,glucose_11_c20_wH08,H08,11,20.0,21.60075164015596,20.0
glucose,5,CNN central ROI,glucose_11_c20_wH11,H11,11,20.0,21.406666227249797,20.0
ketone,1,CNN central ROI,ketone_01_c0_wA06,A06,1,0.0,0.2247394591196494,0.2247394591196494
ketone,1,CNN central ROI,ketone_01_c0_wA11,A11,1,0.0,0.1811577458651123,0.1811577458651123
ketone,1,CNN central ROI,ketone_01_c0_wA12,A12,1,0.0,0.2932583390826315,0.2932583390826315
ketone,1,CNN central ROI,ketone_01_c0_wC01,C01,1,0.0,0.0072973190746683,0.0072973190746683
ketone,1,CNN central ROI,ketone_01_c0_wC03,C03,1,0.0,-0.0188306158458804,0.0
ketone,1,CNN central ROI,ketone_01_c0_wC09,C09,1,0.0,-0.0110348650733631,0.0
ketone,1,CNN central ROI,ketone_01_c0_wD02,D02,1,0.0,-0.0134591521937545,0.0
ketone,1,CNN central ROI,ketone_01_c0_wD03,D03,1,0.0,-0.0075055127874636,0.0
ketone,1,CNN central ROI,ketone_01_c0_wE02,E02,1,0.0,0.0204252109249911,0.0204252109249911
ketone,1,CNN central ROI,ketone_01_c0_wE03,E03,1,0.0,0.0296706539374422,0.0296706539374422
ketone,1,CNN central ROI,ketone_01_c0_wE08,E08,1,0.0,-0.0190873216772109,0.0
ketone,1,CNN central ROI,ketone_01_c0_wE10,E10,1,0.0,-0.0198967617455232,0.0
ketone,1,CNN central ROI,ketone_01_c0_wE11,E11,1,0.0,-0.0381404196877777,0.0
ketone,1,CNN central ROI,ketone_01_c0_wF01,F01,1,0.0,0.0202021813496164,0.0202021813496164
ketone,1,CNN central ROI,ketone_01_c0_wF12,F12,1,0.0,0.0178724700618211,0.0178724700618211
ketone,1,CNN central ROI,ketone_01_c0_wG06,G06,1,0.0,-0.0343487152521837,0.0
ketone,1,CNN central ROI,ketone_01_c0_wG09,G09,1,0.0,0.0191808026884303,0.0191808026884303
ketone,1,CNN central ROI,ketone_01_c0_wG11,G11,1,0.0,-0.007723299352929,0.0
ketone,1,CNN central ROI,ketone_01_c0_wG12,G12,1,0.0,-0.0031931371370257,0.0
ketone,1,CNN central ROI,ketone_01_c0_wH05,H05,1,0.0,-0.0796922814904887,0.0
ketone,1,CNN central ROI,ketone_02_c0.01_wA06,A06,2,0.01,0.0015431156991598,0.0015431156991598
ketone,1,CNN central ROI,ketone_02_c0.01_wA11,A11,2,0.01,0.0672690846142782,0.0672690846142782
ketone,1,CNN central ROI,ketone_02_c0.01_wA12,A12,2,0.01,0.4344571331614582,0.4344571331614582
ketone,1,CNN central ROI,ketone_02_c0.01_wC01,C01,2,0.01,0.0756397515887781,0.0756397515887781
ketone,1,CNN central ROI,ketone_02_c0.01_wC03,C03,2,0.01,-0.0140522172761925,0.0
ketone,1,CNN central ROI,ketone_02_c0.01_wC09,C09,2,0.01,0.0238646254255225,0.0238646254255225
ketone,1,CNN central ROI,ketone_02_c0.01_wD02,D02,2,0.01,0.0133475508558271,0.0133475508558271
ketone,1,CNN central ROI,ketone_02_c0.01_wD03,D03,2,0.01,0.0389285995119852,0.0389285995119852
ketone,1,CNN central ROI,ketone_02_c0.01_wE02,E02,2,0.01,0.0022448724101034,0.0022448724101034
ketone,1,CNN central ROI,ketone_02_c0.01_wE03,E03,2,0.01,0.0266178105906114,0.0266178105906114
ketone,1,CNN central ROI,ketone_02_c0.01_wE08,E08,2,0.01,0.0355057206580911,0.0355057206580911
ketone,1,CNN central ROI,ketone_02_c0.01_wE10,E10,2,0.01,0.0662858186020485,0.0662858186020485
ketone,1,CNN central ROI,ketone_02_c0.01_wE11,E11,2,0.01,0.0625372681710927,0.0625372681710927
ketone,1,CNN central ROI,ketone_02_c0.01_wF01,F01,2,0.01,0.0133989726837842,0.0133989726837842
ketone,1,CNN central ROI,ketone_02_c0.01_wF12,F12,2,0.01,0.1883396611697811,0.1883396611697811
ketone,1,CNN central ROI,ketone_02_c0.01_wG06,G06,2,0.01,0.0377368230287453,0.0377368230287453
ketone,1,CNN central ROI,ketone_02_c0.01_wG09,G09,2,0.01,0.0499068572994758,0.0499068572994758
ketone,1,CNN central ROI,ketone_02_c0.01_wG11,G11,2,0.01,0.0522125717342252,0.0522125717342252
ketone,1,CNN central ROI,ketone_02_c0.01_wG12,G12,2,0.01,0.1911908502893295,0.1911908502893295
ketone,1,CNN central ROI,ketone_02_c0.01_wH05,H05,2,0.01,-0.0775015099652907,0.0
ketone,1,CNN central ROI,ketone_03_c0.05_wA06,A06,3,0.05,0.0364998759985941,0.0364998759985941
ketone,1,CNN central ROI,ketone_03_c0.05_wA11,A11,3,0.05,0.1082579278144162,0.1082579278144162
ketone,1,CNN central ROI,ketone_03_c0.05_wA12,A12,3,0.05,0.089085248847071,0.089085248847071
ketone,1,CNN central ROI,ketone_03_c0.05_wC01,C01,3,0.05,0.0330241637371515,0.0330241637371515
ketone,1,CNN central ROI,ketone_03_c0.05_wC03,C03,3,0.05,0.031767857901181,0.031767857901181
ketone,1,CNN central ROI,ketone_03_c0.05_wC09,C09,3,0.05,-0.0045734603227751,0.0
ketone,1,CNN central ROI,ketone_03_c0.05_wD02,D02,3,0.05,0.0497659009946054,0.0497659009946054
ketone,1,CNN central ROI,ketone_03_c0.05_wD03,D03,3,0.05,0.0462321123157059,0.0462321123157059
ketone,1,CNN central ROI,ketone_03_c0.05_wE02,E02,3,0.05,0.0612815672978044,0.0612815672978044
ketone,1,CNN central ROI,ketone_03_c0.05_wE03,E03,3,0.05,0.0374520872598225,0.0374520872598225
ketone,1,CNN central ROI,ketone_03_c0.05_wE08,E08,3,0.05,0.0940396915571766,0.0940396915571766
ketone,1,CNN central ROI,ketone_03_c0.05_wE10,E10,3,0.05,0.0375698533285553,0.0375698533285553
ketone,1,CNN central ROI,ketone_03_c0.05_wE11,E11,3,0.05,0.0408128566117138,0.0408128566117138
ketone,1,CNN central ROI,ketone_03_c0.05_wF01,F01,3,0.05,0.0383688073770489,0.0383688073770489
ketone,1,CNN central ROI,ketone_03_c0.05_wF12,F12,3,0.05,0.0835877513028935,0.0835877513028935
ketone,1,CNN central ROI,ketone_03_c0.05_wG06,G06,3,0.05,0.041189950016732,0.041189950016732
ketone,1,CNN central ROI,ketone_03_c0.05_wG09,G09,3,0.05,0.0153479607904705,0.0153479607904705
ketone,1,CNN central ROI,ketone_03_c0.05_wG11,G11,3,0.05,0.035245990013351,0.035245990013351
ketone,1,CNN central ROI,ketone_03_c0.05_wG12,G12,3,0.05,0.075498391975453,0.075498391975453
ketone,1,CNN central ROI,ketone_03_c0.05_wH05,H05,3,0.05,0.4020090522765327,0.4020090522765327
ketone,1,CNN central ROI,ketone_04_c0.1_wA06,A06,4,0.1,0.0900955365257567,0.0900955365257567
ketone,1,CNN central ROI,ketone_04_c0.1_wA11,A11,4,0.1,0.1406381520518609,0.1406381520518609
ketone,1,CNN central ROI,ketone_04_c0.1_wA12,A12,4,0.1,0.2702100675211425,0.2702100675211425
ketone,1,CNN central ROI,ketone_04_c0.1_wC01,C01,4,0.1,0.0943627416292831,0.0943627416292831
ketone,1,CNN central ROI,ketone_04_c0.1_wC03,C03,4,0.1,0.1024305239544043,0.1024305239544043
ketone,1,CNN central ROI,ketone_04_c0.1_wC09,C09,4,0.1,0.1474453938022388,0.1474453938022388
ketone,1,CNN central ROI,ketone_04_c0.1_wD02,D02,4,0.1,0.0730347822807417,0.0730347822807417
ketone,1,CNN central ROI,ketone_04_c0.1_wD03,D03,4,0.1,0.1545172058988113,0.1545172058988113
ketone,1,CNN central ROI,ketone_04_c0.1_wE02,E02,4,0.1,0.0686463829866181,0.0686463829866181
ketone,1,CNN central ROI,ketone_04_c0.1_wE03,E03,4,0.1,0.0557939508107634,0.0557939508107634
ketone,1,CNN central ROI,ketone_04_c0.1_wE08,E08,4,0.1,0.2068930600051417,0.2068930600051417
ketone,1,CNN central ROI,ketone_04_c0.1_wE10,E10,4,0.1,0.2013671292149172,0.2013671292149172
ketone,1,CNN central ROI,ketone_04_c0.1_wE11,E11,4,0.1,0.0819267254327669,0.0819267254327669
ketone,1,CNN central ROI,ketone_04_c0.1_wF01,F01,4,0.1,0.1118554392291373,0.1118554392291373
ketone,1,CNN central ROI,ketone_04_c0.1_wF12,F12,4,0.1,0.2020271435008132,0.2020271435008132
ketone,1,CNN central ROI,ketone_04_c0.1_wG06,G06,4,0.1,0.0918505332657968,0.0918505332657968
ketone,1,CNN central ROI,ketone_04_c0.1_wG09,G09,4,0.1,0.0596292125594506,0.0596292125594506
ketone,1,CNN central ROI,ketone_04_c0.1_wG11,G11,4,0.1,0.0628629397481543,0.0628629397481543
ketone,1,CNN central ROI,ketone_04_c0.1_wG12,G12,4,0.1,0.1254031751806625,0.1254031751806625
ketone,1,CNN central ROI,ketone_04_c0.1_wH05,H05,4,0.1,0.0883248107559884,0.0883248107559884
ketone,1,CNN central ROI,ketone_05_c0.5_wA06,A06,5,0.5,0.6395109482346755,0.6395109482346755
ketone,1,CNN central ROI,ketone_05_c0.5_wA11,A11,5,0.5,0.5108450652085745,0.5108450652085745
ketone,1,CNN central ROI,ketone_05_c0.5_wA12,A12,5,0.5,0.5619057304445678,0.5619057304445678
ketone,1,CNN central ROI,ketone_05_c0.5_wC01,C01,5,0.5,0.3902100617840021,0.3902100617840021
ketone,1,CNN central ROI,ketone_05_c0.5_wC03,C03,5,0.5,0.4370106806415375,0.4370106806415375
ketone,1,CNN central ROI,ketone_05_c0.5_wC09,C09,5,0.5,0.4349249709687537,0.4349249709687537
ketone,1,CNN central ROI,ketone_05_c0.5_wD02,D02,5,0.5,0.4356251144458787,0.4356251144458787
ketone,1,CNN central ROI,ketone_05_c0.5_wD03,D03,5,0.5,0.3966930435369096,0.3966930435369096
ketone,1,CNN central ROI,ketone_05_c0.5_wE02,E02,5,0.5,0.4428593590225276,0.4428593590225276
ketone,1,CNN central ROI,ketone_05_c0.5_wE03,E03,5,0.5,0.4298606267047791,0.4298606267047791
ketone,1,CNN central ROI,ketone_05_c0.5_wE08,E08,5,0.5,0.4579439018401732,0.4579439018401732
ketone,1,CNN central ROI,ketone_05_c0.5_wE10,E10,5,0.5,0.4446557957062742,0.4446557957062742
ketone,1,CNN central ROI,ketone_05_c0.5_wE11,E11,5,0.5,0.4121359259164363,0.4121359259164363
ketone,1,CNN central ROI,ketone_05_c0.5_wF01,F01,5,0.5,0.4808178433221766,0.4808178433221766
ketone,1,CNN central ROI,ketone_05_c0.5_wF12,F12,5,0.5,0.4130244144418433,0.4130244144418433
ketone,1,CNN central ROI,ketone_05_c0.5_wG06,G06,5,0.5,0.3639750484687665,0.3639750484687665
ketone,1,CNN central ROI,ketone_05_c0.5_wG09,G09,5,0.5,0.4517129878713688,0.4517129878713688
ketone,1,CNN central ROI,ketone_05_c0.5_wG11,G11,5,0.5,0.3370882886909536,0.3370882886909536
ketone,1,CNN central ROI,ketone_05_c0.5_wG12,G12,5,0.5,0.420108325792053,0.420108325792053
ketone,1,CNN central ROI,ketone_05_c0.5_wH05,H05,5,0.5,0.5864336398987429,0.5864336398987429
ketone,1,CNN central ROI,ketone_06_c1_wA06,A06,6,1.0,1.5908265117989575,1.5908265117989575
ketone,1,CNN central ROI,ketone_06_c1_wA11,A11,6,1.0,0.9685799957172894,0.9685799957172894
ketone,1,CNN central ROI,ketone_06_c1_wA12,A12,6,1.0,0.9736101595897396,0.9736101595897396
ketone,1,CNN central ROI,ketone_06_c1_wC01,C01,6,1.0,0.8385321762716209,0.8385321762716209
ketone,1,CNN central ROI,ketone_06_c1_wC03,C03,6,1.0,0.88565493775724,0.88565493775724
ketone,1,CNN central ROI,ketone_06_c1_wC09,C09,6,1.0,1.559346219964318,1.559346219964318
ketone,1,CNN central ROI,ketone_06_c1_wD02,D02,6,1.0,0.8547394289996624,0.8547394289996624
ketone,1,CNN central ROI,ketone_06_c1_wD03,D03,6,1.0,0.9310059652019544,0.9310059652019544
ketone,1,CNN central ROI,ketone_06_c1_wE02,E02,6,1.0,0.8125951070771953,0.8125951070771953
ketone,1,CNN central ROI,ketone_06_c1_wE03,E03,6,1.0,0.7036289263414426,0.7036289263414426
ketone,1,CNN central ROI,ketone_06_c1_wE08,E08,6,1.0,1.3215270210795462,1.3215270210795462
ketone,1,CNN central ROI,ketone_06_c1_wE10,E10,6,1.0,1.1281336600447167,1.1281336600447167
ketone,1,CNN central ROI,ketone_06_c1_wE11,E11,6,1.0,1.0405218553612794,1.0405218553612794
ketone,1,CNN central ROI,ketone_06_c1_wF01,F01,6,1.0,0.946038279574734,0.946038279574734
ketone,1,CNN central ROI,ketone_06_c1_wF12,F12,6,1.0,1.2460212758632343,1.2460212758632343
ketone,1,CNN central ROI,ketone_06_c1_wG06,G06,6,1.0,1.1600063205920912,1.1600063205920912
ketone,1,CNN central ROI,ketone_06_c1_wG09,G09,6,1.0,0.9241661562938706,0.9241661562938706
ketone,1,CNN central ROI,ketone_06_c1_wG11,G11,6,1.0,0.806238260043453,0.806238260043453
ketone,1,CNN central ROI,ketone_06_c1_wG12,G12,6,1.0,0.816593002960186,0.816593002960186
ketone,1,CNN central ROI,ketone_06_c1_wH05,H05,6,1.0,0.9559497864998998,0.9559497864998998
ketone,1,CNN central ROI,ketone_07_c5_wA06,A06,7,5.0,6.124187114987356,6.124187114987356
ketone,1,CNN central ROI,ketone_07_c5_wA11,A11,7,5.0,6.364805778682378,6.364805778682378
ketone,1,CNN central ROI,ketone_07_c5_wA12,A12,7,5.0,6.567684450433012,6.567684450433012
ketone,1,CNN central ROI,ketone_07_c5_wC01,C01,7,5.0,5.439411504869236,5.439411504869236
ketone,1,CNN central ROI,ketone_07_c5_wC03,C03,7,5.0,4.263976878553976,4.263976878553976
ketone,1,CNN central ROI,ketone_07_c5_wC09,C09,7,5.0,4.37992705097032,4.37992705097032
ketone,1,CNN central ROI,ketone_07_c5_wD02,D02,7,5.0,4.072411412262349,4.072411412262349
ketone,1,CNN central ROI,ketone_07_c5_wD03,D03,7,5.0,4.947296545151115,4.947296545151115
ketone,1,CNN central ROI,ketone_07_c5_wE02,E02,7,5.0,4.738087543897627,4.738087543897627
ketone,1,CNN central ROI,ketone_07_c5_wE03,E03,7,5.0,3.845201544756254,3.845201544756254
ketone,1,CNN central ROI,ketone_07_c5_wE08,E08,7,5.0,5.373105175087998,5.373105175087998
ketone,1,CNN central ROI,ketone_07_c5_wE10,E10,7,5.0,5.177156955820612,5.177156955820612
ketone,1,CNN central ROI,ketone_07_c5_wE11,E11,7,5.0,5.342843328508156,5.342843328508156
ketone,1,CNN central ROI,ketone_07_c5_wF01,F01,7,5.0,4.726015715235583,4.726015715235583
ketone,1,CNN central ROI,ketone_07_c5_wF12,F12,7,5.0,4.643896669221982,4.643896669221982
ketone,1,CNN central ROI,ketone_07_c5_wG06,G06,7,5.0,5.397653350792015,5.397653350792015
ketone,1,CNN central ROI,ketone_07_c5_wG09,G09,7,5.0,5.183991824200128,5.183991824200128
ketone,1,CNN central ROI,ketone_07_c5_wG11,G11,7,5.0,5.647545084128627,5.647545084128627
ketone,1,CNN central ROI,ketone_07_c5_wG12,G12,7,5.0,4.979562028133236,4.979562028133236
ketone,1,CNN central ROI,ketone_07_c5_wH05,H05,7,5.0,4.977792310634603,4.977792310634603
ketone,1,CNN central ROI,ketone_08_c10_wA06,A06,8,10.0,10.387026807801693,10.0
ketone,1,CNN central ROI,ketone_08_c10_wA11,A11,8,10.0,8.420953748363324,8.420953748363324
ketone,1,CNN central ROI,ketone_08_c10_wA12,A12,8,10.0,9.571208819588945,9.571208819588945
ketone,1,CNN central ROI,ketone_08_c10_wC01,C01,8,10.0,10.402879249916827,10.0
ketone,1,CNN central ROI,ketone_08_c10_wC03,C03,8,10.0,10.317650494064305,10.0
ketone,1,CNN central ROI,ketone_08_c10_wC09,C09,8,10.0,9.8351975949922,9.8351975949922
ketone,1,CNN central ROI,ketone_08_c10_wD02,D02,8,10.0,10.131143725718289,10.0
ketone,1,CNN central ROI,ketone_08_c10_wD03,D03,8,10.0,10.345500556085844,10.0
ketone,1,CNN central ROI,ketone_08_c10_wE02,E02,8,10.0,10.225681647319083,10.0
ketone,1,CNN central ROI,ketone_08_c10_wE03,E03,8,10.0,9.335836392270906,9.335836392270906
ketone,1,CNN central ROI,ketone_08_c10_wE08,E08,8,10.0,10.335592073974087,10.0
ketone,1,CNN central ROI,ketone_08_c10_wE10,E10,8,10.0,10.66313338903081,10.0
ketone,1,CNN central ROI,ketone_08_c10_wE11,E11,8,10.0,9.864026889941425,9.864026889941425
ketone,1,CNN central ROI,ketone_08_c10_wF01,F01,8,10.0,10.376964261860287,10.0
ketone,1,CNN central ROI,ketone_08_c10_wF12,F12,8,10.0,9.330712761664111,9.330712761664111
ketone,1,CNN central ROI,ketone_08_c10_wG06,G06,8,10.0,10.262547266533977,10.0
ketone,1,CNN central ROI,ketone_08_c10_wG09,G09,8,10.0,9.85846607296988,9.85846607296988
ketone,1,CNN central ROI,ketone_08_c10_wG11,G11,8,10.0,9.918773592797915,9.918773592797915
ketone,1,CNN central ROI,ketone_08_c10_wG12,G12,8,10.0,9.408055223996069,9.408055223996069
ketone,1,CNN central ROI,ketone_08_c10_wH05,H05,8,10.0,9.677287009308673,9.677287009308673
ketone,2,CNN central ROI,ketone_01_c0_wA04,A04,1,0.0,0.0219186240810617,0.0219186240810617
ketone,2,CNN central ROI,ketone_01_c0_wB04,B04,1,0.0,0.0102792095524521,0.0102792095524521
ketone,2,CNN central ROI,ketone_01_c0_wB08,B08,1,0.0,0.0098261135037656,0.0098261135037656
ketone,2,CNN central ROI,ketone_01_c0_wB10,B10,1,0.0,0.0097738442779908,0.0097738442779908
ketone,2,CNN central ROI,ketone_01_c0_wB12,B12,1,0.0,0.0181185201028385,0.0181185201028385
ketone,2,CNN central ROI,ketone_01_c0_wC04,C04,1,0.0,0.0137788608146787,0.0137788608146787
ketone,2,CNN central ROI,ketone_01_c0_wC08,C08,1,0.0,0.0138914549045693,0.0138914549045693
ketone,2,CNN central ROI,ketone_01_c0_wC12,C12,1,0.0,0.0249312438775075,0.0249312438775075
ketone,2,CNN central ROI,ketone_01_c0_wD07,D07,1,0.0,0.0174151945969989,0.0174151945969989
ketone,2,CNN central ROI,ketone_01_c0_wE07,E07,1,0.0,0.0179063863379654,0.0179063863379654
ketone,2,CNN central ROI,ketone_01_c0_wF02,F02,1,0.0,0.0112568558063033,0.0112568558063033
ketone,2,CNN central ROI,ketone_01_c0_wF05,F05,1,0.0,0.0160766005136619,0.0160766005136619
ketone,2,CNN central ROI,ketone_01_c0_wF06,F06,1,0.0,0.0072952540279837,0.0072952540279837
ketone,2,CNN central ROI,ketone_01_c0_wF10,F10,1,0.0,-0.002100802512199,0.0
ketone,2,CNN central ROI,ketone_01_c0_wG03,G03,1,0.0,0.0016627955751962,0.0016627955751962
ketone,2,CNN central ROI,ketone_01_c0_wH01,H01,1,0.0,0.0112264860078441,0.0112264860078441
ketone,2,CNN central ROI,ketone_01_c0_wH02,H02,1,0.0,0.0115216195726005,0.0115216195726005
ketone,2,CNN central ROI,ketone_01_c0_wH04,H04,1,0.0,0.0099971718141601,0.0099971718141601
ketone,2,CNN central ROI,ketone_01_c0_wH06,H06,1,0.0,-0.0154864880581211,0.0
ketone,2,CNN central ROI,ketone_02_c0.01_wA04,A04,2,0.01,0.0109283817873555,0.0109283817873555
ketone,2,CNN central ROI,ketone_02_c0.01_wB04,B04,2,0.01,0.023321186107706,0.023321186107706
ketone,2,CNN central ROI,ketone_02_c0.01_wB08,B08,2,0.01,0.0222161971768838,0.0222161971768838
ketone,2,CNN central ROI,ketone_02_c0.01_wB10,B10,2,0.01,0.0088423535300645,0.0088423535300645
ketone,2,CNN central ROI,ketone_02_c0.01_wB12,B12,2,0.01,0.3537967433094679,0.3537967433094679
ketone,2,CNN central ROI,ketone_02_c0.01_wC04,C04,2,0.01,0.0267341422214072,0.0267341422214072
ketone,2,CNN central ROI,ketone_02_c0.01_wC08,C08,2,0.01,0.0217740330578392,0.0217740330578392
ketone,2,CNN central ROI,ketone_02_c0.01_wC12,C12,2,0.01,0.3203357198699807,0.3203357198699807
ketone,2,CNN central ROI,ketone_02_c0.01_wD07,D07,2,0.01,0.0190943513596178,0.0190943513596178
ketone,2,CNN central ROI,ketone_02_c0.01_wE07,E07,2,0.01,0.0182023214668509,0.0182023214668509
ketone,2,CNN central ROI,ketone_02_c0.01_wF02,F02,2,0.01,0.0311166290421795,0.0311166290421795
ketone,2,CNN central ROI,ketone_02_c0.01_wF05,F05,2,0.01,0.024037306215809,0.024037306215809
ketone,2,CNN central ROI,ketone_02_c0.01_wF06,F06,2,0.01,0.0171291838789063,0.0171291838789063
ketone,2,CNN central ROI,ketone_02_c0.01_wF10,F10,2,0.01,0.0225658423064791,0.0225658423064791
ketone,2,CNN central ROI,ketone_02_c0.01_wG03,G03,2,0.01,0.0167636285164813,0.0167636285164813
ketone,2,CNN central ROI,ketone_02_c0.01_wH01,H01,2,0.01,0.0353381964923431,0.0353381964923431
ketone,2,CNN central ROI,ketone_02_c0.01_wH02,H02,2,0.01,0.0148093524955645,0.0148093524955645
ketone,2,CNN central ROI,ketone_02_c0.01_wH04,H04,2,0.01,0.0217678539625599,0.0217678539625599
ketone,2,CNN central ROI,ketone_02_c0.01_wH06,H06,2,0.01,0.0108625340082333,0.0108625340082333
ketone,2,CNN central ROI,ketone_03_c0.05_wA04,A04,3,0.05,0.0183242788619229,0.0183242788619229
ketone,2,CNN central ROI,ketone_03_c0.05_wB04,B04,3,0.05,0.0234652092872541,0.0234652092872541
ketone,2,CNN central ROI,ketone_03_c0.05_wB08,B08,3,0.05,0.0265132163959221,0.0265132163959221
ketone,2,CNN central ROI,ketone_03_c0.05_wB10,B10,3,0.05,0.0200614987919032,0.0200614987919032
ketone,2,CNN central ROI,ketone_03_c0.05_wB12,B12,3,0.05,0.0654267857695476,0.0654267857695476
ketone,2,CNN central ROI,ketone_03_c0.05_wC04,C04,3,0.05,0.033360293741222,0.033360293741222
ketone,2,CNN central ROI,ketone_03_c0.05_wC08,C08,3,0.05,0.0986443519701544,0.0986443519701544
ketone,2,CNN central ROI,ketone_03_c0.05_wC12,C12,3,0.05,0.0463885584054678,0.0463885584054678
ketone,2,CNN central ROI,ketone_03_c0.05_wD07,D07,3,0.05,0.0243911967079171,0.0243911967079171
ketone,2,CNN central ROI,ketone_03_c0.05_wE07,E07,3,0.05,0.0068621756837278,0.0068621756837278
ketone,2,CNN central ROI,ketone_03_c0.05_wF02,F02,3,0.05,0.015238252663718,0.015238252663718
ketone,2,CNN central ROI,ketone_03_c0.05_wF05,F05,3,0.05,0.0132160259666864,0.0132160259666864
ketone,2,CNN central ROI,ketone_03_c0.05_wF06,F06,3,0.05,0.0003337504531188,0.0003337504531188
ketone,2,CNN central ROI,ketone_03_c0.05_wF10,F10,3,0.05,0.0179635631486324,0.0179635631486324
ketone,2,CNN central ROI,ketone_03_c0.05_wG03,G03,3,0.05,0.0162223643649015,0.0162223643649015
ketone,2,CNN central ROI,ketone_03_c0.05_wH01,H01,3,0.05,0.0412933677887823,0.0412933677887823
ketone,2,CNN central ROI,ketone_03_c0.05_wH02,H02,3,0.05,0.1593085634650982,0.1593085634650982
ketone,2,CNN central ROI,ketone_03_c0.05_wH04,H04,3,0.05,0.1622700251028321,0.1622700251028321
ketone,2,CNN central ROI,ketone_03_c0.05_wH06,H06,3,0.05,0.0980261288726892,0.0980261288726892
ketone,2,CNN central ROI,ketone_04_c0.1_wA04,A04,4,0.1,0.091560199779381,0.091560199779381
ketone,2,CNN central ROI,ketone_04_c0.1_wB04,B04,4,0.1,0.0841250054937241,0.0841250054937241
ketone,2,CNN central ROI,ketone_04_c0.1_wB08,B08,4,0.1,0.1882773253405612,0.1882773253405612
ketone,2,CNN central ROI,ketone_04_c0.1_wB10,B10,4,0.1,0.129158332268545,0.129158332268545
ketone,2,CNN central ROI,ketone_04_c0.1_wB12,B12,4,0.1,0.1671478233539565,0.1671478233539565
ketone,2,CNN central ROI,ketone_04_c0.1_wC04,C04,4,0.1,0.077779599971731,0.077779599971731
ketone,2,CNN central ROI,ketone_04_c0.1_wC08,C08,4,0.1,0.1020931383839378,0.1020931383839378
ketone,2,CNN central ROI,ketone_04_c0.1_wC12,C12,4,0.1,0.2355578166313908,0.2355578166313908
ketone,2,CNN central ROI,ketone_04_c0.1_wD07,D07,4,0.1,0.212573975270349,0.212573975270349
ketone,2,CNN central ROI,ketone_04_c0.1_wE07,E07,4,0.1,0.1096851726339157,0.1096851726339157
ketone,2,CNN central ROI,ketone_04_c0.1_wF02,F02,4,0.1,0.0844227412788374,0.0844227412788374
ketone,2,CNN central ROI,ketone_04_c0.1_wF05,F05,4,0.1,0.0904010287212766,0.0904010287212766
ketone,2,CNN central ROI,ketone_04_c0.1_wF06,F06,4,0.1,0.0601804274643107,0.0601804274643107
ketone,2,CNN central ROI,ketone_04_c0.1_wF10,F10,4,0.1,0.0956365007162423,0.0956365007162423
ketone,2,CNN central ROI,ketone_04_c0.1_wG03,G03,4,0.1,0.0508604848112788,0.0508604848112788
ketone,2,CNN central ROI,ketone_04_c0.1_wH01,H01,4,0.1,0.1891489817273668,0.1891489817273668
ketone,2,CNN central ROI,ketone_04_c0.1_wH02,H02,4,0.1,0.1204332013766146,0.1204332013766146
ketone,2,CNN central ROI,ketone_04_c0.1_wH04,H04,4,0.1,0.1412655593213911,0.1412655593213911
ketone,2,CNN central ROI,ketone_04_c0.1_wH06,H06,4,0.1,0.108480167010339,0.108480167010339
ketone,2,CNN central ROI,ketone_05_c0.5_wA04,A04,5,0.5,0.4179905953770412,0.4179905953770412
ketone,2,CNN central ROI,ketone_05_c0.5_wB04,B04,5,0.5,0.4570380637041936,0.4570380637041936
ketone,2,CNN central ROI,ketone_05_c0.5_wB08,B08,5,0.5,0.4885513595250181,0.4885513595250181
ketone,2,CNN central ROI,ketone_05_c0.5_wB10,B10,5,0.5,0.524706395461473,0.524706395461473
ketone,2,CNN central ROI,ketone_05_c0.5_wB12,B12,5,0.5,0.5213334512267931,0.5213334512267931
ketone,2,CNN central ROI,ketone_05_c0.5_wC04,C04,5,0.5,0.5098575245024726,0.5098575245024726
ketone,2,CNN central ROI,ketone_05_c0.5_wC08,C08,5,0.5,0.446135961113332,0.446135961113332
ketone,2,CNN central ROI,ketone_05_c0.5_wC12,C12,5,0.5,0.5029699956433451,0.5029699956433451
ketone,2,CNN central ROI,ketone_05_c0.5_wD07,D07,5,0.5,0.4313479959696984,0.4313479959696984
ketone,2,CNN central ROI,ketone_05_c0.5_wE07,E07,5,0.5,0.509474080941609,0.509474080941609
ketone,2,CNN central ROI,ketone_05_c0.5_wF02,F02,5,0.5,0.5105934657355851,0.5105934657355851
ketone,2,CNN central ROI,ketone_05_c0.5_wF05,F05,5,0.5,0.5000171657435561,0.5000171657435561
ketone,2,CNN central ROI,ketone_05_c0.5_wF06,F06,5,0.5,0.4455408765061197,0.4455408765061197
ketone,2,CNN central ROI,ketone_05_c0.5_wF10,F10,5,0.5,0.4014775019725237,0.4014775019725237
ketone,2,CNN central ROI,ketone_05_c0.5_wG03,G03,5,0.5,0.3894069127228153,0.3894069127228153
ketone,2,CNN central ROI,ketone_05_c0.5_wH01,H01,5,0.5,0.5139360033485643,0.5139360033485643
ketone,2,CNN central ROI,ketone_05_c0.5_wH02,H02,5,0.5,0.4381450220984527,0.4381450220984527
ketone,2,CNN central ROI,ketone_05_c0.5_wH04,H04,5,0.5,0.4623251812236724,0.4623251812236724
ketone,2,CNN central ROI,ketone_05_c0.5_wH06,H06,5,0.5,0.3891565381162125,0.3891565381162125
ketone,2,CNN central ROI,ketone_06_c1_wA04,A04,6,1.0,0.975786092452241,0.975786092452241
ketone,2,CNN central ROI,ketone_06_c1_wB04,B04,6,1.0,0.9421936915938848,0.9421936915938848
ketone,2,CNN central ROI,ketone_06_c1_wB08,B08,6,1.0,0.9584473858136432,0.9584473858136432
ketone,2,CNN central ROI,ketone_06_c1_wB10,B10,6,1.0,1.2351333440529977,1.2351333440529977
ketone,2,CNN central ROI,ketone_06_c1_wB12,B12,6,1.0,1.1024830531346297,1.1024830531346297
ketone,2,CNN central ROI,ketone_06_c1_wC04,C04,6,1.0,0.9970292111365596,0.9970292111365596
ketone,2,CNN central ROI,ketone_06_c1_wC08,C08,6,1.0,1.0049553633276571,1.0049553633276571
ketone,2,CNN central ROI,ketone_06_c1_wC12,C12,6,1.0,0.977527230716021,0.977527230716021
ketone,2,CNN central ROI,ketone_06_c1_wD07,D07,6,1.0,0.92695045321587,0.92695045321587
ketone,2,CNN central ROI,ketone_06_c1_wE07,E07,6,1.0,1.0427209492765923,1.0427209492765923
ketone,2,CNN central ROI,ketone_06_c1_wF02,F02,6,1.0,1.0023124464974535,1.0023124464974535
ketone,2,CNN central ROI,ketone_06_c1_wF05,F05,6,1.0,0.9160876637399242,0.9160876637399242
ketone,2,CNN central ROI,ketone_06_c1_wF06,F06,6,1.0,0.9145458442446568,0.9145458442446568
ketone,2,CNN central ROI,ketone_06_c1_wF10,F10,6,1.0,0.9049141324963856,0.9049141324963856
ketone,2,CNN central ROI,ketone_06_c1_wG03,G03,6,1.0,1.1759310373236609,1.1759310373236609
ketone,2,CNN central ROI,ketone_06_c1_wH01,H01,6,1.0,0.9403956530333142,0.9403956530333142
ketone,2,CNN central ROI,ketone_06_c1_wH02,H02,6,1.0,0.9531926209023832,0.9531926209023832
ketone,2,CNN central ROI,ketone_06_c1_wH04,H04,6,1.0,0.9298190665181512,0.9298190665181512
ketone,2,CNN central ROI,ketone_06_c1_wH06,H06,6,1.0,0.9147473308723524,0.9147473308723524
ketone,2,CNN central ROI,ketone_07_c5_wA04,A04,7,5.0,5.66180877968598,5.66180877968598
ketone,2,CNN central ROI,ketone_07_c5_wB04,B04,7,5.0,5.174540143827582,5.174540143827582
ketone,2,CNN central ROI,ketone_07_c5_wB08,B08,7,5.0,5.20375333088714,5.20375333088714
ketone,2,CNN central ROI,ketone_07_c5_wB10,B10,7,5.0,4.893803441508304,4.893803441508304
ketone,2,CNN central ROI,ketone_07_c5_wB12,B12,7,5.0,4.954824029491454,4.954824029491454
ketone,2,CNN central ROI,ketone_07_c5_wC04,C04,7,5.0,4.649900565754423,4.649900565754423
ketone,2,CNN central ROI,ketone_07_c5_wC08,C08,7,5.0,5.480123652540547,5.480123652540547
ketone,2,CNN central ROI,ketone_07_c5_wC12,C12,7,5.0,4.304374817119102,4.304374817119102
ketone,2,CNN central ROI,ketone_07_c5_wD07,D07,7,5.0,4.43128333671321,4.43128333671321
ketone,2,CNN central ROI,ketone_07_c5_wE07,E07,7,5.0,5.110503910932782,5.110503910932782
ketone,2,CNN central ROI,ketone_07_c5_wF02,F02,7,5.0,4.311775283444874,4.311775283444874
ketone,2,CNN central ROI,ketone_07_c5_wF05,F05,7,5.0,4.721914967032762,4.721914967032762
ketone,2,CNN central ROI,ketone_07_c5_wF06,F06,7,5.0,4.869052071176024,4.869052071176024
ketone,2,CNN central ROI,ketone_07_c5_wF10,F10,7,5.0,5.252141257232164,5.252141257232164
ketone,2,CNN central ROI,ketone_07_c5_wG03,G03,7,5.0,4.466402849047388,4.466402849047388
ketone,2,CNN central ROI,ketone_07_c5_wH01,H01,7,5.0,4.256771927528441,4.256771927528441
ketone,2,CNN central ROI,ketone_07_c5_wH02,H02,7,5.0,4.0550174393755,4.0550174393755
ketone,2,CNN central ROI,ketone_07_c5_wH04,H04,7,5.0,4.512959245527374,4.512959245527374
ketone,2,CNN central ROI,ketone_07_c5_wH06,H06,7,5.0,4.874579505579379,4.874579505579379
ketone,2,CNN central ROI,ketone_08_c10_wA04,A04,8,10.0,8.738216991782869,8.738216991782869
ketone,2,CNN central ROI,ketone_08_c10_wB04,B04,8,10.0,10.83522305362318,10.0
ketone,2,CNN central ROI,ketone_08_c10_wB08,B08,8,10.0,9.690386495152332,9.690386495152332
ketone,2,CNN central ROI,ketone_08_c10_wB10,B10,8,10.0,10.533618796130453,10.0
ketone,2,CNN central ROI,ketone_08_c10_wB12,B12,8,10.0,9.728527412808193,9.728527412808193
ketone,2,CNN central ROI,ketone_08_c10_wC04,C04,8,10.0,9.486864351625014,9.486864351625014
ketone,2,CNN central ROI,ketone_08_c10_wC08,C08,8,10.0,9.657667074204769,9.657667074204769
ketone,2,CNN central ROI,ketone_08_c10_wC12,C12,8,10.0,10.536808768506512,10.0
ketone,2,CNN central ROI,ketone_08_c10_wD07,D07,8,10.0,9.667424480561374,9.667424480561374
ketone,2,CNN central ROI,ketone_08_c10_wE07,E07,8,10.0,10.574291255281787,10.0
ketone,2,CNN central ROI,ketone_08_c10_wF02,F02,8,10.0,9.782917772946952,9.782917772946952
ketone,2,CNN central ROI,ketone_08_c10_wF05,F05,8,10.0,9.914758643551064,9.914758643551064
ketone,2,CNN central ROI,ketone_08_c10_wF06,F06,8,10.0,10.262762974905222,10.0
ketone,2,CNN central ROI,ketone_08_c10_wF10,F10,8,10.0,9.878934740039114,9.878934740039114
ketone,2,CNN central ROI,ketone_08_c10_wG03,G03,8,10.0,9.815099376666176,9.815099376666176
ketone,2,CNN central ROI,ketone_08_c10_wH01,H01,8,10.0,10.928805525733516,10.0
ketone,2,CNN central ROI,ketone_08_c10_wH02,H02,8,10.0,7.795306976241159,7.795306976241159
ketone,2,CNN central ROI,ketone_08_c10_wH04,H04,8,10.0,8.185142365801587,8.185142365801587
ketone,2,CNN central ROI,ketone_08_c10_wH06,H06,8,10.0,9.171305593799524,9.171305593799524
ketone,3,CNN central ROI,ketone_01_c0_wA07,A07,1,0.0,0.2186529023627232,0.2186529023627232
ketone,3,CNN central ROI,ketone_01_c0_wA08,A08,1,0.0,0.171895995519665,0.171895995519665
ketone,3,CNN central ROI,ketone_01_c0_wA10,A10,1,0.0,0.1426280016414928,0.1426280016414928
ketone,3,CNN central ROI,ketone_01_c0_wB01,B01,1,0.0,-0.0187120785476475,0.0
ketone,3,CNN central ROI,ketone_01_c0_wB11,B11,1,0.0,-0.0286308421362818,0.0
ketone,3,CNN central ROI,ketone_01_c0_wC02,C02,1,0.0,-0.0850203395635096,0.0
ketone,3,CNN central ROI,ketone_01_c0_wC05,C05,1,0.0,-0.0753294646933378,0.0
ketone,3,CNN central ROI,ketone_01_c0_wC10,C10,1,0.0,-0.0739277779240614,0.0
ketone,3,CNN central ROI,ketone_01_c0_wD05,D05,1,0.0,-0.077869992354978,0.0
ketone,3,CNN central ROI,ketone_01_c0_wD09,D09,1,0.0,-0.0954968623978263,0.0
ketone,3,CNN central ROI,ketone_01_c0_wD10,D10,1,0.0,-0.0838026769840368,0.0
ketone,3,CNN central ROI,ketone_01_c0_wF04,F04,1,0.0,-0.1059032846825529,0.0
ketone,3,CNN central ROI,ketone_01_c0_wG02,G02,1,0.0,-0.0767737908264529,0.0
ketone,3,CNN central ROI,ketone_01_c0_wG04,G04,1,0.0,-0.1099353434156704,0.0
ketone,3,CNN central ROI,ketone_01_c0_wG07,G07,1,0.0,-0.0665961292989255,0.0
ketone,3,CNN central ROI,ketone_01_c0_wG08,G08,1,0.0,-0.1141708356725519,0.0
ketone,3,CNN central ROI,ketone_01_c0_wH09,H09,1,0.0,-0.1306764707899869,0.0
ketone,3,CNN central ROI,ketone_01_c0_wH10,H10,1,0.0,-0.1012441053368801,0.0
ketone,3,CNN central ROI,ketone_01_c0_wH12,H12,1,0.0,-0.0335353518392203,0.0
ketone,3,CNN central ROI,ketone_02_c0.01_wA07,A07,2,0.01,-0.0454989009763746,0.0
ketone,3,CNN central ROI,ketone_02_c0.01_wA08,A08,2,0.01,-0.0059298905445041,0.0
ketone,3,CNN central ROI,ketone_02_c0.01_wA10,A10,2,0.01,0.006605234757327,0.006605234757327
ketone,3,CNN central ROI,ketone_02_c0.01_wB01,B01,2,0.01,-0.0529114226886688,0.0
ketone,3,CNN central ROI,ketone_02_c0.01_wB11,B11,2,0.01,-0.086615159156606,0.0
ketone,3,CNN central ROI,ketone_02_c0.01_wC02,C02,2,0.01,-0.1103234452995227,0.0
ketone,3,CNN central ROI,ketone_02_c0.01_wC05,C05,2,0.01,-0.1189093633174439,0.0
ketone,3,CNN central ROI,ketone_02_c0.01_wC10,C10,2,0.01,-0.0347311269251769,0.0
ketone,3,CNN central ROI,ketone_02_c0.01_wD05,D05,2,0.01,-0.0963390703755514,0.0
ketone,3,CNN central ROI,ketone_02_c0.01_wD09,D09,2,0.01,-0.0529552998280152,0.0
ketone,3,CNN central ROI,ketone_02_c0.01_wD10,D10,2,0.01,-0.0790408852788944,0.0
ketone,3,CNN central ROI,ketone_02_c0.01_wF04,F04,2,0.01,-0.1218355320751729,0.0
ketone,3,CNN central ROI,ketone_02_c0.01_wG02,G02,2,0.01,-0.0405172314662389,0.0
ketone,3,CNN central ROI,ketone_02_c0.01_wG04,G04,2,0.01,-0.0786147716085,0.0
ketone,3,CNN central ROI,ketone_02_c0.01_wG07,G07,2,0.01,-0.0467148061741327,0.0
ketone,3,CNN central ROI,ketone_02_c0.01_wG08,G08,2,0.01,-0.0253373594963514,0.0
ketone,3,CNN central ROI,ketone_02_c0.01_wH09,H09,2,0.01,0.0381215600002275,0.0381215600002275
ketone,3,CNN central ROI,ketone_02_c0.01_wH10,H10,2,0.01,0.0340126916787378,0.0340126916787378
ketone,3,CNN central ROI,ketone_02_c0.01_wH12,H12,2,0.01,0.1651481050356685,0.1651481050356685
ketone,3,CNN central ROI,ketone_03_c0.05_wA07,A07,3,0.05,0.0412520101708905,0.0412520101708905
ketone,3,CNN central ROI,ketone_03_c0.05_wA08,A08,3,0.05,0.0898149233112619,0.0898149233112619
ketone,3,CNN central ROI,ketone_03_c0.05_wA10,A10,3,0.05,0.0956687317406292,0.0956687317406292
ketone,3,CNN central ROI,ketone_03_c0.05_wB01,B01,3,0.05,0.0761499461222867,0.0761499461222867
ketone,3,CNN central ROI,ketone_03_c0.05_wB11,B11,3,0.05,-0.0098438016924818,0.0
ketone,3,CNN central ROI,ketone_03_c0.05_wC02,C02,3,0.05,0.0716997389687739,0.0716997389687739
ketone,3,CNN central ROI,ketone_03_c0.05_wC05,C05,3,0.05,-0.0091188982178231,0.0
ketone,3,CNN central ROI,ketone_03_c0.05_wC10,C10,3,0.05,0.0549342761618453,0.0549342761618453
ketone,3,CNN central ROI,ketone_03_c0.05_wD05,D05,3,0.05,-0.0019845504297819,0.0
ketone,3,CNN central ROI,ketone_03_c0.05_wD09,D09,3,0.05,-0.0215098156425197,0.0
ketone,3,CNN central ROI,ketone_03_c0.05_wD10,D10,3,0.05,-0.0245155200606235,0.0
ketone,3,CNN central ROI,ketone_03_c0.05_wF04,F04,3,0.05,0.0532611628790232,0.0532611628790232
ketone,3,CNN central ROI,ketone_03_c0.05_wG02,G02,3,0.05,0.1121851801163661,0.1121851801163661
ketone,3,CNN central ROI,ketone_03_c0.05_wG04,G04,3,0.05,0.0432389229802911,0.0432389229802911
ketone,3,CNN central ROI,ketone_03_c0.05_wG07,G07,3,0.05,-0.0137368944108739,0.0
ketone,3,CNN central ROI,ketone_03_c0.05_wG08,G08,3,0.05,0.2096098042788221,0.2096098042788221
ketone,3,CNN central ROI,ketone_03_c0.05_wH09,H09,3,0.05,-0.0261760742963071,0.0
ketone,3,CNN central ROI,ketone_03_c0.05_wH10,H10,3,0.05,-0.0425966146968573,0.0
ketone,3,CNN central ROI,ketone_03_c0.05_wH12,H12,3,0.05,0.0035099785270432,0.0035099785270432
ketone,3,CNN central ROI,ketone_04_c0.1_wA07,A07,4,0.1,0.1160036352184789,0.1160036352184789
ketone,3,CNN central ROI,ketone_04_c0.1_wA08,A08,4,0.1,0.132474152409409,0.132474152409409
ketone,3,CNN central ROI,ketone_04_c0.1_wA10,A10,4,0.1,0.1430139711117057,0.1430139711117057
ketone,3,CNN central ROI,ketone_04_c0.1_wB01,B01,4,0.1,0.1141945511838588,0.1141945511838588
ketone,3,CNN central ROI,ketone_04_c0.1_wB11,B11,4,0.1,0.0532715269116702,0.0532715269116702
ketone,3,CNN central ROI,ketone_04_c0.1_wC02,C02,4,0.1,0.1340822103452778,0.1340822103452778
ketone,3,CNN central ROI,ketone_04_c0.1_wC05,C05,4,0.1,-0.0219435921609557,0.0
ketone,3,CNN central ROI,ketone_04_c0.1_wC10,C10,4,0.1,0.1745140063274342,0.1745140063274342
ketone,3,CNN central ROI,ketone_04_c0.1_wD05,D05,4,0.1,0.015351373092589,0.015351373092589
ketone,3,CNN central ROI,ketone_04_c0.1_wD09,D09,4,0.1,0.066606635298192,0.066606635298192
ketone,3,CNN central ROI,ketone_04_c0.1_wD10,D10,4,0.1,0.0784169865726507,0.0784169865726507
ketone,3,CNN central ROI,ketone_04_c0.1_wF04,F04,4,0.1,0.0053392371106759,0.0053392371106759
ketone,3,CNN central ROI,ketone_04_c0.1_wG02,G02,4,0.1,0.0368589127034875,0.0368589127034875
ketone,3,CNN central ROI,ketone_04_c0.1_wG04,G04,4,0.1,-0.0810262778098818,0.0
ketone,3,CNN central ROI,ketone_04_c0.1_wG07,G07,4,0.1,0.0387903796493817,0.0387903796493817
ketone,3,CNN central ROI,ketone_04_c0.1_wG08,G08,4,0.1,0.0408453521773212,0.0408453521773212
ketone,3,CNN central ROI,ketone_04_c0.1_wH09,H09,4,0.1,0.0007618666273692,0.0007618666273692
ketone,3,CNN central ROI,ketone_04_c0.1_wH10,H10,4,0.1,-0.0120763940800067,0.0
ketone,3,CNN central ROI,ketone_04_c0.1_wH12,H12,4,0.1,0.0816380151302526,0.0816380151302526
ketone,3,CNN central ROI,ketone_05_c0.5_wA07,A07,5,0.5,0.6259507621665645,0.6259507621665645
ketone,3,CNN central ROI,ketone_05_c0.5_wA08,A08,5,0.5,0.443284250538156,0.443284250538156
ketone,3,CNN central ROI,ketone_05_c0.5_wA10,A10,5,0.5,0.4526471224162969,0.4526471224162969
ketone,3,CNN central ROI,ketone_05_c0.5_wB01,B01,5,0.5,0.3625079006339274,0.3625079006339274
ketone,3,CNN central ROI,ketone_05_c0.5_wB11,B11,5,0.5,0.4100896326134146,0.4100896326134146
ketone,3,CNN central ROI,ketone_05_c0.5_wC02,C02,5,0.5,0.3702275739848353,0.3702275739848353
ketone,3,CNN central ROI,ketone_05_c0.5_wC05,C05,5,0.5,0.4645426743870767,0.4645426743870767
ketone,3,CNN central ROI,ketone_05_c0.5_wC10,C10,5,0.5,0.339203921183889,0.339203921183889
ketone,3,CNN central ROI,ketone_05_c0.5_wD05,D05,5,0.5,0.4079826932831522,0.4079826932831522
ketone,3,CNN central ROI,ketone_05_c0.5_wD09,D09,5,0.5,0.3186961306235719,0.3186961306235719
ketone,3,CNN central ROI,ketone_05_c0.5_wD10,D10,5,0.5,0.3089068647809422,0.3089068647809422
ketone,3,CNN central ROI,ketone_05_c0.5_wF04,F04,5,0.5,0.3266100364619851,0.3266100364619851
ketone,3,CNN central ROI,ketone_05_c0.5_wG02,G02,5,0.5,0.3431192714020757,0.3431192714020757
ketone,3,CNN central ROI,ketone_05_c0.5_wG04,G04,5,0.5,0.317321139183028,0.317321139183028
ketone,3,CNN central ROI,ketone_05_c0.5_wG07,G07,5,0.5,0.2809394575816868,0.2809394575816868
ketone,3,CNN central ROI,ketone_05_c0.5_wG08,G08,5,0.5,0.3017719823401841,0.3017719823401841
ketone,3,CNN central ROI,ketone_05_c0.5_wH09,H09,5,0.5,0.2164479786605234,0.2164479786605234
ketone,3,CNN central ROI,ketone_05_c0.5_wH10,H10,5,0.5,0.2018100758248995,0.2018100758248995
ketone,3,CNN central ROI,ketone_05_c0.5_wH12,H12,5,0.5,0.2374062278777168,0.2374062278777168
ketone,3,CNN central ROI,ketone_06_c1_wA07,A07,6,1.0,1.0504405161777006,1.0504405161777006
ketone,3,CNN central ROI,ketone_06_c1_wA08,A08,6,1.0,1.1721620910401065,1.1721620910401065
ketone,3,CNN central ROI,ketone_06_c1_wA10,A10,6,1.0,0.9629129597598272,0.9629129597598272
ketone,3,CNN central ROI,ketone_06_c1_wB01,B01,6,1.0,1.043033683875454,1.043033683875454
ketone,3,CNN central ROI,ketone_06_c1_wB11,B11,6,1.0,1.339971423390931,1.339971423390931
ketone,3,CNN central ROI,ketone_06_c1_wC02,C02,6,1.0,0.7985182598538918,0.7985182598538918
ketone,3,CNN central ROI,ketone_06_c1_wC05,C05,6,1.0,1.0198932329359764,1.0198932329359764
ketone,3,CNN central ROI,ketone_06_c1_wC10,C10,6,1.0,0.8829625966548464,0.8829625966548464
ketone,3,CNN central ROI,ketone_06_c1_wD05,D05,6,1.0,0.9902373298715068,0.9902373298715068
ketone,3,CNN central ROI,ketone_06_c1_wD09,D09,6,1.0,0.9261187438122284,0.9261187438122284
ketone,3,CNN central ROI,ketone_06_c1_wD10,D10,6,1.0,0.8820690904435058,0.8820690904435058
ketone,3,CNN central ROI,ketone_06_c1_wF04,F04,6,1.0,0.930181286526157,0.930181286526157
ketone,3,CNN central ROI,ketone_06_c1_wG02,G02,6,1.0,1.1497458981480655,1.1497458981480655
ketone,3,CNN central ROI,ketone_06_c1_wG04,G04,6,1.0,1.1518863638085772,1.1518863638085772
ketone,3,CNN central ROI,ketone_06_c1_wG07,G07,6,1.0,1.133790607536504,1.133790607536504
ketone,3,CNN central ROI,ketone_06_c1_wG08,G08,6,1.0,1.0882832089543482,1.0882832089543482
ketone,3,CNN central ROI,ketone_06_c1_wH09,H09,6,1.0,1.1229317605480276,1.1229317605480276
ketone,3,CNN central ROI,ketone_06_c1_wH10,H10,6,1.0,1.3157132822172763,1.3157132822172763
ketone,3,CNN central ROI,ketone_06_c1_wH12,H12,6,1.0,1.156815144274424,1.156815144274424
ketone,3,CNN central ROI,ketone_07_c5_wA07,A07,7,5.0,5.307211174551165,5.307211174551165
ketone,3,CNN central ROI,ketone_07_c5_wA08,A08,7,5.0,6.270890639872772,6.270890639872772
ketone,3,CNN central ROI,ketone_07_c5_wA10,A10,7,5.0,5.980563371956716,5.980563371956716
ketone,3,CNN central ROI,ketone_07_c5_wB01,B01,7,5.0,4.9163422218363735,4.9163422218363735
ketone,3,CNN central ROI,ketone_07_c5_wB11,B11,7,5.0,5.299751949585947,5.299751949585947
ketone,3,CNN central ROI,ketone_07_c5_wC02,C02,7,5.0,3.64303181990786,3.64303181990786
ketone,3,CNN central ROI,ketone_07_c5_wC05,C05,7,5.0,4.232365550581434,4.232365550581434
ketone,3,CNN central ROI,ketone_07_c5_wC10,C10,7,5.0,5.131003229133043,5.131003229133043
ketone,3,CNN central ROI,ketone_07_c5_wD05,D05,7,5.0,5.910342717489629,5.910342717489629
ketone,3,CNN central ROI,ketone_07_c5_wD09,D09,7,5.0,4.887856578651788,4.887856578651788
ketone,3,CNN central ROI,ketone_07_c5_wD10,D10,7,5.0,4.814129114592444,4.814129114592444
ketone,3,CNN central ROI,ketone_07_c5_wF04,F04,7,5.0,4.39669865884253,4.39669865884253
ketone,3,CNN central ROI,ketone_07_c5_wG02,G02,7,5.0,5.03933633573834,5.03933633573834
ketone,3,CNN central ROI,ketone_07_c5_wG04,G04,7,5.0,4.304683099862701,4.304683099862701
ketone,3,CNN central ROI,ketone_07_c5_wG07,G07,7,5.0,5.3662366833240265,5.3662366833240265
ketone,3,CNN central ROI,ketone_07_c5_wG08,G08,7,5.0,6.648785553488195,6.648785553488195
ketone,3,CNN central ROI,ketone_07_c5_wH09,H09,7,5.0,4.722123174828272,4.722123174828272
ketone,3,CNN central ROI,ketone_07_c5_wH10,H10,7,5.0,4.840506760718627,4.840506760718627
ketone,3,CNN central ROI,ketone_07_c5_wH12,H12,7,5.0,5.95896085450675,5.95896085450675
ketone,3,CNN central ROI,ketone_08_c10_wA07,A07,8,10.0,10.05795129981209,10.0
ketone,3,CNN central ROI,ketone_08_c10_wA08,A08,8,10.0,7.227441387087817,7.227441387087817
ketone,3,CNN central ROI,ketone_08_c10_wA10,A10,8,10.0,6.957158044095577,6.957158044095577
ketone,3,CNN central ROI,ketone_08_c10_wB01,B01,8,10.0,11.298685463278565,10.0
ketone,3,CNN central ROI,ketone_08_c10_wB11,B11,8,10.0,8.388418825619192,8.388418825619192
ketone,3,CNN central ROI,ketone_08_c10_wC02,C02,8,10.0,9.84583278420435,9.84583278420435
ketone,3,CNN central ROI,ketone_08_c10_wC05,C05,8,10.0,10.930441596875877,10.0
ketone,3,CNN central ROI,ketone_08_c10_wC10,C10,8,10.0,11.06775044042704,10.0
ketone,3,CNN central ROI,ketone_08_c10_wD05,D05,8,10.0,10.05790822962525,10.0
ketone,3,CNN central ROI,ketone_08_c10_wD09,D09,8,10.0,11.38580774056986,10.0
ketone,3,CNN central ROI,ketone_08_c10_wD10,D10,8,10.0,10.86744546790578,10.0
ketone,3,CNN central ROI,ketone_08_c10_wF04,F04,8,10.0,10.657068195109762,10.0
ketone,3,CNN central ROI,ketone_08_c10_wG02,G02,8,10.0,11.694055378768814,10.0
ketone,3,CNN central ROI,ketone_08_c10_wG04,G04,8,10.0,11.516913255207088,10.0
ketone,3,CNN central ROI,ketone_08_c10_wG07,G07,8,10.0,11.128258941944472,10.0
ketone,3,CNN central ROI,ketone_08_c10_wG08,G08,8,10.0,12.943736462232163,10.0
ketone,3,CNN central ROI,ketone_08_c10_wH09,H09,8,10.0,10.763251336004943,10.0
ketone,3,CNN central ROI,ketone_08_c10_wH10,H10,8,10.0,9.699613429268071,9.699613429268071
ketone,3,CNN central ROI,ketone_08_c10_wH12,H12,8,10.0,9.545917980233254,9.545917980233254
ketone,4,CNN central ROI,ketone_01_c0_wA01,A01,1,0.0,0.187020035906444,0.187020035906444
ketone,4,CNN central ROI,ketone_01_c0_wA02,A02,1,0.0,0.0760906504409817,0.0760906504409817
ketone,4,CNN central ROI,ketone_01_c0_wA03,A03,1,0.0,0.0900370567998447,0.0900370567998447
ketone,4,CNN central ROI,ketone_01_c0_wB03,B03,1,0.0,-0.0430710671990639,0.0
ketone,4,CNN central ROI,ketone_01_c0_wB06,B06,1,0.0,0.038023978648396,0.038023978648396
ketone,4,CNN central ROI,ketone_01_c0_wB07,B07,1,0.0,0.027395389291013,0.027395389291013
ketone,4,CNN central ROI,ketone_01_c0_wC06,C06,1,0.0,0.0038179770371344,0.0038179770371344
ketone,4,CNN central ROI,ketone_01_c0_wC07,C07,1,0.0,0.0174171348166169,0.0174171348166169
ketone,4,CNN central ROI,ketone_01_c0_wD11,D11,1,0.0,-0.0278195546812285,0.0
ketone,4,CNN central ROI,ketone_01_c0_wD12,D12,1,0.0,0.0707712135794946,0.0707712135794946
ketone,4,CNN central ROI,ketone_01_c0_wE04,E04,1,0.0,-0.0073018420179082,0.0
ketone,4,CNN central ROI,ketone_01_c0_wE12,E12,1,0.0,0.0768764969647022,0.0768764969647022
ketone,4,CNN central ROI,ketone_01_c0_wF07,F07,1,0.0,-0.0693925901778036,0.0
ketone,4,CNN central ROI,ketone_01_c0_wF08,F08,1,0.0,-0.0496935936772509,0.0
ketone,4,CNN central ROI,ketone_01_c0_wF09,F09,1,0.0,-0.0985755866416835,0.0
ketone,4,CNN central ROI,ketone_01_c0_wF11,F11,1,0.0,-0.0528440376700865,0.0
ketone,4,CNN central ROI,ketone_01_c0_wG01,G01,1,0.0,0.0564297665893853,0.0564297665893853
ketone,4,CNN central ROI,ketone_01_c0_wG05,G05,1,0.0,-0.0155827728612671,0.0
ketone,4,CNN central ROI,ketone_01_c0_wH07,H07,1,0.0,-0.0827921102722761,0.0
ketone,4,CNN central ROI,ketone_02_c0.01_wA01,A01,2,0.01,0.0777819244452007,0.0777819244452007
ketone,4,CNN central ROI,ketone_02_c0.01_wA02,A02,2,0.01,0.0395704649174257,0.0395704649174257
ketone,4,CNN central ROI,ketone_02_c0.01_wA03,A03,2,0.01,0.0268960934242614,0.0268960934242614
ketone,4,CNN central ROI,ketone_02_c0.01_wB03,B03,2,0.01,-0.0628928711240317,0.0
ketone,4,CNN central ROI,ketone_02_c0.01_wB06,B06,2,0.01,0.0030613703763702,0.0030613703763702
ketone,4,CNN central ROI,ketone_02_c0.01_wB07,B07,2,0.01,-0.0156206838559964,0.0
ketone,4,CNN central ROI,ketone_02_c0.01_wC06,C06,2,0.01,-0.0042885228996247,0.0
ketone,4,CNN central ROI,ketone_02_c0.01_wC07,C07,2,0.01,-0.0289399455680103,0.0
ketone,4,CNN central ROI,ketone_02_c0.01_wD11,D11,2,0.01,0.0062404492694803,0.0062404492694803
ketone,4,CNN central ROI,ketone_02_c0.01_wD12,D12,2,0.01,0.1543903653898506,0.1543903653898506
ketone,4,CNN central ROI,ketone_02_c0.01_wE04,E04,2,0.01,-0.0412862256333861,0.0
ketone,4,CNN central ROI,ketone_02_c0.01_wE12,E12,2,0.01,0.2350716167629267,0.2350716167629267
ketone,4,CNN central ROI,ketone_02_c0.01_wF07,F07,2,0.01,0.0143967578003785,0.0143967578003785
ketone,4,CNN central ROI,ketone_02_c0.01_wF08,F08,2,0.01,0.0159140042064525,0.0159140042064525
ketone,4,CNN central ROI,ketone_02_c0.01_wF09,F09,2,0.01,0.0661710773467247,0.0661710773467247
ketone,4,CNN central ROI,ketone_02_c0.01_wF11,F11,2,0.01,0.0822731673952383,0.0822731673952383
ketone,4,CNN central ROI,ketone_02_c0.01_wG01,G01,2,0.01,0.00972079957815,0.00972079957815
ketone,4,CNN central ROI,ketone_02_c0.01_wG05,G05,2,0.01,-0.0060439229481197,0.0
ketone,4,CNN central ROI,ketone_02_c0.01_wH07,H07,2,0.01,0.0628595116262902,0.0628595116262902
ketone,4,CNN central ROI,ketone_03_c0.05_wA01,A01,3,0.05,0.1358966562057657,0.1358966562057657
ketone,4,CNN central ROI,ketone_03_c0.05_wA02,A02,3,0.05,0.2136091540447877,0.2136091540447877
ketone,4,CNN central ROI,ketone_03_c0.05_wA03,A03,3,0.05,0.0266613679037046,0.0266613679037046
ketone,4,CNN central ROI,ketone_03_c0.05_wB03,B03,3,0.05,0.0174453664084364,0.0174453664084364
ketone,4,CNN central ROI,ketone_03_c0.05_wB06,B06,3,0.05,0.030334701307884,0.030334701307884
ketone,4,CNN central ROI,ketone_03_c0.05_wB07,B07,3,0.05,0.0806087134032478,0.0806087134032478
ketone,4,CNN central ROI,ketone_03_c0.05_wC06,C06,3,0.05,0.0508814521799325,0.0508814521799325
ketone,4,CNN central ROI,ketone_03_c0.05_wC07,C07,3,0.05,0.0110968880251265,0.0110968880251265
ketone,4,CNN central ROI,ketone_03_c0.05_wD11,D11,3,0.05,0.0663154617734589,0.0663154617734589
ketone,4,CNN central ROI,ketone_03_c0.05_wD12,D12,3,0.05,0.093221580357091,0.093221580357091
ketone,4,CNN central ROI,ketone_03_c0.05_wE04,E04,3,0.05,0.0818412240403989,0.0818412240403989
ketone,4,CNN central ROI,ketone_03_c0.05_wE12,E12,3,0.05,0.1245269875631198,0.1245269875631198
ketone,4,CNN central ROI,ketone_03_c0.05_wF07,F07,3,0.05,0.0646183397966488,0.0646183397966488
ketone,4,CNN central ROI,ketone_03_c0.05_wF08,F08,3,0.05,0.2512860282160367,0.2512860282160367
ketone,4,CNN central ROI,ketone_03_c0.05_wF09,F09,3,0.05,0.0797597491063881,0.0797597491063881
ketone,4,CNN central ROI,ketone_03_c0.05_wF11,F11,3,0.05,0.0893580870165842,0.0893580870165842
ketone,4,CNN central ROI,ketone_03_c0.05_wG01,G01,3,0.05,0.1369006926034057,0.1369006926034057
ketone,4,CNN central ROI,ketone_03_c0.05_wG05,G05,3,0.05,0.0735352880728572,0.0735352880728572
ketone,4,CNN central ROI,ketone_03_c0.05_wH07,H07,3,0.05,0.1598168806460247,0.1598168806460247
ketone,4,CNN central ROI,ketone_04_c0.1_wA01,A01,4,0.1,0.2216291443180431,0.2216291443180431
ketone,4,CNN central ROI,ketone_04_c0.1_wA02,A02,4,0.1,0.198054958531801,0.198054958531801
ketone,4,CNN central ROI,ketone_04_c0.1_wA03,A03,4,0.1,0.2851022322059606,0.2851022322059606
ketone,4,CNN central ROI,ketone_04_c0.1_wB03,B03,4,0.1,0.1259893840193728,0.1259893840193728
ketone,4,CNN central ROI,ketone_04_c0.1_wB06,B06,4,0.1,0.1944536156867615,0.1944536156867615
ketone,4,CNN central ROI,ketone_04_c0.1_wB07,B07,4,0.1,0.2393809675999554,0.2393809675999554
ketone,4,CNN central ROI,ketone_04_c0.1_wC06,C06,4,0.1,0.1251273121977398,0.1251273121977398
ketone,4,CNN central ROI,ketone_04_c0.1_wC07,C07,4,0.1,0.1483883289690122,0.1483883289690122
ketone,4,CNN central ROI,ketone_04_c0.1_wD11,D11,4,0.1,0.1988865805651143,0.1988865805651143
ketone,4,CNN central ROI,ketone_04_c0.1_wD12,D12,4,0.1,0.2215472727017664,0.2215472727017664
ketone,4,CNN central ROI,ketone_04_c0.1_wE04,E04,4,0.1,0.0824036376802901,0.0824036376802901
ketone,4,CNN central ROI,ketone_04_c0.1_wE12,E12,4,0.1,0.2283480615168711,0.2283480615168711
ketone,4,CNN central ROI,ketone_04_c0.1_wF07,F07,4,0.1,0.1759774504204503,0.1759774504204503
ketone,4,CNN central ROI,ketone_04_c0.1_wF08,F08,4,0.1,0.2133435754274566,0.2133435754274566
ketone,4,CNN central ROI,ketone_04_c0.1_wF09,F09,4,0.1,0.164036092043458,0.164036092043458
ketone,4,CNN central ROI,ketone_04_c0.1_wF11,F11,4,0.1,0.2629851998660624,0.2629851998660624
ketone,4,CNN central ROI,ketone_04_c0.1_wG01,G01,4,0.1,0.163263958007193,0.163263958007193
ketone,4,CNN central ROI,ketone_04_c0.1_wG05,G05,4,0.1,0.1232793528589224,0.1232793528589224
ketone,4,CNN central ROI,ketone_04_c0.1_wH07,H07,4,0.1,0.1297474121990109,0.1297474121990109
ketone,4,CNN central ROI,ketone_05_c0.5_wA01,A01,5,0.5,0.6364277559266385,0.6364277559266385
ketone,4,CNN central ROI,ketone_05_c0.5_wA02,A02,5,0.5,0.5080557839368021,0.5080557839368021
ketone,4,CNN central ROI,ketone_05_c0.5_wA03,A03,5,0.5,0.439494959894545,0.439494959894545
ketone,4,CNN central ROI,ketone_05_c0.5_wB03,B03,5,0.5,0.388516569583283,0.388516569583283
ketone,4,CNN central ROI,ketone_05_c0.5_wB06,B06,5,0.5,0.4578512417227369,0.4578512417227369
ketone,4,CNN central ROI,ketone_05_c0.5_wB07,B07,5,0.5,0.4967194890687711,0.4967194890687711
ketone,4,CNN central ROI,ketone_05_c0.5_wC06,C06,5,0.5,0.4257751120600341,0.4257751120600341
ketone,4,CNN central ROI,ketone_05_c0.5_wC07,C07,5,0.5,0.4964283003645751,0.4964283003645751
ketone,4,CNN central ROI,ketone_05_c0.5_wD11,D11,5,0.5,0.3894645461057384,0.3894645461057384
ketone,4,CNN central ROI,ketone_05_c0.5_wD12,D12,5,0.5,0.5066719318020754,0.5066719318020754
ketone,4,CNN central ROI,ketone_05_c0.5_wE04,E04,5,0.5,0.380852095712727,0.380852095712727
ketone,4,CNN central ROI,ketone_05_c0.5_wE12,E12,5,0.5,0.4284321081587094,0.4284321081587094
ketone,4,CNN central ROI,ketone_05_c0.5_wF07,F07,5,0.5,0.4199928787469336,0.4199928787469336
ketone,4,CNN central ROI,ketone_05_c0.5_wF08,F08,5,0.5,0.4292631252293408,0.4292631252293408
ketone,4,CNN central ROI,ketone_05_c0.5_wF09,F09,5,0.5,0.3784044167019711,0.3784044167019711
ketone,4,CNN central ROI,ketone_05_c0.5_wF11,F11,5,0.5,0.3680329364843737,0.3680329364843737
ketone,4,CNN central ROI,ketone_05_c0.5_wG01,G01,5,0.5,0.5165225391506016,0.5165225391506016
ketone,4,CNN central ROI,ketone_05_c0.5_wG05,G05,5,0.5,0.4560519818798081,0.4560519818798081
ketone,4,CNN central ROI,ketone_05_c0.5_wH07,H07,5,0.5,0.3099456296987191,0.3099456296987191
ketone,4,CNN central ROI,ketone_06_c1_wA01,A01,6,1.0,1.3005025513430652,1.3005025513430652
ketone,4,CNN central ROI,ketone_06_c1_wA02,A02,6,1.0,1.0701811591100006,1.0701811591100006
ketone,4,CNN central ROI,ketone_06_c1_wA03,A03,6,1.0,3.692040823569253,3.692040823569253
ketone,4,CNN central ROI,ketone_06_c1_wB03,B03,6,1.0,0.8372075096526017,0.8372075096526017
ketone,4,CNN central ROI,ketone_06_c1_wB06,B06,6,1.0,1.624566137596071,1.624566137596071
ketone,4,CNN central ROI,ketone_06_c1_wB07,B07,6,1.0,1.0287631957142054,1.0287631957142054
ketone,4,CNN central ROI,ketone_06_c1_wC06,C06,6,1.0,0.8034955608981829,0.8034955608981829
ketone,4,CNN central ROI,ketone_06_c1_wC07,C07,6,1.0,1.1781273727641577,1.1781273727641577
ketone,4,CNN central ROI,ketone_06_c1_wD11,D11,6,1.0,1.458102841584363,1.458102841584363
ketone,4,CNN central ROI,ketone_06_c1_wD12,D12,6,1.0,1.072987580991092,1.072987580991092
ketone,4,CNN central ROI,ketone_06_c1_wE04,E04,6,1.0,0.805061103491691,0.805061103491691
ketone,4,CNN central ROI,ketone_06_c1_wE12,E12,6,1.0,0.9161306386451143,0.9161306386451143
ketone,4,CNN central ROI,ketone_06_c1_wF07,F07,6,1.0,0.8582072767462408,0.8582072767462408
ketone,4,CNN central ROI,ketone_06_c1_wF08,F08,6,1.0,1.0886570218949707,1.0886570218949707
ketone,4,CNN central ROI,ketone_06_c1_wF09,F09,6,1.0,1.1620061255640524,1.1620061255640524
ketone,4,CNN central ROI,ketone_06_c1_wF11,F11,6,1.0,0.7852693460465883,0.7852693460465883
ketone,4,CNN central ROI,ketone_06_c1_wG01,G01,6,1.0,1.0810515318858949,1.0810515318858949
ketone,4,CNN central ROI,ketone_06_c1_wG05,G05,6,1.0,0.843475225517885,0.843475225517885
ketone,4,CNN central ROI,ketone_06_c1_wH07,H07,6,1.0,0.9009143147899396,0.9009143147899396
ketone,4,CNN central ROI,ketone_07_c5_wA01,A01,7,5.0,6.72661016349668,6.72661016349668
ketone,4,CNN central ROI,ketone_07_c5_wA02,A02,7,5.0,5.773105492054576,5.773105492054576
ketone,4,CNN central ROI,ketone_07_c5_wA03,A03,7,5.0,5.2854648363314,5.2854648363314
ketone,4,CNN central ROI,ketone_07_c5_wB03,B03,7,5.0,4.41829842230033,4.41829842230033
ketone,4,CNN central ROI,ketone_07_c5_wB06,B06,7,5.0,5.728571365884583,5.728571365884583
ketone,4,CNN central ROI,ketone_07_c5_wB07,B07,7,5.0,5.083748902855279,5.083748902855279
ketone,4,CNN central ROI,ketone_07_c5_wC06,C06,7,5.0,5.803451630101421,5.803451630101421
ketone,4,CNN central ROI,ketone_07_c5_wC07,C07,7,5.0,5.412993389515627,5.412993389515627
ketone,4,CNN central ROI,ketone_07_c5_wD11,D11,7,5.0,5.173962349552001,5.173962349552001
ketone,4,CNN central ROI,ketone_07_c5_wD12,D12,7,5.0,4.979408165957819,4.979408165957819
ketone,4,CNN central ROI,ketone_07_c5_wE04,E04,7,5.0,4.856238368896305,4.856238368896305
ketone,4,CNN central ROI,ketone_07_c5_wE12,E12,7,5.0,5.037637235665254,5.037637235665254
ketone,4,CNN central ROI,ketone_07_c5_wF07,F07,7,5.0,4.931581026256302,4.931581026256302
ketone,4,CNN central ROI,ketone_07_c5_wF08,F08,7,5.0,5.397646696202514,5.397646696202514
ketone,4,CNN central ROI,ketone_07_c5_wF09,F09,7,5.0,5.053154730108875,5.053154730108875
ketone,4,CNN central ROI,ketone_07_c5_wF11,F11,7,5.0,5.585707815332425,5.585707815332425
ketone,4,CNN central ROI,ketone_07_c5_wG01,G01,7,5.0,4.837623868830078,4.837623868830078
ketone,4,CNN central ROI,ketone_07_c5_wG05,G05,7,5.0,5.040841118028319,5.040841118028319
ketone,4,CNN central ROI,ketone_07_c5_wH07,H07,7,5.0,4.948325183364483,4.948325183364483
ketone,4,CNN central ROI,ketone_08_c10_wA01,A01,8,10.0,10.45353559842712,10.0
ketone,4,CNN central ROI,ketone_08_c10_wA02,A02,8,10.0,11.039441955796638,10.0
ketone,4,CNN central ROI,ketone_08_c10_wA03,A03,8,10.0,11.827146924875466,10.0
ketone,4,CNN central ROI,ketone_08_c10_wB03,B03,8,10.0,10.48702391264348,10.0
ketone,4,CNN central ROI,ketone_08_c10_wB06,B06,8,10.0,10.618526667338994,10.0
ketone,4,CNN central ROI,ketone_08_c10_wB07,B07,8,10.0,10.8919197892858,10.0
ketone,4,CNN central ROI,ketone_08_c10_wC06,C06,8,10.0,11.309161744339264,10.0
ketone,4,CNN central ROI,ketone_08_c10_wC07,C07,8,10.0,11.271091039462132,10.0
ketone,4,CNN central ROI,ketone_08_c10_wD11,D11,8,10.0,9.842345027424004,9.842345027424004
ketone,4,CNN central ROI,ketone_08_c10_wD12,D12,8,10.0,10.144711828746766,10.0
ketone,4,CNN central ROI,ketone_08_c10_wE04,E04,8,10.0,9.714522865684852,9.714522865684852
ketone,4,CNN central ROI,ketone_08_c10_wE12,E12,8,10.0,9.54076629082146,9.54076629082146
ketone,4,CNN central ROI,ketone_08_c10_wF07,F07,8,10.0,10.153591067682472,10.0
ketone,4,CNN central ROI,ketone_08_c10_wF08,F08,8,10.0,10.580136542165848,10.0
ketone,4,CNN central ROI,ketone_08_c10_wF09,F09,8,10.0,10.32629742733018,10.0
ketone,4,CNN central ROI,ketone_08_c10_wF11,F11,8,10.0,9.861635270805854,9.861635270805854
ketone,4,CNN central ROI,ketone_08_c10_wG01,G01,8,10.0,10.366769430745792,10.0
ketone,4,CNN central ROI,ketone_08_c10_wG05,G05,8,10.0,9.712478091820207,9.712478091820207
ketone,4,CNN central ROI,ketone_08_c10_wH07,H07,8,10.0,9.687030941570963,9.687030941570963
ketone,5,CNN central ROI,ketone_01_c0_wA05,A05,1,0.0,0.1853862333570006,0.1853862333570006
ketone,5,CNN central ROI,ketone_01_c0_wA09,A09,1,0.0,0.191335436370291,0.191335436370291
ketone,5,CNN central ROI,ketone_01_c0_wB02,B02,1,0.0,0.0314708212243939,0.0314708212243939
ketone,5,CNN central ROI,ketone_01_c0_wB05,B05,1,0.0,0.0468519974103722,0.0468519974103722
ketone,5,CNN central ROI,ketone_01_c0_wB09,B09,1,0.0,0.0143687278627862,0.0143687278627862
ketone,5,CNN central ROI,ketone_01_c0_wC11,C11,1,0.0,-0.0225963068861552,0.0
ketone,5,CNN central ROI,ketone_01_c0_wD01,D01,1,0.0,0.0265421902553804,0.0265421902553804
ketone,5,CNN central ROI,ketone_01_c0_wD04,D04,1,0.0,0.0021571528212351,0.0021571528212351
ketone,5,CNN central ROI,ketone_01_c0_wD06,D06,1,0.0,0.0035231585568475,0.0035231585568475
ketone,5,CNN central ROI,ketone_01_c0_wD08,D08,1,0.0,-0.0552265823654303,0.0
ketone,5,CNN central ROI,ketone_01_c0_wE01,E01,1,0.0,0.0032343897033788,0.0032343897033788
ketone,5,CNN central ROI,ketone_01_c0_wE05,E05,1,0.0,-0.0269044477978201,0.0
ketone,5,CNN central ROI,ketone_01_c0_wE06,E06,1,0.0,0.0001712619909564,0.0001712619909564
ketone,5,CNN central ROI,ketone_01_c0_wE09,E09,1,0.0,-0.0342503079892697,0.0
ketone,5,CNN central ROI,ketone_01_c0_wF03,F03,1,0.0,-0.0311811306500287,0.0
ketone,5,CNN central ROI,ketone_01_c0_wG10,G10,1,0.0,-0.0303511218505336,0.0
ketone,5,CNN central ROI,ketone_01_c0_wH03,H03,1,0.0,-0.000902345115096,0.0
ketone,5,CNN central ROI,ketone_01_c0_wH08,H08,1,0.0,0.3104104426926055,0.3104104426926055
ketone,5,CNN central ROI,ketone_01_c0_wH11,H11,1,0.0,0.0119853765505335,0.0119853765505335
ketone,5,CNN central ROI,ketone_02_c0.01_wA05,A05,2,0.01,0.0760396319214793,0.0760396319214793
ketone,5,CNN central ROI,ketone_02_c0.01_wA09,A09,2,0.01,0.051702991501882,0.051702991501882
ketone,5,CNN central ROI,ketone_02_c0.01_wB02,B02,2,0.01,0.0195607192526305,0.0195607192526305
ketone,5,CNN central ROI,ketone_02_c0.01_wB05,B05,2,0.01,0.0202655007769831,0.0202655007769831
ketone,5,CNN central ROI,ketone_02_c0.01_wB09,B09,2,0.01,0.0341778275714355,0.0341778275714355
ketone,5,CNN central ROI,ketone_02_c0.01_wC11,C11,2,0.01,0.0683991549039699,0.0683991549039699
ketone,5,CNN central ROI,ketone_02_c0.01_wD01,D01,2,0.01,0.0290291918404568,0.0290291918404568
ketone,5,CNN central ROI,ketone_02_c0.01_wD04,D04,2,0.01,0.0087121251332829,0.0087121251332829
ketone,5,CNN central ROI,ketone_02_c0.01_wD06,D06,2,0.01,0.0866026836549951,0.0866026836549951
ketone,5,CNN central ROI,ketone_02_c0.01_wD08,D08,2,0.01,0.0684489634981089,0.0684489634981089
ketone,5,CNN central ROI,ketone_02_c0.01_wE01,E01,2,0.01,0.0567229718358541,0.0567229718358541
ketone,5,CNN central ROI,ketone_02_c0.01_wE05,E05,2,0.01,-0.0080747826710823,0.0
ketone,5,CNN central ROI,ketone_02_c0.01_wE06,E06,2,0.01,0.031959026108645,0.031959026108645
ketone,5,CNN central ROI,ketone_02_c0.01_wE09,E09,2,0.01,0.0371544456203531,0.0371544456203531
ketone,5,CNN central ROI,ketone_02_c0.01_wF03,F03,2,0.01,0.0423512767116527,0.0423512767116527
ketone,5,CNN central ROI,ketone_02_c0.01_wG10,G10,2,0.01,0.0340279984805644,0.0340279984805644
ketone,5,CNN central ROI,ketone_02_c0.01_wH03,H03,2,0.01,0.0274105133580593,0.0274105133580593
ketone,5,CNN central ROI,ketone_02_c0.01_wH08,H08,2,0.01,0.0810311790094049,0.0810311790094049
ketone,5,CNN central ROI,ketone_02_c0.01_wH11,H11,2,0.01,0.0521843401424053,0.0521843401424053
ketone,5,CNN central ROI,ketone_03_c0.05_wA05,A05,3,0.05,0.0713060005902481,0.0713060005902481
ketone,5,CNN central ROI,ketone_03_c0.05_wA09,A09,3,0.05,0.1353287979017381,0.1353287979017381
ketone,5,CNN central ROI,ketone_03_c0.05_wB02,B02,3,0.05,0.1174301703423641,0.1174301703423641
ketone,5,CNN central ROI,ketone_03_c0.05_wB05,B05,3,0.05,0.0813792342056944,0.0813792342056944
ketone,5,CNN central ROI,ketone_03_c0.05_wB09,B09,3,0.05,0.0972145357115132,0.0972145357115132
ketone,5,CNN central ROI,ketone_03_c0.05_wC11,C11,3,0.05,0.1141040855175654,0.1141040855175654
ketone,5,CNN central ROI,ketone_03_c0.05_wD01,D01,3,0.05,0.0921731800294489,0.0921731800294489
ketone,5,CNN central ROI,ketone_03_c0.05_wD04,D04,3,0.05,0.0893776474766308,0.0893776474766308
ketone,5,CNN central ROI,ketone_03_c0.05_wD06,D06,3,0.05,0.0956168292687535,0.0956168292687535
ketone,5,CNN central ROI,ketone_03_c0.05_wD08,D08,3,0.05,0.165907241618413,0.165907241618413
ketone,5,CNN central ROI,ketone_03_c0.05_wE01,E01,3,0.05,0.0309590227955509,0.0309590227955509
ketone,5,CNN central ROI,ketone_03_c0.05_wE05,E05,3,0.05,0.0625364615541834,0.0625364615541834
ketone,5,CNN central ROI,ketone_03_c0.05_wE06,E06,3,0.05,0.0571345481137379,0.0571345481137379
ketone,5,CNN central ROI,ketone_03_c0.05_wE09,E09,3,0.05,0.0452228329081565,0.0452228329081565
ketone,5,CNN central ROI,ketone_03_c0.05_wF03,F03,3,0.05,0.0575850436574874,0.0575850436574874
ketone,5,CNN central ROI,ketone_03_c0.05_wG10,G10,3,0.05,0.0415684550013417,0.0415684550013417
ketone,5,CNN central ROI,ketone_03_c0.05_wH03,H03,3,0.05,0.28520245435692,0.28520245435692
ketone,5,CNN central ROI,ketone_03_c0.05_wH08,H08,3,0.05,0.240918581082985,0.240918581082985
ketone,5,CNN central ROI,ketone_03_c0.05_wH11,H11,3,0.05,0.0802064132198192,0.0802064132198192
ketone,5,CNN central ROI,ketone_04_c0.1_wA05,A05,4,0.1,0.1861396135501283,0.1861396135501283
ketone,5,CNN central ROI,ketone_04_c0.1_wA09,A09,4,0.1,0.1624605675656993,0.1624605675656993
ketone,5,CNN central ROI,ketone_04_c0.1_wB02,B02,4,0.1,0.134233412139139,0.134233412139139
ketone,5,CNN central ROI,ketone_04_c0.1_wB05,B05,4,0.1,0.1200534901850831,0.1200534901850831
ketone,5,CNN central ROI,ketone_04_c0.1_wB09,B09,4,0.1,0.177602985146575,0.177602985146575
ketone,5,CNN central ROI,ketone_04_c0.1_wC11,C11,4,0.1,0.2181772272554198,0.2181772272554198
ketone,5,CNN central ROI,ketone_04_c0.1_wD01,D01,4,0.1,0.1099610994180448,0.1099610994180448
ketone,5,CNN central ROI,ketone_04_c0.1_wD04,D04,4,0.1,0.116185560451576,0.116185560451576
ketone,5,CNN central ROI,ketone_04_c0.1_wD06,D06,4,0.1,0.1492776241113282,0.1492776241113282
ketone,5,CNN central ROI,ketone_04_c0.1_wD08,D08,4,0.1,0.1201779108433165,0.1201779108433165
ketone,5,CNN central ROI,ketone_04_c0.1_wE01,E01,4,0.1,0.1175757646944621,0.1175757646944621
ketone,5,CNN central ROI,ketone_04_c0.1_wE05,E05,4,0.1,0.1683561305545327,0.1683561305545327
ketone,5,CNN central ROI,ketone_04_c0.1_wE06,E06,4,0.1,0.1064464678907368,0.1064464678907368
ketone,5,CNN central ROI,ketone_04_c0.1_wE09,E09,4,0.1,0.1429430598697008,0.1429430598697008
ketone,5,CNN central ROI,ketone_04_c0.1_wF03,F03,4,0.1,0.0565884684662569,0.0565884684662569
ketone,5,CNN central ROI,ketone_04_c0.1_wG10,G10,4,0.1,0.1968291024841502,0.1968291024841502
ketone,5,CNN central ROI,ketone_04_c0.1_wH03,H03,4,0.1,0.126510458542671,0.126510458542671
ketone,5,CNN central ROI,ketone_04_c0.1_wH08,H08,4,0.1,0.1819534734459693,0.1819534734459693
ketone,5,CNN central ROI,ketone_04_c0.1_wH11,H11,4,0.1,0.1420408588568384,0.1420408588568384
ketone,5,CNN central ROI,ketone_05_c0.5_wA05,A05,5,0.5,0.4241928321656614,0.4241928321656614
ketone,5,CNN central ROI,ketone_05_c0.5_wA09,A09,5,0.5,0.3998317915845628,0.3998317915845628
ketone,5,CNN central ROI,ketone_05_c0.5_wB02,B02,5,0.5,0.2750118579811951,0.2750118579811951
ketone,5,CNN central ROI,ketone_05_c0.5_wB05,B05,5,0.5,0.4640558398148806,0.4640558398148806
ketone,5,CNN central ROI,ketone_05_c0.5_wB09,B09,5,0.5,0.4286894189527219,0.4286894189527219
ketone,5,CNN central ROI,ketone_05_c0.5_wC11,C11,5,0.5,0.3663416624801547,0.3663416624801547
ketone,5,CNN central ROI,ketone_05_c0.5_wD01,D01,5,0.5,0.3870146488984824,0.3870146488984824
ketone,5,CNN central ROI,ketone_05_c0.5_wD04,D04,5,0.5,0.500475299051909,0.500475299051909
ketone,5,CNN central ROI,ketone_05_c0.5_wD06,D06,5,0.5,0.5258535843825347,0.5258535843825347
ketone,5,CNN central ROI,ketone_05_c0.5_wD08,D08,5,0.5,0.4526623759734152,0.4526623759734152
ketone,5,CNN central ROI,ketone_05_c0.5_wE01,E01,5,0.5,0.515365548021568,0.515365548021568
ketone,5,CNN central ROI,ketone_05_c0.5_wE05,E05,5,0.5,0.5363611812035478,0.5363611812035478
ketone,5,CNN central ROI,ketone_05_c0.5_wE06,E06,5,0.5,0.4645098643076073,0.4645098643076073
ketone,5,CNN central ROI,ketone_05_c0.5_wE09,E09,5,0.5,0.4545180989999831,0.4545180989999831
ketone,5,CNN central ROI,ketone_05_c0.5_wF03,F03,5,0.5,0.5191443465866161,0.5191443465866161
ketone,5,CNN central ROI,ketone_05_c0.5_wG10,G10,5,0.5,0.3775203645695644,0.3775203645695644
ketone,5,CNN central ROI,ketone_05_c0.5_wH03,H03,5,0.5,0.3555646556114922,0.3555646556114922
ketone,5,CNN central ROI,ketone_05_c0.5_wH08,H08,5,0.5,0.3007048247334951,0.3007048247334951
ketone,5,CNN central ROI,ketone_05_c0.5_wH11,H11,5,0.5,0.278323827010084,0.278323827010084
ketone,5,CNN central ROI,ketone_06_c1_wA05,A05,6,1.0,0.9394098042968422,0.9394098042968422
ketone,5,CNN central ROI,ketone_06_c1_wA09,A09,6,1.0,1.1576210535646791,1.1576210535646791
ketone,5,CNN central ROI,ketone_06_c1_wB02,B02,6,1.0,0.8549845397129243,0.8549845397129243
ketone,5,CNN central ROI,ketone_06_c1_wB05,B05,6,1.0,1.142508884117896,1.142508884117896
ketone,5,CNN central ROI,ketone_06_c1_wB09,B09,6,1.0,1.1440533538446531,1.1440533538446531
ketone,5,CNN central ROI,ketone_06_c1_wC11,C11,6,1.0,1.3165631006207583,1.3165631006207583
ketone,5,CNN central ROI,ketone_06_c1_wD01,D01,6,1.0,0.9338184367098644,0.9338184367098644
ketone,5,CNN central ROI,ketone_06_c1_wD04,D04,6,1.0,0.8907978263427412,0.8907978263427412
ketone,5,CNN central ROI,ketone_06_c1_wD06,D06,6,1.0,0.875714291796232,0.875714291796232
ketone,5,CNN central ROI,ketone_06_c1_wD08,D08,6,1.0,1.0480615052651476,1.0480615052651476
ketone,5,CNN central ROI,ketone_06_c1_wE01,E01,6,1.0,0.9206609016881312,0.9206609016881312
ketone,5,CNN central ROI,ketone_06_c1_wE05,E05,6,1.0,0.9594079548435688,0.9594079548435688
ketone,5,CNN central ROI,ketone_06_c1_wE06,E06,6,1.0,1.1206520865583058,1.1206520865583058
ketone,5,CNN central ROI,ketone_06_c1_wE09,E09,6,1.0,1.2539893905865211,1.2539893905865211
ketone,5,CNN central ROI,ketone_06_c1_wF03,F03,6,1.0,1.1738719644329274,1.1738719644329274
ketone,5,CNN central ROI,ketone_06_c1_wG10,G10,6,1.0,0.9383854008222468,0.9383854008222468
ketone,5,CNN central ROI,ketone_06_c1_wH03,H03,6,1.0,0.9599374988444128,0.9599374988444128
ketone,5,CNN central ROI,ketone_06_c1_wH08,H08,6,1.0,0.9705849428720464,0.9705849428720464
ketone,5,CNN central ROI,ketone_06_c1_wH11,H11,6,1.0,0.8710715056943916,0.8710715056943916
ketone,5,CNN central ROI,ketone_07_c5_wA05,A05,7,5.0,4.659856189731807,4.659856189731807
ketone,5,CNN central ROI,ketone_07_c5_wA09,A09,7,5.0,4.846732993584887,4.846732993584887
ketone,5,CNN central ROI,ketone_07_c5_wB02,B02,7,5.0,4.658886837861259,4.658886837861259
ketone,5,CNN central ROI,ketone_07_c5_wB05,B05,7,5.0,5.826373262808176,5.826373262808176
ketone,5,CNN central ROI,ketone_07_c5_wB09,B09,7,5.0,5.845175906268459,5.845175906268459
ketone,5,CNN central ROI,ketone_07_c5_wC11,C11,7,5.0,4.805991176813169,4.805991176813169
ketone,5,CNN central ROI,ketone_07_c5_wD01,D01,7,5.0,4.831172345136626,4.831172345136626
ketone,5,CNN central ROI,ketone_07_c5_wD04,D04,7,5.0,5.266308289702238,5.266308289702238
ketone,5,CNN central ROI,ketone_07_c5_wD06,D06,7,5.0,5.355928469662295,5.355928469662295
ketone,5,CNN central ROI,ketone_07_c5_wD08,D08,7,5.0,4.998129139456052,4.998129139456052
ketone,5,CNN central ROI,ketone_07_c5_wE01,E01,7,5.0,4.551084706152495,4.551084706152495
ketone,5,CNN central ROI,ketone_07_c5_wE05,E05,7,5.0,5.163087943691561,5.163087943691561
ketone,5,CNN central ROI,ketone_07_c5_wE06,E06,7,5.0,5.28666629221755,5.28666629221755
ketone,5,CNN central ROI,ketone_07_c5_wE09,E09,7,5.0,4.946747239035997,4.946747239035997
ketone,5,CNN central ROI,ketone_07_c5_wF03,F03,7,5.0,4.6442001588340425,4.6442001588340425
ketone,5,CNN central ROI,ketone_07_c5_wG10,G10,7,5.0,5.337251255131384,5.337251255131384
ketone,5,CNN central ROI,ketone_07_c5_wH03,H03,7,5.0,4.58442520782026,4.58442520782026
ketone,5,CNN central ROI,ketone_07_c5_wH08,H08,7,5.0,5.152920739206201,5.152920739206201
ketone,5,CNN central ROI,ketone_07_c5_wH11,H11,7,5.0,4.65370412256587,4.65370412256587
ketone,5,CNN central ROI,ketone_08_c10_wA05,A05,8,10.0,10.247309466503594,10.0
ketone,5,CNN central ROI,ketone_08_c10_wA09,A09,8,10.0,8.52738362305543,8.52738362305543
ketone,5,CNN central ROI,ketone_08_c10_wB02,B02,8,10.0,10.191074555449758,10.0
ketone,5,CNN central ROI,ketone_08_c10_wB05,B05,8,10.0,10.849400592154812,10.0
ketone,5,CNN central ROI,ketone_08_c10_wB09,B09,8,10.0,9.758122122857165,9.758122122857165
ketone,5,CNN central ROI,ketone_08_c10_wC11,C11,8,10.0,9.68611704461292,9.68611704461292
ketone,5,CNN central ROI,ketone_08_c10_wD01,D01,8,10.0,10.08170778859151,10.0
ketone,5,CNN central ROI,ketone_08_c10_wD04,D04,8,10.0,9.792003259508272,9.792003259508272
ketone,5,CNN central ROI,ketone_08_c10_wD06,D06,8,10.0,9.816509894441468,9.816509894441468
ketone,5,CNN central ROI,ketone_08_c10_wD08,D08,8,10.0,10.09628658260713,10.0
ketone,5,CNN central ROI,ketone_08_c10_wE01,E01,8,10.0,10.163104307508757,10.0
ketone,5,CNN central ROI,ketone_08_c10_wE05,E05,8,10.0,10.18395051490832,10.0
ketone,5,CNN central ROI,ketone_08_c10_wE06,E06,8,10.0,8.714858331692403,8.714858331692403
ketone,5,CNN central ROI,ketone_08_c10_wE09,E09,8,10.0,10.361812769839188,10.0
ketone,5,CNN central ROI,ketone_08_c10_wF03,F03,8,10.0,10.089752179026265,10.0
ketone,5,CNN central ROI,ketone_08_c10_wG10,G10,8,10.0,9.869688534026611,9.869688534026611
ketone,5,CNN central ROI,ketone_08_c10_wH03,H03,8,10.0,10.101153709036822,10.0
ketone,5,CNN central ROI,ketone_08_c10_wH08,H08,8,10.0,9.801482621424372,9.801482621424372
ketone,5,CNN central ROI,ketone_08_c10_wH11,H11,8,10.0,9.989455819311187,9.989455819311187
glucose,1,CNN full patch,glucose_01_c0_wA06,A06,1,0.0,0.2659093615352557,0.2659093615352557
glucose,1,CNN full patch,glucose_01_c0_wA11,A11,1,0.0,0.5862118483448393,0.5862118483448393
glucose,1,CNN full patch,glucose_01_c0_wA12,A12,1,0.0,0.4492747183602832,0.4492747183602832
glucose,1,CNN full patch,glucose_01_c0_wC01,C01,1,0.0,0.2421909786518368,0.2421909786518368
glucose,1,CNN full patch,glucose_01_c0_wC03,C03,1,0.0,0.1738484312553723,0.1738484312553723
glucose,1,CNN full patch,glucose_01_c0_wC09,C09,1,0.0,0.2823175293819187,0.2823175293819187
glucose,1,CNN full patch,glucose_01_c0_wD02,D02,1,0.0,0.0211059474527832,0.0211059474527832
glucose,1,CNN full patch,glucose_01_c0_wD03,D03,1,0.0,-0.0759706025884305,0.0
glucose,1,CNN full patch,glucose_01_c0_wE02,E02,1,0.0,-0.1058903252974206,0.0
glucose,1,CNN full patch,glucose_01_c0_wE03,E03,1,0.0,0.07874555964211,0.07874555964211
glucose,1,CNN full patch,glucose_01_c0_wE08,E08,1,0.0,0.1589516782387487,0.1589516782387487
glucose,1,CNN full patch,glucose_01_c0_wE10,E10,1,0.0,0.4386235439349963,0.4386235439349963
glucose,1,CNN full patch,glucose_01_c0_wE11,E11,1,0.0,0.2137424566269867,0.2137424566269867
glucose,1,CNN full patch,glucose_01_c0_wF01,F01,1,0.0,0.2454407594323377,0.2454407594323377
glucose,1,CNN full patch,glucose_01_c0_wF12,F12,1,0.0,0.3030214439623275,0.3030214439623275
glucose,1,CNN full patch,glucose_01_c0_wG06,G06,1,0.0,-0.0186037299034707,0.0
glucose,1,CNN full patch,glucose_01_c0_wG09,G09,1,0.0,0.1562449875078186,0.1562449875078186
glucose,1,CNN full patch,glucose_01_c0_wG11,G11,1,0.0,0.1948477804521893,0.1948477804521893
glucose,1,CNN full patch,glucose_01_c0_wG12,G12,1,0.0,0.1652107512440759,0.1652107512440759
glucose,1,CNN full patch,glucose_01_c0_wH05,H05,1,0.0,0.1920224380828639,0.1920224380828639
glucose,1,CNN full patch,glucose_02_c0.01_wA06,A06,2,0.01,-0.0150959415334366,0.0
glucose,1,CNN full patch,glucose_02_c0.01_wA11,A11,2,0.01,-0.0635153658357179,0.0
glucose,1,CNN full patch,glucose_02_c0.01_wA12,A12,2,0.01,-0.4230919431142883,0.0
glucose,1,CNN full patch,glucose_02_c0.01_wC01,C01,2,0.01,-0.477091577859932,0.0
glucose,1,CNN full patch,glucose_02_c0.01_wC03,C03,2,0.01,0.0632965588991263,0.0632965588991263
glucose,1,CNN full patch,glucose_02_c0.01_wC09,C09,2,0.01,0.0482234210643506,0.0482234210643506
glucose,1,CNN full patch,glucose_02_c0.01_wD02,D02,2,0.01,-0.0301563382526808,0.0
glucose,1,CNN full patch,glucose_02_c0.01_wD03,D03,2,0.01,0.0205445420496337,0.0205445420496337
glucose,1,CNN full patch,glucose_02_c0.01_wE02,E02,2,0.01,-0.2134066268780552,0.0
glucose,1,CNN full patch,glucose_02_c0.01_wE03,E03,2,0.01,-0.3594898870156244,0.0
glucose,1,CNN full patch,glucose_02_c0.01_wE08,E08,2,0.01,-0.1413377013482026,0.0
glucose,1,CNN full patch,glucose_02_c0.01_wE10,E10,2,0.01,0.1666919059247265,0.1666919059247265
glucose,1,CNN full patch,glucose_02_c0.01_wE11,E11,2,0.01,-0.0944854342564163,0.0
glucose,1,CNN full patch,glucose_02_c0.01_wF01,F01,2,0.01,-0.0243217036585283,0.0
glucose,1,CNN full patch,glucose_02_c0.01_wF12,F12,2,0.01,0.0222526478507054,0.0222526478507054
glucose,1,CNN full patch,glucose_02_c0.01_wG06,G06,2,0.01,0.0317117316539858,0.0317117316539858
glucose,1,CNN full patch,glucose_02_c0.01_wG09,G09,2,0.01,0.0327604847262525,0.0327604847262525
glucose,1,CNN full patch,glucose_02_c0.01_wG11,G11,2,0.01,-0.2015995943780568,0.0
glucose,1,CNN full patch,glucose_02_c0.01_wG12,G12,2,0.01,-0.0097562196457499,0.0
glucose,1,CNN full patch,glucose_02_c0.01_wH05,H05,2,0.01,0.0414212580094508,0.0414212580094508
glucose,1,CNN full patch,glucose_03_c0.05_wA06,A06,3,0.05,-0.2865836312993721,0.0
glucose,1,CNN full patch,glucose_03_c0.05_wA11,A11,3,0.05,0.3091531058123298,0.3091531058123298
glucose,1,CNN full patch,glucose_03_c0.05_wA12,A12,3,0.05,0.0577816466728675,0.0577816466728675
glucose,1,CNN full patch,glucose_03_c0.05_wC01,C01,3,0.05,-0.1475318742962867,0.0
glucose,1,CNN full patch,glucose_03_c0.05_wC03,C03,3,0.05,-0.1325347849948448,0.0
glucose,1,CNN full patch,glucose_03_c0.05_wC09,C09,3,0.05,-0.0659584747390695,0.0
glucose,1,CNN full patch,glucose_03_c0.05_wD02,D02,3,0.05,-0.3145587412502193,0.0
glucose,1,CNN full patch,glucose_03_c0.05_wD03,D03,3,0.05,-0.0476932893035479,0.0
glucose,1,CNN full patch,glucose_03_c0.05_wE02,E02,3,0.05,0.1375382427871256,0.1375382427871256
glucose,1,CNN full patch,glucose_03_c0.05_wE03,E03,3,0.05,-0.1840069009467342,0.0
glucose,1,CNN full patch,glucose_03_c0.05_wE08,E08,3,0.05,0.2278520475996197,0.2278520475996197
glucose,1,CNN full patch,glucose_03_c0.05_wE10,E10,3,0.05,-0.2312848009292771,0.0
glucose,1,CNN full patch,glucose_03_c0.05_wE11,E11,3,0.05,0.1407533836597734,0.1407533836597734
glucose,1,CNN full patch,glucose_03_c0.05_wF01,F01,3,0.05,-0.2380045448930756,0.0
glucose,1,CNN full patch,glucose_03_c0.05_wF12,F12,3,0.05,0.0800140969573117,0.0800140969573117
glucose,1,CNN full patch,glucose_03_c0.05_wG06,G06,3,0.05,-0.3407222238362921,0.0
glucose,1,CNN full patch,glucose_03_c0.05_wG09,G09,3,0.05,-0.1676341693276457,0.0
glucose,1,CNN full patch,glucose_03_c0.05_wG11,G11,3,0.05,0.2807583353686329,0.2807583353686329
glucose,1,CNN full patch,glucose_03_c0.05_wG12,G12,3,0.05,0.0898526271075432,0.0898526271075432
glucose,1,CNN full patch,glucose_03_c0.05_wH05,H05,3,0.05,-0.2797074105104409,0.0
glucose,1,CNN full patch,glucose_04_c0.1_wA06,A06,4,0.1,0.0287323014186888,0.0287323014186888
glucose,1,CNN full patch,glucose_04_c0.1_wA11,A11,4,0.1,0.1057244736222617,0.1057244736222617
glucose,1,CNN full patch,glucose_04_c0.1_wA12,A12,4,0.1,0.3001451371308716,0.3001451371308716
glucose,1,CNN full patch,glucose_04_c0.1_wC01,C01,4,0.1,-0.0175064013282364,0.0
glucose,1,CNN full patch,glucose_04_c0.1_wC03,C03,4,0.1,-0.1220663659454768,0.0
glucose,1,CNN full patch,glucose_04_c0.1_wC09,C09,4,0.1,-0.1566178823103809,0.0
glucose,1,CNN full patch,glucose_04_c0.1_wD02,D02,4,0.1,-0.4010987869059379,0.0
glucose,1,CNN full patch,glucose_04_c0.1_wD03,D03,4,0.1,0.0183685984126036,0.0183685984126036
glucose,1,CNN full patch,glucose_04_c0.1_wE02,E02,4,0.1,-0.0299126644181217,0.0
glucose,1,CNN full patch,glucose_04_c0.1_wE03,E03,4,0.1,-0.3429395760988027,0.0
glucose,1,CNN full patch,glucose_04_c0.1_wE08,E08,4,0.1,0.1337744376268608,0.1337744376268608
glucose,1,CNN full patch,glucose_04_c0.1_wE10,E10,4,0.1,-0.0500858319046306,0.0
glucose,1,CNN full patch,glucose_04_c0.1_wE11,E11,4,0.1,-0.0907638340413523,0.0
glucose,1,CNN full patch,glucose_04_c0.1_wF01,F01,4,0.1,-0.2088691971090535,0.0
glucose,1,CNN full patch,glucose_04_c0.1_wF12,F12,4,0.1,-0.2990802766775662,0.0
glucose,1,CNN full patch,glucose_04_c0.1_wG06,G06,4,0.1,0.2789335687284664,0.2789335687284664
glucose,1,CNN full patch,glucose_04_c0.1_wG09,G09,4,0.1,0.1859636394873121,0.1859636394873121
glucose,1,CNN full patch,glucose_04_c0.1_wG11,G11,4,0.1,0.0418245939480259,0.0418245939480259
glucose,1,CNN full patch,glucose_04_c0.1_wG12,G12,4,0.1,-0.1439858625796546,0.0
glucose,1,CNN full patch,glucose_04_c0.1_wH05,H05,4,0.1,0.0572413437423184,0.0572413437423184
glucose,1,CNN full patch,glucose_05_c0.5_wA06,A06,5,0.5,0.2210837281328537,0.2210837281328537
glucose,1,CNN full patch,glucose_05_c0.5_wA11,A11,5,0.5,0.5391593068432767,0.5391593068432767
glucose,1,CNN full patch,glucose_05_c0.5_wA12,A12,5,0.5,0.4457852453438269,0.4457852453438269
glucose,1,CNN full patch,glucose_05_c0.5_wC01,C01,5,0.5,0.5142018504743247,0.5142018504743247
glucose,1,CNN full patch,glucose_05_c0.5_wC03,C03,5,0.5,0.480501201731073,0.480501201731073
glucose,1,CNN full patch,glucose_05_c0.5_wC09,C09,5,0.5,0.3957648202429196,0.3957648202429196
glucose,1,CNN full patch,glucose_05_c0.5_wD02,D02,5,0.5,0.4817860636005511,0.4817860636005511
glucose,1,CNN full patch,glucose_05_c0.5_wD03,D03,5,0.5,-0.0022536933964252,0.0
glucose,1,CNN full patch,glucose_05_c0.5_wE02,E02,5,0.5,0.3552986391519246,0.3552986391519246
glucose,1,CNN full patch,glucose_05_c0.5_wE03,E03,5,0.5,0.2330782939270959,0.2330782939270959
glucose,1,CNN full patch,glucose_05_c0.5_wE08,E08,5,0.5,0.3747563133693132,0.3747563133693132
glucose,1,CNN full patch,glucose_05_c0.5_wE10,E10,5,0.5,0.6018193167122581,0.6018193167122581
glucose,1,CNN full patch,glucose_05_c0.5_wE11,E11,5,0.5,0.6329084349312133,0.6329084349312133
glucose,1,CNN full patch,glucose_05_c0.5_wF01,F01,5,0.5,0.4387421955733925,0.4387421955733925
glucose,1,CNN full patch,glucose_05_c0.5_wF12,F12,5,0.5,0.5249274807935045,0.5249274807935045
glucose,1,CNN full patch,glucose_05_c0.5_wG06,G06,5,0.5,0.2390546734315464,0.2390546734315464
glucose,1,CNN full patch,glucose_05_c0.5_wG09,G09,5,0.5,0.5102596696966053,0.5102596696966053
glucose,1,CNN full patch,glucose_05_c0.5_wG11,G11,5,0.5,0.5306016569639196,0.5306016569639196
glucose,1,CNN full patch,glucose_05_c0.5_wG12,G12,5,0.5,0.5322548167042571,0.5322548167042571
glucose,1,CNN full patch,glucose_05_c0.5_wH05,H05,5,0.5,0.1356712712017582,0.1356712712017582
glucose,1,CNN full patch,glucose_06_c1_wA06,A06,6,1.0,-0.0247501236683076,0.0
glucose,1,CNN full patch,glucose_06_c1_wA11,A11,6,1.0,0.2051712693123759,0.2051712693123759
glucose,1,CNN full patch,glucose_06_c1_wA12,A12,6,1.0,0.3757767970914916,0.3757767970914916
glucose,1,CNN full patch,glucose_06_c1_wC01,C01,6,1.0,0.5280307387453824,0.5280307387453824
glucose,1,CNN full patch,glucose_06_c1_wC03,C03,6,1.0,0.2389658837826793,0.2389658837826793
glucose,1,CNN full patch,glucose_06_c1_wC09,C09,6,1.0,0.2477982639657057,0.2477982639657057
glucose,1,CNN full patch,glucose_06_c1_wD02,D02,6,1.0,0.3161539506375632,0.3161539506375632
glucose,1,CNN full patch,glucose_06_c1_wD03,D03,6,1.0,0.2421033834825507,0.2421033834825507
glucose,1,CNN full patch,glucose_06_c1_wE02,E02,6,1.0,0.561703914458267,0.561703914458267
glucose,1,CNN full patch,glucose_06_c1_wE03,E03,6,1.0,0.393037027039389,0.393037027039389
glucose,1,CNN full patch,glucose_06_c1_wE08,E08,6,1.0,0.5404039545668553,0.5404039545668553
glucose,1,CNN full patch,glucose_06_c1_wE10,E10,6,1.0,0.5486960318193326,0.5486960318193326
glucose,1,CNN full patch,glucose_06_c1_wE11,E11,6,1.0,0.4081336563059281,0.4081336563059281
glucose,1,CNN full patch,glucose_06_c1_wF01,F01,6,1.0,0.7107904944227572,0.7107904944227572
glucose,1,CNN full patch,glucose_06_c1_wF12,F12,6,1.0,0.3285120363843417,0.3285120363843417
glucose,1,CNN full patch,glucose_06_c1_wG06,G06,6,1.0,0.1369071594084081,0.1369071594084081
glucose,1,CNN full patch,glucose_06_c1_wG09,G09,6,1.0,0.443736314702261,0.443736314702261
glucose,1,CNN full patch,glucose_06_c1_wG11,G11,6,1.0,0.8399109500281403,0.8399109500281403
glucose,1,CNN full patch,glucose_06_c1_wG12,G12,6,1.0,0.4587190702487289,0.4587190702487289
glucose,1,CNN full patch,glucose_06_c1_wH05,H05,6,1.0,0.4500845755163158,0.4500845755163158
glucose,1,CNN full patch,glucose_07_c2.5_wA06,A06,7,2.5,2.550353352241005,2.550353352241005
glucose,1,CNN full patch,glucose_07_c2.5_wA11,A11,7,2.5,2.225929711796457,2.225929711796457
glucose,1,CNN full patch,glucose_07_c2.5_wA12,A12,7,2.5,1.9155913745730584,1.9155913745730584
glucose,1,CNN full patch,glucose_07_c2.5_wC01,C01,7,2.5,2.5856681410582767,2.5856681410582767
glucose,1,CNN full patch,glucose_07_c2.5_wC03,C03,7,2.5,2.53292191355314,2.53292191355314
glucose,1,CNN full patch,glucose_07_c2.5_wC09,C09,7,2.5,2.233151933504068,2.233151933504068
glucose,1,CNN full patch,glucose_07_c2.5_wD02,D02,7,2.5,3.190484714706238,3.190484714706238
glucose,1,CNN full patch,glucose_07_c2.5_wD03,D03,7,2.5,2.8074461694943387,2.8074461694943387
glucose,1,CNN full patch,glucose_07_c2.5_wE02,E02,7,2.5,2.6459596969977297,2.6459596969977297
glucose,1,CNN full patch,glucose_07_c2.5_wE03,E03,7,2.5,3.1636344063609925,3.1636344063609925
glucose,1,CNN full patch,glucose_07_c2.5_wE08,E08,7,2.5,2.950239832865368,2.950239832865368
glucose,1,CNN full patch,glucose_07_c2.5_wE10,E10,7,2.5,2.453030938486,2.453030938486
glucose,1,CNN full patch,glucose_07_c2.5_wE11,E11,7,2.5,2.402465631616149,2.402465631616149
glucose,1,CNN full patch,glucose_07_c2.5_wF01,F01,7,2.5,2.469366442158142,2.469366442158142
glucose,1,CNN full patch,glucose_07_c2.5_wF12,F12,7,2.5,2.4277852143781256,2.4277852143781256
glucose,1,CNN full patch,glucose_07_c2.5_wG06,G06,7,2.5,2.6134855797044088,2.6134855797044088
glucose,1,CNN full patch,glucose_07_c2.5_wG09,G09,7,2.5,2.5220045692611825,2.5220045692611825
glucose,1,CNN full patch,glucose_07_c2.5_wG11,G11,7,2.5,2.3353181610406444,2.3353181610406444
glucose,1,CNN full patch,glucose_07_c2.5_wG12,G12,7,2.5,1.928313776592093,1.928313776592093
glucose,1,CNN full patch,glucose_07_c2.5_wH05,H05,7,2.5,2.3164963481202983,2.3164963481202983
glucose,1,CNN full patch,glucose_08_c5_wA06,A06,8,5.0,4.163325075920852,4.163325075920852
glucose,1,CNN full patch,glucose_08_c5_wA11,A11,8,5.0,4.104169818452969,4.104169818452969
glucose,1,CNN full patch,glucose_08_c5_wA12,A12,8,5.0,4.235805101506557,4.235805101506557
glucose,1,CNN full patch,glucose_08_c5_wC01,C01,8,5.0,3.889663881247032,3.889663881247032
glucose,1,CNN full patch,glucose_08_c5_wC03,C03,8,5.0,4.240995264596686,4.240995264596686
glucose,1,CNN full patch,glucose_08_c5_wC09,C09,8,5.0,5.328955685785763,5.328955685785763
glucose,1,CNN full patch,glucose_08_c5_wD02,D02,8,5.0,4.166249759175345,4.166249759175345
glucose,1,CNN full patch,glucose_08_c5_wD03,D03,8,5.0,4.465643179536454,4.465643179536454
glucose,1,CNN full patch,glucose_08_c5_wE02,E02,8,5.0,4.63284098149545,4.63284098149545
glucose,1,CNN full patch,glucose_08_c5_wE03,E03,8,5.0,4.70634649268658,4.70634649268658
glucose,1,CNN full patch,glucose_08_c5_wE08,E08,8,5.0,5.4578920919956815,5.4578920919956815
glucose,1,CNN full patch,glucose_08_c5_wE10,E10,8,5.0,5.435104308245958,5.435104308245958
glucose,1,CNN full patch,glucose_08_c5_wE11,E11,8,5.0,4.945585572950124,4.945585572950124
glucose,1,CNN full patch,glucose_08_c5_wF01,F01,8,5.0,4.061042934094919,4.061042934094919
glucose,1,CNN full patch,glucose_08_c5_wF12,F12,8,5.0,4.290515799992875,4.290515799992875
glucose,1,CNN full patch,glucose_08_c5_wG06,G06,8,5.0,4.933371123372981,4.933371123372981
glucose,1,CNN full patch,glucose_08_c5_wG09,G09,8,5.0,4.954829849508723,4.954829849508723
glucose,1,CNN full patch,glucose_08_c5_wG11,G11,8,5.0,4.952033025339398,4.952033025339398
glucose,1,CNN full patch,glucose_08_c5_wG12,G12,8,5.0,5.008604125773386,5.008604125773386
glucose,1,CNN full patch,glucose_08_c5_wH05,H05,8,5.0,4.368740376504318,4.368740376504318
glucose,1,CNN full patch,glucose_09_c10_wA06,A06,9,10.0,10.069544781602222,10.069544781602222
glucose,1,CNN full patch,glucose_09_c10_wA11,A11,9,10.0,9.317288218092411,9.317288218092411
glucose,1,CNN full patch,glucose_09_c10_wA12,A12,9,10.0,9.549588218079066,9.549588218079066
glucose,1,CNN full patch,glucose_09_c10_wC01,C01,9,10.0,8.532448640567466,8.532448640567466
glucose,1,CNN full patch,glucose_09_c10_wC03,C03,9,10.0,9.731202069678238,9.731202069678238
glucose,1,CNN full patch,glucose_09_c10_wC09,C09,9,10.0,12.167682009514314,12.167682009514314
glucose,1,CNN full patch,glucose_09_c10_wD02,D02,9,10.0,9.149322490187682,9.149322490187682
glucose,1,CNN full patch,glucose_09_c10_wD03,D03,9,10.0,9.732395752939686,9.732395752939686
glucose,1,CNN full patch,glucose_09_c10_wE02,E02,9,10.0,9.57948166223727,9.57948166223727
glucose,1,CNN full patch,glucose_09_c10_wE03,E03,9,10.0,9.263019427281144,9.263019427281144
glucose,1,CNN full patch,glucose_09_c10_wE08,E08,9,10.0,9.746855326429602,9.746855326429602
glucose,1,CNN full patch,glucose_09_c10_wE10,E10,9,10.0,11.208838609801823,11.208838609801823
glucose,1,CNN full patch,glucose_09_c10_wE11,E11,9,10.0,10.868695020829296,10.868695020829296
glucose,1,CNN full patch,glucose_09_c10_wF01,F01,9,10.0,8.388327512221897,8.388327512221897
glucose,1,CNN full patch,glucose_09_c10_wF12,F12,9,10.0,9.547517388645176,9.547517388645176
glucose,1,CNN full patch,glucose_09_c10_wG06,G06,9,10.0,10.554090201621891,10.554090201621891
glucose,1,CNN full patch,glucose_09_c10_wG09,G09,9,10.0,12.984050671903946,12.984050671903946
glucose,1,CNN full patch,glucose_09_c10_wG11,G11,9,10.0,11.817447058880209,11.817447058880209
glucose,1,CNN full patch,glucose_09_c10_wG12,G12,9,10.0,9.457409830640366,9.457409830640366
glucose,1,CNN full patch,glucose_09_c10_wH05,H05,9,10.0,9.9783446729405,9.9783446729405
glucose,1,CNN full patch,glucose_10_c15_wA06,A06,10,15.0,15.846107361956385,15.846107361956385
glucose,1,CNN full patch,glucose_10_c15_wA11,A11,10,15.0,14.546996943714648,14.546996943714648
glucose,1,CNN full patch,glucose_10_c15_wA12,A12,10,15.0,19.02213619519807,19.02213619519807
glucose,1,CNN full patch,glucose_10_c15_wC01,C01,10,15.0,14.923704747146347,14.923704747146347
glucose,1,CNN full patch,glucose_10_c15_wC03,C03,10,15.0,15.369408080145554,15.369408080145554
glucose,1,CNN full patch,glucose_10_c15_wC09,C09,10,15.0,16.236245097479035,16.236245097479035
glucose,1,CNN full patch,glucose_10_c15_wD02,D02,10,15.0,12.467800578521157,12.467800578521157
glucose,1,CNN full patch,glucose_10_c15_wD03,D03,10,15.0,14.39059895423382,14.39059895423382
glucose,1,CNN full patch,glucose_10_c15_wE02,E02,10,15.0,13.845873263955676,13.845873263955676
glucose,1,CNN full patch,glucose_10_c15_wE03,E03,10,15.0,13.995399014246177,13.995399014246177
glucose,1,CNN full patch,glucose_10_c15_wE08,E08,10,15.0,14.880980601487083,14.880980601487083
glucose,1,CNN full patch,glucose_10_c15_wE10,E10,10,15.0,15.216869056031625,15.216869056031625
glucose,1,CNN full patch,glucose_10_c15_wE11,E11,10,15.0,17.336266826008952,17.336266826008952
glucose,1,CNN full patch,glucose_10_c15_wF01,F01,10,15.0,13.641934987144309,13.641934987144309
glucose,1,CNN full patch,glucose_10_c15_wF12,F12,10,15.0,18.449515425101016,18.449515425101016
glucose,1,CNN full patch,glucose_10_c15_wG06,G06,10,15.0,14.4218576885533,14.4218576885533
glucose,1,CNN full patch,glucose_10_c15_wG09,G09,10,15.0,16.32757420993552,16.32757420993552
glucose,1,CNN full patch,glucose_10_c15_wG11,G11,10,15.0,16.155518185785006,16.155518185785006
glucose,1,CNN full patch,glucose_10_c15_wG12,G12,10,15.0,17.851539835094343,17.851539835094343
glucose,1,CNN full patch,glucose_10_c15_wH05,H05,10,15.0,14.931695815544373,14.931695815544373
glucose,1,CNN full patch,glucose_11_c20_wA06,A06,11,20.0,19.786271858142605,19.786271858142605
glucose,1,CNN full patch,glucose_11_c20_wA11,A11,11,20.0,18.197633126860676,18.197633126860676
glucose,1,CNN full patch,glucose_11_c20_wA12,A12,11,20.0,16.770038910630316,16.770038910630316
glucose,1,CNN full patch,glucose_11_c20_wC01,C01,11,20.0,19.6220261378135,19.6220261378135
glucose,1,CNN full patch,glucose_11_c20_wC03,C03,11,20.0,19.754642038833243,19.754642038833243
glucose,1,CNN full patch,glucose_11_c20_wC09,C09,11,20.0,19.70876765235857,19.70876765235857
glucose,1,CNN full patch,glucose_11_c20_wD02,D02,11,20.0,19.69281418307248,19.69281418307248
glucose,1,CNN full patch,glucose_11_c20_wD03,D03,11,20.0,18.45730024669136,18.45730024669136
glucose,1,CNN full patch,glucose_11_c20_wE02,E02,11,20.0,18.055187455207623,18.055187455207623
glucose,1,CNN full patch,glucose_11_c20_wE03,E03,11,20.0,18.72877360270232,18.72877360270232
glucose,1,CNN full patch,glucose_11_c20_wE08,E08,11,20.0,19.95821321225333,19.95821321225333
glucose,1,CNN full patch,glucose_11_c20_wE10,E10,11,20.0,20.61729997027207,20.0
glucose,1,CNN full patch,glucose_11_c20_wE11,E11,11,20.0,22.29583682747225,20.0
glucose,1,CNN full patch,glucose_11_c20_wF01,F01,11,20.0,17.38791453045927,17.38791453045927
glucose,1,CNN full patch,glucose_11_c20_wF12,F12,11,20.0,20.59850204694335,20.0
glucose,1,CNN full patch,glucose_11_c20_wG06,G06,11,20.0,20.13851751607168,20.0
glucose,1,CNN full patch,glucose_11_c20_wG09,G09,11,20.0,19.686064577119147,19.686064577119147
glucose,1,CNN full patch,glucose_11_c20_wG11,G11,11,20.0,21.0022249969025,20.0
glucose,1,CNN full patch,glucose_11_c20_wG12,G12,11,20.0,20.72217846277762,20.0
glucose,1,CNN full patch,glucose_11_c20_wH05,H05,11,20.0,18.99451664200255,18.99451664200255
glucose,2,CNN full patch,glucose_01_c0_wA04,A04,1,0.0,0.3143589427929654,0.3143589427929654
glucose,2,CNN full patch,glucose_01_c0_wB04,B04,1,0.0,0.3353592772200973,0.3353592772200973
glucose,2,CNN full patch,glucose_01_c0_wB08,B08,1,0.0,0.0570287422300994,0.0570287422300994
glucose,2,CNN full patch,glucose_01_c0_wB10,B10,1,0.0,0.1101282275150591,0.1101282275150591
glucose,2,CNN full patch,glucose_01_c0_wB12,B12,1,0.0,0.0085080772095394,0.0085080772095394
glucose,2,CNN full patch,glucose_01_c0_wC04,C04,1,0.0,0.1379591560576265,0.1379591560576265
glucose,2,CNN full patch,glucose_01_c0_wC08,C08,1,0.0,0.0058966591346478,0.0058966591346478
glucose,2,CNN full patch,glucose_01_c0_wC12,C12,1,0.0,0.1730864104724845,0.1730864104724845
glucose,2,CNN full patch,glucose_01_c0_wD07,D07,1,0.0,0.2512161190949065,0.2512161190949065
glucose,2,CNN full patch,glucose_01_c0_wE07,E07,1,0.0,0.1984326085733832,0.1984326085733832
glucose,2,CNN full patch,glucose_01_c0_wF02,F02,1,0.0,0.2438808559591654,0.2438808559591654
glucose,2,CNN full patch,glucose_01_c0_wF05,F05,1,0.0,0.1144494227421171,0.1144494227421171
glucose,2,CNN full patch,glucose_01_c0_wF06,F06,1,0.0,0.0491865801415741,0.0491865801415741
glucose,2,CNN full patch,glucose_01_c0_wF10,F10,1,0.0,0.0796754136174483,0.0796754136174483
glucose,2,CNN full patch,glucose_01_c0_wG03,G03,1,0.0,0.1615170938078563,0.1615170938078563
glucose,2,CNN full patch,glucose_01_c0_wH01,H01,1,0.0,0.2973170463240527,0.2973170463240527
glucose,2,CNN full patch,glucose_01_c0_wH02,H02,1,0.0,0.1326494735119362,0.1326494735119362
glucose,2,CNN full patch,glucose_01_c0_wH04,H04,1,0.0,0.0245188361031746,0.0245188361031746
glucose,2,CNN full patch,glucose_01_c0_wH06,H06,1,0.0,-0.0136192461147544,0.0
glucose,2,CNN full patch,glucose_02_c0.01_wA04,A04,2,0.01,-0.0690428407122168,0.0
glucose,2,CNN full patch,glucose_02_c0.01_wB04,B04,2,0.01,-0.0267037760748508,0.0
glucose,2,CNN full patch,glucose_02_c0.01_wB08,B08,2,0.01,-0.1278534529124757,0.0
glucose,2,CNN full patch,glucose_02_c0.01_wB10,B10,2,0.01,-0.0061768522591469,0.0
glucose,2,CNN full patch,glucose_02_c0.01_wB12,B12,2,0.01,-0.0266934685256787,0.0
glucose,2,CNN full patch,glucose_02_c0.01_wC04,C04,2,0.01,-0.0118836744410563,0.0
glucose,2,CNN full patch,glucose_02_c0.01_wC08,C08,2,0.01,0.0779414323391969,0.0779414323391969
glucose,2,CNN full patch,glucose_02_c0.01_wC12,C12,2,0.01,-0.0032852392591606,0.0
glucose,2,CNN full patch,glucose_02_c0.01_wD07,D07,2,0.01,0.0318783408915257,0.0318783408915257
glucose,2,CNN full patch,glucose_02_c0.01_wE07,E07,2,0.01,0.1226423588374829,0.1226423588374829
glucose,2,CNN full patch,glucose_02_c0.01_wF02,F02,2,0.01,-0.0835361726857196,0.0
glucose,2,CNN full patch,glucose_02_c0.01_wF05,F05,2,0.01,0.011242986566488,0.011242986566488
glucose,2,CNN full patch,glucose_02_c0.01_wF06,F06,2,0.01,0.1790405301181689,0.1790405301181689
glucose,2,CNN full patch,glucose_02_c0.01_wF10,F10,2,0.01,-0.0544271684659821,0.0
glucose,2,CNN full patch,glucose_02_c0.01_wG03,G03,2,0.01,0.0200526485245838,0.0200526485245838
glucose,2,CNN full patch,glucose_02_c0.01_wH01,H01,2,0.01,-0.0088011376192595,0.0
glucose,2,CNN full patch,glucose_02_c0.01_wH02,H02,2,0.01,0.0870189556037927,0.0870189556037927
glucose,2,CNN full patch,glucose_02_c0.01_wH04,H04,2,0.01,-0.039457656899821,0.0
glucose,2,CNN full patch,glucose_02_c0.01_wH06,H06,2,0.01,-0.0206663337654868,0.0
glucose,2,CNN full patch,glucose_03_c0.05_wA04,A04,3,0.05,0.0091323300734161,0.0091323300734161
glucose,2,CNN full patch,glucose_03_c0.05_wB04,B04,3,0.05,-0.0030489817596551,0.0
glucose,2,CNN full patch,glucose_03_c0.05_wB08,B08,3,0.05,0.0166960948582039,0.0166960948582039
glucose,2,CNN full patch,glucose_03_c0.05_wB10,B10,3,0.05,0.0004873915722113,0.0004873915722113
glucose,2,CNN full patch,glucose_03_c0.05_wB12,B12,3,0.05,-0.0731256425148417,0.0
glucose,2,CNN full patch,glucose_03_c0.05_wC04,C04,3,0.05,0.048631307983378,0.048631307983378
glucose,2,CNN full patch,glucose_03_c0.05_wC08,C08,3,0.05,0.1432079052077459,0.1432079052077459
glucose,2,CNN full patch,glucose_03_c0.05_wC12,C12,3,0.05,0.0173693303105886,0.0173693303105886
glucose,2,CNN full patch,glucose_03_c0.05_wD07,D07,3,0.05,0.1004799219666554,0.1004799219666554
glucose,2,CNN full patch,glucose_03_c0.05_wE07,E07,3,0.05,0.1177773404490774,0.1177773404490774
glucose,2,CNN full patch,glucose_03_c0.05_wF02,F02,3,0.05,0.0444574312042846,0.0444574312042846
glucose,2,CNN full patch,glucose_03_c0.05_wF05,F05,3,0.05,0.0169766236366117,0.0169766236366117
glucose,2,CNN full patch,glucose_03_c0.05_wF06,F06,3,0.05,0.0081862294767317,0.0081862294767317
glucose,2,CNN full patch,glucose_03_c0.05_wF10,F10,3,0.05,0.0746817644553114,0.0746817644553114
glucose,2,CNN full patch,glucose_03_c0.05_wG03,G03,3,0.05,-0.0256547171143021,0.0
glucose,2,CNN full patch,glucose_03_c0.05_wH01,H01,3,0.05,0.0217229570114936,0.0217229570114936
glucose,2,CNN full patch,glucose_03_c0.05_wH02,H02,3,0.05,-0.0578882883501395,0.0
glucose,2,CNN full patch,glucose_03_c0.05_wH04,H04,3,0.05,-0.0157825113632317,0.0
glucose,2,CNN full patch,glucose_03_c0.05_wH06,H06,3,0.05,0.0208036412657806,0.0208036412657806
glucose,2,CNN full patch,glucose_04_c0.1_wA04,A04,4,0.1,0.136913612281638,0.136913612281638
glucose,2,CNN full patch,glucose_04_c0.1_wB04,B04,4,0.1,0.1661271100745481,0.1661271100745481
glucose,2,CNN full patch,glucose_04_c0.1_wB08,B08,4,0.1,0.1962338936640038,0.1962338936640038
glucose,2,CNN full patch,glucose_04_c0.1_wB10,B10,4,0.1,0.2709895590642621,0.2709895590642621
glucose,2,CNN full patch,glucose_04_c0.1_wB12,B12,4,0.1,0.2021797107517194,0.2021797107517194
glucose,2,CNN full patch,glucose_04_c0.1_wC04,C04,4,0.1,0.2729822000975042,0.2729822000975042
glucose,2,CNN full patch,glucose_04_c0.1_wC08,C08,4,0.1,0.2336462014438551,0.2336462014438551
glucose,2,CNN full patch,glucose_04_c0.1_wC12,C12,4,0.1,0.001768249284199,0.001768249284199
glucose,2,CNN full patch,glucose_04_c0.1_wD07,D07,4,0.1,0.0601501603289278,0.0601501603289278
glucose,2,CNN full patch,glucose_04_c0.1_wE07,E07,4,0.1,0.1671410019202089,0.1671410019202089
glucose,2,CNN full patch,glucose_04_c0.1_wF02,F02,4,0.1,0.2005602837650297,0.2005602837650297
glucose,2,CNN full patch,glucose_04_c0.1_wF05,F05,4,0.1,0.0784659604424983,0.0784659604424983
glucose,2,CNN full patch,glucose_04_c0.1_wF06,F06,4,0.1,0.1415229162277735,0.1415229162277735
glucose,2,CNN full patch,glucose_04_c0.1_wF10,F10,4,0.1,0.2206759865957628,0.2206759865957628
glucose,2,CNN full patch,glucose_04_c0.1_wG03,G03,4,0.1,0.0470711186726119,0.0470711186726119
glucose,2,CNN full patch,glucose_04_c0.1_wH01,H01,4,0.1,0.2962029292436296,0.2962029292436296
glucose,2,CNN full patch,glucose_04_c0.1_wH02,H02,4,0.1,0.0606400112823541,0.0606400112823541
glucose,2,CNN full patch,glucose_04_c0.1_wH04,H04,4,0.1,0.2368521984193883,0.2368521984193883
glucose,2,CNN full patch,glucose_04_c0.1_wH06,H06,4,0.1,0.0224740829453269,0.0224740829453269
glucose,2,CNN full patch,glucose_05_c0.5_wA04,A04,5,0.5,0.6149739654072519,0.6149739654072519
glucose,2,CNN full patch,glucose_05_c0.5_wB04,B04,5,0.5,0.6861768829024373,0.6861768829024373
glucose,2,CNN full patch,glucose_05_c0.5_wB08,B08,5,0.5,0.546617281804749,0.546617281804749
glucose,2,CNN full patch,glucose_05_c0.5_wB10,B10,5,0.5,0.8397393599255532,0.8397393599255532
glucose,2,CNN full patch,glucose_05_c0.5_wB12,B12,5,0.5,0.3341100983088693,0.3341100983088693
glucose,2,CNN full patch,glucose_05_c0.5_wC04,C04,5,0.5,0.5405311706239659,0.5405311706239659
glucose,2,CNN full patch,glucose_05_c0.5_wC08,C08,5,0.5,0.3473438935530468,0.3473438935530468
glucose,2,CNN full patch,glucose_05_c0.5_wC12,C12,5,0.5,0.3086332893352307,0.3086332893352307
glucose,2,CNN full patch,glucose_05_c0.5_wD07,D07,5,0.5,0.46049992802419,0.46049992802419
glucose,2,CNN full patch,glucose_05_c0.5_wE07,E07,5,0.5,0.3363860298901628,0.3363860298901628
glucose,2,CNN full patch,glucose_05_c0.5_wF02,F02,5,0.5,0.5422566392152213,0.5422566392152213
glucose,2,CNN full patch,glucose_05_c0.5_wF05,F05,5,0.5,0.4001384210843928,0.4001384210843928
glucose,2,CNN full patch,glucose_05_c0.5_wF06,F06,5,0.5,0.2069078354253613,0.2069078354253613
glucose,2,CNN full patch,glucose_05_c0.5_wF10,F10,5,0.5,0.311045100594664,0.311045100594664
glucose,2,CNN full patch,glucose_05_c0.5_wG03,G03,5,0.5,0.4254714755581988,0.4254714755581988
glucose,2,CNN full patch,glucose_05_c0.5_wH01,H01,5,0.5,0.3972003324785276,0.3972003324785276
glucose,2,CNN full patch,glucose_05_c0.5_wH02,H02,5,0.5,0.3098547502999803,0.3098547502999803
glucose,2,CNN full patch,glucose_05_c0.5_wH04,H04,5,0.5,0.565133555449417,0.565133555449417
glucose,2,CNN full patch,glucose_05_c0.5_wH06,H06,5,0.5,0.1564869432888301,0.1564869432888301
glucose,2,CNN full patch,glucose_06_c1_wA04,A04,6,1.0,0.9551325368905792,0.9551325368905792
glucose,2,CNN full patch,glucose_06_c1_wB04,B04,6,1.0,0.4433325760515663,0.4433325760515663
glucose,2,CNN full patch,glucose_06_c1_wB08,B08,6,1.0,0.5539990249020368,0.5539990249020368
glucose,2,CNN full patch,glucose_06_c1_wB10,B10,6,1.0,0.9300951336231442,0.9300951336231442
glucose,2,CNN full patch,glucose_06_c1_wB12,B12,6,1.0,0.8850783593981484,0.8850783593981484
glucose,2,CNN full patch,glucose_06_c1_wC04,C04,6,1.0,0.6109752944381719,0.6109752944381719
glucose,2,CNN full patch,glucose_06_c1_wC08,C08,6,1.0,0.4363122668562443,0.4363122668562443
glucose,2,CNN full patch,glucose_06_c1_wC12,C12,6,1.0,0.4242478740908422,0.4242478740908422
glucose,2,CNN full patch,glucose_06_c1_wD07,D07,6,1.0,0.7627785095455375,0.7627785095455375
glucose,2,CNN full patch,glucose_06_c1_wE07,E07,6,1.0,0.8306699539478288,0.8306699539478288
glucose,2,CNN full patch,glucose_06_c1_wF02,F02,6,1.0,0.8738750916437275,0.8738750916437275
glucose,2,CNN full patch,glucose_06_c1_wF05,F05,6,1.0,1.0719326347208509,1.0719326347208509
glucose,2,CNN full patch,glucose_06_c1_wF06,F06,6,1.0,0.9313649829766542,0.9313649829766542
glucose,2,CNN full patch,glucose_06_c1_wF10,F10,6,1.0,0.7062666511138822,0.7062666511138822
glucose,2,CNN full patch,glucose_06_c1_wG03,G03,6,1.0,1.2847565962272882,1.2847565962272882
glucose,2,CNN full patch,glucose_06_c1_wH01,H01,6,1.0,1.2075783208485875,1.2075783208485875
glucose,2,CNN full patch,glucose_06_c1_wH02,H02,6,1.0,1.2584880779789565,1.2584880779789565
glucose,2,CNN full patch,glucose_06_c1_wH04,H04,6,1.0,0.6779473843815464,0.6779473843815464
glucose,2,CNN full patch,glucose_06_c1_wH06,H06,6,1.0,0.9045448364836548,0.9045448364836548
glucose,2,CNN full patch,glucose_07_c2.5_wA04,A04,7,2.5,2.750702674351697,2.750702674351697
glucose,2,CNN full patch,glucose_07_c2.5_wB04,B04,7,2.5,2.578693764275728,2.578693764275728
glucose,2,CNN full patch,glucose_07_c2.5_wB08,B08,7,2.5,2.895261491518766,2.895261491518766
glucose,2,CNN full patch,glucose_07_c2.5_wB10,B10,7,2.5,2.794125305683444,2.794125305683444
glucose,2,CNN full patch,glucose_07_c2.5_wB12,B12,7,2.5,2.304967942727913,2.304967942727913
glucose,2,CNN full patch,glucose_07_c2.5_wC04,C04,7,2.5,2.8231047002244205,2.8231047002244205
glucose,2,CNN full patch,glucose_07_c2.5_wC08,C08,7,2.5,2.7708552207437305,2.7708552207437305
glucose,2,CNN full patch,glucose_07_c2.5_wC12,C12,7,2.5,1.7256153777659955,1.7256153777659955
glucose,2,CNN full patch,glucose_07_c2.5_wD07,D07,7,2.5,2.502153013638916,2.502153013638916
glucose,2,CNN full patch,glucose_07_c2.5_wE07,E07,7,2.5,2.757617612381078,2.757617612381078
glucose,2,CNN full patch,glucose_07_c2.5_wF02,F02,7,2.5,3.0495420641213595,3.0495420641213595
glucose,2,CNN full patch,glucose_07_c2.5_wF05,F05,7,2.5,2.554995367425713,2.554995367425713
glucose,2,CNN full patch,glucose_07_c2.5_wF06,F06,7,2.5,2.5210216383517885,2.5210216383517885
glucose,2,CNN full patch,glucose_07_c2.5_wF10,F10,7,2.5,2.8837954705573434,2.8837954705573434
glucose,2,CNN full patch,glucose_07_c2.5_wG03,G03,7,2.5,2.777444471964593,2.777444471964593
glucose,2,CNN full patch,glucose_07_c2.5_wH01,H01,7,2.5,2.2583765591695704,2.2583765591695704
glucose,2,CNN full patch,glucose_07_c2.5_wH02,H02,7,2.5,2.7146073853872363,2.7146073853872363
glucose,2,CNN full patch,glucose_07_c2.5_wH04,H04,7,2.5,2.739058009305104,2.739058009305104
glucose,2,CNN full patch,glucose_07_c2.5_wH06,H06,7,2.5,3.1943200647610475,3.1943200647610475
glucose,2,CNN full patch,glucose_08_c5_wA04,A04,8,5.0,4.556861783266149,4.556861783266149
glucose,2,CNN full patch,glucose_08_c5_wB04,B04,8,5.0,5.292693897936185,5.292693897936185
glucose,2,CNN full patch,glucose_08_c5_wB08,B08,8,5.0,5.2363019873949685,5.2363019873949685
glucose,2,CNN full patch,glucose_08_c5_wB10,B10,8,5.0,5.366884788643982,5.366884788643982
glucose,2,CNN full patch,glucose_08_c5_wB12,B12,8,5.0,4.759014220718108,4.759014220718108
glucose,2,CNN full patch,glucose_08_c5_wC04,C04,8,5.0,4.549670125651519,4.549670125651519
glucose,2,CNN full patch,glucose_08_c5_wC08,C08,8,5.0,5.535025003937998,5.535025003937998
glucose,2,CNN full patch,glucose_08_c5_wC12,C12,8,5.0,5.248300970905027,5.248300970905027
glucose,2,CNN full patch,glucose_08_c5_wD07,D07,8,5.0,4.669233207300368,4.669233207300368
glucose,2,CNN full patch,glucose_08_c5_wE07,E07,8,5.0,4.866444024850266,4.866444024850266
glucose,2,CNN full patch,glucose_08_c5_wF02,F02,8,5.0,5.187078598776255,5.187078598776255
glucose,2,CNN full patch,glucose_08_c5_wF05,F05,8,5.0,4.692200387103483,4.692200387103483
glucose,2,CNN full patch,glucose_08_c5_wF06,F06,8,5.0,4.940375162115851,4.940375162115851
glucose,2,CNN full patch,glucose_08_c5_wF10,F10,8,5.0,5.047057327279924,5.047057327279924
glucose,2,CNN full patch,glucose_08_c5_wG03,G03,8,5.0,4.8027165589827465,4.8027165589827465
glucose,2,CNN full patch,glucose_08_c5_wH01,H01,8,5.0,4.569367798063562,4.569367798063562
glucose,2,CNN full patch,glucose_08_c5_wH02,H02,8,5.0,4.6992252919473945,4.6992252919473945
glucose,2,CNN full patch,glucose_08_c5_wH04,H04,8,5.0,5.068629001325562,5.068629001325562
glucose,2,CNN full patch,glucose_08_c5_wH06,H06,8,5.0,5.12768321089005,5.12768321089005
glucose,2,CNN full patch,glucose_09_c10_wA04,A04,9,10.0,11.454544225513509,11.454544225513509
glucose,2,CNN full patch,glucose_09_c10_wB04,B04,9,10.0,10.411864382719074,10.411864382719074
glucose,2,CNN full patch,glucose_09_c10_wB08,B08,9,10.0,10.17630930888787,10.17630930888787
glucose,2,CNN full patch,glucose_09_c10_wB10,B10,9,10.0,11.48550337545248,11.48550337545248
glucose,2,CNN full patch,glucose_09_c10_wB12,B12,9,10.0,9.443451248310582,9.443451248310582
glucose,2,CNN full patch,glucose_09_c10_wC04,C04,9,10.0,10.113320471502002,10.113320471502002
glucose,2,CNN full patch,glucose_09_c10_wC08,C08,9,10.0,11.15539761392541,11.15539761392541
glucose,2,CNN full patch,glucose_09_c10_wC12,C12,9,10.0,9.505286363361812,9.505286363361812
glucose,2,CNN full patch,glucose_09_c10_wD07,D07,9,10.0,9.733129816877698,9.733129816877698
glucose,2,CNN full patch,glucose_09_c10_wE07,E07,9,10.0,11.683093625150182,11.683093625150182
glucose,2,CNN full patch,glucose_09_c10_wF02,F02,9,10.0,9.78701040082728,9.78701040082728
glucose,2,CNN full patch,glucose_09_c10_wF05,F05,9,10.0,10.47423629989087,10.47423629989087
glucose,2,CNN full patch,glucose_09_c10_wF06,F06,9,10.0,9.91402982811278,9.91402982811278
glucose,2,CNN full patch,glucose_09_c10_wF10,F10,9,10.0,11.7112857244603,11.7112857244603
glucose,2,CNN full patch,glucose_09_c10_wG03,G03,9,10.0,9.559258839529592,9.559258839529592
glucose,2,CNN full patch,glucose_09_c10_wH01,H01,9,10.0,10.144576917667663,10.144576917667663
glucose,2,CNN full patch,glucose_09_c10_wH02,H02,9,10.0,9.564466386741133,9.564466386741133
glucose,2,CNN full patch,glucose_09_c10_wH04,H04,9,10.0,9.42910421157891,9.42910421157891
glucose,2,CNN full patch,glucose_09_c10_wH06,H06,9,10.0,9.476737151103196,9.476737151103196
glucose,2,CNN full patch,glucose_10_c15_wA04,A04,10,15.0,14.515747873892217,14.515747873892217
glucose,2,CNN full patch,glucose_10_c15_wB04,B04,10,15.0,15.296305672678528,15.296305672678528
glucose,2,CNN full patch,glucose_10_c15_wB08,B08,10,15.0,16.88215454319707,16.88215454319707
glucose,2,CNN full patch,glucose_10_c15_wB10,B10,10,15.0,14.294861315050728,14.294861315050728
glucose,2,CNN full patch,glucose_10_c15_wB12,B12,10,15.0,13.867811798366985,13.867811798366985
glucose,2,CNN full patch,glucose_10_c15_wC04,C04,10,15.0,15.4287443559554,15.4287443559554
glucose,2,CNN full patch,glucose_10_c15_wC08,C08,10,15.0,16.689849016141473,16.689849016141473
glucose,2,CNN full patch,glucose_10_c15_wC12,C12,10,15.0,14.682009494064667,14.682009494064667
glucose,2,CNN full patch,glucose_10_c15_wD07,D07,10,15.0,15.71376032333253,15.71376032333253
glucose,2,CNN full patch,glucose_10_c15_wE07,E07,10,15.0,14.841428504214816,14.841428504214816
glucose,2,CNN full patch,glucose_10_c15_wF02,F02,10,15.0,13.85727206237179,13.85727206237179
glucose,2,CNN full patch,glucose_10_c15_wF05,F05,10,15.0,17.087119032179515,17.087119032179515
glucose,2,CNN full patch,glucose_10_c15_wF06,F06,10,15.0,15.958359472073443,15.958359472073443
glucose,2,CNN full patch,glucose_10_c15_wF10,F10,10,15.0,13.976044245383786,13.976044245383786
glucose,2,CNN full patch,glucose_10_c15_wG03,G03,10,15.0,14.37232811388289,14.37232811388289
glucose,2,CNN full patch,glucose_10_c15_wH01,H01,10,15.0,13.722687945989328,13.722687945989328
glucose,2,CNN full patch,glucose_10_c15_wH02,H02,10,15.0,15.49084201601002,15.49084201601002
glucose,2,CNN full patch,glucose_10_c15_wH04,H04,10,15.0,14.896257164840767,14.896257164840767
glucose,2,CNN full patch,glucose_10_c15_wH06,H06,10,15.0,13.93112534947124,13.93112534947124
glucose,2,CNN full patch,glucose_11_c20_wA04,A04,11,20.0,21.94583919523258,20.0
glucose,2,CNN full patch,glucose_11_c20_wB04,B04,11,20.0,22.523059290662403,20.0
glucose,2,CNN full patch,glucose_11_c20_wB08,B08,11,20.0,18.25742285467596,18.25742285467596
glucose,2,CNN full patch,glucose_11_c20_wB10,B10,11,20.0,19.104123831093688,19.104123831093688
glucose,2,CNN full patch,glucose_11_c20_wB12,B12,11,20.0,18.594259809043503,18.594259809043503
glucose,2,CNN full patch,glucose_11_c20_wC04,C04,11,20.0,18.102890397573272,18.102890397573272
glucose,2,CNN full patch,glucose_11_c20_wC08,C08,11,20.0,16.67977342971964,16.67977342971964
glucose,2,CNN full patch,glucose_11_c20_wC12,C12,11,20.0,18.564584875270143,18.564584875270143
glucose,2,CNN full patch,glucose_11_c20_wD07,D07,11,20.0,19.55072741082645,19.55072741082645
glucose,2,CNN full patch,glucose_11_c20_wE07,E07,11,20.0,15.66890426394211,15.66890426394211
glucose,2,CNN full patch,glucose_11_c20_wF02,F02,11,20.0,19.37319781379037,19.37319781379037
glucose,2,CNN full patch,glucose_11_c20_wF05,F05,11,20.0,16.93495113530752,16.93495113530752
glucose,2,CNN full patch,glucose_11_c20_wF06,F06,11,20.0,23.063190182121943,20.0
glucose,2,CNN full patch,glucose_11_c20_wF10,F10,11,20.0,23.60055211891252,20.0
glucose,2,CNN full patch,glucose_11_c20_wG03,G03,11,20.0,20.25677981442524,20.0
glucose,2,CNN full patch,glucose_11_c20_wH01,H01,11,20.0,14.371957187352711,14.371957187352711
glucose,2,CNN full patch,glucose_11_c20_wH02,H02,11,20.0,13.718573480155484,13.718573480155484
glucose,2,CNN full patch,glucose_11_c20_wH04,H04,11,20.0,16.99475557830603,16.99475557830603
glucose,2,CNN full patch,glucose_11_c20_wH06,H06,11,20.0,22.437688907413897,20.0
glucose,3,CNN full patch,glucose_01_c0_wA07,A07,1,0.0,0.0805455503098751,0.0805455503098751
glucose,3,CNN full patch,glucose_01_c0_wA08,A08,1,0.0,0.1607129927709852,0.1607129927709852
glucose,3,CNN full patch,glucose_01_c0_wA10,A10,1,0.0,0.3024443969544068,0.3024443969544068
glucose,3,CNN full patch,glucose_01_c0_wB01,B01,1,0.0,0.1065981703845972,0.1065981703845972
glucose,3,CNN full patch,glucose_01_c0_wB11,B11,1,0.0,0.392020227898015,0.392020227898015
glucose,3,CNN full patch,glucose_01_c0_wC02,C02,1,0.0,0.2376975146055699,0.2376975146055699
glucose,3,CNN full patch,glucose_01_c0_wC05,C05,1,0.0,0.18045328597285,0.18045328597285
glucose,3,CNN full patch,glucose_01_c0_wC10,C10,1,0.0,0.1254405346007906,0.1254405346007906
glucose,3,CNN full patch,glucose_01_c0_wD05,D05,1,0.0,0.3370485952593476,0.3370485952593476
glucose,3,CNN full patch,glucose_01_c0_wD09,D09,1,0.0,0.2624687508694267,0.2624687508694267
glucose,3,CNN full patch,glucose_01_c0_wD10,D10,1,0.0,0.3332191304022791,0.3332191304022791
glucose,3,CNN full patch,glucose_01_c0_wF04,F04,1,0.0,0.1920033877385274,0.1920033877385274
glucose,3,CNN full patch,glucose_01_c0_wG02,G02,1,0.0,0.1543701362996668,0.1543701362996668
glucose,3,CNN full patch,glucose_01_c0_wG04,G04,1,0.0,0.167078341230024,0.167078341230024
glucose,3,CNN full patch,glucose_01_c0_wG07,G07,1,0.0,0.0515481126125914,0.0515481126125914
glucose,3,CNN full patch,glucose_01_c0_wG08,G08,1,0.0,0.1291187890365791,0.1291187890365791
glucose,3,CNN full patch,glucose_01_c0_wH09,H09,1,0.0,0.1974864022646603,0.1974864022646603
glucose,3,CNN full patch,glucose_01_c0_wH10,H10,1,0.0,0.3911925014959053,0.3911925014959053
glucose,3,CNN full patch,glucose_01_c0_wH12,H12,1,0.0,0.0899776592609789,0.0899776592609789
glucose,3,CNN full patch,glucose_02_c0.01_wA07,A07,2,0.01,0.008143252128999,0.008143252128999
glucose,3,CNN full patch,glucose_02_c0.01_wA08,A08,2,0.01,0.0327078801725824,0.0327078801725824
glucose,3,CNN full patch,glucose_02_c0.01_wA10,A10,2,0.01,-0.0120419530338575,0.0
glucose,3,CNN full patch,glucose_02_c0.01_wB01,B01,2,0.01,-0.0945889234519,0.0
glucose,3,CNN full patch,glucose_02_c0.01_wB11,B11,2,0.01,0.1234469681915795,0.1234469681915795
glucose,3,CNN full patch,glucose_02_c0.01_wC02,C02,2,0.01,-0.0708496704101946,0.0
glucose,3,CNN full patch,glucose_02_c0.01_wC05,C05,2,0.01,0.0343127341162942,0.0343127341162942
glucose,3,CNN full patch,glucose_02_c0.01_wC10,C10,2,0.01,0.0546705242671922,0.0546705242671922
glucose,3,CNN full patch,glucose_02_c0.01_wD05,D05,2,0.01,0.0191547140008831,0.0191547140008831
glucose,3,CNN full patch,glucose_02_c0.01_wD09,D09,2,0.01,0.1062479848559477,0.1062479848559477
glucose,3,CNN full patch,glucose_02_c0.01_wD10,D10,2,0.01,0.0470132199327315,0.0470132199327315
glucose,3,CNN full patch,glucose_02_c0.01_wF04,F04,2,0.01,0.0096367747398524,0.0096367747398524
glucose,3,CNN full patch,glucose_02_c0.01_wG02,G02,2,0.01,0.0750499876506804,0.0750499876506804
glucose,3,CNN full patch,glucose_02_c0.01_wG04,G04,2,0.01,0.0413531806960369,0.0413531806960369
glucose,3,CNN full patch,glucose_02_c0.01_wG07,G07,2,0.01,0.0203475763932875,0.0203475763932875
glucose,3,CNN full patch,glucose_02_c0.01_wG08,G08,2,0.01,-0.0367570153673308,0.0
glucose,3,CNN full patch,glucose_02_c0.01_wH09,H09,2,0.01,0.0084483228260817,0.0084483228260817
glucose,3,CNN full patch,glucose_02_c0.01_wH10,H10,2,0.01,0.1758820768370583,0.1758820768370583
glucose,3,CNN full patch,glucose_02_c0.01_wH12,H12,2,0.01,-0.0389346002727096,0.0
glucose,3,CNN full patch,glucose_03_c0.05_wA07,A07,3,0.05,0.0054490738546004,0.0054490738546004
glucose,3,CNN full patch,glucose_03_c0.05_wA08,A08,3,0.05,0.0301551103268419,0.0301551103268419
glucose,3,CNN full patch,glucose_03_c0.05_wA10,A10,3,0.05,0.1641829622159088,0.1641829622159088
glucose,3,CNN full patch,glucose_03_c0.05_wB01,B01,3,0.05,0.010853999767001,0.010853999767001
glucose,3,CNN full patch,glucose_03_c0.05_wB11,B11,3,0.05,0.1942619655081396,0.1942619655081396
glucose,3,CNN full patch,glucose_03_c0.05_wC02,C02,3,0.05,0.0991146959072926,0.0991146959072926
glucose,3,CNN full patch,glucose_03_c0.05_wC05,C05,3,0.05,0.0681380584817645,0.0681380584817645
glucose,3,CNN full patch,glucose_03_c0.05_wC10,C10,3,0.05,0.0834079864020348,0.0834079864020348
glucose,3,CNN full patch,glucose_03_c0.05_wD05,D05,3,0.05,0.0901708420896493,0.0901708420896493
glucose,3,CNN full patch,glucose_03_c0.05_wD09,D09,3,0.05,0.1241745407740579,0.1241745407740579
glucose,3,CNN full patch,glucose_03_c0.05_wD10,D10,3,0.05,0.2476692842445495,0.2476692842445495
glucose,3,CNN full patch,glucose_03_c0.05_wF04,F04,3,0.05,0.091097631020647,0.091097631020647
glucose,3,CNN full patch,glucose_03_c0.05_wG02,G02,3,0.05,0.1114434369419422,0.1114434369419422
glucose,3,CNN full patch,glucose_03_c0.05_wG04,G04,3,0.05,-0.0182162723878675,0.0
glucose,3,CNN full patch,glucose_03_c0.05_wG07,G07,3,0.05,0.0556652704109192,0.0556652704109192
glucose,3,CNN full patch,glucose_03_c0.05_wG08,G08,3,0.05,0.0469263427395214,0.0469263427395214
glucose,3,CNN full patch,glucose_03_c0.05_wH09,H09,3,0.05,0.0616951814037055,0.0616951814037055
glucose,3,CNN full patch,glucose_03_c0.05_wH10,H10,3,0.05,0.0522345523501345,0.0522345523501345
glucose,3,CNN full patch,glucose_03_c0.05_wH12,H12,3,0.05,0.0200555201215096,0.0200555201215096
glucose,3,CNN full patch,glucose_04_c0.1_wA07,A07,4,0.1,0.1046750757387839,0.1046750757387839
glucose,3,CNN full patch,glucose_04_c0.1_wA08,A08,4,0.1,0.1713077641433346,0.1713077641433346
glucose,3,CNN full patch,glucose_04_c0.1_wA10,A10,4,0.1,0.1054606577775472,0.1054606577775472
glucose,3,CNN full patch,glucose_04_c0.1_wB01,B01,4,0.1,0.0865871283734154,0.0865871283734154
glucose,3,CNN full patch,glucose_04_c0.1_wB11,B11,4,0.1,0.0968312944279876,0.0968312944279876
glucose,3,CNN full patch,glucose_04_c0.1_wC02,C02,4,0.1,0.0713078644718249,0.0713078644718249
glucose,3,CNN full patch,glucose_04_c0.1_wC05,C05,4,0.1,0.0641688185416434,0.0641688185416434
glucose,3,CNN full patch,glucose_04_c0.1_wC10,C10,4,0.1,0.2319768722807256,0.2319768722807256
glucose,3,CNN full patch,glucose_04_c0.1_wD05,D05,4,0.1,0.2367061324469518,0.2367061324469518
glucose,3,CNN full patch,glucose_04_c0.1_wD09,D09,4,0.1,0.1994053683375421,0.1994053683375421
glucose,3,CNN full patch,glucose_04_c0.1_wD10,D10,4,0.1,0.168649863070144,0.168649863070144
glucose,3,CNN full patch,glucose_04_c0.1_wF04,F04,4,0.1,0.2237286810963787,0.2237286810963787
glucose,3,CNN full patch,glucose_04_c0.1_wG02,G02,4,0.1,0.0546119225606215,0.0546119225606215
glucose,3,CNN full patch,glucose_04_c0.1_wG04,G04,4,0.1,0.097758374293529,0.097758374293529
glucose,3,CNN full patch,glucose_04_c0.1_wG07,G07,4,0.1,0.1313209237231911,0.1313209237231911
glucose,3,CNN full patch,glucose_04_c0.1_wG08,G08,4,0.1,0.1984582333408844,0.1984582333408844
glucose,3,CNN full patch,glucose_04_c0.1_wH09,H09,4,0.1,0.280028693960402,0.280028693960402
glucose,3,CNN full patch,glucose_04_c0.1_wH10,H10,4,0.1,0.1132790654429488,0.1132790654429488
glucose,3,CNN full patch,glucose_04_c0.1_wH12,H12,4,0.1,0.0208042570603309,0.0208042570603309
glucose,3,CNN full patch,glucose_05_c0.5_wA07,A07,5,0.5,0.4193535926217752,0.4193535926217752
glucose,3,CNN full patch,glucose_05_c0.5_wA08,A08,5,0.5,0.4345589737289448,0.4345589737289448
glucose,3,CNN full patch,glucose_05_c0.5_wA10,A10,5,0.5,0.2981307702272959,0.2981307702272959
glucose,3,CNN full patch,glucose_05_c0.5_wB01,B01,5,0.5,0.5139099069397712,0.5139099069397712
glucose,3,CNN full patch,glucose_05_c0.5_wB11,B11,5,0.5,0.295605500578734,0.295605500578734
glucose,3,CNN full patch,glucose_05_c0.5_wC02,C02,5,0.5,0.5109285219522861,0.5109285219522861
glucose,3,CNN full patch,glucose_05_c0.5_wC05,C05,5,0.5,0.5888904169263576,0.5888904169263576
glucose,3,CNN full patch,glucose_05_c0.5_wC10,C10,5,0.5,0.5157248260105511,0.5157248260105511
glucose,3,CNN full patch,glucose_05_c0.5_wD05,D05,5,0.5,0.3538665516020972,0.3538665516020972
glucose,3,CNN full patch,glucose_05_c0.5_wD09,D09,5,0.5,0.5828447192286199,0.5828447192286199
glucose,3,CNN full patch,glucose_05_c0.5_wD10,D10,5,0.5,0.6096062690433257,0.6096062690433257
glucose,3,CNN full patch,glucose_05_c0.5_wF04,F04,5,0.5,0.2960565433024179,0.2960565433024179
glucose,3,CNN full patch,glucose_05_c0.5_wG02,G02,5,0.5,0.5579963044260667,0.5579963044260667
glucose,3,CNN full patch,glucose_05_c0.5_wG04,G04,5,0.5,0.438044665890468,0.438044665890468
glucose,3,CNN full patch,glucose_05_c0.5_wG07,G07,5,0.5,0.2778365793846156,0.2778365793846156
glucose,3,CNN full patch,glucose_05_c0.5_wG08,G08,5,0.5,0.2853415836255271,0.2853415836255271
glucose,3,CNN full patch,glucose_05_c0.5_wH09,H09,5,0.5,0.2942717919134378,0.2942717919134378
glucose,3,CNN full patch,glucose_05_c0.5_wH10,H10,5,0.5,0.5526488625266861,0.5526488625266861
glucose,3,CNN full patch,glucose_05_c0.5_wH12,H12,5,0.5,0.2751992356092628,0.2751992356092628
glucose,3,CNN full patch,glucose_06_c1_wA07,A07,6,1.0,0.2115751311349304,0.2115751311349304
glucose,3,CNN full patch,glucose_06_c1_wA08,A08,6,1.0,0.1932687426839968,0.1932687426839968
glucose,3,CNN full patch,glucose_06_c1_wA10,A10,6,1.0,0.3859121385541842,0.3859121385541842
glucose,3,CNN full patch,glucose_06_c1_wB01,B01,6,1.0,0.7361546095842855,0.7361546095842855
glucose,3,CNN full patch,glucose_06_c1_wB11,B11,6,1.0,0.3570000879757773,0.3570000879757773
glucose,3,CNN full patch,glucose_06_c1_wC02,C02,6,1.0,0.8594719686988754,0.8594719686988754
glucose,3,CNN full patch,glucose_06_c1_wC05,C05,6,1.0,0.5340450123050984,0.5340450123050984
glucose,3,CNN full patch,glucose_06_c1_wC10,C10,6,1.0,0.6260135513230967,0.6260135513230967
glucose,3,CNN full patch,glucose_06_c1_wD05,D05,6,1.0,0.6825799175029656,0.6825799175029656
glucose,3,CNN full patch,glucose_06_c1_wD09,D09,6,1.0,0.7889429431299626,0.7889429431299626
glucose,3,CNN full patch,glucose_06_c1_wD10,D10,6,1.0,0.7917213240087946,0.7917213240087946
glucose,3,CNN full patch,glucose_06_c1_wF04,F04,6,1.0,0.5966433238725091,0.5966433238725091
glucose,3,CNN full patch,glucose_06_c1_wG02,G02,6,1.0,1.2963150167992443,1.2963150167992443
glucose,3,CNN full patch,glucose_06_c1_wG04,G04,6,1.0,1.0084688882755728,1.0084688882755728
glucose,3,CNN full patch,glucose_06_c1_wG07,G07,6,1.0,0.6947556924624987,0.6947556924624987
glucose,3,CNN full patch,glucose_06_c1_wG08,G08,6,1.0,1.1566082266961062,1.1566082266961062
glucose,3,CNN full patch,glucose_06_c1_wH09,H09,6,1.0,1.0315929521526193,1.0315929521526193
glucose,3,CNN full patch,glucose_06_c1_wH10,H10,6,1.0,0.9194056649749248,0.9194056649749248
glucose,3,CNN full patch,glucose_06_c1_wH12,H12,6,1.0,0.355871612847346,0.355871612847346
glucose,3,CNN full patch,glucose_07_c2.5_wA07,A07,7,2.5,2.6716735852636337,2.6716735852636337
glucose,3,CNN full patch,glucose_07_c2.5_wA08,A08,7,2.5,2.41126192730704,2.41126192730704
glucose,3,CNN full patch,glucose_07_c2.5_wA10,A10,7,2.5,2.4880423961811937,2.4880423961811937
glucose,3,CNN full patch,glucose_07_c2.5_wB01,B01,7,2.5,2.6011832030083784,2.6011832030083784
glucose,3,CNN full patch,glucose_07_c2.5_wB11,B11,7,2.5,2.5488361327265934,2.5488361327265934
glucose,3,CNN full patch,glucose_07_c2.5_wC02,C02,7,2.5,2.0320142776289893,2.0320142776289893
glucose,3,CNN full patch,glucose_07_c2.5_wC05,C05,7,2.5,2.788803227798238,2.788803227798238
glucose,3,CNN full patch,glucose_07_c2.5_wC10,C10,7,2.5,2.210693469768702,2.210693469768702
glucose,3,CNN full patch,glucose_07_c2.5_wD05,D05,7,2.5,2.4960058348820304,2.4960058348820304
glucose,3,CNN full patch,glucose_07_c2.5_wD09,D09,7,2.5,2.516483520559531,2.516483520559531
glucose,3,CNN full patch,glucose_07_c2.5_wD10,D10,7,2.5,2.4857377769560003,2.4857377769560003
glucose,3,CNN full patch,glucose_07_c2.5_wF04,F04,7,2.5,2.413846162746264,2.413846162746264
glucose,3,CNN full patch,glucose_07_c2.5_wG02,G02,7,2.5,2.501273555312962,2.501273555312962
glucose,3,CNN full patch,glucose_07_c2.5_wG04,G04,7,2.5,2.9025907987927195,2.9025907987927195
glucose,3,CNN full patch,glucose_07_c2.5_wG07,G07,7,2.5,2.1935809335477776,2.1935809335477776
glucose,3,CNN full patch,glucose_07_c2.5_wG08,G08,7,2.5,2.7822546253119023,2.7822546253119023
glucose,3,CNN full patch,glucose_07_c2.5_wH09,H09,7,2.5,2.599636186990135,2.599636186990135
glucose,3,CNN full patch,glucose_07_c2.5_wH10,H10,7,2.5,2.382418605635685,2.382418605635685
glucose,3,CNN full patch,glucose_07_c2.5_wH12,H12,7,2.5,2.189309667866555,2.189309667866555
glucose,3,CNN full patch,glucose_08_c5_wA07,A07,8,5.0,5.047702221393047,5.047702221393047
glucose,3,CNN full patch,glucose_08_c5_wA08,A08,8,5.0,4.950740907857211,4.950740907857211
glucose,3,CNN full patch,glucose_08_c5_wA10,A10,8,5.0,5.546905373407853,5.546905373407853
glucose,3,CNN full patch,glucose_08_c5_wB01,B01,8,5.0,4.758557202396752,4.758557202396752
glucose,3,CNN full patch,glucose_08_c5_wB11,B11,8,5.0,6.115416976971849,6.115416976971849
glucose,3,CNN full patch,glucose_08_c5_wC02,C02,8,5.0,4.996408987687811,4.996408987687811
glucose,3,CNN full patch,glucose_08_c5_wC05,C05,8,5.0,5.219005695728672,5.219005695728672
glucose,3,CNN full patch,glucose_08_c5_wC10,C10,8,5.0,5.401070927616316,5.401070927616316
glucose,3,CNN full patch,glucose_08_c5_wD05,D05,8,5.0,5.436698993947501,5.436698993947501
glucose,3,CNN full patch,glucose_08_c5_wD09,D09,8,5.0,5.669120270673683,5.669120270673683
glucose,3,CNN full patch,glucose_08_c5_wD10,D10,8,5.0,5.566304918607421,5.566304918607421
glucose,3,CNN full patch,glucose_08_c5_wF04,F04,8,5.0,4.687126745514114,4.687126745514114
glucose,3,CNN full patch,glucose_08_c5_wG02,G02,8,5.0,4.933582742140439,4.933582742140439
glucose,3,CNN full patch,glucose_08_c5_wG04,G04,8,5.0,4.902972178073564,4.902972178073564
glucose,3,CNN full patch,glucose_08_c5_wG07,G07,8,5.0,5.1360244730969296,5.1360244730969296
glucose,3,CNN full patch,glucose_08_c5_wG08,G08,8,5.0,5.511701629224529,5.511701629224529
glucose,3,CNN full patch,glucose_08_c5_wH09,H09,8,5.0,4.9393232990065306,4.9393232990065306
glucose,3,CNN full patch,glucose_08_c5_wH10,H10,8,5.0,4.9985914215856,4.9985914215856
glucose,3,CNN full patch,glucose_08_c5_wH12,H12,8,5.0,4.680337957354452,4.680337957354452
glucose,3,CNN full patch,glucose_09_c10_wA07,A07,9,10.0,11.935984031413303,11.935984031413303
glucose,3,CNN full patch,glucose_09_c10_wA08,A08,9,10.0,10.720610453610114,10.720610453610114
glucose,3,CNN full patch,glucose_09_c10_wA10,A10,9,10.0,10.34289865437264,10.34289865437264
glucose,3,CNN full patch,glucose_09_c10_wB01,B01,9,10.0,10.6250334416681,10.6250334416681
glucose,3,CNN full patch,glucose_09_c10_wB11,B11,9,10.0,9.016617416032272,9.016617416032272
glucose,3,CNN full patch,glucose_09_c10_wC02,C02,9,10.0,10.116994898998888,10.116994898998888
glucose,3,CNN full patch,glucose_09_c10_wC05,C05,9,10.0,10.999240699607531,10.999240699607531
glucose,3,CNN full patch,glucose_09_c10_wC10,C10,9,10.0,11.313446430792192,11.313446430792192
glucose,3,CNN full patch,glucose_09_c10_wD05,D05,9,10.0,11.115696656866776,11.115696656866776
glucose,3,CNN full patch,glucose_09_c10_wD09,D09,9,10.0,10.01756502154251,10.01756502154251
glucose,3,CNN full patch,glucose_09_c10_wD10,D10,9,10.0,10.969787347205752,10.969787347205752
glucose,3,CNN full patch,glucose_09_c10_wF04,F04,9,10.0,9.891107090571005,9.891107090571005
glucose,3,CNN full patch,glucose_09_c10_wG02,G02,9,10.0,9.927063346939718,9.927063346939718
glucose,3,CNN full patch,glucose_09_c10_wG04,G04,9,10.0,10.566418073774654,10.566418073774654
glucose,3,CNN full patch,glucose_09_c10_wG07,G07,9,10.0,10.195605210943684,10.195605210943684
glucose,3,CNN full patch,glucose_09_c10_wG08,G08,9,10.0,11.71405844041734,11.71405844041734
glucose,3,CNN full patch,glucose_09_c10_wH09,H09,9,10.0,11.712231481550456,11.712231481550456
glucose,3,CNN full patch,glucose_09_c10_wH10,H10,9,10.0,10.13544049958821,10.13544049958821
glucose,3,CNN full patch,glucose_09_c10_wH12,H12,9,10.0,10.999591368781678,10.999591368781678
glucose,3,CNN full patch,glucose_10_c15_wA07,A07,10,15.0,17.12768047020468,17.12768047020468
glucose,3,CNN full patch,glucose_10_c15_wA08,A08,10,15.0,16.097528543792908,16.097528543792908
glucose,3,CNN full patch,glucose_10_c15_wA10,A10,10,15.0,15.302653145511218,15.302653145511218
glucose,3,CNN full patch,glucose_10_c15_wB01,B01,10,15.0,16.247621822028783,16.247621822028783
glucose,3,CNN full patch,glucose_10_c15_wB11,B11,10,15.0,15.383144335819836,15.383144335819836
glucose,3,CNN full patch,glucose_10_c15_wC02,C02,10,15.0,16.194873038251675,16.194873038251675
glucose,3,CNN full patch,glucose_10_c15_wC05,C05,10,15.0,15.745747896598507,15.745747896598507
glucose,3,CNN full patch,glucose_10_c15_wC10,C10,10,15.0,17.896228415859593,17.896228415859593
glucose,3,CNN full patch,glucose_10_c15_wD05,D05,10,15.0,14.152215784373317,14.152215784373317
glucose,3,CNN full patch,glucose_10_c15_wD09,D09,10,15.0,14.71743438196782,14.71743438196782
glucose,3,CNN full patch,glucose_10_c15_wD10,D10,10,15.0,15.438558733381708,15.438558733381708
glucose,3,CNN full patch,glucose_10_c15_wF04,F04,10,15.0,13.583947554745478,13.583947554745478
glucose,3,CNN full patch,glucose_10_c15_wG02,G02,10,15.0,14.554024561694453,14.554024561694453
glucose,3,CNN full patch,glucose_10_c15_wG04,G04,10,15.0,16.18089860424259,16.18089860424259
glucose,3,CNN full patch,glucose_10_c15_wG07,G07,10,15.0,15.510812021984933,15.510812021984933
glucose,3,CNN full patch,glucose_10_c15_wG08,G08,10,15.0,16.104951645786894,16.104951645786894
glucose,3,CNN full patch,glucose_10_c15_wH09,H09,10,15.0,17.84274139247106,17.84274139247106
glucose,3,CNN full patch,glucose_10_c15_wH10,H10,10,15.0,15.90545057240912,15.90545057240912
glucose,3,CNN full patch,glucose_10_c15_wH12,H12,10,15.0,20.1300457565217,20.0
glucose,3,CNN full patch,glucose_11_c20_wA07,A07,11,20.0,19.76061451788163,19.76061451788163
glucose,3,CNN full patch,glucose_11_c20_wA08,A08,11,20.0,20.37824627277566,20.0
glucose,3,CNN full patch,glucose_11_c20_wA10,A10,11,20.0,19.42016972554056,19.42016972554056
glucose,3,CNN full patch,glucose_11_c20_wB01,B01,11,20.0,19.21388434614969,19.21388434614969
glucose,3,CNN full patch,glucose_11_c20_wB11,B11,11,20.0,19.65049007689637,19.65049007689637
glucose,3,CNN full patch,glucose_11_c20_wC02,C02,11,20.0,19.90625073123045,19.90625073123045
glucose,3,CNN full patch,glucose_11_c20_wC05,C05,11,20.0,19.33502257726045,19.33502257726045
glucose,3,CNN full patch,glucose_11_c20_wC10,C10,11,20.0,20.538251979745528,20.0
glucose,3,CNN full patch,glucose_11_c20_wD05,D05,11,20.0,20.774786769547426,20.0
glucose,3,CNN full patch,glucose_11_c20_wD09,D09,11,20.0,18.93275278735936,18.93275278735936
glucose,3,CNN full patch,glucose_11_c20_wD10,D10,11,20.0,19.60969263813102,19.60969263813102
glucose,3,CNN full patch,glucose_11_c20_wF04,F04,11,20.0,20.138001124428506,20.0
glucose,3,CNN full patch,glucose_11_c20_wG02,G02,11,20.0,16.444218884074594,16.444218884074594
glucose,3,CNN full patch,glucose_11_c20_wG04,G04,11,20.0,20.111707130603705,20.0
glucose,3,CNN full patch,glucose_11_c20_wG07,G07,11,20.0,19.18165309184283,19.18165309184283
glucose,3,CNN full patch,glucose_11_c20_wG08,G08,11,20.0,21.284125468345213,20.0
glucose,3,CNN full patch,glucose_11_c20_wH09,H09,11,20.0,20.37531471190263,20.0
glucose,3,CNN full patch,glucose_11_c20_wH10,H10,11,20.0,20.662052800211303,20.0
glucose,3,CNN full patch,glucose_11_c20_wH12,H12,11,20.0,22.670285358074437,20.0
glucose,4,CNN full patch,glucose_01_c0_wA01,A01,1,0.0,0.1434302124011734,0.1434302124011734
glucose,4,CNN full patch,glucose_01_c0_wA02,A02,1,0.0,0.2026787885863354,0.2026787885863354
glucose,4,CNN full patch,glucose_01_c0_wA03,A03,1,0.0,0.2566605061382612,0.2566605061382612
glucose,4,CNN full patch,glucose_01_c0_wB03,B03,1,0.0,0.4347422816159163,0.4347422816159163
glucose,4,CNN full patch,glucose_01_c0_wB06,B06,1,0.0,0.2292985623724153,0.2292985623724153
glucose,4,CNN full patch,glucose_01_c0_wB07,B07,1,0.0,0.0267964481774738,0.0267964481774738
glucose,4,CNN full patch,glucose_01_c0_wC06,C06,1,0.0,0.0119116399566614,0.0119116399566614
glucose,4,CNN full patch,glucose_01_c0_wC07,C07,1,0.0,0.31408750096214,0.31408750096214
glucose,4,CNN full patch,glucose_01_c0_wD11,D11,1,0.0,0.7190662471209581,0.7190662471209581
glucose,4,CNN full patch,glucose_01_c0_wD12,D12,1,0.0,0.3388335344452251,0.3388335344452251
glucose,4,CNN full patch,glucose_01_c0_wE04,E04,1,0.0,0.3924851774728877,0.3924851774728877
glucose,4,CNN full patch,glucose_01_c0_wE12,E12,1,0.0,-0.0362840185040802,0.0
glucose,4,CNN full patch,glucose_01_c0_wF07,F07,1,0.0,0.2387421179411397,0.2387421179411397
glucose,4,CNN full patch,glucose_01_c0_wF08,F08,1,0.0,0.5880186977912878,0.5880186977912878
glucose,4,CNN full patch,glucose_01_c0_wF09,F09,1,0.0,0.4955763303651501,0.4955763303651501
glucose,4,CNN full patch,glucose_01_c0_wF11,F11,1,0.0,0.6305501340781241,0.6305501340781241
glucose,4,CNN full patch,glucose_01_c0_wG01,G01,1,0.0,0.5726787928500503,0.5726787928500503
glucose,4,CNN full patch,glucose_01_c0_wG05,G05,1,0.0,0.2421396160298456,0.2421396160298456
glucose,4,CNN full patch,glucose_01_c0_wH07,H07,1,0.0,0.4730635755389913,0.4730635755389913
glucose,4,CNN full patch,glucose_02_c0.01_wA01,A01,2,0.01,-0.1384602000371666,0.0
glucose,4,CNN full patch,glucose_02_c0.01_wA02,A02,2,0.01,0.1363433650460956,0.1363433650460956
glucose,4,CNN full patch,glucose_02_c0.01_wA03,A03,2,0.01,-0.2625773788368919,0.0
glucose,4,CNN full patch,glucose_02_c0.01_wB03,B03,2,0.01,-0.2044516134580289,0.0
glucose,4,CNN full patch,glucose_02_c0.01_wB06,B06,2,0.01,-0.958894472761239,0.0
glucose,4,CNN full patch,glucose_02_c0.01_wB07,B07,2,0.01,-0.2831399466668616,0.0
glucose,4,CNN full patch,glucose_02_c0.01_wC06,C06,2,0.01,0.154385580959798,0.154385580959798
glucose,4,CNN full patch,glucose_02_c0.01_wC07,C07,2,0.01,-0.0163306352605063,0.0
glucose,4,CNN full patch,glucose_02_c0.01_wD11,D11,2,0.01,-0.4178445943142126,0.0
glucose,4,CNN full patch,glucose_02_c0.01_wD12,D12,2,0.01,0.0854246913001484,0.0854246913001484
glucose,4,CNN full patch,glucose_02_c0.01_wE04,E04,2,0.01,0.0155946186652675,0.0155946186652675
glucose,4,CNN full patch,glucose_02_c0.01_wE12,E12,2,0.01,-0.0228282060222069,0.0
glucose,4,CNN full patch,glucose_02_c0.01_wF07,F07,2,0.01,0.1309494934173951,0.1309494934173951
glucose,4,CNN full patch,glucose_02_c0.01_wF08,F08,2,0.01,-0.1372812486905523,0.0
glucose,4,CNN full patch,glucose_02_c0.01_wF09,F09,2,0.01,-0.4840418563828965,0.0
glucose,4,CNN full patch,glucose_02_c0.01_wF11,F11,2,0.01,0.0342205369343009,0.0342205369343009
glucose,4,CNN full patch,glucose_02_c0.01_wG01,G01,2,0.01,-0.087006399438855,0.0
glucose,4,CNN full patch,glucose_02_c0.01_wG05,G05,2,0.01,0.066336509433202,0.066336509433202
glucose,4,CNN full patch,glucose_02_c0.01_wH07,H07,2,0.01,0.061501654248488,0.061501654248488
glucose,4,CNN full patch,glucose_03_c0.05_wA01,A01,3,0.05,0.0829907400735852,0.0829907400735852
glucose,4,CNN full patch,glucose_03_c0.05_wA02,A02,3,0.05,-0.0113791192366985,0.0
glucose,4,CNN full patch,glucose_03_c0.05_wA03,A03,3,0.05,0.0138419189598311,0.0138419189598311
glucose,4,CNN full patch,glucose_03_c0.05_wB03,B03,3,0.05,0.200994572376886,0.200994572376886
glucose,4,CNN full patch,glucose_03_c0.05_wB06,B06,3,0.05,-0.1230896367866787,0.0
glucose,4,CNN full patch,glucose_03_c0.05_wB07,B07,3,0.05,0.0109664084480964,0.0109664084480964
glucose,4,CNN full patch,glucose_03_c0.05_wC06,C06,3,0.05,0.0173441330918198,0.0173441330918198
glucose,4,CNN full patch,glucose_03_c0.05_wC07,C07,3,0.05,-0.1394695352832542,0.0
glucose,4,CNN full patch,glucose_03_c0.05_wD11,D11,3,0.05,-0.0461157799366844,0.0
glucose,4,CNN full patch,glucose_03_c0.05_wD12,D12,3,0.05,-0.2336267772280909,0.0
glucose,4,CNN full patch,glucose_03_c0.05_wE04,E04,3,0.05,0.0266973063722364,0.0266973063722364
glucose,4,CNN full patch,glucose_03_c0.05_wE12,E12,3,0.05,0.0511510905177958,0.0511510905177958
glucose,4,CNN full patch,glucose_03_c0.05_wF07,F07,3,0.05,-0.2202330776844387,0.0
glucose,4,CNN full patch,glucose_03_c0.05_wF08,F08,3,0.05,0.1101082136851525,0.1101082136851525
glucose,4,CNN full patch,glucose_03_c0.05_wF09,F09,3,0.05,0.2536958078177989,0.2536958078177989
glucose,4,CNN full patch,glucose_03_c0.05_wF11,F11,3,0.05,0.0578720289611753,0.0578720289611753
glucose,4,CNN full patch,glucose_03_c0.05_wG01,G01,3,0.05,-0.1118953723118201,0.0
glucose,4,CNN full patch,glucose_03_c0.05_wG05,G05,3,0.05,-0.0177775481931625,0.0
glucose,4,CNN full patch,glucose_03_c0.05_wH07,H07,3,0.05,-0.1777227438702029,0.0
glucose,4,CNN full patch,glucose_04_c0.1_wA01,A01,4,0.1,0.06900139337879,0.06900139337879
glucose,4,CNN full patch,glucose_04_c0.1_wA02,A02,4,0.1,0.2770303645958023,0.2770303645958023
glucose,4,CNN full patch,glucose_04_c0.1_wA03,A03,4,0.1,-0.0176588965547663,0.0
glucose,4,CNN full patch,glucose_04_c0.1_wB03,B03,4,0.1,0.0442593414943086,0.0442593414943086
glucose,4,CNN full patch,glucose_04_c0.1_wB06,B06,4,0.1,0.2241491608979942,0.2241491608979942
glucose,4,CNN full patch,glucose_04_c0.1_wB07,B07,4,0.1,0.1921968321017138,0.1921968321017138
glucose,4,CNN full patch,glucose_04_c0.1_wC06,C06,4,0.1,-0.4119048455169176,0.0
glucose,4,CNN full patch,glucose_04_c0.1_wC07,C07,4,0.1,0.1020550323489084,0.1020550323489084
glucose,4,CNN full patch,glucose_04_c0.1_wD11,D11,4,0.1,0.0528739282337022,0.0528739282337022
glucose,4,CNN full patch,glucose_04_c0.1_wD12,D12,4,0.1,-0.1764577899937442,0.0
glucose,4,CNN full patch,glucose_04_c0.1_wE04,E04,4,0.1,0.0999842029150217,0.0999842029150217
glucose,4,CNN full patch,glucose_04_c0.1_wE12,E12,4,0.1,0.077531570227781,0.077531570227781
glucose,4,CNN full patch,glucose_04_c0.1_wF07,F07,4,0.1,0.1691847848106258,0.1691847848106258
glucose,4,CNN full patch,glucose_04_c0.1_wF08,F08,4,0.1,0.3326079068681702,0.3326079068681702
glucose,4,CNN full patch,glucose_04_c0.1_wF09,F09,4,0.1,0.1881929365456338,0.1881929365456338
glucose,4,CNN full patch,glucose_04_c0.1_wF11,F11,4,0.1,0.207009971547655,0.207009971547655
glucose,4,CNN full patch,glucose_04_c0.1_wG01,G01,4,0.1,0.1369051686091058,0.1369051686091058
glucose,4,CNN full patch,glucose_04_c0.1_wG05,G05,4,0.1,0.0771525220406896,0.0771525220406896
glucose,4,CNN full patch,glucose_04_c0.1_wH07,H07,4,0.1,0.6115666682544605,0.6115666682544605
glucose,4,CNN full patch,glucose_05_c0.5_wA01,A01,5,0.5,0.3849034174113459,0.3849034174113459
glucose,4,CNN full patch,glucose_05_c0.5_wA02,A02,5,0.5,0.3114289875743177,0.3114289875743177
glucose,4,CNN full patch,glucose_05_c0.5_wA03,A03,5,0.5,0.5051536676469661,0.5051536676469661
glucose,4,CNN full patch,glucose_05_c0.5_wB03,B03,5,0.5,0.4290454103334591,0.4290454103334591
glucose,4,CNN full patch,glucose_05_c0.5_wB06,B06,5,0.5,0.4087957961537558,0.4087957961537558
glucose,4,CNN full patch,glucose_05_c0.5_wB07,B07,5,0.5,0.3232587151863582,0.3232587151863582
glucose,4,CNN full patch,glucose_05_c0.5_wC06,C06,5,0.5,0.4927199315267137,0.4927199315267137
glucose,4,CNN full patch,glucose_05_c0.5_wC07,C07,5,0.5,0.8049799873162842,0.8049799873162842
glucose,4,CNN full patch,glucose_05_c0.5_wD11,D11,5,0.5,0.6370656220335427,0.6370656220335427
glucose,4,CNN full patch,glucose_05_c0.5_wD12,D12,5,0.5,0.6215365911586206,0.6215365911586206
glucose,4,CNN full patch,glucose_05_c0.5_wE04,E04,5,0.5,0.5746277853666584,0.5746277853666584
glucose,4,CNN full patch,glucose_05_c0.5_wE12,E12,5,0.5,0.4066385660301632,0.4066385660301632
glucose,4,CNN full patch,glucose_05_c0.5_wF07,F07,5,0.5,0.574986129241009,0.574986129241009
glucose,4,CNN full patch,glucose_05_c0.5_wF08,F08,5,0.5,0.3994999578932354,0.3994999578932354
glucose,4,CNN full patch,glucose_05_c0.5_wF09,F09,5,0.5,0.6848408236817125,0.6848408236817125
glucose,4,CNN full patch,glucose_05_c0.5_wF11,F11,5,0.5,0.8267513684823973,0.8267513684823973
glucose,4,CNN full patch,glucose_05_c0.5_wG01,G01,5,0.5,0.2429869002127551,0.2429869002127551
glucose,4,CNN full patch,glucose_05_c0.5_wG05,G05,5,0.5,0.1277809372484135,0.1277809372484135
glucose,4,CNN full patch,glucose_05_c0.5_wH07,H07,5,0.5,0.5752576742657949,0.5752576742657949
glucose,4,CNN full patch,glucose_06_c1_wA01,A01,6,1.0,0.3894360692620235,0.3894360692620235
glucose,4,CNN full patch,glucose_06_c1_wA02,A02,6,1.0,0.5306267410351229,0.5306267410351229
glucose,4,CNN full patch,glucose_06_c1_wA03,A03,6,1.0,0.4724559835920363,0.4724559835920363
glucose,4,CNN full patch,glucose_06_c1_wB03,B03,6,1.0,0.4688534331752292,0.4688534331752292
glucose,4,CNN full patch,glucose_06_c1_wB06,B06,6,1.0,0.4939422822981107,0.4939422822981107
glucose,4,CNN full patch,glucose_06_c1_wB07,B07,6,1.0,0.0934882247927619,0.0934882247927619
glucose,4,CNN full patch,glucose_06_c1_wC06,C06,6,1.0,0.617018273062917,0.617018273062917
glucose,4,CNN full patch,glucose_06_c1_wC07,C07,6,1.0,0.386259151735973,0.386259151735973
glucose,4,CNN full patch,glucose_06_c1_wD11,D11,6,1.0,0.5268943905038297,0.5268943905038297
glucose,4,CNN full patch,glucose_06_c1_wD12,D12,6,1.0,0.6905998079023901,0.6905998079023901
glucose,4,CNN full patch,glucose_06_c1_wE04,E04,6,1.0,0.6911946587338127,0.6911946587338127
glucose,4,CNN full patch,glucose_06_c1_wE12,E12,6,1.0,0.6481424293495861,0.6481424293495861
glucose,4,CNN full patch,glucose_06_c1_wF07,F07,6,1.0,0.7948977833314936,0.7948977833314936
glucose,4,CNN full patch,glucose_06_c1_wF08,F08,6,1.0,0.773235099807267,0.773235099807267
glucose,4,CNN full patch,glucose_06_c1_wF09,F09,6,1.0,0.6951663033412006,0.6951663033412006
glucose,4,CNN full patch,glucose_06_c1_wF11,F11,6,1.0,0.7538960772282746,0.7538960772282746
glucose,4,CNN full patch,glucose_06_c1_wG01,G01,6,1.0,0.720132917386942,0.720132917386942
glucose,4,CNN full patch,glucose_06_c1_wG05,G05,6,1.0,0.4672185887884694,0.4672185887884694
glucose,4,CNN full patch,glucose_06_c1_wH07,H07,6,1.0,0.7033472939926293,0.7033472939926293
glucose,4,CNN full patch,glucose_07_c2.5_wA01,A01,7,2.5,2.191821148276236,2.191821148276236
glucose,4,CNN full patch,glucose_07_c2.5_wA02,A02,7,2.5,2.6931370616155244,2.6931370616155244
glucose,4,CNN full patch,glucose_07_c2.5_wA03,A03,7,2.5,1.7908347510375462,1.7908347510375462
glucose,4,CNN full patch,glucose_07_c2.5_wB03,B03,7,2.5,2.475523188079349,2.475523188079349
glucose,4,CNN full patch,glucose_07_c2.5_wB06,B06,7,2.5,2.666086677940433,2.666086677940433
glucose,4,CNN full patch,glucose_07_c2.5_wB07,B07,7,2.5,2.4785543790964963,2.4785543790964963
glucose,4,CNN full patch,glucose_07_c2.5_wC06,C06,7,2.5,2.3895487285053134,2.3895487285053134
glucose,4,CNN full patch,glucose_07_c2.5_wC07,C07,7,2.5,2.7154447641135824,2.7154447641135824
glucose,4,CNN full patch,glucose_07_c2.5_wD11,D11,7,2.5,2.375704909239491,2.375704909239491
glucose,4,CNN full patch,glucose_07_c2.5_wD12,D12,7,2.5,2.2705176437622065,2.2705176437622065
glucose,4,CNN full patch,glucose_07_c2.5_wE04,E04,7,2.5,3.054589569076322,3.054589569076322
glucose,4,CNN full patch,glucose_07_c2.5_wE12,E12,7,2.5,2.304818319415065,2.304818319415065
glucose,4,CNN full patch,glucose_07_c2.5_wF07,F07,7,2.5,2.934126701475253,2.934126701475253
glucose,4,CNN full patch,glucose_07_c2.5_wF08,F08,7,2.5,3.026018612894402,3.026018612894402
glucose,4,CNN full patch,glucose_07_c2.5_wF09,F09,7,2.5,2.2943899154316667,2.2943899154316667
glucose,4,CNN full patch,glucose_07_c2.5_wF11,F11,7,2.5,2.910578930092011,2.910578930092011
glucose,4,CNN full patch,glucose_07_c2.5_wG01,G01,7,2.5,2.3091031167526506,2.3091031167526506
glucose,4,CNN full patch,glucose_07_c2.5_wG05,G05,7,2.5,2.618705057314258,2.618705057314258
glucose,4,CNN full patch,glucose_07_c2.5_wH07,H07,7,2.5,2.1000568470923424,2.1000568470923424
glucose,4,CNN full patch,glucose_08_c5_wA01,A01,8,5.0,3.9534883096277222,3.9534883096277222
glucose,4,CNN full patch,glucose_08_c5_wA02,A02,8,5.0,3.786301880109739,3.786301880109739
glucose,4,CNN full patch,glucose_08_c5_wA03,A03,8,5.0,4.083570619915843,4.083570619915843
glucose,4,CNN full patch,glucose_08_c5_wB03,B03,8,5.0,4.344846405122467,4.344846405122467
glucose,4,CNN full patch,glucose_08_c5_wB06,B06,8,5.0,5.22303050566222,5.22303050566222
glucose,4,CNN full patch,glucose_08_c5_wB07,B07,8,5.0,4.6291667623037736,4.6291667623037736
glucose,4,CNN full patch,glucose_08_c5_wC06,C06,8,5.0,4.519780278973897,4.519780278973897
glucose,4,CNN full patch,glucose_08_c5_wC07,C07,8,5.0,5.381980376343259,5.381980376343259
glucose,4,CNN full patch,glucose_08_c5_wD11,D11,8,5.0,6.475985710302757,6.475985710302757
glucose,4,CNN full patch,glucose_08_c5_wD12,D12,8,5.0,4.478623489605057,4.478623489605057
glucose,4,CNN full patch,glucose_08_c5_wE04,E04,8,5.0,4.694745358604386,4.694745358604386
glucose,4,CNN full patch,glucose_08_c5_wE12,E12,8,5.0,4.701261568224552,4.701261568224552
glucose,4,CNN full patch,glucose_08_c5_wF07,F07,8,5.0,4.497364625383691,4.497364625383691
glucose,4,CNN full patch,glucose_08_c5_wF08,F08,8,5.0,4.932276955191639,4.932276955191639
glucose,4,CNN full patch,glucose_08_c5_wF09,F09,8,5.0,5.1365213173956805,5.1365213173956805
glucose,4,CNN full patch,glucose_08_c5_wF11,F11,8,5.0,5.199350843825224,5.199350843825224
glucose,4,CNN full patch,glucose_08_c5_wG01,G01,8,5.0,4.559812341392111,4.559812341392111
glucose,4,CNN full patch,glucose_08_c5_wG05,G05,8,5.0,4.80003845994956,4.80003845994956
glucose,4,CNN full patch,glucose_08_c5_wH07,H07,8,5.0,4.985404769152976,4.985404769152976
glucose,4,CNN full patch,glucose_09_c10_wA01,A01,9,10.0,8.885650280321336,8.885650280321336
glucose,4,CNN full patch,glucose_09_c10_wA02,A02,9,10.0,7.728286962257595,7.728286962257595
glucose,4,CNN full patch,glucose_09_c10_wA03,A03,9,10.0,8.78625206013419,8.78625206013419
glucose,4,CNN full patch,glucose_09_c10_wB03,B03,9,10.0,10.063809288813308,10.063809288813308
glucose,4,CNN full patch,glucose_09_c10_wB06,B06,9,10.0,10.66241715667828,10.66241715667828
glucose,4,CNN full patch,glucose_09_c10_wB07,B07,9,10.0,10.9294128068993,10.9294128068993
glucose,4,CNN full patch,glucose_09_c10_wC06,C06,9,10.0,10.909502823080508,10.909502823080508
glucose,4,CNN full patch,glucose_09_c10_wC07,C07,9,10.0,10.381778160681147,10.381778160681147
glucose,4,CNN full patch,glucose_09_c10_wD11,D11,9,10.0,10.38711469728995,10.38711469728995
glucose,4,CNN full patch,glucose_09_c10_wD12,D12,9,10.0,9.995215104385077,9.995215104385077
glucose,4,CNN full patch,glucose_09_c10_wE04,E04,9,10.0,9.362039793760784,9.362039793760784
glucose,4,CNN full patch,glucose_09_c10_wE12,E12,9,10.0,10.67833240261778,10.67833240261778
glucose,4,CNN full patch,glucose_09_c10_wF07,F07,9,10.0,10.117578388999783,10.117578388999783
glucose,4,CNN full patch,glucose_09_c10_wF08,F08,9,10.0,9.984812779872534,9.984812779872534
glucose,4,CNN full patch,glucose_09_c10_wF09,F09,9,10.0,13.309024768355483,13.309024768355483
glucose,4,CNN full patch,glucose_09_c10_wF11,F11,9,10.0,9.717323411424632,9.717323411424632
glucose,4,CNN full patch,glucose_09_c10_wG01,G01,9,10.0,8.786938089573642,8.786938089573642
glucose,4,CNN full patch,glucose_09_c10_wG05,G05,9,10.0,11.782008442346356,11.782008442346356
glucose,4,CNN full patch,glucose_09_c10_wH07,H07,9,10.0,10.171881819718903,10.171881819718903
glucose,4,CNN full patch,glucose_10_c15_wA01,A01,10,15.0,15.192472208746103,15.192472208746103
glucose,4,CNN full patch,glucose_10_c15_wA02,A02,10,15.0,14.279087118454177,14.279087118454177
glucose,4,CNN full patch,glucose_10_c15_wA03,A03,10,15.0,13.277919723742112,13.277919723742112
glucose,4,CNN full patch,glucose_10_c15_wB03,B03,10,15.0,15.571675678182729,15.571675678182729
glucose,4,CNN full patch,glucose_10_c15_wB06,B06,10,15.0,14.588396013358537,14.588396013358537
glucose,4,CNN full patch,glucose_10_c15_wB07,B07,10,15.0,16.266533118058888,16.266533118058888
glucose,4,CNN full patch,glucose_10_c15_wC06,C06,10,15.0,14.044418863617924,14.044418863617924
glucose,4,CNN full patch,glucose_10_c15_wC07,C07,10,15.0,14.75876304338128,14.75876304338128
glucose,4,CNN full patch,glucose_10_c15_wD11,D11,10,15.0,14.246593292247766,14.246593292247766
glucose,4,CNN full patch,glucose_10_c15_wD12,D12,10,15.0,12.568845587890875,12.568845587890875
glucose,4,CNN full patch,glucose_10_c15_wE04,E04,10,15.0,14.167947163984136,14.167947163984136
glucose,4,CNN full patch,glucose_10_c15_wE12,E12,10,15.0,14.233834657681436,14.233834657681436
glucose,4,CNN full patch,glucose_10_c15_wF07,F07,10,15.0,14.9750124230759,14.9750124230759
glucose,4,CNN full patch,glucose_10_c15_wF08,F08,10,15.0,15.30378098299695,15.30378098299695
glucose,4,CNN full patch,glucose_10_c15_wF09,F09,10,15.0,15.811833761174034,15.811833761174034
glucose,4,CNN full patch,glucose_10_c15_wF11,F11,10,15.0,18.52607678833565,18.52607678833565
glucose,4,CNN full patch,glucose_10_c15_wG01,G01,10,15.0,15.390939769075716,15.390939769075716
glucose,4,CNN full patch,glucose_10_c15_wG05,G05,10,15.0,15.16183380748911,15.16183380748911
glucose,4,CNN full patch,glucose_10_c15_wH07,H07,10,15.0,15.05859095569004,15.05859095569004
glucose,4,CNN full patch,glucose_11_c20_wA01,A01,11,20.0,19.81446635417653,19.81446635417653
glucose,4,CNN full patch,glucose_11_c20_wA02,A02,11,20.0,19.9074733122847,19.9074733122847
glucose,4,CNN full patch,glucose_11_c20_wA03,A03,11,20.0,18.99797744750906,18.99797744750906
glucose,4,CNN full patch,glucose_11_c20_wB03,B03,11,20.0,19.55129224229553,19.55129224229553
glucose,4,CNN full patch,glucose_11_c20_wB06,B06,11,20.0,19.47372114565496,19.47372114565496
glucose,4,CNN full patch,glucose_11_c20_wB07,B07,11,20.0,18.50224930965048,18.50224930965048
glucose,4,CNN full patch,glucose_11_c20_wC06,C06,11,20.0,18.61995492021835,18.61995492021835
glucose,4,CNN full patch,glucose_11_c20_wC07,C07,11,20.0,18.005939062076017,18.005939062076017
glucose,4,CNN full patch,glucose_11_c20_wD11,D11,11,20.0,19.914089136524936,19.914089136524936
glucose,4,CNN full patch,glucose_11_c20_wD12,D12,11,20.0,21.01448195004474,20.0
glucose,4,CNN full patch,glucose_11_c20_wE04,E04,11,20.0,18.79098050665018,18.79098050665018
glucose,4,CNN full patch,glucose_11_c20_wE12,E12,11,20.0,20.240260101516803,20.0
glucose,4,CNN full patch,glucose_11_c20_wF07,F07,11,20.0,20.41509209621396,20.0
glucose,4,CNN full patch,glucose_11_c20_wF08,F08,11,20.0,20.25991805014397,20.0
glucose,4,CNN full patch,glucose_11_c20_wF09,F09,11,20.0,20.511558267189194,20.0
glucose,4,CNN full patch,glucose_11_c20_wF11,F11,11,20.0,19.84075127552002,19.84075127552002
glucose,4,CNN full patch,glucose_11_c20_wG01,G01,11,20.0,16.765124025313668,16.765124025313668
glucose,4,CNN full patch,glucose_11_c20_wG05,G05,11,20.0,19.302009131623816,19.302009131623816
glucose,4,CNN full patch,glucose_11_c20_wH07,H07,11,20.0,15.7043998786845,15.7043998786845
glucose,5,CNN full patch,glucose_01_c0_wA05,A05,1,0.0,0.7275681546198607,0.7275681546198607
glucose,5,CNN full patch,glucose_01_c0_wA09,A09,1,0.0,0.6018790406913164,0.6018790406913164
glucose,5,CNN full patch,glucose_01_c0_wB02,B02,1,0.0,0.0861636760010311,0.0861636760010311
glucose,5,CNN full patch,glucose_01_c0_wB05,B05,1,0.0,0.5749232199830674,0.5749232199830674
glucose,5,CNN full patch,glucose_01_c0_wB09,B09,1,0.0,0.4429881723245881,0.4429881723245881
glucose,5,CNN full patch,glucose_01_c0_wC11,C11,1,0.0,0.2083907899434871,0.2083907899434871
glucose,5,CNN full patch,glucose_01_c0_wD01,D01,1,0.0,0.4108033181698411,0.4108033181698411
glucose,5,CNN full patch,glucose_01_c0_wD04,D04,1,0.0,0.4779147552779799,0.4779147552779799
glucose,5,CNN full patch,glucose_01_c0_wD06,D06,1,0.0,-0.5092445792258493,0.0
glucose,5,CNN full patch,glucose_01_c0_wD08,D08,1,0.0,0.4509234983421573,0.4509234983421573
glucose,5,CNN full patch,glucose_01_c0_wE01,E01,1,0.0,0.4458015698981024,0.4458015698981024
glucose,5,CNN full patch,glucose_01_c0_wE05,E05,1,0.0,0.3654652530271169,0.3654652530271169
glucose,5,CNN full patch,glucose_01_c0_wE06,E06,1,0.0,0.3197807888058532,0.3197807888058532
glucose,5,CNN full patch,glucose_01_c0_wE09,E09,1,0.0,0.1589528727183289,0.1589528727183289
glucose,5,CNN full patch,glucose_01_c0_wF03,F03,1,0.0,0.3180555621307848,0.3180555621307848
glucose,5,CNN full patch,glucose_01_c0_wG10,G10,1,0.0,0.7364893244517541,0.7364893244517541
glucose,5,CNN full patch,glucose_01_c0_wH03,H03,1,0.0,0.5386695702149966,0.5386695702149966
glucose,5,CNN full patch,glucose_01_c0_wH08,H08,1,0.0,-0.0881415532008258,0.0
glucose,5,CNN full patch,glucose_01_c0_wH11,H11,1,0.0,0.3846764662909239,0.3846764662909239
glucose,5,CNN full patch,glucose_02_c0.01_wA05,A05,2,0.01,0.2181118629349034,0.2181118629349034
glucose,5,CNN full patch,glucose_02_c0.01_wA09,A09,2,0.01,-0.093700263011728,0.0
glucose,5,CNN full patch,glucose_02_c0.01_wB02,B02,2,0.01,0.0658503562436658,0.0658503562436658
glucose,5,CNN full patch,glucose_02_c0.01_wB05,B05,2,0.01,-0.3735497080057097,0.0
glucose,5,CNN full patch,glucose_02_c0.01_wB09,B09,2,0.01,-0.2462950295061121,0.0
glucose,5,CNN full patch,glucose_02_c0.01_wC11,C11,2,0.01,-0.1161230337094387,0.0
glucose,5,CNN full patch,glucose_02_c0.01_wD01,D01,2,0.01,0.0527560729150264,0.0527560729150264
glucose,5,CNN full patch,glucose_02_c0.01_wD04,D04,2,0.01,0.0644790936844836,0.0644790936844836
glucose,5,CNN full patch,glucose_02_c0.01_wD06,D06,2,0.01,0.0882106158432955,0.0882106158432955
glucose,5,CNN full patch,glucose_02_c0.01_wD08,D08,2,0.01,0.0977716285708352,0.0977716285708352
glucose,5,CNN full patch,glucose_02_c0.01_wE01,E01,2,0.01,0.1244483392169506,0.1244483392169506
glucose,5,CNN full patch,glucose_02_c0.01_wE05,E05,2,0.01,0.1232371369216451,0.1232371369216451
glucose,5,CNN full patch,glucose_02_c0.01_wE06,E06,2,0.01,-0.1095223395438971,0.0
glucose,5,CNN full patch,glucose_02_c0.01_wE09,E09,2,0.01,-0.1312586826422963,0.0
glucose,5,CNN full patch,glucose_02_c0.01_wF03,F03,2,0.01,0.3843551512835894,0.3843551512835894
glucose,5,CNN full patch,glucose_02_c0.01_wG10,G10,2,0.01,-0.0416074158374915,0.0
glucose,5,CNN full patch,glucose_02_c0.01_wH03,H03,2,0.01,0.3241780663039986,0.3241780663039986
glucose,5,CNN full patch,glucose_02_c0.01_wH08,H08,2,0.01,0.1043046355601111,0.1043046355601111
glucose,5,CNN full patch,glucose_02_c0.01_wH11,H11,2,0.01,0.4773422013987396,0.4773422013987396
glucose,5,CNN full patch,glucose_03_c0.05_wA05,A05,3,0.05,0.3286350677812013,0.3286350677812013
glucose,5,CNN full patch,glucose_03_c0.05_wA09,A09,3,0.05,0.1800585305978712,0.1800585305978712
glucose,5,CNN full patch,glucose_03_c0.05_wB02,B02,3,0.05,0.1971180879761318,0.1971180879761318
glucose,5,CNN full patch,glucose_03_c0.05_wB05,B05,3,0.05,0.1096085230603627,0.1096085230603627
glucose,5,CNN full patch,glucose_03_c0.05_wB09,B09,3,0.05,-0.2371023146494328,0.0
glucose,5,CNN full patch,glucose_03_c0.05_wC11,C11,3,0.05,0.1162291252189247,0.1162291252189247
glucose,5,CNN full patch,glucose_03_c0.05_wD01,D01,3,0.05,0.2887290976137748,0.2887290976137748
glucose,5,CNN full patch,glucose_03_c0.05_wD04,D04,3,0.05,-0.2742808897731894,0.0
glucose,5,CNN full patch,glucose_03_c0.05_wD06,D06,3,0.05,0.0069473828173221,0.0069473828173221
glucose,5,CNN full patch,glucose_03_c0.05_wD08,D08,3,0.05,0.326639490560928,0.326639490560928
glucose,5,CNN full patch,glucose_03_c0.05_wE01,E01,3,0.05,-0.1378952111952731,0.0
glucose,5,CNN full patch,glucose_03_c0.05_wE05,E05,3,0.05,0.0779452583227264,0.0779452583227264
glucose,5,CNN full patch,glucose_03_c0.05_wE06,E06,3,0.05,0.3228358694146243,0.3228358694146243
glucose,5,CNN full patch,glucose_03_c0.05_wE09,E09,3,0.05,0.1487683416494194,0.1487683416494194
glucose,5,CNN full patch,glucose_03_c0.05_wF03,F03,3,0.05,-0.1136799248060871,0.0
glucose,5,CNN full patch,glucose_03_c0.05_wG10,G10,3,0.05,0.1732539785838094,0.1732539785838094
glucose,5,CNN full patch,glucose_03_c0.05_wH03,H03,3,0.05,-0.1627790079900535,0.0
glucose,5,CNN full patch,glucose_03_c0.05_wH08,H08,3,0.05,0.1179738617271528,0.1179738617271528
glucose,5,CNN full patch,glucose_03_c0.05_wH11,H11,3,0.05,0.0669492774583417,0.0669492774583417
glucose,5,CNN full patch,glucose_04_c0.1_wA05,A05,4,0.1,0.5871507092956376,0.5871507092956376
glucose,5,CNN full patch,glucose_04_c0.1_wA09,A09,4,0.1,0.0508369423879484,0.0508369423879484
glucose,5,CNN full patch,glucose_04_c0.1_wB02,B02,4,0.1,-0.0415831280860077,0.0
glucose,5,CNN full patch,glucose_04_c0.1_wB05,B05,4,0.1,0.3399718734860792,0.3399718734860792
glucose,5,CNN full patch,glucose_04_c0.1_wB09,B09,4,0.1,0.3543012487016472,0.3543012487016472
glucose,5,CNN full patch,glucose_04_c0.1_wC11,C11,4,0.1,0.1295826106166773,0.1295826106166773
glucose,5,CNN full patch,glucose_04_c0.1_wD01,D01,4,0.1,0.1432745318957611,0.1432745318957611
glucose,5,CNN full patch,glucose_04_c0.1_wD04,D04,4,0.1,-0.2494365108045872,0.0
glucose,5,CNN full patch,glucose_04_c0.1_wD06,D06,4,0.1,-0.4671845642137144,0.0
glucose,5,CNN full patch,glucose_04_c0.1_wD08,D08,4,0.1,0.1838983842914698,0.1838983842914698
glucose,5,CNN full patch,glucose_04_c0.1_wE01,E01,4,0.1,0.1768493621231295,0.1768493621231295
glucose,5,CNN full patch,glucose_04_c0.1_wE05,E05,4,0.1,0.1466043428082004,0.1466043428082004
glucose,5,CNN full patch,glucose_04_c0.1_wE06,E06,4,0.1,0.3663782335869907,0.3663782335869907
glucose,5,CNN full patch,glucose_04_c0.1_wE09,E09,4,0.1,0.0149328769772996,0.0149328769772996
glucose,5,CNN full patch,glucose_04_c0.1_wF03,F03,4,0.1,-0.2231746827329983,0.0
glucose,5,CNN full patch,glucose_04_c0.1_wG10,G10,4,0.1,0.0302715874389551,0.0302715874389551
glucose,5,CNN full patch,glucose_04_c0.1_wH03,H03,4,0.1,-0.064881850476576,0.0
glucose,5,CNN full patch,glucose_04_c0.1_wH08,H08,4,0.1,0.7251561021856192,0.7251561021856192
glucose,5,CNN full patch,glucose_04_c0.1_wH11,H11,4,0.1,-0.2860258093349674,0.0
glucose,5,CNN full patch,glucose_05_c0.5_wA05,A05,5,0.5,0.3893679839258963,0.3893679839258963
glucose,5,CNN full patch,glucose_05_c0.5_wA09,A09,5,0.5,0.4139583369035691,0.4139583369035691
glucose,5,CNN full patch,glucose_05_c0.5_wB02,B02,5,0.5,0.3947542905172492,0.3947542905172492
glucose,5,CNN full patch,glucose_05_c0.5_wB05,B05,5,0.5,0.8977591979843114,0.8977591979843114
glucose,5,CNN full patch,glucose_05_c0.5_wB09,B09,5,0.5,0.970196023225164,0.970196023225164
glucose,5,CNN full patch,glucose_05_c0.5_wC11,C11,5,0.5,0.2837441361616948,0.2837441361616948
glucose,5,CNN full patch,glucose_05_c0.5_wD01,D01,5,0.5,0.4733148144108972,0.4733148144108972
glucose,5,CNN full patch,glucose_05_c0.5_wD04,D04,5,0.5,0.3719707869860249,0.3719707869860249
glucose,5,CNN full patch,glucose_05_c0.5_wD06,D06,5,0.5,0.302138325391982,0.302138325391982
glucose,5,CNN full patch,glucose_05_c0.5_wD08,D08,5,0.5,0.2401846511153316,0.2401846511153316
glucose,5,CNN full patch,glucose_05_c0.5_wE01,E01,5,0.5,0.557682101708469,0.557682101708469
glucose,5,CNN full patch,glucose_05_c0.5_wE05,E05,5,0.5,0.4922086942659733,0.4922086942659733
glucose,5,CNN full patch,glucose_05_c0.5_wE06,E06,5,0.5,0.2735050571919108,0.2735050571919108
glucose,5,CNN full patch,glucose_05_c0.5_wE09,E09,5,0.5,0.867366859521038,0.867366859521038
glucose,5,CNN full patch,glucose_05_c0.5_wF03,F03,5,0.5,0.6693305063202288,0.6693305063202288
glucose,5,CNN full patch,glucose_05_c0.5_wG10,G10,5,0.5,0.7382324683205406,0.7382324683205406
glucose,5,CNN full patch,glucose_05_c0.5_wH03,H03,5,0.5,0.4835065123572946,0.4835065123572946
glucose,5,CNN full patch,glucose_05_c0.5_wH08,H08,5,0.5,0.7351001446988548,0.7351001446988548
glucose,5,CNN full patch,glucose_05_c0.5_wH11,H11,5,0.5,0.5146848183849766,0.5146848183849766
glucose,5,CNN full patch,glucose_06_c1_wA05,A05,6,1.0,0.6965968917195813,0.6965968917195813
glucose,5,CNN full patch,glucose_06_c1_wA09,A09,6,1.0,0.4741537372367386,0.4741537372367386
glucose,5,CNN full patch,glucose_06_c1_wB02,B02,6,1.0,0.8463575563277113,0.8463575563277113
glucose,5,CNN full patch,glucose_06_c1_wB05,B05,6,1.0,0.3811774374378185,0.3811774374378185
glucose,5,CNN full patch,glucose_06_c1_wB09,B09,6,1.0,0.6412885055128363,0.6412885055128363
glucose,5,CNN full patch,glucose_06_c1_wC11,C11,6,1.0,0.3278538781351168,0.3278538781351168
glucose,5,CNN full patch,glucose_06_c1_wD01,D01,6,1.0,0.8591193761729246,0.8591193761729246
glucose,5,CNN full patch,glucose_06_c1_wD04,D04,6,1.0,0.6026498781810306,0.6026498781810306
glucose,5,CNN full patch,glucose_06_c1_wD06,D06,6,1.0,0.796617037608657,0.796617037608657
glucose,5,CNN full patch,glucose_06_c1_wD08,D08,6,1.0,0.6924058610291182,0.6924058610291182
glucose,5,CNN full patch,glucose_06_c1_wE01,E01,6,1.0,0.6419876742276811,0.6419876742276811
glucose,5,CNN full patch,glucose_06_c1_wE05,E05,6,1.0,0.964406380695236,0.964406380695236
glucose,5,CNN full patch,glucose_06_c1_wE06,E06,6,1.0,0.6805494567064319,0.6805494567064319
glucose,5,CNN full patch,glucose_06_c1_wE09,E09,6,1.0,0.8083213448646749,0.8083213448646749
glucose,5,CNN full patch,glucose_06_c1_wF03,F03,6,1.0,0.1891955030740959,0.1891955030740959
glucose,5,CNN full patch,glucose_06_c1_wG10,G10,6,1.0,0.8399240893035325,0.8399240893035325
glucose,5,CNN full patch,glucose_06_c1_wH03,H03,6,1.0,0.4737850412060176,0.4737850412060176
glucose,5,CNN full patch,glucose_06_c1_wH08,H08,6,1.0,0.9393609309971374,0.9393609309971374
glucose,5,CNN full patch,glucose_06_c1_wH11,H11,6,1.0,0.3390947273136406,0.3390947273136406
glucose,5,CNN full patch,glucose_07_c2.5_wA05,A05,7,2.5,2.580262921873555,2.580262921873555
glucose,5,CNN full patch,glucose_07_c2.5_wA09,A09,7,2.5,2.640243913121904,2.640243913121904
glucose,5,CNN full patch,glucose_07_c2.5_wB02,B02,7,2.5,2.33205563914461,2.33205563914461
glucose,5,CNN full patch,glucose_07_c2.5_wB05,B05,7,2.5,2.509624584722083,2.509624584722083
glucose,5,CNN full patch,glucose_07_c2.5_wB09,B09,7,2.5,2.080867731700787,2.080867731700787
glucose,5,CNN full patch,glucose_07_c2.5_wC11,C11,7,2.5,2.081250363326621,2.081250363326621
glucose,5,CNN full patch,glucose_07_c2.5_wD01,D01,7,2.5,2.390050808089265,2.390050808089265
glucose,5,CNN full patch,glucose_07_c2.5_wD04,D04,7,2.5,2.773903590215661,2.773903590215661
glucose,5,CNN full patch,glucose_07_c2.5_wD06,D06,7,2.5,2.7737594563462005,2.7737594563462005
glucose,5,CNN full patch,glucose_07_c2.5_wD08,D08,7,2.5,2.5324594508752973,2.5324594508752973
glucose,5,CNN full patch,glucose_07_c2.5_wE01,E01,7,2.5,2.2745115853217768,2.2745115853217768
glucose,5,CNN full patch,glucose_07_c2.5_wE05,E05,7,2.5,2.360342906426002,2.360342906426002
glucose,5,CNN full patch,glucose_07_c2.5_wE06,E06,7,2.5,3.0959301092207325,3.0959301092207325
glucose,5,CNN full patch,glucose_07_c2.5_wE09,E09,7,2.5,2.4581072776260395,2.4581072776260395
glucose,5,CNN full patch,glucose_07_c2.5_wF03,F03,7,2.5,2.401134583202865,2.401134583202865
glucose,5,CNN full patch,glucose_07_c2.5_wG10,G10,7,2.5,2.931791095734207,2.931791095734207
glucose,5,CNN full patch,glucose_07_c2.5_wH03,H03,7,2.5,2.9382333222753134,2.9382333222753134
glucose,5,CNN full patch,glucose_07_c2.5_wH08,H08,7,2.5,2.3329602583474154,2.3329602583474154
glucose,5,CNN full patch,glucose_07_c2.5_wH11,H11,7,2.5,2.4686173043808184,2.4686173043808184
glucose,5,CNN full patch,glucose_08_c5_wA05,A05,8,5.0,4.248638341276728,4.248638341276728
glucose,5,CNN full patch,glucose_08_c5_wA09,A09,8,5.0,4.7859496230596505,4.7859496230596505
glucose,5,CNN full patch,glucose_08_c5_wB02,B02,8,5.0,4.315805819385217,4.315805819385217
glucose,5,CNN full patch,glucose_08_c5_wB05,B05,8,5.0,6.170663689620444,6.170663689620444
glucose,5,CNN full patch,glucose_08_c5_wB09,B09,8,5.0,4.6547895437994375,4.6547895437994375
glucose,5,CNN full patch,glucose_08_c5_wC11,C11,8,5.0,7.622126992241379,7.622126992241379
glucose,5,CNN full patch,glucose_08_c5_wD01,D01,8,5.0,4.319198240935704,4.319198240935704
glucose,5,CNN full patch,glucose_08_c5_wD04,D04,8,5.0,4.960167232207231,4.960167232207231
glucose,5,CNN full patch,glucose_08_c5_wD06,D06,8,5.0,6.114808331305489,6.114808331305489
glucose,5,CNN full patch,glucose_08_c5_wD08,D08,8,5.0,5.838060850243839,5.838060850243839
glucose,5,CNN full patch,glucose_08_c5_wE01,E01,8,5.0,4.928413386101355,4.928413386101355
glucose,5,CNN full patch,glucose_08_c5_wE05,E05,8,5.0,5.3167321531868055,5.3167321531868055
glucose,5,CNN full patch,glucose_08_c5_wE06,E06,8,5.0,5.113240263348917,5.113240263348917
glucose,5,CNN full patch,glucose_08_c5_wE09,E09,8,5.0,5.871241900369282,5.871241900369282
glucose,5,CNN full patch,glucose_08_c5_wF03,F03,8,5.0,4.818237998778099,4.818237998778099
glucose,5,CNN full patch,glucose_08_c5_wG10,G10,8,5.0,5.009883214324889,5.009883214324889
glucose,5,CNN full patch,glucose_08_c5_wH03,H03,8,5.0,4.662932609724164,4.662932609724164
glucose,5,CNN full patch,glucose_08_c5_wH08,H08,8,5.0,5.141824284151256,5.141824284151256
glucose,5,CNN full patch,glucose_08_c5_wH11,H11,8,5.0,4.92374095525469,4.92374095525469
glucose,5,CNN full patch,glucose_09_c10_wA05,A05,9,10.0,9.82627468114211,9.82627468114211
glucose,5,CNN full patch,glucose_09_c10_wA09,A09,9,10.0,9.319636564948992,9.319636564948992
glucose,5,CNN full patch,glucose_09_c10_wB02,B02,9,10.0,10.135289335909643,10.135289335909643
glucose,5,CNN full patch,glucose_09_c10_wB05,B05,9,10.0,11.144077112189706,11.144077112189706
glucose,5,CNN full patch,glucose_09_c10_wB09,B09,9,10.0,10.493532077655908,10.493532077655908
glucose,5,CNN full patch,glucose_09_c10_wC11,C11,9,10.0,10.96363623953924,10.96363623953924
glucose,5,CNN full patch,glucose_09_c10_wD01,D01,9,10.0,9.586533073364771,9.586533073364771
glucose,5,CNN full patch,glucose_09_c10_wD04,D04,9,10.0,9.770543051003772,9.770543051003772
glucose,5,CNN full patch,glucose_09_c10_wD06,D06,9,10.0,10.419539243680653,10.419539243680653
glucose,5,CNN full patch,glucose_09_c10_wD08,D08,9,10.0,10.838641914567075,10.838641914567075
glucose,5,CNN full patch,glucose_09_c10_wE01,E01,9,10.0,9.987531415399276,9.987531415399276
glucose,5,CNN full patch,glucose_09_c10_wE05,E05,9,10.0,8.988974356731926,8.988974356731926
glucose,5,CNN full patch,glucose_09_c10_wE06,E06,9,10.0,9.994375783399374,9.994375783399374
glucose,5,CNN full patch,glucose_09_c10_wE09,E09,9,10.0,10.680265070580113,10.680265070580113
glucose,5,CNN full patch,glucose_09_c10_wF03,F03,9,10.0,9.223527145208664,9.223527145208664
glucose,5,CNN full patch,glucose_09_c10_wG10,G10,9,10.0,11.010024252233814,11.010024252233814
glucose,5,CNN full patch,glucose_09_c10_wH03,H03,9,10.0,8.800506979455864,8.800506979455864
glucose,5,CNN full patch,glucose_09_c10_wH08,H08,9,10.0,11.644348652215193,11.644348652215193
glucose,5,CNN full patch,glucose_09_c10_wH11,H11,9,10.0,12.135596695324663,12.135596695324663
glucose,5,CNN full patch,glucose_10_c15_wA05,A05,10,15.0,15.92939523787244,15.92939523787244
glucose,5,CNN full patch,glucose_10_c15_wA09,A09,10,15.0,14.95888535609067,14.95888535609067
glucose,5,CNN full patch,glucose_10_c15_wB02,B02,10,15.0,14.4593213461371,14.4593213461371
glucose,5,CNN full patch,glucose_10_c15_wB05,B05,10,15.0,15.425732570316017,15.425732570316017
glucose,5,CNN full patch,glucose_10_c15_wB09,B09,10,15.0,15.63271119582132,15.63271119582132
glucose,5,CNN full patch,glucose_10_c15_wC11,C11,10,15.0,15.45952917558562,15.45952917558562
glucose,5,CNN full patch,glucose_10_c15_wD01,D01,10,15.0,15.153070308961931,15.153070308961931
glucose,5,CNN full patch,glucose_10_c15_wD04,D04,10,15.0,15.122689118974748,15.122689118974748
glucose,5,CNN full patch,glucose_10_c15_wD06,D06,10,15.0,13.333247221622155,13.333247221622155
glucose,5,CNN full patch,glucose_10_c15_wD08,D08,10,15.0,14.16695256065288,14.16695256065288
glucose,5,CNN full patch,glucose_10_c15_wE01,E01,10,15.0,13.6304647978862,13.6304647978862
glucose,5,CNN full patch,glucose_10_c15_wE05,E05,10,15.0,14.495928163701334,14.495928163701334
glucose,5,CNN full patch,glucose_10_c15_wE06,E06,10,15.0,13.273234178505046,13.273234178505046
glucose,5,CNN full patch,glucose_10_c15_wE09,E09,10,15.0,14.652008421613573,14.652008421613573
glucose,5,CNN full patch,glucose_10_c15_wF03,F03,10,15.0,15.14288537973316,15.14288537973316
glucose,5,CNN full patch,glucose_10_c15_wG10,G10,10,15.0,16.627510421726306,16.627510421726306
glucose,5,CNN full patch,glucose_10_c15_wH03,H03,10,15.0,14.753752599698135,14.753752599698135
glucose,5,CNN full patch,glucose_10_c15_wH08,H08,10,15.0,15.250135312367194,15.250135312367194
glucose,5,CNN full patch,glucose_10_c15_wH11,H11,10,15.0,17.669959827083304,17.669959827083304
glucose,5,CNN full patch,glucose_11_c20_wA05,A05,11,20.0,19.398620232788232,19.398620232788232
glucose,5,CNN full patch,glucose_11_c20_wA09,A09,11,20.0,19.549790383302145,19.549790383302145
glucose,5,CNN full patch,glucose_11_c20_wB02,B02,11,20.0,21.77066237897869,20.0
glucose,5,CNN full patch,glucose_11_c20_wB05,B05,11,20.0,18.383602449172653,18.383602449172653
glucose,5,CNN full patch,glucose_11_c20_wB09,B09,11,20.0,18.823159786566883,18.823159786566883
glucose,5,CNN full patch,glucose_11_c20_wC11,C11,11,20.0,20.942461201857995,20.0
glucose,5,CNN full patch,glucose_11_c20_wD01,D01,11,20.0,17.656794273139656,17.656794273139656
glucose,5,CNN full patch,glucose_11_c20_wD04,D04,11,20.0,18.92698554440156,18.92698554440156
glucose,5,CNN full patch,glucose_11_c20_wD06,D06,11,20.0,18.735378278466467,18.735378278466467
glucose,5,CNN full patch,glucose_11_c20_wD08,D08,11,20.0,20.31898108383419,20.0
glucose,5,CNN full patch,glucose_11_c20_wE01,E01,11,20.0,17.384879756003382,17.384879756003382
glucose,5,CNN full patch,glucose_11_c20_wE05,E05,11,20.0,16.965589551822713,16.965589551822713
glucose,5,CNN full patch,glucose_11_c20_wE06,E06,11,20.0,20.721442663355624,20.0
glucose,5,CNN full patch,glucose_11_c20_wE09,E09,11,20.0,18.25545390178648,18.25545390178648
glucose,5,CNN full patch,glucose_11_c20_wF03,F03,11,20.0,18.111890993565176,18.111890993565176
glucose,5,CNN full patch,glucose_11_c20_wG10,G10,11,20.0,22.686926961380955,20.0
glucose,5,CNN full patch,glucose_11_c20_wH03,H03,11,20.0,15.5932615168539,15.5932615168539
glucose,5,CNN full patch,glucose_11_c20_wH08,H08,11,20.0,21.565883984861895,20.0
glucose,5,CNN full patch,glucose_11_c20_wH11,H11,11,20.0,21.79647587904748,20.0
ketone,1,CNN full patch,ketone_01_c0_wA06,A06,1,0.0,0.1534826822077227,0.1534826822077227
ketone,1,CNN full patch,ketone_01_c0_wA11,A11,1,0.0,0.1204530120044978,0.1204530120044978
ketone,1,CNN full patch,ketone_01_c0_wA12,A12,1,0.0,0.3519810030281344,0.3519810030281344
ketone,1,CNN full patch,ketone_01_c0_wC01,C01,1,0.0,0.0014117491086497,0.0014117491086497
ketone,1,CNN full patch,ketone_01_c0_wC03,C03,1,0.0,-0.0031963740113915,0.0
ketone,1,CNN full patch,ketone_01_c0_wC09,C09,1,0.0,-0.0017676092135063,0.0
ketone,1,CNN full patch,ketone_01_c0_wD02,D02,1,0.0,-0.0094008512433836,0.0
ketone,1,CNN full patch,ketone_01_c0_wD03,D03,1,0.0,-0.0186546451376521,0.0
ketone,1,CNN full patch,ketone_01_c0_wE02,E02,1,0.0,-0.0307862545026726,0.0
ketone,1,CNN full patch,ketone_01_c0_wE03,E03,1,0.0,-0.0392669813936299,0.0
ketone,1,CNN full patch,ketone_01_c0_wE08,E08,1,0.0,0.0186721751244681,0.0186721751244681
ketone,1,CNN full patch,ketone_01_c0_wE10,E10,1,0.0,0.000403013986397,0.000403013986397
ketone,1,CNN full patch,ketone_01_c0_wE11,E11,1,0.0,-0.0371368441527317,0.0
ketone,1,CNN full patch,ketone_01_c0_wF01,F01,1,0.0,-4.139920671588143e-05,0.0
ketone,1,CNN full patch,ketone_01_c0_wF12,F12,1,0.0,0.0195506654218673,0.0195506654218673
ketone,1,CNN full patch,ketone_01_c0_wG06,G06,1,0.0,-0.1104437179595766,0.0
ketone,1,CNN full patch,ketone_01_c0_wG09,G09,1,0.0,-0.0096115146972545,0.0
ketone,1,CNN full patch,ketone_01_c0_wG11,G11,1,0.0,-0.0164384814503174,0.0
ketone,1,CNN full patch,ketone_01_c0_wG12,G12,1,0.0,0.0121243865803161,0.0121243865803161
ketone,1,CNN full patch,ketone_01_c0_wH05,H05,1,0.0,-0.042266684378119,0.0
ketone,1,CNN full patch,ketone_02_c0.01_wA06,A06,2,0.01,0.0495690034376246,0.0495690034376246
ketone,1,CNN full patch,ketone_02_c0.01_wA11,A11,2,0.01,-0.0053105053092202,0.0
ketone,1,CNN full patch,ketone_02_c0.01_wA12,A12,2,0.01,0.3094781822428933,0.3094781822428933
ketone,1,CNN full patch,ketone_02_c0.01_wC01,C01,2,0.01,-3.4634534514122824e-05,0.0
ketone,1,CNN full patch,ketone_02_c0.01_wC03,C03,2,0.01,-0.0105578303903244,0.0
ketone,1,CNN full patch,ketone_02_c0.01_wC09,C09,2,0.01,-0.0398444076712361,0.0
ketone,1,CNN full patch,ketone_02_c0.01_wD02,D02,2,0.01,-0.0087241917212031,0.0
ketone,1,CNN full patch,ketone_02_c0.01_wD03,D03,2,0.01,-0.0112965277537189,0.0
ketone,1,CNN full patch,ketone_02_c0.01_wE02,E02,2,0.01,0.0408041190348134,0.0408041190348134
ketone,1,CNN full patch,ketone_02_c0.01_wE03,E03,2,0.01,-0.0241421004503759,0.0
ketone,1,CNN full patch,ketone_02_c0.01_wE08,E08,2,0.01,-0.0490234994903591,0.0
ketone,1,CNN full patch,ketone_02_c0.01_wE10,E10,2,0.01,0.0089221855506721,0.0089221855506721
ketone,1,CNN full patch,ketone_02_c0.01_wE11,E11,2,0.01,-0.0194518742589105,0.0
ketone,1,CNN full patch,ketone_02_c0.01_wF01,F01,2,0.01,-0.0123487995405808,0.0
ketone,1,CNN full patch,ketone_02_c0.01_wF12,F12,2,0.01,0.0196635870067388,0.0196635870067388
ketone,1,CNN full patch,ketone_02_c0.01_wG06,G06,2,0.01,-0.0644674233139627,0.0
ketone,1,CNN full patch,ketone_02_c0.01_wG09,G09,2,0.01,0.0157882590434456,0.0157882590434456
ketone,1,CNN full patch,ketone_02_c0.01_wG11,G11,2,0.01,0.0139778703863339,0.0139778703863339
ketone,1,CNN full patch,ketone_02_c0.01_wG12,G12,2,0.01,0.022355192078076,0.022355192078076
ketone,1,CNN full patch,ketone_02_c0.01_wH05,H05,2,0.01,-0.02702523706483,0.0
ketone,1,CNN full patch,ketone_03_c0.05_wA06,A06,3,0.05,-0.0189625937412989,0.0
ketone,1,CNN full patch,ketone_03_c0.05_wA11,A11,3,0.05,0.0231767636970822,0.0231767636970822
ketone,1,CNN full patch,ketone_03_c0.05_wA12,A12,3,0.05,0.1638871669799288,0.1638871669799288
ketone,1,CNN full patch,ketone_03_c0.05_wC01,C01,3,0.05,0.0992484447262928,0.0992484447262928
ketone,1,CNN full patch,ketone_03_c0.05_wC03,C03,3,0.05,0.0587733590431849,0.0587733590431849
ketone,1,CNN full patch,ketone_03_c0.05_wC09,C09,3,0.05,0.0203244367555176,0.0203244367555176
ketone,1,CNN full patch,ketone_03_c0.05_wD02,D02,3,0.05,0.0624395260187712,0.0624395260187712
ketone,1,CNN full patch,ketone_03_c0.05_wD03,D03,3,0.05,0.1119581196978837,0.1119581196978837
ketone,1,CNN full patch,ketone_03_c0.05_wE02,E02,3,0.05,0.0964409312686044,0.0964409312686044
ketone,1,CNN full patch,ketone_03_c0.05_wE03,E03,3,0.05,0.0998678633345023,0.0998678633345023
ketone,1,CNN full patch,ketone_03_c0.05_wE08,E08,3,0.05,0.0284332645787919,0.0284332645787919
ketone,1,CNN full patch,ketone_03_c0.05_wE10,E10,3,0.05,0.1132997816674108,0.1132997816674108
ketone,1,CNN full patch,ketone_03_c0.05_wE11,E11,3,0.05,0.1391327555931869,0.1391327555931869
ketone,1,CNN full patch,ketone_03_c0.05_wF01,F01,3,0.05,0.0781429459291704,0.0781429459291704
ketone,1,CNN full patch,ketone_03_c0.05_wF12,F12,3,0.05,0.1346963679523845,0.1346963679523845
ketone,1,CNN full patch,ketone_03_c0.05_wG06,G06,3,0.05,0.03867885317633,0.03867885317633
ketone,1,CNN full patch,ketone_03_c0.05_wG09,G09,3,0.05,0.0421191561389899,0.0421191561389899
ketone,1,CNN full patch,ketone_03_c0.05_wG11,G11,3,0.05,0.1053632429158154,0.1053632429158154
ketone,1,CNN full patch,ketone_03_c0.05_wG12,G12,3,0.05,0.120385197945554,0.120385197945554
ketone,1,CNN full patch,ketone_03_c0.05_wH05,H05,3,0.05,0.0658698683879514,0.0658698683879514
ketone,1,CNN full patch,ketone_04_c0.1_wA06,A06,4,0.1,0.0924101757542345,0.0924101757542345
ketone,1,CNN full patch,ketone_04_c0.1_wA11,A11,4,0.1,0.1541173420126328,0.1541173420126328
ketone,1,CNN full patch,ketone_04_c0.1_wA12,A12,4,0.1,0.2192852390006337,0.2192852390006337
ketone,1,CNN full patch,ketone_04_c0.1_wC01,C01,4,0.1,0.1171146207974671,0.1171146207974671
ketone,1,CNN full patch,ketone_04_c0.1_wC03,C03,4,0.1,0.1682329057356747,0.1682329057356747
ketone,1,CNN full patch,ketone_04_c0.1_wC09,C09,4,0.1,0.1157092934900901,0.1157092934900901
ketone,1,CNN full patch,ketone_04_c0.1_wD02,D02,4,0.1,-0.0047285821557521,0.0
ketone,1,CNN full patch,ketone_04_c0.1_wD03,D03,4,0.1,0.0081739566243,0.0081739566243
ketone,1,CNN full patch,ketone_04_c0.1_wE02,E02,4,0.1,0.017910090212904,0.017910090212904
ketone,1,CNN full patch,ketone_04_c0.1_wE03,E03,4,0.1,0.1091225790119443,0.1091225790119443
ketone,1,CNN full patch,ketone_04_c0.1_wE08,E08,4,0.1,0.1869744451869337,0.1869744451869337
ketone,1,CNN full patch,ketone_04_c0.1_wE10,E10,4,0.1,0.2188967522838938,0.2188967522838938
ketone,1,CNN full patch,ketone_04_c0.1_wE11,E11,4,0.1,0.1306654295018896,0.1306654295018896
ketone,1,CNN full patch,ketone_04_c0.1_wF01,F01,4,0.1,0.0842567482175068,0.0842567482175068
ketone,1,CNN full patch,ketone_04_c0.1_wF12,F12,4,0.1,0.2236538142015043,0.2236538142015043
ketone,1,CNN full patch,ketone_04_c0.1_wG06,G06,4,0.1,0.096671567536157,0.096671567536157
ketone,1,CNN full patch,ketone_04_c0.1_wG09,G09,4,0.1,0.087637627583058,0.087637627583058
ketone,1,CNN full patch,ketone_04_c0.1_wG11,G11,4,0.1,0.1007931889554883,0.1007931889554883
ketone,1,CNN full patch,ketone_04_c0.1_wG12,G12,4,0.1,0.1824506922134663,0.1824506922134663
ketone,1,CNN full patch,ketone_04_c0.1_wH05,H05,4,0.1,0.1443098836626968,0.1443098836626968
ketone,1,CNN full patch,ketone_05_c0.5_wA06,A06,5,0.5,0.6796593009509371,0.6796593009509371
ketone,1,CNN full patch,ketone_05_c0.5_wA11,A11,5,0.5,0.5137301365002398,0.5137301365002398
ketone,1,CNN full patch,ketone_05_c0.5_wA12,A12,5,0.5,0.4950167999847985,0.4950167999847985
ketone,1,CNN full patch,ketone_05_c0.5_wC01,C01,5,0.5,0.3184003891059183,0.3184003891059183
ketone,1,CNN full patch,ketone_05_c0.5_wC03,C03,5,0.5,0.3756097175405636,0.3756097175405636
ketone,1,CNN full patch,ketone_05_c0.5_wC09,C09,5,0.5,0.4062455430726809,0.4062455430726809
ketone,1,CNN full patch,ketone_05_c0.5_wD02,D02,5,0.5,0.396218278807892,0.396218278807892
ketone,1,CNN full patch,ketone_05_c0.5_wD03,D03,5,0.5,0.3568505338332057,0.3568505338332057
ketone,1,CNN full patch,ketone_05_c0.5_wE02,E02,5,0.5,0.4251679443271114,0.4251679443271114
ketone,1,CNN full patch,ketone_05_c0.5_wE03,E03,5,0.5,0.404855400638446,0.404855400638446
ketone,1,CNN full patch,ketone_05_c0.5_wE08,E08,5,0.5,0.5072951161861707,0.5072951161861707
ketone,1,CNN full patch,ketone_05_c0.5_wE10,E10,5,0.5,0.4823487592354959,0.4823487592354959
ketone,1,CNN full patch,ketone_05_c0.5_wE11,E11,5,0.5,0.4416402233460901,0.4416402233460901
ketone,1,CNN full patch,ketone_05_c0.5_wF01,F01,5,0.5,0.4038601637741568,0.4038601637741568
ketone,1,CNN full patch,ketone_05_c0.5_wF12,F12,5,0.5,0.4197438551202506,0.4197438551202506
ketone,1,CNN full patch,ketone_05_c0.5_wG06,G06,5,0.5,0.4165700029603913,0.4165700029603913
ketone,1,CNN full patch,ketone_05_c0.5_wG09,G09,5,0.5,0.4048693683368995,0.4048693683368995
ketone,1,CNN full patch,ketone_05_c0.5_wG11,G11,5,0.5,0.3543352844323785,0.3543352844323785
ketone,1,CNN full patch,ketone_05_c0.5_wG12,G12,5,0.5,0.4341847586830689,0.4341847586830689
ketone,1,CNN full patch,ketone_05_c0.5_wH05,H05,5,0.5,0.5459107765295401,0.5459107765295401
ketone,1,CNN full patch,ketone_06_c1_wA06,A06,6,1.0,1.0184997441184305,1.0184997441184305
ketone,1,CNN full patch,ketone_06_c1_wA11,A11,6,1.0,1.0407405584270537,1.0407405584270537
ketone,1,CNN full patch,ketone_06_c1_wA12,A12,6,1.0,1.3751479183047597,1.3751479183047597
ketone,1,CNN full patch,ketone_06_c1_wC01,C01,6,1.0,0.8210358283323931,0.8210358283323931
ketone,1,CNN full patch,ketone_06_c1_wC03,C03,6,1.0,0.9185988371958024,0.9185988371958024
ketone,1,CNN full patch,ketone_06_c1_wC09,C09,6,1.0,0.9781566305376772,0.9781566305376772
ketone,1,CNN full patch,ketone_06_c1_wD02,D02,6,1.0,0.8912043212599512,0.8912043212599512
ketone,1,CNN full patch,ketone_06_c1_wD03,D03,6,1.0,0.9073941602318992,0.9073941602318992
ketone,1,CNN full patch,ketone_06_c1_wE02,E02,6,1.0,0.8892830561511611,0.8892830561511611
ketone,1,CNN full patch,ketone_06_c1_wE03,E03,6,1.0,0.8796723538180815,0.8796723538180815
ketone,1,CNN full patch,ketone_06_c1_wE08,E08,6,1.0,0.9045257189222992,0.9045257189222992
ketone,1,CNN full patch,ketone_06_c1_wE10,E10,6,1.0,0.938332033915166,0.938332033915166
ketone,1,CNN full patch,ketone_06_c1_wE11,E11,6,1.0,1.0163553795892906,1.0163553795892906
ketone,1,CNN full patch,ketone_06_c1_wF01,F01,6,1.0,0.9796976344611688,0.9796976344611688
ketone,1,CNN full patch,ketone_06_c1_wF12,F12,6,1.0,0.9800162966918232,0.9800162966918232
ketone,1,CNN full patch,ketone_06_c1_wG06,G06,6,1.0,0.866098560493409,0.866098560493409
ketone,1,CNN full patch,ketone_06_c1_wG09,G09,6,1.0,0.93566082671452,0.93566082671452
ketone,1,CNN full patch,ketone_06_c1_wG11,G11,6,1.0,1.03832341985766,1.03832341985766
ketone,1,CNN full patch,ketone_06_c1_wG12,G12,6,1.0,1.063497192683451,1.063497192683451
ketone,1,CNN full patch,ketone_06_c1_wH05,H05,6,1.0,1.0518526084250173,1.0518526084250173
ketone,1,CNN full patch,ketone_07_c5_wA06,A06,7,5.0,6.173813562109697,6.173813562109697
ketone,1,CNN full patch,ketone_07_c5_wA11,A11,7,5.0,5.98279465835093,5.98279465835093
ketone,1,CNN full patch,ketone_07_c5_wA12,A12,7,5.0,5.78901232855923,5.78901232855923
ketone,1,CNN full patch,ketone_07_c5_wC01,C01,7,5.0,5.489240305420731,5.489240305420731
ketone,1,CNN full patch,ketone_07_c5_wC03,C03,7,5.0,4.150271504065785,4.150271504065785
ketone,1,CNN full patch,ketone_07_c5_wC09,C09,7,5.0,4.786935711232015,4.786935711232015
ketone,1,CNN full patch,ketone_07_c5_wD02,D02,7,5.0,3.9771045537318166,3.9771045537318166
ketone,1,CNN full patch,ketone_07_c5_wD03,D03,7,5.0,5.335866108166135,5.335866108166135
ketone,1,CNN full patch,ketone_07_c5_wE02,E02,7,5.0,4.764022546714348,4.764022546714348
ketone,1,CNN full patch,ketone_07_c5_wE03,E03,7,5.0,4.047249850786571,4.047249850786571
ketone,1,CNN full patch,ketone_07_c5_wE08,E08,7,5.0,5.538905852295424,5.538905852295424
ketone,1,CNN full patch,ketone_07_c5_wE10,E10,7,5.0,5.017207197769152,5.017207197769152
ketone,1,CNN full patch,ketone_07_c5_wE11,E11,7,5.0,4.879630603944877,4.879630603944877
ketone,1,CNN full patch,ketone_07_c5_wF01,F01,7,5.0,4.302315708774061,4.302315708774061
ketone,1,CNN full patch,ketone_07_c5_wF12,F12,7,5.0,4.599476336913165,4.599476336913165
ketone,1,CNN full patch,ketone_07_c5_wG06,G06,7,5.0,5.133262191235398,5.133262191235398
ketone,1,CNN full patch,ketone_07_c5_wG09,G09,7,5.0,5.141510628478303,5.141510628478303
ketone,1,CNN full patch,ketone_07_c5_wG11,G11,7,5.0,4.673389844192718,4.673389844192718
ketone,1,CNN full patch,ketone_07_c5_wG12,G12,7,5.0,4.756340691428988,4.756340691428988
ketone,1,CNN full patch,ketone_07_c5_wH05,H05,7,5.0,5.065852766150904,5.065852766150904
ketone,1,CNN full patch,ketone_08_c10_wA06,A06,8,10.0,9.423505661833094,9.423505661833094
ketone,1,CNN full patch,ketone_08_c10_wA11,A11,8,10.0,10.272559032845534,10.0
ketone,1,CNN full patch,ketone_08_c10_wA12,A12,8,10.0,11.081015157197914,10.0
ketone,1,CNN full patch,ketone_08_c10_wC01,C01,8,10.0,8.678680011289133,8.678680011289133
ketone,1,CNN full patch,ketone_08_c10_wC03,C03,8,10.0,10.263471811798832,10.0
ketone,1,CNN full patch,ketone_08_c10_wC09,C09,8,10.0,10.692843828370382,10.0
ketone,1,CNN full patch,ketone_08_c10_wD02,D02,8,10.0,9.144314457054536,9.144314457054536
ketone,1,CNN full patch,ketone_08_c10_wD03,D03,8,10.0,11.58372842553992,10.0
ketone,1,CNN full patch,ketone_08_c10_wE02,E02,8,10.0,10.311981590785717,10.0
ketone,1,CNN full patch,ketone_08_c10_wE03,E03,8,10.0,9.713904177816966,9.713904177816966
ketone,1,CNN full patch,ketone_08_c10_wE08,E08,8,10.0,11.77138696148908,10.0
ketone,1,CNN full patch,ketone_08_c10_wE10,E10,8,10.0,10.710110227487029,10.0
ketone,1,CNN full patch,ketone_08_c10_wE11,E11,8,10.0,9.563578101734771,9.563578101734771
ketone,1,CNN full patch,ketone_08_c10_wF01,F01,8,10.0,10.649803461016743,10.0
ketone,1,CNN full patch,ketone_08_c10_wF12,F12,8,10.0,7.967898437531282,7.967898437531282
ketone,1,CNN full patch,ketone_08_c10_wG06,G06,8,10.0,10.117352299554277,10.0
ketone,1,CNN full patch,ketone_08_c10_wG09,G09,8,10.0,9.629950767709705,9.629950767709705
ketone,1,CNN full patch,ketone_08_c10_wG11,G11,8,10.0,10.003019452601366,10.0
ketone,1,CNN full patch,ketone_08_c10_wG12,G12,8,10.0,8.906426265047521,8.906426265047521
ketone,1,CNN full patch,ketone_08_c10_wH05,H05,8,10.0,9.734507944540605,9.734507944540605
ketone,2,CNN full patch,ketone_01_c0_wA04,A04,1,0.0,-0.0224206660541921,0.0
ketone,2,CNN full patch,ketone_01_c0_wB04,B04,1,0.0,-0.053882556940592,0.0
ketone,2,CNN full patch,ketone_01_c0_wB08,B08,1,0.0,-0.0422485196059785,0.0
ketone,2,CNN full patch,ketone_01_c0_wB10,B10,1,0.0,0.0996214805683581,0.0996214805683581
ketone,2,CNN full patch,ketone_01_c0_wB12,B12,1,0.0,0.0580058960298259,0.0580058960298259
ketone,2,CNN full patch,ketone_01_c0_wC04,C04,1,0.0,-0.021872771518665,0.0
ketone,2,CNN full patch,ketone_01_c0_wC08,C08,1,0.0,0.1480017578153114,0.1480017578153114
ketone,2,CNN full patch,ketone_01_c0_wC12,C12,1,0.0,-0.0354834235891026,0.0
ketone,2,CNN full patch,ketone_01_c0_wD07,D07,1,0.0,0.0174046322545251,0.0174046322545251
ketone,2,CNN full patch,ketone_01_c0_wE07,E07,1,0.0,-0.0496980300702514,0.0
ketone,2,CNN full patch,ketone_01_c0_wF02,F02,1,0.0,-0.0752766588756821,0.0
ketone,2,CNN full patch,ketone_01_c0_wF05,F05,1,0.0,-0.0705639995840883,0.0
ketone,2,CNN full patch,ketone_01_c0_wF06,F06,1,0.0,-0.214987345584277,0.0
ketone,2,CNN full patch,ketone_01_c0_wF10,F10,1,0.0,0.105219200263495,0.105219200263495
ketone,2,CNN full patch,ketone_01_c0_wG03,G03,1,0.0,-0.0194894202064124,0.0
ketone,2,CNN full patch,ketone_01_c0_wH01,H01,1,0.0,-0.1448828584321719,0.0
ketone,2,CNN full patch,ketone_01_c0_wH02,H02,1,0.0,-0.0719777973715665,0.0
ketone,2,CNN full patch,ketone_01_c0_wH04,H04,1,0.0,0.0227200360314667,0.0227200360314667
ketone,2,CNN full patch,ketone_01_c0_wH06,H06,1,0.0,-0.2678425317888577,0.0
ketone,2,CNN full patch,ketone_02_c0.01_wA04,A04,2,0.01,-0.208157921868898,0.0
ketone,2,CNN full patch,ketone_02_c0.01_wB04,B04,2,0.01,0.0707518547736758,0.0707518547736758
ketone,2,CNN full patch,ketone_02_c0.01_wB08,B08,2,0.01,0.053073231976267,0.053073231976267
ketone,2,CNN full patch,ketone_02_c0.01_wB10,B10,2,0.01,-0.0096712791884785,0.0
ketone,2,CNN full patch,ketone_02_c0.01_wB12,B12,2,0.01,0.3461887423139889,0.3461887423139889
ketone,2,CNN full patch,ketone_02_c0.01_wC04,C04,2,0.01,0.1334278035011453,0.1334278035011453
ketone,2,CNN full patch,ketone_02_c0.01_wC08,C08,2,0.01,-0.0074948251134179,0.0
ketone,2,CNN full patch,ketone_02_c0.01_wC12,C12,2,0.01,0.3139565322793696,0.3139565322793696
ketone,2,CNN full patch,ketone_02_c0.01_wD07,D07,2,0.01,-0.0269350992403669,0.0
ketone,2,CNN full patch,ketone_02_c0.01_wE07,E07,2,0.01,-0.0640080190009046,0.0
ketone,2,CNN full patch,ketone_02_c0.01_wF02,F02,2,0.01,0.0792281885632713,0.0792281885632713
ketone,2,CNN full patch,ketone_02_c0.01_wF05,F05,2,0.01,-0.1128819457962455,0.0
ketone,2,CNN full patch,ketone_02_c0.01_wF06,F06,2,0.01,0.0319783849144643,0.0319783849144643
ketone,2,CNN full patch,ketone_02_c0.01_wF10,F10,2,0.01,-0.0305412817868613,0.0
ketone,2,CNN full patch,ketone_02_c0.01_wG03,G03,2,0.01,-0.0929242269220891,0.0
ketone,2,CNN full patch,ketone_02_c0.01_wH01,H01,2,0.01,-0.0463348408676322,0.0
ketone,2,CNN full patch,ketone_02_c0.01_wH02,H02,2,0.01,-0.0277969694077726,0.0
ketone,2,CNN full patch,ketone_02_c0.01_wH04,H04,2,0.01,-0.0376572561592087,0.0
ketone,2,CNN full patch,ketone_02_c0.01_wH06,H06,2,0.01,-0.155222073973404,0.0
ketone,2,CNN full patch,ketone_03_c0.05_wA04,A04,3,0.05,-0.0303731021613078,0.0
ketone,2,CNN full patch,ketone_03_c0.05_wB04,B04,3,0.05,-0.0617299311952934,0.0
ketone,2,CNN full patch,ketone_03_c0.05_wB08,B08,3,0.05,0.0433758818404754,0.0433758818404754
ketone,2,CNN full patch,ketone_03_c0.05_wB10,B10,3,0.05,0.0292727901470137,0.0292727901470137
ketone,2,CNN full patch,ketone_03_c0.05_wB12,B12,3,0.05,0.0417432892163955,0.0417432892163955
ketone,2,CNN full patch,ketone_03_c0.05_wC04,C04,3,0.05,0.0506055891970103,0.0506055891970103
ketone,2,CNN full patch,ketone_03_c0.05_wC08,C08,3,0.05,-0.150826818435553,0.0
ketone,2,CNN full patch,ketone_03_c0.05_wC12,C12,3,0.05,0.1947740442539136,0.1947740442539136
ketone,2,CNN full patch,ketone_03_c0.05_wD07,D07,3,0.05,0.086689596626954,0.086689596626954
ketone,2,CNN full patch,ketone_03_c0.05_wE07,E07,3,0.05,0.1816005785482248,0.1816005785482248
ketone,2,CNN full patch,ketone_03_c0.05_wF02,F02,3,0.05,0.0503440436642246,0.0503440436642246
ketone,2,CNN full patch,ketone_03_c0.05_wF05,F05,3,0.05,0.2386572305782381,0.2386572305782381
ketone,2,CNN full patch,ketone_03_c0.05_wF06,F06,3,0.05,-0.2357377672258809,0.0
ketone,2,CNN full patch,ketone_03_c0.05_wF10,F10,3,0.05,0.109338996126878,0.109338996126878
ketone,2,CNN full patch,ketone_03_c0.05_wG03,G03,3,0.05,0.0102418741014482,0.0102418741014482
ketone,2,CNN full patch,ketone_03_c0.05_wH01,H01,3,0.05,0.2081656998335219,0.2081656998335219
ketone,2,CNN full patch,ketone_03_c0.05_wH02,H02,3,0.05,0.3604553755857764,0.3604553755857764
ketone,2,CNN full patch,ketone_03_c0.05_wH04,H04,3,0.05,0.1891396234894111,0.1891396234894111
ketone,2,CNN full patch,ketone_03_c0.05_wH06,H06,3,0.05,0.3504892203650172,0.3504892203650172
ketone,2,CNN full patch,ketone_04_c0.1_wA04,A04,4,0.1,0.0159829699521831,0.0159829699521831
ketone,2,CNN full patch,ketone_04_c0.1_wB04,B04,4,0.1,0.0710170300825523,0.0710170300825523
ketone,2,CNN full patch,ketone_04_c0.1_wB08,B08,4,0.1,0.1732609663247266,0.1732609663247266
ketone,2,CNN full patch,ketone_04_c0.1_wB10,B10,4,0.1,0.1559362466961988,0.1559362466961988
ketone,2,CNN full patch,ketone_04_c0.1_wB12,B12,4,0.1,0.2638166202451486,0.2638166202451486
ketone,2,CNN full patch,ketone_04_c0.1_wC04,C04,4,0.1,0.1294068182091308,0.1294068182091308
ketone,2,CNN full patch,ketone_04_c0.1_wC08,C08,4,0.1,0.1574512749057728,0.1574512749057728
ketone,2,CNN full patch,ketone_04_c0.1_wC12,C12,4,0.1,0.2507175649493272,0.2507175649493272
ketone,2,CNN full patch,ketone_04_c0.1_wD07,D07,4,0.1,0.2115006574443212,0.2115006574443212
ketone,2,CNN full patch,ketone_04_c0.1_wE07,E07,4,0.1,0.1605603797820156,0.1605603797820156
ketone,2,CNN full patch,ketone_04_c0.1_wF02,F02,4,0.1,0.320287466744906,0.320287466744906
ketone,2,CNN full patch,ketone_04_c0.1_wF05,F05,4,0.1,0.1273257465835746,0.1273257465835746
ketone,2,CNN full patch,ketone_04_c0.1_wF06,F06,4,0.1,-0.1254857383098611,0.0
ketone,2,CNN full patch,ketone_04_c0.1_wF10,F10,4,0.1,0.2295680695919306,0.2295680695919306
ketone,2,CNN full patch,ketone_04_c0.1_wG03,G03,4,0.1,0.0747363406505519,0.0747363406505519
ketone,2,CNN full patch,ketone_04_c0.1_wH01,H01,4,0.1,0.0703586290304745,0.0703586290304745
ketone,2,CNN full patch,ketone_04_c0.1_wH02,H02,4,0.1,0.1185299924979632,0.1185299924979632
ketone,2,CNN full patch,ketone_04_c0.1_wH04,H04,4,0.1,0.427138697944919,0.427138697944919
ketone,2,CNN full patch,ketone_04_c0.1_wH06,H06,4,0.1,0.5249861687238786,0.5249861687238786
ketone,2,CNN full patch,ketone_05_c0.5_wA04,A04,5,0.5,0.3460897300883931,0.3460897300883931
ketone,2,CNN full patch,ketone_05_c0.5_wB04,B04,5,0.5,0.5087184197276524,0.5087184197276524
ketone,2,CNN full patch,ketone_05_c0.5_wB08,B08,5,0.5,0.4969733717409199,0.4969733717409199
ketone,2,CNN full patch,ketone_05_c0.5_wB10,B10,5,0.5,0.4072919897228817,0.4072919897228817
ketone,2,CNN full patch,ketone_05_c0.5_wB12,B12,5,0.5,0.5782779363305264,0.5782779363305264
ketone,2,CNN full patch,ketone_05_c0.5_wC04,C04,5,0.5,0.4235657883459263,0.4235657883459263
ketone,2,CNN full patch,ketone_05_c0.5_wC08,C08,5,0.5,0.3149458479184179,0.3149458479184179
ketone,2,CNN full patch,ketone_05_c0.5_wC12,C12,5,0.5,0.4245323170572916,0.4245323170572916
ketone,2,CNN full patch,ketone_05_c0.5_wD07,D07,5,0.5,0.5278807135022927,0.5278807135022927
ketone,2,CNN full patch,ketone_05_c0.5_wE07,E07,5,0.5,0.588691461454512,0.588691461454512
ketone,2,CNN full patch,ketone_05_c0.5_wF02,F02,5,0.5,0.5210498782073227,0.5210498782073227
ketone,2,CNN full patch,ketone_05_c0.5_wF05,F05,5,0.5,0.2678045342438886,0.2678045342438886
ketone,2,CNN full patch,ketone_05_c0.5_wF06,F06,5,0.5,0.430687610690865,0.430687610690865
ketone,2,CNN full patch,ketone_05_c0.5_wF10,F10,5,0.5,0.4060924495518914,0.4060924495518914
ketone,2,CNN full patch,ketone_05_c0.5_wG03,G03,5,0.5,0.3329767606508893,0.3329767606508893
ketone,2,CNN full patch,ketone_05_c0.5_wH01,H01,5,0.5,0.532392222702172,0.532392222702172
ketone,2,CNN full patch,ketone_05_c0.5_wH02,H02,5,0.5,0.5343492769779494,0.5343492769779494
ketone,2,CNN full patch,ketone_05_c0.5_wH04,H04,5,0.5,0.7761300739848012,0.7761300739848012
ketone,2,CNN full patch,ketone_05_c0.5_wH06,H06,5,0.5,0.4480191865631204,0.4480191865631204
ketone,2,CNN full patch,ketone_06_c1_wA04,A04,6,1.0,0.7695409212812294,0.7695409212812294
ketone,2,CNN full patch,ketone_06_c1_wB04,B04,6,1.0,0.7221849466817578,0.7221849466817578
ketone,2,CNN full patch,ketone_06_c1_wB08,B08,6,1.0,0.9071236517564248,0.9071236517564248
ketone,2,CNN full patch,ketone_06_c1_wB10,B10,6,1.0,1.1029513826230095,1.1029513826230095
ketone,2,CNN full patch,ketone_06_c1_wB12,B12,6,1.0,1.4076080181101247,1.4076080181101247
ketone,2,CNN full patch,ketone_06_c1_wC04,C04,6,1.0,0.7980174221598244,0.7980174221598244
ketone,2,CNN full patch,ketone_06_c1_wC08,C08,6,1.0,0.892174318098172,0.892174318098172
ketone,2,CNN full patch,ketone_06_c1_wC12,C12,6,1.0,1.2557227094971286,1.2557227094971286
ketone,2,CNN full patch,ketone_06_c1_wD07,D07,6,1.0,0.7755967993807522,0.7755967993807522
ketone,2,CNN full patch,ketone_06_c1_wE07,E07,6,1.0,0.7155161405584094,0.7155161405584094
ketone,2,CNN full patch,ketone_06_c1_wF02,F02,6,1.0,0.5755849449522812,0.5755849449522812
ketone,2,CNN full patch,ketone_06_c1_wF05,F05,6,1.0,0.7320616682527175,0.7320616682527175
ketone,2,CNN full patch,ketone_06_c1_wF06,F06,6,1.0,0.7956798463571648,0.7956798463571648
ketone,2,CNN full patch,ketone_06_c1_wF10,F10,6,1.0,0.8394447624771881,0.8394447624771881
ketone,2,CNN full patch,ketone_06_c1_wG03,G03,6,1.0,1.0595121380800476,1.0595121380800476
ketone,2,CNN full patch,ketone_06_c1_wH01,H01,6,1.0,0.9590097885717992,0.9590097885717992
ketone,2,CNN full patch,ketone_06_c1_wH02,H02,6,1.0,0.8458212707980906,0.8458212707980906
ketone,2,CNN full patch,ketone_06_c1_wH04,H04,6,1.0,1.1088957459348454,1.1088957459348454
ketone,2,CNN full patch,ketone_06_c1_wH06,H06,6,1.0,0.9514830445384772,0.9514830445384772
ketone,2,CNN full patch,ketone_07_c5_wA04,A04,7,5.0,5.196831955468118,5.196831955468118
ketone,2,CNN full patch,ketone_07_c5_wB04,B04,7,5.0,5.5611781918173175,5.5611781918173175
ketone,2,CNN full patch,ketone_07_c5_wB08,B08,7,5.0,5.427983356500677,5.427983356500677
ketone,2,CNN full patch,ketone_07_c5_wB10,B10,7,5.0,4.752072264559673,4.752072264559673
ketone,2,CNN full patch,ketone_07_c5_wB12,B12,7,5.0,4.836381880444245,4.836381880444245
ketone,2,CNN full patch,ketone_07_c5_wC04,C04,7,5.0,5.14136817017941,5.14136817017941
ketone,2,CNN full patch,ketone_07_c5_wC08,C08,7,5.0,5.591415839889885,5.591415839889885
ketone,2,CNN full patch,ketone_07_c5_wC12,C12,7,5.0,4.641389703868405,4.641389703868405
ketone,2,CNN full patch,ketone_07_c5_wD07,D07,7,5.0,5.614386272919644,5.614386272919644
ketone,2,CNN full patch,ketone_07_c5_wE07,E07,7,5.0,5.858834753699217,5.858834753699217
ketone,2,CNN full patch,ketone_07_c5_wF02,F02,7,5.0,4.275131180481884,4.275131180481884
ketone,2,CNN full patch,ketone_07_c5_wF05,F05,7,5.0,4.778797499301433,4.778797499301433
ketone,2,CNN full patch,ketone_07_c5_wF06,F06,7,5.0,5.200093510940186,5.200093510940186
ketone,2,CNN full patch,ketone_07_c5_wF10,F10,7,5.0,4.975687040501774,4.975687040501774
ketone,2,CNN full patch,ketone_07_c5_wG03,G03,7,5.0,4.5234419446766,4.5234419446766
ketone,2,CNN full patch,ketone_07_c5_wH01,H01,7,5.0,4.556791520784592,4.556791520784592
ketone,2,CNN full patch,ketone_07_c5_wH02,H02,7,5.0,4.870269470030626,4.870269470030626
ketone,2,CNN full patch,ketone_07_c5_wH04,H04,7,5.0,4.932033336688097,4.932033336688097
ketone,2,CNN full patch,ketone_07_c5_wH06,H06,7,5.0,5.370739771001974,5.370739771001974
ketone,2,CNN full patch,ketone_08_c10_wA04,A04,8,10.0,11.201413857617638,10.0
ketone,2,CNN full patch,ketone_08_c10_wB04,B04,8,10.0,10.845529637607896,10.0
ketone,2,CNN full patch,ketone_08_c10_wB08,B08,8,10.0,11.118717072242871,10.0
ketone,2,CNN full patch,ketone_08_c10_wB10,B10,8,10.0,11.258916770452627,10.0
ketone,2,CNN full patch,ketone_08_c10_wB12,B12,8,10.0,10.441452477128347,10.0
ketone,2,CNN full patch,ketone_08_c10_wC04,C04,8,10.0,10.797482694798642,10.0
ketone,2,CNN full patch,ketone_08_c10_wC08,C08,8,10.0,10.93853256723062,10.0
ketone,2,CNN full patch,ketone_08_c10_wC12,C12,8,10.0,11.911307719940302,10.0
ketone,2,CNN full patch,ketone_08_c10_wD07,D07,8,10.0,9.900326264086107,9.900326264086107
ketone,2,CNN full patch,ketone_08_c10_wE07,E07,8,10.0,11.00405728522691,10.0
ketone,2,CNN full patch,ketone_08_c10_wF02,F02,8,10.0,10.72304647319028,10.0
ketone,2,CNN full patch,ketone_08_c10_wF05,F05,8,10.0,9.9553117255477,9.9553117255477
ketone,2,CNN full patch,ketone_08_c10_wF06,F06,8,10.0,10.021704363338216,10.0
ketone,2,CNN full patch,ketone_08_c10_wF10,F10,8,10.0,9.187043804128187,9.187043804128187
ketone,2,CNN full patch,ketone_08_c10_wG03,G03,8,10.0,10.438091304468,10.0
ketone,2,CNN full patch,ketone_08_c10_wH01,H01,8,10.0,11.330985571432691,10.0
ketone,2,CNN full patch,ketone_08_c10_wH02,H02,8,10.0,8.985227446846878,8.985227446846878
ketone,2,CNN full patch,ketone_08_c10_wH04,H04,8,10.0,9.936278792959865,9.936278792959865
ketone,2,CNN full patch,ketone_08_c10_wH06,H06,8,10.0,10.158080697398692,10.0
ketone,3,CNN full patch,ketone_01_c0_wA07,A07,1,0.0,0.2118040720812555,0.2118040720812555
ketone,3,CNN full patch,ketone_01_c0_wA08,A08,1,0.0,0.0978217634432429,0.0978217634432429
ketone,3,CNN full patch,ketone_01_c0_wA10,A10,1,0.0,0.0199249588238272,0.0199249588238272
ketone,3,CNN full patch,ketone_01_c0_wB01,B01,1,0.0,-0.0230772103221204,0.0
ketone,3,CNN full patch,ketone_01_c0_wB11,B11,1,0.0,-0.0274616025926852,0.0
ketone,3,CNN full patch,ketone_01_c0_wC02,C02,1,0.0,-0.0797232194338928,0.0
ketone,3,CNN full patch,ketone_01_c0_wC05,C05,1,0.0,-0.0367629739576376,0.0
ketone,3,CNN full patch,ketone_01_c0_wC10,C10,1,0.0,-0.0589482088766221,0.0
ketone,3,CNN full patch,ketone_01_c0_wD05,D05,1,0.0,-0.0565648348599303,0.0
ketone,3,CNN full patch,ketone_01_c0_wD09,D09,1,0.0,-0.0530731853030428,0.0
ketone,3,CNN full patch,ketone_01_c0_wD10,D10,1,0.0,-0.0451269563939809,0.0
ketone,3,CNN full patch,ketone_01_c0_wF04,F04,1,0.0,-0.0399990050645399,0.0
ketone,3,CNN full patch,ketone_01_c0_wG02,G02,1,0.0,-0.0345505957909902,0.0
ketone,3,CNN full patch,ketone_01_c0_wG04,G04,1,0.0,-0.0154831579702967,0.0
ketone,3,CNN full patch,ketone_01_c0_wG07,G07,1,0.0,-0.0223557823167898,0.0
ketone,3,CNN full patch,ketone_01_c0_wG08,G08,1,0.0,-0.0505491083392058,0.0
ketone,3,CNN full patch,ketone_01_c0_wH09,H09,1,0.0,-0.1165634469806529,0.0
ketone,3,CNN full patch,ketone_01_c0_wH10,H10,1,0.0,-0.0391585552845074,0.0
ketone,3,CNN full patch,ketone_01_c0_wH12,H12,1,0.0,-0.0318034435328384,0.0
ketone,3,CNN full patch,ketone_02_c0.01_wA07,A07,2,0.01,0.011105015934311,0.011105015934311
ketone,3,CNN full patch,ketone_02_c0.01_wA08,A08,2,0.01,-0.0095071530537574,0.0
ketone,3,CNN full patch,ketone_02_c0.01_wA10,A10,2,0.01,-0.0213723026366359,0.0
ketone,3,CNN full patch,ketone_02_c0.01_wB01,B01,2,0.01,-0.027534369296266,0.0
ketone,3,CNN full patch,ketone_02_c0.01_wB11,B11,2,0.01,-0.0707125842953527,0.0
ketone,3,CNN full patch,ketone_02_c0.01_wC02,C02,2,0.01,-0.0312179542978697,0.0
ketone,3,CNN full patch,ketone_02_c0.01_wC05,C05,2,0.01,-0.0172559951143561,0.0
ketone,3,CNN full patch,ketone_02_c0.01_wC10,C10,2,0.01,-0.0608193443514097,0.0
ketone,3,CNN full patch,ketone_02_c0.01_wD05,D05,2,0.01,-0.0353136524793741,0.0
ketone,3,CNN full patch,ketone_02_c0.01_wD09,D09,2,0.01,-0.0261759245724299,0.0
ketone,3,CNN full patch,ketone_02_c0.01_wD10,D10,2,0.01,-0.0460647106594683,0.0
ketone,3,CNN full patch,ketone_02_c0.01_wF04,F04,2,0.01,-0.0591398490257265,0.0
ketone,3,CNN full patch,ketone_02_c0.01_wG02,G02,2,0.01,-0.0547979522591669,0.0
ketone,3,CNN full patch,ketone_02_c0.01_wG04,G04,2,0.01,-0.0392053838654508,0.0
ketone,3,CNN full patch,ketone_02_c0.01_wG07,G07,2,0.01,0.0168992241136216,0.0168992241136216
ketone,3,CNN full patch,ketone_02_c0.01_wG08,G08,2,0.01,-0.013937084644298,0.0
ketone,3,CNN full patch,ketone_02_c0.01_wH09,H09,2,0.01,0.0408944820256367,0.0408944820256367
ketone,3,CNN full patch,ketone_02_c0.01_wH10,H10,2,0.01,0.0145059806322506,0.0145059806322506
ketone,3,CNN full patch,ketone_02_c0.01_wH12,H12,2,0.01,0.0930894342140269,0.0930894342140269
ketone,3,CNN full patch,ketone_03_c0.05_wA07,A07,3,0.05,0.0284588803319461,0.0284588803319461
ketone,3,CNN full patch,ketone_03_c0.05_wA08,A08,3,0.05,0.0177154202889578,0.0177154202889578
ketone,3,CNN full patch,ketone_03_c0.05_wA10,A10,3,0.05,0.0289552455870623,0.0289552455870623
ketone,3,CNN full patch,ketone_03_c0.05_wB01,B01,3,0.05,-0.0549129928686038,0.0
ketone,3,CNN full patch,ketone_03_c0.05_wB11,B11,3,0.05,0.078192510129945,0.078192510129945
ketone,3,CNN full patch,ketone_03_c0.05_wC02,C02,3,0.05,-0.0057701124249563,0.0
ketone,3,CNN full patch,ketone_03_c0.05_wC05,C05,3,0.05,0.0253791884548066,0.0253791884548066
ketone,3,CNN full patch,ketone_03_c0.05_wC10,C10,3,0.05,-0.0131910040989972,0.0
ketone,3,CNN full patch,ketone_03_c0.05_wD05,D05,3,0.05,0.0045007394177599,0.0045007394177599
ketone,3,CNN full patch,ketone_03_c0.05_wD09,D09,3,0.05,-0.0067771615130318,0.0
ketone,3,CNN full patch,ketone_03_c0.05_wD10,D10,3,0.05,0.0114889090981899,0.0114889090981899
ketone,3,CNN full patch,ketone_03_c0.05_wF04,F04,3,0.05,0.039378607018176,0.039378607018176
ketone,3,CNN full patch,ketone_03_c0.05_wG02,G02,3,0.05,0.0323011240879838,0.0323011240879838
ketone,3,CNN full patch,ketone_03_c0.05_wG04,G04,3,0.05,0.0161532033463075,0.0161532033463075
ketone,3,CNN full patch,ketone_03_c0.05_wG07,G07,3,0.05,0.0438624092787507,0.0438624092787507
ketone,3,CNN full patch,ketone_03_c0.05_wG08,G08,3,0.05,0.1657983244789446,0.1657983244789446
ketone,3,CNN full patch,ketone_03_c0.05_wH09,H09,3,0.05,0.0220010621661189,0.0220010621661189
ketone,3,CNN full patch,ketone_03_c0.05_wH10,H10,3,0.05,0.0354661863980325,0.0354661863980325
ketone,3,CNN full patch,ketone_03_c0.05_wH12,H12,3,0.05,0.0652161499450615,0.0652161499450615
ketone,3,CNN full patch,ketone_04_c0.1_wA07,A07,4,0.1,0.1176057750814739,0.1176057750814739
ketone,3,CNN full patch,ketone_04_c0.1_wA08,A08,4,0.1,0.1297963419260996,0.1297963419260996
ketone,3,CNN full patch,ketone_04_c0.1_wA10,A10,4,0.1,0.1236849877875117,0.1236849877875117
ketone,3,CNN full patch,ketone_04_c0.1_wB01,B01,4,0.1,0.1193255123608521,0.1193255123608521
ketone,3,CNN full patch,ketone_04_c0.1_wB11,B11,4,0.1,0.0356014101673338,0.0356014101673338
ketone,3,CNN full patch,ketone_04_c0.1_wC02,C02,4,0.1,0.122627992114614,0.122627992114614
ketone,3,CNN full patch,ketone_04_c0.1_wC05,C05,4,0.1,0.0303118094397879,0.0303118094397879
ketone,3,CNN full patch,ketone_04_c0.1_wC10,C10,4,0.1,0.1202056626747539,0.1202056626747539
ketone,3,CNN full patch,ketone_04_c0.1_wD05,D05,4,0.1,0.0140088424900967,0.0140088424900967
ketone,3,CNN full patch,ketone_04_c0.1_wD09,D09,4,0.1,0.0758267481537138,0.0758267481537138
ketone,3,CNN full patch,ketone_04_c0.1_wD10,D10,4,0.1,0.0962764134038887,0.0962764134038887
ketone,3,CNN full patch,ketone_04_c0.1_wF04,F04,4,0.1,0.0549294644040803,0.0549294644040803
ketone,3,CNN full patch,ketone_04_c0.1_wG02,G02,4,0.1,0.0143804775622989,0.0143804775622989
ketone,3,CNN full patch,ketone_04_c0.1_wG04,G04,4,0.1,0.0539203995806781,0.0539203995806781
ketone,3,CNN full patch,ketone_04_c0.1_wG07,G07,4,0.1,0.0766700458469328,0.0766700458469328
ketone,3,CNN full patch,ketone_04_c0.1_wG08,G08,4,0.1,0.0605412101378881,0.0605412101378881
ketone,3,CNN full patch,ketone_04_c0.1_wH09,H09,4,0.1,0.0332268452699292,0.0332268452699292
ketone,3,CNN full patch,ketone_04_c0.1_wH10,H10,4,0.1,0.0274957772116045,0.0274957772116045
ketone,3,CNN full patch,ketone_04_c0.1_wH12,H12,4,0.1,0.1442286042061099,0.1442286042061099
ketone,3,CNN full patch,ketone_05_c0.5_wA07,A07,5,0.5,0.7355065313192666,0.7355065313192666
ketone,3,CNN full patch,ketone_05_c0.5_wA08,A08,5,0.5,0.4827873205190215,0.4827873205190215
ketone,3,CNN full patch,ketone_05_c0.5_wA10,A10,5,0.5,0.4009721966717826,0.4009721966717826
ketone,3,CNN full patch,ketone_05_c0.5_wB01,B01,5,0.5,0.3331225000872465,0.3331225000872465
ketone,3,CNN full patch,ketone_05_c0.5_wB11,B11,5,0.5,0.4423320477129968,0.4423320477129968
ketone,3,CNN full patch,ketone_05_c0.5_wC02,C02,5,0.5,0.413891586261011,0.413891586261011
ketone,3,CNN full patch,ketone_05_c0.5_wC05,C05,5,0.5,0.4987570977740782,0.4987570977740782
ketone,3,CNN full patch,ketone_05_c0.5_wC10,C10,5,0.5,0.3706800280062445,0.3706800280062445
ketone,3,CNN full patch,ketone_05_c0.5_wD05,D05,5,0.5,0.4809556763111964,0.4809556763111964
ketone,3,CNN full patch,ketone_05_c0.5_wD09,D09,5,0.5,0.3736114235498831,0.3736114235498831
ketone,3,CNN full patch,ketone_05_c0.5_wD10,D10,5,0.5,0.353213163755127,0.353213163755127
ketone,3,CNN full patch,ketone_05_c0.5_wF04,F04,5,0.5,0.4186926281278492,0.4186926281278492
ketone,3,CNN full patch,ketone_05_c0.5_wG02,G02,5,0.5,0.3581414225769018,0.3581414225769018
ketone,3,CNN full patch,ketone_05_c0.5_wG04,G04,5,0.5,0.3933091147268305,0.3933091147268305
ketone,3,CNN full patch,ketone_05_c0.5_wG07,G07,5,0.5,0.3951601960849831,0.3951601960849831
ketone,3,CNN full patch,ketone_05_c0.5_wG08,G08,5,0.5,0.3752485619887431,0.3752485619887431
ketone,3,CNN full patch,ketone_05_c0.5_wH09,H09,5,0.5,0.2539210980183482,0.2539210980183482
ketone,3,CNN full patch,ketone_05_c0.5_wH10,H10,5,0.5,0.2338118796506636,0.2338118796506636
ketone,3,CNN full patch,ketone_05_c0.5_wH12,H12,5,0.5,0.2765850612022567,0.2765850612022567
ketone,3,CNN full patch,ketone_06_c1_wA07,A07,6,1.0,1.1090746689007367,1.1090746689007367
ketone,3,CNN full patch,ketone_06_c1_wA08,A08,6,1.0,1.1528743956193792,1.1528743956193792
ketone,3,CNN full patch,ketone_06_c1_wA10,A10,6,1.0,1.1546949807993103,1.1546949807993103
ketone,3,CNN full patch,ketone_06_c1_wB01,B01,6,1.0,0.8915504899503852,0.8915504899503852
ketone,3,CNN full patch,ketone_06_c1_wB11,B11,6,1.0,1.0805924168096164,1.0805924168096164
ketone,3,CNN full patch,ketone_06_c1_wC02,C02,6,1.0,0.9088640995195616,0.9088640995195616
ketone,3,CNN full patch,ketone_06_c1_wC05,C05,6,1.0,1.0172094125396538,1.0172094125396538
ketone,3,CNN full patch,ketone_06_c1_wC10,C10,6,1.0,0.9569024763895276,0.9569024763895276
ketone,3,CNN full patch,ketone_06_c1_wD05,D05,6,1.0,0.9117420876964136,0.9117420876964136
ketone,3,CNN full patch,ketone_06_c1_wD09,D09,6,1.0,0.9873074114131868,0.9873074114131868
ketone,3,CNN full patch,ketone_06_c1_wD10,D10,6,1.0,1.0562066853658014,1.0562066853658014
ketone,3,CNN full patch,ketone_06_c1_wF04,F04,6,1.0,0.9471580323565923,0.9471580323565923
ketone,3,CNN full patch,ketone_06_c1_wG02,G02,6,1.0,1.0038886226694603,1.0038886226694603
ketone,3,CNN full patch,ketone_06_c1_wG04,G04,6,1.0,1.028549839609351,1.028549839609351
ketone,3,CNN full patch,ketone_06_c1_wG07,G07,6,1.0,0.9722130787414224,0.9722130787414224
ketone,3,CNN full patch,ketone_06_c1_wG08,G08,6,1.0,0.8869417728191709,0.8869417728191709
ketone,3,CNN full patch,ketone_06_c1_wH09,H09,6,1.0,1.1048527035148323,1.1048527035148323
ketone,3,CNN full patch,ketone_06_c1_wH10,H10,6,1.0,0.9946667020429172,0.9946667020429172
ketone,3,CNN full patch,ketone_06_c1_wH12,H12,6,1.0,0.9181055809400752,0.9181055809400752
ketone,3,CNN full patch,ketone_07_c5_wA07,A07,7,5.0,5.686253019673928,5.686253019673928
ketone,3,CNN full patch,ketone_07_c5_wA08,A08,7,5.0,6.143566631720555,6.143566631720555
ketone,3,CNN full patch,ketone_07_c5_wA10,A10,7,5.0,5.791978759477368,5.791978759477368
ketone,3,CNN full patch,ketone_07_c5_wB01,B01,7,5.0,5.052267985266131,5.052267985266131
ketone,3,CNN full patch,ketone_07_c5_wB11,B11,7,5.0,5.550619232018479,5.550619232018479
ketone,3,CNN full patch,ketone_07_c5_wC02,C02,7,5.0,4.251046382743023,4.251046382743023
ketone,3,CNN full patch,ketone_07_c5_wC05,C05,7,5.0,5.083483625957337,5.083483625957337
ketone,3,CNN full patch,ketone_07_c5_wC10,C10,7,5.0,5.486951296699569,5.486951296699569
ketone,3,CNN full patch,ketone_07_c5_wD05,D05,7,5.0,5.036897248858767,5.036897248858767
ketone,3,CNN full patch,ketone_07_c5_wD09,D09,7,5.0,4.75276510865112,4.75276510865112
ketone,3,CNN full patch,ketone_07_c5_wD10,D10,7,5.0,5.219049127228968,5.219049127228968
ketone,3,CNN full patch,ketone_07_c5_wF04,F04,7,5.0,4.28007538561047,4.28007538561047
ketone,3,CNN full patch,ketone_07_c5_wG02,G02,7,5.0,4.6166680819139145,4.6166680819139145
ketone,3,CNN full patch,ketone_07_c5_wG04,G04,7,5.0,4.620081307127915,4.620081307127915
ketone,3,CNN full patch,ketone_07_c5_wG07,G07,7,5.0,5.4259463065627935,5.4259463065627935
ketone,3,CNN full patch,ketone_07_c5_wG08,G08,7,5.0,5.723497345703359,5.723497345703359
ketone,3,CNN full patch,ketone_07_c5_wH09,H09,7,5.0,4.037471306056388,4.037471306056388
ketone,3,CNN full patch,ketone_07_c5_wH10,H10,7,5.0,4.018733319593455,4.018733319593455
ketone,3,CNN full patch,ketone_07_c5_wH12,H12,7,5.0,3.899306215870256,3.899306215870256
ketone,3,CNN full patch,ketone_08_c10_wA07,A07,8,10.0,11.0557680530041,10.0
ketone,3,CNN full patch,ketone_08_c10_wA08,A08,8,10.0,8.670155076648058,8.670155076648058
ketone,3,CNN full patch,ketone_08_c10_wA10,A10,8,10.0,8.150465024506738,8.150465024506738
ketone,3,CNN full patch,ketone_08_c10_wB01,B01,8,10.0,10.223583270056317,10.0
ketone,3,CNN full patch,ketone_08_c10_wB11,B11,8,10.0,7.716321915365256,7.716321915365256
ketone,3,CNN full patch,ketone_08_c10_wC02,C02,8,10.0,10.257047731928129,10.0
ketone,3,CNN full patch,ketone_08_c10_wC05,C05,8,10.0,10.010822066883144,10.0
ketone,3,CNN full patch,ketone_08_c10_wC10,C10,8,10.0,9.82136774717577,9.82136774717577
ketone,3,CNN full patch,ketone_08_c10_wD05,D05,8,10.0,9.55757051789742,9.55757051789742
ketone,3,CNN full patch,ketone_08_c10_wD09,D09,8,10.0,10.08793705495557,10.0
ketone,3,CNN full patch,ketone_08_c10_wD10,D10,8,10.0,9.94820562481732,9.94820562481732
ketone,3,CNN full patch,ketone_08_c10_wF04,F04,8,10.0,9.94099687454552,9.94099687454552
ketone,3,CNN full patch,ketone_08_c10_wG02,G02,8,10.0,12.154839270255197,10.0
ketone,3,CNN full patch,ketone_08_c10_wG04,G04,8,10.0,9.490084148478198,9.490084148478198
ketone,3,CNN full patch,ketone_08_c10_wG07,G07,8,10.0,10.07466838776297,10.0
ketone,3,CNN full patch,ketone_08_c10_wG08,G08,8,10.0,9.667165348004678,9.667165348004678
ketone,3,CNN full patch,ketone_08_c10_wH09,H09,8,10.0,8.169071473315894,8.169071473315894
ketone,3,CNN full patch,ketone_08_c10_wH10,H10,8,10.0,9.20299723626294,9.20299723626294
ketone,3,CNN full patch,ketone_08_c10_wH12,H12,8,10.0,10.714955534566956,10.0
ketone,4,CNN full patch,ketone_01_c0_wA01,A01,1,0.0,0.0793508168649878,0.0793508168649878
ketone,4,CNN full patch,ketone_01_c0_wA02,A02,1,0.0,0.0593037901745747,0.0593037901745747
ketone,4,CNN full patch,ketone_01_c0_wA03,A03,1,0.0,0.0510410796217709,0.0510410796217709
ketone,4,CNN full patch,ketone_01_c0_wB03,B03,1,0.0,0.0007593022051408,0.0007593022051408
ketone,4,CNN full patch,ketone_01_c0_wB06,B06,1,0.0,0.0212256529890101,0.0212256529890101
ketone,4,CNN full patch,ketone_01_c0_wB07,B07,1,0.0,-0.0568613221703939,0.0
ketone,4,CNN full patch,ketone_01_c0_wC06,C06,1,0.0,-0.0087652899743,0.0
ketone,4,CNN full patch,ketone_01_c0_wC07,C07,1,0.0,-0.0470606393500987,0.0
ketone,4,CNN full patch,ketone_01_c0_wD11,D11,1,0.0,0.0233134767712355,0.0233134767712355
ketone,4,CNN full patch,ketone_01_c0_wD12,D12,1,0.0,0.0211333865531765,0.0211333865531765
ketone,4,CNN full patch,ketone_01_c0_wE04,E04,1,0.0,-0.066468158026045,0.0
ketone,4,CNN full patch,ketone_01_c0_wE12,E12,1,0.0,0.0313668765758041,0.0313668765758041
ketone,4,CNN full patch,ketone_01_c0_wF07,F07,1,0.0,-0.0011019638778672,0.0
ketone,4,CNN full patch,ketone_01_c0_wF08,F08,1,0.0,-0.0246098024109402,0.0
ketone,4,CNN full patch,ketone_01_c0_wF09,F09,1,0.0,-0.0798686136118244,0.0
ketone,4,CNN full patch,ketone_01_c0_wF11,F11,1,0.0,0.0157740992016187,0.0157740992016187
ketone,4,CNN full patch,ketone_01_c0_wG01,G01,1,0.0,-0.0972904689040219,0.0
ketone,4,CNN full patch,ketone_01_c0_wG05,G05,1,0.0,-0.0374943404917642,0.0
ketone,4,CNN full patch,ketone_01_c0_wH07,H07,1,0.0,-0.0042958966797243,0.0
ketone,4,CNN full patch,ketone_02_c0.01_wA01,A01,2,0.01,0.0183408749638536,0.0183408749638536
ketone,4,CNN full patch,ketone_02_c0.01_wA02,A02,2,0.01,0.0674852130180286,0.0674852130180286
ketone,4,CNN full patch,ketone_02_c0.01_wA03,A03,2,0.01,0.0059967837377894,0.0059967837377894
ketone,4,CNN full patch,ketone_02_c0.01_wB03,B03,2,0.01,0.0173283818968541,0.0173283818968541
ketone,4,CNN full patch,ketone_02_c0.01_wB06,B06,2,0.01,0.0269194850931047,0.0269194850931047
ketone,4,CNN full patch,ketone_02_c0.01_wB07,B07,2,0.01,0.0616852333258365,0.0616852333258365
ketone,4,CNN full patch,ketone_02_c0.01_wC06,C06,2,0.01,0.0235191838641709,0.0235191838641709
ketone,4,CNN full patch,ketone_02_c0.01_wC07,C07,2,0.01,0.0499675542972547,0.0499675542972547
ketone,4,CNN full patch,ketone_02_c0.01_wD11,D11,2,0.01,0.0173096646938572,0.0173096646938572
ketone,4,CNN full patch,ketone_02_c0.01_wD12,D12,2,0.01,0.0688732371515202,0.0688732371515202
ketone,4,CNN full patch,ketone_02_c0.01_wE04,E04,2,0.01,0.0392299477855237,0.0392299477855237
ketone,4,CNN full patch,ketone_02_c0.01_wE12,E12,2,0.01,0.0765694044856587,0.0765694044856587
ketone,4,CNN full patch,ketone_02_c0.01_wF07,F07,2,0.01,-0.0227805697465884,0.0
ketone,4,CNN full patch,ketone_02_c0.01_wF08,F08,2,0.01,0.0017891895370705,0.0017891895370705
ketone,4,CNN full patch,ketone_02_c0.01_wF09,F09,2,0.01,0.0078928681832179,0.0078928681832179
ketone,4,CNN full patch,ketone_02_c0.01_wF11,F11,2,0.01,0.0314850716013776,0.0314850716013776
ketone,4,CNN full patch,ketone_02_c0.01_wG01,G01,2,0.01,-0.0317739690682062,0.0
ketone,4,CNN full patch,ketone_02_c0.01_wG05,G05,2,0.01,0.0291773826672849,0.0291773826672849
ketone,4,CNN full patch,ketone_02_c0.01_wH07,H07,2,0.01,0.0708939768426486,0.0708939768426486
ketone,4,CNN full patch,ketone_03_c0.05_wA01,A01,3,0.05,0.1162347824880871,0.1162347824880871
ketone,4,CNN full patch,ketone_03_c0.05_wA02,A02,3,0.05,0.008336570116314,0.008336570116314
ketone,4,CNN full patch,ketone_03_c0.05_wA03,A03,3,0.05,0.0264076896645479,0.0264076896645479
ketone,4,CNN full patch,ketone_03_c0.05_wB03,B03,3,0.05,0.0813396030400779,0.0813396030400779
ketone,4,CNN full patch,ketone_03_c0.05_wB06,B06,3,0.05,0.1158851343213622,0.1158851343213622
ketone,4,CNN full patch,ketone_03_c0.05_wB07,B07,3,0.05,0.0423402889212079,0.0423402889212079
ketone,4,CNN full patch,ketone_03_c0.05_wC06,C06,3,0.05,0.0613321115595793,0.0613321115595793
ketone,4,CNN full patch,ketone_03_c0.05_wC07,C07,3,0.05,0.0809363454926658,0.0809363454926658
ketone,4,CNN full patch,ketone_03_c0.05_wD11,D11,3,0.05,-0.0312160179630335,0.0
ketone,4,CNN full patch,ketone_03_c0.05_wD12,D12,3,0.05,0.1053919644713092,0.1053919644713092
ketone,4,CNN full patch,ketone_03_c0.05_wE04,E04,3,0.05,0.0983209840202136,0.0983209840202136
ketone,4,CNN full patch,ketone_03_c0.05_wE12,E12,3,0.05,0.1253681697201222,0.1253681697201222
ketone,4,CNN full patch,ketone_03_c0.05_wF07,F07,3,0.05,0.0385252909719745,0.0385252909719745
ketone,4,CNN full patch,ketone_03_c0.05_wF08,F08,3,0.05,0.2905549407731019,0.2905549407731019
ketone,4,CNN full patch,ketone_03_c0.05_wF09,F09,3,0.05,-0.0166392320478982,0.0
ketone,4,CNN full patch,ketone_03_c0.05_wF11,F11,3,0.05,0.0653801562098888,0.0653801562098888
ketone,4,CNN full patch,ketone_03_c0.05_wG01,G01,3,0.05,0.0422987828876617,0.0422987828876617
ketone,4,CNN full patch,ketone_03_c0.05_wG05,G05,3,0.05,0.1409187122999836,0.1409187122999836
ketone,4,CNN full patch,ketone_03_c0.05_wH07,H07,3,0.05,0.0258473593529209,0.0258473593529209
ketone,4,CNN full patch,ketone_04_c0.1_wA01,A01,4,0.1,0.223707371082772,0.223707371082772
ketone,4,CNN full patch,ketone_04_c0.1_wA02,A02,4,0.1,0.0932262442222077,0.0932262442222077
ketone,4,CNN full patch,ketone_04_c0.1_wA03,A03,4,0.1,0.2977665770731215,0.2977665770731215
ketone,4,CNN full patch,ketone_04_c0.1_wB03,B03,4,0.1,0.1745551792077896,0.1745551792077896
ketone,4,CNN full patch,ketone_04_c0.1_wB06,B06,4,0.1,0.1927078975909863,0.1927078975909863
ketone,4,CNN full patch,ketone_04_c0.1_wB07,B07,4,0.1,0.2153125073941877,0.2153125073941877
ketone,4,CNN full patch,ketone_04_c0.1_wC06,C06,4,0.1,0.1267228360127179,0.1267228360127179
ketone,4,CNN full patch,ketone_04_c0.1_wC07,C07,4,0.1,0.1284718703058611,0.1284718703058611
ketone,4,CNN full patch,ketone_04_c0.1_wD11,D11,4,0.1,0.1873580516930736,0.1873580516930736
ketone,4,CNN full patch,ketone_04_c0.1_wD12,D12,4,0.1,0.189849608807778,0.189849608807778
ketone,4,CNN full patch,ketone_04_c0.1_wE04,E04,4,0.1,0.2214901722281753,0.2214901722281753
ketone,4,CNN full patch,ketone_04_c0.1_wE12,E12,4,0.1,0.1759847845506161,0.1759847845506161
ketone,4,CNN full patch,ketone_04_c0.1_wF07,F07,4,0.1,0.1316016447651247,0.1316016447651247
ketone,4,CNN full patch,ketone_04_c0.1_wF08,F08,4,0.1,0.1867000646309057,0.1867000646309057
ketone,4,CNN full patch,ketone_04_c0.1_wF09,F09,4,0.1,0.1508424828386421,0.1508424828386421
ketone,4,CNN full patch,ketone_04_c0.1_wF11,F11,4,0.1,0.1657219709007278,0.1657219709007278
ketone,4,CNN full patch,ketone_04_c0.1_wG01,G01,4,0.1,0.1381535612248594,0.1381535612248594
ketone,4,CNN full patch,ketone_04_c0.1_wG05,G05,4,0.1,0.1546716908920517,0.1546716908920517
ketone,4,CNN full patch,ketone_04_c0.1_wH07,H07,4,0.1,0.0321809840962357,0.0321809840962357
ketone,4,CNN full patch,ketone_05_c0.5_wA01,A01,5,0.5,0.7280822649902357,0.7280822649902357
ketone,4,CNN full patch,ketone_05_c0.5_wA02,A02,5,0.5,0.6703136676410031,0.6703136676410031
ketone,4,CNN full patch,ketone_05_c0.5_wA03,A03,5,0.5,0.5036951430745353,0.5036951430745353
ketone,4,CNN full patch,ketone_05_c0.5_wB03,B03,5,0.5,0.4388258411431564,0.4388258411431564
ketone,4,CNN full patch,ketone_05_c0.5_wB06,B06,5,0.5,0.430885085588484,0.430885085588484
ketone,4,CNN full patch,ketone_05_c0.5_wB07,B07,5,0.5,0.5579747721979411,0.5579747721979411
ketone,4,CNN full patch,ketone_05_c0.5_wC06,C06,5,0.5,0.5547545872750792,0.5547545872750792
ketone,4,CNN full patch,ketone_05_c0.5_wC07,C07,5,0.5,0.5438349557370694,0.5438349557370694
ketone,4,CNN full patch,ketone_05_c0.5_wD11,D11,5,0.5,0.4405693135931676,0.4405693135931676
ketone,4,CNN full patch,ketone_05_c0.5_wD12,D12,5,0.5,0.4806155017667624,0.4806155017667624
ketone,4,CNN full patch,ketone_05_c0.5_wE04,E04,5,0.5,0.57291701255845,0.57291701255845
ketone,4,CNN full patch,ketone_05_c0.5_wE12,E12,5,0.5,0.4456924216279056,0.4456924216279056
ketone,4,CNN full patch,ketone_05_c0.5_wF07,F07,5,0.5,0.5495787804045218,0.5495787804045218
ketone,4,CNN full patch,ketone_05_c0.5_wF08,F08,5,0.5,0.5382545935642873,0.5382545935642873
ketone,4,CNN full patch,ketone_05_c0.5_wF09,F09,5,0.5,0.4771078261972971,0.4771078261972971
ketone,4,CNN full patch,ketone_05_c0.5_wF11,F11,5,0.5,0.4552109307170318,0.4552109307170318
ketone,4,CNN full patch,ketone_05_c0.5_wG01,G01,5,0.5,0.4904108825781408,0.4904108825781408
ketone,4,CNN full patch,ketone_05_c0.5_wG05,G05,5,0.5,0.4070500308093687,0.4070500308093687
ketone,4,CNN full patch,ketone_05_c0.5_wH07,H07,5,0.5,0.3258996156034281,0.3258996156034281
ketone,4,CNN full patch,ketone_06_c1_wA01,A01,6,1.0,1.2078218667995104,1.2078218667995104
ketone,4,CNN full patch,ketone_06_c1_wA02,A02,6,1.0,1.019702816492571,1.019702816492571
ketone,4,CNN full patch,ketone_06_c1_wA03,A03,6,1.0,2.626895576623871,2.626895576623871
ketone,4,CNN full patch,ketone_06_c1_wB03,B03,6,1.0,0.8773129923996652,0.8773129923996652
ketone,4,CNN full patch,ketone_06_c1_wB06,B06,6,1.0,0.9800958164598834,0.9800958164598834
ketone,4,CNN full patch,ketone_06_c1_wB07,B07,6,1.0,1.0279921239191108,1.0279921239191108
ketone,4,CNN full patch,ketone_06_c1_wC06,C06,6,1.0,0.9443327485274208,0.9443327485274208
ketone,4,CNN full patch,ketone_06_c1_wC07,C07,6,1.0,0.9879858027865288,0.9879858027865288
ketone,4,CNN full patch,ketone_06_c1_wD11,D11,6,1.0,1.0303141544012568,1.0303141544012568
ketone,4,CNN full patch,ketone_06_c1_wD12,D12,6,1.0,1.1998508643779613,1.1998508643779613
ketone,4,CNN full patch,ketone_06_c1_wE04,E04,6,1.0,0.9019726393330316,0.9019726393330316
ketone,4,CNN full patch,ketone_06_c1_wE12,E12,6,1.0,1.0905293790009445,1.0905293790009445
ketone,4,CNN full patch,ketone_06_c1_wF07,F07,6,1.0,0.8974339882089148,0.8974339882089148
ketone,4,CNN full patch,ketone_06_c1_wF08,F08,6,1.0,0.911933394937746,0.911933394937746
ketone,4,CNN full patch,ketone_06_c1_wF09,F09,6,1.0,0.9887530358467184,0.9887530358467184
ketone,4,CNN full patch,ketone_06_c1_wF11,F11,6,1.0,0.9489591190629696,0.9489591190629696
ketone,4,CNN full patch,ketone_06_c1_wG01,G01,6,1.0,1.0665144710247016,1.0665144710247016
ketone,4,CNN full patch,ketone_06_c1_wG05,G05,6,1.0,0.9512081321908704,0.9512081321908704
ketone,4,CNN full patch,ketone_06_c1_wH07,H07,6,1.0,1.213585669748889,1.213585669748889
ketone,4,CNN full patch,ketone_07_c5_wA01,A01,7,5.0,5.350240404822041,5.350240404822041
ketone,4,CNN full patch,ketone_07_c5_wA02,A02,7,5.0,5.5566118114635445,5.5566118114635445
ketone,4,CNN full patch,ketone_07_c5_wA03,A03,7,5.0,5.70479228131418,5.70479228131418
ketone,4,CNN full patch,ketone_07_c5_wB03,B03,7,5.0,3.708856385272745,3.708856385272745
ketone,4,CNN full patch,ketone_07_c5_wB06,B06,7,5.0,6.163969398402464,6.163969398402464
ketone,4,CNN full patch,ketone_07_c5_wB07,B07,7,5.0,6.30609964842098,6.30609964842098
ketone,4,CNN full patch,ketone_07_c5_wC06,C06,7,5.0,5.979289182269388,5.979289182269388
ketone,4,CNN full patch,ketone_07_c5_wC07,C07,7,5.0,5.641498349611912,5.641498349611912
ketone,4,CNN full patch,ketone_07_c5_wD11,D11,7,5.0,5.44746553067439,5.44746553067439
ketone,4,CNN full patch,ketone_07_c5_wD12,D12,7,5.0,4.139288713511413,4.139288713511413
ketone,4,CNN full patch,ketone_07_c5_wE04,E04,7,5.0,5.168717828534736,5.168717828534736
ketone,4,CNN full patch,ketone_07_c5_wE12,E12,7,5.0,4.5818754801009804,4.5818754801009804
ketone,4,CNN full patch,ketone_07_c5_wF07,F07,7,5.0,6.224602297341527,6.224602297341527
ketone,4,CNN full patch,ketone_07_c5_wF08,F08,7,5.0,5.819912803578942,5.819912803578942
ketone,4,CNN full patch,ketone_07_c5_wF09,F09,7,5.0,6.089366581744754,6.089366581744754
ketone,4,CNN full patch,ketone_07_c5_wF11,F11,7,5.0,5.3737903089181565,5.3737903089181565
ketone,4,CNN full patch,ketone_07_c5_wG01,G01,7,5.0,5.211380285904018,5.211380285904018
ketone,4,CNN full patch,ketone_07_c5_wG05,G05,7,5.0,4.600953280139286,4.600953280139286
ketone,4,CNN full patch,ketone_07_c5_wH07,H07,7,5.0,6.420173081938935,6.420173081938935
ketone,4,CNN full patch,ketone_08_c10_wA01,A01,8,10.0,13.246252494178464,10.0
ketone,4,CNN full patch,ketone_08_c10_wA02,A02,8,10.0,12.4531045669252,10.0
ketone,4,CNN full patch,ketone_08_c10_wA03,A03,8,10.0,14.392376917949596,10.0
ketone,4,CNN full patch,ketone_08_c10_wB03,B03,8,10.0,10.672642536835564,10.0
ketone,4,CNN full patch,ketone_08_c10_wB06,B06,8,10.0,9.475433730933938,9.475433730933938
ketone,4,CNN full patch,ketone_08_c10_wB07,B07,8,10.0,11.898263396504548,10.0
ketone,4,CNN full patch,ketone_08_c10_wC06,C06,8,10.0,12.287461637568812,10.0
ketone,4,CNN full patch,ketone_08_c10_wC07,C07,8,10.0,11.505146254980394,10.0
ketone,4,CNN full patch,ketone_08_c10_wD11,D11,8,10.0,10.675921224655108,10.0
ketone,4,CNN full patch,ketone_08_c10_wD12,D12,8,10.0,13.853357272269283,10.0
ketone,4,CNN full patch,ketone_08_c10_wE04,E04,8,10.0,11.158297865862696,10.0
ketone,4,CNN full patch,ketone_08_c10_wE12,E12,8,10.0,10.642364253478735,10.0
ketone,4,CNN full patch,ketone_08_c10_wF07,F07,8,10.0,10.873716452161725,10.0
ketone,4,CNN full patch,ketone_08_c10_wF08,F08,8,10.0,11.373296477896416,10.0
ketone,4,CNN full patch,ketone_08_c10_wF09,F09,8,10.0,11.225078192141329,10.0
ketone,4,CNN full patch,ketone_08_c10_wF11,F11,8,10.0,10.436038006824036,10.0
ketone,4,CNN full patch,ketone_08_c10_wG01,G01,8,10.0,10.788463409345852,10.0
ketone,4,CNN full patch,ketone_08_c10_wG05,G05,8,10.0,13.164475990733916,10.0
ketone,4,CNN full patch,ketone_08_c10_wH07,H07,8,10.0,10.270005832255412,10.0
ketone,5,CNN full patch,ketone_01_c0_wA05,A05,1,0.0,0.0434679940567606,0.0434679940567606
ketone,5,CNN full patch,ketone_01_c0_wA09,A09,1,0.0,0.0352719790701725,0.0352719790701725
ketone,5,CNN full patch,ketone_01_c0_wB02,B02,1,0.0,0.0052182681548778,0.0052182681548778
ketone,5,CNN full patch,ketone_01_c0_wB05,B05,1,0.0,0.0107510532907841,0.0107510532907841
ketone,5,CNN full patch,ketone_01_c0_wB09,B09,1,0.0,0.0027116498761843,0.0027116498761843
ketone,5,CNN full patch,ketone_01_c0_wC11,C11,1,0.0,-0.0015285151569437,0.0
ketone,5,CNN full patch,ketone_01_c0_wD01,D01,1,0.0,-0.0201807679571587,0.0
ketone,5,CNN full patch,ketone_01_c0_wD04,D04,1,0.0,0.0320465243003935,0.0320465243003935
ketone,5,CNN full patch,ketone_01_c0_wD06,D06,1,0.0,0.020820799814428,0.020820799814428
ketone,5,CNN full patch,ketone_01_c0_wD08,D08,1,0.0,-0.0012081324965496,0.0
ketone,5,CNN full patch,ketone_01_c0_wE01,E01,1,0.0,-0.0389271363958751,0.0
ketone,5,CNN full patch,ketone_01_c0_wE05,E05,1,0.0,-0.002586582476311,0.0
ketone,5,CNN full patch,ketone_01_c0_wE06,E06,1,0.0,0.0148954301082426,0.0148954301082426
ketone,5,CNN full patch,ketone_01_c0_wE09,E09,1,0.0,0.0192348544728004,0.0192348544728004
ketone,5,CNN full patch,ketone_01_c0_wF03,F03,1,0.0,0.028093942420115,0.028093942420115
ketone,5,CNN full patch,ketone_01_c0_wG10,G10,1,0.0,0.0131874147152711,0.0131874147152711
ketone,5,CNN full patch,ketone_01_c0_wH03,H03,1,0.0,-0.0105778092910687,0.0
ketone,5,CNN full patch,ketone_01_c0_wH08,H08,1,0.0,-0.2140452642227328,0.0
ketone,5,CNN full patch,ketone_01_c0_wH11,H11,1,0.0,-0.0283006806046658,0.0
ketone,5,CNN full patch,ketone_02_c0.01_wA05,A05,2,0.01,0.0666234716410618,0.0666234716410618
ketone,5,CNN full patch,ketone_02_c0.01_wA09,A09,2,0.01,0.0057344969528221,0.0057344969528221
ketone,5,CNN full patch,ketone_02_c0.01_wB02,B02,2,0.01,0.0376516163535038,0.0376516163535038
ketone,5,CNN full patch,ketone_02_c0.01_wB05,B05,2,0.01,0.055556258912045,0.055556258912045
ketone,5,CNN full patch,ketone_02_c0.01_wB09,B09,2,0.01,0.0082584896310672,0.0082584896310672
ketone,5,CNN full patch,ketone_02_c0.01_wC11,C11,2,0.01,-0.0205956084061343,0.0
ketone,5,CNN full patch,ketone_02_c0.01_wD01,D01,2,0.01,-0.006292964184933,0.0
ketone,5,CNN full patch,ketone_02_c0.01_wD04,D04,2,0.01,0.0288241059641997,0.0288241059641997
ketone,5,CNN full patch,ketone_02_c0.01_wD06,D06,2,0.01,0.0350181848495208,0.0350181848495208
ketone,5,CNN full patch,ketone_02_c0.01_wD08,D08,2,0.01,-0.0003652812006758,0.0
ketone,5,CNN full patch,ketone_02_c0.01_wE01,E01,2,0.01,-0.0168049728689004,0.0
ketone,5,CNN full patch,ketone_02_c0.01_wE05,E05,2,0.01,-0.0179086108101087,0.0
ketone,5,CNN full patch,ketone_02_c0.01_wE06,E06,2,0.01,0.0903893493477252,0.0903893493477252
ketone,5,CNN full patch,ketone_02_c0.01_wE09,E09,2,0.01,0.0233612021682071,0.0233612021682071
ketone,5,CNN full patch,ketone_02_c0.01_wF03,F03,2,0.01,0.0279749242611612,0.0279749242611612
ketone,5,CNN full patch,ketone_02_c0.01_wG10,G10,2,0.01,0.0240906811540649,0.0240906811540649
ketone,5,CNN full patch,ketone_02_c0.01_wH03,H03,2,0.01,-0.0292456064118541,0.0
ketone,5,CNN full patch,ketone_02_c0.01_wH08,H08,2,0.01,0.0536741837320132,0.0536741837320132
ketone,5,CNN full patch,ketone_02_c0.01_wH11,H11,2,0.01,0.0017406733156893,0.0017406733156893
ketone,5,CNN full patch,ketone_03_c0.05_wA05,A05,3,0.05,0.14724290868632,0.14724290868632
ketone,5,CNN full patch,ketone_03_c0.05_wA09,A09,3,0.05,0.0175246465092279,0.0175246465092279
ketone,5,CNN full patch,ketone_03_c0.05_wB02,B02,3,0.05,0.1248173975591425,0.1248173975591425
ketone,5,CNN full patch,ketone_03_c0.05_wB05,B05,3,0.05,0.0798247590458749,0.0798247590458749
ketone,5,CNN full patch,ketone_03_c0.05_wB09,B09,3,0.05,0.0358881026160682,0.0358881026160682
ketone,5,CNN full patch,ketone_03_c0.05_wC11,C11,3,0.05,0.0309774997150384,0.0309774997150384
ketone,5,CNN full patch,ketone_03_c0.05_wD01,D01,3,0.05,0.0018353976467533,0.0018353976467533
ketone,5,CNN full patch,ketone_03_c0.05_wD04,D04,3,0.05,0.1867898350155095,0.1867898350155095
ketone,5,CNN full patch,ketone_03_c0.05_wD06,D06,3,0.05,0.0926528435877087,0.0926528435877087
ketone,5,CNN full patch,ketone_03_c0.05_wD08,D08,3,0.05,0.1307138733943091,0.1307138733943091
ketone,5,CNN full patch,ketone_03_c0.05_wE01,E01,3,0.05,0.0745148815891273,0.0745148815891273
ketone,5,CNN full patch,ketone_03_c0.05_wE05,E05,3,0.05,0.0830992270588425,0.0830992270588425
ketone,5,CNN full patch,ketone_03_c0.05_wE06,E06,3,0.05,0.086439469635699,0.086439469635699
ketone,5,CNN full patch,ketone_03_c0.05_wE09,E09,3,0.05,0.086042046809081,0.086042046809081
ketone,5,CNN full patch,ketone_03_c0.05_wF03,F03,3,0.05,0.0429059399275206,0.0429059399275206
ketone,5,CNN full patch,ketone_03_c0.05_wG10,G10,3,0.05,0.0847479657127871,0.0847479657127871
ketone,5,CNN full patch,ketone_03_c0.05_wH03,H03,3,0.05,0.0502658131982191,0.0502658131982191
ketone,5,CNN full patch,ketone_03_c0.05_wH08,H08,3,0.05,0.0670758565106696,0.0670758565106696
ketone,5,CNN full patch,ketone_03_c0.05_wH11,H11,3,0.05,0.1119901469985351,0.1119901469985351
ketone,5,CNN full patch,ketone_04_c0.1_wA05,A05,4,0.1,0.1426602681467357,0.1426602681467357
ketone,5,CNN full patch,ketone_04_c0.1_wA09,A09,4,0.1,0.1166507507604328,0.1166507507604328
ketone,5,CNN full patch,ketone_04_c0.1_wB02,B02,4,0.1,0.1412254948888283,0.1412254948888283
ketone,5,CNN full patch,ketone_04_c0.1_wB05,B05,4,0.1,0.2162708147231643,0.2162708147231643
ketone,5,CNN full patch,ketone_04_c0.1_wB09,B09,4,0.1,0.1673981789119941,0.1673981789119941
ketone,5,CNN full patch,ketone_04_c0.1_wC11,C11,4,0.1,0.1651664371375194,0.1651664371375194
ketone,5,CNN full patch,ketone_04_c0.1_wD01,D01,4,0.1,0.1385318342428851,0.1385318342428851
ketone,5,CNN full patch,ketone_04_c0.1_wD04,D04,4,0.1,0.1175180306246512,0.1175180306246512
ketone,5,CNN full patch,ketone_04_c0.1_wD06,D06,4,0.1,0.1678340512908561,0.1678340512908561
ketone,5,CNN full patch,ketone_04_c0.1_wD08,D08,4,0.1,0.1020201664644533,0.1020201664644533
ketone,5,CNN full patch,ketone_04_c0.1_wE01,E01,4,0.1,0.1003350247799215,0.1003350247799215
ketone,5,CNN full patch,ketone_04_c0.1_wE05,E05,4,0.1,0.123409922367814,0.123409922367814
ketone,5,CNN full patch,ketone_04_c0.1_wE06,E06,4,0.1,0.1290188771681565,0.1290188771681565
ketone,5,CNN full patch,ketone_04_c0.1_wE09,E09,4,0.1,0.1163324381449245,0.1163324381449245
ketone,5,CNN full patch,ketone_04_c0.1_wF03,F03,4,0.1,0.0854262981176123,0.0854262981176123
ketone,5,CNN full patch,ketone_04_c0.1_wG10,G10,4,0.1,0.1846966574455915,0.1846966574455915
ketone,5,CNN full patch,ketone_04_c0.1_wH03,H03,4,0.1,0.1258989580836666,0.1258989580836666
ketone,5,CNN full patch,ketone_04_c0.1_wH08,H08,4,0.1,-0.062612587606583,0.0
ketone,5,CNN full patch,ketone_04_c0.1_wH11,H11,4,0.1,0.1189262669726279,0.1189262669726279
ketone,5,CNN full patch,ketone_05_c0.5_wA05,A05,5,0.5,0.4213045286493024,0.4213045286493024
ketone,5,CNN full patch,ketone_05_c0.5_wA09,A09,5,0.5,0.3751753696744311,0.3751753696744311
ketone,5,CNN full patch,ketone_05_c0.5_wB02,B02,5,0.5,0.2835518013222384,0.2835518013222384
ketone,5,CNN full patch,ketone_05_c0.5_wB05,B05,5,0.5,0.3861977579694202,0.3861977579694202
ketone,5,CNN full patch,ketone_05_c0.5_wB09,B09,5,0.5,0.4256503396119822,0.4256503396119822
ketone,5,CNN full patch,ketone_05_c0.5_wC11,C11,5,0.5,0.3612570213342534,0.3612570213342534
ketone,5,CNN full patch,ketone_05_c0.5_wD01,D01,5,0.5,0.39103657079709,0.39103657079709
ketone,5,CNN full patch,ketone_05_c0.5_wD04,D04,5,0.5,0.5028907760703398,0.5028907760703398
ketone,5,CNN full patch,ketone_05_c0.5_wD06,D06,5,0.5,0.5540462310991556,0.5540462310991556
ketone,5,CNN full patch,ketone_05_c0.5_wD08,D08,5,0.5,0.4811246732643057,0.4811246732643057
ketone,5,CNN full patch,ketone_05_c0.5_wE01,E01,5,0.5,0.4148154420234629,0.4148154420234629
ketone,5,CNN full patch,ketone_05_c0.5_wE05,E05,5,0.5,0.5560166382207972,0.5560166382207972
ketone,5,CNN full patch,ketone_05_c0.5_wE06,E06,5,0.5,0.4917755120725129,0.4917755120725129
ketone,5,CNN full patch,ketone_05_c0.5_wE09,E09,5,0.5,0.5042051977458086,0.5042051977458086
ketone,5,CNN full patch,ketone_05_c0.5_wF03,F03,5,0.5,0.4671662381029726,0.4671662381029726
ketone,5,CNN full patch,ketone_05_c0.5_wG10,G10,5,0.5,0.4567961451448656,0.4567961451448656
ketone,5,CNN full patch,ketone_05_c0.5_wH03,H03,5,0.5,0.4420658539169898,0.4420658539169898
ketone,5,CNN full patch,ketone_05_c0.5_wH08,H08,5,0.5,0.4043537715433824,0.4043537715433824
ketone,5,CNN full patch,ketone_05_c0.5_wH11,H11,5,0.5,0.2981850579518498,0.2981850579518498
ketone,5,CNN full patch,ketone_06_c1_wA05,A05,6,1.0,1.0420751242343256,1.0420751242343256
ketone,5,CNN full patch,ketone_06_c1_wA09,A09,6,1.0,1.1575082172400792,1.1575082172400792
ketone,5,CNN full patch,ketone_06_c1_wB02,B02,6,1.0,0.8266982768373472,0.8266982768373472
ketone,5,CNN full patch,ketone_06_c1_wB05,B05,6,1.0,0.9520774241334476,0.9520774241334476
ketone,5,CNN full patch,ketone_06_c1_wB09,B09,6,1.0,1.082592215832617,1.082592215832617
ketone,5,CNN full patch,ketone_06_c1_wC11,C11,6,1.0,1.209815134060659,1.209815134060659
ketone,5,CNN full patch,ketone_06_c1_wD01,D01,6,1.0,0.96723960068372,0.96723960068372
ketone,5,CNN full patch,ketone_06_c1_wD04,D04,6,1.0,0.9257976308774292,0.9257976308774292
ketone,5,CNN full patch,ketone_06_c1_wD06,D06,6,1.0,0.8643686281423295,0.8643686281423295
ketone,5,CNN full patch,ketone_06_c1_wD08,D08,6,1.0,0.9405087927994702,0.9405087927994702
ketone,5,CNN full patch,ketone_06_c1_wE01,E01,6,1.0,1.0009944643918611,1.0009944643918611
ketone,5,CNN full patch,ketone_06_c1_wE05,E05,6,1.0,1.0104078128700622,1.0104078128700622
ketone,5,CNN full patch,ketone_06_c1_wE06,E06,6,1.0,0.8852180730207084,0.8852180730207084
ketone,5,CNN full patch,ketone_06_c1_wE09,E09,6,1.0,0.898294329372779,0.898294329372779
ketone,5,CNN full patch,ketone_06_c1_wF03,F03,6,1.0,0.9624275012616608,0.9624275012616608
ketone,5,CNN full patch,ketone_06_c1_wG10,G10,6,1.0,0.9243592686251764,0.9243592686251764
ketone,5,CNN full patch,ketone_06_c1_wH03,H03,6,1.0,0.9987973286386636,0.9987973286386636
ketone,5,CNN full patch,ketone_06_c1_wH08,H08,6,1.0,0.8860922194284253,0.8860922194284253
ketone,5,CNN full patch,ketone_06_c1_wH11,H11,6,1.0,0.9166035451758554,0.9166035451758554
ketone,5,CNN full patch,ketone_07_c5_wA05,A05,7,5.0,5.851049425376171,5.851049425376171
ketone,5,CNN full patch,ketone_07_c5_wA09,A09,7,5.0,6.239630346215883,6.239630346215883
ketone,5,CNN full patch,ketone_07_c5_wB02,B02,7,5.0,4.622115139739931,4.622115139739931
ketone,5,CNN full patch,ketone_07_c5_wB05,B05,7,5.0,6.614453412413391,6.614453412413391
ketone,5,CNN full patch,ketone_07_c5_wB09,B09,7,5.0,4.75202219476706,4.75202219476706
ketone,5,CNN full patch,ketone_07_c5_wC11,C11,7,5.0,5.308602558117919,5.308602558117919
ketone,5,CNN full patch,ketone_07_c5_wD01,D01,7,5.0,5.285560873533679,5.285560873533679
ketone,5,CNN full patch,ketone_07_c5_wD04,D04,7,5.0,5.220841883395576,5.220841883395576
ketone,5,CNN full patch,ketone_07_c5_wD06,D06,7,5.0,5.493473307314071,5.493473307314071
ketone,5,CNN full patch,ketone_07_c5_wD08,D08,7,5.0,5.631511826294696,5.631511826294696
ketone,5,CNN full patch,ketone_07_c5_wE01,E01,7,5.0,5.285687150401914,5.285687150401914
ketone,5,CNN full patch,ketone_07_c5_wE05,E05,7,5.0,5.270964667966027,5.270964667966027
ketone,5,CNN full patch,ketone_07_c5_wE06,E06,7,5.0,5.863351505583386,5.863351505583386
ketone,5,CNN full patch,ketone_07_c5_wE09,E09,7,5.0,5.188108869417207,5.188108869417207
ketone,5,CNN full patch,ketone_07_c5_wF03,F03,7,5.0,4.655834912079436,4.655834912079436
ketone,5,CNN full patch,ketone_07_c5_wG10,G10,7,5.0,5.08240684944164,5.08240684944164
ketone,5,CNN full patch,ketone_07_c5_wH03,H03,7,5.0,4.32838791584034,4.32838791584034
ketone,5,CNN full patch,ketone_07_c5_wH08,H08,7,5.0,6.245399890503182,6.245399890503182
ketone,5,CNN full patch,ketone_07_c5_wH11,H11,7,5.0,4.99260645158605,4.99260645158605
ketone,5,CNN full patch,ketone_08_c10_wA05,A05,8,10.0,11.959248234446182,10.0
ketone,5,CNN full patch,ketone_08_c10_wA09,A09,8,10.0,9.513331448104388,9.513331448104388
ketone,5,CNN full patch,ketone_08_c10_wB02,B02,8,10.0,9.74773369596283,9.74773369596283
ketone,5,CNN full patch,ketone_08_c10_wB05,B05,8,10.0,11.034189764533537,10.0
ketone,5,CNN full patch,ketone_08_c10_wB09,B09,8,10.0,11.231951890798088,10.0
ketone,5,CNN full patch,ketone_08_c10_wC11,C11,8,10.0,10.755091438505882,10.0
ketone,5,CNN full patch,ketone_08_c10_wD01,D01,8,10.0,10.246921614707912,10.0
ketone,5,CNN full patch,ketone_08_c10_wD04,D04,8,10.0,9.985051404934836,9.985051404934836
ketone,5,CNN full patch,ketone_08_c10_wD06,D06,8,10.0,9.645832040031326,9.645832040031326
ketone,5,CNN full patch,ketone_08_c10_wD08,D08,8,10.0,10.132326508565798,10.0
ketone,5,CNN full patch,ketone_08_c10_wE01,E01,8,10.0,10.214859687609176,10.0
ketone,5,CNN full patch,ketone_08_c10_wE05,E05,8,10.0,10.719526558284445,10.0
ketone,5,CNN full patch,ketone_08_c10_wE06,E06,8,10.0,9.753401981060742,9.753401981060742
ketone,5,CNN full patch,ketone_08_c10_wE09,E09,8,10.0,9.4982235124647,9.4982235124647
ketone,5,CNN full patch,ketone_08_c10_wF03,F03,8,10.0,8.946884948893999,8.946884948893999
ketone,5,CNN full patch,ketone_08_c10_wG10,G10,8,10.0,8.576094563424551,8.576094563424551
ketone,5,CNN full patch,ketone_08_c10_wH03,H03,8,10.0,8.938513930118111,8.938513930118111
ketone,5,CNN full patch,ketone_08_c10_wH08,H08,8,10.0,10.06939577514396,10.0
ketone,5,CNN full patch,ketone_08_c10_wH11,H11,8,10.0,9.95520240358218,9.95520240358218
