patch_id,image_id,analyte,concentration_order,concentration_mg_ml,well_id,grid_row,grid_col,crop_file,outer_test_fold
glucose_01_c0_wA01,glucose_01_c0,glucose,1,0.0,A01,1,1,crops/glucose/glucose_01_c0/glucose_01_c0_wA01.png,4
glucose_01_c0_wA02,glucose_01_c0,glucose,1,0.0,A02,1,2,crops/glucose/glucose_01_c0/glucose_01_c0_wA02.png,4
glucose_01_c0_wA03,glucose_01_c0,glucose,1,0.0,A03,1,3,crops/glucose/glucose_01_c0/glucose_01_c0_wA03.png,4
glucose_01_c0_wA04,glucose_01_c0,glucose,1,0.0,A04,1,4,crops/glucose/glucose_01_c0/glucose_01_c0_wA04.png,2
glucose_01_c0_wA05,glucose_01_c0,glucose,1,0.0,A05,1,5,crops/glucose/glucose_01_c0/glucose_01_c0_wA05.png,5
glucose_01_c0_wA06,glucose_01_c0,glucose,1,0.0,A06,1,6,crops/glucose/glucose_01_c0/glucose_01_c0_wA06.png,1
glucose_01_c0_wA07,glucose_01_c0,glucose,1,0.0,A07,1,7,crops/glucose/glucose_01_c0/glucose_01_c0_wA07.png,3
glucose_01_c0_wA08,glucose_01_c0,glucose,1,0.0,A08,1,8,crops/glucose/glucose_01_c0/glucose_01_c0_wA08.png,3
glucose_01_c0_wA09,glucose_01_c0,glucose,1,0.0,A09,1,9,crops/glucose/glucose_01_c0/glucose_01_c0_wA09.png,5
glucose_01_c0_wA10,glucose_01_c0,glucose,1,0.0,A10,1,10,crops/glucose/glucose_01_c0/glucose_01_c0_wA10.png,3
glucose_01_c0_wA11,glucose_01_c0,glucose,1,0.0,A11,1,11,crops/glucose/glucose_01_c0/glucose_01_c0_wA11.png,1
glucose_01_c0_wA12,glucose_01_c0,glucose,1,0.0,A12,1,12,crops/glucose/glucose_01_c0/glucose_01_c0_wA12.png,1
glucose_01_c0_wB01,glucose_01_c0,glucose,1,0.0,B01,2,1,crops/glucose/glucose_01_c0/glucose_01_c0_wB01.png,3
glucose_01_c0_wB02,glucose_01_c0,glucose,1,0.0,B02,2,2,crops/glucose/glucose_01_c0/glucose_01_c0_wB02.png,5
glucose_01_c0_wB03,glucose_01_c0,glucose,1,0.0,B03,2,3,crops/glucose/glucose_01_c0/glucose_01_c0_wB03.png,4
glucose_01_c0_wB04,glucose_01_c0,glucose,1,0.0,B04,2,4,crops/glucose/glucose_01_c0/glucose_01_c0_wB04.png,2
glucose_01_c0_wB05,glucose_01_c0,glucose,1,0.0,B05,2,5,crops/glucose/glucose_01_c0/glucose_01_c0_wB05.png,5
glucose_01_c0_wB06,glucose_01_c0,glucose,1,0.0,B06,2,6,crops/glucose/glucose_01_c0/glucose_01_c0_wB06.png,4
glucose_01_c0_wB07,glucose_01_c0,glucose,1,0.0,B07,2,7,crops/glucose/glucose_01_c0/glucose_01_c0_wB07.png,4
glucose_01_c0_wB08,glucose_01_c0,glucose,1,0.0,B08,2,8,crops/glucose/glucose_01_c0/glucose_01_c0_wB08.png,2
glucose_01_c0_wB09,glucose_01_c0,glucose,1,0.0,B09,2,9,crops/glucose/glucose_01_c0/glucose_01_c0_wB09.png,5
glucose_01_c0_wB10,glucose_01_c0,glucose,1,0.0,B10,2,10,crops/glucose/glucose_01_c0/glucose_01_c0_wB10.png,2
glucose_01_c0_wB11,glucose_01_c0,glucose,1,0.0,B11,2,11,crops/glucose/glucose_01_c0/glucose_01_c0_wB11.png,3
glucose_01_c0_wB12,glucose_01_c0,glucose,1,0.0,B12,2,12,crops/glucose/glucose_01_c0/glucose_01_c0_wB12.png,2
glucose_01_c0_wC01,glucose_01_c0,glucose,1,0.0,C01,3,1,crops/glucose/glucose_01_c0/glucose_01_c0_wC01.png,1
glucose_01_c0_wC02,glucose_01_c0,glucose,1,0.0,C02,3,2,crops/glucose/glucose_01_c0/glucose_01_c0_wC02.png,3
glucose_01_c0_wC03,glucose_01_c0,glucose,1,0.0,C03,3,3,crops/glucose/glucose_01_c0/glucose_01_c0_wC03.png,1
glucose_01_c0_wC04,glucose_01_c0,glucose,1,0.0,C04,3,4,crops/glucose/glucose_01_c0/glucose_01_c0_wC04.png,2
glucose_01_c0_wC05,glucose_01_c0,glucose,1,0.0,C05,3,5,crops/glucose/glucose_01_c0/glucose_01_c0_wC05.png,3
glucose_01_c0_wC06,glucose_01_c0,glucose,1,0.0,C06,3,6,crops/glucose/glucose_01_c0/glucose_01_c0_wC06.png,4
glucose_01_c0_wC07,glucose_01_c0,glucose,1,0.0,C07,3,7,crops/glucose/glucose_01_c0/glucose_01_c0_wC07.png,4
glucose_01_c0_wC08,glucose_01_c0,glucose,1,0.0,C08,3,8,crops/glucose/glucose_01_c0/glucose_01_c0_wC08.png,2
glucose_01_c0_wC09,glucose_01_c0,glucose,1,0.0,C09,3,9,crops/glucose/glucose_01_c0/glucose_01_c0_wC09.png,1
glucose_01_c0_wC10,glucose_01_c0,glucose,1,0.0,C10,3,10,crops/glucose/glucose_01_c0/glucose_01_c0_wC10.png,3
glucose_01_c0_wC11,glucose_01_c0,glucose,1,0.0,C11,3,11,crops/glucose/glucose_01_c0/glucose_01_c0_wC11.png,5
glucose_01_c0_wC12,glucose_01_c0,glucose,1,0.0,C12,3,12,crops/glucose/glucose_01_c0/glucose_01_c0_wC12.png,2
glucose_01_c0_wD01,glucose_01_c0,glucose,1,0.0,D01,4,1,crops/glucose/glucose_01_c0/glucose_01_c0_wD01.png,5
glucose_01_c0_wD02,glucose_01_c0,glucose,1,0.0,D02,4,2,crops/glucose/glucose_01_c0/glucose_01_c0_wD02.png,1
glucose_01_c0_wD03,glucose_01_c0,glucose,1,0.0,D03,4,3,crops/glucose/glucose_01_c0/glucose_01_c0_wD03.png,1
glucose_01_c0_wD04,glucose_01_c0,glucose,1,0.0,D04,4,4,crops/glucose/glucose_01_c0/glucose_01_c0_wD04.png,5
glucose_01_c0_wD05,glucose_01_c0,glucose,1,0.0,D05,4,5,crops/glucose/glucose_01_c0/glucose_01_c0_wD05.png,3
glucose_01_c0_wD06,glucose_01_c0,glucose,1,0.0,D06,4,6,crops/glucose/glucose_01_c0/glucose_01_c0_wD06.png,5
glucose_01_c0_wD07,glucose_01_c0,glucose,1,0.0,D07,4,7,crops/glucose/glucose_01_c0/glucose_01_c0_wD07.png,2
glucose_01_c0_wD08,glucose_01_c0,glucose,1,0.0,D08,4,8,crops/glucose/glucose_01_c0/glucose_01_c0_wD08.png,5
glucose_01_c0_wD09,glucose_01_c0,glucose,1,0.0,D09,4,9,crops/glucose/glucose_01_c0/glucose_01_c0_wD09.png,3
glucose_01_c0_wD10,glucose_01_c0,glucose,1,0.0,D10,4,10,crops/glucose/glucose_01_c0/glucose_01_c0_wD10.png,3
glucose_01_c0_wD11,glucose_01_c0,glucose,1,0.0,D11,4,11,crops/glucose/glucose_01_c0/glucose_01_c0_wD11.png,4
glucose_01_c0_wD12,glucose_01_c0,glucose,1,0.0,D12,4,12,crops/glucose/glucose_01_c0/glucose_01_c0_wD12.png,4
glucose_01_c0_wE01,glucose_01_c0,glucose,1,0.0,E01,5,1,crops/glucose/glucose_01_c0/glucose_01_c0_wE01.png,5
glucose_01_c0_wE02,glucose_01_c0,glucose,1,0.0,E02,5,2,crops/glucose/glucose_01_c0/glucose_01_c0_wE02.png,1
glucose_01_c0_wE03,glucose_01_c0,glucose,1,0.0,E03,5,3,crops/glucose/glucose_01_c0/glucose_01_c0_wE03.png,1
glucose_01_c0_wE04,glucose_01_c0,glucose,1,0.0,E04,5,4,crops/glucose/glucose_01_c0/glucose_01_c0_wE04.png,4
glucose_01_c0_wE05,glucose_01_c0,glucose,1,0.0,E05,5,5,crops/glucose/glucose_01_c0/glucose_01_c0_wE05.png,5
glucose_01_c0_wE06,glucose_01_c0,glucose,1,0.0,E06,5,6,crops/glucose/glucose_01_c0/glucose_01_c0_wE06.png,5
glucose_01_c0_wE07,glucose_01_c0,glucose,1,0.0,E07,5,7,crops/glucose/glucose_01_c0/glucose_01_c0_wE07.png,2
glucose_01_c0_wE08,glucose_01_c0,glucose,1,0.0,E08,5,8,crops/glucose/glucose_01_c0/glucose_01_c0_wE08.png,1
glucose_01_c0_wE09,glucose_01_c0,glucose,1,0.0,E09,5,9,crops/glucose/glucose_01_c0/glucose_01_c0_wE09.png,5
glucose_01_c0_wE10,glucose_01_c0,glucose,1,0.0,E10,5,10,crops/glucose/glucose_01_c0/glucose_01_c0_wE10.png,1
glucose_01_c0_wE11,glucose_01_c0,glucose,1,0.0,E11,5,11,crops/glucose/glucose_01_c0/glucose_01_c0_wE11.png,1
glucose_01_c0_wE12,glucose_01_c0,glucose,1,0.0,E12,5,12,crops/glucose/glucose_01_c0/glucose_01_c0_wE12.png,4
glucose_01_c0_wF01,glucose_01_c0,glucose,1,0.0,F01,6,1,crops/glucose/glucose_01_c0/glucose_01_c0_wF01.png,1
glucose_01_c0_wF02,glucose_01_c0,glucose,1,0.0,F02,6,2,crops/glucose/glucose_01_c0/glucose_01_c0_wF02.png,2
glucose_01_c0_wF03,glucose_01_c0,glucose,1,0.0,F03,6,3,crops/glucose/glucose_01_c0/glucose_01_c0_wF03.png,5
glucose_01_c0_wF04,glucose_01_c0,glucose,1,0.0,F04,6,4,crops/glucose/glucose_01_c0/glucose_01_c0_wF04.png,3
glucose_01_c0_wF05,glucose_01_c0,glucose,1,0.0,F05,6,5,crops/glucose/glucose_01_c0/glucose_01_c0_wF05.png,2
glucose_01_c0_wF06,glucose_01_c0,glucose,1,0.0,F06,6,6,crops/glucose/glucose_01_c0/glucose_01_c0_wF06.png,2
glucose_01_c0_wF07,glucose_01_c0,glucose,1,0.0,F07,6,7,crops/glucose/glucose_01_c0/glucose_01_c0_wF07.png,4
glucose_01_c0_wF08,glucose_01_c0,glucose,1,0.0,F08,6,8,crops/glucose/glucose_01_c0/glucose_01_c0_wF08.png,4
glucose_01_c0_wF09,glucose_01_c0,glucose,1,0.0,F09,6,9,crops/glucose/glucose_01_c0/glucose_01_c0_wF09.png,4
glucose_01_c0_wF10,glucose_01_c0,glucose,1,0.0,F10,6,10,crops/glucose/glucose_01_c0/glucose_01_c0_wF10.png,2
glucose_01_c0_wF11,glucose_01_c0,glucose,1,0.0,F11,6,11,crops/glucose/glucose_01_c0/glucose_01_c0_wF11.png,4
glucose_01_c0_wF12,glucose_01_c0,glucose,1,0.0,F12,6,12,crops/glucose/glucose_01_c0/glucose_01_c0_wF12.png,1
glucose_01_c0_wG01,glucose_01_c0,glucose,1,0.0,G01,7,1,crops/glucose/glucose_01_c0/glucose_01_c0_wG01.png,4
glucose_01_c0_wG02,glucose_01_c0,glucose,1,0.0,G02,7,2,crops/glucose/glucose_01_c0/glucose_01_c0_wG02.png,3
glucose_01_c0_wG03,glucose_01_c0,glucose,1,0.0,G03,7,3,crops/glucose/glucose_01_c0/glucose_01_c0_wG03.png,2
glucose_01_c0_wG04,glucose_01_c0,glucose,1,0.0,G04,7,4,crops/glucose/glucose_01_c0/glucose_01_c0_wG04.png,3
glucose_01_c0_wG05,glucose_01_c0,glucose,1,0.0,G05,7,5,crops/glucose/glucose_01_c0/glucose_01_c0_wG05.png,4
glucose_01_c0_wG06,glucose_01_c0,glucose,1,0.0,G06,7,6,crops/glucose/glucose_01_c0/glucose_01_c0_wG06.png,1
glucose_01_c0_wG07,glucose_01_c0,glucose,1,0.0,G07,7,7,crops/glucose/glucose_01_c0/glucose_01_c0_wG07.png,3
glucose_01_c0_wG08,glucose_01_c0,glucose,1,0.0,G08,7,8,crops/glucose/glucose_01_c0/glucose_01_c0_wG08.png,3
glucose_01_c0_wG09,glucose_01_c0,glucose,1,0.0,G09,7,9,crops/glucose/glucose_01_c0/glucose_01_c0_wG09.png,1
glucose_01_c0_wG10,glucose_01_c0,glucose,1,0.0,G10,7,10,crops/glucose/glucose_01_c0/glucose_01_c0_wG10.png,5
glucose_01_c0_wG11,glucose_01_c0,glucose,1,0.0,G11,7,11,crops/glucose/glucose_01_c0/glucose_01_c0_wG11.png,1
glucose_01_c0_wG12,glucose_01_c0,glucose,1,0.0,G12,7,12,crops/glucose/glucose_01_c0/glucose_01_c0_wG12.png,1
glucose_01_c0_wH01,glucose_01_c0,glucose,1,0.0,H01,8,1,crops/glucose/glucose_01_c0/glucose_01_c0_wH01.png,2
glucose_01_c0_wH02,glucose_01_c0,glucose,1,0.0,H02,8,2,crops/glucose/glucose_01_c0/glucose_01_c0_wH02.png,2
glucose_01_c0_wH03,glucose_01_c0,glucose,1,0.0,H03,8,3,crops/glucose/glucose_01_c0/glucose_01_c0_wH03.png,5
glucose_01_c0_wH04,glucose_01_c0,glucose,1,0.0,H04,8,4,crops/glucose/glucose_01_c0/glucose_01_c0_wH04.png,2
glucose_01_c0_wH05,glucose_01_c0,glucose,1,0.0,H05,8,5,crops/glucose/glucose_01_c0/glucose_01_c0_wH05.png,1
glucose_01_c0_wH06,glucose_01_c0,glucose,1,0.0,H06,8,6,crops/glucose/glucose_01_c0/glucose_01_c0_wH06.png,2
glucose_01_c0_wH07,glucose_01_c0,glucose,1,0.0,H07,8,7,crops/glucose/glucose_01_c0/glucose_01_c0_wH07.png,4
glucose_01_c0_wH08,glucose_01_c0,glucose,1,0.0,H08,8,8,crops/glucose/glucose_01_c0/glucose_01_c0_wH08.png,5
glucose_01_c0_wH09,glucose_01_c0,glucose,1,0.0,H09,8,9,crops/glucose/glucose_01_c0/glucose_01_c0_wH09.png,3
glucose_01_c0_wH10,glucose_01_c0,glucose,1,0.0,H10,8,10,crops/glucose/glucose_01_c0/glucose_01_c0_wH10.png,3
glucose_01_c0_wH11,glucose_01_c0,glucose,1,0.0,H11,8,11,crops/glucose/glucose_01_c0/glucose_01_c0_wH11.png,5
glucose_01_c0_wH12,glucose_01_c0,glucose,1,0.0,H12,8,12,crops/glucose/glucose_01_c0/glucose_01_c0_wH12.png,3
glucose_02_c0.01_wA01,glucose_02_c0.01,glucose,2,0.01,A01,1,1,crops/glucose/glucose_02_c0.01/glucose_02_c0.01_wA01.png,4
glucose_02_c0.01_wA02,glucose_02_c0.01,glucose,2,0.01,A02,1,2,crops/glucose/glucose_02_c0.01/glucose_02_c0.01_wA02.png,4
glucose_02_c0.01_wA03,glucose_02_c0.01,glucose,2,0.01,A03,1,3,crops/glucose/glucose_02_c0.01/glucose_02_c0.01_wA03.png,4
glucose_02_c0.01_wA04,glucose_02_c0.01,glucose,2,0.01,A04,1,4,crops/glucose/glucose_02_c0.01/glucose_02_c0.01_wA04.png,2
glucose_02_c0.01_wA05,glucose_02_c0.01,glucose,2,0.01,A05,1,5,crops/glucose/glucose_02_c0.01/glucose_02_c0.01_wA05.png,5
glucose_02_c0.01_wA06,glucose_02_c0.01,glucose,2,0.01,A06,1,6,crops/glucose/glucose_02_c0.01/glucose_02_c0.01_wA06.png,1
glucose_02_c0.01_wA07,glucose_02_c0.01,glucose,2,0.01,A07,1,7,crops/glucose/glucose_02_c0.01/glucose_02_c0.01_wA07.png,3
glucose_02_c0.01_wA08,glucose_02_c0.01,glucose,2,0.01,A08,1,8,crops/glucose/glucose_02_c0.01/glucose_02_c0.01_wA08.png,3
glucose_02_c0.01_wA09,glucose_02_c0.01,glucose,2,0.01,A09,1,9,crops/glucose/glucose_02_c0.01/glucose_02_c0.01_wA09.png,5
glucose_02_c0.01_wA10,glucose_02_c0.01,glucose,2,0.01,A10,1,10,crops/glucose/glucose_02_c0.01/glucose_02_c0.01_wA10.png,3
glucose_02_c0.01_wA11,glucose_02_c0.01,glucose,2,0.01,A11,1,11,crops/glucose/glucose_02_c0.01/glucose_02_c0.01_wA11.png,1
glucose_02_c0.01_wA12,glucose_02_c0.01,glucose,2,0.01,A12,1,12,crops/glucose/glucose_02_c0.01/glucose_02_c0.01_wA12.png,1
glucose_02_c0.01_wB01,glucose_02_c0.01,glucose,2,0.01,B01,2,1,crops/glucose/glucose_02_c0.01/glucose_02_c0.01_wB01.png,3
glucose_02_c0.01_wB02,glucose_02_c0.01,glucose,2,0.01,B02,2,2,crops/glucose/glucose_02_c0.01/glucose_02_c0.01_wB02.png,5
glucose_02_c0.01_wB03,glucose_02_c0.01,glucose,2,0.01,B03,2,3,crops/glucose/glucose_02_c0.01/glucose_02_c0.01_wB03.png,4
glucose_02_c0.01_wB04,glucose_02_c0.01,glucose,2,0.01,B04,2,4,crops/glucose/glucose_02_c0.01/glucose_02_c0.01_wB04.png,2
glucose_02_c0.01_wB05,glucose_02_c0.01,glucose,2,0.01,B05,2,5,crops/glucose/glucose_02_c0.01/glucose_02_c0.01_wB05.png,5
glucose_02_c0.01_wB06,glucose_02_c0.01,glucose,2,0.01,B06,2,6,crops/glucose/glucose_02_c0.01/glucose_02_c0.01_wB06.png,4
glucose_02_c0.01_wB07,glucose_02_c0.01,glucose,2,0.01,B07,2,7,crops/glucose/glucose_02_c0.01/glucose_02_c0.01_wB07.png,4
glucose_02_c0.01_wB08,glucose_02_c0.01,glucose,2,0.01,B08,2,8,crops/glucose/glucose_02_c0.01/glucose_02_c0.01_wB08.png,2
glucose_02_c0.01_wB09,glucose_02_c0.01,glucose,2,0.01,B09,2,9,crops/glucose/glucose_02_c0.01/glucose_02_c0.01_wB09.png,5
glucose_02_c0.01_wB10,glucose_02_c0.01,glucose,2,0.01,B10,2,10,crops/glucose/glucose_02_c0.01/glucose_02_c0.01_wB10.png,2
glucose_02_c0.01_wB11,glucose_02_c0.01,glucose,2,0.01,B11,2,11,crops/glucose/glucose_02_c0.01/glucose_02_c0.01_wB11.png,3
glucose_02_c0.01_wB12,glucose_02_c0.01,glucose,2,0.01,B12,2,12,crops/glucose/glucose_02_c0.01/glucose_02_c0.01_wB12.png,2
glucose_02_c0.01_wC01,glucose_02_c0.01,glucose,2,0.01,C01,3,1,crops/glucose/glucose_02_c0.01/glucose_02_c0.01_wC01.png,1
glucose_02_c0.01_wC02,glucose_02_c0.01,glucose,2,0.01,C02,3,2,crops/glucose/glucose_02_c0.01/glucose_02_c0.01_wC02.png,3
glucose_02_c0.01_wC03,glucose_02_c0.01,glucose,2,0.01,C03,3,3,crops/glucose/glucose_02_c0.01/glucose_02_c0.01_wC03.png,1
glucose_02_c0.01_wC04,glucose_02_c0.01,glucose,2,0.01,C04,3,4,crops/glucose/glucose_02_c0.01/glucose_02_c0.01_wC04.png,2
glucose_02_c0.01_wC05,glucose_02_c0.01,glucose,2,0.01,C05,3,5,crops/glucose/glucose_02_c0.01/glucose_02_c0.01_wC05.png,3
glucose_02_c0.01_wC06,glucose_02_c0.01,glucose,2,0.01,C06,3,6,crops/glucose/glucose_02_c0.01/glucose_02_c0.01_wC06.png,4
glucose_02_c0.01_wC07,glucose_02_c0.01,glucose,2,0.01,C07,3,7,crops/glucose/glucose_02_c0.01/glucose_02_c0.01_wC07.png,4
glucose_02_c0.01_wC08,glucose_02_c0.01,glucose,2,0.01,C08,3,8,crops/glucose/glucose_02_c0.01/glucose_02_c0.01_wC08.png,2
glucose_02_c0.01_wC09,glucose_02_c0.01,glucose,2,0.01,C09,3,9,crops/glucose/glucose_02_c0.01/glucose_02_c0.01_wC09.png,1
glucose_02_c0.01_wC10,glucose_02_c0.01,glucose,2,0.01,C10,3,10,crops/glucose/glucose_02_c0.01/glucose_02_c0.01_wC10.png,3
glucose_02_c0.01_wC11,glucose_02_c0.01,glucose,2,0.01,C11,3,11,crops/glucose/glucose_02_c0.01/glucose_02_c0.01_wC11.png,5
glucose_02_c0.01_wC12,glucose_02_c0.01,glucose,2,0.01,C12,3,12,crops/glucose/glucose_02_c0.01/glucose_02_c0.01_wC12.png,2
glucose_02_c0.01_wD01,glucose_02_c0.01,glucose,2,0.01,D01,4,1,crops/glucose/glucose_02_c0.01/glucose_02_c0.01_wD01.png,5
glucose_02_c0.01_wD02,glucose_02_c0.01,glucose,2,0.01,D02,4,2,crops/glucose/glucose_02_c0.01/glucose_02_c0.01_wD02.png,1
glucose_02_c0.01_wD03,glucose_02_c0.01,glucose,2,0.01,D03,4,3,crops/glucose/glucose_02_c0.01/glucose_02_c0.01_wD03.png,1
glucose_02_c0.01_wD04,glucose_02_c0.01,glucose,2,0.01,D04,4,4,crops/glucose/glucose_02_c0.01/glucose_02_c0.01_wD04.png,5
glucose_02_c0.01_wD05,glucose_02_c0.01,glucose,2,0.01,D05,4,5,crops/glucose/glucose_02_c0.01/glucose_02_c0.01_wD05.png,3
glucose_02_c0.01_wD06,glucose_02_c0.01,glucose,2,0.01,D06,4,6,crops/glucose/glucose_02_c0.01/glucose_02_c0.01_wD06.png,5
glucose_02_c0.01_wD07,glucose_02_c0.01,glucose,2,0.01,D07,4,7,crops/glucose/glucose_02_c0.01/glucose_02_c0.01_wD07.png,2
glucose_02_c0.01_wD08,glucose_02_c0.01,glucose,2,0.01,D08,4,8,crops/glucose/glucose_02_c0.01/glucose_02_c0.01_wD08.png,5
glucose_02_c0.01_wD09,glucose_02_c0.01,glucose,2,0.01,D09,4,9,crops/glucose/glucose_02_c0.01/glucose_02_c0.01_wD09.png,3
glucose_02_c0.01_wD10,glucose_02_c0.01,glucose,2,0.01,D10,4,10,crops/glucose/glucose_02_c0.01/glucose_02_c0.01_wD10.png,3
glucose_02_c0.01_wD11,glucose_02_c0.01,glucose,2,0.01,D11,4,11,crops/glucose/glucose_02_c0.01/glucose_02_c0.01_wD11.png,4
glucose_02_c0.01_wD12,glucose_02_c0.01,glucose,2,0.01,D12,4,12,crops/glucose/glucose_02_c0.01/glucose_02_c0.01_wD12.png,4
glucose_02_c0.01_wE01,glucose_02_c0.01,glucose,2,0.01,E01,5,1,crops/glucose/glucose_02_c0.01/glucose_02_c0.01_wE01.png,5
glucose_02_c0.01_wE02,glucose_02_c0.01,glucose,2,0.01,E02,5,2,crops/glucose/glucose_02_c0.01/glucose_02_c0.01_wE02.png,1
glucose_02_c0.01_wE03,glucose_02_c0.01,glucose,2,0.01,E03,5,3,crops/glucose/glucose_02_c0.01/glucose_02_c0.01_wE03.png,1
glucose_02_c0.01_wE04,glucose_02_c0.01,glucose,2,0.01,E04,5,4,crops/glucose/glucose_02_c0.01/glucose_02_c0.01_wE04.png,4
glucose_02_c0.01_wE05,glucose_02_c0.01,glucose,2,0.01,E05,5,5,crops/glucose/glucose_02_c0.01/glucose_02_c0.01_wE05.png,5
glucose_02_c0.01_wE06,glucose_02_c0.01,glucose,2,0.01,E06,5,6,crops/glucose/glucose_02_c0.01/glucose_02_c0.01_wE06.png,5
glucose_02_c0.01_wE07,glucose_02_c0.01,glucose,2,0.01,E07,5,7,crops/glucose/glucose_02_c0.01/glucose_02_c0.01_wE07.png,2
glucose_02_c0.01_wE08,glucose_02_c0.01,glucose,2,0.01,E08,5,8,crops/glucose/glucose_02_c0.01/glucose_02_c0.01_wE08.png,1
glucose_02_c0.01_wE09,glucose_02_c0.01,glucose,2,0.01,E09,5,9,crops/glucose/glucose_02_c0.01/glucose_02_c0.01_wE09.png,5
glucose_02_c0.01_wE10,glucose_02_c0.01,glucose,2,0.01,E10,5,10,crops/glucose/glucose_02_c0.01/glucose_02_c0.01_wE10.png,1
glucose_02_c0.01_wE11,glucose_02_c0.01,glucose,2,0.01,E11,5,11,crops/glucose/glucose_02_c0.01/glucose_02_c0.01_wE11.png,1
glucose_02_c0.01_wE12,glucose_02_c0.01,glucose,2,0.01,E12,5,12,crops/glucose/glucose_02_c0.01/glucose_02_c0.01_wE12.png,4
glucose_02_c0.01_wF01,glucose_02_c0.01,glucose,2,0.01,F01,6,1,crops/glucose/glucose_02_c0.01/glucose_02_c0.01_wF01.png,1
glucose_02_c0.01_wF02,glucose_02_c0.01,glucose,2,0.01,F02,6,2,crops/glucose/glucose_02_c0.01/glucose_02_c0.01_wF02.png,2
glucose_02_c0.01_wF03,glucose_02_c0.01,glucose,2,0.01,F03,6,3,crops/glucose/glucose_02_c0.01/glucose_02_c0.01_wF03.png,5
glucose_02_c0.01_wF04,glucose_02_c0.01,glucose,2,0.01,F04,6,4,crops/glucose/glucose_02_c0.01/glucose_02_c0.01_wF04.png,3
glucose_02_c0.01_wF05,glucose_02_c0.01,glucose,2,0.01,F05,6,5,crops/glucose/glucose_02_c0.01/glucose_02_c0.01_wF05.png,2
glucose_02_c0.01_wF06,glucose_02_c0.01,glucose,2,0.01,F06,6,6,crops/glucose/glucose_02_c0.01/glucose_02_c0.01_wF06.png,2
glucose_02_c0.01_wF07,glucose_02_c0.01,glucose,2,0.01,F07,6,7,crops/glucose/glucose_02_c0.01/glucose_02_c0.01_wF07.png,4
glucose_02_c0.01_wF08,glucose_02_c0.01,glucose,2,0.01,F08,6,8,crops/glucose/glucose_02_c0.01/glucose_02_c0.01_wF08.png,4
glucose_02_c0.01_wF09,glucose_02_c0.01,glucose,2,0.01,F09,6,9,crops/glucose/glucose_02_c0.01/glucose_02_c0.01_wF09.png,4
glucose_02_c0.01_wF10,glucose_02_c0.01,glucose,2,0.01,F10,6,10,crops/glucose/glucose_02_c0.01/glucose_02_c0.01_wF10.png,2
glucose_02_c0.01_wF11,glucose_02_c0.01,glucose,2,0.01,F11,6,11,crops/glucose/glucose_02_c0.01/glucose_02_c0.01_wF11.png,4
glucose_02_c0.01_wF12,glucose_02_c0.01,glucose,2,0.01,F12,6,12,crops/glucose/glucose_02_c0.01/glucose_02_c0.01_wF12.png,1
glucose_02_c0.01_wG01,glucose_02_c0.01,glucose,2,0.01,G01,7,1,crops/glucose/glucose_02_c0.01/glucose_02_c0.01_wG01.png,4
glucose_02_c0.01_wG02,glucose_02_c0.01,glucose,2,0.01,G02,7,2,crops/glucose/glucose_02_c0.01/glucose_02_c0.01_wG02.png,3
glucose_02_c0.01_wG03,glucose_02_c0.01,glucose,2,0.01,G03,7,3,crops/glucose/glucose_02_c0.01/glucose_02_c0.01_wG03.png,2
glucose_02_c0.01_wG04,glucose_02_c0.01,glucose,2,0.01,G04,7,4,crops/glucose/glucose_02_c0.01/glucose_02_c0.01_wG04.png,3
glucose_02_c0.01_wG05,glucose_02_c0.01,glucose,2,0.01,G05,7,5,crops/glucose/glucose_02_c0.01/glucose_02_c0.01_wG05.png,4
glucose_02_c0.01_wG06,glucose_02_c0.01,glucose,2,0.01,G06,7,6,crops/glucose/glucose_02_c0.01/glucose_02_c0.01_wG06.png,1
glucose_02_c0.01_wG07,glucose_02_c0.01,glucose,2,0.01,G07,7,7,crops/glucose/glucose_02_c0.01/glucose_02_c0.01_wG07.png,3
glucose_02_c0.01_wG08,glucose_02_c0.01,glucose,2,0.01,G08,7,8,crops/glucose/glucose_02_c0.01/glucose_02_c0.01_wG08.png,3
glucose_02_c0.01_wG09,glucose_02_c0.01,glucose,2,0.01,G09,7,9,crops/glucose/glucose_02_c0.01/glucose_02_c0.01_wG09.png,1
glucose_02_c0.01_wG10,glucose_02_c0.01,glucose,2,0.01,G10,7,10,crops/glucose/glucose_02_c0.01/glucose_02_c0.01_wG10.png,5
glucose_02_c0.01_wG11,glucose_02_c0.01,glucose,2,0.01,G11,7,11,crops/glucose/glucose_02_c0.01/glucose_02_c0.01_wG11.png,1
glucose_02_c0.01_wG12,glucose_02_c0.01,glucose,2,0.01,G12,7,12,crops/glucose/glucose_02_c0.01/glucose_02_c0.01_wG12.png,1
glucose_02_c0.01_wH01,glucose_02_c0.01,glucose,2,0.01,H01,8,1,crops/glucose/glucose_02_c0.01/glucose_02_c0.01_wH01.png,2
glucose_02_c0.01_wH02,glucose_02_c0.01,glucose,2,0.01,H02,8,2,crops/glucose/glucose_02_c0.01/glucose_02_c0.01_wH02.png,2
glucose_02_c0.01_wH03,glucose_02_c0.01,glucose,2,0.01,H03,8,3,crops/glucose/glucose_02_c0.01/glucose_02_c0.01_wH03.png,5
glucose_02_c0.01_wH04,glucose_02_c0.01,glucose,2,0.01,H04,8,4,crops/glucose/glucose_02_c0.01/glucose_02_c0.01_wH04.png,2
glucose_02_c0.01_wH05,glucose_02_c0.01,glucose,2,0.01,H05,8,5,crops/glucose/glucose_02_c0.01/glucose_02_c0.01_wH05.png,1
glucose_02_c0.01_wH06,glucose_02_c0.01,glucose,2,0.01,H06,8,6,crops/glucose/glucose_02_c0.01/glucose_02_c0.01_wH06.png,2
glucose_02_c0.01_wH07,glucose_02_c0.01,glucose,2,0.01,H07,8,7,crops/glucose/glucose_02_c0.01/glucose_02_c0.01_wH07.png,4
glucose_02_c0.01_wH08,glucose_02_c0.01,glucose,2,0.01,H08,8,8,crops/glucose/glucose_02_c0.01/glucose_02_c0.01_wH08.png,5
glucose_02_c0.01_wH09,glucose_02_c0.01,glucose,2,0.01,H09,8,9,crops/glucose/glucose_02_c0.01/glucose_02_c0.01_wH09.png,3
glucose_02_c0.01_wH10,glucose_02_c0.01,glucose,2,0.01,H10,8,10,crops/glucose/glucose_02_c0.01/glucose_02_c0.01_wH10.png,3
glucose_02_c0.01_wH11,glucose_02_c0.01,glucose,2,0.01,H11,8,11,crops/glucose/glucose_02_c0.01/glucose_02_c0.01_wH11.png,5
glucose_02_c0.01_wH12,glucose_02_c0.01,glucose,2,0.01,H12,8,12,crops/glucose/glucose_02_c0.01/glucose_02_c0.01_wH12.png,3
glucose_03_c0.05_wA01,glucose_03_c0.05,glucose,3,0.05,A01,1,1,crops/glucose/glucose_03_c0.05/glucose_03_c0.05_wA01.png,4
glucose_03_c0.05_wA02,glucose_03_c0.05,glucose,3,0.05,A02,1,2,crops/glucose/glucose_03_c0.05/glucose_03_c0.05_wA02.png,4
glucose_03_c0.05_wA03,glucose_03_c0.05,glucose,3,0.05,A03,1,3,crops/glucose/glucose_03_c0.05/glucose_03_c0.05_wA03.png,4
glucose_03_c0.05_wA04,glucose_03_c0.05,glucose,3,0.05,A04,1,4,crops/glucose/glucose_03_c0.05/glucose_03_c0.05_wA04.png,2
glucose_03_c0.05_wA05,glucose_03_c0.05,glucose,3,0.05,A05,1,5,crops/glucose/glucose_03_c0.05/glucose_03_c0.05_wA05.png,5
glucose_03_c0.05_wA06,glucose_03_c0.05,glucose,3,0.05,A06,1,6,crops/glucose/glucose_03_c0.05/glucose_03_c0.05_wA06.png,1
glucose_03_c0.05_wA07,glucose_03_c0.05,glucose,3,0.05,A07,1,7,crops/glucose/glucose_03_c0.05/glucose_03_c0.05_wA07.png,3
glucose_03_c0.05_wA08,glucose_03_c0.05,glucose,3,0.05,A08,1,8,crops/glucose/glucose_03_c0.05/glucose_03_c0.05_wA08.png,3
glucose_03_c0.05_wA09,glucose_03_c0.05,glucose,3,0.05,A09,1,9,crops/glucose/glucose_03_c0.05/glucose_03_c0.05_wA09.png,5
glucose_03_c0.05_wA10,glucose_03_c0.05,glucose,3,0.05,A10,1,10,crops/glucose/glucose_03_c0.05/glucose_03_c0.05_wA10.png,3
glucose_03_c0.05_wA11,glucose_03_c0.05,glucose,3,0.05,A11,1,11,crops/glucose/glucose_03_c0.05/glucose_03_c0.05_wA11.png,1
glucose_03_c0.05_wA12,glucose_03_c0.05,glucose,3,0.05,A12,1,12,crops/glucose/glucose_03_c0.05/glucose_03_c0.05_wA12.png,1
glucose_03_c0.05_wB01,glucose_03_c0.05,glucose,3,0.05,B01,2,1,crops/glucose/glucose_03_c0.05/glucose_03_c0.05_wB01.png,3
glucose_03_c0.05_wB02,glucose_03_c0.05,glucose,3,0.05,B02,2,2,crops/glucose/glucose_03_c0.05/glucose_03_c0.05_wB02.png,5
glucose_03_c0.05_wB03,glucose_03_c0.05,glucose,3,0.05,B03,2,3,crops/glucose/glucose_03_c0.05/glucose_03_c0.05_wB03.png,4
glucose_03_c0.05_wB04,glucose_03_c0.05,glucose,3,0.05,B04,2,4,crops/glucose/glucose_03_c0.05/glucose_03_c0.05_wB04.png,2
glucose_03_c0.05_wB05,glucose_03_c0.05,glucose,3,0.05,B05,2,5,crops/glucose/glucose_03_c0.05/glucose_03_c0.05_wB05.png,5
glucose_03_c0.05_wB06,glucose_03_c0.05,glucose,3,0.05,B06,2,6,crops/glucose/glucose_03_c0.05/glucose_03_c0.05_wB06.png,4
glucose_03_c0.05_wB07,glucose_03_c0.05,glucose,3,0.05,B07,2,7,crops/glucose/glucose_03_c0.05/glucose_03_c0.05_wB07.png,4
glucose_03_c0.05_wB08,glucose_03_c0.05,glucose,3,0.05,B08,2,8,crops/glucose/glucose_03_c0.05/glucose_03_c0.05_wB08.png,2
glucose_03_c0.05_wB09,glucose_03_c0.05,glucose,3,0.05,B09,2,9,crops/glucose/glucose_03_c0.05/glucose_03_c0.05_wB09.png,5
glucose_03_c0.05_wB10,glucose_03_c0.05,glucose,3,0.05,B10,2,10,crops/glucose/glucose_03_c0.05/glucose_03_c0.05_wB10.png,2
glucose_03_c0.05_wB11,glucose_03_c0.05,glucose,3,0.05,B11,2,11,crops/glucose/glucose_03_c0.05/glucose_03_c0.05_wB11.png,3
glucose_03_c0.05_wB12,glucose_03_c0.05,glucose,3,0.05,B12,2,12,crops/glucose/glucose_03_c0.05/glucose_03_c0.05_wB12.png,2
glucose_03_c0.05_wC01,glucose_03_c0.05,glucose,3,0.05,C01,3,1,crops/glucose/glucose_03_c0.05/glucose_03_c0.05_wC01.png,1
glucose_03_c0.05_wC02,glucose_03_c0.05,glucose,3,0.05,C02,3,2,crops/glucose/glucose_03_c0.05/glucose_03_c0.05_wC02.png,3
glucose_03_c0.05_wC03,glucose_03_c0.05,glucose,3,0.05,C03,3,3,crops/glucose/glucose_03_c0.05/glucose_03_c0.05_wC03.png,1
glucose_03_c0.05_wC04,glucose_03_c0.05,glucose,3,0.05,C04,3,4,crops/glucose/glucose_03_c0.05/glucose_03_c0.05_wC04.png,2
glucose_03_c0.05_wC05,glucose_03_c0.05,glucose,3,0.05,C05,3,5,crops/glucose/glucose_03_c0.05/glucose_03_c0.05_wC05.png,3
glucose_03_c0.05_wC06,glucose_03_c0.05,glucose,3,0.05,C06,3,6,crops/glucose/glucose_03_c0.05/glucose_03_c0.05_wC06.png,4
glucose_03_c0.05_wC07,glucose_03_c0.05,glucose,3,0.05,C07,3,7,crops/glucose/glucose_03_c0.05/glucose_03_c0.05_wC07.png,4
glucose_03_c0.05_wC08,glucose_03_c0.05,glucose,3,0.05,C08,3,8,crops/glucose/glucose_03_c0.05/glucose_03_c0.05_wC08.png,2
glucose_03_c0.05_wC09,glucose_03_c0.05,glucose,3,0.05,C09,3,9,crops/glucose/glucose_03_c0.05/glucose_03_c0.05_wC09.png,1
glucose_03_c0.05_wC10,glucose_03_c0.05,glucose,3,0.05,C10,3,10,crops/glucose/glucose_03_c0.05/glucose_03_c0.05_wC10.png,3
glucose_03_c0.05_wC11,glucose_03_c0.05,glucose,3,0.05,C11,3,11,crops/glucose/glucose_03_c0.05/glucose_03_c0.05_wC11.png,5
glucose_03_c0.05_wC12,glucose_03_c0.05,glucose,3,0.05,C12,3,12,crops/glucose/glucose_03_c0.05/glucose_03_c0.05_wC12.png,2
glucose_03_c0.05_wD01,glucose_03_c0.05,glucose,3,0.05,D01,4,1,crops/glucose/glucose_03_c0.05/glucose_03_c0.05_wD01.png,5
glucose_03_c0.05_wD02,glucose_03_c0.05,glucose,3,0.05,D02,4,2,crops/glucose/glucose_03_c0.05/glucose_03_c0.05_wD02.png,1
glucose_03_c0.05_wD03,glucose_03_c0.05,glucose,3,0.05,D03,4,3,crops/glucose/glucose_03_c0.05/glucose_03_c0.05_wD03.png,1
glucose_03_c0.05_wD04,glucose_03_c0.05,glucose,3,0.05,D04,4,4,crops/glucose/glucose_03_c0.05/glucose_03_c0.05_wD04.png,5
glucose_03_c0.05_wD05,glucose_03_c0.05,glucose,3,0.05,D05,4,5,crops/glucose/glucose_03_c0.05/glucose_03_c0.05_wD05.png,3
glucose_03_c0.05_wD06,glucose_03_c0.05,glucose,3,0.05,D06,4,6,crops/glucose/glucose_03_c0.05/glucose_03_c0.05_wD06.png,5
glucose_03_c0.05_wD07,glucose_03_c0.05,glucose,3,0.05,D07,4,7,crops/glucose/glucose_03_c0.05/glucose_03_c0.05_wD07.png,2
glucose_03_c0.05_wD08,glucose_03_c0.05,glucose,3,0.05,D08,4,8,crops/glucose/glucose_03_c0.05/glucose_03_c0.05_wD08.png,5
glucose_03_c0.05_wD09,glucose_03_c0.05,glucose,3,0.05,D09,4,9,crops/glucose/glucose_03_c0.05/glucose_03_c0.05_wD09.png,3
glucose_03_c0.05_wD10,glucose_03_c0.05,glucose,3,0.05,D10,4,10,crops/glucose/glucose_03_c0.05/glucose_03_c0.05_wD10.png,3
glucose_03_c0.05_wD11,glucose_03_c0.05,glucose,3,0.05,D11,4,11,crops/glucose/glucose_03_c0.05/glucose_03_c0.05_wD11.png,4
glucose_03_c0.05_wD12,glucose_03_c0.05,glucose,3,0.05,D12,4,12,crops/glucose/glucose_03_c0.05/glucose_03_c0.05_wD12.png,4
glucose_03_c0.05_wE01,glucose_03_c0.05,glucose,3,0.05,E01,5,1,crops/glucose/glucose_03_c0.05/glucose_03_c0.05_wE01.png,5
glucose_03_c0.05_wE02,glucose_03_c0.05,glucose,3,0.05,E02,5,2,crops/glucose/glucose_03_c0.05/glucose_03_c0.05_wE02.png,1
glucose_03_c0.05_wE03,glucose_03_c0.05,glucose,3,0.05,E03,5,3,crops/glucose/glucose_03_c0.05/glucose_03_c0.05_wE03.png,1
glucose_03_c0.05_wE04,glucose_03_c0.05,glucose,3,0.05,E04,5,4,crops/glucose/glucose_03_c0.05/glucose_03_c0.05_wE04.png,4
glucose_03_c0.05_wE05,glucose_03_c0.05,glucose,3,0.05,E05,5,5,crops/glucose/glucose_03_c0.05/glucose_03_c0.05_wE05.png,5
glucose_03_c0.05_wE06,glucose_03_c0.05,glucose,3,0.05,E06,5,6,crops/glucose/glucose_03_c0.05/glucose_03_c0.05_wE06.png,5
glucose_03_c0.05_wE07,glucose_03_c0.05,glucose,3,0.05,E07,5,7,crops/glucose/glucose_03_c0.05/glucose_03_c0.05_wE07.png,2
glucose_03_c0.05_wE08,glucose_03_c0.05,glucose,3,0.05,E08,5,8,crops/glucose/glucose_03_c0.05/glucose_03_c0.05_wE08.png,1
glucose_03_c0.05_wE09,glucose_03_c0.05,glucose,3,0.05,E09,5,9,crops/glucose/glucose_03_c0.05/glucose_03_c0.05_wE09.png,5
glucose_03_c0.05_wE10,glucose_03_c0.05,glucose,3,0.05,E10,5,10,crops/glucose/glucose_03_c0.05/glucose_03_c0.05_wE10.png,1
glucose_03_c0.05_wE11,glucose_03_c0.05,glucose,3,0.05,E11,5,11,crops/glucose/glucose_03_c0.05/glucose_03_c0.05_wE11.png,1
glucose_03_c0.05_wE12,glucose_03_c0.05,glucose,3,0.05,E12,5,12,crops/glucose/glucose_03_c0.05/glucose_03_c0.05_wE12.png,4
glucose_03_c0.05_wF01,glucose_03_c0.05,glucose,3,0.05,F01,6,1,crops/glucose/glucose_03_c0.05/glucose_03_c0.05_wF01.png,1
glucose_03_c0.05_wF02,glucose_03_c0.05,glucose,3,0.05,F02,6,2,crops/glucose/glucose_03_c0.05/glucose_03_c0.05_wF02.png,2
glucose_03_c0.05_wF03,glucose_03_c0.05,glucose,3,0.05,F03,6,3,crops/glucose/glucose_03_c0.05/glucose_03_c0.05_wF03.png,5
glucose_03_c0.05_wF04,glucose_03_c0.05,glucose,3,0.05,F04,6,4,crops/glucose/glucose_03_c0.05/glucose_03_c0.05_wF04.png,3
glucose_03_c0.05_wF05,glucose_03_c0.05,glucose,3,0.05,F05,6,5,crops/glucose/glucose_03_c0.05/glucose_03_c0.05_wF05.png,2
glucose_03_c0.05_wF06,glucose_03_c0.05,glucose,3,0.05,F06,6,6,crops/glucose/glucose_03_c0.05/glucose_03_c0.05_wF06.png,2
glucose_03_c0.05_wF07,glucose_03_c0.05,glucose,3,0.05,F07,6,7,crops/glucose/glucose_03_c0.05/glucose_03_c0.05_wF07.png,4
glucose_03_c0.05_wF08,glucose_03_c0.05,glucose,3,0.05,F08,6,8,crops/glucose/glucose_03_c0.05/glucose_03_c0.05_wF08.png,4
glucose_03_c0.05_wF09,glucose_03_c0.05,glucose,3,0.05,F09,6,9,crops/glucose/glucose_03_c0.05/glucose_03_c0.05_wF09.png,4
glucose_03_c0.05_wF10,glucose_03_c0.05,glucose,3,0.05,F10,6,10,crops/glucose/glucose_03_c0.05/glucose_03_c0.05_wF10.png,2
glucose_03_c0.05_wF11,glucose_03_c0.05,glucose,3,0.05,F11,6,11,crops/glucose/glucose_03_c0.05/glucose_03_c0.05_wF11.png,4
glucose_03_c0.05_wF12,glucose_03_c0.05,glucose,3,0.05,F12,6,12,crops/glucose/glucose_03_c0.05/glucose_03_c0.05_wF12.png,1
glucose_03_c0.05_wG01,glucose_03_c0.05,glucose,3,0.05,G01,7,1,crops/glucose/glucose_03_c0.05/glucose_03_c0.05_wG01.png,4
glucose_03_c0.05_wG02,glucose_03_c0.05,glucose,3,0.05,G02,7,2,crops/glucose/glucose_03_c0.05/glucose_03_c0.05_wG02.png,3
glucose_03_c0.05_wG03,glucose_03_c0.05,glucose,3,0.05,G03,7,3,crops/glucose/glucose_03_c0.05/glucose_03_c0.05_wG03.png,2
glucose_03_c0.05_wG04,glucose_03_c0.05,glucose,3,0.05,G04,7,4,crops/glucose/glucose_03_c0.05/glucose_03_c0.05_wG04.png,3
glucose_03_c0.05_wG05,glucose_03_c0.05,glucose,3,0.05,G05,7,5,crops/glucose/glucose_03_c0.05/glucose_03_c0.05_wG05.png,4
glucose_03_c0.05_wG06,glucose_03_c0.05,glucose,3,0.05,G06,7,6,crops/glucose/glucose_03_c0.05/glucose_03_c0.05_wG06.png,1
glucose_03_c0.05_wG07,glucose_03_c0.05,glucose,3,0.05,G07,7,7,crops/glucose/glucose_03_c0.05/glucose_03_c0.05_wG07.png,3
glucose_03_c0.05_wG08,glucose_03_c0.05,glucose,3,0.05,G08,7,8,crops/glucose/glucose_03_c0.05/glucose_03_c0.05_wG08.png,3
glucose_03_c0.05_wG09,glucose_03_c0.05,glucose,3,0.05,G09,7,9,crops/glucose/glucose_03_c0.05/glucose_03_c0.05_wG09.png,1
glucose_03_c0.05_wG10,glucose_03_c0.05,glucose,3,0.05,G10,7,10,crops/glucose/glucose_03_c0.05/glucose_03_c0.05_wG10.png,5
glucose_03_c0.05_wG11,glucose_03_c0.05,glucose,3,0.05,G11,7,11,crops/glucose/glucose_03_c0.05/glucose_03_c0.05_wG11.png,1
glucose_03_c0.05_wG12,glucose_03_c0.05,glucose,3,0.05,G12,7,12,crops/glucose/glucose_03_c0.05/glucose_03_c0.05_wG12.png,1
glucose_03_c0.05_wH01,glucose_03_c0.05,glucose,3,0.05,H01,8,1,crops/glucose/glucose_03_c0.05/glucose_03_c0.05_wH01.png,2
glucose_03_c0.05_wH02,glucose_03_c0.05,glucose,3,0.05,H02,8,2,crops/glucose/glucose_03_c0.05/glucose_03_c0.05_wH02.png,2
glucose_03_c0.05_wH03,glucose_03_c0.05,glucose,3,0.05,H03,8,3,crops/glucose/glucose_03_c0.05/glucose_03_c0.05_wH03.png,5
glucose_03_c0.05_wH04,glucose_03_c0.05,glucose,3,0.05,H04,8,4,crops/glucose/glucose_03_c0.05/glucose_03_c0.05_wH04.png,2
glucose_03_c0.05_wH05,glucose_03_c0.05,glucose,3,0.05,H05,8,5,crops/glucose/glucose_03_c0.05/glucose_03_c0.05_wH05.png,1
glucose_03_c0.05_wH06,glucose_03_c0.05,glucose,3,0.05,H06,8,6,crops/glucose/glucose_03_c0.05/glucose_03_c0.05_wH06.png,2
glucose_03_c0.05_wH07,glucose_03_c0.05,glucose,3,0.05,H07,8,7,crops/glucose/glucose_03_c0.05/glucose_03_c0.05_wH07.png,4
glucose_03_c0.05_wH08,glucose_03_c0.05,glucose,3,0.05,H08,8,8,crops/glucose/glucose_03_c0.05/glucose_03_c0.05_wH08.png,5
glucose_03_c0.05_wH09,glucose_03_c0.05,glucose,3,0.05,H09,8,9,crops/glucose/glucose_03_c0.05/glucose_03_c0.05_wH09.png,3
glucose_03_c0.05_wH10,glucose_03_c0.05,glucose,3,0.05,H10,8,10,crops/glucose/glucose_03_c0.05/glucose_03_c0.05_wH10.png,3
glucose_03_c0.05_wH11,glucose_03_c0.05,glucose,3,0.05,H11,8,11,crops/glucose/glucose_03_c0.05/glucose_03_c0.05_wH11.png,5
glucose_03_c0.05_wH12,glucose_03_c0.05,glucose,3,0.05,H12,8,12,crops/glucose/glucose_03_c0.05/glucose_03_c0.05_wH12.png,3
glucose_04_c0.1_wA01,glucose_04_c0.1,glucose,4,0.1,A01,1,1,crops/glucose/glucose_04_c0.1/glucose_04_c0.1_wA01.png,4
glucose_04_c0.1_wA02,glucose_04_c0.1,glucose,4,0.1,A02,1,2,crops/glucose/glucose_04_c0.1/glucose_04_c0.1_wA02.png,4
glucose_04_c0.1_wA03,glucose_04_c0.1,glucose,4,0.1,A03,1,3,crops/glucose/glucose_04_c0.1/glucose_04_c0.1_wA03.png,4
glucose_04_c0.1_wA04,glucose_04_c0.1,glucose,4,0.1,A04,1,4,crops/glucose/glucose_04_c0.1/glucose_04_c0.1_wA04.png,2
glucose_04_c0.1_wA05,glucose_04_c0.1,glucose,4,0.1,A05,1,5,crops/glucose/glucose_04_c0.1/glucose_04_c0.1_wA05.png,5
glucose_04_c0.1_wA06,glucose_04_c0.1,glucose,4,0.1,A06,1,6,crops/glucose/glucose_04_c0.1/glucose_04_c0.1_wA06.png,1
glucose_04_c0.1_wA07,glucose_04_c0.1,glucose,4,0.1,A07,1,7,crops/glucose/glucose_04_c0.1/glucose_04_c0.1_wA07.png,3
glucose_04_c0.1_wA08,glucose_04_c0.1,glucose,4,0.1,A08,1,8,crops/glucose/glucose_04_c0.1/glucose_04_c0.1_wA08.png,3
glucose_04_c0.1_wA09,glucose_04_c0.1,glucose,4,0.1,A09,1,9,crops/glucose/glucose_04_c0.1/glucose_04_c0.1_wA09.png,5
glucose_04_c0.1_wA10,glucose_04_c0.1,glucose,4,0.1,A10,1,10,crops/glucose/glucose_04_c0.1/glucose_04_c0.1_wA10.png,3
glucose_04_c0.1_wA11,glucose_04_c0.1,glucose,4,0.1,A11,1,11,crops/glucose/glucose_04_c0.1/glucose_04_c0.1_wA11.png,1
glucose_04_c0.1_wA12,glucose_04_c0.1,glucose,4,0.1,A12,1,12,crops/glucose/glucose_04_c0.1/glucose_04_c0.1_wA12.png,1
glucose_04_c0.1_wB01,glucose_04_c0.1,glucose,4,0.1,B01,2,1,crops/glucose/glucose_04_c0.1/glucose_04_c0.1_wB01.png,3
glucose_04_c0.1_wB02,glucose_04_c0.1,glucose,4,0.1,B02,2,2,crops/glucose/glucose_04_c0.1/glucose_04_c0.1_wB02.png,5
glucose_04_c0.1_wB03,glucose_04_c0.1,glucose,4,0.1,B03,2,3,crops/glucose/glucose_04_c0.1/glucose_04_c0.1_wB03.png,4
glucose_04_c0.1_wB04,glucose_04_c0.1,glucose,4,0.1,B04,2,4,crops/glucose/glucose_04_c0.1/glucose_04_c0.1_wB04.png,2
glucose_04_c0.1_wB05,glucose_04_c0.1,glucose,4,0.1,B05,2,5,crops/glucose/glucose_04_c0.1/glucose_04_c0.1_wB05.png,5
glucose_04_c0.1_wB06,glucose_04_c0.1,glucose,4,0.1,B06,2,6,crops/glucose/glucose_04_c0.1/glucose_04_c0.1_wB06.png,4
glucose_04_c0.1_wB07,glucose_04_c0.1,glucose,4,0.1,B07,2,7,crops/glucose/glucose_04_c0.1/glucose_04_c0.1_wB07.png,4
glucose_04_c0.1_wB08,glucose_04_c0.1,glucose,4,0.1,B08,2,8,crops/glucose/glucose_04_c0.1/glucose_04_c0.1_wB08.png,2
glucose_04_c0.1_wB09,glucose_04_c0.1,glucose,4,0.1,B09,2,9,crops/glucose/glucose_04_c0.1/glucose_04_c0.1_wB09.png,5
glucose_04_c0.1_wB10,glucose_04_c0.1,glucose,4,0.1,B10,2,10,crops/glucose/glucose_04_c0.1/glucose_04_c0.1_wB10.png,2
glucose_04_c0.1_wB11,glucose_04_c0.1,glucose,4,0.1,B11,2,11,crops/glucose/glucose_04_c0.1/glucose_04_c0.1_wB11.png,3
glucose_04_c0.1_wB12,glucose_04_c0.1,glucose,4,0.1,B12,2,12,crops/glucose/glucose_04_c0.1/glucose_04_c0.1_wB12.png,2
glucose_04_c0.1_wC01,glucose_04_c0.1,glucose,4,0.1,C01,3,1,crops/glucose/glucose_04_c0.1/glucose_04_c0.1_wC01.png,1
glucose_04_c0.1_wC02,glucose_04_c0.1,glucose,4,0.1,C02,3,2,crops/glucose/glucose_04_c0.1/glucose_04_c0.1_wC02.png,3
glucose_04_c0.1_wC03,glucose_04_c0.1,glucose,4,0.1,C03,3,3,crops/glucose/glucose_04_c0.1/glucose_04_c0.1_wC03.png,1
glucose_04_c0.1_wC04,glucose_04_c0.1,glucose,4,0.1,C04,3,4,crops/glucose/glucose_04_c0.1/glucose_04_c0.1_wC04.png,2
glucose_04_c0.1_wC05,glucose_04_c0.1,glucose,4,0.1,C05,3,5,crops/glucose/glucose_04_c0.1/glucose_04_c0.1_wC05.png,3
glucose_04_c0.1_wC06,glucose_04_c0.1,glucose,4,0.1,C06,3,6,crops/glucose/glucose_04_c0.1/glucose_04_c0.1_wC06.png,4
glucose_04_c0.1_wC07,glucose_04_c0.1,glucose,4,0.1,C07,3,7,crops/glucose/glucose_04_c0.1/glucose_04_c0.1_wC07.png,4
glucose_04_c0.1_wC08,glucose_04_c0.1,glucose,4,0.1,C08,3,8,crops/glucose/glucose_04_c0.1/glucose_04_c0.1_wC08.png,2
glucose_04_c0.1_wC09,glucose_04_c0.1,glucose,4,0.1,C09,3,9,crops/glucose/glucose_04_c0.1/glucose_04_c0.1_wC09.png,1
glucose_04_c0.1_wC10,glucose_04_c0.1,glucose,4,0.1,C10,3,10,crops/glucose/glucose_04_c0.1/glucose_04_c0.1_wC10.png,3
glucose_04_c0.1_wC11,glucose_04_c0.1,glucose,4,0.1,C11,3,11,crops/glucose/glucose_04_c0.1/glucose_04_c0.1_wC11.png,5
glucose_04_c0.1_wC12,glucose_04_c0.1,glucose,4,0.1,C12,3,12,crops/glucose/glucose_04_c0.1/glucose_04_c0.1_wC12.png,2
glucose_04_c0.1_wD01,glucose_04_c0.1,glucose,4,0.1,D01,4,1,crops/glucose/glucose_04_c0.1/glucose_04_c0.1_wD01.png,5
glucose_04_c0.1_wD02,glucose_04_c0.1,glucose,4,0.1,D02,4,2,crops/glucose/glucose_04_c0.1/glucose_04_c0.1_wD02.png,1
glucose_04_c0.1_wD03,glucose_04_c0.1,glucose,4,0.1,D03,4,3,crops/glucose/glucose_04_c0.1/glucose_04_c0.1_wD03.png,1
glucose_04_c0.1_wD04,glucose_04_c0.1,glucose,4,0.1,D04,4,4,crops/glucose/glucose_04_c0.1/glucose_04_c0.1_wD04.png,5
glucose_04_c0.1_wD05,glucose_04_c0.1,glucose,4,0.1,D05,4,5,crops/glucose/glucose_04_c0.1/glucose_04_c0.1_wD05.png,3
glucose_04_c0.1_wD06,glucose_04_c0.1,glucose,4,0.1,D06,4,6,crops/glucose/glucose_04_c0.1/glucose_04_c0.1_wD06.png,5
glucose_04_c0.1_wD07,glucose_04_c0.1,glucose,4,0.1,D07,4,7,crops/glucose/glucose_04_c0.1/glucose_04_c0.1_wD07.png,2
glucose_04_c0.1_wD08,glucose_04_c0.1,glucose,4,0.1,D08,4,8,crops/glucose/glucose_04_c0.1/glucose_04_c0.1_wD08.png,5
glucose_04_c0.1_wD09,glucose_04_c0.1,glucose,4,0.1,D09,4,9,crops/glucose/glucose_04_c0.1/glucose_04_c0.1_wD09.png,3
glucose_04_c0.1_wD10,glucose_04_c0.1,glucose,4,0.1,D10,4,10,crops/glucose/glucose_04_c0.1/glucose_04_c0.1_wD10.png,3
glucose_04_c0.1_wD11,glucose_04_c0.1,glucose,4,0.1,D11,4,11,crops/glucose/glucose_04_c0.1/glucose_04_c0.1_wD11.png,4
glucose_04_c0.1_wD12,glucose_04_c0.1,glucose,4,0.1,D12,4,12,crops/glucose/glucose_04_c0.1/glucose_04_c0.1_wD12.png,4
glucose_04_c0.1_wE01,glucose_04_c0.1,glucose,4,0.1,E01,5,1,crops/glucose/glucose_04_c0.1/glucose_04_c0.1_wE01.png,5
glucose_04_c0.1_wE02,glucose_04_c0.1,glucose,4,0.1,E02,5,2,crops/glucose/glucose_04_c0.1/glucose_04_c0.1_wE02.png,1
glucose_04_c0.1_wE03,glucose_04_c0.1,glucose,4,0.1,E03,5,3,crops/glucose/glucose_04_c0.1/glucose_04_c0.1_wE03.png,1
glucose_04_c0.1_wE04,glucose_04_c0.1,glucose,4,0.1,E04,5,4,crops/glucose/glucose_04_c0.1/glucose_04_c0.1_wE04.png,4
glucose_04_c0.1_wE05,glucose_04_c0.1,glucose,4,0.1,E05,5,5,crops/glucose/glucose_04_c0.1/glucose_04_c0.1_wE05.png,5
glucose_04_c0.1_wE06,glucose_04_c0.1,glucose,4,0.1,E06,5,6,crops/glucose/glucose_04_c0.1/glucose_04_c0.1_wE06.png,5
glucose_04_c0.1_wE07,glucose_04_c0.1,glucose,4,0.1,E07,5,7,crops/glucose/glucose_04_c0.1/glucose_04_c0.1_wE07.png,2
glucose_04_c0.1_wE08,glucose_04_c0.1,glucose,4,0.1,E08,5,8,crops/glucose/glucose_04_c0.1/glucose_04_c0.1_wE08.png,1
glucose_04_c0.1_wE09,glucose_04_c0.1,glucose,4,0.1,E09,5,9,crops/glucose/glucose_04_c0.1/glucose_04_c0.1_wE09.png,5
glucose_04_c0.1_wE10,glucose_04_c0.1,glucose,4,0.1,E10,5,10,crops/glucose/glucose_04_c0.1/glucose_04_c0.1_wE10.png,1
glucose_04_c0.1_wE11,glucose_04_c0.1,glucose,4,0.1,E11,5,11,crops/glucose/glucose_04_c0.1/glucose_04_c0.1_wE11.png,1
glucose_04_c0.1_wE12,glucose_04_c0.1,glucose,4,0.1,E12,5,12,crops/glucose/glucose_04_c0.1/glucose_04_c0.1_wE12.png,4
glucose_04_c0.1_wF01,glucose_04_c0.1,glucose,4,0.1,F01,6,1,crops/glucose/glucose_04_c0.1/glucose_04_c0.1_wF01.png,1
glucose_04_c0.1_wF02,glucose_04_c0.1,glucose,4,0.1,F02,6,2,crops/glucose/glucose_04_c0.1/glucose_04_c0.1_wF02.png,2
glucose_04_c0.1_wF03,glucose_04_c0.1,glucose,4,0.1,F03,6,3,crops/glucose/glucose_04_c0.1/glucose_04_c0.1_wF03.png,5
glucose_04_c0.1_wF04,glucose_04_c0.1,glucose,4,0.1,F04,6,4,crops/glucose/glucose_04_c0.1/glucose_04_c0.1_wF04.png,3
glucose_04_c0.1_wF05,glucose_04_c0.1,glucose,4,0.1,F05,6,5,crops/glucose/glucose_04_c0.1/glucose_04_c0.1_wF05.png,2
glucose_04_c0.1_wF06,glucose_04_c0.1,glucose,4,0.1,F06,6,6,crops/glucose/glucose_04_c0.1/glucose_04_c0.1_wF06.png,2
glucose_04_c0.1_wF07,glucose_04_c0.1,glucose,4,0.1,F07,6,7,crops/glucose/glucose_04_c0.1/glucose_04_c0.1_wF07.png,4
glucose_04_c0.1_wF08,glucose_04_c0.1,glucose,4,0.1,F08,6,8,crops/glucose/glucose_04_c0.1/glucose_04_c0.1_wF08.png,4
glucose_04_c0.1_wF09,glucose_04_c0.1,glucose,4,0.1,F09,6,9,crops/glucose/glucose_04_c0.1/glucose_04_c0.1_wF09.png,4
glucose_04_c0.1_wF10,glucose_04_c0.1,glucose,4,0.1,F10,6,10,crops/glucose/glucose_04_c0.1/glucose_04_c0.1_wF10.png,2
glucose_04_c0.1_wF11,glucose_04_c0.1,glucose,4,0.1,F11,6,11,crops/glucose/glucose_04_c0.1/glucose_04_c0.1_wF11.png,4
glucose_04_c0.1_wF12,glucose_04_c0.1,glucose,4,0.1,F12,6,12,crops/glucose/glucose_04_c0.1/glucose_04_c0.1_wF12.png,1
glucose_04_c0.1_wG01,glucose_04_c0.1,glucose,4,0.1,G01,7,1,crops/glucose/glucose_04_c0.1/glucose_04_c0.1_wG01.png,4
glucose_04_c0.1_wG02,glucose_04_c0.1,glucose,4,0.1,G02,7,2,crops/glucose/glucose_04_c0.1/glucose_04_c0.1_wG02.png,3
glucose_04_c0.1_wG03,glucose_04_c0.1,glucose,4,0.1,G03,7,3,crops/glucose/glucose_04_c0.1/glucose_04_c0.1_wG03.png,2
glucose_04_c0.1_wG04,glucose_04_c0.1,glucose,4,0.1,G04,7,4,crops/glucose/glucose_04_c0.1/glucose_04_c0.1_wG04.png,3
glucose_04_c0.1_wG05,glucose_04_c0.1,glucose,4,0.1,G05,7,5,crops/glucose/glucose_04_c0.1/glucose_04_c0.1_wG05.png,4
glucose_04_c0.1_wG06,glucose_04_c0.1,glucose,4,0.1,G06,7,6,crops/glucose/glucose_04_c0.1/glucose_04_c0.1_wG06.png,1
glucose_04_c0.1_wG07,glucose_04_c0.1,glucose,4,0.1,G07,7,7,crops/glucose/glucose_04_c0.1/glucose_04_c0.1_wG07.png,3
glucose_04_c0.1_wG08,glucose_04_c0.1,glucose,4,0.1,G08,7,8,crops/glucose/glucose_04_c0.1/glucose_04_c0.1_wG08.png,3
glucose_04_c0.1_wG09,glucose_04_c0.1,glucose,4,0.1,G09,7,9,crops/glucose/glucose_04_c0.1/glucose_04_c0.1_wG09.png,1
glucose_04_c0.1_wG10,glucose_04_c0.1,glucose,4,0.1,G10,7,10,crops/glucose/glucose_04_c0.1/glucose_04_c0.1_wG10.png,5
glucose_04_c0.1_wG11,glucose_04_c0.1,glucose,4,0.1,G11,7,11,crops/glucose/glucose_04_c0.1/glucose_04_c0.1_wG11.png,1
glucose_04_c0.1_wG12,glucose_04_c0.1,glucose,4,0.1,G12,7,12,crops/glucose/glucose_04_c0.1/glucose_04_c0.1_wG12.png,1
glucose_04_c0.1_wH01,glucose_04_c0.1,glucose,4,0.1,H01,8,1,crops/glucose/glucose_04_c0.1/glucose_04_c0.1_wH01.png,2
glucose_04_c0.1_wH02,glucose_04_c0.1,glucose,4,0.1,H02,8,2,crops/glucose/glucose_04_c0.1/glucose_04_c0.1_wH02.png,2
glucose_04_c0.1_wH03,glucose_04_c0.1,glucose,4,0.1,H03,8,3,crops/glucose/glucose_04_c0.1/glucose_04_c0.1_wH03.png,5
glucose_04_c0.1_wH04,glucose_04_c0.1,glucose,4,0.1,H04,8,4,crops/glucose/glucose_04_c0.1/glucose_04_c0.1_wH04.png,2
glucose_04_c0.1_wH05,glucose_04_c0.1,glucose,4,0.1,H05,8,5,crops/glucose/glucose_04_c0.1/glucose_04_c0.1_wH05.png,1
glucose_04_c0.1_wH06,glucose_04_c0.1,glucose,4,0.1,H06,8,6,crops/glucose/glucose_04_c0.1/glucose_04_c0.1_wH06.png,2
glucose_04_c0.1_wH07,glucose_04_c0.1,glucose,4,0.1,H07,8,7,crops/glucose/glucose_04_c0.1/glucose_04_c0.1_wH07.png,4
glucose_04_c0.1_wH08,glucose_04_c0.1,glucose,4,0.1,H08,8,8,crops/glucose/glucose_04_c0.1/glucose_04_c0.1_wH08.png,5
glucose_04_c0.1_wH09,glucose_04_c0.1,glucose,4,0.1,H09,8,9,crops/glucose/glucose_04_c0.1/glucose_04_c0.1_wH09.png,3
glucose_04_c0.1_wH10,glucose_04_c0.1,glucose,4,0.1,H10,8,10,crops/glucose/glucose_04_c0.1/glucose_04_c0.1_wH10.png,3
glucose_04_c0.1_wH11,glucose_04_c0.1,glucose,4,0.1,H11,8,11,crops/glucose/glucose_04_c0.1/glucose_04_c0.1_wH11.png,5
glucose_04_c0.1_wH12,glucose_04_c0.1,glucose,4,0.1,H12,8,12,crops/glucose/glucose_04_c0.1/glucose_04_c0.1_wH12.png,3
glucose_05_c0.5_wA01,glucose_05_c0.5,glucose,5,0.5,A01,1,1,crops/glucose/glucose_05_c0.5/glucose_05_c0.5_wA01.png,4
glucose_05_c0.5_wA02,glucose_05_c0.5,glucose,5,0.5,A02,1,2,crops/glucose/glucose_05_c0.5/glucose_05_c0.5_wA02.png,4
glucose_05_c0.5_wA03,glucose_05_c0.5,glucose,5,0.5,A03,1,3,crops/glucose/glucose_05_c0.5/glucose_05_c0.5_wA03.png,4
glucose_05_c0.5_wA04,glucose_05_c0.5,glucose,5,0.5,A04,1,4,crops/glucose/glucose_05_c0.5/glucose_05_c0.5_wA04.png,2
glucose_05_c0.5_wA05,glucose_05_c0.5,glucose,5,0.5,A05,1,5,crops/glucose/glucose_05_c0.5/glucose_05_c0.5_wA05.png,5
glucose_05_c0.5_wA06,glucose_05_c0.5,glucose,5,0.5,A06,1,6,crops/glucose/glucose_05_c0.5/glucose_05_c0.5_wA06.png,1
glucose_05_c0.5_wA07,glucose_05_c0.5,glucose,5,0.5,A07,1,7,crops/glucose/glucose_05_c0.5/glucose_05_c0.5_wA07.png,3
glucose_05_c0.5_wA08,glucose_05_c0.5,glucose,5,0.5,A08,1,8,crops/glucose/glucose_05_c0.5/glucose_05_c0.5_wA08.png,3
glucose_05_c0.5_wA09,glucose_05_c0.5,glucose,5,0.5,A09,1,9,crops/glucose/glucose_05_c0.5/glucose_05_c0.5_wA09.png,5
glucose_05_c0.5_wA10,glucose_05_c0.5,glucose,5,0.5,A10,1,10,crops/glucose/glucose_05_c0.5/glucose_05_c0.5_wA10.png,3
glucose_05_c0.5_wA11,glucose_05_c0.5,glucose,5,0.5,A11,1,11,crops/glucose/glucose_05_c0.5/glucose_05_c0.5_wA11.png,1
glucose_05_c0.5_wA12,glucose_05_c0.5,glucose,5,0.5,A12,1,12,crops/glucose/glucose_05_c0.5/glucose_05_c0.5_wA12.png,1
glucose_05_c0.5_wB01,glucose_05_c0.5,glucose,5,0.5,B01,2,1,crops/glucose/glucose_05_c0.5/glucose_05_c0.5_wB01.png,3
glucose_05_c0.5_wB02,glucose_05_c0.5,glucose,5,0.5,B02,2,2,crops/glucose/glucose_05_c0.5/glucose_05_c0.5_wB02.png,5
glucose_05_c0.5_wB03,glucose_05_c0.5,glucose,5,0.5,B03,2,3,crops/glucose/glucose_05_c0.5/glucose_05_c0.5_wB03.png,4
glucose_05_c0.5_wB04,glucose_05_c0.5,glucose,5,0.5,B04,2,4,crops/glucose/glucose_05_c0.5/glucose_05_c0.5_wB04.png,2
glucose_05_c0.5_wB05,glucose_05_c0.5,glucose,5,0.5,B05,2,5,crops/glucose/glucose_05_c0.5/glucose_05_c0.5_wB05.png,5
glucose_05_c0.5_wB06,glucose_05_c0.5,glucose,5,0.5,B06,2,6,crops/glucose/glucose_05_c0.5/glucose_05_c0.5_wB06.png,4
glucose_05_c0.5_wB07,glucose_05_c0.5,glucose,5,0.5,B07,2,7,crops/glucose/glucose_05_c0.5/glucose_05_c0.5_wB07.png,4
glucose_05_c0.5_wB08,glucose_05_c0.5,glucose,5,0.5,B08,2,8,crops/glucose/glucose_05_c0.5/glucose_05_c0.5_wB08.png,2
glucose_05_c0.5_wB09,glucose_05_c0.5,glucose,5,0.5,B09,2,9,crops/glucose/glucose_05_c0.5/glucose_05_c0.5_wB09.png,5
glucose_05_c0.5_wB10,glucose_05_c0.5,glucose,5,0.5,B10,2,10,crops/glucose/glucose_05_c0.5/glucose_05_c0.5_wB10.png,2
glucose_05_c0.5_wB11,glucose_05_c0.5,glucose,5,0.5,B11,2,11,crops/glucose/glucose_05_c0.5/glucose_05_c0.5_wB11.png,3
glucose_05_c0.5_wB12,glucose_05_c0.5,glucose,5,0.5,B12,2,12,crops/glucose/glucose_05_c0.5/glucose_05_c0.5_wB12.png,2
glucose_05_c0.5_wC01,glucose_05_c0.5,glucose,5,0.5,C01,3,1,crops/glucose/glucose_05_c0.5/glucose_05_c0.5_wC01.png,1
glucose_05_c0.5_wC02,glucose_05_c0.5,glucose,5,0.5,C02,3,2,crops/glucose/glucose_05_c0.5/glucose_05_c0.5_wC02.png,3
glucose_05_c0.5_wC03,glucose_05_c0.5,glucose,5,0.5,C03,3,3,crops/glucose/glucose_05_c0.5/glucose_05_c0.5_wC03.png,1
glucose_05_c0.5_wC04,glucose_05_c0.5,glucose,5,0.5,C04,3,4,crops/glucose/glucose_05_c0.5/glucose_05_c0.5_wC04.png,2
glucose_05_c0.5_wC05,glucose_05_c0.5,glucose,5,0.5,C05,3,5,crops/glucose/glucose_05_c0.5/glucose_05_c0.5_wC05.png,3
glucose_05_c0.5_wC06,glucose_05_c0.5,glucose,5,0.5,C06,3,6,crops/glucose/glucose_05_c0.5/glucose_05_c0.5_wC06.png,4
glucose_05_c0.5_wC07,glucose_05_c0.5,glucose,5,0.5,C07,3,7,crops/glucose/glucose_05_c0.5/glucose_05_c0.5_wC07.png,4
glucose_05_c0.5_wC08,glucose_05_c0.5,glucose,5,0.5,C08,3,8,crops/glucose/glucose_05_c0.5/glucose_05_c0.5_wC08.png,2
glucose_05_c0.5_wC09,glucose_05_c0.5,glucose,5,0.5,C09,3,9,crops/glucose/glucose_05_c0.5/glucose_05_c0.5_wC09.png,1
glucose_05_c0.5_wC10,glucose_05_c0.5,glucose,5,0.5,C10,3,10,crops/glucose/glucose_05_c0.5/glucose_05_c0.5_wC10.png,3
glucose_05_c0.5_wC11,glucose_05_c0.5,glucose,5,0.5,C11,3,11,crops/glucose/glucose_05_c0.5/glucose_05_c0.5_wC11.png,5
glucose_05_c0.5_wC12,glucose_05_c0.5,glucose,5,0.5,C12,3,12,crops/glucose/glucose_05_c0.5/glucose_05_c0.5_wC12.png,2
glucose_05_c0.5_wD01,glucose_05_c0.5,glucose,5,0.5,D01,4,1,crops/glucose/glucose_05_c0.5/glucose_05_c0.5_wD01.png,5
glucose_05_c0.5_wD02,glucose_05_c0.5,glucose,5,0.5,D02,4,2,crops/glucose/glucose_05_c0.5/glucose_05_c0.5_wD02.png,1
glucose_05_c0.5_wD03,glucose_05_c0.5,glucose,5,0.5,D03,4,3,crops/glucose/glucose_05_c0.5/glucose_05_c0.5_wD03.png,1
glucose_05_c0.5_wD04,glucose_05_c0.5,glucose,5,0.5,D04,4,4,crops/glucose/glucose_05_c0.5/glucose_05_c0.5_wD04.png,5
glucose_05_c0.5_wD05,glucose_05_c0.5,glucose,5,0.5,D05,4,5,crops/glucose/glucose_05_c0.5/glucose_05_c0.5_wD05.png,3
glucose_05_c0.5_wD06,glucose_05_c0.5,glucose,5,0.5,D06,4,6,crops/glucose/glucose_05_c0.5/glucose_05_c0.5_wD06.png,5
glucose_05_c0.5_wD07,glucose_05_c0.5,glucose,5,0.5,D07,4,7,crops/glucose/glucose_05_c0.5/glucose_05_c0.5_wD07.png,2
glucose_05_c0.5_wD08,glucose_05_c0.5,glucose,5,0.5,D08,4,8,crops/glucose/glucose_05_c0.5/glucose_05_c0.5_wD08.png,5
glucose_05_c0.5_wD09,glucose_05_c0.5,glucose,5,0.5,D09,4,9,crops/glucose/glucose_05_c0.5/glucose_05_c0.5_wD09.png,3
glucose_05_c0.5_wD10,glucose_05_c0.5,glucose,5,0.5,D10,4,10,crops/glucose/glucose_05_c0.5/glucose_05_c0.5_wD10.png,3
glucose_05_c0.5_wD11,glucose_05_c0.5,glucose,5,0.5,D11,4,11,crops/glucose/glucose_05_c0.5/glucose_05_c0.5_wD11.png,4
glucose_05_c0.5_wD12,glucose_05_c0.5,glucose,5,0.5,D12,4,12,crops/glucose/glucose_05_c0.5/glucose_05_c0.5_wD12.png,4
glucose_05_c0.5_wE01,glucose_05_c0.5,glucose,5,0.5,E01,5,1,crops/glucose/glucose_05_c0.5/glucose_05_c0.5_wE01.png,5
glucose_05_c0.5_wE02,glucose_05_c0.5,glucose,5,0.5,E02,5,2,crops/glucose/glucose_05_c0.5/glucose_05_c0.5_wE02.png,1
glucose_05_c0.5_wE03,glucose_05_c0.5,glucose,5,0.5,E03,5,3,crops/glucose/glucose_05_c0.5/glucose_05_c0.5_wE03.png,1
glucose_05_c0.5_wE04,glucose_05_c0.5,glucose,5,0.5,E04,5,4,crops/glucose/glucose_05_c0.5/glucose_05_c0.5_wE04.png,4
glucose_05_c0.5_wE05,glucose_05_c0.5,glucose,5,0.5,E05,5,5,crops/glucose/glucose_05_c0.5/glucose_05_c0.5_wE05.png,5
glucose_05_c0.5_wE06,glucose_05_c0.5,glucose,5,0.5,E06,5,6,crops/glucose/glucose_05_c0.5/glucose_05_c0.5_wE06.png,5
glucose_05_c0.5_wE07,glucose_05_c0.5,glucose,5,0.5,E07,5,7,crops/glucose/glucose_05_c0.5/glucose_05_c0.5_wE07.png,2
glucose_05_c0.5_wE08,glucose_05_c0.5,glucose,5,0.5,E08,5,8,crops/glucose/glucose_05_c0.5/glucose_05_c0.5_wE08.png,1
glucose_05_c0.5_wE09,glucose_05_c0.5,glucose,5,0.5,E09,5,9,crops/glucose/glucose_05_c0.5/glucose_05_c0.5_wE09.png,5
glucose_05_c0.5_wE10,glucose_05_c0.5,glucose,5,0.5,E10,5,10,crops/glucose/glucose_05_c0.5/glucose_05_c0.5_wE10.png,1
glucose_05_c0.5_wE11,glucose_05_c0.5,glucose,5,0.5,E11,5,11,crops/glucose/glucose_05_c0.5/glucose_05_c0.5_wE11.png,1
glucose_05_c0.5_wE12,glucose_05_c0.5,glucose,5,0.5,E12,5,12,crops/glucose/glucose_05_c0.5/glucose_05_c0.5_wE12.png,4
glucose_05_c0.5_wF01,glucose_05_c0.5,glucose,5,0.5,F01,6,1,crops/glucose/glucose_05_c0.5/glucose_05_c0.5_wF01.png,1
glucose_05_c0.5_wF02,glucose_05_c0.5,glucose,5,0.5,F02,6,2,crops/glucose/glucose_05_c0.5/glucose_05_c0.5_wF02.png,2
glucose_05_c0.5_wF03,glucose_05_c0.5,glucose,5,0.5,F03,6,3,crops/glucose/glucose_05_c0.5/glucose_05_c0.5_wF03.png,5
glucose_05_c0.5_wF04,glucose_05_c0.5,glucose,5,0.5,F04,6,4,crops/glucose/glucose_05_c0.5/glucose_05_c0.5_wF04.png,3
glucose_05_c0.5_wF05,glucose_05_c0.5,glucose,5,0.5,F05,6,5,crops/glucose/glucose_05_c0.5/glucose_05_c0.5_wF05.png,2
glucose_05_c0.5_wF06,glucose_05_c0.5,glucose,5,0.5,F06,6,6,crops/glucose/glucose_05_c0.5/glucose_05_c0.5_wF06.png,2
glucose_05_c0.5_wF07,glucose_05_c0.5,glucose,5,0.5,F07,6,7,crops/glucose/glucose_05_c0.5/glucose_05_c0.5_wF07.png,4
glucose_05_c0.5_wF08,glucose_05_c0.5,glucose,5,0.5,F08,6,8,crops/glucose/glucose_05_c0.5/glucose_05_c0.5_wF08.png,4
glucose_05_c0.5_wF09,glucose_05_c0.5,glucose,5,0.5,F09,6,9,crops/glucose/glucose_05_c0.5/glucose_05_c0.5_wF09.png,4
glucose_05_c0.5_wF10,glucose_05_c0.5,glucose,5,0.5,F10,6,10,crops/glucose/glucose_05_c0.5/glucose_05_c0.5_wF10.png,2
glucose_05_c0.5_wF11,glucose_05_c0.5,glucose,5,0.5,F11,6,11,crops/glucose/glucose_05_c0.5/glucose_05_c0.5_wF11.png,4
glucose_05_c0.5_wF12,glucose_05_c0.5,glucose,5,0.5,F12,6,12,crops/glucose/glucose_05_c0.5/glucose_05_c0.5_wF12.png,1
glucose_05_c0.5_wG01,glucose_05_c0.5,glucose,5,0.5,G01,7,1,crops/glucose/glucose_05_c0.5/glucose_05_c0.5_wG01.png,4
glucose_05_c0.5_wG02,glucose_05_c0.5,glucose,5,0.5,G02,7,2,crops/glucose/glucose_05_c0.5/glucose_05_c0.5_wG02.png,3
glucose_05_c0.5_wG03,glucose_05_c0.5,glucose,5,0.5,G03,7,3,crops/glucose/glucose_05_c0.5/glucose_05_c0.5_wG03.png,2
glucose_05_c0.5_wG04,glucose_05_c0.5,glucose,5,0.5,G04,7,4,crops/glucose/glucose_05_c0.5/glucose_05_c0.5_wG04.png,3
glucose_05_c0.5_wG05,glucose_05_c0.5,glucose,5,0.5,G05,7,5,crops/glucose/glucose_05_c0.5/glucose_05_c0.5_wG05.png,4
glucose_05_c0.5_wG06,glucose_05_c0.5,glucose,5,0.5,G06,7,6,crops/glucose/glucose_05_c0.5/glucose_05_c0.5_wG06.png,1
glucose_05_c0.5_wG07,glucose_05_c0.5,glucose,5,0.5,G07,7,7,crops/glucose/glucose_05_c0.5/glucose_05_c0.5_wG07.png,3
glucose_05_c0.5_wG08,glucose_05_c0.5,glucose,5,0.5,G08,7,8,crops/glucose/glucose_05_c0.5/glucose_05_c0.5_wG08.png,3
glucose_05_c0.5_wG09,glucose_05_c0.5,glucose,5,0.5,G09,7,9,crops/glucose/glucose_05_c0.5/glucose_05_c0.5_wG09.png,1
glucose_05_c0.5_wG10,glucose_05_c0.5,glucose,5,0.5,G10,7,10,crops/glucose/glucose_05_c0.5/glucose_05_c0.5_wG10.png,5
glucose_05_c0.5_wG11,glucose_05_c0.5,glucose,5,0.5,G11,7,11,crops/glucose/glucose_05_c0.5/glucose_05_c0.5_wG11.png,1
glucose_05_c0.5_wG12,glucose_05_c0.5,glucose,5,0.5,G12,7,12,crops/glucose/glucose_05_c0.5/glucose_05_c0.5_wG12.png,1
glucose_05_c0.5_wH01,glucose_05_c0.5,glucose,5,0.5,H01,8,1,crops/glucose/glucose_05_c0.5/glucose_05_c0.5_wH01.png,2
glucose_05_c0.5_wH02,glucose_05_c0.5,glucose,5,0.5,H02,8,2,crops/glucose/glucose_05_c0.5/glucose_05_c0.5_wH02.png,2
glucose_05_c0.5_wH03,glucose_05_c0.5,glucose,5,0.5,H03,8,3,crops/glucose/glucose_05_c0.5/glucose_05_c0.5_wH03.png,5
glucose_05_c0.5_wH04,glucose_05_c0.5,glucose,5,0.5,H04,8,4,crops/glucose/glucose_05_c0.5/glucose_05_c0.5_wH04.png,2
glucose_05_c0.5_wH05,glucose_05_c0.5,glucose,5,0.5,H05,8,5,crops/glucose/glucose_05_c0.5/glucose_05_c0.5_wH05.png,1
glucose_05_c0.5_wH06,glucose_05_c0.5,glucose,5,0.5,H06,8,6,crops/glucose/glucose_05_c0.5/glucose_05_c0.5_wH06.png,2
glucose_05_c0.5_wH07,glucose_05_c0.5,glucose,5,0.5,H07,8,7,crops/glucose/glucose_05_c0.5/glucose_05_c0.5_wH07.png,4
glucose_05_c0.5_wH08,glucose_05_c0.5,glucose,5,0.5,H08,8,8,crops/glucose/glucose_05_c0.5/glucose_05_c0.5_wH08.png,5
glucose_05_c0.5_wH09,glucose_05_c0.5,glucose,5,0.5,H09,8,9,crops/glucose/glucose_05_c0.5/glucose_05_c0.5_wH09.png,3
glucose_05_c0.5_wH10,glucose_05_c0.5,glucose,5,0.5,H10,8,10,crops/glucose/glucose_05_c0.5/glucose_05_c0.5_wH10.png,3
glucose_05_c0.5_wH11,glucose_05_c0.5,glucose,5,0.5,H11,8,11,crops/glucose/glucose_05_c0.5/glucose_05_c0.5_wH11.png,5
glucose_05_c0.5_wH12,glucose_05_c0.5,glucose,5,0.5,H12,8,12,crops/glucose/glucose_05_c0.5/glucose_05_c0.5_wH12.png,3
glucose_06_c1_wA01,glucose_06_c1,glucose,6,1.0,A01,1,1,crops/glucose/glucose_06_c1/glucose_06_c1_wA01.png,4
glucose_06_c1_wA02,glucose_06_c1,glucose,6,1.0,A02,1,2,crops/glucose/glucose_06_c1/glucose_06_c1_wA02.png,4
glucose_06_c1_wA03,glucose_06_c1,glucose,6,1.0,A03,1,3,crops/glucose/glucose_06_c1/glucose_06_c1_wA03.png,4
glucose_06_c1_wA04,glucose_06_c1,glucose,6,1.0,A04,1,4,crops/glucose/glucose_06_c1/glucose_06_c1_wA04.png,2
glucose_06_c1_wA05,glucose_06_c1,glucose,6,1.0,A05,1,5,crops/glucose/glucose_06_c1/glucose_06_c1_wA05.png,5
glucose_06_c1_wA06,glucose_06_c1,glucose,6,1.0,A06,1,6,crops/glucose/glucose_06_c1/glucose_06_c1_wA06.png,1
glucose_06_c1_wA07,glucose_06_c1,glucose,6,1.0,A07,1,7,crops/glucose/glucose_06_c1/glucose_06_c1_wA07.png,3
glucose_06_c1_wA08,glucose_06_c1,glucose,6,1.0,A08,1,8,crops/glucose/glucose_06_c1/glucose_06_c1_wA08.png,3
glucose_06_c1_wA09,glucose_06_c1,glucose,6,1.0,A09,1,9,crops/glucose/glucose_06_c1/glucose_06_c1_wA09.png,5
glucose_06_c1_wA10,glucose_06_c1,glucose,6,1.0,A10,1,10,crops/glucose/glucose_06_c1/glucose_06_c1_wA10.png,3
glucose_06_c1_wA11,glucose_06_c1,glucose,6,1.0,A11,1,11,crops/glucose/glucose_06_c1/glucose_06_c1_wA11.png,1
glucose_06_c1_wA12,glucose_06_c1,glucose,6,1.0,A12,1,12,crops/glucose/glucose_06_c1/glucose_06_c1_wA12.png,1
glucose_06_c1_wB01,glucose_06_c1,glucose,6,1.0,B01,2,1,crops/glucose/glucose_06_c1/glucose_06_c1_wB01.png,3
glucose_06_c1_wB02,glucose_06_c1,glucose,6,1.0,B02,2,2,crops/glucose/glucose_06_c1/glucose_06_c1_wB02.png,5
glucose_06_c1_wB03,glucose_06_c1,glucose,6,1.0,B03,2,3,crops/glucose/glucose_06_c1/glucose_06_c1_wB03.png,4
glucose_06_c1_wB04,glucose_06_c1,glucose,6,1.0,B04,2,4,crops/glucose/glucose_06_c1/glucose_06_c1_wB04.png,2
glucose_06_c1_wB05,glucose_06_c1,glucose,6,1.0,B05,2,5,crops/glucose/glucose_06_c1/glucose_06_c1_wB05.png,5
glucose_06_c1_wB06,glucose_06_c1,glucose,6,1.0,B06,2,6,crops/glucose/glucose_06_c1/glucose_06_c1_wB06.png,4
glucose_06_c1_wB07,glucose_06_c1,glucose,6,1.0,B07,2,7,crops/glucose/glucose_06_c1/glucose_06_c1_wB07.png,4
glucose_06_c1_wB08,glucose_06_c1,glucose,6,1.0,B08,2,8,crops/glucose/glucose_06_c1/glucose_06_c1_wB08.png,2
glucose_06_c1_wB09,glucose_06_c1,glucose,6,1.0,B09,2,9,crops/glucose/glucose_06_c1/glucose_06_c1_wB09.png,5
glucose_06_c1_wB10,glucose_06_c1,glucose,6,1.0,B10,2,10,crops/glucose/glucose_06_c1/glucose_06_c1_wB10.png,2
glucose_06_c1_wB11,glucose_06_c1,glucose,6,1.0,B11,2,11,crops/glucose/glucose_06_c1/glucose_06_c1_wB11.png,3
glucose_06_c1_wB12,glucose_06_c1,glucose,6,1.0,B12,2,12,crops/glucose/glucose_06_c1/glucose_06_c1_wB12.png,2
glucose_06_c1_wC01,glucose_06_c1,glucose,6,1.0,C01,3,1,crops/glucose/glucose_06_c1/glucose_06_c1_wC01.png,1
glucose_06_c1_wC02,glucose_06_c1,glucose,6,1.0,C02,3,2,crops/glucose/glucose_06_c1/glucose_06_c1_wC02.png,3
glucose_06_c1_wC03,glucose_06_c1,glucose,6,1.0,C03,3,3,crops/glucose/glucose_06_c1/glucose_06_c1_wC03.png,1
glucose_06_c1_wC04,glucose_06_c1,glucose,6,1.0,C04,3,4,crops/glucose/glucose_06_c1/glucose_06_c1_wC04.png,2
glucose_06_c1_wC05,glucose_06_c1,glucose,6,1.0,C05,3,5,crops/glucose/glucose_06_c1/glucose_06_c1_wC05.png,3
glucose_06_c1_wC06,glucose_06_c1,glucose,6,1.0,C06,3,6,crops/glucose/glucose_06_c1/glucose_06_c1_wC06.png,4
glucose_06_c1_wC07,glucose_06_c1,glucose,6,1.0,C07,3,7,crops/glucose/glucose_06_c1/glucose_06_c1_wC07.png,4
glucose_06_c1_wC08,glucose_06_c1,glucose,6,1.0,C08,3,8,crops/glucose/glucose_06_c1/glucose_06_c1_wC08.png,2
glucose_06_c1_wC09,glucose_06_c1,glucose,6,1.0,C09,3,9,crops/glucose/glucose_06_c1/glucose_06_c1_wC09.png,1
glucose_06_c1_wC10,glucose_06_c1,glucose,6,1.0,C10,3,10,crops/glucose/glucose_06_c1/glucose_06_c1_wC10.png,3
glucose_06_c1_wC11,glucose_06_c1,glucose,6,1.0,C11,3,11,crops/glucose/glucose_06_c1/glucose_06_c1_wC11.png,5
glucose_06_c1_wC12,glucose_06_c1,glucose,6,1.0,C12,3,12,crops/glucose/glucose_06_c1/glucose_06_c1_wC12.png,2
glucose_06_c1_wD01,glucose_06_c1,glucose,6,1.0,D01,4,1,crops/glucose/glucose_06_c1/glucose_06_c1_wD01.png,5
glucose_06_c1_wD02,glucose_06_c1,glucose,6,1.0,D02,4,2,crops/glucose/glucose_06_c1/glucose_06_c1_wD02.png,1
glucose_06_c1_wD03,glucose_06_c1,glucose,6,1.0,D03,4,3,crops/glucose/glucose_06_c1/glucose_06_c1_wD03.png,1
glucose_06_c1_wD04,glucose_06_c1,glucose,6,1.0,D04,4,4,crops/glucose/glucose_06_c1/glucose_06_c1_wD04.png,5
glucose_06_c1_wD05,glucose_06_c1,glucose,6,1.0,D05,4,5,crops/glucose/glucose_06_c1/glucose_06_c1_wD05.png,3
glucose_06_c1_wD06,glucose_06_c1,glucose,6,1.0,D06,4,6,crops/glucose/glucose_06_c1/glucose_06_c1_wD06.png,5
glucose_06_c1_wD07,glucose_06_c1,glucose,6,1.0,D07,4,7,crops/glucose/glucose_06_c1/glucose_06_c1_wD07.png,2
glucose_06_c1_wD08,glucose_06_c1,glucose,6,1.0,D08,4,8,crops/glucose/glucose_06_c1/glucose_06_c1_wD08.png,5
glucose_06_c1_wD09,glucose_06_c1,glucose,6,1.0,D09,4,9,crops/glucose/glucose_06_c1/glucose_06_c1_wD09.png,3
glucose_06_c1_wD10,glucose_06_c1,glucose,6,1.0,D10,4,10,crops/glucose/glucose_06_c1/glucose_06_c1_wD10.png,3
glucose_06_c1_wD11,glucose_06_c1,glucose,6,1.0,D11,4,11,crops/glucose/glucose_06_c1/glucose_06_c1_wD11.png,4
glucose_06_c1_wD12,glucose_06_c1,glucose,6,1.0,D12,4,12,crops/glucose/glucose_06_c1/glucose_06_c1_wD12.png,4
glucose_06_c1_wE01,glucose_06_c1,glucose,6,1.0,E01,5,1,crops/glucose/glucose_06_c1/glucose_06_c1_wE01.png,5
glucose_06_c1_wE02,glucose_06_c1,glucose,6,1.0,E02,5,2,crops/glucose/glucose_06_c1/glucose_06_c1_wE02.png,1
glucose_06_c1_wE03,glucose_06_c1,glucose,6,1.0,E03,5,3,crops/glucose/glucose_06_c1/glucose_06_c1_wE03.png,1
glucose_06_c1_wE04,glucose_06_c1,glucose,6,1.0,E04,5,4,crops/glucose/glucose_06_c1/glucose_06_c1_wE04.png,4
glucose_06_c1_wE05,glucose_06_c1,glucose,6,1.0,E05,5,5,crops/glucose/glucose_06_c1/glucose_06_c1_wE05.png,5
glucose_06_c1_wE06,glucose_06_c1,glucose,6,1.0,E06,5,6,crops/glucose/glucose_06_c1/glucose_06_c1_wE06.png,5
glucose_06_c1_wE07,glucose_06_c1,glucose,6,1.0,E07,5,7,crops/glucose/glucose_06_c1/glucose_06_c1_wE07.png,2
glucose_06_c1_wE08,glucose_06_c1,glucose,6,1.0,E08,5,8,crops/glucose/glucose_06_c1/glucose_06_c1_wE08.png,1
glucose_06_c1_wE09,glucose_06_c1,glucose,6,1.0,E09,5,9,crops/glucose/glucose_06_c1/glucose_06_c1_wE09.png,5
glucose_06_c1_wE10,glucose_06_c1,glucose,6,1.0,E10,5,10,crops/glucose/glucose_06_c1/glucose_06_c1_wE10.png,1
glucose_06_c1_wE11,glucose_06_c1,glucose,6,1.0,E11,5,11,crops/glucose/glucose_06_c1/glucose_06_c1_wE11.png,1
glucose_06_c1_wE12,glucose_06_c1,glucose,6,1.0,E12,5,12,crops/glucose/glucose_06_c1/glucose_06_c1_wE12.png,4
glucose_06_c1_wF01,glucose_06_c1,glucose,6,1.0,F01,6,1,crops/glucose/glucose_06_c1/glucose_06_c1_wF01.png,1
glucose_06_c1_wF02,glucose_06_c1,glucose,6,1.0,F02,6,2,crops/glucose/glucose_06_c1/glucose_06_c1_wF02.png,2
glucose_06_c1_wF03,glucose_06_c1,glucose,6,1.0,F03,6,3,crops/glucose/glucose_06_c1/glucose_06_c1_wF03.png,5
glucose_06_c1_wF04,glucose_06_c1,glucose,6,1.0,F04,6,4,crops/glucose/glucose_06_c1/glucose_06_c1_wF04.png,3
glucose_06_c1_wF05,glucose_06_c1,glucose,6,1.0,F05,6,5,crops/glucose/glucose_06_c1/glucose_06_c1_wF05.png,2
glucose_06_c1_wF06,glucose_06_c1,glucose,6,1.0,F06,6,6,crops/glucose/glucose_06_c1/glucose_06_c1_wF06.png,2
glucose_06_c1_wF07,glucose_06_c1,glucose,6,1.0,F07,6,7,crops/glucose/glucose_06_c1/glucose_06_c1_wF07.png,4
glucose_06_c1_wF08,glucose_06_c1,glucose,6,1.0,F08,6,8,crops/glucose/glucose_06_c1/glucose_06_c1_wF08.png,4
glucose_06_c1_wF09,glucose_06_c1,glucose,6,1.0,F09,6,9,crops/glucose/glucose_06_c1/glucose_06_c1_wF09.png,4
glucose_06_c1_wF10,glucose_06_c1,glucose,6,1.0,F10,6,10,crops/glucose/glucose_06_c1/glucose_06_c1_wF10.png,2
glucose_06_c1_wF11,glucose_06_c1,glucose,6,1.0,F11,6,11,crops/glucose/glucose_06_c1/glucose_06_c1_wF11.png,4
glucose_06_c1_wF12,glucose_06_c1,glucose,6,1.0,F12,6,12,crops/glucose/glucose_06_c1/glucose_06_c1_wF12.png,1
glucose_06_c1_wG01,glucose_06_c1,glucose,6,1.0,G01,7,1,crops/glucose/glucose_06_c1/glucose_06_c1_wG01.png,4
glucose_06_c1_wG02,glucose_06_c1,glucose,6,1.0,G02,7,2,crops/glucose/glucose_06_c1/glucose_06_c1_wG02.png,3
glucose_06_c1_wG03,glucose_06_c1,glucose,6,1.0,G03,7,3,crops/glucose/glucose_06_c1/glucose_06_c1_wG03.png,2
glucose_06_c1_wG04,glucose_06_c1,glucose,6,1.0,G04,7,4,crops/glucose/glucose_06_c1/glucose_06_c1_wG04.png,3
glucose_06_c1_wG05,glucose_06_c1,glucose,6,1.0,G05,7,5,crops/glucose/glucose_06_c1/glucose_06_c1_wG05.png,4
glucose_06_c1_wG06,glucose_06_c1,glucose,6,1.0,G06,7,6,crops/glucose/glucose_06_c1/glucose_06_c1_wG06.png,1
glucose_06_c1_wG07,glucose_06_c1,glucose,6,1.0,G07,7,7,crops/glucose/glucose_06_c1/glucose_06_c1_wG07.png,3
glucose_06_c1_wG08,glucose_06_c1,glucose,6,1.0,G08,7,8,crops/glucose/glucose_06_c1/glucose_06_c1_wG08.png,3
glucose_06_c1_wG09,glucose_06_c1,glucose,6,1.0,G09,7,9,crops/glucose/glucose_06_c1/glucose_06_c1_wG09.png,1
glucose_06_c1_wG10,glucose_06_c1,glucose,6,1.0,G10,7,10,crops/glucose/glucose_06_c1/glucose_06_c1_wG10.png,5
glucose_06_c1_wG11,glucose_06_c1,glucose,6,1.0,G11,7,11,crops/glucose/glucose_06_c1/glucose_06_c1_wG11.png,1
glucose_06_c1_wG12,glucose_06_c1,glucose,6,1.0,G12,7,12,crops/glucose/glucose_06_c1/glucose_06_c1_wG12.png,1
glucose_06_c1_wH01,glucose_06_c1,glucose,6,1.0,H01,8,1,crops/glucose/glucose_06_c1/glucose_06_c1_wH01.png,2
glucose_06_c1_wH02,glucose_06_c1,glucose,6,1.0,H02,8,2,crops/glucose/glucose_06_c1/glucose_06_c1_wH02.png,2
glucose_06_c1_wH03,glucose_06_c1,glucose,6,1.0,H03,8,3,crops/glucose/glucose_06_c1/glucose_06_c1_wH03.png,5
glucose_06_c1_wH04,glucose_06_c1,glucose,6,1.0,H04,8,4,crops/glucose/glucose_06_c1/glucose_06_c1_wH04.png,2
glucose_06_c1_wH05,glucose_06_c1,glucose,6,1.0,H05,8,5,crops/glucose/glucose_06_c1/glucose_06_c1_wH05.png,1
glucose_06_c1_wH06,glucose_06_c1,glucose,6,1.0,H06,8,6,crops/glucose/glucose_06_c1/glucose_06_c1_wH06.png,2
glucose_06_c1_wH07,glucose_06_c1,glucose,6,1.0,H07,8,7,crops/glucose/glucose_06_c1/glucose_06_c1_wH07.png,4
glucose_06_c1_wH08,glucose_06_c1,glucose,6,1.0,H08,8,8,crops/glucose/glucose_06_c1/glucose_06_c1_wH08.png,5
glucose_06_c1_wH09,glucose_06_c1,glucose,6,1.0,H09,8,9,crops/glucose/glucose_06_c1/glucose_06_c1_wH09.png,3
glucose_06_c1_wH10,glucose_06_c1,glucose,6,1.0,H10,8,10,crops/glucose/glucose_06_c1/glucose_06_c1_wH10.png,3
glucose_06_c1_wH11,glucose_06_c1,glucose,6,1.0,H11,8,11,crops/glucose/glucose_06_c1/glucose_06_c1_wH11.png,5
glucose_06_c1_wH12,glucose_06_c1,glucose,6,1.0,H12,8,12,crops/glucose/glucose_06_c1/glucose_06_c1_wH12.png,3
glucose_07_c2.5_wA01,glucose_07_c2.5,glucose,7,2.5,A01,1,1,crops/glucose/glucose_07_c2.5/glucose_07_c2.5_wA01.png,4
glucose_07_c2.5_wA02,glucose_07_c2.5,glucose,7,2.5,A02,1,2,crops/glucose/glucose_07_c2.5/glucose_07_c2.5_wA02.png,4
glucose_07_c2.5_wA03,glucose_07_c2.5,glucose,7,2.5,A03,1,3,crops/glucose/glucose_07_c2.5/glucose_07_c2.5_wA03.png,4
glucose_07_c2.5_wA04,glucose_07_c2.5,glucose,7,2.5,A04,1,4,crops/glucose/glucose_07_c2.5/glucose_07_c2.5_wA04.png,2
glucose_07_c2.5_wA05,glucose_07_c2.5,glucose,7,2.5,A05,1,5,crops/glucose/glucose_07_c2.5/glucose_07_c2.5_wA05.png,5
glucose_07_c2.5_wA06,glucose_07_c2.5,glucose,7,2.5,A06,1,6,crops/glucose/glucose_07_c2.5/glucose_07_c2.5_wA06.png,1
glucose_07_c2.5_wA07,glucose_07_c2.5,glucose,7,2.5,A07,1,7,crops/glucose/glucose_07_c2.5/glucose_07_c2.5_wA07.png,3
glucose_07_c2.5_wA08,glucose_07_c2.5,glucose,7,2.5,A08,1,8,crops/glucose/glucose_07_c2.5/glucose_07_c2.5_wA08.png,3
glucose_07_c2.5_wA09,glucose_07_c2.5,glucose,7,2.5,A09,1,9,crops/glucose/glucose_07_c2.5/glucose_07_c2.5_wA09.png,5
glucose_07_c2.5_wA10,glucose_07_c2.5,glucose,7,2.5,A10,1,10,crops/glucose/glucose_07_c2.5/glucose_07_c2.5_wA10.png,3
glucose_07_c2.5_wA11,glucose_07_c2.5,glucose,7,2.5,A11,1,11,crops/glucose/glucose_07_c2.5/glucose_07_c2.5_wA11.png,1
glucose_07_c2.5_wA12,glucose_07_c2.5,glucose,7,2.5,A12,1,12,crops/glucose/glucose_07_c2.5/glucose_07_c2.5_wA12.png,1
glucose_07_c2.5_wB01,glucose_07_c2.5,glucose,7,2.5,B01,2,1,crops/glucose/glucose_07_c2.5/glucose_07_c2.5_wB01.png,3
glucose_07_c2.5_wB02,glucose_07_c2.5,glucose,7,2.5,B02,2,2,crops/glucose/glucose_07_c2.5/glucose_07_c2.5_wB02.png,5
glucose_07_c2.5_wB03,glucose_07_c2.5,glucose,7,2.5,B03,2,3,crops/glucose/glucose_07_c2.5/glucose_07_c2.5_wB03.png,4
glucose_07_c2.5_wB04,glucose_07_c2.5,glucose,7,2.5,B04,2,4,crops/glucose/glucose_07_c2.5/glucose_07_c2.5_wB04.png,2
glucose_07_c2.5_wB05,glucose_07_c2.5,glucose,7,2.5,B05,2,5,crops/glucose/glucose_07_c2.5/glucose_07_c2.5_wB05.png,5
glucose_07_c2.5_wB06,glucose_07_c2.5,glucose,7,2.5,B06,2,6,crops/glucose/glucose_07_c2.5/glucose_07_c2.5_wB06.png,4
glucose_07_c2.5_wB07,glucose_07_c2.5,glucose,7,2.5,B07,2,7,crops/glucose/glucose_07_c2.5/glucose_07_c2.5_wB07.png,4
glucose_07_c2.5_wB08,glucose_07_c2.5,glucose,7,2.5,B08,2,8,crops/glucose/glucose_07_c2.5/glucose_07_c2.5_wB08.png,2
glucose_07_c2.5_wB09,glucose_07_c2.5,glucose,7,2.5,B09,2,9,crops/glucose/glucose_07_c2.5/glucose_07_c2.5_wB09.png,5
glucose_07_c2.5_wB10,glucose_07_c2.5,glucose,7,2.5,B10,2,10,crops/glucose/glucose_07_c2.5/glucose_07_c2.5_wB10.png,2
glucose_07_c2.5_wB11,glucose_07_c2.5,glucose,7,2.5,B11,2,11,crops/glucose/glucose_07_c2.5/glucose_07_c2.5_wB11.png,3
glucose_07_c2.5_wB12,glucose_07_c2.5,glucose,7,2.5,B12,2,12,crops/glucose/glucose_07_c2.5/glucose_07_c2.5_wB12.png,2
glucose_07_c2.5_wC01,glucose_07_c2.5,glucose,7,2.5,C01,3,1,crops/glucose/glucose_07_c2.5/glucose_07_c2.5_wC01.png,1
glucose_07_c2.5_wC02,glucose_07_c2.5,glucose,7,2.5,C02,3,2,crops/glucose/glucose_07_c2.5/glucose_07_c2.5_wC02.png,3
glucose_07_c2.5_wC03,glucose_07_c2.5,glucose,7,2.5,C03,3,3,crops/glucose/glucose_07_c2.5/glucose_07_c2.5_wC03.png,1
glucose_07_c2.5_wC04,glucose_07_c2.5,glucose,7,2.5,C04,3,4,crops/glucose/glucose_07_c2.5/glucose_07_c2.5_wC04.png,2
glucose_07_c2.5_wC05,glucose_07_c2.5,glucose,7,2.5,C05,3,5,crops/glucose/glucose_07_c2.5/glucose_07_c2.5_wC05.png,3
glucose_07_c2.5_wC06,glucose_07_c2.5,glucose,7,2.5,C06,3,6,crops/glucose/glucose_07_c2.5/glucose_07_c2.5_wC06.png,4
glucose_07_c2.5_wC07,glucose_07_c2.5,glucose,7,2.5,C07,3,7,crops/glucose/glucose_07_c2.5/glucose_07_c2.5_wC07.png,4
glucose_07_c2.5_wC08,glucose_07_c2.5,glucose,7,2.5,C08,3,8,crops/glucose/glucose_07_c2.5/glucose_07_c2.5_wC08.png,2
glucose_07_c2.5_wC09,glucose_07_c2.5,glucose,7,2.5,C09,3,9,crops/glucose/glucose_07_c2.5/glucose_07_c2.5_wC09.png,1
glucose_07_c2.5_wC10,glucose_07_c2.5,glucose,7,2.5,C10,3,10,crops/glucose/glucose_07_c2.5/glucose_07_c2.5_wC10.png,3
glucose_07_c2.5_wC11,glucose_07_c2.5,glucose,7,2.5,C11,3,11,crops/glucose/glucose_07_c2.5/glucose_07_c2.5_wC11.png,5
glucose_07_c2.5_wC12,glucose_07_c2.5,glucose,7,2.5,C12,3,12,crops/glucose/glucose_07_c2.5/glucose_07_c2.5_wC12.png,2
glucose_07_c2.5_wD01,glucose_07_c2.5,glucose,7,2.5,D01,4,1,crops/glucose/glucose_07_c2.5/glucose_07_c2.5_wD01.png,5
glucose_07_c2.5_wD02,glucose_07_c2.5,glucose,7,2.5,D02,4,2,crops/glucose/glucose_07_c2.5/glucose_07_c2.5_wD02.png,1
glucose_07_c2.5_wD03,glucose_07_c2.5,glucose,7,2.5,D03,4,3,crops/glucose/glucose_07_c2.5/glucose_07_c2.5_wD03.png,1
glucose_07_c2.5_wD04,glucose_07_c2.5,glucose,7,2.5,D04,4,4,crops/glucose/glucose_07_c2.5/glucose_07_c2.5_wD04.png,5
glucose_07_c2.5_wD05,glucose_07_c2.5,glucose,7,2.5,D05,4,5,crops/glucose/glucose_07_c2.5/glucose_07_c2.5_wD05.png,3
glucose_07_c2.5_wD06,glucose_07_c2.5,glucose,7,2.5,D06,4,6,crops/glucose/glucose_07_c2.5/glucose_07_c2.5_wD06.png,5
glucose_07_c2.5_wD07,glucose_07_c2.5,glucose,7,2.5,D07,4,7,crops/glucose/glucose_07_c2.5/glucose_07_c2.5_wD07.png,2
glucose_07_c2.5_wD08,glucose_07_c2.5,glucose,7,2.5,D08,4,8,crops/glucose/glucose_07_c2.5/glucose_07_c2.5_wD08.png,5
glucose_07_c2.5_wD09,glucose_07_c2.5,glucose,7,2.5,D09,4,9,crops/glucose/glucose_07_c2.5/glucose_07_c2.5_wD09.png,3
glucose_07_c2.5_wD10,glucose_07_c2.5,glucose,7,2.5,D10,4,10,crops/glucose/glucose_07_c2.5/glucose_07_c2.5_wD10.png,3
glucose_07_c2.5_wD11,glucose_07_c2.5,glucose,7,2.5,D11,4,11,crops/glucose/glucose_07_c2.5/glucose_07_c2.5_wD11.png,4
glucose_07_c2.5_wD12,glucose_07_c2.5,glucose,7,2.5,D12,4,12,crops/glucose/glucose_07_c2.5/glucose_07_c2.5_wD12.png,4
glucose_07_c2.5_wE01,glucose_07_c2.5,glucose,7,2.5,E01,5,1,crops/glucose/glucose_07_c2.5/glucose_07_c2.5_wE01.png,5
glucose_07_c2.5_wE02,glucose_07_c2.5,glucose,7,2.5,E02,5,2,crops/glucose/glucose_07_c2.5/glucose_07_c2.5_wE02.png,1
glucose_07_c2.5_wE03,glucose_07_c2.5,glucose,7,2.5,E03,5,3,crops/glucose/glucose_07_c2.5/glucose_07_c2.5_wE03.png,1
glucose_07_c2.5_wE04,glucose_07_c2.5,glucose,7,2.5,E04,5,4,crops/glucose/glucose_07_c2.5/glucose_07_c2.5_wE04.png,4
glucose_07_c2.5_wE05,glucose_07_c2.5,glucose,7,2.5,E05,5,5,crops/glucose/glucose_07_c2.5/glucose_07_c2.5_wE05.png,5
glucose_07_c2.5_wE06,glucose_07_c2.5,glucose,7,2.5,E06,5,6,crops/glucose/glucose_07_c2.5/glucose_07_c2.5_wE06.png,5
glucose_07_c2.5_wE07,glucose_07_c2.5,glucose,7,2.5,E07,5,7,crops/glucose/glucose_07_c2.5/glucose_07_c2.5_wE07.png,2
glucose_07_c2.5_wE08,glucose_07_c2.5,glucose,7,2.5,E08,5,8,crops/glucose/glucose_07_c2.5/glucose_07_c2.5_wE08.png,1
glucose_07_c2.5_wE09,glucose_07_c2.5,glucose,7,2.5,E09,5,9,crops/glucose/glucose_07_c2.5/glucose_07_c2.5_wE09.png,5
glucose_07_c2.5_wE10,glucose_07_c2.5,glucose,7,2.5,E10,5,10,crops/glucose/glucose_07_c2.5/glucose_07_c2.5_wE10.png,1
glucose_07_c2.5_wE11,glucose_07_c2.5,glucose,7,2.5,E11,5,11,crops/glucose/glucose_07_c2.5/glucose_07_c2.5_wE11.png,1
glucose_07_c2.5_wE12,glucose_07_c2.5,glucose,7,2.5,E12,5,12,crops/glucose/glucose_07_c2.5/glucose_07_c2.5_wE12.png,4
glucose_07_c2.5_wF01,glucose_07_c2.5,glucose,7,2.5,F01,6,1,crops/glucose/glucose_07_c2.5/glucose_07_c2.5_wF01.png,1
glucose_07_c2.5_wF02,glucose_07_c2.5,glucose,7,2.5,F02,6,2,crops/glucose/glucose_07_c2.5/glucose_07_c2.5_wF02.png,2
glucose_07_c2.5_wF03,glucose_07_c2.5,glucose,7,2.5,F03,6,3,crops/glucose/glucose_07_c2.5/glucose_07_c2.5_wF03.png,5
glucose_07_c2.5_wF04,glucose_07_c2.5,glucose,7,2.5,F04,6,4,crops/glucose/glucose_07_c2.5/glucose_07_c2.5_wF04.png,3
glucose_07_c2.5_wF05,glucose_07_c2.5,glucose,7,2.5,F05,6,5,crops/glucose/glucose_07_c2.5/glucose_07_c2.5_wF05.png,2
glucose_07_c2.5_wF06,glucose_07_c2.5,glucose,7,2.5,F06,6,6,crops/glucose/glucose_07_c2.5/glucose_07_c2.5_wF06.png,2
glucose_07_c2.5_wF07,glucose_07_c2.5,glucose,7,2.5,F07,6,7,crops/glucose/glucose_07_c2.5/glucose_07_c2.5_wF07.png,4
glucose_07_c2.5_wF08,glucose_07_c2.5,glucose,7,2.5,F08,6,8,crops/glucose/glucose_07_c2.5/glucose_07_c2.5_wF08.png,4
glucose_07_c2.5_wF09,glucose_07_c2.5,glucose,7,2.5,F09,6,9,crops/glucose/glucose_07_c2.5/glucose_07_c2.5_wF09.png,4
glucose_07_c2.5_wF10,glucose_07_c2.5,glucose,7,2.5,F10,6,10,crops/glucose/glucose_07_c2.5/glucose_07_c2.5_wF10.png,2
glucose_07_c2.5_wF11,glucose_07_c2.5,glucose,7,2.5,F11,6,11,crops/glucose/glucose_07_c2.5/glucose_07_c2.5_wF11.png,4
glucose_07_c2.5_wF12,glucose_07_c2.5,glucose,7,2.5,F12,6,12,crops/glucose/glucose_07_c2.5/glucose_07_c2.5_wF12.png,1
glucose_07_c2.5_wG01,glucose_07_c2.5,glucose,7,2.5,G01,7,1,crops/glucose/glucose_07_c2.5/glucose_07_c2.5_wG01.png,4
glucose_07_c2.5_wG02,glucose_07_c2.5,glucose,7,2.5,G02,7,2,crops/glucose/glucose_07_c2.5/glucose_07_c2.5_wG02.png,3
glucose_07_c2.5_wG03,glucose_07_c2.5,glucose,7,2.5,G03,7,3,crops/glucose/glucose_07_c2.5/glucose_07_c2.5_wG03.png,2
glucose_07_c2.5_wG04,glucose_07_c2.5,glucose,7,2.5,G04,7,4,crops/glucose/glucose_07_c2.5/glucose_07_c2.5_wG04.png,3
glucose_07_c2.5_wG05,glucose_07_c2.5,glucose,7,2.5,G05,7,5,crops/glucose/glucose_07_c2.5/glucose_07_c2.5_wG05.png,4
glucose_07_c2.5_wG06,glucose_07_c2.5,glucose,7,2.5,G06,7,6,crops/glucose/glucose_07_c2.5/glucose_07_c2.5_wG06.png,1
glucose_07_c2.5_wG07,glucose_07_c2.5,glucose,7,2.5,G07,7,7,crops/glucose/glucose_07_c2.5/glucose_07_c2.5_wG07.png,3
glucose_07_c2.5_wG08,glucose_07_c2.5,glucose,7,2.5,G08,7,8,crops/glucose/glucose_07_c2.5/glucose_07_c2.5_wG08.png,3
glucose_07_c2.5_wG09,glucose_07_c2.5,glucose,7,2.5,G09,7,9,crops/glucose/glucose_07_c2.5/glucose_07_c2.5_wG09.png,1
glucose_07_c2.5_wG10,glucose_07_c2.5,glucose,7,2.5,G10,7,10,crops/glucose/glucose_07_c2.5/glucose_07_c2.5_wG10.png,5
glucose_07_c2.5_wG11,glucose_07_c2.5,glucose,7,2.5,G11,7,11,crops/glucose/glucose_07_c2.5/glucose_07_c2.5_wG11.png,1
glucose_07_c2.5_wG12,glucose_07_c2.5,glucose,7,2.5,G12,7,12,crops/glucose/glucose_07_c2.5/glucose_07_c2.5_wG12.png,1
glucose_07_c2.5_wH01,glucose_07_c2.5,glucose,7,2.5,H01,8,1,crops/glucose/glucose_07_c2.5/glucose_07_c2.5_wH01.png,2
glucose_07_c2.5_wH02,glucose_07_c2.5,glucose,7,2.5,H02,8,2,crops/glucose/glucose_07_c2.5/glucose_07_c2.5_wH02.png,2
glucose_07_c2.5_wH03,glucose_07_c2.5,glucose,7,2.5,H03,8,3,crops/glucose/glucose_07_c2.5/glucose_07_c2.5_wH03.png,5
glucose_07_c2.5_wH04,glucose_07_c2.5,glucose,7,2.5,H04,8,4,crops/glucose/glucose_07_c2.5/glucose_07_c2.5_wH04.png,2
glucose_07_c2.5_wH05,glucose_07_c2.5,glucose,7,2.5,H05,8,5,crops/glucose/glucose_07_c2.5/glucose_07_c2.5_wH05.png,1
glucose_07_c2.5_wH06,glucose_07_c2.5,glucose,7,2.5,H06,8,6,crops/glucose/glucose_07_c2.5/glucose_07_c2.5_wH06.png,2
glucose_07_c2.5_wH07,glucose_07_c2.5,glucose,7,2.5,H07,8,7,crops/glucose/glucose_07_c2.5/glucose_07_c2.5_wH07.png,4
glucose_07_c2.5_wH08,glucose_07_c2.5,glucose,7,2.5,H08,8,8,crops/glucose/glucose_07_c2.5/glucose_07_c2.5_wH08.png,5
glucose_07_c2.5_wH09,glucose_07_c2.5,glucose,7,2.5,H09,8,9,crops/glucose/glucose_07_c2.5/glucose_07_c2.5_wH09.png,3
glucose_07_c2.5_wH10,glucose_07_c2.5,glucose,7,2.5,H10,8,10,crops/glucose/glucose_07_c2.5/glucose_07_c2.5_wH10.png,3
glucose_07_c2.5_wH11,glucose_07_c2.5,glucose,7,2.5,H11,8,11,crops/glucose/glucose_07_c2.5/glucose_07_c2.5_wH11.png,5
glucose_07_c2.5_wH12,glucose_07_c2.5,glucose,7,2.5,H12,8,12,crops/glucose/glucose_07_c2.5/glucose_07_c2.5_wH12.png,3
glucose_08_c5_wA01,glucose_08_c5,glucose,8,5.0,A01,1,1,crops/glucose/glucose_08_c5/glucose_08_c5_wA01.png,4
glucose_08_c5_wA02,glucose_08_c5,glucose,8,5.0,A02,1,2,crops/glucose/glucose_08_c5/glucose_08_c5_wA02.png,4
glucose_08_c5_wA03,glucose_08_c5,glucose,8,5.0,A03,1,3,crops/glucose/glucose_08_c5/glucose_08_c5_wA03.png,4
glucose_08_c5_wA04,glucose_08_c5,glucose,8,5.0,A04,1,4,crops/glucose/glucose_08_c5/glucose_08_c5_wA04.png,2
glucose_08_c5_wA05,glucose_08_c5,glucose,8,5.0,A05,1,5,crops/glucose/glucose_08_c5/glucose_08_c5_wA05.png,5
glucose_08_c5_wA06,glucose_08_c5,glucose,8,5.0,A06,1,6,crops/glucose/glucose_08_c5/glucose_08_c5_wA06.png,1
glucose_08_c5_wA07,glucose_08_c5,glucose,8,5.0,A07,1,7,crops/glucose/glucose_08_c5/glucose_08_c5_wA07.png,3
glucose_08_c5_wA08,glucose_08_c5,glucose,8,5.0,A08,1,8,crops/glucose/glucose_08_c5/glucose_08_c5_wA08.png,3
glucose_08_c5_wA09,glucose_08_c5,glucose,8,5.0,A09,1,9,crops/glucose/glucose_08_c5/glucose_08_c5_wA09.png,5
glucose_08_c5_wA10,glucose_08_c5,glucose,8,5.0,A10,1,10,crops/glucose/glucose_08_c5/glucose_08_c5_wA10.png,3
glucose_08_c5_wA11,glucose_08_c5,glucose,8,5.0,A11,1,11,crops/glucose/glucose_08_c5/glucose_08_c5_wA11.png,1
glucose_08_c5_wA12,glucose_08_c5,glucose,8,5.0,A12,1,12,crops/glucose/glucose_08_c5/glucose_08_c5_wA12.png,1
glucose_08_c5_wB01,glucose_08_c5,glucose,8,5.0,B01,2,1,crops/glucose/glucose_08_c5/glucose_08_c5_wB01.png,3
glucose_08_c5_wB02,glucose_08_c5,glucose,8,5.0,B02,2,2,crops/glucose/glucose_08_c5/glucose_08_c5_wB02.png,5
glucose_08_c5_wB03,glucose_08_c5,glucose,8,5.0,B03,2,3,crops/glucose/glucose_08_c5/glucose_08_c5_wB03.png,4
glucose_08_c5_wB04,glucose_08_c5,glucose,8,5.0,B04,2,4,crops/glucose/glucose_08_c5/glucose_08_c5_wB04.png,2
glucose_08_c5_wB05,glucose_08_c5,glucose,8,5.0,B05,2,5,crops/glucose/glucose_08_c5/glucose_08_c5_wB05.png,5
glucose_08_c5_wB06,glucose_08_c5,glucose,8,5.0,B06,2,6,crops/glucose/glucose_08_c5/glucose_08_c5_wB06.png,4
glucose_08_c5_wB07,glucose_08_c5,glucose,8,5.0,B07,2,7,crops/glucose/glucose_08_c5/glucose_08_c5_wB07.png,4
glucose_08_c5_wB08,glucose_08_c5,glucose,8,5.0,B08,2,8,crops/glucose/glucose_08_c5/glucose_08_c5_wB08.png,2
glucose_08_c5_wB09,glucose_08_c5,glucose,8,5.0,B09,2,9,crops/glucose/glucose_08_c5/glucose_08_c5_wB09.png,5
glucose_08_c5_wB10,glucose_08_c5,glucose,8,5.0,B10,2,10,crops/glucose/glucose_08_c5/glucose_08_c5_wB10.png,2
glucose_08_c5_wB11,glucose_08_c5,glucose,8,5.0,B11,2,11,crops/glucose/glucose_08_c5/glucose_08_c5_wB11.png,3
glucose_08_c5_wB12,glucose_08_c5,glucose,8,5.0,B12,2,12,crops/glucose/glucose_08_c5/glucose_08_c5_wB12.png,2
glucose_08_c5_wC01,glucose_08_c5,glucose,8,5.0,C01,3,1,crops/glucose/glucose_08_c5/glucose_08_c5_wC01.png,1
glucose_08_c5_wC02,glucose_08_c5,glucose,8,5.0,C02,3,2,crops/glucose/glucose_08_c5/glucose_08_c5_wC02.png,3
glucose_08_c5_wC03,glucose_08_c5,glucose,8,5.0,C03,3,3,crops/glucose/glucose_08_c5/glucose_08_c5_wC03.png,1
glucose_08_c5_wC04,glucose_08_c5,glucose,8,5.0,C04,3,4,crops/glucose/glucose_08_c5/glucose_08_c5_wC04.png,2
glucose_08_c5_wC05,glucose_08_c5,glucose,8,5.0,C05,3,5,crops/glucose/glucose_08_c5/glucose_08_c5_wC05.png,3
glucose_08_c5_wC06,glucose_08_c5,glucose,8,5.0,C06,3,6,crops/glucose/glucose_08_c5/glucose_08_c5_wC06.png,4
glucose_08_c5_wC07,glucose_08_c5,glucose,8,5.0,C07,3,7,crops/glucose/glucose_08_c5/glucose_08_c5_wC07.png,4
glucose_08_c5_wC08,glucose_08_c5,glucose,8,5.0,C08,3,8,crops/glucose/glucose_08_c5/glucose_08_c5_wC08.png,2
glucose_08_c5_wC09,glucose_08_c5,glucose,8,5.0,C09,3,9,crops/glucose/glucose_08_c5/glucose_08_c5_wC09.png,1
glucose_08_c5_wC10,glucose_08_c5,glucose,8,5.0,C10,3,10,crops/glucose/glucose_08_c5/glucose_08_c5_wC10.png,3
glucose_08_c5_wC11,glucose_08_c5,glucose,8,5.0,C11,3,11,crops/glucose/glucose_08_c5/glucose_08_c5_wC11.png,5
glucose_08_c5_wC12,glucose_08_c5,glucose,8,5.0,C12,3,12,crops/glucose/glucose_08_c5/glucose_08_c5_wC12.png,2
glucose_08_c5_wD01,glucose_08_c5,glucose,8,5.0,D01,4,1,crops/glucose/glucose_08_c5/glucose_08_c5_wD01.png,5
glucose_08_c5_wD02,glucose_08_c5,glucose,8,5.0,D02,4,2,crops/glucose/glucose_08_c5/glucose_08_c5_wD02.png,1
glucose_08_c5_wD03,glucose_08_c5,glucose,8,5.0,D03,4,3,crops/glucose/glucose_08_c5/glucose_08_c5_wD03.png,1
glucose_08_c5_wD04,glucose_08_c5,glucose,8,5.0,D04,4,4,crops/glucose/glucose_08_c5/glucose_08_c5_wD04.png,5
glucose_08_c5_wD05,glucose_08_c5,glucose,8,5.0,D05,4,5,crops/glucose/glucose_08_c5/glucose_08_c5_wD05.png,3
glucose_08_c5_wD06,glucose_08_c5,glucose,8,5.0,D06,4,6,crops/glucose/glucose_08_c5/glucose_08_c5_wD06.png,5
glucose_08_c5_wD07,glucose_08_c5,glucose,8,5.0,D07,4,7,crops/glucose/glucose_08_c5/glucose_08_c5_wD07.png,2
glucose_08_c5_wD08,glucose_08_c5,glucose,8,5.0,D08,4,8,crops/glucose/glucose_08_c5/glucose_08_c5_wD08.png,5
glucose_08_c5_wD09,glucose_08_c5,glucose,8,5.0,D09,4,9,crops/glucose/glucose_08_c5/glucose_08_c5_wD09.png,3
glucose_08_c5_wD10,glucose_08_c5,glucose,8,5.0,D10,4,10,crops/glucose/glucose_08_c5/glucose_08_c5_wD10.png,3
glucose_08_c5_wD11,glucose_08_c5,glucose,8,5.0,D11,4,11,crops/glucose/glucose_08_c5/glucose_08_c5_wD11.png,4
glucose_08_c5_wD12,glucose_08_c5,glucose,8,5.0,D12,4,12,crops/glucose/glucose_08_c5/glucose_08_c5_wD12.png,4
glucose_08_c5_wE01,glucose_08_c5,glucose,8,5.0,E01,5,1,crops/glucose/glucose_08_c5/glucose_08_c5_wE01.png,5
glucose_08_c5_wE02,glucose_08_c5,glucose,8,5.0,E02,5,2,crops/glucose/glucose_08_c5/glucose_08_c5_wE02.png,1
glucose_08_c5_wE03,glucose_08_c5,glucose,8,5.0,E03,5,3,crops/glucose/glucose_08_c5/glucose_08_c5_wE03.png,1
glucose_08_c5_wE04,glucose_08_c5,glucose,8,5.0,E04,5,4,crops/glucose/glucose_08_c5/glucose_08_c5_wE04.png,4
glucose_08_c5_wE05,glucose_08_c5,glucose,8,5.0,E05,5,5,crops/glucose/glucose_08_c5/glucose_08_c5_wE05.png,5
glucose_08_c5_wE06,glucose_08_c5,glucose,8,5.0,E06,5,6,crops/glucose/glucose_08_c5/glucose_08_c5_wE06.png,5
glucose_08_c5_wE07,glucose_08_c5,glucose,8,5.0,E07,5,7,crops/glucose/glucose_08_c5/glucose_08_c5_wE07.png,2
glucose_08_c5_wE08,glucose_08_c5,glucose,8,5.0,E08,5,8,crops/glucose/glucose_08_c5/glucose_08_c5_wE08.png,1
glucose_08_c5_wE09,glucose_08_c5,glucose,8,5.0,E09,5,9,crops/glucose/glucose_08_c5/glucose_08_c5_wE09.png,5
glucose_08_c5_wE10,glucose_08_c5,glucose,8,5.0,E10,5,10,crops/glucose/glucose_08_c5/glucose_08_c5_wE10.png,1
glucose_08_c5_wE11,glucose_08_c5,glucose,8,5.0,E11,5,11,crops/glucose/glucose_08_c5/glucose_08_c5_wE11.png,1
glucose_08_c5_wE12,glucose_08_c5,glucose,8,5.0,E12,5,12,crops/glucose/glucose_08_c5/glucose_08_c5_wE12.png,4
glucose_08_c5_wF01,glucose_08_c5,glucose,8,5.0,F01,6,1,crops/glucose/glucose_08_c5/glucose_08_c5_wF01.png,1
glucose_08_c5_wF02,glucose_08_c5,glucose,8,5.0,F02,6,2,crops/glucose/glucose_08_c5/glucose_08_c5_wF02.png,2
glucose_08_c5_wF03,glucose_08_c5,glucose,8,5.0,F03,6,3,crops/glucose/glucose_08_c5/glucose_08_c5_wF03.png,5
glucose_08_c5_wF04,glucose_08_c5,glucose,8,5.0,F04,6,4,crops/glucose/glucose_08_c5/glucose_08_c5_wF04.png,3
glucose_08_c5_wF05,glucose_08_c5,glucose,8,5.0,F05,6,5,crops/glucose/glucose_08_c5/glucose_08_c5_wF05.png,2
glucose_08_c5_wF06,glucose_08_c5,glucose,8,5.0,F06,6,6,crops/glucose/glucose_08_c5/glucose_08_c5_wF06.png,2
glucose_08_c5_wF07,glucose_08_c5,glucose,8,5.0,F07,6,7,crops/glucose/glucose_08_c5/glucose_08_c5_wF07.png,4
glucose_08_c5_wF08,glucose_08_c5,glucose,8,5.0,F08,6,8,crops/glucose/glucose_08_c5/glucose_08_c5_wF08.png,4
glucose_08_c5_wF09,glucose_08_c5,glucose,8,5.0,F09,6,9,crops/glucose/glucose_08_c5/glucose_08_c5_wF09.png,4
glucose_08_c5_wF10,glucose_08_c5,glucose,8,5.0,F10,6,10,crops/glucose/glucose_08_c5/glucose_08_c5_wF10.png,2
glucose_08_c5_wF11,glucose_08_c5,glucose,8,5.0,F11,6,11,crops/glucose/glucose_08_c5/glucose_08_c5_wF11.png,4
glucose_08_c5_wF12,glucose_08_c5,glucose,8,5.0,F12,6,12,crops/glucose/glucose_08_c5/glucose_08_c5_wF12.png,1
glucose_08_c5_wG01,glucose_08_c5,glucose,8,5.0,G01,7,1,crops/glucose/glucose_08_c5/glucose_08_c5_wG01.png,4
glucose_08_c5_wG02,glucose_08_c5,glucose,8,5.0,G02,7,2,crops/glucose/glucose_08_c5/glucose_08_c5_wG02.png,3
glucose_08_c5_wG03,glucose_08_c5,glucose,8,5.0,G03,7,3,crops/glucose/glucose_08_c5/glucose_08_c5_wG03.png,2
glucose_08_c5_wG04,glucose_08_c5,glucose,8,5.0,G04,7,4,crops/glucose/glucose_08_c5/glucose_08_c5_wG04.png,3
glucose_08_c5_wG05,glucose_08_c5,glucose,8,5.0,G05,7,5,crops/glucose/glucose_08_c5/glucose_08_c5_wG05.png,4
glucose_08_c5_wG06,glucose_08_c5,glucose,8,5.0,G06,7,6,crops/glucose/glucose_08_c5/glucose_08_c5_wG06.png,1
glucose_08_c5_wG07,glucose_08_c5,glucose,8,5.0,G07,7,7,crops/glucose/glucose_08_c5/glucose_08_c5_wG07.png,3
glucose_08_c5_wG08,glucose_08_c5,glucose,8,5.0,G08,7,8,crops/glucose/glucose_08_c5/glucose_08_c5_wG08.png,3
glucose_08_c5_wG09,glucose_08_c5,glucose,8,5.0,G09,7,9,crops/glucose/glucose_08_c5/glucose_08_c5_wG09.png,1
glucose_08_c5_wG10,glucose_08_c5,glucose,8,5.0,G10,7,10,crops/glucose/glucose_08_c5/glucose_08_c5_wG10.png,5
glucose_08_c5_wG11,glucose_08_c5,glucose,8,5.0,G11,7,11,crops/glucose/glucose_08_c5/glucose_08_c5_wG11.png,1
glucose_08_c5_wG12,glucose_08_c5,glucose,8,5.0,G12,7,12,crops/glucose/glucose_08_c5/glucose_08_c5_wG12.png,1
glucose_08_c5_wH01,glucose_08_c5,glucose,8,5.0,H01,8,1,crops/glucose/glucose_08_c5/glucose_08_c5_wH01.png,2
glucose_08_c5_wH02,glucose_08_c5,glucose,8,5.0,H02,8,2,crops/glucose/glucose_08_c5/glucose_08_c5_wH02.png,2
glucose_08_c5_wH03,glucose_08_c5,glucose,8,5.0,H03,8,3,crops/glucose/glucose_08_c5/glucose_08_c5_wH03.png,5
glucose_08_c5_wH04,glucose_08_c5,glucose,8,5.0,H04,8,4,crops/glucose/glucose_08_c5/glucose_08_c5_wH04.png,2
glucose_08_c5_wH05,glucose_08_c5,glucose,8,5.0,H05,8,5,crops/glucose/glucose_08_c5/glucose_08_c5_wH05.png,1
glucose_08_c5_wH06,glucose_08_c5,glucose,8,5.0,H06,8,6,crops/glucose/glucose_08_c5/glucose_08_c5_wH06.png,2
glucose_08_c5_wH07,glucose_08_c5,glucose,8,5.0,H07,8,7,crops/glucose/glucose_08_c5/glucose_08_c5_wH07.png,4
glucose_08_c5_wH08,glucose_08_c5,glucose,8,5.0,H08,8,8,crops/glucose/glucose_08_c5/glucose_08_c5_wH08.png,5
glucose_08_c5_wH09,glucose_08_c5,glucose,8,5.0,H09,8,9,crops/glucose/glucose_08_c5/glucose_08_c5_wH09.png,3
glucose_08_c5_wH10,glucose_08_c5,glucose,8,5.0,H10,8,10,crops/glucose/glucose_08_c5/glucose_08_c5_wH10.png,3
glucose_08_c5_wH11,glucose_08_c5,glucose,8,5.0,H11,8,11,crops/glucose/glucose_08_c5/glucose_08_c5_wH11.png,5
glucose_08_c5_wH12,glucose_08_c5,glucose,8,5.0,H12,8,12,crops/glucose/glucose_08_c5/glucose_08_c5_wH12.png,3
glucose_09_c10_wA01,glucose_09_c10,glucose,9,10.0,A01,1,1,crops/glucose/glucose_09_c10/glucose_09_c10_wA01.png,4
glucose_09_c10_wA02,glucose_09_c10,glucose,9,10.0,A02,1,2,crops/glucose/glucose_09_c10/glucose_09_c10_wA02.png,4
glucose_09_c10_wA03,glucose_09_c10,glucose,9,10.0,A03,1,3,crops/glucose/glucose_09_c10/glucose_09_c10_wA03.png,4
glucose_09_c10_wA04,glucose_09_c10,glucose,9,10.0,A04,1,4,crops/glucose/glucose_09_c10/glucose_09_c10_wA04.png,2
glucose_09_c10_wA05,glucose_09_c10,glucose,9,10.0,A05,1,5,crops/glucose/glucose_09_c10/glucose_09_c10_wA05.png,5
glucose_09_c10_wA06,glucose_09_c10,glucose,9,10.0,A06,1,6,crops/glucose/glucose_09_c10/glucose_09_c10_wA06.png,1
glucose_09_c10_wA07,glucose_09_c10,glucose,9,10.0,A07,1,7,crops/glucose/glucose_09_c10/glucose_09_c10_wA07.png,3
glucose_09_c10_wA08,glucose_09_c10,glucose,9,10.0,A08,1,8,crops/glucose/glucose_09_c10/glucose_09_c10_wA08.png,3
glucose_09_c10_wA09,glucose_09_c10,glucose,9,10.0,A09,1,9,crops/glucose/glucose_09_c10/glucose_09_c10_wA09.png,5
glucose_09_c10_wA10,glucose_09_c10,glucose,9,10.0,A10,1,10,crops/glucose/glucose_09_c10/glucose_09_c10_wA10.png,3
glucose_09_c10_wA11,glucose_09_c10,glucose,9,10.0,A11,1,11,crops/glucose/glucose_09_c10/glucose_09_c10_wA11.png,1
glucose_09_c10_wA12,glucose_09_c10,glucose,9,10.0,A12,1,12,crops/glucose/glucose_09_c10/glucose_09_c10_wA12.png,1
glucose_09_c10_wB01,glucose_09_c10,glucose,9,10.0,B01,2,1,crops/glucose/glucose_09_c10/glucose_09_c10_wB01.png,3
glucose_09_c10_wB02,glucose_09_c10,glucose,9,10.0,B02,2,2,crops/glucose/glucose_09_c10/glucose_09_c10_wB02.png,5
glucose_09_c10_wB03,glucose_09_c10,glucose,9,10.0,B03,2,3,crops/glucose/glucose_09_c10/glucose_09_c10_wB03.png,4
glucose_09_c10_wB04,glucose_09_c10,glucose,9,10.0,B04,2,4,crops/glucose/glucose_09_c10/glucose_09_c10_wB04.png,2
glucose_09_c10_wB05,glucose_09_c10,glucose,9,10.0,B05,2,5,crops/glucose/glucose_09_c10/glucose_09_c10_wB05.png,5
glucose_09_c10_wB06,glucose_09_c10,glucose,9,10.0,B06,2,6,crops/glucose/glucose_09_c10/glucose_09_c10_wB06.png,4
glucose_09_c10_wB07,glucose_09_c10,glucose,9,10.0,B07,2,7,crops/glucose/glucose_09_c10/glucose_09_c10_wB07.png,4
glucose_09_c10_wB08,glucose_09_c10,glucose,9,10.0,B08,2,8,crops/glucose/glucose_09_c10/glucose_09_c10_wB08.png,2
glucose_09_c10_wB09,glucose_09_c10,glucose,9,10.0,B09,2,9,crops/glucose/glucose_09_c10/glucose_09_c10_wB09.png,5
glucose_09_c10_wB10,glucose_09_c10,glucose,9,10.0,B10,2,10,crops/glucose/glucose_09_c10/glucose_09_c10_wB10.png,2
glucose_09_c10_wB11,glucose_09_c10,glucose,9,10.0,B11,2,11,crops/glucose/glucose_09_c10/glucose_09_c10_wB11.png,3
glucose_09_c10_wB12,glucose_09_c10,glucose,9,10.0,B12,2,12,crops/glucose/glucose_09_c10/glucose_09_c10_wB12.png,2
glucose_09_c10_wC01,glucose_09_c10,glucose,9,10.0,C01,3,1,crops/glucose/glucose_09_c10/glucose_09_c10_wC01.png,1
glucose_09_c10_wC02,glucose_09_c10,glucose,9,10.0,C02,3,2,crops/glucose/glucose_09_c10/glucose_09_c10_wC02.png,3
glucose_09_c10_wC03,glucose_09_c10,glucose,9,10.0,C03,3,3,crops/glucose/glucose_09_c10/glucose_09_c10_wC03.png,1
glucose_09_c10_wC04,glucose_09_c10,glucose,9,10.0,C04,3,4,crops/glucose/glucose_09_c10/glucose_09_c10_wC04.png,2
glucose_09_c10_wC05,glucose_09_c10,glucose,9,10.0,C05,3,5,crops/glucose/glucose_09_c10/glucose_09_c10_wC05.png,3
glucose_09_c10_wC06,glucose_09_c10,glucose,9,10.0,C06,3,6,crops/glucose/glucose_09_c10/glucose_09_c10_wC06.png,4
glucose_09_c10_wC07,glucose_09_c10,glucose,9,10.0,C07,3,7,crops/glucose/glucose_09_c10/glucose_09_c10_wC07.png,4
glucose_09_c10_wC08,glucose_09_c10,glucose,9,10.0,C08,3,8,crops/glucose/glucose_09_c10/glucose_09_c10_wC08.png,2
glucose_09_c10_wC09,glucose_09_c10,glucose,9,10.0,C09,3,9,crops/glucose/glucose_09_c10/glucose_09_c10_wC09.png,1
glucose_09_c10_wC10,glucose_09_c10,glucose,9,10.0,C10,3,10,crops/glucose/glucose_09_c10/glucose_09_c10_wC10.png,3
glucose_09_c10_wC11,glucose_09_c10,glucose,9,10.0,C11,3,11,crops/glucose/glucose_09_c10/glucose_09_c10_wC11.png,5
glucose_09_c10_wC12,glucose_09_c10,glucose,9,10.0,C12,3,12,crops/glucose/glucose_09_c10/glucose_09_c10_wC12.png,2
glucose_09_c10_wD01,glucose_09_c10,glucose,9,10.0,D01,4,1,crops/glucose/glucose_09_c10/glucose_09_c10_wD01.png,5
glucose_09_c10_wD02,glucose_09_c10,glucose,9,10.0,D02,4,2,crops/glucose/glucose_09_c10/glucose_09_c10_wD02.png,1
glucose_09_c10_wD03,glucose_09_c10,glucose,9,10.0,D03,4,3,crops/glucose/glucose_09_c10/glucose_09_c10_wD03.png,1
glucose_09_c10_wD04,glucose_09_c10,glucose,9,10.0,D04,4,4,crops/glucose/glucose_09_c10/glucose_09_c10_wD04.png,5
glucose_09_c10_wD05,glucose_09_c10,glucose,9,10.0,D05,4,5,crops/glucose/glucose_09_c10/glucose_09_c10_wD05.png,3
glucose_09_c10_wD06,glucose_09_c10,glucose,9,10.0,D06,4,6,crops/glucose/glucose_09_c10/glucose_09_c10_wD06.png,5
glucose_09_c10_wD07,glucose_09_c10,glucose,9,10.0,D07,4,7,crops/glucose/glucose_09_c10/glucose_09_c10_wD07.png,2
glucose_09_c10_wD08,glucose_09_c10,glucose,9,10.0,D08,4,8,crops/glucose/glucose_09_c10/glucose_09_c10_wD08.png,5
glucose_09_c10_wD09,glucose_09_c10,glucose,9,10.0,D09,4,9,crops/glucose/glucose_09_c10/glucose_09_c10_wD09.png,3
glucose_09_c10_wD10,glucose_09_c10,glucose,9,10.0,D10,4,10,crops/glucose/glucose_09_c10/glucose_09_c10_wD10.png,3
glucose_09_c10_wD11,glucose_09_c10,glucose,9,10.0,D11,4,11,crops/glucose/glucose_09_c10/glucose_09_c10_wD11.png,4
glucose_09_c10_wD12,glucose_09_c10,glucose,9,10.0,D12,4,12,crops/glucose/glucose_09_c10/glucose_09_c10_wD12.png,4
glucose_09_c10_wE01,glucose_09_c10,glucose,9,10.0,E01,5,1,crops/glucose/glucose_09_c10/glucose_09_c10_wE01.png,5
glucose_09_c10_wE02,glucose_09_c10,glucose,9,10.0,E02,5,2,crops/glucose/glucose_09_c10/glucose_09_c10_wE02.png,1
glucose_09_c10_wE03,glucose_09_c10,glucose,9,10.0,E03,5,3,crops/glucose/glucose_09_c10/glucose_09_c10_wE03.png,1
glucose_09_c10_wE04,glucose_09_c10,glucose,9,10.0,E04,5,4,crops/glucose/glucose_09_c10/glucose_09_c10_wE04.png,4
glucose_09_c10_wE05,glucose_09_c10,glucose,9,10.0,E05,5,5,crops/glucose/glucose_09_c10/glucose_09_c10_wE05.png,5
glucose_09_c10_wE06,glucose_09_c10,glucose,9,10.0,E06,5,6,crops/glucose/glucose_09_c10/glucose_09_c10_wE06.png,5
glucose_09_c10_wE07,glucose_09_c10,glucose,9,10.0,E07,5,7,crops/glucose/glucose_09_c10/glucose_09_c10_wE07.png,2
glucose_09_c10_wE08,glucose_09_c10,glucose,9,10.0,E08,5,8,crops/glucose/glucose_09_c10/glucose_09_c10_wE08.png,1
glucose_09_c10_wE09,glucose_09_c10,glucose,9,10.0,E09,5,9,crops/glucose/glucose_09_c10/glucose_09_c10_wE09.png,5
glucose_09_c10_wE10,glucose_09_c10,glucose,9,10.0,E10,5,10,crops/glucose/glucose_09_c10/glucose_09_c10_wE10.png,1
glucose_09_c10_wE11,glucose_09_c10,glucose,9,10.0,E11,5,11,crops/glucose/glucose_09_c10/glucose_09_c10_wE11.png,1
glucose_09_c10_wE12,glucose_09_c10,glucose,9,10.0,E12,5,12,crops/glucose/glucose_09_c10/glucose_09_c10_wE12.png,4
glucose_09_c10_wF01,glucose_09_c10,glucose,9,10.0,F01,6,1,crops/glucose/glucose_09_c10/glucose_09_c10_wF01.png,1
glucose_09_c10_wF02,glucose_09_c10,glucose,9,10.0,F02,6,2,crops/glucose/glucose_09_c10/glucose_09_c10_wF02.png,2
glucose_09_c10_wF03,glucose_09_c10,glucose,9,10.0,F03,6,3,crops/glucose/glucose_09_c10/glucose_09_c10_wF03.png,5
glucose_09_c10_wF04,glucose_09_c10,glucose,9,10.0,F04,6,4,crops/glucose/glucose_09_c10/glucose_09_c10_wF04.png,3
glucose_09_c10_wF05,glucose_09_c10,glucose,9,10.0,F05,6,5,crops/glucose/glucose_09_c10/glucose_09_c10_wF05.png,2
glucose_09_c10_wF06,glucose_09_c10,glucose,9,10.0,F06,6,6,crops/glucose/glucose_09_c10/glucose_09_c10_wF06.png,2
glucose_09_c10_wF07,glucose_09_c10,glucose,9,10.0,F07,6,7,crops/glucose/glucose_09_c10/glucose_09_c10_wF07.png,4
glucose_09_c10_wF08,glucose_09_c10,glucose,9,10.0,F08,6,8,crops/glucose/glucose_09_c10/glucose_09_c10_wF08.png,4
glucose_09_c10_wF09,glucose_09_c10,glucose,9,10.0,F09,6,9,crops/glucose/glucose_09_c10/glucose_09_c10_wF09.png,4
glucose_09_c10_wF10,glucose_09_c10,glucose,9,10.0,F10,6,10,crops/glucose/glucose_09_c10/glucose_09_c10_wF10.png,2
glucose_09_c10_wF11,glucose_09_c10,glucose,9,10.0,F11,6,11,crops/glucose/glucose_09_c10/glucose_09_c10_wF11.png,4
glucose_09_c10_wF12,glucose_09_c10,glucose,9,10.0,F12,6,12,crops/glucose/glucose_09_c10/glucose_09_c10_wF12.png,1
glucose_09_c10_wG01,glucose_09_c10,glucose,9,10.0,G01,7,1,crops/glucose/glucose_09_c10/glucose_09_c10_wG01.png,4
glucose_09_c10_wG02,glucose_09_c10,glucose,9,10.0,G02,7,2,crops/glucose/glucose_09_c10/glucose_09_c10_wG02.png,3
glucose_09_c10_wG03,glucose_09_c10,glucose,9,10.0,G03,7,3,crops/glucose/glucose_09_c10/glucose_09_c10_wG03.png,2
glucose_09_c10_wG04,glucose_09_c10,glucose,9,10.0,G04,7,4,crops/glucose/glucose_09_c10/glucose_09_c10_wG04.png,3
glucose_09_c10_wG05,glucose_09_c10,glucose,9,10.0,G05,7,5,crops/glucose/glucose_09_c10/glucose_09_c10_wG05.png,4
glucose_09_c10_wG06,glucose_09_c10,glucose,9,10.0,G06,7,6,crops/glucose/glucose_09_c10/glucose_09_c10_wG06.png,1
glucose_09_c10_wG07,glucose_09_c10,glucose,9,10.0,G07,7,7,crops/glucose/glucose_09_c10/glucose_09_c10_wG07.png,3
glucose_09_c10_wG08,glucose_09_c10,glucose,9,10.0,G08,7,8,crops/glucose/glucose_09_c10/glucose_09_c10_wG08.png,3
glucose_09_c10_wG09,glucose_09_c10,glucose,9,10.0,G09,7,9,crops/glucose/glucose_09_c10/glucose_09_c10_wG09.png,1
glucose_09_c10_wG10,glucose_09_c10,glucose,9,10.0,G10,7,10,crops/glucose/glucose_09_c10/glucose_09_c10_wG10.png,5
glucose_09_c10_wG11,glucose_09_c10,glucose,9,10.0,G11,7,11,crops/glucose/glucose_09_c10/glucose_09_c10_wG11.png,1
glucose_09_c10_wG12,glucose_09_c10,glucose,9,10.0,G12,7,12,crops/glucose/glucose_09_c10/glucose_09_c10_wG12.png,1
glucose_09_c10_wH01,glucose_09_c10,glucose,9,10.0,H01,8,1,crops/glucose/glucose_09_c10/glucose_09_c10_wH01.png,2
glucose_09_c10_wH02,glucose_09_c10,glucose,9,10.0,H02,8,2,crops/glucose/glucose_09_c10/glucose_09_c10_wH02.png,2
glucose_09_c10_wH03,glucose_09_c10,glucose,9,10.0,H03,8,3,crops/glucose/glucose_09_c10/glucose_09_c10_wH03.png,5
glucose_09_c10_wH04,glucose_09_c10,glucose,9,10.0,H04,8,4,crops/glucose/glucose_09_c10/glucose_09_c10_wH04.png,2
glucose_09_c10_wH05,glucose_09_c10,glucose,9,10.0,H05,8,5,crops/glucose/glucose_09_c10/glucose_09_c10_wH05.png,1
glucose_09_c10_wH06,glucose_09_c10,glucose,9,10.0,H06,8,6,crops/glucose/glucose_09_c10/glucose_09_c10_wH06.png,2
glucose_09_c10_wH07,glucose_09_c10,glucose,9,10.0,H07,8,7,crops/glucose/glucose_09_c10/glucose_09_c10_wH07.png,4
glucose_09_c10_wH08,glucose_09_c10,glucose,9,10.0,H08,8,8,crops/glucose/glucose_09_c10/glucose_09_c10_wH08.png,5
glucose_09_c10_wH09,glucose_09_c10,glucose,9,10.0,H09,8,9,crops/glucose/glucose_09_c10/glucose_09_c10_wH09.png,3
glucose_09_c10_wH10,glucose_09_c10,glucose,9,10.0,H10,8,10,crops/glucose/glucose_09_c10/glucose_09_c10_wH10.png,3
glucose_09_c10_wH11,glucose_09_c10,glucose,9,10.0,H11,8,11,crops/glucose/glucose_09_c10/glucose_09_c10_wH11.png,5
glucose_09_c10_wH12,glucose_09_c10,glucose,9,10.0,H12,8,12,crops/glucose/glucose_09_c10/glucose_09_c10_wH12.png,3
glucose_10_c15_wA01,glucose_10_c15,glucose,10,15.0,A01,1,1,crops/glucose/glucose_10_c15/glucose_10_c15_wA01.png,4
glucose_10_c15_wA02,glucose_10_c15,glucose,10,15.0,A02,1,2,crops/glucose/glucose_10_c15/glucose_10_c15_wA02.png,4
glucose_10_c15_wA03,glucose_10_c15,glucose,10,15.0,A03,1,3,crops/glucose/glucose_10_c15/glucose_10_c15_wA03.png,4
glucose_10_c15_wA04,glucose_10_c15,glucose,10,15.0,A04,1,4,crops/glucose/glucose_10_c15/glucose_10_c15_wA04.png,2
glucose_10_c15_wA05,glucose_10_c15,glucose,10,15.0,A05,1,5,crops/glucose/glucose_10_c15/glucose_10_c15_wA05.png,5
glucose_10_c15_wA06,glucose_10_c15,glucose,10,15.0,A06,1,6,crops/glucose/glucose_10_c15/glucose_10_c15_wA06.png,1
glucose_10_c15_wA07,glucose_10_c15,glucose,10,15.0,A07,1,7,crops/glucose/glucose_10_c15/glucose_10_c15_wA07.png,3
glucose_10_c15_wA08,glucose_10_c15,glucose,10,15.0,A08,1,8,crops/glucose/glucose_10_c15/glucose_10_c15_wA08.png,3
glucose_10_c15_wA09,glucose_10_c15,glucose,10,15.0,A09,1,9,crops/glucose/glucose_10_c15/glucose_10_c15_wA09.png,5
glucose_10_c15_wA10,glucose_10_c15,glucose,10,15.0,A10,1,10,crops/glucose/glucose_10_c15/glucose_10_c15_wA10.png,3
glucose_10_c15_wA11,glucose_10_c15,glucose,10,15.0,A11,1,11,crops/glucose/glucose_10_c15/glucose_10_c15_wA11.png,1
glucose_10_c15_wA12,glucose_10_c15,glucose,10,15.0,A12,1,12,crops/glucose/glucose_10_c15/glucose_10_c15_wA12.png,1
glucose_10_c15_wB01,glucose_10_c15,glucose,10,15.0,B01,2,1,crops/glucose/glucose_10_c15/glucose_10_c15_wB01.png,3
glucose_10_c15_wB02,glucose_10_c15,glucose,10,15.0,B02,2,2,crops/glucose/glucose_10_c15/glucose_10_c15_wB02.png,5
glucose_10_c15_wB03,glucose_10_c15,glucose,10,15.0,B03,2,3,crops/glucose/glucose_10_c15/glucose_10_c15_wB03.png,4
glucose_10_c15_wB04,glucose_10_c15,glucose,10,15.0,B04,2,4,crops/glucose/glucose_10_c15/glucose_10_c15_wB04.png,2
glucose_10_c15_wB05,glucose_10_c15,glucose,10,15.0,B05,2,5,crops/glucose/glucose_10_c15/glucose_10_c15_wB05.png,5
glucose_10_c15_wB06,glucose_10_c15,glucose,10,15.0,B06,2,6,crops/glucose/glucose_10_c15/glucose_10_c15_wB06.png,4
glucose_10_c15_wB07,glucose_10_c15,glucose,10,15.0,B07,2,7,crops/glucose/glucose_10_c15/glucose_10_c15_wB07.png,4
glucose_10_c15_wB08,glucose_10_c15,glucose,10,15.0,B08,2,8,crops/glucose/glucose_10_c15/glucose_10_c15_wB08.png,2
glucose_10_c15_wB09,glucose_10_c15,glucose,10,15.0,B09,2,9,crops/glucose/glucose_10_c15/glucose_10_c15_wB09.png,5
glucose_10_c15_wB10,glucose_10_c15,glucose,10,15.0,B10,2,10,crops/glucose/glucose_10_c15/glucose_10_c15_wB10.png,2
glucose_10_c15_wB11,glucose_10_c15,glucose,10,15.0,B11,2,11,crops/glucose/glucose_10_c15/glucose_10_c15_wB11.png,3
glucose_10_c15_wB12,glucose_10_c15,glucose,10,15.0,B12,2,12,crops/glucose/glucose_10_c15/glucose_10_c15_wB12.png,2
glucose_10_c15_wC01,glucose_10_c15,glucose,10,15.0,C01,3,1,crops/glucose/glucose_10_c15/glucose_10_c15_wC01.png,1
glucose_10_c15_wC02,glucose_10_c15,glucose,10,15.0,C02,3,2,crops/glucose/glucose_10_c15/glucose_10_c15_wC02.png,3
glucose_10_c15_wC03,glucose_10_c15,glucose,10,15.0,C03,3,3,crops/glucose/glucose_10_c15/glucose_10_c15_wC03.png,1
glucose_10_c15_wC04,glucose_10_c15,glucose,10,15.0,C04,3,4,crops/glucose/glucose_10_c15/glucose_10_c15_wC04.png,2
glucose_10_c15_wC05,glucose_10_c15,glucose,10,15.0,C05,3,5,crops/glucose/glucose_10_c15/glucose_10_c15_wC05.png,3
glucose_10_c15_wC06,glucose_10_c15,glucose,10,15.0,C06,3,6,crops/glucose/glucose_10_c15/glucose_10_c15_wC06.png,4
glucose_10_c15_wC07,glucose_10_c15,glucose,10,15.0,C07,3,7,crops/glucose/glucose_10_c15/glucose_10_c15_wC07.png,4
glucose_10_c15_wC08,glucose_10_c15,glucose,10,15.0,C08,3,8,crops/glucose/glucose_10_c15/glucose_10_c15_wC08.png,2
glucose_10_c15_wC09,glucose_10_c15,glucose,10,15.0,C09,3,9,crops/glucose/glucose_10_c15/glucose_10_c15_wC09.png,1
glucose_10_c15_wC10,glucose_10_c15,glucose,10,15.0,C10,3,10,crops/glucose/glucose_10_c15/glucose_10_c15_wC10.png,3
glucose_10_c15_wC11,glucose_10_c15,glucose,10,15.0,C11,3,11,crops/glucose/glucose_10_c15/glucose_10_c15_wC11.png,5
glucose_10_c15_wC12,glucose_10_c15,glucose,10,15.0,C12,3,12,crops/glucose/glucose_10_c15/glucose_10_c15_wC12.png,2
glucose_10_c15_wD01,glucose_10_c15,glucose,10,15.0,D01,4,1,crops/glucose/glucose_10_c15/glucose_10_c15_wD01.png,5
glucose_10_c15_wD02,glucose_10_c15,glucose,10,15.0,D02,4,2,crops/glucose/glucose_10_c15/glucose_10_c15_wD02.png,1
glucose_10_c15_wD03,glucose_10_c15,glucose,10,15.0,D03,4,3,crops/glucose/glucose_10_c15/glucose_10_c15_wD03.png,1
glucose_10_c15_wD04,glucose_10_c15,glucose,10,15.0,D04,4,4,crops/glucose/glucose_10_c15/glucose_10_c15_wD04.png,5
glucose_10_c15_wD05,glucose_10_c15,glucose,10,15.0,D05,4,5,crops/glucose/glucose_10_c15/glucose_10_c15_wD05.png,3
glucose_10_c15_wD06,glucose_10_c15,glucose,10,15.0,D06,4,6,crops/glucose/glucose_10_c15/glucose_10_c15_wD06.png,5
glucose_10_c15_wD07,glucose_10_c15,glucose,10,15.0,D07,4,7,crops/glucose/glucose_10_c15/glucose_10_c15_wD07.png,2
glucose_10_c15_wD08,glucose_10_c15,glucose,10,15.0,D08,4,8,crops/glucose/glucose_10_c15/glucose_10_c15_wD08.png,5
glucose_10_c15_wD09,glucose_10_c15,glucose,10,15.0,D09,4,9,crops/glucose/glucose_10_c15/glucose_10_c15_wD09.png,3
glucose_10_c15_wD10,glucose_10_c15,glucose,10,15.0,D10,4,10,crops/glucose/glucose_10_c15/glucose_10_c15_wD10.png,3
glucose_10_c15_wD11,glucose_10_c15,glucose,10,15.0,D11,4,11,crops/glucose/glucose_10_c15/glucose_10_c15_wD11.png,4
glucose_10_c15_wD12,glucose_10_c15,glucose,10,15.0,D12,4,12,crops/glucose/glucose_10_c15/glucose_10_c15_wD12.png,4
glucose_10_c15_wE01,glucose_10_c15,glucose,10,15.0,E01,5,1,crops/glucose/glucose_10_c15/glucose_10_c15_wE01.png,5
glucose_10_c15_wE02,glucose_10_c15,glucose,10,15.0,E02,5,2,crops/glucose/glucose_10_c15/glucose_10_c15_wE02.png,1
glucose_10_c15_wE03,glucose_10_c15,glucose,10,15.0,E03,5,3,crops/glucose/glucose_10_c15/glucose_10_c15_wE03.png,1
glucose_10_c15_wE04,glucose_10_c15,glucose,10,15.0,E04,5,4,crops/glucose/glucose_10_c15/glucose_10_c15_wE04.png,4
glucose_10_c15_wE05,glucose_10_c15,glucose,10,15.0,E05,5,5,crops/glucose/glucose_10_c15/glucose_10_c15_wE05.png,5
glucose_10_c15_wE06,glucose_10_c15,glucose,10,15.0,E06,5,6,crops/glucose/glucose_10_c15/glucose_10_c15_wE06.png,5
glucose_10_c15_wE07,glucose_10_c15,glucose,10,15.0,E07,5,7,crops/glucose/glucose_10_c15/glucose_10_c15_wE07.png,2
glucose_10_c15_wE08,glucose_10_c15,glucose,10,15.0,E08,5,8,crops/glucose/glucose_10_c15/glucose_10_c15_wE08.png,1
glucose_10_c15_wE09,glucose_10_c15,glucose,10,15.0,E09,5,9,crops/glucose/glucose_10_c15/glucose_10_c15_wE09.png,5
glucose_10_c15_wE10,glucose_10_c15,glucose,10,15.0,E10,5,10,crops/glucose/glucose_10_c15/glucose_10_c15_wE10.png,1
glucose_10_c15_wE11,glucose_10_c15,glucose,10,15.0,E11,5,11,crops/glucose/glucose_10_c15/glucose_10_c15_wE11.png,1
glucose_10_c15_wE12,glucose_10_c15,glucose,10,15.0,E12,5,12,crops/glucose/glucose_10_c15/glucose_10_c15_wE12.png,4
glucose_10_c15_wF01,glucose_10_c15,glucose,10,15.0,F01,6,1,crops/glucose/glucose_10_c15/glucose_10_c15_wF01.png,1
glucose_10_c15_wF02,glucose_10_c15,glucose,10,15.0,F02,6,2,crops/glucose/glucose_10_c15/glucose_10_c15_wF02.png,2
glucose_10_c15_wF03,glucose_10_c15,glucose,10,15.0,F03,6,3,crops/glucose/glucose_10_c15/glucose_10_c15_wF03.png,5
glucose_10_c15_wF04,glucose_10_c15,glucose,10,15.0,F04,6,4,crops/glucose/glucose_10_c15/glucose_10_c15_wF04.png,3
glucose_10_c15_wF05,glucose_10_c15,glucose,10,15.0,F05,6,5,crops/glucose/glucose_10_c15/glucose_10_c15_wF05.png,2
glucose_10_c15_wF06,glucose_10_c15,glucose,10,15.0,F06,6,6,crops/glucose/glucose_10_c15/glucose_10_c15_wF06.png,2
glucose_10_c15_wF07,glucose_10_c15,glucose,10,15.0,F07,6,7,crops/glucose/glucose_10_c15/glucose_10_c15_wF07.png,4
glucose_10_c15_wF08,glucose_10_c15,glucose,10,15.0,F08,6,8,crops/glucose/glucose_10_c15/glucose_10_c15_wF08.png,4
glucose_10_c15_wF09,glucose_10_c15,glucose,10,15.0,F09,6,9,crops/glucose/glucose_10_c15/glucose_10_c15_wF09.png,4
glucose_10_c15_wF10,glucose_10_c15,glucose,10,15.0,F10,6,10,crops/glucose/glucose_10_c15/glucose_10_c15_wF10.png,2
glucose_10_c15_wF11,glucose_10_c15,glucose,10,15.0,F11,6,11,crops/glucose/glucose_10_c15/glucose_10_c15_wF11.png,4
glucose_10_c15_wF12,glucose_10_c15,glucose,10,15.0,F12,6,12,crops/glucose/glucose_10_c15/glucose_10_c15_wF12.png,1
glucose_10_c15_wG01,glucose_10_c15,glucose,10,15.0,G01,7,1,crops/glucose/glucose_10_c15/glucose_10_c15_wG01.png,4
glucose_10_c15_wG02,glucose_10_c15,glucose,10,15.0,G02,7,2,crops/glucose/glucose_10_c15/glucose_10_c15_wG02.png,3
glucose_10_c15_wG03,glucose_10_c15,glucose,10,15.0,G03,7,3,crops/glucose/glucose_10_c15/glucose_10_c15_wG03.png,2
glucose_10_c15_wG04,glucose_10_c15,glucose,10,15.0,G04,7,4,crops/glucose/glucose_10_c15/glucose_10_c15_wG04.png,3
glucose_10_c15_wG05,glucose_10_c15,glucose,10,15.0,G05,7,5,crops/glucose/glucose_10_c15/glucose_10_c15_wG05.png,4
glucose_10_c15_wG06,glucose_10_c15,glucose,10,15.0,G06,7,6,crops/glucose/glucose_10_c15/glucose_10_c15_wG06.png,1
glucose_10_c15_wG07,glucose_10_c15,glucose,10,15.0,G07,7,7,crops/glucose/glucose_10_c15/glucose_10_c15_wG07.png,3
glucose_10_c15_wG08,glucose_10_c15,glucose,10,15.0,G08,7,8,crops/glucose/glucose_10_c15/glucose_10_c15_wG08.png,3
glucose_10_c15_wG09,glucose_10_c15,glucose,10,15.0,G09,7,9,crops/glucose/glucose_10_c15/glucose_10_c15_wG09.png,1
glucose_10_c15_wG10,glucose_10_c15,glucose,10,15.0,G10,7,10,crops/glucose/glucose_10_c15/glucose_10_c15_wG10.png,5
glucose_10_c15_wG11,glucose_10_c15,glucose,10,15.0,G11,7,11,crops/glucose/glucose_10_c15/glucose_10_c15_wG11.png,1
glucose_10_c15_wG12,glucose_10_c15,glucose,10,15.0,G12,7,12,crops/glucose/glucose_10_c15/glucose_10_c15_wG12.png,1
glucose_10_c15_wH01,glucose_10_c15,glucose,10,15.0,H01,8,1,crops/glucose/glucose_10_c15/glucose_10_c15_wH01.png,2
glucose_10_c15_wH02,glucose_10_c15,glucose,10,15.0,H02,8,2,crops/glucose/glucose_10_c15/glucose_10_c15_wH02.png,2
glucose_10_c15_wH03,glucose_10_c15,glucose,10,15.0,H03,8,3,crops/glucose/glucose_10_c15/glucose_10_c15_wH03.png,5
glucose_10_c15_wH04,glucose_10_c15,glucose,10,15.0,H04,8,4,crops/glucose/glucose_10_c15/glucose_10_c15_wH04.png,2
glucose_10_c15_wH05,glucose_10_c15,glucose,10,15.0,H05,8,5,crops/glucose/glucose_10_c15/glucose_10_c15_wH05.png,1
glucose_10_c15_wH06,glucose_10_c15,glucose,10,15.0,H06,8,6,crops/glucose/glucose_10_c15/glucose_10_c15_wH06.png,2
glucose_10_c15_wH07,glucose_10_c15,glucose,10,15.0,H07,8,7,crops/glucose/glucose_10_c15/glucose_10_c15_wH07.png,4
glucose_10_c15_wH08,glucose_10_c15,glucose,10,15.0,H08,8,8,crops/glucose/glucose_10_c15/glucose_10_c15_wH08.png,5
glucose_10_c15_wH09,glucose_10_c15,glucose,10,15.0,H09,8,9,crops/glucose/glucose_10_c15/glucose_10_c15_wH09.png,3
glucose_10_c15_wH10,glucose_10_c15,glucose,10,15.0,H10,8,10,crops/glucose/glucose_10_c15/glucose_10_c15_wH10.png,3
glucose_10_c15_wH11,glucose_10_c15,glucose,10,15.0,H11,8,11,crops/glucose/glucose_10_c15/glucose_10_c15_wH11.png,5
glucose_10_c15_wH12,glucose_10_c15,glucose,10,15.0,H12,8,12,crops/glucose/glucose_10_c15/glucose_10_c15_wH12.png,3
glucose_11_c20_wA01,glucose_11_c20,glucose,11,20.0,A01,1,1,crops/glucose/glucose_11_c20/glucose_11_c20_wA01.png,4
glucose_11_c20_wA02,glucose_11_c20,glucose,11,20.0,A02,1,2,crops/glucose/glucose_11_c20/glucose_11_c20_wA02.png,4
glucose_11_c20_wA03,glucose_11_c20,glucose,11,20.0,A03,1,3,crops/glucose/glucose_11_c20/glucose_11_c20_wA03.png,4
glucose_11_c20_wA04,glucose_11_c20,glucose,11,20.0,A04,1,4,crops/glucose/glucose_11_c20/glucose_11_c20_wA04.png,2
glucose_11_c20_wA05,glucose_11_c20,glucose,11,20.0,A05,1,5,crops/glucose/glucose_11_c20/glucose_11_c20_wA05.png,5
glucose_11_c20_wA06,glucose_11_c20,glucose,11,20.0,A06,1,6,crops/glucose/glucose_11_c20/glucose_11_c20_wA06.png,1
glucose_11_c20_wA07,glucose_11_c20,glucose,11,20.0,A07,1,7,crops/glucose/glucose_11_c20/glucose_11_c20_wA07.png,3
glucose_11_c20_wA08,glucose_11_c20,glucose,11,20.0,A08,1,8,crops/glucose/glucose_11_c20/glucose_11_c20_wA08.png,3
glucose_11_c20_wA09,glucose_11_c20,glucose,11,20.0,A09,1,9,crops/glucose/glucose_11_c20/glucose_11_c20_wA09.png,5
glucose_11_c20_wA10,glucose_11_c20,glucose,11,20.0,A10,1,10,crops/glucose/glucose_11_c20/glucose_11_c20_wA10.png,3
glucose_11_c20_wA11,glucose_11_c20,glucose,11,20.0,A11,1,11,crops/glucose/glucose_11_c20/glucose_11_c20_wA11.png,1
glucose_11_c20_wA12,glucose_11_c20,glucose,11,20.0,A12,1,12,crops/glucose/glucose_11_c20/glucose_11_c20_wA12.png,1
glucose_11_c20_wB01,glucose_11_c20,glucose,11,20.0,B01,2,1,crops/glucose/glucose_11_c20/glucose_11_c20_wB01.png,3
glucose_11_c20_wB02,glucose_11_c20,glucose,11,20.0,B02,2,2,crops/glucose/glucose_11_c20/glucose_11_c20_wB02.png,5
glucose_11_c20_wB03,glucose_11_c20,glucose,11,20.0,B03,2,3,crops/glucose/glucose_11_c20/glucose_11_c20_wB03.png,4
glucose_11_c20_wB04,glucose_11_c20,glucose,11,20.0,B04,2,4,crops/glucose/glucose_11_c20/glucose_11_c20_wB04.png,2
glucose_11_c20_wB05,glucose_11_c20,glucose,11,20.0,B05,2,5,crops/glucose/glucose_11_c20/glucose_11_c20_wB05.png,5
glucose_11_c20_wB06,glucose_11_c20,glucose,11,20.0,B06,2,6,crops/glucose/glucose_11_c20/glucose_11_c20_wB06.png,4
glucose_11_c20_wB07,glucose_11_c20,glucose,11,20.0,B07,2,7,crops/glucose/glucose_11_c20/glucose_11_c20_wB07.png,4
glucose_11_c20_wB08,glucose_11_c20,glucose,11,20.0,B08,2,8,crops/glucose/glucose_11_c20/glucose_11_c20_wB08.png,2
glucose_11_c20_wB09,glucose_11_c20,glucose,11,20.0,B09,2,9,crops/glucose/glucose_11_c20/glucose_11_c20_wB09.png,5
glucose_11_c20_wB10,glucose_11_c20,glucose,11,20.0,B10,2,10,crops/glucose/glucose_11_c20/glucose_11_c20_wB10.png,2
glucose_11_c20_wB11,glucose_11_c20,glucose,11,20.0,B11,2,11,crops/glucose/glucose_11_c20/glucose_11_c20_wB11.png,3
glucose_11_c20_wB12,glucose_11_c20,glucose,11,20.0,B12,2,12,crops/glucose/glucose_11_c20/glucose_11_c20_wB12.png,2
glucose_11_c20_wC01,glucose_11_c20,glucose,11,20.0,C01,3,1,crops/glucose/glucose_11_c20/glucose_11_c20_wC01.png,1
glucose_11_c20_wC02,glucose_11_c20,glucose,11,20.0,C02,3,2,crops/glucose/glucose_11_c20/glucose_11_c20_wC02.png,3
glucose_11_c20_wC03,glucose_11_c20,glucose,11,20.0,C03,3,3,crops/glucose/glucose_11_c20/glucose_11_c20_wC03.png,1
glucose_11_c20_wC04,glucose_11_c20,glucose,11,20.0,C04,3,4,crops/glucose/glucose_11_c20/glucose_11_c20_wC04.png,2
glucose_11_c20_wC05,glucose_11_c20,glucose,11,20.0,C05,3,5,crops/glucose/glucose_11_c20/glucose_11_c20_wC05.png,3
glucose_11_c20_wC06,glucose_11_c20,glucose,11,20.0,C06,3,6,crops/glucose/glucose_11_c20/glucose_11_c20_wC06.png,4
glucose_11_c20_wC07,glucose_11_c20,glucose,11,20.0,C07,3,7,crops/glucose/glucose_11_c20/glucose_11_c20_wC07.png,4
glucose_11_c20_wC08,glucose_11_c20,glucose,11,20.0,C08,3,8,crops/glucose/glucose_11_c20/glucose_11_c20_wC08.png,2
glucose_11_c20_wC09,glucose_11_c20,glucose,11,20.0,C09,3,9,crops/glucose/glucose_11_c20/glucose_11_c20_wC09.png,1
glucose_11_c20_wC10,glucose_11_c20,glucose,11,20.0,C10,3,10,crops/glucose/glucose_11_c20/glucose_11_c20_wC10.png,3
glucose_11_c20_wC11,glucose_11_c20,glucose,11,20.0,C11,3,11,crops/glucose/glucose_11_c20/glucose_11_c20_wC11.png,5
glucose_11_c20_wC12,glucose_11_c20,glucose,11,20.0,C12,3,12,crops/glucose/glucose_11_c20/glucose_11_c20_wC12.png,2
glucose_11_c20_wD01,glucose_11_c20,glucose,11,20.0,D01,4,1,crops/glucose/glucose_11_c20/glucose_11_c20_wD01.png,5
glucose_11_c20_wD02,glucose_11_c20,glucose,11,20.0,D02,4,2,crops/glucose/glucose_11_c20/glucose_11_c20_wD02.png,1
glucose_11_c20_wD03,glucose_11_c20,glucose,11,20.0,D03,4,3,crops/glucose/glucose_11_c20/glucose_11_c20_wD03.png,1
glucose_11_c20_wD04,glucose_11_c20,glucose,11,20.0,D04,4,4,crops/glucose/glucose_11_c20/glucose_11_c20_wD04.png,5
glucose_11_c20_wD05,glucose_11_c20,glucose,11,20.0,D05,4,5,crops/glucose/glucose_11_c20/glucose_11_c20_wD05.png,3
glucose_11_c20_wD06,glucose_11_c20,glucose,11,20.0,D06,4,6,crops/glucose/glucose_11_c20/glucose_11_c20_wD06.png,5
glucose_11_c20_wD07,glucose_11_c20,glucose,11,20.0,D07,4,7,crops/glucose/glucose_11_c20/glucose_11_c20_wD07.png,2
glucose_11_c20_wD08,glucose_11_c20,glucose,11,20.0,D08,4,8,crops/glucose/glucose_11_c20/glucose_11_c20_wD08.png,5
glucose_11_c20_wD09,glucose_11_c20,glucose,11,20.0,D09,4,9,crops/glucose/glucose_11_c20/glucose_11_c20_wD09.png,3
glucose_11_c20_wD10,glucose_11_c20,glucose,11,20.0,D10,4,10,crops/glucose/glucose_11_c20/glucose_11_c20_wD10.png,3
glucose_11_c20_wD11,glucose_11_c20,glucose,11,20.0,D11,4,11,crops/glucose/glucose_11_c20/glucose_11_c20_wD11.png,4
glucose_11_c20_wD12,glucose_11_c20,glucose,11,20.0,D12,4,12,crops/glucose/glucose_11_c20/glucose_11_c20_wD12.png,4
glucose_11_c20_wE01,glucose_11_c20,glucose,11,20.0,E01,5,1,crops/glucose/glucose_11_c20/glucose_11_c20_wE01.png,5
glucose_11_c20_wE02,glucose_11_c20,glucose,11,20.0,E02,5,2,crops/glucose/glucose_11_c20/glucose_11_c20_wE02.png,1
glucose_11_c20_wE03,glucose_11_c20,glucose,11,20.0,E03,5,3,crops/glucose/glucose_11_c20/glucose_11_c20_wE03.png,1
glucose_11_c20_wE04,glucose_11_c20,glucose,11,20.0,E04,5,4,crops/glucose/glucose_11_c20/glucose_11_c20_wE04.png,4
glucose_11_c20_wE05,glucose_11_c20,glucose,11,20.0,E05,5,5,crops/glucose/glucose_11_c20/glucose_11_c20_wE05.png,5
glucose_11_c20_wE06,glucose_11_c20,glucose,11,20.0,E06,5,6,crops/glucose/glucose_11_c20/glucose_11_c20_wE06.png,5
glucose_11_c20_wE07,glucose_11_c20,glucose,11,20.0,E07,5,7,crops/glucose/glucose_11_c20/glucose_11_c20_wE07.png,2
glucose_11_c20_wE08,glucose_11_c20,glucose,11,20.0,E08,5,8,crops/glucose/glucose_11_c20/glucose_11_c20_wE08.png,1
glucose_11_c20_wE09,glucose_11_c20,glucose,11,20.0,E09,5,9,crops/glucose/glucose_11_c20/glucose_11_c20_wE09.png,5
glucose_11_c20_wE10,glucose_11_c20,glucose,11,20.0,E10,5,10,crops/glucose/glucose_11_c20/glucose_11_c20_wE10.png,1
glucose_11_c20_wE11,glucose_11_c20,glucose,11,20.0,E11,5,11,crops/glucose/glucose_11_c20/glucose_11_c20_wE11.png,1
glucose_11_c20_wE12,glucose_11_c20,glucose,11,20.0,E12,5,12,crops/glucose/glucose_11_c20/glucose_11_c20_wE12.png,4
glucose_11_c20_wF01,glucose_11_c20,glucose,11,20.0,F01,6,1,crops/glucose/glucose_11_c20/glucose_11_c20_wF01.png,1
glucose_11_c20_wF02,glucose_11_c20,glucose,11,20.0,F02,6,2,crops/glucose/glucose_11_c20/glucose_11_c20_wF02.png,2
glucose_11_c20_wF03,glucose_11_c20,glucose,11,20.0,F03,6,3,crops/glucose/glucose_11_c20/glucose_11_c20_wF03.png,5
glucose_11_c20_wF04,glucose_11_c20,glucose,11,20.0,F04,6,4,crops/glucose/glucose_11_c20/glucose_11_c20_wF04.png,3
glucose_11_c20_wF05,glucose_11_c20,glucose,11,20.0,F05,6,5,crops/glucose/glucose_11_c20/glucose_11_c20_wF05.png,2
glucose_11_c20_wF06,glucose_11_c20,glucose,11,20.0,F06,6,6,crops/glucose/glucose_11_c20/glucose_11_c20_wF06.png,2
glucose_11_c20_wF07,glucose_11_c20,glucose,11,20.0,F07,6,7,crops/glucose/glucose_11_c20/glucose_11_c20_wF07.png,4
glucose_11_c20_wF08,glucose_11_c20,glucose,11,20.0,F08,6,8,crops/glucose/glucose_11_c20/glucose_11_c20_wF08.png,4
glucose_11_c20_wF09,glucose_11_c20,glucose,11,20.0,F09,6,9,crops/glucose/glucose_11_c20/glucose_11_c20_wF09.png,4
glucose_11_c20_wF10,glucose_11_c20,glucose,11,20.0,F10,6,10,crops/glucose/glucose_11_c20/glucose_11_c20_wF10.png,2
glucose_11_c20_wF11,glucose_11_c20,glucose,11,20.0,F11,6,11,crops/glucose/glucose_11_c20/glucose_11_c20_wF11.png,4
glucose_11_c20_wF12,glucose_11_c20,glucose,11,20.0,F12,6,12,crops/glucose/glucose_11_c20/glucose_11_c20_wF12.png,1
glucose_11_c20_wG01,glucose_11_c20,glucose,11,20.0,G01,7,1,crops/glucose/glucose_11_c20/glucose_11_c20_wG01.png,4
glucose_11_c20_wG02,glucose_11_c20,glucose,11,20.0,G02,7,2,crops/glucose/glucose_11_c20/glucose_11_c20_wG02.png,3
glucose_11_c20_wG03,glucose_11_c20,glucose,11,20.0,G03,7,3,crops/glucose/glucose_11_c20/glucose_11_c20_wG03.png,2
glucose_11_c20_wG04,glucose_11_c20,glucose,11,20.0,G04,7,4,crops/glucose/glucose_11_c20/glucose_11_c20_wG04.png,3
glucose_11_c20_wG05,glucose_11_c20,glucose,11,20.0,G05,7,5,crops/glucose/glucose_11_c20/glucose_11_c20_wG05.png,4
glucose_11_c20_wG06,glucose_11_c20,glucose,11,20.0,G06,7,6,crops/glucose/glucose_11_c20/glucose_11_c20_wG06.png,1
glucose_11_c20_wG07,glucose_11_c20,glucose,11,20.0,G07,7,7,crops/glucose/glucose_11_c20/glucose_11_c20_wG07.png,3
glucose_11_c20_wG08,glucose_11_c20,glucose,11,20.0,G08,7,8,crops/glucose/glucose_11_c20/glucose_11_c20_wG08.png,3
glucose_11_c20_wG09,glucose_11_c20,glucose,11,20.0,G09,7,9,crops/glucose/glucose_11_c20/glucose_11_c20_wG09.png,1
glucose_11_c20_wG10,glucose_11_c20,glucose,11,20.0,G10,7,10,crops/glucose/glucose_11_c20/glucose_11_c20_wG10.png,5
glucose_11_c20_wG11,glucose_11_c20,glucose,11,20.0,G11,7,11,crops/glucose/glucose_11_c20/glucose_11_c20_wG11.png,1
glucose_11_c20_wG12,glucose_11_c20,glucose,11,20.0,G12,7,12,crops/glucose/glucose_11_c20/glucose_11_c20_wG12.png,1
glucose_11_c20_wH01,glucose_11_c20,glucose,11,20.0,H01,8,1,crops/glucose/glucose_11_c20/glucose_11_c20_wH01.png,2
glucose_11_c20_wH02,glucose_11_c20,glucose,11,20.0,H02,8,2,crops/glucose/glucose_11_c20/glucose_11_c20_wH02.png,2
glucose_11_c20_wH03,glucose_11_c20,glucose,11,20.0,H03,8,3,crops/glucose/glucose_11_c20/glucose_11_c20_wH03.png,5
glucose_11_c20_wH04,glucose_11_c20,glucose,11,20.0,H04,8,4,crops/glucose/glucose_11_c20/glucose_11_c20_wH04.png,2
glucose_11_c20_wH05,glucose_11_c20,glucose,11,20.0,H05,8,5,crops/glucose/glucose_11_c20/glucose_11_c20_wH05.png,1
glucose_11_c20_wH06,glucose_11_c20,glucose,11,20.0,H06,8,6,crops/glucose/glucose_11_c20/glucose_11_c20_wH06.png,2
glucose_11_c20_wH07,glucose_11_c20,glucose,11,20.0,H07,8,7,crops/glucose/glucose_11_c20/glucose_11_c20_wH07.png,4
glucose_11_c20_wH08,glucose_11_c20,glucose,11,20.0,H08,8,8,crops/glucose/glucose_11_c20/glucose_11_c20_wH08.png,5
glucose_11_c20_wH09,glucose_11_c20,glucose,11,20.0,H09,8,9,crops/glucose/glucose_11_c20/glucose_11_c20_wH09.png,3
glucose_11_c20_wH10,glucose_11_c20,glucose,11,20.0,H10,8,10,crops/glucose/glucose_11_c20/glucose_11_c20_wH10.png,3
glucose_11_c20_wH11,glucose_11_c20,glucose,11,20.0,H11,8,11,crops/glucose/glucose_11_c20/glucose_11_c20_wH11.png,5
glucose_11_c20_wH12,glucose_11_c20,glucose,11,20.0,H12,8,12,crops/glucose/glucose_11_c20/glucose_11_c20_wH12.png,3
ketone_01_c0_wA01,ketone_01_c0,ketone,1,0.0,A01,1,1,crops/ketone/ketone_01_c0/ketone_01_c0_wA01.png,4
ketone_01_c0_wA02,ketone_01_c0,ketone,1,0.0,A02,1,2,crops/ketone/ketone_01_c0/ketone_01_c0_wA02.png,4
ketone_01_c0_wA03,ketone_01_c0,ketone,1,0.0,A03,1,3,crops/ketone/ketone_01_c0/ketone_01_c0_wA03.png,4
ketone_01_c0_wA04,ketone_01_c0,ketone,1,0.0,A04,1,4,crops/ketone/ketone_01_c0/ketone_01_c0_wA04.png,2
ketone_01_c0_wA05,ketone_01_c0,ketone,1,0.0,A05,1,5,crops/ketone/ketone_01_c0/ketone_01_c0_wA05.png,5
ketone_01_c0_wA06,ketone_01_c0,ketone,1,0.0,A06,1,6,crops/ketone/ketone_01_c0/ketone_01_c0_wA06.png,1
ketone_01_c0_wA07,ketone_01_c0,ketone,1,0.0,A07,1,7,crops/ketone/ketone_01_c0/ketone_01_c0_wA07.png,3
ketone_01_c0_wA08,ketone_01_c0,ketone,1,0.0,A08,1,8,crops/ketone/ketone_01_c0/ketone_01_c0_wA08.png,3
ketone_01_c0_wA09,ketone_01_c0,ketone,1,0.0,A09,1,9,crops/ketone/ketone_01_c0/ketone_01_c0_wA09.png,5
ketone_01_c0_wA10,ketone_01_c0,ketone,1,0.0,A10,1,10,crops/ketone/ketone_01_c0/ketone_01_c0_wA10.png,3
ketone_01_c0_wA11,ketone_01_c0,ketone,1,0.0,A11,1,11,crops/ketone/ketone_01_c0/ketone_01_c0_wA11.png,1
ketone_01_c0_wA12,ketone_01_c0,ketone,1,0.0,A12,1,12,crops/ketone/ketone_01_c0/ketone_01_c0_wA12.png,1
ketone_01_c0_wB01,ketone_01_c0,ketone,1,0.0,B01,2,1,crops/ketone/ketone_01_c0/ketone_01_c0_wB01.png,3
ketone_01_c0_wB02,ketone_01_c0,ketone,1,0.0,B02,2,2,crops/ketone/ketone_01_c0/ketone_01_c0_wB02.png,5
ketone_01_c0_wB03,ketone_01_c0,ketone,1,0.0,B03,2,3,crops/ketone/ketone_01_c0/ketone_01_c0_wB03.png,4
ketone_01_c0_wB04,ketone_01_c0,ketone,1,0.0,B04,2,4,crops/ketone/ketone_01_c0/ketone_01_c0_wB04.png,2
ketone_01_c0_wB05,ketone_01_c0,ketone,1,0.0,B05,2,5,crops/ketone/ketone_01_c0/ketone_01_c0_wB05.png,5
ketone_01_c0_wB06,ketone_01_c0,ketone,1,0.0,B06,2,6,crops/ketone/ketone_01_c0/ketone_01_c0_wB06.png,4
ketone_01_c0_wB07,ketone_01_c0,ketone,1,0.0,B07,2,7,crops/ketone/ketone_01_c0/ketone_01_c0_wB07.png,4
ketone_01_c0_wB08,ketone_01_c0,ketone,1,0.0,B08,2,8,crops/ketone/ketone_01_c0/ketone_01_c0_wB08.png,2
ketone_01_c0_wB09,ketone_01_c0,ketone,1,0.0,B09,2,9,crops/ketone/ketone_01_c0/ketone_01_c0_wB09.png,5
ketone_01_c0_wB10,ketone_01_c0,ketone,1,0.0,B10,2,10,crops/ketone/ketone_01_c0/ketone_01_c0_wB10.png,2
ketone_01_c0_wB11,ketone_01_c0,ketone,1,0.0,B11,2,11,crops/ketone/ketone_01_c0/ketone_01_c0_wB11.png,3
ketone_01_c0_wB12,ketone_01_c0,ketone,1,0.0,B12,2,12,crops/ketone/ketone_01_c0/ketone_01_c0_wB12.png,2
ketone_01_c0_wC01,ketone_01_c0,ketone,1,0.0,C01,3,1,crops/ketone/ketone_01_c0/ketone_01_c0_wC01.png,1
ketone_01_c0_wC02,ketone_01_c0,ketone,1,0.0,C02,3,2,crops/ketone/ketone_01_c0/ketone_01_c0_wC02.png,3
ketone_01_c0_wC03,ketone_01_c0,ketone,1,0.0,C03,3,3,crops/ketone/ketone_01_c0/ketone_01_c0_wC03.png,1
ketone_01_c0_wC04,ketone_01_c0,ketone,1,0.0,C04,3,4,crops/ketone/ketone_01_c0/ketone_01_c0_wC04.png,2
ketone_01_c0_wC05,ketone_01_c0,ketone,1,0.0,C05,3,5,crops/ketone/ketone_01_c0/ketone_01_c0_wC05.png,3
ketone_01_c0_wC06,ketone_01_c0,ketone,1,0.0,C06,3,6,crops/ketone/ketone_01_c0/ketone_01_c0_wC06.png,4
ketone_01_c0_wC07,ketone_01_c0,ketone,1,0.0,C07,3,7,crops/ketone/ketone_01_c0/ketone_01_c0_wC07.png,4
ketone_01_c0_wC08,ketone_01_c0,ketone,1,0.0,C08,3,8,crops/ketone/ketone_01_c0/ketone_01_c0_wC08.png,2
ketone_01_c0_wC09,ketone_01_c0,ketone,1,0.0,C09,3,9,crops/ketone/ketone_01_c0/ketone_01_c0_wC09.png,1
ketone_01_c0_wC10,ketone_01_c0,ketone,1,0.0,C10,3,10,crops/ketone/ketone_01_c0/ketone_01_c0_wC10.png,3
ketone_01_c0_wC11,ketone_01_c0,ketone,1,0.0,C11,3,11,crops/ketone/ketone_01_c0/ketone_01_c0_wC11.png,5
ketone_01_c0_wC12,ketone_01_c0,ketone,1,0.0,C12,3,12,crops/ketone/ketone_01_c0/ketone_01_c0_wC12.png,2
ketone_01_c0_wD01,ketone_01_c0,ketone,1,0.0,D01,4,1,crops/ketone/ketone_01_c0/ketone_01_c0_wD01.png,5
ketone_01_c0_wD02,ketone_01_c0,ketone,1,0.0,D02,4,2,crops/ketone/ketone_01_c0/ketone_01_c0_wD02.png,1
ketone_01_c0_wD03,ketone_01_c0,ketone,1,0.0,D03,4,3,crops/ketone/ketone_01_c0/ketone_01_c0_wD03.png,1
ketone_01_c0_wD04,ketone_01_c0,ketone,1,0.0,D04,4,4,crops/ketone/ketone_01_c0/ketone_01_c0_wD04.png,5
ketone_01_c0_wD05,ketone_01_c0,ketone,1,0.0,D05,4,5,crops/ketone/ketone_01_c0/ketone_01_c0_wD05.png,3
ketone_01_c0_wD06,ketone_01_c0,ketone,1,0.0,D06,4,6,crops/ketone/ketone_01_c0/ketone_01_c0_wD06.png,5
ketone_01_c0_wD07,ketone_01_c0,ketone,1,0.0,D07,4,7,crops/ketone/ketone_01_c0/ketone_01_c0_wD07.png,2
ketone_01_c0_wD08,ketone_01_c0,ketone,1,0.0,D08,4,8,crops/ketone/ketone_01_c0/ketone_01_c0_wD08.png,5
ketone_01_c0_wD09,ketone_01_c0,ketone,1,0.0,D09,4,9,crops/ketone/ketone_01_c0/ketone_01_c0_wD09.png,3
ketone_01_c0_wD10,ketone_01_c0,ketone,1,0.0,D10,4,10,crops/ketone/ketone_01_c0/ketone_01_c0_wD10.png,3
ketone_01_c0_wD11,ketone_01_c0,ketone,1,0.0,D11,4,11,crops/ketone/ketone_01_c0/ketone_01_c0_wD11.png,4
ketone_01_c0_wD12,ketone_01_c0,ketone,1,0.0,D12,4,12,crops/ketone/ketone_01_c0/ketone_01_c0_wD12.png,4
ketone_01_c0_wE01,ketone_01_c0,ketone,1,0.0,E01,5,1,crops/ketone/ketone_01_c0/ketone_01_c0_wE01.png,5
ketone_01_c0_wE02,ketone_01_c0,ketone,1,0.0,E02,5,2,crops/ketone/ketone_01_c0/ketone_01_c0_wE02.png,1
ketone_01_c0_wE03,ketone_01_c0,ketone,1,0.0,E03,5,3,crops/ketone/ketone_01_c0/ketone_01_c0_wE03.png,1
ketone_01_c0_wE04,ketone_01_c0,ketone,1,0.0,E04,5,4,crops/ketone/ketone_01_c0/ketone_01_c0_wE04.png,4
ketone_01_c0_wE05,ketone_01_c0,ketone,1,0.0,E05,5,5,crops/ketone/ketone_01_c0/ketone_01_c0_wE05.png,5
ketone_01_c0_wE06,ketone_01_c0,ketone,1,0.0,E06,5,6,crops/ketone/ketone_01_c0/ketone_01_c0_wE06.png,5
ketone_01_c0_wE07,ketone_01_c0,ketone,1,0.0,E07,5,7,crops/ketone/ketone_01_c0/ketone_01_c0_wE07.png,2
ketone_01_c0_wE08,ketone_01_c0,ketone,1,0.0,E08,5,8,crops/ketone/ketone_01_c0/ketone_01_c0_wE08.png,1
ketone_01_c0_wE09,ketone_01_c0,ketone,1,0.0,E09,5,9,crops/ketone/ketone_01_c0/ketone_01_c0_wE09.png,5
ketone_01_c0_wE10,ketone_01_c0,ketone,1,0.0,E10,5,10,crops/ketone/ketone_01_c0/ketone_01_c0_wE10.png,1
ketone_01_c0_wE11,ketone_01_c0,ketone,1,0.0,E11,5,11,crops/ketone/ketone_01_c0/ketone_01_c0_wE11.png,1
ketone_01_c0_wE12,ketone_01_c0,ketone,1,0.0,E12,5,12,crops/ketone/ketone_01_c0/ketone_01_c0_wE12.png,4
ketone_01_c0_wF01,ketone_01_c0,ketone,1,0.0,F01,6,1,crops/ketone/ketone_01_c0/ketone_01_c0_wF01.png,1
ketone_01_c0_wF02,ketone_01_c0,ketone,1,0.0,F02,6,2,crops/ketone/ketone_01_c0/ketone_01_c0_wF02.png,2
ketone_01_c0_wF03,ketone_01_c0,ketone,1,0.0,F03,6,3,crops/ketone/ketone_01_c0/ketone_01_c0_wF03.png,5
ketone_01_c0_wF04,ketone_01_c0,ketone,1,0.0,F04,6,4,crops/ketone/ketone_01_c0/ketone_01_c0_wF04.png,3
ketone_01_c0_wF05,ketone_01_c0,ketone,1,0.0,F05,6,5,crops/ketone/ketone_01_c0/ketone_01_c0_wF05.png,2
ketone_01_c0_wF06,ketone_01_c0,ketone,1,0.0,F06,6,6,crops/ketone/ketone_01_c0/ketone_01_c0_wF06.png,2
ketone_01_c0_wF07,ketone_01_c0,ketone,1,0.0,F07,6,7,crops/ketone/ketone_01_c0/ketone_01_c0_wF07.png,4
ketone_01_c0_wF08,ketone_01_c0,ketone,1,0.0,F08,6,8,crops/ketone/ketone_01_c0/ketone_01_c0_wF08.png,4
ketone_01_c0_wF09,ketone_01_c0,ketone,1,0.0,F09,6,9,crops/ketone/ketone_01_c0/ketone_01_c0_wF09.png,4
ketone_01_c0_wF10,ketone_01_c0,ketone,1,0.0,F10,6,10,crops/ketone/ketone_01_c0/ketone_01_c0_wF10.png,2
ketone_01_c0_wF11,ketone_01_c0,ketone,1,0.0,F11,6,11,crops/ketone/ketone_01_c0/ketone_01_c0_wF11.png,4
ketone_01_c0_wF12,ketone_01_c0,ketone,1,0.0,F12,6,12,crops/ketone/ketone_01_c0/ketone_01_c0_wF12.png,1
ketone_01_c0_wG01,ketone_01_c0,ketone,1,0.0,G01,7,1,crops/ketone/ketone_01_c0/ketone_01_c0_wG01.png,4
ketone_01_c0_wG02,ketone_01_c0,ketone,1,0.0,G02,7,2,crops/ketone/ketone_01_c0/ketone_01_c0_wG02.png,3
ketone_01_c0_wG03,ketone_01_c0,ketone,1,0.0,G03,7,3,crops/ketone/ketone_01_c0/ketone_01_c0_wG03.png,2
ketone_01_c0_wG04,ketone_01_c0,ketone,1,0.0,G04,7,4,crops/ketone/ketone_01_c0/ketone_01_c0_wG04.png,3
ketone_01_c0_wG05,ketone_01_c0,ketone,1,0.0,G05,7,5,crops/ketone/ketone_01_c0/ketone_01_c0_wG05.png,4
ketone_01_c0_wG06,ketone_01_c0,ketone,1,0.0,G06,7,6,crops/ketone/ketone_01_c0/ketone_01_c0_wG06.png,1
ketone_01_c0_wG07,ketone_01_c0,ketone,1,0.0,G07,7,7,crops/ketone/ketone_01_c0/ketone_01_c0_wG07.png,3
ketone_01_c0_wG08,ketone_01_c0,ketone,1,0.0,G08,7,8,crops/ketone/ketone_01_c0/ketone_01_c0_wG08.png,3
ketone_01_c0_wG09,ketone_01_c0,ketone,1,0.0,G09,7,9,crops/ketone/ketone_01_c0/ketone_01_c0_wG09.png,1
ketone_01_c0_wG10,ketone_01_c0,ketone,1,0.0,G10,7,10,crops/ketone/ketone_01_c0/ketone_01_c0_wG10.png,5
ketone_01_c0_wG11,ketone_01_c0,ketone,1,0.0,G11,7,11,crops/ketone/ketone_01_c0/ketone_01_c0_wG11.png,1
ketone_01_c0_wG12,ketone_01_c0,ketone,1,0.0,G12,7,12,crops/ketone/ketone_01_c0/ketone_01_c0_wG12.png,1
ketone_01_c0_wH01,ketone_01_c0,ketone,1,0.0,H01,8,1,crops/ketone/ketone_01_c0/ketone_01_c0_wH01.png,2
ketone_01_c0_wH02,ketone_01_c0,ketone,1,0.0,H02,8,2,crops/ketone/ketone_01_c0/ketone_01_c0_wH02.png,2
ketone_01_c0_wH03,ketone_01_c0,ketone,1,0.0,H03,8,3,crops/ketone/ketone_01_c0/ketone_01_c0_wH03.png,5
ketone_01_c0_wH04,ketone_01_c0,ketone,1,0.0,H04,8,4,crops/ketone/ketone_01_c0/ketone_01_c0_wH04.png,2
ketone_01_c0_wH05,ketone_01_c0,ketone,1,0.0,H05,8,5,crops/ketone/ketone_01_c0/ketone_01_c0_wH05.png,1
ketone_01_c0_wH06,ketone_01_c0,ketone,1,0.0,H06,8,6,crops/ketone/ketone_01_c0/ketone_01_c0_wH06.png,2
ketone_01_c0_wH07,ketone_01_c0,ketone,1,0.0,H07,8,7,crops/ketone/ketone_01_c0/ketone_01_c0_wH07.png,4
ketone_01_c0_wH08,ketone_01_c0,ketone,1,0.0,H08,8,8,crops/ketone/ketone_01_c0/ketone_01_c0_wH08.png,5
ketone_01_c0_wH09,ketone_01_c0,ketone,1,0.0,H09,8,9,crops/ketone/ketone_01_c0/ketone_01_c0_wH09.png,3
ketone_01_c0_wH10,ketone_01_c0,ketone,1,0.0,H10,8,10,crops/ketone/ketone_01_c0/ketone_01_c0_wH10.png,3
ketone_01_c0_wH11,ketone_01_c0,ketone,1,0.0,H11,8,11,crops/ketone/ketone_01_c0/ketone_01_c0_wH11.png,5
ketone_01_c0_wH12,ketone_01_c0,ketone,1,0.0,H12,8,12,crops/ketone/ketone_01_c0/ketone_01_c0_wH12.png,3
ketone_02_c0.01_wA01,ketone_02_c0.01,ketone,2,0.01,A01,1,1,crops/ketone/ketone_02_c0.01/ketone_02_c0.01_wA01.png,4
ketone_02_c0.01_wA02,ketone_02_c0.01,ketone,2,0.01,A02,1,2,crops/ketone/ketone_02_c0.01/ketone_02_c0.01_wA02.png,4
ketone_02_c0.01_wA03,ketone_02_c0.01,ketone,2,0.01,A03,1,3,crops/ketone/ketone_02_c0.01/ketone_02_c0.01_wA03.png,4
ketone_02_c0.01_wA04,ketone_02_c0.01,ketone,2,0.01,A04,1,4,crops/ketone/ketone_02_c0.01/ketone_02_c0.01_wA04.png,2
ketone_02_c0.01_wA05,ketone_02_c0.01,ketone,2,0.01,A05,1,5,crops/ketone/ketone_02_c0.01/ketone_02_c0.01_wA05.png,5
ketone_02_c0.01_wA06,ketone_02_c0.01,ketone,2,0.01,A06,1,6,crops/ketone/ketone_02_c0.01/ketone_02_c0.01_wA06.png,1
ketone_02_c0.01_wA07,ketone_02_c0.01,ketone,2,0.01,A07,1,7,crops/ketone/ketone_02_c0.01/ketone_02_c0.01_wA07.png,3
ketone_02_c0.01_wA08,ketone_02_c0.01,ketone,2,0.01,A08,1,8,crops/ketone/ketone_02_c0.01/ketone_02_c0.01_wA08.png,3
ketone_02_c0.01_wA09,ketone_02_c0.01,ketone,2,0.01,A09,1,9,crops/ketone/ketone_02_c0.01/ketone_02_c0.01_wA09.png,5
ketone_02_c0.01_wA10,ketone_02_c0.01,ketone,2,0.01,A10,1,10,crops/ketone/ketone_02_c0.01/ketone_02_c0.01_wA10.png,3
ketone_02_c0.01_wA11,ketone_02_c0.01,ketone,2,0.01,A11,1,11,crops/ketone/ketone_02_c0.01/ketone_02_c0.01_wA11.png,1
ketone_02_c0.01_wA12,ketone_02_c0.01,ketone,2,0.01,A12,1,12,crops/ketone/ketone_02_c0.01/ketone_02_c0.01_wA12.png,1
ketone_02_c0.01_wB01,ketone_02_c0.01,ketone,2,0.01,B01,2,1,crops/ketone/ketone_02_c0.01/ketone_02_c0.01_wB01.png,3
ketone_02_c0.01_wB02,ketone_02_c0.01,ketone,2,0.01,B02,2,2,crops/ketone/ketone_02_c0.01/ketone_02_c0.01_wB02.png,5
ketone_02_c0.01_wB03,ketone_02_c0.01,ketone,2,0.01,B03,2,3,crops/ketone/ketone_02_c0.01/ketone_02_c0.01_wB03.png,4
ketone_02_c0.01_wB04,ketone_02_c0.01,ketone,2,0.01,B04,2,4,crops/ketone/ketone_02_c0.01/ketone_02_c0.01_wB04.png,2
ketone_02_c0.01_wB05,ketone_02_c0.01,ketone,2,0.01,B05,2,5,crops/ketone/ketone_02_c0.01/ketone_02_c0.01_wB05.png,5
ketone_02_c0.01_wB06,ketone_02_c0.01,ketone,2,0.01,B06,2,6,crops/ketone/ketone_02_c0.01/ketone_02_c0.01_wB06.png,4
ketone_02_c0.01_wB07,ketone_02_c0.01,ketone,2,0.01,B07,2,7,crops/ketone/ketone_02_c0.01/ketone_02_c0.01_wB07.png,4
ketone_02_c0.01_wB08,ketone_02_c0.01,ketone,2,0.01,B08,2,8,crops/ketone/ketone_02_c0.01/ketone_02_c0.01_wB08.png,2
ketone_02_c0.01_wB09,ketone_02_c0.01,ketone,2,0.01,B09,2,9,crops/ketone/ketone_02_c0.01/ketone_02_c0.01_wB09.png,5
ketone_02_c0.01_wB10,ketone_02_c0.01,ketone,2,0.01,B10,2,10,crops/ketone/ketone_02_c0.01/ketone_02_c0.01_wB10.png,2
ketone_02_c0.01_wB11,ketone_02_c0.01,ketone,2,0.01,B11,2,11,crops/ketone/ketone_02_c0.01/ketone_02_c0.01_wB11.png,3
ketone_02_c0.01_wB12,ketone_02_c0.01,ketone,2,0.01,B12,2,12,crops/ketone/ketone_02_c0.01/ketone_02_c0.01_wB12.png,2
ketone_02_c0.01_wC01,ketone_02_c0.01,ketone,2,0.01,C01,3,1,crops/ketone/ketone_02_c0.01/ketone_02_c0.01_wC01.png,1
ketone_02_c0.01_wC02,ketone_02_c0.01,ketone,2,0.01,C02,3,2,crops/ketone/ketone_02_c0.01/ketone_02_c0.01_wC02.png,3
ketone_02_c0.01_wC03,ketone_02_c0.01,ketone,2,0.01,C03,3,3,crops/ketone/ketone_02_c0.01/ketone_02_c0.01_wC03.png,1
ketone_02_c0.01_wC04,ketone_02_c0.01,ketone,2,0.01,C04,3,4,crops/ketone/ketone_02_c0.01/ketone_02_c0.01_wC04.png,2
ketone_02_c0.01_wC05,ketone_02_c0.01,ketone,2,0.01,C05,3,5,crops/ketone/ketone_02_c0.01/ketone_02_c0.01_wC05.png,3
ketone_02_c0.01_wC06,ketone_02_c0.01,ketone,2,0.01,C06,3,6,crops/ketone/ketone_02_c0.01/ketone_02_c0.01_wC06.png,4
ketone_02_c0.01_wC07,ketone_02_c0.01,ketone,2,0.01,C07,3,7,crops/ketone/ketone_02_c0.01/ketone_02_c0.01_wC07.png,4
ketone_02_c0.01_wC08,ketone_02_c0.01,ketone,2,0.01,C08,3,8,crops/ketone/ketone_02_c0.01/ketone_02_c0.01_wC08.png,2
ketone_02_c0.01_wC09,ketone_02_c0.01,ketone,2,0.01,C09,3,9,crops/ketone/ketone_02_c0.01/ketone_02_c0.01_wC09.png,1
ketone_02_c0.01_wC10,ketone_02_c0.01,ketone,2,0.01,C10,3,10,crops/ketone/ketone_02_c0.01/ketone_02_c0.01_wC10.png,3
ketone_02_c0.01_wC11,ketone_02_c0.01,ketone,2,0.01,C11,3,11,crops/ketone/ketone_02_c0.01/ketone_02_c0.01_wC11.png,5
ketone_02_c0.01_wC12,ketone_02_c0.01,ketone,2,0.01,C12,3,12,crops/ketone/ketone_02_c0.01/ketone_02_c0.01_wC12.png,2
ketone_02_c0.01_wD01,ketone_02_c0.01,ketone,2,0.01,D01,4,1,crops/ketone/ketone_02_c0.01/ketone_02_c0.01_wD01.png,5
ketone_02_c0.01_wD02,ketone_02_c0.01,ketone,2,0.01,D02,4,2,crops/ketone/ketone_02_c0.01/ketone_02_c0.01_wD02.png,1
ketone_02_c0.01_wD03,ketone_02_c0.01,ketone,2,0.01,D03,4,3,crops/ketone/ketone_02_c0.01/ketone_02_c0.01_wD03.png,1
ketone_02_c0.01_wD04,ketone_02_c0.01,ketone,2,0.01,D04,4,4,crops/ketone/ketone_02_c0.01/ketone_02_c0.01_wD04.png,5
ketone_02_c0.01_wD05,ketone_02_c0.01,ketone,2,0.01,D05,4,5,crops/ketone/ketone_02_c0.01/ketone_02_c0.01_wD05.png,3
ketone_02_c0.01_wD06,ketone_02_c0.01,ketone,2,0.01,D06,4,6,crops/ketone/ketone_02_c0.01/ketone_02_c0.01_wD06.png,5
ketone_02_c0.01_wD07,ketone_02_c0.01,ketone,2,0.01,D07,4,7,crops/ketone/ketone_02_c0.01/ketone_02_c0.01_wD07.png,2
ketone_02_c0.01_wD08,ketone_02_c0.01,ketone,2,0.01,D08,4,8,crops/ketone/ketone_02_c0.01/ketone_02_c0.01_wD08.png,5
ketone_02_c0.01_wD09,ketone_02_c0.01,ketone,2,0.01,D09,4,9,crops/ketone/ketone_02_c0.01/ketone_02_c0.01_wD09.png,3
ketone_02_c0.01_wD10,ketone_02_c0.01,ketone,2,0.01,D10,4,10,crops/ketone/ketone_02_c0.01/ketone_02_c0.01_wD10.png,3
ketone_02_c0.01_wD11,ketone_02_c0.01,ketone,2,0.01,D11,4,11,crops/ketone/ketone_02_c0.01/ketone_02_c0.01_wD11.png,4
ketone_02_c0.01_wD12,ketone_02_c0.01,ketone,2,0.01,D12,4,12,crops/ketone/ketone_02_c0.01/ketone_02_c0.01_wD12.png,4
ketone_02_c0.01_wE01,ketone_02_c0.01,ketone,2,0.01,E01,5,1,crops/ketone/ketone_02_c0.01/ketone_02_c0.01_wE01.png,5
ketone_02_c0.01_wE02,ketone_02_c0.01,ketone,2,0.01,E02,5,2,crops/ketone/ketone_02_c0.01/ketone_02_c0.01_wE02.png,1
ketone_02_c0.01_wE03,ketone_02_c0.01,ketone,2,0.01,E03,5,3,crops/ketone/ketone_02_c0.01/ketone_02_c0.01_wE03.png,1
ketone_02_c0.01_wE04,ketone_02_c0.01,ketone,2,0.01,E04,5,4,crops/ketone/ketone_02_c0.01/ketone_02_c0.01_wE04.png,4
ketone_02_c0.01_wE05,ketone_02_c0.01,ketone,2,0.01,E05,5,5,crops/ketone/ketone_02_c0.01/ketone_02_c0.01_wE05.png,5
ketone_02_c0.01_wE06,ketone_02_c0.01,ketone,2,0.01,E06,5,6,crops/ketone/ketone_02_c0.01/ketone_02_c0.01_wE06.png,5
ketone_02_c0.01_wE07,ketone_02_c0.01,ketone,2,0.01,E07,5,7,crops/ketone/ketone_02_c0.01/ketone_02_c0.01_wE07.png,2
ketone_02_c0.01_wE08,ketone_02_c0.01,ketone,2,0.01,E08,5,8,crops/ketone/ketone_02_c0.01/ketone_02_c0.01_wE08.png,1
ketone_02_c0.01_wE09,ketone_02_c0.01,ketone,2,0.01,E09,5,9,crops/ketone/ketone_02_c0.01/ketone_02_c0.01_wE09.png,5
ketone_02_c0.01_wE10,ketone_02_c0.01,ketone,2,0.01,E10,5,10,crops/ketone/ketone_02_c0.01/ketone_02_c0.01_wE10.png,1
ketone_02_c0.01_wE11,ketone_02_c0.01,ketone,2,0.01,E11,5,11,crops/ketone/ketone_02_c0.01/ketone_02_c0.01_wE11.png,1
ketone_02_c0.01_wE12,ketone_02_c0.01,ketone,2,0.01,E12,5,12,crops/ketone/ketone_02_c0.01/ketone_02_c0.01_wE12.png,4
ketone_02_c0.01_wF01,ketone_02_c0.01,ketone,2,0.01,F01,6,1,crops/ketone/ketone_02_c0.01/ketone_02_c0.01_wF01.png,1
ketone_02_c0.01_wF02,ketone_02_c0.01,ketone,2,0.01,F02,6,2,crops/ketone/ketone_02_c0.01/ketone_02_c0.01_wF02.png,2
ketone_02_c0.01_wF03,ketone_02_c0.01,ketone,2,0.01,F03,6,3,crops/ketone/ketone_02_c0.01/ketone_02_c0.01_wF03.png,5
ketone_02_c0.01_wF04,ketone_02_c0.01,ketone,2,0.01,F04,6,4,crops/ketone/ketone_02_c0.01/ketone_02_c0.01_wF04.png,3
ketone_02_c0.01_wF05,ketone_02_c0.01,ketone,2,0.01,F05,6,5,crops/ketone/ketone_02_c0.01/ketone_02_c0.01_wF05.png,2
ketone_02_c0.01_wF06,ketone_02_c0.01,ketone,2,0.01,F06,6,6,crops/ketone/ketone_02_c0.01/ketone_02_c0.01_wF06.png,2
ketone_02_c0.01_wF07,ketone_02_c0.01,ketone,2,0.01,F07,6,7,crops/ketone/ketone_02_c0.01/ketone_02_c0.01_wF07.png,4
ketone_02_c0.01_wF08,ketone_02_c0.01,ketone,2,0.01,F08,6,8,crops/ketone/ketone_02_c0.01/ketone_02_c0.01_wF08.png,4
ketone_02_c0.01_wF09,ketone_02_c0.01,ketone,2,0.01,F09,6,9,crops/ketone/ketone_02_c0.01/ketone_02_c0.01_wF09.png,4
ketone_02_c0.01_wF10,ketone_02_c0.01,ketone,2,0.01,F10,6,10,crops/ketone/ketone_02_c0.01/ketone_02_c0.01_wF10.png,2
ketone_02_c0.01_wF11,ketone_02_c0.01,ketone,2,0.01,F11,6,11,crops/ketone/ketone_02_c0.01/ketone_02_c0.01_wF11.png,4
ketone_02_c0.01_wF12,ketone_02_c0.01,ketone,2,0.01,F12,6,12,crops/ketone/ketone_02_c0.01/ketone_02_c0.01_wF12.png,1
ketone_02_c0.01_wG01,ketone_02_c0.01,ketone,2,0.01,G01,7,1,crops/ketone/ketone_02_c0.01/ketone_02_c0.01_wG01.png,4
ketone_02_c0.01_wG02,ketone_02_c0.01,ketone,2,0.01,G02,7,2,crops/ketone/ketone_02_c0.01/ketone_02_c0.01_wG02.png,3
ketone_02_c0.01_wG03,ketone_02_c0.01,ketone,2,0.01,G03,7,3,crops/ketone/ketone_02_c0.01/ketone_02_c0.01_wG03.png,2
ketone_02_c0.01_wG04,ketone_02_c0.01,ketone,2,0.01,G04,7,4,crops/ketone/ketone_02_c0.01/ketone_02_c0.01_wG04.png,3
ketone_02_c0.01_wG05,ketone_02_c0.01,ketone,2,0.01,G05,7,5,crops/ketone/ketone_02_c0.01/ketone_02_c0.01_wG05.png,4
ketone_02_c0.01_wG06,ketone_02_c0.01,ketone,2,0.01,G06,7,6,crops/ketone/ketone_02_c0.01/ketone_02_c0.01_wG06.png,1
ketone_02_c0.01_wG07,ketone_02_c0.01,ketone,2,0.01,G07,7,7,crops/ketone/ketone_02_c0.01/ketone_02_c0.01_wG07.png,3
ketone_02_c0.01_wG08,ketone_02_c0.01,ketone,2,0.01,G08,7,8,crops/ketone/ketone_02_c0.01/ketone_02_c0.01_wG08.png,3
ketone_02_c0.01_wG09,ketone_02_c0.01,ketone,2,0.01,G09,7,9,crops/ketone/ketone_02_c0.01/ketone_02_c0.01_wG09.png,1
ketone_02_c0.01_wG10,ketone_02_c0.01,ketone,2,0.01,G10,7,10,crops/ketone/ketone_02_c0.01/ketone_02_c0.01_wG10.png,5
ketone_02_c0.01_wG11,ketone_02_c0.01,ketone,2,0.01,G11,7,11,crops/ketone/ketone_02_c0.01/ketone_02_c0.01_wG11.png,1
ketone_02_c0.01_wG12,ketone_02_c0.01,ketone,2,0.01,G12,7,12,crops/ketone/ketone_02_c0.01/ketone_02_c0.01_wG12.png,1
ketone_02_c0.01_wH01,ketone_02_c0.01,ketone,2,0.01,H01,8,1,crops/ketone/ketone_02_c0.01/ketone_02_c0.01_wH01.png,2
ketone_02_c0.01_wH02,ketone_02_c0.01,ketone,2,0.01,H02,8,2,crops/ketone/ketone_02_c0.01/ketone_02_c0.01_wH02.png,2
ketone_02_c0.01_wH03,ketone_02_c0.01,ketone,2,0.01,H03,8,3,crops/ketone/ketone_02_c0.01/ketone_02_c0.01_wH03.png,5
ketone_02_c0.01_wH04,ketone_02_c0.01,ketone,2,0.01,H04,8,4,crops/ketone/ketone_02_c0.01/ketone_02_c0.01_wH04.png,2
ketone_02_c0.01_wH05,ketone_02_c0.01,ketone,2,0.01,H05,8,5,crops/ketone/ketone_02_c0.01/ketone_02_c0.01_wH05.png,1
ketone_02_c0.01_wH06,ketone_02_c0.01,ketone,2,0.01,H06,8,6,crops/ketone/ketone_02_c0.01/ketone_02_c0.01_wH06.png,2
ketone_02_c0.01_wH07,ketone_02_c0.01,ketone,2,0.01,H07,8,7,crops/ketone/ketone_02_c0.01/ketone_02_c0.01_wH07.png,4
ketone_02_c0.01_wH08,ketone_02_c0.01,ketone,2,0.01,H08,8,8,crops/ketone/ketone_02_c0.01/ketone_02_c0.01_wH08.png,5
ketone_02_c0.01_wH09,ketone_02_c0.01,ketone,2,0.01,H09,8,9,crops/ketone/ketone_02_c0.01/ketone_02_c0.01_wH09.png,3
ketone_02_c0.01_wH10,ketone_02_c0.01,ketone,2,0.01,H10,8,10,crops/ketone/ketone_02_c0.01/ketone_02_c0.01_wH10.png,3
ketone_02_c0.01_wH11,ketone_02_c0.01,ketone,2,0.01,H11,8,11,crops/ketone/ketone_02_c0.01/ketone_02_c0.01_wH11.png,5
ketone_02_c0.01_wH12,ketone_02_c0.01,ketone,2,0.01,H12,8,12,crops/ketone/ketone_02_c0.01/ketone_02_c0.01_wH12.png,3
ketone_03_c0.05_wA01,ketone_03_c0.05,ketone,3,0.05,A01,1,1,crops/ketone/ketone_03_c0.05/ketone_03_c0.05_wA01.png,4
ketone_03_c0.05_wA02,ketone_03_c0.05,ketone,3,0.05,A02,1,2,crops/ketone/ketone_03_c0.05/ketone_03_c0.05_wA02.png,4
ketone_03_c0.05_wA03,ketone_03_c0.05,ketone,3,0.05,A03,1,3,crops/ketone/ketone_03_c0.05/ketone_03_c0.05_wA03.png,4
ketone_03_c0.05_wA04,ketone_03_c0.05,ketone,3,0.05,A04,1,4,crops/ketone/ketone_03_c0.05/ketone_03_c0.05_wA04.png,2
ketone_03_c0.05_wA05,ketone_03_c0.05,ketone,3,0.05,A05,1,5,crops/ketone/ketone_03_c0.05/ketone_03_c0.05_wA05.png,5
ketone_03_c0.05_wA06,ketone_03_c0.05,ketone,3,0.05,A06,1,6,crops/ketone/ketone_03_c0.05/ketone_03_c0.05_wA06.png,1
ketone_03_c0.05_wA07,ketone_03_c0.05,ketone,3,0.05,A07,1,7,crops/ketone/ketone_03_c0.05/ketone_03_c0.05_wA07.png,3
ketone_03_c0.05_wA08,ketone_03_c0.05,ketone,3,0.05,A08,1,8,crops/ketone/ketone_03_c0.05/ketone_03_c0.05_wA08.png,3
ketone_03_c0.05_wA09,ketone_03_c0.05,ketone,3,0.05,A09,1,9,crops/ketone/ketone_03_c0.05/ketone_03_c0.05_wA09.png,5
ketone_03_c0.05_wA10,ketone_03_c0.05,ketone,3,0.05,A10,1,10,crops/ketone/ketone_03_c0.05/ketone_03_c0.05_wA10.png,3
ketone_03_c0.05_wA11,ketone_03_c0.05,ketone,3,0.05,A11,1,11,crops/ketone/ketone_03_c0.05/ketone_03_c0.05_wA11.png,1
ketone_03_c0.05_wA12,ketone_03_c0.05,ketone,3,0.05,A12,1,12,crops/ketone/ketone_03_c0.05/ketone_03_c0.05_wA12.png,1
ketone_03_c0.05_wB01,ketone_03_c0.05,ketone,3,0.05,B01,2,1,crops/ketone/ketone_03_c0.05/ketone_03_c0.05_wB01.png,3
ketone_03_c0.05_wB02,ketone_03_c0.05,ketone,3,0.05,B02,2,2,crops/ketone/ketone_03_c0.05/ketone_03_c0.05_wB02.png,5
ketone_03_c0.05_wB03,ketone_03_c0.05,ketone,3,0.05,B03,2,3,crops/ketone/ketone_03_c0.05/ketone_03_c0.05_wB03.png,4
ketone_03_c0.05_wB04,ketone_03_c0.05,ketone,3,0.05,B04,2,4,crops/ketone/ketone_03_c0.05/ketone_03_c0.05_wB04.png,2
ketone_03_c0.05_wB05,ketone_03_c0.05,ketone,3,0.05,B05,2,5,crops/ketone/ketone_03_c0.05/ketone_03_c0.05_wB05.png,5
ketone_03_c0.05_wB06,ketone_03_c0.05,ketone,3,0.05,B06,2,6,crops/ketone/ketone_03_c0.05/ketone_03_c0.05_wB06.png,4
ketone_03_c0.05_wB07,ketone_03_c0.05,ketone,3,0.05,B07,2,7,crops/ketone/ketone_03_c0.05/ketone_03_c0.05_wB07.png,4
ketone_03_c0.05_wB08,ketone_03_c0.05,ketone,3,0.05,B08,2,8,crops/ketone/ketone_03_c0.05/ketone_03_c0.05_wB08.png,2
ketone_03_c0.05_wB09,ketone_03_c0.05,ketone,3,0.05,B09,2,9,crops/ketone/ketone_03_c0.05/ketone_03_c0.05_wB09.png,5
ketone_03_c0.05_wB10,ketone_03_c0.05,ketone,3,0.05,B10,2,10,crops/ketone/ketone_03_c0.05/ketone_03_c0.05_wB10.png,2
ketone_03_c0.05_wB11,ketone_03_c0.05,ketone,3,0.05,B11,2,11,crops/ketone/ketone_03_c0.05/ketone_03_c0.05_wB11.png,3
ketone_03_c0.05_wB12,ketone_03_c0.05,ketone,3,0.05,B12,2,12,crops/ketone/ketone_03_c0.05/ketone_03_c0.05_wB12.png,2
ketone_03_c0.05_wC01,ketone_03_c0.05,ketone,3,0.05,C01,3,1,crops/ketone/ketone_03_c0.05/ketone_03_c0.05_wC01.png,1
ketone_03_c0.05_wC02,ketone_03_c0.05,ketone,3,0.05,C02,3,2,crops/ketone/ketone_03_c0.05/ketone_03_c0.05_wC02.png,3
ketone_03_c0.05_wC03,ketone_03_c0.05,ketone,3,0.05,C03,3,3,crops/ketone/ketone_03_c0.05/ketone_03_c0.05_wC03.png,1
ketone_03_c0.05_wC04,ketone_03_c0.05,ketone,3,0.05,C04,3,4,crops/ketone/ketone_03_c0.05/ketone_03_c0.05_wC04.png,2
ketone_03_c0.05_wC05,ketone_03_c0.05,ketone,3,0.05,C05,3,5,crops/ketone/ketone_03_c0.05/ketone_03_c0.05_wC05.png,3
ketone_03_c0.05_wC06,ketone_03_c0.05,ketone,3,0.05,C06,3,6,crops/ketone/ketone_03_c0.05/ketone_03_c0.05_wC06.png,4
ketone_03_c0.05_wC07,ketone_03_c0.05,ketone,3,0.05,C07,3,7,crops/ketone/ketone_03_c0.05/ketone_03_c0.05_wC07.png,4
ketone_03_c0.05_wC08,ketone_03_c0.05,ketone,3,0.05,C08,3,8,crops/ketone/ketone_03_c0.05/ketone_03_c0.05_wC08.png,2
ketone_03_c0.05_wC09,ketone_03_c0.05,ketone,3,0.05,C09,3,9,crops/ketone/ketone_03_c0.05/ketone_03_c0.05_wC09.png,1
ketone_03_c0.05_wC10,ketone_03_c0.05,ketone,3,0.05,C10,3,10,crops/ketone/ketone_03_c0.05/ketone_03_c0.05_wC10.png,3
ketone_03_c0.05_wC11,ketone_03_c0.05,ketone,3,0.05,C11,3,11,crops/ketone/ketone_03_c0.05/ketone_03_c0.05_wC11.png,5
ketone_03_c0.05_wC12,ketone_03_c0.05,ketone,3,0.05,C12,3,12,crops/ketone/ketone_03_c0.05/ketone_03_c0.05_wC12.png,2
ketone_03_c0.05_wD01,ketone_03_c0.05,ketone,3,0.05,D01,4,1,crops/ketone/ketone_03_c0.05/ketone_03_c0.05_wD01.png,5
ketone_03_c0.05_wD02,ketone_03_c0.05,ketone,3,0.05,D02,4,2,crops/ketone/ketone_03_c0.05/ketone_03_c0.05_wD02.png,1
ketone_03_c0.05_wD03,ketone_03_c0.05,ketone,3,0.05,D03,4,3,crops/ketone/ketone_03_c0.05/ketone_03_c0.05_wD03.png,1
ketone_03_c0.05_wD04,ketone_03_c0.05,ketone,3,0.05,D04,4,4,crops/ketone/ketone_03_c0.05/ketone_03_c0.05_wD04.png,5
ketone_03_c0.05_wD05,ketone_03_c0.05,ketone,3,0.05,D05,4,5,crops/ketone/ketone_03_c0.05/ketone_03_c0.05_wD05.png,3
ketone_03_c0.05_wD06,ketone_03_c0.05,ketone,3,0.05,D06,4,6,crops/ketone/ketone_03_c0.05/ketone_03_c0.05_wD06.png,5
ketone_03_c0.05_wD07,ketone_03_c0.05,ketone,3,0.05,D07,4,7,crops/ketone/ketone_03_c0.05/ketone_03_c0.05_wD07.png,2
ketone_03_c0.05_wD08,ketone_03_c0.05,ketone,3,0.05,D08,4,8,crops/ketone/ketone_03_c0.05/ketone_03_c0.05_wD08.png,5
ketone_03_c0.05_wD09,ketone_03_c0.05,ketone,3,0.05,D09,4,9,crops/ketone/ketone_03_c0.05/ketone_03_c0.05_wD09.png,3
ketone_03_c0.05_wD10,ketone_03_c0.05,ketone,3,0.05,D10,4,10,crops/ketone/ketone_03_c0.05/ketone_03_c0.05_wD10.png,3
ketone_03_c0.05_wD11,ketone_03_c0.05,ketone,3,0.05,D11,4,11,crops/ketone/ketone_03_c0.05/ketone_03_c0.05_wD11.png,4
ketone_03_c0.05_wD12,ketone_03_c0.05,ketone,3,0.05,D12,4,12,crops/ketone/ketone_03_c0.05/ketone_03_c0.05_wD12.png,4
ketone_03_c0.05_wE01,ketone_03_c0.05,ketone,3,0.05,E01,5,1,crops/ketone/ketone_03_c0.05/ketone_03_c0.05_wE01.png,5
ketone_03_c0.05_wE02,ketone_03_c0.05,ketone,3,0.05,E02,5,2,crops/ketone/ketone_03_c0.05/ketone_03_c0.05_wE02.png,1
ketone_03_c0.05_wE03,ketone_03_c0.05,ketone,3,0.05,E03,5,3,crops/ketone/ketone_03_c0.05/ketone_03_c0.05_wE03.png,1
ketone_03_c0.05_wE04,ketone_03_c0.05,ketone,3,0.05,E04,5,4,crops/ketone/ketone_03_c0.05/ketone_03_c0.05_wE04.png,4
ketone_03_c0.05_wE05,ketone_03_c0.05,ketone,3,0.05,E05,5,5,crops/ketone/ketone_03_c0.05/ketone_03_c0.05_wE05.png,5
ketone_03_c0.05_wE06,ketone_03_c0.05,ketone,3,0.05,E06,5,6,crops/ketone/ketone_03_c0.05/ketone_03_c0.05_wE06.png,5
ketone_03_c0.05_wE07,ketone_03_c0.05,ketone,3,0.05,E07,5,7,crops/ketone/ketone_03_c0.05/ketone_03_c0.05_wE07.png,2
ketone_03_c0.05_wE08,ketone_03_c0.05,ketone,3,0.05,E08,5,8,crops/ketone/ketone_03_c0.05/ketone_03_c0.05_wE08.png,1
ketone_03_c0.05_wE09,ketone_03_c0.05,ketone,3,0.05,E09,5,9,crops/ketone/ketone_03_c0.05/ketone_03_c0.05_wE09.png,5
ketone_03_c0.05_wE10,ketone_03_c0.05,ketone,3,0.05,E10,5,10,crops/ketone/ketone_03_c0.05/ketone_03_c0.05_wE10.png,1
ketone_03_c0.05_wE11,ketone_03_c0.05,ketone,3,0.05,E11,5,11,crops/ketone/ketone_03_c0.05/ketone_03_c0.05_wE11.png,1
ketone_03_c0.05_wE12,ketone_03_c0.05,ketone,3,0.05,E12,5,12,crops/ketone/ketone_03_c0.05/ketone_03_c0.05_wE12.png,4
ketone_03_c0.05_wF01,ketone_03_c0.05,ketone,3,0.05,F01,6,1,crops/ketone/ketone_03_c0.05/ketone_03_c0.05_wF01.png,1
ketone_03_c0.05_wF02,ketone_03_c0.05,ketone,3,0.05,F02,6,2,crops/ketone/ketone_03_c0.05/ketone_03_c0.05_wF02.png,2
ketone_03_c0.05_wF03,ketone_03_c0.05,ketone,3,0.05,F03,6,3,crops/ketone/ketone_03_c0.05/ketone_03_c0.05_wF03.png,5
ketone_03_c0.05_wF04,ketone_03_c0.05,ketone,3,0.05,F04,6,4,crops/ketone/ketone_03_c0.05/ketone_03_c0.05_wF04.png,3
ketone_03_c0.05_wF05,ketone_03_c0.05,ketone,3,0.05,F05,6,5,crops/ketone/ketone_03_c0.05/ketone_03_c0.05_wF05.png,2
ketone_03_c0.05_wF06,ketone_03_c0.05,ketone,3,0.05,F06,6,6,crops/ketone/ketone_03_c0.05/ketone_03_c0.05_wF06.png,2
ketone_03_c0.05_wF07,ketone_03_c0.05,ketone,3,0.05,F07,6,7,crops/ketone/ketone_03_c0.05/ketone_03_c0.05_wF07.png,4
ketone_03_c0.05_wF08,ketone_03_c0.05,ketone,3,0.05,F08,6,8,crops/ketone/ketone_03_c0.05/ketone_03_c0.05_wF08.png,4
ketone_03_c0.05_wF09,ketone_03_c0.05,ketone,3,0.05,F09,6,9,crops/ketone/ketone_03_c0.05/ketone_03_c0.05_wF09.png,4
ketone_03_c0.05_wF10,ketone_03_c0.05,ketone,3,0.05,F10,6,10,crops/ketone/ketone_03_c0.05/ketone_03_c0.05_wF10.png,2
ketone_03_c0.05_wF11,ketone_03_c0.05,ketone,3,0.05,F11,6,11,crops/ketone/ketone_03_c0.05/ketone_03_c0.05_wF11.png,4
ketone_03_c0.05_wF12,ketone_03_c0.05,ketone,3,0.05,F12,6,12,crops/ketone/ketone_03_c0.05/ketone_03_c0.05_wF12.png,1
ketone_03_c0.05_wG01,ketone_03_c0.05,ketone,3,0.05,G01,7,1,crops/ketone/ketone_03_c0.05/ketone_03_c0.05_wG01.png,4
ketone_03_c0.05_wG02,ketone_03_c0.05,ketone,3,0.05,G02,7,2,crops/ketone/ketone_03_c0.05/ketone_03_c0.05_wG02.png,3
ketone_03_c0.05_wG03,ketone_03_c0.05,ketone,3,0.05,G03,7,3,crops/ketone/ketone_03_c0.05/ketone_03_c0.05_wG03.png,2
ketone_03_c0.05_wG04,ketone_03_c0.05,ketone,3,0.05,G04,7,4,crops/ketone/ketone_03_c0.05/ketone_03_c0.05_wG04.png,3
ketone_03_c0.05_wG05,ketone_03_c0.05,ketone,3,0.05,G05,7,5,crops/ketone/ketone_03_c0.05/ketone_03_c0.05_wG05.png,4
ketone_03_c0.05_wG06,ketone_03_c0.05,ketone,3,0.05,G06,7,6,crops/ketone/ketone_03_c0.05/ketone_03_c0.05_wG06.png,1
ketone_03_c0.05_wG07,ketone_03_c0.05,ketone,3,0.05,G07,7,7,crops/ketone/ketone_03_c0.05/ketone_03_c0.05_wG07.png,3
ketone_03_c0.05_wG08,ketone_03_c0.05,ketone,3,0.05,G08,7,8,crops/ketone/ketone_03_c0.05/ketone_03_c0.05_wG08.png,3
ketone_03_c0.05_wG09,ketone_03_c0.05,ketone,3,0.05,G09,7,9,crops/ketone/ketone_03_c0.05/ketone_03_c0.05_wG09.png,1
ketone_03_c0.05_wG10,ketone_03_c0.05,ketone,3,0.05,G10,7,10,crops/ketone/ketone_03_c0.05/ketone_03_c0.05_wG10.png,5
ketone_03_c0.05_wG11,ketone_03_c0.05,ketone,3,0.05,G11,7,11,crops/ketone/ketone_03_c0.05/ketone_03_c0.05_wG11.png,1
ketone_03_c0.05_wG12,ketone_03_c0.05,ketone,3,0.05,G12,7,12,crops/ketone/ketone_03_c0.05/ketone_03_c0.05_wG12.png,1
ketone_03_c0.05_wH01,ketone_03_c0.05,ketone,3,0.05,H01,8,1,crops/ketone/ketone_03_c0.05/ketone_03_c0.05_wH01.png,2
ketone_03_c0.05_wH02,ketone_03_c0.05,ketone,3,0.05,H02,8,2,crops/ketone/ketone_03_c0.05/ketone_03_c0.05_wH02.png,2
ketone_03_c0.05_wH03,ketone_03_c0.05,ketone,3,0.05,H03,8,3,crops/ketone/ketone_03_c0.05/ketone_03_c0.05_wH03.png,5
ketone_03_c0.05_wH04,ketone_03_c0.05,ketone,3,0.05,H04,8,4,crops/ketone/ketone_03_c0.05/ketone_03_c0.05_wH04.png,2
ketone_03_c0.05_wH05,ketone_03_c0.05,ketone,3,0.05,H05,8,5,crops/ketone/ketone_03_c0.05/ketone_03_c0.05_wH05.png,1
ketone_03_c0.05_wH06,ketone_03_c0.05,ketone,3,0.05,H06,8,6,crops/ketone/ketone_03_c0.05/ketone_03_c0.05_wH06.png,2
ketone_03_c0.05_wH07,ketone_03_c0.05,ketone,3,0.05,H07,8,7,crops/ketone/ketone_03_c0.05/ketone_03_c0.05_wH07.png,4
ketone_03_c0.05_wH08,ketone_03_c0.05,ketone,3,0.05,H08,8,8,crops/ketone/ketone_03_c0.05/ketone_03_c0.05_wH08.png,5
ketone_03_c0.05_wH09,ketone_03_c0.05,ketone,3,0.05,H09,8,9,crops/ketone/ketone_03_c0.05/ketone_03_c0.05_wH09.png,3
ketone_03_c0.05_wH10,ketone_03_c0.05,ketone,3,0.05,H10,8,10,crops/ketone/ketone_03_c0.05/ketone_03_c0.05_wH10.png,3
ketone_03_c0.05_wH11,ketone_03_c0.05,ketone,3,0.05,H11,8,11,crops/ketone/ketone_03_c0.05/ketone_03_c0.05_wH11.png,5
ketone_03_c0.05_wH12,ketone_03_c0.05,ketone,3,0.05,H12,8,12,crops/ketone/ketone_03_c0.05/ketone_03_c0.05_wH12.png,3
ketone_04_c0.1_wA01,ketone_04_c0.1,ketone,4,0.1,A01,1,1,crops/ketone/ketone_04_c0.1/ketone_04_c0.1_wA01.png,4
ketone_04_c0.1_wA02,ketone_04_c0.1,ketone,4,0.1,A02,1,2,crops/ketone/ketone_04_c0.1/ketone_04_c0.1_wA02.png,4
ketone_04_c0.1_wA03,ketone_04_c0.1,ketone,4,0.1,A03,1,3,crops/ketone/ketone_04_c0.1/ketone_04_c0.1_wA03.png,4
ketone_04_c0.1_wA04,ketone_04_c0.1,ketone,4,0.1,A04,1,4,crops/ketone/ketone_04_c0.1/ketone_04_c0.1_wA04.png,2
ketone_04_c0.1_wA05,ketone_04_c0.1,ketone,4,0.1,A05,1,5,crops/ketone/ketone_04_c0.1/ketone_04_c0.1_wA05.png,5
ketone_04_c0.1_wA06,ketone_04_c0.1,ketone,4,0.1,A06,1,6,crops/ketone/ketone_04_c0.1/ketone_04_c0.1_wA06.png,1
ketone_04_c0.1_wA07,ketone_04_c0.1,ketone,4,0.1,A07,1,7,crops/ketone/ketone_04_c0.1/ketone_04_c0.1_wA07.png,3
ketone_04_c0.1_wA08,ketone_04_c0.1,ketone,4,0.1,A08,1,8,crops/ketone/ketone_04_c0.1/ketone_04_c0.1_wA08.png,3
ketone_04_c0.1_wA09,ketone_04_c0.1,ketone,4,0.1,A09,1,9,crops/ketone/ketone_04_c0.1/ketone_04_c0.1_wA09.png,5
ketone_04_c0.1_wA10,ketone_04_c0.1,ketone,4,0.1,A10,1,10,crops/ketone/ketone_04_c0.1/ketone_04_c0.1_wA10.png,3
ketone_04_c0.1_wA11,ketone_04_c0.1,ketone,4,0.1,A11,1,11,crops/ketone/ketone_04_c0.1/ketone_04_c0.1_wA11.png,1
ketone_04_c0.1_wA12,ketone_04_c0.1,ketone,4,0.1,A12,1,12,crops/ketone/ketone_04_c0.1/ketone_04_c0.1_wA12.png,1
ketone_04_c0.1_wB01,ketone_04_c0.1,ketone,4,0.1,B01,2,1,crops/ketone/ketone_04_c0.1/ketone_04_c0.1_wB01.png,3
ketone_04_c0.1_wB02,ketone_04_c0.1,ketone,4,0.1,B02,2,2,crops/ketone/ketone_04_c0.1/ketone_04_c0.1_wB02.png,5
ketone_04_c0.1_wB03,ketone_04_c0.1,ketone,4,0.1,B03,2,3,crops/ketone/ketone_04_c0.1/ketone_04_c0.1_wB03.png,4
ketone_04_c0.1_wB04,ketone_04_c0.1,ketone,4,0.1,B04,2,4,crops/ketone/ketone_04_c0.1/ketone_04_c0.1_wB04.png,2
ketone_04_c0.1_wB05,ketone_04_c0.1,ketone,4,0.1,B05,2,5,crops/ketone/ketone_04_c0.1/ketone_04_c0.1_wB05.png,5
ketone_04_c0.1_wB06,ketone_04_c0.1,ketone,4,0.1,B06,2,6,crops/ketone/ketone_04_c0.1/ketone_04_c0.1_wB06.png,4
ketone_04_c0.1_wB07,ketone_04_c0.1,ketone,4,0.1,B07,2,7,crops/ketone/ketone_04_c0.1/ketone_04_c0.1_wB07.png,4
ketone_04_c0.1_wB08,ketone_04_c0.1,ketone,4,0.1,B08,2,8,crops/ketone/ketone_04_c0.1/ketone_04_c0.1_wB08.png,2
ketone_04_c0.1_wB09,ketone_04_c0.1,ketone,4,0.1,B09,2,9,crops/ketone/ketone_04_c0.1/ketone_04_c0.1_wB09.png,5
ketone_04_c0.1_wB10,ketone_04_c0.1,ketone,4,0.1,B10,2,10,crops/ketone/ketone_04_c0.1/ketone_04_c0.1_wB10.png,2
ketone_04_c0.1_wB11,ketone_04_c0.1,ketone,4,0.1,B11,2,11,crops/ketone/ketone_04_c0.1/ketone_04_c0.1_wB11.png,3
ketone_04_c0.1_wB12,ketone_04_c0.1,ketone,4,0.1,B12,2,12,crops/ketone/ketone_04_c0.1/ketone_04_c0.1_wB12.png,2
ketone_04_c0.1_wC01,ketone_04_c0.1,ketone,4,0.1,C01,3,1,crops/ketone/ketone_04_c0.1/ketone_04_c0.1_wC01.png,1
ketone_04_c0.1_wC02,ketone_04_c0.1,ketone,4,0.1,C02,3,2,crops/ketone/ketone_04_c0.1/ketone_04_c0.1_wC02.png,3
ketone_04_c0.1_wC03,ketone_04_c0.1,ketone,4,0.1,C03,3,3,crops/ketone/ketone_04_c0.1/ketone_04_c0.1_wC03.png,1
ketone_04_c0.1_wC04,ketone_04_c0.1,ketone,4,0.1,C04,3,4,crops/ketone/ketone_04_c0.1/ketone_04_c0.1_wC04.png,2
ketone_04_c0.1_wC05,ketone_04_c0.1,ketone,4,0.1,C05,3,5,crops/ketone/ketone_04_c0.1/ketone_04_c0.1_wC05.png,3
ketone_04_c0.1_wC06,ketone_04_c0.1,ketone,4,0.1,C06,3,6,crops/ketone/ketone_04_c0.1/ketone_04_c0.1_wC06.png,4
ketone_04_c0.1_wC07,ketone_04_c0.1,ketone,4,0.1,C07,3,7,crops/ketone/ketone_04_c0.1/ketone_04_c0.1_wC07.png,4
ketone_04_c0.1_wC08,ketone_04_c0.1,ketone,4,0.1,C08,3,8,crops/ketone/ketone_04_c0.1/ketone_04_c0.1_wC08.png,2
ketone_04_c0.1_wC09,ketone_04_c0.1,ketone,4,0.1,C09,3,9,crops/ketone/ketone_04_c0.1/ketone_04_c0.1_wC09.png,1
ketone_04_c0.1_wC10,ketone_04_c0.1,ketone,4,0.1,C10,3,10,crops/ketone/ketone_04_c0.1/ketone_04_c0.1_wC10.png,3
ketone_04_c0.1_wC11,ketone_04_c0.1,ketone,4,0.1,C11,3,11,crops/ketone/ketone_04_c0.1/ketone_04_c0.1_wC11.png,5
ketone_04_c0.1_wC12,ketone_04_c0.1,ketone,4,0.1,C12,3,12,crops/ketone/ketone_04_c0.1/ketone_04_c0.1_wC12.png,2
ketone_04_c0.1_wD01,ketone_04_c0.1,ketone,4,0.1,D01,4,1,crops/ketone/ketone_04_c0.1/ketone_04_c0.1_wD01.png,5
ketone_04_c0.1_wD02,ketone_04_c0.1,ketone,4,0.1,D02,4,2,crops/ketone/ketone_04_c0.1/ketone_04_c0.1_wD02.png,1
ketone_04_c0.1_wD03,ketone_04_c0.1,ketone,4,0.1,D03,4,3,crops/ketone/ketone_04_c0.1/ketone_04_c0.1_wD03.png,1
ketone_04_c0.1_wD04,ketone_04_c0.1,ketone,4,0.1,D04,4,4,crops/ketone/ketone_04_c0.1/ketone_04_c0.1_wD04.png,5
ketone_04_c0.1_wD05,ketone_04_c0.1,ketone,4,0.1,D05,4,5,crops/ketone/ketone_04_c0.1/ketone_04_c0.1_wD05.png,3
ketone_04_c0.1_wD06,ketone_04_c0.1,ketone,4,0.1,D06,4,6,crops/ketone/ketone_04_c0.1/ketone_04_c0.1_wD06.png,5
ketone_04_c0.1_wD07,ketone_04_c0.1,ketone,4,0.1,D07,4,7,crops/ketone/ketone_04_c0.1/ketone_04_c0.1_wD07.png,2
ketone_04_c0.1_wD08,ketone_04_c0.1,ketone,4,0.1,D08,4,8,crops/ketone/ketone_04_c0.1/ketone_04_c0.1_wD08.png,5
ketone_04_c0.1_wD09,ketone_04_c0.1,ketone,4,0.1,D09,4,9,crops/ketone/ketone_04_c0.1/ketone_04_c0.1_wD09.png,3
ketone_04_c0.1_wD10,ketone_04_c0.1,ketone,4,0.1,D10,4,10,crops/ketone/ketone_04_c0.1/ketone_04_c0.1_wD10.png,3
ketone_04_c0.1_wD11,ketone_04_c0.1,ketone,4,0.1,D11,4,11,crops/ketone/ketone_04_c0.1/ketone_04_c0.1_wD11.png,4
ketone_04_c0.1_wD12,ketone_04_c0.1,ketone,4,0.1,D12,4,12,crops/ketone/ketone_04_c0.1/ketone_04_c0.1_wD12.png,4
ketone_04_c0.1_wE01,ketone_04_c0.1,ketone,4,0.1,E01,5,1,crops/ketone/ketone_04_c0.1/ketone_04_c0.1_wE01.png,5
ketone_04_c0.1_wE02,ketone_04_c0.1,ketone,4,0.1,E02,5,2,crops/ketone/ketone_04_c0.1/ketone_04_c0.1_wE02.png,1
ketone_04_c0.1_wE03,ketone_04_c0.1,ketone,4,0.1,E03,5,3,crops/ketone/ketone_04_c0.1/ketone_04_c0.1_wE03.png,1
ketone_04_c0.1_wE04,ketone_04_c0.1,ketone,4,0.1,E04,5,4,crops/ketone/ketone_04_c0.1/ketone_04_c0.1_wE04.png,4
ketone_04_c0.1_wE05,ketone_04_c0.1,ketone,4,0.1,E05,5,5,crops/ketone/ketone_04_c0.1/ketone_04_c0.1_wE05.png,5
ketone_04_c0.1_wE06,ketone_04_c0.1,ketone,4,0.1,E06,5,6,crops/ketone/ketone_04_c0.1/ketone_04_c0.1_wE06.png,5
ketone_04_c0.1_wE07,ketone_04_c0.1,ketone,4,0.1,E07,5,7,crops/ketone/ketone_04_c0.1/ketone_04_c0.1_wE07.png,2
ketone_04_c0.1_wE08,ketone_04_c0.1,ketone,4,0.1,E08,5,8,crops/ketone/ketone_04_c0.1/ketone_04_c0.1_wE08.png,1
ketone_04_c0.1_wE09,ketone_04_c0.1,ketone,4,0.1,E09,5,9,crops/ketone/ketone_04_c0.1/ketone_04_c0.1_wE09.png,5
ketone_04_c0.1_wE10,ketone_04_c0.1,ketone,4,0.1,E10,5,10,crops/ketone/ketone_04_c0.1/ketone_04_c0.1_wE10.png,1
ketone_04_c0.1_wE11,ketone_04_c0.1,ketone,4,0.1,E11,5,11,crops/ketone/ketone_04_c0.1/ketone_04_c0.1_wE11.png,1
ketone_04_c0.1_wE12,ketone_04_c0.1,ketone,4,0.1,E12,5,12,crops/ketone/ketone_04_c0.1/ketone_04_c0.1_wE12.png,4
ketone_04_c0.1_wF01,ketone_04_c0.1,ketone,4,0.1,F01,6,1,crops/ketone/ketone_04_c0.1/ketone_04_c0.1_wF01.png,1
ketone_04_c0.1_wF02,ketone_04_c0.1,ketone,4,0.1,F02,6,2,crops/ketone/ketone_04_c0.1/ketone_04_c0.1_wF02.png,2
ketone_04_c0.1_wF03,ketone_04_c0.1,ketone,4,0.1,F03,6,3,crops/ketone/ketone_04_c0.1/ketone_04_c0.1_wF03.png,5
ketone_04_c0.1_wF04,ketone_04_c0.1,ketone,4,0.1,F04,6,4,crops/ketone/ketone_04_c0.1/ketone_04_c0.1_wF04.png,3
ketone_04_c0.1_wF05,ketone_04_c0.1,ketone,4,0.1,F05,6,5,crops/ketone/ketone_04_c0.1/ketone_04_c0.1_wF05.png,2
ketone_04_c0.1_wF06,ketone_04_c0.1,ketone,4,0.1,F06,6,6,crops/ketone/ketone_04_c0.1/ketone_04_c0.1_wF06.png,2
ketone_04_c0.1_wF07,ketone_04_c0.1,ketone,4,0.1,F07,6,7,crops/ketone/ketone_04_c0.1/ketone_04_c0.1_wF07.png,4
ketone_04_c0.1_wF08,ketone_04_c0.1,ketone,4,0.1,F08,6,8,crops/ketone/ketone_04_c0.1/ketone_04_c0.1_wF08.png,4
ketone_04_c0.1_wF09,ketone_04_c0.1,ketone,4,0.1,F09,6,9,crops/ketone/ketone_04_c0.1/ketone_04_c0.1_wF09.png,4
ketone_04_c0.1_wF10,ketone_04_c0.1,ketone,4,0.1,F10,6,10,crops/ketone/ketone_04_c0.1/ketone_04_c0.1_wF10.png,2
ketone_04_c0.1_wF11,ketone_04_c0.1,ketone,4,0.1,F11,6,11,crops/ketone/ketone_04_c0.1/ketone_04_c0.1_wF11.png,4
ketone_04_c0.1_wF12,ketone_04_c0.1,ketone,4,0.1,F12,6,12,crops/ketone/ketone_04_c0.1/ketone_04_c0.1_wF12.png,1
ketone_04_c0.1_wG01,ketone_04_c0.1,ketone,4,0.1,G01,7,1,crops/ketone/ketone_04_c0.1/ketone_04_c0.1_wG01.png,4
ketone_04_c0.1_wG02,ketone_04_c0.1,ketone,4,0.1,G02,7,2,crops/ketone/ketone_04_c0.1/ketone_04_c0.1_wG02.png,3
ketone_04_c0.1_wG03,ketone_04_c0.1,ketone,4,0.1,G03,7,3,crops/ketone/ketone_04_c0.1/ketone_04_c0.1_wG03.png,2
ketone_04_c0.1_wG04,ketone_04_c0.1,ketone,4,0.1,G04,7,4,crops/ketone/ketone_04_c0.1/ketone_04_c0.1_wG04.png,3
ketone_04_c0.1_wG05,ketone_04_c0.1,ketone,4,0.1,G05,7,5,crops/ketone/ketone_04_c0.1/ketone_04_c0.1_wG05.png,4
ketone_04_c0.1_wG06,ketone_04_c0.1,ketone,4,0.1,G06,7,6,crops/ketone/ketone_04_c0.1/ketone_04_c0.1_wG06.png,1
ketone_04_c0.1_wG07,ketone_04_c0.1,ketone,4,0.1,G07,7,7,crops/ketone/ketone_04_c0.1/ketone_04_c0.1_wG07.png,3
ketone_04_c0.1_wG08,ketone_04_c0.1,ketone,4,0.1,G08,7,8,crops/ketone/ketone_04_c0.1/ketone_04_c0.1_wG08.png,3
ketone_04_c0.1_wG09,ketone_04_c0.1,ketone,4,0.1,G09,7,9,crops/ketone/ketone_04_c0.1/ketone_04_c0.1_wG09.png,1
ketone_04_c0.1_wG10,ketone_04_c0.1,ketone,4,0.1,G10,7,10,crops/ketone/ketone_04_c0.1/ketone_04_c0.1_wG10.png,5
ketone_04_c0.1_wG11,ketone_04_c0.1,ketone,4,0.1,G11,7,11,crops/ketone/ketone_04_c0.1/ketone_04_c0.1_wG11.png,1
ketone_04_c0.1_wG12,ketone_04_c0.1,ketone,4,0.1,G12,7,12,crops/ketone/ketone_04_c0.1/ketone_04_c0.1_wG12.png,1
ketone_04_c0.1_wH01,ketone_04_c0.1,ketone,4,0.1,H01,8,1,crops/ketone/ketone_04_c0.1/ketone_04_c0.1_wH01.png,2
ketone_04_c0.1_wH02,ketone_04_c0.1,ketone,4,0.1,H02,8,2,crops/ketone/ketone_04_c0.1/ketone_04_c0.1_wH02.png,2
ketone_04_c0.1_wH03,ketone_04_c0.1,ketone,4,0.1,H03,8,3,crops/ketone/ketone_04_c0.1/ketone_04_c0.1_wH03.png,5
ketone_04_c0.1_wH04,ketone_04_c0.1,ketone,4,0.1,H04,8,4,crops/ketone/ketone_04_c0.1/ketone_04_c0.1_wH04.png,2
ketone_04_c0.1_wH05,ketone_04_c0.1,ketone,4,0.1,H05,8,5,crops/ketone/ketone_04_c0.1/ketone_04_c0.1_wH05.png,1
ketone_04_c0.1_wH06,ketone_04_c0.1,ketone,4,0.1,H06,8,6,crops/ketone/ketone_04_c0.1/ketone_04_c0.1_wH06.png,2
ketone_04_c0.1_wH07,ketone_04_c0.1,ketone,4,0.1,H07,8,7,crops/ketone/ketone_04_c0.1/ketone_04_c0.1_wH07.png,4
ketone_04_c0.1_wH08,ketone_04_c0.1,ketone,4,0.1,H08,8,8,crops/ketone/ketone_04_c0.1/ketone_04_c0.1_wH08.png,5
ketone_04_c0.1_wH09,ketone_04_c0.1,ketone,4,0.1,H09,8,9,crops/ketone/ketone_04_c0.1/ketone_04_c0.1_wH09.png,3
ketone_04_c0.1_wH10,ketone_04_c0.1,ketone,4,0.1,H10,8,10,crops/ketone/ketone_04_c0.1/ketone_04_c0.1_wH10.png,3
ketone_04_c0.1_wH11,ketone_04_c0.1,ketone,4,0.1,H11,8,11,crops/ketone/ketone_04_c0.1/ketone_04_c0.1_wH11.png,5
ketone_04_c0.1_wH12,ketone_04_c0.1,ketone,4,0.1,H12,8,12,crops/ketone/ketone_04_c0.1/ketone_04_c0.1_wH12.png,3
ketone_05_c0.5_wA01,ketone_05_c0.5,ketone,5,0.5,A01,1,1,crops/ketone/ketone_05_c0.5/ketone_05_c0.5_wA01.png,4
ketone_05_c0.5_wA02,ketone_05_c0.5,ketone,5,0.5,A02,1,2,crops/ketone/ketone_05_c0.5/ketone_05_c0.5_wA02.png,4
ketone_05_c0.5_wA03,ketone_05_c0.5,ketone,5,0.5,A03,1,3,crops/ketone/ketone_05_c0.5/ketone_05_c0.5_wA03.png,4
ketone_05_c0.5_wA04,ketone_05_c0.5,ketone,5,0.5,A04,1,4,crops/ketone/ketone_05_c0.5/ketone_05_c0.5_wA04.png,2
ketone_05_c0.5_wA05,ketone_05_c0.5,ketone,5,0.5,A05,1,5,crops/ketone/ketone_05_c0.5/ketone_05_c0.5_wA05.png,5
ketone_05_c0.5_wA06,ketone_05_c0.5,ketone,5,0.5,A06,1,6,crops/ketone/ketone_05_c0.5/ketone_05_c0.5_wA06.png,1
ketone_05_c0.5_wA07,ketone_05_c0.5,ketone,5,0.5,A07,1,7,crops/ketone/ketone_05_c0.5/ketone_05_c0.5_wA07.png,3
ketone_05_c0.5_wA08,ketone_05_c0.5,ketone,5,0.5,A08,1,8,crops/ketone/ketone_05_c0.5/ketone_05_c0.5_wA08.png,3
ketone_05_c0.5_wA09,ketone_05_c0.5,ketone,5,0.5,A09,1,9,crops/ketone/ketone_05_c0.5/ketone_05_c0.5_wA09.png,5
ketone_05_c0.5_wA10,ketone_05_c0.5,ketone,5,0.5,A10,1,10,crops/ketone/ketone_05_c0.5/ketone_05_c0.5_wA10.png,3
ketone_05_c0.5_wA11,ketone_05_c0.5,ketone,5,0.5,A11,1,11,crops/ketone/ketone_05_c0.5/ketone_05_c0.5_wA11.png,1
ketone_05_c0.5_wA12,ketone_05_c0.5,ketone,5,0.5,A12,1,12,crops/ketone/ketone_05_c0.5/ketone_05_c0.5_wA12.png,1
ketone_05_c0.5_wB01,ketone_05_c0.5,ketone,5,0.5,B01,2,1,crops/ketone/ketone_05_c0.5/ketone_05_c0.5_wB01.png,3
ketone_05_c0.5_wB02,ketone_05_c0.5,ketone,5,0.5,B02,2,2,crops/ketone/ketone_05_c0.5/ketone_05_c0.5_wB02.png,5
ketone_05_c0.5_wB03,ketone_05_c0.5,ketone,5,0.5,B03,2,3,crops/ketone/ketone_05_c0.5/ketone_05_c0.5_wB03.png,4
ketone_05_c0.5_wB04,ketone_05_c0.5,ketone,5,0.5,B04,2,4,crops/ketone/ketone_05_c0.5/ketone_05_c0.5_wB04.png,2
ketone_05_c0.5_wB05,ketone_05_c0.5,ketone,5,0.5,B05,2,5,crops/ketone/ketone_05_c0.5/ketone_05_c0.5_wB05.png,5
ketone_05_c0.5_wB06,ketone_05_c0.5,ketone,5,0.5,B06,2,6,crops/ketone/ketone_05_c0.5/ketone_05_c0.5_wB06.png,4
ketone_05_c0.5_wB07,ketone_05_c0.5,ketone,5,0.5,B07,2,7,crops/ketone/ketone_05_c0.5/ketone_05_c0.5_wB07.png,4
ketone_05_c0.5_wB08,ketone_05_c0.5,ketone,5,0.5,B08,2,8,crops/ketone/ketone_05_c0.5/ketone_05_c0.5_wB08.png,2
ketone_05_c0.5_wB09,ketone_05_c0.5,ketone,5,0.5,B09,2,9,crops/ketone/ketone_05_c0.5/ketone_05_c0.5_wB09.png,5
ketone_05_c0.5_wB10,ketone_05_c0.5,ketone,5,0.5,B10,2,10,crops/ketone/ketone_05_c0.5/ketone_05_c0.5_wB10.png,2
ketone_05_c0.5_wB11,ketone_05_c0.5,ketone,5,0.5,B11,2,11,crops/ketone/ketone_05_c0.5/ketone_05_c0.5_wB11.png,3
ketone_05_c0.5_wB12,ketone_05_c0.5,ketone,5,0.5,B12,2,12,crops/ketone/ketone_05_c0.5/ketone_05_c0.5_wB12.png,2
ketone_05_c0.5_wC01,ketone_05_c0.5,ketone,5,0.5,C01,3,1,crops/ketone/ketone_05_c0.5/ketone_05_c0.5_wC01.png,1
ketone_05_c0.5_wC02,ketone_05_c0.5,ketone,5,0.5,C02,3,2,crops/ketone/ketone_05_c0.5/ketone_05_c0.5_wC02.png,3
ketone_05_c0.5_wC03,ketone_05_c0.5,ketone,5,0.5,C03,3,3,crops/ketone/ketone_05_c0.5/ketone_05_c0.5_wC03.png,1
ketone_05_c0.5_wC04,ketone_05_c0.5,ketone,5,0.5,C04,3,4,crops/ketone/ketone_05_c0.5/ketone_05_c0.5_wC04.png,2
ketone_05_c0.5_wC05,ketone_05_c0.5,ketone,5,0.5,C05,3,5,crops/ketone/ketone_05_c0.5/ketone_05_c0.5_wC05.png,3
ketone_05_c0.5_wC06,ketone_05_c0.5,ketone,5,0.5,C06,3,6,crops/ketone/ketone_05_c0.5/ketone_05_c0.5_wC06.png,4
ketone_05_c0.5_wC07,ketone_05_c0.5,ketone,5,0.5,C07,3,7,crops/ketone/ketone_05_c0.5/ketone_05_c0.5_wC07.png,4
ketone_05_c0.5_wC08,ketone_05_c0.5,ketone,5,0.5,C08,3,8,crops/ketone/ketone_05_c0.5/ketone_05_c0.5_wC08.png,2
ketone_05_c0.5_wC09,ketone_05_c0.5,ketone,5,0.5,C09,3,9,crops/ketone/ketone_05_c0.5/ketone_05_c0.5_wC09.png,1
ketone_05_c0.5_wC10,ketone_05_c0.5,ketone,5,0.5,C10,3,10,crops/ketone/ketone_05_c0.5/ketone_05_c0.5_wC10.png,3
ketone_05_c0.5_wC11,ketone_05_c0.5,ketone,5,0.5,C11,3,11,crops/ketone/ketone_05_c0.5/ketone_05_c0.5_wC11.png,5
ketone_05_c0.5_wC12,ketone_05_c0.5,ketone,5,0.5,C12,3,12,crops/ketone/ketone_05_c0.5/ketone_05_c0.5_wC12.png,2
ketone_05_c0.5_wD01,ketone_05_c0.5,ketone,5,0.5,D01,4,1,crops/ketone/ketone_05_c0.5/ketone_05_c0.5_wD01.png,5
ketone_05_c0.5_wD02,ketone_05_c0.5,ketone,5,0.5,D02,4,2,crops/ketone/ketone_05_c0.5/ketone_05_c0.5_wD02.png,1
ketone_05_c0.5_wD03,ketone_05_c0.5,ketone,5,0.5,D03,4,3,crops/ketone/ketone_05_c0.5/ketone_05_c0.5_wD03.png,1
ketone_05_c0.5_wD04,ketone_05_c0.5,ketone,5,0.5,D04,4,4,crops/ketone/ketone_05_c0.5/ketone_05_c0.5_wD04.png,5
ketone_05_c0.5_wD05,ketone_05_c0.5,ketone,5,0.5,D05,4,5,crops/ketone/ketone_05_c0.5/ketone_05_c0.5_wD05.png,3
ketone_05_c0.5_wD06,ketone_05_c0.5,ketone,5,0.5,D06,4,6,crops/ketone/ketone_05_c0.5/ketone_05_c0.5_wD06.png,5
ketone_05_c0.5_wD07,ketone_05_c0.5,ketone,5,0.5,D07,4,7,crops/ketone/ketone_05_c0.5/ketone_05_c0.5_wD07.png,2
ketone_05_c0.5_wD08,ketone_05_c0.5,ketone,5,0.5,D08,4,8,crops/ketone/ketone_05_c0.5/ketone_05_c0.5_wD08.png,5
ketone_05_c0.5_wD09,ketone_05_c0.5,ketone,5,0.5,D09,4,9,crops/ketone/ketone_05_c0.5/ketone_05_c0.5_wD09.png,3
ketone_05_c0.5_wD10,ketone_05_c0.5,ketone,5,0.5,D10,4,10,crops/ketone/ketone_05_c0.5/ketone_05_c0.5_wD10.png,3
ketone_05_c0.5_wD11,ketone_05_c0.5,ketone,5,0.5,D11,4,11,crops/ketone/ketone_05_c0.5/ketone_05_c0.5_wD11.png,4
ketone_05_c0.5_wD12,ketone_05_c0.5,ketone,5,0.5,D12,4,12,crops/ketone/ketone_05_c0.5/ketone_05_c0.5_wD12.png,4
ketone_05_c0.5_wE01,ketone_05_c0.5,ketone,5,0.5,E01,5,1,crops/ketone/ketone_05_c0.5/ketone_05_c0.5_wE01.png,5
ketone_05_c0.5_wE02,ketone_05_c0.5,ketone,5,0.5,E02,5,2,crops/ketone/ketone_05_c0.5/ketone_05_c0.5_wE02.png,1
ketone_05_c0.5_wE03,ketone_05_c0.5,ketone,5,0.5,E03,5,3,crops/ketone/ketone_05_c0.5/ketone_05_c0.5_wE03.png,1
ketone_05_c0.5_wE04,ketone_05_c0.5,ketone,5,0.5,E04,5,4,crops/ketone/ketone_05_c0.5/ketone_05_c0.5_wE04.png,4
ketone_05_c0.5_wE05,ketone_05_c0.5,ketone,5,0.5,E05,5,5,crops/ketone/ketone_05_c0.5/ketone_05_c0.5_wE05.png,5
ketone_05_c0.5_wE06,ketone_05_c0.5,ketone,5,0.5,E06,5,6,crops/ketone/ketone_05_c0.5/ketone_05_c0.5_wE06.png,5
ketone_05_c0.5_wE07,ketone_05_c0.5,ketone,5,0.5,E07,5,7,crops/ketone/ketone_05_c0.5/ketone_05_c0.5_wE07.png,2
ketone_05_c0.5_wE08,ketone_05_c0.5,ketone,5,0.5,E08,5,8,crops/ketone/ketone_05_c0.5/ketone_05_c0.5_wE08.png,1
ketone_05_c0.5_wE09,ketone_05_c0.5,ketone,5,0.5,E09,5,9,crops/ketone/ketone_05_c0.5/ketone_05_c0.5_wE09.png,5
ketone_05_c0.5_wE10,ketone_05_c0.5,ketone,5,0.5,E10,5,10,crops/ketone/ketone_05_c0.5/ketone_05_c0.5_wE10.png,1
ketone_05_c0.5_wE11,ketone_05_c0.5,ketone,5,0.5,E11,5,11,crops/ketone/ketone_05_c0.5/ketone_05_c0.5_wE11.png,1
ketone_05_c0.5_wE12,ketone_05_c0.5,ketone,5,0.5,E12,5,12,crops/ketone/ketone_05_c0.5/ketone_05_c0.5_wE12.png,4
ketone_05_c0.5_wF01,ketone_05_c0.5,ketone,5,0.5,F01,6,1,crops/ketone/ketone_05_c0.5/ketone_05_c0.5_wF01.png,1
ketone_05_c0.5_wF02,ketone_05_c0.5,ketone,5,0.5,F02,6,2,crops/ketone/ketone_05_c0.5/ketone_05_c0.5_wF02.png,2
ketone_05_c0.5_wF03,ketone_05_c0.5,ketone,5,0.5,F03,6,3,crops/ketone/ketone_05_c0.5/ketone_05_c0.5_wF03.png,5
ketone_05_c0.5_wF04,ketone_05_c0.5,ketone,5,0.5,F04,6,4,crops/ketone/ketone_05_c0.5/ketone_05_c0.5_wF04.png,3
ketone_05_c0.5_wF05,ketone_05_c0.5,ketone,5,0.5,F05,6,5,crops/ketone/ketone_05_c0.5/ketone_05_c0.5_wF05.png,2
ketone_05_c0.5_wF06,ketone_05_c0.5,ketone,5,0.5,F06,6,6,crops/ketone/ketone_05_c0.5/ketone_05_c0.5_wF06.png,2
ketone_05_c0.5_wF07,ketone_05_c0.5,ketone,5,0.5,F07,6,7,crops/ketone/ketone_05_c0.5/ketone_05_c0.5_wF07.png,4
ketone_05_c0.5_wF08,ketone_05_c0.5,ketone,5,0.5,F08,6,8,crops/ketone/ketone_05_c0.5/ketone_05_c0.5_wF08.png,4
ketone_05_c0.5_wF09,ketone_05_c0.5,ketone,5,0.5,F09,6,9,crops/ketone/ketone_05_c0.5/ketone_05_c0.5_wF09.png,4
ketone_05_c0.5_wF10,ketone_05_c0.5,ketone,5,0.5,F10,6,10,crops/ketone/ketone_05_c0.5/ketone_05_c0.5_wF10.png,2
ketone_05_c0.5_wF11,ketone_05_c0.5,ketone,5,0.5,F11,6,11,crops/ketone/ketone_05_c0.5/ketone_05_c0.5_wF11.png,4
ketone_05_c0.5_wF12,ketone_05_c0.5,ketone,5,0.5,F12,6,12,crops/ketone/ketone_05_c0.5/ketone_05_c0.5_wF12.png,1
ketone_05_c0.5_wG01,ketone_05_c0.5,ketone,5,0.5,G01,7,1,crops/ketone/ketone_05_c0.5/ketone_05_c0.5_wG01.png,4
ketone_05_c0.5_wG02,ketone_05_c0.5,ketone,5,0.5,G02,7,2,crops/ketone/ketone_05_c0.5/ketone_05_c0.5_wG02.png,3
ketone_05_c0.5_wG03,ketone_05_c0.5,ketone,5,0.5,G03,7,3,crops/ketone/ketone_05_c0.5/ketone_05_c0.5_wG03.png,2
ketone_05_c0.5_wG04,ketone_05_c0.5,ketone,5,0.5,G04,7,4,crops/ketone/ketone_05_c0.5/ketone_05_c0.5_wG04.png,3
ketone_05_c0.5_wG05,ketone_05_c0.5,ketone,5,0.5,G05,7,5,crops/ketone/ketone_05_c0.5/ketone_05_c0.5_wG05.png,4
ketone_05_c0.5_wG06,ketone_05_c0.5,ketone,5,0.5,G06,7,6,crops/ketone/ketone_05_c0.5/ketone_05_c0.5_wG06.png,1
ketone_05_c0.5_wG07,ketone_05_c0.5,ketone,5,0.5,G07,7,7,crops/ketone/ketone_05_c0.5/ketone_05_c0.5_wG07.png,3
ketone_05_c0.5_wG08,ketone_05_c0.5,ketone,5,0.5,G08,7,8,crops/ketone/ketone_05_c0.5/ketone_05_c0.5_wG08.png,3
ketone_05_c0.5_wG09,ketone_05_c0.5,ketone,5,0.5,G09,7,9,crops/ketone/ketone_05_c0.5/ketone_05_c0.5_wG09.png,1
ketone_05_c0.5_wG10,ketone_05_c0.5,ketone,5,0.5,G10,7,10,crops/ketone/ketone_05_c0.5/ketone_05_c0.5_wG10.png,5
ketone_05_c0.5_wG11,ketone_05_c0.5,ketone,5,0.5,G11,7,11,crops/ketone/ketone_05_c0.5/ketone_05_c0.5_wG11.png,1
ketone_05_c0.5_wG12,ketone_05_c0.5,ketone,5,0.5,G12,7,12,crops/ketone/ketone_05_c0.5/ketone_05_c0.5_wG12.png,1
ketone_05_c0.5_wH01,ketone_05_c0.5,ketone,5,0.5,H01,8,1,crops/ketone/ketone_05_c0.5/ketone_05_c0.5_wH01.png,2
ketone_05_c0.5_wH02,ketone_05_c0.5,ketone,5,0.5,H02,8,2,crops/ketone/ketone_05_c0.5/ketone_05_c0.5_wH02.png,2
ketone_05_c0.5_wH03,ketone_05_c0.5,ketone,5,0.5,H03,8,3,crops/ketone/ketone_05_c0.5/ketone_05_c0.5_wH03.png,5
ketone_05_c0.5_wH04,ketone_05_c0.5,ketone,5,0.5,H04,8,4,crops/ketone/ketone_05_c0.5/ketone_05_c0.5_wH04.png,2
ketone_05_c0.5_wH05,ketone_05_c0.5,ketone,5,0.5,H05,8,5,crops/ketone/ketone_05_c0.5/ketone_05_c0.5_wH05.png,1
ketone_05_c0.5_wH06,ketone_05_c0.5,ketone,5,0.5,H06,8,6,crops/ketone/ketone_05_c0.5/ketone_05_c0.5_wH06.png,2
ketone_05_c0.5_wH07,ketone_05_c0.5,ketone,5,0.5,H07,8,7,crops/ketone/ketone_05_c0.5/ketone_05_c0.5_wH07.png,4
ketone_05_c0.5_wH08,ketone_05_c0.5,ketone,5,0.5,H08,8,8,crops/ketone/ketone_05_c0.5/ketone_05_c0.5_wH08.png,5
ketone_05_c0.5_wH09,ketone_05_c0.5,ketone,5,0.5,H09,8,9,crops/ketone/ketone_05_c0.5/ketone_05_c0.5_wH09.png,3
ketone_05_c0.5_wH10,ketone_05_c0.5,ketone,5,0.5,H10,8,10,crops/ketone/ketone_05_c0.5/ketone_05_c0.5_wH10.png,3
ketone_05_c0.5_wH11,ketone_05_c0.5,ketone,5,0.5,H11,8,11,crops/ketone/ketone_05_c0.5/ketone_05_c0.5_wH11.png,5
ketone_05_c0.5_wH12,ketone_05_c0.5,ketone,5,0.5,H12,8,12,crops/ketone/ketone_05_c0.5/ketone_05_c0.5_wH12.png,3
ketone_06_c1_wA01,ketone_06_c1,ketone,6,1.0,A01,1,1,crops/ketone/ketone_06_c1/ketone_06_c1_wA01.png,4
ketone_06_c1_wA02,ketone_06_c1,ketone,6,1.0,A02,1,2,crops/ketone/ketone_06_c1/ketone_06_c1_wA02.png,4
ketone_06_c1_wA03,ketone_06_c1,ketone,6,1.0,A03,1,3,crops/ketone/ketone_06_c1/ketone_06_c1_wA03.png,4
ketone_06_c1_wA04,ketone_06_c1,ketone,6,1.0,A04,1,4,crops/ketone/ketone_06_c1/ketone_06_c1_wA04.png,2
ketone_06_c1_wA05,ketone_06_c1,ketone,6,1.0,A05,1,5,crops/ketone/ketone_06_c1/ketone_06_c1_wA05.png,5
ketone_06_c1_wA06,ketone_06_c1,ketone,6,1.0,A06,1,6,crops/ketone/ketone_06_c1/ketone_06_c1_wA06.png,1
ketone_06_c1_wA07,ketone_06_c1,ketone,6,1.0,A07,1,7,crops/ketone/ketone_06_c1/ketone_06_c1_wA07.png,3
ketone_06_c1_wA08,ketone_06_c1,ketone,6,1.0,A08,1,8,crops/ketone/ketone_06_c1/ketone_06_c1_wA08.png,3
ketone_06_c1_wA09,ketone_06_c1,ketone,6,1.0,A09,1,9,crops/ketone/ketone_06_c1/ketone_06_c1_wA09.png,5
ketone_06_c1_wA10,ketone_06_c1,ketone,6,1.0,A10,1,10,crops/ketone/ketone_06_c1/ketone_06_c1_wA10.png,3
ketone_06_c1_wA11,ketone_06_c1,ketone,6,1.0,A11,1,11,crops/ketone/ketone_06_c1/ketone_06_c1_wA11.png,1
ketone_06_c1_wA12,ketone_06_c1,ketone,6,1.0,A12,1,12,crops/ketone/ketone_06_c1/ketone_06_c1_wA12.png,1
ketone_06_c1_wB01,ketone_06_c1,ketone,6,1.0,B01,2,1,crops/ketone/ketone_06_c1/ketone_06_c1_wB01.png,3
ketone_06_c1_wB02,ketone_06_c1,ketone,6,1.0,B02,2,2,crops/ketone/ketone_06_c1/ketone_06_c1_wB02.png,5
ketone_06_c1_wB03,ketone_06_c1,ketone,6,1.0,B03,2,3,crops/ketone/ketone_06_c1/ketone_06_c1_wB03.png,4
ketone_06_c1_wB04,ketone_06_c1,ketone,6,1.0,B04,2,4,crops/ketone/ketone_06_c1/ketone_06_c1_wB04.png,2
ketone_06_c1_wB05,ketone_06_c1,ketone,6,1.0,B05,2,5,crops/ketone/ketone_06_c1/ketone_06_c1_wB05.png,5
ketone_06_c1_wB06,ketone_06_c1,ketone,6,1.0,B06,2,6,crops/ketone/ketone_06_c1/ketone_06_c1_wB06.png,4
ketone_06_c1_wB07,ketone_06_c1,ketone,6,1.0,B07,2,7,crops/ketone/ketone_06_c1/ketone_06_c1_wB07.png,4
ketone_06_c1_wB08,ketone_06_c1,ketone,6,1.0,B08,2,8,crops/ketone/ketone_06_c1/ketone_06_c1_wB08.png,2
ketone_06_c1_wB09,ketone_06_c1,ketone,6,1.0,B09,2,9,crops/ketone/ketone_06_c1/ketone_06_c1_wB09.png,5
ketone_06_c1_wB10,ketone_06_c1,ketone,6,1.0,B10,2,10,crops/ketone/ketone_06_c1/ketone_06_c1_wB10.png,2
ketone_06_c1_wB11,ketone_06_c1,ketone,6,1.0,B11,2,11,crops/ketone/ketone_06_c1/ketone_06_c1_wB11.png,3
ketone_06_c1_wB12,ketone_06_c1,ketone,6,1.0,B12,2,12,crops/ketone/ketone_06_c1/ketone_06_c1_wB12.png,2
ketone_06_c1_wC01,ketone_06_c1,ketone,6,1.0,C01,3,1,crops/ketone/ketone_06_c1/ketone_06_c1_wC01.png,1
ketone_06_c1_wC02,ketone_06_c1,ketone,6,1.0,C02,3,2,crops/ketone/ketone_06_c1/ketone_06_c1_wC02.png,3
ketone_06_c1_wC03,ketone_06_c1,ketone,6,1.0,C03,3,3,crops/ketone/ketone_06_c1/ketone_06_c1_wC03.png,1
ketone_06_c1_wC04,ketone_06_c1,ketone,6,1.0,C04,3,4,crops/ketone/ketone_06_c1/ketone_06_c1_wC04.png,2
ketone_06_c1_wC05,ketone_06_c1,ketone,6,1.0,C05,3,5,crops/ketone/ketone_06_c1/ketone_06_c1_wC05.png,3
ketone_06_c1_wC06,ketone_06_c1,ketone,6,1.0,C06,3,6,crops/ketone/ketone_06_c1/ketone_06_c1_wC06.png,4
ketone_06_c1_wC07,ketone_06_c1,ketone,6,1.0,C07,3,7,crops/ketone/ketone_06_c1/ketone_06_c1_wC07.png,4
ketone_06_c1_wC08,ketone_06_c1,ketone,6,1.0,C08,3,8,crops/ketone/ketone_06_c1/ketone_06_c1_wC08.png,2
ketone_06_c1_wC09,ketone_06_c1,ketone,6,1.0,C09,3,9,crops/ketone/ketone_06_c1/ketone_06_c1_wC09.png,1
ketone_06_c1_wC10,ketone_06_c1,ketone,6,1.0,C10,3,10,crops/ketone/ketone_06_c1/ketone_06_c1_wC10.png,3
ketone_06_c1_wC11,ketone_06_c1,ketone,6,1.0,C11,3,11,crops/ketone/ketone_06_c1/ketone_06_c1_wC11.png,5
ketone_06_c1_wC12,ketone_06_c1,ketone,6,1.0,C12,3,12,crops/ketone/ketone_06_c1/ketone_06_c1_wC12.png,2
ketone_06_c1_wD01,ketone_06_c1,ketone,6,1.0,D01,4,1,crops/ketone/ketone_06_c1/ketone_06_c1_wD01.png,5
ketone_06_c1_wD02,ketone_06_c1,ketone,6,1.0,D02,4,2,crops/ketone/ketone_06_c1/ketone_06_c1_wD02.png,1
ketone_06_c1_wD03,ketone_06_c1,ketone,6,1.0,D03,4,3,crops/ketone/ketone_06_c1/ketone_06_c1_wD03.png,1
ketone_06_c1_wD04,ketone_06_c1,ketone,6,1.0,D04,4,4,crops/ketone/ketone_06_c1/ketone_06_c1_wD04.png,5
ketone_06_c1_wD05,ketone_06_c1,ketone,6,1.0,D05,4,5,crops/ketone/ketone_06_c1/ketone_06_c1_wD05.png,3
ketone_06_c1_wD06,ketone_06_c1,ketone,6,1.0,D06,4,6,crops/ketone/ketone_06_c1/ketone_06_c1_wD06.png,5
ketone_06_c1_wD07,ketone_06_c1,ketone,6,1.0,D07,4,7,crops/ketone/ketone_06_c1/ketone_06_c1_wD07.png,2
ketone_06_c1_wD08,ketone_06_c1,ketone,6,1.0,D08,4,8,crops/ketone/ketone_06_c1/ketone_06_c1_wD08.png,5
ketone_06_c1_wD09,ketone_06_c1,ketone,6,1.0,D09,4,9,crops/ketone/ketone_06_c1/ketone_06_c1_wD09.png,3
ketone_06_c1_wD10,ketone_06_c1,ketone,6,1.0,D10,4,10,crops/ketone/ketone_06_c1/ketone_06_c1_wD10.png,3
ketone_06_c1_wD11,ketone_06_c1,ketone,6,1.0,D11,4,11,crops/ketone/ketone_06_c1/ketone_06_c1_wD11.png,4
ketone_06_c1_wD12,ketone_06_c1,ketone,6,1.0,D12,4,12,crops/ketone/ketone_06_c1/ketone_06_c1_wD12.png,4
ketone_06_c1_wE01,ketone_06_c1,ketone,6,1.0,E01,5,1,crops/ketone/ketone_06_c1/ketone_06_c1_wE01.png,5
ketone_06_c1_wE02,ketone_06_c1,ketone,6,1.0,E02,5,2,crops/ketone/ketone_06_c1/ketone_06_c1_wE02.png,1
ketone_06_c1_wE03,ketone_06_c1,ketone,6,1.0,E03,5,3,crops/ketone/ketone_06_c1/ketone_06_c1_wE03.png,1
ketone_06_c1_wE04,ketone_06_c1,ketone,6,1.0,E04,5,4,crops/ketone/ketone_06_c1/ketone_06_c1_wE04.png,4
ketone_06_c1_wE05,ketone_06_c1,ketone,6,1.0,E05,5,5,crops/ketone/ketone_06_c1/ketone_06_c1_wE05.png,5
ketone_06_c1_wE06,ketone_06_c1,ketone,6,1.0,E06,5,6,crops/ketone/ketone_06_c1/ketone_06_c1_wE06.png,5
ketone_06_c1_wE07,ketone_06_c1,ketone,6,1.0,E07,5,7,crops/ketone/ketone_06_c1/ketone_06_c1_wE07.png,2
ketone_06_c1_wE08,ketone_06_c1,ketone,6,1.0,E08,5,8,crops/ketone/ketone_06_c1/ketone_06_c1_wE08.png,1
ketone_06_c1_wE09,ketone_06_c1,ketone,6,1.0,E09,5,9,crops/ketone/ketone_06_c1/ketone_06_c1_wE09.png,5
ketone_06_c1_wE10,ketone_06_c1,ketone,6,1.0,E10,5,10,crops/ketone/ketone_06_c1/ketone_06_c1_wE10.png,1
ketone_06_c1_wE11,ketone_06_c1,ketone,6,1.0,E11,5,11,crops/ketone/ketone_06_c1/ketone_06_c1_wE11.png,1
ketone_06_c1_wE12,ketone_06_c1,ketone,6,1.0,E12,5,12,crops/ketone/ketone_06_c1/ketone_06_c1_wE12.png,4
ketone_06_c1_wF01,ketone_06_c1,ketone,6,1.0,F01,6,1,crops/ketone/ketone_06_c1/ketone_06_c1_wF01.png,1
ketone_06_c1_wF02,ketone_06_c1,ketone,6,1.0,F02,6,2,crops/ketone/ketone_06_c1/ketone_06_c1_wF02.png,2
ketone_06_c1_wF03,ketone_06_c1,ketone,6,1.0,F03,6,3,crops/ketone/ketone_06_c1/ketone_06_c1_wF03.png,5
ketone_06_c1_wF04,ketone_06_c1,ketone,6,1.0,F04,6,4,crops/ketone/ketone_06_c1/ketone_06_c1_wF04.png,3
ketone_06_c1_wF05,ketone_06_c1,ketone,6,1.0,F05,6,5,crops/ketone/ketone_06_c1/ketone_06_c1_wF05.png,2
ketone_06_c1_wF06,ketone_06_c1,ketone,6,1.0,F06,6,6,crops/ketone/ketone_06_c1/ketone_06_c1_wF06.png,2
ketone_06_c1_wF07,ketone_06_c1,ketone,6,1.0,F07,6,7,crops/ketone/ketone_06_c1/ketone_06_c1_wF07.png,4
ketone_06_c1_wF08,ketone_06_c1,ketone,6,1.0,F08,6,8,crops/ketone/ketone_06_c1/ketone_06_c1_wF08.png,4
ketone_06_c1_wF09,ketone_06_c1,ketone,6,1.0,F09,6,9,crops/ketone/ketone_06_c1/ketone_06_c1_wF09.png,4
ketone_06_c1_wF10,ketone_06_c1,ketone,6,1.0,F10,6,10,crops/ketone/ketone_06_c1/ketone_06_c1_wF10.png,2
ketone_06_c1_wF11,ketone_06_c1,ketone,6,1.0,F11,6,11,crops/ketone/ketone_06_c1/ketone_06_c1_wF11.png,4
ketone_06_c1_wF12,ketone_06_c1,ketone,6,1.0,F12,6,12,crops/ketone/ketone_06_c1/ketone_06_c1_wF12.png,1
ketone_06_c1_wG01,ketone_06_c1,ketone,6,1.0,G01,7,1,crops/ketone/ketone_06_c1/ketone_06_c1_wG01.png,4
ketone_06_c1_wG02,ketone_06_c1,ketone,6,1.0,G02,7,2,crops/ketone/ketone_06_c1/ketone_06_c1_wG02.png,3
ketone_06_c1_wG03,ketone_06_c1,ketone,6,1.0,G03,7,3,crops/ketone/ketone_06_c1/ketone_06_c1_wG03.png,2
ketone_06_c1_wG04,ketone_06_c1,ketone,6,1.0,G04,7,4,crops/ketone/ketone_06_c1/ketone_06_c1_wG04.png,3
ketone_06_c1_wG05,ketone_06_c1,ketone,6,1.0,G05,7,5,crops/ketone/ketone_06_c1/ketone_06_c1_wG05.png,4
ketone_06_c1_wG06,ketone_06_c1,ketone,6,1.0,G06,7,6,crops/ketone/ketone_06_c1/ketone_06_c1_wG06.png,1
ketone_06_c1_wG07,ketone_06_c1,ketone,6,1.0,G07,7,7,crops/ketone/ketone_06_c1/ketone_06_c1_wG07.png,3
ketone_06_c1_wG08,ketone_06_c1,ketone,6,1.0,G08,7,8,crops/ketone/ketone_06_c1/ketone_06_c1_wG08.png,3
ketone_06_c1_wG09,ketone_06_c1,ketone,6,1.0,G09,7,9,crops/ketone/ketone_06_c1/ketone_06_c1_wG09.png,1
ketone_06_c1_wG10,ketone_06_c1,ketone,6,1.0,G10,7,10,crops/ketone/ketone_06_c1/ketone_06_c1_wG10.png,5
ketone_06_c1_wG11,ketone_06_c1,ketone,6,1.0,G11,7,11,crops/ketone/ketone_06_c1/ketone_06_c1_wG11.png,1
ketone_06_c1_wG12,ketone_06_c1,ketone,6,1.0,G12,7,12,crops/ketone/ketone_06_c1/ketone_06_c1_wG12.png,1
ketone_06_c1_wH01,ketone_06_c1,ketone,6,1.0,H01,8,1,crops/ketone/ketone_06_c1/ketone_06_c1_wH01.png,2
ketone_06_c1_wH02,ketone_06_c1,ketone,6,1.0,H02,8,2,crops/ketone/ketone_06_c1/ketone_06_c1_wH02.png,2
ketone_06_c1_wH03,ketone_06_c1,ketone,6,1.0,H03,8,3,crops/ketone/ketone_06_c1/ketone_06_c1_wH03.png,5
ketone_06_c1_wH04,ketone_06_c1,ketone,6,1.0,H04,8,4,crops/ketone/ketone_06_c1/ketone_06_c1_wH04.png,2
ketone_06_c1_wH05,ketone_06_c1,ketone,6,1.0,H05,8,5,crops/ketone/ketone_06_c1/ketone_06_c1_wH05.png,1
ketone_06_c1_wH06,ketone_06_c1,ketone,6,1.0,H06,8,6,crops/ketone/ketone_06_c1/ketone_06_c1_wH06.png,2
ketone_06_c1_wH07,ketone_06_c1,ketone,6,1.0,H07,8,7,crops/ketone/ketone_06_c1/ketone_06_c1_wH07.png,4
ketone_06_c1_wH08,ketone_06_c1,ketone,6,1.0,H08,8,8,crops/ketone/ketone_06_c1/ketone_06_c1_wH08.png,5
ketone_06_c1_wH09,ketone_06_c1,ketone,6,1.0,H09,8,9,crops/ketone/ketone_06_c1/ketone_06_c1_wH09.png,3
ketone_06_c1_wH10,ketone_06_c1,ketone,6,1.0,H10,8,10,crops/ketone/ketone_06_c1/ketone_06_c1_wH10.png,3
ketone_06_c1_wH11,ketone_06_c1,ketone,6,1.0,H11,8,11,crops/ketone/ketone_06_c1/ketone_06_c1_wH11.png,5
ketone_06_c1_wH12,ketone_06_c1,ketone,6,1.0,H12,8,12,crops/ketone/ketone_06_c1/ketone_06_c1_wH12.png,3
ketone_07_c5_wA01,ketone_07_c5,ketone,7,5.0,A01,1,1,crops/ketone/ketone_07_c5/ketone_07_c5_wA01.png,4
ketone_07_c5_wA02,ketone_07_c5,ketone,7,5.0,A02,1,2,crops/ketone/ketone_07_c5/ketone_07_c5_wA02.png,4
ketone_07_c5_wA03,ketone_07_c5,ketone,7,5.0,A03,1,3,crops/ketone/ketone_07_c5/ketone_07_c5_wA03.png,4
ketone_07_c5_wA04,ketone_07_c5,ketone,7,5.0,A04,1,4,crops/ketone/ketone_07_c5/ketone_07_c5_wA04.png,2
ketone_07_c5_wA05,ketone_07_c5,ketone,7,5.0,A05,1,5,crops/ketone/ketone_07_c5/ketone_07_c5_wA05.png,5
ketone_07_c5_wA06,ketone_07_c5,ketone,7,5.0,A06,1,6,crops/ketone/ketone_07_c5/ketone_07_c5_wA06.png,1
ketone_07_c5_wA07,ketone_07_c5,ketone,7,5.0,A07,1,7,crops/ketone/ketone_07_c5/ketone_07_c5_wA07.png,3
ketone_07_c5_wA08,ketone_07_c5,ketone,7,5.0,A08,1,8,crops/ketone/ketone_07_c5/ketone_07_c5_wA08.png,3
ketone_07_c5_wA09,ketone_07_c5,ketone,7,5.0,A09,1,9,crops/ketone/ketone_07_c5/ketone_07_c5_wA09.png,5
ketone_07_c5_wA10,ketone_07_c5,ketone,7,5.0,A10,1,10,crops/ketone/ketone_07_c5/ketone_07_c5_wA10.png,3
ketone_07_c5_wA11,ketone_07_c5,ketone,7,5.0,A11,1,11,crops/ketone/ketone_07_c5/ketone_07_c5_wA11.png,1
ketone_07_c5_wA12,ketone_07_c5,ketone,7,5.0,A12,1,12,crops/ketone/ketone_07_c5/ketone_07_c5_wA12.png,1
ketone_07_c5_wB01,ketone_07_c5,ketone,7,5.0,B01,2,1,crops/ketone/ketone_07_c5/ketone_07_c5_wB01.png,3
ketone_07_c5_wB02,ketone_07_c5,ketone,7,5.0,B02,2,2,crops/ketone/ketone_07_c5/ketone_07_c5_wB02.png,5
ketone_07_c5_wB03,ketone_07_c5,ketone,7,5.0,B03,2,3,crops/ketone/ketone_07_c5/ketone_07_c5_wB03.png,4
ketone_07_c5_wB04,ketone_07_c5,ketone,7,5.0,B04,2,4,crops/ketone/ketone_07_c5/ketone_07_c5_wB04.png,2
ketone_07_c5_wB05,ketone_07_c5,ketone,7,5.0,B05,2,5,crops/ketone/ketone_07_c5/ketone_07_c5_wB05.png,5
ketone_07_c5_wB06,ketone_07_c5,ketone,7,5.0,B06,2,6,crops/ketone/ketone_07_c5/ketone_07_c5_wB06.png,4
ketone_07_c5_wB07,ketone_07_c5,ketone,7,5.0,B07,2,7,crops/ketone/ketone_07_c5/ketone_07_c5_wB07.png,4
ketone_07_c5_wB08,ketone_07_c5,ketone,7,5.0,B08,2,8,crops/ketone/ketone_07_c5/ketone_07_c5_wB08.png,2
ketone_07_c5_wB09,ketone_07_c5,ketone,7,5.0,B09,2,9,crops/ketone/ketone_07_c5/ketone_07_c5_wB09.png,5
ketone_07_c5_wB10,ketone_07_c5,ketone,7,5.0,B10,2,10,crops/ketone/ketone_07_c5/ketone_07_c5_wB10.png,2
ketone_07_c5_wB11,ketone_07_c5,ketone,7,5.0,B11,2,11,crops/ketone/ketone_07_c5/ketone_07_c5_wB11.png,3
ketone_07_c5_wB12,ketone_07_c5,ketone,7,5.0,B12,2,12,crops/ketone/ketone_07_c5/ketone_07_c5_wB12.png,2
ketone_07_c5_wC01,ketone_07_c5,ketone,7,5.0,C01,3,1,crops/ketone/ketone_07_c5/ketone_07_c5_wC01.png,1
ketone_07_c5_wC02,ketone_07_c5,ketone,7,5.0,C02,3,2,crops/ketone/ketone_07_c5/ketone_07_c5_wC02.png,3
ketone_07_c5_wC03,ketone_07_c5,ketone,7,5.0,C03,3,3,crops/ketone/ketone_07_c5/ketone_07_c5_wC03.png,1
ketone_07_c5_wC04,ketone_07_c5,ketone,7,5.0,C04,3,4,crops/ketone/ketone_07_c5/ketone_07_c5_wC04.png,2
ketone_07_c5_wC05,ketone_07_c5,ketone,7,5.0,C05,3,5,crops/ketone/ketone_07_c5/ketone_07_c5_wC05.png,3
ketone_07_c5_wC06,ketone_07_c5,ketone,7,5.0,C06,3,6,crops/ketone/ketone_07_c5/ketone_07_c5_wC06.png,4
ketone_07_c5_wC07,ketone_07_c5,ketone,7,5.0,C07,3,7,crops/ketone/ketone_07_c5/ketone_07_c5_wC07.png,4
ketone_07_c5_wC08,ketone_07_c5,ketone,7,5.0,C08,3,8,crops/ketone/ketone_07_c5/ketone_07_c5_wC08.png,2
ketone_07_c5_wC09,ketone_07_c5,ketone,7,5.0,C09,3,9,crops/ketone/ketone_07_c5/ketone_07_c5_wC09.png,1
ketone_07_c5_wC10,ketone_07_c5,ketone,7,5.0,C10,3,10,crops/ketone/ketone_07_c5/ketone_07_c5_wC10.png,3
ketone_07_c5_wC11,ketone_07_c5,ketone,7,5.0,C11,3,11,crops/ketone/ketone_07_c5/ketone_07_c5_wC11.png,5
ketone_07_c5_wC12,ketone_07_c5,ketone,7,5.0,C12,3,12,crops/ketone/ketone_07_c5/ketone_07_c5_wC12.png,2
ketone_07_c5_wD01,ketone_07_c5,ketone,7,5.0,D01,4,1,crops/ketone/ketone_07_c5/ketone_07_c5_wD01.png,5
ketone_07_c5_wD02,ketone_07_c5,ketone,7,5.0,D02,4,2,crops/ketone/ketone_07_c5/ketone_07_c5_wD02.png,1
ketone_07_c5_wD03,ketone_07_c5,ketone,7,5.0,D03,4,3,crops/ketone/ketone_07_c5/ketone_07_c5_wD03.png,1
ketone_07_c5_wD04,ketone_07_c5,ketone,7,5.0,D04,4,4,crops/ketone/ketone_07_c5/ketone_07_c5_wD04.png,5
ketone_07_c5_wD05,ketone_07_c5,ketone,7,5.0,D05,4,5,crops/ketone/ketone_07_c5/ketone_07_c5_wD05.png,3
ketone_07_c5_wD06,ketone_07_c5,ketone,7,5.0,D06,4,6,crops/ketone/ketone_07_c5/ketone_07_c5_wD06.png,5
ketone_07_c5_wD07,ketone_07_c5,ketone,7,5.0,D07,4,7,crops/ketone/ketone_07_c5/ketone_07_c5_wD07.png,2
ketone_07_c5_wD08,ketone_07_c5,ketone,7,5.0,D08,4,8,crops/ketone/ketone_07_c5/ketone_07_c5_wD08.png,5
ketone_07_c5_wD09,ketone_07_c5,ketone,7,5.0,D09,4,9,crops/ketone/ketone_07_c5/ketone_07_c5_wD09.png,3
ketone_07_c5_wD10,ketone_07_c5,ketone,7,5.0,D10,4,10,crops/ketone/ketone_07_c5/ketone_07_c5_wD10.png,3
ketone_07_c5_wD11,ketone_07_c5,ketone,7,5.0,D11,4,11,crops/ketone/ketone_07_c5/ketone_07_c5_wD11.png,4
ketone_07_c5_wD12,ketone_07_c5,ketone,7,5.0,D12,4,12,crops/ketone/ketone_07_c5/ketone_07_c5_wD12.png,4
ketone_07_c5_wE01,ketone_07_c5,ketone,7,5.0,E01,5,1,crops/ketone/ketone_07_c5/ketone_07_c5_wE01.png,5
ketone_07_c5_wE02,ketone_07_c5,ketone,7,5.0,E02,5,2,crops/ketone/ketone_07_c5/ketone_07_c5_wE02.png,1
ketone_07_c5_wE03,ketone_07_c5,ketone,7,5.0,E03,5,3,crops/ketone/ketone_07_c5/ketone_07_c5_wE03.png,1
ketone_07_c5_wE04,ketone_07_c5,ketone,7,5.0,E04,5,4,crops/ketone/ketone_07_c5/ketone_07_c5_wE04.png,4
ketone_07_c5_wE05,ketone_07_c5,ketone,7,5.0,E05,5,5,crops/ketone/ketone_07_c5/ketone_07_c5_wE05.png,5
ketone_07_c5_wE06,ketone_07_c5,ketone,7,5.0,E06,5,6,crops/ketone/ketone_07_c5/ketone_07_c5_wE06.png,5
ketone_07_c5_wE07,ketone_07_c5,ketone,7,5.0,E07,5,7,crops/ketone/ketone_07_c5/ketone_07_c5_wE07.png,2
ketone_07_c5_wE08,ketone_07_c5,ketone,7,5.0,E08,5,8,crops/ketone/ketone_07_c5/ketone_07_c5_wE08.png,1
ketone_07_c5_wE09,ketone_07_c5,ketone,7,5.0,E09,5,9,crops/ketone/ketone_07_c5/ketone_07_c5_wE09.png,5
ketone_07_c5_wE10,ketone_07_c5,ketone,7,5.0,E10,5,10,crops/ketone/ketone_07_c5/ketone_07_c5_wE10.png,1
ketone_07_c5_wE11,ketone_07_c5,ketone,7,5.0,E11,5,11,crops/ketone/ketone_07_c5/ketone_07_c5_wE11.png,1
ketone_07_c5_wE12,ketone_07_c5,ketone,7,5.0,E12,5,12,crops/ketone/ketone_07_c5/ketone_07_c5_wE12.png,4
ketone_07_c5_wF01,ketone_07_c5,ketone,7,5.0,F01,6,1,crops/ketone/ketone_07_c5/ketone_07_c5_wF01.png,1
ketone_07_c5_wF02,ketone_07_c5,ketone,7,5.0,F02,6,2,crops/ketone/ketone_07_c5/ketone_07_c5_wF02.png,2
ketone_07_c5_wF03,ketone_07_c5,ketone,7,5.0,F03,6,3,crops/ketone/ketone_07_c5/ketone_07_c5_wF03.png,5
ketone_07_c5_wF04,ketone_07_c5,ketone,7,5.0,F04,6,4,crops/ketone/ketone_07_c5/ketone_07_c5_wF04.png,3
ketone_07_c5_wF05,ketone_07_c5,ketone,7,5.0,F05,6,5,crops/ketone/ketone_07_c5/ketone_07_c5_wF05.png,2
ketone_07_c5_wF06,ketone_07_c5,ketone,7,5.0,F06,6,6,crops/ketone/ketone_07_c5/ketone_07_c5_wF06.png,2
ketone_07_c5_wF07,ketone_07_c5,ketone,7,5.0,F07,6,7,crops/ketone/ketone_07_c5/ketone_07_c5_wF07.png,4
ketone_07_c5_wF08,ketone_07_c5,ketone,7,5.0,F08,6,8,crops/ketone/ketone_07_c5/ketone_07_c5_wF08.png,4
ketone_07_c5_wF09,ketone_07_c5,ketone,7,5.0,F09,6,9,crops/ketone/ketone_07_c5/ketone_07_c5_wF09.png,4
ketone_07_c5_wF10,ketone_07_c5,ketone,7,5.0,F10,6,10,crops/ketone/ketone_07_c5/ketone_07_c5_wF10.png,2
ketone_07_c5_wF11,ketone_07_c5,ketone,7,5.0,F11,6,11,crops/ketone/ketone_07_c5/ketone_07_c5_wF11.png,4
ketone_07_c5_wF12,ketone_07_c5,ketone,7,5.0,F12,6,12,crops/ketone/ketone_07_c5/ketone_07_c5_wF12.png,1
ketone_07_c5_wG01,ketone_07_c5,ketone,7,5.0,G01,7,1,crops/ketone/ketone_07_c5/ketone_07_c5_wG01.png,4
ketone_07_c5_wG02,ketone_07_c5,ketone,7,5.0,G02,7,2,crops/ketone/ketone_07_c5/ketone_07_c5_wG02.png,3
ketone_07_c5_wG03,ketone_07_c5,ketone,7,5.0,G03,7,3,crops/ketone/ketone_07_c5/ketone_07_c5_wG03.png,2
ketone_07_c5_wG04,ketone_07_c5,ketone,7,5.0,G04,7,4,crops/ketone/ketone_07_c5/ketone_07_c5_wG04.png,3
ketone_07_c5_wG05,ketone_07_c5,ketone,7,5.0,G05,7,5,crops/ketone/ketone_07_c5/ketone_07_c5_wG05.png,4
ketone_07_c5_wG06,ketone_07_c5,ketone,7,5.0,G06,7,6,crops/ketone/ketone_07_c5/ketone_07_c5_wG06.png,1
ketone_07_c5_wG07,ketone_07_c5,ketone,7,5.0,G07,7,7,crops/ketone/ketone_07_c5/ketone_07_c5_wG07.png,3
ketone_07_c5_wG08,ketone_07_c5,ketone,7,5.0,G08,7,8,crops/ketone/ketone_07_c5/ketone_07_c5_wG08.png,3
ketone_07_c5_wG09,ketone_07_c5,ketone,7,5.0,G09,7,9,crops/ketone/ketone_07_c5/ketone_07_c5_wG09.png,1
ketone_07_c5_wG10,ketone_07_c5,ketone,7,5.0,G10,7,10,crops/ketone/ketone_07_c5/ketone_07_c5_wG10.png,5
ketone_07_c5_wG11,ketone_07_c5,ketone,7,5.0,G11,7,11,crops/ketone/ketone_07_c5/ketone_07_c5_wG11.png,1
ketone_07_c5_wG12,ketone_07_c5,ketone,7,5.0,G12,7,12,crops/ketone/ketone_07_c5/ketone_07_c5_wG12.png,1
ketone_07_c5_wH01,ketone_07_c5,ketone,7,5.0,H01,8,1,crops/ketone/ketone_07_c5/ketone_07_c5_wH01.png,2
ketone_07_c5_wH02,ketone_07_c5,ketone,7,5.0,H02,8,2,crops/ketone/ketone_07_c5/ketone_07_c5_wH02.png,2
ketone_07_c5_wH03,ketone_07_c5,ketone,7,5.0,H03,8,3,crops/ketone/ketone_07_c5/ketone_07_c5_wH03.png,5
ketone_07_c5_wH04,ketone_07_c5,ketone,7,5.0,H04,8,4,crops/ketone/ketone_07_c5/ketone_07_c5_wH04.png,2
ketone_07_c5_wH05,ketone_07_c5,ketone,7,5.0,H05,8,5,crops/ketone/ketone_07_c5/ketone_07_c5_wH05.png,1
ketone_07_c5_wH06,ketone_07_c5,ketone,7,5.0,H06,8,6,crops/ketone/ketone_07_c5/ketone_07_c5_wH06.png,2
ketone_07_c5_wH07,ketone_07_c5,ketone,7,5.0,H07,8,7,crops/ketone/ketone_07_c5/ketone_07_c5_wH07.png,4
ketone_07_c5_wH08,ketone_07_c5,ketone,7,5.0,H08,8,8,crops/ketone/ketone_07_c5/ketone_07_c5_wH08.png,5
ketone_07_c5_wH09,ketone_07_c5,ketone,7,5.0,H09,8,9,crops/ketone/ketone_07_c5/ketone_07_c5_wH09.png,3
ketone_07_c5_wH10,ketone_07_c5,ketone,7,5.0,H10,8,10,crops/ketone/ketone_07_c5/ketone_07_c5_wH10.png,3
ketone_07_c5_wH11,ketone_07_c5,ketone,7,5.0,H11,8,11,crops/ketone/ketone_07_c5/ketone_07_c5_wH11.png,5
ketone_07_c5_wH12,ketone_07_c5,ketone,7,5.0,H12,8,12,crops/ketone/ketone_07_c5/ketone_07_c5_wH12.png,3
ketone_08_c10_wA01,ketone_08_c10,ketone,8,10.0,A01,1,1,crops/ketone/ketone_08_c10/ketone_08_c10_wA01.png,4
ketone_08_c10_wA02,ketone_08_c10,ketone,8,10.0,A02,1,2,crops/ketone/ketone_08_c10/ketone_08_c10_wA02.png,4
ketone_08_c10_wA03,ketone_08_c10,ketone,8,10.0,A03,1,3,crops/ketone/ketone_08_c10/ketone_08_c10_wA03.png,4
ketone_08_c10_wA04,ketone_08_c10,ketone,8,10.0,A04,1,4,crops/ketone/ketone_08_c10/ketone_08_c10_wA04.png,2
ketone_08_c10_wA05,ketone_08_c10,ketone,8,10.0,A05,1,5,crops/ketone/ketone_08_c10/ketone_08_c10_wA05.png,5
ketone_08_c10_wA06,ketone_08_c10,ketone,8,10.0,A06,1,6,crops/ketone/ketone_08_c10/ketone_08_c10_wA06.png,1
ketone_08_c10_wA07,ketone_08_c10,ketone,8,10.0,A07,1,7,crops/ketone/ketone_08_c10/ketone_08_c10_wA07.png,3
ketone_08_c10_wA08,ketone_08_c10,ketone,8,10.0,A08,1,8,crops/ketone/ketone_08_c10/ketone_08_c10_wA08.png,3
ketone_08_c10_wA09,ketone_08_c10,ketone,8,10.0,A09,1,9,crops/ketone/ketone_08_c10/ketone_08_c10_wA09.png,5
ketone_08_c10_wA10,ketone_08_c10,ketone,8,10.0,A10,1,10,crops/ketone/ketone_08_c10/ketone_08_c10_wA10.png,3
ketone_08_c10_wA11,ketone_08_c10,ketone,8,10.0,A11,1,11,crops/ketone/ketone_08_c10/ketone_08_c10_wA11.png,1
ketone_08_c10_wA12,ketone_08_c10,ketone,8,10.0,A12,1,12,crops/ketone/ketone_08_c10/ketone_08_c10_wA12.png,1
ketone_08_c10_wB01,ketone_08_c10,ketone,8,10.0,B01,2,1,crops/ketone/ketone_08_c10/ketone_08_c10_wB01.png,3
ketone_08_c10_wB02,ketone_08_c10,ketone,8,10.0,B02,2,2,crops/ketone/ketone_08_c10/ketone_08_c10_wB02.png,5
ketone_08_c10_wB03,ketone_08_c10,ketone,8,10.0,B03,2,3,crops/ketone/ketone_08_c10/ketone_08_c10_wB03.png,4
ketone_08_c10_wB04,ketone_08_c10,ketone,8,10.0,B04,2,4,crops/ketone/ketone_08_c10/ketone_08_c10_wB04.png,2
ketone_08_c10_wB05,ketone_08_c10,ketone,8,10.0,B05,2,5,crops/ketone/ketone_08_c10/ketone_08_c10_wB05.png,5
ketone_08_c10_wB06,ketone_08_c10,ketone,8,10.0,B06,2,6,crops/ketone/ketone_08_c10/ketone_08_c10_wB06.png,4
ketone_08_c10_wB07,ketone_08_c10,ketone,8,10.0,B07,2,7,crops/ketone/ketone_08_c10/ketone_08_c10_wB07.png,4
ketone_08_c10_wB08,ketone_08_c10,ketone,8,10.0,B08,2,8,crops/ketone/ketone_08_c10/ketone_08_c10_wB08.png,2
ketone_08_c10_wB09,ketone_08_c10,ketone,8,10.0,B09,2,9,crops/ketone/ketone_08_c10/ketone_08_c10_wB09.png,5
ketone_08_c10_wB10,ketone_08_c10,ketone,8,10.0,B10,2,10,crops/ketone/ketone_08_c10/ketone_08_c10_wB10.png,2
ketone_08_c10_wB11,ketone_08_c10,ketone,8,10.0,B11,2,11,crops/ketone/ketone_08_c10/ketone_08_c10_wB11.png,3
ketone_08_c10_wB12,ketone_08_c10,ketone,8,10.0,B12,2,12,crops/ketone/ketone_08_c10/ketone_08_c10_wB12.png,2
ketone_08_c10_wC01,ketone_08_c10,ketone,8,10.0,C01,3,1,crops/ketone/ketone_08_c10/ketone_08_c10_wC01.png,1
ketone_08_c10_wC02,ketone_08_c10,ketone,8,10.0,C02,3,2,crops/ketone/ketone_08_c10/ketone_08_c10_wC02.png,3
ketone_08_c10_wC03,ketone_08_c10,ketone,8,10.0,C03,3,3,crops/ketone/ketone_08_c10/ketone_08_c10_wC03.png,1
ketone_08_c10_wC04,ketone_08_c10,ketone,8,10.0,C04,3,4,crops/ketone/ketone_08_c10/ketone_08_c10_wC04.png,2
ketone_08_c10_wC05,ketone_08_c10,ketone,8,10.0,C05,3,5,crops/ketone/ketone_08_c10/ketone_08_c10_wC05.png,3
ketone_08_c10_wC06,ketone_08_c10,ketone,8,10.0,C06,3,6,crops/ketone/ketone_08_c10/ketone_08_c10_wC06.png,4
ketone_08_c10_wC07,ketone_08_c10,ketone,8,10.0,C07,3,7,crops/ketone/ketone_08_c10/ketone_08_c10_wC07.png,4
ketone_08_c10_wC08,ketone_08_c10,ketone,8,10.0,C08,3,8,crops/ketone/ketone_08_c10/ketone_08_c10_wC08.png,2
ketone_08_c10_wC09,ketone_08_c10,ketone,8,10.0,C09,3,9,crops/ketone/ketone_08_c10/ketone_08_c10_wC09.png,1
ketone_08_c10_wC10,ketone_08_c10,ketone,8,10.0,C10,3,10,crops/ketone/ketone_08_c10/ketone_08_c10_wC10.png,3
ketone_08_c10_wC11,ketone_08_c10,ketone,8,10.0,C11,3,11,crops/ketone/ketone_08_c10/ketone_08_c10_wC11.png,5
ketone_08_c10_wC12,ketone_08_c10,ketone,8,10.0,C12,3,12,crops/ketone/ketone_08_c10/ketone_08_c10_wC12.png,2
ketone_08_c10_wD01,ketone_08_c10,ketone,8,10.0,D01,4,1,crops/ketone/ketone_08_c10/ketone_08_c10_wD01.png,5
ketone_08_c10_wD02,ketone_08_c10,ketone,8,10.0,D02,4,2,crops/ketone/ketone_08_c10/ketone_08_c10_wD02.png,1
ketone_08_c10_wD03,ketone_08_c10,ketone,8,10.0,D03,4,3,crops/ketone/ketone_08_c10/ketone_08_c10_wD03.png,1
ketone_08_c10_wD04,ketone_08_c10,ketone,8,10.0,D04,4,4,crops/ketone/ketone_08_c10/ketone_08_c10_wD04.png,5
ketone_08_c10_wD05,ketone_08_c10,ketone,8,10.0,D05,4,5,crops/ketone/ketone_08_c10/ketone_08_c10_wD05.png,3
ketone_08_c10_wD06,ketone_08_c10,ketone,8,10.0,D06,4,6,crops/ketone/ketone_08_c10/ketone_08_c10_wD06.png,5
ketone_08_c10_wD07,ketone_08_c10,ketone,8,10.0,D07,4,7,crops/ketone/ketone_08_c10/ketone_08_c10_wD07.png,2
ketone_08_c10_wD08,ketone_08_c10,ketone,8,10.0,D08,4,8,crops/ketone/ketone_08_c10/ketone_08_c10_wD08.png,5
ketone_08_c10_wD09,ketone_08_c10,ketone,8,10.0,D09,4,9,crops/ketone/ketone_08_c10/ketone_08_c10_wD09.png,3
ketone_08_c10_wD10,ketone_08_c10,ketone,8,10.0,D10,4,10,crops/ketone/ketone_08_c10/ketone_08_c10_wD10.png,3
ketone_08_c10_wD11,ketone_08_c10,ketone,8,10.0,D11,4,11,crops/ketone/ketone_08_c10/ketone_08_c10_wD11.png,4
ketone_08_c10_wD12,ketone_08_c10,ketone,8,10.0,D12,4,12,crops/ketone/ketone_08_c10/ketone_08_c10_wD12.png,4
ketone_08_c10_wE01,ketone_08_c10,ketone,8,10.0,E01,5,1,crops/ketone/ketone_08_c10/ketone_08_c10_wE01.png,5
ketone_08_c10_wE02,ketone_08_c10,ketone,8,10.0,E02,5,2,crops/ketone/ketone_08_c10/ketone_08_c10_wE02.png,1
ketone_08_c10_wE03,ketone_08_c10,ketone,8,10.0,E03,5,3,crops/ketone/ketone_08_c10/ketone_08_c10_wE03.png,1
ketone_08_c10_wE04,ketone_08_c10,ketone,8,10.0,E04,5,4,crops/ketone/ketone_08_c10/ketone_08_c10_wE04.png,4
ketone_08_c10_wE05,ketone_08_c10,ketone,8,10.0,E05,5,5,crops/ketone/ketone_08_c10/ketone_08_c10_wE05.png,5
ketone_08_c10_wE06,ketone_08_c10,ketone,8,10.0,E06,5,6,crops/ketone/ketone_08_c10/ketone_08_c10_wE06.png,5
ketone_08_c10_wE07,ketone_08_c10,ketone,8,10.0,E07,5,7,crops/ketone/ketone_08_c10/ketone_08_c10_wE07.png,2
ketone_08_c10_wE08,ketone_08_c10,ketone,8,10.0,E08,5,8,crops/ketone/ketone_08_c10/ketone_08_c10_wE08.png,1
ketone_08_c10_wE09,ketone_08_c10,ketone,8,10.0,E09,5,9,crops/ketone/ketone_08_c10/ketone_08_c10_wE09.png,5
ketone_08_c10_wE10,ketone_08_c10,ketone,8,10.0,E10,5,10,crops/ketone/ketone_08_c10/ketone_08_c10_wE10.png,1
ketone_08_c10_wE11,ketone_08_c10,ketone,8,10.0,E11,5,11,crops/ketone/ketone_08_c10/ketone_08_c10_wE11.png,1
ketone_08_c10_wE12,ketone_08_c10,ketone,8,10.0,E12,5,12,crops/ketone/ketone_08_c10/ketone_08_c10_wE12.png,4
ketone_08_c10_wF01,ketone_08_c10,ketone,8,10.0,F01,6,1,crops/ketone/ketone_08_c10/ketone_08_c10_wF01.png,1
ketone_08_c10_wF02,ketone_08_c10,ketone,8,10.0,F02,6,2,crops/ketone/ketone_08_c10/ketone_08_c10_wF02.png,2
ketone_08_c10_wF03,ketone_08_c10,ketone,8,10.0,F03,6,3,crops/ketone/ketone_08_c10/ketone_08_c10_wF03.png,5
ketone_08_c10_wF04,ketone_08_c10,ketone,8,10.0,F04,6,4,crops/ketone/ketone_08_c10/ketone_08_c10_wF04.png,3
ketone_08_c10_wF05,ketone_08_c10,ketone,8,10.0,F05,6,5,crops/ketone/ketone_08_c10/ketone_08_c10_wF05.png,2
ketone_08_c10_wF06,ketone_08_c10,ketone,8,10.0,F06,6,6,crops/ketone/ketone_08_c10/ketone_08_c10_wF06.png,2
ketone_08_c10_wF07,ketone_08_c10,ketone,8,10.0,F07,6,7,crops/ketone/ketone_08_c10/ketone_08_c10_wF07.png,4
ketone_08_c10_wF08,ketone_08_c10,ketone,8,10.0,F08,6,8,crops/ketone/ketone_08_c10/ketone_08_c10_wF08.png,4
ketone_08_c10_wF09,ketone_08_c10,ketone,8,10.0,F09,6,9,crops/ketone/ketone_08_c10/ketone_08_c10_wF09.png,4
ketone_08_c10_wF10,ketone_08_c10,ketone,8,10.0,F10,6,10,crops/ketone/ketone_08_c10/ketone_08_c10_wF10.png,2
ketone_08_c10_wF11,ketone_08_c10,ketone,8,10.0,F11,6,11,crops/ketone/ketone_08_c10/ketone_08_c10_wF11.png,4
ketone_08_c10_wF12,ketone_08_c10,ketone,8,10.0,F12,6,12,crops/ketone/ketone_08_c10/ketone_08_c10_wF12.png,1
ketone_08_c10_wG01,ketone_08_c10,ketone,8,10.0,G01,7,1,crops/ketone/ketone_08_c10/ketone_08_c10_wG01.png,4
ketone_08_c10_wG02,ketone_08_c10,ketone,8,10.0,G02,7,2,crops/ketone/ketone_08_c10/ketone_08_c10_wG02.png,3
ketone_08_c10_wG03,ketone_08_c10,ketone,8,10.0,G03,7,3,crops/ketone/ketone_08_c10/ketone_08_c10_wG03.png,2
ketone_08_c10_wG04,ketone_08_c10,ketone,8,10.0,G04,7,4,crops/ketone/ketone_08_c10/ketone_08_c10_wG04.png,3
ketone_08_c10_wG05,ketone_08_c10,ketone,8,10.0,G05,7,5,crops/ketone/ketone_08_c10/ketone_08_c10_wG05.png,4
ketone_08_c10_wG06,ketone_08_c10,ketone,8,10.0,G06,7,6,crops/ketone/ketone_08_c10/ketone_08_c10_wG06.png,1
ketone_08_c10_wG07,ketone_08_c10,ketone,8,10.0,G07,7,7,crops/ketone/ketone_08_c10/ketone_08_c10_wG07.png,3
ketone_08_c10_wG08,ketone_08_c10,ketone,8,10.0,G08,7,8,crops/ketone/ketone_08_c10/ketone_08_c10_wG08.png,3
ketone_08_c10_wG09,ketone_08_c10,ketone,8,10.0,G09,7,9,crops/ketone/ketone_08_c10/ketone_08_c10_wG09.png,1
ketone_08_c10_wG10,ketone_08_c10,ketone,8,10.0,G10,7,10,crops/ketone/ketone_08_c10/ketone_08_c10_wG10.png,5
ketone_08_c10_wG11,ketone_08_c10,ketone,8,10.0,G11,7,11,crops/ketone/ketone_08_c10/ketone_08_c10_wG11.png,1
ketone_08_c10_wG12,ketone_08_c10,ketone,8,10.0,G12,7,12,crops/ketone/ketone_08_c10/ketone_08_c10_wG12.png,1
ketone_08_c10_wH01,ketone_08_c10,ketone,8,10.0,H01,8,1,crops/ketone/ketone_08_c10/ketone_08_c10_wH01.png,2
ketone_08_c10_wH02,ketone_08_c10,ketone,8,10.0,H02,8,2,crops/ketone/ketone_08_c10/ketone_08_c10_wH02.png,2
ketone_08_c10_wH03,ketone_08_c10,ketone,8,10.0,H03,8,3,crops/ketone/ketone_08_c10/ketone_08_c10_wH03.png,5
ketone_08_c10_wH04,ketone_08_c10,ketone,8,10.0,H04,8,4,crops/ketone/ketone_08_c10/ketone_08_c10_wH04.png,2
ketone_08_c10_wH05,ketone_08_c10,ketone,8,10.0,H05,8,5,crops/ketone/ketone_08_c10/ketone_08_c10_wH05.png,1
ketone_08_c10_wH06,ketone_08_c10,ketone,8,10.0,H06,8,6,crops/ketone/ketone_08_c10/ketone_08_c10_wH06.png,2
ketone_08_c10_wH07,ketone_08_c10,ketone,8,10.0,H07,8,7,crops/ketone/ketone_08_c10/ketone_08_c10_wH07.png,4
ketone_08_c10_wH08,ketone_08_c10,ketone,8,10.0,H08,8,8,crops/ketone/ketone_08_c10/ketone_08_c10_wH08.png,5
ketone_08_c10_wH09,ketone_08_c10,ketone,8,10.0,H09,8,9,crops/ketone/ketone_08_c10/ketone_08_c10_wH09.png,3
ketone_08_c10_wH10,ketone_08_c10,ketone,8,10.0,H10,8,10,crops/ketone/ketone_08_c10/ketone_08_c10_wH10.png,3
ketone_08_c10_wH11,ketone_08_c10,ketone,8,10.0,H11,8,11,crops/ketone/ketone_08_c10/ketone_08_c10_wH11.png,5
ketone_08_c10_wH12,ketone_08_c10,ketone,8,10.0,H12,8,12,crops/ketone/ketone_08_c10/ketone_08_c10_wH12.png,3
