analyte,outer_fold,architecture,representation,target_transform,selected_target,epoch,training_loss,validation_mae,learning_rate
glucose,1,tiny,rgb,raw,1,1,0.6046136046900894,5.42256844657941,0.001
glucose,1,tiny,rgb,raw,1,2,0.24767654971642927,4.965866743756657,0.001
glucose,1,tiny,rgb,raw,1,3,0.15899143327366222,4.6940611052440255,0.001
glucose,1,tiny,rgb,raw,1,4,0.15131973082369024,4.125159220635715,0.001
glucose,1,tiny,rgb,raw,1,5,0.12550792043859307,3.722079986699468,0.001
glucose,1,tiny,rgb,raw,1,6,0.1331685957583514,2.7622455849106347,0.001
glucose,1,tiny,rgb,raw,1,7,0.10930853978250966,2.0887556087982913,0.001
glucose,1,tiny,rgb,raw,1,8,0.10029844433972329,2.091482898411052,0.001
glucose,1,tiny,rgb,raw,1,9,0.1132541995156895,1.6516429545000972,0.001
glucose,1,tiny,rgb,raw,1,10,0.10861728326840835,1.3362788915210573,0.001
glucose,1,tiny,rgb,raw,1,11,0.10632240998022484,1.3751338800825874,0.001
glucose,1,tiny,rgb,raw,1,12,0.0912084777246822,1.2492928718255885,0.001
glucose,1,tiny,rgb,raw,1,13,0.09486675793022821,1.3763001635839023,0.001
glucose,1,tiny,rgb,raw,1,14,0.08780511703455086,1.4781457722738935,0.001
glucose,1,tiny,rgb,raw,1,15,0.09257340110612639,1.109952797162794,0.001
glucose,1,tiny,rgb,raw,1,16,0.08657791677749518,1.715385500039031,0.001
glucose,1,tiny,rgb,raw,1,17,0.07938814398014184,1.1216468620766893,0.001
glucose,1,tiny,rgb,raw,1,18,0.07982709403290893,1.6704107266345338,0.001
glucose,1,tiny,rgb,raw,1,19,0.086360576794003,1.1866349592070813,0.001
glucose,1,tiny,rgb,raw,1,20,0.058744368927948404,0.9307426337596276,0.001
glucose,1,tiny,rgb,raw,1,21,0.06624290378707828,0.8225740376410333,0.001
glucose,1,tiny,rgb,raw,1,22,0.04809729705254237,0.7395575079423867,0.001
glucose,1,tiny,rgb,raw,1,23,0.04874075576663017,0.8100313680790309,0.001
glucose,1,tiny,rgb,raw,1,24,0.04859783979076328,0.6935630186266614,0.001
glucose,1,tiny,rgb,raw,1,25,0.04804481739799182,0.7087234178953824,0.001
glucose,1,tiny,rgb,raw,1,26,0.039511714988585675,0.787128689868981,0.001
glucose,1,tiny,rgb,raw,1,27,0.04536158147860657,0.980816093197581,0.001
glucose,1,tiny,rgb,raw,1,28,0.054319920661774546,1.3155129919382003,0.001
glucose,1,tiny,rgb,raw,1,29,0.05403229987079447,0.8947236108228368,0.001
glucose,1,tiny,rgb,raw,1,30,0.047801428401108945,0.720929417593045,0.001
glucose,1,tiny,rgb,raw,1,31,0.05383384439981345,0.8632828033135563,0.001
glucose,1,tiny,rgb,raw,1,32,0.059048725427551706,0.6794052369221311,0.0005
glucose,1,tiny,rgb,raw,1,33,0.04210183893640836,0.6923469960677843,0.0005
glucose,1,tiny,rgb,raw,1,34,0.04653024817958023,0.7876023199017964,0.0005
glucose,1,tiny,rgb,raw,1,35,0.04536015599062949,0.6233521694521897,0.0005
glucose,1,tiny,rgb,raw,1,36,0.05952160195870833,0.8873597459682881,0.0005
glucose,1,tiny,rgb,raw,1,37,0.04448214353937091,0.7151786046277084,0.0005
glucose,1,tiny,rgb,raw,1,38,0.045143124370863943,0.6779966831358906,0.0005
glucose,1,tiny,rgb,raw,1,39,0.06293763396414843,0.7426234230911057,0.0005
glucose,1,tiny,rgb,raw,1,40,0.05123843572130709,0.9373485192004606,0.0005
glucose,1,tiny,rgb,raw,1,41,0.051160269072561555,0.5668524695576743,0.0005
glucose,1,tiny,rgb,raw,1,42,0.04126488524630214,0.8724020650359072,0.0005
glucose,1,tiny,rgb,raw,1,43,0.03889369564977559,0.5228485017758802,0.0005
glucose,1,tiny,rgb,raw,1,44,0.0489025074875716,0.7316430961899113,0.0005
glucose,1,tiny,rgb,raw,1,45,0.038244299816362785,0.8588793522184299,0.0005
glucose,1,tiny,rgb,raw,1,46,0.03994764116677371,0.6181420993266055,0.0005
glucose,1,tiny,rgb,raw,1,47,0.040798273276199,0.6505906399877287,0.0005
glucose,1,tiny,rgb,raw,1,48,0.03819628614142086,0.9225479216978406,0.0005
glucose,1,tiny,rgb,raw,1,49,0.037675146081230855,0.5478112992799091,0.0005
glucose,1,tiny,rgb,raw,1,50,0.039911340233502964,0.6277062183113126,0.0005
glucose,1,tiny,rgb,raw,1,51,0.03538268721013358,0.6566632937963325,0.00025
glucose,1,tiny,rgb,raw,1,52,0.03587455814986518,0.57488406831133,0.00025
glucose,1,tiny,rgb,raw,1,53,0.0381272553042932,0.5535605983842473,0.00025
glucose,1,tiny,rgb,raw,1,54,0.0358843439004638,0.5791429618331568,0.00025
glucose,1,tiny,rgb,raw,1,55,0.035105573431108934,0.6277522681263267,0.00025
glucose,1,tiny,rgb,raw,1,56,0.03487909135944915,0.5900773699570053,0.00025
glucose,1,tiny,rgb,raw,1,57,0.04019216046188817,0.5961098719414548,0.00025
glucose,1,tiny,rgb,raw,1,58,0.0337709751996127,0.547401744795673,0.000125
glucose,1,tiny,g,raw,1,1,0.7545303285121918,5.428820524639917,0.001
glucose,1,tiny,g,raw,1,2,0.3403390987352891,5.0869151597269555,0.001
glucose,1,tiny,g,raw,1,3,0.26477877913099346,4.536180730406616,0.001
glucose,1,tiny,g,raw,1,4,0.24204832712809246,4.139364899434752,0.001
glucose,1,tiny,g,raw,1,5,0.2322287071834911,3.516536502781666,0.001
glucose,1,tiny,g,raw,1,6,0.24179306030273437,3.4578266474546884,0.001
glucose,1,tiny,g,raw,1,7,0.2301725615154613,3.0615813914215746,0.001
glucose,1,tiny,g,raw,1,8,0.2351765695846442,2.8365181379227917,0.001
glucose,1,tiny,g,raw,1,9,0.23830011071580828,2.740949336814438,0.001
glucose,1,tiny,g,raw,1,10,0.24412552949154015,2.559778975177665,0.001
glucose,1,tiny,g,raw,1,11,0.22884626307270745,2.634475432438964,0.001
glucose,1,tiny,g,raw,1,12,0.23007301850752396,2.621607863707819,0.001
glucose,1,tiny,g,raw,1,13,0.2248180613373265,2.5604673647700213,0.001
glucose,1,tiny,g,raw,1,14,0.23147484678210634,2.5071305469139302,0.001
glucose,1,tiny,g,raw,1,15,0.23156456983450688,2.4778195728063888,0.001
glucose,1,tiny,g,raw,1,16,0.23358659166278262,2.4906435883722877,0.001
glucose,1,tiny,g,raw,1,17,0.21933838083888546,2.3975837954584907,0.001
glucose,1,tiny,g,raw,1,18,0.24282439531701983,2.4137458924248674,0.001
glucose,1,tiny,g,raw,1,19,0.22146110552729983,2.607044749523229,0.001
glucose,1,tiny,g,raw,1,20,0.2308836815032092,2.501132166361422,0.001
glucose,1,tiny,g,raw,1,21,0.24346705927993312,2.513474620889287,0.001
glucose,1,tiny,g,raw,1,22,0.2265017655762759,2.5717980787989974,0.001
glucose,1,tiny,g,raw,1,23,0.22052522807410269,2.442520226376858,0.001
glucose,1,tiny,g,raw,1,24,0.2247170155698603,2.452484842720669,0.001
glucose,1,tiny,g,raw,1,25,0.21579473434072552,2.573051246074944,0.0005
glucose,1,tiny,g,raw,1,26,0.21647952451850427,2.4271270713418196,0.0005
glucose,1,tiny,g,raw,1,27,0.21340958205136387,2.3891825096764645,0.0005
glucose,1,tiny,g,raw,1,28,0.21894796201677033,2.5010395754586154,0.0005
glucose,1,tiny,g,raw,1,29,0.21492289557601466,2.3706220859456533,0.0005
glucose,1,tiny,g,raw,1,30,0.2096789690581235,2.4340602606057833,0.0005
glucose,1,tiny,g,raw,1,31,0.2278190396048806,2.5269242907591907,0.0005
glucose,1,tiny,g,raw,1,32,0.20586825266028896,2.5587257614044083,0.0005
glucose,1,tiny,g,raw,1,33,0.22052127321561177,2.3589554770756367,0.0005
glucose,1,tiny,g,raw,1,34,0.23455080552534624,2.472732359253653,0.0005
glucose,1,tiny,g,raw,1,35,0.22188443704084918,2.6997253327533284,0.0005
glucose,1,tiny,g,raw,1,36,0.22392941704302122,2.317734601381111,0.0005
glucose,1,tiny,g,raw,1,37,0.21914471008560873,2.408641175939623,0.0005
glucose,1,tiny,g,raw,1,38,0.20901497024478335,2.4696278009671824,0.0005
glucose,1,tiny,g,raw,1,39,0.21711605660843128,2.4774123439845983,0.0005
glucose,1,tiny,g,raw,1,40,0.22264271468827218,2.656432673368603,0.0005
glucose,1,tiny,g,raw,1,41,0.22984792960412576,2.6372743913984835,0.0005
glucose,1,tiny,g,raw,1,42,0.2098617226788492,2.50609935323063,0.0005
glucose,1,tiny,g,raw,1,43,0.20561078190803528,2.6025475556187625,0.0005
glucose,1,tiny,g,raw,1,44,0.19937920299443332,2.3357945269129785,0.00025
glucose,1,tiny,g,raw,1,45,0.202551688840895,2.258085181214321,0.00025
glucose,1,tiny,g,raw,1,46,0.20318581606402542,2.463466662940859,0.00025
glucose,1,tiny,g,raw,1,47,0.21058047323515922,2.6117436712385635,0.00025
glucose,1,tiny,g,raw,1,48,0.20139453772342567,2.318494344656696,0.00025
glucose,1,tiny,g,raw,1,49,0.19848818937034318,2.4457744830375705,0.00025
glucose,1,tiny,g,raw,1,50,0.20296699359561457,2.651962525306021,0.00025
glucose,1,tiny,g,raw,1,51,0.20200502493164757,2.2689089605887443,0.00025
glucose,1,tiny,g,raw,1,52,0.1992123987638589,2.4783868506168187,0.00025
glucose,1,tiny,g,raw,1,53,0.2001909343582211,2.2585491464461174,0.000125
glucose,1,tiny,g,raw,1,54,0.1915147116689971,2.3026744655898512,0.000125
glucose,1,tiny,g,raw,1,55,0.19677001978411818,2.300181467254579,0.000125
glucose,1,tiny,g,raw,1,56,0.1906254487507271,2.365328615410801,0.000125
glucose,1,tiny,g,raw,1,57,0.20121549891703056,2.331309462622922,0.000125
glucose,1,tiny,g,raw,1,58,0.19412991070386135,2.331368955816011,0.000125
glucose,1,tiny,g,raw,1,59,0.1954622082638018,2.336126659040475,0.000125
glucose,1,tiny,g,raw,1,60,0.18391254526196105,2.318241044409163,6.25e-05
glucose,1,tiny,hue_circular,raw,1,1,0.6087912200075207,5.766316946095248,0.001
glucose,1,tiny,hue_circular,raw,1,2,0.2096111235293475,5.442708251920359,0.001
glucose,1,tiny,hue_circular,raw,1,3,0.1701844823179823,5.3752488982483255,0.001
glucose,1,tiny,hue_circular,raw,1,4,0.1419915273334041,5.0385370897556285,0.001
glucose,1,tiny,hue_circular,raw,1,5,0.13477674677516474,4.780178739484222,0.001
glucose,1,tiny,hue_circular,raw,1,6,0.12236053758498394,4.340780025389843,0.001
glucose,1,tiny,hue_circular,raw,1,7,0.10549244569106535,4.05695792501315,0.001
glucose,1,tiny,hue_circular,raw,1,8,0.07270292017721769,3.772722663151759,0.001
glucose,1,tiny,hue_circular,raw,1,9,0.07549444531852549,2.47416099710263,0.001
glucose,1,tiny,hue_circular,raw,1,10,0.07714743988983559,1.8845677360908064,0.001
glucose,1,tiny,hue_circular,raw,1,11,0.06278615816863198,1.635365907808179,0.001
glucose,1,tiny,hue_circular,raw,1,12,0.05772444885788542,1.707110111517556,0.001
glucose,1,tiny,hue_circular,raw,1,13,0.05682568929412148,2.28733285086648,0.001
glucose,1,tiny,hue_circular,raw,1,14,0.06341168817245599,0.8478769168195001,0.001
glucose,1,tiny,hue_circular,raw,1,15,0.07013730770259193,1.0469793490708506,0.001
glucose,1,tiny,hue_circular,raw,1,16,0.06756245308753216,1.199905077787465,0.001
glucose,1,tiny,hue_circular,raw,1,17,0.05012319413098422,2.053319754974208,0.001
glucose,1,tiny,hue_circular,raw,1,18,0.056333899904381146,1.7154909584415186,0.001
glucose,1,tiny,hue_circular,raw,1,19,0.07707196618571426,1.1662682764735253,0.001
glucose,1,tiny,hue_circular,raw,1,20,0.05217377237524047,0.7888784201298921,0.001
glucose,1,tiny,hue_circular,raw,1,21,0.06274184327233921,1.1149317724833525,0.001
glucose,1,tiny,hue_circular,raw,1,22,0.046321287976972984,1.3366311976527507,0.001
glucose,1,tiny,hue_circular,raw,1,23,0.0462761456767718,1.2221211887773944,0.001
glucose,1,tiny,hue_circular,raw,1,24,0.046701379808964154,1.146452681975578,0.001
glucose,1,tiny,hue_circular,raw,1,25,0.04750290104385578,0.8194176841279815,0.001
glucose,1,tiny,hue_circular,raw,1,26,0.04414709535512057,0.6508126142545249,0.001
glucose,1,tiny,hue_circular,raw,1,27,0.04555516695660172,1.4017102078291757,0.001
glucose,1,tiny,hue_circular,raw,1,28,0.05054481696676124,1.0434237749880277,0.001
glucose,1,tiny,hue_circular,raw,1,29,0.05294315178285946,0.6716481547596855,0.001
glucose,1,tiny,hue_circular,raw,1,30,0.05356480723077601,0.7834358301652053,0.001
glucose,1,tiny,hue_circular,raw,1,31,0.07139881352583567,1.5705672122101055,0.001
glucose,1,tiny,hue_circular,raw,1,32,0.08688966739132549,1.2057924235202546,0.001
glucose,1,tiny,hue_circular,raw,1,33,0.06005021938771912,1.3671297493383685,0.001
glucose,1,tiny,hue_circular,raw,1,34,0.05650996154907978,0.7241839187023447,0.0005
glucose,1,tiny,hue_circular,raw,1,35,0.04112240807576613,1.2747581586427847,0.0005
glucose,1,tiny,hue_circular,raw,1,36,0.05681817269686497,0.9879784462044294,0.0005
glucose,1,tiny,hue_circular,raw,1,37,0.04952664156303261,1.0806205050920215,0.0005
glucose,1,tiny,hue_circular,raw,1,38,0.05682812893029415,1.032732406080329,0.0005
glucose,1,tiny,hue_circular,raw,1,39,0.0608075888319449,0.6212857944716403,0.0005
glucose,1,tiny,hue_circular,raw,1,40,0.04374533133073286,0.9527927491155801,0.0005
glucose,1,tiny,hue_circular,raw,1,41,0.05188047179218495,0.6079718932010357,0.0005
glucose,1,tiny,hue_circular,raw,1,42,0.049806915765458884,0.6663885431377353,0.0005
glucose,1,tiny,hue_circular,raw,1,43,0.03596156826525024,0.78055800571784,0.0005
glucose,1,tiny,hue_circular,raw,1,44,0.04134005457162857,0.9085389878179736,0.0005
glucose,1,tiny,hue_circular,raw,1,45,0.04528615449865659,0.6466663925599504,0.0005
glucose,1,tiny,hue_circular,raw,1,46,0.04696709994565357,0.7035093615977107,0.0005
glucose,1,tiny,hue_circular,raw,1,47,0.042474011264064096,0.8973265371128705,0.0005
glucose,1,tiny,hue_circular,raw,1,48,0.045328139423420934,0.6460191744546866,0.0005
glucose,1,tiny,hue_circular,raw,1,49,0.03885562382638454,0.6406402986319734,0.00025
glucose,1,tiny,hue_circular,raw,1,50,0.042364372437198955,0.612570329247885,0.00025
glucose,1,tiny,hue_circular,raw,1,51,0.03727265726210493,0.6071675127988823,0.00025
glucose,1,tiny,hue_circular,raw,1,52,0.041950602332750955,0.5832675605626435,0.00025
glucose,1,tiny,hue_circular,raw,1,53,0.040833841715798236,0.6208191576757851,0.00025
glucose,1,tiny,hue_circular,raw,1,54,0.038327497142282396,0.6021698269349847,0.00025
glucose,1,tiny,hue_circular,raw,1,55,0.03756791866864219,0.7595513264759796,0.00025
glucose,1,tiny,hue_circular,raw,1,56,0.036215292752692196,0.5968942092833971,0.00025
glucose,1,tiny,hue_circular,raw,1,57,0.043442826560049344,0.6609307376739454,0.00025
glucose,1,tiny,hue_circular,raw,1,58,0.041266116748253506,0.6718496329018516,0.00025
glucose,1,tiny,hue_circular,raw,1,59,0.03913314918225462,0.5905864734893508,0.00025
glucose,1,tiny,hue_circular,raw,1,60,0.039179689956433845,0.5889206970063557,0.000125
glucose,1,tiny,hue_circular,raw,1,61,0.03978079975102887,0.6224820387268176,0.000125
glucose,1,tiny,hue_circular,raw,1,62,0.03510959636081349,0.638256207441874,0.000125
glucose,1,tiny,hue_circular,raw,1,63,0.04089276987043294,0.6531985660134861,0.000125
glucose,1,tiny,hue_circular,raw,1,64,0.040449433073853,0.5951150278801736,0.000125
glucose,1,tiny,hue_circular,raw,1,65,0.04142309872038437,0.5764783684620054,0.000125
glucose,1,tiny,hue_circular,raw,1,66,0.04261090116518917,0.5774695611984536,0.000125
glucose,1,tiny,hue_circular,raw,1,67,0.03958236841541348,0.5799529000891274,0.000125
glucose,1,tiny,hue_circular,raw,1,68,0.038988819554673905,0.5837323464655456,0.000125
glucose,1,tiny,hue_circular,raw,1,69,0.04068376823808208,0.669675202059742,0.000125
glucose,1,tiny,hue_circular,raw,1,70,0.03607423384532784,0.6781001285550349,0.000125
glucose,1,tiny,hue_circular,raw,1,71,0.03950392659189123,0.5916545413756823,0.000125
glucose,1,tiny,hue_circular,raw,1,72,0.036733917463006395,0.5843833757550337,0.000125
glucose,1,tiny,hue_circular,raw,1,73,0.036547493934631345,0.5811556386148962,6.25e-05
glucose,1,tiny,hue_circular,raw,1,74,0.038824359542041116,0.5831952126180914,6.25e-05
glucose,1,tiny,hue_circular,raw,1,75,0.039566787738691676,0.6052353431781937,6.25e-05
glucose,1,tiny,hue_circular,raw,1,76,0.03622500228159355,0.5939731170681927,6.25e-05
glucose,1,tiny,hue_circular,raw,1,77,0.03945600149983709,0.5966275695700222,6.25e-05
glucose,1,tiny,hue_circular,raw,1,78,0.03936038003726439,0.5925320914393843,6.25e-05
glucose,1,tiny,hue_circular,raw,1,79,0.039418162631266046,0.5967725608311664,6.25e-05
glucose,1,tiny,hue_circular,raw,1,80,0.03880410849144964,0.6044910255487761,3.125e-05
glucose,1,lite,rgb,raw,1,1,0.5023465147524169,5.241625023792432,0.001
glucose,1,lite,rgb,raw,1,2,0.34557817343509556,4.994044299898336,0.001
glucose,1,lite,rgb,raw,1,3,0.22625584746852065,4.819250842406428,0.001
glucose,1,lite,rgb,raw,1,4,0.16919978387428053,4.775699392949975,0.001
glucose,1,lite,rgb,raw,1,5,0.14104920169620802,4.751495906571197,0.001
glucose,1,lite,rgb,raw,1,6,0.11411304464845946,4.464415407959975,0.001
glucose,1,lite,rgb,raw,1,7,0.12474779893051494,3.800652244282782,0.001
glucose,1,lite,rgb,raw,1,8,0.11617773084929495,2.8997201690944894,0.001
glucose,1,lite,rgb,raw,1,9,0.1135319297060822,2.1340443734412777,0.001
glucose,1,lite,rgb,raw,1,10,0.11730962278264942,1.7084694033615833,0.001
glucose,1,lite,rgb,raw,1,11,0.11148715992317056,1.5471552381262108,0.001
glucose,1,lite,rgb,raw,1,12,0.10469658370270873,1.3537317475809088,0.001
glucose,1,lite,rgb,raw,1,13,0.10250281149690801,1.2128651830582415,0.001
glucose,1,lite,rgb,raw,1,14,0.10959020613720923,1.1728919411678989,0.001
glucose,1,lite,rgb,raw,1,15,0.09860236184163527,1.1273107126827264,0.001
glucose,1,lite,rgb,raw,1,16,0.10445169869697456,1.0147211447359867,0.001
glucose,1,lite,rgb,raw,1,17,0.07140437109452305,0.938485726778331,0.001
glucose,1,lite,rgb,raw,1,18,0.06304159385688377,0.8905245722368793,0.001
glucose,1,lite,rgb,raw,1,19,0.06693205968900161,0.7996627726827982,0.001
glucose,1,lite,rgb,raw,1,20,0.058899946307594125,0.9974565711283877,0.001
glucose,1,lite,rgb,raw,1,21,0.059198287761572634,0.7438459307304754,0.001
glucose,1,lite,rgb,raw,1,22,0.049495443611434015,0.7421229890662531,0.001
glucose,1,lite,rgb,raw,1,23,0.049903349488070514,0.7461256858049385,0.001
glucose,1,lite,rgb,raw,1,24,0.058911093482465454,0.6937343258794307,0.001
glucose,1,lite,rgb,raw,1,25,0.05520764065511299,0.8757502190079051,0.001
glucose,1,lite,rgb,raw,1,26,0.04964434084567157,0.7373279454763213,0.001
glucose,1,lite,rgb,raw,1,27,0.04328279890345805,0.7742704483854688,0.001
glucose,1,lite,rgb,raw,1,28,0.055042908837397896,0.7168198687404567,0.001
glucose,1,lite,rgb,raw,1,29,0.04697720469398932,0.8387748246110281,0.001
glucose,1,lite,rgb,raw,1,30,0.053246250297084,0.6732220425570763,0.001
glucose,1,lite,rgb,raw,1,31,0.05566364793163357,0.6494401810760926,0.001
glucose,1,lite,rgb,raw,1,32,0.05402518411477407,0.7522908743546118,0.001
glucose,1,lite,rgb,raw,1,33,0.04841537403337883,0.7410123038059976,0.001
glucose,1,lite,rgb,raw,1,34,0.05380049402063543,0.7029814082435243,0.001
glucose,1,lite,rgb,raw,1,35,0.044807171099113696,0.6727762270441809,0.001
glucose,1,lite,rgb,raw,1,36,0.058964029970494186,0.6735517564278308,0.001
glucose,1,lite,rgb,raw,1,37,0.05036941906719497,0.6849252087597736,0.001
glucose,1,lite,rgb,raw,1,38,0.04935803016026815,0.8131928308340753,0.001
glucose,1,lite,rgb,raw,1,39,0.0414230789989233,0.676105839075266,0.0005
glucose,1,lite,rgb,raw,1,40,0.04899805323644118,0.5936573912917715,0.0005
glucose,1,lite,rgb,raw,1,41,0.04323524286349614,0.6313620163583183,0.0005
glucose,1,lite,rgb,raw,1,42,0.04855926305507169,0.6054908908285905,0.0005
glucose,1,lite,rgb,raw,1,43,0.0374378365323399,0.669861231780512,0.0005
glucose,1,lite,rgb,raw,1,44,0.0366674057913549,0.6014043487483804,0.0005
glucose,1,lite,rgb,raw,1,45,0.04343672354112972,0.5772754129540905,0.0005
glucose,1,lite,rgb,raw,1,46,0.0341997594770157,0.6462178610082063,0.0005
glucose,1,lite,rgb,raw,1,47,0.046496838602152736,0.6966141383270904,0.0005
glucose,1,lite,rgb,raw,1,48,0.03898023436918403,0.6693731180810494,0.0005
glucose,1,lite,rgb,raw,1,49,0.038032194926883235,0.6238903633069603,0.0005
glucose,1,lite,rgb,raw,1,50,0.036040572867248995,0.6380255191092274,0.0005
glucose,1,lite,rgb,raw,1,51,0.04019641731724594,0.6354821049656448,0.0005
glucose,1,lite,rgb,raw,1,52,0.036980159490397485,0.6382743874222002,0.0005
glucose,1,lite,rgb,raw,1,53,0.050406301111885994,0.58796830360319,0.00025
glucose,1,lite,rgb,raw,1,54,0.03796815133907578,0.654522683178188,0.00025
glucose,1,lite,rgb,raw,1,55,0.0434876744945844,0.660223565680328,0.00025
glucose,1,lite,rgb,raw,1,56,0.039678122012904195,0.5857840793914747,0.00025
glucose,1,lite,rgb,raw,1,57,0.0370887094374859,0.638976977869564,0.00025
glucose,1,lite,rgb,raw,1,58,0.03597767637534575,0.5714145519326386,0.00025
glucose,1,lite,rgb,raw,1,59,0.03807676303567308,0.5583041667843746,0.00025
glucose,1,lite,rgb,raw,1,60,0.03875771248430917,0.5996176777360739,0.00025
glucose,1,lite,rgb,raw,1,61,0.033024664945674666,0.6047206239702315,0.00025
glucose,1,lite,rgb,raw,1,62,0.036293249374086206,0.6292713760736615,0.00025
glucose,1,lite,rgb,raw,1,63,0.042059415578842164,0.5693887253005225,0.00025
glucose,1,lite,rgb,raw,1,64,0.03244741662885203,0.629541563987831,0.00025
glucose,1,lite,rgb,raw,1,65,0.036648103346427284,0.6267674545733789,0.00025
glucose,1,lite,rgb,raw,1,66,0.031992937285791744,0.6374153442157874,0.00025
glucose,1,lite,rgb,raw,1,67,0.03467926979064941,0.6297932064118023,0.000125
glucose,1,lite,rgb,raw,1,68,0.047878561078599,0.6197156753660004,0.000125
glucose,1,lite,rgb,raw,1,69,0.04373780502514406,0.6309108334783672,0.000125
glucose,1,lite,rgb,raw,1,70,0.03099060934601408,0.6229857132551495,0.000125
glucose,1,lite,rgb,raw,1,71,0.042396206273273986,0.6350715534333871,0.000125
glucose,1,lite,rgb,raw,1,72,0.0441082829948176,0.626717093100937,0.000125
glucose,1,lite,rgb,raw,1,73,0.04126378433270888,0.5979894966016182,0.000125
glucose,1,lite,rgb,raw,1,74,0.0386103230669643,0.6004936655742228,6.25e-05
glucose,2,tiny,rgb,raw,1,1,0.6259555177965747,5.708646024062355,0.001
glucose,2,tiny,rgb,raw,1,2,0.1759260120716962,5.4026962229183475,0.001
glucose,2,tiny,rgb,raw,1,3,0.12844705693812378,5.067104831826007,0.001
glucose,2,tiny,rgb,raw,1,4,0.11340262899633313,3.9476346871770356,0.001
glucose,2,tiny,rgb,raw,1,5,0.11532228201316828,3.517664268207612,0.001
glucose,2,tiny,rgb,raw,1,6,0.11318960618199961,2.8459968483584563,0.001
glucose,2,tiny,rgb,raw,1,7,0.10062988066904235,2.244757437422683,0.001
glucose,2,tiny,rgb,raw,1,8,0.10992435353701233,2.140414109825377,0.001
glucose,2,tiny,rgb,raw,1,9,0.10258068286448761,1.3418393836059694,0.001
glucose,2,tiny,rgb,raw,1,10,0.08654545761655943,1.6341565830541724,0.001
glucose,2,tiny,rgb,raw,1,11,0.07157139904275203,0.8723737778675654,0.001
glucose,2,tiny,rgb,raw,1,12,0.05801150817340781,1.205610543882852,0.001
glucose,2,tiny,rgb,raw,1,13,0.05280090034863011,0.8272331689155595,0.001
glucose,2,tiny,rgb,raw,1,14,0.053028155934348724,0.7852264748194059,0.001
glucose,2,tiny,rgb,raw,1,15,0.05613166026093743,0.7153195143311274,0.001
glucose,2,tiny,rgb,raw,1,16,0.04670373052802775,0.6478232873091293,0.001
glucose,2,tiny,rgb,raw,1,17,0.0538363811711263,0.7263704642262145,0.001
glucose,2,tiny,rgb,raw,1,18,0.04799124522997974,0.9687307929052202,0.001
glucose,2,tiny,rgb,raw,1,19,0.049871894002138414,0.8037445288550619,0.001
glucose,2,tiny,rgb,raw,1,20,0.05017216102776691,0.6126912039100013,0.001
glucose,2,tiny,rgb,raw,1,21,0.04226717813115362,0.7544875135196019,0.001
glucose,2,tiny,rgb,raw,1,22,0.04546772094024276,0.6280642798983217,0.001
glucose,2,tiny,rgb,raw,1,23,0.04448439147539892,0.6936363540666087,0.001
glucose,2,tiny,rgb,raw,1,24,0.04084728911363599,0.6130834174324872,0.001
glucose,2,tiny,rgb,raw,1,25,0.047552677990116414,0.5417864323763971,0.001
glucose,2,tiny,rgb,raw,1,26,0.03772518403089748,0.5662925397212452,0.001
glucose,2,tiny,rgb,raw,1,27,0.03454150422163941,0.729730998494395,0.001
glucose,2,tiny,rgb,raw,1,28,0.03977624955968779,0.9237843963477679,0.001
glucose,2,tiny,rgb,raw,1,29,0.039069361972238106,0.581465371439992,0.001
glucose,2,tiny,rgb,raw,1,30,0.03682959718205001,0.8833173617484207,0.001
glucose,2,tiny,rgb,raw,1,31,0.03614756038021046,0.8413502859026348,0.001
glucose,2,tiny,rgb,raw,1,32,0.03970509368909631,0.7700275906473366,0.001
glucose,2,tiny,rgb,raw,1,33,0.03605360234636486,0.529302103626126,0.0005
glucose,2,tiny,rgb,raw,1,34,0.04034824312932445,0.6429396188839854,0.0005
glucose,2,tiny,rgb,raw,1,35,0.030848421131423085,0.7000286523383359,0.0005
glucose,2,tiny,rgb,raw,1,36,0.03424812603503155,0.6107292568607671,0.0005
glucose,2,tiny,rgb,raw,1,37,0.05095402947481272,0.7927721324743537,0.0005
glucose,2,tiny,rgb,raw,1,38,0.04910414201802895,0.5405206947849398,0.0005
glucose,2,tiny,rgb,raw,1,39,0.032694245670573725,0.8601949657427655,0.0005
glucose,2,tiny,rgb,raw,1,40,0.03733476166698066,0.5176427066244813,0.0005
glucose,2,tiny,rgb,raw,1,41,0.03913775542209649,0.5707733315073432,0.0005
glucose,2,tiny,rgb,raw,1,42,0.036065087210936625,0.5219512257103037,0.0005
glucose,2,tiny,rgb,raw,1,43,0.03480523317946807,0.5282026118588427,0.0005
glucose,2,tiny,rgb,raw,1,44,0.037213500927795067,0.7495848148465708,0.0005
glucose,2,tiny,rgb,raw,1,45,0.03804315336814758,0.5078610180266095,0.0005
glucose,2,tiny,rgb,raw,1,46,0.02993725101156757,0.6593737345806785,0.0005
glucose,2,tiny,rgb,raw,1,47,0.03388541286752938,0.6646767372951102,0.0005
glucose,2,tiny,rgb,raw,1,48,0.031116819256242094,0.856367593895143,0.0005
glucose,2,tiny,rgb,raw,1,49,0.03570629352073556,0.4654999848608799,0.0005
glucose,2,tiny,rgb,raw,1,50,0.03284052167026723,0.7947573974049956,0.0005
glucose,2,tiny,rgb,raw,1,51,0.03671756172177955,0.5369634779050017,0.0005
glucose,2,tiny,rgb,raw,1,52,0.03465988980009375,0.6650794986478228,0.0005
glucose,2,tiny,rgb,raw,1,53,0.0335886279057195,0.4977938457788324,0.0005
glucose,2,tiny,rgb,raw,1,54,0.03497419438578866,1.042436476039299,0.0005
glucose,2,tiny,rgb,raw,1,55,0.033133434117861904,0.47682504843455825,0.0005
glucose,2,tiny,rgb,raw,1,56,0.03225163518605218,0.5057920741326106,0.0005
glucose,2,tiny,rgb,raw,1,57,0.030578328893365873,0.6643003281999761,0.00025
glucose,2,tiny,rgb,raw,1,58,0.03144233950293011,0.9702038499651434,0.00025
glucose,2,tiny,rgb,raw,1,59,0.02925270461600868,0.5936319565841172,0.00025
glucose,2,tiny,rgb,raw,1,60,0.02953448386976687,0.5331037424087651,0.00025
glucose,2,tiny,rgb,raw,1,61,0.03203023690313945,0.6248519424261263,0.00025
glucose,2,tiny,rgb,raw,1,62,0.03318605226660272,0.4435771183938313,0.00025
glucose,2,tiny,rgb,raw,1,63,0.031743291815418066,0.4877490169948721,0.00025
glucose,2,tiny,rgb,raw,1,64,0.03155596938744831,0.5180692538420666,0.00025
glucose,2,tiny,rgb,raw,1,65,0.02916833712273845,0.5897736892496738,0.00025
glucose,2,tiny,rgb,raw,1,66,0.02839985691932559,0.7097020846018846,0.00025
glucose,2,tiny,rgb,raw,1,67,0.03192054959438775,0.8263766820359286,0.00025
glucose,2,tiny,rgb,raw,1,68,0.029217591423169334,0.6367718204506758,0.00025
glucose,2,tiny,rgb,raw,1,69,0.030160775011191604,0.9771751444666689,0.00025
glucose,2,tiny,rgb,raw,1,70,0.03170887560440691,0.7224211104311286,0.000125
glucose,2,tiny,rgb,raw,1,71,0.028203577147422,0.47373462239212755,0.000125
glucose,2,tiny,rgb,raw,1,72,0.022571183457948413,0.4782529547903485,0.000125
glucose,2,tiny,rgb,raw,1,73,0.026533719135556598,0.4631996631317443,0.000125
glucose,2,tiny,rgb,raw,1,74,0.028904205485179066,0.6176012133228178,0.000125
glucose,2,tiny,rgb,raw,1,75,0.026627687998282572,0.4997406267459492,0.000125
glucose,2,tiny,rgb,raw,1,76,0.028212723215339613,0.45807844932019,0.000125
glucose,2,tiny,rgb,raw,1,77,0.02843912569292434,0.47520640556628524,6.25e-05
glucose,2,tiny,g,raw,1,1,0.7499890360764704,5.673733050936917,0.001
glucose,2,tiny,g,raw,1,2,0.33180095732833875,4.96029084340156,0.001
glucose,2,tiny,g,raw,1,3,0.26440413342858216,4.37230689138711,0.001
glucose,2,tiny,g,raw,1,4,0.2372961113154444,3.4413325563844834,0.001
glucose,2,tiny,g,raw,1,5,0.24717470228494368,3.0986484643723573,0.001
glucose,2,tiny,g,raw,1,6,0.2476078313615745,2.9427297759038655,0.001
glucose,2,tiny,g,raw,1,7,0.23873237343907533,2.619546671137149,0.001
glucose,2,tiny,g,raw,1,8,0.2324784303919569,2.5264408561884584,0.001
glucose,2,tiny,g,raw,1,9,0.239942297939039,2.54214569560683,0.001
glucose,2,tiny,g,raw,1,10,0.2344132318493151,2.4257153149569963,0.001
glucose,2,tiny,g,raw,1,11,0.232518584491066,2.543898692379865,0.001
glucose,2,tiny,g,raw,1,12,0.2339523317383938,2.3215753397409298,0.001
glucose,2,tiny,g,raw,1,13,0.22605535301384022,2.3662132299319123,0.001
glucose,2,tiny,g,raw,1,14,0.22828220852529948,2.322898608671589,0.001
glucose,2,tiny,g,raw,1,15,0.22994546461211943,2.5244880368978704,0.001
glucose,2,tiny,g,raw,1,16,0.22359320252645212,2.35258921238535,0.001
glucose,2,tiny,g,raw,1,17,0.23349325005770086,2.505242206744406,0.001
glucose,2,tiny,g,raw,1,18,0.24393312739633058,2.3896015203198275,0.001
glucose,2,tiny,g,raw,1,19,0.23183580673398274,2.5786507447753295,0.001
glucose,2,tiny,g,raw,1,20,0.220177215919587,2.3525695243070093,0.0005
glucose,2,tiny,g,raw,1,21,0.22323024970230865,2.404926247980336,0.0005
glucose,2,tiny,g,raw,1,22,0.22248734014133761,2.2747909359763305,0.0005
glucose,2,tiny,g,raw,1,23,0.22669680603126122,2.2712409406350655,0.0005
glucose,2,tiny,g,raw,1,24,0.2212182128393881,2.3454360349841776,0.0005
glucose,2,tiny,g,raw,1,25,0.22403848572077587,2.3058517074188543,0.0005
glucose,2,tiny,g,raw,1,26,0.21664422808212247,2.304254074737522,0.0005
glucose,2,tiny,g,raw,1,27,0.21759849455868258,2.312547657562154,0.0005
glucose,2,tiny,g,raw,1,28,0.21922899807085755,2.324959158727415,0.0005
glucose,2,tiny,g,raw,1,29,0.2184953286510999,2.229571056490468,0.0005
glucose,2,tiny,g,raw,1,30,0.21053894577012155,2.252312185661402,0.0005
glucose,2,tiny,g,raw,1,31,0.20889858055399002,2.3143944956590725,0.0005
glucose,2,tiny,g,raw,1,32,0.21563088694023838,2.3327997315417304,0.0005
glucose,2,tiny,g,raw,1,33,0.21763682940588977,2.320519777960429,0.0005
glucose,2,tiny,g,raw,1,34,0.2143704498133965,2.2065693364213996,0.0005
glucose,2,tiny,g,raw,1,35,0.20783913122204128,2.3919318320340577,0.0005
glucose,2,tiny,g,raw,1,36,0.21036941443754556,2.2049089402218054,0.0005
glucose,2,tiny,g,raw,1,37,0.21521361471999065,2.22061607770693,0.0005
glucose,2,tiny,g,raw,1,38,0.20691942702284868,2.3254441374436796,0.0005
glucose,2,tiny,g,raw,1,39,0.20984716153802174,2.5791264293222578,0.0005
glucose,2,tiny,g,raw,1,40,0.20886398349984392,2.250216014565567,0.0005
glucose,2,tiny,g,raw,1,41,0.206584932063269,2.5888246723563513,0.0005
glucose,2,tiny,g,raw,1,42,0.2044402360249916,2.289117251101732,0.0005
glucose,2,tiny,g,raw,1,43,0.20908012559801206,2.306173611564019,0.0005
glucose,2,tiny,g,raw,1,44,0.20267983520439592,2.280525094453151,0.00025
glucose,2,tiny,g,raw,1,45,0.1957065016697487,2.2112032632494762,0.00025
glucose,2,tiny,g,raw,1,46,0.19325776158342062,2.1204635926860065,0.00025
glucose,2,tiny,g,raw,1,47,0.19281822107676777,2.2601257935231756,0.00025
glucose,2,tiny,g,raw,1,48,0.19111044810399214,2.2721606413965314,0.00025
glucose,2,tiny,g,raw,1,49,0.19769680793168115,2.0926319781920615,0.00025
glucose,2,tiny,g,raw,1,50,0.19165919974290846,2.301472264833306,0.00025
glucose,2,tiny,g,raw,1,51,0.1895779671061412,2.3328146306679276,0.00025
glucose,2,tiny,g,raw,1,52,0.19185587208601473,2.2801831315896046,0.00025
glucose,2,tiny,g,raw,1,53,0.19499705483145935,2.1739659057610723,0.00025
glucose,2,tiny,g,raw,1,54,0.19411817119746913,2.2188487821160687,0.00025
glucose,2,tiny,g,raw,1,55,0.18965161663942295,2.2237507703771255,0.00025
glucose,2,tiny,g,raw,1,56,0.1848626733048307,2.1130395123921937,0.00025
glucose,2,tiny,g,raw,1,57,0.19624363416708707,2.2033837481549696,0.000125
glucose,2,tiny,g,raw,1,58,0.1794301241458617,2.313524122552208,0.000125
glucose,2,tiny,g,raw,1,59,0.18874053677041555,2.1011078303024586,0.000125
glucose,2,tiny,g,raw,1,60,0.18757812203575708,2.118578693312155,0.000125
glucose,2,tiny,g,raw,1,61,0.1936436646830307,2.317749941939838,0.000125
glucose,2,tiny,g,raw,1,62,0.19115854420001036,2.4708910212697437,0.000125
glucose,2,tiny,g,raw,1,63,0.18775937507475898,2.134638076782274,0.000125
glucose,2,tiny,g,raw,1,64,0.18662867332002267,2.0956807305630814,6.25e-05
glucose,2,tiny,hue_circular,raw,1,1,0.7316372411439387,5.771709912815175,0.001
glucose,2,tiny,hue_circular,raw,1,2,0.18303952562649098,5.652534151257343,0.001
glucose,2,tiny,hue_circular,raw,1,3,0.13811964271853827,5.52809746726783,0.001
glucose,2,tiny,hue_circular,raw,1,4,0.13517338541598684,5.269804360919,0.001
glucose,2,tiny,hue_circular,raw,1,5,0.1333815362165653,4.810851953158614,0.001
glucose,2,tiny,hue_circular,raw,1,6,0.09806059802786604,4.473711473405974,0.001
glucose,2,tiny,hue_circular,raw,1,7,0.07624479332153204,3.5800057089165302,0.001
glucose,2,tiny,hue_circular,raw,1,8,0.07132263291743758,2.957131431625463,0.001
glucose,2,tiny,hue_circular,raw,1,9,0.058697681213366826,2.088600174667118,0.001
glucose,2,tiny,hue_circular,raw,1,10,0.052852857458209494,1.6855474693658126,0.001
glucose,2,tiny,hue_circular,raw,1,11,0.05052023882881895,1.0161707579339667,0.001
glucose,2,tiny,hue_circular,raw,1,12,0.0656706506577938,1.446345073680566,0.001
glucose,2,tiny,hue_circular,raw,1,13,0.05489122988614524,1.2824974581842263,0.001
glucose,2,tiny,hue_circular,raw,1,14,0.052464165654027874,0.7061240959269917,0.001
glucose,2,tiny,hue_circular,raw,1,15,0.046730415465312994,1.0750968888377794,0.001
glucose,2,tiny,hue_circular,raw,1,16,0.04942974966746684,1.091638856631419,0.001
glucose,2,tiny,hue_circular,raw,1,17,0.049296002324265266,1.8452715826142445,0.001
glucose,2,tiny,hue_circular,raw,1,18,0.04747624070440515,2.0068261866128805,0.001
glucose,2,tiny,hue_circular,raw,1,19,0.05025955527776577,0.9111621643390535,0.001
glucose,2,tiny,hue_circular,raw,1,20,0.04730913105758043,1.0300744211836883,0.001
glucose,2,tiny,hue_circular,raw,1,21,0.04757657170784278,1.7482586260711783,0.001
glucose,2,tiny,hue_circular,raw,1,22,0.052267335310867045,0.7838436211044674,0.0005
glucose,2,tiny,hue_circular,raw,1,23,0.04288715260705721,1.2451958912343877,0.0005
glucose,2,tiny,hue_circular,raw,1,24,0.05189491979411391,0.7595256975918828,0.0005
glucose,2,tiny,hue_circular,raw,1,25,0.0436745631590419,0.6549014320059411,0.0005
glucose,2,tiny,hue_circular,raw,1,26,0.04679757614804629,0.6321797263947502,0.0005
glucose,2,tiny,hue_circular,raw,1,27,0.04542831918877035,0.680102189499619,0.0005
glucose,2,tiny,hue_circular,raw,1,28,0.039919858845575376,0.6544490664284389,0.0005
glucose,2,tiny,hue_circular,raw,1,29,0.03949325335185681,0.7125779095868917,0.0005
glucose,2,tiny,hue_circular,raw,1,30,0.03779833276940707,0.6706581725031449,0.0005
glucose,2,tiny,hue_circular,raw,1,31,0.04177467933621385,0.8380099528988616,0.0005
glucose,2,tiny,hue_circular,raw,1,32,0.0510705781853501,0.6713207624187284,0.0005
glucose,2,tiny,hue_circular,raw,1,33,0.04802494459464902,0.6245721697338993,0.0005
glucose,2,tiny,hue_circular,raw,1,34,0.043082173042077065,0.591253462789813,0.0005
glucose,2,tiny,hue_circular,raw,1,35,0.03794676968175501,0.8191712065111209,0.0005
glucose,2,tiny,hue_circular,raw,1,36,0.03701861020616199,0.7272981383345215,0.0005
glucose,2,tiny,hue_circular,raw,1,37,0.044418308523035265,0.7709061952911186,0.0005
glucose,2,tiny,hue_circular,raw,1,38,0.04971191224304823,0.7028328606660206,0.0005
glucose,2,tiny,hue_circular,raw,1,39,0.0426332353712816,0.7583264807846923,0.0005
glucose,2,tiny,hue_circular,raw,1,40,0.0373770107449922,0.6997142586617692,0.0005
glucose,2,tiny,hue_circular,raw,1,41,0.047261305086747724,0.6024356522632194,0.0005
glucose,2,tiny,hue_circular,raw,1,42,0.04121063417587124,0.6434568610725304,0.00025
glucose,2,tiny,hue_circular,raw,1,43,0.03600931652001315,0.6129570458451263,0.00025
glucose,2,tiny,hue_circular,raw,1,44,0.04165781685185859,0.8504617019667855,0.00025
glucose,2,tiny,hue_circular,raw,1,45,0.03685394941583476,0.8721252810580231,0.00025
glucose,2,tiny,hue_circular,raw,1,46,0.03888064598728488,0.6685001910141102,0.00025
glucose,2,tiny,hue_circular,raw,1,47,0.04151499262509865,0.6023382913121579,0.00025
glucose,2,tiny,hue_circular,raw,1,48,0.03705794505230894,0.7373238437403085,0.00025
glucose,2,tiny,hue_circular,raw,1,49,0.03900553762424187,0.6466474477045504,0.000125
glucose,2,lite,rgb,raw,1,1,0.4782379720187933,5.533580780079713,0.001
glucose,2,lite,rgb,raw,1,2,0.34674326113901266,5.851872378612574,0.001
glucose,2,lite,rgb,raw,1,3,0.25458523448995257,6.419526140647616,0.001
glucose,2,lite,rgb,raw,1,4,0.1812603839308068,7.086159837838289,0.001
glucose,2,lite,rgb,raw,1,5,0.14206692505344726,7.334458697335123,0.001
glucose,2,lite,rgb,raw,1,6,0.12540750336540438,6.726147346179349,0.001
glucose,2,lite,rgb,raw,1,7,0.1147898755379121,5.183411451703927,0.001
glucose,2,lite,rgb,raw,1,8,0.10703334671996212,3.517623933502571,0.001
glucose,2,lite,rgb,raw,1,9,0.10039718650092666,2.273072538981052,0.001
glucose,2,lite,rgb,raw,1,10,0.09220540384732842,1.697296468860705,0.001
glucose,2,lite,rgb,raw,1,11,0.08185881306313189,1.2297584431047552,0.001
glucose,2,lite,rgb,raw,1,12,0.06826680040350615,0.9405029361655476,0.001
glucose,2,lite,rgb,raw,1,13,0.0645716919517908,0.7285469379159593,0.001
glucose,2,lite,rgb,raw,1,14,0.07059683503052872,0.747079673133907,0.001
glucose,2,lite,rgb,raw,1,15,0.06670512295648699,0.8116335881182106,0.001
glucose,2,lite,rgb,raw,1,16,0.0528827281238514,0.757830832958269,0.001
glucose,2,lite,rgb,raw,1,17,0.06507643797447359,0.7596814533924611,0.001
glucose,2,lite,rgb,raw,1,18,0.04663205336662767,0.5639923450294999,0.001
glucose,2,lite,rgb,raw,1,19,0.05084709893640036,0.5421904940025383,0.001
glucose,2,lite,rgb,raw,1,20,0.05215121801781583,0.5989762526446474,0.001
glucose,2,lite,rgb,raw,1,21,0.048709782587167225,0.6214814381624462,0.001
glucose,2,lite,rgb,raw,1,22,0.05017231048352672,0.5430962814064941,0.001
glucose,2,lite,rgb,raw,1,23,0.05137966683164972,0.5810224067870687,0.001
glucose,2,lite,rgb,raw,1,24,0.05775703349873845,0.7140357106693064,0.001
glucose,2,lite,rgb,raw,1,25,0.04573966251289258,0.693951608065797,0.001
glucose,2,lite,rgb,raw,1,26,0.0442717076791381,0.6600794071314813,0.001
glucose,2,lite,rgb,raw,1,27,0.046061333518714026,0.5661780323122971,0.0005
glucose,2,lite,rgb,raw,1,28,0.04650573172619019,0.5572232640873422,0.0005
glucose,2,lite,rgb,raw,1,29,0.04514662898943694,0.6177410094333522,0.0005
glucose,2,lite,rgb,raw,1,30,0.04625882463732348,0.6979157185510705,0.0005
glucose,2,lite,rgb,raw,1,31,0.04608373108546176,0.6856035828478254,0.0005
glucose,2,lite,rgb,raw,1,32,0.04213208513092888,0.6389474951805695,0.0005
glucose,2,lite,rgb,raw,1,33,0.05285835894582524,0.6551871840798651,0.0005
glucose,2,lite,rgb,raw,1,34,0.04170945261212291,0.6622211690438357,0.00025
glucose,3,tiny,rgb,raw,1,1,0.8237047668452057,5.869809552715837,0.001
glucose,3,tiny,rgb,raw,1,2,0.3029198211502567,5.215585332726589,0.001
glucose,3,tiny,rgb,raw,1,3,0.14570706991698099,4.700506082707804,0.001
glucose,3,tiny,rgb,raw,1,4,0.13669189183393995,3.8624774153239145,0.001
glucose,3,tiny,rgb,raw,1,5,0.12345783270329193,3.0505680717320605,0.001
glucose,3,tiny,rgb,raw,1,6,0.11352695214899393,2.612803696270728,0.001
glucose,3,tiny,rgb,raw,1,7,0.09964694707875102,2.040504192189197,0.001
glucose,3,tiny,rgb,raw,1,8,0.0864161514800636,2.265171355196249,0.001
glucose,3,tiny,rgb,raw,1,9,0.05789044489403951,1.4532684876296778,0.001
glucose,3,tiny,rgb,raw,1,10,0.05765307817924573,1.0951138642328084,0.001
glucose,3,tiny,rgb,raw,1,11,0.04391712896892282,1.3066731759720998,0.001
glucose,3,tiny,rgb,raw,1,12,0.05720331537608063,1.086265844066241,0.001
glucose,3,tiny,rgb,raw,1,13,0.049690862348644636,0.7650992492120223,0.001
glucose,3,tiny,rgb,raw,1,14,0.045289873499451024,0.7040309362236641,0.001
glucose,3,tiny,rgb,raw,1,15,0.04495196363121138,1.2178543310140186,0.001
glucose,3,tiny,rgb,raw,1,16,0.05187254813229096,0.6391498265170727,0.001
glucose,3,tiny,rgb,raw,1,17,0.044254231415189325,1.0782592109112072,0.001
glucose,3,tiny,rgb,raw,1,18,0.055219627977883226,0.9439490263144819,0.001
glucose,3,tiny,rgb,raw,1,19,0.04413764514639729,0.9557176360208403,0.001
glucose,3,tiny,rgb,raw,1,20,0.049971250858818546,1.0755645670307585,0.001
glucose,3,tiny,rgb,raw,1,21,0.07059374074111574,0.8163745570034664,0.001
glucose,3,tiny,rgb,raw,1,22,0.0489898803470387,0.5992498568173191,0.001
glucose,3,tiny,rgb,raw,1,23,0.04003000604169202,0.9994995030943804,0.001
glucose,3,tiny,rgb,raw,1,24,0.04838066834862026,0.8801500953624505,0.001
glucose,3,tiny,rgb,raw,1,25,0.051447247875363034,0.5860321215392447,0.001
glucose,3,tiny,rgb,raw,1,26,0.03447477757131289,0.8008153616457754,0.001
glucose,3,tiny,rgb,raw,1,27,0.039552756819746356,0.6183972033838429,0.001
glucose,3,tiny,rgb,raw,1,28,0.032388063083817815,0.6136726386078446,0.001
glucose,3,tiny,rgb,raw,1,29,0.04379626863737398,0.7546168795524696,0.001
glucose,3,tiny,rgb,raw,1,30,0.03328621860499176,0.6600939472014034,0.001
glucose,3,tiny,rgb,raw,1,31,0.034243602183510045,1.2072808782310933,0.001
glucose,3,tiny,rgb,raw,1,32,0.04202395767506473,0.5587042602416263,0.001
glucose,3,tiny,rgb,raw,1,33,0.03947264443799831,0.8189994091491196,0.001
glucose,3,tiny,rgb,raw,1,34,0.03361390261243246,0.5471778905760112,0.001
glucose,3,tiny,rgb,raw,1,35,0.04149883990516073,1.0761436796684998,0.001
glucose,3,tiny,rgb,raw,1,36,0.04158763412314005,0.727169587499075,0.001
glucose,3,tiny,rgb,raw,1,37,0.03849649011267102,0.837190351835324,0.001
glucose,3,tiny,rgb,raw,1,38,0.04370576902757636,0.5764702488725192,0.001
glucose,3,tiny,rgb,raw,1,39,0.04295095217854184,0.8247371163783748,0.001
glucose,3,tiny,rgb,raw,1,40,0.045606328193903325,1.1112508510020487,0.001
glucose,3,tiny,rgb,raw,1,41,0.041280913431802554,0.7590306617005282,0.001
glucose,3,tiny,rgb,raw,1,42,0.04291850174659233,0.5322406325674751,0.0005
glucose,3,tiny,rgb,raw,1,43,0.03158515912165585,0.5978555221251596,0.0005
glucose,3,tiny,rgb,raw,1,44,0.031406920220031116,0.6785420350937652,0.0005
glucose,3,tiny,rgb,raw,1,45,0.03334939160874188,0.6470493317469371,0.0005
glucose,3,tiny,rgb,raw,1,46,0.028306753506492574,0.6151547411794139,0.0005
glucose,3,tiny,rgb,raw,1,47,0.024892828037237802,0.500391214018583,0.0005
glucose,3,tiny,rgb,raw,1,48,0.026525539386290195,0.6670358419853641,0.0005
glucose,3,tiny,rgb,raw,1,49,0.02735302699993513,0.5113291169237325,0.0005
glucose,3,tiny,rgb,raw,1,50,0.028200017457658596,0.5230756651156986,0.0005
glucose,3,tiny,rgb,raw,1,51,0.02784041396374141,0.5377810842799682,0.0005
glucose,3,tiny,rgb,raw,1,52,0.027207805289319216,0.5744769713957006,0.0005
glucose,3,tiny,rgb,raw,1,53,0.030644467136588076,0.7235227386459343,0.0005
glucose,3,tiny,rgb,raw,1,54,0.026965466384871704,0.49436377427648925,0.0005
glucose,3,tiny,rgb,raw,1,55,0.02787133336244859,0.5481451132723566,0.0005
glucose,3,tiny,rgb,raw,1,56,0.02629916674433895,0.6907165928727801,0.0005
glucose,3,tiny,rgb,raw,1,57,0.029561907186238138,0.5063148256433532,0.0005
glucose,3,tiny,rgb,raw,1,58,0.02714663413915389,0.49482100614733854,0.0005
glucose,3,tiny,rgb,raw,1,59,0.03298378474566247,0.5679871925162723,0.0005
glucose,3,tiny,rgb,raw,1,60,0.028218208738615188,0.608051131295547,0.0005
glucose,3,tiny,rgb,raw,1,61,0.022783322218144882,0.49705051858225296,0.0005
glucose,3,tiny,rgb,raw,1,62,0.024910877723851966,0.5473910042239482,0.00025
glucose,3,tiny,rgb,raw,1,63,0.028374266934243827,0.5101699537341388,0.00025
glucose,3,tiny,rgb,raw,1,64,0.027563168044061847,0.5106582490842962,0.00025
glucose,3,tiny,rgb,raw,1,65,0.02879715095733566,0.4835915927653156,0.00025
glucose,3,tiny,rgb,raw,1,66,0.023600717172326435,0.502965770481834,0.00025
glucose,3,tiny,rgb,raw,1,67,0.023805905344456035,0.5226059607381793,0.00025
glucose,3,tiny,rgb,raw,1,68,0.024929361470632155,0.4916052300639669,0.00025
glucose,3,tiny,rgb,raw,1,69,0.02565982755989769,0.47500257973651805,0.00025
glucose,3,tiny,rgb,raw,1,70,0.026584494442591547,0.48690053245354714,0.00025
glucose,3,tiny,rgb,raw,1,71,0.02682498531574286,0.5371366151373119,0.00025
glucose,3,tiny,rgb,raw,1,72,0.024774945484010723,0.4910969041366809,0.00025
glucose,3,tiny,rgb,raw,1,73,0.02627399253996225,0.5864760708291237,0.00025
glucose,3,tiny,rgb,raw,1,74,0.026047207059785613,0.520379740535196,0.00025
glucose,3,tiny,rgb,raw,1,75,0.030095186278823592,0.47139500424734737,0.00025
glucose,3,tiny,rgb,raw,1,76,0.025475845024011883,0.5600288414761395,0.00025
glucose,3,tiny,rgb,raw,1,77,0.02675147006501917,0.5091834733063415,0.00025
glucose,3,tiny,rgb,raw,1,78,0.026382550543060334,0.5863559438960716,0.00025
glucose,3,tiny,rgb,raw,1,79,0.0249082492678336,0.5212968882230491,0.00025
glucose,3,tiny,rgb,raw,1,80,0.026522296246268888,0.5258656699448472,0.00025
glucose,3,tiny,rgb,raw,1,81,0.02666997033533614,0.6127448938984825,0.00025
glucose,3,tiny,rgb,raw,1,82,0.025290529272795258,0.5431379888180291,0.00025
glucose,3,tiny,rgb,raw,1,83,0.02558338653224058,0.5013765597959655,0.000125
glucose,3,tiny,rgb,raw,1,84,0.025846566297058376,0.5260109683961312,0.000125
glucose,3,tiny,rgb,raw,1,85,0.025329552510345212,0.5176873212618922,0.000125
glucose,3,tiny,rgb,raw,1,86,0.02564924907899738,0.5439295581679914,0.000125
glucose,3,tiny,rgb,raw,1,87,0.023394950884831556,0.5151498548271471,0.000125
glucose,3,tiny,rgb,raw,1,88,0.026156582301912826,0.537718427911022,0.000125
glucose,3,tiny,rgb,raw,1,89,0.023092792598439046,0.4834312936698279,0.000125
glucose,3,tiny,rgb,raw,1,90,0.022066613736988535,0.49389249209444747,6.25e-05
glucose,3,tiny,g,raw,1,1,0.6994772697791968,5.430460228386793,0.001
glucose,3,tiny,g,raw,1,2,0.30942726432832984,4.974587612031512,0.001
glucose,3,tiny,g,raw,1,3,0.26172401537305373,4.348359210692416,0.001
glucose,3,tiny,g,raw,1,4,0.24851400119803524,3.9265714236770677,0.001
glucose,3,tiny,g,raw,1,5,0.24161605188281632,3.4983486561262507,0.001
glucose,3,tiny,g,raw,1,6,0.24544265604232357,3.3642885509144453,0.001
glucose,3,tiny,g,raw,1,7,0.23115754038672867,3.2202565651733934,0.001
glucose,3,tiny,g,raw,1,8,0.2320729163426756,3.011778488086439,0.001
glucose,3,tiny,g,raw,1,9,0.2338781620413287,2.959676201278875,0.001
glucose,3,tiny,g,raw,1,10,0.22890101162225407,2.7957023320906718,0.001
glucose,3,tiny,g,raw,1,11,0.22996006464105426,2.6912237521411053,0.001
glucose,3,tiny,g,raw,1,12,0.23366448423102076,2.615285758746289,0.001
glucose,3,tiny,g,raw,1,13,0.2256728201527176,2.5664385616637158,0.001
glucose,3,tiny,g,raw,1,14,0.23393699311375085,2.6237514988520627,0.001
glucose,3,tiny,g,raw,1,15,0.22445200208224766,2.505519911259656,0.001
glucose,3,tiny,g,raw,1,16,0.23057144791465226,2.5335823607586785,0.001
glucose,3,tiny,g,raw,1,17,0.2230606098644069,2.636146551269985,0.001
glucose,3,tiny,g,raw,1,18,0.23528075853332145,2.671191035456806,0.001
glucose,3,tiny,g,raw,1,19,0.23093403247358546,2.489623853631603,0.001
glucose,3,tiny,g,raw,1,20,0.23952215625703246,2.478163973470712,0.001
glucose,3,tiny,g,raw,1,21,0.2509193815035543,2.487158514843438,0.001
glucose,3,tiny,g,raw,1,22,0.2331943439788861,2.547590848711089,0.001
glucose,3,tiny,g,raw,1,23,0.22870554230918472,2.5237823700775155,0.001
glucose,3,tiny,g,raw,1,24,0.22185131769777233,2.791254634659085,0.001
glucose,3,tiny,g,raw,1,25,0.21881697681106504,2.663425036125808,0.001
glucose,3,tiny,g,raw,1,26,0.21843950581444002,2.5524422704738385,0.001
glucose,3,tiny,g,raw,1,27,0.21669577175387683,2.780780581188211,0.001
glucose,3,tiny,g,raw,1,28,0.21084784519832286,2.750976328142497,0.0005
glucose,3,tiny,g,raw,1,29,0.2087831563814564,2.398571890737267,0.0005
glucose,3,tiny,g,raw,1,30,0.21046529534854405,2.6069560803255167,0.0005
glucose,3,tiny,g,raw,1,31,0.21013859651660777,2.4592780720849534,0.0005
glucose,3,tiny,g,raw,1,32,0.21139172585639443,2.488405596527319,0.0005
glucose,3,tiny,g,raw,1,33,0.20326783804531068,2.4553728243377684,0.0005
glucose,3,tiny,g,raw,1,34,0.18980639218040443,3.20555234875323,0.0005
glucose,3,tiny,g,raw,1,35,0.20384548180327153,2.4657251700554306,0.0005
glucose,3,tiny,g,raw,1,36,0.21145582534428325,2.8596747146905237,0.0005
glucose,3,tiny,g,raw,1,37,0.19753044135257847,2.3982077159831867,0.00025
glucose,3,tiny,g,raw,1,38,0.201172462429979,2.3174315873944233,0.00025
glucose,3,tiny,g,raw,1,39,0.19598331401227306,2.649803304449283,0.00025
glucose,3,tiny,g,raw,1,40,0.19918309816127386,2.3240215493837044,0.00025
glucose,3,tiny,g,raw,1,41,0.1924745175104738,2.346523802562676,0.00025
glucose,3,tiny,g,raw,1,42,0.18940158878992994,2.5120053011997636,0.00025
glucose,3,tiny,g,raw,1,43,0.19279617779567593,2.3059518652042414,0.00025
glucose,3,tiny,g,raw,1,44,0.18559296469130565,2.556306411387507,0.00025
glucose,3,tiny,g,raw,1,45,0.19052609964516765,2.2510699269027334,0.00025
glucose,3,tiny,g,raw,1,46,0.18072634357986792,2.385289273358667,0.00025
glucose,3,tiny,g,raw,1,47,0.17521499457107037,2.4496916627599563,0.00025
glucose,3,tiny,g,raw,1,48,0.18856608518989182,2.2520396328634193,0.00025
glucose,3,tiny,g,raw,1,49,0.18057640267733135,2.3859905535120616,0.00025
glucose,3,tiny,g,raw,1,50,0.18310998402391568,2.2469200935958593,0.00025
glucose,3,tiny,g,raw,1,51,0.1894971643936794,2.4459137709580236,0.00025
glucose,3,tiny,g,raw,1,52,0.1840220990017523,2.200200805205826,0.00025
glucose,3,tiny,g,raw,1,53,0.18145626836668716,2.456504104973581,0.00025
glucose,3,tiny,g,raw,1,54,0.17277894780905875,2.267842510797522,0.00025
glucose,3,tiny,g,raw,1,55,0.1757904376873494,2.281853565121675,0.00025
glucose,3,tiny,g,raw,1,56,0.17093173033611964,2.4605773562833004,0.00025
glucose,3,tiny,g,raw,1,57,0.18422653336194517,2.5897421081260634,0.00025
glucose,3,tiny,g,raw,1,58,0.18530209713383688,2.399353197732263,0.00025
glucose,3,tiny,g,raw,1,59,0.1753322662211033,2.2207211576389914,0.00025
glucose,3,tiny,g,raw,1,60,0.17524973868257776,2.266449070754442,0.000125
glucose,3,tiny,g,raw,1,61,0.17589782189505643,2.2398236037405295,0.000125
glucose,3,tiny,g,raw,1,62,0.1715418251589407,2.234169348176251,0.000125
glucose,3,tiny,g,raw,1,63,0.16590600108780557,2.2898247987852263,0.000125
glucose,3,tiny,g,raw,1,64,0.17107691472582243,2.252524184338782,0.000125
glucose,3,tiny,g,raw,1,65,0.1759281415608885,2.223758998920047,0.000125
glucose,3,tiny,g,raw,1,66,0.16302551597845358,2.266639931606513,0.000125
glucose,3,tiny,g,raw,1,67,0.16605111610161033,2.2403938266171624,6.25e-05
glucose,3,tiny,hue_circular,raw,1,1,0.7496240789240057,5.877393991307349,0.001
glucose,3,tiny,hue_circular,raw,1,2,0.19928796256263637,5.533866876037579,0.001
glucose,3,tiny,hue_circular,raw,1,3,0.15465968714030418,5.371882558930081,0.001
glucose,3,tiny,hue_circular,raw,1,4,0.14867958614128002,5.190100792458876,0.001
glucose,3,tiny,hue_circular,raw,1,5,0.124767370311052,4.981830203812493,0.001
glucose,3,tiny,hue_circular,raw,1,6,0.11816763180556489,4.736304308302896,0.001
glucose,3,tiny,hue_circular,raw,1,7,0.109088758187127,4.313899449488545,0.001
glucose,3,tiny,hue_circular,raw,1,8,0.08496915074911984,3.4383020890370046,0.001
glucose,3,tiny,hue_circular,raw,1,9,0.06637847523486738,3.0287680107788613,0.001
glucose,3,tiny,hue_circular,raw,1,10,0.05869578462421628,2.6551420571938453,0.001
glucose,3,tiny,hue_circular,raw,1,11,0.05209756023826524,2.4949660714287827,0.001
glucose,3,tiny,hue_circular,raw,1,12,0.052823554296962554,1.3667933586597225,0.001
glucose,3,tiny,hue_circular,raw,1,13,0.06599798987323943,0.8000315866653214,0.001
glucose,3,tiny,hue_circular,raw,1,14,0.04659020158999368,0.8921179379209132,0.001
glucose,3,tiny,hue_circular,raw,1,15,0.04214018081965816,1.526043997561527,0.001
glucose,3,tiny,hue_circular,raw,1,16,0.05595527084102929,1.0305648656207778,0.001
glucose,3,tiny,hue_circular,raw,1,17,0.04640562523672726,0.7557514753575165,0.001
glucose,3,tiny,hue_circular,raw,1,18,0.05530056107828141,1.2261359290346077,0.001
glucose,3,tiny,hue_circular,raw,1,19,0.0460759713557367,0.8406995399696302,0.001
glucose,3,tiny,hue_circular,raw,1,20,0.05597510953307507,0.7617434803740649,0.001
glucose,3,tiny,hue_circular,raw,1,21,0.04869047268925321,0.7633357094659586,0.001
glucose,3,tiny,hue_circular,raw,1,22,0.03994162244397464,0.9225208495811491,0.001
glucose,3,tiny,hue_circular,raw,1,23,0.035687825929834306,0.6955414873726575,0.001
glucose,3,tiny,hue_circular,raw,1,24,0.043114792355704055,0.6850749340041085,0.001
glucose,3,tiny,hue_circular,raw,1,25,0.038883923712545995,0.6220742963380519,0.001
glucose,3,tiny,hue_circular,raw,1,26,0.04330307824867493,0.9098130737740951,0.001
glucose,3,tiny,hue_circular,raw,1,27,0.04538029920859415,0.6328255048395739,0.001
glucose,3,tiny,hue_circular,raw,1,28,0.041262140591946696,0.7795571702315823,0.001
glucose,3,tiny,hue_circular,raw,1,29,0.04229990200274215,0.9860761056978172,0.001
glucose,3,tiny,hue_circular,raw,1,30,0.04185957519334759,0.6717604923810773,0.001
glucose,3,tiny,hue_circular,raw,1,31,0.0430836445484005,0.7672327195904244,0.001
glucose,3,tiny,hue_circular,raw,1,32,0.057179768199181594,0.9488417016815611,0.001
glucose,3,tiny,hue_circular,raw,1,33,0.045598092182204904,0.7330382789949271,0.0005
glucose,3,tiny,hue_circular,raw,1,34,0.037660832898538624,0.6307660166457177,0.0005
glucose,3,tiny,hue_circular,raw,1,35,0.04126607389057447,0.8067436742450783,0.0005
glucose,3,tiny,hue_circular,raw,1,36,0.04278261753579188,0.8379127836968646,0.0005
glucose,3,tiny,hue_circular,raw,1,37,0.03617344723373163,0.632226062733919,0.0005
glucose,3,tiny,hue_circular,raw,1,38,0.04208731822303084,0.705486899200789,0.0005
glucose,3,tiny,hue_circular,raw,1,39,0.04442926106527559,0.636357122809084,0.0005
glucose,3,tiny,hue_circular,raw,1,40,0.048994986282109146,0.6233274222341895,0.00025
glucose,3,lite,rgb,raw,1,1,0.6117588135950967,5.542141072292691,0.001
glucose,3,lite,rgb,raw,1,2,0.471671931834228,5.163728159993353,0.001
glucose,3,lite,rgb,raw,1,3,0.3562884198393445,4.750356155872655,0.001
glucose,3,lite,rgb,raw,1,4,0.2516225424946332,4.708263356038266,0.001
glucose,3,lite,rgb,raw,1,5,0.16389152252194422,4.643717534140841,0.001
glucose,3,lite,rgb,raw,1,6,0.11633764349490448,3.9454518048175866,0.001
glucose,3,lite,rgb,raw,1,7,0.09195335962200307,2.9801432666444727,0.001
glucose,3,lite,rgb,raw,1,8,0.09473951610607469,2.006889363769173,0.001
glucose,3,lite,rgb,raw,1,9,0.0898596361923502,1.459399518281451,0.001
glucose,3,lite,rgb,raw,1,10,0.06409310437350266,1.2136796177057145,0.001
glucose,3,lite,rgb,raw,1,11,0.06180446292932982,1.0227063870070814,0.001
glucose,3,lite,rgb,raw,1,12,0.052457956611088596,0.8816634178220977,0.001
glucose,3,lite,rgb,raw,1,13,0.059786590351966026,0.7889808810005126,0.001
glucose,3,lite,rgb,raw,1,14,0.05265602891384756,0.7297830397807882,0.001
glucose,3,lite,rgb,raw,1,15,0.05086606163559301,0.7759105209938603,0.001
glucose,3,lite,rgb,raw,1,16,0.05661960410290077,0.7749952190313981,0.001
glucose,3,lite,rgb,raw,1,17,0.055819470185547754,0.6964606372222983,0.001
glucose,3,lite,rgb,raw,1,18,0.05435748835234457,0.7151659719919545,0.001
glucose,3,lite,rgb,raw,1,19,0.04739874804006604,0.7082835814762072,0.001
glucose,3,lite,rgb,raw,1,20,0.0517878581932156,0.7813089564011091,0.001
glucose,3,lite,rgb,raw,1,21,0.05189987967115579,0.7384178316185526,0.001
glucose,3,lite,rgb,raw,1,22,0.04386310744059068,0.7186864032087135,0.001
glucose,3,lite,rgb,raw,1,23,0.05181082006094175,0.7074892669547939,0.001
glucose,3,lite,rgb,raw,1,24,0.038702543322468835,0.6823325097804912,0.001
glucose,3,lite,rgb,raw,1,25,0.039471469097805446,0.6471170731704498,0.001
glucose,3,lite,rgb,raw,1,26,0.03887825324887135,0.6686590689309021,0.001
glucose,3,lite,rgb,raw,1,27,0.053699713372438035,0.6364562779741352,0.001
glucose,3,lite,rgb,raw,1,28,0.04229131936138682,0.7917566726519052,0.001
glucose,3,lite,rgb,raw,1,29,0.04011329660961063,0.6514515236522096,0.001
glucose,3,lite,rgb,raw,1,30,0.03935243886647032,0.6193917374090523,0.001
glucose,3,lite,rgb,raw,1,31,0.04512447899349045,0.6141792418531721,0.001
glucose,3,lite,rgb,raw,1,32,0.0429812401599749,0.6217802464904,0.001
glucose,3,lite,rgb,raw,1,33,0.042937030732609474,0.683592770558806,0.001
glucose,3,lite,rgb,raw,1,34,0.04280672244583263,0.6536805646280253,0.001
glucose,3,lite,rgb,raw,1,35,0.039998014270148936,0.661051257933306,0.001
glucose,3,lite,rgb,raw,1,36,0.052267769448758945,0.6195668020547249,0.001
glucose,3,lite,rgb,raw,1,37,0.04380613647612303,0.6192964210650342,0.001
glucose,3,lite,rgb,raw,1,38,0.04223985568066468,0.6126173502079192,0.001
glucose,3,lite,rgb,raw,1,39,0.03584919557885868,0.6960813268964325,0.001
glucose,3,lite,rgb,raw,1,40,0.04292525765215409,0.6301030749326655,0.001
glucose,3,lite,rgb,raw,1,41,0.04004588834219647,0.6452065921874105,0.001
glucose,3,lite,rgb,raw,1,42,0.0355597652839122,0.6209351610091002,0.001
glucose,3,lite,rgb,raw,1,43,0.042322189731720486,0.6109297398781716,0.001
glucose,3,lite,rgb,raw,1,44,0.04422654516734016,0.5788112498133228,0.001
glucose,3,lite,rgb,raw,1,45,0.04351404505530608,0.6236858608104875,0.001
glucose,3,lite,rgb,raw,1,46,0.034412759388123826,0.6267786945507505,0.001
glucose,3,lite,rgb,raw,1,47,0.03702747656362778,0.7205621915661726,0.001
glucose,3,lite,rgb,raw,1,48,0.03957804966434814,0.6466235688492218,0.001
glucose,3,lite,rgb,raw,1,49,0.03530275441939358,0.6750114992809357,0.001
glucose,3,lite,rgb,raw,1,50,0.03712474117291489,0.7252308545909151,0.001
glucose,3,lite,rgb,raw,1,51,0.04206319169409229,0.6573781243974637,0.001
glucose,3,lite,rgb,raw,1,52,0.040594883363044384,0.6524158160995275,0.0005
glucose,3,lite,rgb,raw,1,53,0.03675512127833643,0.6752564058262326,0.0005
glucose,3,lite,rgb,raw,1,54,0.03774910433503803,0.670034440808261,0.0005
glucose,3,lite,rgb,raw,1,55,0.03585819677961921,0.6135848859824322,0.0005
glucose,3,lite,rgb,raw,1,56,0.03200428186736768,0.5982309490612733,0.0005
glucose,3,lite,rgb,raw,1,57,0.0373658629331388,0.5660998174895829,0.0005
glucose,3,lite,rgb,raw,1,58,0.02611112468577533,0.562940366100162,0.0005
glucose,3,lite,rgb,raw,1,59,0.04041064835407517,0.581364007933294,0.0005
glucose,3,lite,rgb,raw,1,60,0.029724697619898665,0.5997653707784507,0.0005
glucose,3,lite,rgb,raw,1,61,0.03345500232010591,0.6114920206620607,0.0005
glucose,3,lite,rgb,raw,1,62,0.03148437494581396,0.6072030989964161,0.0005
glucose,3,lite,rgb,raw,1,63,0.030101995237848976,0.5791635026981085,0.0005
glucose,3,lite,rgb,raw,1,64,0.038602338895623624,0.5736992394884254,0.0005
glucose,3,lite,rgb,raw,1,65,0.039017176108459777,0.567630934302359,0.0005
glucose,3,lite,rgb,raw,1,66,0.03429586399241105,0.5896763215041478,0.00025
glucose,3,lite,rgb,raw,1,67,0.034679282373358704,0.5885825234237934,0.00025
glucose,3,lite,rgb,raw,1,68,0.02886954039590636,0.623927038750871,0.00025
glucose,3,lite,rgb,raw,1,69,0.029040528380835286,0.5990651971979054,0.00025
glucose,3,lite,rgb,raw,1,70,0.03554719950776164,0.5894338366372579,0.00025
glucose,3,lite,rgb,raw,1,71,0.036335265805220285,0.602174899861896,0.00025
glucose,3,lite,rgb,raw,1,72,0.02854638721033287,0.6026494308484414,0.00025
glucose,3,lite,rgb,raw,1,73,0.030266181878112645,0.6046225060548144,0.000125
glucose,4,tiny,rgb,raw,1,1,0.8547839509037319,5.485141547207732,0.001
glucose,4,tiny,rgb,raw,1,2,0.24065392147943976,4.975378999999475,0.001
glucose,4,tiny,rgb,raw,1,3,0.13992311351345477,4.498768471641162,0.001
glucose,4,tiny,rgb,raw,1,4,0.11258020397447793,3.7477865354826005,0.001
glucose,4,tiny,rgb,raw,1,5,0.11531619736494499,3.01387948053908,0.001
glucose,4,tiny,rgb,raw,1,6,0.1321580973849389,2.703760154282283,0.001
glucose,4,tiny,rgb,raw,1,7,0.11517810460663055,2.2081794368528564,0.001
glucose,4,tiny,rgb,raw,1,8,0.11272683404330525,1.5168081057408032,0.001
glucose,4,tiny,rgb,raw,1,9,0.11063299501306431,1.681630659395157,0.001
glucose,4,tiny,rgb,raw,1,10,0.10278352866318471,1.351437208306432,0.001
glucose,4,tiny,rgb,raw,1,11,0.0979074926605523,1.3870570506925692,0.001
glucose,4,tiny,rgb,raw,1,12,0.09568157900907599,1.2971932554837022,0.001
glucose,4,tiny,rgb,raw,1,13,0.08883359362045094,1.3880197268356251,0.001
glucose,4,tiny,rgb,raw,1,14,0.07449987806357587,1.3719711704875168,0.001
glucose,4,tiny,rgb,raw,1,15,0.0609097653436412,0.88243331509383,0.001
glucose,4,tiny,rgb,raw,1,16,0.07439681467074129,1.1556837171095908,0.001
glucose,4,tiny,rgb,raw,1,17,0.05806076247939054,0.8014319274658604,0.001
glucose,4,tiny,rgb,raw,1,18,0.06040114906079368,0.6368638787620411,0.001
glucose,4,tiny,rgb,raw,1,19,0.08026280761564542,1.0171300198107327,0.001
glucose,4,tiny,rgb,raw,1,20,0.08572939540718956,1.2604257841864088,0.001
glucose,4,tiny,rgb,raw,1,21,0.07234502745856115,0.9831235565236618,0.001
glucose,4,tiny,rgb,raw,1,22,0.06457371847085022,0.6801353700384728,0.001
glucose,4,tiny,rgb,raw,1,23,0.06260773104278235,0.9766001481224227,0.001
glucose,4,tiny,rgb,raw,1,24,0.05143651911425342,0.7033623161328659,0.001
glucose,4,tiny,rgb,raw,1,25,0.04654172877330005,0.6840200395552519,0.001
glucose,4,tiny,rgb,raw,1,26,0.04503694942828973,0.6367954276840379,0.0005
glucose,4,tiny,rgb,raw,1,27,0.04455906363140275,0.7693103846521506,0.0005
glucose,4,tiny,rgb,raw,1,28,0.049235594493577096,0.6969498365977242,0.0005
glucose,4,tiny,rgb,raw,1,29,0.04628400244762574,0.6408117981512401,0.0005
glucose,4,tiny,rgb,raw,1,30,0.04112289080621145,0.7005520202731795,0.0005
glucose,4,tiny,rgb,raw,1,31,0.039848046071949556,0.6028382769254536,0.0005
glucose,4,tiny,rgb,raw,1,32,0.04045833369658707,0.6244971313917188,0.0005
glucose,4,tiny,rgb,raw,1,33,0.0381795876033482,0.6503268696494565,0.0005
glucose,4,tiny,rgb,raw,1,34,0.036235084060451846,0.6049788598506978,0.0005
glucose,4,tiny,rgb,raw,1,35,0.03957012533342074,0.5840111779764275,0.0005
glucose,4,tiny,rgb,raw,1,36,0.042119801677374835,0.8197958236066413,0.0005
glucose,4,tiny,rgb,raw,1,37,0.038454282190511904,0.526635605421741,0.0005
glucose,4,tiny,rgb,raw,1,38,0.0390442099877468,0.8494093390029399,0.0005
glucose,4,tiny,rgb,raw,1,39,0.036509705551979084,0.6067338773633384,0.0005
glucose,4,tiny,rgb,raw,1,40,0.03453101960584055,0.6528444716129488,0.0005
glucose,4,tiny,rgb,raw,1,41,0.04040879850038473,0.5909798439251233,0.0005
glucose,4,tiny,rgb,raw,1,42,0.03405589422685734,0.6748526823181751,0.0005
glucose,4,tiny,rgb,raw,1,43,0.04411905067910381,0.7128872326636402,0.0005
glucose,4,tiny,rgb,raw,1,44,0.03904012444077945,0.5479514605118054,0.0005
glucose,4,tiny,rgb,raw,1,45,0.036589845648554505,0.5931250729305706,0.00025
glucose,4,tiny,rgb,raw,1,46,0.037107282896955036,0.6615772435006332,0.00025
glucose,4,tiny,rgb,raw,1,47,0.03582572701613345,0.5155786171685722,0.00025
glucose,4,tiny,rgb,raw,1,48,0.028359936350393047,0.5854777688857989,0.00025
glucose,4,tiny,rgb,raw,1,49,0.03880348719445497,0.6713898067593179,0.00025
glucose,4,tiny,rgb,raw,1,50,0.036774457233851074,0.7031745254634765,0.00025
glucose,4,tiny,rgb,raw,1,51,0.03366612031467359,0.5259980733274545,0.00025
glucose,4,tiny,rgb,raw,1,52,0.03258094642361301,0.5855978122349552,0.00025
glucose,4,tiny,rgb,raw,1,53,0.03608649500524944,0.5422986105107882,0.00025
glucose,4,tiny,rgb,raw,1,54,0.03045256902503985,0.5218842413856399,0.00025
glucose,4,tiny,rgb,raw,1,55,0.031081175756392288,0.5138621247031857,0.000125
glucose,4,tiny,rgb,raw,1,56,0.03266328380577788,0.5385300706167712,0.000125
glucose,4,tiny,rgb,raw,1,57,0.03137455544199922,0.5327747107300197,0.000125
glucose,4,tiny,rgb,raw,1,58,0.027411097946580937,0.6465112615382402,0.000125
glucose,4,tiny,rgb,raw,1,59,0.032167921378520134,0.5791100338992501,0.000125
glucose,4,tiny,rgb,raw,1,60,0.03240028043151257,0.5232165187523935,0.000125
glucose,4,tiny,rgb,raw,1,61,0.032962451934614584,0.5063471564728815,0.000125
glucose,4,tiny,rgb,raw,1,62,0.02943916473365576,0.5239234412735354,0.000125
glucose,4,tiny,rgb,raw,1,63,0.031511936586588934,0.5353795646065677,0.000125
glucose,4,tiny,rgb,raw,1,64,0.030036913290697576,0.5522268072824453,0.000125
glucose,4,tiny,rgb,raw,1,65,0.0315506637940286,0.5140619873529563,0.000125
glucose,4,tiny,rgb,raw,1,66,0.03464055079106247,0.5033736850095502,0.000125
glucose,4,tiny,rgb,raw,1,67,0.038005451764772616,0.5182417997094497,0.000125
glucose,4,tiny,rgb,raw,1,68,0.030711939527851638,0.5541235463218581,0.000125
glucose,4,tiny,rgb,raw,1,69,0.0354258995253354,0.570681903023225,0.000125
glucose,4,tiny,rgb,raw,1,70,0.03416031707861029,0.5146285381517811,0.000125
glucose,4,tiny,rgb,raw,1,71,0.0336098418128295,0.5328553933182123,0.000125
glucose,4,tiny,rgb,raw,1,72,0.03196152791536334,0.5714696176021724,0.000125
glucose,4,tiny,rgb,raw,1,73,0.027570037708385956,0.5620486379009287,0.000125
glucose,4,tiny,rgb,raw,1,74,0.02908279775224082,0.503398680183211,6.25e-05
glucose,4,tiny,rgb,raw,1,75,0.03528081140468444,0.4915925120411044,6.25e-05
glucose,4,tiny,rgb,raw,1,76,0.03131408350411719,0.5002381167896243,6.25e-05
glucose,4,tiny,rgb,raw,1,77,0.0267683075610465,0.4922984506979839,6.25e-05
glucose,4,tiny,rgb,raw,1,78,0.02915070962366244,0.515615561626962,6.25e-05
glucose,4,tiny,rgb,raw,1,79,0.030836858671441696,0.5004339482109426,6.25e-05
glucose,4,tiny,rgb,raw,1,80,0.03481690809907927,0.5171560245898502,6.25e-05
glucose,4,tiny,rgb,raw,1,81,0.03192995484757352,0.5464076588712256,6.25e-05
glucose,4,tiny,rgb,raw,1,82,0.03228296210708988,0.5456470816320813,6.25e-05
glucose,4,tiny,rgb,raw,1,83,0.03194986984422417,0.5164696614557202,3.125e-05
glucose,4,tiny,rgb,raw,1,84,0.02677524082873422,0.5204227437537199,3.125e-05
glucose,4,tiny,rgb,raw,1,85,0.030018441656662703,0.5085112982380052,3.125e-05
glucose,4,tiny,rgb,raw,1,86,0.031224888034620157,0.5205027707746391,3.125e-05
glucose,4,tiny,rgb,raw,1,87,0.02852740957944386,0.5081373222313901,3.125e-05
glucose,4,tiny,rgb,raw,1,88,0.029988861472058582,0.4997312014381359,3.125e-05
glucose,4,tiny,rgb,raw,1,89,0.029447974637150764,0.5184101852171797,3.125e-05
glucose,4,tiny,rgb,raw,1,90,0.03224309781169305,0.5148798202858388,1.5625e-05
glucose,4,tiny,g,raw,1,1,0.5163234149823424,5.205019907456689,0.001
glucose,4,tiny,g,raw,1,2,0.25057204327533567,4.551089862575262,0.001
glucose,4,tiny,g,raw,1,3,0.24682423892124222,3.767773594994462,0.001
glucose,4,tiny,g,raw,1,4,0.23809078540070047,3.3522576452610635,0.001
glucose,4,tiny,g,raw,1,5,0.24534896833353,3.2534429781584873,0.001
glucose,4,tiny,g,raw,1,6,0.25178999552605935,2.6407975392558622,0.001
glucose,4,tiny,g,raw,1,7,0.22717063542005736,2.978476097593798,0.001
glucose,4,tiny,g,raw,1,8,0.23788648319670766,2.755019261812559,0.001
glucose,4,tiny,g,raw,1,9,0.22728480021129244,2.4069919490762075,0.001
glucose,4,tiny,g,raw,1,10,0.23778354983926708,2.5113601227934406,0.001
glucose,4,tiny,g,raw,1,11,0.22997673524296586,2.5219772344739657,0.001
glucose,4,tiny,g,raw,1,12,0.22283859917374907,2.410783684284539,0.001
glucose,4,tiny,g,raw,1,13,0.22581228025357522,2.502563258446117,0.001
glucose,4,tiny,g,raw,1,14,0.22549400868341216,2.4705083772755505,0.001
glucose,4,tiny,g,raw,1,15,0.22100702132446756,2.5861178625541683,0.001
glucose,4,tiny,g,raw,1,16,0.22574782198303325,2.5314440296385623,0.001
glucose,4,tiny,g,raw,1,17,0.2253061438370746,2.583055150750325,0.0005
glucose,4,tiny,g,raw,1,18,0.22805963640952076,2.5424348969464057,0.0005
glucose,4,tiny,g,raw,1,19,0.22980343176249066,2.4242540325785567,0.0005
glucose,4,tiny,g,raw,1,20,0.22151112034583767,2.4961260245926415,0.0005
glucose,4,tiny,g,raw,1,21,0.21670270998769298,2.478204655289819,0.0005
glucose,4,tiny,g,raw,1,22,0.21554766215617185,2.424101027669862,0.0005
glucose,4,tiny,g,raw,1,23,0.22074017985744732,2.4456590756404,0.0005
glucose,4,tiny,g,raw,1,24,0.21425990136298623,2.5059520055433215,0.00025
glucose,4,tiny,hue_circular,raw,1,1,0.7879567732132317,5.554925623446298,0.001
glucose,4,tiny,hue_circular,raw,1,2,0.21885845973399287,5.3366291517603175,0.001
glucose,4,tiny,hue_circular,raw,1,3,0.15064667678270183,5.14783466806077,0.001
glucose,4,tiny,hue_circular,raw,1,4,0.12850718708756073,4.88643747124399,0.001
glucose,4,tiny,hue_circular,raw,1,5,0.1193815293415115,4.455285284016927,0.001
glucose,4,tiny,hue_circular,raw,1,6,0.11315302605200808,4.507951341090384,0.001
glucose,4,tiny,hue_circular,raw,1,7,0.10229954626494478,3.749542884692897,0.001
glucose,4,tiny,hue_circular,raw,1,8,0.06996496109466795,3.0862983242338613,0.001
glucose,4,tiny,hue_circular,raw,1,9,0.06451321639753489,2.502682484899024,0.001
glucose,4,tiny,hue_circular,raw,1,10,0.05765078373353279,2.372870660578947,0.001
glucose,4,tiny,hue_circular,raw,1,11,0.05769203018102845,2.469142223282768,0.001
glucose,4,tiny,hue_circular,raw,1,12,0.051255373203718896,1.9833139247487395,0.001
glucose,4,tiny,hue_circular,raw,1,13,0.055590856031982445,1.4495501643984925,0.001
glucose,4,tiny,hue_circular,raw,1,14,0.04934686866495897,1.0642407248407295,0.001
glucose,4,tiny,hue_circular,raw,1,15,0.043558795865619594,1.443063734004686,0.001
glucose,4,tiny,hue_circular,raw,1,16,0.05991291919870277,0.9116617877527158,0.001
glucose,4,tiny,hue_circular,raw,1,17,0.05860043556364212,0.7180908439350638,0.001
glucose,4,tiny,hue_circular,raw,1,18,0.04683004919267447,0.9533717685678558,0.001
glucose,4,tiny,hue_circular,raw,1,19,0.055498641522826096,0.830105815939611,0.001
glucose,4,tiny,hue_circular,raw,1,20,0.04913752340057923,0.9592440004798831,0.001
glucose,4,tiny,hue_circular,raw,1,21,0.05311500738845408,0.9310027625252869,0.001
glucose,4,tiny,hue_circular,raw,1,22,0.04746486918081914,1.144063774445396,0.001
glucose,4,tiny,hue_circular,raw,1,23,0.05619395647514417,0.7561034247698167,0.001
glucose,4,tiny,hue_circular,raw,1,24,0.04803728504347908,0.9814144297253246,0.001
glucose,4,tiny,hue_circular,raw,1,25,0.04437096911619921,0.7058721564197294,0.0005
glucose,4,tiny,hue_circular,raw,1,26,0.041772514881480115,0.9141508697372758,0.0005
glucose,4,tiny,hue_circular,raw,1,27,0.04046189416916111,0.8970495396571152,0.0005
glucose,4,tiny,hue_circular,raw,1,28,0.0456468476268467,0.8421800927400256,0.0005
glucose,4,tiny,hue_circular,raw,1,29,0.039529186452776414,0.7974087656586263,0.0005
glucose,4,tiny,hue_circular,raw,1,30,0.03750684037915641,0.8106191159157903,0.0005
glucose,4,tiny,hue_circular,raw,1,31,0.03466149092819847,0.7971608650728661,0.0005
glucose,4,tiny,hue_circular,raw,1,32,0.03587973872046979,0.6142986868416916,0.0005
glucose,4,tiny,hue_circular,raw,1,33,0.038022744595649166,0.6388572712659721,0.0005
glucose,4,tiny,hue_circular,raw,1,34,0.03516361177045347,0.6313073647625437,0.0005
glucose,4,tiny,hue_circular,raw,1,35,0.03869541207031415,0.6175719860407365,0.0005
glucose,4,tiny,hue_circular,raw,1,36,0.03990567357302956,0.6301419933152665,0.0005
glucose,4,tiny,hue_circular,raw,1,37,0.03777984745145377,0.6376969040746134,0.0005
glucose,4,tiny,hue_circular,raw,1,38,0.03463281703288438,0.6780075224895366,0.0005
glucose,4,tiny,hue_circular,raw,1,39,0.0408966295038046,0.6752973609594967,0.0005
glucose,4,tiny,hue_circular,raw,1,40,0.041451661826712366,0.6218574277988423,0.00025
glucose,4,tiny,hue_circular,raw,1,41,0.03468184392682753,0.6637107365684026,0.00025
glucose,4,tiny,hue_circular,raw,1,42,0.03813176674854382,0.6398074256923065,0.00025
glucose,4,tiny,hue_circular,raw,1,43,0.03670073185121604,0.6794037281131555,0.00025
glucose,4,tiny,hue_circular,raw,1,44,0.03861123125517155,0.5865947031993222,0.00025
glucose,4,tiny,hue_circular,raw,1,45,0.037673093739414,0.610520769266488,0.00025
glucose,4,tiny,hue_circular,raw,1,46,0.03994993845503305,0.5818631682791893,0.00025
glucose,4,tiny,hue_circular,raw,1,47,0.03611846131879153,0.5884657387187662,0.00025
glucose,4,tiny,hue_circular,raw,1,48,0.034679349275908246,0.6365278347869331,0.00025
glucose,4,tiny,hue_circular,raw,1,49,0.039787236095896066,0.6302110520226752,0.00025
glucose,4,tiny,hue_circular,raw,1,50,0.03589948171252821,0.6278643245039178,0.00025
glucose,4,tiny,hue_circular,raw,1,51,0.033250891807559885,0.6069959937616421,0.00025
glucose,4,tiny,hue_circular,raw,1,52,0.03530596855100683,0.6602528750585374,0.00025
glucose,4,tiny,hue_circular,raw,1,53,0.03401209553634268,0.631682212933993,0.00025
glucose,4,tiny,hue_circular,raw,1,54,0.034505724446117964,0.6214327682140465,0.000125
glucose,4,tiny,hue_circular,raw,1,55,0.033032309236185387,0.6178582424540529,0.000125
glucose,4,tiny,hue_circular,raw,1,56,0.03335353884229717,0.5997930515815799,0.000125
glucose,4,tiny,hue_circular,raw,1,57,0.03304517736044975,0.5981038153088208,0.000125
glucose,4,tiny,hue_circular,raw,1,58,0.034474841761784475,0.6317551339008138,0.000125
glucose,4,tiny,hue_circular,raw,1,59,0.03270636470613643,0.580827878398111,0.000125
glucose,4,tiny,hue_circular,raw,1,60,0.034089004201745134,0.5743502242448374,0.000125
glucose,4,tiny,hue_circular,raw,1,61,0.03456772224291959,0.5742217742923816,0.000125
glucose,4,tiny,hue_circular,raw,1,62,0.03261131060971766,0.5914831918058076,0.000125
glucose,4,tiny,hue_circular,raw,1,63,0.03311015334640992,0.6220550976205821,0.000125
glucose,4,tiny,hue_circular,raw,1,64,0.029665651671510695,0.6212313710765568,0.000125
glucose,4,tiny,hue_circular,raw,1,65,0.03059900477639609,0.6102804594823079,0.000125
glucose,4,tiny,hue_circular,raw,1,66,0.033113656396215614,0.583925299617897,0.000125
glucose,4,tiny,hue_circular,raw,1,67,0.033379768233762944,0.5789900530075852,0.000125
glucose,4,tiny,hue_circular,raw,1,68,0.03388510515077814,0.6105815818303649,0.000125
glucose,4,tiny,hue_circular,raw,1,69,0.03838050432625364,0.6282886434366733,6.25e-05
glucose,4,tiny,hue_circular,raw,1,70,0.03528948178814638,0.5931253830902363,6.25e-05
glucose,4,tiny,hue_circular,raw,1,71,0.039795920452666535,0.5939218932480765,6.25e-05
glucose,4,tiny,hue_circular,raw,1,72,0.03663771125403317,0.5886027638081087,6.25e-05
glucose,4,tiny,hue_circular,raw,1,73,0.03074177379835114,0.5941231326165353,6.25e-05
glucose,4,tiny,hue_circular,raw,1,74,0.028187850373623622,0.5807893620186122,6.25e-05
glucose,4,tiny,hue_circular,raw,1,75,0.03743943549836979,0.5768167027395957,6.25e-05
glucose,4,tiny,hue_circular,raw,1,76,0.03420727369660059,0.5779923751559561,3.125e-05
glucose,4,lite,rgb,raw,1,1,0.5490820061432089,5.316742007838972,0.001
glucose,4,lite,rgb,raw,1,2,0.41157656987981894,5.179179658284551,0.001
glucose,4,lite,rgb,raw,1,3,0.2815146856176516,5.027328726802076,0.001
glucose,4,lite,rgb,raw,1,4,0.18530644773992802,4.938604231366855,0.001
glucose,4,lite,rgb,raw,1,5,0.1342836749447085,4.709149771313355,0.001
glucose,4,lite,rgb,raw,1,6,0.12317103855922575,3.903585425614739,0.001
glucose,4,lite,rgb,raw,1,7,0.11582361306056892,2.9314869145142626,0.001
glucose,4,lite,rgb,raw,1,8,0.11092558515365006,2.0320798673206752,0.001
glucose,4,lite,rgb,raw,1,9,0.10896749064970301,1.4959529166584422,0.001
glucose,4,lite,rgb,raw,1,10,0.10961495955015259,1.3117882494872124,0.001
glucose,4,lite,rgb,raw,1,11,0.10350694097634044,1.3297464423518273,0.001
glucose,4,lite,rgb,raw,1,12,0.09282796088211938,1.2521452102120512,0.001
glucose,4,lite,rgb,raw,1,13,0.09681834612491412,1.149872175456729,0.001
glucose,4,lite,rgb,raw,1,14,0.09334802590366093,1.101363604479795,0.001
glucose,4,lite,rgb,raw,1,15,0.08009342576103665,1.0742916502140605,0.001
glucose,4,lite,rgb,raw,1,16,0.09466663897925802,1.0497576161206406,0.001
glucose,4,lite,rgb,raw,1,17,0.07392602478294188,0.9677737435131898,0.001
glucose,4,lite,rgb,raw,1,18,0.071734728538688,0.9445991745388455,0.001
glucose,4,lite,rgb,raw,1,19,0.07299433830686902,0.8232133387278466,0.001
glucose,4,lite,rgb,raw,1,20,0.07093232838456393,0.8090706527616085,0.001
glucose,4,lite,rgb,raw,1,21,0.05871498527563276,0.7586144081444254,0.001
glucose,4,lite,rgb,raw,1,22,0.06556806616740504,0.7181224704283935,0.001
glucose,4,lite,rgb,raw,1,23,0.055687913462941586,0.6747142439972484,0.001
glucose,4,lite,rgb,raw,1,24,0.06372256958982095,0.6413830753331673,0.001
glucose,4,lite,rgb,raw,1,25,0.051137155146739166,0.728357187640002,0.001
glucose,4,lite,rgb,raw,1,26,0.0500366509504805,0.6731309951002227,0.001
glucose,4,lite,rgb,raw,1,27,0.050693908220520674,0.657706577562526,0.001
glucose,4,lite,rgb,raw,1,28,0.05762447827063978,0.6653333859793122,0.001
glucose,4,lite,rgb,raw,1,29,0.04989248634095341,0.6739477606984928,0.001
glucose,4,lite,rgb,raw,1,30,0.04989172893003096,0.7235438350627619,0.001
glucose,4,lite,rgb,raw,1,31,0.053658817529722756,0.6323776704753535,0.001
glucose,4,lite,rgb,raw,1,32,0.04893136976061919,0.6251065619854682,0.001
glucose,4,lite,rgb,raw,1,33,0.045162638529979704,0.6417271530570774,0.001
glucose,4,lite,rgb,raw,1,34,0.04195835837752915,0.6245909068472186,0.001
glucose,4,lite,rgb,raw,1,35,0.04777261794679389,0.6195717731592044,0.001
glucose,4,lite,rgb,raw,1,36,0.0504076463155082,0.7016691857356941,0.001
glucose,4,lite,rgb,raw,1,37,0.04356235441170222,0.6717993764688439,0.001
glucose,4,lite,rgb,raw,1,38,0.04906606137330592,0.6353418913648312,0.001
glucose,4,lite,rgb,raw,1,39,0.04479260323222188,0.6828372995740867,0.001
glucose,4,lite,rgb,raw,1,40,0.05145436311043499,0.576918757131481,0.001
glucose,4,lite,rgb,raw,1,41,0.04127330349650006,0.7380673856114083,0.001
glucose,4,lite,rgb,raw,1,42,0.04479954920253881,0.7081361994410021,0.001
glucose,4,lite,rgb,raw,1,43,0.0452445266010509,0.6567090236988871,0.001
glucose,4,lite,rgb,raw,1,44,0.060188851628769,0.6548661154824416,0.001
glucose,4,lite,rgb,raw,1,45,0.04740695123478837,0.6534376152042057,0.001
glucose,4,lite,rgb,raw,1,46,0.05620037979722556,0.5734171651206061,0.001
glucose,4,lite,rgb,raw,1,47,0.04374063477453105,0.6121758959235227,0.001
glucose,4,lite,rgb,raw,1,48,0.03409682490742153,0.6096680457703963,0.001
glucose,4,lite,rgb,raw,1,49,0.0506632118340132,0.6200338965150168,0.001
glucose,4,lite,rgb,raw,1,50,0.03436840721995926,0.5844684970941431,0.001
glucose,4,lite,rgb,raw,1,51,0.04508581771980277,0.5874732153102756,0.001
glucose,4,lite,rgb,raw,1,52,0.03774552362597646,0.6226842913832591,0.001
glucose,4,lite,rgb,raw,1,53,0.04573191516934138,0.5950327236372731,0.001
glucose,4,lite,rgb,raw,1,54,0.042243343840412874,0.5987869863775935,0.0005
glucose,4,lite,rgb,raw,1,55,0.04482871833106089,0.6371485820565407,0.0005
glucose,4,lite,rgb,raw,1,56,0.036891077618751725,0.5779596070837552,0.0005
glucose,4,lite,rgb,raw,1,57,0.04247056354175915,0.5965584253609717,0.0005
glucose,4,lite,rgb,raw,1,58,0.038531333818787435,0.629743882556751,0.0005
glucose,4,lite,rgb,raw,1,59,0.036224171774664506,0.6083162488375568,0.0005
glucose,4,lite,rgb,raw,1,60,0.0421891105756852,0.5894736931918025,0.0005
glucose,4,lite,rgb,raw,1,61,0.042068839772714056,0.6118904681547526,0.00025
glucose,5,tiny,rgb,raw,1,1,0.7019046632525818,5.839872564347445,0.001
glucose,5,tiny,rgb,raw,1,2,0.24744296745687236,5.724773959760005,0.001
glucose,5,tiny,rgb,raw,1,3,0.15777343040784675,4.8732081466936705,0.001
glucose,5,tiny,rgb,raw,1,4,0.1226723337248967,4.322472426799613,0.001
glucose,5,tiny,rgb,raw,1,5,0.11318452265418943,3.0825907388208122,0.001
glucose,5,tiny,rgb,raw,1,6,0.11768883457837624,2.9256871319150877,0.001
glucose,5,tiny,rgb,raw,1,7,0.09955537944876668,2.6940356481014436,0.001
glucose,5,tiny,rgb,raw,1,8,0.07844743994238125,1.493025288396712,0.001
glucose,5,tiny,rgb,raw,1,9,0.061574761152000966,1.1731633683750424,0.001
glucose,5,tiny,rgb,raw,1,10,0.0731335415570107,1.7355761766463176,0.001
glucose,5,tiny,rgb,raw,1,11,0.06910404097705236,0.770684698744109,0.001
glucose,5,tiny,rgb,raw,1,12,0.04830548705757997,1.0718730139204338,0.001
glucose,5,tiny,rgb,raw,1,13,0.055711942817877017,0.7300625081714109,0.001
glucose,5,tiny,rgb,raw,1,14,0.05416275767384627,0.8735801344714044,0.001
glucose,5,tiny,rgb,raw,1,15,0.05176373719946994,1.2243815691572204,0.001
glucose,5,tiny,rgb,raw,1,16,0.054236252971226695,0.7932258873659559,0.001
glucose,5,tiny,rgb,raw,1,17,0.043177714896139904,0.8144504899671395,0.001
glucose,5,tiny,rgb,raw,1,18,0.047643037665574275,0.7958385664172556,0.001
glucose,5,tiny,rgb,raw,1,19,0.03904468132024728,0.8228514692471756,0.001
glucose,5,tiny,rgb,raw,1,20,0.051357783924027636,0.887278278986247,0.001
glucose,5,tiny,rgb,raw,1,21,0.04464739579957217,0.669159718185517,0.0005
glucose,5,tiny,rgb,raw,1,22,0.04076290881780327,0.8277314868098388,0.0005
glucose,5,tiny,rgb,raw,1,23,0.04139585624797334,0.7511067651349127,0.0005
glucose,5,tiny,rgb,raw,1,24,0.04718184995224863,0.7999307801374926,0.0005
glucose,5,tiny,rgb,raw,1,25,0.04069371531466258,0.8374701536383543,0.0005
glucose,5,tiny,rgb,raw,1,26,0.0379823918125402,0.8417020346153194,0.0005
glucose,5,tiny,rgb,raw,1,27,0.03970238063956338,0.7180677838335608,0.0005
glucose,5,tiny,rgb,raw,1,28,0.03898923653670643,0.7993180813472475,0.0005
glucose,5,tiny,rgb,raw,1,29,0.03319997642461305,0.8193918721919694,0.00025
glucose,5,tiny,rgb,raw,1,30,0.03848023885852711,0.7504293661735157,0.00025
glucose,5,tiny,rgb,raw,1,31,0.036031602847149756,0.6907688695539936,0.00025
glucose,5,tiny,rgb,raw,1,32,0.033990329062085926,0.7716557511515507,0.00025
glucose,5,tiny,rgb,raw,1,33,0.03581177563741026,0.6885929453271075,0.00025
glucose,5,tiny,rgb,raw,1,34,0.033423591754919726,0.7273393865418023,0.00025
glucose,5,tiny,rgb,raw,1,35,0.031998085493746525,0.7753728054214449,0.00025
glucose,5,tiny,rgb,raw,1,36,0.04002789908467657,0.7293945150768951,0.000125
glucose,5,tiny,g,raw,1,1,0.7148173457641716,5.407251815891831,0.001
glucose,5,tiny,g,raw,1,2,0.31927442177574966,4.8932380778557985,0.001
glucose,5,tiny,g,raw,1,3,0.27897067841048034,4.4094668615864805,0.001
glucose,5,tiny,g,raw,1,4,0.251480047464726,3.660742349341942,0.001
glucose,5,tiny,g,raw,1,5,0.2553552245240986,3.5669651064833725,0.001
glucose,5,tiny,g,raw,1,6,0.24563543682837452,2.8852110544433507,0.001
glucose,5,tiny,g,raw,1,7,0.25023821638078164,2.752348967701962,0.001
glucose,5,tiny,g,raw,1,8,0.23567797161427767,2.811035280933437,0.001
glucose,5,tiny,g,raw,1,9,0.23553481902344217,2.6363628965753767,0.001
glucose,5,tiny,g,raw,1,10,0.24074977081152438,2.6630097335812546,0.001
glucose,5,tiny,g,raw,1,11,0.23145953944472017,2.629207508527548,0.001
glucose,5,tiny,g,raw,1,12,0.23610590094070322,2.5706709565684847,0.001
glucose,5,tiny,g,raw,1,13,0.2321056902364185,2.531667915099752,0.001
glucose,5,tiny,g,raw,1,14,0.2288168630550231,2.598211846314559,0.001
glucose,5,tiny,g,raw,1,15,0.22609311355563816,2.5179815659244356,0.001
glucose,5,tiny,g,raw,1,16,0.22906927322488604,2.7736173618519118,0.001
glucose,5,tiny,g,raw,1,17,0.23203852507334352,2.4441037719613963,0.001
glucose,5,tiny,g,raw,1,18,0.2280869947638135,2.9533546569366744,0.001
glucose,5,tiny,g,raw,1,19,0.22233296642093828,2.5583727433016774,0.001
glucose,5,tiny,g,raw,1,20,0.217917556911929,2.53262722063706,0.001
glucose,5,tiny,g,raw,1,21,0.21884293236871058,2.699588933017758,0.001
glucose,5,tiny,g,raw,1,22,0.22471408483790214,2.5023433870819973,0.001
glucose,5,tiny,g,raw,1,23,0.21196130568775087,2.689771418479202,0.001
glucose,5,tiny,g,raw,1,24,0.20783668125795005,2.4936590752158057,0.001
glucose,5,tiny,g,raw,1,25,0.2164366448689502,2.5523558632575045,0.0005
glucose,5,tiny,g,raw,1,26,0.20576881467407757,2.7301241300286914,0.0005
glucose,5,tiny,g,raw,1,27,0.20689906248747858,2.4649556519358597,0.0005
glucose,5,tiny,g,raw,1,28,0.19742203174067324,2.666317597356261,0.0005
glucose,5,tiny,g,raw,1,29,0.19485112576122254,2.661291814719372,0.0005
glucose,5,tiny,g,raw,1,30,0.20260704556360684,2.506161515165123,0.0005
glucose,5,tiny,g,raw,1,31,0.19668100860897014,2.7624880896538,0.0005
glucose,5,tiny,g,raw,1,32,0.1939226659861478,2.4964532795968846,0.00025
glucose,5,tiny,hue_circular,raw,1,1,0.630176374125232,5.901708672876228,0.001
glucose,5,tiny,hue_circular,raw,1,2,0.180248560453314,5.386923958775015,0.001
glucose,5,tiny,hue_circular,raw,1,3,0.14379535828635162,5.3048285518183755,0.001
glucose,5,tiny,hue_circular,raw,1,4,0.16327994929740397,5.1295614108389875,0.001
glucose,5,tiny,hue_circular,raw,1,5,0.1343299249067747,4.987828047176176,0.001
glucose,5,tiny,hue_circular,raw,1,6,0.12180072229061326,4.712799532661806,0.001
glucose,5,tiny,hue_circular,raw,1,7,0.1098950787956775,4.676925485797681,0.001
glucose,5,tiny,hue_circular,raw,1,8,0.0863568660776768,4.074081032293657,0.001
glucose,5,tiny,hue_circular,raw,1,9,0.07235912131437068,3.747960552240033,0.001
glucose,5,tiny,hue_circular,raw,1,10,0.07833022975131047,2.8588845420539126,0.001
glucose,5,tiny,hue_circular,raw,1,11,0.07957275594888608,2.9093329998947506,0.001
glucose,5,tiny,hue_circular,raw,1,12,0.05505197012211278,2.0525796635249023,0.001
glucose,5,tiny,hue_circular,raw,1,13,0.061182492880369976,2.7374647511692016,0.001
glucose,5,tiny,hue_circular,raw,1,14,0.0597311010481526,1.132971148653464,0.001
glucose,5,tiny,hue_circular,raw,1,15,0.054476225540463864,1.245174196516371,0.001
glucose,5,tiny,hue_circular,raw,1,16,0.056798115804313994,1.6973346399756388,0.001
glucose,5,tiny,hue_circular,raw,1,17,0.06450812695700614,0.7236226064592858,0.001
glucose,5,tiny,hue_circular,raw,1,18,0.057158364449390354,0.9109779963268945,0.001
glucose,5,tiny,hue_circular,raw,1,19,0.05489412692948709,1.4680209260638584,0.001
glucose,5,tiny,hue_circular,raw,1,20,0.059408274447287246,0.9391630042744257,0.001
glucose,5,tiny,hue_circular,raw,1,21,0.0552404885820145,1.321019008747893,0.001
glucose,5,tiny,hue_circular,raw,1,22,0.048130047347968455,1.1859245926823447,0.001
glucose,5,tiny,hue_circular,raw,1,23,0.045722038009038804,0.8492156294943597,0.001
glucose,5,tiny,hue_circular,raw,1,24,0.07225601954715974,1.3829566047253232,0.001
glucose,5,tiny,hue_circular,raw,1,25,0.04811504413269671,0.7867574808288151,0.0005
glucose,5,tiny,hue_circular,raw,1,26,0.05289530639166093,0.8624157023769076,0.0005
glucose,5,tiny,hue_circular,raw,1,27,0.04932074581901647,0.8117248257539402,0.0005
glucose,5,tiny,hue_circular,raw,1,28,0.045537436794595106,1.0404867656786025,0.0005
glucose,5,tiny,hue_circular,raw,1,29,0.03725717127345358,1.0084258107571569,0.0005
glucose,5,tiny,hue_circular,raw,1,30,0.04158141176409231,0.7685772056689586,0.0005
glucose,5,tiny,hue_circular,raw,1,31,0.04075169521654594,0.8504806039880086,0.0005
glucose,5,tiny,hue_circular,raw,1,32,0.04365873374544561,0.7197420428695154,0.00025
glucose,5,tiny,hue_circular,raw,1,33,0.04052359532514912,0.721752401491723,0.00025
glucose,5,tiny,hue_circular,raw,1,34,0.040458469111722205,0.8415266237502821,0.00025
glucose,5,tiny,hue_circular,raw,1,35,0.0408653511461731,0.7482811402955658,0.00025
glucose,5,tiny,hue_circular,raw,1,36,0.03876235337730847,0.7204777001413526,0.00025
glucose,5,tiny,hue_circular,raw,1,37,0.04199068021756526,0.7027119834741451,0.00025
glucose,5,tiny,hue_circular,raw,1,38,0.0370278692070045,0.7723704282755854,0.00025
glucose,5,tiny,hue_circular,raw,1,39,0.037722521179790115,0.7638587134474594,0.00025
glucose,5,tiny,hue_circular,raw,1,40,0.04388779177484498,0.7418110452076047,0.00025
glucose,5,tiny,hue_circular,raw,1,41,0.03908179727023476,0.6968328500460845,0.00025
glucose,5,tiny,hue_circular,raw,1,42,0.04139852786683734,0.821377558846794,0.00025
glucose,5,tiny,hue_circular,raw,1,43,0.04129807407871977,0.7467909098305409,0.00025
glucose,5,tiny,hue_circular,raw,1,44,0.041171804270339264,0.7349705051549111,0.00025
glucose,5,tiny,hue_circular,raw,1,45,0.0404022355659708,0.8783792029650187,0.00025
glucose,5,tiny,hue_circular,raw,1,46,0.03883951524308648,0.6650083083872217,0.00025
glucose,5,tiny,hue_circular,raw,1,47,0.039951809055981086,0.7367050305002949,0.00025
glucose,5,tiny,hue_circular,raw,1,48,0.041063695335441484,0.7067374309537618,0.00025
glucose,5,tiny,hue_circular,raw,1,49,0.03723376745083293,0.7033993723319898,0.00025
glucose,5,tiny,hue_circular,raw,1,50,0.03897976905840342,0.7656228812317056,0.00025
glucose,5,tiny,hue_circular,raw,1,51,0.04175820760845294,0.7765534694118528,0.00025
glucose,5,tiny,hue_circular,raw,1,52,0.037466494524754285,0.788216172280449,0.00025
glucose,5,tiny,hue_circular,raw,1,53,0.03896563606206244,0.6831366361092233,0.00025
glucose,5,tiny,hue_circular,raw,1,54,0.03922592202304195,0.6743730426270997,0.000125
glucose,5,tiny,hue_circular,raw,1,55,0.03689935221857268,0.6990643323753959,0.000125
glucose,5,tiny,hue_circular,raw,1,56,0.04298110856728742,0.7591336469007839,0.000125
glucose,5,tiny,hue_circular,raw,1,57,0.04146651458411565,0.6768027716479231,0.000125
glucose,5,tiny,hue_circular,raw,1,58,0.038448160866777874,0.675988226854373,0.000125
glucose,5,tiny,hue_circular,raw,1,59,0.04058170915427222,0.6988588198344143,0.000125
glucose,5,tiny,hue_circular,raw,1,60,0.04091594944501243,0.7049414597173298,0.000125
glucose,5,tiny,hue_circular,raw,1,61,0.03873745030022591,0.7116071129957302,6.25e-05
glucose,5,lite,rgb,raw,1,1,0.5510405719546732,5.307195437455459,0.001
glucose,5,lite,rgb,raw,1,2,0.4086765505695485,5.179772699298426,0.001
glucose,5,lite,rgb,raw,1,3,0.2933465658996571,5.182181928417294,0.001
glucose,5,lite,rgb,raw,1,4,0.19520341715985012,5.336658687982688,0.001
glucose,5,lite,rgb,raw,1,5,0.15300474520189752,5.272714999989327,0.001
glucose,5,lite,rgb,raw,1,6,0.13200764686713098,4.2368017995536595,0.001
glucose,5,lite,rgb,raw,1,7,0.1303561591999897,3.1277247944349256,0.001
glucose,5,lite,rgb,raw,1,8,0.11698713153600693,2.1549418009985186,0.001
glucose,5,lite,rgb,raw,1,9,0.11432777713823247,1.409976079402639,0.001
glucose,5,lite,rgb,raw,1,10,0.10560303712166547,1.26345456178878,0.001
glucose,5,lite,rgb,raw,1,11,0.07865629035385462,1.1769872747117438,0.001
glucose,5,lite,rgb,raw,1,12,0.07337254185879107,1.1163264443791465,0.001
glucose,5,lite,rgb,raw,1,13,0.08698660588299997,1.0077828658491468,0.001
glucose,5,lite,rgb,raw,1,14,0.07802236646458217,0.9437319541904579,0.001
glucose,5,lite,rgb,raw,1,15,0.05325863834598203,1.0087648696671578,0.001
glucose,5,lite,rgb,raw,1,16,0.06854183581031736,0.8302295494045299,0.001
glucose,5,lite,rgb,raw,1,17,0.05836179044136525,0.8633758478846758,0.001
glucose,5,lite,rgb,raw,1,18,0.06282317209794518,0.8625347788809129,0.001
glucose,5,lite,rgb,raw,1,19,0.057425542633242115,0.9125292086627791,0.001
glucose,5,lite,rgb,raw,1,20,0.07003308545059668,0.8863436939736631,0.001
glucose,5,lite,rgb,raw,1,21,0.05773595589505933,0.8632936410442842,0.001
glucose,5,lite,rgb,raw,1,22,0.05621441645789253,0.896241507140002,0.001
glucose,5,lite,rgb,raw,1,23,0.0504062963891136,0.8008787939176749,0.001
glucose,5,lite,rgb,raw,1,24,0.06039493016887528,0.7801450467127903,0.001
glucose,5,lite,rgb,raw,1,25,0.06545687996506158,0.7702858222902488,0.001
glucose,5,lite,rgb,raw,1,26,0.047183332018187786,0.7807752512813949,0.001
glucose,5,lite,rgb,raw,1,27,0.05231204266963879,0.8351105156083761,0.001
glucose,5,lite,rgb,raw,1,28,0.048434618233124296,0.7704604790508133,0.001
glucose,5,lite,rgb,raw,1,29,0.052727980158901074,0.7703546024719004,0.001
glucose,5,lite,rgb,raw,1,30,0.04883056329965769,0.7059859533668832,0.001
glucose,5,lite,rgb,raw,1,31,0.05157655968307205,0.7010677096022834,0.001
glucose,5,lite,rgb,raw,1,32,0.04703307614818593,0.8707337887876928,0.001
glucose,5,lite,rgb,raw,1,33,0.05534827763606113,0.7132523057323458,0.001
glucose,5,lite,rgb,raw,1,34,0.04258111042099631,0.7568329142584954,0.001
glucose,5,lite,rgb,raw,1,35,0.042520752351525644,0.6857273148591271,0.001
glucose,5,lite,rgb,raw,1,36,0.04540710260011755,0.7914216222045873,0.001
glucose,5,lite,rgb,raw,1,37,0.048676304657972694,0.737865151368694,0.001
glucose,5,lite,rgb,raw,1,38,0.04855079445904662,0.7416960688948403,0.001
glucose,5,lite,rgb,raw,1,39,0.04631372839323455,0.9097626751239105,0.001
glucose,5,lite,rgb,raw,1,40,0.0465873181153694,0.7176648036389843,0.001
glucose,5,lite,rgb,raw,1,41,0.041673443944994275,0.7331512770537287,0.001
glucose,5,lite,rgb,raw,1,42,0.03916752287332418,0.7017875761344056,0.001
glucose,5,lite,rgb,raw,1,43,0.05150584123706675,0.7411860741512185,0.0005
glucose,5,lite,rgb,raw,1,44,0.040920789424335545,0.7284928186327878,0.0005
glucose,5,lite,rgb,raw,1,45,0.04461546629200927,0.6878813864739284,0.0005
glucose,5,lite,rgb,raw,1,46,0.036343714824687526,0.6777512477723517,0.0005
glucose,5,lite,rgb,raw,1,47,0.04797170720383769,0.6712542783786374,0.0005
glucose,5,lite,rgb,raw,1,48,0.03676326830500817,0.7036818971813841,0.0005
glucose,5,lite,rgb,raw,1,49,0.03962892533769906,0.6975792090615013,0.0005
glucose,5,lite,rgb,raw,1,50,0.04093344550685271,0.7001055214867193,0.0005
glucose,5,lite,rgb,raw,1,51,0.038376564795676,0.7450625316509764,0.0005
glucose,5,lite,rgb,raw,1,52,0.035672060429117185,0.7901607590910369,0.0005
glucose,5,lite,rgb,raw,1,53,0.04682057918272857,0.6865345393312606,0.0005
glucose,5,lite,rgb,raw,1,54,0.04423081688305305,0.6572310794594577,0.0005
glucose,5,lite,rgb,raw,1,55,0.03988681497099503,0.6735598290632189,0.0005
glucose,5,lite,rgb,raw,1,56,0.04487989737406573,0.8163648623617713,0.0005
glucose,5,lite,rgb,raw,1,57,0.04273300788930205,0.7185565808040125,0.0005
glucose,5,lite,rgb,raw,1,58,0.03692162027457609,0.702730103449386,0.0005
glucose,5,lite,rgb,raw,1,59,0.03355815370973816,0.6965515953403263,0.0005
glucose,5,lite,rgb,raw,1,60,0.04504656387512446,0.6716584017703046,0.0005
glucose,5,lite,rgb,raw,1,61,0.04794068010482276,0.7112330191568649,0.0005
glucose,5,lite,rgb,raw,1,62,0.03937636887107805,0.6686887045919471,0.00025
glucose,5,lite,rgb,raw,1,63,0.03725974482724279,0.6842850684122085,0.00025
glucose,5,lite,rgb,raw,1,64,0.03523903593265531,0.6638145500547836,0.00025
glucose,5,lite,rgb,raw,1,65,0.045841102933874785,0.6677973392032281,0.00025
glucose,5,lite,rgb,raw,1,66,0.04594843911809289,0.6617676254731353,0.00025
glucose,5,lite,rgb,raw,1,67,0.035588852122936804,0.6495240624129007,0.00025
glucose,5,lite,rgb,raw,1,68,0.04438953741207919,0.6713848340821934,0.00025
glucose,5,lite,rgb,raw,1,69,0.03747016832721038,0.6945839516959874,0.00025
glucose,5,lite,rgb,raw,1,70,0.04127348113344252,0.7152846401821746,0.00025
glucose,5,lite,rgb,raw,1,71,0.037157082438868665,0.7307284841649426,0.00025
glucose,5,lite,rgb,raw,1,72,0.03699322637786808,0.6734135400888831,0.00025
glucose,5,lite,rgb,raw,1,73,0.03569445085063599,0.6314294785414044,0.00025
glucose,5,lite,rgb,raw,1,74,0.03863263308402323,0.6703065022108355,0.00025
glucose,5,lite,rgb,raw,1,75,0.038335915838108685,0.6692523800678081,0.00025
glucose,5,lite,rgb,raw,1,76,0.036736590701714714,0.6752181902109295,0.00025
glucose,5,lite,rgb,raw,1,77,0.03375097308668756,0.6518067794116772,0.00025
glucose,5,lite,rgb,raw,1,78,0.032996753788651724,0.6796440784404666,0.00025
glucose,5,lite,rgb,raw,1,79,0.031976340030460175,0.6754392289352044,0.00025
glucose,5,lite,rgb,raw,1,80,0.0371825634189583,0.6461991618273167,0.00025
glucose,5,lite,rgb,raw,1,81,0.041441842269613206,0.6393054336735041,0.000125
glucose,5,lite,rgb,raw,1,82,0.034727470113738994,0.6533393647364149,0.000125
glucose,5,lite,rgb,raw,1,83,0.039312199546487785,0.6546014340658473,0.000125
glucose,5,lite,rgb,raw,1,84,0.0423436090461188,0.6473366651852505,0.000125
glucose,5,lite,rgb,raw,1,85,0.034990674678663736,0.6415865297166929,0.000125
glucose,5,lite,rgb,raw,1,86,0.039895156212428645,0.6373152293813753,0.000125
glucose,5,lite,rgb,raw,1,87,0.054324090181004626,0.6632157443911056,0.000125
glucose,5,lite,rgb,raw,1,88,0.03540738566532931,0.6686319552785758,6.25e-05
ketone,1,tiny,rgb,raw,1,1,1.0125975648562113,2.5552588683615958,0.001
ketone,1,tiny,rgb,raw,1,2,0.3975956638654073,2.5583066672018973,0.001
ketone,1,tiny,rgb,raw,1,3,0.20472151637077332,2.2605466283437776,0.001
ketone,1,tiny,rgb,raw,1,4,0.11795586744944254,1.9189248887890806,0.001
ketone,1,tiny,rgb,raw,1,5,0.08427492181460063,1.7428840252525868,0.001
ketone,1,tiny,rgb,raw,1,6,0.059134529531002046,0.9949907428221356,0.001
ketone,1,tiny,rgb,raw,1,7,0.0699629416068395,0.836761448046552,0.001
ketone,1,tiny,rgb,raw,1,8,0.0655470850567023,0.4175972746807449,0.001
ketone,1,tiny,rgb,raw,1,9,0.06328429480393728,0.295815744045715,0.001
ketone,1,tiny,rgb,raw,1,10,0.039260525008042654,0.39662213622144765,0.001
ketone,1,tiny,rgb,raw,1,11,0.057193788886070254,0.40609232872694173,0.001
ketone,1,tiny,rgb,raw,1,12,0.03751806169748306,0.2529356069342503,0.001
ketone,1,tiny,rgb,raw,1,13,0.05146747976541519,0.26176790911528214,0.001
ketone,1,tiny,rgb,raw,1,14,0.04943821057677269,0.20876691096493838,0.001
ketone,1,tiny,rgb,raw,1,15,0.03743091349800428,0.185036506349,0.001
ketone,1,tiny,rgb,raw,1,16,0.03715876837571462,0.19565468593434487,0.001
ketone,1,tiny,rgb,raw,1,17,0.06135539462169012,0.19702160060073753,0.001
ketone,1,tiny,rgb,raw,1,18,0.04704751968383789,0.24063457979080546,0.001
ketone,1,tiny,rgb,raw,1,19,0.047972596685091656,0.2301948572692551,0.001
ketone,1,tiny,rgb,raw,1,20,0.05083309262990952,0.3477873954113637,0.001
ketone,1,tiny,rgb,raw,1,21,0.05849833736817042,0.2417081816482494,0.001
ketone,1,tiny,rgb,raw,1,22,0.025651732583840688,0.20643983405609695,0.001
ketone,1,tiny,rgb,raw,1,23,0.040710479766130445,0.21325319158046674,0.0005
ketone,1,tiny,rgb,raw,1,24,0.030394208679596583,0.2170699192465736,0.0005
ketone,1,tiny,rgb,raw,1,25,0.028038193782170612,0.2372317577940502,0.0005
ketone,1,tiny,rgb,raw,1,26,0.031829808155695596,0.2283836301607216,0.0005
ketone,1,tiny,rgb,raw,1,27,0.03062725563844045,0.21224743559627277,0.0005
ketone,1,tiny,rgb,raw,1,28,0.03142682413260142,0.22717909562419458,0.0005
ketone,1,tiny,rgb,raw,1,29,0.043376090253392854,0.24689756748234368,0.0005
ketone,1,tiny,rgb,raw,1,30,0.025669596095879873,0.25647714601889676,0.00025
ketone,1,tiny,g,raw,1,1,0.3773003816604614,2.5302940246104564,0.001
ketone,1,tiny,g,raw,1,2,0.18718452056248983,2.0571960415894406,0.001
ketone,1,tiny,g,raw,1,3,0.16086972157160442,1.6407810831254506,0.001
ketone,1,tiny,g,raw,1,4,0.18167117536067962,1.4238964740239972,0.001
ketone,1,tiny,g,raw,1,5,0.2024004191160202,1.4611065494836257,0.001
ketone,1,tiny,g,raw,1,6,0.1549110531806946,1.1172303699102784,0.001
ketone,1,tiny,g,raw,1,7,0.159844575325648,0.9609706193080728,0.001
ketone,1,tiny,g,raw,1,8,0.14796821375687916,0.9654014594393607,0.001
ketone,1,tiny,g,raw,1,9,0.1400762567917506,1.007409216002298,0.001
ketone,1,tiny,g,raw,1,10,0.12742010951042176,0.8099718461805412,0.001
ketone,1,tiny,g,raw,1,11,0.13444860776265463,0.6675253814260594,0.001
ketone,1,tiny,g,raw,1,12,0.12474239865938823,0.6193393242297289,0.001
ketone,1,tiny,g,raw,1,13,0.13493558764457703,0.5890692983939404,0.001
ketone,1,tiny,g,raw,1,14,0.12637751748164494,0.6231054590952189,0.001
ketone,1,tiny,g,raw,1,15,0.11462397327025732,0.542741203236914,0.001
ketone,1,tiny,g,raw,1,16,0.12055029372374217,0.552675991831285,0.001
ketone,1,tiny,g,raw,1,17,0.12639219264189402,0.6147102340482447,0.001
ketone,1,tiny,g,raw,1,18,0.12298922538757324,0.6004271046731541,0.001
ketone,1,tiny,g,raw,1,19,0.1220446546872457,0.6685524908295533,0.001
ketone,1,tiny,g,raw,1,20,0.11665029923121134,0.7870604171166724,0.001
ketone,1,tiny,g,raw,1,21,0.13359292050202687,0.5576860533680077,0.001
ketone,1,tiny,g,raw,1,22,0.10407438079516093,0.7607741538046494,0.001
ketone,1,tiny,g,raw,1,23,0.12210840980211894,0.7666397940449594,0.0005
ketone,1,tiny,g,raw,1,24,0.10943394154310226,0.5647528516141573,0.0005
ketone,1,tiny,g,raw,1,25,0.11085694481929144,0.5694044515796446,0.0005
ketone,1,tiny,g,raw,1,26,0.11247306366761525,0.531612282892101,0.0005
ketone,1,tiny,g,raw,1,27,0.10550270875295004,0.570567255225095,0.0005
ketone,1,tiny,g,raw,1,28,0.11219989061355591,0.5575932073962699,0.0005
ketone,1,tiny,g,raw,1,29,0.11134975478053093,0.5891803208404414,0.0005
ketone,1,tiny,g,raw,1,30,0.10006413062413534,0.7221383057316602,0.0005
ketone,1,tiny,g,raw,1,31,0.1032555123170217,0.6821136773747138,0.0005
ketone,1,tiny,g,raw,1,32,0.11144046634435653,0.5657238515607644,0.0005
ketone,1,tiny,g,raw,1,33,0.11163140038649241,1.0474132104022238,0.0005
ketone,1,tiny,g,raw,1,34,0.09962046841780345,1.021892086928141,0.00025
ketone,1,tiny,g,raw,1,35,0.10971964299678802,0.9564384022399106,0.00025
ketone,1,tiny,g,raw,1,36,0.10854679346084595,0.785142011296032,0.00025
ketone,1,tiny,g,raw,1,37,0.11035204231739044,0.5511946468640017,0.00025
ketone,1,tiny,g,raw,1,38,0.10288291797041893,0.51659210814245,0.00025
ketone,1,tiny,g,raw,1,39,0.10539233734210332,0.5291245997524254,0.00025
ketone,1,tiny,g,raw,1,40,0.11456382324298223,0.6012067079052721,0.00025
ketone,1,tiny,g,raw,1,41,0.10440472265084584,0.5520029460914448,0.00025
ketone,1,tiny,g,raw,1,42,0.09829470217227936,0.5563577903234977,0.00025
ketone,1,tiny,g,raw,1,43,0.09675847192605337,0.6685907677562948,0.00025
ketone,1,tiny,g,raw,1,44,0.10581876883904139,0.5741245142729,0.00025
ketone,1,tiny,g,raw,1,45,0.1063572570681572,0.5088689159643947,0.00025
ketone,1,tiny,g,raw,1,46,0.10574746131896973,0.5587889431325072,0.00025
ketone,1,tiny,g,raw,1,47,0.10188126812378566,0.5215231298489506,0.00025
ketone,1,tiny,g,raw,1,48,0.10157829970121383,0.5258768107331134,0.00025
ketone,1,tiny,g,raw,1,49,0.10356298933426539,0.6093013080789855,0.00025
ketone,1,tiny,g,raw,1,50,0.116249613960584,0.6387693930911597,0.00025
ketone,1,tiny,g,raw,1,51,0.11788309713204702,0.5236378960316506,0.00025
ketone,1,tiny,g,raw,1,52,0.11451155344645182,0.5390178808118644,0.00025
ketone,1,tiny,g,raw,1,53,0.1051347573598226,0.5230732072407623,0.000125
ketone,1,tiny,g,raw,1,54,0.09931273063023885,0.5172425068385329,0.000125
ketone,1,tiny,g,raw,1,55,0.09452546040217082,0.534596700010388,0.000125
ketone,1,tiny,g,raw,1,56,0.09877472619215648,0.5673793820082469,0.000125
ketone,1,tiny,g,raw,1,57,0.09343803028265635,0.5516707607167398,0.000125
ketone,1,tiny,g,raw,1,58,0.09833542505900066,0.5591889322931608,0.000125
ketone,1,tiny,g,raw,1,59,0.10284915169080099,0.5944560065894238,0.000125
ketone,1,tiny,g,raw,1,60,0.10298383335272471,0.6595525906799284,6.25e-05
ketone,1,tiny,hue_circular,raw,1,1,0.8031021138032277,2.6568849360513767,0.001
ketone,1,tiny,hue_circular,raw,1,2,0.31385916272799175,2.5972873651372677,0.001
ketone,1,tiny,hue_circular,raw,1,3,0.14059860706329347,2.3371899869782204,0.001
ketone,1,tiny,hue_circular,raw,1,4,0.1014700099825859,2.1401044378689607,0.001
ketone,1,tiny,hue_circular,raw,1,5,0.05201838165521622,2.0143294698451824,0.001
ketone,1,tiny,hue_circular,raw,1,6,0.04562977204720179,1.7438708202137942,0.001
ketone,1,tiny,hue_circular,raw,1,7,0.05793801893790563,1.434821488574893,0.001
ketone,1,tiny,hue_circular,raw,1,8,0.05477584997812907,1.0416542439895669,0.001
ketone,1,tiny,hue_circular,raw,1,9,0.05736182332038879,0.8727147853074995,0.001
ketone,1,tiny,hue_circular,raw,1,10,0.04288395494222641,1.0932741621089288,0.001
ketone,1,tiny,hue_circular,raw,1,11,0.0609363595644633,1.0196999889115337,0.001
ketone,1,tiny,hue_circular,raw,1,12,0.046136725197235745,0.44715300964977645,0.001
ketone,1,tiny,hue_circular,raw,1,13,0.04616163571675618,0.32266093734415857,0.001
ketone,1,tiny,hue_circular,raw,1,14,0.047380517174800234,0.3825594388847262,0.001
ketone,1,tiny,hue_circular,raw,1,15,0.04402121851841609,0.34394636939281664,0.001
ketone,1,tiny,hue_circular,raw,1,16,0.02869898055990537,0.2587052384335703,0.001
ketone,1,tiny,hue_circular,raw,1,17,0.05925694927573204,0.2610898643397416,0.001
ketone,1,tiny,hue_circular,raw,1,18,0.04825113962093989,0.33494923275625865,0.001
ketone,1,tiny,hue_circular,raw,1,19,0.052784653504689534,0.22325058355275573,0.001
ketone,1,tiny,hue_circular,raw,1,20,0.04193952480951945,0.24560701571905885,0.001
ketone,1,tiny,hue_circular,raw,1,21,0.05132856766382853,0.24595272941379892,0.001
ketone,1,tiny,hue_circular,raw,1,22,0.026442851747075717,0.37323175540945397,0.001
ketone,1,tiny,hue_circular,raw,1,23,0.040041191627581914,0.23610575588022786,0.001
ketone,1,tiny,hue_circular,raw,1,24,0.03465246359507243,0.2144456151169458,0.001
ketone,1,tiny,hue_circular,raw,1,25,0.026604701206088065,0.2316426998972523,0.001
ketone,1,tiny,hue_circular,raw,1,26,0.03859419226646423,0.4019116523865913,0.001
ketone,1,tiny,hue_circular,raw,1,27,0.030898476640383404,0.2621638823072511,0.001
ketone,1,tiny,hue_circular,raw,1,28,0.03570157587528229,0.2671233199808721,0.001
ketone,1,tiny,hue_circular,raw,1,29,0.041346696019172666,0.20252663251738912,0.001
ketone,1,tiny,hue_circular,raw,1,30,0.03542422751585642,0.3332915586947196,0.001
ketone,1,tiny,hue_circular,raw,1,31,0.03065516004959742,0.25351793188260313,0.001
ketone,1,tiny,hue_circular,raw,1,32,0.03878352505465348,0.19712020503969935,0.001
ketone,1,tiny,hue_circular,raw,1,33,0.03985943471391996,0.27207427771017706,0.001
ketone,1,tiny,hue_circular,raw,1,34,0.026013558357954027,0.23759192776037769,0.001
ketone,1,tiny,hue_circular,raw,1,35,0.03226254930098851,0.22326251697147087,0.001
ketone,1,tiny,hue_circular,raw,1,36,0.036106873552004495,0.22032982806872803,0.001
ketone,1,tiny,hue_circular,raw,1,37,0.03752918454507987,0.28530073424298147,0.001
ketone,1,tiny,hue_circular,raw,1,38,0.035553846259911856,0.27845531473903296,0.001
ketone,1,tiny,hue_circular,raw,1,39,0.04519076695044835,0.2210562283678657,0.001
ketone,1,tiny,hue_circular,raw,1,40,0.036336853106816606,0.2323084864554743,0.0005
ketone,1,tiny,hue_circular,raw,1,41,0.03043504183491071,0.2524048733076915,0.0005
ketone,1,tiny,hue_circular,raw,1,42,0.024794510627786318,0.2109637419027265,0.0005
ketone,1,tiny,hue_circular,raw,1,43,0.030630713701248168,0.1921532001441767,0.0005
ketone,1,tiny,hue_circular,raw,1,44,0.030397926270961762,0.21891479773843864,0.0005
ketone,1,tiny,hue_circular,raw,1,45,0.0336031012237072,0.232207115444901,0.0005
ketone,1,tiny,hue_circular,raw,1,46,0.027503859996795655,0.2275294586765138,0.0005
ketone,1,tiny,hue_circular,raw,1,47,0.02565769279996554,0.1947472230710089,0.0005
ketone,1,tiny,hue_circular,raw,1,48,0.029261036962270736,0.1857585653011591,0.0005
ketone,1,tiny,hue_circular,raw,1,49,0.028832406923174857,0.21550234376009506,0.0005
ketone,1,tiny,hue_circular,raw,1,50,0.036168683568636575,0.25192824531558383,0.0005
ketone,1,tiny,hue_circular,raw,1,51,0.03809456378221512,0.24484611662064099,0.0005
ketone,1,tiny,hue_circular,raw,1,52,0.04067563017209371,0.20607910814825098,0.0005
ketone,1,tiny,hue_circular,raw,1,53,0.03888537089029948,0.2875579569616795,0.0005
ketone,1,tiny,hue_circular,raw,1,54,0.024939792106548946,0.1871055716326055,0.0005
ketone,1,tiny,hue_circular,raw,1,55,0.023957558472951255,0.18723332274093982,0.0005
ketone,1,tiny,hue_circular,raw,1,56,0.02718693713347117,0.22577913422269838,0.00025
ketone,1,tiny,hue_circular,raw,1,57,0.022939661890268324,0.25748001710616364,0.00025
ketone,1,tiny,hue_circular,raw,1,58,0.022075160468618075,0.2259949459430943,0.00025
ketone,1,tiny,hue_circular,raw,1,59,0.02900493157406648,0.19203795318800898,0.00025
ketone,1,tiny,hue_circular,raw,1,60,0.02403067946434021,0.21943334090484348,0.00025
ketone,1,tiny,hue_circular,raw,1,61,0.03247322887182236,0.2876004705121891,0.00025
ketone,1,tiny,hue_circular,raw,1,62,0.03155243098735809,0.19583089995869762,0.00025
ketone,1,tiny,hue_circular,raw,1,63,0.02592400585611661,0.18894392146939842,0.000125
ketone,1,lite,rgb,raw,1,1,0.5461142559846243,2.794006987444345,0.001
ketone,1,lite,rgb,raw,1,2,0.4126557509104411,2.7148583586121733,0.001
ketone,1,lite,rgb,raw,1,3,0.33799801071484886,2.6233881523574683,0.001
ketone,1,lite,rgb,raw,1,4,0.30138004620869957,2.5620441298012,0.001
ketone,1,lite,rgb,raw,1,5,0.26315980752309165,2.532854277093593,0.001
ketone,1,lite,rgb,raw,1,6,0.2239869276682536,2.513956049529579,0.001
ketone,1,lite,rgb,raw,1,7,0.17184375325838724,2.429135088938176,0.001
ketone,1,lite,rgb,raw,1,8,0.12410175303618114,2.2181087545816385,0.001
ketone,1,lite,rgb,raw,1,9,0.08390255471070608,1.8391157809210363,0.001
ketone,1,lite,rgb,raw,1,10,0.05748048648238182,1.443230582385023,0.001
ketone,1,lite,rgb,raw,1,11,0.06879995316267014,1.150064813323375,0.001
ketone,1,lite,rgb,raw,1,12,0.055747733513514204,0.7825020584957101,0.001
ketone,1,lite,rgb,raw,1,13,0.06163810690244039,0.6903348841581731,0.001
ketone,1,lite,rgb,raw,1,14,0.06257869799931844,0.55804863360267,0.001
ketone,1,lite,rgb,raw,1,15,0.047081072628498075,0.4556232426342652,0.001
ketone,1,lite,rgb,raw,1,16,0.04693807760874431,0.38216279769353745,0.001
ketone,1,lite,rgb,raw,1,17,0.05711932505170504,0.3350035847087628,0.001
ketone,1,lite,rgb,raw,1,18,0.046316412091255185,0.3076177901818914,0.001
ketone,1,lite,rgb,raw,1,19,0.049646302064259844,0.3322301904870883,0.001
ketone,1,lite,rgb,raw,1,20,0.049194209774335224,0.335583234712184,0.001
ketone,1,lite,rgb,raw,1,21,0.057684436937173206,0.32760320615941574,0.001
ketone,1,lite,rgb,raw,1,22,0.03458412612477938,0.3026314039871493,0.001
ketone,1,lite,rgb,raw,1,23,0.04010724226633708,0.28947176191792234,0.001
ketone,1,lite,rgb,raw,1,24,0.030838335305452345,0.28360044850970617,0.001
ketone,1,lite,rgb,raw,1,25,0.028989890466133754,0.2796512775854504,0.001
ketone,1,lite,rgb,raw,1,26,0.032962896923224135,0.28273358689943445,0.001
ketone,1,lite,rgb,raw,1,27,0.03390971198678017,0.2643376838872611,0.001
ketone,1,lite,rgb,raw,1,28,0.03886878490447998,0.2630677341402641,0.001
ketone,1,lite,rgb,raw,1,29,0.04670085820058981,0.2657028167013728,0.001
ketone,1,lite,rgb,raw,1,30,0.030603646859526636,0.26924064601494707,0.001
ketone,1,lite,rgb,raw,1,31,0.028239088505506514,0.27162167724312064,0.001
ketone,1,lite,rgb,raw,1,32,0.03548706670602163,0.2546197698133017,0.001
ketone,1,lite,rgb,raw,1,33,0.044782402366399764,0.22841418422968127,0.001
ketone,1,lite,rgb,raw,1,34,0.02682065392533938,0.22699061819615457,0.001
ketone,1,lite,rgb,raw,1,35,0.0344099094470342,0.2277057193086712,0.001
ketone,1,lite,rgb,raw,1,36,0.04075965682665507,0.21538476927428285,0.001
ketone,1,lite,rgb,raw,1,37,0.03969940406580766,0.25221260172408555,0.001
ketone,1,lite,rgb,raw,1,38,0.02572313373287519,0.28484299861364837,0.001
ketone,1,lite,rgb,raw,1,39,0.042554649710655215,0.24942139457593454,0.001
ketone,1,lite,rgb,raw,1,40,0.032757117847601575,0.2315339878116801,0.001
ketone,1,lite,rgb,raw,1,41,0.029207133253415427,0.23890709557040363,0.001
ketone,1,lite,rgb,raw,1,42,0.026452980935573578,0.21168833824058353,0.001
ketone,1,lite,rgb,raw,1,43,0.0294931560754776,0.2057223732405228,0.001
ketone,1,lite,rgb,raw,1,44,0.03141943775117397,0.2218609934977847,0.001
ketone,1,lite,rgb,raw,1,45,0.030987189958492915,0.2435172178560332,0.001
ketone,1,lite,rgb,raw,1,46,0.02713927092651526,0.2497594754824359,0.001
ketone,1,lite,rgb,raw,1,47,0.028825360039869945,0.23402579039405683,0.001
ketone,1,lite,rgb,raw,1,48,0.03076570654908816,0.21150904951968838,0.001
ketone,1,lite,rgb,raw,1,49,0.024113859857122104,0.19505573495861336,0.001
ketone,1,lite,rgb,raw,1,50,0.0344544713695844,0.22185390572104385,0.001
ketone,1,lite,rgb,raw,1,51,0.04202640851338704,0.2463523657393526,0.001
ketone,1,lite,rgb,raw,1,52,0.04420231928428014,0.21865160439521206,0.001
ketone,1,lite,rgb,raw,1,53,0.041572101414203644,0.25662127795074074,0.001
ketone,1,lite,rgb,raw,1,54,0.02789738227923711,0.1957774885592335,0.001
ketone,1,lite,rgb,raw,1,55,0.023133629312117893,0.17879014966131873,0.001
ketone,1,lite,rgb,raw,1,56,0.02670896550019582,0.16935666067072366,0.001
ketone,1,lite,rgb,raw,1,57,0.02753225564956665,0.17231457164210892,0.001
ketone,1,lite,rgb,raw,1,58,0.02547082056601842,0.19781080517825167,0.001
ketone,1,lite,rgb,raw,1,59,0.022523116072018942,0.2544127415801739,0.001
ketone,1,lite,rgb,raw,1,60,0.028864407787720363,0.2593144124992529,0.001
ketone,1,lite,rgb,raw,1,61,0.03968106955289841,0.23352273485682137,0.001
ketone,1,lite,rgb,raw,1,62,0.032371929349998635,0.1706075826919055,0.001
ketone,1,lite,rgb,raw,1,63,0.025889812534054122,0.16236524891550458,0.001
ketone,1,lite,rgb,raw,1,64,0.05842167288064957,0.199530233405432,0.001
ketone,1,lite,rgb,raw,1,65,0.0226434089243412,0.20727629484999543,0.001
ketone,1,lite,rgb,raw,1,66,0.029288549472888312,0.20483932913354957,0.001
ketone,1,lite,rgb,raw,1,67,0.03278619659443696,0.187056950569296,0.001
ketone,1,lite,rgb,raw,1,68,0.03628715127706528,0.18709467768175764,0.001
ketone,1,lite,rgb,raw,1,69,0.024237803866465887,0.2028513896823813,0.001
ketone,1,lite,rgb,raw,1,70,0.02425814581414064,0.23042276080174204,0.001
ketone,1,lite,rgb,raw,1,71,0.02274723822871844,0.20094521372772706,0.0005
ketone,1,lite,rgb,raw,1,72,0.025563392539819083,0.2031873334755024,0.0005
ketone,1,lite,rgb,raw,1,73,0.0172318863372008,0.20951093350823768,0.0005
ketone,1,lite,rgb,raw,1,74,0.025451880941788355,0.20150591457704214,0.0005
ketone,1,lite,rgb,raw,1,75,0.037545177588860196,0.2045115634224441,0.0005
ketone,1,lite,rgb,raw,1,76,0.030675532917181652,0.20090096922458367,0.0005
ketone,1,lite,rgb,raw,1,77,0.02800972859064738,0.19348817932595747,0.0005
ketone,1,lite,rgb,raw,1,78,0.024514216184616088,0.18714406462517644,0.00025
ketone,2,tiny,rgb,raw,1,1,0.9123624748870974,2.6273212164063873,0.001
ketone,2,tiny,rgb,raw,1,2,0.3942270757722073,2.6360322820182347,0.001
ketone,2,tiny,rgb,raw,1,3,0.17980679625370463,2.2367175831227235,0.001
ketone,2,tiny,rgb,raw,1,4,0.07090912612735248,1.9395443990270107,0.001
ketone,2,tiny,rgb,raw,1,5,0.07768874456647967,1.5078224479259044,0.001
ketone,2,tiny,rgb,raw,1,6,0.07806049812524045,1.4734196317888153,0.001
ketone,2,tiny,rgb,raw,1,7,0.056225697525212025,1.126859701594393,0.001
ketone,2,tiny,rgb,raw,1,8,0.05007408064652662,0.4794406946801456,0.001
ketone,2,tiny,rgb,raw,1,9,0.05547272926959835,0.4602883455804987,0.001
ketone,2,tiny,rgb,raw,1,10,0.06471210363946978,0.6397265350772785,0.001
ketone,2,tiny,rgb,raw,1,11,0.048296013511106614,0.36019718310387927,0.001
ketone,2,tiny,rgb,raw,1,12,0.07237226125158247,0.32114985519549094,0.001
ketone,2,tiny,rgb,raw,1,13,0.06423602729547219,0.423866508204597,0.001
ketone,2,tiny,rgb,raw,1,14,0.04248800501227379,0.3114509451535874,0.001
ketone,2,tiny,rgb,raw,1,15,0.05615320300958196,0.29275371233463005,0.001
ketone,2,tiny,rgb,raw,1,16,0.06074587219074124,0.40612013754658216,0.001
ketone,2,tiny,rgb,raw,1,17,0.05733064360550193,0.23592464358504883,0.001
ketone,2,tiny,rgb,raw,1,18,0.06952289815564625,0.2615620716976972,0.001
ketone,2,tiny,rgb,raw,1,19,0.05337225035077236,0.32581617857732775,0.001
ketone,2,tiny,rgb,raw,1,20,0.03930352948850296,0.22785306952384993,0.001
ketone,2,tiny,rgb,raw,1,21,0.033025524105693475,0.2396523065199066,0.001
ketone,2,tiny,rgb,raw,1,22,0.028525310797525235,0.25890323900184176,0.001
ketone,2,tiny,rgb,raw,1,23,0.02867366752175034,0.24775095664870575,0.001
ketone,2,tiny,rgb,raw,1,24,0.04124691642698695,0.25580207439971214,0.001
ketone,2,tiny,rgb,raw,1,25,0.05075142373804186,0.3455051681518108,0.001
ketone,2,tiny,rgb,raw,1,26,0.04239538861591308,0.25761447223479383,0.001
ketone,2,tiny,rgb,raw,1,27,0.03761386791946458,0.24577330432024255,0.001
ketone,2,tiny,rgb,raw,1,28,0.027099062368029454,0.255982106606564,0.0005
ketone,2,tiny,rgb,raw,1,29,0.03718860945129981,0.30215513360687823,0.0005
ketone,2,tiny,rgb,raw,1,30,0.029891538448998185,0.24382164380244345,0.0005
ketone,2,tiny,rgb,raw,1,31,0.04998378162501288,0.24625636169256176,0.0005
ketone,2,tiny,rgb,raw,1,32,0.04625442101940757,0.21938044629366174,0.0005
ketone,2,tiny,rgb,raw,1,33,0.027020116321376113,0.28953880392160986,0.0005
ketone,2,tiny,rgb,raw,1,34,0.029300285167381413,0.26263662449796094,0.0005
ketone,2,tiny,rgb,raw,1,35,0.03220136830064117,0.22589083651173653,0.0005
ketone,2,tiny,rgb,raw,1,36,0.030751128482525467,0.22687480637466645,0.0005
ketone,2,tiny,rgb,raw,1,37,0.03207705640157715,0.24737819848008763,0.0005
ketone,2,tiny,rgb,raw,1,38,0.044561042251889824,0.24451987287747085,0.0005
ketone,2,tiny,rgb,raw,1,39,0.030855501192759295,0.2605283955317102,0.0005
ketone,2,tiny,rgb,raw,1,40,0.0351077996072222,0.24899609556923044,0.00025
ketone,2,tiny,rgb,raw,1,41,0.025361574331267935,0.2341105455010305,0.00025
ketone,2,tiny,rgb,raw,1,42,0.03149798768954199,0.22011293339631835,0.00025
ketone,2,tiny,rgb,raw,1,43,0.02985784713728506,0.2248168906315381,0.00025
ketone,2,tiny,rgb,raw,1,44,0.03200320673526311,0.2234991265300633,0.00025
ketone,2,tiny,rgb,raw,1,45,0.0274977516077581,0.23417194938205085,0.00025
ketone,2,tiny,rgb,raw,1,46,0.02870551295212058,0.22285122110011293,0.00025
ketone,2,tiny,rgb,raw,1,47,0.028097919417453595,0.21994995520143837,0.000125
ketone,2,tiny,g,raw,1,1,0.3456370886720595,2.362655689416373,0.001
ketone,2,tiny,g,raw,1,2,0.21541980128796373,2.156247463725612,0.001
ketone,2,tiny,g,raw,1,3,0.15880762822315342,1.7486765078152793,0.001
ketone,2,tiny,g,raw,1,4,0.13663634999853666,1.6191021607899372,0.001
ketone,2,tiny,g,raw,1,5,0.14302455206386377,1.1019656598607475,0.001
ketone,2,tiny,g,raw,1,6,0.14798469059779995,0.9021040783699061,0.001
ketone,2,tiny,g,raw,1,7,0.12681846125204055,0.9567588233712141,0.001
ketone,2,tiny,g,raw,1,8,0.12386170029640198,0.9153423724886967,0.001
ketone,2,tiny,g,raw,1,9,0.13809173395399188,0.677468855552029,0.001
ketone,2,tiny,g,raw,1,10,0.12491591201453912,0.711086301599221,0.001
ketone,2,tiny,g,raw,1,11,0.1272371225669736,0.9188046555801036,0.001
ketone,2,tiny,g,raw,1,12,0.1336230016389831,0.822285914888305,0.001
ketone,2,tiny,g,raw,1,13,0.1416183988578984,0.7146276385081696,0.001
ketone,2,tiny,g,raw,1,14,0.1199264577666267,1.073677273242669,0.001
ketone,2,tiny,g,raw,1,15,0.12334069976064026,0.6069576524916982,0.001
ketone,2,tiny,g,raw,1,16,0.13162218254120622,1.330955128030519,0.001
ketone,2,tiny,g,raw,1,17,0.13014383027788068,0.8870686182615799,0.001
ketone,2,tiny,g,raw,1,18,0.128229235283664,0.8767072987502388,0.001
ketone,2,tiny,g,raw,1,19,0.12573357952422784,0.6898940040232154,0.001
ketone,2,tiny,g,raw,1,20,0.1165317146748793,0.6367371403175903,0.001
ketone,2,tiny,g,raw,1,21,0.12052597423068813,0.5787064897608358,0.001
ketone,2,tiny,g,raw,1,22,0.10919194045614024,1.1123763631532633,0.001
ketone,2,tiny,g,raw,1,23,0.10489303374388179,0.5917378435634184,0.001
ketone,2,tiny,g,raw,1,24,0.12294950543857011,0.8811231583447305,0.001
ketone,2,tiny,g,raw,1,25,0.14408815200211572,0.7246801787629273,0.001
ketone,2,tiny,g,raw,1,26,0.12448925805873558,1.6920598162616058,0.001
ketone,2,tiny,g,raw,1,27,0.12100649124286214,0.587903121592271,0.001
ketone,2,tiny,g,raw,1,28,0.10993413602719541,1.3086123832860324,0.001
ketone,2,tiny,g,raw,1,29,0.12225930832448553,0.8336161585800879,0.0005
ketone,2,tiny,g,raw,1,30,0.10473758385318224,0.625269213970271,0.0005
ketone,2,tiny,g,raw,1,31,0.14462543193434105,0.6319476446121179,0.0005
ketone,2,tiny,g,raw,1,32,0.12983707179788684,0.7859927104777087,0.0005
ketone,2,tiny,g,raw,1,33,0.1110799928180507,0.8904661466639965,0.0005
ketone,2,tiny,g,raw,1,34,0.10894008628169044,0.7583923467303872,0.0005
ketone,2,tiny,g,raw,1,35,0.11726113543158671,0.633883688271025,0.0005
ketone,2,tiny,g,raw,1,36,0.11334080639921251,0.6685759863712684,0.00025
ketone,2,tiny,hue_circular,raw,1,1,0.3835081013499713,2.4713916818516823,0.001
ketone,2,tiny,hue_circular,raw,1,2,0.11565804457078215,2.3143917666585616,0.001
ketone,2,tiny,hue_circular,raw,1,3,0.07123409333776255,2.25241132336099,0.001
ketone,2,tiny,hue_circular,raw,1,4,0.06737911114927198,2.090718323705218,0.001
ketone,2,tiny,hue_circular,raw,1,5,0.07045980500148945,1.8853101013275517,0.001
ketone,2,tiny,hue_circular,raw,1,6,0.0749045490119301,1.7068997502069307,0.001
ketone,2,tiny,hue_circular,raw,1,7,0.04113630953504414,1.6882074116089725,0.001
ketone,2,tiny,hue_circular,raw,1,8,0.06514954347102368,1.5488859427562605,0.001
ketone,2,tiny,hue_circular,raw,1,9,0.06243243471520846,1.1633983780458692,0.001
ketone,2,tiny,hue_circular,raw,1,10,0.04314006993272265,1.0538185634964954,0.001
ketone,2,tiny,hue_circular,raw,1,11,0.060027183323610026,0.9452591310425051,0.001
ketone,2,tiny,hue_circular,raw,1,12,0.03877462104695742,0.5061384971755074,0.001
ketone,2,tiny,hue_circular,raw,1,13,0.03579362891003734,0.4293968327102985,0.001
ketone,2,tiny,hue_circular,raw,1,14,0.029278694850499512,0.39076314554819824,0.001
ketone,2,tiny,hue_circular,raw,1,15,0.033356908769881136,0.39528804134352563,0.001
ketone,2,tiny,hue_circular,raw,1,16,0.0489025958737389,0.4271688039216206,0.001
ketone,2,tiny,hue_circular,raw,1,17,0.036075437716284735,0.2632993626157055,0.001
ketone,2,tiny,hue_circular,raw,1,18,0.044094142458233676,0.21231145196326745,0.001
ketone,2,tiny,hue_circular,raw,1,19,0.0434597481469639,0.3309184458248896,0.001
ketone,2,tiny,hue_circular,raw,1,20,0.037430150648120976,0.25258572911632304,0.001
ketone,2,tiny,hue_circular,raw,1,21,0.028672707373978663,0.28383113416276207,0.001
ketone,2,tiny,hue_circular,raw,1,22,0.02898292762578511,0.2926778766336201,0.001
ketone,2,tiny,hue_circular,raw,1,23,0.02439206316456443,0.21713722910375255,0.001
ketone,2,tiny,hue_circular,raw,1,24,0.03903282958953107,0.1999598381826382,0.001
ketone,2,tiny,hue_circular,raw,1,25,0.05994258503444859,0.4864626501120526,0.001
ketone,2,tiny,hue_circular,raw,1,26,0.047470726744561896,0.24115115260659867,0.001
ketone,2,tiny,hue_circular,raw,1,27,0.04038504804255533,0.20760427556445504,0.001
ketone,2,tiny,hue_circular,raw,1,28,0.026929672624244064,0.3805169745906648,0.001
ketone,2,tiny,hue_circular,raw,1,29,0.052382461238102834,0.37298210817737437,0.001
ketone,2,tiny,hue_circular,raw,1,30,0.02784112666840436,0.224540611275805,0.001
ketone,2,tiny,hue_circular,raw,1,31,0.053530747773217376,0.20338042523139727,0.001
ketone,2,tiny,hue_circular,raw,1,32,0.04343692695752519,0.25720100049342887,0.0005
ketone,2,tiny,hue_circular,raw,1,33,0.025718729622417787,0.3613211364330064,0.0005
ketone,2,tiny,hue_circular,raw,1,34,0.028496258205077687,0.30483624869335546,0.0005
ketone,2,tiny,hue_circular,raw,1,35,0.03507582311991785,0.2040422181206728,0.0005
ketone,2,tiny,hue_circular,raw,1,36,0.028305377139419805,0.1965430715524033,0.0005
ketone,2,tiny,hue_circular,raw,1,37,0.03051347450399008,0.204785814571267,0.0005
ketone,2,tiny,hue_circular,raw,1,38,0.04403232663991998,0.23550830520925842,0.0005
ketone,2,tiny,hue_circular,raw,1,39,0.03289543519743153,0.2489379869551885,0.0005
ketone,2,tiny,hue_circular,raw,1,40,0.04076327444588552,0.2862234165468618,0.0005
ketone,2,tiny,hue_circular,raw,1,41,0.02961760850959137,0.2512382636987307,0.0005
ketone,2,tiny,hue_circular,raw,1,42,0.02479346127050822,0.19095390925661557,0.0005
ketone,2,tiny,hue_circular,raw,1,43,0.03560263669637383,0.19968663603198455,0.0005
ketone,2,tiny,hue_circular,raw,1,44,0.033099142620798015,0.3761537718234377,0.0005
ketone,2,tiny,hue_circular,raw,1,45,0.03021623649191661,0.24340839022868643,0.0005
ketone,2,tiny,hue_circular,raw,1,46,0.03015984298630816,0.20195767580881413,0.0005
ketone,2,tiny,hue_circular,raw,1,47,0.032047869301721696,0.19474917790158203,0.0005
ketone,2,tiny,hue_circular,raw,1,48,0.022818166548844245,0.24079276940679079,0.0005
ketone,2,tiny,hue_circular,raw,1,49,0.03131131498051471,0.24290252232115012,0.0005
ketone,2,tiny,hue_circular,raw,1,50,0.022513077823353597,0.22000640176062214,0.00025
ketone,2,tiny,hue_circular,raw,1,51,0.030221649918888437,0.2013021935078283,0.00025
ketone,2,tiny,hue_circular,raw,1,52,0.031789201937738015,0.19647337840454865,0.00025
ketone,2,tiny,hue_circular,raw,1,53,0.025705647578493494,0.21857525278253997,0.00025
ketone,2,tiny,hue_circular,raw,1,54,0.023651364671646573,0.2349930698234163,0.00025
ketone,2,tiny,hue_circular,raw,1,55,0.023448857616205684,0.22310518482282476,0.00025
ketone,2,tiny,hue_circular,raw,1,56,0.02960955537855625,0.1993655793306758,0.00025
ketone,2,tiny,hue_circular,raw,1,57,0.028399223248001006,0.19810227661979476,0.000125
ketone,2,lite,rgb,raw,1,1,0.6336566336819383,2.7708312704112137,0.001
ketone,2,lite,rgb,raw,1,2,0.49984251524581286,2.820242202413808,0.001
ketone,2,lite,rgb,raw,1,3,0.37430060984658414,2.875551923872872,0.001
ketone,2,lite,rgb,raw,1,4,0.29173153809836655,2.9342736348575578,0.001
ketone,2,lite,rgb,raw,1,5,0.2382687718653288,2.9880040004085453,0.001
ketone,2,lite,rgb,raw,1,6,0.20810618166063652,3.002500519499435,0.001
ketone,2,lite,rgb,raw,1,7,0.16751346138657117,2.872833624889103,0.001
ketone,2,lite,rgb,raw,1,8,0.10951299940953489,2.520483395212489,0.001
ketone,2,lite,rgb,raw,1,9,0.06797828561946993,1.985581123313974,0.001
ketone,2,lite,rgb,raw,1,10,0.04279861886237488,1.471075763323772,0.001
ketone,2,lite,rgb,raw,1,11,0.0617621406057819,1.0732852670645303,0.001
ketone,2,lite,rgb,raw,1,12,0.05262238184203867,0.8426626346411235,0.001
ketone,2,lite,rgb,raw,1,13,0.050842682357694284,0.7183709988940656,0.001
ketone,2,lite,rgb,raw,1,14,0.03964489301452871,0.6603472105508593,0.001
ketone,2,lite,rgb,raw,1,15,0.04898874211262484,0.6192331475030723,0.001
ketone,2,lite,rgb,raw,1,16,0.04676598713534777,0.4912380569663355,0.001
ketone,2,lite,rgb,raw,1,17,0.03606932903410959,0.3930149923919527,0.001
ketone,2,lite,rgb,raw,1,18,0.04359994547777488,0.32050458691007155,0.001
ketone,2,lite,rgb,raw,1,19,0.03790303844897473,0.29561269878256546,0.001
ketone,2,lite,rgb,raw,1,20,0.03424225643765731,0.29244596607942225,0.001
ketone,2,lite,rgb,raw,1,21,0.029928665058534653,0.2960843365399235,0.001
ketone,2,lite,rgb,raw,1,22,0.03129580244421959,0.2973743787075134,0.001
ketone,2,lite,rgb,raw,1,23,0.02487326715691168,0.30522851494049863,0.001
ketone,2,lite,rgb,raw,1,24,0.0395200252532959,0.30074883238588407,0.001
ketone,2,lite,rgb,raw,1,25,0.0455499677384486,0.2789047982839796,0.001
ketone,2,lite,rgb,raw,1,26,0.03867817172383676,0.2667317703933151,0.001
ketone,2,lite,rgb,raw,1,27,0.029509765752514856,0.24114772323228517,0.001
ketone,2,lite,rgb,raw,1,28,0.03011966496706009,0.23466452756416212,0.001
ketone,2,lite,rgb,raw,1,29,0.03785696729529099,0.2466094239400409,0.001
ketone,2,lite,rgb,raw,1,30,0.027854073334668505,0.2344822798556841,0.001
ketone,2,lite,rgb,raw,1,31,0.0535120634270496,0.23695199832258834,0.001
ketone,2,lite,rgb,raw,1,32,0.05089427231520903,0.22878729507923698,0.001
ketone,2,lite,rgb,raw,1,33,0.03062202500515297,0.23739869842657918,0.001
ketone,2,lite,rgb,raw,1,34,0.02741689735748729,0.22751355039647797,0.001
ketone,2,lite,rgb,raw,1,35,0.02818886352489229,0.21097186236437931,0.001
ketone,2,lite,rgb,raw,1,36,0.03070402954567651,0.21641032767023533,0.001
ketone,2,lite,rgb,raw,1,37,0.03644057644195244,0.23500455246965005,0.001
ketone,2,lite,rgb,raw,1,38,0.048675637814353724,0.24765228401690204,0.001
ketone,2,lite,rgb,raw,1,39,0.0341718253664306,0.24521258388272366,0.001
ketone,2,lite,rgb,raw,1,40,0.044212280848964315,0.22882382799262635,0.001
ketone,2,lite,rgb,raw,1,41,0.026526949658501345,0.21610491854171515,0.001
ketone,2,lite,rgb,raw,1,42,0.030964717024662455,0.21705331306286857,0.001
ketone,2,lite,rgb,raw,1,43,0.028287999576232473,0.2192651588236073,0.0005
ketone,2,lite,rgb,raw,1,44,0.030110468202438512,0.2235970214369129,0.0005
ketone,2,lite,rgb,raw,1,45,0.02417501004137954,0.23376336915661194,0.0005
ketone,2,lite,rgb,raw,1,46,0.023329358883812778,0.2244545561942221,0.0005
ketone,2,lite,rgb,raw,1,47,0.027293287126011537,0.2190813191775579,0.0005
ketone,2,lite,rgb,raw,1,48,0.02838482170319948,0.21101589117225755,0.0005
ketone,2,lite,rgb,raw,1,49,0.029736537119892777,0.21623183800309786,0.0005
ketone,2,lite,rgb,raw,1,50,0.0227686382646932,0.21841496952429812,0.00025
ketone,3,tiny,rgb,raw,1,1,0.4748832607855562,2.6720902051587947,0.001
ketone,3,tiny,rgb,raw,1,2,0.17211850744778992,2.608564436679423,0.001
ketone,3,tiny,rgb,raw,1,3,0.07139960566505058,2.3762659885919124,0.001
ketone,3,tiny,rgb,raw,1,4,0.06257679655415113,2.2645523194229917,0.001
ketone,3,tiny,rgb,raw,1,5,0.05669015981867665,1.9733783202313098,0.001
ketone,3,tiny,rgb,raw,1,6,0.043890195975049597,1.5356144335299886,0.001
ketone,3,tiny,rgb,raw,1,7,0.04835261624367511,1.2028123584710348,0.001
ketone,3,tiny,rgb,raw,1,8,0.033890308415303466,1.2074791108308074,0.001
ketone,3,tiny,rgb,raw,1,9,0.03740395486476968,0.8633286882502329,0.001
ketone,3,tiny,rgb,raw,1,10,0.031105517638755627,0.6353001356337069,0.001
ketone,3,tiny,rgb,raw,1,11,0.034566093114067296,0.4273501323989691,0.001
ketone,3,tiny,rgb,raw,1,12,0.03294383877979928,0.23276135686114055,0.001
ketone,3,tiny,rgb,raw,1,13,0.03860353159367061,0.47127446175561494,0.001
ketone,3,tiny,rgb,raw,1,14,0.051758837626605735,0.19015938596605336,0.001
ketone,3,tiny,rgb,raw,1,15,0.03656038428183462,0.3740198109569137,0.001
ketone,3,tiny,rgb,raw,1,16,0.038086227339799286,0.18136763778394951,0.001
ketone,3,tiny,rgb,raw,1,17,0.03931904654400271,0.20533953264933097,0.001
ketone,3,tiny,rgb,raw,1,18,0.03271824194759619,0.17960947970731417,0.001
ketone,3,tiny,rgb,raw,1,19,0.049213085140361164,0.15133379377188227,0.001
ketone,3,tiny,rgb,raw,1,20,0.0387322799470581,0.18983057548925505,0.001
ketone,3,tiny,rgb,raw,1,21,0.02600085863568744,0.1768488192813732,0.001
ketone,3,tiny,rgb,raw,1,22,0.03138393139252897,0.20362841255679068,0.001
ketone,3,tiny,rgb,raw,1,23,0.038028661833434806,0.2047858450207405,0.001
ketone,3,tiny,rgb,raw,1,24,0.02356685343824449,0.18198899348805553,0.001
ketone,3,tiny,rgb,raw,1,25,0.04088444519238394,0.2591223283486287,0.001
ketone,3,tiny,rgb,raw,1,26,0.0350462722546253,0.143295029900101,0.001
ketone,3,tiny,rgb,raw,1,27,0.038086318823157765,0.25613760096071064,0.001
ketone,3,tiny,rgb,raw,1,28,0.029704857617616653,0.2597171745194299,0.001
ketone,3,tiny,rgb,raw,1,29,0.02581444975049769,0.19954499953603883,0.001
ketone,3,tiny,rgb,raw,1,30,0.0344858066957505,0.17524176183749404,0.001
ketone,3,tiny,rgb,raw,1,31,0.050104518161445365,0.24667573712522547,0.001
ketone,3,tiny,rgb,raw,1,32,0.04202106619467501,0.3066298261769475,0.001
ketone,3,tiny,rgb,raw,1,33,0.050292434873151,0.32332948938547157,0.001
ketone,3,tiny,rgb,raw,1,34,0.045261182562738166,0.17182360270742406,0.0005
ketone,3,tiny,rgb,raw,1,35,0.021424165056621442,0.21328094042613344,0.0005
ketone,3,tiny,rgb,raw,1,36,0.03974750448690086,0.13642128755147281,0.0005
ketone,3,tiny,rgb,raw,1,37,0.021335397831729202,0.20961107552345828,0.0005
ketone,3,tiny,rgb,raw,1,38,0.030529503634230036,0.2081702841650049,0.0005
ketone,3,tiny,rgb,raw,1,39,0.036480966711142024,0.14353008903160666,0.0005
ketone,3,tiny,rgb,raw,1,40,0.03621033194368003,0.13075996514410615,0.0005
ketone,3,tiny,rgb,raw,1,41,0.026368763267261085,0.2721052178436133,0.0005
ketone,3,tiny,rgb,raw,1,42,0.03819487646954958,0.2195410245148085,0.0005
ketone,3,tiny,rgb,raw,1,43,0.031184383713808217,0.14567018468312753,0.0005
ketone,3,tiny,rgb,raw,1,44,0.021005351859770836,0.13437748276891548,0.0005
ketone,3,tiny,rgb,raw,1,45,0.02943104273471676,0.18172338367111965,0.0005
ketone,3,tiny,rgb,raw,1,46,0.022248315640160294,0.16515630202436177,0.0005
ketone,3,tiny,rgb,raw,1,47,0.03108515437753474,0.13494681769816447,0.0005
ketone,3,tiny,rgb,raw,1,48,0.019487249527554044,0.13497083154297485,0.00025
ketone,3,tiny,rgb,raw,1,49,0.01940882508261282,0.129343037108563,0.00025
ketone,3,tiny,rgb,raw,1,50,0.03528698704770354,0.11775014796621219,0.00025
ketone,3,tiny,rgb,raw,1,51,0.027161277769530406,0.17895393874177856,0.00025
ketone,3,tiny,rgb,raw,1,52,0.027104008515350154,0.14801494909490698,0.00025
ketone,3,tiny,rgb,raw,1,53,0.02192603903593587,0.12788030350079566,0.00025
ketone,3,tiny,rgb,raw,1,54,0.0242097512742535,0.12552382514934268,0.00025
ketone,3,tiny,rgb,raw,1,55,0.028435570233669438,0.1470051293769524,0.00025
ketone,3,tiny,rgb,raw,1,56,0.020956631566657394,0.19022854867143002,0.00025
ketone,3,tiny,rgb,raw,1,57,0.023408178087384976,0.15858561137667115,0.00025
ketone,3,tiny,rgb,raw,1,58,0.021385552605888883,0.1498241068211793,0.000125
ketone,3,tiny,rgb,raw,1,59,0.02433053410199822,0.13530160698714805,0.000125
ketone,3,tiny,rgb,raw,1,60,0.027763135731220245,0.12257970767001447,0.000125
ketone,3,tiny,rgb,raw,1,61,0.034855269506329396,0.1446451414137575,0.000125
ketone,3,tiny,rgb,raw,1,62,0.019443321973085403,0.14627436920434367,0.000125
ketone,3,tiny,rgb,raw,1,63,0.021088635823765738,0.12581608302975145,0.000125
ketone,3,tiny,rgb,raw,1,64,0.02460743337258941,0.12334230150189564,0.000125
ketone,3,tiny,rgb,raw,1,65,0.02040627702582078,0.12108581891530779,6.25e-05
ketone,3,tiny,g,raw,1,1,0.33819770935128945,2.479196910372882,0.001
ketone,3,tiny,g,raw,1,2,0.2049400105339582,2.228071153992415,0.001
ketone,3,tiny,g,raw,1,3,0.17185930516876158,1.6871498135319838,0.001
ketone,3,tiny,g,raw,1,4,0.17510637445528,1.6128773522402935,0.001
ketone,3,tiny,g,raw,1,5,0.13074911568985612,1.5203056952986136,0.001
ketone,3,tiny,g,raw,1,6,0.13241930574667257,1.426760982152269,0.001
ketone,3,tiny,g,raw,1,7,0.1271861011131865,0.749559268594684,0.001
ketone,3,tiny,g,raw,1,8,0.11290822080412849,0.7066797205491692,0.001
ketone,3,tiny,g,raw,1,9,0.11661554616494257,0.7164240611130563,0.001
ketone,3,tiny,g,raw,1,10,0.09914279277207422,0.7296677294113882,0.001
ketone,3,tiny,g,raw,1,11,0.11071860570399487,0.8124244470643921,0.001
ketone,3,tiny,g,raw,1,12,0.10440953124742039,0.6574869035793254,0.001
ketone,3,tiny,g,raw,1,13,0.11715724111580458,1.0087736721004046,0.001
ketone,3,tiny,g,raw,1,14,0.11513084124346248,0.6006286188265365,0.001
ketone,3,tiny,g,raw,1,15,0.10416890729646214,0.7473425370343796,0.001
ketone,3,tiny,g,raw,1,16,0.10830202625423181,0.7710681958384775,0.001
ketone,3,tiny,g,raw,1,17,0.11423490367463378,0.9415922903333347,0.001
ketone,3,tiny,g,raw,1,18,0.12193576759490811,0.6015382380274039,0.001
ketone,3,tiny,g,raw,1,19,0.11643330813919911,0.5862109743748875,0.001
ketone,3,tiny,g,raw,1,20,0.10760582861353139,0.8375972902166797,0.001
ketone,3,tiny,g,raw,1,21,0.09663419474343785,0.6032002714311766,0.001
ketone,3,tiny,g,raw,1,22,0.10970516234147744,0.6484761826156163,0.001
ketone,3,tiny,g,raw,1,23,0.1118941038358407,0.6061019798993607,0.001
ketone,3,tiny,g,raw,1,24,0.09498787793468257,1.5180862638756558,0.001
ketone,3,tiny,g,raw,1,25,0.1313451030215279,0.973128146466144,0.001
ketone,3,tiny,g,raw,1,26,0.10872085050481264,0.7481681402194522,0.001
ketone,3,tiny,g,raw,1,27,0.10253890249572817,0.6326362068368883,0.0005
ketone,3,tiny,g,raw,1,28,0.10506577374505215,0.7634451671720132,0.0005
ketone,3,tiny,g,raw,1,29,0.10141249929295211,0.9641443233134517,0.0005
ketone,3,tiny,g,raw,1,30,0.09744691030412424,0.6602205305464383,0.0005
ketone,3,tiny,g,raw,1,31,0.09632244413016272,0.6330683421506937,0.0005
ketone,3,tiny,g,raw,1,32,0.10498616123785738,0.7600070042810261,0.0005
ketone,3,tiny,g,raw,1,33,0.09897009222233882,0.8201720782736598,0.0005
ketone,3,tiny,g,raw,1,34,0.11368449789578797,0.7723901294496317,0.00025
ketone,3,tiny,hue_circular,raw,1,1,0.3505691314329866,2.3957148834370785,0.001
ketone,3,tiny,hue_circular,raw,1,2,0.12931363070841695,2.33852574457974,0.001
ketone,3,tiny,hue_circular,raw,1,3,0.058232231706869406,2.2294195149831397,0.001
ketone,3,tiny,hue_circular,raw,1,4,0.07339321492148228,2.044108772228033,0.001
ketone,3,tiny,hue_circular,raw,1,5,0.06383871079468337,1.9647667065783405,0.001
ketone,3,tiny,hue_circular,raw,1,6,0.04585798780937664,1.9118461844041201,0.001
ketone,3,tiny,hue_circular,raw,1,7,0.049813593447696966,1.7839862376945814,0.001
ketone,3,tiny,hue_circular,raw,1,8,0.046294291060967524,1.6977397392586555,0.001
ketone,3,tiny,hue_circular,raw,1,9,0.05334020027371704,1.5554485779289444,0.001
ketone,3,tiny,hue_circular,raw,1,10,0.033933405077359716,1.186172903993822,0.001
ketone,3,tiny,hue_circular,raw,1,11,0.04168443748208343,1.1365496598470795,0.001
ketone,3,tiny,hue_circular,raw,1,12,0.03956835408557634,0.9337678027819176,0.001
ketone,3,tiny,hue_circular,raw,1,13,0.04473707119583106,0.8427867088554863,0.001
ketone,3,tiny,hue_circular,raw,1,14,0.0350501255788764,0.758560161335115,0.001
ketone,3,tiny,hue_circular,raw,1,15,0.03415356002381591,0.5538393045209526,0.001
ketone,3,tiny,hue_circular,raw,1,16,0.03688540480664519,0.2559191453678509,0.001
ketone,3,tiny,hue_circular,raw,1,17,0.04197950618433171,0.5101516147627407,0.001
ketone,3,tiny,hue_circular,raw,1,18,0.042835204449833415,0.2905291947591641,0.001
ketone,3,tiny,hue_circular,raw,1,19,0.05115527952792215,0.17964180141056493,0.001
ketone,3,tiny,hue_circular,raw,1,20,0.046684556686487355,0.40298894494148096,0.001
ketone,3,tiny,hue_circular,raw,1,21,0.029492394479571797,0.1423485310258921,0.001
ketone,3,tiny,hue_circular,raw,1,22,0.037191010095545506,0.1638791656419068,0.001
ketone,3,tiny,hue_circular,raw,1,23,0.048851745661164896,0.37514242225304917,0.001
ketone,3,tiny,hue_circular,raw,1,24,0.030827305569756228,0.16289713085128754,0.001
ketone,3,tiny,hue_circular,raw,1,25,0.06939754500740865,0.12839629771166158,0.001
ketone,3,tiny,hue_circular,raw,1,26,0.02954825117695527,0.5278462180259301,0.001
ketone,3,tiny,hue_circular,raw,1,27,0.04405496293892626,0.20504164036051659,0.001
ketone,3,tiny,hue_circular,raw,1,28,0.03356184147786899,0.15307622664450773,0.001
ketone,3,tiny,hue_circular,raw,1,29,0.026585673333191482,0.23964293659970481,0.001
ketone,3,tiny,hue_circular,raw,1,30,0.027661699618472427,0.1573722888844637,0.001
ketone,3,tiny,hue_circular,raw,1,31,0.037726935487790186,0.212496583234831,0.001
ketone,3,tiny,hue_circular,raw,1,32,0.028259413652732723,0.1854142647398909,0.001
ketone,3,tiny,hue_circular,raw,1,33,0.036071775450569686,0.15888929102753835,0.0005
ketone,3,tiny,hue_circular,raw,1,34,0.03903564316083173,0.21655798423881636,0.0005
ketone,3,tiny,hue_circular,raw,1,35,0.020708538194904563,0.23814345045913077,0.0005
ketone,3,tiny,hue_circular,raw,1,36,0.029802192674308527,0.16659156234424477,0.0005
ketone,3,tiny,hue_circular,raw,1,37,0.02306157384128844,0.15954748229193166,0.0005
ketone,3,tiny,hue_circular,raw,1,38,0.02674886156789592,0.18538062101852656,0.0005
ketone,3,tiny,hue_circular,raw,1,39,0.039011293380964,0.15098165057245147,0.0005
ketone,3,tiny,hue_circular,raw,1,40,0.036059957180843975,0.14696168129167664,0.00025
ketone,3,lite,rgb,raw,1,1,0.5057621402818648,2.641936308182919,0.001
ketone,3,lite,rgb,raw,1,2,0.37201812179362187,2.607738977703431,0.001
ketone,3,lite,rgb,raw,1,3,0.28814723648008755,2.5689745822844476,0.001
ketone,3,lite,rgb,raw,1,4,0.23021130141664725,2.539371741719366,0.001
ketone,3,lite,rgb,raw,1,5,0.18565242700889462,2.533065610723785,0.001
ketone,3,lite,rgb,raw,1,6,0.1362611004075066,2.5384634910796855,0.001
ketone,3,lite,rgb,raw,1,7,0.0830489874008249,2.5083445165198737,0.001
ketone,3,lite,rgb,raw,1,8,0.055937166585296884,2.3679554649907,0.001
ketone,3,lite,rgb,raw,1,9,0.06275617129734305,2.036334785743166,0.001
ketone,3,lite,rgb,raw,1,10,0.06058081422672897,1.563258808239702,0.001
ketone,3,lite,rgb,raw,1,11,0.05394239338939307,1.1368051755515227,0.001
ketone,3,lite,rgb,raw,1,12,0.05073632415933687,0.744805265433314,0.001
ketone,3,lite,rgb,raw,1,13,0.053984705786235994,0.46944798835986856,0.001
ketone,3,lite,rgb,raw,1,14,0.04943975732951868,0.3248274438903064,0.001
ketone,3,lite,rgb,raw,1,15,0.050370007142668864,0.27923701903867526,0.001
ketone,3,lite,rgb,raw,1,16,0.04814404243084251,0.25188182400156367,0.001
ketone,3,lite,rgb,raw,1,17,0.04611848251985722,0.2503446387488303,0.001
ketone,3,lite,rgb,raw,1,18,0.041924736905293386,0.22717248402341556,0.001
ketone,3,lite,rgb,raw,1,19,0.05439151292208765,0.23627406623365693,0.001
ketone,3,lite,rgb,raw,1,20,0.048830555354962585,0.27526207142871506,0.001
ketone,3,lite,rgb,raw,1,21,0.03516121978153948,0.24104355318138576,0.001
ketone,3,lite,rgb,raw,1,22,0.04368785787068429,0.19913742524114808,0.001
ketone,3,lite,rgb,raw,1,23,0.042585140735399526,0.20157717872376268,0.001
ketone,3,lite,rgb,raw,1,24,0.0353478625661037,0.20906884275356344,0.001
ketone,3,lite,rgb,raw,1,25,0.04946649709685904,0.18705169893739765,0.001
ketone,3,lite,rgb,raw,1,26,0.03398183629405303,0.22194418060219773,0.001
ketone,3,lite,rgb,raw,1,27,0.03206334806612281,0.25714935576785214,0.001
ketone,3,lite,rgb,raw,1,28,0.03298791308627754,0.23435855067245032,0.001
ketone,3,lite,rgb,raw,1,29,0.03293956077245415,0.19898277029337444,0.001
ketone,3,lite,rgb,raw,1,30,0.03540946634822204,0.1680303363765917,0.001
ketone,3,lite,rgb,raw,1,31,0.03539495927388551,0.18235802407131774,0.001
ketone,3,lite,rgb,raw,1,32,0.030202022341431163,0.18293763337375152,0.001
ketone,3,lite,rgb,raw,1,33,0.04033398554950464,0.16644761433373628,0.001
ketone,3,lite,rgb,raw,1,34,0.03962727691062161,0.15861304562564982,0.001
ketone,3,lite,rgb,raw,1,35,0.025516161206560056,0.14730055413748444,0.001
ketone,3,lite,rgb,raw,1,36,0.03770325461127719,0.15027446680502018,0.001
ketone,3,lite,rgb,raw,1,37,0.028119169358835846,0.17332065829016335,0.001
ketone,3,lite,rgb,raw,1,38,0.029378832546902486,0.20719978477883408,0.001
ketone,3,lite,rgb,raw,1,39,0.0337893082225909,0.1711220566660507,0.001
ketone,3,lite,rgb,raw,1,40,0.04022334332837433,0.16282942735633166,0.001
ketone,3,lite,rgb,raw,1,41,0.03489671690297908,0.15131338734156718,0.001
ketone,3,lite,rgb,raw,1,42,0.03971223649187166,0.16720299349730042,0.001
ketone,3,lite,rgb,raw,1,43,0.031279553094359695,0.16497287189577908,0.0005
ketone,3,lite,rgb,raw,1,44,0.028390056957475474,0.16435744031361138,0.0005
ketone,3,lite,rgb,raw,1,45,0.039305200036920486,0.15992556328159513,0.0005
ketone,3,lite,rgb,raw,1,46,0.030625757623891362,0.1698185933870019,0.0005
ketone,3,lite,rgb,raw,1,47,0.038512218193929706,0.17702993236163184,0.0005
ketone,3,lite,rgb,raw,1,48,0.02454643009505311,0.16854321780015435,0.0005
ketone,3,lite,rgb,raw,1,49,0.035476089684201066,0.1644737230856244,0.0005
ketone,3,lite,rgb,raw,1,50,0.0473880050856559,0.15576390136676804,0.00025
ketone,4,tiny,rgb,raw,1,1,0.8633126636020473,2.6132941483566112,0.001
ketone,4,tiny,rgb,raw,1,2,0.40594700907097486,2.662835298576474,0.001
ketone,4,tiny,rgb,raw,1,3,0.21792253558752966,2.3594190744761177,0.001
ketone,4,tiny,rgb,raw,1,4,0.07167514193742001,2.079848541523109,0.001
ketone,4,tiny,rgb,raw,1,5,0.07904989015860636,1.879293443209728,0.001
ketone,4,tiny,rgb,raw,1,6,0.1392254536269141,1.4882902194713141,0.001
ketone,4,tiny,rgb,raw,1,7,0.09600476212188845,0.9109272135728437,0.001
ketone,4,tiny,rgb,raw,1,8,0.08123783767223358,1.102538588550296,0.001
ketone,4,tiny,rgb,raw,1,9,0.0735283655221345,0.5649324442116104,0.001
ketone,4,tiny,rgb,raw,1,10,0.047961636767035624,0.2812889268293989,0.001
ketone,4,tiny,rgb,raw,1,11,0.05286173840038112,0.5145902611592403,0.001
ketone,4,tiny,rgb,raw,1,12,0.04830328246853391,0.5677866530501217,0.001
ketone,4,tiny,rgb,raw,1,13,0.04073667098752788,0.35085640228947057,0.001
ketone,4,tiny,rgb,raw,1,14,0.0480267769489132,0.4449396929456606,0.001
ketone,4,tiny,rgb,raw,1,15,0.0520237713258286,0.39308379563018075,0.001
ketone,4,tiny,rgb,raw,1,16,0.037377827663402086,0.33676871393222557,0.001
ketone,4,tiny,rgb,raw,1,17,0.03751097784423437,0.29588575176421245,0.001
ketone,4,tiny,rgb,raw,1,18,0.035821132117607554,0.23719363052360126,0.0005
ketone,4,tiny,rgb,raw,1,19,0.027079316985900284,0.2409561199590972,0.0005
ketone,4,tiny,rgb,raw,1,20,0.03318159654736519,0.23310394669377965,0.0005
ketone,4,tiny,rgb,raw,1,21,0.02562040740959957,0.24423134565111163,0.0005
ketone,4,tiny,rgb,raw,1,22,0.03246596241827871,0.24078820872842147,0.0005
ketone,4,tiny,rgb,raw,1,23,0.03565074027073188,0.2191899184484042,0.0005
ketone,4,tiny,rgb,raw,1,24,0.026613530321199386,0.2262624385821921,0.0005
ketone,4,tiny,rgb,raw,1,25,0.032656745191236014,0.24014686086866982,0.0005
ketone,4,tiny,rgb,raw,1,26,0.030864736217944347,0.20051255874263446,0.0005
ketone,4,tiny,rgb,raw,1,27,0.02775119519868835,0.23753800889304266,0.0005
ketone,4,tiny,rgb,raw,1,28,0.03526476208792358,0.26966694124858304,0.0005
ketone,4,tiny,rgb,raw,1,29,0.041373325053785666,0.2567893687791167,0.0005
ketone,4,tiny,rgb,raw,1,30,0.03220300907727148,0.20146666175921185,0.0005
ketone,4,tiny,rgb,raw,1,31,0.04060597888758925,0.21072293892223368,0.0005
ketone,4,tiny,rgb,raw,1,32,0.026140855594736633,0.19991063014213478,0.0005
ketone,4,tiny,rgb,raw,1,33,0.025318972583188385,0.2227007445691605,0.0005
ketone,4,tiny,rgb,raw,1,34,0.04186967473293914,0.25258662909074486,0.0005
ketone,4,tiny,rgb,raw,1,35,0.026696992335749455,0.24244364459236878,0.0005
ketone,4,tiny,rgb,raw,1,36,0.029506046019616674,0.24817929727386395,0.0005
ketone,4,tiny,rgb,raw,1,37,0.03943752387508017,0.2263659205383657,0.0005
ketone,4,tiny,rgb,raw,1,38,0.03400424492285877,0.2018062345417166,0.0005
ketone,4,tiny,rgb,raw,1,39,0.035755777090299326,0.24801099909357022,0.0005
ketone,4,tiny,rgb,raw,1,40,0.027714873801489345,0.22114729973927583,0.00025
ketone,4,tiny,rgb,raw,1,41,0.02549100291655689,0.2037198481871687,0.00025
ketone,4,tiny,rgb,raw,1,42,0.04953291047303403,0.20837156582784422,0.00025
ketone,4,tiny,rgb,raw,1,43,0.022934694545435123,0.26084188916182005,0.00025
ketone,4,tiny,rgb,raw,1,44,0.027533846311881893,0.2901914519190011,0.00025
ketone,4,tiny,rgb,raw,1,45,0.03178988671937927,0.22415789444525605,0.00025
ketone,4,tiny,rgb,raw,1,46,0.026201487228762907,0.1977062891634927,0.00025
ketone,4,tiny,rgb,raw,1,47,0.04001285453311733,0.2129919523628795,0.00025
ketone,4,tiny,rgb,raw,1,48,0.033584561198949814,0.20401901592861577,0.00025
ketone,4,tiny,rgb,raw,1,49,0.027259316997694186,0.2605613630686888,0.00025
ketone,4,tiny,rgb,raw,1,50,0.04284154040525194,0.2827784771972379,0.00025
ketone,4,tiny,rgb,raw,1,51,0.02860990239948523,0.24213289692302326,0.00025
ketone,4,tiny,rgb,raw,1,52,0.0280677642306832,0.2076625135554386,0.00025
ketone,4,tiny,rgb,raw,1,53,0.03096236844287544,0.20885147252471456,0.00025
ketone,4,tiny,rgb,raw,1,54,0.039373433614363434,0.2129010322284522,0.000125
ketone,4,tiny,rgb,raw,1,55,0.031503257876048324,0.20842038783068018,0.000125
ketone,4,tiny,rgb,raw,1,56,0.020962522319350085,0.21527083846847964,0.000125
ketone,4,tiny,rgb,raw,1,57,0.030478389048185506,0.20984236222481104,0.000125
ketone,4,tiny,rgb,raw,1,58,0.024112332795487076,0.2171620113958112,0.000125
ketone,4,tiny,rgb,raw,1,59,0.02598494871473703,0.23485727558283728,0.000125
ketone,4,tiny,rgb,raw,1,60,0.024849381236756434,0.22100364728802313,0.000125
ketone,4,tiny,rgb,raw,1,61,0.030906055672246902,0.2179078858297784,6.25e-05
ketone,4,tiny,g,raw,1,1,0.4185963654127277,2.351512276816738,0.001
ketone,4,tiny,g,raw,1,2,0.22613021096245187,2.0398581072920283,0.001
ketone,4,tiny,g,raw,1,3,0.15944878170724774,1.8971876289571608,0.001
ketone,4,tiny,g,raw,1,4,0.13734378971037317,1.511270727081853,0.001
ketone,4,tiny,g,raw,1,5,0.12552163493437846,1.4943305263963542,0.001
ketone,4,tiny,g,raw,1,6,0.16954512723156664,1.1777166817635591,0.001
ketone,4,tiny,g,raw,1,7,0.15962684716357559,0.9875019286172138,0.001
ketone,4,tiny,g,raw,1,8,0.14918994732567523,1.0142617613542142,0.001
ketone,4,tiny,g,raw,1,9,0.12995023561305688,0.5953349603490299,0.001
ketone,4,tiny,g,raw,1,10,0.13253593664677416,0.7180618645830175,0.001
ketone,4,tiny,g,raw,1,11,0.12625969457821767,1.1899133235227741,0.001
ketone,4,tiny,g,raw,1,12,0.13104990271271252,0.5735654799533668,0.001
ketone,4,tiny,g,raw,1,13,0.121457218146715,0.7626598725017301,0.001
ketone,4,tiny,g,raw,1,14,0.1284788526961061,0.9569462226138281,0.001
ketone,4,tiny,g,raw,1,15,0.12729681588587213,1.1731661694396747,0.001
ketone,4,tiny,g,raw,1,16,0.11832862823713021,0.5537150173863443,0.001
ketone,4,tiny,g,raw,1,17,0.12096819672428194,0.7860596597911035,0.001
ketone,4,tiny,g,raw,1,18,0.13347407149486853,1.2406834564876958,0.001
ketone,4,tiny,g,raw,1,19,0.10727488164041864,1.2277109541086655,0.001
ketone,4,tiny,g,raw,1,20,0.11745952509465765,0.6511991768309163,0.001
ketone,4,tiny,g,raw,1,21,0.1090188446592112,0.5932818307327514,0.001
ketone,4,tiny,g,raw,1,22,0.11615311391040926,0.5648648345920001,0.001
ketone,4,tiny,g,raw,1,23,0.12718642735090413,0.9543477917502733,0.001
ketone,4,tiny,g,raw,1,24,0.10642801383968259,1.367113175754244,0.0005
ketone,4,tiny,g,raw,1,25,0.1102410364346426,0.8526059038297797,0.0005
ketone,4,tiny,g,raw,1,26,0.11274527819430241,0.5335159642793381,0.0005
ketone,4,tiny,g,raw,1,27,0.11152324153751624,0.6038549270014592,0.0005
ketone,4,tiny,g,raw,1,28,0.1040449467350225,0.802679714932332,0.0005
ketone,4,tiny,g,raw,1,29,0.12093539340574233,0.7849652904530138,0.0005
ketone,4,tiny,g,raw,1,30,0.11270196247296255,0.787331972657244,0.0005
ketone,4,tiny,g,raw,1,31,0.11360838887144308,0.8374065024118145,0.0005
ketone,4,tiny,g,raw,1,32,0.10205864026898244,0.65901309426236,0.0005
ketone,4,tiny,g,raw,1,33,0.10464565712408941,0.5694877603094434,0.0005
ketone,4,tiny,g,raw,1,34,0.12244306529154543,0.528962879858123,0.00025
ketone,4,tiny,g,raw,1,35,0.10347401509519483,0.6195306693859803,0.00025
ketone,4,tiny,g,raw,1,36,0.10690710082894465,0.7913033333390767,0.00025
ketone,4,tiny,g,raw,1,37,0.11699263421727009,0.7974820418868388,0.00025
ketone,4,tiny,g,raw,1,38,0.10140225535533468,0.6543154905268791,0.00025
ketone,4,tiny,g,raw,1,39,0.10790695127893667,0.7171549323098104,0.00025
ketone,4,tiny,g,raw,1,40,0.10272401534631605,0.7767489012331406,0.00025
ketone,4,tiny,g,raw,1,41,0.10422178565478715,0.5539348948438456,0.00025
ketone,4,tiny,g,raw,1,42,0.11885335039897044,0.5375621273003902,0.000125
ketone,4,tiny,g,raw,1,43,0.09998664601904447,0.5242713337913768,0.000125
ketone,4,tiny,g,raw,1,44,0.10477252829758847,0.5419711280665411,0.000125
ketone,4,tiny,g,raw,1,45,0.11131737027011934,0.5850083564044765,0.000125
ketone,4,tiny,g,raw,1,46,0.10126513999993683,0.6489667748590906,0.000125
ketone,4,tiny,g,raw,1,47,0.1182094218789554,0.6220152605062357,0.000125
ketone,4,tiny,g,raw,1,48,0.09968574161900849,0.7531689353230127,0.000125
ketone,4,tiny,g,raw,1,49,0.10770570584496514,0.6745806906888464,0.000125
ketone,4,tiny,g,raw,1,50,0.12128140948346404,0.6805932484208271,0.000125
ketone,4,tiny,g,raw,1,51,0.1036537136943614,0.6319539798285755,6.25e-05
ketone,4,tiny,g,raw,1,52,0.11375210214345181,0.52804310874994,6.25e-05
ketone,4,tiny,g,raw,1,53,0.11228257930669629,0.5287939836128148,6.25e-05
ketone,4,tiny,g,raw,1,54,0.12231309736361269,0.5360730472700648,6.25e-05
ketone,4,tiny,g,raw,1,55,0.11733160583210774,0.5419918262792289,6.25e-05
ketone,4,tiny,g,raw,1,56,0.0977785807163989,0.5766619814619482,6.25e-05
ketone,4,tiny,g,raw,1,57,0.10917438884250454,0.6219803482030971,6.25e-05
ketone,4,tiny,g,raw,1,58,0.09366200522321169,0.6019498196787574,3.125e-05
ketone,4,tiny,hue_circular,raw,1,1,0.44004738428553597,2.5781417834567133,0.001
ketone,4,tiny,hue_circular,raw,1,2,0.15958349577716138,2.277490656299669,0.001
ketone,4,tiny,hue_circular,raw,1,3,0.07872587701946986,2.1605150721375934,0.001
ketone,4,tiny,hue_circular,raw,1,4,0.04817971800927256,2.085756016480248,0.001
ketone,4,tiny,hue_circular,raw,1,5,0.042860753254079426,1.9735374807369963,0.001
ketone,4,tiny,hue_circular,raw,1,6,0.08327572511844948,1.8555955695177826,0.001
ketone,4,tiny,hue_circular,raw,1,7,0.04207823816381517,1.7152533017693388,0.001
ketone,4,tiny,hue_circular,raw,1,8,0.058373080535990295,1.7213388230402722,0.001
ketone,4,tiny,hue_circular,raw,1,9,0.0511936861716333,1.5463676847659558,0.001
ketone,4,tiny,hue_circular,raw,1,10,0.04033976097087391,1.1855314418968361,0.001
ketone,4,tiny,hue_circular,raw,1,11,0.044538283629007025,1.1433110963306836,0.001
ketone,4,tiny,hue_circular,raw,1,12,0.039420115898867125,1.103434250160117,0.001
ketone,4,tiny,hue_circular,raw,1,13,0.03285670793447338,0.8057489777576097,0.001
ketone,4,tiny,hue_circular,raw,1,14,0.04614185193767313,0.6378067226401207,0.001
ketone,4,tiny,hue_circular,raw,1,15,0.04712717253409448,0.6378971762663903,0.001
ketone,4,tiny,hue_circular,raw,1,16,0.0453344996346802,0.36822633712911723,0.001
ketone,4,tiny,hue_circular,raw,1,17,0.03368844247621591,0.7360325998203585,0.001
ketone,4,tiny,hue_circular,raw,1,18,0.039409704262115916,0.43687355466381417,0.001
ketone,4,tiny,hue_circular,raw,1,19,0.026454143989525856,0.28818901464305513,0.001
ketone,4,tiny,hue_circular,raw,1,20,0.03508853927621099,0.28470345722919255,0.001
ketone,4,tiny,hue_circular,raw,1,21,0.02706113857690428,0.3202156754172495,0.001
ketone,4,tiny,hue_circular,raw,1,22,0.037095868624136094,0.2885906727529788,0.001
ketone,4,tiny,hue_circular,raw,1,23,0.03744325163911601,0.22284315258028442,0.001
ketone,4,tiny,hue_circular,raw,1,24,0.02675022862729479,0.42005017884078344,0.001
ketone,4,tiny,hue_circular,raw,1,25,0.03733067290826899,0.23961679202786001,0.001
ketone,4,tiny,hue_circular,raw,1,26,0.033624172088552694,0.20069102183523363,0.001
ketone,4,tiny,hue_circular,raw,1,27,0.034925619720435536,0.44559927034915636,0.001
ketone,4,tiny,hue_circular,raw,1,28,0.036010811441257354,0.19296933150279852,0.001
ketone,4,tiny,hue_circular,raw,1,29,0.05104807055875903,0.2404565185931557,0.001
ketone,4,tiny,hue_circular,raw,1,30,0.031390759574829556,0.4295676622836798,0.001
ketone,4,tiny,hue_circular,raw,1,31,0.043501766612295246,0.2299860005658928,0.001
ketone,4,tiny,hue_circular,raw,1,32,0.02439616663289852,0.2525272122527787,0.001
ketone,4,tiny,hue_circular,raw,1,33,0.03641861384032202,0.47368686304579694,0.001
ketone,4,tiny,hue_circular,raw,1,34,0.043107748825530534,0.22895800325573534,0.001
ketone,4,tiny,hue_circular,raw,1,35,0.02465128236007495,0.26480919725555074,0.001
ketone,4,tiny,hue_circular,raw,1,36,0.030178395145740666,0.22845362153627888,0.0005
ketone,4,tiny,hue_circular,raw,1,37,0.035658914382096195,0.32942415043756484,0.0005
ketone,4,tiny,hue_circular,raw,1,38,0.027185902060543905,0.2841482155605614,0.0005
ketone,4,tiny,hue_circular,raw,1,39,0.031397633865231374,0.25331190181023727,0.0005
ketone,4,tiny,hue_circular,raw,1,40,0.022164181653471268,0.19522492791393736,0.0005
ketone,4,tiny,hue_circular,raw,1,41,0.02471528406880918,0.20676038831810375,0.0005
ketone,4,tiny,hue_circular,raw,1,42,0.04788472191964994,0.32552069445219567,0.0005
ketone,4,tiny,hue_circular,raw,1,43,0.024394012743332347,0.3061800426933815,0.00025
ketone,4,lite,rgb,raw,1,1,0.6687242183528963,2.576572913568455,0.001
ketone,4,lite,rgb,raw,1,2,0.4793213635194497,2.6086319026218385,0.001
ketone,4,lite,rgb,raw,1,3,0.2918039086412211,2.5735900442384914,0.001
ketone,4,lite,rgb,raw,1,4,0.20351251471238058,2.472762930597204,0.001
ketone,4,lite,rgb,raw,1,5,0.13749573904959883,2.370406471296206,0.001
ketone,4,lite,rgb,raw,1,6,0.12023374169576363,2.292955115681515,0.001
ketone,4,lite,rgb,raw,1,7,0.06944542500327845,2.1934434816865727,0.001
ketone,4,lite,rgb,raw,1,8,0.06659177104469205,2.075755336086176,0.001
ketone,4,lite,rgb,raw,1,9,0.058453322434034505,1.853616331490443,0.001
ketone,4,lite,rgb,raw,1,10,0.048996482410880386,1.3823356520902994,0.001
ketone,4,lite,rgb,raw,1,11,0.056589974731695455,0.9488572998726221,0.001
ketone,4,lite,rgb,raw,1,12,0.04257374311812588,0.7639309053187088,0.001
ketone,4,lite,rgb,raw,1,13,0.044818970145749266,0.6503382038348575,0.001
ketone,4,lite,rgb,raw,1,14,0.05336116571895412,0.4032269827992979,0.001
ketone,4,lite,rgb,raw,1,15,0.050235160122640794,0.2746078500097141,0.001
ketone,4,lite,rgb,raw,1,16,0.053621836617344716,0.2573857465624856,0.001
ketone,4,lite,rgb,raw,1,17,0.040070935961652974,0.25384544569880685,0.001
ketone,4,lite,rgb,raw,1,18,0.0472254324399057,0.2406712685629883,0.001
ketone,4,lite,rgb,raw,1,19,0.02717829236119497,0.24488826307535522,0.001
ketone,4,lite,rgb,raw,1,20,0.03787815375406234,0.24412300085820263,0.001
ketone,4,lite,rgb,raw,1,21,0.03070013603714646,0.24490682824972126,0.001
ketone,4,lite,rgb,raw,1,22,0.03134506989697941,0.24778582832161758,0.001
ketone,4,lite,rgb,raw,1,23,0.029726067160973785,0.24361201044598724,0.001
ketone,4,lite,rgb,raw,1,24,0.027104878126353513,0.23425744841065874,0.001
ketone,4,lite,rgb,raw,1,25,0.027638648774047366,0.2648271966802188,0.001
ketone,4,lite,rgb,raw,1,26,0.0341935077773743,0.2620806425365459,0.001
ketone,4,lite,rgb,raw,1,27,0.03466067279948563,0.2593582147701302,0.001
ketone,4,lite,rgb,raw,1,28,0.040237776080115896,0.2318342364757509,0.001
ketone,4,lite,rgb,raw,1,29,0.04223823852714945,0.21309127052372445,0.001
ketone,4,lite,rgb,raw,1,30,0.03642967886856345,0.1949666101207721,0.001
ketone,4,lite,rgb,raw,1,31,0.033753721837381845,0.20374868402045795,0.001
ketone,4,lite,rgb,raw,1,32,0.022994552693161807,0.19745244076979124,0.001
ketone,4,lite,rgb,raw,1,33,0.02796974710997988,0.1920368148418904,0.001
ketone,4,lite,rgb,raw,1,34,0.04497367473410779,0.20066745845170653,0.001
ketone,4,lite,rgb,raw,1,35,0.025861621147296468,0.19807732850947452,0.001
ketone,4,lite,rgb,raw,1,36,0.024267573550832075,0.21207708461183006,0.001
ketone,4,lite,rgb,raw,1,37,0.0394600192542936,0.19574342831415212,0.001
ketone,4,lite,rgb,raw,1,38,0.03096777414445017,0.19960275326969426,0.001
ketone,4,lite,rgb,raw,1,39,0.034716688951507944,0.22947102633963565,0.001
ketone,4,lite,rgb,raw,1,40,0.026994071137465415,0.21039583030924647,0.001
ketone,4,lite,rgb,raw,1,41,0.026052740906349948,0.1985045206126443,0.0005
ketone,4,lite,rgb,raw,1,42,0.052161116153001785,0.19512610938931946,0.0005
ketone,4,lite,rgb,raw,1,43,0.023167140201711265,0.20739269384267156,0.0005
ketone,4,lite,rgb,raw,1,44,0.018535196536877116,0.21759976484198937,0.0005
ketone,4,lite,rgb,raw,1,45,0.027596895628776708,0.21966916061863295,0.0005
ketone,4,lite,rgb,raw,1,46,0.025040440139223318,0.2099337883391056,0.0005
ketone,4,lite,rgb,raw,1,47,0.04212953565550632,0.18834812848330873,0.0005
ketone,4,lite,rgb,raw,1,48,0.026067498888148636,0.18053705641196927,0.0005
ketone,4,lite,rgb,raw,1,49,0.02765108870922542,0.19440344800216755,0.0005
ketone,4,lite,rgb,raw,1,50,0.03925655070753371,0.198476054622497,0.0005
ketone,4,lite,rgb,raw,1,51,0.02371862741400961,0.18705583830267242,0.0005
ketone,4,lite,rgb,raw,1,52,0.03226489805784382,0.17593605586666505,0.0005
ketone,4,lite,rgb,raw,1,53,0.02788689350861995,0.16938080177767428,0.0005
ketone,4,lite,rgb,raw,1,54,0.041722541949788076,0.17668182129572813,0.0005
ketone,4,lite,rgb,raw,1,55,0.03246666787222761,0.17678531949277043,0.0005
ketone,4,lite,rgb,raw,1,56,0.02410271305774079,0.18721942212571802,0.0005
ketone,4,lite,rgb,raw,1,57,0.03286224444870089,0.18473324117905512,0.0005
ketone,4,lite,rgb,raw,1,58,0.022826676150081587,0.18573276106097875,0.0005
ketone,4,lite,rgb,raw,1,59,0.022648407482221477,0.18523853460268408,0.0005
ketone,4,lite,rgb,raw,1,60,0.018319464578736025,0.18311846231981818,0.0005
ketone,4,lite,rgb,raw,1,61,0.023414897259141577,0.1817303407204171,0.00025
ketone,4,lite,rgb,raw,1,62,0.026460284367203712,0.17304637126956227,0.00025
ketone,4,lite,rgb,raw,1,63,0.020058853063182752,0.1747305873758263,0.00025
ketone,4,lite,rgb,raw,1,64,0.02399231670577018,0.17348517086812915,0.00025
ketone,4,lite,rgb,raw,1,65,0.02541604989254084,0.1728141952516783,0.00025
ketone,4,lite,rgb,raw,1,66,0.021673387710432538,0.1769304124123134,0.00025
ketone,4,lite,rgb,raw,1,67,0.022501055578716466,0.17672590178344944,0.00025
ketone,4,lite,rgb,raw,1,68,0.019119947324277926,0.17385318602348004,0.000125
ketone,5,tiny,rgb,raw,1,1,0.8686358029725122,2.631282108738672,0.001
ketone,5,tiny,rgb,raw,1,2,0.4259426808748089,2.6578455364435447,0.001
ketone,5,tiny,rgb,raw,1,3,0.18508984099646084,2.244883495436196,0.001
ketone,5,tiny,rgb,raw,1,4,0.0844939939799856,2.018837550923198,0.001
ketone,5,tiny,rgb,raw,1,5,0.0811691838698309,1.773031533885559,0.001
ketone,5,tiny,rgb,raw,1,6,0.06311355519001602,1.4227832470470245,0.001
ketone,5,tiny,rgb,raw,1,7,0.0484813321687159,1.208632910608204,0.001
ketone,5,tiny,rgb,raw,1,8,0.048184811336095215,0.591163787659905,0.001
ketone,5,tiny,rgb,raw,1,9,0.03676734809748462,0.5534252085540686,0.001
ketone,5,tiny,rgb,raw,1,10,0.08000247033893085,0.45284959188453344,0.001
ketone,5,tiny,rgb,raw,1,11,0.030145545719099828,0.5394502352713718,0.001
ketone,5,tiny,rgb,raw,1,12,0.030510538730953562,0.36607702972058226,0.001
ketone,5,tiny,rgb,raw,1,13,0.04809573207233773,0.2850405026932864,0.001
ketone,5,tiny,rgb,raw,1,14,0.061851717653821726,0.3837714315361793,0.001
ketone,5,tiny,rgb,raw,1,15,0.03250221999697998,0.3803987303963438,0.001
ketone,5,tiny,rgb,raw,1,16,0.07533595827026446,0.2943235581318834,0.001
ketone,5,tiny,rgb,raw,1,17,0.06431082306338139,0.5644698781389943,0.001
ketone,5,tiny,rgb,raw,1,18,0.047615709210761255,0.26949850965573896,0.001
ketone,5,tiny,rgb,raw,1,19,0.04800450713297383,0.2628741113545435,0.001
ketone,5,tiny,rgb,raw,1,20,0.03764051287511333,0.3297107143061583,0.001
ketone,5,tiny,rgb,raw,1,21,0.038380448935461824,0.3130015088577308,0.001
ketone,5,tiny,rgb,raw,1,22,0.03136500728423478,0.2999195410912847,0.001
ketone,5,tiny,rgb,raw,1,23,0.039633449594505495,0.2409457864283291,0.001
ketone,5,tiny,rgb,raw,1,24,0.04817766061083215,0.24705891131434332,0.001
ketone,5,tiny,rgb,raw,1,25,0.03219070764960813,0.28389917265536274,0.001
ketone,5,tiny,rgb,raw,1,26,0.025116431328361152,0.24845528495829905,0.001
ketone,5,tiny,rgb,raw,1,27,0.03283367025070503,0.22463729529688722,0.001
ketone,5,tiny,rgb,raw,1,28,0.030763093626401464,0.26659055091287404,0.001
ketone,5,tiny,rgb,raw,1,29,0.029784510003738714,0.3075126054173494,0.001
ketone,5,tiny,rgb,raw,1,30,0.03296733513230183,0.2373355049844855,0.001
ketone,5,tiny,rgb,raw,1,31,0.027526321714041662,0.21044358228328508,0.001
ketone,5,tiny,rgb,raw,1,32,0.02894363454619392,0.21347356001888554,0.001
ketone,5,tiny,rgb,raw,1,33,0.04247477168186766,0.24605769741691286,0.001
ketone,5,tiny,rgb,raw,1,34,0.024217060965592743,0.26408914314923426,0.001
ketone,5,tiny,rgb,raw,1,35,0.040979225005282734,0.37509272182463443,0.001
ketone,5,tiny,rgb,raw,1,36,0.028397875517362454,0.28014552981491564,0.001
ketone,5,tiny,rgb,raw,1,37,0.032426769952060744,0.19644710363649814,0.001
ketone,5,tiny,rgb,raw,1,38,0.05699752063536253,0.2661522854942183,0.001
ketone,5,tiny,rgb,raw,1,39,0.03423686508761078,0.40135716312044367,0.001
ketone,5,tiny,rgb,raw,1,40,0.03831490141446473,0.27124927621734124,0.001
ketone,5,tiny,rgb,raw,1,41,0.033848438350880736,0.24116136899900564,0.001
ketone,5,tiny,rgb,raw,1,42,0.04146031204794274,0.3371071156973318,0.001
ketone,5,tiny,rgb,raw,1,43,0.02881994611415707,0.3359562789358014,0.001
ketone,5,tiny,rgb,raw,1,44,0.03890484156178647,0.21525641844210808,0.001
ketone,5,tiny,rgb,raw,1,45,0.03414895916815664,0.2602785098034545,0.0005
ketone,5,tiny,rgb,raw,1,46,0.030418416179838727,0.20612828811318978,0.0005
ketone,5,tiny,rgb,raw,1,47,0.035591933387713354,0.2990376954911226,0.0005
ketone,5,tiny,rgb,raw,1,48,0.028291567060791077,0.24096709672102376,0.0005
ketone,5,tiny,rgb,raw,1,49,0.04956789815523585,0.29415442022327165,0.0005
ketone,5,tiny,rgb,raw,1,50,0.02947357932075125,0.2039227514865397,0.0005
ketone,5,tiny,rgb,raw,1,51,0.02272543356921829,0.2662903551416461,0.0005
ketone,5,tiny,rgb,raw,1,52,0.023358576427229116,0.25165388227988195,0.00025
ketone,5,tiny,g,raw,1,1,0.3701148609646031,2.4143350298216695,0.001
ketone,5,tiny,g,raw,1,2,0.19607254496363344,2.0450409045247504,0.001
ketone,5,tiny,g,raw,1,3,0.15467371632818316,1.719041627638726,0.001
ketone,5,tiny,g,raw,1,4,0.13365115152030696,1.3559698869586096,0.001
ketone,5,tiny,g,raw,1,5,0.15172551792176042,0.9806179802558095,0.001
ketone,5,tiny,g,raw,1,6,0.13285086902438617,0.9625221736053753,0.001
ketone,5,tiny,g,raw,1,7,0.11932127080002769,0.8426575006064354,0.001
ketone,5,tiny,g,raw,1,8,0.1209884491123137,0.8225301845276308,0.001
ketone,5,tiny,g,raw,1,9,0.11214463205122557,0.7827880400581373,0.001
ketone,5,tiny,g,raw,1,10,0.13194885654527633,0.7574339059298045,0.001
ketone,5,tiny,g,raw,1,11,0.10848173816673091,0.740997135427465,0.001
ketone,5,tiny,g,raw,1,12,0.10745809508151695,1.2068085625591294,0.001
ketone,5,tiny,g,raw,1,13,0.12205847389385348,0.730758741328611,0.001
ketone,5,tiny,g,raw,1,14,0.13206668759955734,0.8708776165827411,0.001
ketone,5,tiny,g,raw,1,15,0.11066818310589087,0.7514680027463886,0.001
ketone,5,tiny,g,raw,1,16,0.13663101074148398,1.0470041314029093,0.001
ketone,5,tiny,g,raw,1,17,0.13624843319908517,0.7633887348031462,0.001
ketone,5,tiny,g,raw,1,18,0.11573466145601428,1.1304443579556775,0.001
ketone,5,tiny,g,raw,1,19,0.12078742206585212,1.3162696252302908,0.001
ketone,5,tiny,g,raw,1,20,0.10738924793044075,1.2832962221356603,0.001
ketone,5,tiny,g,raw,1,21,0.09852360286673562,1.063980294923249,0.0005
ketone,5,tiny,g,raw,1,22,0.09661356555145295,0.9202722757911861,0.0005
ketone,5,tiny,g,raw,1,23,0.10578605923496309,1.2285731159412898,0.0005
ketone,5,tiny,g,raw,1,24,0.12252411844789005,0.6959154194999233,0.0005
ketone,5,tiny,g,raw,1,25,0.09304211166549901,0.735323488446098,0.0005
ketone,5,tiny,g,raw,1,26,0.0975026758235009,0.7866086330884912,0.0005
ketone,5,tiny,g,raw,1,27,0.10474853351956508,0.8308318932080946,0.0005
ketone,5,tiny,g,raw,1,28,0.11235487803083952,0.7679583076579399,0.0005
ketone,5,tiny,g,raw,1,29,0.0999452564559999,0.7763307937757513,0.0005
ketone,5,tiny,g,raw,1,30,0.11177190576420455,0.7925544050677201,0.0005
ketone,5,tiny,g,raw,1,31,0.09521757860164173,0.7154933407497258,0.0005
ketone,5,tiny,g,raw,1,32,0.0964345775666784,0.7561226665096007,0.00025
ketone,5,tiny,g,raw,1,33,0.10464049301675109,0.8044828767373816,0.00025
ketone,5,tiny,g,raw,1,34,0.09360795773443628,0.6825665120660199,0.00025
ketone,5,tiny,g,raw,1,35,0.10932389878835834,0.7006012461904416,0.00025
ketone,5,tiny,g,raw,1,36,0.09557322284481565,0.7268092233031401,0.00025
ketone,5,tiny,g,raw,1,37,0.10006474935617603,0.7729062202376105,0.00025
ketone,5,tiny,g,raw,1,38,0.1243604055193604,0.6766516865169843,0.00025
ketone,5,tiny,g,raw,1,39,0.10274687238404008,1.3806195801364813,0.00025
ketone,5,tiny,g,raw,1,40,0.10627388245746737,1.2855406534797722,0.00025
ketone,5,tiny,g,raw,1,41,0.11038340286153261,0.9434562747098363,0.00025
ketone,5,tiny,g,raw,1,42,0.10273867540183615,0.8151328684693502,0.00025
ketone,5,tiny,g,raw,1,43,0.08884239331132075,0.7478708764061656,0.00025
ketone,5,tiny,g,raw,1,44,0.09919765567193266,0.9599741772275796,0.00025
ketone,5,tiny,g,raw,1,45,0.09911498305250387,0.7475333740617778,0.00025
ketone,5,tiny,g,raw,1,46,0.09658922071828217,0.7675887240509465,0.000125
ketone,5,tiny,g,raw,1,47,0.09538538656273826,0.7381214657027343,0.000125
ketone,5,tiny,g,raw,1,48,0.09629579999896347,0.6834800754525658,0.000125
ketone,5,tiny,g,raw,1,49,0.11924103293262545,0.6981582608064909,0.000125
ketone,5,tiny,g,raw,1,50,0.09075102503182458,0.7453641142703558,0.000125
ketone,5,tiny,g,raw,1,51,0.0908724416474827,0.7970098199924199,0.000125
ketone,5,tiny,g,raw,1,52,0.09663709314143071,0.7233537180945063,0.000125
ketone,5,tiny,g,raw,1,53,0.09215901987474473,0.7023774763526175,6.25e-05
ketone,5,tiny,hue_circular,raw,1,1,0.4093996862896153,2.6189816041828893,0.001
ketone,5,tiny,hue_circular,raw,1,2,0.14711132218114664,2.3618434261888788,0.001
ketone,5,tiny,hue_circular,raw,1,3,0.09241134062653682,2.192295778357327,0.001
ketone,5,tiny,hue_circular,raw,1,4,0.0925083006503152,2.001388727486674,0.001
ketone,5,tiny,hue_circular,raw,1,5,0.08875697558043433,1.7640626992119495,0.001
ketone,5,tiny,hue_circular,raw,1,6,0.04775777825566589,1.54444833983068,0.001
ketone,5,tiny,hue_circular,raw,1,7,0.049548521882197896,1.452459340275674,0.001
ketone,5,tiny,hue_circular,raw,1,8,0.03299027449283443,1.3058187934335734,0.001
ketone,5,tiny,hue_circular,raw,1,9,0.045921804963565266,1.1080532662699165,0.001
ketone,5,tiny,hue_circular,raw,1,10,0.09636566360465816,0.8404718598967074,0.001
ketone,5,tiny,hue_circular,raw,1,11,0.03268350639426317,0.891382880363412,0.001
ketone,5,tiny,hue_circular,raw,1,12,0.040657552539325154,0.6158836816668686,0.001
ketone,5,tiny,hue_circular,raw,1,13,0.03970555707690169,0.3596172541399941,0.001
ketone,5,tiny,hue_circular,raw,1,14,0.052265221833205616,0.4366933347619993,0.001
ketone,5,tiny,hue_circular,raw,1,15,0.02660251011858221,0.2910154065183201,0.001
ketone,5,tiny,hue_circular,raw,1,16,0.06117959705288293,0.32821731540478055,0.001
ketone,5,tiny,hue_circular,raw,1,17,0.06214088030525895,0.584076686962649,0.001
ketone,5,tiny,hue_circular,raw,1,18,0.03940226363598323,0.27046178544002375,0.001
ketone,5,tiny,hue_circular,raw,1,19,0.04008380442735602,0.2477257729641163,0.001
ketone,5,tiny,hue_circular,raw,1,20,0.03772553270224665,0.3418922029344118,0.001
ketone,5,tiny,hue_circular,raw,1,21,0.03704799772774587,0.3470025452024784,0.001
ketone,5,tiny,hue_circular,raw,1,22,0.032425950571406084,0.23099669035793946,0.001
ketone,5,tiny,hue_circular,raw,1,23,0.0421512422503018,0.2284541383327004,0.001
ketone,5,tiny,hue_circular,raw,1,24,0.04809283367434486,0.24691436929760083,0.001
ketone,5,tiny,hue_circular,raw,1,25,0.03751487871173952,0.42167832012289386,0.001
ketone,5,tiny,hue_circular,raw,1,26,0.0328537605886088,0.23376444952298261,0.001
ketone,5,tiny,hue_circular,raw,1,27,0.03185032873002232,0.21946382552525578,0.001
ketone,5,tiny,hue_circular,raw,1,28,0.03444129875937446,0.2671929682560444,0.001
ketone,5,tiny,hue_circular,raw,1,29,0.03599924200260248,0.28737491488713174,0.001
ketone,5,tiny,hue_circular,raw,1,30,0.04397265747433803,0.33058696857242914,0.001
ketone,5,tiny,hue_circular,raw,1,31,0.02921434959060833,0.3051870665204442,0.001
ketone,5,tiny,hue_circular,raw,1,32,0.03696421851388744,0.3094832403780228,0.001
ketone,5,tiny,hue_circular,raw,1,33,0.0396954318905463,0.2586085794323817,0.001
ketone,5,tiny,hue_circular,raw,1,34,0.03616381186198016,0.27431513349549697,0.001
ketone,5,tiny,hue_circular,raw,1,35,0.04079128087299769,0.27480262214032486,0.0005
ketone,5,tiny,hue_circular,raw,1,36,0.03299374536412661,0.2574726387336227,0.0005
ketone,5,tiny,hue_circular,raw,1,37,0.03429297791396985,0.22830478277739957,0.0005
ketone,5,tiny,hue_circular,raw,1,38,0.05441623300191809,0.2665978243193753,0.0005
ketone,5,tiny,hue_circular,raw,1,39,0.03011368612041239,0.28799442087842475,0.0005
ketone,5,tiny,hue_circular,raw,1,40,0.033697550658319815,0.28276287370494674,0.0005
ketone,5,tiny,hue_circular,raw,1,41,0.040662221244124115,0.34282635465011135,0.0005
ketone,5,tiny,hue_circular,raw,1,42,0.027693239544503024,0.28721176344182947,0.00025
ketone,5,lite,rgb,raw,1,1,0.5689804568642476,2.560879374984416,0.001
ketone,5,lite,rgb,raw,1,2,0.3605136040781365,2.4695880864428674,0.001
ketone,5,lite,rgb,raw,1,3,0.24670184782293977,2.332489023631809,0.001
ketone,5,lite,rgb,raw,1,4,0.1698756051845238,2.19503827584837,0.001
ketone,5,lite,rgb,raw,1,5,0.14172770742510185,2.1143489726750992,0.001
ketone,5,lite,rgb,raw,1,6,0.11387069669903302,2.029844558806973,0.001
ketone,5,lite,rgb,raw,1,7,0.09445148614830658,1.903500623380917,0.001
ketone,5,lite,rgb,raw,1,8,0.07360347433656943,1.744343772272334,0.001
ketone,5,lite,rgb,raw,1,9,0.06773690726669108,1.52683776636397,0.001
ketone,5,lite,rgb,raw,1,10,0.08240028421898357,1.1540414463907207,0.001
ketone,5,lite,rgb,raw,1,11,0.047068381285081146,0.8138191887458037,0.001
ketone,5,lite,rgb,raw,1,12,0.041687710851919454,0.6027976011458802,0.001
ketone,5,lite,rgb,raw,1,13,0.05780505175228979,0.45441977981791837,0.001
ketone,5,lite,rgb,raw,1,14,0.05397890593673362,0.398872611176596,0.001
ketone,5,lite,rgb,raw,1,15,0.03913389799780533,0.3008134669178004,0.001
ketone,5,lite,rgb,raw,1,16,0.06433171839987645,0.2826873629713528,0.001
ketone,5,lite,rgb,raw,1,17,0.058750122297005575,0.2999383022648932,0.001
ketone,5,lite,rgb,raw,1,18,0.03186278039070427,0.3332389039533873,0.001
ketone,5,lite,rgb,raw,1,19,0.039119881073959535,0.38359522129158347,0.001
ketone,5,lite,rgb,raw,1,20,0.04828717516826802,0.3845679502106514,0.001
ketone,5,lite,rgb,raw,1,21,0.04105145246034763,0.33829395517710437,0.001
ketone,5,lite,rgb,raw,1,22,0.03651020263672852,0.3117927582179883,0.001
ketone,5,lite,rgb,raw,1,23,0.04104670845582837,0.2782376493605603,0.001
ketone,5,lite,rgb,raw,1,24,0.05424542835012811,0.281468469074339,0.001
ketone,5,lite,rgb,raw,1,25,0.036492316876767114,0.2849178280615172,0.001
ketone,5,lite,rgb,raw,1,26,0.030205236045552083,0.2689252218041105,0.001
ketone,5,lite,rgb,raw,1,27,0.0425865113368777,0.2652589816843878,0.001
ketone,5,lite,rgb,raw,1,28,0.044639254446889536,0.2585914496485199,0.001
ketone,5,lite,rgb,raw,1,29,0.0357868029568039,0.26880162569541965,0.001
ketone,5,lite,rgb,raw,1,30,0.03435158644054757,0.2688350075266018,0.001
ketone,5,lite,rgb,raw,1,31,0.028382813954939606,0.24435720264684835,0.001
ketone,5,lite,rgb,raw,1,32,0.034584023241625454,0.24666857488075342,0.001
ketone,5,lite,rgb,raw,1,33,0.05121407987641507,0.2429916421332961,0.001
ketone,5,lite,rgb,raw,1,34,0.030668506734683864,0.262436094185279,0.001
ketone,5,lite,rgb,raw,1,35,0.043001999803742426,0.2492481671855632,0.001
ketone,5,lite,rgb,raw,1,36,0.04108747705572941,0.23764441728918462,0.001
ketone,5,lite,rgb,raw,1,37,0.03425841231937291,0.24029844274578854,0.001
ketone,5,lite,rgb,raw,1,38,0.05427331153730877,0.2350401054071251,0.001
ketone,5,lite,rgb,raw,1,39,0.031208462097117157,0.25198405215812913,0.001
ketone,5,lite,rgb,raw,1,40,0.03749988231136173,0.251688864323232,0.001
ketone,5,lite,rgb,raw,1,41,0.040259553516497376,0.24887656625284504,0.001
ketone,5,lite,rgb,raw,1,42,0.035477572288669525,0.24499666654382687,0.001
ketone,5,lite,rgb,raw,1,43,0.029761862131904383,0.22996779918269256,0.001
ketone,5,lite,rgb,raw,1,44,0.035954049376190685,0.25546009665684694,0.001
ketone,5,lite,rgb,raw,1,45,0.03102888954711742,0.2763615970548877,0.001
ketone,5,lite,rgb,raw,1,46,0.03186287975213567,0.2687886300310979,0.001
ketone,5,lite,rgb,raw,1,47,0.0344697181135416,0.2509612728965894,0.001
ketone,5,lite,rgb,raw,1,48,0.035451010907771155,0.2447143037847645,0.001
ketone,5,lite,rgb,raw,1,49,0.05379073358461505,0.2617766392407094,0.001
ketone,5,lite,rgb,raw,1,50,0.025399455647976674,0.26826286964589724,0.001
ketone,5,lite,rgb,raw,1,51,0.028028916811845342,0.2675797161972071,0.0005
ketone,5,lite,rgb,raw,1,52,0.027262027268526983,0.25929325604611053,0.0005
ketone,5,lite,rgb,raw,1,53,0.030162322350212784,0.24388904158831903,0.0005
ketone,5,lite,rgb,raw,1,54,0.02144540267706406,0.2272189751891037,0.0005
ketone,5,lite,rgb,raw,1,55,0.028277050520552963,0.22320038065899372,0.0005
ketone,5,lite,rgb,raw,1,56,0.03855702531386594,0.22180662576287913,0.0005
ketone,5,lite,rgb,raw,1,57,0.033747932583582205,0.23155047872861434,0.0005
ketone,5,lite,rgb,raw,1,58,0.02498125968897929,0.24243917144244911,0.0005
ketone,5,lite,rgb,raw,1,59,0.026354979082453447,0.234064648413965,0.0005
ketone,5,lite,rgb,raw,1,60,0.045570721605517825,0.22956726981332326,0.0005
ketone,5,lite,rgb,raw,1,61,0.03009016921774286,0.22816816440705906,0.0005
ketone,5,lite,rgb,raw,1,62,0.03839528969809657,0.23543588401335683,0.0005
ketone,5,lite,rgb,raw,1,63,0.039513459398609695,0.2316737887953286,0.0005
ketone,5,lite,rgb,raw,1,64,0.03270257010933806,0.22521392058820697,0.00025
ketone,5,lite,rgb,raw,1,65,0.0295014567062503,0.22568989275743578,0.00025
ketone,5,lite,rgb,raw,1,66,0.03119969841276036,0.2228381147981063,0.00025
ketone,5,lite,rgb,raw,1,67,0.024396464808798226,0.22520836587009563,0.00025
ketone,5,lite,rgb,raw,1,68,0.028818109912461923,0.22290947145990378,0.00025
ketone,5,lite,rgb,raw,1,69,0.027531305969250006,0.21863268646100842,0.00025
ketone,5,lite,rgb,raw,1,70,0.04014266013610558,0.2166157698143888,0.00025
ketone,5,lite,rgb,raw,1,71,0.03710058239884064,0.21811929920235568,0.00025
ketone,5,lite,rgb,raw,1,72,0.027198450548238443,0.22358596793905533,0.00025
ketone,5,lite,rgb,raw,1,73,0.03241959562311407,0.22479193895748087,0.00025
ketone,5,lite,rgb,raw,1,74,0.031772465368763346,0.2305873801815256,0.00025
ketone,5,lite,rgb,raw,1,75,0.02778663666399776,0.2267548242535357,0.00025
ketone,5,lite,rgb,raw,1,76,0.03178585369567402,0.22769172089069598,0.00025
ketone,5,lite,rgb,raw,1,77,0.025478163428726743,0.2255537265068227,0.00025
ketone,5,lite,rgb,raw,1,78,0.024161164297676476,0.22394490070418466,0.000125
ketone,5,lite,rgb,raw,1,79,0.022637681577537882,0.22372543271205925,0.000125
ketone,5,lite,rgb,raw,1,80,0.030647673323506215,0.22061675102413908,0.000125
ketone,5,lite,rgb,raw,1,81,0.0307165728118576,0.21983510511165105,0.000125
ketone,5,lite,rgb,raw,1,82,0.040671090793902756,0.21585084320138082,0.000125
ketone,5,lite,rgb,raw,1,83,0.04147383387460083,0.21312169867817174,0.000125
ketone,5,lite,rgb,raw,1,84,0.026734009659925444,0.21029954202695605,0.000125
ketone,5,lite,rgb,raw,1,85,0.02407221740386525,0.21274122248423671,0.000125
ketone,5,lite,rgb,raw,1,86,0.024022740540934392,0.2137411190052802,0.000125
ketone,5,lite,rgb,raw,1,87,0.03497007452562207,0.21220532041029616,0.000125
ketone,5,lite,rgb,raw,1,88,0.040518420824750524,0.21073878872281082,0.000125
ketone,5,lite,rgb,raw,1,89,0.043596866067315714,0.20957925251192733,0.000125
ketone,5,lite,rgb,raw,1,90,0.028619955003750128,0.21235494056242987,0.000125
ketone,5,lite,rgb,raw,1,91,0.03633394983948254,0.21326789451788156,0.000125
ketone,5,lite,rgb,raw,1,92,0.024650057808297578,0.2139827956317413,0.000125
ketone,5,lite,rgb,raw,1,93,0.019337860180339853,0.216375016805696,0.000125
ketone,5,lite,rgb,raw,1,94,0.024205873766150632,0.2167992291070566,0.000125
ketone,5,lite,rgb,raw,1,95,0.028055900005532094,0.21552044771397974,0.000125
ketone,5,lite,rgb,raw,1,96,0.02972981941382416,0.21111340136876983,0.000125
ketone,5,lite,rgb,raw,1,97,0.036948893036021564,0.20793848311726576,6.25e-05
ketone,5,lite,rgb,raw,1,98,0.02827934645971314,0.20722108169233705,6.25e-05
ketone,5,lite,rgb,raw,1,99,0.024811508744710782,0.20533596690235628,6.25e-05
ketone,5,lite,rgb,raw,1,100,0.02538575021336313,0.20739051138657705,6.25e-05
