analyte,input_mode,outer_fold,patch_id,concentration_order,actual_concentration,prediction_raw,prediction_reported,absolute_error,central_area_fraction,central_attention_fraction,central_attention_enrichment,positive_central_attention_fraction,center_occlusion_change,outer_occlusion_change,center_occlusion_change_per_10pct_area,outer_occlusion_change_per_10pct_area,prediction_reproduction_difference
glucose,roi_masked,1,glucose_01_c0_wA06,1,0.0,0.32893727111523763,0.3289372711152376,0.3289372711152376,0.2722439236111111,0.7725675702095032,2.8377770932844886,0.0,4.367995080062305,0.12375286252746953,1.6044417161360784,0.017004717176877283,5.551115123125783e-17
glucose,roi_masked,1,glucose_01_c0_wA11,1,0.0,0.18694351090373207,0.186943510903732,0.186943510903732,0.2679036458333333,0.777114748954773,2.9007247980426034,0.0,4.489212734333715,0.12269972969673759,1.6756818371656348,0.016760052006597505,5.551115123125783e-17
glucose,roi_masked,1,glucose_01_c0_wA12,1,0.0,-0.2988891599445793,0.0,0.0,0.2705078125,0.7757605910301208,2.867793665035537,0.0,4.9844351842846075,0.08601606727944677,1.8426215266091837,0.011791225287035275,0.0
glucose,roi_masked,1,glucose_01_c0_wC01,1,0.0,0.31104794858792495,0.3110479485879249,0.3110479485879249,0.2670355902777778,0.762896716594696,2.8569102560490527,0.0,4.495691168537126,0.11143538908645034,1.683555051167743,0.015203383357819785,5.551115123125783e-17
glucose,roi_masked,1,glucose_01_c0_wC03,1,0.0,0.19682862575762883,0.1968286257576288,0.1968286257576288,0.2713758680555556,0.7767492532730103,2.8622635418488853,0.0,4.4842700275968195,0.12226852256793563,1.6524203348393556,0.01678074019338935,2.7755575615628914e-17
glucose,roi_masked,1,glucose_01_c0_wC09,1,0.0,0.6358456602213085,0.6358456602213085,0.6358456602213085,0.2679036458333333,0.7794588804244995,2.9094747031155075,0.0,4.067386226957373,0.09879421167893554,1.5182272769396172,0.013494700679310358,0.0
glucose,roi_masked,1,glucose_01_c0_wD02,1,0.0,0.384861212466145,0.384861212466145,0.384861212466145,0.2648654513888889,0.7760840654373169,2.9301068197748106,0.0,4.287140408823073,0.12624056533518413,1.6186106516883836,0.017172443544340322,0.0
glucose,roi_masked,1,glucose_01_c0_wD03,1,0.0,0.12711401948226086,0.1271140194822608,0.1271140194822608,0.2683376736111111,0.775911271572113,2.891548030250139,0.0,4.5629938716882,0.08019258116138506,1.7004671055996141,0.010960326679272206,5.551115123125783e-17
glucose,roi_masked,1,glucose_01_c0_wE02,1,0.0,-0.04254986022703289,0.0,0.0,0.2744140625,0.7726956605911255,2.815801980232429,0.0,4.720100934110399,0.09318971348408844,1.7200652514338253,0.012843373702248528,9.020562075079397e-17
glucose,roi_masked,1,glucose_01_c0_wE03,1,0.0,0.2967492316816074,0.2967492316816074,0.2967492316816074,0.2670355902777778,0.7756856679916382,2.90480256652212,0.0,4.3942435697785704,0.11621569637028983,1.6455647598163068,0.015855571543280402,0.0
glucose,roi_masked,1,glucose_01_c0_wE08,1,0.0,-0.0577173619487219,0.0,0.0,0.2709418402777778,0.7752790451049805,2.861422378729475,0.0,4.770830432152679,0.1218807148639165,1.7608319288233518,0.016717557198777416,0.0
glucose,roi_masked,1,glucose_01_c0_wE10,1,0.0,0.3907460152027058,0.3907460152027058,0.3907460152027058,0.2683376736111111,0.7929806113243103,2.955159447620236,0.0,4.3303388997435155,0.10453448238617558,1.6137647917523752,0.01428725774389729,0.0
glucose,roi_masked,1,glucose_01_c0_wE11,1,0.0,0.02920252821380931,0.0292025282138093,0.0292025282138093,0.2713758680555556,0.7894156575202942,2.908938304560988,0.0,4.687411213252678,0.12426927586639458,1.727276359109823,0.017055333527694602,1.0408340855860843e-17
glucose,roi_masked,1,glucose_01_c0_wF01,1,0.0,0.585118103208349,0.585118103208349,0.585118103208349,0.2731119791666667,0.7570807337760925,2.772052460262403,1.3703843251278158e-05,4.3323767690064585,0.0902031163713044,1.5863005285325196,0.01240949276724797,0.0
glucose,roi_masked,1,glucose_01_c0_wF12,1,0.0,0.22439801081073796,0.2243980108107379,0.2243980108107379,0.2683376736111111,0.7781804800033569,2.9000045708495503,0.0,4.473959130542218,0.10644126995758185,1.667286993411932,0.014547868069539886,5.551115123125783e-17
glucose,roi_masked,1,glucose_01_c0_wG06,1,0.0,0.2282370681846162,0.2282370681846162,0.2282370681846162,0.2744140625,0.7951998710632324,2.897810206294484,0.0,4.493609887406904,0.09027637778561726,1.6375290123504163,0.01244185879575667,0.0
glucose,roi_masked,1,glucose_01_c0_wG09,1,0.0,0.2542572132209493,0.2542572132209493,0.2542572132209493,0.2687717013888889,0.7896660566329956,2.9380550577027402,0.0,4.467158149524404,0.09793219558119137,1.662064170610291,0.01339283446321798,0.0
glucose,roi_masked,1,glucose_01_c0_wG11,1,0.0,0.0688437220740763,0.0688437220740763,0.0688437220740763,0.2679036458333333,0.778470516204834,2.905785450523998,0.0,4.632746676425175,0.14336900436929323,1.7292585407020824,0.01958335177512089,0.0
glucose,roi_masked,1,glucose_01_c0_wG12,1,0.0,0.12390206388849645,0.1239020638884964,0.1239020638884964,0.2648654513888889,0.7749930620193481,2.9259877343589973,0.0,4.582293252476092,0.1388423249165216,1.7300456622212073,0.018886654855065136,5.551115123125783e-17
glucose,roi_masked,1,glucose_01_c0_wH05,1,0.0,0.3064870273871598,0.3064870273871598,0.3064870273871598,0.2674696180555556,0.793348491191864,2.9661256368455247,0.0,4.4284434363317775,0.11741614834936609,1.6556809212670855,0.016028843477821922,0.0
glucose,roi_masked,1,glucose_02_c0.01_wA06,2,0.01,0.1432076410392158,0.1432076410392158,0.13320764103921579,0.2648654513888889,0.766991913318634,2.8957793826892795,0.0,4.535473111908042,0.12788854899733781,1.712368709518415,0.01739661797135742,0.0
glucose,roi_masked,1,glucose_02_c0.01_wA11,2,0.01,-0.23159735641968293,0.0,0.01,0.2687717013888889,0.7795005440711975,2.9002329487929575,0.0,4.946027415016854,0.1333604599586744,1.8402336962775665,0.018237869104898996,2.7755575615628914e-17
glucose,roi_masked,1,glucose_02_c0.01_wA12,2,0.01,-0.22987611134321817,0.0,0.01,0.2718098958333333,0.7725161910057068,2.8421194476281815,0.0,4.947906182088086,0.11919074684712339,1.8203554241167188,0.01636808110479942,8.326672684688674e-17
glucose,roi_masked,1,glucose_02_c0.01_wC01,2,0.01,-0.4110754785277253,0.0,0.01,0.2679036458333333,0.7620065212249756,2.8443305385214157,0.0,5.102155103722459,0.10045214933759894,1.9044739342205825,0.013721165085153576,0.0
glucose,roi_masked,1,glucose_02_c0.01_wC03,2,0.01,0.11956013061094595,0.1195601306109459,0.10956013061094591,0.2692057291666667,0.782290518283844,2.9059207644110865,0.0,4.602303286402302,0.10878125545709239,1.7095859366176387,0.014885345958315718,4.163336342344337e-17
glucose,roi_masked,1,glucose_02_c0.01_wC09,2,0.01,-0.08783616458790622,0.0,0.01,0.2683376736111111,0.7843177914619446,2.9228761690712823,0.0,4.809467976987364,0.08703376388260242,1.7923193237329376,0.011895345809610915,1.3877787807814457e-17
glucose,roi_masked,1,glucose_02_c0.01_wD02,2,0.01,0.0004792758852909529,0.0004792758852909,0.009520724114709101,0.2674696180555556,0.777320384979248,2.90620067666075,0.0,4.6899395283661525,0.1497765910025448,1.7534475737696738,0.020446468118492864,5.2909066017292616e-17
glucose,roi_masked,1,glucose_02_c0.01_wD03,2,0.01,-0.14613831478492223,0.0,0.01,0.2679036458333333,0.7797898054122925,2.910709941952081,0.0,4.869813732437813,0.11837929705164907,1.8177482121566177,0.01616990664929595,2.7755575615628914e-17
glucose,roi_masked,1,glucose_02_c0.01_wE02,2,0.01,-0.23893942424527026,0.0,0.01,0.2687717013888889,0.7743776440620422,2.88117253438667,0.0,4.941149633222191,0.1461839945822483,1.8384188542501299,0.019991566910075684,5.551115123125783e-17
glucose,roi_masked,1,glucose_02_c0.01_wE03,2,0.01,-0.23799299825712428,0.0,0.01,0.2692057291666667,0.7822691798210144,2.9058414998913618,0.0,4.953196768560502,0.1151804807332768,1.8399299241859564,0.015760999412589148,8.326672684688674e-17
glucose,roi_masked,1,glucose_02_c0.01_wE08,2,0.01,-0.09055758723367102,0.0,0.01,0.2709418402777778,0.7897668480873108,2.9148943820475193,0.0,4.829108506120637,0.14598053489358964,1.782341369339519,0.020023167280537612,2.7755575615628914e-17
glucose,roi_masked,1,glucose_02_c0.01_wE10,2,0.01,0.12972515184669753,0.1297251518466975,0.1197251518466975,0.2679036458333333,0.7993322014808655,2.9836555564389053,0.0,4.607633800843217,0.11710279653923816,1.7198846945553299,0.015995544284950626,2.7755575615628914e-17
glucose,roi_masked,1,glucose_02_c0.01_wE11,2,0.01,-0.36439481833576615,0.0,0.01,0.2648654513888889,0.774280846118927,2.9232987619139825,0.0,5.071963437828822,0.14809038399379393,1.91492073097216,0.02014466389500819,5.551115123125783e-17
glucose,roi_masked,1,glucose_02_c0.01_wF01,2,0.01,0.021351213926783075,0.021351213926783,0.011351213926782998,0.2687717013888889,0.767426073551178,2.8553083140281212,0.0,4.650576623363307,0.12255400318783582,1.7303073944657343,0.01676001919244836,7.632783294297951e-17
glucose,roi_masked,1,glucose_02_c0.01_wF12,2,0.01,-0.06431925059384458,0.0,0.01,0.2687717013888889,0.7710011601448059,2.8686098877248813,0.0,4.754190460612295,0.12523600800742152,1.7688582674607554,0.017126799967300738,8.326672684688674e-17
glucose,roi_masked,1,glucose_02_c0.01_wG06,2,0.01,0.14934169184838098,0.1493416918483809,0.13934169184838088,0.2679036458333333,0.7838543653488159,2.9258816650687276,0.0,4.581777623014392,0.1348563465541588,1.7102333970717147,0.018420573437722354,8.326672684688674e-17
glucose,roi_masked,1,glucose_02_c0.01_wG09,2,0.01,-0.06468197422665956,0.0,0.01,0.2722439236111111,0.7880868315696716,2.8947820804089655,0.0,4.793478362251441,0.1452618563455852,1.760729238202841,0.019960239571804286,5.551115123125783e-17
glucose,roi_masked,1,glucose_02_c0.01_wG11,2,0.01,-0.0053533679095592035,0.0,0.01,0.2670355902777778,0.7698214650154114,2.8828421867460507,0.0,4.693687680866906,0.1046690604189866,1.7577011648463796,0.014280237761974547,3.469446951953614e-18
glucose,roi_masked,1,glucose_02_c0.01_wG12,2,0.01,0.037485845949358776,0.0374858459493587,0.027485845949358698,0.2683376736111111,0.7656269073486328,2.8532218269813994,0.0,4.664590133384629,0.11938345621955104,1.738328454074919,0.016316742288586424,7.632783294297951e-17
glucose,roi_masked,1,glucose_02_c0.01_wH05,2,0.01,0.033187312096590205,0.0331873120965902,0.023187312096590196,0.2744140625,0.7973043322563171,2.9054791324927716,0.0,4.692116728695242,0.09100501033013053,1.7098674484640315,0.012542278678069133,6.938893903907228e-18
glucose,roi_masked,1,glucose_03_c0.05_wA06,3,0.05,-0.18567558892162772,0.0,0.05,0.2687717013888889,0.7575253844261169,2.81847151508724,0.0,4.854574599268742,0.11347157861248469,1.8062074891748374,0.01551794136359488,2.7755575615628914e-17
glucose,roi_masked,1,glucose_03_c0.05_wA11,3,0.05,0.5843691645109557,0.5843691645109557,0.5343691645109556,0.2679036458333333,0.78106290102005,2.915462007209713,0.0,4.111964055616665,0.10961858564349214,1.5348667775035716,0.014973245669044368,0.0
glucose,roi_masked,1,glucose_03_c0.05_wA12,3,0.05,-0.0627723995362306,0.0,0.05,0.2722439236111111,0.7517160773277283,2.761185878299061,0.0,4.77306945924259,0.0949905905326327,1.7532326877791835,0.013052531420139304,0.0
glucose,roi_masked,1,glucose_03_c0.05_wC01,3,0.05,-0.12162122322156055,0.0,0.05,0.2744140625,0.7660759687423706,2.7916789750611657,0.0,4.804279518519138,0.10232190804198904,1.7507410060368676,0.014101969560564842,4.163336342344337e-17
glucose,roi_masked,1,glucose_03_c0.05_wC03,3,0.05,0.1127770792293461,0.1127770792293461,0.0627770792293461,0.2648654513888889,0.7634109854698181,2.8822595829946103,0.0,4.552392517015444,0.1262688346852716,1.7187566340358187,0.01717628901047178,0.0
glucose,roi_masked,1,glucose_03_c0.05_wC09,3,0.05,-0.02844146373398182,0.0,0.05,0.2679036458333333,0.7702720761299133,2.8751832537923376,0.0,4.729713856929738,0.12838943410170867,1.7654533376048793,0.017537231727899023,2.0816681711721685e-17
glucose,roi_masked,1,glucose_03_c0.05_wD02,3,0.05,-0.19294837693150768,0.0,0.05,0.2726779513888889,0.7686190605163574,2.8187796505048746,0.0,4.874947443925236,0.09812809023250413,1.787804044696179,0.013491697442678773,8.326672684688674e-17
glucose,roi_masked,1,glucose_03_c0.05_wD03,3,0.05,-0.015349967524365127,0.0,0.05,0.2683376736111111,0.7659748792648315,2.85451859575604,0.0,4.691353170065475,0.1087597548246313,1.7483020952415456,0.014864747152065877,2.6020852139652106e-17
glucose,roi_masked,1,glucose_03_c0.05_wE02,3,0.05,-0.11470837172547377,0.0,0.05,0.2679036458333333,0.7654057145118713,2.8570186573274228,0.0,4.79833384709392,0.09474612037835328,1.7910670204462362,0.01294175552700317,6.938893903907228e-17
glucose,roi_masked,1,glucose_03_c0.05_wE03,3,0.05,-0.14539495032557426,0.0,0.05,0.2731119791666667,0.7716683745384216,2.8254651329940774,0.0,4.836604674254691,0.09348912969910206,1.7709236661871763,0.012861558729764513,5.551115123125783e-17
glucose,roi_masked,1,glucose_03_c0.05_wE08,3,0.05,0.7793480481438317,0.7793480481438317,0.7293480481438317,0.2674696180555556,0.7784788012504578,2.9105316966832526,0.0,3.9293211847433067,0.09558663584363547,1.4690719691113312,0.013048828854020806,0.0
glucose,roi_masked,1,glucose_03_c0.05_wE10,3,0.05,-0.2719938595351099,0.0,0.05,0.2713758680555556,0.763541579246521,2.8135942400383596,0.0,4.9494892408080045,0.12175091474942956,1.8238501736619979,0.016709701121827892,0.0
glucose,roi_masked,1,glucose_03_c0.05_wE11,3,0.05,-0.013447559711423196,0.0,0.05,0.2744140625,0.769592821598053,2.8044948374249334,0.0,4.709006134945664,0.07871540807933908,1.71602216447842,0.010848529996398818,9.540979117872439e-17
glucose,roi_masked,1,glucose_03_c0.05_wF01,3,0.05,-0.12035149142677781,0.0,0.05,0.2744140625,0.7667273283004761,2.7940526127391014,0.0,4.7971232420384045,0.102822793146359,1.7481331672054543,0.014171001370373032,1.3877787807814457e-17
glucose,roi_masked,1,glucose_03_c0.05_wF12,3,0.05,-0.2925329359333162,0.0,0.05,0.2722439236111111,0.7569652795791626,2.7804671249906585,0.0,4.983459841936599,0.11305749235767859,1.8305127900871943,0.0155350805064614,0.0
glucose,roi_masked,1,glucose_03_c0.05_wG06,3,0.05,-0.2435544951870483,0.0,0.05,0.2713758680555556,0.7638126611709595,2.8145931568778737,0.0,4.929533269525337,0.12230754223425411,1.8164965458594764,0.016786095446476336,0.0
glucose,roi_masked,1,glucose_03_c0.05_wG09,3,0.05,0.1705277780197214,0.1705277780197214,0.12052777801972141,0.2670355902777778,0.7775223851203918,2.9116807400526334,0.0,4.546966954350356,0.1102862997293661,1.7027569057819132,0.015046610485652675,0.0
glucose,roi_masked,1,glucose_03_c0.05_wG11,3,0.05,-0.11675093180927298,0.0,0.05,0.2722439236111111,0.7744719982147217,2.8447723936017835,0.0,4.824512857914548,0.12623817637602208,1.7721287564185124,0.017346220865982104,8.326672684688674e-17
glucose,roi_masked,1,glucose_03_c0.05_wG12,3,0.05,-0.2124940444780421,0.0,0.05,0.2683376736111111,0.7598693370819092,2.831765390435453,0.0,4.8983776088397155,0.09087003413745887,1.8254528120932803,0.012419668316933426,0.0
glucose,roi_masked,1,glucose_03_c0.05_wH05,3,0.05,-0.058989084542806935,0.0,0.05,0.2731119791666667,0.7712705135345459,2.824008364217074,0.0,4.75014699792009,0.08361436700157565,1.73926717253999,0.011503060252075255,3.469446951953614e-17
glucose,roi_masked,1,glucose_04_c0.1_wA06,4,0.1,-0.0018117359513922793,0.0,0.1,0.2648654513888889,0.7540086507797241,2.846761051038893,0.0,4.666375631508565,0.12374609380984225,1.7617909799255607,0.016833121779358022,7.936359902593892e-17
glucose,roi_masked,1,glucose_04_c0.1_wA11,4,0.1,0.39592249154763337,0.3959224915476333,0.2959224915476333,0.2648654513888889,0.7630446553230286,2.8808765028500742,0.0,4.267045156244245,0.14189660920557134,1.6110236853726734,0.01930212768174975,5.551115123125783e-17
glucose,roi_masked,1,glucose_04_c0.1_wA12,4,0.1,0.750620416056849,0.750620416056849,0.6506204160568491,0.2726779513888889,0.7676963210105896,2.815395660339671,0.0,3.95066317538498,0.07497589067055799,1.4488385127078383,0.01030848587826141,0.0
glucose,roi_masked,1,glucose_04_c0.1_wC01,4,0.1,0.05647647865050942,0.0564764786505094,0.043523521349490606,0.2661675347222222,0.7631739377975464,2.8672690626751685,0.0,4.612171865179498,0.11330912938944504,1.732807823460834,0.015440735419978197,2.0816681711721685e-17
glucose,roi_masked,1,glucose_04_c0.1_wC03,4,0.1,0.10702566004601533,0.1070256600460153,0.007025660046015292,0.2726779513888889,0.7802891135215759,2.8615775846457794,0.0,4.61188309974075,0.07167633990750844,1.6913296715961301,0.009854828413957895,2.7755575615628914e-17
glucose,roi_masked,1,glucose_04_c0.1_wC09,4,0.1,0.12299983364485367,0.1229998336448536,0.0229998336448536,0.2713758680555556,0.7852289080619812,2.893510442502686,0.0,4.600990379147658,0.1327767576033425,1.6954309210005922,0.01822294263696805,6.938893903907228e-17
glucose,roi_masked,1,glucose_04_c0.1_wD02,4,0.1,-0.25567249053801167,0.0,0.1,0.2709418402777778,0.7773973345756531,2.8692406229272,0.0,4.9717884326390465,0.09351142665128354,1.8350020903164377,0.012826332906953848,5.551115123125783e-17
glucose,roi_masked,1,glucose_04_c0.1_wD03,4,0.1,0.4668658191521642,0.4668658191521642,0.3668658191521642,0.2718098958333333,0.7928674221038818,2.9169924798839824,0.0,4.2633260694133,0.11945791211344492,1.5684955311661868,0.01640477004973191,0.0
glucose,roi_masked,1,glucose_04_c0.1_wE02,4,0.1,0.06599648091242916,0.0659964809124291,0.034003519087570905,0.2744140625,0.7766090035438538,2.830062703305716,0.0,4.624687099646173,0.06764497132106229,1.6852952277714168,0.009322806276280994,5.551115123125783e-17
glucose,roi_masked,1,glucose_04_c0.1_wE03,4,0.1,-0.03151286889702831,0.0,0.1,0.2713758680555556,0.7689129710197449,2.8333874213986276,0.0,4.730195281970931,0.08282043623995783,1.7430419719569812,0.011366688613364876,1.3877787807814457e-17
glucose,roi_masked,1,glucose_04_c0.1_wE08,4,0.1,0.3913492273911965,0.3913492273911965,0.2913492273911965,0.2661675347222222,0.7652994394302368,2.8752546407619497,0.0,4.299792187236871,0.10158929389887206,1.6154457724245825,0.013843663057400635,0.0
glucose,roi_masked,1,glucose_04_c0.1_wE10,4,0.1,0.062338188115168336,0.0623381881151683,0.037661811884831704,0.2674696180555556,0.773243248462677,2.890957313522122,0.0,4.633567507862359,0.14988409416485027,1.732371527483144,0.02046114370942468,3.469446951953614e-17
glucose,roi_masked,1,glucose_04_c0.1_wE11,4,0.1,0.07496065200924473,0.0749606520092447,0.0250393479907553,0.2687717013888889,0.775110125541687,2.8838978268034667,0.0,4.629488409862648,0.12220003907194954,1.7224612509202328,0.01671161240669368,2.7755575615628914e-17
glucose,roi_masked,1,glucose_04_c0.1_wF01,4,0.1,0.33174827972958987,0.3317482797295898,0.2317482797295898,0.2661675347222222,0.755721390247345,2.8392696015163192,0.0,4.361573259214042,0.10435889388774289,1.6386571201352065,0.014221078900923237,5.551115123125783e-17
glucose,roi_masked,1,glucose_04_c0.1_wF12,4,0.1,0.026534458989337928,0.0265344589893379,0.0734655410106621,0.2674696180555556,0.7616214752197266,2.847506497210953,0.0,4.6470249876386465,0.14349163760629224,1.7374029324980838,0.01958848958938808,2.7755575615628914e-17
glucose,roi_masked,1,glucose_04_c0.1_wG06,4,0.1,0.21183128929711614,0.2118312892971161,0.11183128929711608,0.2722439236111111,0.8038718700408936,2.9527633137891094,0.0,4.531873821425091,0.135564672945792,1.6646372713532738,0.0186277624253529,5.551115123125783e-17
glucose,roi_masked,1,glucose_04_c0.1_wG09,4,0.1,0.04085029676965224,0.0408502967696522,0.05914970323034781,0.2722439236111111,0.8022477030754089,2.94679746175487,0.0,4.703948758168976,0.12532001973796358,1.7278434338495532,0.01722005817660761,4.163336342344337e-17
glucose,roi_masked,1,glucose_04_c0.1_wG11,4,0.1,0.06771095727126752,0.0677109572712675,0.03228904272873251,0.2679036458333333,0.7843419313430786,2.927701595487166,0.0,4.653840787668765,0.10863393630874807,1.737132308592764,0.014838748436659586,2.7755575615628914e-17
glucose,roi_masked,1,glucose_04_c0.1_wG12,4,0.1,0.00020852718022545957,0.0002085271802254,0.0997914728197746,0.2722439236111111,0.7709212899208069,2.8317300151096676,0.0,4.709479472364694,0.11866676847084978,1.7298749628263461,0.016305843718910865,5.957690937807847e-17
glucose,roi_masked,1,glucose_04_c0.1_wH05,4,0.1,0.26127079916171514,0.2612707991617151,0.16127079916171508,0.2670355902777778,0.7959596514701843,2.980724968691271,0.0,4.4720425009567615,0.12132169841992901,1.6746990527760062,0.01655219500574487,5.551115123125783e-17
glucose,roi_masked,1,glucose_05_c0.5_wA06,5,0.5,-0.04864568768960087,0.0,0.5,0.2696397569444444,0.7577577829360962,2.8102598501163234,0.0,4.720422323772708,0.13641792952660747,1.750640327399971,0.01867817023499056,6.938893903907228e-17
glucose,roi_masked,1,glucose_05_c0.5_wA11,5,0.5,0.16049813113650302,0.160498131136503,0.339501868863497,0.2674696180555556,0.7758286595344543,2.9006234995008238,0.0,4.534850141036478,0.09580283664782652,1.6954636470503928,0.013078343098005766,2.7755575615628914e-17
glucose,roi_masked,1,glucose_05_c0.5_wA12,5,0.5,0.32092948000307864,0.3209294800030786,0.17907051999692142,0.2657335069444444,0.773265540599823,2.9099286329799794,0.0,4.372292568745439,0.09924054888243283,1.6453674280750499,0.013515603642685106,5.551115123125783e-17
glucose,roi_masked,1,glucose_05_c0.5_wC01,5,0.5,0.4666336919535574,0.4666336919535574,0.03336630804644258,0.2661675347222222,0.7619627118110657,2.862718447635867,0.0,4.251111171906315,0.10606381440993218,1.59715615818543,0.014453409930532827,0.0
glucose,roi_masked,1,glucose_05_c0.5_wC03,5,0.5,0.22654249981879726,0.2265424998187972,0.2734575001812028,0.2679036458333333,0.7761198282241821,2.8970110720591586,0.0,4.4495073620809515,0.1203493920408576,1.6608610712409093,0.016439009886594688,5.551115123125783e-17
glucose,roi_masked,1,glucose_05_c0.5_wC09,5,0.5,0.11014643703175064,0.1101464370317506,0.3898535629682494,0.2679036458333333,0.7775654196739197,2.9024070100100623,0.0,4.575739466519103,0.08966639687949929,1.7079795432742024,0.012247895563086785,4.163336342344337e-17
glucose,roi_masked,1,glucose_05_c0.5_wD02,5,0.5,0.38366673288497566,0.3836667328849756,0.1163332671150244,0.2731119791666667,0.7775012850761414,2.846822345356265,0.0,4.3134176158192705,0.09673811415988265,1.5793586312034325,0.013308530528399443,5.551115123125783e-17
glucose,roi_masked,1,glucose_05_c0.5_wD03,5,0.5,0.0819451722802027,0.0819451722802027,0.4180548277197973,0.2670355902777778,0.7662659883499146,2.8695275695379165,0.0,4.595057088005599,0.10651891113035727,1.7207657912661356,0.014532617098110625,0.0
glucose,roi_masked,1,glucose_05_c0.5_wE02,5,0.5,0.31699884586131066,0.3169988458613106,0.1830011541386894,0.2726779513888889,0.7812851071357727,2.865230221791994,0.0,4.378035303066815,0.0975459805166139,1.6055699702771098,0.0134116627844415,5.551115123125783e-17
glucose,roi_masked,1,glucose_05_c0.5_wE03,5,0.5,0.17243496375098832,0.1724349637509883,0.3275650362490117,0.2679036458333333,0.7750425338745117,2.892989871278858,0.0,4.518853819795407,0.10104500936971927,1.6867459215566818,0.013802146233160409,2.7755575615628914e-17
glucose,roi_masked,1,glucose_05_c0.5_wE08,5,0.5,-0.026188675243895787,0.0,0.5,0.2670355902777778,0.775505006313324,2.904126021204223,0.0,4.737159048159166,0.1053164683519805,1.77398040584457,0.014368565097436748,8.673617379884035e-17
glucose,roi_masked,1,glucose_05_c0.5_wE10,5,0.5,0.4976754291491261,0.4976754291491261,0.002324570850873897,0.2657335069444444,0.7875148057937622,2.963551020904579,0.0,4.200333844910805,0.09594259075882317,1.5806564603796645,0.013066453619525851,0.0
glucose,roi_masked,1,glucose_05_c0.5_wE11,5,0.5,0.18201548631168762,0.1820154863116876,0.3179845136883124,0.2683376736111111,0.7681425213813782,2.862596634472617,0.0,4.501753077756587,0.0924447563852997,1.677644818625342,0.012634893591085898,2.7755575615628914e-17
glucose,roi_masked,1,glucose_05_c0.5_wF01,5,0.5,0.3182912727681355,0.3182912727681355,0.1817087272318645,0.2661675347222222,0.7654830813407898,2.87594458933417,0.0,4.375755613901162,0.0929098071022354,1.6439854764660868,0.012660901704187513,0.0
glucose,roi_masked,1,glucose_05_c0.5_wF12,5,0.5,0.14071476215331558,0.1407147621533155,0.35928523784668454,0.2679036458333333,0.7714846730232239,2.879709496388024,0.0,4.553299823797308,0.09282499905197206,1.699603530826893,0.012679341800251586,8.326672684688674e-17
glucose,roi_masked,1,glucose_05_c0.5_wG06,5,0.5,0.06910093334388812,0.0691009333438881,0.4308990666561119,0.2718098958333333,0.7894229888916016,2.904320265718563,0.0,4.657010911592197,0.104190472266799,1.713333834779788,0.01430814174356757,1.3877787807814457e-17
glucose,roi_masked,1,glucose_05_c0.5_wG09,5,0.5,0.0221813772356958,0.0221813772356958,0.4778186227643042,0.2709418402777778,0.7890273332595825,2.91216495927926,0.0,4.708025703616942,0.13139832816667418,1.7376517775143667,0.018023024146213266,0.0
glucose,roi_masked,1,glucose_05_c0.5_wG11,5,0.5,0.3206977509643316,0.3206977509643316,0.17930224903566838,0.2713758680555556,0.7973518967628479,2.9381827591229133,0.0,4.400964408681985,0.09738950369148025,1.6217228304843332,0.013366219896063769,0.0
glucose,roi_masked,1,glucose_05_c0.5_wG12,5,0.5,0.26935065720860507,0.269350657208605,0.23064934279139498,0.2739800347222222,0.784125030040741,2.8619787235071166,0.0,4.439479506917104,0.08516161621904939,1.6203660647821005,0.011729927590416368,5.551115123125783e-17
glucose,roi_masked,1,glucose_05_c0.5_wH05,5,0.5,0.42792459032646235,0.4279245903264623,0.0720754096735377,0.2718098958333333,0.7919080853462219,2.913463039740831,0.0,4.30732944049152,0.10257354507375549,1.5846845558311318,0.014086094343610946,5.551115123125783e-17
glucose,roi_masked,1,glucose_06_c1_wA06,6,1.0,0.24034391505948882,0.2403439150594888,0.7596560849405112,0.2692057291666667,0.7796921133995056,2.8962686485650315,0.0,4.448343640348997,0.11178696424317458,1.6523956061852623,0.015296639383297655,2.7755575615628914e-17
glucose,roi_masked,1,glucose_06_c1_wA11,6,1.0,0.24469500601382776,0.2446950060138277,0.7553049939861722,0.2674696180555556,0.7795337438583374,2.9144758553340515,0.0,4.4634474116080325,0.13177777451362527,1.6687680058977534,0.017989393718227973,5.551115123125783e-17
glucose,roi_masked,1,glucose_06_c1_wA12,6,1.0,0.2123429247177162,0.2123429247177162,0.7876570752822838,0.2648654513888889,0.7579165697097778,2.8615154061635857,0.0,4.464078718951672,0.10515720440782506,1.6854137432961331,0.014304484071181045,0.0
glucose,roi_masked,1,glucose_06_c1_wC01,6,1.0,0.866568150841097,0.866568150841097,0.13343184915890305,0.2661675347222222,0.7749758362770081,2.911609175348107,0.0,3.827369316521567,0.08652611006060562,1.4379549784371286,0.011790989654273864,0.0
glucose,roi_masked,1,glucose_06_c1_wC03,6,1.0,0.3658538570508574,0.3658538570508574,0.6341461429491426,0.2674696180555556,0.7840960025787354,2.93153296542216,0.0,4.3358797545731775,0.11025245614123325,1.621073745158069,0.015050905581359882,0.0
glucose,roi_masked,1,glucose_06_c1_wC09,6,1.0,0.7239978551517465,0.7239978551517465,0.2760021448482535,0.2744140625,0.8125261664390564,2.960949446382896,0.0,3.9986135922567128,0.08082724797884655,1.4571460208081402,0.011139583032347088,0.0
glucose,roi_masked,1,glucose_06_c1_wD02,6,1.0,0.47269766662729307,0.472697666627293,0.5273023333727069,0.2722439236111111,0.7917119860649109,2.9080979129430924,0.0,4.238322526040508,0.11021224199533375,1.556810697488614,0.015144118417012017,5.551115123125783e-17
glucose,roi_masked,1,glucose_06_c1_wD03,6,1.0,0.5196351399292034,0.5196351399292034,0.4803648600707966,0.2705078125,0.7880862951278687,2.9133587227831677,0.0,4.192408373349782,0.124219505883846,1.5498289437942876,0.017028216067611554,0.0
glucose,roi_masked,1,glucose_06_c1_wE02,6,1.0,0.8684351224264644,0.8684351224264644,0.13156487757353563,0.2683376736111111,0.800754964351654,2.9841317231964593,0.0,3.821717636383265,0.08192975263226598,1.424219560732235,0.01119775471242716,0.0
glucose,roi_masked,1,glucose_06_c1_wE03,6,1.0,0.7793715395755951,0.7793715395755951,0.22062846042440487,0.2687717013888889,0.7883003950119019,2.932973936386632,0.0,3.925791149191073,0.12969300948462426,1.460641551511705,0.017736322531685667,0.0
glucose,roi_masked,1,glucose_06_c1_wE08,6,1.0,1.060180947992976,1.060180947992976,0.06018094799297602,0.2744140625,0.7903425693511963,2.8801095765680604,0.0,3.6515921152008395,0.06498207817477475,1.3306869487422277,0.008955807274693047,0.0
glucose,roi_masked,1,glucose_06_c1_wE10,6,1.0,0.8097909529093741,0.8097909529093741,0.19020904709062592,0.2674696180555556,0.7986783981323242,2.986052785877282,0.0,3.912903087785125,0.09782867401749051,1.4629336655995013,0.01335489645600937,0.0
glucose,roi_masked,1,glucose_06_c1_wE11,6,1.0,0.3996743519120862,0.3996743519120862,0.6003256480879138,0.2705078125,0.7862882614135742,2.906711840027076,0.0,4.321698245975762,0.13408112930598026,1.597624189126058,0.018380063776348567,0.0
glucose,roi_masked,1,glucose_06_c1_wF01,6,1.0,1.3610205845069858,1.3610205845069858,0.3610205845069858,0.2683376736111111,0.7696338891983032,2.8681544370608827,0.0,3.361229507943179,0.1089158334899043,1.2526118538295326,0.01488607921463678,0.0
glucose,roi_masked,1,glucose_06_c1_wF12,6,1.0,0.29022816948814345,0.2902281694881434,0.7097718305118565,0.2674696180555556,0.7827523350715637,2.9265093387503165,0.0,4.42161885189974,0.09560614567679426,1.6531293849536715,0.01305149220200468,5.551115123125783e-17
glucose,roi_masked,1,glucose_06_c1_wG06,6,1.0,0.38524503857156045,0.3852450385715604,0.6147549614284396,0.2731119791666667,0.7901083827018738,2.892983255852391,0.0,4.32661736174093,0.08146669271463303,1.584191720532555,0.011207598746948174,5.551115123125783e-17
glucose,roi_masked,1,glucose_06_c1_wG09,6,1.0,0.6649240711452951,0.6649240711452951,0.33507592885470494,0.2726779513888889,0.8059386610984802,2.955642937001032,0.0,4.064333709502703,0.09522829196928484,1.4905252473846762,0.013093002219736373,0.0
glucose,roi_masked,1,glucose_06_c1_wG11,6,1.0,0.7344543294053025,0.7344543294053025,0.26554567059469747,0.2705078125,0.8106940388679504,2.996933919858416,0.0,3.986205039747631,0.11341981783063382,1.4736007078345035,0.015547776902084209,0.0
glucose,roi_masked,1,glucose_06_c1_wG12,6,1.0,0.7204255648843292,0.7204255648843292,0.2795744351156708,0.2661675347222222,0.7881674766540527,2.961170593087546,0.0,4.005967953267991,0.10471922856139582,1.5050550614479334,0.014270182026050923,0.0
glucose,roi_masked,1,glucose_06_c1_wH05,6,1.0,0.5347369452739272,0.5347369452739272,0.46526305472607277,0.2722439236111111,0.7836416363716125,2.878454093583412,0.0,4.176148918210975,0.11096356965188914,1.5339732335684477,0.015247357356669308,0.0
glucose,roi_masked,1,glucose_07_c2.5_wA06,7,2.5,2.0257906763729294,2.0257906763729294,0.4742093236270706,0.2731119791666667,0.8342909216880798,3.054757701341813,0.0,2.6917779022087545,0.03666514798378362,0.9855949601412746,0.005044126045955365,0.0
glucose,roi_masked,1,glucose_07_c2.5_wA11,7,2.5,2.016531667899495,2.016531667899495,0.4834683321005051,0.2648654513888889,0.7799098491668701,2.9445510732985967,0.0,2.7359045908612347,0.08386640219320185,1.03294128264552,0.011408306459225805,0.0
glucose,roi_masked,1,glucose_07_c2.5_wA12,7,2.5,1.8249562547532303,1.8249562547532303,0.6750437452467697,0.2713758680555556,0.7841784358024597,2.889639529930215,0.016998078674077988,3.0222259004209304,0.08187480657153223,1.1136678887756615,0.011236905694165912,0.0
glucose,roi_masked,1,glucose_07_c2.5_wC01,7,2.5,2.4667507309553116,2.466750730955312,0.033249269044687946,0.2683376736111111,0.8455366492271423,3.1510172904477733,0.08968811482191086,2.2714095806661163,0.06128337215168367,0.8464743508054561,0.008375909205841862,4.440892098500626e-16
glucose,roi_masked,1,glucose_07_c2.5_wC03,7,2.5,2.5589633601420037,2.558963360142004,0.058963360142004095,0.2705078125,0.8448850512504578,3.1233295757417645,0.0,2.181963017799535,0.04357959211931295,0.8066173755331133,0.005973962828671548,4.440892098500626e-16
glucose,roi_masked,1,glucose_07_c2.5_wC09,7,2.5,2.0379590389462314,2.0379590389462314,0.4620409610537686,0.2683376736111111,0.8069307208061218,3.0071465923773633,0.0014166922774165869,2.6736461749814384,0.11019153768259304,0.9963737625810326,0.015060436175037486,0.0
glucose,roi_masked,1,glucose_07_c2.5_wD02,7,2.5,3.4550724931715484,3.4550724931715484,0.9550724931715484,0.2713758680555556,0.8226608037948608,3.0314442094256044,0.0,1.2711414299987442,0.044508001373777084,0.4684062142690294,0.006108499488618461,0.0
glucose,roi_masked,1,glucose_07_c2.5_wD03,7,2.5,2.2348761647794855,2.234876164779485,0.26512383522051497,0.2648654513888889,0.8263584971427917,3.1199180293600857,0.0,2.477698518638251,0.06054299389128914,0.9354555324772685,0.008235634416267465,4.440892098500626e-16
glucose,roi_masked,1,glucose_07_c2.5_wE02,7,2.5,2.580673623769547,2.580673623769547,0.08067362376954712,0.2722439236111111,0.8548362851142883,3.13996460885344,0.0,2.1492069286700834,0.034976751095801006,0.7894416522368868,0.0048061091113598044,0.0
glucose,roi_masked,1,glucose_07_c2.5_wE03,7,2.5,2.5534378966794447,2.5534378966794447,0.05343789667944465,0.2705078125,0.8432662487030029,3.1173452659634475,0.0010774618713185191,2.2114273202832124,0.0537716882255701,0.8175095942129998,0.0073711122815239335,0.0
glucose,roi_masked,1,glucose_07_c2.5_wE08,7,2.5,2.44992529157496,2.44992529157496,0.050074708425039915,0.2722439236111111,0.8308665156364441,3.0519194133541125,0.0,2.2710085341467385,0.0764775505840185,0.8341815325108148,0.010508679084274856,0.0
glucose,roi_masked,1,glucose_07_c2.5_wE10,7,2.5,2.2337798316039024,2.2337798316039024,0.26622016839609763,0.2744140625,0.8363920450210571,3.0479197654859878,0.0,2.483526297417307,0.056906998046209356,0.9050288001976237,0.0078429025571088,0.0
glucose,roi_masked,1,glucose_07_c2.5_wE11,7,2.5,1.9372974575220678,1.937297457522068,0.5627025424779319,0.2731119791666667,0.824562668800354,3.0191376860008194,1.5291065210476518e-05,2.778711080956627,0.08672678263024203,1.0174255590820929,0.011931243897899844,2.220446049250313e-16
glucose,roi_masked,1,glucose_07_c2.5_wF01,7,2.5,2.599544012192861,2.599544012192861,0.0995440121928608,0.2661675347222222,0.8434330224990845,3.1688050286798055,0.0,2.110529978451715,0.04918707651311216,0.792932909963759,0.0067027664815147376,0.0
glucose,roi_masked,1,glucose_07_c2.5_wF12,7,2.5,2.3839364661931897,2.3839364661931897,0.11606353380681034,0.2744140625,0.8332696557044983,3.03654137879504,0.0247889906167984,2.3518121413838746,0.043565059284408125,0.8570304742978959,0.006004121225738079,0.0
glucose,roi_masked,1,glucose_07_c2.5_wG06,7,2.5,2.4901555629486736,2.4901555629486736,0.009844437051326427,0.2731119791666667,0.8394370675086975,3.0736003234645035,0.0,2.231895113623914,0.04007279914893003,0.817208794881128,0.0055129260629428155,0.0
glucose,roi_masked,1,glucose_07_c2.5_wG09,7,2.5,2.618990338854228,2.618990338854228,0.11899033885422794,0.2679036458333333,0.8364148736000061,3.1220735014571313,4.478895425563678e-05,2.096402470285365,0.0633908322927268,0.782521067887806,0.008658809995698387,0.0
glucose,roi_masked,1,glucose_07_c2.5_wG11,7,2.5,2.272566773483703,2.272566773483703,0.22743322651629683,0.2722439236111111,0.8106512427330017,2.977665146682879,0.0,2.447421683861978,0.08602681759567687,0.8989811972288557,0.011820831235451888,0.0
glucose,roi_masked,1,glucose_07_c2.5_wG12,7,2.5,2.3281210234042384,2.3281210234042384,0.17187897659576157,0.2718098958333333,0.8177959322929382,3.0087055137771332,1.0351903256378137e-05,2.4992028838479903,0.051741272017512774,0.9194672166683865,0.007105462120598982,0.0
glucose,roi_masked,1,glucose_07_c2.5_wH05,7,2.5,2.090530872432517,2.090530872432517,0.4094691275674829,0.2726779513888889,0.8241164684295654,3.0223069530628233,0.0,2.628599998343867,0.06211731797927067,0.9639943328586185,0.008540552028896888,0.0
glucose,roi_masked,1,glucose_08_c5_wA06,8,5.0,4.852586478499196,4.852586478499196,0.14741352150080367,0.2679036458333333,0.6345651149749756,2.3686318750949273,0.6358287334442139,0.08846746288489271,0.0006089357364835735,0.03302211980344963,8.317699344053078e-05,0.0
glucose,roi_masked,1,glucose_08_c5_wA11,8,5.0,4.79521246382174,4.79521246382174,0.20478753617825962,0.2687717013888889,0.6340413689613342,2.3590332080531513,0.6395744681358337,0.04824846441222519,0.0018096863354548631,0.017951467421197714,0.00024748581788918263,0.0
glucose,roi_masked,1,glucose_08_c5_wA12,8,5.0,4.052947547813474,4.052947547813474,0.9470524521865258,0.2666015625,0.786537766456604,2.95023689689217,0.22285713255405426,0.6896275852249465,0.025911546934411334,0.25867349716862464,0.003533079102641439,0.0
glucose,roi_masked,1,glucose_08_c5_wC01,8,5.0,4.84506322305214,4.84506322305214,0.15493677694786,0.2657335069444444,0.6282938718795776,2.3643757955255973,0.6295482516288757,0.05636960665963997,0.004438959858529046,0.021212833604542347,0.0006045434321886166,0.0
glucose,roi_masked,1,glucose_08_c5_wC03,8,5.0,4.832329921406927,4.832329921406927,0.1676700785930727,0.2687717013888889,0.5560064911842346,2.068694316816272,0.5661150813102722,0.07761932375366865,0.0012681889253238765,0.028879276855624154,0.00017343269232504593,0.0
glucose,roi_masked,1,glucose_08_c5_wC09,8,5.0,4.9869457473526495,4.9869457473526495,0.013054252647350495,0.2731119791666667,0.531062662601471,1.9444868885717743,0.5317723155021667,0.23664477015320795,0.009610135700316214,0.08664752489995886,0.0013220930081223204,0.0
glucose,roi_masked,1,glucose_08_c5_wD02,8,5.0,4.871338961833851,4.871338961833851,0.1286610381661486,0.2726779513888889,0.6186008453369141,2.2686133667429367,0.6233185529708862,0.128358278092632,0.004578042074761868,0.04707321491849171,0.0006294380987767474,0.0
glucose,roi_masked,1,glucose_08_c5_wD03,8,5.0,4.9822137169518825,4.9822137169518825,0.01778628304811747,0.2679036458333333,0.5585721731185913,2.084974138299286,0.5593522787094116,0.21876440622275428,0.006595219467461,0.08165786827658582,0.000900867683594495,0.0
glucose,roi_masked,1,glucose_08_c5_wE02,8,5.0,4.903969531067315,4.903969531067315,0.09603046893268541,0.2683376736111111,0.5317699313163757,1.9817192426250378,0.532646119594574,0.15162860670815714,0.011268521288821276,0.0565066413029671,0.0015401259409428577,0.0
glucose,roi_masked,1,glucose_08_c5_wE03,8,5.0,4.968440919451157,4.968440919451157,0.03155908054884282,0.2726779513888889,0.5458953976631165,2.0019785057155914,0.5482596158981323,0.22304165096548711,0.013446654805083114,0.08179673120962712,0.0018487896566260775,0.0
glucose,roi_masked,1,glucose_08_c5_wE08,8,5.0,4.92752225456382,4.92752225456382,0.07247774543617957,0.2648654513888889,0.5489150285720825,2.072429702302463,0.5497633218765259,0.17175923330208231,0.0036400520986568097,0.06484773019713194,0.0004951545408298326,0.0
glucose,roi_masked,1,glucose_08_c5_wE10,8,5.0,5.002478660286211,5.002478660286211,0.0024786602862105767,0.2744140625,0.5830565690994263,2.1247328354370554,0.5840185284614563,0.2624988078727837,0.0031134110283179695,0.09565792856289342,0.0004290892184384389,0.0
glucose,roi_masked,1,glucose_08_c5_wE11,8,5.0,5.004210605908924,5.004210605908924,0.004210605908924414,0.2670355902777778,0.5878430008888245,2.2013657440842773,0.5885987281799316,0.2365904213322656,0.008268834670627001,0.08859883474190003,0.001128135904137653,0.0
glucose,roi_masked,1,glucose_08_c5_wF01,8,5.0,4.862958916137219,4.862958916137219,0.1370410838627807,0.2683376736111111,0.6168152093887329,2.298653040730515,0.6179797649383545,0.09977224160600073,0.003584558568115348,0.03718160043028317,0.0004899197948057401,0.0
glucose,roi_masked,1,glucose_08_c5_wF12,8,5.0,4.52606035491186,4.52606035491186,0.4739396450881399,0.2713758680555556,0.7187079191207886,2.648385518839339,0.43575647473335266,0.2209550320046363,0.004311822438109125,0.08142029488023703,0.0005917759581476351,0.0
glucose,roi_masked,1,glucose_08_c5_wG06,8,5.0,4.975290911459285,4.975290911459285,0.024709088540714852,0.2666015625,0.4713641405105591,1.7680471790579213,0.47201117873191833,0.2144536040692877,0.0039363079197789475,0.08043974013441414,0.0005367216124971562,0.0
glucose,roi_masked,1,glucose_08_c5_wG09,8,5.0,4.9976656043538545,4.997665604353855,0.0023343956461445714,0.2683376736111111,0.5177925229072571,1.9296303643806232,0.5184707641601562,0.2345578152449752,0.007445987549148825,0.08741143652639272,0.001017680872800765,8.881784197001252e-16
glucose,roi_masked,1,glucose_08_c5_wG11,8,5.0,5.136264056355887,5.136264056355887,0.1362640563558868,0.2709418402777778,0.5301973819732666,1.9568678703506708,0.5308206081390381,0.360090079073518,0.008123705401515302,0.13290309045821153,0.0011142739839316122,0.0
glucose,roi_masked,1,glucose_08_c5_wG12,8,5.0,4.736888302849943,4.736888302849943,0.2631116971500571,0.2744140625,0.6080271601676941,2.215728868369106,0.5390660166740417,0.00866833832054592,0.003828692775012854,0.00315885353745161,0.0005276690984674512,0.0
glucose,roi_masked,1,glucose_08_c5_wH05,8,5.0,4.596082489909397,4.596082489909397,0.4039175100906034,0.2722439236111111,0.6650433540344238,2.442821662328119,0.5861122012138367,0.13775597062243872,0.008303026648638578,0.050600200289214636,0.0011409079110459692,0.0
glucose,roi_masked,1,glucose_09_c10_wA06,9,10.0,12.52186113172544,12.52186113172544,2.5218611317254407,0.2683376736111111,0.7686209082603455,2.864379413880851,0.7686774134635925,7.727909665066545,0.06989138925338167,2.8799197522544797,0.009552410549594626,0.0
glucose,roi_masked,1,glucose_09_c10_wA11,9,10.0,9.202645651330522,9.202645651330522,0.7973543486694776,0.2670355902777778,0.75519859790802,2.8280821935474654,0.7552937269210815,4.362860335847744,0.042718571421220375,1.633812306183373,0.005828191772286706,0.0
glucose,roi_masked,1,glucose_09_c10_wA12,9,10.0,8.910159010527629,8.910159010527629,1.0898409894723713,0.2726779513888889,0.7817045450210571,2.866768438883431,0.7818096876144409,4.079673365594027,0.03981678235869879,1.4961508053049961,0.005474436315347875,0.0
glucose,roi_masked,1,glucose_09_c10_wC01,9,10.0,9.430409814187614,9.430409814187614,0.5695901858123857,0.2683376736111111,0.7647870779037476,2.8500920784314348,0.7648789286613464,4.5795867857100845,0.04650109009492276,1.7066507002468314,0.006355539764419519,0.0
glucose,roi_masked,1,glucose_09_c10_wC03,9,10.0,10.683886334510358,10.683886334510358,0.6838863345103583,0.2705078125,0.7678124308586121,2.8384112967480823,0.7678858637809753,5.860944375601649,0.06121230061660654,2.1666451410166387,0.008391083779304564,0.0
glucose,roi_masked,1,glucose_09_c10_wC09,9,10.0,12.909349511537055,12.909349511537055,2.909349511537055,0.2726779513888889,0.7670226097106934,2.8129249387559687,0.7670763731002808,8.07349025135765,0.060588782275232234,2.960815207183132,0.008330392621938538,0.0
glucose,roi_masked,1,glucose_09_c10_wD02,9,10.0,10.212494125478663,10.212494125478663,0.21249412547866342,0.2705078125,0.7780751585960388,2.876350044773804,0.7781556844711304,5.426708394971546,0.059139878543275515,2.006118915686232,0.008106992721327193,0.0
glucose,roi_masked,1,glucose_09_c10_wD03,9,10.0,12.00642487709729,12.00642487709729,2.00642487709729,0.2679036458333333,0.799631655216217,2.9847733229941906,0.7996945977210999,7.186023451832772,0.07415169975955216,2.6823164087521603,0.010128680376226955,0.0
glucose,roi_masked,1,glucose_09_c10_wE02,9,10.0,10.560741462089704,10.560741462089704,0.5607414620897035,0.2731119791666667,0.7965415716171265,2.9165383885671186,0.7966192364692688,5.782359563956517,0.0645046845021664,2.1172119881375946,0.008874088257530461,0.0
glucose,roi_masked,1,glucose_09_c10_wE03,9,10.0,12.117126059401182,12.117126059401182,2.1171260594011816,0.2718098958333333,0.8109071850776672,2.983361524022268,0.8109700679779053,7.337165805811427,0.10222754415507573,2.6993740545452343,0.01403857915263266,0.0
glucose,roi_masked,1,glucose_09_c10_wE08,9,10.0,8.999185962671344,8.999185962671344,1.0008140373286558,0.2744140625,0.8064769506454468,2.9389053290424823,0.8065832257270813,4.235089716824056,0.05411151766641353,1.543320950187841,0.0074576304293953516,0.0
glucose,roi_masked,1,glucose_09_c10_wE10,9,10.0,10.683812674936185,10.683812674936185,0.6838126749361848,0.2700737847222222,0.8070587515830994,2.9882898572076515,0.8071359395980835,5.886435863883348,0.040503608117870016,2.1795658064101624,0.005549000333198901,0.0
glucose,roi_masked,1,glucose_09_c10_wE11,9,10.0,12.527460055682242,12.527460055682242,2.5274600556822424,0.2670355902777778,0.8072503805160522,3.0230067073693365,0.8073098063468933,7.665243359294772,0.06272769704524883,2.870495034508761,0.008558082249726326,0.0
glucose,roi_masked,1,glucose_09_c10_wF01,9,10.0,8.504518124520983,8.504518124520983,1.4954818754790171,0.2705078125,0.7729418277740479,2.857373399424639,0.7730563282966614,3.6818729440182114,0.04928144040002458,1.3610967128789346,0.006755581655906985,0.0
glucose,roi_masked,1,glucose_09_c10_wF12,9,10.0,9.170267291483626,9.170267291483626,0.8297327085163744,0.2744140625,0.7957346439361572,2.899758987155249,0.7958356142044067,4.376773882859117,0.02675076838014867,1.5949524754618278,0.0036867815371833435,0.0
glucose,roi_masked,1,glucose_09_c10_wG06,9,10.0,11.580094012105349,11.580094012105349,1.5800940121053486,0.2648654513888889,0.7618399262428284,2.876328045986852,0.7619034647941589,6.757215509924389,0.09824196395257445,2.5511879614692003,0.013363807229327323,0.0
glucose,roi_masked,1,glucose_09_c10_wG09,9,10.0,14.44518906005242,14.44518906005242,4.445189060052421,0.2705078125,0.772819995880127,2.85692301726083,0.7728658318519592,9.646685133089793,0.10093830252713332,3.566139197214422,0.013836790065299134,0.0
glucose,roi_masked,1,glucose_09_c10_wG11,9,10.0,12.099740807257122,12.099740807257122,2.099740807257122,0.2744140625,0.7907789945602417,2.8816999659419484,0.7908404469490051,7.2738582138145125,0.08247801876002292,2.650687121333118,0.01136709168375013,0.0
glucose,roi_masked,1,glucose_09_c10_wG12,9,10.0,9.172872053290295,9.172872053290297,0.8271279467097035,0.2744140625,0.8120330572128296,2.9591524931883897,0.8121359348297119,4.3795092908699775,0.019687412456832476,1.5959492931853585,0.0027133122955311515,1.7763568394002505e-15
glucose,roi_masked,1,glucose_09_c10_wH05,9,10.0,10.36542772601424,10.36542772601424,0.36542772601423934,0.2705078125,0.7587969899177551,2.8050834573132897,0.758873462677002,5.556956389531571,0.07944085534496992,2.0542683548304437,0.010889884320381418,0.0
glucose,roi_masked,1,glucose_10_c15_wA06,10,15.0,15.69741456209382,15.69741456209382,0.6974145620938206,0.2718098958333333,0.7729726433753967,2.8437987550290047,0.7730132937431335,10.871024663219092,0.15363555636944426,3.9994955407675516,0.021098275778584388,0.0
glucose,roi_masked,1,glucose_10_c15_wA11,10,15.0,12.7932309661727,12.7932309661727,2.2067690338272996,0.2648654513888889,0.752855658531189,2.8424079266789994,0.7529091835021973,7.886278272121398,0.12655590794461347,2.9774658154801643,0.017215339448229634,0.0
glucose,roi_masked,1,glucose_10_c15_wA12,10,15.0,19.465597091863557,19.46559709186356,4.465597091863561,0.2687717013888889,0.7611260414123535,2.831868226748587,0.7611559629440308,14.627386896788481,0.2808221495329093,5.442309149810361,0.0384041687208086,3.552713678800501e-15
glucose,roi_masked,1,glucose_10_c15_wC01,10,15.0,15.66281526654567,15.66281526654567,0.6628152665456692,0.2683376736111111,0.7675653696060181,2.8604457930808986,0.7676059007644653,10.721175731546913,0.1730163857337761,3.9954045912630956,0.023647026708030264,0.0
glucose,roi_masked,1,glucose_10_c15_wC03,10,15.0,14.823175752955695,14.823175752955695,0.17682424704430488,0.2709418402777778,0.7792725563049316,2.8761617456572885,0.7793170213699341,10.013302495604595,0.1168089545622717,3.695738718441808,0.01602189797954898,0.0
glucose,roi_masked,1,glucose_10_c15_wC09,10,15.0,15.556298744374473,15.556298744374471,0.5562987443744714,0.2666015625,0.7771531343460083,2.9150359324919872,0.7771945595741272,10.747259955435776,0.12424021019658582,4.031206664603017,0.016940342908296123,1.7763568394002505e-15
glucose,roi_masked,1,glucose_10_c15_wD02,10,15.0,12.093085963350568,12.093085963350568,2.9069140366494324,0.2648654513888889,0.7846466898918152,2.9624350241880246,0.7847076058387756,7.216855582746836,0.08528823105465477,2.7247251556982732,0.01160171715719112,0.0
glucose,roi_masked,1,glucose_10_c15_wD03,10,15.0,14.230947998693608,14.230947998693608,0.7690520013063917,0.2709418402777778,0.7801883816719055,2.8795419004758833,0.7802356481552124,9.4063889881669,0.17183066566953542,3.4717373213835057,0.023568855704873323,0.0
glucose,roi_masked,1,glucose_10_c15_wE02,10,15.0,15.124360594068664,15.124360594068664,0.12436059406866384,0.2674696180555556,0.7814196944236755,2.9215269386647438,0.781463086605072,10.278129916535878,0.12572375383639844,3.842728004494712,0.017162940532606256,0.0
glucose,roi_masked,1,glucose_10_c15_wE03,10,15.0,14.81397746386097,14.81397746386097,0.18602253613902953,0.2674696180555556,0.7776280641555786,2.9073510098408972,0.7776724696159363,9.984999849398594,0.20339677940123657,3.7331342236128777,0.027766326751026464,0.0
glucose,roi_masked,1,glucose_10_c15_wE08,10,15.0,15.98170468401073,15.98170468401073,0.9817046840107295,0.2705078125,0.7873784899711609,2.9107421434312952,0.7874189019203186,11.217517782140229,0.1322360565129337,4.146836898524041,0.018127138135106306,0.0
glucose,roi_masked,1,glucose_10_c15_wE10,10,15.0,15.1137544117076,15.1137544117076,0.1137544117075997,0.2683376736111111,0.7856656312942505,2.927899093411974,0.7857092618942261,10.333402343930231,0.11940017893368804,3.850895107224465,0.016319027866719103,0.0
glucose,roi_masked,1,glucose_10_c15_wE11,10,15.0,17.526664482288183,17.526664482288183,2.526664482288183,0.2713758680555556,0.7739942073822021,2.8521114015331364,0.7740291953086853,12.72602159078556,0.17311035146082787,4.689444821298669,0.02375852567480253,0.0
glucose,roi_masked,1,glucose_10_c15_wF01,10,15.0,13.705464578148382,13.705464578148382,1.2945354218516183,0.2687717013888889,0.7511202692985535,2.7946404529089497,0.751168429851532,8.69996109740279,0.27071207435789724,3.236933446655798,0.03702155330586705,0.0
glucose,roi_masked,1,glucose_10_c15_wF12,10,15.0,18.89713948126674,18.89713948126674,3.8971394812667413,0.2679036458333333,0.7627030611038208,2.846930502686437,0.7627342343330383,14.045463370403334,0.1736773311020201,5.242729462196725,0.023723288623628533,0.0
glucose,roi_masked,1,glucose_10_c15_wG06,10,15.0,15.755373100331319,15.75537310033132,0.7553731003313207,0.2683376736111111,0.7752065062522888,2.888921618124179,0.7752470374107361,10.95629189134111,0.12742389644026275,4.083024103137876,0.017415670022148326,1.7763568394002505e-15
glucose,roi_masked,1,glucose_10_c15_wG09,10,15.0,15.032278163156318,15.032278163156318,0.032278163156318485,0.2683376736111111,0.7874217629432678,2.93444357755162,0.7874658107757568,10.23575761976824,0.07447102396758432,3.814506357613591,0.010178332446763416,0.0
glucose,roi_masked,1,glucose_10_c15_wG11,10,15.0,15.096284749673138,15.096284749673138,0.09628474967313849,0.2648654513888889,0.7761518955230713,2.9303629123886212,0.7761950492858887,10.212664820680468,0.09249173924882648,3.8557934857595737,0.01258160692128686,0.0
glucose,roi_masked,1,glucose_10_c15_wG12,10,15.0,18.308423496973294,18.30842349697329,3.3084234969732904,0.2679036458333333,0.7666366100311279,2.861613202935146,0.7666692733764648,13.296255815564429,0.22313276736104015,4.963073859710077,0.030478606551050037,3.552713678800501e-15
glucose,roi_masked,1,glucose_10_c15_wH05,10,15.0,14.42984318271328,14.42984318271328,0.5701568172867209,0.2744140625,0.7980515360832214,2.9082020389651912,0.7980989217758179,9.635043859516674,0.0902620440306432,3.511133420692197,0.012439883322661997,0.0
glucose,roi_masked,1,glucose_11_c20_wA06,11,20.0,19.482139837743034,19.482139837743038,0.5178601622569623,0.2709418402777778,0.7559478878974915,2.7900743832051584,0.7559776902198792,14.566302181522143,0.2909720406939691,5.376173043848942,0.039910676098163705,3.552713678800501e-15
glucose,roi_masked,1,glucose_11_c20_wA11,11,20.0,18.782854860219345,18.782854860219345,1.217145139780655,0.2679036458333333,0.7608340382575989,2.8399540285872953,0.760865330696106,13.785324431138093,0.18576864974234297,5.145627782801486,0.025374890707357833,0.0
glucose,roi_masked,1,glucose_11_c20_wA12,11,20.0,20.01773651874216,20.0,0.0,0.2657335069444444,0.7421828508377075,2.7929592296122143,0.7422110438346863,14.965699298793094,0.24220701363287134,5.631845028079917,0.03298625443535602,0.0
glucose,roi_masked,1,glucose_11_c20_wC01,11,20.0,19.334693278243492,19.33469327824349,0.6653067217565116,0.2679036458333333,0.7554417252540588,2.819826221118431,0.7554716467857361,14.279578481653543,0.23252058054931268,5.330117265569829,0.0317609258980653,3.552713678800501e-15
glucose,roi_masked,1,glucose_11_c20_wC03,11,20.0,18.800120664405284,18.800120664405284,1.1998793355947157,0.2683376736111111,0.7506183385848999,2.7972901772739336,0.7506492137908936,13.89003226237348,0.2579884778592785,5.176325811970643,0.03526059338500832,0.0
glucose,roi_masked,1,glucose_11_c20_wC09,11,20.0,18.60968558109918,18.60968558109918,1.3903144189008216,0.2726779513888889,0.7681050896644592,2.816894749839895,0.7681370973587036,13.807468042003688,0.18760177773957665,5.063654018110067,0.025793495205847207,0.0
glucose,roi_masked,1,glucose_11_c20_wD02,11,20.0,20.44290913670023,20.0,0.0,0.2687717013888889,0.7586396336555481,2.822617223968321,0.7586676478385925,15.514058745267105,0.24661384696766575,5.772206919514802,0.03372597141495782,0.0
glucose,roi_masked,1,glucose_11_c20_wD03,11,20.0,19.888783688438004,19.888783688438004,0.1112163115619964,0.2661675347222222,0.764984130859375,2.8740700163065633,0.7650133371353149,15.002506938236916,0.22715657091013952,5.636490172963368,0.03095482711086568,0.0
glucose,roi_masked,1,glucose_11_c20_wE02,11,20.0,19.361131092973373,19.361131092973373,0.6388689070266267,0.2661675347222222,0.7665667533874512,2.8800159801136367,0.7665970921516418,14.499909597156947,0.20845898386623674,5.447662733281632,0.02840689036391007,0.0
glucose,roi_masked,1,glucose_11_c20_wE03,11,20.0,18.394269948152214,18.39426994815221,1.6057300518477895,0.2674696180555556,0.7611702680587769,2.8458195498700554,0.7612024545669556,13.480632349124898,0.26264933718500316,5.04006116549838,0.03585507764030498,3.552713678800501e-15
glucose,roi_masked,1,glucose_11_c20_wE08,11,20.0,19.465613018257976,19.465613018257976,0.5343869817420241,0.2674696180555556,0.7612651586532593,2.8461743213583923,0.7612950801849365,14.627202424348166,0.2706435908619085,5.468734180234998,0.036946398065225136,0.0
glucose,roi_masked,1,glucose_11_c20_wE10,11,20.0,19.976861427474546,19.976861427474542,0.02313857252545759,0.2700737847222222,0.766154408454895,2.8368336795180045,0.766183614730835,15.17310619499823,0.16684968581606086,5.618133655809711,0.02285843175978619,3.552713678800501e-15
glucose,roi_masked,1,glucose_11_c20_wE11,11,20.0,21.159668554176704,20.0,0.0,0.2687717013888889,0.7545920610427856,2.8075577047114706,0.7546186447143555,16.287097013840043,0.20385147796179837,6.059825840918443,0.027877952528504727,0.0
glucose,roi_masked,1,glucose_11_c20_wF01,11,20.0,17.46084706472631,17.46084706472631,2.539152935273691,0.2670355902777778,0.7647629976272583,2.8638991410535604,0.7647977471351624,12.521913150403858,0.1715782323180477,4.6892300525852075,0.023408808127951555,0.0
glucose,roi_masked,1,glucose_11_c20_wF12,11,20.0,20.814758593515457,20.0,0.0,0.2744140625,0.7561624646186829,2.7555528959769795,0.75618976354599,15.90406339585642,0.18863062281882392,5.795644454575435,0.02599700642886618,0.0
glucose,roi_masked,1,glucose_11_c20_wG06,11,20.0,20.560538300574905,20.0,0.0,0.2687717013888889,0.755329966545105,2.8103031779086343,0.7553576231002808,15.702283145488366,0.20330520263334861,5.842238250658894,0.027803245993009953,0.0
glucose,roi_masked,1,glucose_11_c20_wG09,11,20.0,20.482682121474284,20.0,0.0,0.2657335069444444,0.751825213432312,2.829245066146259,0.7518528699874878,15.61727382541591,0.25944096502998093,5.877043510617928,0.03533335205728246,0.0
glucose,roi_masked,1,glucose_11_c20_wG11,11,20.0,20.442026814449605,20.0,0.0,0.2713758680555556,0.7577146887779236,2.7921225796790656,0.7577435970306396,15.498328444582755,0.31220351708939376,5.711019390054965,0.04284836356658009,0.0
glucose,roi_masked,1,glucose_11_c20_wG12,11,20.0,20.461874287170318,20.0,0.0,0.2692057291666667,0.7584713697433472,2.8174414121542473,0.7584993243217468,15.569312334723065,0.18882492483069413,5.783425331592413,0.025838314881064254,3.552713678800501e-15
glucose,roi_masked,1,glucose_11_c20_wH05,11,20.0,17.719169996868317,17.719169996868317,2.2808300031316833,0.2657335069444444,0.767999529838562,2.890111746423923,0.7680336833000183,12.877482124262649,0.15489931576632188,4.846013689555107,0.02109578977541632,0.0
glucose,roi_masked,2,glucose_01_c0_wA04,1,0.0,0.4126308719290295,0.4126308719290295,0.4126308719290295,0.2722439236111111,0.712874710559845,2.6185146801592394,0.0,5.453380999594102,0.048566743450625616,2.0031231284280286,0.006673491988086562,0.0
glucose,roi_masked,2,glucose_01_c0_wB04,1,0.0,0.5009562663987372,0.5009562663987372,0.5009562663987372,0.2705078125,0.7128793597221375,2.6353374164457355,0.0,5.272017690087079,0.051334750800054785,1.9489336153968122,0.007037052853983415,0.0
glucose,roi_masked,2,glucose_01_c0_wB08,1,0.0,0.22327161656569494,0.2232716165656949,0.2232716165656949,0.2679036458333333,0.7257102727890015,2.7088480656231018,0.0,5.523111532263885,0.07229070057208986,2.0616037213991074,0.00987447897543175,2.7755575615628914e-17
glucose,roi_masked,2,glucose_01_c0_wB10,1,0.0,0.3100927630828494,0.3100927630828494,0.3100927630828494,0.2713758680555556,0.7242550849914551,2.668826414746601,0.0,5.448342386100834,0.10944618242394366,2.007673867665145,0.015020938454490913,0.0
glucose,roi_masked,2,glucose_01_c0_wB12,1,0.0,-0.30658917348465753,0.0,0.0,0.2683376736111111,0.7416521310806274,2.763876279837874,0.0,6.054639019489829,0.08490121967035424,2.2563507158761937,0.011603880179178183,5.551115123125783e-17
glucose,roi_masked,2,glucose_01_c0_wC04,1,0.0,0.3030962980160803,0.3030962980160803,0.3030962980160803,0.2683376736111111,0.7160401344299316,2.668429388963304,0.0,5.395590086657826,0.07317620810159653,2.0107463905636282,0.010001363397068273,0.0
glucose,roi_masked,2,glucose_01_c0_wC08,1,0.0,0.02278020966572214,0.0227802096657221,0.0227802096657221,0.2722439236111111,0.7316403985023499,2.6874443653238966,0.0,5.741852397284894,0.043528030417391506,2.1090837661768664,0.005981129093882215,3.8163916471489756e-17
glucose,roi_masked,2,glucose_01_c0_wC12,1,0.0,0.252223412654077,0.252223412654077,0.252223412654077,0.2722439236111111,0.733176052570343,2.693085093857426,0.0,5.453797773427965,0.08065564107901935,2.003276216815948,0.011082784973672915,0.0
glucose,roi_masked,2,glucose_01_c0_wD07,1,0.0,0.2457262400522371,0.2457262400522371,0.2457262400522371,0.2744140625,0.7459733486175537,2.71842245190169,0.0,5.489868170120291,0.05331559610549341,2.000578294022483,0.007347936798388325,0.0
glucose,roi_masked,2,glucose_01_c0_wE07,1,0.0,0.34028482713634567,0.3402848271363456,0.3402848271363456,0.2722439236111111,0.737633466720581,2.7094579630517637,0.0,5.3832110975183785,0.06479454488053182,1.9773484844451725,0.00890333272132073,5.551115123125783e-17
glucose,roi_masked,2,glucose_01_c0_wF02,1,0.0,0.3550342610046249,0.3550342610046249,0.3550342610046249,0.2679036458333333,0.719751238822937,2.6866048671495295,0.0,5.297304524200539,0.09224886173398783,1.977317071487735,0.012600644875358408,0.0
glucose,roi_masked,2,glucose_01_c0_wF05,1,0.0,0.15573972264498348,0.1557397226449834,0.1557397226449834,0.2679036458333333,0.7128551006317139,2.6608637535123028,0.0,5.499685398717992,0.08685777722431087,2.052859482972257,0.011864254852515917,8.326672684688674e-17
glucose,roi_masked,2,glucose_01_c0_wF06,1,0.0,0.17734626562889577,0.1773462656288957,0.1773462656288957,0.2726779513888889,0.7311515212059021,2.6813738238892135,0.0,5.554991196885644,0.04777281268900779,2.037198522502909,0.006568316302281006,8.326672684688674e-17
glucose,roi_masked,2,glucose_01_c0_wF10,1,0.0,0.22980621619441166,0.2298062161944116,0.2298062161944116,0.2679036458333333,0.7248478531837463,2.705628924642125,0.0,5.441547987163213,0.09724656430160028,2.0311586168366214,0.013283301268764609,5.551115123125783e-17
glucose,roi_masked,2,glucose_01_c0_wG03,1,0.0,0.15943265535009932,0.1594326553500993,0.1594326553500993,0.2744140625,0.7356809973716736,2.6809158053686613,0.0,5.598899768589604,0.043643496776905266,2.0403108053508023,0.00601493145350619,2.7755575615628914e-17
glucose,roi_masked,2,glucose_01_c0_wH01,1,0.0,0.47671390513904477,0.4767139051390447,0.4767139051390447,0.2726779513888889,0.7214360237121582,2.645743889586649,0.0,5.479364613463243,0.05153064545136665,2.0094637595573914,0.007084983268384232,5.551115123125783e-17
glucose,roi_masked,2,glucose_01_c0_wH02,1,0.0,0.13603518931415337,0.1360351893141533,0.1360351893141533,0.2674696180555556,0.7313293814659119,2.734252162105413,0.0,5.507575633131371,0.0927851830659332,2.0591406505046135,0.012666393825146503,8.326672684688674e-17
glucose,roi_masked,2,glucose_01_c0_wH04,1,0.0,0.24897522451301768,0.2489752245130176,0.2489752245130176,0.2683376736111111,0.7388263940811157,2.753345753276006,0.0,5.360985415951561,0.07341311321852828,1.997850448581059,0.010033742420613329,8.326672684688674e-17
glucose,roi_masked,2,glucose_01_c0_wH06,1,0.0,0.3277264669797919,0.3277264669797919,0.3277264669797919,0.2696397569444444,0.7496142387390137,2.7800582793636823,0.0,5.287098990198993,0.09609110438674939,1.9608009776126332,0.01315667238193853,0.0
glucose,roi_masked,2,glucose_02_c0.01_wA04,2,0.01,-0.12817214740455452,0.0,0.01,0.2731119791666667,0.7269442677497864,2.661707736027823,0.0,5.8069528284781695,0.05953126968603861,2.126216816339087,0.008189881794693715,2.7755575615628914e-17
glucose,roi_masked,2,glucose_02_c0.01_wB04,2,0.01,-0.2624141332941319,0.0,0.01,0.2700737847222222,0.7214756011962891,2.6714018242768183,0.0,5.921847131811791,0.07122004870750143,2.192677507705001,0.009757157260120905,0.0
glucose,roi_masked,2,glucose_02_c0.01_wB08,2,0.01,-0.12033755583166528,0.0,0.01,0.2722439236111111,0.7257153987884521,2.665680795230919,0.0,5.818215576449016,0.06184975455308894,2.1371333101854977,0.00849869297690872,8.326672684688674e-17
glucose,roi_masked,2,glucose_02_c0.01_wB10,2,0.01,0.10613816171720547,0.1061381617172054,0.0961381617172054,0.2726779513888889,0.7439741492271423,2.7283986308306183,0.0,5.6210208336531045,0.05221826753026004,2.061413768521568,0.007179524892717837,6.938893903907228e-17
glucose,roi_masked,2,glucose_02_c0.01_wB12,2,0.01,-0.22354536956302162,0.0,0.01,0.2705078125,0.7346025109291077,2.715642495275835,0.0,5.929691179681366,0.05826870476874291,2.192059122019393,0.007987570774189122,2.7755575615628914e-17
glucose,roi_masked,2,glucose_02_c0.01_wC04,2,0.01,0.039710763249216185,0.0397107632492161,0.0297107632492161,0.2657335069444444,0.7295613288879395,2.7454623140184773,0.0,5.626938683658078,0.07784144718578379,2.1175119195015455,0.010601252804258658,8.326672684688674e-17
glucose,roi_masked,2,glucose_02_c0.01_wC08,2,0.01,0.02915753614958483,0.0291575361495848,0.0191575361495848,0.2670355902777778,0.7313256859779358,2.738682455088442,0.0,5.601721228900291,0.10900342865919033,2.097743309449211,0.014871585470364147,2.7755575615628914e-17
glucose,roi_masked,2,glucose_02_c0.01_wC12,2,0.01,0.1393542499103626,0.1393542499103626,0.1293542499103626,0.2744140625,0.7295263409614563,2.6584874489129224,0.0,5.621477224393077,0.03198895950343594,2.0485383194941322,0.004408707204780405,0.0
glucose,roi_masked,2,glucose_02_c0.01_wD07,2,0.01,-0.22056394852842232,0.0,0.01,0.2713758680555556,0.7298633456230164,2.689492440328556,0.0,5.805255074833467,0.12519858098054382,2.139193553365263,0.017182875983867342,2.7755575615628914e-17
glucose,roi_masked,2,glucose_02_c0.01_wE07,2,0.01,-0.014832359705859055,0.0,0.01,0.2713758680555556,0.7561760544776917,2.7864528260961237,0.0,5.663559436817428,0.09696984319862878,2.0869797588848225,0.013308623602659164,5.551115123125783e-17
glucose,roi_masked,2,glucose_02_c0.01_wF02,2,0.01,-0.1998361443563912,0.0,0.01,0.2683376736111111,0.7262338399887085,2.7064177393190203,0.0,5.874329440053329,0.0779652749023656,2.1891556861921346,0.010655909439421645,0.0
glucose,roi_masked,2,glucose_02_c0.01_wF05,2,0.01,-0.05235414862927179,0.0,0.01,0.2648654513888889,0.7387273907661438,2.789066625686514,0.0,5.652650055722678,0.09464379329423256,2.134159070607956,0.0128743498007328,9.020562075079397e-17
glucose,roi_masked,2,glucose_02_c0.01_wF06,2,0.01,0.14697940939668808,0.146979409396688,0.13697940939668798,0.2713758680555556,0.734207272529602,2.705499489657262,0.0,5.426829211604184,0.10868928052934201,1.9997464219969674,0.014917057473691975,8.326672684688674e-17
glucose,roi_masked,2,glucose_02_c0.01_wF10,2,0.01,-0.26751137582684237,0.0,0.01,0.2674696180555556,0.7387591600418091,2.762030190241506,0.0,5.854598230011852,0.11367543646100398,2.1888834599508815,0.015518187267436123,5.551115123125783e-17
glucose,roi_masked,2,glucose_02_c0.01_wG03,2,0.01,0.09222048379728065,0.0922204837972806,0.0822204837972806,0.2687717013888889,0.7338261008262634,2.7302952544266628,0.0,5.542777344548293,0.07707299865523165,2.062262253022086,0.010540210055002447,5.551115123125783e-17
glucose,roi_masked,2,glucose_02_c0.01_wH01,2,0.01,-0.06680456444239802,0.0,0.01,0.2670355902777778,0.7123016715049744,2.667440960824804,0.0,5.7352922158851465,0.05572565774043259,2.1477632288337065,0.007602778116000396,1.3877787807814457e-17
glucose,roi_masked,2,glucose_02_c0.01_wH02,2,0.01,0.359675610497189,0.359675610497189,0.349675610497189,0.2679036458333333,0.7346594333648682,2.7422524657313185,0.0,5.232387893552816,0.10048041868768642,1.953085736208293,0.013725026509940981,0.0
glucose,roi_masked,2,glucose_02_c0.01_wH04,2,0.01,-0.3371865642760312,0.0,0.01,0.2713758680555556,0.7363555431365967,2.7134157079355754,0.0,5.93506345113764,0.1344100093506615,2.187026979835445,0.01844709823046458,0.0
glucose,roi_masked,2,glucose_02_c0.01_wH06,2,0.01,-0.061613754342496385,0.0,0.01,0.2692057291666667,0.7277380228042603,2.70327836282308,0.0,5.6758941306724084,0.09124510072594472,2.1083853409220845,0.012485743849893195,8.326672684688674e-17
glucose,roi_masked,2,glucose_03_c0.05_wA04,3,0.05,0.14427510762492002,0.14427510762492,0.09427510762491999,0.2713758680555556,0.6949353218078613,2.560785256210016,0.0,5.6998074128074885,0.08090767627064555,2.1003368699093885,0.01110417192122516,2.7755575615628914e-17
glucose,roi_masked,2,glucose_03_c0.05_wB04,3,0.05,0.1933889227237211,0.1933889227237211,0.1433889227237211,0.2718098958333333,0.7095479965209961,2.6104568207335332,0.0,5.542401481640084,0.04800653252705622,2.039072736718364,0.006592582383688722,0.0
glucose,roi_masked,2,glucose_03_c0.05_wB08,3,0.05,-0.12578159560277413,0.0,0.05,0.2705078125,0.7178729772567749,2.6537975765737816,0.0,5.834605926641926,0.05124397035188544,2.1569084725203367,0.007024608519455246,2.7755575615628914e-17
glucose,roi_masked,2,glucose_03_c0.05_wB10,3,0.05,0.13227456943277272,0.1322745694327727,0.08227456943277268,0.2648654513888889,0.7022709846496582,2.6514253971860917,0.0,5.50857113232231,0.10828674091048818,2.0797620465171,0.014730193420384634,2.7755575615628914e-17
glucose,roi_masked,2,glucose_03_c0.05_wB12,3,0.05,-0.24263116247080507,0.0,0.05,0.2705078125,0.7104880809783936,2.6264974545916067,0.0,6.153839652846258,0.05368309765663337,2.274921229066631,0.0073589681392761145,8.326672684688674e-17
glucose,roi_masked,2,glucose_03_c0.05_wC04,3,0.05,0.1088058327818171,0.1088058327818171,0.0588058327818171,0.2648654513888889,0.7046508193016052,2.660410467301759,0.0,5.539621429954878,0.14330928039023405,2.0914850921124195,0.019494292665334274,0.0
glucose,roi_masked,2,glucose_03_c0.05_wC08,3,0.05,0.025596394358258223,0.0255963943582582,0.024403605641741804,0.2705078125,0.7273280024528503,2.6887504495007897,0.0,5.638709782230677,0.07581521165626004,2.084490547654951,0.010392875065061617,2.42861286636753e-17
glucose,roi_masked,2,glucose_03_c0.05_wC12,3,0.05,0.020898108005659388,0.0208981080056593,0.0291018919943407,0.2661675347222222,0.7026622295379639,2.6399246259363536,0.0,5.74369259261965,0.08805464576464139,2.157923804874957,0.011999284568489355,8.673617379884035e-17
glucose,roi_masked,2,glucose_03_c0.05_wD07,3,0.05,-0.02195902304697661,0.0,0.05,0.2726779513888889,0.7296143770217896,2.6757366090858783,0.0,5.77559883441209,0.05494526441406933,2.1181026206900846,0.007554461537223078,1.0408340855860843e-17
glucose,roi_masked,2,glucose_03_c0.05_wE07,3,0.05,0.21212274231492056,0.2121227423149205,0.16212274231492052,0.2687717013888889,0.7139478921890259,2.656335799117506,0.0,5.4573840988304605,0.08680641460231975,2.03049058759877,0.011871314987015562,5.551115123125783e-17
glucose,roi_masked,2,glucose_03_c0.05_wF02,3,0.05,0.08964279686111709,0.089642796861117,0.03964279686111699,0.2683376736111111,0.7166531085968018,2.670713727791397,0.0,5.616055083414288,0.0554541127156476,2.0929059299937762,0.007579194761788645,9.71445146547012e-17
glucose,roi_masked,2,glucose_03_c0.05_wF05,3,0.05,0.028542379165283016,0.028542379165283,0.021457620834717004,0.2687717013888889,0.7109870314598083,2.6453195324721817,0.0,5.6701962639903,0.098677152679981,2.1096701158229556,0.013494711961696172,1.734723475976807e-17
glucose,roi_masked,2,glucose_03_c0.05_wF06,3,0.05,0.021446772293276517,0.0214467722932765,0.028553227706723503,0.2687717013888889,0.7019386291503906,2.6116537772507065,0.0,5.666235867398968,0.09082424575351311,2.1081965988675373,0.012420778288535047,1.734723475976807e-17
glucose,roi_masked,2,glucose_03_c0.05_wF10,3,0.05,-0.08205488341504807,0.0,0.05,0.2713758680555556,0.712286651134491,2.6247236212936698,0.0,5.722030207715319,0.09739467976966587,2.1085258054499953,0.01336693028677946,6.938893903907228e-17
glucose,roi_masked,2,glucose_03_c0.05_wG03,3,0.05,-0.0038849543444428036,0.0,0.05,0.2705078125,0.7210773229598999,2.665643244443818,0.0,5.7230661201320885,0.06799614831792589,2.115674984482043,0.009321024883206975,3.469446951953614e-18
glucose,roi_masked,2,glucose_03_c0.05_wH01,3,0.05,0.10157246259811625,0.1015724625981162,0.051572462598116195,0.2722439236111111,0.7398278117179871,2.7175181796703742,0.0,5.618274127856205,0.05386943647129616,2.063691285863802,0.0074021280232513115,5.551115123125783e-17
glucose,roi_masked,2,glucose_03_c0.05_wH02,3,0.05,-0.13253876659344943,0.0,0.05,0.2692057291666667,0.7264150977134705,2.698364184009409,0.0,5.827087971698011,0.06750680984950641,2.164548276790361,0.009237457454685244,2.7755575615628914e-17
glucose,roi_masked,2,glucose_03_c0.05_wH04,3,0.05,0.22136522715414841,0.2213652271541484,0.17136522715414837,0.2722439236111111,0.7075174450874329,2.5988364981768757,0.0,5.436288594027359,0.09809703376339307,1.9968447860723855,0.013479383676210387,2.7755575615628914e-17
glucose,roi_masked,2,glucose_03_c0.05_wH06,3,0.05,-0.06723776237050227,0.0,0.05,0.2722439236111111,0.7223392128944397,2.6532794683280816,0.0,5.803895757070097,0.0471508869870787,2.1318733876906344,0.00647894102389917,6.938893903907228e-17
glucose,roi_masked,2,glucose_04_c0.1_wA04,4,0.1,0.29427586262886507,0.294275862628865,0.194275862628865,0.2731119791666667,0.7137683033943176,2.613463918983723,0.0,5.511398067331078,0.06892704607151678,2.0179993877045375,0.009482484797657842,5.551115123125783e-17
glucose,roi_masked,2,glucose_04_c0.1_wB04,4,0.1,0.3343307445840775,0.3343307445840775,0.23433074458407752,0.2726779513888889,0.7131102681159973,2.615210597276972,0.0,5.471708795667668,0.03608244102810332,2.006656118618115,0.0049609992020737004,0.0
glucose,roi_masked,2,glucose_04_c0.1_wB08,4,0.1,0.1497322866714228,0.1497322866714228,0.04973228667142279,0.2713758680555556,0.7058739066123962,2.601093132083104,0.0,5.705033161435139,0.049696721134410815,2.1022625196236002,0.006820625196943114,0.0
glucose,roi_masked,2,glucose_04_c0.1_wB10,4,0.1,0.3981896137926926,0.3981896137926926,0.2981896137926926,0.2731119791666667,0.7317013740539551,2.6791258892654946,0.0,5.402105375533315,0.06119318894330572,1.9779818490629733,0.008418516633848419,0.0
glucose,roi_masked,2,glucose_04_c0.1_wB12,4,0.1,0.3975481782576047,0.3975481782576047,0.2975481782576047,0.2722439236111111,0.7178052663803101,2.6366254822482813,0.0,5.411545248123331,0.04546388365860743,1.987756118242512,0.006247132127593948,0.0
glucose,roi_masked,2,glucose_04_c0.1_wC04,4,0.1,0.19326589132686056,0.1932658913268605,0.0932658913268605,0.2744140625,0.7251331210136414,2.6424779925906363,0.0,5.564638411222958,0.033349869906247775,2.0278255277908577,0.004596267400268873,5.551115123125783e-17
glucose,roi_masked,2,glucose_04_c0.1_wC08,4,0.1,0.171756897508744,0.171756897508744,0.071756897508744,0.2722439236111111,0.7280200123786926,2.6741460478605146,0.0,5.523257059692858,0.07968930709785216,2.028789839064543,0.01095000229929634,0.0
glucose,roi_masked,2,glucose_04_c0.1_wC12,4,0.1,-0.11625601910280903,0.0,0.1,0.2713758680555556,0.7206780314445496,2.6556452370223784,0.0,5.788916784042303,0.05303728236308114,2.1331730140637286,0.007279100435713415,2.7755575615628914e-17
glucose,roi_masked,2,glucose_04_c0.1_wD07,4,0.1,-0.07786305640486368,0.0,0.1,0.2713758680555556,0.729331910610199,2.6875341416167906,0.0,5.695470157908297,0.11896618468586251,2.09873862356189,0.01632751091682664,8.326672684688674e-17
glucose,roi_masked,2,glucose_04_c0.1_wE07,4,0.1,0.14996919178835455,0.1499691917883545,0.04996919178835449,0.2713758680555556,0.7326692342758179,2.6998319324613904,0.0,5.558661932178543,0.09574510346807052,2.0483258043565553,0.01314053423025671,5.551115123125783e-17
glucose,roi_masked,2,glucose_04_c0.1_wF02,4,0.1,0.11391422379061833,0.1139142237906183,0.013914223790618296,0.2739800347222222,0.7335633039474487,2.677433429378094,0.0,5.573587054085219,0.0796092769659138,2.034304090710867,0.01096516360062564,2.7755575615628914e-17
glucose,roi_masked,2,glucose_04_c0.1_wF05,4,0.1,-0.005768250484085691,0.0,0.1,0.2713758680555556,0.726631224155426,2.6775823118018414,0.0,5.676435030842748,0.052661419454873126,2.0917243200418536,0.007227515140671791,9.107298248878237e-17
glucose,roi_masked,2,glucose_04_c0.1_wF06,4,0.1,0.0013289490273615812,0.0013289490273615,0.09867105097263851,0.2722439236111111,0.7316608428955078,2.687519461189717,0.0,5.654620747951678,0.08621076745117673,2.077042041176671,0.011846107541822644,8.109832250191573e-17
glucose,roi_masked,2,glucose_04_c0.1_wF10,4,0.1,0.2294211956094152,0.2294211956094152,0.1294211956094152,0.2674696180555556,0.7258865237236023,2.7139027191224008,0.0,5.423459087005879,0.07671067318227642,2.027691640805119,0.010472012502560503,0.0
glucose,roi_masked,2,glucose_04_c0.1_wG03,4,0.1,-0.017053693566974282,0.0,0.1,0.2674696180555556,0.7269043922424316,2.7177082673047663,0.0,5.672116091297135,0.09957141972641637,2.120658089143789,0.013592804091225793,8.326672684688674e-17
glucose,roi_masked,2,glucose_04_c0.1_wH01,4,0.1,0.2781683054767967,0.2781683054767967,0.1781683054767967,0.2731119791666667,0.7121008038520813,2.6073583664285978,0.0,5.5928168813224985,0.040707864126250826,2.047810901003899,0.0056002937123082195,0.0
glucose,roi_masked,2,glucose_04_c0.1_wH02,4,0.1,0.084447607002752,0.084447607002752,0.015552392997248005,0.2679036458333333,0.7198356986045837,2.6869201289347284,0.0,5.510520572768761,0.09091940596014592,2.05690391245998,0.01241904913781984,0.0
glucose,roi_masked,2,glucose_04_c0.1_wH04,4,0.1,0.1173690568992205,0.1173690568992205,0.017369056899220497,0.2731119791666667,0.7567125558853149,2.770704376257077,0.0,5.528673128733774,0.07476406962483129,2.024324654525644,0.010285500308440741,0.0
glucose,roi_masked,2,glucose_04_c0.1_wH06,4,0.1,0.3038977938150449,0.3038977938150449,0.2038977938150449,0.2648654513888889,0.7476592063903809,2.8227887120416835,0.0,5.251974919954848,0.1007627140287024,1.9828840992340795,0.013706703652967106,0.0
glucose,roi_masked,2,glucose_05_c0.5_wA04,5,0.5,0.4783957323893313,0.4783957323893313,0.021604267610668693,0.2648654513888889,0.7109273672103882,2.6841075855022276,0.0,5.313304080490477,0.07095925399894565,2.0060389351003787,0.009652553281982038,0.0
glucose,roi_masked,2,glucose_05_c0.5_wB04,5,0.5,0.5121955229378194,0.5121955229378194,0.012195522937819447,0.2687717013888889,0.7201042175292969,2.6792412066007265,0.0,5.335021909155368,0.07291581155290228,1.9849641467410528,0.00997168896381581,0.0
glucose,roi_masked,2,glucose_05_c0.5_wB08,5,0.5,0.31496305449513695,0.3149630544951369,0.1850369455048631,0.2709418402777778,0.7266167998313904,2.681818352921944,0.0,5.580975806154437,0.049664072025858985,2.0598427324597233,0.006812086438313982,5.551115123125783e-17
glucose,roi_masked,2,glucose_05_c0.5_wB10,5,0.5,0.30223468007819676,0.3022346800781967,0.1977653199218033,0.2713758680555556,0.7183502912521362,2.647067686597236,0.0,5.455368912237063,0.09710123595255826,2.0102630905708425,0.013326656597747982,5.551115123125783e-17
glucose,roi_masked,2,glucose_05_c0.5_wB12,5,0.5,0.30404471480352857,0.3040447148035285,0.19595528519647148,0.2679036458333333,0.7110804915428162,2.654239696257025,0.0,5.531499665582682,0.10910535758344952,2.0647347475905224,0.014903141773959846,5.551115123125783e-17
glucose,roi_masked,2,glucose_05_c0.5_wC04,5,0.5,0.3822349500270139,0.3822349500270139,0.11776504997298609,0.2670355902777778,0.716148853302002,2.681847961004165,0.0,5.447846278914788,0.06271376145013363,2.040119923058866,0.00855618098481764,0.0
glucose,roi_masked,2,glucose_05_c0.5_wC08,5,0.5,0.42274970662097555,0.4227497066209755,0.0772502933790245,0.2731119791666667,0.7302333116531372,2.673750576160235,0.0,5.400933690604154,0.06110041769583496,1.9775528364166817,0.008405753836166818,5.551115123125783e-17
glucose,roi_masked,2,glucose_05_c0.5_wC12,5,0.5,0.09532135278999654,0.0953213527899965,0.4046786472100035,0.2744140625,0.7229339480400085,2.634463924530138,0.0,5.788182577259744,0.06802800110675644,2.1092878858056863,0.009375595307310714,4.163336342344337e-17
glucose,roi_masked,2,glucose_05_c0.5_wD07,5,0.5,0.4321267694930153,0.4321267694930153,0.06787323050698468,0.2657335069444444,0.7378531098365784,2.7766656840563115,0.0,5.27481675390562,0.06075561125673801,1.9850024991422703,0.00827432707761338,0.0
glucose,roi_masked,2,glucose_05_c0.5_wE07,5,0.5,0.17150207519809424,0.1715020751980942,0.32849792480190576,0.2709418402777778,0.7354448437690735,2.7144011534544576,0.0,5.51020398590977,0.07414851448066884,2.0337220638423883,0.010170452588984136,2.7755575615628914e-17
glucose,roi_masked,2,glucose_05_c0.5_wF02,5,0.5,0.5650902640708813,0.5650902640708813,0.06509026407088125,0.2722439236111111,0.7334771156311035,2.6941909516366085,0.0,5.188094550113772,0.06466753188506758,1.9056787315204673,0.008885880033588532,0.0
glucose,roi_masked,2,glucose_05_c0.5_wF05,5,0.5,0.3986383399553519,0.3986383399553519,0.10136166004464808,0.2657335069444444,0.749549925327301,2.820682773301922,0.0,5.286212586809801,0.0809817340046779,1.9892909432437373,0.01102892951953763,0.0
glucose,roi_masked,2,glucose_05_c0.5_wF06,5,0.5,0.07656682888605637,0.0765668288860563,0.4234331711139437,0.2679036458333333,0.7299171090126038,2.7245508613447376,0.0,5.608087008748203,0.06748530921704532,2.093322392572841,0.009218091147832957,6.938893903907228e-17
glucose,roi_masked,2,glucose_05_c0.5_wF10,5,0.5,0.2276219112003135,0.2276219112003135,0.2723780887996865,0.2713758680555556,0.7309966087341309,2.6936684310650736,0.0,5.574685079440209,0.07134029298533928,2.054230215598599,0.009791096651569424,0.0
glucose,roi_masked,2,glucose_05_c0.5_wG03,5,0.5,0.5180174164164395,0.5180174164164395,0.018017416416439502,0.2687717013888889,0.7334117889404297,2.7287537532801776,0.0,5.191363940267397,0.07624203902659765,1.9315143348205221,0.010426571177758184,0.0
glucose,roi_masked,2,glucose_05_c0.5_wH01,5,0.5,0.37519667817490365,0.3751966781749036,0.1248033218250964,0.2718098958333333,0.712956428527832,2.62299658495509,0.0,5.65318319177574,0.0831310009310613,2.0798297922317457,0.011416112421109533,5.551115123125783e-17
glucose,roi_masked,2,glucose_05_c0.5_wH02,5,0.5,0.24917310996363096,0.2491731099636309,0.2508268900363691,0.2709418402777778,0.7225087881088257,2.6666563841453494,0.0,5.4259830223608905,0.09248576685092047,2.0026375464188213,0.012685650056527505,5.551115123125783e-17
glucose,roi_masked,2,glucose_05_c0.5_wH04,5,0.5,0.15637677842160702,0.156376778421607,0.343623221578393,0.2670355902777778,0.7292377948760986,2.7308636804462108,0.0,5.538605724151024,0.057573915812363374,2.0741076941802454,0.007854940164718592,2.7755575615628914e-17
glucose,roi_masked,2,glucose_05_c0.5_wH06,5,0.5,-0.03355104922236407,0.0,0.5,0.2744140625,0.7416673302650452,2.702730769364435,0.0,5.720552437393482,0.08782490752519667,2.084642596402465,0.012103998022315127,6.938893903907228e-17
glucose,roi_masked,2,glucose_06_c1_wA04,6,1.0,0.7371124446332642,0.7371124446332642,0.2628875553667358,0.2709418402777778,0.7120789289474487,2.628161557540924,0.0,5.001689342294634,0.07679149963393606,1.8460380047491929,0.010532973070789622,0.0
glucose,roi_masked,2,glucose_06_c1_wB04,6,1.0,0.35865711757431207,0.358657117574312,0.6413428824256879,0.2679036458333333,0.7174559831619263,2.6780374000892317,0.0,5.294444541923359,0.1068477911750394,1.976249530107966,0.014594771653611428,5.551115123125783e-17
glucose,roi_masked,2,glucose_06_c1_wB08,6,1.0,0.4859245371894412,0.4859245371894412,0.5140754628105588,0.2670355902777778,0.7335591912269592,2.747046528381819,0.0,5.208310121625413,0.08130145637257158,1.950417963466063,0.011092142441593187,0.0
glucose,roi_masked,2,glucose_06_c1_wB10,6,1.0,0.5688011139697142,0.5688011139697142,0.4311988860302858,0.2679036458333333,0.7294958233833313,2.7229783346702234,0.0,5.1144325869825,0.07776141705384543,1.9090567323463234,0.01062174625119667,0.0
glucose,roi_masked,2,glucose_06_c1_wB12,6,1.0,0.5094330898264356,0.5094330898264356,0.49056691017356435,0.2739800347222222,0.7235410213470459,2.6408530901918317,0.0,5.2847513401221695,0.07618669480600371,1.9288819148738978,0.010493746515201467,0.0
glucose,roi_masked,2,glucose_06_c1_wC04,6,1.0,0.6207637628696041,0.6207637628696041,0.3792362371303959,0.2674696180555556,0.7330270409584045,2.7405992736197384,0.0,5.090185049644622,0.07126543893158566,1.9030890635912712,0.009728666644845112,0.0
glucose,roi_masked,2,glucose_06_c1_wC08,6,1.0,0.36514712329866494,0.3651471232986649,0.6348528767013351,0.2683376736111111,0.7428653240203857,2.7683974226331887,0.0,5.330369610266644,0.09096041642576669,1.9864410161026038,0.012432021322554738,5.551115123125783e-17
glucose,roi_masked,2,glucose_06_c1_wC12,6,1.0,0.28023077355361536,0.2802307735536153,0.7197692264463846,0.2713758680555556,0.7234306931495667,2.6657885917898465,0.0,5.463370432331422,0.05626396987168025,2.01321159153804,0.007721947078740213,5.551115123125783e-17
glucose,roi_masked,2,glucose_06_c1_wD07,6,1.0,0.70037542879468,0.70037542879468,0.29962457120532004,0.2744140625,0.7499847412109375,2.733040480427046,0.0,5.037696829729019,0.058781136509065135,1.8358012646414648,0.00810119566423724,0.0
glucose,roi_masked,2,glucose_06_c1_wE07,6,1.0,0.49267055970402573,0.4926705597040257,0.5073294402959743,0.2666015625,0.7222990393638611,2.7092828436212226,0.0,5.204923971092727,0.08618727601941334,1.952323130549067,0.01175176706309977,5.551115123125783e-17
glucose,roi_masked,2,glucose_06_c1_wF02,6,1.0,0.7021775003228043,0.7021775003228043,0.29782249967719565,0.2683376736111111,0.7312164306640625,2.72498609987869,0.0,5.120303255044017,0.05232537253270486,1.908156684128009,0.007151573976885779,0.0
glucose,roi_masked,2,glucose_06_c1_wF05,6,1.0,0.9608496186623743,0.9608496186623744,0.039150381337625606,0.2718098958333333,0.7323501706123352,2.694346974995322,0.0,4.85860014476723,0.036928132571571126,1.7874993586496926,0.00507122142422291,1.1102230246251565e-16
glucose,roi_masked,2,glucose_06_c1_wF06,6,1.0,0.73558629788839,0.73558629788839,0.26441370211160997,0.2731119791666667,0.7299267649650574,2.672628154913774,0.0,5.040709008612833,0.05117469053617807,1.8456565047030538,0.00704024403614595,0.0
glucose,roi_masked,2,glucose_06_c1_wF10,6,1.0,0.6670729399118187,0.6670729399118187,0.3329270600881813,0.2731119791666667,0.7489012479782104,2.742103258389824,0.0,5.03159453216872,0.07427712011557386,1.8423192375235171,0.010218509314601117,0.0
glucose,roi_masked,2,glucose_06_c1_wG03,6,1.0,1.0182005649529184,1.0182005649529184,0.01820056495291844,0.2674696180555556,0.7264889478683472,2.716155027811232,0.0,4.724423258014826,0.07062201259719592,1.7663401519620543,0.009640830515416348,0.0
glucose,roi_masked,2,glucose_06_c1_wH01,6,1.0,0.7121410526691987,0.7121410526691987,0.2878589473308013,0.2705078125,0.7152989506721497,2.6442820414739394,0.0,5.141882026377666,0.04253024180725529,1.9008257021699388,0.00583011614600126,0.0
glucose,roi_masked,2,glucose_06_c1_wH02,6,1.0,0.8654397657967516,0.8654397657967516,0.13456023420324836,0.2709418402777778,0.7298451066017151,2.6937334811539473,0.0,4.931679699562717,0.04706966237555932,1.8201986428181818,0.006456228731256954,0.0
glucose,roi_masked,2,glucose_06_c1_wH04,6,1.0,0.7769933307294865,0.7769933307294865,0.2230066692705135,0.2674696180555556,0.7181078791618347,2.6848203709352814,0.0,4.87019396266199,0.10760548938936143,1.820840063281659,0.014689559920194861,0.0
glucose,roi_masked,2,glucose_06_c1_wH06,6,1.0,0.552729391205081,0.552729391205081,0.447270608794919,0.2670355902777778,0.7180197834968567,2.6888542562807927,0.0,5.115365674615323,0.07997638035719312,1.9156119486897527,0.010911359309724528,0.0
glucose,roi_masked,2,glucose_07_c2.5_wA04,7,2.5,2.610482658037349,2.610482658037349,0.1104826580373488,0.2674696180555556,0.7588154673576355,2.8370155566604334,0.0,3.2978816769153743,0.0037128406981348228,1.2329930034260483,0.0005068514275516298,0.0
glucose,roi_masked,2,glucose_07_c2.5_wB04,7,2.5,2.2935776693164716,2.293577669316472,0.206422330683528,0.2674696180555556,0.7481977939605713,2.7973188110103955,0.0,3.7263722605300345,0.03762570864697423,1.393194594444008,0.005136402472085832,4.440892098500626e-16
glucose,roi_masked,2,glucose_07_c2.5_wB08,7,2.5,2.8696068868983913,2.8696068868983917,0.3696068868983917,0.2722439236111111,0.748648464679718,2.74991799541183,0.0,3.189053836754616,0.00944773624725892,1.1713957815675784,0.0012982009431152261,4.440892098500626e-16
glucose,roi_masked,2,glucose_07_c2.5_wB10,7,2.5,2.337690198408916,2.337690198408916,0.1623098015910842,0.2713758680555556,0.7417380809783936,2.733249961734056,0.0,3.69531947439834,0.04084861363689951,1.3616978918854499,0.005606266914038211,0.0
glucose,roi_masked,2,glucose_07_c2.5_wB12,7,2.5,2.681741328251308,2.681741328251308,0.18174132825130807,0.2705078125,0.7305331826210022,2.700599202180167,0.0,3.5373397948721146,0.03047694743360596,1.3076664079238431,0.004177830545115463,0.0
glucose,roi_masked,2,glucose_07_c2.5_wC04,7,2.5,2.840107023762182,2.840107023762182,0.34010702376218216,0.2713758680555556,0.7466880679130554,2.751490297435713,0.0,3.182670736952777,0.027131409206680335,1.1727906242205834,0.003723649549497632,0.0
glucose,roi_masked,2,glucose_07_c2.5_wC08,7,2.5,3.1064094776662614,3.1064094776662614,0.6064094776662614,0.2683376736111111,0.7465240359306335,2.7820321533104404,0.0,2.8889815538315426,0.021542837406249404,1.0766216740845733,0.0029443688200503416,0.0
glucose,roi_masked,2,glucose_07_c2.5_wC12,7,2.5,2.5217266536786305,2.5217266536786305,0.02172665367863047,0.2700737847222222,0.7231847047805786,2.677730108179113,0.0,3.6543074161387503,0.059227473712561096,1.3530774265622632,0.008114172703061738,0.0
glucose,roi_masked,2,glucose_07_c2.5_wD07,7,2.5,2.6952202340050837,2.695220234005084,0.19522023400508415,0.2679036458333333,0.7607648372650146,2.83969572305969,0.0,3.1443204768998587,0.03901030956147933,1.1736758815354031,0.005328575854729413,4.440892098500626e-16
glucose,roi_masked,2,glucose_07_c2.5_wE07,7,2.5,2.453331350100664,2.453331350100664,0.04666864989933606,0.2722439236111111,0.772151529788971,2.8362489033619593,0.0,3.371325448443153,0.027936488444388896,1.2383473628079753,0.0038387159311687505,0.0
glucose,roi_masked,2,glucose_07_c2.5_wF02,7,2.5,2.8153382951670545,2.8153382951670545,0.31533829516705447,0.2683376736111111,0.745586097240448,2.778536786157691,0.0,3.004353449917702,0.021862161614282005,1.1196167163138513,0.0029880124786774874,0.0
glucose,roi_masked,2,glucose_07_c2.5_wF05,7,2.5,2.348861369611872,2.348861369611872,0.15113863038812791,0.2683376736111111,0.7588761448860168,2.8280641129274287,0.0,3.4760075485975674,0.0315804474866761,1.2953855870552036,0.0043162598848762715,0.0
glucose,roi_masked,2,glucose_07_c2.5_wF06,7,2.5,2.3726798897001795,2.3726798897001795,0.1273201102998205,0.2679036458333333,0.7527490258216858,2.8097752215361105,0.0,3.3661309553645427,0.06132677157646649,1.2564707527193046,0.008376871599951314,0.0
glucose,roi_masked,2,glucose_07_c2.5_wF10,7,2.5,2.8440414404226235,2.8440414404226235,0.3440414404226235,0.2683376736111111,0.7087154388427734,2.6411328282955924,0.0,2.988138887303154,0.03144407773449265,1.1135741199104678,0.004297621539390246,0.0
glucose,roi_masked,2,glucose_07_c2.5_wG03,7,2.5,2.829347549854869,2.829347549854869,0.329347549854869,0.2661675347222222,0.730652391910553,2.745084567406301,0.0,3.0099541655938746,0.023253332166484064,1.1308494737102794,0.003168752169840561,0.0
glucose,roi_masked,2,glucose_07_c2.5_wH01,7,2.5,2.684127102134764,2.684127102134764,0.1841271021347639,0.2687717013888889,0.7423685193061829,2.7620784311367705,0.0,3.138111273417045,0.031004111088761555,1.1675750301094665,0.004240004270574662,0.0
glucose,roi_masked,2,glucose_07_c2.5_wH02,7,2.5,2.158542947144858,2.158542947144858,0.34145705285514216,0.2705078125,0.7507017254829407,2.775157281207694,0.0,3.660571267062403,0.027810470848575353,1.353222013527762,0.0038123055085597275,0.0
glucose,roi_masked,2,glucose_07_c2.5_wH04,7,2.5,2.4732500934363837,2.473250093436384,0.026749906563615866,0.2713758680555556,0.7474170327186584,2.7541764788225334,0.0,3.375165799836577,0.011092733710459157,1.2437236309993558,0.001522421949003598,4.440892098500626e-16
glucose,roi_masked,2,glucose_07_c2.5_wH06,7,2.5,2.4901402337940484,2.4901402337940484,0.009859766205951637,0.2679036458333333,0.7569751739501953,2.8255501025212637,0.0,3.287625178451699,0.045087423510608904,1.2271670167926634,0.006158673411498024,0.0
glucose,roi_masked,2,glucose_08_c5_wA04,8,5.0,4.969473148889217,4.969473148889217,0.030526851110782793,0.2687717013888889,0.6361176371574402,2.3667582333641377,0.0,0.8799778604807917,0.0017469761574426812,0.3274071845858287,0.00023890981253882993,0.0
glucose,roi_masked,2,glucose_08_c5_wB04,8,5.0,5.033003536213011,5.033003536213011,0.033003536213010776,0.2705078125,0.6016436815261841,2.2241268226816335,0.0007005358929745853,0.9039889904015634,0.0020928402086690667,0.334182211614152,0.00028689000986306884,0.0
glucose,roi_masked,2,glucose_08_c5_wB08,8,5.0,5.579812274455759,5.579812274455759,0.579812274455759,0.2679036458333333,0.34421661496162415,1.2848522978883468,0.30710574984550476,0.29354883177044755,0.014564289533198327,0.10957254085040279,0.0019893951732318925,0.0
glucose,roi_masked,2,glucose_08_c5_wB10,8,5.0,5.375709657162015,5.375709657162015,0.3757096571620151,0.2666015625,0.3783594071865082,1.4191942599230196,0.20365875959396362,0.5427465371521123,0.012443789656726878,0.2035796534958839,0.0016967297747654225,0.0
glucose,roi_masked,2,glucose_08_c5_wB12,8,5.0,4.178386219189834,4.178386219189834,0.821613780810166,0.2713758680555556,0.76054447889328,2.802550146933414,0.008946355432271957,1.754247850512983,0.0008673912558592178,0.6464273566704379,0.0001190450903052651,0.0
glucose,roi_masked,2,glucose_08_c5_wC04,8,5.0,4.919996361307689,4.919996361307689,0.08000363869231109,0.2648654513888889,0.6533339023590088,2.466663352781903,0.0004620639083441347,0.9224101051924087,0.008291679092616633,0.34825610526232037,0.0011279131294104044,0.0
glucose,roi_masked,2,glucose_08_c5_wC08,8,5.0,5.252013731494582,5.252013731494582,0.25201373149458206,0.2670355902777778,0.34943199157714844,1.308559623882568,0.15577930212020874,0.6634963784725567,0.00398757100180358,0.24846739634307527,0.0005440333730958076,0.0
glucose,roi_masked,2,glucose_08_c5_wC12,8,5.0,4.906261115258797,4.906261115258797,0.09373888474120307,0.2713758680555556,0.571590006351471,2.1062668926569996,0.17242254316806793,1.1357381113363747,0.0023819664797910534,0.4185110929258708,0.00032691292744235816,0.0
glucose,roi_masked,2,glucose_08_c5_wD07,8,5.0,5.042702648199628,5.042702648199628,0.042702648199628435,0.2639973958333333,0.5949835777282715,2.2537479047857585,0.0036442922428250313,0.7787837029158693,0.006719482671390331,0.2949967367888472,0.0009129699587134496,0.0
glucose,roi_masked,2,glucose_08_c5_wE07,8,5.0,4.740399985721112,4.740399985721112,0.2596000142788881,0.2670355902777778,0.6821050047874451,2.5543599041532277,0.002934338292106986,0.9813409498089793,0.005649838648948524,0.36749444101745443,0.0007708203255175367,0.0
glucose,roi_masked,2,glucose_08_c5_wF02,8,5.0,4.957575236401085,4.957575236401085,0.04242476359891523,0.2683376736111111,0.6271437406539917,2.337143839008163,0.003284165170043707,0.8501305033264277,0.0007922883521933599,0.3168136966702935,0.00010828606634753086,0.0
glucose,roi_masked,2,glucose_08_c5_wF05,8,5.0,4.765415324579768,4.765415324579768,0.23458467542023165,0.2670355902777778,0.7281339168548584,2.726729856860778,0.007399359252303839,0.9937122246011327,0.0049173240457971445,0.37212725972872973,0.0006708816936501331,0.0
glucose,roi_masked,2,glucose_08_c5_wF06,8,5.0,4.434005247719934,4.434005247719934,0.5659947522800657,0.2692057291666667,0.8473069071769714,3.14743267091615,0.007197789382189512,1.318873879231905,0.0050546394276480555,0.48991300568324214,0.0006916638005227096,0.0
glucose,roi_masked,2,glucose_08_c5_wF10,8,5.0,4.868365578651435,4.868365578651435,0.13163442134856496,0.2713758680555556,0.7119783759117126,2.6235876499009767,6.037941784597933e-05,0.8891354874997743,0.013077361534572951,0.32763985017184805,0.001794802143002596,0.0
glucose,roi_masked,2,glucose_08_c5_wG03,8,5.0,5.100223061280751,5.100223061280751,0.10022306128075087,0.2726779513888889,0.5151800513267517,1.8893351981803994,0.0001862884237198159,0.7521707476173995,0.0002028002363907433,0.27584582610592734,2.7883141557169775e-05,0.0
glucose,roi_masked,2,glucose_08_c5_wH01,8,5.0,4.294861316709168,4.294861316709168,0.7051386832908317,0.2744140625,0.7456613779067993,2.7172855906639235,7.50610752220382e-06,1.5449620876966508,0.002499548063561896,0.5630039778652564,0.00034448683944648473,0.0
glucose,roi_masked,2,glucose_08_c5_wH02,8,5.0,4.7173656414778415,4.7173656414778415,0.28263435852215846,0.2705078125,0.683280348777771,2.52591724602324,0.0,1.0494814310762965,0.004770502597277293,0.38796714275167066,0.0006539484149413585,0.0
glucose,roi_masked,2,glucose_08_c5_wH04,8,5.0,4.745710990328869,4.745710990328869,0.25428900967113144,0.2670355902777778,0.6373476982116699,2.386751884079134,0.0,1.0051558366885605,0.004165000989590162,0.376412685531157,0.0005682405495198065,0.0
glucose,roi_masked,2,glucose_08_c5_wH06,8,5.0,4.854404501306727,4.854404501306727,0.1455954986932726,0.2683376736111111,0.7346444129943848,2.737760982675394,0.0,0.9254165107582466,0.00712581725141348,0.34487014003833405,0.000973921574803895,0.0
glucose,roi_masked,2,glucose_09_c10_wA04,9,10.0,13.217062581720976,13.217062581720976,3.2170625817209757,0.2670355902777778,0.7801079750061035,2.9213633066461804,0.7807397842407227,7.185858563880587,0.05976698032338845,2.6909740969005886,0.00815414493945741,0.0
glucose,roi_masked,2,glucose_09_c10_wB04,9,10.0,10.072679096023212,10.072679096023212,0.07267909602321154,0.2679036458333333,0.7182838916778564,2.6811277220344776,0.7192478179931641,3.9343125416381453,0.04415154875876226,1.4685550580695483,0.00603083849652813,0.0
glucose,roi_masked,2,glucose_09_c10_wB08,9,10.0,10.623837855165673,10.623837855165672,0.6238378551656716,0.2744140625,0.7427557706832886,2.706697185692838,0.7436556220054626,4.417604952577169,0.0061455974451174455,1.6098318403697585,0.000846984089340547,1.7763568394002505e-15
glucose,roi_masked,2,glucose_09_c10_wB10,9,10.0,11.919593378423766,11.919593378423766,1.919593378423766,0.2661675347222222,0.7388643622398376,2.7759372044037276,0.7395746111869812,5.6798220772351184,0.05590482967760835,2.1339274465470384,0.007618200655165438,0.0
glucose,roi_masked,2,glucose_09_c10_wB12,9,10.0,9.037036233479578,9.037036233479578,0.9629637665204225,0.2722439236111111,0.7126035690307617,2.617518729448984,0.7138381004333496,2.8596593695330323,0.012092114960038813,1.050403377824489,0.0016615615248504207,0.0
glucose,roi_masked,2,glucose_09_c10_wC04,9,10.0,9.408114852805088,9.408114852805088,0.5918851471949118,0.2639973958333333,0.7118302583694458,2.6963533337989367,0.7129560112953186,3.090514049226469,0.018613973473222245,1.170660808782209,0.002529063534265313,0.0
glucose,roi_masked,2,glucose_09_c10_wC08,9,10.0,11.292097420048073,11.292097420048073,1.2920974200480728,0.2731119791666667,0.743522047996521,2.722407308039705,0.7443073391914368,5.0750399444150815,0.008229167994535658,1.8582267829848784,0.0011321094527189227,0.0
glucose,roi_masked,2,glucose_09_c10_wC12,9,10.0,10.161074168468485,10.161074168468485,0.16107416846848466,0.2670355902777778,0.716683030128479,2.683848356629038,0.7176363468170166,3.837022080211935,0.00439887013758522,1.4368953876974073,0.0006001478488228777,0.0
glucose,roi_masked,2,glucose_09_c10_wD07,9,10.0,9.831978321142195,9.831978321142197,0.16802167885780328,0.2687717013888889,0.72700434923172,2.7049140421960156,0.7280348539352417,3.719867124730987,0.07068651449457874,1.3840248454388686,0.009666818779967914,1.7763568394002505e-15
glucose,roi_masked,2,glucose_09_c10_wE07,9,10.0,10.442637293501585,10.442637293501583,0.44263729350158343,0.2726779513888889,0.7667890787124634,2.8120685035471795,0.7677534818649292,4.523677825123925,0.05995730073665584,1.6589818876379663,0.008243569798433839,1.7763568394002505e-15
glucose,roi_masked,2,glucose_09_c10_wF02,9,10.0,10.17040544295658,10.17040544295658,0.17040544295658044,0.2674696180555556,0.7565781474113464,2.8286507937293988,0.7575728297233582,4.172375606984043,0.05544774215788095,1.559943756347462,0.0075693436783740315,0.0
glucose,roi_masked,2,glucose_09_c10_wF05,9,10.0,11.175316336676028,11.175316336676028,1.175316336676028,0.2670355902777778,0.7787535190582275,2.916291114035199,0.7796013951301575,5.266382334503052,0.04545711494098015,1.9721649571223132,0.006201817487728691,0.0
glucose,roi_masked,2,glucose_09_c10_wF06,9,10.0,10.692955221650456,10.692955221650456,0.6929552216504558,0.2722439236111111,0.7696861624717712,2.827193173909862,0.7705815434455872,4.7526875315642805,0.05850441540609275,1.745746045870722,0.008039014348927252,0.0
glucose,roi_masked,2,glucose_09_c10_wF10,9,10.0,14.104857937785653,14.104857937785653,4.104857937785653,0.2648654513888889,0.7450249791145325,2.812843182105502,0.745556652545929,8.094271732455864,0.12977224329684134,3.0559937847731766,0.017652856003301694,0.0
glucose,roi_masked,2,glucose_09_c10_wG03,9,10.0,9.612931470268476,9.612931470268476,0.3870685297315237,0.2670355902777778,0.7341178059577942,2.7491384395396308,0.7352121472358704,3.555592338732068,0.07415727399759753,1.331505038348425,0.01011744540580102,0.0
glucose,roi_masked,2,glucose_09_c10_wH01,9,10.0,10.2160863237391,10.2160863237391,0.2160863237391002,0.2666015625,0.7478535771369934,2.805135761861836,0.7488479018211365,3.9721959592547558,0.026206882010855637,1.4899372389292564,0.003573348492558745,0.0
glucose,roi_masked,2,glucose_09_c10_wH02,9,10.0,10.54501733288319,10.54501733288319,0.5450173328831909,0.2674696180555556,0.7646631598472595,2.8588785724755956,0.7655995488166809,4.375651943027513,0.03562575166823656,1.6359435418637551,0.004863382126714089,0.0
glucose,roi_masked,2,glucose_09_c10_wH04,9,10.0,9.592928715202214,9.592928715202214,0.40707128479778554,0.2683376736111111,0.7410697340965271,2.7617058914005637,0.7421851754188538,3.5089563719844383,0.03613858156841765,1.3076644530614066,0.004939243181588864,0.0
glucose,roi_masked,2,glucose_09_c10_wH06,9,10.0,10.004990725277366,10.004990725277366,0.004990725277366437,0.2700737847222222,0.7482894659042358,2.7706853024401115,0.7493073344230652,3.966044688031629,0.07574553368069203,1.4685041319766772,0.010377149374182515,0.0
glucose,roi_masked,2,glucose_10_c15_wA04,10,15.0,14.217916226463052,14.217916226463052,0.7820837735369484,0.2661675347222222,0.7340817451477051,2.7579687579621894,0.7345999479293823,8.142161902763721,0.19341411538154496,3.059036449077475,0.02635671281023685,0.0
glucose,roi_masked,2,glucose_10_c15_wB04,10,15.0,16.71508329405988,16.71508329405988,1.7150832940598804,0.2683376736111111,0.7679553031921387,2.8618989382202793,0.7683820128440857,10.59239348785794,0.11368897389625943,3.947411984799789,0.015538448515911716,0.0
glucose,roi_masked,2,glucose_10_c15_wB08,10,15.0,16.755462278141447,16.755462278141447,1.7554622781414473,0.2722439236111111,0.7634536027908325,2.804299881753811,0.7638823986053467,10.625986135739058,0.07002437464675282,3.903112324709891,0.009621956713053138,0.0
glucose,roi_masked,2,glucose_10_c15_wB10,10,15.0,13.574183308980663,13.574183308980665,1.4258166910193353,0.2705078125,0.7523587346076965,2.781282831185131,0.7529345154762268,7.380542610136846,0.010344989492647727,2.7284027555162926,0.001418108332057734,1.7763568394002505e-15
glucose,roi_masked,2,glucose_10_c15_wB12,10,15.0,13.226713180417104,13.226713180417104,1.7732868195828964,0.2679036458333333,0.7472312450408936,2.7891790823397633,0.747834324836731,6.972704678020569,0.047289446618494324,2.6026912236791238,0.006459456647933062,0.0
glucose,roi_masked,2,glucose_10_c15_wC04,10,15.0,14.068278195091922,14.068278195091922,0.9317218049080775,0.2674696180555556,0.7489869594573975,2.800269297508874,0.7495253682136536,8.055837659752333,0.11841831671796754,3.011870177374341,0.01616565259773054,0.0
glucose,roi_masked,2,glucose_10_c15_wC08,10,15.0,16.188943706064727,16.188943706064727,1.1889437060647268,0.2683376736111111,0.770662248134613,2.8719867686245832,0.771111786365509,10.144268447047875,0.11025763221941531,3.7804115652241497,0.015069469650513595,0.0
glucose,roi_masked,2,glucose_10_c15_wC12,10,15.0,14.581897248117254,14.581897248117254,0.4181027518827456,0.2661675347222222,0.7611111402511597,2.859519065860044,0.761640727519989,8.473014829553911,0.07764674701405205,3.1833389591997086,0.010580990987453848,0.0
glucose,roi_masked,2,glucose_10_c15_wD07,10,15.0,12.575735346115064,12.575735346115064,2.4242646538849364,0.2648654513888889,0.7614493370056152,2.8748533756017,0.7621200680732727,6.590261779959814,0.13798548489696216,2.4881545499430415,0.018770099318234736,0.0
glucose,roi_masked,2,glucose_10_c15_wE07,10,15.0,14.156324877659356,14.156324877659356,0.8436751223406436,0.2722439236111111,0.7710586786270142,2.8322346680855173,0.771614134311676,8.201814909827075,0.08773532155660924,3.0126714312063103,0.012055594505229026,0.0
glucose,roi_masked,2,glucose_10_c15_wF02,10,15.0,12.18590021208631,12.18590021208631,2.8140997879136904,0.2679036458333333,0.739829421043396,2.7615504027282047,0.7405211329460144,5.929896132469501,0.023142643725295287,2.2134436110505846,0.0031611472442911125,0.0
glucose,roi_masked,2,glucose_10_c15_wF05,10,15.0,16.491526088287664,16.491526088287664,1.4915260882876638,0.2718098958333333,0.7592793107032776,2.79342041015625,0.7597052454948425,10.411095576107986,0.12472596522626134,3.830285701772903,0.017128214804428915,0.0
glucose,roi_masked,2,glucose_10_c15_wF06,10,15.0,16.65081073675632,16.65081073675632,1.6508107367563198,0.2679036458333333,0.7647747993469238,2.8546636495671325,0.7652122378349304,10.646943578610573,0.09044997548474853,3.974168976122926,0.012354927731842928,0.0
glucose,roi_masked,2,glucose_10_c15_wF10,10,15.0,15.46968065938612,15.46968065938612,0.46968065938611936,0.2683376736111111,0.7660287618637085,2.8547193972243985,0.7665140628814697,9.37055475004177,0.046024094582175934,3.492075720840475,0.00629034636911365,0.0
glucose,roi_masked,2,glucose_10_c15_wG03,10,15.0,13.630296774425116,13.630296774425116,1.3697032255748844,0.2687717013888889,0.7534618973731995,2.803352784090192,0.7540475726127625,7.398119576253682,0.029831729379843352,2.7525664115766633,0.004079673808645739,0.0
glucose,roi_masked,2,glucose_10_c15_wH01,10,15.0,12.545511827432595,12.545511827432597,2.4544881725674035,0.2648654513888889,0.7133646011352539,2.693309366678615,0.7139908671379089,6.05850097105568,0.018156089633773576,2.2873881585108213,0.0024697641633189267,1.7763568394002505e-15
glucose,roi_masked,2,glucose_10_c15_wH02,10,15.0,14.37731713761094,14.37731713761094,0.6226828623890608,0.2713758680555556,0.7380173206329346,2.7195392350872147,0.7385472655296326,8.167664439981547,0.023586193809769895,3.009723929582964,0.0032370865547407205,0.0
glucose,roi_masked,2,glucose_10_c15_wH04,10,15.0,14.22241861816434,14.22241861816434,0.7775813818356596,0.2648654513888889,0.7616539597511292,2.8756259291546113,0.7622022032737732,7.9631219555820385,0.053558871780193584,3.0064781623369137,0.007285587635812016,0.0
glucose,roi_masked,2,glucose_10_c15_wH06,10,15.0,14.853959880721593,14.853959880721591,0.14604011927840865,0.2705078125,0.7764551043510437,2.8703611077814757,0.776982307434082,8.759839637142061,0.06063735777820156,3.2382945084597368,0.008312269660626292,1.7763568394002505e-15
glucose,roi_masked,2,glucose_11_c20_wA04,11,20.0,18.94329735756201,18.94329735756201,1.0567026424379904,0.2744140625,0.7317872643470764,2.666726543385787,0.7321092486381531,12.695721924029792,0.06832900996121083,4.626483718934701,0.009417080242298774,0.0
glucose,roi_masked,2,glucose_11_c20_wB04,11,20.0,19.314481091090663,19.314481091090663,0.6855189089093372,0.2683376736111111,0.7146590352058411,2.6632825185835145,0.7149738669395447,12.908141603107252,0.1790572671356081,4.81040974582436,0.024472664599166017,0.0
glucose,roi_masked,2,glucose_11_c20_wB08,11,20.0,19.38717234048231,19.38717234048231,0.6128276595176914,0.2692057291666667,0.7551817297935486,2.8052216129695053,0.7555186152458191,13.30939207987335,0.17031049132256726,4.943948303430584,0.023304847632201635,0.0
glucose,roi_masked,2,glucose_11_c20_wB10,11,20.0,19.674341158189833,19.674341158189836,0.3256588418101636,0.2705078125,0.7489790916442871,2.768789133009928,0.7492998838424683,13.511391815864442,0.24156836521680702,4.994824988969383,0.033114592500938476,3.552713678800501e-15
glucose,roi_masked,2,glucose_11_c20_wB12,11,20.0,19.097270553493065,19.097270553493065,0.9027294465069353,0.2713758680555556,0.728242039680481,2.683518047858981,0.7285645008087158,12.607801458138104,0.11459677837794757,4.645881576897271,0.015727831861968206,0.0
glucose,roi_masked,2,glucose_11_c20_wC04,11,20.0,16.86217071336535,16.86217071336535,3.1378292866346484,0.2666015625,0.7415351271629333,2.781435788332761,0.7419390082359314,10.57945189883576,0.1024441431191292,3.9682632763398606,0.013968415786150238,0.0
glucose,roi_masked,2,glucose_11_c20_wC08,11,20.0,16.885360339954175,16.885360339954175,3.1146396600458246,0.2674696180555556,0.743437647819519,2.7795218508335444,0.7438455820083618,10.70285497792588,0.09359941998043197,4.001521763755168,0.012777547837944915,0.0
glucose,roi_masked,2,glucose_11_c20_wC12,11,20.0,18.211219137616894,18.211219137616894,1.7887808623831063,0.2648654513888889,0.7324333190917969,2.7653033464768537,0.7327859997749329,11.763939459228695,0.09741538408240302,4.4414775115219856,0.013251367966102233,0.0
glucose,roi_masked,2,glucose_11_c20_wD07,11,20.0,19.44520812173272,19.44520812173272,0.5547918782672809,0.2679036458333333,0.7465647459030151,2.7866912508068804,0.746907114982605,13.248683849639994,0.11311084577896935,4.945316741931236,0.015450267595953483,0.0
glucose,roi_masked,2,glucose_11_c20_wE07,11,20.0,20.51033671273752,20.0,0.0,0.2648654513888889,0.752842903137207,2.842359768665506,0.7531535029411316,14.581817724731795,0.2334459040648511,5.505367970140443,0.031755534344821666,0.0
glucose,roi_masked,2,glucose_11_c20_wF02,11,20.0,17.815969029486844,17.815969029486844,2.184030970513156,0.2631293402777778,0.718498706817627,2.730591374033505,0.718869686126709,11.476562204834257,0.10511420314290376,4.361566898134124,0.014264946195921089,0.0
glucose,roi_masked,2,glucose_11_c20_wF05,11,20.0,18.5990865656156,18.5990865656156,1.4009134343843996,0.2674696180555556,0.7527579665184021,2.8143681214740743,0.7531177997589111,12.448409704667004,0.11206129638698314,4.654139709460897,0.015297835987297241,0.0
glucose,roi_masked,2,glucose_11_c20_wF06,11,20.0,20.929098956943314,20.0,0.0,0.2731119791666667,0.7408419251441956,2.7125940334242773,0.7411374449729919,14.721980546825302,0.14653875501785762,5.390455809278585,0.02015974274137298,3.552713678800501e-15
glucose,roi_masked,2,glucose_11_c20_wF10,11,20.0,20.892942856341037,20.0,0.0,0.2683376736111111,0.7226212024688721,2.6929547116672565,0.7229045033454895,14.641501489644366,0.20006736664866054,5.456371925942681,0.027344221430135783,3.552713678800501e-15
glucose,roi_masked,2,glucose_11_c20_wG03,11,20.0,18.966651822333034,18.966651822333034,1.0333481776669657,0.2679036458333333,0.7293751835823059,2.7225280242586196,0.7297224402427673,12.793165975622149,0.10291636071355015,4.7752862548130315,0.014057761676835307,0.0
glucose,roi_masked,2,glucose_11_c20_wH01,11,20.0,13.860452285403708,13.860452285403708,6.139547714596292,0.2713758680555556,0.7441441416740417,2.742116117420219,0.7446925640106201,7.5322994492050395,0.015824465491331097,2.7755966303028243,0.002171828353955434,0.0
glucose,roi_masked,2,glucose_11_c20_wH02,11,20.0,12.953297600607161,12.95329760060716,7.04670239939284,0.2648654513888889,0.7781969308853149,2.938083947168809,0.7788602113723755,6.682137366824685,0.04078590345888955,2.5228421947012003,0.0055480868823192045,1.7763568394002505e-15
glucose,roi_masked,2,glucose_11_c20_wH04,11,20.0,18.019302899630137,18.019302899630137,1.9806971003698628,0.2670355902777778,0.733094334602356,2.7453057243784285,0.7334662675857544,11.690229716914176,0.09302686610118727,4.3777796453100795,0.012691866735581672,0.0
glucose,roi_masked,2,glucose_11_c20_wH06,11,20.0,20.674333981313747,20.0,0.0,0.2666015625,0.7347718477249146,2.7560672969608517,0.735075831413269,14.5590535319538,0.153299509447276,5.46097832114311,0.0209026228593889,0.0
glucose,roi_masked,3,glucose_01_c0_wA07,1,0.0,0.2560405712356344,0.2560405712356344,0.2560405712356344,0.2722439236111111,0.7926086783409119,2.9113916219967493,,4.941266766876121,0.10236928906537557,1.8150145286381163,0.014066428627202943,0.0
glucose,roi_masked,3,glucose_01_c0_wA08,1,0.0,0.40550978282595906,0.405509782825959,0.405509782825959,0.2661675347222222,0.7880911231040955,2.9608837303413553,,4.7948144374329615,0.10536902545355176,1.801427226065315,0.014358730424071167,5.551115123125783e-17
glucose,roi_masked,3,glucose_01_c0_wA10,1,0.0,0.6747108405136757,0.6747108405136757,0.6747108405136757,0.2709418402777778,0.797831654548645,2.9446602035724116,,4.5268613122876715,0.06435019847633594,1.6707870986801434,0.008826483541567377,0.0
glucose,roi_masked,3,glucose_01_c0_wB01,1,0.0,0.3567168845746327,0.3567168845746327,0.3567168845746327,0.2679036458333333,0.7842010855674744,2.927175862531326,,4.844545997555157,0.09485959593856386,1.8083165619063721,0.012957255612417437,0.0
glucose,roi_masked,3,glucose_01_c0_wB11,1,0.0,0.7544093052883172,0.7544093052883172,0.7544093052883172,0.2731119791666667,0.7980208396911621,2.9219547312648984,,4.446876918963287,0.06975601490084848,1.628224778910038,0.009596528337456632,0.0
glucose,roi_masked,3,glucose_01_c0_wC02,1,0.0,0.21957231330281335,0.2195723133028133,0.2195723133028133,0.2713758680555556,0.7951535582542419,2.930082044330705,,4.981630098298179,0.07314316083318406,1.835693841899881,0.01003853120236224,5.551115123125783e-17
glucose,roi_masked,3,glucose_01_c0_wC05,1,0.0,0.30735222876378643,0.3073522287637864,0.3073522287637864,0.2683376736111111,0.7927233576774597,2.954200753884136,,4.891761112704715,0.09799072508066864,1.8229870770192744,0.013392889253202468,5.551115123125783e-17
glucose,roi_masked,3,glucose_01_c0_wC10,1,0.0,0.35850382602806175,0.3585038260280617,0.3585038260280617,0.2731119791666667,0.7975723743438721,2.9203126745940104,,4.842477407770484,0.08189272376524936,1.7730739686139363,0.011266209019563192,5.551115123125783e-17
glucose,roi_masked,3,glucose_01_c0_wD05,1,0.0,0.39949916157351417,0.3994991615735141,0.3994991615735141,0.2713758680555556,0.7914130687713623,2.916298617271841,,4.800860395373015,0.0999397175972776,1.769081543532895,0.013716223937103655,5.551115123125783e-17
glucose,roi_masked,3,glucose_01_c0_wD09,1,0.0,0.4317361746699735,0.4317361746699735,0.4317361746699735,0.2713758680555556,0.8040557503700256,2.9628859637785507,,4.76938327037011,0.07886631066642646,1.7574824558069144,0.010824004752074255,0.0
glucose,roi_masked,3,glucose_01_c0_wD10,1,0.0,0.32931313402344475,0.3293131340234447,0.3293131340234447,0.2683376736111111,0.7933753728866577,2.9566305849265824,,4.8712952977208195,0.08784760263723967,1.8153601885885595,0.012006577278730548,5.551115123125783e-17
glucose,roi_masked,3,glucose_01_c0_wF04,1,0.0,0.3073470526856017,0.3073470526856017,0.3073470526856017,0.2661675347222222,0.7885231375694275,2.962506822600833,,4.892677154118514,0.10409053414184033,1.8381945638954844,0.014184509280662436,0.0
glucose,roi_masked,3,glucose_01_c0_wG02,1,0.0,0.1793812606753482,0.1793812606753482,0.1793812606753482,0.2739800347222222,0.7972694039344788,2.9099543867961017,,5.0220391434492075,0.06605710979782664,1.8329945641991245,0.009098525241320734,0.0
glucose,roi_masked,3,glucose_01_c0_wG04,1,0.0,0.21792831123926426,0.2179283112392642,0.2179283112392642,0.2674696180555556,0.7959590554237366,2.975885864010205,,4.982351290230301,0.08790254869797298,1.8627727988138925,0.01199985022664078,5.551115123125783e-17
glucose,roi_masked,3,glucose_01_c0_wG07,1,0.0,0.00024993580570509266,0.000249935805705,0.000249935805705,0.2709418402777778,0.7953935265541077,2.935661490077155,,5.200955188259337,0.07248062282549572,1.9195836209450556,0.009941679118317736,9.264507563888635e-17
glucose,roi_masked,3,glucose_01_c0_wG08,1,0.0,0.2515684396837363,0.2515684396837363,0.2515684396837363,0.2722439236111111,0.7974053025245667,2.929010469536232,,4.947266239652475,0.08372027752443856,1.817218240918183,0.011503892614659696,0.0
glucose,roi_masked,3,glucose_01_c0_wH09,1,0.0,0.14277961918929627,0.1427796191892962,0.1427796191892962,0.2700737847222222,0.7951405644416809,2.9441604828824954,,5.0577712286851595,0.10494697600153913,1.8727368277847503,0.014377751313069492,8.326672684688674e-17
glucose,roi_masked,3,glucose_01_c0_wH10,1,0.0,0.43625329828609516,0.4362532982860951,0.4362532982860951,0.2713758680555556,0.7932617664337158,2.923110931408686,,4.763686896787479,0.10085548527617405,1.7553833842780249,0.013841908448327925,5.551115123125783e-17
glucose,roi_masked,3,glucose_01_c0_wH12,1,0.0,0.19294577079910713,0.1929457707991071,0.1929457707991071,0.2661675347222222,0.7902393341064453,2.968954628261313,,5.007434789080058,0.06459825206935932,1.8813093769328098,0.008802861024267567,2.7755575615628914e-17
glucose,roi_masked,3,glucose_02_c0.01_wA07,2,0.01,-0.07517945894583722,0.0,0.01,0.2731119791666667,0.792914092540741,2.903256367443571,,5.27376364595988,0.07633560659378968,1.9309895018341776,0.010501701005648095,1.3877787807814457e-17
glucose,roi_masked,3,glucose_02_c0.01_wA08,2,0.01,-0.057776289608059805,0.0,0.01,0.2739800347222222,0.7933438420295715,2.8956264745126856,,5.258477791219691,0.07452597002831762,1.9192923296586406,0.010265002836361907,6.938893903907228e-18
glucose,roi_masked,3,glucose_02_c0.01_wA10,2,0.01,-0.10007281157726666,0.0,0.01,0.2713758680555556,0.7873714566230774,2.9014055754651262,,5.3002412020208265,0.12155024217979271,1.9530996768422204,0.01668215982023782,6.938893903907228e-17
glucose,roi_masked,3,glucose_02_c0.01_wB01,2,0.01,-0.19167983961630597,0.0,0.01,0.2731119791666667,0.7908883690834045,2.8958391773828587,,5.389268975369252,0.0924232557528386,1.973281798847955,0.012714923496315282,5.551115123125783e-17
glucose,roi_masked,3,glucose_02_c0.01_wB11,2,0.01,-0.11081755356974554,0.0,0.01,0.2713758680555556,0.7861508727073669,2.896907814022828,,5.308452701671558,0.0981464055860819,1.9561255537227142,0.013470100876862708,4.163336342344337e-17
glucose,roi_masked,3,glucose_02_c0.01_wC02,2,0.01,-0.0928844334577894,0.0,0.01,0.2692057291666667,0.7838501930236816,2.911714380857013,,5.292653793066265,0.11451953536503012,1.9660256895162715,0.015670557355963146,0.0
glucose,roi_masked,3,glucose_02_c0.01_wC05,2,0.01,-0.06386176491425744,0.0,0.01,0.2709418402777778,0.7920390367507935,2.923280641848343,,5.264665842459921,0.09916250954979589,1.9430981339251354,0.013601453906993884,4.163336342344337e-17
glucose,roi_masked,3,glucose_02_c0.01_wC10,2,0.01,-0.12927823549671746,0.0,0.01,0.2709418402777778,0.788068413734436,2.9086257512921754,,5.328195483233976,0.10055129114283545,1.9665458379449068,0.013791943729310486,5.551115123125783e-17
glucose,roi_masked,3,glucose_02_c0.01_wD05,2,0.01,0.04189108664471064,0.0418910866447106,0.031891086644710596,0.2713758680555556,0.7911068201065063,2.915170113595187,,5.157684145146834,0.11016127753320326,1.9005684558845748,0.015119081664125114,4.163336342344337e-17
glucose,roi_masked,3,glucose_02_c0.01_wD09,2,0.01,0.042290440984681155,0.0422904409846811,0.0322904409846811,0.2683376736111111,0.7937954068183899,2.9581959034526006,,5.157078021414365,0.09061799894583178,1.921861344332988,0.012385221389363574,5.551115123125783e-17
glucose,roi_masked,3,glucose_02_c0.01_wD10,2,0.01,0.07744596585779728,0.0774459658577972,0.0674459658577972,0.2661675347222222,0.7905121445655823,2.9699795859422773,,5.122866707765172,0.09238343976679975,1.9246775205366422,0.012589173161183298,8.326672684688674e-17
glucose,roi_masked,3,glucose_02_c0.01_wF04,2,0.01,-0.046159179361467295,0.0,0.01,0.2648654513888889,0.7825314402580261,2.9544488952961774,,5.244298547156481,0.13358980003825938,1.9799858832689112,0.01817215641553651,9.71445146547012e-17
glucose,roi_masked,3,glucose_02_c0.01_wG02,2,0.01,0.10598526833081579,0.1059852683308157,0.0959852683308157,0.2692057291666667,0.7947483062744141,2.95219685232769,,5.094293064004194,0.08793440148680443,1.8923419942709656,0.012032716319263396,8.326672684688674e-17
glucose,roi_masked,3,glucose_02_c0.01_wG04,2,0.01,-0.16629913931575935,0.0,0.01,0.2718098958333333,0.7903831601142883,2.9078527758935255,,5.3626833189062095,0.11699648785651462,1.9729536713389073,0.016066750589861997,5.551115123125783e-17
glucose,roi_masked,3,glucose_02_c0.01_wG07,2,0.01,-0.12914962986181155,0.0,0.01,0.2709418402777778,0.7918650507926941,2.9226384894295028,,5.328789064930844,0.07767700716344272,1.9667649187986649,0.010654432177679538,5.551115123125783e-17
glucose,roi_masked,3,glucose_02_c0.01_wG08,2,0.01,-0.20769343104132254,0.0,0.01,0.2718098958333333,0.7926924824714661,2.916348869643526,,5.402520755807666,0.10457708549123623,1.9876100313582217,0.014361234091599362,2.7755575615628914e-17
glucose,roi_masked,3,glucose_02_c0.01_wH09,2,0.01,-0.09620429037371903,0.0,0.01,0.2713758680555556,0.792198121547699,2.9191914786819644,,5.2951327114720605,0.11521233352210825,1.9512172358627151,0.015812313711686517,2.7755575615628914e-17
glucose,roi_masked,3,glucose_02_c0.01_wH10,2,0.01,0.17313333614611182,0.1731333361461118,0.16313333614611178,0.2670355902777778,0.7966523170471191,2.983318876028545,,5.027489852397979,0.1043943301153174,1.882704042247045,0.014242755682350337,2.7755575615628914e-17
glucose,roi_masked,3,glucose_02_c0.01_wH12,2,0.01,-0.12867502330822678,0.0,0.01,0.2696397569444444,0.7914804816246033,2.935325601067342,,5.326632407162051,0.09472541606561258,1.9754625458513266,0.012969684065676506,8.326672684688674e-17
glucose,roi_masked,3,glucose_03_c0.05_wA07,3,0.05,-0.0603416335885516,0.0,0.05,0.2700737847222222,0.7865877747535706,2.912492138259906,,5.259500340396146,0.0906279529423415,1.9474309014500155,0.012416043025369692,0.0
glucose,roi_masked,3,glucose_03_c0.05_wA08,3,0.05,-0.1155062840856953,0.0,0.05,0.2709418402777778,0.7815477252006531,2.88455900498567,,5.311307234135649,0.09878067424368275,1.9603126740005663,0.013549080128438463,0.0
glucose,roi_masked,3,glucose_03_c0.05_wA10,3,0.05,0.035254558091733834,0.0352545580917338,0.014745441908266203,0.2687717013888889,0.7867596745491028,2.927241485928353,,5.163673589271704,0.10885451687140435,1.9212117803281397,0.014886529566506343,3.469446951953614e-17
glucose,roi_masked,3,glucose_03_c0.05_wB01,3,0.05,0.16110094516513218,0.1611009451651321,0.1111009451651321,0.2731119791666667,0.780235767364502,2.856834657143921,,5.037576884071076,0.09706579972498375,1.8445096767421152,0.013353611139952983,8.326672684688674e-17
glucose,roi_masked,3,glucose_03_c0.05_wB11,3,0.05,0.10980362139195421,0.1098036213919542,0.05980362139195419,0.2696397569444444,0.7917659878730774,2.9363844443614817,,5.0900570910194896,0.09238423608652013,1.8877249960094817,0.012649132666370072,1.3877787807814457e-17
glucose,roi_masked,3,glucose_03_c0.05_wC02,3,0.05,0.05887738260865927,0.0588773826086592,0.008877382608659196,0.2722439236111111,0.7918741106987,2.9086934253484333,,5.1400602459364535,0.09838689414175672,1.888034883481481,0.01351921300746131,6.938893903907228e-17
glucose,roi_masked,3,glucose_03_c0.05_wC05,3,0.05,-0.028051267070800634,0.0,0.05,0.2722439236111111,0.7894153594970703,2.899661998056995,,5.227221819134241,0.09434079364047587,1.9200508682798394,0.012963243688543699,3.469446951953614e-17
glucose,roi_masked,3,glucose_03_c0.05_wC10,3,0.05,0.0990202578930175,0.0990202578930175,0.04902025789301749,0.2709418402777778,0.7908939719200134,2.9190544033699815,,5.101703764635716,0.09662424043981144,1.8829516177365944,0.01325329661993306,0.0
glucose,roi_masked,3,glucose_03_c0.05_wD05,3,0.05,0.08588854753750219,0.0858885475375021,0.03588854753750209,0.2670355902777778,0.7846913933753967,2.938527379661786,,5.114174952667836,0.10048957636447575,1.9151660448511494,0.013710021254996426,9.71445146547012e-17
glucose,roi_masked,3,glucose_03_c0.05_wD09,3,0.05,-0.03291080816685721,0.0,0.05,0.2722439236111111,0.7903640270233154,2.903146621381776,,5.232926454533975,0.08568877987420542,1.922146281585696,0.011774381919199004,6.938893903907228e-18
glucose,roi_masked,3,glucose_03_c0.05_wD10,3,0.05,0.14885354785954252,0.1488535478595425,0.09885354785954249,0.2661675347222222,0.7819961309432983,2.937984648501198,,5.049242594705627,0.08962060849555531,1.8970167041503083,0.012212679696806708,2.7755575615628914e-17
glucose,roi_masked,3,glucose_03_c0.05_wF04,3,0.05,0.051199666020763424,0.0511996660207634,0.0011996660207634,0.2687717013888889,0.7864646315574646,2.926143740183122,,5.146166276245443,0.10835641888605618,1.914697957282116,0.014818411581152898,2.0816681711721685e-17
glucose,roi_masked,3,glucose_03_c0.05_wG02,3,0.05,0.01395619083976296,0.0139561908397629,0.036043809160237104,0.2683376736111111,0.7865327000617981,2.9311303533237085,,5.1870552533381895,0.09706022548693838,1.9330328028614945,0.013265713155681806,6.071532165918825e-17
glucose,roi_masked,3,glucose_03_c0.05_wG04,3,0.05,-0.026687967708825866,0.0,0.05,0.2679036458333333,0.7790345549583435,2.907890829686551,,5.2232026939635015,0.10675501992756953,1.9496571902619535,0.014582099653957029,6.591949208711867e-17
glucose,roi_masked,3,glucose_03_c0.05_wG07,3,0.05,-0.11912834433566122,0.0,0.05,0.2687717013888889,0.7817077040672302,2.9084449740345555,,5.318815508817957,0.0898451706568153,1.978934345145995,0.012286883703416083,1.3877787807814457e-17
glucose,roi_masked,3,glucose_03_c0.05_wG08,3,0.05,-0.14176851031714488,0.0,0.05,0.2744140625,0.7943093776702881,2.894565134286032,,5.343318639901214,0.10284588641826176,1.9471737677077736,0.014174184077025578,8.326672684688674e-17
glucose,roi_masked,3,glucose_03_c0.05_wH09,3,0.05,-0.11721996412481328,0.0,0.05,0.2670355902777778,0.7831820845603943,2.9328752910640365,,5.316644940339043,0.13933445050396287,1.9909873941554093,0.019009715704582115,8.326672684688674e-17
glucose,roi_masked,3,glucose_03_c0.05_wH10,3,0.05,-0.029412177473612466,0.0,0.05,0.2679036458333333,0.7835022807121277,2.924567443921818,,5.22578809524696,0.11899525035567127,1.9506222391978936,0.01625404220065016,6.591949208711867e-17
glucose,roi_masked,3,glucose_03_c0.05_wH12,3,0.05,-0.028822104560514816,0.0,0.05,0.2648654513888889,0.7785253524780273,2.939323903497542,,5.225151064355328,0.0992863372663777,1.9727567476074845,0.01350587283021309,1.734723475976807e-17
glucose,roi_masked,3,glucose_04_c0.1_wA07,4,0.1,0.23854861224898993,0.2385486122489899,0.1385486122489899,0.2744140625,0.7901285290718079,2.8793295863684385,,4.961622241808707,0.07081432380976516,1.8080787101822478,0.009759605327213934,2.7755575615628914e-17
glucose,roi_masked,3,glucose_04_c0.1_wA08,4,0.1,0.2913028029513347,0.2913028029513347,0.1913028029513347,0.2713758680555556,0.7799449563026428,2.874039471125612,,4.904333682191286,0.09708371691870088,1.807210684329264,0.013324252198402792,0.0
glucose,roi_masked,3,glucose_04_c0.1_wA10,4,0.1,0.12483216532236607,0.124832165322366,0.024832165322366,0.2718098958333333,0.7850184440612793,2.888115760666168,,5.071646925624805,0.10969702313598972,1.865880162337653,0.015064338626453304,6.938893903907228e-17
glucose,roi_masked,3,glucose_04_c0.1_wB01,4,0.1,0.1986872359859273,0.1986872359859273,0.0986872359859273,0.2679036458333333,0.7864214181900024,2.935463665467421,,4.997777471436287,0.09349191681812563,1.8655130488763394,0.012770438793476295,0.0
glucose,roi_masked,3,glucose_04_c0.1_wB11,4,0.1,0.27152421188647224,0.2715242118864722,0.17152421188647218,0.2739800347222222,0.7912406325340271,2.8879499680925127,,4.929031662756221,0.06279458790179326,1.79904775461233,0.008649154417918498,5.551115123125783e-17
glucose,roi_masked,3,glucose_04_c0.1_wC02,4,0.1,0.03131277547387512,0.0313127754738751,0.06868722452612491,0.2670355902777778,0.7858827710151672,2.9429888734968634,,5.165877329443987,0.11918955236754147,1.934527650067281,0.016261301474748517,2.0816681711721685e-17
glucose,roi_masked,3,glucose_04_c0.1_wC05,4,0.1,-0.0005416059967497944,0.0,0.1,0.2744140625,0.7968576550483704,2.9038513835214634,,5.201957754787798,0.08543674468257922,1.8956600501433116,0.011774862255041875,9.432558900623889e-17
glucose,roi_masked,3,glucose_04_c0.1_wC10,4,0.1,0.19543785336528696,0.1954378533652869,0.0954378533652869,0.2696397569444444,0.8009688258171082,2.970514566893549,,5.003704205383145,0.08451619908535779,1.8556997165718738,0.011571850999415502,5.551115123125783e-17
glucose,roi_masked,3,glucose_04_c0.1_wD05,4,0.1,0.32778579279898956,0.3277857927989895,0.2277857927989895,0.2648654513888889,0.7906975746154785,2.9852801506170628,,4.872031321107742,0.10187636715821302,1.8394363234464952,0.013858193353949687,5.551115123125783e-17
glucose,roi_masked,3,glucose_04_c0.1_wD09,4,0.1,-0.04485122422008647,0.0,0.1,0.2739800347222222,0.7965733408927917,2.907413825611077,,5.245783882515664,0.08992042287042779,1.9146591786639353,0.012385392574710245,6.938893903907228e-17
glucose,roi_masked,3,glucose_04_c0.1_wD10,4,0.1,0.07110407560150911,0.0711040756015091,0.02889592439849091,0.2731119791666667,0.8037660717964172,2.942990908889861,,5.1301635595616135,0.07355684892812864,1.878410304526016,0.010119419610712548,1.3877787807814457e-17
glucose,roi_masked,3,glucose_04_c0.1_wF04,4,0.1,0.18611294943495782,0.1861129494349578,0.08611294943495779,0.2683376736111111,0.7965203523635864,2.9683508157633693,,5.014056934108079,0.09122758169208822,1.868562422350993,0.012468536154149267,2.7755575615628914e-17
glucose,roi_masked,3,glucose_04_c0.1_wG02,4,0.1,0.08667929302023669,0.0866792930202366,0.013320706979763411,0.2687717013888889,0.7887357473373413,2.934593721219595,,5.112669883510572,0.1031337559973231,1.9022351896016727,0.014104180075253447,9.71445146547012e-17
glucose,roi_masked,3,glucose_04_c0.1_wG04,4,0.1,-0.027435711926637296,0.0,0.1,0.2713758680555556,0.7925297021865845,2.920413328809101,,5.2271721735766485,0.11031377275973231,1.9261742803551536,0.015140010867515907,9.71445146547012e-17
glucose,roi_masked,3,glucose_04_c0.1_wG07,4,0.1,0.08566040193749913,0.0856604019374991,0.014339598062500902,0.2683376736111111,0.7945573329925537,2.9610353339504147,,5.114103806477782,0.1022578043044664,1.9058463679943083,0.01397609260670269,2.7755575615628914e-17
glucose,roi_masked,3,glucose_04_c0.1_wG08,4,0.1,0.14347042654707298,0.1434704265470729,0.04347042654707289,0.2661675347222222,0.7905706763267517,2.9701994916540335,,5.05745722986526,0.082487574596672,1.900102969035395,0.01124065484966626,8.326672684688674e-17
glucose,roi_masked,3,glucose_04_c0.1_wH09,4,0.1,0.1392268387550386,0.1392268387550386,0.0392268387550386,0.2705078125,0.7929012179374695,2.931158293025158,,5.059378973316422,0.09260322400973475,1.8703263785833992,0.01269420366612696,0.0
glucose,roi_masked,3,glucose_04_c0.1_wH10,4,0.1,0.015591831546244883,0.0155918315462448,0.0844081684537552,0.2683376736111111,0.7907480597496033,2.9468395142144534,,5.183629461014404,0.1052232989446491,1.9317561307201274,0.014381401795549255,8.326672684688674e-17
glucose,roi_masked,3,glucose_04_c0.1_wH12,4,0.1,0.005244453094435109,0.0052444530944351,0.09475554690556491,0.2705078125,0.7861343622207642,2.906142913047157,,5.194022005725377,0.08463047096528964,1.920100553741078,0.011601285444237832,8.673617379884035e-18
glucose,roi_masked,3,glucose_05_c0.5_wA07,5,0.5,0.5026747243561793,0.5026747243561793,0.0026747243561793255,0.2661675347222222,0.7916390895843506,2.9742135546715756,,4.6982433015645295,0.08916670625471035,1.7651451393077338,0.012150826036424821,0.0
glucose,roi_masked,3,glucose_05_c0.5_wA08,5,0.5,0.4492615790848902,0.4492615790848902,0.05073842091510983,0.2709418402777778,0.7917970418930054,2.9223874802106278,,4.751304174899339,0.07753207697426046,1.7536251211803087,0.010634553079249655,0.0
glucose,roi_masked,3,glucose_05_c0.5_wA10,5,0.5,0.4712372162593832,0.4712372162593832,0.028762783740616804,0.2705078125,0.7898827195167542,2.919999656264102,,4.730094970571105,0.09531867425759355,1.7485982851497515,0.013066442093678153,0.0
glucose,roi_masked,3,glucose_05_c0.5_wB01,5,0.5,0.6359678952984478,0.6359678952984478,0.13596789529844777,0.2692057291666667,0.7938050627708435,2.9486930505828672,,4.565661318787891,0.0917806257381697,1.695974797015284,0.012559023709027053,0.0
glucose,roi_masked,3,glucose_05_c0.5_wB11,5,0.5,0.5666092439382684,0.5666092439382684,0.06660924393826839,0.2648654513888889,0.7880812883377075,2.9754023569521966,,4.633121568818724,0.09135300204811081,1.7492359024266022,0.012426705046131206,0.0
glucose,roi_masked,3,glucose_05_c0.5_wC02,5,0.5,0.5704964786552544,0.5704964786552544,0.07049647865525444,0.2718098958333333,0.7955031991004944,2.9266896139361904,,4.630006191876094,0.08649664623093667,1.703398685202798,0.011878305642442442,0.0
glucose,roi_masked,3,glucose_05_c0.5_wC05,5,0.5,0.6430650948098959,0.6430650948098959,0.14306509480989593,0.2679036458333333,0.7967920303344727,2.974173896947145,,4.5584821978851675,0.07624164086673701,1.7015379479833823,0.010414153879173682,0.0
glucose,roi_masked,3,glucose_05_c0.5_wC10,5,0.5,0.6921697522319077,0.6921697522319077,0.1921697522319077,0.2679036458333333,0.7982084155082703,2.979460817061247,,4.508961513179031,0.08188953848636604,1.6830534348099617,0.011185623042690817,0.0
glucose,roi_masked,3,glucose_05_c0.5_wD05,5,0.5,0.42947661746226107,0.429476617462261,0.07052338253773899,0.2718098958333333,0.7991008758544922,2.9399256175149704,,4.7703838460992705,0.09500572060732715,1.7550442126008337,0.013046829401238668,5.551115123125783e-17
glucose,roi_masked,3,glucose_05_c0.5_wD09,5,0.5,0.5005457635826751,0.5005457635826751,0.0005457635826751073,0.2713758680555556,0.7900810241699219,2.911390131447421,,4.700401875477651,0.09325620618077402,1.7320633220472623,0.012798945586924994,0.0
glucose,roi_masked,3,glucose_05_c0.5_wD10,5,0.5,0.7469035937601092,0.7469035937601092,0.24690359376010917,0.2679036458333333,0.7942140102386475,2.9645509592383052,,4.453808309777874,0.08113821082981154,1.6624664796643536,0.011082996161368656,0.0
glucose,roi_masked,3,glucose_05_c0.5_wF04,5,0.5,0.2510579987427164,0.2510579987427164,0.2489420012572836,0.2674696180555556,0.7942160367965698,2.969369166376141,,4.949560212803119,0.08998811004669527,1.850513059683308,0.012284556690717577,0.0
glucose,roi_masked,3,glucose_05_c0.5_wG02,5,0.5,0.5393090149507831,0.5393090149507831,0.039309014950783094,0.2709418402777778,0.7944767475128174,2.9322778154097415,,4.661854401868882,0.07840643602767638,1.7206107395924557,0.010754483024721918,0.0
glucose,roi_masked,3,glucose_05_c0.5_wG04,5,0.5,0.4718101682984841,0.4718101682984841,0.0281898317015159,0.2687717013888889,0.7973540425300598,2.966659207088022,,4.729501986114029,0.08426774733247466,1.7596726000818284,0.011524136510106638,0.0
glucose,roi_masked,3,glucose_05_c0.5_wG07,5,0.5,0.32127667540133764,0.3212766754013376,0.17872332459866241,0.2683376736111111,0.7992721199989319,2.978605684557281,,4.880020697326358,0.09897218913653028,1.8186118377096527,0.013527030922175042,5.551115123125783e-17
glucose,roi_masked,3,glucose_05_c0.5_wG08,5,0.5,0.3020379891071636,0.3020379891071636,0.19796201089283638,0.2709418402777778,0.7971773743629456,2.9422453672923132,,4.899373008490691,0.10775838277575112,1.8082747956047338,0.014780491972932316,0.0
glucose,roi_masked,3,glucose_05_c0.5_wH09,5,0.5,0.2960038764229571,0.2960038764229571,0.2039961235770429,0.2648654513888889,0.7921514511108398,2.9907692640055306,,4.903348485386734,0.12579263549224518,1.851260124593369,0.017111511862679434,0.0
glucose,roi_masked,3,glucose_05_c0.5_wH10,5,0.5,0.4203770720129132,0.4203770720129132,0.07962292798708681,0.2679036458333333,0.8000945448875427,2.986501144464801,,4.780286256022102,0.11154448488819746,1.7843304226609842,0.015236312030971212,0.0
glucose,roi_masked,3,glucose_05_c0.5_wH12,5,0.5,0.2980902340913989,0.2980902340913989,0.2019097659086011,0.2648654513888889,0.7876821160316467,2.9738952811747876,,4.899402298125421,0.10523683637990278,1.849770240865378,0.014315316370142937,0.0
glucose,roi_masked,3,glucose_06_c1_wA07,6,1.0,0.24766010249414983,0.2476601024941498,0.7523398975058502,0.2648654513888889,0.7806245684623718,2.947249497316353,,4.950004584092305,0.08876137951683383,1.868875143260741,0.012074167876415357,2.7755575615628914e-17
glucose,roi_masked,3,glucose_06_c1_wA08,6,1.0,0.15889513953857293,0.1588951395385729,0.8411048604614271,0.2674696180555556,0.7855300307273865,2.9368944272550075,,5.039787168996065,0.1255230812667616,1.8842465942988937,0.01713554609620019,2.7755575615628914e-17
glucose,roi_masked,3,glucose_06_c1_wA10,6,1.0,0.2994085413891501,0.2994085413891501,0.7005914586108499,0.2648654513888889,0.7915053367614746,2.988329858088386,,4.901202105119338,0.10294701902280057,1.850449758327727,0.014003833613492694,0.0
glucose,roi_masked,3,glucose_06_c1_wB01,6,1.0,0.45254201817464157,0.4525420181746415,0.5474579818253584,0.2713758680555556,0.7899411916732788,2.9108748590407583,,4.748493838179751,0.09098271337794817,1.7497848545647574,0.012486920126450786,5.551115123125783e-17
glucose,roi_masked,3,glucose_06_c1_wB11,6,1.0,0.21494768652438623,0.2149476865243862,0.7850523134756138,0.2679036458333333,0.7918035984039307,2.9555536504214763,,4.985751650093004,0.09901917200005528,1.8610241882242662,0.01352542891881591,2.7755575615628914e-17
glucose,roi_masked,3,glucose_06_c1_wC02,6,1.0,0.7086368477379077,0.7086368477379077,0.2913631522620923,0.2744140625,0.7999138832092285,2.9149886704848753,,4.493060775189444,0.08632941908957292,1.6373289088234844,0.011897890329437777,0.0
glucose,roi_masked,3,glucose_06_c1_wC05,6,1.0,0.5718860565680144,0.5718860565680144,0.4281139434319856,0.2648654513888889,0.7887398600578308,2.9778887956956037,,4.627196974981114,0.12381258650652782,1.7469990709310097,0.016842166748991298,0.0
glucose,roi_masked,3,glucose_06_c1_wC10,6,1.0,0.5601335719688896,0.5601335719688896,0.4398664280311104,0.2744140625,0.7983079552650452,2.909136463314613,,4.641388313150083,0.08003809513555371,1.6913813639379662,0.011030822263634858,0.0
glucose,roi_masked,3,glucose_06_c1_wD05,6,1.0,0.3464515270540627,0.3464515270540627,0.6535484729459373,0.2679036458333333,0.7882682085037231,2.9423571525193655,,4.853211374561742,0.10654598600086462,1.8115510744415153,0.014553546865035842,0.0
glucose,roi_masked,3,glucose_06_c1_wD09,6,1.0,0.47594744740779404,0.475947447407794,0.524052552592206,0.2705078125,0.7977972030639648,2.949257530460289,,4.721384601500297,0.11725807888479078,1.7453782786773664,0.01607393209879863,5.551115123125783e-17
glucose,roi_masked,3,glucose_06_c1_wD10,6,1.0,0.5449405880161358,0.5449405880161358,0.45505941198386424,0.2661675347222222,0.7970962524414062,2.9947162912759886,,4.655132691990774,0.09879620247823784,1.7489483444511609,0.013463046015665238,0.0
glucose,roi_masked,3,glucose_06_c1_wF04,6,1.0,0.6920439337160245,0.6920439337160245,0.30795606628397554,0.2705078125,0.7955910563468933,2.9411019555928473,,4.509380999476943,0.09124390624636369,1.6670058279654838,0.012507866130692963,0.0
glucose,roi_masked,3,glucose_06_c1_wG02,6,1.0,1.2487940517779403,1.2487940517779403,0.24879405177794034,0.2726779513888889,0.8050292730331421,2.9523079109723187,,3.9528744805946125,0.057979640710099645,1.449649471275764,0.007971659984846759,0.0
glucose,roi_masked,3,glucose_06_c1_wG04,6,1.0,1.09115698881158,1.09115698881158,0.09115698881157996,0.2674696180555556,0.7900312542915344,2.9537233426169496,,4.1095969952466485,0.0757515060785976,1.5364724506366374,0.010341073619024671,0.0
glucose,roi_masked,3,glucose_06_c1_wG07,6,1.0,0.6960163746431327,0.6960163746431327,0.3039836253568673,0.2683376736111111,0.8008720874786377,2.984568199839517,,4.5030793233665545,0.08375252847313064,1.6781390636533025,0.011446882728879906,0.0
glucose,roi_masked,3,glucose_06_c1_wG08,6,1.0,0.568600839559938,0.568600839559938,0.431399160440062,0.2666015625,0.7996126413345337,2.9992796510130493,,4.632329355121504,0.12234696006043322,1.7375477141554654,0.016682195353113664,0.0
glucose,roi_masked,3,glucose_06_c1_wH09,6,1.0,0.6778837764411216,0.6778837764411216,0.32211622355887837,0.2705078125,0.8039633631706238,2.9720522883997065,,4.523090041630025,0.08096182601165847,1.6720737193607023,0.011098381504141669,0.0
glucose,roi_masked,3,glucose_06_c1_wH10,6,1.0,0.749237208701854,0.749237208701854,0.25076279129814605,0.2648654513888889,0.7933419942855835,2.9952641619565497,,4.451235400760035,0.0972075446352827,1.6805647461452065,0.013223095665812033,0.0
glucose,roi_masked,3,glucose_06_c1_wH12,6,1.0,0.38285807020852314,0.3828580702085231,0.6171419297914769,0.2683376736111111,0.7940053343772888,2.958978229527333,,4.817120323326657,0.09380128702964807,1.7951710836950454,0.012820297512460874,5.551115123125783e-17
glucose,roi_masked,3,glucose_07_c2.5_wA07,7,2.5,2.3623098161363276,2.362309816136328,0.13769018386367193,0.2679036458333333,0.8078534603118896,3.015462733995292,,2.8396780902142402,0.024292131242241055,1.0599624657519013,0.00331816039022519,4.440892098500626e-16
glucose,roi_masked,3,glucose_07_c2.5_wA08,7,2.5,2.2005464234568177,2.2005464234568177,0.2994535765431823,0.2744140625,0.7981197237968445,2.9084505237294263,,3.0014222965654773,0.049806215096018125,1.093756737253754,0.006864275135709632,0.0
glucose,roi_masked,3,glucose_07_c2.5_wA10,7,2.5,2.3003011957989434,2.3003011957989434,0.19969880420105657,0.2722439236111111,0.8075137138366699,2.966140449070845,,2.9015219470243965,0.058214555027729986,1.0657802416810218,0.007999185017676451,0.0
glucose,roi_masked,3,glucose_07_c2.5_wB01,7,2.5,2.5860276794122083,2.5860276794122083,0.08602767941220835,0.2648654513888889,0.8088765144348145,3.053914771417964,,2.615924541860872,0.039595405476322565,0.9876427930270296,0.00538614401283821,0.0
glucose,roi_masked,3,glucose_07_c2.5_wB11,7,2.5,2.45278607017186,2.45278607017186,0.04721392982813999,0.2722439236111111,0.8119484186172485,2.9824299027407584,,2.749119616167537,0.04862368031066078,1.0098001746751701,0.00668131560672506,0.0
glucose,roi_masked,3,glucose_07_c2.5_wC02,7,2.5,2.2741970390320687,2.2741970390320687,0.2258029609679313,0.2722439236111111,0.8033729195594788,2.950930580573996,,2.9276134124457216,0.06848986654480882,1.0753640976125856,0.009411101984150263,0.0
glucose,roi_masked,3,glucose_07_c2.5_wC05,7,2.5,2.942341933874676,2.942341933874676,0.44234193387467613,0.2713758680555556,0.8141950368881226,3.0002484845905384,,2.259645624086014,0.033986925682871316,0.8326626977839546,0.004664534729610455,0.0
glucose,roi_masked,3,glucose_07_c2.5_wC10,7,2.5,2.64332507320153,2.64332507320153,0.1433250732015301,0.2726779513888889,0.8085278272628784,2.9651382634519248,,2.55862207153333,0.03578740457155449,0.9383311186331544,0.004920434440272209,0.0
glucose,roi_masked,3,glucose_07_c2.5_wD05,7,2.5,2.720027385026739,2.720027385026739,0.2200273850267389,0.2683376736111111,0.8042284250259399,2.9970760877634706,,2.481937452936917,0.03625763136667448,0.9249306739290994,0.004955514321151892,0.0
glucose,roi_masked,3,glucose_07_c2.5_wD09,7,2.5,3.0567702906316767,3.0567702906316767,0.5567702906316767,0.2661675347222222,0.7985875010490417,3.0003189603212266,,2.1451335293333744,0.03322026887169116,0.8059335754723351,0.004526955462391036,0.0
glucose,roi_masked,3,glucose_07_c2.5_wD10,7,2.5,2.7621807685261355,2.7621807685261355,0.2621807685261355,0.2661675347222222,0.7980340123176575,2.9982394853320553,,2.439489953725649,0.037645019400202706,0.9165242321049973,0.005129920135919979,0.0
glucose,roi_masked,3,glucose_07_c2.5_wF04,7,2.5,2.8567538884451484,2.8567538884451484,0.35675388844514844,0.2744140625,0.809377133846283,2.949473968180049,,2.345167151933865,0.03662354027837322,0.854608955010775,0.005047443505390872,0.0
glucose,roi_masked,3,glucose_07_c2.5_wG02,7,2.5,2.7591788422587267,2.7591788422587267,0.25917884225872667,0.2731119791666667,0.832033634185791,3.0464926391165075,,2.4427731550494323,0.023570665575214367,0.8944218274507576,0.0032426818023761103,0.0
glucose,roi_masked,3,glucose_07_c2.5_wG04,7,2.5,3.2881276471488565,3.2881276471488565,0.7881276471488565,0.2700737847222222,0.831732988357544,3.0796509524721274,,1.9138217621202092,0.026436620250300358,0.7086292229690578,0.0036218209042183456,0.0
glucose,roi_masked,3,glucose_07_c2.5_wG07,7,2.5,2.8782553172259178,2.8782553172259178,0.37825531722591776,0.2722439236111111,0.8304009437561035,3.050209285634217,,2.323586962155712,0.023605106403138176,0.8534945174662035,0.003243546453128395,0.0
glucose,roi_masked,3,glucose_07_c2.5_wG08,7,2.5,2.7482557246487933,2.7482557246487933,0.2482557246487933,0.2687717013888889,0.8069466948509216,3.002349915117519,,2.453646801296712,0.03556005529127182,0.9129111393116874,0.0048630578656234024,0.0
glucose,roi_masked,3,glucose_07_c2.5_wH09,7,2.5,2.646350689980632,2.646350689980632,0.14635068998063216,0.2713758680555556,0.8233328461647034,3.0339206358472235,,2.5555818970343327,0.013114987641379194,0.9417130253126114,0.0017999661370506428,0.0
glucose,roi_masked,3,glucose_07_c2.5_wH10,7,2.5,2.363264603481542,2.363264603481542,0.1367353965184579,0.2739800347222222,0.816185474395752,2.9789961711014854,,2.8385256911533157,0.04764062361535837,1.0360337730561964,0.006561888914050856,0.0
glucose,roi_masked,3,glucose_07_c2.5_wH12,7,2.5,2.601585576877009,2.601585576877009,0.10158557687700887,0.2722439236111111,0.7909272909164429,2.905215589113566,,2.6002968917655296,0.03505638306787873,0.955134960323281,0.0048170512353298105,0.0
glucose,roi_masked,3,glucose_08_c5_wA07,8,5.0,5.098507066937445,5.098507066937445,0.0985070669374446,0.2683376736111111,0.6289135217666626,2.3437391898914526,,0.10344542807053969,0.0034744424817265696,0.038550467654593364,0.00047486967094159975,0.0
glucose,roi_masked,3,glucose_08_c5_wA08,8,5.0,5.065324436615056,5.065324436615056,0.0653244366150556,0.2687717013888889,0.6296330094337463,2.342631334251678,,0.1366640669753023,0.004106322180165378,0.05084763993719767,0.0005615649979582153,0.0
glucose,roi_masked,3,glucose_08_c5_wA10,8,5.0,5.019783197961072,5.019783197961072,0.019783197961071863,0.2679036458333333,0.7013895511627197,2.6180664655794352,,0.1821529476076451,0.006335868088400254,0.06799196294662038,0.0008654418304831294,0.0
glucose,roi_masked,3,glucose_08_c5_wB01,8,5.0,5.079025266721016,5.079025266721016,0.07902526672101562,0.2726779513888889,0.6351140737533569,2.329172822805785,,0.12295136672850493,0.0019072355012497155,0.04509032215558701,0.0002622270980086137,0.0
glucose,roi_masked,3,glucose_08_c5_wB11,8,5.0,5.009661041122791,5.009661041122791,0.00966104112279087,0.2705078125,0.7175527215003967,2.652613670817351,0.062332142144441605,0.19231818036582204,0.0018318588626797805,0.07109524068397177,0.0002511142537328106,0.0
glucose,roi_masked,3,glucose_08_c5_wC02,8,5.0,4.873036093353772,4.873036093353772,0.12696390664622825,0.2679036458333333,0.704974889755249,2.631449406231015,,0.3289340948830084,0.0063685669669348854,0.12278074598792248,0.0008699083024643827,0.0
glucose,roi_masked,3,glucose_08_c5_wC05,8,5.0,5.085788733614483,5.085788733614483,0.08578873361448291,0.2722439236111111,0.626164436340332,2.300012533006178,0.0,0.11610637660362233,0.002195129965302911,0.04264792215141425,0.0003016299054753486,0.0
glucose,roi_masked,3,glucose_08_c5_wC10,8,5.0,5.051338524049057,5.051338524049057,0.05133852404905692,0.2687717013888889,0.6578896641731262,2.4477638857567747,,0.1506098649353671,0.003530657677014659,0.05603635507647732,0.0004828393107488811,0.0
glucose,roi_masked,3,glucose_08_c5_wD05,8,5.0,5.126881568555749,5.126881568555749,0.12688156855574917,0.2648654513888889,0.6192609071731567,2.3380206966439214,0.0038725228514522314,0.07495981496619475,0.0025086932978553023,0.028301091959379385,0.0003412563458750475,0.0
glucose,roi_masked,3,glucose_08_c5_wD09,8,5.0,4.934027017088,4.934027017088,0.06597298291200016,0.2718098958333333,0.7764113545417786,2.8564499175477174,,0.2678635889466854,0.0016517412958361177,0.09854813715499612,0.0002268283084849599,0.0
glucose,roi_masked,3,glucose_08_c5_wD10,8,5.0,5.034362617568965,5.034362617568965,0.03436261756896464,0.2683376736111111,0.7436280250549316,2.771239740762738,0.023269740864634514,0.16745430400655703,0.0008869633014967349,0.062404321299006464,0.0001212257717127971,0.0
glucose,roi_masked,3,glucose_08_c5_wF04,8,5.0,4.990856672581328,4.990856672581328,0.009143327418671632,0.2705078125,0.7447730302810669,2.753240371869359,0.0,0.210820992583022,0.0004444459441597104,0.07793526946029407,6.092538779378092e-05,0.0
glucose,roi_masked,3,glucose_08_c5_wG02,8,5.0,5.05854128569349,5.05854128569349,0.05854128569349015,0.2731119791666667,0.616225004196167,2.256308954577622,,0.14335208257522591,0.001583531534753213,0.05248839066401597,0.00021785082287334846,0.0
glucose,roi_masked,3,glucose_08_c5_wG04,8,5.0,5.108149938843781,5.108149938843781,0.10814993884378143,0.2713758680555556,0.5937991738319397,2.188106032001262,,0.0935885701242345,0.00013424208542911487,0.03448669581227289,1.842405151622819e-05,0.0
glucose,roi_masked,3,glucose_08_c5_wG07,8,5.0,5.12468026711261,5.12468026711261,0.12468026711260993,0.2722439236111111,0.5745954513549805,2.110590545909725,,0.07706697648734373,0.0033915754607827253,0.028308061192003183,0.0004660318987114,0.0
glucose,roi_masked,3,glucose_08_c5_wG08,8,5.0,5.123316830883184,5.123316830883184,0.12331683088318357,0.2713758680555556,0.5694812536239624,2.0984962948414383,,0.07850845204940615,0.0005330240706014067,0.0289297838499531,7.31548746785192e-05,0.0
glucose,roi_masked,3,glucose_08_c5_wH09,8,5.0,5.017131415963389,5.017131415963389,0.017131415963389074,0.2670355902777778,0.6077202558517456,2.2758024696991823,,0.18476018547094686,0.007329488462498368,0.069189348610331,0.000999978766400962,0.0
glucose,roi_masked,3,glucose_08_c5_wH10,8,5.0,4.993378741561994,4.993378741561994,0.006621258438006095,0.2700737847222222,0.6718986630439758,2.487833699724099,0.056300196796655655,0.20852475489817124,0.0029027098071976454,0.07721029092573509,0.00039767167508746097,0.0
glucose,roi_masked,3,glucose_08_c5_wH12,8,5.0,3.8479601197699798,3.84796011976998,1.1520398802300198,0.2670355902777778,0.8505139946937561,3.1850211195033142,,1.353996730111477,0.01353046745569575,0.5070472923489384,0.0018459924214906296,4.440892098500626e-16
glucose,roi_masked,3,glucose_09_c10_wA07,9,10.0,15.11406975431703,15.11406975431703,5.114069754317031,0.2705078125,0.8244449496269226,3.047767611617216,0.8256224989891052,9.91211847867362,0.14459573489915378,3.664263293199201,0.019821423365024564,0.0
glucose,roi_masked,3,glucose_09_c10_wA08,9,10.0,12.078740263580723,12.078740263580723,2.0787402635807233,0.2687717013888889,0.837187647819519,3.1148653057346336,0.8389203548431396,6.876372214103449,0.07639174713410313,2.558443533515437,0.01044704468894338,0.0
glucose,roi_masked,3,glucose_09_c10_wA10,9,10.0,9.566719046072336,9.566719046072336,0.43328095392766386,0.2670355902777778,0.8341369032859802,3.123691873500038,0.8368674516677856,4.364229433412686,0.044083463422635916,1.6343250084653114,0.006014407089607886,0.0
glucose,roi_masked,3,glucose_09_c10_wB01,9,10.0,10.331404169624212,10.331404169624212,0.3314041696242125,0.2679036458333333,0.8259653449058533,3.083068699332663,0.8282504677772522,5.128872451559326,0.07387298785728014,1.9144466793669808,0.01009060999099887,0.0
glucose,roi_masked,3,glucose_09_c10_wB11,9,10.0,10.201630333687929,10.201630333687929,0.2016303336879286,0.2731119791666667,0.8477462530136108,3.1040244210462604,0.8501601815223694,4.999619209640502,0.0488175841626699,1.8306114674631253,0.006715970378312672,0.0
glucose,roi_masked,3,glucose_09_c10_wC02,9,10.0,10.154031516857913,10.154031516857913,0.15403151685791272,0.2670355902777778,0.8248581290245056,3.0889445416862427,0.8272189497947693,4.9521513625195634,0.061131872324807546,1.8544911400642135,0.008340360256779073,0.0
glucose,roi_masked,3,glucose_09_c10_wC05,9,10.0,9.960104969736044,9.960104969736044,0.039895030263956244,0.2670355902777778,0.8207416534423828,3.0735290849756196,0.8231930732727051,4.7582086899233484,0.054722294892249224,1.7818631160639407,0.0074658870425902135,0.0
glucose,roi_masked,3,glucose_09_c10_wC10,9,10.0,10.781438287424876,10.781438287424876,0.7814382874248764,0.2657335069444444,0.8251322507858276,3.105111810225475,0.8271856307983398,5.57753689944025,0.0658624096260958,2.0989211949873967,0.008969823660619165,0.0
glucose,roi_masked,3,glucose_09_c10_wD05,9,10.0,13.285176585357577,13.285176585357576,3.2851765853575756,0.2687717013888889,0.8212329149246216,3.0555036511688787,0.8226643204689026,8.083238797379437,0.16932942542656626,3.007473910240165,0.02315684797048872,1.7763568394002505e-15
glucose,roi_masked,3,glucose_09_c10_wD09,9,10.0,10.267562421289593,10.267562421289592,0.2675624212895915,0.2674696180555556,0.8359664678573608,3.1254632729304004,0.8382956981658936,5.065127829345651,0.07968851077813177,1.8937208144117452,0.010878526371371091,1.7763568394002505e-15
glucose,roi_masked,3,glucose_09_c10_wD10,9,10.0,12.450555478647956,12.450555478647956,2.4505554786479564,0.2722439236111111,0.8380414843559265,3.078274340304591,0.8396888375282288,7.248598927386395,0.08916790073429226,2.6625383704580714,0.012252443315450091,0.0
glucose,roi_masked,3,glucose_09_c10_wF04,9,10.0,11.372807210868103,11.372807210868103,1.3728072108681033,0.2713758680555556,0.8480523824691772,3.125010298614929,0.8500201106071472,6.168645948919598,0.10968109674157134,2.273100402448741,0.01505317926389161,0.0
glucose,roi_masked,3,glucose_09_c10_wG02,9,10.0,9.396966774874034,9.396966774874034,0.6030332251259658,0.2731119791666667,0.8348885774612427,3.0569460190237634,0.8377339243888855,4.194940023052087,0.06718430036259093,1.5359780394297986,0.009242730439493032,0.0
glucose,roi_masked,3,glucose_09_c10_wG04,9,10.0,9.340927765323475,9.340927765323476,0.6590722346765236,0.2731119791666667,0.8546136617660522,3.1291694504711707,0.8575822114944458,4.13900259403591,0.05686001518268213,1.515496539794793,0.007822389907801144,1.7763568394002505e-15
glucose,roi_masked,3,glucose_09_c10_wG07,9,10.0,12.51349181146005,12.51349181146005,2.5134918114600495,0.2661675347222222,0.8410798907279968,3.1599642368321317,0.8427080512046814,7.31159602934718,0.08209180369544455,2.746990175559055,0.01118672279842107,0.0
glucose,roi_masked,3,glucose_09_c10_wG08,9,10.0,10.576085746789406,10.576085746789406,0.5760857467894063,0.2718098958333333,0.8314393162727356,3.0589000953171785,0.8336272835731506,5.3734561311688465,0.05553255020814518,1.9769170341258322,0.007626106134976397,0.0
glucose,roi_masked,3,glucose_09_c10_wH09,9,10.0,10.177653146895256,10.177653146895256,0.17765314689525624,0.2670355902777778,0.8279428482055664,3.100496257237911,0.8302982449531555,4.975121826990231,0.045725076527023845,1.863093163654692,0.006238376095826081,0.0
glucose,roi_masked,3,glucose_09_c10_wH10,9,10.0,11.294498722166082,11.294498722166082,1.2944987221660824,0.2744140625,0.8519231081008911,3.1045169490936386,0.8539130091667175,6.092594678236109,0.0787018706440854,2.2202195553429807,0.010846664271809347,0.0
glucose,roi_masked,3,glucose_09_c10_wH12,9,10.0,15.460765063792271,15.460765063792271,5.460765063792271,0.2674696180555556,0.8314989805221558,3.108760488637804,0.8326277136802673,10.257730444938723,0.09104801159505271,3.8351011675681654,0.0124292471464969,0.0
glucose,roi_masked,3,glucose_10_c15_wA07,10,15.0,17.257810221838866,17.257810221838866,2.2578102218388665,0.2679036458333333,0.8011234998703003,2.9903419096009265,0.8020622134208679,12.055869447661774,0.18961089239510187,4.500076663817373,0.025899718160860515,0.0
glucose,roi_masked,3,glucose_10_c15_wA08,10,15.0,16.609433964064614,16.609433964064614,1.609433964064614,0.2674696180555556,0.8190756440162659,3.0623128337744037,0.8200844526290894,11.407367719761515,0.14556087440073995,4.264920929221993,0.019870967537805057,0.0
glucose,roi_masked,3,glucose_10_c15_wA10,10,15.0,13.66773813505673,13.66773813505673,1.3322618649432698,0.2687717013888889,0.8288805484771729,3.0839576644189037,0.8302580118179321,8.465667884270037,0.0856935577925313,3.1497616157219483,0.011719124923816122,0.0
glucose,roi_masked,3,glucose_10_c15_wB01,10,15.0,15.877597825314615,15.877597825314616,0.8775978253146164,0.2648654513888889,0.7954152822494507,3.0030918644862505,0.7964406609535217,10.674874691896846,0.1276333285268283,4.03030090784602,0.017361900453184493,1.7763568394002505e-15
glucose,roi_masked,3,glucose_10_c15_wB11,10,15.0,15.986019144257915,15.986019144257916,0.9860191442579165,0.2683376736111111,0.8217732906341553,3.062459622516933,0.8228459358215332,10.784103329727069,0.13716925718316375,4.018855490770912,0.018747617888180888,1.7763568394002505e-15
glucose,roi_masked,3,glucose_10_c15_wC02,10,15.0,11.997644655855975,11.997644655855977,3.002355344144023,0.2679036458333333,0.8319014310836792,3.1052262409344626,0.8336383700370789,6.795705200583418,0.11130081105363843,2.536622888966253,0.015203027637028778,1.7763568394002505e-15
glucose,roi_masked,3,glucose_10_c15_wC05,10,15.0,13.200808103580425,13.200808103580425,1.7991918964195754,0.2674696180555556,0.8420836925506592,3.1483340002218556,0.8435747623443604,7.99893820185848,0.10012764905138205,2.9905969358347972,0.01366873668578784,0.0
glucose,roi_masked,3,glucose_10_c15_wC10,10,15.0,15.868065878256882,15.868065878256882,0.868065878256882,0.2731119791666667,0.8244565725326538,3.0187492143269514,0.8255501389503479,10.666177835376299,0.12445919811979955,3.9054229213678178,0.017122196893149318,0.0
glucose,roi_masked,3,glucose_10_c15_wD05,10,15.0,12.2078929701348,12.2078929701348,2.7921070298651998,0.2718098958333333,0.8492556810379028,3.124447248081961,0.8509759306907654,7.005946049364861,0.11887460791797366,2.5775169178022583,0.016324666764596114,0.0
glucose,roi_masked,3,glucose_10_c15_wD09,10,15.0,13.843250186795428,13.843250186795428,1.1567498132045717,0.2661675347222222,0.8377686142921448,3.147523664621446,0.8391503095626831,8.641259966140673,0.10732558300750661,3.2465491988566018,0.014625352254874774,0.0
glucose,roi_masked,3,glucose_10_c15_wD10,10,15.0,14.02924578765819,14.02924578765819,0.9707542123418094,0.2648654513888889,0.8222144246101379,3.1042720758734252,0.8235354423522949,8.825919566476887,0.15848275450982818,3.332227559387587,0.02155833307103434,0.0
glucose,roi_masked,3,glucose_10_c15_wF04,10,15.0,14.503821284773702,14.503821284773702,0.4961787152262982,0.2657335069444444,0.8212862014770508,3.0906384780777874,0.8225423693656921,9.30195436925071,0.12511297661056098,3.500482297550615,0.017039178253922416,0.0
glucose,roi_masked,3,glucose_10_c15_wG02,10,15.0,17.709788554237814,17.709788554237814,2.7097885542378144,0.2713758680555556,0.7985053658485413,2.94243320738111,0.7993963360786438,12.507879607964561,0.16542905143418807,4.609061114234362,0.02270430585282915,0.0
glucose,roi_masked,3,glucose_10_c15_wG04,10,15.0,13.977203904946084,13.977203904946084,1.0227960950539163,0.2648654513888889,0.8262540698051453,3.1195237637542887,0.8275855779647827,8.775162943794118,0.1348885975028491,3.31306438713669,0.01834883121160527,0.0
glucose,roi_masked,3,glucose_10_c15_wG07,10,15.0,16.999203799876263,16.999203799876263,1.9992037998762626,0.2674696180555556,0.8188412189483643,3.061436378834939,0.8198261857032776,11.797290448959554,0.1160301538753501,4.410702993006542,0.01583963706288293,0.0
glucose,roi_masked,3,glucose_10_c15_wG08,10,15.0,16.957124673190826,16.957124673190826,1.957124673190826,0.2679036458333333,0.8199729323387146,3.060700909045603,0.8209607601165771,11.755196963634152,0.14065713756017573,4.387845087762347,0.019212926926850147,0.0
glucose,roi_masked,3,glucose_10_c15_wH09,10,15.0,18.444239010631133,18.444239010631133,3.444239010631133,0.2692057291666667,0.8228911757469177,3.056737233246108,0.8237685561180115,13.24234414926294,0.09840282053617244,4.919042469955955,0.013465187736620124,0.0
glucose,roi_masked,3,glucose_10_c15_wH10,10,15.0,16.92620676371184,16.92620676371184,1.9262067637118392,0.2679036458333333,0.8044000267982483,3.002572153492368,0.8053597807884216,11.724331984531606,0.08383255860506722,4.376324162391385,0.011451028013995841,0.0
glucose,roi_masked,3,glucose_10_c15_wH12,10,15.0,20.801488721688386,20.0,5.0,0.2687717013888889,0.781682014465332,2.9083493925363344,0.7823767066001892,15.599405182316351,0.2360673885856599,5.803961169165422,0.03228367789294319,3.552713678800501e-15
glucose,roi_masked,3,glucose_11_c20_wA07,11,20.0,19.72856734589604,19.72856734589604,0.2714326541039611,0.2709418402777778,0.8048191070556641,2.970449695885062,0.8055769205093384,14.526684553748614,0.1719206497979826,5.361550854919793,0.023581198222030177,0.0
glucose,roi_masked,3,glucose_11_c20_wA08,11,20.0,19.011365174654806,19.01136517465481,0.9886348253451906,0.2731119791666667,0.8237248659133911,3.0160700692323448,0.8245648741722107,13.8094731999456,0.13848159208300714,5.056341081076625,0.019051296501522527,3.552713678800501e-15
glucose,roi_masked,3,glucose_11_c20_wA10,11,20.0,17.112040711671284,17.112040711671284,2.887959288328716,0.2726779513888889,0.8291527628898621,3.040776706244715,0.8301272392272949,11.910062361157365,0.09570966724049512,4.367812762452299,0.01315918683109657,0.0
glucose,roi_masked,3,glucose_11_c20_wB01,11,20.0,19.539138810716995,19.539138810716995,0.4608611892830048,0.2683376736111111,0.782316267490387,2.9154171941736378,0.7830663323402405,14.335558389349824,0.16240781441355168,5.342357707895188,0.022197099475534512,0.0
glucose,roi_masked,3,glucose_11_c20_wB11,11,20.0,21.0377153742182,20.0,0.0,0.2692057291666667,0.8005473017692566,2.9737379819046628,0.80125492811203,15.835506887304978,0.17295427279555398,5.882306790544243,0.023666615858705654,0.0
glucose,roi_masked,3,glucose_11_c20_wC02,11,20.0,20.334297497343663,20.0,0.0,0.2670355902777778,0.7866075038909912,2.9457028670700427,0.7873378992080688,15.132050364038989,0.19909107867098186,5.666679242380468,0.027162448275821895,0.0
glucose,roi_masked,3,glucose_11_c20_wC05,11,20.0,20.062516761920484,20.0,0.0,0.2726779513888889,0.8075796961784363,2.961661153991432,0.8083467483520508,14.860591043163112,0.12542991185943464,5.449868963541235,0.01724544334919513,0.0
glucose,roi_masked,3,glucose_11_c20_wC10,11,20.0,19.80160579068594,19.80160579068594,0.19839420931405982,0.2692057291666667,0.7948858737945557,2.9527078649297156,0.7956408858299255,14.599642520476735,0.1759054336807644,5.423228757304055,0.024070445089857832,0.0
glucose,roi_masked,3,glucose_11_c20_wD05,11,20.0,18.858302968484324,18.858302968484324,1.141697031515676,0.2666015625,0.8035083413124084,3.013892093420902,0.8043378591537476,13.65634833336709,0.20376866071084265,5.122381206361868,0.02778416891716417,0.0
glucose,roi_masked,3,glucose_11_c20_wD09,11,20.0,19.2929836439085,19.2929836439085,0.7070163560915006,0.2687717013888889,0.7914571166038513,2.944718928793336,0.7922448515892029,14.091040306577305,0.19220609836511926,5.242754439459688,0.026285374722257594,0.0
glucose,roi_masked,3,glucose_11_c20_wD10,11,20.0,17.599784151689605,17.599784151689605,2.4002158483103955,0.2731119791666667,0.813476026058197,2.9785439237792386,0.8144044876098633,12.397844671532056,0.1544939890284418,4.539473043021034,0.021254166336559483,0.0
glucose,roi_masked,3,glucose_11_c20_wF04,11,20.0,19.24785620533192,19.24785620533192,0.7521437946680791,0.2709418402777778,0.8086262345314026,2.984501152359394,0.8094337582588196,14.045911524211196,0.21230520811759845,5.184105751186639,0.029120476231757515,0.0
glucose,roi_masked,3,glucose_11_c20_wG02,11,20.0,18.34680770015431,18.34680770015431,1.6531922998456885,0.2709418402777778,0.8125515580177307,2.9989888500966786,0.8134198188781738,13.1448780993383,0.18262796476358645,4.851549722206719,0.02504984853789571,0.0
glucose,roi_masked,3,glucose_11_c20_wG04,11,20.0,20.184850582705522,20.0,0.0,0.2687717013888889,0.7912376523017883,2.943902383372338,0.7919813394546509,14.982892389034536,0.23098846140652896,5.574579582452253,0.03158910313581497,3.552713678800501e-15
glucose,roi_masked,3,glucose_11_c20_wG07,11,20.0,19.99627888754604,19.99627888754604,0.003721112453959563,0.2709418402777778,0.808131754398346,2.982676110746959,0.8089097142219543,14.794326218343118,0.24041210898223397,5.460332816509819,0.03297571061735777,0.0
glucose,roi_masked,3,glucose_11_c20_wG08,11,20.0,20.38652332991127,20.0,0.0,0.2674696180555556,0.8075637221336365,3.019272723401052,0.8083138465881348,15.184287867667505,0.24756943063260195,5.677014076609481,0.03379647271085853,0.0
glucose,roi_masked,3,glucose_11_c20_wH09,11,20.0,20.711249770929648,20.0,0.0,0.2666015625,0.8042767643928528,3.016774383656708,0.8050044178962708,15.509371632275592,0.13658635114755668,5.817434634230845,0.018623758132503068,0.0
glucose,roi_masked,3,glucose_11_c20_wH10,11,20.0,19.079109685940963,19.079109685940963,0.9208903140590365,0.2731119791666667,0.8047882914543152,2.9467337679948225,0.8055989742279053,13.877189367226697,0.1437388948795899,5.081135367833183,0.019774558220783712,0.0
glucose,roi_masked,3,glucose_11_c20_wH12,11,20.0,20.443947537616125,20.0,0.0,0.2674696180555556,0.7845532298088074,2.933242420250697,0.7852579355239868,15.240391976355237,0.1169284025203865,5.697989957569568,0.0159622597782237,0.0
glucose,roi_masked,4,glucose_01_c0_wA01,1,0.0,0.13860751884965775,0.1386075188496577,0.1386075188496577,0.2713758680555556,0.7926549911499023,2.9208750093712514,0.0,2.0039024112712203,0.028935733714930634,0.7384232156047806,0.00397128401960984,5.551115123125783e-17
glucose,roi_masked,4,glucose_01_c0_wA02,1,0.0,0.37291989135436326,0.3729198913543632,0.3729198913543632,0.2709418402777778,0.7776839733123779,2.870298557487735,0.0,1.7685969200771123,0.028708773360543227,0.6527588792723534,0.003937789184265015,5.551115123125783e-17
glucose,roi_masked,4,glucose_01_c0_wA03,1,0.0,0.36089548829551543,0.3608954882955154,0.3608954882955154,0.2661675347222222,0.797860860824585,2.997588949596158,0.0,1.7805704518686496,0.02422226451938081,0.6689660531765788,0.003300789439754747,5.551115123125783e-17
glucose,roi_masked,4,glucose_01_c0_wB03,1,0.0,0.5965118035410217,0.5965118035410217,0.5965118035410217,0.2731119791666667,0.79693603515625,2.917982717520858,0.0,1.5454159694942615,0.031540211610106006,0.5658543335263851,0.004339074342420316,0.0
glucose,roi_masked,4,glucose_01_c0_wB06,1,0.0,0.2094139920205438,0.2094139920205438,0.2094139920205438,0.2683376736111111,0.7748264074325562,2.8875051236952842,0.0,1.9332780657447322,0.0271851302803722,0.7204646443147373,0.0037155295960834976,0.0
glucose,roi_masked,4,glucose_01_c0_wB07,1,0.0,0.24359466651451228,0.2435946665145122,0.2435946665145122,0.2731119791666667,0.7867145538330078,2.8805567453814063,0.0,1.8992324707772599,0.020099379908741277,0.6954043087279789,0.002765127410642777,8.326672684688674e-17
glucose,roi_masked,4,glucose_01_c0_wC06,1,0.0,0.19994267312281896,0.1999426731228189,0.1999426731228189,0.2713758680555556,0.7932760715484619,2.9231636446983704,0.0,1.9426601675356823,0.03749056111050261,0.7158559017996341,0.005145391082567269,5.551115123125783e-17
glucose,roi_masked,4,glucose_01_c0_wC07,1,0.0,0.17560365263900707,0.175603652639007,0.175603652639007,0.2726779513888889,0.7869172096252441,2.8858849995647633,0.0,1.9667691448363418,0.019847056856361067,0.7212791260967659,0.002728785260155506,5.551115123125783e-17
glucose,roi_masked,4,glucose_01_c0_wD11,1,0.0,0.47301633312951485,0.4730163331295148,0.4730163331295148,0.2722439236111111,0.791559636592865,2.9075383064327798,0.0020180153660476208,1.670196507254698,0.015645554027513164,0.6134926668337704,0.002149834887692878,5.551115123125783e-17
glucose,roi_masked,4,glucose_01_c0_wD12,1,0.0,0.07571182395452047,0.0757118239545204,0.0757118239545204,0.2718098958333333,0.7948286533355713,2.924207931792665,0.0,2.0667540643058384,0.025484708485038157,0.7603674832991062,0.0034997328773373813,6.938893903907228e-17
glucose,roi_masked,4,glucose_01_c0_wE04,1,0.0,0.375627203924402,0.375627203924402,0.375627203924402,0.2679036458333333,0.7960415482521057,2.971372583512113,0.0,1.7665149156358022,0.02404731278454103,0.6593844253746276,0.003284719647581594,0.0
glucose,roi_masked,4,glucose_01_c0_wE12,1,0.0,0.16226098590369184,0.1622609859036918,0.1622609859036918,0.2670355902777778,0.7858289480209351,2.942787316115781,0.0,1.9802613847887662,0.02374166017135379,0.741572081357711,0.003239128647508461,2.7755575615628914e-17
glucose,roi_masked,4,glucose_01_c0_wF07,1,0.0,0.18491200743715344,0.1849120074371534,0.1849120074371534,0.2679036458333333,0.7886195778846741,2.9436687038416998,0.0,1.957909721954018,0.025744841629086218,0.7308260833344769,0.0035165919735239155,5.551115123125783e-17
glucose,roi_masked,4,glucose_01_c0_wF08,1,0.0,0.21794263248888276,0.2179426324888827,0.2179426324888827,0.2731119791666667,0.7960546612739563,2.914755565475082,0.0,1.9247383960129596,0.020827430662125557,0.7047433078130884,0.00286528737098297,5.551115123125783e-17
glucose,roi_masked,4,glucose_01_c0_wF09,1,0.0,0.3944184107975866,0.3944184107975866,0.3944184107975866,0.2713758680555556,0.7959779500961304,2.9331198672874597,0.0,1.7484133279896694,0.025889804682033113,0.6442773782788003,0.0035532455688699507,0.0
glucose,roi_masked,4,glucose_01_c0_wF11,1,0.0,0.26006344461329745,0.2600634446132974,0.2600634446132974,0.2679036458333333,0.787355363368988,2.9389497889058704,0.0,1.8818696623923317,0.02618280348610391,0.7024427220983285,0.003576414953726599,5.551115123125783e-17
glucose,roi_masked,4,glucose_01_c0_wG01,1,0.0,0.41027374713700276,0.4102737471370027,0.4102737471370027,0.2648654513888889,0.7906657457351685,2.985159980620775,0.0,1.7331842495685439,0.03444475005516412,0.6543640329382917,0.00468550282669214,5.551115123125783e-17
glucose,roi_masked,4,glucose_01_c0_wG05,1,0.0,0.23021752801405362,0.2302175280140536,0.2302175280140536,0.2726779513888889,0.801854133605957,2.940663627263231,0.0,1.9122551004342456,0.01895478268565623,0.7012870276801436,0.002606105881411425,2.7755575615628914e-17
glucose,roi_masked,4,glucose_01_c0_wH07,1,0.0,0.17010232246863058,0.1701023224686305,0.1701023224686305,0.2722439236111111,0.80110764503479,2.942609827278049,0.0,1.9603722296463426,0.01783321391116957,0.7200793331375327,0.0024504383391283553,8.326672684688674e-17
glucose,roi_masked,4,glucose_02_c0.01_wA01,2,0.01,0.17564533720542236,0.1756453372054223,0.1656453372054223,0.2666015625,0.7710894346237183,2.892291505694826,0.0,1.9665764461984387,0.02540535148766948,0.7376462567425647,0.0034640585783453463,5.551115123125783e-17
glucose,roi_masked,4,glucose_02_c0.01_wA02,2,0.01,0.189194181900506,0.189194181900506,0.17919418190050598,0.2731119791666667,0.7956547737121582,2.913291376452622,0.0,1.9539176551639337,0.023938716230286705,0.71542729876801,0.003293315551251266,0.0
glucose,roi_masked,4,glucose_02_c0.01_wA03,2,0.01,0.08577252917753359,0.0857725291775335,0.0757725291775335,0.2700737847222222,0.7803872227668762,2.8895334049897676,0.0,2.0573688813808344,0.028696688818859575,0.7617802977422969,0.003931450634080717,8.326672684688674e-17
glucose,roi_masked,4,glucose_02_c0.01_wB03,2,0.01,0.13253340036767822,0.1325334003676782,0.1225334003676782,0.2679036458333333,0.7865633964538574,2.9359936256455046,0.0,2.008606860814573,0.01743944651016835,0.749749729820458,0.002382124485515214,2.7755575615628914e-17
glucose,roi_masked,4,glucose_02_c0.01_wB06,2,0.01,-0.05280466776259348,0.0,0.01,0.2683376736111111,0.7580493092536926,2.824982787740409,0.0,2.1941907724273375,0.025588391903617797,0.8176976206506407,0.0034972952659608728,8.326672684688674e-17
glucose,roi_masked,4,glucose_02_c0.01_wB07,2,0.01,0.15566781118448014,0.1556678111844801,0.14566781118448008,0.2709418402777778,0.7996962070465088,2.9515419479938423,0.0,1.9872889769738031,0.02112975520484242,0.7334743777248927,0.0028982262831943406,5.551115123125783e-17
glucose,roi_masked,4,glucose_02_c0.01_wC06,2,0.01,0.04667641803349741,0.0466764180334974,0.036676418033497395,0.2713758680555556,0.7848287224769592,2.892035788223773,0.0,2.09599210344235,0.027093077061236703,0.7723575859785964,0.003718388655195197,1.3877787807814457e-17
glucose,roi_masked,4,glucose_02_c0.01_wC07,2,0.01,-0.013565295348722056,0.0,0.01,0.2674696180555556,0.7826529741287231,2.9261378537810594,0.0,2.153906142258088,0.02947753330304102,0.8052900205700017,0.004024069721831226,5.551115123125783e-17
glucose,roi_masked,4,glucose_02_c0.01_wD11,2,0.01,0.031995580365186925,0.0319955803651869,0.021995580365186895,0.2709418402777778,0.7826986908912659,2.8888070225285967,0.0,2.1087846486659876,0.02833977558549737,0.7783163525072384,0.0038871762434282454,2.7755575615628914e-17
glucose,roi_masked,4,glucose_02_c0.01_wD12,2,0.01,0.16160802993174925,0.1616080299317492,0.15160802993174918,0.2679036458333333,0.7927330732345581,2.959023087456334,0.0,1.9819287652016855,0.026120740976673218,0.739791636293995,0.0035679375847194363,5.551115123125783e-17
glucose,roi_masked,4,glucose_02_c0.01_wE04,2,0.01,0.10284032818171511,0.1028403281817151,0.0928403281817151,0.2713758680555556,0.7833210825920105,2.88648024676848,0.0,2.038668461972077,0.023663513706998998,0.7512342481221376,0.0032476983220208907,1.3877787807814457e-17
glucose,roi_masked,4,glucose_02_c0.01_wE12,2,0.01,0.12731492127807673,0.1273149212780767,0.1173149212780767,0.2661675347222222,0.775160551071167,2.9123031547785874,0.0,2.0174659951781555,0.023203854690376613,0.7579684717310184,0.0031620098303491184,2.7755575615628914e-17
glucose,roi_masked,4,glucose_02_c0.01_wF07,2,0.01,0.1486686320144149,0.1486686320144149,0.1386686320144149,0.2731119791666667,0.8058298826217651,2.9505475559166414,0.0,1.99424754771516,0.019499279565281052,0.7301940961359917,0.002682569942881478,0.0
glucose,roi_masked,4,glucose_02_c0.01_wF08,2,0.01,0.020705187337158138,0.0207051873371581,0.0107051873371581,0.2713758680555556,0.7900814414024353,2.91139166891837,0.0,2.116441570800809,0.017920477318205213,0.7798930634346363,0.002459495442510488,3.8163916471489756e-17
glucose,roi_masked,4,glucose_02_c0.01_wF09,2,0.01,-0.0025492891571160608,0.0,0.01,0.2679036458333333,0.7797842025756836,2.9106890283262454,0.0,2.1440620438857105,0.01923727464048517,0.8003108868550307,0.0026276970962903707,6.071532165918825e-17
glucose,roi_masked,4,glucose_02_c0.01_wF11,2,0.01,0.2080904615056245,0.2080904615056245,0.19809046150562448,0.2648654513888889,0.7960002422332764,3.005300381983562,0.0,1.9333008018410285,0.030685413848065002,0.72991807414039,0.004174122125812059,0.0
glucose,roi_masked,4,glucose_02_c0.01_wG01,2,0.01,0.17470979966992956,0.1747097996699295,0.1647097996699295,0.2709418402777778,0.7717974781990051,2.848572510645587,0.0,1.9682304251103104,0.022764643296927345,0.7264401921432367,0.003122472877280584,5.551115123125783e-17
glucose,roi_masked,4,glucose_02_c0.01_wG05,2,0.01,0.0903275177519247,0.0903275177519247,0.0803275177519247,0.2744140625,0.7913596034049988,2.8838157789562944,0.0,2.05216779969698,0.013552471530546395,0.7478362373272981,0.001867796883886879,0.0
glucose,roi_masked,4,glucose_02_c0.01_wH07,2,0.01,0.07727800763849181,0.0772780076384918,0.0672780076384918,0.2713758680555556,0.7839430570602417,2.8887721766762042,0.0,2.061932237680279,0.031566592760389325,0.7598067773875031,0.004332356200740849,1.3877787807814457e-17
glucose,roi_masked,4,glucose_03_c0.05_wA01,3,0.05,0.15615785690312015,0.1561578569031201,0.10615785690312009,0.2683376736111111,0.7739323377609253,2.8841732409238525,0.0,1.9861453233946664,0.02323068383434937,0.7401664092359582,0.003175055349508584,5.551115123125783e-17
glucose,roi_masked,4,glucose_03_c0.05_wA02,3,0.05,0.11126465869818493,0.1112646586981849,0.0612646586981849,0.2674696180555556,0.7588944435119629,2.8373108281566934,0.0,2.0300769164975296,0.03940180395846633,0.7589934629793603,0.0053788627652381245,2.7755575615628914e-17
glucose,roi_masked,4,glucose_03_c0.05_wA03,3,0.05,0.09211099619614987,0.0921109961961498,0.0421109961961498,0.2674696180555556,0.7664120197296143,2.8654171090580625,0.0,2.0486800547772437,0.030847522145999284,0.7659486971532283,0.004211091158310316,6.938893903907228e-17
glucose,roi_masked,4,glucose_03_c0.05_wB03,3,0.05,0.16154013859043873,0.1615401385904387,0.1115401385904387,0.2648654513888889,0.7618585228919983,2.8763982576700764,0.0,1.9800450354882506,0.02721764053260914,0.7475663681712297,0.003702402585218093,2.7755575615628914e-17
glucose,roi_masked,4,glucose_03_c0.05_wB06,3,0.05,0.1522460824303675,0.1522460824303675,0.1022460824303675,0.2648654513888889,0.7698678970336914,2.906637664507374,0.0,1.9894220908630043,0.03257252921761605,0.7511066771566345,0.004430825524273794,0.0
glucose,roi_masked,4,glucose_03_c0.05_wB07,3,0.05,0.0579193432194519,0.0579193432194519,0.007919343219451896,0.2713758680555556,0.7651462554931641,2.8195073533086763,0.0,2.0853003015007894,0.019203141953543224,0.7684177360508306,0.002635534716959856,0.0
glucose,roi_masked,4,glucose_03_c0.05_wC06,3,0.05,0.16848052304289465,0.1684805230428946,0.1184805230428946,0.2657335069444444,0.777294933795929,2.9250919190948474,0.0,1.9734237457509758,0.012965771653262514,0.7426326353957123,0.001765812790844796,5.551115123125783e-17
glucose,roi_masked,4,glucose_03_c0.05_wC07,3,0.05,0.12424205663135844,0.1242420566313584,0.0742420566313584,0.2648654513888889,0.7764574289321899,2.9315164543380017,0.0,2.018066994697204,0.02512733950300504,0.761921565879944,0.003418059938888479,4.163336342344337e-17
glucose,roi_masked,4,glucose_03_c0.05_wD11,3,0.05,0.07824977307523655,0.0782497730752365,0.028249773075236503,0.2718098958333333,0.7741050124168396,2.847964788197044,0.0,2.064428661860282,0.020420705441584586,0.7595119579921901,0.0028043096609990095,4.163336342344337e-17
glucose,roi_masked,4,glucose_03_c0.05_wD12,3,0.05,0.008251645056955269,0.0082516450569552,0.0417483549430448,0.2718098958333333,0.7741073369979858,2.8479733404285184,0.0,2.1330514283663975,0.02732992817927126,0.7847585614301286,0.003753130950680434,6.938893903907228e-17
glucose,roi_masked,4,glucose_03_c0.05_wE04,3,0.05,0.07105097071874072,0.0710509707187407,0.021050970718740694,0.2674696180555556,0.7587466835975647,2.8367583919006716,0.0,2.069539456060463,0.03801766102862986,0.7737474899413073,0.005189909110351841,2.7755575615628914e-17
glucose,roi_masked,4,glucose_03_c0.05_wE12,3,0.05,0.05390224517824552,0.0539022451782455,0.0039022451782455003,0.2713758680555556,0.7605834603309631,2.8026937906478033,0.0,2.086973731376605,0.03428754213235177,0.769034382581639,0.004705792826385018,1.3877787807814457e-17
glucose,roi_masked,4,glucose_03_c0.05_wF07,3,0.05,0.04907329425439149,0.0490732942543914,0.0009267057456086025,0.2705078125,0.7642405033111572,2.825206770363267,0.0,2.093609794620193,0.024836482940395525,0.7739553897801725,0.0034046263093661343,9.020562075079397e-17
glucose,roi_masked,4,glucose_03_c0.05_wF08,3,0.05,0.09494748379837033,0.0949474837983703,0.0449474837983703,0.2679036458333333,0.7806293368339539,2.9138436485466666,0.0,2.048036914572825,0.025570166433212277,0.7644677280155188,0.003492732382517924,2.7755575615628914e-17
glucose,roi_masked,4,glucose_03_c0.05_wF09,3,0.05,0.3946456401550386,0.3946456401550386,0.3446456401550386,0.2679036458333333,0.7950251698493958,2.9675787627914265,0.0,1.7482626496780778,0.022230416282527588,0.6525714288956325,0.00303654241084592,0.0
glucose,roi_masked,4,glucose_03_c0.05_wF11,3,0.05,0.11246212748818366,0.1124621274881836,0.0624621274881836,0.2718098958333333,0.7756698131561279,2.8537217557073356,0.0,2.029967736555775,0.022341067743965298,0.7468336391256697,0.0030680268265293425,5.551115123125783e-17
glucose,roi_masked,4,glucose_03_c0.05_wG01,3,0.05,0.0932245134238331,0.0932245134238331,0.0432245134238331,0.2674696180555556,0.7756479978561401,2.899948052025228,0.0,2.0492804865582297,0.02049153764647027,0.7661731831286266,0.0027973635157735157,0.0
glucose,roi_masked,4,glucose_03_c0.05_wG05,3,0.05,0.055651048093853496,0.0556510480938534,0.005651048093853396,0.2674696180555556,0.7594152688980103,2.8392580601071247,0.0,2.0869444728391917,0.027104881626899453,0.7802547773503444,0.0037001716645460726,9.71445146547012e-17
glucose,roi_masked,4,glucose_03_c0.05_wH07,3,0.05,0.09404536343645621,0.0940453634364562,0.044045363436456195,0.2744140625,0.7901847958564758,2.879534629740325,0.0,2.048089039289814,0.018408039956772287,0.7463498847803451,0.002536989625267136,1.3877787807814457e-17
glucose,roi_masked,4,glucose_04_c0.1_wA01,4,0.1,0.21383450588419614,0.2138345058841961,0.11383450588419611,0.2739800347222222,0.773783266544342,2.8242323106822402,0.0,1.9288120033467933,0.02768369794903086,0.7039972840730316,0.0038130766746116936,2.7755575615628914e-17
glucose,roi_masked,4,glucose_04_c0.1_wA02,4,0.1,0.24944161059733228,0.2494416105973322,0.1494416105973322,0.2705078125,0.7721332311630249,2.8543842191730597,0.0,1.893458009259764,0.03563352994456226,0.6999642604628153,0.004884703435506259,8.326672684688674e-17
glucose,roi_masked,4,glucose_04_c0.1_wA03,4,0.1,0.22319277757704872,0.2231927775770487,0.12319277757704869,0.2648654513888889,0.7678347229957581,2.8989614121789864,0.0,1.9181799336361396,0.03217476229609392,0.7242091875620918,0.004376717480749839,2.7755575615628914e-17
glucose,roi_masked,4,glucose_04_c0.1_wB03,4,0.1,0.17925218548035443,0.1792521854803544,0.0792521854803544,0.2718098958333333,0.7748563289642334,2.850728913267216,0.0,1.9633284656672336,0.026220525424219904,0.7223167720394901,0.003600780246008205,2.7755575615628914e-17
glucose,roi_masked,4,glucose_04_c0.1_wB06,4,0.1,0.3240240095711618,0.3240240095711618,0.22402400957116178,0.2683376736111111,0.7915820479393005,2.949947494463645,0.0,1.81906823487761,0.022614306535207185,0.6779026628642156,0.003090811938728599,0.0
glucose,roi_masked,4,glucose_04_c0.1_wB07,4,0.1,0.20886782766350084,0.2088678276635008,0.10886782766350078,0.2705078125,0.7759559154510498,2.8685157307648916,0.0,1.9337989296674223,0.03069103450971289,0.7148772938553937,0.004207177956887014,5.551115123125783e-17
glucose,roi_masked,4,glucose_04_c0.1_wC06,4,0.1,0.13058857439796273,0.1305885743979627,0.030588574397962698,0.2713758680555556,0.7873916625976562,2.901480032986805,0.0,2.011752807287625,0.02501719206136932,0.7413160284671233,0.0034334838724881557,2.7755575615628914e-17
glucose,roi_masked,4,glucose_04_c0.1_wC07,4,0.1,0.17081631951566975,0.1708163195156697,0.07081631951566969,0.2661675347222222,0.7895150780677795,2.9662335749990447,0.0,1.9716345613469084,0.022756631380071446,0.7407494544383657,0.0031010663137474265,5.551115123125783e-17
glucose,roi_masked,4,glucose_04_c0.1_wD11,4,0.1,0.13330126781427265,0.1333012678142726,0.03330126781427259,0.2726779513888889,0.7968633770942688,2.9223608767611546,0.0,2.0089430448172143,0.01994640567410219,0.7367456864717647,0.0027424447962483335,5.551115123125783e-17
glucose,roi_masked,4,glucose_04_c0.1_wD12,4,0.1,0.04382727796047204,0.043827277960472,0.05617272203952801,0.2744140625,0.7757856845855713,2.8270624235431496,0.0,2.098463923362356,0.017853386404528195,0.7647071379085597,0.0024605474667882734,4.163336342344337e-17
glucose,roi_masked,4,glucose_04_c0.1_wE04,4,0.1,0.13508336860948864,0.1350833686094886,0.0350833686094886,0.2722439236111111,0.7886680960655212,2.8969171675328194,0.0,2.007986669705807,0.02492653128457692,0.7375689576727269,0.003425121698503965,2.7755575615628914e-17
glucose,roi_masked,4,glucose_04_c0.1_wE12,4,0.1,0.07927428214805257,0.0792742821480525,0.020725717851947503,0.2731119791666667,0.7799262404441833,2.855701323771789,0.0,2.0631091946611106,0.0132949027919948,0.7554078004766307,0.0018290166313035393,6.938893903907228e-17
glucose,roi_masked,4,glucose_04_c0.1_wF07,4,0.1,0.16887320698088723,0.1688732069808872,0.0688732069808872,0.2683376736111111,0.7865825295448303,2.9313160502568363,0.0,1.973844296242588,0.023997934206509752,0.7355822496632306,0.0032799193481713464,2.7755575615628914e-17
glucose,roi_masked,4,glucose_04_c0.1_wF08,4,0.1,0.19106002219707416,0.1910600221970741,0.0910600221970741,0.2726779513888889,0.787423312664032,2.8877410463635966,0.0,1.951168685159054,0.019460832265948386,0.7155579228979643,0.002675682980202601,5.551115123125783e-17
glucose,roi_masked,4,glucose_04_c0.1_wF09,4,0.1,0.10277816297468567,0.1027781629746856,0.002778162974685597,0.2726779513888889,0.7839862704277039,2.875136278655678,0.0,2.039688594137213,0.019378427502235923,0.7480210936557325,0.0026643530935492503,6.938893903907228e-17
glucose,roi_masked,4,glucose_04_c0.1_wF11,4,0.1,0.10283219698040832,0.1028321969804083,0.0028321969804082914,0.2731119791666667,0.7923077344894409,2.901036186354663,0.0,2.0388265859009373,0.015535905477272446,0.7465167189377448,0.002137317582901073,2.7755575615628914e-17
glucose,roi_masked,4,glucose_04_c0.1_wG01,4,0.1,0.2700393548806483,0.2700393548806483,0.17003935488064828,0.2687717013888889,0.7718877196311951,2.871908447364188,0.0,1.8708467860563827,0.020349122561989952,0.6960728292408406,0.0027828685788885504,0.0
glucose,roi_masked,4,glucose_04_c0.1_wG05,4,0.1,0.1656612781527325,0.1656612781527325,0.06566127815273248,0.2705078125,0.7963483929634094,2.94390164041347,0.0,1.9767747401909253,0.017195025901365818,0.7307643804893529,0.0023571226938418474,0.0
glucose,roi_masked,4,glucose_04_c0.1_wH07,4,0.1,0.13536361115928164,0.1353636111592816,0.035363611159281605,0.2674696180555556,0.7839674353599548,2.93105228571089,0.0,1.98772089241097,0.015730902912606315,0.7431576366920689,0.0021474744666357547,2.7755575615628914e-17
glucose,roi_masked,4,glucose_05_c0.5_wA01,5,0.5,0.48314428046210445,0.4831442804621044,0.016855719537895608,0.2705078125,0.8240479230880737,3.046299903401399,0.0,1.6581492917847123,0.015176960172954834,0.6129764890929768,0.0020804828938561916,5.551115123125783e-17
glucose,roi_masked,4,glucose_05_c0.5_wA02,5,0.5,0.333853393462337,0.333853393462337,0.166146606537663,0.2731119791666667,0.8152424693107605,2.985011758906622,0.0,1.8070942509121752,0.019675716324033365,0.661667883051514,0.0027068428368755264,0.0
glucose,roi_masked,4,glucose_05_c0.5_wA03,5,0.5,0.5025520185203585,0.5025520185203585,0.0025520185203584678,0.2679036458333333,0.8316059112548828,3.104123158414338,0.0,1.637765158421031,0.026070475784495173,0.6113261927909366,0.0035610716589581665,0.0
glucose,roi_masked,4,glucose_05_c0.5_wB03,5,0.5,0.4730133711682774,0.4730133711682774,0.026986628831722592,0.2687717013888889,0.8121219277381897,3.021605040789324,0.0,1.6678163726652242,0.03499532983951975,0.620532728723565,0.004785828161463333,0.0
glucose,roi_masked,4,glucose_05_c0.5_wB06,5,0.5,0.3915841970482683,0.3915841970482683,0.1084158029517317,0.2670355902777778,0.7968733310699463,2.9841465335800996,0.0,1.75050110468095,0.032174606940044814,0.6555310110012043,0.004389654738111814,0.0
glucose,roi_masked,4,glucose_05_c0.5_wB07,5,0.5,0.3702131311614875,0.3702131311614875,0.12978686883851248,0.2692057291666667,0.7947332262992859,2.9521408357816274,0.0,1.771043009098122,0.026240726098484157,0.6578771612998102,0.0035907131659039353,0.0
glucose,roi_masked,4,glucose_05_c0.5_wC06,5,0.5,0.4177740849027208,0.4177740849027208,0.08222591509727922,0.2722439236111111,0.8047096133232117,2.955840492780677,0.0,1.724800437991653,0.019552283632435608,0.6335496547043076,0.0026866534360597376,0.0
glucose,roi_masked,4,glucose_05_c0.5_wC07,5,0.5,0.5997090260600473,0.5997090260600473,0.09970902606004728,0.2657335069444444,0.8315303921699524,3.1291890952381713,0.0006088418303988874,1.5419838704074844,0.009955287440071903,0.5802745344906238,0.001355813935979055,0.0
glucose,roi_masked,4,glucose_05_c0.5_wD11,5,0.5,0.4830205189455817,0.4830205189455817,0.01697948105441832,0.2713758680555556,0.8128843903541565,2.9954188490619376,0.0,1.6594025391809801,0.017753980811220982,0.6114775610192688,0.002436644633748512,0.0
glucose,roi_masked,4,glucose_05_c0.5_wD12,5,0.5,0.37371869887622705,0.373718698876227,0.126281301123773,0.2722439236111111,0.8144675493240356,2.991683114615509,0.0,1.7685711367147186,0.024570931291348963,0.6496274051798664,0.0033762591737151047,5.551115123125783e-17
glucose,roi_masked,4,glucose_05_c0.5_wE04,5,0.5,0.4824986472492319,0.4824986472492319,0.017501352750768084,0.2726779513888889,0.803006112575531,2.9448883141647806,0.0,1.6593533093618695,0.01850783718393839,0.6085395980532825,0.002544655042326961,0.0
glucose,roi_masked,4,glucose_05_c0.5_wE12,5,0.5,0.22079143792620756,0.2207914379262075,0.2792085620737925,0.2670355902777778,0.7761468291282654,2.906529531591261,0.0,1.922280723559905,0.028684341733136637,0.7198593721384837,0.00391346992468671,5.551115123125783e-17
glucose,roi_masked,4,glucose_05_c0.5_wF07,5,0.5,0.33182117095016445,0.3318211709501644,0.1681788290498356,0.2648654513888889,0.8068007826805115,3.0460778423529673,0.0,1.8114456699982484,0.020744075507275195,0.6839116466490723,0.0028218066402221132,5.551115123125783e-17
glucose,roi_masked,4,glucose_05_c0.5_wF08,5,0.5,0.3762486176280829,0.3762486176280829,0.12375138237191707,0.2670355902777778,0.7984965443611145,2.990225173844791,0.0,1.7662252416959423,0.029377366005918337,0.6614194159882082,0.004008020801044314,0.0
glucose,roi_masked,4,glucose_05_c0.5_wF09,5,0.5,0.4571434109989529,0.4571434109989529,0.04285658900104711,0.2674696180555556,0.8044375777244568,3.0075848747702203,0.0,1.6869488678509836,0.020499652599772378,0.6307067247916699,0.0027984713132795476,0.0
glucose,roi_masked,4,glucose_05_c0.5_wF11,5,0.5,0.35624563669385884,0.3562456366938588,0.14375436330614122,0.2718098958333333,0.7912469506263733,2.911030697394274,0.0,1.7863907353709552,0.023681125895570254,0.6572206394083323,0.0032520526933925713,5.551115123125783e-17
glucose,roi_masked,4,glucose_05_c0.5_wG01,5,0.5,0.3794910062346839,0.3794910062346839,0.1205089937653161,0.2648654513888889,0.8099230527877808,3.0578659788988887,0.0,1.7629031795638472,0.027710760539849166,0.6655844204367233,0.003769481463250921,0.0
glucose,roi_masked,4,glucose_05_c0.5_wG05,5,0.5,0.17492248889022738,0.1749224888902273,0.3250775111097727,0.2679036458333333,0.7945834398269653,2.9659299236311516,0.0,1.967458904705515,0.019700067324549736,0.734390492740625,0.002690911819520533,8.326672684688674e-17
glucose,roi_masked,4,glucose_05_c0.5_wH07,5,0.5,0.2398506880301367,0.2398506880301367,0.2601493119698633,0.2713758680555556,0.79703688621521,2.9370219685563272,0.0,1.9033807779010739,0.013893086990388048,0.7013817372705436,0.001906756361927271,0.0
glucose,roi_masked,4,glucose_06_c1_wA01,6,1.0,0.5367342272077704,0.5367342272077704,0.4632657727922296,0.2683376736111111,0.8126006126403809,3.028276282286191,0.0,1.6047647749093232,0.03449680079257722,0.5980393111833532,0.0047148526783982155,0.0
glucose,roi_masked,4,glucose_06_c1_wA02,6,1.0,0.573515393833913,0.573515393833913,0.42648460616608697,0.2709418402777778,0.8220911026000977,3.034197677838406,0.0,1.5691142179441004,0.014749146128022694,0.5791332251731209,0.0020230410881955227,0.0
glucose,roi_masked,4,glucose_06_c1_wA03,6,1.0,0.5439378850515182,0.5439378850515182,0.4560621149484818,0.2648654513888889,0.7880457043647766,2.975268009596797,0.0,1.5991185485458972,0.038275490846096716,0.6037475028020889,0.005206596658857968,0.0
glucose,roi_masked,4,glucose_06_c1_wB03,6,1.0,0.5553040747121125,0.5553040747121125,0.4446959252878875,0.2722439236111111,0.7976570725440979,2.9299352652715847,0.0,1.5872535313691443,0.03464571982993481,0.5830262473135924,0.004760622542905609,0.0
glucose,roi_masked,4,glucose_06_c1_wB06,6,1.0,0.3593624474250566,0.3593624474250566,0.6406375525749435,0.2648654513888889,0.7952331900596619,3.0024043750880147,0.0,1.783365295259017,0.03611662152897521,0.6733098959896396,0.004912926701269897,0.0
glucose,roi_masked,4,glucose_06_c1_wB07,6,1.0,0.5017475463990528,0.5017475463990528,0.49825245360094716,0.2661675347222222,0.7716817855834961,2.899233320806156,0.0,1.6414165086110766,0.017566904538898642,0.6166854685429957,0.0023938576405513807,0.0
glucose,roi_masked,4,glucose_06_c1_wC06,6,1.0,0.5230421176625291,0.5230421176625291,0.47695788233747094,0.2687717013888889,0.7940565943717957,2.954390623225865,0.0028981531504541636,1.6208238612799215,0.017436805567564884,0.6030485549275639,0.002384591187278201,0.0
glucose,roi_masked,4,glucose_06_c1_wC07,6,1.0,0.5546297386045758,0.5546297386045758,0.44537026139542424,0.2744140625,0.804714560508728,2.9324829535976424,0.0,1.5875782660480307,0.01937098975556162,0.578533859228891,0.0026697030295686538,0.0
glucose,roi_masked,4,glucose_06_c1_wD11,6,1.0,0.4734831139006595,0.4734831139006595,0.5265168860993406,0.2683376736111111,0.814213752746582,3.0342878873079258,0.03584125638008118,1.669563961344072,0.022010929993438788,0.6221876857156073,0.0030083454073784946,0.0
glucose,roi_masked,4,glucose_06_c1_wD12,6,1.0,0.4100275266280828,0.4100275266280828,0.5899724733719172,0.2713758680555556,0.8104977607727051,2.986624295594262,0.0,1.7323342624502431,0.014512590688287641,0.6383523615650316,0.0019917801308005794,0.0
glucose,roi_masked,4,glucose_06_c1_wE04,6,1.0,0.8437212325536021,0.8437212325536021,0.1562787674463979,0.2739800347222222,0.8436399698257446,3.0792023611540844,0.0025879042223095894,1.298719110262402,0.018190261339137592,0.4740196166407247,0.0025054767374307584,0.0
glucose,roi_masked,4,glucose_06_c1_wE12,6,1.0,0.5421824190985556,0.5421824190985556,0.4578175809014444,0.2648654513888889,0.799982488155365,3.0203353588037047,0.007085404358804226,1.6013242325634238,0.00917256410540257,0.6045802592095254,0.0012477394951349089,0.0
glucose,roi_masked,4,glucose_06_c1_wF07,6,1.0,0.7360612837065104,0.7360612837065104,0.26393871629348964,0.2705078125,0.8392946720123291,3.1026633362477436,0.0,1.4064751797775872,0.01769863366796498,0.5199388390224727,0.0024261580824626694,0.0
glucose,roi_masked,4,glucose_06_c1_wF08,6,1.0,0.6280237523462122,0.6280237523462122,0.3719762476537878,0.2683376736111111,0.8136765360832214,3.0322858700133315,0.00259633781388402,1.514396343828639,0.02110259638463763,0.5643621797300743,0.002884198847409468,0.0
glucose,roi_masked,4,glucose_06_c1_wF09,6,1.0,0.7082354574965184,0.7082354574965184,0.2917645425034816,0.2648654513888889,0.8185309767723083,3.0903652117712386,0.0005048988969065249,1.436202423753069,0.02017578569194356,0.5422384898528588,0.0027445024492539017,0.0
glucose,roi_masked,4,glucose_06_c1_wF11,6,1.0,0.3631097559560316,0.3631097559560316,0.6368902440439683,0.2713758680555556,0.8160751461982727,3.007176548325982,0.0016111342702060938,1.7716773527676475,0.0029931290588525727,0.6528499993245358,0.0004107919196781134,0.0
glucose,roi_masked,4,glucose_06_c1_wG01,6,1.0,1.0288585546106308,1.0288585546106308,0.028858554610630804,0.2683376736111111,0.8197022676467896,3.054741649265189,0.0,1.112999867762778,0.020766591848434768,0.4147758504367878,0.0028382754037546316,0.0
glucose,roi_masked,4,glucose_06_c1_wG05,6,1.0,0.5505344627675373,0.5505344627675373,0.44946553723246274,0.2687717013888889,0.8109925985336304,3.0174032249034872,0.0,1.591889214078179,0.018600927843617887,0.5922830438814897,0.0025437921205932997,0.0
glucose,roi_masked,4,glucose_06_c1_wH07,6,1.0,0.5590478324610999,0.5590478324610999,0.4409521675389001,0.2648654513888889,0.8339212536811829,3.148471230612774,0.0019357458222657442,1.5837669881284178,0.0028661016081561463,0.5979515183363989,0.0003898744268747903,0.0
glucose,roi_masked,4,glucose_07_c2.5_wA01,7,2.5,2.5801721771029897,2.5801721771029897,0.08017217710298974,0.2726779513888889,0.6037979125976562,2.2143261291285317,0.6233147978782654,0.44066478578040114,0.005028552424189314,0.16160631379833573,0.000691379071181989,0.0
glucose,roi_masked,4,glucose_07_c2.5_wA02,7,2.5,2.40372233878773,2.40372233878773,0.09627766121227,0.2718098958333333,0.6273807287216187,2.3081599983626497,0.6615128517150879,0.263921288543127,0.003623480893903519,0.09709774831191453,0.0004976009524394997,0.0
glucose,roi_masked,4,glucose_07_c2.5_wA03,7,2.5,1.8410479527010866,1.8410479527010863,0.6589520472989137,0.2679036458333333,0.7939697504043579,2.963639214146036,0.18828579783439636,0.2991316084690889,0.007897986676232538,0.11165641570073406,0.0010788179221603539,2.220446049250313e-16
glucose,roi_masked,4,glucose_07_c2.5_wB03,7,2.5,2.6145478318645905,2.6145478318645905,0.1145478318645905,0.2722439236111111,0.6016947031021118,2.210130882339204,0.6202367544174194,0.47470753207095084,0.012696495198754043,0.17436845817321178,0.0017446086141600905,0.0
glucose,roi_masked,4,glucose_07_c2.5_wB06,7,2.5,2.7179665811147347,2.7179665811147347,0.21796658111473466,0.2744140625,0.6381468176841736,2.325488759105316,0.6539394855499268,0.5750511584474229,0.020057777102029384,0.20955600934169435,0.002764355821329487,0.0
glucose,roi_masked,4,glucose_07_c2.5_wB07,7,2.5,2.3684652479386723,2.3684652479386723,0.1315347520613277,0.2670355902777778,0.5435066819190979,2.035334246471518,0.5041846632957458,0.22927738187474755,0.0016636066550077544,0.08586023370002736,0.00022696963630720155,0.0
glucose,roi_masked,4,glucose_07_c2.5_wC06,7,2.5,2.8175096291744186,2.8175096291744186,0.3175096291744186,0.2705078125,0.6622286438941956,2.448094336995149,0.6764618158340454,0.6767744177069539,0.026847836373060652,0.2501866439465418,0.003680345976708716,0.0
glucose,roi_masked,4,glucose_07_c2.5_wC07,7,2.5,2.762691216295932,2.762691216295932,0.26269121629593206,0.2648654513888889,0.6621387004852295,2.499905884339154,0.6779651641845703,0.6222233996727531,0.01611524803632891,0.23492055925375224,0.002192149459820033,0.0
glucose,roi_masked,4,glucose_07_c2.5_wD11,7,2.5,2.521570567844518,2.521570567844518,0.021570567844518163,0.2683376736111111,0.6570937037467957,2.448756802964201,0.7033717036247253,0.3802378063491849,0.011205645849045709,0.14170123830627127,0.0015315324357823706,0.0
glucose,roi_masked,4,glucose_07_c2.5_wD12,7,2.5,2.7800250576783676,2.780025057678368,0.28002505767836805,0.2726779513888889,0.6570854783058167,2.4097492113276586,0.6724079251289368,0.6392048267472923,0.009239532052385258,0.23441749635109613,0.0012703495061134199,4.440892098500626e-16
glucose,roi_masked,4,glucose_07_c2.5_wE04,7,2.5,2.826808372811787,2.826808372811787,0.326808372811787,0.2683376736111111,0.6952474117279053,2.5909422347288213,0.711233913898468,0.6842055321532858,0.023846471408356162,0.25497930385461715,0.0032592181595641465,0.0
glucose,roi_masked,4,glucose_07_c2.5_wE12,7,2.5,2.4769327459132082,2.476932745913208,0.02306725408679222,0.2679036458333333,0.5614010691642761,2.0955335169777114,0.5860297083854675,0.33586756501128745,0.01662734417514944,0.12536879218890343,0.0022711961452227245,4.440892098500626e-16
glucose,roi_masked,4,glucose_07_c2.5_wF07,7,2.5,3.00374857812424,3.00374857812424,0.5037485781242399,0.2705078125,0.7375109195709229,2.7263941575473827,0.7526268362998962,0.8599007872868403,0.04687608922435338,0.31788390114863696,0.006425852123927425,0.0
glucose,roi_masked,4,glucose_07_c2.5_wF08,7,2.5,2.528407868273894,2.528407868273894,0.028407868273894188,0.2722439236111111,0.6772502064704895,2.487659586620977,0.71312415599823,0.3872599354656492,0.0005636818638952157,0.1422474119271193,7.745477944920693e-05,0.0
glucose,roi_masked,4,glucose_07_c2.5_wF09,7,2.5,2.640332352356807,2.640332352356807,0.1403323523568072,0.2679036458333333,0.6816390156745911,2.5443439321413654,0.7053074240684509,0.4972589795105775,0.029327599830534457,0.18561112819641484,0.004005975397038767,0.0
glucose,roi_masked,4,glucose_07_c2.5_wF11,7,2.5,2.5541803301991575,2.554180330199157,0.05418033019915702,0.2718098958333333,0.6326754093170166,2.3276393502058386,0.6556466221809387,0.4127925608076315,0.012541302163697754,0.1518681133893466,0.0017222566046883995,4.440892098500626e-16
glucose,roi_masked,4,glucose_07_c2.5_wG01,7,2.5,2.449575241276535,2.449575241276535,0.05042475872346497,0.2739800347222222,0.5850648283958435,2.1354286964340967,0.6072289347648621,0.3084852794420745,0.026143799370476284,0.11259407268665975,0.003600975265256456,0.0
glucose,roi_masked,4,glucose_07_c2.5_wG05,7,2.5,2.8197835167685454,2.819783516768545,0.319783516768545,0.2687717013888889,0.7519316673278809,2.797659364591744,0.7730059623718262,0.6768383019177802,0.026847684643231506,0.25182647519072515,0.003671587203917815,4.440892098500626e-16
glucose,roi_masked,4,glucose_07_c2.5_wH07,7,2.5,2.239585152634319,2.239585152634319,0.2604148473656811,0.2687717013888889,0.5496170520782471,2.0449215793109103,0.518712043762207,0.09658208398646062,0.01938914023587701,0.03593461792568515,0.002651585048432149,0.0
glucose,roi_masked,4,glucose_08_c5_wA01,8,5.0,3.7977172163693087,3.7977172163693087,1.2022827836306913,0.2705078125,0.750518798828125,2.774481046931408,0.7577428817749023,1.657299662014339,0.03558099724668029,0.6126624021309326,0.004877502166077727,0.0
glucose,roi_masked,4,glucose_08_c5_wA02,8,5.0,2.998200794847055,2.998200794847055,2.001799205152945,0.2670355902777778,0.7279166579246521,2.72591626145209,0.7408433556556702,0.8577634770774085,0.01996148266744413,0.3212169120172855,0.0027233904406094023,0.0
glucose,roi_masked,4,glucose_08_c5_wA03,8,5.0,3.7707748531168637,3.770774853116864,1.2292251468831359,0.2683376736111111,0.7463136911392212,2.7812482723570815,0.7537147402763367,1.6288669351389862,0.04688722217504182,0.6070213374137039,0.006408314393670258,4.440892098500626e-16
glucose,roi_masked,4,glucose_08_c5_wB03,8,5.0,6.251541714038907,6.251541714038907,1.2515417140389067,0.2683376736111111,0.7368747591972351,2.746072697437007,0.7404177784919739,4.108614454846828,0.12180255082741542,1.5311359003586078,0.016647372214525592,0.0
glucose,roi_masked,4,glucose_08_c5_wB06,8,5.0,5.40389552993081,5.40389552993081,0.4038955299308098,0.2670355902777778,0.7294408679008484,2.7316241522040707,0.7335559725761414,3.260208470745543,0.12817607199605607,1.2208891209423374,0.017487352768551484,0.0
glucose,roi_masked,4,glucose_08_c5_wB07,8,5.0,5.563718837202661,5.563718837202661,0.5637188372026607,0.2713758680555556,0.7299851775169373,2.689941381845699,0.7339600920677185,3.420718813344796,0.14069124755320228,1.2605095795196177,0.01930916660387658,0.0
glucose,roi_masked,4,glucose_08_c5_wC06,8,5.0,4.666034571021859,4.666034571021859,0.3339654289781411,0.2735460069444444,0.7516217231750488,2.747697659968763,0.7568206787109375,2.521536830913819,0.09689261430698082,0.921796248857666,0.01333774956614093,0.0
glucose,roi_masked,4,glucose_08_c5_wC07,8,5.0,5.901311292729777,5.901311292729777,0.9013112927297771,0.2670355902777778,0.7076621055603027,2.650066625292056,0.7112686038017273,3.7549019505464107,0.1328311145289751,1.40614288404046,0.018122450799393557,0.0
glucose,roi_masked,4,glucose_08_c5_wD11,8,5.0,6.218154239185639,6.218154239185639,1.2181542391856386,0.2687717013888889,0.7151643633842468,2.6608618380901166,0.7187193632125854,4.072304735429716,0.20462104940792347,1.515153832931783,0.02798319619147385,0.0
glucose,roi_masked,4,glucose_08_c5_wD12,8,5.0,4.285867430590797,4.285867430590797,0.7141325694092027,0.2666015625,0.716493546962738,2.6875069307320283,0.7220976948738098,2.1450923526594474,0.07823269043068937,0.8046060692759247,0.010667147137287072,0.0
glucose,roi_masked,4,glucose_08_c5_wE04,8,5.0,5.020106413141664,5.020106413141664,0.02010641314166417,0.2713758680555556,0.7666250467300415,2.824956589629773,0.7715127468109131,2.8752035580197646,0.048189857914836765,1.0594912431311536,0.006613815793643122,0.0
glucose,roi_masked,4,glucose_08_c5_wE12,8,5.0,4.38922737329378,4.38922737329378,0.6107726267062201,0.2639973958333333,0.7198426723480225,2.7267036861320904,0.7251949310302734,2.248681234468266,0.08074601085603383,0.851781597076019,0.010970886570090045,0.0
glucose,roi_masked,4,glucose_08_c5_wF07,8,5.0,4.809951845174362,4.809951845174362,0.19004815482563764,0.2739800347222222,0.7819967269897461,2.8542106280940596,0.7875519394874573,2.6627285672394385,0.06862828031313217,0.9718695633932145,0.009452671220532448,0.0
glucose,roi_masked,4,glucose_08_c5_wF08,8,5.0,4.994633959111947,4.994633959111947,0.005366040888053369,0.2731119791666667,0.757843554019928,2.774845527949009,0.7629138231277466,2.848424539004452,0.059154228336333325,1.0429511542099734,0.008138011171035199,0.0
glucose,roi_masked,4,glucose_08_c5_wF09,8,5.0,4.92082755065348,4.92082755065348,0.07917244934651979,0.2705078125,0.7638496160507202,2.8237617575304603,0.7689045667648315,2.7739911171803304,0.09640265219022659,1.0254754166038478,0.013215035588057837,0.0
glucose,roi_masked,4,glucose_08_c5_wF11,8,5.0,5.0395899184591535,5.0395899184591535,0.039589918459153495,0.2735460069444444,0.7605093717575073,2.780188167440376,0.7653393149375916,2.8940987761637995,0.09559073314233402,1.0579934280494083,0.013158539158174016,0.0
glucose,roi_masked,4,glucose_08_c5_wG01,8,5.0,4.524382396761726,4.524382396761726,0.4756176032382742,0.2705078125,0.7699272036552429,2.846229084992667,0.7753939628601074,2.3810360379315774,0.07292903176788279,0.8802097122173053,0.009997232734981524,0.0
glucose,roi_masked,4,glucose_08_c5_wG05,8,5.0,5.007325881950981,5.007325881950981,0.007325881950981383,0.2709418402777778,0.7578280568122864,2.7970137651509934,0.7626338601112366,2.8565013508245416,0.13159866677559684,1.0542858009290739,0.018050503244588487,0.0
glucose,roi_masked,4,glucose_08_c5_wH07,8,5.0,4.747536071208889,4.747536071208889,0.25246392879111124,0.2713758680555556,0.7705064415931702,2.8392592425920253,0.775702178478241,2.603447855680389,0.062260093343486034,0.9593512770072157,0.008544884888362879,0.0
glucose,roi_masked,4,glucose_09_c10_wA01,9,10.0,9.409030535749777,9.409030535749777,0.5909694642502235,0.2679036458333333,0.7116074562072754,2.6562066895124548,0.7140217423439026,7.220972355170115,0.20936569818655215,2.695361734517934,0.028598106928816727,0.0
glucose,roi_masked,4,glucose_09_c10_wA02,9,10.0,9.325963526977578,9.325963526977578,0.6740364730224222,0.2722439236111111,0.7274627685546875,2.67209919290554,0.7299359440803528,7.168282731556367,0.14352316965561762,2.6330368136318647,0.019721328933147042,0.0
glucose,roi_masked,4,glucose_09_c10_wA03,9,10.0,9.721974667856557,9.721974667856555,0.2780253321434447,0.2670355902777778,0.7275987863540649,2.724725889898034,0.7300213575363159,7.566537789938456,0.1996201883870068,2.8335315835868675,0.02723463591672324,1.7763568394002505e-15
glucose,roi_masked,4,glucose_09_c10_wB03,9,10.0,9.803439859099587,9.803439859099589,0.19656014090041118,0.2670355902777778,0.7139542698860168,2.6736296429376396,0.7162941694259644,7.608047117139826,0.2789622611783944,2.8490760760487865,0.03805945520385023,1.7763568394002505e-15
glucose,roi_masked,4,glucose_09_c10_wB06,9,10.0,9.514156634335553,9.514156634335553,0.4858433656644472,0.2657335069444444,0.7066004276275635,2.6590565704432936,0.7089889049530029,7.327447545497476,0.2518497179248449,2.757442081637597,0.0342994975675391,0.0
glucose,roi_masked,4,glucose_09_c10_wB07,9,10.0,11.842262765021758,11.842262765021758,1.8422627650217578,0.2674696180555556,0.7057358622550964,2.6385645868328473,0.7077426314353943,9.65048390807147,0.41296710684527405,3.6080673304984447,0.056375423739979946,0.0
glucose,roi_masked,4,glucose_09_c10_wC06,9,10.0,10.966493551874505,10.966493551874503,0.9664935518745033,0.2679036458333333,0.7147772908210754,2.668038684571499,0.7169560790061951,8.78467894064542,0.25406618754051813,3.279044192668619,0.03470392743994983,1.7763568394002505e-15
glucose,roi_masked,4,glucose_09_c10_wC07,9,10.0,9.924709633727185,9.924709633727185,0.07529036627281549,0.2661675347222222,0.7111706137657166,2.6718908994964714,0.7135282754898071,7.747275809338544,0.194459953974075,2.9106764720287006,0.02649923016154185,0.0
glucose,roi_masked,4,glucose_09_c10_wD11,9,10.0,10.24920280727302,10.24920280727302,0.24920280727302035,0.2683376736111111,0.7105903625488281,2.6481200085928025,0.7128338813781738,8.024284478381679,0.28456387469186595,2.9903682067434514,0.03889278761916412,0.0
glucose,roi_masked,4,glucose_09_c10_wD12,9,10.0,9.508185002557187,9.508185002557187,0.49181499744281254,0.2670355902777778,0.7231289148330688,2.7079870292976684,0.7256036400794983,7.337372098558308,0.1686761105875796,2.7477131759574713,0.02301286506550901,0.0
glucose,roi_masked,4,glucose_09_c10_wE04,9,10.0,11.659687859852031,11.659687859852031,1.6596878598520313,0.2670355902777778,0.7402693629264832,2.7721749080578904,0.742466390132904,9.502749334548316,0.32353203599078206,3.558607796310332,0.044140210861451486,0.0
glucose,roi_masked,4,glucose_09_c10_wE12,9,10.0,10.52884634174786,10.52884634174786,0.5288463417478599,0.2683376736111111,0.7150922417640686,2.664896926849032,0.7173171639442444,8.338874417749608,0.29796442991385064,3.107604797168637,0.040724309448109855,0.0
glucose,roi_masked,4,glucose_09_c10_wF07,9,10.0,11.971827677375149,11.971827677375147,1.9718276773751473,0.2739800347222222,0.7338452935218811,2.6784626634050124,0.7359324097633362,9.815036492156835,0.3248954776467876,3.582391141058115,0.04475021255406957,1.7763568394002505e-15
glucose,roi_masked,4,glucose_09_c10_wF08,9,10.0,10.81260983037502,10.81260983037502,0.8126098303750204,0.2744140625,0.7374816536903381,2.68747762768294,0.739732027053833,8.66059323774214,0.23479285685553997,3.156031130052652,0.03235906937013095,0.0
glucose,roi_masked,4,glucose_09_c10_wF09,9,10.0,14.45971342659167,14.45971342659167,4.459713426591669,0.2670355902777778,0.7431290149688721,2.782883787872054,0.7449889183044434,12.306747104567828,0.4261938897608637,4.6086542590693655,0.05814660085915796,0.0
glucose,roi_masked,4,glucose_09_c10_wF11,9,10.0,11.493796144256882,11.493796144256882,1.4937961442568817,0.2679036458333333,0.7181612849235535,2.680670069605293,0.7202326655387878,9.311201702714932,0.34587393377596953,3.475578569956291,0.04724431856646413,0.0
glucose,roi_masked,4,glucose_09_c10_wG01,9,10.0,8.893815906755673,8.893815906755673,1.1061840932443268,0.2687717013888889,0.7213398814201355,2.6838386544884814,0.7238752245903015,6.717818017563282,0.19362207760493533,2.4994513867526527,0.026479018655692004,0.0
glucose,roi_masked,4,glucose_09_c10_wG05,9,10.0,13.125851811855682,13.125851811855682,3.125851811855682,0.2670355902777778,0.7216299772262573,2.7023737789992635,0.7235702872276306,10.971453776748646,0.24267916629730912,4.108611052682468,0.03310927011985198,0.0
glucose,roi_masked,4,glucose_09_c10_wH07,9,10.0,11.752693851065047,11.752693851065048,1.7526938510650485,0.2705078125,0.7228952050209045,2.6723635015935243,0.7249771356582642,9.569853374985957,0.2778476251590085,3.537736410103112,0.03808781367641563,1.7763568394002505e-15
glucose,roi_masked,4,glucose_10_c15_wA01,10,15.0,15.707810474743575,15.707810474743576,0.7078104747435763,0.2718098958333333,0.7167410850524902,2.636920494947605,0.7184368968009949,13.516216052001145,0.47485246632132316,4.972672540329045,0.06520995871877983,1.7763568394002505e-15
glucose,roi_masked,4,glucose_10_c15_wA02,10,15.0,15.131119650993146,15.131119650993146,0.1311196509931456,0.2722439236111111,0.7287584543228149,2.676858475503811,0.7305448055267334,12.957773718447406,0.37607480219088174,4.759619074898817,0.05167594121054371,0.0
glucose,roi_masked,4,glucose_10_c15_wA03,10,15.0,13.720118490036414,13.720118490036414,1.2798815099635856,0.2657335069444444,0.7246652245521545,2.727037447722604,0.7265523076057434,11.546325296691386,0.3600812970239673,4.345076926676514,0.049039592631489326,0.0
glucose,roi_masked,4,glucose_10_c15_wB03,10,15.0,16.358575084265745,16.358575084265745,1.3585750842657447,0.2687717013888889,0.7200071215629578,2.678879948455478,0.7216876149177551,14.183466522236541,0.6008444322960713,5.277142812633508,0.08216919851670267,0.0
glucose,roi_masked,4,glucose_10_c15_wB06,10,15.0,15.929710033770803,15.929710033770805,0.9297100337708049,0.2683376736111111,0.730257511138916,2.7214125445435706,0.7319921255111694,13.776200551911145,0.4675441780840046,5.133904742677442,0.06390163347504356,1.7763568394002505e-15
glucose,roi_masked,4,glucose_10_c15_wB07,10,15.0,17.549366377383407,17.549366377383407,2.549366377383407,0.2657335069444444,0.7274670600891113,2.7375812273504496,0.7291172742843628,15.376627440507807,0.5539088131632077,5.786484217710084,0.0754370270742149,0.0
glucose,roi_masked,4,glucose_10_c15_wC06,10,15.0,14.168360397206659,14.16836039720666,0.8316396027933397,0.2648654513888889,0.7368416786193848,2.781947116000102,0.738747239112854,12.009872224047449,0.4783866452061112,4.534329472217177,0.06507470586301875,1.7763568394002505e-15
glucose,roi_masked,4,glucose_10_c15_wC07,10,15.0,15.426504723737008,15.426504723737008,0.42650472373700765,0.2718098958333333,0.7363547682762146,2.7090800576581215,0.7381373047828674,13.272987137115205,0.46720620744729935,4.88318760302011,0.06415992263201177,0.0
glucose,roi_masked,4,glucose_10_c15_wD11,10,15.0,15.81581638040041,15.81581638040041,0.8158163804004097,0.2709418402777778,0.7330000400543213,2.705377801017471,0.7347286343574524,13.656359589702351,0.5534457165708133,5.040328793700315,0.07591242333556505,0.0
glucose,roi_masked,4,glucose_10_c15_wD12,10,15.0,13.27408892981628,13.27408892981628,1.7259110701837201,0.2661675347222222,0.7232470512390137,2.717262464010905,0.725162148475647,11.113560473227217,0.3708372590921556,4.175400461527193,0.050534321747646105,0.0
glucose,roi_masked,4,glucose_10_c15_wE04,10,15.0,12.71513369497004,12.71513369497004,2.2848663050299596,0.2718098958333333,0.7421260476112366,2.7303128362415796,0.744153618812561,10.563603971310823,0.31198252223902756,3.886394179624772,0.042843554238636235,0.0
glucose,roi_masked,4,glucose_10_c15_wE12,10,15.0,15.435564231288275,15.435564231288277,0.4355642312882768,0.2705078125,0.7216290235519409,2.66768274410537,0.7234002947807312,13.279205709749519,0.32460975992731633,4.908991569235924,0.04449804473434698,1.7763568394002505e-15
glucose,roi_masked,4,glucose_10_c15_wF07,10,15.0,16.26003311668919,16.26003311668919,1.2600331166891898,0.2683376736111111,0.7289018034934998,2.71636029963449,0.7306153774261475,14.102586731986067,0.3579022739203701,5.255537376546042,0.0489163184999278,0.0
glucose,roi_masked,4,glucose_10_c15_wF08,10,15.0,16.07717168178496,16.07717168178496,1.0771716817849608,0.2713758680555556,0.7284191250801086,2.6841705944575294,0.7301734685897827,13.92272625617423,0.5544099061960637,5.1304216384206995,0.07608997312737041,0.0
glucose,roi_masked,4,glucose_10_c15_wF09,10,15.0,16.669798330333123,16.669798330333123,1.6697983303331227,0.2709418402777778,0.7287631034851074,2.689739992678714,0.7304619550704956,14.502358886522318,0.48838611047976244,5.3525726671281415,0.0669886351269756,0.0
glucose,roi_masked,4,glucose_10_c15_wF11,10,15.0,17.541107652577463,17.541107652577463,2.5411076525774625,0.2648654513888889,0.7116520404815674,2.6868435907735044,0.7132390737533569,15.363428232535593,0.6648324276959876,5.800465161452193,0.09043683621618039,0.0
glucose,roi_masked,4,glucose_10_c15_wG01,10,15.0,16.64736191803743,16.64736191803743,1.6473619180374293,0.2679036458333333,0.7137143015861511,2.664070880282693,0.7153823971748352,14.441287833062251,0.5433297379581568,5.390478277420078,0.07421560493585849,0.0
glucose,roi_masked,4,glucose_10_c15_wG05,10,15.0,14.62693938191186,14.62693938191186,0.3730606180881395,0.2713758680555556,0.7297317385673523,2.689007478063462,0.7315853238105774,12.452936356302256,0.4156627638389825,4.588814932414298,0.05704762519047004,0.0
glucose,roi_masked,4,glucose_10_c15_wH07,10,15.0,16.04960825214644,16.04960825214644,1.0496082521464416,0.2670355902777778,0.7173298001289368,2.6862703933312804,0.7190459370613098,13.881081705437875,0.436554145228655,5.198214099850283,0.059560074055178165,0.0
glucose,roi_masked,4,glucose_11_c20_wA01,11,20.0,21.561165465970095,20.0,0.0,0.2709418402777778,0.704400897026062,2.599823254702518,0.7057879567146301,19.34037280117709,0.8830249358679296,7.138200870470487,0.12111858623245782,3.552713678800501e-15
glucose,roi_masked,4,glucose_11_c20_wA02,11,20.0,22.135772828106724,20.0,0.0,0.2713758680555556,0.7144243121147156,2.6326007438821346,0.7158153057098389,19.912628499618517,0.9992480085065125,7.3376563075763395,0.13714176688601667,0.0
glucose,roi_masked,4,glucose_11_c20_wA03,11,20.0,19.860738890761525,19.860738890761525,0.13926110923847546,0.2674696180555556,0.7109676003456116,2.6581247078235926,0.7124440670013428,17.66489418748452,0.787694534214193,6.604448877560135,0.1075306299410162,0.0
glucose,roi_masked,4,glucose_11_c20_wB03,11,20.0,20.338462387074784,20.0,0.0,0.2674696180555556,0.706045389175415,2.6397218282517745,0.7075084447860718,18.10592519068998,0.8014939230400415,6.769339008413747,0.1094144274142649,0.0
glucose,roi_masked,4,glucose_11_c20_wB06,11,20.0,19.22346561632825,19.22346561632825,0.7765343836717484,0.2683376736111111,0.7152310013771057,2.665414035055158,0.7167640328407288,17.051337160250775,0.5448522750354954,6.354432805049379,0.07446772307173552,0.0
glucose,roi_masked,4,glucose_11_c20_wB07,11,20.0,18.84003707280655,18.84003707280655,1.159962927193451,0.2687717013888889,0.7220359444618225,2.6864284473799582,0.7236130237579346,16.673281842519195,0.6461493449303894,6.203510918879972,0.08836492599611913,0.0
glucose,roi_masked,4,glucose_11_c20_wC06,11,20.0,18.61482974986339,18.61482974986339,1.3851702501366105,0.2700737847222222,0.72309809923172,2.6774094345196993,0.7246987819671631,16.453486860353166,0.5127818454639623,6.092219160506822,0.07025118905598153,0.0
glucose,roi_masked,4,glucose_11_c20_wC07,11,20.0,18.033191815990232,18.033191815990232,1.9668081840097678,0.2692057291666667,0.7250094413757324,2.6931426891248487,0.7266261577606201,15.87422899197369,0.4044321856473303,5.8966906243462125,0.05534145542577278,0.0
glucose,roi_masked,4,glucose_11_c20_wD11,11,20.0,20.212265003483182,20.0,0.0,0.2657335069444444,0.7062683701515198,2.6578069821626813,0.7077637314796448,18.02826943219298,0.6684347418580785,6.784341816541059,0.09103435172105884,3.552713678800501e-15
glucose,roi_masked,4,glucose_11_c20_wD12,11,20.0,23.10827387133243,20.0,0.0,0.2679036458333333,0.7078258991241455,2.642091326985875,0.7092031240463257,20.908696723561807,0.70296524519852,7.804558485392694,0.09602086408403084,0.0
glucose,roi_masked,4,glucose_11_c20_wE04,11,20.0,18.026594825534435,18.026594825534435,1.9734051744655652,0.2674696180555556,0.7239335179328918,2.706600933577903,0.7255408763885498,15.859351803787478,0.6450872573639792,5.9294030922395695,0.08806286718806743,0.0
glucose,roi_masked,4,glucose_11_c20_wE12,11,20.0,22.639507225930135,20.0,0.0,0.2705078125,0.7107054591178894,2.6273010474249774,0.71213299036026,20.447715606337407,0.6948276496575829,7.5590111122344785,0.09524812761035675,3.552713678800501e-15
glucose,roi_masked,4,glucose_11_c20_wF07,11,20.0,19.062439712263632,19.062439712263632,0.9375602877363676,0.2666015625,0.7303187251091003,2.7393640092004348,0.7318974137306213,16.90563123275357,0.709226216640424,6.341159847010863,0.09670408067107777,0.0
glucose,roi_masked,4,glucose_11_c20_wF08,11,20.0,20.336723265317467,20.0,0.0,0.2709418402777778,0.7271621227264404,2.6838310464745194,0.7286912202835083,18.176099184091306,0.7182181125007219,6.708487388089126,0.0985131436941011,0.0
glucose,roi_masked,4,glucose_11_c20_wF09,11,20.0,20.194991502077308,20.0,0.0,0.2705078125,0.7313706874847412,2.703695249041065,0.7328987121582031,18.0400663863533,0.5570019992592741,6.6689631695399925,0.07635475866686703,0.0
glucose,roi_masked,4,glucose_11_c20_wF11,11,20.0,21.382876218970864,20.0,0.0,0.2692057291666667,0.7199383974075317,2.674305630998715,0.7214041948318481,19.215946795785896,0.42096108289967304,7.138015544940057,0.057603227023064404,0.0
glucose,roi_masked,4,glucose_11_c20_wG01,11,20.0,17.392744931494306,17.392744931494306,2.607255068505694,0.2683376736111111,0.7147568464279175,2.663647026558709,0.7163925170898438,15.200286568366572,0.5949728026139702,5.6646114441595765,0.08131794970918509,0.0
glucose,roi_masked,4,glucose_11_c20_wG05,11,20.0,20.47271497145818,20.0,0.0,0.2713758680555556,0.7241320610046387,2.668373080455318,0.7256287336349487,18.31711617617885,0.6897349480467803,6.749721818459188,0.09466265496945833,0.0
glucose,roi_masked,4,glucose_11_c20_wH07,11,20.0,14.984145735349562,14.984145735349562,5.015854264650438,0.2692057291666667,0.737099826335907,2.738054010282837,0.7389840483665466,12.819444880643141,0.700864472539175,4.761950988311455,0.09590448372562789,0.0
glucose,roi_masked,5,glucose_01_c0_wA05,1,0.0,0.4434611862387312,0.4434611862387312,0.4434611862387312,0.2679036458333333,0.703169584274292,2.624710769004405,,4.889616947201542,0.10024709700949863,1.8251401290161775,0.013693156158878603,0.0
glucose,roi_masked,5,glucose_01_c0_wA09,1,0.0,0.48984919893330314,0.4898491989333031,0.4898491989333031,0.2674696180555556,0.7111371755599976,2.658758705866506,,4.876011376842181,0.10710898404345581,1.8230150445832671,0.014621780431706248,5.551115123125783e-17
glucose,roi_masked,5,glucose_01_c0_wB02,1,0.0,0.2715572591548847,0.2715572591548847,0.2715572591548847,0.2709418402777778,0.7058766484260559,2.605270000758723,,5.061977912035133,0.10948918368886496,1.868289484874481,0.01501789428302693,0.0
glucose,roi_masked,5,glucose_01_c0_wB05,1,0.0,0.3659999817196198,0.3659999817196198,0.3659999817196198,0.2731119791666667,0.711053729057312,2.603524500195545,,5.014896006243868,0.08129548397466557,1.8362050692706988,0.011184045085990716,0.0
glucose,roi_masked,5,glucose_01_c0_wB09,1,0.0,0.4997864727289114,0.4997864727289114,0.4997864727289114,0.2670355902777778,0.7197369337081909,2.6952846733257565,,4.884506167233579,0.0737185018314479,1.829159237595476,0.010057582722111382,0.0
glucose,roi_masked,5,glucose_01_c0_wC11,1,0.0,0.3268385704911223,0.3268385704911223,0.3268385704911223,0.2679036458333333,0.7177199125289917,2.6790225653573057,,5.0452464383818345,0.10723798783822236,1.8832317203777642,0.014648070192931038,0.0
glucose,roi_masked,5,glucose_01_c0_wD01,1,0.0,0.5655099245637327,0.5655099245637327,0.5655099245637327,0.2692057291666667,0.7075164914131165,2.6281628314644423,,4.840790056052135,0.08168568063784676,1.7981749760812766,0.011177657501980636,0.0
glucose,roi_masked,5,glucose_01_c0_wD04,1,0.0,0.1937823046657856,0.1937823046657856,0.1937823046657856,0.2679036458333333,0.7205231189727783,2.689486052836422,,5.195750666529242,0.09202589221217039,1.9394102123423855,0.012570188567175964,0.0
glucose,roi_masked,5,glucose_01_c0_wD06,1,0.0,0.21289397796449538,0.2128939779644953,0.2128939779644953,0.2679036458333333,0.7249312996864319,2.705940404175843,,5.201350337035781,0.08346147361518597,1.9415003931195531,0.011400340015378001,8.326672684688674e-17
glucose,roi_masked,5,glucose_01_c0_wD08,1,0.0,0.20179487369626958,0.2017948736962695,0.2017948736962695,0.2744140625,0.7283792495727539,2.6543073009341636,,5.229444546554867,0.08440829776319259,1.9056765892071832,0.011633122060499221,8.326672684688674e-17
glucose,roi_masked,5,glucose_01_c0_wE01,1,0.0,0.5720166530022226,0.5720166530022226,0.5720166530022226,0.2661675347222222,0.7082563638687134,2.660941968778664,,4.848406655101461,0.07807277806467017,1.821561994839587,0.010639046616057966,0.0
glucose,roi_masked,5,glucose_01_c0_wE05,1,0.0,0.185111179226217,0.185111179226217,0.185111179226217,0.2648654513888889,0.7131991386413574,2.6926846627278778,,5.199868386035411,0.1326756249988046,1.9632112677469213,0.018047801623453624,0.0
glucose,roi_masked,5,glucose_01_c0_wE06,1,0.0,0.06679160615362711,0.0667916061536271,0.0667916061536271,0.2744140625,0.7270562648773193,2.649486175211299,,5.357265706995834,0.0669004123821324,1.9522562576383395,0.0092201914238632,1.3877787807814457e-17
glucose,roi_masked,5,glucose_01_c0_wE09,1,0.0,0.4248161562963988,0.4248161562963988,0.4248161562963988,0.2670355902777778,0.7226906418800354,2.706345776337426,,4.983838790583726,0.09049855098771431,1.8663575088996187,0.012346922959330497,0.0
glucose,roi_masked,5,glucose_01_c0_wF03,1,0.0,0.37538222066984517,0.3753822206698451,0.3753822206698451,0.2687717013888889,0.7179355025291443,2.671172220956235,,5.01344282229341,0.10587707743540964,1.8653164735670595,0.014479346277559509,5.551115123125783e-17
glucose,roi_masked,5,glucose_01_c0_wG10,1,0.0,0.4126292792895887,0.4126292792895887,0.4126292792895887,0.2744140625,0.7349121570587158,2.678114052769128,,5.027932357312819,0.06956728712702365,1.8322429657965578,0.009587739167977418,0.0
glucose,roi_masked,5,glucose_01_c0_wH03,1,0.0,0.13058398266555749,0.1305839826655574,0.1305839826655574,0.2731119791666667,0.7310143113136292,2.676610207813431,,5.305427682132247,0.07339678866425192,1.9425832943397212,0.010097399676515089,8.326672684688674e-17
glucose,roi_masked,5,glucose_01_c0_wH08,1,0.0,0.03465612382156813,0.0346561238215681,0.0346561238215681,0.2661675347222222,0.7208113670349121,2.708111520013759,,5.4071740500960415,0.1059471535708374,2.031492704675301,0.014437512454662687,2.7755575615628914e-17
glucose,roi_masked,5,glucose_01_c0_wH11,1,0.0,0.3663830115053148,0.3663830115053148,0.3663830115053148,0.2683376736111111,0.7244815826416016,2.699887693338051,0.0,5.041460336269388,0.07631291148174757,1.8787747051782728,0.01043007255251054,0.0
glucose,roi_masked,5,glucose_02_c0.01_wA05,2,0.01,0.08165889534058124,0.0816588953405812,0.0716588953405812,0.2692057291666667,0.7225486040115356,2.684001585880819,,5.349333416947201,0.07057622421325149,1.9870800794270616,0.009657468186330006,4.163336342344337e-17
glucose,roi_masked,5,glucose_02_c0.01_wA09,2,0.01,-0.3316318360637336,0.0,0.01,0.2709418402777778,0.7209196090698242,2.660790996070284,,5.748034227277306,0.11976330072636365,2.1215011389101983,0.016427125755233925,0.0
glucose,roi_masked,5,glucose_02_c0.01_wB02,2,0.01,-0.2019376320995283,0.0,0.01,0.2739800347222222,0.7342484593391418,2.6799341787206066,,5.635778429798521,0.0919494455189751,2.0570033270900265,0.012664864592779473,0.0
glucose,roi_masked,5,glucose_02_c0.01_wB05,2,0.01,-0.07497639741703832,0.0,0.01,0.2713758680555556,0.7173231840133667,2.6432828723979154,,5.484237144524746,0.14114926314761966,2.0209008206293504,0.019372026942196023,1.3877787807814457e-17
glucose,roi_masked,5,glucose_02_c0.01_wB09,2,0.01,0.054781512124829845,0.0547815121248298,0.044781512124829795,0.2718098958333333,0.7257062792778015,2.6699038202891097,,5.37146891530564,0.08602880839497828,1.9761859290801111,0.011814058980302784,4.85722573273506e-17
glucose,roi_masked,5,glucose_02_c0.01_wC11,2,0.01,0.06662676797142542,0.0666267679714254,0.0566267679714254,0.2718098958333333,0.7232240438461304,2.6607715720901948,,5.34790651154753,0.07961047144549571,1.9675172219729358,0.010932649453757836,1.3877787807814457e-17
glucose,roi_masked,5,glucose_02_c0.01_wD01,2,0.01,0.05897970969277999,0.0589797096927799,0.0489797096927799,0.2709418402777778,0.7172152996063232,2.647119023296706,,5.336665463289074,0.07533980878295399,1.9696719627421748,0.01033385440904456,9.020562075079397e-17
glucose,roi_masked,5,glucose_02_c0.01_wD04,2,0.01,-0.011911060810179563,0.0,0.01,0.2687717013888889,0.7188127636909485,2.6744361849720555,,5.418381802236172,0.12994982259457544,2.0159792769240434,0.017771443315500922,6.418476861114186e-17
glucose,roi_masked,5,glucose_02_c0.01_wD06,2,0.01,-0.08066291654312518,0.0,0.01,0.2674696180555556,0.7234007716178894,2.7046091323450177,,5.511333764513625,0.11958731406807122,2.060545719016534,0.016325236060603533,8.326672684688674e-17
glucose,roi_masked,5,glucose_02_c0.01_wD08,2,0.01,-0.13396218809434313,0.0,0.01,0.2674696180555556,0.7209142446517944,2.6953126485642747,,5.553652085735188,0.13717642406065078,2.076367449173854,0.018726380153206306,2.7755575615628914e-17
glucose,roi_masked,5,glucose_02_c0.01_wE01,2,0.01,0.004227950970859595,0.0042279509708595,0.0057720490291405,0.2674696180555556,0.7108845710754395,2.657814282771298,,5.358643788042626,0.10691786731046893,2.0034588702069307,0.014595690492271985,9.540979117872439e-17
glucose,roi_masked,5,glucose_02_c0.01_wE05,2,0.01,-0.2389457948030378,0.0,0.01,0.2692057291666667,0.7296786904335022,2.7104872273418605,,5.690514660285887,0.06888165584743255,2.1138163284641167,0.009425587829100794,0.0
glucose,roi_masked,5,glucose_02_c0.01_wE06,2,0.01,-0.33293541144665006,0.0,0.01,0.2744140625,0.729976236820221,2.6601269270601646,,5.761747947808746,0.098607474704413,2.0996547681694504,0.01359004765778182,5.551115123125783e-17
glucose,roi_masked,5,glucose_02_c0.01_wE09,2,0.01,-0.10191828253017299,0.0,0.01,0.2718098958333333,0.7312889695167542,2.6904427716831965,,5.54457050724954,0.1023931786569987,2.0398707303318075,0.01406132520493071,8.326672684688674e-17
glucose,roi_masked,5,glucose_02_c0.01_wF03,2,0.01,0.08589531625512858,0.0858953162551285,0.0758953162551285,0.2657335069444444,0.7196844816207886,2.7082940721180844,,5.332180092921819,0.10726665534817048,2.006589290990914,0.01460868177462301,8.326672684688674e-17
glucose,roi_masked,5,glucose_02_c0.01_wG10,2,0.01,-0.06522386979665118,0.0,0.01,0.2744140625,0.7267619967460632,2.64841382444117,,5.5036399224513834,0.06491040939990533,2.0055968970071945,0.008945929909219793,8.326672684688674e-17
glucose,roi_masked,5,glucose_02_c0.01_wH03,2,0.01,0.05877744448370148,0.0587774444837014,0.0487774444837014,0.2648654513888889,0.7174189686775208,2.7086166388086976,,5.358401209147683,0.14339010684189368,2.0230653643385925,0.019505287448780696,7.632783294297951e-17
glucose,roi_masked,5,glucose_02_c0.01_wH08,2,0.01,0.010028343817018559,0.0100283438170185,2.8343817018499848e-05,0.2679036458333333,0.7287341952323914,2.720135416468902,,5.441534847887819,0.09455102204676091,2.0311537123586128,0.012915106257343243,5.898059818321144e-17
glucose,roi_masked,5,glucose_02_c0.01_wH11,2,0.01,0.09703742178827657,0.0970374217882765,0.0870374217882765,0.2674696180555556,0.7286686897277832,2.724304521108012,,5.352000042842179,0.10371666203293461,2.000974945023672,0.014158684006747526,6.938893903907228e-17
glucose,roi_masked,5,glucose_03_c0.05_wA05,3,0.05,-0.11408923314256825,0.0,0.05,0.2674696180555556,0.6983721852302551,2.6110336953679636,,5.419802312193086,0.10043025054527721,2.026324466903508,0.013710045756558655,4.163336342344337e-17
glucose,roi_masked,5,glucose_03_c0.05_wA09,3,0.05,0.03329202813987209,0.033292028139872,0.016707971860128006,0.2648654513888889,0.7065497040748596,2.6675797102637877,,5.3061408610971785,0.107752410377846,2.003334460297894,0.014657508694350238,9.020562075079397e-17
glucose,roi_masked,5,glucose_03_c0.05_wB02,3,0.05,0.012997023736084579,0.0129970237360845,0.0370029762639155,0.2648654513888889,0.6975207924842834,2.633491037908708,,5.249163811800531,0.11846450326177216,1.9818227648321873,0.016114669550708373,7.806255641895632e-17
glucose,roi_masked,5,glucose_03_c0.05_wB05,3,0.05,0.056781867263428154,0.0567818672634281,0.006781867263428096,0.2679036458333333,0.7034247517585754,2.6256632289214386,,5.257336242014961,0.084179754003328,1.9623981695589263,0.011498452836737378,5.551115123125783e-17
glucose,roi_masked,5,glucose_03_c0.05_wB09,3,0.05,-0.0011718930557460538,0.0,0.05,0.2709418402777778,0.7201882600784302,2.658091712007534,,5.39614805793218,0.08500792651293931,1.991625971241609,0.011659965035619122,5.377642775528102e-17
glucose,roi_masked,5,glucose_03_c0.05_wC11,3,0.05,0.2737455457475866,0.2737455457475866,0.2237455457475866,0.2648654513888889,0.7115411758422852,2.686425021123515,,5.100289500811612,0.10466109722177919,1.9256152412732412,0.014236998848648222,0.0
glucose,roi_masked,5,glucose_03_c0.05_wD01,3,0.05,0.20260711981146518,0.2026071198114651,0.15260711981146508,0.2657335069444444,0.7128860950469971,2.682710596959218,,5.182624580181755,0.08749085140232982,1.9503090294387528,0.011915408401416751,8.326672684688674e-17
glucose,roi_masked,5,glucose_03_c0.05_wD04,3,0.05,0.104476640619799,0.104476640619799,0.054476640619799,0.2709418402777778,0.7207887768745422,2.660308116810485,,5.284752136441891,0.07317143018327243,1.950511641547796,0.01003643251330613,0.0
glucose,roi_masked,5,glucose_03_c0.05_wD06,3,0.05,0.00811876912658871,0.0081187691265887,0.04188123087341131,0.2744140625,0.7266129851341248,2.6478708070368104,,5.389800493897882,0.09169382688860495,1.9641123508012208,0.012637211135118636,1.0408340855860843e-17
glucose,roi_masked,5,glucose_03_c0.05_wD08,3,0.05,0.13470015930226698,0.1347001593022669,0.08470015930226689,0.2726779513888889,0.7265792489051819,2.664605793040253,,5.288870751807745,0.06997579914378349,1.9396033763891833,0.009621019915099338,8.326672684688674e-17
glucose,roi_masked,5,glucose_03_c0.05_wE01,3,0.05,0.028676559038234295,0.0286765590382342,0.0213234409617658,0.2744140625,0.7158768773078918,2.6087470546735987,,5.361668658271989,0.08030565856173588,1.953860749491287,0.011067697761402092,9.367506770274758e-17
glucose,roi_masked,5,glucose_03_c0.05_wE05,3,0.05,0.03163647944037162,0.0316364794403716,0.0183635205596284,0.2683376736111111,0.7121670842170715,2.6539958949229807,,5.340638352146026,0.08006915160466477,1.9902678145320576,0.010943456935912659,2.0816681711721685e-17
glucose,roi_masked,5,glucose_03_c0.05_wE06,3,0.05,-0.02523030445993868,0.0,0.05,0.2722439236111111,0.7169880270957947,2.633623618060918,,5.428780394000023,0.09941494290128361,1.9940868916342853,0.013660475827914563,7.979727989493313e-17
glucose,roi_masked,5,glucose_03_c0.05_wE09,3,0.05,0.06325276131448287,0.0632527613144828,0.013252761314482803,0.2648654513888889,0.7081500887870789,2.6736219656950917,,5.291706993803249,0.12043857984958439,1.997884951040178,0.01638320224197446,6.938893903907228e-17
glucose,roi_masked,5,glucose_03_c0.05_wF03,3,0.05,0.04543510756203961,0.0454351075620396,0.004564892437960405,0.2683376736111111,0.7075894474983215,2.6369366551332516,,5.315071810730643,0.08532326912236865,1.980740065009851,0.011661563817762859,1.3877787807814457e-17
glucose,roi_masked,5,glucose_03_c0.05_wG10,3,0.05,0.10078968031259006,0.10078968031259,0.05078968031259,0.2674696180555556,0.7160280346870422,2.6770443682254688,,5.2897278904472,0.09974700822484817,1.9776929914142551,0.013616774223081038,5.551115123125783e-17
glucose,roi_masked,5,glucose_03_c0.05_wH03,3,0.05,-0.0566283947305557,0.0,0.05,0.2670355902777778,0.7170395851135254,2.6851835905754773,,5.457350752942153,0.1019751108035889,2.04367917672145,0.013912696094239459,0.0
glucose,roi_masked,5,glucose_03_c0.05_wH08,3,0.05,-0.05718502221538113,0.0,0.05,0.2687717013888889,0.715644121170044,2.6626468392019076,,5.454250232339315,0.11398839011127038,2.029324591894999,0.015588618537846382,3.469446951953614e-17
glucose,roi_masked,5,glucose_03_c0.05_wH11,3,0.05,0.09659227906436119,0.0965922790643611,0.0465922790643611,0.2661675347222222,0.7234019041061401,2.7178442512198075,0.0,5.323769612880857,0.09805562513791255,2.0001573890057065,0.013362126885568567,8.326672684688674e-17
glucose,roi_masked,5,glucose_04_c0.1_wA05,4,0.1,0.242067150935255,0.242067150935255,0.142067150935255,0.2722439236111111,0.7120940685272217,2.6156472441398466,,5.128897485860548,0.09054075593291522,1.8839346046110326,0.012441085532693406,0.0
glucose,roi_masked,5,glucose_04_c0.1_wA09,4,0.1,0.12305318706614532,0.1230531870661453,0.0230531870661453,0.2670355902777778,0.7117718458175659,2.665456859428967,,5.237317759634214,0.07550942488348067,1.9612807993819146,0.010301922423777319,1.3877787807814457e-17
glucose,roi_masked,5,glucose_04_c0.1_wB02,4,0.1,0.21455908250064581,0.2145590825006458,0.11455908250064578,0.2687717013888889,0.7085598707199097,2.6362889659082307,,5.130855138354119,0.10935221669689099,1.9090012497001034,0.014954593101032013,2.7755575615628914e-17
glucose,roi_masked,5,glucose_04_c0.1_wB05,4,0.1,0.3470396091678589,0.3470396091678589,0.24703960916785891,0.2726779513888889,0.725130558013916,2.659292965641166,,5.049964831807383,0.056279896266095975,1.851988694386663,0.007737960972524847,0.0
glucose,roi_masked,5,glucose_04_c0.1_wB09,4,0.1,0.28250745163532454,0.2825074516353245,0.18250745163532447,0.2696397569444444,0.7196447849273682,2.668912007199447,,5.124611941973225,0.06541686874232067,1.9005401874134908,0.008956794864496022,5.551115123125783e-17
glucose,roi_masked,5,glucose_04_c0.1_wC11,4,0.1,0.04044616451135585,0.0404461645113558,0.05955383548864421,0.2683376736111111,0.720232367515564,2.6840523651530277,,5.36626874844902,0.12703529241652234,1.9998193605218832,0.01736255753982901,5.551115123125783e-17
glucose,roi_masked,5,glucose_04_c0.1_wD01,4,0.1,0.17779857523029818,0.1777985752302981,0.0777985752302981,0.2692057291666667,0.7065946459770203,2.624738515648617,,5.199003881438539,0.07791112516135179,1.93123820118249,0.010661157082212594,8.326672684688674e-17
glucose,roi_masked,5,glucose_04_c0.1_wD04,4,0.1,-0.048074328289941626,0.0,0.1,0.2670355902777778,0.7246828675270081,2.7138063011494946,,5.485094382704165,0.1108198339422879,2.054068664404778,0.015119401770719841,2.7755575615628914e-17
glucose,roi_masked,5,glucose_04_c0.1_wD06,4,0.1,-0.09009452731603851,0.0,0.1,0.2705078125,0.7266577482223511,2.6862726865692688,,5.517016152731161,0.08560835158240732,2.0395034441865376,0.011735334942487964,1.3877787807814457e-17
glucose,roi_masked,5,glucose_04_c0.1_wD08,4,0.1,0.028818303948532353,0.0288183039485323,0.07118169605146771,0.2679036458333333,0.7179045677185059,2.6797118250683476,,5.370710171921686,0.10787822889372922,2.0047170896893585,0.014735523306426686,5.204170427930421e-17
glucose,roi_masked,5,glucose_04_c0.1_wE01,4,0.1,0.27915335297140054,0.2791533529714005,0.17915335297140048,0.2739800347222222,0.7108215689659119,2.5944283483524133,,5.101509462623847,0.08374814871466629,1.8620004438630247,0.01153524045067052,5.551115123125783e-17
glucose,roi_masked,5,glucose_04_c0.1_wE05,4,0.1,0.14748825769826546,0.1474882576982654,0.047488257698265396,0.2679036458333333,0.71564120054245,2.6712633876870067,,5.246103356033646,0.10612473286857238,1.9582052867236162,0.014496006197076671,5.551115123125783e-17
glucose,roi_masked,5,glucose_04_c0.1_wE06,4,0.1,0.11830234361197434,0.1183023436119743,0.01830234361197429,0.2722439236111111,0.726010799407959,2.666765853863591,,5.328992574389485,0.11484682277027058,1.9574330635940014,0.015780950032068194,4.163336342344337e-17
glucose,roi_masked,5,glucose_04_c0.1_wE09,4,0.1,-0.08182474701574272,0.0,0.1,0.2670355902777778,0.7215358018875122,2.7020211093845234,,5.52737034967058,0.11335451961353016,2.0699002495962646,0.015465214696643878,1.3877787807814457e-17
glucose,roi_masked,5,glucose_04_c0.1_wF03,4,0.1,0.10878074871061294,0.1087807487106129,0.008780748710612893,0.2661675347222222,0.7145798206329346,2.684699399491694,,5.301532285138123,0.0990558027072117,1.9918027533564184,0.013498421968795847,4.163336342344337e-17
glucose,roi_masked,5,glucose_04_c0.1_wG10,4,0.1,0.014449510906786145,0.0144495109067861,0.0855504890932139,0.2666015625,0.7221940755844116,2.70888913332761,,5.393785825250471,0.1027355961369345,2.0231636208998105,0.014008155851427556,4.5102810375396984e-17
glucose,roi_masked,5,glucose_04_c0.1_wH03,4,0.1,-0.08369689467929486,0.0,0.1,0.2670355902777778,0.7195401787757874,2.6945478616812903,,5.515095728184535,0.08495298045220512,2.065303625800434,0.011590328169467392,6.938893903907228e-17
glucose,roi_masked,5,glucose_04_c0.1_wH08,4,0.1,0.236715882411616,0.236715882411616,0.136715882411616,0.2683376736111111,0.72529137134552,2.7029054906268954,,5.208758300318264,0.0941743628188334,1.9411207640814043,0.012871287672228515,0.0
glucose,roi_masked,5,glucose_04_c0.1_wH11,4,0.1,-0.16551157911190817,0.0,0.1,0.2683376736111111,0.7240025401115417,2.698102470549118,,5.596552715752571,0.08651376710493341,2.085638084447056,0.011824275213392651,5.551115123125783e-17
glucose,roi_masked,5,glucose_05_c0.5_wA05,5,0.5,0.5376705871252785,0.5376705871252785,0.03767058712527849,0.2670355902777778,0.7160710692405701,2.681556673759079,,4.828915983385643,0.09814959086496522,1.808341718930601,0.013390771715936634,0.0
glucose,roi_masked,5,glucose_05_c0.5_wA09,5,0.5,0.45056993238613074,0.4505699323861307,0.04943006761386931,0.2670355902777778,0.719850480556488,2.695709885740997,,4.946051279723486,0.07026167792354343,1.8522067693592705,0.009585960381101056,5.551115123125783e-17
glucose,roi_masked,5,glucose_05_c0.5_wB02,5,0.5,0.6914956675882671,0.6914956675882671,0.19149566758826708,0.2670355902777778,0.7134896516799927,2.671889731768717,,4.694847744505143,0.08328707959633519,1.7581355877025355,0.011363045530123244,0.0
glucose,roi_masked,5,glucose_05_c0.5_wB05,5,0.5,0.673674032237221,0.673674032237221,0.173674032237221,0.2687717013888889,0.7204400897026062,2.6804908626157524,,4.704259546825002,0.09367108875529961,1.7502808229123625,0.012810101706022276,0.0
glucose,roi_masked,5,glucose_05_c0.5_wB09,5,0.5,0.7015014248798623,0.7015014248798623,0.20150142487986233,0.2674696180555556,0.7211987376213074,2.696376294490048,0.0,4.695448816584384,0.06100685012864382,1.7555073547116302,0.008328234791669107,0.0
glucose,roi_masked,5,glucose_05_c0.5_wC11,5,0.5,0.3182263727108916,0.3182263727108916,0.1817736272891084,0.2648654513888889,0.7157757878303528,2.702412806491,,5.065356198910576,0.10327151930901834,1.9124261667005273,0.014047975231762554,0.0
glucose,roi_masked,5,glucose_05_c0.5_wD01,5,0.5,0.7869194560490032,0.7869194560490032,0.28691945604900315,0.2722439236111111,0.7238978147506714,2.6590044881395727,,4.622741591028344,0.056046574587907294,1.6980146075295823,0.007701285692592124,0.0
glucose,roi_masked,5,glucose_05_c0.5_wD04,5,0.5,0.5055653649426093,0.5055653649426093,0.0055653649426092855,0.2709418402777778,0.7248465418815613,2.6752846335524505,0.0,4.90378133492496,0.07095925399894565,1.8099018335069457,0.009733003197712206,0.0
glucose,roi_masked,5,glucose_05_c0.5_wD06,5,0.5,0.4382237914351643,0.4382237914351643,0.06177620856483568,0.2709418402777778,0.7286164164543152,2.689198595932306,,4.979538365471622,0.06599977477793129,1.837862457997055,0.009052744818476184,0.0
glucose,roi_masked,5,glucose_05_c0.5_wD08,5,0.5,0.38144858430274375,0.3814485843027437,0.1185514156972563,0.2679036458333333,0.7274456024169922,2.7153255050121508,,5.035163836237184,0.07298031345028466,1.879468202298983,0.009968675985739195,5.551115123125783e-17
glucose,roi_masked,5,glucose_05_c0.5_wE01,5,0.5,0.640708784756109,0.640708784756109,0.14070878475610904,0.2722439236111111,0.7190649509429932,2.6412525260624253,,4.758491109689323,0.08917825289066172,1.7478778025865604,0.012253865791566104,0.0
glucose,roi_masked,5,glucose_05_c0.5_wE05,5,0.5,0.5038803524134394,0.5038803524134394,0.003880352413439425,0.2674696180555556,0.725085973739624,2.7109096689591783,,4.906806603314185,0.10148696681475133,1.8345285864561267,0.013854301380014047,0.0
glucose,roi_masked,5,glucose_05_c0.5_wE06,5,0.5,0.28507956433344184,0.2850795643334418,0.21492043566655822,0.2679036458333333,0.7216545343399048,2.6937092703428767,0.0,5.118840166867033,0.11719755858601211,1.9107019432096628,0.016008488215928377,5.551115123125783e-17
glucose,roi_masked,5,glucose_05_c0.5_wE09,5,0.5,0.5528906459485388,0.5528906459485388,0.05289064594853876,0.2674696180555556,0.7157600522041321,2.6760424507558946,,4.845209282112584,0.09344493395459885,1.8114989348458241,0.012756458470235271,0.0
glucose,roi_masked,5,glucose_05_c0.5_wF03,5,0.5,0.5469309891582244,0.5469309891582244,0.04693098915822436,0.2683376736111111,0.7274946570396423,2.711116360403293,,4.865470293618291,0.09144696777516259,1.8131894147184056,0.012498520762507763,0.0
glucose,roi_masked,5,glucose_05_c0.5_wG10,5,0.5,0.3612857689726052,0.3612857689726052,0.13871423102739477,0.2648654513888889,0.718315064907074,2.711999851775335,,5.0480318154551735,0.12500149184965093,1.9058853425331783,0.01700389297249274,0.0
glucose,roi_masked,5,glucose_05_c0.5_wH03,5,0.5,0.43123528956560264,0.4312352895656026,0.06876471043439741,0.2679036458333333,0.7268770933151245,2.713203439446006,0.0,5.0179700492159895,0.07432768641784371,1.873050302696418,0.010152719105185231,5.551115123125783e-17
glucose,roi_masked,5,glucose_05_c0.5_wH08,5,0.5,0.23319455660632915,0.2331945566063291,0.2668054433936709,0.2692057291666667,0.724114179611206,2.68981712184477,,5.213437474997564,0.08093793642003444,1.9365997488745486,0.01107533811502654,5.551115123125783e-17
glucose,roi_masked,5,glucose_05_c0.5_wH11,5,0.5,0.43056558468042727,0.4305655846804272,0.06943441531957278,0.2722439236111111,0.7421274185180664,2.7259650414756877,0.0,5.0123042344026425,0.06639395303971707,1.841107844729165,0.009123105281258873,5.551115123125783e-17
glucose,roi_masked,5,glucose_06_c1_wA05,6,1.0,0.5505940598738102,0.5505940598738102,0.44940594012618984,0.2679036458333333,0.7131428718566895,2.6619379129328675,,4.803682851083353,0.08691431592448584,1.7930636353011011,0.011871977702090728,0.0
glucose,roi_masked,5,glucose_06_c1_wA09,6,1.0,0.1300257625412904,0.1300257625412904,0.8699742374587096,0.2739800347222222,0.7228988409042358,2.638509195157797,,5.291512044781607,0.09528045091099635,1.9313495051369223,0.013123668145206133,0.0
glucose,roi_masked,5,glucose_06_c1_wB02,6,1.0,0.7443243141845048,0.7443243141845048,0.25567568581549516,0.2683376736111111,0.72422856092453,2.698944770513736,0.0,4.6512366479868765,0.06639873095804116,1.733352080382008,0.009075051231044155,0.0
glucose,roi_masked,5,glucose_06_c1_wB05,6,1.0,0.15107965963898184,0.1510796596389818,0.8489203403610182,0.2709418402777778,0.7224413752555847,2.666407574831986,,5.239730309768281,0.11047821278207337,1.933894855219242,0.01515355274593821,5.551115123125783e-17
glucose,roi_masked,5,glucose_06_c1_wB09,6,1.0,0.2496218361262903,0.2496218361262903,0.7503781638737097,0.2648654513888889,0.720140278339386,2.7188909484538226,,5.162348538141318,0.11676595329734951,1.9490456422576972,0.015883616613850526,0.0
glucose,roi_masked,5,glucose_06_c1_wC11,6,1.0,0.13321980094133767,0.1332198009413376,0.8667801990586624,0.2744140625,0.7334296703338623,2.672711681216637,,5.306482507142384,0.08229008730591847,1.9337502090084702,0.011341191036508817,8.326672684688674e-17
glucose,roi_masked,5,glucose_06_c1_wD01,6,1.0,1.0365155203709882,1.0365155203709882,0.03651552037098815,0.2674696180555556,0.7173104286193848,2.6818389087854966,,4.355585781003484,0.0840969367523674,1.6284413208003288,0.011480334307655429,0.0
glucose,roi_masked,5,glucose_06_c1_wD04,6,1.0,0.45515593765810003,0.4551559376581,0.5448440623419,0.2683376736111111,0.7322846055030823,2.728966811288478,,4.952186624552198,0.06873513301880951,1.845505537075336,0.009394379147283829,5.551115123125783e-17
glucose,roi_masked,5,glucose_06_c1_wD06,6,1.0,0.4920581898387457,0.4920581898387457,0.5079418101612543,0.2744140625,0.7442181706428528,2.7120263584992217,,4.951040173004188,0.08043705131566536,1.8042224687388928,0.011085806264770032,0.0
glucose,roi_masked,5,glucose_06_c1_wD08,6,1.0,0.2512423467580769,0.2512423467580769,0.7487576532419231,0.2722439236111111,0.7353135347366333,2.7009364432573983,,5.194053659434278,0.07298827664749297,1.9078676175905263,0.010029222567217761,0.0
glucose,roi_masked,5,glucose_06_c1_wE01,6,1.0,0.4729735914105433,0.4729735914105433,0.5270264085894567,0.2679036458333333,0.7111132740974426,2.6543620632166998,,4.908434380363423,0.09363843964674778,1.8321640846265417,0.012790452938853232,0.0
glucose,roi_masked,5,glucose_06_c1_wE05,6,1.0,0.6145226070579941,0.6145226070579941,0.3854773929420059,0.2696397569444444,0.7339916825294495,2.722119656415053,,4.805102490065573,0.06889041536436036,1.7820452534585243,0.009432388471221886,0.0
glucose,roi_masked,5,glucose_06_c1_wE06,6,1.0,0.6107488479012195,0.6107488479012195,0.3892511520987805,0.2692057291666667,0.7250752449035645,2.6933871249622126,,4.822257157880484,0.06467390244283333,1.7912906879091715,0.008849809724026015,0.0
glucose,roi_masked,5,glucose_06_c1_wE09,6,1.0,0.5529575368050841,0.5529575368050841,0.4470424631949159,0.2661675347222222,0.7269383668899536,2.731130855792015,0.0,4.863841471399419,0.08876416663585651,1.8273609050312698,0.012095971606033618,0.0
glucose,roi_masked,5,glucose_06_c1_wF03,6,1.0,0.6229134279558481,0.6229134279558481,0.37708657204415186,0.2705078125,0.7155119180679321,2.6450693288865073,,4.769328473619324,0.06951632266489405,1.7631019339300318,0.009529412906138087,0.0
glucose,roi_masked,5,glucose_06_c1_wG10,6,1.0,0.5615713272247564,0.5615713272247564,0.43842867277524356,0.2687717013888889,0.7299061417579651,2.7157105379254767,,4.871585133214192,0.0933199117584369,1.8125364791159466,0.012762076076061054,0.0
glucose,roi_masked,5,glucose_06_c1_wH03,6,1.0,0.5857189264376759,0.5857189264376759,0.41428107356232413,0.2670355902777778,0.7168503403663635,2.6844749032167434,,4.805043413096288,0.09354367759997562,1.799401873022974,0.012762376502759073,0.0
glucose,roi_masked,5,glucose_06_c1_wH08,6,1.0,0.6020092389656639,0.6020092389656639,0.39799076103433606,0.2679036458333333,0.7226237654685974,2.6973271051270125,,4.8127374542384596,0.10481160164900594,1.7964434337084507,0.014316640296387117,0.0
glucose,roi_masked,5,glucose_06_c1_wH11,6,1.0,0.6533519529629261,0.6533519529629261,0.34664804703707386,0.2718098958333333,0.7383409738540649,2.716387391233159,,4.758095736947955,0.07146332438219982,1.7505233657370203,0.009813828006353055,0.0
glucose,roi_masked,5,glucose_07_c2.5_wA05,7,2.5,2.68089523854798,2.68089523854798,0.18089523854798006,0.2648654513888889,0.7389813661575317,2.7900255102449045,0.0,2.7329569885297778,0.02700180817212372,1.0318284148418857,0.003673043012757081,0.0
glucose,roi_masked,5,glucose_07_c2.5_wA09,7,2.5,2.382151515539062,2.382151515539062,0.11784848446093799,0.2683376736111111,0.7390888929367065,2.7543239940576982,,3.0401915701014732,0.041110801904965744,1.1329723214741279,0.005618821746346795,0.0
glucose,roi_masked,5,glucose_07_c2.5_wB02,7,2.5,2.7516124113518092,2.751612411351809,0.2516124113518088,0.2648654513888889,0.7472411394119263,2.8212102993938193,0.0,2.6602830093220806,0.03818711405012376,1.0043903405945227,0.00519457480569654,4.440892098500626e-16
glucose,roi_masked,5,glucose_07_c2.5_wB05,7,2.5,2.4492428455742514,2.4492428455742514,0.050757154425748574,0.2648654513888889,0.7541636824607849,2.84734637343654,0.0,2.9731380652530204,0.032534239432239875,1.1225088246362898,0.0044256169831368665,0.0
glucose,roi_masked,5,glucose_07_c2.5_wB09,7,2.5,2.1833638346816966,2.1833638346816966,0.3166361653183034,0.2709418402777778,0.7489114999771118,2.764104278650005,0.0,3.246641489082162,0.0475231664565432,1.198279854360481,0.00651843283321182,0.0
glucose,roi_masked,5,glucose_07_c2.5_wC11,7,2.5,1.9848337632540036,1.984833763254004,0.5151662367459959,0.2709418402777778,0.7281078696250916,2.687321636549797,,3.418158056391832,0.09121523873641602,1.2615836863318832,0.012511380267819765,4.440892098500626e-16
glucose,roi_masked,5,glucose_07_c2.5_wD01,7,2.5,2.625157636011735,2.625157636011735,0.12515763601173502,0.2696397569444444,0.7497691512107849,2.780632795798227,,2.806069092893852,0.03139769211075727,1.0406733505074344,0.0042989322610717424,0.0
glucose,roi_masked,5,glucose_07_c2.5_wD04,7,2.5,2.649291299629541,2.649291299629541,0.14929129962954102,0.2670355902777778,0.7292256951332092,2.7308183690969754,0.0,2.7669376929648313,0.05511189431564212,1.036168134025351,0.007519040977245859,0.0
glucose,roi_masked,5,glucose_07_c2.5_wD06,7,2.5,2.261691036897156,2.261691036897156,0.2383089631028441,0.2705078125,0.7498124837875366,2.771869976167644,0.0,3.1833272527925778,0.05513677930691685,1.17679678948,0.007558241232969593,0.0
glucose,roi_masked,5,glucose_07_c2.5_wD08,7,2.5,2.158239549331241,2.158239549331241,0.34176045066875904,0.2683376736111111,0.742485523223877,2.7669820388318844,0.0,3.2619352074795938,0.057796885334180814,1.215608365229759,0.007899393374459595,0.0
glucose,roi_masked,5,glucose_07_c2.5_wE01,7,2.5,2.5300860199475137,2.5300860199475137,0.030086019947513698,0.2726779513888889,0.748131275177002,2.743644183060585,0.0,2.9038070362331556,0.03312072890659401,1.0649218323089837,0.004553791400912582,0.0
glucose,roi_masked,5,glucose_07_c2.5_wE05,7,2.5,1.8075160565484367,1.8075160565484367,0.6924839434515633,0.2661675347222222,0.7622811794281006,2.863914940729464,0.0,3.676620095635064,0.06067518296493857,1.3813180106552285,0.008268260922739521,0.0
glucose,roi_masked,5,glucose_07_c2.5_wE06,7,2.5,2.1726115276518705,2.1726115276518705,0.3273884723481295,0.2739800347222222,0.7618318200111389,2.7806107141475866,0.0,3.2925556417728874,0.04519552391270487,1.2017502096862944,0.006225107583014319,0.0
glucose,roi_masked,5,glucose_07_c2.5_wE09,7,2.5,1.8101729772968178,1.8101729772968176,0.6898270227031824,0.2683376736111111,0.7453931570053101,2.7778177658556156,0.0,3.6250732251693862,0.04996070112184947,1.3509371145637308,0.00682838234523157,2.220446049250313e-16
glucose,roi_masked,5,glucose_07_c2.5_wF03,7,2.5,2.1580313117242573,2.1580313117242573,0.34196868827574267,0.2722439236111111,0.749909520149231,2.7545500748088134,0.0,3.29441236074185,0.041109607425384276,1.2100958276842124,0.005648816788912204,0.0
glucose,roi_masked,5,glucose_07_c2.5_wG10,7,2.5,2.57961451854091,2.57961451854091,0.07961451854091006,0.2679036458333333,0.7441961765289307,2.777850126727673,0.0,2.8380687529435358,0.03527338019179149,1.0593617507949629,0.00481813356821625,0.0
glucose,roi_masked,5,glucose_07_c2.5_wH03,7,2.5,2.498091287126102,2.498091287126102,0.001908712873897933,0.2713758680555556,0.7511363625526428,2.767881934140406,0.0,2.959113232560669,0.032736106481457306,1.0904113375161584,0.004492866080910061,0.0
glucose,roi_masked,5,glucose_07_c2.5_wH08,7,2.5,2.02225760485176,2.02225760485176,0.47774239514824,0.2674696180555556,0.7316249012947083,2.7353570346174565,0.0,3.4022847167776384,0.061282973991823475,1.2720266105404754,0.008365929318747523,0.0
glucose,roi_masked,5,glucose_07_c2.5_wH11,7,2.5,2.108358480181469,2.108358480181469,0.3916415198185308,0.2674696180555556,0.7448169589042664,2.784678739659926,0.0,3.3176938129484745,0.049858374037729636,1.2404002507153402,0.00680632165800202,0.0
glucose,roi_masked,5,glucose_08_c5_wA05,8,5.0,4.863343662987313,4.863343662987313,0.13665633701268742,0.2718098958333333,0.6095410585403442,2.2425271039951347,0.0,0.6180649946125527,0.012032838910822186,0.22738870220955235,0.0016524309849819292,0.0
glucose,roi_masked,5,glucose_08_c5_wA09,8,5.0,4.6858476304342735,4.6858476304342735,0.31415236956572645,0.2683376736111111,0.7352227568626404,2.7399162665774743,0.0,0.8004261424996946,8.659976963087956e-06,0.29829063199665123,1.1836029614684654e-06,0.0
glucose,roi_masked,5,glucose_08_c5_wB02,8,5.0,5.000879003277112,5.000879003277112,0.0008790032771122114,0.2670355902777778,0.5959151387214661,2.2315944406570627,0.0,0.4951154444884125,0.007229214390158667,0.1854117812436087,0.0009862981468497746,0.0
glucose,roi_masked,5,glucose_08_c5_wB05,8,5.0,5.187873014874794,5.187873014874794,0.18787301487479358,0.2648654513888889,0.6235308647155762,2.354141929217022,0.18757808208465576,0.31639922615821714,0.008343166139564318,0.11945658616444609,0.0011349168877081144,0.0
glucose,roi_masked,5,glucose_08_c5_wB09,8,5.0,4.688076728412665,4.688076728412665,0.311923271587335,0.2722439236111111,0.7152146100997925,2.6271095443123507,0.0,0.7799185207304591,0.007312803075849139,0.2864778432463895,0.00100484259947854,0.0
glucose,roi_masked,5,glucose_08_c5_wC11,8,5.0,5.257969705306188,5.257969705306188,0.2579697053061878,0.2726779513888889,0.5059707760810852,1.8555617478564588,0.19909395277500153,0.23434793522856712,0.0009252239755808134,0.0859431186258048,0.00012720966968451106,0.0
glucose,roi_masked,5,glucose_08_c5_wD01,8,5.0,4.980953117948897,4.980953117948897,0.01904688205110272,0.2670355902777778,0.6257941126823425,2.3434857954004342,0.006201469339430332,0.5047839852632485,0.007367997986495567,0.1890324749364526,0.0010052327082685885,0.0
glucose,roi_masked,5,glucose_08_c5_wD04,8,5.0,4.950523053838852,4.950523053838852,0.04947694616114795,0.2679036458333333,0.6541493535041809,2.441733674319373,0.00010232087515760213,0.5549502861830069,0.005571550466399344,0.20714547741849298,0.0007610405972778472,0.0
glucose,roi_masked,5,glucose_08_c5_wD06,8,5.0,5.030320909268644,5.030320909268644,0.03032090926864406,0.2648654513888889,0.614441454410553,2.3198248438540174,0.06335894018411636,0.4989312343954486,0.017123113645975963,0.18837157952431194,0.0023292489352223535,0.0
glucose,roi_masked,5,glucose_08_c5_wD08,8,5.0,5.081127152624013,5.081127152624013,0.08112715262401338,0.2722439236111111,0.6465693116188049,2.374963242677922,0.0007844323990866542,0.4178858445830915,0.00790145754444449,0.1534968490903855,0.0010857288315133508,0.0
glucose,roi_masked,5,glucose_08_c5_wE01,8,5.0,4.930913904679577,4.930913904679577,0.06908609532042309,0.2683376736111111,0.6245938539505005,2.327641309344041,0.0,0.5648157667787883,0.006890803393818423,0.2104869432524591,0.0009418010392619102,0.0
glucose,roi_masked,5,glucose_08_c5_wE05,8,5.0,4.653875592724904,4.653875592724904,0.34612440727509597,0.2713758680555556,0.6785682439804077,2.5004737850953367,0.0,0.868574636734202,0.01966919664322031,0.3200633287541945,0.0026994983806987102,0.0
glucose,roi_masked,5,glucose_08_c5_wE06,8,5.0,4.7395060421795625,4.7395060421795625,0.2604939578204375,0.2670355902777778,0.6593253016471863,2.4690540349372077,0.0,0.7602848598547789,0.0029020876824157327,0.28471293248361,0.0003959384171893915,0.0
glucose,roi_masked,5,glucose_08_c5_wE09,8,5.0,4.813865680926202,4.813865680926202,0.18613431907379763,0.2713758680555556,0.6482982635498047,2.3889311462914833,0.0,0.6982182077177432,0.012474398195994496,0.25728824479515083,0.001712048455313258,0.0
glucose,roi_masked,5,glucose_08_c5_wF03,8,5.0,4.979046579227403,4.979046579227403,0.020953420772596765,0.2744140625,0.6074703931808472,2.2136999381394573,0.0,0.5292444385864687,0.00381678530668772,0.19286345377670605,0.000526028015349694,0.0
glucose,roi_masked,5,glucose_08_c5_wG10,8,5.0,5.145211927783418,5.145211927783418,0.14521192778341785,0.2713758680555556,0.5472548007965088,2.016593460272141,0.1554519236087799,0.36843264797329045,0.018479942910218483,0.1357647054666871,0.0025362792831060844,0.0
glucose,roi_masked,5,glucose_08_c5_wH03,8,5.0,4.907342467669633,4.907342467669633,0.09265753233036733,0.2648654513888889,0.6324511170387268,2.3878203583076223,0.0,0.6092584450504699,0.005563637039173841,0.23002563824601108,0.0007568188775354409,0.0
glucose,roi_masked,5,glucose_08_c5_wH08,8,5.0,4.905416966584788,4.905416966584788,0.09458303341521201,0.2661675347222222,0.668440580368042,2.511352787880911,0.0,0.5920072732393962,0.00550167341090102,0.22241903914285674,0.0007497179085444892,0.0
glucose,roi_masked,5,glucose_08_c5_wH11,8,5.0,3.9916988155696442,3.991698815569644,1.0083011844303562,0.2700737847222222,0.7328609824180603,2.7135583824688005,0.0,1.483055147433614,0.01019050346681638,0.549129619877388,0.001396100489819827,4.440892098500626e-16
glucose,roi_masked,5,glucose_09_c10_wA05,9,10.0,10.245246755594327,10.245246755594328,0.2452467555943283,0.2718098958333333,0.7982941269874573,2.936957554617328,0.798729419708252,4.725102518736651,0.04068715981351012,1.7383850224621546,0.005587436519763214,1.7763568394002505e-15
glucose,roi_masked,5,glucose_09_c10_wA09,9,10.0,9.793149771556983,9.793149771556983,0.2068502284430167,0.2705078125,0.7801704406738281,2.8840957806859207,0.7806251645088196,4.25785271512247,0.04582899625058445,1.5740220867456354,0.006282314880936879,0.0
glucose,roi_masked,5,glucose_09_c10_wB02,9,10.0,10.476165140865428,10.476165140865428,0.4761651408654277,0.2670355902777778,0.7925671935081482,2.968020827050424,0.7929384112358093,4.945583640967459,0.043960033865916515,1.85203164710102,0.005997567314704465,0.0
glucose,roi_masked,5,glucose_09_c10_wB05,9,10.0,11.77498410608936,11.77498410608936,1.7749841060893594,0.2731119791666667,0.7977080345153809,2.920809394554529,0.7979535460472107,6.2710450253195305,0.06328591716951593,2.296144257184934,0.008706419057087012,0.0
glucose,roi_masked,5,glucose_09_c10_wB09,9,10.0,11.179956491689012,11.179956491689012,1.179956491689012,0.2739800347222222,0.7957025170326233,2.9042354047416463,0.7959480285644531,5.628292974653212,0.03557399088638746,2.0542712100754064,0.004899863996546808,0.0
glucose,roi_masked,5,glucose_09_c10_wC11,9,10.0,10.047937840458449,10.047937840458449,0.04793784045844873,0.2670355902777778,0.7810119986534119,2.924748711739067,0.7814448475837708,4.493461174699047,0.06466434660618248,1.6827199587983104,0.00882230375014919,0.0
glucose,roi_masked,5,glucose_09_c10_wD01,9,10.0,9.773455192222663,9.773455192222665,0.22654480777733532,0.2713758680555556,0.7882946133613586,2.9048073397594085,0.7888176441192627,4.253842896938467,0.043985516096981314,1.5675096416707281,0.0060367910104211445,1.7763568394002505e-15
glucose,roi_masked,5,glucose_09_c10_wD04,9,10.0,9.388061133276697,9.388061133276697,0.6119388667233032,0.2687717013888889,0.7869410514831543,2.927916322353149,0.787725567817688,3.8626818408046333,0.06301198318556622,1.4371609142049053,0.008617279077580923,0.0
glucose,roi_masked,5,glucose_09_c10_wD06,9,10.0,11.070996064294743,11.070996064294745,1.0709960642947447,0.2687717013888889,0.8206598162651062,3.0533713632213235,0.8209890127182007,5.54326568761706,0.0469852524851575,2.062443947399226,0.00642552436419664,1.7763568394002505e-15
glucose,roi_masked,5,glucose_09_c10_wD08,9,10.0,10.065899628080354,10.065899628080354,0.06589962808035388,0.2683376736111111,0.787359893321991,2.934213011263837,0.7879809141159058,4.534013756479748,0.04221131575908288,1.6896672373520971,0.005769234554882217,0.0
glucose,roi_masked,5,glucose_09_c10_wE01,9,10.0,9.365321427330116,9.365321427330116,0.634678572669884,0.2670355902777778,0.7780250310897827,2.913563058319154,0.778610110282898,3.8419181027052023,0.04076758810531089,1.4387288595908632,0.005562014685100595,0.0
glucose,roi_masked,5,glucose_09_c10_wE05,9,10.0,11.45447019639391,11.45447019639391,1.4544701963939097,0.2679036458333333,0.8001487851142883,2.986703606161718,0.8004592061042786,5.902499747875732,0.08226540139457583,2.203217402852278,0.011236963676484524,0.0
glucose,roi_masked,5,glucose_09_c10_wE06,9,10.0,10.738353408932099,10.7383534089321,0.7383534089321007,0.2687717013888889,0.7951919436454773,2.9586148375602415,0.795720636844635,5.200279535861245,0.058734153645538356,1.9348314978803889,0.008032259385625188,1.7763568394002505e-15
glucose,roi_masked,5,glucose_09_c10_wE09,9,10.0,10.510288237220553,10.510288237220552,0.5102882372205517,0.2739800347222222,0.8049949407577515,2.938151831296411,0.8053928017616272,4.990987103867253,0.05532351628144028,1.821660877197648,0.007620109491103775,1.7763568394002505e-15
glucose,roi_masked,5,glucose_09_c10_wF03,9,10.0,9.533774901063826,9.533774901063826,0.4662250989361745,0.2670355902777778,0.7935627102851868,2.971748857370289,0.7941910028457642,4.0255894453829395,0.03442251257013851,1.5075104562636803,0.004696341611345618,0.0
glucose,roi_masked,5,glucose_09_c10_wG10,9,10.0,11.117683493204328,11.117683493204328,1.1176834932043285,0.2700737847222222,0.7864709496498108,2.912059570901027,0.7867382764816284,5.59048356500065,0.04936226685168421,2.069983790078184,0.006762637896612482,0.0
glucose,roi_masked,5,glucose_09_c10_wH03,9,10.0,9.684329496433572,9.684329496433572,0.31567050356642845,0.2744140625,0.7896335124969482,2.8775256825511564,0.7903063893318176,4.1687711653079,0.03259894040955302,1.5191536203826657,0.004492774559809193,0.0
glucose,roi_masked,5,glucose_09_c10_wH08,9,10.0,11.599066727612783,11.599066727612785,1.5990667276127848,0.2726779513888889,0.7963008284568787,2.9202978253317124,0.7965396642684937,6.070437853440148,0.035529396982020955,2.2262298152528612,0.00488496080242138,1.7763568394002505e-15
glucose,roi_masked,5,glucose_09_c10_wH11,9,10.0,11.582084413247438,11.582084413247438,1.582084413247438,0.2679036458333333,0.7828111052513123,2.9219875034411076,0.7830666899681091,5.9876295610759325,0.041346512542316916,2.234993683065038,0.005647687262338708,0.0
glucose,roi_masked,5,glucose_10_c15_wA05,10,15.0,16.474093056960356,16.474093056960356,1.4740930569603563,0.2692057291666667,0.7772091627120972,2.8870454024807284,0.777332067489624,10.940947805721338,0.11512314571337612,4.064158604495279,0.015753153836592048,0.0
glucose,roi_masked,5,glucose_10_c15_wA09,10,15.0,16.8072031519991,16.8072031519991,1.8072031519991008,0.2718098958333333,0.7886132597923279,2.9013412384215944,0.7887369990348816,11.284339184675067,0.08700668901209596,4.151555685667282,0.011948348173677192,0.0
glucose,roi_masked,5,glucose_10_c15_wB02,10,15.0,14.815761220035519,14.81576122003552,0.18423877996447935,0.2683376736111111,0.7988048195838928,2.976864220495413,0.7989528179168701,9.271816629133166,0.10294104662489545,3.4552795007719883,0.01406947479897726,1.7763568394002505e-15
glucose,roi_masked,5,glucose_10_c15_wB05,10,15.0,16.39263751272182,16.39263751272182,1.3926375127218193,0.2718098958333333,0.7805410623550415,2.871643285694237,0.780668318271637,10.881093429308597,0.11797635927293726,4.003199882016289,0.01620131317328848,0.0
glucose,roi_masked,5,glucose_10_c15_wB09,10,15.0,16.61400006134356,16.61400006134356,1.6140000613435603,0.2661675347222222,0.7874178290367126,2.958354142846451,0.7875436544418335,11.082887217111901,0.1096452623541353,4.163876420420028,0.014941457013983602,0.0
glucose,roi_masked,5,glucose_10_c15_wC11,10,15.0,14.02784426494962,14.02784426494962,0.9721557350503804,0.2648654513888889,0.7760904431343079,2.9301308987815573,0.776277482509613,8.488930274573343,0.15154362446295622,3.2049971901052,0.020614406539492317,0.0
glucose,roi_masked,5,glucose_10_c15_wD01,10,15.0,14.014531391857627,14.014531391857629,0.9854686081423711,0.2739800347222222,0.7794532775878906,2.8449272896039606,0.7796095013618469,8.429401692466364,0.04270901558457041,3.0766481583275254,0.005882622741404885,1.7763568394002505e-15
glucose,roi_masked,5,glucose_10_c15_wD04,10,15.0,14.898628639139002,14.898628639139002,0.1013713608609983,0.2687717013888889,0.7920439839363098,2.9469024448756684,0.792194664478302,9.380951500316266,0.13493159876777305,3.4903047649137955,0.01845273207068996,0.0
glucose,roi_masked,5,glucose_10_c15_wD06,10,15.0,13.31887842858041,13.31887842858041,1.68112157141959,0.2731119791666667,0.8277831673622131,3.030929547242811,0.8279665112495422,7.80571204281603,0.06772539961286128,2.858062860015595,0.009317170963309892,0.0
glucose,roi_masked,5,glucose_10_c15_wD08,10,15.0,14.749699332319366,14.749699332319366,0.25030066768063364,0.2713758680555556,0.7968186140060425,2.9362176516112304,0.7969735860824585,9.232883064884776,0.04887969710089202,3.402249113393766,0.006708492754755336,0.0
glucose,roi_masked,5,glucose_10_c15_wE01,10,15.0,12.428145449065777,12.428145449065775,2.5718545509342245,0.2713758680555556,0.7947070002555847,2.928436511137732,0.7949157357215881,6.845822478070366,0.028545673030784258,2.522634944338124,0.003917750151179564,1.7763568394002505e-15
glucose,roi_masked,5,glucose_10_c15_wE05,10,15.0,14.964743880276446,14.964743880276446,0.035256119723554136,0.2648654513888889,0.7816948890686035,2.9512904947383243,0.781839907169342,9.441328710395684,0.1115723560784243,3.56457539512522,0.01517713407555363,0.0
glucose,roi_masked,5,glucose_10_c15_wE06,10,15.0,13.4911136246681,13.4911136246681,1.5088863753318993,0.2679036458333333,0.8131846785545349,3.035362493948398,0.8133916258811951,7.980770540703762,0.05721159033940815,2.978970486153337,0.007814762362056995,0.0
glucose,roi_masked,5,glucose_10_c15_wE09,10,15.0,15.368700948233505,15.368700948233505,0.36870094823350463,0.2709418402777778,0.7958223819732666,2.937244322092761,0.7959779500961304,9.857506399407722,0.08958676490742157,3.6382370435298985,0.012288013475023028,0.0
glucose,roi_masked,5,glucose_10_c15_wF03,10,15.0,13.992418389531299,13.9924183895313,1.0075816104686997,0.2731119791666667,0.8064045906066895,2.9526518502309296,0.8065872192382812,8.483064434200134,0.06131661850002601,3.106075559220836,0.008435497180120015,1.7763568394002505e-15
glucose,roi_masked,5,glucose_10_c15_wG10,10,15.0,16.517959125099225,16.517959125099225,1.5179591250992246,0.2713758680555556,0.7928357720375061,2.921541173569634,0.7929705381393433,10.969116122744444,0.1062107353984203,4.0420381522276205,0.01457688961179213,0.0
glucose,roi_masked,5,glucose_10_c15_wH03,10,15.0,12.466016026026892,12.466016026026892,2.5339839739731076,0.2705078125,0.8050681948661804,2.9761365759673963,0.8052681088447571,6.940260024556918,0.07459524984402677,2.5656412509553372,0.010225640674736735,0.0
glucose,roi_masked,5,glucose_10_c15_wH08,10,15.0,17.01277069895918,17.01277069895918,2.01277069895918,0.2679036458333333,0.7894959449768066,2.9469399064018837,0.7896148562431335,11.465535565660618,0.09191361113153818,4.279723603609893,0.012554851640555148,0.0
glucose,roi_masked,5,glucose_10_c15_wH11,10,15.0,18.845471072503685,18.845471072503685,3.8454710725036847,0.2722439236111111,0.7793709635734558,2.862767158347138,0.7794684171676636,13.284116244926032,0.1460577779065062,4.879490446920619,0.020069606100885064,0.0
glucose,roi_masked,5,glucose_11_c20_wA05,11,20.0,19.208826983177076,19.20882698317708,0.7911730168229205,0.2722439236111111,0.7835060358047485,2.8779560087590923,0.7836107611656189,13.68623107697905,0.07194111621466703,5.027194324648822,0.009885333637011651,3.552713678800501e-15
glucose,roi_masked,5,glucose_11_c20_wA09,11,20.0,17.276847041083823,17.276847041083823,2.7231529589161774,0.2670355902777778,0.7825295925140381,2.9304318263345692,0.7826433181762695,11.685734840480254,0.12475065113760664,4.376096395362293,0.01702001481693831,0.0
glucose,roi_masked,5,glucose_11_c20_wB02,11,20.0,21.393350168878918,20.0,0.0,0.2731119791666667,0.7598675489425659,2.7822563889768324,0.7599512338638306,15.804445914011158,0.16869236964994627,5.786800697001463,0.023207476917359384,3.552713678800501e-15
glucose,roi_masked,5,glucose_11_c20_wB05,11,20.0,19.813458213410023,19.813458213410023,0.18654178658997722,0.2674696180555556,0.7675713300704956,2.869751471776749,0.7676658034324646,14.253788298821576,0.1903586366129133,5.329124258090857,0.02598644934120292,0.0
glucose,roi_masked,5,glucose_11_c20_wB09,11,20.0,19.79364896403591,19.79364896403591,0.2063510359640901,0.2739800347222222,0.7871968150138855,2.873190434521968,0.7872939109802246,14.243343769363829,0.1531434307820021,5.1986794526121605,0.021093556390478725,0.0
glucose,roi_masked,5,glucose_11_c20_wC11,11,20.0,20.01510707102415,20.0,0.0,0.2683376736111111,0.7729039192199707,2.880340687234634,0.7730010747909546,14.431164982956464,0.1634302889350323,5.377986918031814,0.022336846252784488,0.0
glucose,roi_masked,5,glucose_11_c20_wD01,11,20.0,19.352704437688082,19.35270443768808,0.6472955623119212,0.2670355902777778,0.7661213278770447,2.868985842224642,0.7662162780761719,13.700354105846966,0.1153134661266435,5.130534881734484,0.01573247822092001,3.552713678800501e-15
glucose,roi_masked,5,glucose_11_c20_wD04,11,20.0,19.17403099665789,19.17403099665789,0.8259690033421094,0.2739800347222222,0.7792448997497559,2.8441667311262377,0.7793417572975159,13.652243852676282,0.10219808032540811,4.982933835495628,0.014076483459557036,0.0
glucose,roi_masked,5,glucose_11_c20_wD06,11,20.0,19.956693834226087,19.956693834226087,0.04330616577391311,0.2713758680555556,0.7713683843612671,2.842435437934201,0.7714618444442749,14.43468431796245,0.11946069923246938,5.319074397214792,0.01639538055288813,0.0
glucose,roi_masked,5,glucose_11_c20_wD08,11,20.0,20.758186447911832,20.0,0.0,0.2674696180555556,0.7647625207901001,2.8592500574448527,0.7648489475250244,15.24082549778823,0.15281693969647847,5.698152040065571,0.02086151557165969,0.0
glucose,roi_masked,5,glucose_11_c20_wE01,11,20.0,19.404106875664404,19.404106875664404,0.5958931243355963,0.2679036458333333,0.7639081478118896,2.851428712124089,0.7640044093132019,13.764739939630807,0.10806695666754962,5.1379442399205155,0.01476130239585204,0.0
glucose,roi_masked,5,glucose_11_c20_wE05,11,20.0,17.688654228848325,17.688654228848325,2.311345771151675,0.2679036458333333,0.7750214338302612,2.8929111114539037,0.775131106376648,12.168247704182617,0.12913518752021602,4.542023930406926,0.01763909720151639,0.0
glucose,roi_masked,5,glucose_11_c20_wE06,11,20.0,20.24298351496187,20.0,0.0,0.2670355902777778,0.7668829560279846,2.871838001931697,0.766970694065094,14.700730456456402,0.1609139186173678,5.505157736152061,0.02195385157627923,0.0
glucose,roi_masked,5,glucose_11_c20_wE09,11,20.0,18.925405646075536,18.925405646075536,1.0745943539244642,0.2674696180555556,0.7785069942474365,2.9106371030362572,0.7786080837249756,13.376031946396838,0.18041101066093645,5.000953769492627,0.024628467993648206,0.0
glucose,roi_masked,5,glucose_11_c20_wF03,11,20.0,19.139322605307992,19.139322605307992,0.8606773946920079,0.2709418402777778,0.7714211344718933,2.847183490305554,0.771519660949707,13.60831786147843,0.15355273911848144,5.02259741335143,0.021061795560588258,0.0
glucose,roi_masked,5,glucose_11_c20_wG10,11,20.0,21.49282005784093,20.0,0.0,0.2683376736111111,0.7533838748931885,2.8075963570625255,0.7534673810005188,15.95433130219555,0.16275660245125323,5.945617358715495,0.0222447701051572,0.0
glucose,roi_masked,5,glucose_11_c20_wH03,11,20.0,14.098790777833033,14.098790777833033,5.901209222166967,0.2709418402777778,0.7895517945289612,2.914100656138929,0.7897276282310486,8.572155938011212,0.07391758176164309,3.163836168390522,0.010138777102475112,0.0
glucose,roi_masked,5,glucose_11_c20_wH08,11,20.0,21.600751640155956,20.0,0.0,0.2683376736111111,0.7597137093544006,2.8311854207077056,0.7597965598106384,16.051484298929964,0.17426182977708038,5.981822858832938,0.023817247860382217,3.552713678800501e-15
glucose,roi_masked,5,glucose_11_c20_wH11,11,20.0,21.406666227249794,20.0,0.0,0.2679036458333333,0.7820366621017456,2.9190967508828223,0.782122015953064,15.830362238863895,0.18544852921458954,5.908976038613595,0.025331164150610007,3.552713678800501e-15
glucose,full_patch,1,glucose_01_c0_wA06,1,0.0,0.2659093615352557,0.2659093615352557,0.2659093615352557,0.2722439236111111,0.5361162424087524,1.9692496173930103,0.0,4.35405221853121,6.026214984296393,1.5993202569144533,0.8280542313295896,0.0
glucose,full_patch,1,glucose_01_c0_wA11,1,0.0,0.5862118483448393,0.5862118483448393,0.5862118483448393,0.2679036458333333,0.507784903049469,1.8954012420023922,0.0,3.7755638661115585,6.189049028840491,1.4092991733529416,0.8453872217251217,0.0
glucose,full_patch,1,glucose_01_c0_wA12,1,0.0,0.4492747183602832,0.4492747183602832,0.4492747183602832,0.2705078125,0.5081729888916016,1.8785889553249098,0.0,3.5427778622453174,6.210014136289314,1.3096767259708322,0.85127904625974,0.0
glucose,full_patch,1,glucose_01_c0_wC01,1,0.0,0.2421909786518368,0.2421909786518368,0.2421909786518368,0.2670355902777778,0.5110963582992554,1.9139634449760006,0.0,3.562505787467945,6.184001755370259,1.3340939998904746,0.8436974119539943,0.0
glucose,full_patch,1,glucose_01_c0_wC03,1,0.0,0.1738484312553723,0.1738484312553723,0.1738484312553723,0.2713758680555556,0.514895498752594,1.8973518258712139,0.0,3.679692297117831,6.255389628458915,1.3559393926524563,0.8585207865357762,0.0
glucose,full_patch,1,glucose_01_c0_wC09,1,0.0,0.2823175293819187,0.2823175293819187,0.2823175293819187,0.2679036458333333,0.5027453899383545,1.8765903255050123,0.0,3.665940452779759,6.351166982875678,1.3683802030303063,0.8675315683145434,0.0
glucose,full_patch,1,glucose_01_c0_wD02,1,0.0,0.02110594745278327,0.0211059474527832,0.0211059474527832,0.2648654513888889,0.4873490035533905,1.8399870613470082,0.0,3.620340199368968,6.575453816592056,1.3668601096839168,0.8944558283942787,6.938893903907228e-17
glucose,full_patch,1,glucose_01_c0_wD03,1,0.0,-0.07597060258843058,0.0,0.0,0.2683376736111111,0.5069894194602966,1.889371002727899,,3.814679638266058,6.330591873010105,1.421596746714921,0.8652340901922161,8.326672684688674e-17
glucose,full_patch,1,glucose_01_c0_wE02,1,0.0,-0.1058903252974206,0.0,0.0,0.2744140625,0.5051388144493103,1.8407905551462411,0.0,3.705949944510886,6.206921628653666,1.3504956381420454,0.8554357668561715,0.0
glucose,full_patch,1,glucose_01_c0_wE03,1,0.0,0.07874555964211005,0.07874555964211,0.07874555964211,0.2670355902777778,0.5003347992897034,1.8736633523989865,0.0,3.620533705061117,6.415521561110478,1.355824405763643,0.8752841851546139,5.551115123125783e-17
glucose,full_patch,1,glucose_01_c0_wE08,1,0.0,0.15895167823874878,0.1589516782387487,0.1589516782387487,0.2709418402777778,0.5251511335372925,1.9382430303082447,0.0,4.089316175287887,6.135784397197127,1.5092966708631623,0.8416042417706314,8.326672684688674e-17
glucose,full_patch,1,glucose_01_c0_wE10,1,0.0,0.43862354393499636,0.4386235439349963,0.4386235439349963,0.2683376736111111,0.5096355676651001,1.8992322651037454,0.0,4.158783773139865,6.379695535032466,1.5498322383039627,0.8719453366581524,5.551115123125783e-17
glucose,full_patch,1,glucose_01_c0_wE11,1,0.0,0.21374245662698677,0.2137424566269867,0.2137424566269867,0.2713758680555556,0.5037186741828918,1.856166054086178,0.0,3.6981601459222904,6.4682522603810595,1.3627446583294613,0.8877351129065056,5.551115123125783e-17
glucose,full_patch,1,glucose_01_c0_wF01,1,0.0,0.24544075943233779,0.2454407594323377,0.2454407594323377,0.2731119791666667,0.5468682050704956,2.0023589105799315,0.0,3.9362666106929725,5.941697192571594,1.4412647232477724,0.8174157534966386,8.326672684688674e-17
glucose,full_patch,1,glucose_01_c0_wF12,1,0.0,0.30302144396232755,0.3030214439623275,0.3030214439623275,0.2683376736111111,0.5103474855422974,1.9018853322918774,0.0,3.878902077197192,6.321273339637543,1.445530187765844,0.8639604789870918,5.551115123125783e-17
glucose,full_patch,1,glucose_01_c0_wG06,1,0.0,-0.0186037299034707,0.0,0.0,0.2744140625,0.5249078273773193,1.9128313709408362,0.0,4.04000248393917,6.255024117707078,1.4722286631863737,0.8620652350648785,0.0
glucose,full_patch,1,glucose_01_c0_wG09,1,0.0,0.15624498750781868,0.1562449875078186,0.1562449875078186,0.2687717013888889,0.4963130056858063,1.8465969561567988,0.0,3.70539152530669,6.591190487834171,1.3786390107883106,0.9013861334898312,8.326672684688674e-17
glucose,full_patch,1,glucose_01_c0_wG11,1,0.0,0.1948477804521893,0.1948477804521893,0.1948477804521893,0.2679036458333333,0.5176515579223633,1.9322303595838397,0.0,4.140121771633483,6.364089062064698,1.5453771667628264,0.8692966473393843,0.0
glucose,full_patch,1,glucose_01_c0_wG12,1,0.0,0.16521075124407592,0.1652107512440759,0.1652107512440759,0.2648654513888889,0.5018202662467957,1.89462334032383,0.0,3.7432581206692,6.4109948816577065,1.4132677935308213,0.8720845583668992,2.7755575615628914e-17
glucose,full_patch,1,glucose_01_c0_wH05,1,0.0,0.1920224380828639,0.1920224380828639,0.1920224380828639,0.2674696180555556,0.5255697965621948,1.9649700791550455,0.0,3.926520851790211,6.464502988055699,1.4680249967585632,0.882489402131852,0.0
glucose,full_patch,1,glucose_02_c0.01_wA06,2,0.01,-0.01509594153343663,0.0,0.01,0.2648654513888889,0.50465989112854,1.9053443492997235,,3.87663998172037,6.432943045801833,1.4636261397597268,0.8750701566067851,2.949029909160572e-17
glucose,full_patch,1,glucose_02_c0.01_wA11,2,0.01,-0.06351536583571793,0.0,0.01,0.2687717013888889,0.5286999344825745,1.9670967283776366,,4.276642874333914,6.285960939779434,1.5911804896996915,0.8596441018104655,2.7755575615628914e-17
glucose,full_patch,1,glucose_02_c0.01_wA12,2,0.01,-0.4230919431142883,0.0,0.01,0.2718098958333333,0.4924772083759308,1.8118442923722868,,3.9328161573428337,6.41651437272236,1.4468995491445733,0.8811592379527532,0.0
glucose,full_patch,1,glucose_02_c0.01_wC01,2,0.01,-0.47709157785993206,0.0,0.01,0.2679036458333333,0.4741947650909424,1.770019827897175,,3.6471891141547017,6.482578848477605,1.3613809184305279,0.8854816461771098,5.551115123125783e-17
glucose,full_patch,1,glucose_02_c0.01_wC03,2,0.01,0.06329655889912633,0.0632965588991263,0.0532965588991263,0.2692057291666667,0.5074401497840881,1.8849530110480275,,3.9407737803125844,6.471809619653712,1.4638521225054728,0.8855857083107441,2.7755575615628914e-17
glucose,full_patch,1,glucose_02_c0.01_wC09,2,0.01,0.048223421064350624,0.0482234210643506,0.038223421064350595,0.2683376736111111,0.5245395302772522,1.9547740845269537,0.0,4.441744887212774,6.37836249581988,1.6552818795209434,0.8717631434298684,2.7755575615628914e-17
glucose,full_patch,1,glucose_02_c0.01_wD02,2,0.01,-0.030156338252680825,0.0,0.01,0.2674696180555556,0.5146434903144836,1.924119434782264,,4.107049717769822,6.46817023944982,1.535520089207573,0.8829900300217678,2.42861286636753e-17
glucose,full_patch,1,glucose_02_c0.01_wD03,2,0.01,0.02054454204963374,0.0205445420496337,0.010544542049633699,0.2679036458333333,0.5175149440765381,1.9317204230900669,0.0,4.038513963301103,6.493403620602021,1.5074501695335345,0.8869602455531085,4.163336342344337e-17
glucose,full_patch,1,glucose_02_c0.01_wE02,2,0.01,-0.21340662687805523,0.0,0.01,0.2687717013888889,0.5119045376777649,1.9046072746218332,0.0,4.042684289678826,6.422844517262767,1.5041331616342375,0.8783637790635653,2.7755575615628914e-17
glucose,full_patch,1,glucose_02_c0.01_wE03,2,0.01,-0.35948988701562445,0.0,0.01,0.2692057291666667,0.5055054426193237,1.8777662874565446,0.0,3.9615189044385426,6.458727480200815,1.471558171032068,0.8837955821459647,5.551115123125783e-17
glucose,full_patch,1,glucose_02_c0.01_wE08,2,0.01,-0.14133770134820267,0.0,0.01,0.2709418402777778,0.5211367607116699,1.923426666687525,0.0,4.233853231377615,6.34512271711503,1.5626428266069723,0.870317769920109,8.326672684688674e-17
glucose,full_patch,1,glucose_02_c0.01_wE10,2,0.01,0.1666919059247265,0.1666919059247265,0.15669190592472648,0.2679036458333333,0.5276673436164856,1.9696161355891177,0.0,4.089477181181431,6.449650231703648,1.5264731349440288,0.8809837933211919,0.0
glucose,full_patch,1,glucose_02_c0.01_wE11,2,0.01,-0.09448543425641631,0.0,0.01,0.2648654513888889,0.5052492022514343,1.9075692945306097,0.0,3.9331777860360333,6.5388085766012916,1.4849719982018879,0.8894709939772325,1.3877787807814457e-17
glucose,full_patch,1,glucose_02_c0.01_wF01,2,0.01,-0.02432170365852837,0.0,0.01,0.2687717013888889,0.5159661769866943,1.9197191308475474,,3.988767472184143,6.159281403198169,1.4840727098768294,0.8423198903676261,6.938893903907228e-17
glucose,full_patch,1,glucose_02_c0.01_wF12,2,0.01,0.022252647850705465,0.0222526478507054,0.012252647850705399,0.2687717013888889,0.5230740904808044,1.94616504556766,0.0,4.060956044752044,6.208588325829259,1.5109314052658394,0.8490629175076785,6.591949208711867e-17
glucose,full_patch,1,glucose_02_c0.01_wG06,2,0.01,0.031711731653985886,0.0317117316539858,0.0217117316539858,0.2679036458333333,0.5221812129020691,1.949138136130202,0.0,4.245180929175687,6.328171857378656,1.584592444037389,0.8643905711812909,8.326672684688674e-17
glucose,full_patch,1,glucose_02_c0.01_wG09,2,0.01,0.03276048472625259,0.0327604847262525,0.0227604847262525,0.2722439236111111,0.529135525226593,1.9436082106370194,,4.287848635674742,6.316982171742192,1.575002512011894,0.8680081660172365,9.020562075079397e-17
glucose,full_patch,1,glucose_02_c0.01_wG11,2,0.01,-0.20159959437805686,0.0,0.01,0.2670355902777778,0.49605563282966614,1.8576386477684692,0.0,3.8262553398871706,6.364855917955809,1.4328634381308478,0.86837175632688,5.551115123125783e-17
glucose,full_patch,1,glucose_02_c0.01_wG12,2,0.01,-0.009756219645749908,0.0,0.01,0.2683376736111111,0.5142635107040405,1.916478978830747,,4.009323569916383,6.195509172575315,1.494133684607739,0.8467716525946034,8.673617379884035e-18
glucose,full_patch,1,glucose_02_c0.01_wH05,2,0.01,0.041421258009450845,0.0414212580094508,0.031421258009450795,0.2744140625,0.5400677919387817,1.9680762240046707,,4.4604834847223,6.167478519323944,1.6254573268169519,0.8499997313307832,4.85722573273506e-17
glucose,full_patch,1,glucose_03_c0.05_wA06,3,0.05,-0.28658363129937214,0.0,0.05,0.2687717013888889,0.48771926760673523,1.8146228382170657,0.0,3.6449285615473386,6.276186513366724,1.3561429803480127,0.8583073884432072,5.551115123125783e-17
glucose,full_patch,1,glucose_03_c0.05_wA11,3,0.05,0.3091531058123298,0.3091531058123298,0.2591531058123298,0.2679036458333333,0.5214691758155823,1.946480325766062,0.0,4.114473259056842,6.276756877366733,1.5358033841825784,0.8573675912525835,0.0
glucose,full_patch,1,glucose_03_c0.05_wA12,3,0.05,0.05778164667286756,0.0577816466728675,0.007781646672867494,0.2722439236111111,0.5268210172653198,1.9351066142356268,0.0,3.949708089419871,5.975554119060047,1.4507975190152862,0.8210929888364007,6.245004513516506e-17
glucose,full_patch,1,glucose_03_c0.05_wC01,3,0.05,-0.14753187429628678,0.0,0.05,0.2744140625,0.5121377110481262,1.8662954310081183,,3.7672343120622216,6.11670616932669,1.3728284468155572,0.8430023038210676,8.326672684688674e-17
glucose,full_patch,1,glucose_03_c0.05_wC03,3,0.05,-0.13253478499484483,0.0,0.05,0.2648654513888889,0.49805352091789246,1.8804019863905352,,3.686861663103975,6.347214848101449,1.3919753005803455,0.8634085909978295,2.7755575615628914e-17
glucose,full_patch,1,glucose_03_c0.05_wC09,3,0.05,-0.06595847473906957,0.0,0.05,0.2679036458333333,0.5072088241577148,1.8932509207928312,0.0,3.9206486906292177,6.297077164921657,1.4634547724924616,0.8601432214601747,6.938893903907228e-17
glucose,full_patch,1,glucose_03_c0.05_wD02,3,0.05,-0.3145587412502193,0.0,0.05,0.2726779513888889,0.5017867088317871,1.8402173929939316,0.0,3.8569172325759276,6.216733283013323,1.4144587829454736,0.8547428604542858,0.0
glucose,full_patch,1,glucose_03_c0.05_wD03,3,0.05,-0.04769328930354799,0.0,0.05,0.2683376736111111,0.5262766480445862,1.9612477106263269,0.0,3.954225412115923,6.088661779560135,1.4736005417735685,0.8321682776275576,9.020562075079397e-17
glucose,full_patch,1,glucose_03_c0.05_wE02,3,0.05,0.13753824278712568,0.1375382427871256,0.08753824278712559,0.2679036458333333,0.5386160612106323,2.0104842527813642,0.0,4.290019353463604,5.911817086768711,1.6013292167485047,0.8075189902424846,8.326672684688674e-17
glucose,full_patch,1,glucose_03_c0.05_wE03,3,0.05,-0.18400690094673422,0.0,0.05,0.2731119791666667,0.4948321282863617,1.8118287224025065,0.0,3.6987325007216008,6.277168176502516,1.354291566414393,0.8635674267002119,2.7755575615628914e-17
glucose,full_patch,1,glucose_03_c0.05_wE08,3,0.05,0.22785204759961974,0.2278520475996197,0.1778520475996197,0.2674696180555556,0.509416401386261,1.9045766958116759,0.0,4.316151630270618,6.494545144921759,1.6136979076906295,0.886590550371781,5.551115123125783e-17
glucose,full_patch,1,glucose_03_c0.05_wE10,3,0.05,-0.23128480092927717,0.0,0.05,0.2713758680555556,0.4996325671672821,1.8411090519846747,0.0,3.697335357771493,6.157306928450496,1.3624407299968844,0.8450594289292596,5.551115123125783e-17
glucose,full_patch,1,glucose_03_c0.05_wE11,3,0.05,0.1407533836597734,0.1407533836597734,0.09075338365977341,0.2744140625,0.530121922492981,1.931832201540258,0.0,4.369400932759358,5.863385319510759,1.592265677987752,0.8080897129446861,0.0
glucose,full_patch,1,glucose_03_c0.05_wF01,3,0.05,-0.23800454489307565,0.0,0.05,0.2744140625,0.5043492913246155,1.837913431730983,0.0,3.7499595492794198,6.167766189823076,1.3665333019438173,0.8500393779783082,5.551115123125783e-17
glucose,full_patch,1,glucose_03_c0.05_wF12,3,0.05,0.08001409695731176,0.0800140969573117,0.030014096957311692,0.2722439236111111,0.5346264243125916,1.9637772524770203,0.0,4.200852945828789,6.012463936278041,1.5430474590975736,0.8261647180071334,6.938893903907228e-17
glucose,full_patch,1,glucose_03_c0.05_wG06,3,0.05,-0.34072222383629214,0.0,0.05,0.2713758680555556,0.48709824681282043,1.7949210086473222,0.0,3.6756463956964804,6.296122576656372,1.354448507906388,0.8641111789495923,5.551115123125783e-17
glucose,full_patch,1,glucose_03_c0.05_wG09,3,0.05,-0.16763416932764574,0.0,0.05,0.2670355902777778,0.4909624755382538,1.8385656946609292,0.0,3.751207780441742,6.495081068093843,1.4047594841345425,0.886138669482648,5.551115123125783e-17
glucose,full_patch,1,glucose_03_c0.05_wG11,3,0.05,0.2807583353686329,0.2807583353686329,0.23075833536863294,0.2722439236111111,0.5401602983474731,1.9841041488921134,0.0,4.960829231791765,5.874664790195741,1.822200167405058,0.8072299195831811,0.0
glucose,full_patch,1,glucose_03_c0.05_wG12,3,0.05,0.08985262710754327,0.0898526271075432,0.0398526271075432,0.2683376736111111,0.5187874436378479,1.9333380835286722,0.0,3.874232209504628,6.044627488880258,1.4437898925513406,0.8261498878469593,6.938893903907228e-17
glucose,full_patch,1,glucose_03_c0.05_wH05,3,0.05,-0.2797074105104409,0.0,0.05,0.2731119791666667,0.49270352721214294,1.8040348457636508,0.0,3.7050646360613095,6.277276276904612,1.3566100789011135,0.8635822983721886,0.0
glucose,full_patch,1,glucose_04_c0.1_wA06,4,0.1,0.028732301418688877,0.0287323014186888,0.07126769858131121,0.2648654513888889,0.5052324533462524,1.907506059008219,0.0,3.6094846693953357,6.138206801787739,1.3627616023411477,0.834977326719938,7.632783294297951e-17
glucose,full_patch,1,glucose_04_c0.1_wA11,4,0.1,0.10572447362226178,0.1057244736222617,0.005724473622261694,0.2648654513888889,0.4906705319881439,1.8525274980756798,0.0,3.590936292759112,6.341488911149183,1.3557586593227358,0.8626296945409723,8.326672684688674e-17
glucose,full_patch,1,glucose_04_c0.1_wA12,4,0.1,0.30014513713087165,0.3001451371308716,0.2001451371308716,0.2726779513888889,0.49486398696899414,1.8148294882237366,,3.7134963678848187,6.200385635465438,1.3618616206297847,0.8524952113449124,5.551115123125783e-17
glucose,full_patch,1,glucose_04_c0.1_wC01,4,0.1,-0.017506401328236443,0.0,0.1,0.2661675347222222,0.5059829354286194,1.9009941838198763,,3.8252272911276437,6.253144405006178,1.43715021259814,0.8521215264902696,4.163336342344337e-17
glucose,full_patch,1,glucose_04_c0.1_wC03,4,0.1,-0.12206636594547682,0.0,0.1,0.2726779513888889,0.5216952562332153,1.9132286038381665,,4.02926630238369,6.134147960170925,1.4776648723743768,0.843388148604136,1.3877787807814457e-17
glucose,full_patch,1,glucose_04_c0.1_wC09,4,0.1,-0.15661788231038098,0.0,0.1,0.2713758680555556,0.5007913708686829,1.8453791579071495,0.0,3.849910813512648,6.569228189015001,1.4186636568305702,0.9015935516003315,8.326672684688674e-17
glucose,full_patch,1,glucose_04_c0.1_wD02,4,0.1,-0.4010987869059379,0.0,0.1,0.2709418402777778,0.49814414978027344,1.838564871595915,,3.9681682736470174,6.412557460029806,1.464583052059708,0.8795673396582036,0.0
glucose,full_patch,1,glucose_04_c0.1_wD03,4,0.1,0.01836859841260363,0.0183685984126036,0.0816314015873964,0.2718098958333333,0.49491941928863525,1.8208292886882487,,3.850195597352792,6.586957451278437,1.4165030988105125,0.9045656365814643,3.122502256758253e-17
glucose,full_patch,1,glucose_04_c0.1_wE02,4,0.1,-0.029912664418121793,0.0,0.1,0.2744140625,0.5172761082649231,1.8850204087661255,,4.009438737656,6.153862646578195,1.4610908424767772,0.8481231965136032,9.367506770274758e-17
glucose,full_patch,1,glucose_04_c0.1_wE03,4,0.1,-0.34293957609880277,0.0,0.1,0.2713758680555556,0.48714733123779297,1.7951018811225508,,3.760404277817095,6.385663951339709,1.3856811605102899,0.8764002825844641,5.551115123125783e-17
glucose,full_patch,1,glucose_04_c0.1_wE08,4,0.1,0.1337744376268608,0.1337744376268608,0.033774437626860804,0.2661675347222222,0.5045311450958252,1.895539760783989,0.0,3.9285921789239246,6.2611681225127525,1.4759847338346064,0.85321492558151,0.0
glucose,full_patch,1,glucose_04_c0.1_wE10,4,0.1,-0.05008583190463067,0.0,0.1,0.2674696180555556,0.5039627552032471,1.8841869176280424,,3.932410930144923,6.437869079594575,1.4702271453231484,0.8788535244785012,7.632783294297951e-17
glucose,full_patch,1,glucose_04_c0.1_wE11,4,0.1,-0.09076383404135235,0.0,0.1,0.2687717013888889,0.5017166137695312,1.8667017813887767,0.0,3.8057903212229958,6.422737014100461,1.415993685926166,0.8783490773401076,5.551115123125783e-17
glucose,full_patch,1,glucose_04_c0.1_wF01,4,0.1,-0.2088691971090535,0.0,0.1,0.2661675347222222,0.4683787226676941,1.7597139454160085,,3.4784630999965565,6.494918618870805,1.306869789220068,0.8850683127534132,0.0
glucose,full_patch,1,glucose_04_c0.1_wF12,4,0.1,-0.2990802766775662,0.0,0.1,0.2674696180555556,0.49315306544303894,1.8437722722608707,,3.8798162024666647,6.33878879005595,1.4505633315185713,0.8653277660962174,0.0
glucose,full_patch,1,glucose_04_c0.1_wG06,4,0.1,0.2789335687284664,0.2789335687284664,0.1789335687284664,0.2722439236111111,0.5452933311462402,2.0029586846726786,,4.326512770122603,6.2730625511021065,1.589204531265441,0.8619732290287314,0.0
glucose,full_patch,1,glucose_04_c0.1_wG09,4,0.1,0.1859636394873121,0.1859636394873121,0.08596363948731209,0.2722439236111111,0.5414827466011047,1.9889617348249427,0.0,4.44600800972296,6.2014674358061175,1.6330972426308012,0.8521354389203696,0.0
glucose,full_patch,1,glucose_04_c0.1_wG11,4,0.1,0.04182459394802596,0.0418245939480259,0.058175406051974105,0.2679036458333333,0.5211091637611389,1.9451365140634493,,4.199145934967333,6.3575550596757715,1.567409029431306,0.8684041415439738,5.551115123125783e-17
glucose,full_patch,1,glucose_04_c0.1_wG12,4,0.1,-0.14398586257965462,0.0,0.1,0.2722439236111111,0.5138207674026489,1.887354401109132,0.0,4.1413853319504295,6.151988309035409,1.5212039545338845,0.8453365775468964,2.7755575615628914e-17
glucose,full_patch,1,glucose_04_c0.1_wH05,4,0.1,0.057241343742318485,0.0572413437423184,0.042758656257681604,0.2670355902777778,0.5135528445243835,1.92316254170529,,4.094623297837004,6.448021757874654,1.5333623857320533,0.8797182608522993,8.326672684688674e-17
glucose,full_patch,1,glucose_05_c0.5_wA06,5,0.5,0.2210837281328537,0.2210837281328537,0.2789162718671463,0.2696397569444444,0.49365535378456116,1.830795871419926,0.0,3.50289140191105,6.201851460991463,1.2991004893365088,0.8491496518273262,0.0
glucose,full_patch,1,glucose_05_c0.5_wA11,5,0.5,0.5391593068432767,0.5391593068432767,0.03915930684327673,0.2674696180555556,0.5470567345619202,2.0453042051613206,0.0,4.333845406536498,5.975357229009085,1.6203131548332805,0.8157145937275623,0.0
glucose,full_patch,1,glucose_05_c0.5_wA12,5,0.5,0.4457852453438269,0.4457852453438269,0.05421475465617309,0.2657335069444444,0.5226222276687622,1.966715577866604,0.0,3.9684486777286976,6.156705707061309,1.4933941614515183,0.8384838155205708,0.0
glucose,full_patch,1,glucose_05_c0.5_wC01,5,0.5,0.5142018504743247,0.5142018504743247,0.014201850474324651,0.2661675347222222,0.504425048828125,1.89514115368936,0.0,3.4199262345618404,6.071478195385363,1.2848773003555616,0.8273657112031866,0.0
glucose,full_patch,1,glucose_05_c0.5_wC03,5,0.5,0.480501201731073,0.480501201731073,0.019498798268926976,0.2679036458333333,0.5268573760986328,1.966592781743621,0.0,3.8111853873312773,6.027055101601815,1.422595566206766,0.8232598164571264,0.0
glucose,full_patch,1,glucose_05_c0.5_wC09,5,0.5,0.3957648202429196,0.3957648202429196,0.10423517975708041,0.2679036458333333,0.5258152484893799,1.9627028473382444,0.0,3.6846756659304694,6.042625142942357,1.3753734684979835,0.8253865913347674,0.0
glucose,full_patch,1,glucose_05_c0.5_wD02,5,0.5,0.4817860636005511,0.4817860636005511,0.018213936399448905,0.2731119791666667,0.5189621448516846,1.9001808211971096,,3.7412333782391523,6.085199779574046,1.3698532703159327,0.8371578021877059,0.0
glucose,full_patch,1,glucose_05_c0.5_wD03,5,0.5,-0.002253693396425227,0.0,0.5,0.2670355902777778,0.4803158938884735,1.7986961715059617,0.0,3.578344586714251,6.424564966019512,1.340025343809774,0.8765179974365037,2.688821387764051e-17
glucose,full_patch,1,glucose_05_c0.5_wE02,5,0.5,0.3552986391519246,0.3552986391519246,0.1447013608480754,0.2726779513888889,0.51546311378479,1.8903732815919716,,3.675468318698921,6.114659030404495,1.3479154805065363,0.8407086024796036,0.0
glucose,full_patch,1,glucose_05_c0.5_wE03,5,0.5,0.2330782939270959,0.2330782939270959,0.2669217060729041,0.2679036458333333,0.491603285074234,1.8350003544933742,0.0,3.571959595653075,6.348302222680172,1.3333001066641856,0.8671402591406621,0.0
glucose,full_patch,1,glucose_05_c0.5_wE08,5,0.5,0.37475631336931325,0.3747563133693132,0.1252436866306868,0.2670355902777778,0.5237056016921997,1.961182781469042,0.0,3.7463710339976917,6.097183196892197,1.4029482100496842,0.8318525587351369,5.551115123125783e-17
glucose,full_patch,1,glucose_05_c0.5_wE10,5,0.5,0.6018193167122581,0.6018193167122581,0.10181931671225808,0.2657335069444444,0.5302087664604187,1.9952650027354917,0.0,4.209375010170625,6.170703415113171,1.584058803337382,0.8403901680757054,0.0
glucose,full_patch,1,glucose_05_c0.5_wE11,5,0.5,0.6329084349312133,0.6329084349312133,0.1329084349312133,0.2683376736111111,0.536186695098877,1.9981789656414275,0.0,3.8510402934966086,5.9270564563452,1.435147082283249,0.8100808586931242,0.0
glucose,full_patch,1,glucose_05_c0.5_wF01,5,0.5,0.43874219557339256,0.4387421955733925,0.0612578044266075,0.2661675347222222,0.4998723268508911,1.8780364305983746,0.0,3.4830536841069195,6.056077571065416,1.30859448645452,0.8252670544867496,5.551115123125783e-17
glucose,full_patch,1,glucose_05_c0.5_wF12,5,0.5,0.5249274807935045,0.5249274807935045,0.024927480793504486,0.2679036458333333,0.5253576636314392,1.960994827066563,0.0,3.8987236197569937,5.984925209534182,1.4552708335229023,0.8175051242191643,0.0
glucose,full_patch,1,glucose_05_c0.5_wG06,5,0.5,0.2390546734315464,0.2390546734315464,0.2609453265684536,0.2718098958333333,0.5282866954803467,1.9435888964258983,0.0,4.064232601783155,6.246671719235751,1.4952482099015394,0.8578352937636221,0.0
glucose,full_patch,1,glucose_05_c0.5_wG09,5,0.5,0.5102596696966053,0.5102596696966053,0.0102596696966053,0.2709418402777778,0.5215519666671753,1.9249591208669152,0.0,3.929475148184321,6.313870950593106,1.4503020811240168,0.8660311754824538,0.0
glucose,full_patch,1,glucose_05_c0.5_wG11,5,0.5,0.5306016569639196,0.5306016569639196,0.030601656963919588,0.2713758680555556,0.5245132446289062,1.9327925079968011,0.0,4.020939485683393,6.181365538934618,1.4816864574193582,0.8483613522981601,0.0
glucose,full_patch,1,glucose_05_c0.5_wG12,5,0.5,0.5322548167042571,0.5322548167042571,0.03225481670425712,0.2739800347222222,0.5334041118621826,1.9468721960086635,0.0,3.9548937732115705,5.90496037581294,1.4434970698581322,0.8133330566954424,0.0
glucose,full_patch,1,glucose_05_c0.5_wH05,5,0.5,0.13567127120175826,0.1356712712017582,0.3643287287982418,0.2718098958333333,0.521255373954773,1.9177203698072607,,4.084726586577173,6.283646635590918,1.502788032810189,0.8629129398540589,5.551115123125783e-17
glucose,full_patch,1,glucose_06_c1_wA06,6,1.0,-0.024750123668307644,0.0,1.0,0.2692057291666667,0.4963738024234772,1.8438456119043793,0.0,3.6502822190301396,6.331085790316918,1.3559452209021268,0.8663294230669746,4.5102810375396984e-17
glucose,full_patch,1,glucose_06_c1_wA11,6,1.0,0.20517126931237595,0.2051712693123759,0.794828730687624,0.2674696180555556,0.5316972732543945,1.9878791360294117,0.0,4.205262018812798,6.273266010790766,1.5722391385549186,0.8563830477773323,5.551115123125783e-17
glucose,full_patch,1,glucose_06_c1_wA12,6,1.0,0.3757767970914916,0.3757767970914916,0.6242232029085084,0.2648654513888889,0.5252150297164917,1.9829503129320718,0.0,3.991582362857134,5.975974376792689,1.5070226569476175,0.812908927771534,0.0
glucose,full_patch,1,glucose_06_c1_wC01,6,1.0,0.5280307387453824,0.5280307387453824,0.4719692612546176,0.2661675347222222,0.5165941715240479,1.9408609395701693,,3.8364674932963947,6.256257019714774,1.4413731927525306,0.852545685253458,0.0
glucose,full_patch,1,glucose_06_c1_wC03,6,1.0,0.23896588378267936,0.2389658837826793,0.7610341162173206,0.2674696180555556,0.5180215835571289,1.9367492551977685,0.0,3.8312250717245906,6.3993566689385135,1.4323963594731777,0.8735960755582484,5.551115123125783e-17
glucose,full_patch,1,glucose_06_c1_wC09,6,1.0,0.2477982639657057,0.2477982639657057,0.7522017360342943,0.2744140625,0.5354245901107788,1.951155801684831,0.0,4.44533957397234,6.33924886377463,1.6199386917251517,0.8736730600949154,0.0
glucose,full_patch,1,glucose_06_c1_wD02,6,1.0,0.31615395063756324,0.3161539506375632,0.6838460493624368,0.2722439236111111,0.527187705039978,1.9364535231759417,0.0,3.998518456935072,6.231585442125582,1.46872642882079,0.8562739143376975,5.551115123125783e-17
glucose,full_patch,1,glucose_06_c1_wD03,6,1.0,0.24210338348255078,0.2421033834825507,0.7578966165174493,0.2705078125,0.5147978663444519,1.9030794770278656,0.0,3.7966295586951126,6.314922888944256,1.4035193747667132,0.8656601122194001,8.326672684688674e-17
glucose,full_patch,1,glucose_06_c1_wE02,6,1.0,0.561703914458267,0.561703914458267,0.43829608554173305,0.2683376736111111,0.5143420100212097,1.916771518138079,,3.8731619060299174,6.395520398683658,1.4433910281428113,0.8741082010124366,0.0
glucose,full_patch,1,glucose_06_c1_wE03,6,1.0,0.39303702703938903,0.393037027039389,0.606962972960611,0.2687717013888889,0.5059489011764526,1.882448556012187,0.0,3.7847276148383937,6.360674642181925,1.4081570326342607,0.8698616634864018,5.551115123125783e-17
glucose,full_patch,1,glucose_06_c1_wE08,6,1.0,0.5404039545668553,0.5404039545668553,0.4595960454331447,0.2744140625,0.512961745262146,1.869298317254226,0.0,4.006403863660143,6.134918996740569,1.4599848955117392,0.8455123893219842,0.0
glucose,full_patch,1,glucose_06_c1_wE10,6,1.0,0.5486960318193326,0.5486960318193326,0.4513039681806674,0.2674696180555556,0.5212575793266296,1.9488478097664172,0.0,3.9108841684430367,6.461118032002595,1.4621788436661673,0.8820273112566422,0.0
glucose,full_patch,1,glucose_06_c1_wE11,6,1.0,0.4081336563059281,0.4081336563059281,0.5918663436940719,0.2705078125,0.539810836315155,1.995546196341945,0.0,4.693339266104073,6.102101466567662,1.7350106167835995,0.8364861983621534,0.0
glucose,full_patch,1,glucose_06_c1_wF01,6,1.0,0.7107904944227572,0.7107904944227572,0.2892095055772428,0.2683376736111111,0.5135623216629028,1.9138658942358724,,3.6740702301191446,6.161936532227178,1.3691965726153674,0.84218310961005,0.0
glucose,full_patch,1,glucose_06_c1_wF12,6,1.0,0.3285120363843417,0.3285120363843417,0.6714879636156583,0.2674696180555556,0.5378096699714661,2.010731812761473,0.0,4.177640002003143,6.058047666054626,1.5619119780308706,0.8270029223871936,0.0
glucose,full_patch,1,glucose_06_c1_wG06,6,1.0,0.13690715940840814,0.1369071594084081,0.8630928405915919,0.2731119791666667,0.5056426525115967,1.851411476180721,0.0,3.683550665244938,6.323588041985919,1.3487327346403397,0.8699535362732085,2.7755575615628914e-17
glucose,full_patch,1,glucose_06_c1_wG09,6,1.0,0.44373631470226105,0.443736314702261,0.556263685297739,0.2726779513888889,0.541611909866333,1.9862695429081276,0.0,4.445480821182812,6.200933304353405,1.630304466694023,0.8525705107104428,5.551115123125783e-17
glucose,full_patch,1,glucose_06_c1_wG11,6,1.0,0.8399109500281403,0.8399109500281403,0.1600890499718597,0.2705078125,0.553722620010376,2.0469745952730145,0.0,4.394822096055717,6.131475113028128,1.6246562550039907,0.8405127865784209,0.0
glucose,full_patch,1,glucose_06_c1_wG12,6,1.0,0.45871907024872893,0.4587190702487289,0.5412809297512711,0.2661675347222222,0.534791111946106,2.0092274307767277,0.0,4.048177900352553,6.164094757750422,1.5209134745066912,0.8399866521873117,5.551115123125783e-17
glucose,full_patch,1,glucose_06_c1_wH05,6,1.0,0.45008457551631587,0.4500845755163158,0.5499154244836841,0.2722439236111111,0.5534430146217346,2.0328939110218838,0.0,4.925047401458256,5.915801074331772,1.8090568693439335,0.8128824019836234,5.551115123125783e-17
glucose,full_patch,1,glucose_07_c2.5_wA06,7,2.5,2.550353352241005,2.550353352241005,0.05035335224100512,0.2731119791666667,0.542293131351471,1.9856072699782106,0.0,2.6059588245202367,5.089825411750724,0.954172289502523,0.7002213911732299,0.0
glucose,full_patch,1,glucose_07_c2.5_wA11,7,2.5,2.225929711796457,2.225929711796457,0.27407028820354284,0.2648654513888889,0.5211158394813538,1.9674738126424236,0.0,2.895205240379277,5.448167494382157,1.0930852722382391,0.7411116107487227,0.0
glucose,full_patch,1,glucose_07_c2.5_wA12,7,2.5,1.9155913745730584,1.9155913745730584,0.5844086254269416,0.2713758680555556,0.5609180331230164,2.066941460720399,0.0,2.96505193618833,5.371552379566374,1.0925997058741161,0.7372185663452525,0.0
glucose,full_patch,1,glucose_07_c2.5_wC01,7,2.5,2.5856681410582767,2.5856681410582767,0.08566814105827669,0.2683376736111111,0.48298007249832153,1.7998966227838784,0.0,2.490979613596387,5.55142249005697,0.9283003687385484,0.7587410598897381,0.0
glucose,full_patch,1,glucose_07_c2.5_wC03,7,2.5,2.5329219135531402,2.53292191355314,0.03292191355313978,0.2705078125,0.5355069637298584,1.979635851477888,0.0,2.443948124797442,5.229680655352077,0.9034667436074298,0.7168933053655324,4.440892098500626e-16
glucose,full_patch,1,glucose_07_c2.5_wC09,7,2.5,2.2331519335040677,2.233151933504068,0.26684806649593185,0.2683376736111111,0.5063485503196716,1.8869827091573368,1.0362955435994081e-05,4.253390487797098,5.434182129285967,1.5850888287722629,0.7427172253225489,4.440892098500626e-16
glucose,full_patch,1,glucose_07_c2.5_wD02,7,2.5,3.190484714706238,3.190484714706238,0.6904847147062378,0.2713758680555556,0.4082409739494324,1.504337791250687,0.0,1.9870113583471118,5.183431401368851,0.7321989875460608,0.711399907595165,0.0
glucose,full_patch,1,glucose_07_c2.5_wD03,7,2.5,2.8074461694943387,2.8074461694943387,0.3074461694943387,0.2648654513888889,0.4927053451538086,1.8602099389338385,0.0,2.3239778307136585,5.39894458348161,0.8774182584128257,0.7344158417913876,0.0
glucose,full_patch,1,glucose_07_c2.5_wE02,7,2.5,2.6459596969977297,2.6459596969977297,0.1459596969977297,0.2722439236111111,0.4731910824775696,1.7381143946246638,,3.4381971933153372,5.4457411081929425,1.2629105354162675,0.7482920836902663,0.0
glucose,full_patch,1,glucose_07_c2.5_wE03,7,2.5,3.1636344063609925,3.1636344063609925,0.6636344063609925,0.2705078125,0.5073844194412231,1.8756738104975181,0.0,2.0927342483765856,5.218191553500599,0.7736317221435465,0.7153183602121304,0.0
glucose,full_patch,1,glucose_07_c2.5_wE08,7,2.5,2.9502398328653676,2.950239832865368,0.45023983286536806,0.2722439236111111,0.439431756734848,1.6141104304776244,0.0,2.912235781857712,5.596394447208066,1.0697156223834465,0.7689931597654621,4.440892098500626e-16
glucose,full_patch,1,glucose_07_c2.5_wE10,7,2.5,2.453030938486,2.453030938486,0.04696906151399993,0.2744140625,0.4936753809452057,1.799016334832351,,3.8801026784862147,5.676245805369097,1.4139591255408839,0.7822982105919187,0.0
glucose,full_patch,1,glucose_07_c2.5_wE11,7,2.5,2.402465631616149,2.402465631616149,0.09753436838385099,0.2731119791666667,0.4692475497722626,1.7181507424319316,5.095004780741874e-06,3.8734420612616844,5.448286345100484,1.4182615032414654,0.7495358554477692,0.0
glucose,full_patch,1,glucose_07_c2.5_wF01,7,2.5,2.469366442158142,2.469366442158142,0.03063355784185795,0.2661675347222222,0.4590702950954437,1.724741883244847,0.0,2.4945884848009774,5.53801007699988,0.9372249276773669,0.7546695382172246,0.0
glucose,full_patch,1,glucose_07_c2.5_wF12,7,2.5,2.4277852143781256,2.4277852143781256,0.07221478562187444,0.2744140625,0.5147040486335754,1.8756474939529582,1.890521525638178e-05,4.43059093642378,5.158845826309502,1.6145640992519397,0.7109903265330997,0.0
glucose,full_patch,1,glucose_07_c2.5_wG06,7,2.5,2.6134855797044088,2.6134855797044088,0.11348557970440876,0.2731119791666667,0.49578922986984253,1.8153331515615687,0.0,3.323064292685377,5.440507495908048,1.2167405848783643,0.7484656976009639,0.0
glucose,full_patch,1,glucose_07_c2.5_wG09,7,2.5,2.5220045692611825,2.5220045692611825,0.02200456926118255,0.2679036458333333,0.5098930597305298,1.9032703274510177,0.0,2.843640850879743,5.378823973096672,1.0614416395993402,0.7347153065963974,0.0
glucose,full_patch,1,glucose_07_c2.5_wG11,7,2.5,2.3353181610406444,2.3353181610406444,0.16468183895935562,0.2722439236111111,0.48593443632125854,1.7849229833147544,0.0,3.960950829857732,5.168257728169326,1.454927176084849,0.710163459412681,0.0
glucose,full_patch,1,glucose_07_c2.5_wG12,7,2.5,1.928313776592093,1.928313776592093,0.571686223407907,0.2718098958333333,0.540428876876831,1.9882604907372756,0.0,2.9607106499205518,5.337963215584032,1.089257858270172,0.7330452837851651,0.0
glucose,full_patch,1,glucose_07_c2.5_wH05,7,2.5,2.3164963481202983,2.3164963481202983,0.18350365187970175,0.2726779513888889,0.4716814458370209,1.7298114623294805,,2.667679674818524,5.646222162936546,0.9783261394002195,0.7763029009939312,0.0
glucose,full_patch,1,glucose_08_c5_wA06,8,5.0,4.163325075920852,4.163325075920852,0.8366749240791478,0.2679036458333333,0.18883895874023438,0.7048764049210207,0.009122547693550587,4.492191990374073,5.076894921434654,1.6767938996876248,0.6934735970941422,0.0
glucose,full_patch,1,glucose_08_c5_wA11,8,5.0,4.104169818452969,4.104169818452969,0.8958301815470309,0.2687717013888889,0.338857501745224,1.2607633169495294,1.1129235645057634e-05,2.133978583144729,4.698284959039921,0.7939744296431902,0.6425195753451834,0.0
glucose,full_patch,1,glucose_08_c5_wA12,8,5.0,4.235805101506557,4.235805101506557,0.764194898493443,0.2666015625,0.31381866335868835,1.1771073673234318,0.0006853205850347877,2.7216666679886004,4.086204108049097,1.020874237370083,0.5571601873025667,0.0
glucose,full_patch,1,glucose_08_c5_wC01,8,5.0,3.8896638812470314,3.889663881247032,1.1103361187529681,0.2657335069444444,0.3636268377304077,1.3683891125044663,0.0,1.7648380567096478,5.083273790787976,0.6641383230149496,0.6922927627590066,4.440892098500626e-16
glucose,full_patch,1,glucose_08_c5_wC03,8,5.0,4.240995264596686,4.240995264596686,0.7590047354033143,0.2687717013888889,0.1441962718963623,0.5365009454165826,0.001779570011422038,3.475963452393028,5.104309870231914,1.2932773184196265,0.6980459973891872,0.0
glucose,full_patch,1,glucose_08_c5_wC09,8,5.0,5.328955685785763,5.328955685785763,0.32895568578576295,0.2731119791666667,0.05842995271086693,0.2139413763144019,0.015180268324911594,5.13221077313878,4.030743326155788,1.8791598921433053,0.5545205328235818,0.0
glucose,full_patch,1,glucose_08_c5_wD02,8,5.0,4.166249759175345,4.166249759175345,0.8337502408246547,0.2726779513888889,0.18940696120262146,0.6946178091696615,0.005548717454075813,3.919940513547532,4.959396553074118,1.437571499118745,0.6818707837256611,0.0
glucose,full_patch,1,glucose_08_c5_wD03,8,5.0,4.465643179536454,4.465643179536454,0.5343568204635458,0.2679036458333333,0.08219636976718903,0.30681318095359017,0.010479209013283253,5.210309431594378,5.28339963716613,1.944844541173503,0.7216809108659115,0.0
glucose,full_patch,1,glucose_08_c5_wE02,8,5.0,4.63284098149545,4.63284098149545,0.3671590185045499,0.2683376736111111,0.0633135661482811,0.23594736175598813,0.013408367522060871,4.635190083948421,5.12554624897062,1.7273720911309607,0.7005343946390812,0.0
glucose,full_patch,1,glucose_08_c5_wE03,8,5.0,4.70634649268658,4.70634649268658,0.29365350731341966,0.2726779513888889,0.05175388976931572,0.18979858659530985,0.0053809089586138725,4.090763386840439,4.94802027977308,1.500217881938778,0.6803066522212249,0.0
glucose,full_patch,1,glucose_08_c5_wE08,8,5.0,5.4578920919956815,5.4578920919956815,0.4578920919956815,0.2648654513888889,0.04363716021180153,0.1647521788250565,0.014340288005769253,5.06826002854238,4.384939270621016,1.9135225081133376,0.596481185506174,0.0
glucose,full_patch,1,glucose_08_c5_wE10,8,5.0,5.435104308245958,5.435104308245958,0.4351043082459576,0.2744140625,0.05389240011572838,0.19639081038614184,0.007834495045244694,5.862212589411964,4.030068047032568,2.136265370661157,0.5554225679894146,0.0
glucose,full_patch,1,glucose_08_c5_wE11,8,5.0,4.945585572950124,4.945585572950124,0.05441442704987587,0.2670355902777778,0.09052419662475586,0.3389967477016457,0.0035826205275952816,4.939436799272778,4.552976468220688,1.8497297660340482,0.6211729257012859,0.0
glucose,full_patch,1,glucose_08_c5_wF01,8,5.0,4.061042934094919,4.061042934094919,0.9389570659050808,0.2683376736111111,0.21178892254829407,0.7892627214739499,0.004133816808462143,4.621906948421001,5.090553845215309,1.7224219343569735,0.6957518053908394,0.0
glucose,full_patch,1,glucose_08_c5_wF12,8,5.0,4.290515799992875,4.290515799992875,0.7094842000071253,0.2713758680555556,0.27469581365585327,1.0122337539593538,0.00016954213788267225,3.9375396273066023,4.154540334657778,1.450954226519698,0.5701897799583929,0.0
glucose,full_patch,1,glucose_08_c5_wG06,8,5.0,4.933371123372981,4.933371123372981,0.06662887662701866,0.2666015625,0.04284129664301872,0.160694094367953,0.002555335173383355,4.0901854080331,4.784195563726347,1.5341940871157123,0.6523323911126204,0.0
glucose,full_patch,1,glucose_08_c5_wG09,8,5.0,4.954829849508723,4.954829849508723,0.04517015049127693,0.2683376736111111,0.0699121281504631,0.2605378782995018,2.4619646865176037e-05,2.8745664249360434,4.522018145515872,1.0712496632515398,0.6180471485848181,0.0
glucose,full_patch,1,glucose_08_c5_wG11,8,5.0,4.952033025339398,4.952033025339398,0.047966974660601736,0.2709418402777778,0.10136540234088898,0.37412236602868754,0.0029434701427817345,4.494104899653333,4.345460675293737,1.658697266928519,0.5960375886814567,0.0
glucose,full_patch,1,glucose_08_c5_wG12,8,5.0,5.008604125773386,5.008604125773386,0.008604125773386428,0.2744140625,0.16138103604316711,0.5880931704918261,0.003833455266430974,6.835012388090801,3.668341506047856,2.490766080215296,0.5055695426908485,0.0
glucose,full_patch,1,glucose_08_c5_wH05,8,5.0,4.368740376504318,4.368740376504318,0.6312596234956818,0.2722439236111111,0.1443532556295395,0.5302349955686871,0.004392188973724842,4.7347292278411555,4.777403205358011,1.7391496438335627,0.6564566563378476,0.0
glucose,full_patch,1,glucose_09_c10_wA06,9,10.0,10.069544781602222,10.069544781602222,0.06954478160222166,0.2683376736111111,0.5752435326576233,2.14373004325623,0.6042540669441223,0.748318364330693,4.6831718061391765,0.2788718983288179,0.6400728365027237,0.0
glucose,full_patch,1,glucose_09_c10_wA11,9,10.0,9.317288218092413,9.317288218092411,0.6827117819075887,0.2670355902777778,0.4828962981700897,1.8083593189498361,0.50209641456604,0.19358492596165178,3.9132273889914124,0.07249405435443246,0.5338905050621001,1.7763568394002505e-15
glucose,full_patch,1,glucose_09_c10_wA12,9,10.0,9.549588218079066,9.549588218079066,0.4504117819209341,0.2726779513888889,0.4839439392089844,1.7747820707321926,0.5023792386054993,0.19259748950788413,3.6135826302184313,0.07063185289712137,0.4968339179485762,0.0
glucose,full_patch,1,glucose_09_c10_wC01,9,10.0,8.532448640567466,8.532448640567466,1.4675513594325338,0.2683376736111111,0.5700191855430603,2.1242607415951653,0.6091607213020325,0.04269468182959635,4.8077791197270425,0.015910804194968053,0.6571035498651109,0.0
glucose,full_patch,1,glucose_09_c10_wC03,9,10.0,9.731202069678238,9.731202069678238,0.268797930321762,0.2705078125,0.5270206928253174,1.9482642218524369,0.5483718514442444,0.3284277350805578,3.9981011356313996,0.12141155260739753,0.5480663404131932,0.0
glucose,full_patch,1,glucose_09_c10_wC09,9,10.0,12.167682009514314,12.167682009514314,2.167682009514314,0.2726779513888889,0.497236043214798,1.8235286009819252,0.5090118050575256,1.5856346151352927,2.658951363669006,0.5815045210142005,0.36558101995484943,0.0
glucose,full_patch,1,glucose_09_c10_wD02,9,10.0,9.149322490187682,9.149322490187682,0.8506775098123178,0.2705078125,0.5649402141571045,2.0884432465591156,0.591742217540741,0.3516619555737446,4.618936675862493,0.13000066516516767,0.6331715068384461,0.0
glucose,full_patch,1,glucose_09_c10_wD03,9,10.0,9.732395752939686,9.732395752939686,0.26760424706031394,0.2679036458333333,0.6204009652137756,2.3157615615269975,0.6539852619171143,1.0906307300627631,4.759053112332262,0.4070981291315685,0.6500582997369813,0.0
glucose,full_patch,1,glucose_09_c10_wE02,9,10.0,9.57948166223727,9.57948166223727,0.4205183377627293,0.2731119791666667,0.5975119471549988,2.187791062765383,0.623140811920166,0.7546244201995478,4.588119102668323,0.2763058663710382,0.6312002634750151,0.0
glucose,full_patch,1,glucose_09_c10_wE03,9,10.0,9.263019427281145,9.263019427281144,0.7369805727188563,0.2718098958333333,0.6399346590042114,2.354346434084955,0.6702255606651306,0.7306205566962287,5.391170910367361,0.26879836528991796,0.7403521250178154,1.7763568394002505e-15
glucose,full_patch,1,glucose_09_c10_wE08,9,10.0,9.746855326429602,9.746855326429602,0.2531446735703984,0.2744140625,0.5091314315795898,1.8553401634786477,0.5296704173088074,0.10643728835897726,3.777981642093792,0.03878711148739954,0.5206801078740301,0.0
glucose,full_patch,1,glucose_09_c10_wE10,9,10.0,11.208838609801823,11.208838609801823,1.2088386098018233,0.2700737847222222,0.4777124226093292,1.7688218910275526,0.4884835183620453,0.5462908566893354,2.7356413325385436,0.2022746699577708,0.3747832692236542,0.0
glucose,full_patch,1,glucose_09_c10_wE11,9,10.0,10.868695020829296,10.868695020829296,0.8686950208292963,0.2670355902777778,0.5702663660049438,2.1355444246654054,0.5874165892601013,1.1600351698068856,3.692350595399345,0.43441219524340746,0.5037557821939358,0.0
glucose,full_patch,1,glucose_09_c10_wF01,9,10.0,8.388327512221897,8.388327512221897,1.6116724877781028,0.2705078125,0.554412841796875,2.0495261732851984,0.5907298922538757,0.25937646313259854,4.742069205327475,0.09588501741797145,0.650050718374208,0.0
glucose,full_patch,1,glucose_09_c10_wF12,9,10.0,9.547517388645177,9.547517388645176,0.45248261135482437,0.2744140625,0.46774929761886597,1.7045383657000668,0.4881288707256317,0.07070642248759818,3.7360171854481514,0.025766326201886312,0.5148965811438637,1.7763568394002505e-15
glucose,full_patch,1,glucose_09_c10_wG06,9,10.0,10.554090201621893,10.554090201621891,0.5540902016218912,0.2648654513888889,0.5267633199691772,1.9887958856353696,0.5465630888938904,0.8150181041431921,3.6268377701306687,0.3077102354684006,0.49335700205939836,1.7763568394002505e-15
glucose,full_patch,1,glucose_09_c10_wG09,9,10.0,12.984050671903946,12.984050671903946,2.9840506719039457,0.2705078125,0.5422827005386353,2.00468406264102,0.5523026585578918,2.3223896208005463,2.5548429123334486,0.8585295926713934,0.35022210739350085,0.0
glucose,full_patch,1,glucose_09_c10_wG11,9,10.0,11.817447058880209,11.817447058880209,1.8174470588802087,0.2744140625,0.5275287628173828,1.9223823954626333,0.5390787124633789,1.3001253277258726,2.82969823819856,0.47378232583320057,0.38998802098456603,0.0
glucose,full_patch,1,glucose_09_c10_wG12,9,10.0,9.457409830640366,9.457409830640366,0.5425901693596344,0.2744140625,0.5019379258155823,1.829126106886677,0.5268572568893433,0.09707017948344898,3.807651718570318,0.03537361700749173,0.5247692274314947,0.0
glucose,full_patch,1,glucose_09_c10_wH05,9,10.0,9.978344672940501,9.9783446729405,0.02165532705950035,0.2705078125,0.5014976859092712,1.8539120230003385,0.5166521668434143,0.31147010662655816,3.7013478137645706,0.11514273977819335,0.5073869024491192,1.7763568394002505e-15
glucose,full_patch,1,glucose_10_c15_wA06,10,15.0,15.846107361956385,15.846107361956385,0.8461073619563848,0.2718098958333333,0.4565938413143158,1.6798278808593752,0.4580560326576233,2.6508711074622564,0.02598391248903731,0.9752665918711441,0.0035682869542388294,0.0
glucose,full_patch,1,glucose_10_c15_wA11,10,15.0,14.546996943714648,14.546996943714648,0.4530030562853522,0.2648654513888889,0.4359171986579895,1.6458061871495417,0.44151657819747925,1.9254684357364358,0.5987281121428101,0.726960962873699,0.08144469788203892,0.0
glucose,full_patch,1,glucose_10_c15_wA12,10,15.0,19.02213619519807,19.02213619519807,4.022136195198069,0.2687717013888889,0.5138255953788757,1.9117548191407827,0.5194528102874756,5.6633310921374935,0.19609213860252694,2.1071158395292344,0.026816814799835113,0.0
glucose,full_patch,1,glucose_10_c15_wC01,10,15.0,14.923704747146349,14.923704747146347,0.07629525285365268,0.2683376736111111,0.44312784075737,1.6513813911928517,0.44492676854133606,2.337715988306531,0.4964480108861622,0.8711844135961582,0.06785206685936336,1.7763568394002505e-15
glucose,full_patch,1,glucose_10_c15_wC03,10,15.0,15.369408080145554,15.369408080145554,0.36940808014555415,0.2709418402777778,0.45100289583206177,1.66457456467292,0.45440909266471863,2.2735469525666705,0.186741752441133,0.8391273013558044,0.025614109101019227,0.0
glucose,full_patch,1,glucose_10_c15_wC09,10,15.0,16.236245097479035,16.236245097479035,1.2362450974790349,0.2666015625,0.4307669401168823,1.615770500658196,0.4335170388221741,2.6096997852585133,0.3501051505196209,0.9788764029687611,0.047737373386430325,0.0
glucose,full_patch,1,glucose_10_c15_wD02,10,15.0,12.467800578521157,12.467800578521157,2.5321994214788432,0.2648654513888889,0.4508710503578186,1.7022644818097732,0.45670679211616516,0.8990612893144032,1.7910990386915344,0.33944075552320935,0.2436423430344086,0.0
glucose,full_patch,1,glucose_10_c15_wD03,10,15.0,14.39059895423382,14.39059895423382,0.6094010457661803,0.2709418402777778,0.44811269640922546,1.6539073328423795,0.45145538449287415,1.9056567974031609,0.8318260244896845,0.703345336198139,0.11409597621218831,0.0
glucose,full_patch,1,glucose_10_c15_wE02,10,15.0,13.845873263955676,13.845873263955676,1.154126736044324,0.2674696180555556,0.4791491627693176,1.791415287660053,0.4862804412841797,1.976043497522868,1.4123192113463627,0.7387917595606796,0.19280008668001897,0.0
glucose,full_patch,1,glucose_10_c15_wE03,10,15.0,13.995399014246175,13.995399014246177,1.0046009857538234,0.2674696180555556,0.48438239097595215,1.8109809798111054,0.4895833730697632,1.9784826248276133,1.365064802795585,0.7397036864264211,0.18634924044680953,1.7763568394002505e-15
glucose,full_patch,1,glucose_10_c15_wE08,10,15.0,14.880980601487083,14.880980601487083,0.11901939851291665,0.2705078125,0.4913061857223511,1.8162365854862366,0.4938267469406128,2.931477454350839,1.3931064054431186,1.0836941925109238,0.19096933857747703,0.0
glucose,full_patch,1,glucose_10_c15_wE10,10,15.0,15.216869056031625,15.216869056031625,0.21686905603162465,0.2683376736111111,0.4440440237522125,1.6547956825314964,0.4483562707901001,2.1372568323552485,0.22241130169401302,0.7964803464207834,0.030398080326442596,0.0
glucose,full_patch,1,glucose_10_c15_wE11,10,15.0,17.336266826008952,17.336266826008952,2.336266826008952,0.2713758680555556,0.4582005441188812,1.6884351117951255,0.46101388335227966,3.475460178329497,0.6774506870996362,1.2806813675923487,0.09297670189590838,0.0
glucose,full_patch,1,glucose_10_c15_wF01,10,15.0,13.641934987144309,13.641934987144309,1.3580650128556915,0.2687717013888889,0.4255562722682953,1.5833373456700077,0.4295980930328369,1.19538101509327,0.7260492833390924,0.44475702200644235,0.09929173757609548,0.0
glucose,full_patch,1,glucose_10_c15_wF12,10,15.0,18.449515425101016,18.449515425101016,3.4495154251010156,0.2679036458333333,0.49216949939727783,1.8371138543723422,0.49747660756111145,4.603469359765931,0.7180669744579973,1.7183302397571012,0.0980836703216971,0.0
glucose,full_patch,1,glucose_10_c15_wG06,10,15.0,14.4218576885533,14.4218576885533,0.5781423114466993,0.2683376736111111,0.47981783747673035,1.7881120866096025,0.4851667881011963,2.333815614314151,1.175136975151613,0.8697308815818527,0.16061192885951753,0.0
glucose,full_patch,1,glucose_10_c15_wG09,10,15.0,16.32757420993552,16.32757420993552,1.3275742099355199,0.2683376736111111,0.41689181327819824,1.5536089572065812,0.42003920674324036,2.525707166389564,0.6324442891206168,0.9412421045469561,0.08643936776710077,0.0
glucose,full_patch,1,glucose_10_c15_wG11,10,15.0,16.155518185785006,16.155518185785006,1.1555181857850059,0.2648654513888889,0.41404783725738525,1.5632383728652448,0.41771331429481506,2.4868658756888227,0.4905305590410496,0.9389166698217203,0.06672663663649171,0.0
glucose,full_patch,1,glucose_10_c15_wG12,10,15.0,17.851539835094343,17.851539835094343,2.851539835094343,0.2679036458333333,0.4403032064437866,1.6435133052190918,0.44344261288642883,3.6650280694596766,1.102805662273763,1.3680396390498333,0.15063668272587816,0.0
glucose,full_patch,1,glucose_10_c15_wH05,10,15.0,14.931695815544373,14.931695815544373,0.06830418445562714,0.2744140625,0.4447980225086212,1.6209009788214523,0.44858166575431824,1.7263152441272336,0.10768631584102017,0.6290913914541948,0.01484129036624558,0.0
glucose,full_patch,1,glucose_11_c20_wA06,11,20.0,19.786271858142605,19.786271858142605,0.21372814185739486,0.2709418402777778,0.43105262517929077,1.5909415272936898,0.4335109293460846,4.145221602205284,2.578609870719834,1.5299304079264677,0.35369055765075147,0.0
glucose,full_patch,1,glucose_11_c20_wA11,11,20.0,18.197633126860673,18.197633126860676,1.8023668731393236,0.2679036458333333,0.3827970623970032,1.428860966808741,0.38358014822006226,3.1682535674879926,2.0959811922680807,1.1826093510720674,0.28629854258103793,3.552713678800501e-15
glucose,full_patch,1,glucose_11_c20_wA12,11,20.0,16.770038910630316,16.770038910630316,3.2299610893696844,0.2657335069444444,0.32227420806884766,1.2127721933697428,0.32588836550712585,0.6909013235033221,2.6450993821260447,0.2599978194122751,0.360236972154184,0.0
glucose,full_patch,1,glucose_11_c20_wC01,11,20.0,19.6220261378135,19.6220261378135,0.37797386218650075,0.2679036458333333,0.4392986595630646,1.639763647846579,0.44286563992500305,4.3235390883202935,2.1658208207396115,1.6138410788967126,0.29583821971152,0.0
glucose,full_patch,1,glucose_11_c20_wC03,11,20.0,19.754642038833243,19.754642038833243,0.24535796116675712,0.2683376736111111,0.4529764950275421,1.688083856924314,0.45418187975883484,4.86713559723437,1.6116045920292166,1.813810014723492,0.22026617114253685,0.0
glucose,full_patch,1,glucose_11_c20_wC09,11,20.0,19.708767652358574,19.70876765235857,0.29123234764142936,0.2726779513888889,0.4524160325527191,1.6591588364527892,0.45456820726394653,4.986795376397033,1.670487657462541,1.8288223712246343,0.22967647696814528,3.552713678800501e-15
glucose,full_patch,1,glucose_11_c20_wD02,11,20.0,19.69281418307248,19.69281418307248,0.30718581692752167,0.2687717013888889,0.4960862696170807,1.8457533551840999,0.4996199309825897,5.453129760722197,0.9189672915345923,2.0289077058867893,0.12567447037813922,0.0
glucose,full_patch,1,glucose_11_c20_wD03,11,20.0,18.457300246691357,18.45730024669136,1.5426997533086393,0.2661675347222222,0.4871590733528137,1.8302723277698865,0.4927098751068115,4.44994767711656,0.9871704829799199,1.6718596735550844,0.1345225960541615,3.552713678800501e-15
glucose,full_patch,1,glucose_11_c20_wE02,11,20.0,18.055187455207623,18.055187455207623,1.9448125447923772,0.2661675347222222,0.5148309469223022,1.9342364479559468,0.5210246443748474,4.800701031888892,0.12522923928979424,1.8036388385604578,0.017065099353759335,0.0
glucose,full_patch,1,glucose_11_c20_wE03,11,20.0,18.72877360270232,18.72877360270232,1.2712263972976814,0.2674696180555556,0.4963013529777527,1.8555429083338615,0.5012043118476868,4.949010801965763,0.7689342855819561,1.8503076491244004,0.10496961007144583,0.0
glucose,full_patch,1,glucose_11_c20_wE08,11,20.0,19.95821321225333,19.95821321225333,0.04178678774666977,0.2674696180555556,0.49283790588378906,1.8425939718559836,0.49770599603652954,5.690993646597933,0.8677671187673504,2.1277159207726797,0.11846158741756631,0.0
glucose,full_patch,1,glucose_11_c20_wE10,11,20.0,20.61729997027207,20.0,0.0,0.2700737847222222,0.4751047194004059,1.7591663696240019,0.4774540662765503,5.951715890058653,1.5420858804051605,2.203736988460448,0.21126599485378267,0.0
glucose,full_patch,1,glucose_11_c20_wE11,11,20.0,22.29583682747225,20.0,0.0,0.2687717013888889,0.4066980481147766,1.5131728750205011,0.4076583683490753,5.094742088786745,3.892017413228448,1.8955649208824645,0.5322574934012966,0.0
glucose,full_patch,1,glucose_11_c20_wF01,11,20.0,17.38791453045927,17.38791453045927,2.6120854695407303,0.2670355902777778,0.4438255727291107,1.6620465169733785,0.4453980326652527,3.7323473460149366,0.6647477949137581,1.3976965924775968,0.09069305222687188,0.0
glucose,full_patch,1,glucose_11_c20_wF12,11,20.0,20.59850204694335,20.0,0.0,0.2744140625,0.37754228711128235,1.3758124626404027,0.3791050910949707,3.692751144218896,3.7048233511859117,1.3456858262206937,0.5105974578215846,0.0
glucose,full_patch,1,glucose_11_c20_wG06,11,20.0,20.13851751607168,20.0,0.0,0.2687717013888889,0.4771411418914795,1.7752655485150888,0.4797445833683014,5.526834725118388,1.081749376216905,2.0563305945373864,0.14793592893923424,0.0
glucose,full_patch,1,glucose_11_c20_wG09,11,20.0,19.686064577119147,19.686064577119147,0.31393542288085285,0.2657335069444444,0.44873473048210144,1.6886644655463647,0.44950538873672485,4.576890596445471,1.7193482428901312,1.7223611162450578,0.23415861395707774,0.0
glucose,full_patch,1,glucose_11_c20_wG11,11,20.0,21.0022249969025,20.0,0.0,0.2713758680555556,0.43147075176239014,1.5899378041752048,0.43221622705459595,4.8512689267978395,2.7843064214746853,1.78765671448896,0.3821320622533239,0.0
glucose,full_patch,1,glucose_11_c20_wG12,11,20.0,20.72217846277762,20.0,0.0,0.2692057291666667,0.44447335600852966,1.6510545945081052,0.44787415862083435,4.859268754712787,2.802927561825392,1.8050391311339395,0.38354536614376855,0.0
glucose,full_patch,1,glucose_11_c20_wH05,11,20.0,18.99451664200255,18.99451664200255,1.0054833579974485,0.2657335069444444,0.45349425077438354,1.7065753430529682,0.4543856978416443,4.54483235712633,1.2258259106581164,1.7102970601582794,0.1669456419776149,0.0
glucose,full_patch,2,glucose_01_c0_wA04,1,0.0,0.3143589427929654,0.3143589427929654,0.3143589427929654,0.2722439236111111,0.44001466035842896,1.6162515384070473,0.0,0.8983827494651995,1.673255106578245,0.3299918461168306,0.22991977131690935,0.0
glucose,full_patch,2,glucose_01_c0_wB04,1,0.0,0.3353592772200973,0.3353592772200973,0.3353592772200973,0.2705078125,0.46412843465805054,1.7157672097106274,0.0,0.9003465802529071,1.7088448716205324,0.3328357033137101,0.2342512916384773,0.0
glucose,full_patch,2,glucose_01_c0_wB08,1,0.0,0.057028742230099475,0.0570287422300994,0.0570287422300994,0.2679036458333333,0.4677585959434509,1.745995633946879,0.0,1.0402118552594772,1.797602156515563,0.3882783498611318,0.24554174410030277,7.632783294297951e-17
glucose,full_patch,2,glucose_01_c0_wB10,1,0.0,0.11012822751505914,0.1101282275150591,0.1101282275150591,0.2713758680555556,0.42514076828956604,1.5666122833093323,0.0,0.9139111812375097,1.8483479867987844,0.3367695100473766,0.25367647127829634,4.163336342344337e-17
glucose,full_patch,2,glucose_01_c0_wB12,1,0.0,0.00850807720953941,0.0085080772095394,0.0085080772095394,0.2683376736111111,0.4984069764614105,1.857387260440097,0.0,1.376287546919731,1.5935414390934033,0.5128938953664474,0.21779738844260427,8.673617379884035e-18
glucose,full_patch,2,glucose_01_c0_wC04,1,0.0,0.13795915605762654,0.1379591560576265,0.1379591560576265,0.2683376736111111,0.4583626687526703,1.7081562293670074,0.0,1.0017390946253626,1.6699385386446888,0.37331287893519377,0.2282389674054494,5.551115123125783e-17
glucose,full_patch,2,glucose_01_c0_wC08,1,0.0,0.005896659134647813,0.0058966591346478,0.0058966591346478,0.2722439236111111,0.47479042410850525,1.7439890588218352,0.0,1.1454317970149652,1.6218573255958268,0.42073732328776087,0.2228572702056231,1.3010426069826053e-17
glucose,full_patch,2,glucose_01_c0_wC12,1,0.0,0.17308641047248452,0.1730864104724845,0.1730864104724845,0.2722439236111111,0.48845604062080383,1.7941852811324543,0.0,1.3719929652492158,1.7945110339170864,0.5039572406431555,0.24658138793171122,2.7755575615628914e-17
glucose,full_patch,2,glucose_01_c0_wD07,1,0.0,0.2512161190949065,0.2512161190949065,0.2512161190949065,0.2744140625,0.5085102319717407,1.8530764325233542,0.0,1.4333020771396516,1.7337848422031323,0.5223136394985778,0.23894962024441554,0.0
glucose,full_patch,2,glucose_01_c0_wE07,1,0.0,0.19843260857338327,0.1984326085733832,0.1984326085733832,0.2722439236111111,0.428147554397583,1.5726615629047929,0.0,0.9763673117969626,1.93688746190437,0.3586369527907855,0.26614514460877703,5.551115123125783e-17
glucose,full_patch,2,glucose_01_c0_wF02,1,0.0,0.24388085595916545,0.2438808559591654,0.2438808559591654,0.2679036458333333,0.4612661600112915,1.7217614137967043,0.0,1.155622784110476,1.804135825600884,0.4313576175926346,0.24643420436842664,5.551115123125783e-17
glucose,full_patch,2,glucose_01_c0_wF05,1,0.0,0.11444942274211715,0.1144494227421171,0.1144494227421171,0.2679036458333333,0.46138155460357666,1.7221921454947602,,1.0170286672297115,1.581635054678599,0.3796247953498997,0.21604192476534712,5.551115123125783e-17
glucose,full_patch,2,glucose_01_c0_wF06,1,0.0,0.04918658014157415,0.0491865801415741,0.0491865801415741,0.2726779513888889,0.4663456380367279,1.7102432949249837,,1.1974917582562612,1.670370404523847,0.43915973116154805,0.22966035578236274,4.85722573273506e-17
glucose,full_patch,2,glucose_01_c0_wF10,1,0.0,0.07967541361744832,0.0796754136174483,0.0796754136174483,0.2679036458333333,0.4597780108451843,1.7162066212836042,0.0,1.1706634731031897,1.8443604128841748,0.4369718334596597,0.2519286433250416,1.3877787807814457e-17
glucose,full_patch,2,glucose_01_c0_wG03,1,0.0,0.16151709380785637,0.1615170938078563,0.1615170938078563,0.2744140625,0.4740794599056244,1.7276062880546597,0.0,1.1731296266604743,1.586527706028814,0.42750346537378137,0.21865469326695905,5.551115123125783e-17
glucose,full_patch,2,glucose_01_c0_wH01,1,0.0,0.2973170463240527,0.2973170463240527,0.2973170463240527,0.2726779513888889,0.5049324035644531,1.8517536932948666,0.0,0.962525002526792,1.5182279983614602,0.3529896706441271,0.20874219353870233,0.0
glucose,full_patch,2,glucose_01_c0_wH02,1,0.0,0.1326494735119362,0.1326494735119362,0.1326494735119362,0.2674696180555556,0.4889124035835266,1.8279175299901749,0.0,1.2162961528516782,1.5332772154083516,0.4547417989728627,0.20931243989339907,0.0
glucose,full_patch,2,glucose_01_c0_wH04,1,0.0,0.024518836103174676,0.0245188361031746,0.0245188361031746,0.2683376736111111,0.4748861491680145,1.7697334212423865,,1.4808335174630898,1.6916216918743059,0.5518544964391361,0.23120251390054286,7.632783294297951e-17
glucose,full_patch,2,glucose_01_c0_wH06,1,0.0,-0.013619246114754449,0.0,0.0,0.2696397569444444,0.488782674074173,1.8127247984980195,,1.5583158477629813,1.570261864458568,0.5779251047478324,0.21499826686748125,4.85722573273506e-17
glucose,full_patch,2,glucose_02_c0.01_wA04,2,0.01,-0.06904284071221686,0.0,0.01,0.2731119791666667,0.47140514850616455,1.7260507940535608,,1.1078457893494416,1.407720643096078,0.4056379338356954,0.19366403115052183,6.938893903907228e-17
glucose,full_patch,2,glucose_02_c0.01_wB04,2,0.01,-0.02670377607485087,0.0,0.01,0.2700737847222222,0.4966594874858856,1.8389770336158786,0.0,1.130020039711797,1.2770945502498816,0.4184115984726365,0.17496214323030934,6.938893903907228e-17
glucose,full_patch,2,glucose_02_c0.01_wB08,2,0.01,-0.12785345291247574,0.0,0.01,0.2722439236111111,0.458834171295166,1.6853789249327422,,1.0709622006879254,1.4476486943939906,0.39338332568911605,0.19891949258289873,2.7755575615628914e-17
glucose,full_patch,2,glucose_02_c0.01_wB10,2,0.01,-0.006176852259146948,0.0,0.01,0.2726779513888889,0.4949066936969757,1.8149861078835368,,1.4909646253179705,1.6158725552196402,0.5467859127310154,0.22216740965096532,4.7704895589362195e-17
glucose,full_patch,2,glucose_02_c0.01_wB12,2,0.01,-0.026693468525678783,0.0,0.01,0.2705078125,0.48036736249923706,1.7757984808636056,0.0,1.4321056181364347,1.4537814555567203,0.5294137736359961,0.19928677516600826,8.326672684688674e-17
glucose,full_patch,2,glucose_02_c0.01_wC04,2,0.01,-0.011883674441056357,0.0,0.01,0.2657335069444444,0.48920196294784546,1.8409494857196178,,1.2009877543500433,1.5382750003604162,0.4519519454507963,0.20949818831567305,5.724587470723463e-17
glucose,full_patch,2,glucose_02_c0.01_wC08,2,0.01,0.07794143233919691,0.0779414323391969,0.0679414323391969,0.2670355902777778,0.5053637027740479,1.8924956866174827,0.0,1.5771311149146445,1.3744846540676559,0.5906070847238263,0.18752406472076263,1.3877787807814457e-17
glucose,full_patch,2,glucose_02_c0.01_wC12,2,0.01,-0.003285239259160681,0.0,0.01,0.2744140625,0.4723600149154663,1.7213404102257561,0.0,1.3763298888315127,1.4862107008952183,0.501552244186288,0.20482903872364785,8.109832250191573e-17
glucose,full_patch,2,glucose_02_c0.01_wD07,2,0.01,0.03187834089152578,0.0318783408915257,0.021878340891525697,0.2713758680555556,0.5031920075416565,1.854225326470974,0.0,1.2286586873476264,1.3487436006018234,0.4527516378486895,0.18510828031491297,8.326672684688674e-17
glucose,full_patch,2,glucose_02_c0.01_wE07,2,0.01,0.12264235883748296,0.1226423588374829,0.1126423588374829,0.2713758680555556,0.5225847959518433,1.9256863172699668,0.0,1.6555160461740182,1.4867439279954724,0.6100454170947521,0.2040481316516199,6.938893903907228e-17
glucose,full_patch,2,glucose_02_c0.01_wF02,2,0.01,-0.0835361726857196,0.0,0.01,0.2683376736111111,0.4766426384449005,1.7762792381351409,,1.1350111589966927,1.366805490264972,0.42297868343362394,0.18680823666442212,0.0
glucose,full_patch,2,glucose_02_c0.01_wF05,2,0.01,0.011242986566488082,0.011242986566488,0.0012429865664880003,0.2648654513888889,0.4709389805793762,1.7780309893566288,,1.1695841432917178,1.5028244374617474,0.44157670891341544,0.20442848731582972,8.153200337090993e-17
glucose,full_patch,2,glucose_02_c0.01_wF06,2,0.01,0.1790405301181689,0.1790405301181689,0.16904053011816889,0.2713758680555556,0.5241644978523254,1.9315074019220435,,1.7806979240046639,1.3951874879752122,0.6561740130998392,0.19148247042709687,0.0
glucose,full_patch,2,glucose_02_c0.01_wF10,2,0.01,-0.05442716846598217,0.0,0.01,0.2674696180555556,0.4845823645591736,1.8117286295242772,0.0,1.346322142620617,1.4755628962077472,0.5033551669935743,0.20143367873575171,6.938893903907228e-17
glucose,full_patch,2,glucose_02_c0.01_wG03,2,0.01,0.020052648524583883,0.0200526485245838,0.010052648524583799,0.2687717013888889,0.4801004230976105,1.786275938339757,,1.3926286251080402,1.569299908478703,0.5181455554701534,0.2146114847386812,8.326672684688674e-17
glucose,full_patch,2,glucose_02_c0.01_wH01,2,0.01,-0.00880113761925956,0.0,0.01,0.2670355902777778,0.4577701985836029,1.7142666193199854,,0.9510172876459333,1.3116922820930026,0.3561387778522926,0.17895715872345097,6.071532165918825e-17
glucose,full_patch,2,glucose_02_c0.01_wH02,2,0.01,0.08701895560379272,0.0870189556037927,0.07701895560379271,0.2679036458333333,0.4384220838546753,1.6364916665875608,,1.0979022730535128,1.936267593147775,0.40981236729287873,0.26448261654735283,1.3877787807814457e-17
glucose,full_patch,2,glucose_02_c0.01_wH04,2,0.01,-0.039457656899821045,0.0,0.01,0.2713758680555556,0.47879549860954285,1.7643259956759483,,1.2800709611742331,1.3604524199984496,0.4716966804550872,0.1867152569278587,4.163336342344337e-17
glucose,full_patch,2,glucose_02_c0.01_wH06,2,0.01,-0.020666333765486853,0.0,0.01,0.2692057291666667,0.48006609082221985,1.7832684776370729,,1.3804795071139953,1.3624177682516143,0.512797224408004,0.18642972757545478,5.204170427930421e-17
glucose,full_patch,2,glucose_03_c0.05_wA04,3,0.05,0.009132330073416104,0.0091323300734161,0.0408676699265839,0.2713758680555556,0.493416428565979,1.8182030410492052,0.0,0.9494452542862124,1.2021296849167566,0.34986355311882184,0.16498625727762964,3.469446951953614e-18
glucose,full_patch,2,glucose_03_c0.05_wB04,3,0.05,-0.00304898175965519,0.0,0.05,0.2718098958333333,0.4813409745693207,1.7708736214095249,0.0,0.8837228274844623,1.3074808086820566,0.3251253324589543,0.17955212535857298,8.977193988179977e-17
glucose,full_patch,2,glucose_03_c0.05_wB08,3,0.05,0.01669609485820393,0.0166960948582039,0.033303905141796104,0.2705078125,0.5271351933479309,1.9486875017627483,0.0,1.3608047811431812,1.2529047226692196,0.5030556302854214,0.1717502591717913,3.122502256758253e-17
glucose,full_patch,2,glucose_03_c0.05_wB10,3,0.05,0.0004873915722113599,0.0004873915722113,0.0495126084277887,0.2648654513888889,0.4667445421218872,1.7621948792279034,0.0,0.9130082244486296,1.4199468119585836,0.34470642345426344,0.19315468367542887,5.990217002982412e-17
glucose,full_patch,2,glucose_03_c0.05_wB12,3,0.05,-0.07312564251484172,0.0,0.05,0.2705078125,0.5051197409629822,1.8673018582891472,0.0,1.0904180685654625,1.02873649405246,0.4031003979101205,0.1410209062797482,1.3877787807814457e-17
glucose,full_patch,2,glucose_03_c0.05_wC04,3,0.05,0.048631307983378065,0.048631307983378,0.0013686920166220001,0.2648654513888889,0.4866591691970825,1.837382590463053,0.0,1.0639664501482289,1.3848102670716382,0.4017007293963981,0.18837507632962683,6.245004513516506e-17
glucose,full_patch,2,glucose_03_c0.05_wC08,3,0.05,0.14320790520774596,0.1432079052077459,0.0932079052077459,0.2705078125,0.528213381767273,1.9526732957750452,0.0,1.403034218256352,1.3368014500463254,0.518666801261554,0.18325096182696615,5.551115123125783e-17
glucose,full_patch,2,glucose_03_c0.05_wC12,3,0.05,0.017369330310588627,0.0173693303105886,0.032630669689411404,0.2661675347222222,0.5125205516815186,1.9255562186289747,0.0,1.0734585611665817,1.2663052761161757,0.4033018385532498,0.17256054154497524,2.7755575615628914e-17
glucose,full_patch,2,glucose_03_c0.05_wD07,3,0.05,0.10047992196665549,0.1004799219666554,0.05047992196665539,0.2726779513888889,0.5303841233253479,1.9450935457884624,0.0,1.3801615128674753,1.3225308876220176,0.506150756171375,0.18183566552774152,9.71445146547012e-17
glucose,full_patch,2,glucose_03_c0.05_wE07,3,0.05,0.11777734044907744,0.1177773404490774,0.06777734044907739,0.2687717013888889,0.5075650215148926,1.888461541494247,0.0,1.4659772938495783,1.4384679143593553,0.5454358796979295,0.19671939900186702,4.163336342344337e-17
glucose,full_patch,2,glucose_03_c0.05_wF02,3,0.05,0.04445743120428462,0.0444574312042846,0.005542568795715401,0.2683376736111111,0.48768389225006104,1.8174261022954155,,1.2809041549704623,1.4613071324021338,0.477347864626275,0.19972425526053786,2.0816681711721685e-17
glucose,full_patch,2,glucose_03_c0.05_wF05,3,0.05,0.016976623636611773,0.0169766236366117,0.0330233763633883,0.2687717013888889,0.4675968885421753,1.7397549151411738,0.0,0.9197375415856757,1.3949307241647553,0.34220028999812624,0.1907654185176196,7.28583859910259e-17
glucose,full_patch,2,glucose_03_c0.05_wF06,3,0.05,0.008186229476731716,0.0081862294767317,0.041813770523268304,0.2687717013888889,0.4469631016254425,1.6629842327735478,0.0,0.8189690374981534,1.3526203126068825,0.30470806013657575,0.18497920761218323,1.5612511283791264e-17
glucose,full_patch,2,glucose_03_c0.05_wF10,3,0.05,0.07468176445531148,0.0746817644553114,0.024681764455311395,0.2713758680555556,0.5097974538803101,1.8785659076213264,0.0,1.1483441050891647,1.227060406802304,0.42315630837671897,0.16840787355309061,8.326672684688674e-17
glucose,full_patch,2,glucose_03_c0.05_wG03,3,0.05,-0.025654717114302172,0.0,0.05,0.2705078125,0.4905552268028259,1.8134604774227212,0.0,1.0853675991403142,1.4079048721284024,0.4012333651695602,0.19299793695575423,7.28583859910259e-17
glucose,full_patch,2,glucose_03_c0.05_wH01,3,0.05,0.021722957011493616,0.0217229570114936,0.028277042988506404,0.2722439236111111,0.47840142250061035,1.7572528934896872,,1.2270939274114,1.4722183932459556,0.4507332656446179,0.202295582408748,1.734723475976807e-17
glucose,full_patch,2,glucose_03_c0.05_wH02,3,0.05,-0.0578882883501395,0.0,0.05,0.2692057291666667,0.48123598098754883,1.787614188142382,,1.2752781174810224,1.4348953676920253,0.4737187880171343,0.1963473750356304,0.0
glucose,full_patch,2,glucose_03_c0.05_wH04,3,0.05,-0.01578251136323177,0.0,0.05,0.2722439236111111,0.4736495018005371,1.7397982497384417,0.0,1.1215784414135295,1.4112218350367718,0.4119755646100872,0.1939141260131041,6.938893903907228e-17
glucose,full_patch,2,glucose_03_c0.05_wH06,3,0.05,0.02080364126578068,0.0208036412657806,0.029196358734219403,0.2722439236111111,0.5037441253662109,1.85034111573336,0.0,1.2866667080489569,1.3138701512301176,0.4726153998158305,0.18053715988872468,7.979727989493313e-17
glucose,full_patch,2,glucose_04_c0.1_wA04,4,0.1,0.13691361228163806,0.136913612281638,0.036913612281638,0.2731119791666667,0.4821593761444092,1.7654274177778604,0.0,0.9458954072392212,1.5510594113814808,0.3463397724718578,0.2133835428465701,5.551115123125783e-17
glucose,full_patch,2,glucose_04_c0.1_wB04,4,0.1,0.1661271100745481,0.1661271100745481,0.0661271100745481,0.2726779513888889,0.48781388998031616,1.7889744568478287,0.0,1.1002602910510402,1.5100800623245858,0.4035017446210261,0.2076219283064804,0.0
glucose,full_patch,2,glucose_04_c0.1_wB08,4,0.1,0.1962338936640038,0.1962338936640038,0.09623389366400378,0.2713758680555556,0.4962664842605591,1.8287052854639392,0.0,1.052770207532489,1.214368133326939,0.3879380340911403,0.16666592281073822,0.0
glucose,full_patch,2,glucose_04_c0.1_wB10,4,0.1,0.27098955906426214,0.2709895590642621,0.17098955906426208,0.2731119791666667,0.4591470956802368,1.6811679117159564,0.0,1.0245233900744064,1.4972485974972098,0.3751294224444072,0.2059806400139467,5.551115123125783e-17
glucose,full_patch,2,glucose_04_c0.1_wB12,4,0.1,0.20217971075171942,0.2021797107517194,0.10217971075171939,0.2722439236111111,0.45662379264831543,1.6772598138887505,0.0,0.9607190080870693,1.5442580085695052,0.35288905454485575,0.21219445067804626,2.7755575615628914e-17
glucose,full_patch,2,glucose_04_c0.1_wC04,4,0.1,0.2729822000975042,0.2729822000975042,0.17298220009750417,0.2744140625,0.5141209959983826,1.8735227754531807,0.0,1.3487431431871526,1.4652592871907895,0.49149928064898374,0.20194152221848838,0.0
glucose,full_patch,2,glucose_04_c0.1_wC08,4,0.1,0.23364620144385517,0.2336462014438551,0.13364620144385508,0.2722439236111111,0.5146687626838684,1.8904692375028025,0.0,1.2846973638359587,1.4238501377366393,0.4718920249147946,0.19564936438617667,8.326672684688674e-17
glucose,full_patch,2,glucose_04_c0.1_wC12,4,0.1,0.0017682492841990065,0.001768249284199,0.09823175071580101,0.2713758680555556,0.4805259108543396,1.7707024367987179,0.0,1.0339019644485854,1.2736598046548557,0.38098522608389296,0.1748034066969345,6.5052130349130266e-18
glucose,full_patch,2,glucose_04_c0.1_wD07,4,0.1,0.060150160328927824,0.0601501603289278,0.0398498396710722,0.2713758680555556,0.48729100823402405,1.7956313202258158,0.0,1.315977692308097,1.469300224554518,0.48492804527434713,0.20165407102746744,2.0816681711721685e-17
glucose,full_patch,2,glucose_04_c0.1_wE07,4,0.1,0.1671410019202089,0.1671410019202089,0.06714100192020889,0.2713758680555556,0.501570999622345,1.8482520321949343,0.0,1.5105428639236416,1.4912890517719979,0.556623871808088,0.2046719270458784,0.0
glucose,full_patch,2,glucose_04_c0.1_wF02,4,0.1,0.2005602837650297,0.2005602837650297,0.1005602837650297,0.2739800347222222,0.5010839700698853,1.828906878480817,,1.346023794886518,1.448593091257764,0.49128535816531294,0.19952524180289274,0.0
glucose,full_patch,2,glucose_04_c0.1_wF05,4,0.1,0.07846596044249839,0.0784659604424983,0.021534039557501702,0.2713758680555556,0.4866950809955597,1.7934353724330578,0.0,1.1254371663934108,1.4615315165060396,0.4147152709109026,0.20058785489381478,8.326672684688674e-17
glucose,full_patch,2,glucose_04_c0.1_wF06,4,0.1,0.14152291622777358,0.1415229162277735,0.04152291622777349,0.2722439236111111,0.517130970954895,1.8995133632205312,0.0,1.4758809149739631,1.5095176731888438,0.5421171188680768,0.20742082713744425,8.326672684688674e-17
glucose,full_patch,2,glucose_04_c0.1_wF10,4,0.1,0.2206759865957628,0.2206759865957628,0.12067598659576279,0.2674696180555556,0.5145885348320007,1.9239139703901493,0.0,1.5526253219636836,1.501000194203916,0.5804866112461382,0.20490620337406742,0.0
glucose,full_patch,2,glucose_04_c0.1_wG03,4,0.1,0.04707111867261194,0.0470711186726119,0.05292888132738811,0.2674696180555556,0.5050440430641174,1.8882295743930653,0.0,1.4938863177196944,1.4247278907536458,0.5585256107141867,0.19449403408658866,4.163336342344337e-17
glucose,full_patch,2,glucose_04_c0.1_wH01,4,0.1,0.2962029292436296,0.2962029292436296,0.19620292924362961,0.2731119791666667,0.4901052713394165,1.7945213272403902,0.0,0.9476996704490341,1.3300510241717518,0.3470004037687048,0.18297880637060557,0.0
glucose,full_patch,2,glucose_04_c0.1_wH02,4,0.1,0.060640011282354155,0.0606400112823541,0.039359988717645907,0.2679036458333333,0.4679083228111267,1.7465545172245216,,1.208920113183792,1.5897205500332616,0.4512518332564531,0.2171463552557661,5.551115123125783e-17
glucose,full_patch,2,glucose_04_c0.1_wH04,4,0.1,0.23685219841938832,0.2368521984193883,0.13685219841938828,0.2731119791666667,0.589202880859375,2.157367401668653,0.0,2.19785660804137,1.3449956288579186,0.8047455899765302,0.18503477706455562,2.7755575615628914e-17
glucose,full_patch,2,glucose_04_c0.1_wH06,4,0.1,0.02247408294532698,0.0224740829453269,0.0775259170546731,0.2648654513888889,0.5005879402160645,1.8899706911230028,,1.6338268644454965,1.5738854963895195,0.6168516338684842,0.2140948890734437,7.979727989493313e-17
glucose,full_patch,2,glucose_05_c0.5_wA04,5,0.5,0.6149739654072519,0.6149739654072519,0.11497396540725191,0.2648654513888889,0.5149546265602112,1.9442121419004121,0.0038817396853119135,1.242682822411937,1.4544808183319549,0.46917512869104516,0.19785232799627003,0.0
glucose,full_patch,2,glucose_05_c0.5_wB04,5,0.5,0.6861768829024373,0.6861768829024373,0.18617688290243728,0.2687717013888889,0.5532775521278381,2.0585409448567447,0.0,1.2506701228216828,1.4270413391271555,0.465328052156828,0.19515674404801697,0.0
glucose,full_patch,2,glucose_05_c0.5_wB08,5,0.5,0.546617281804749,0.546617281804749,0.046617281804749,0.2709418402777778,0.5646454691886902,2.08400986946054,0.0032649256754666567,1.6286723208525655,1.2670433833770824,0.6011151024820682,0.17379181159701135,0.0
glucose,full_patch,2,glucose_05_c0.5_wB10,5,0.5,0.8397393599255532,0.8397393599255532,0.33973935992555315,0.2713758680555556,0.5983518958091736,2.204882475720649,0.0,1.3713863756712237,1.1079650670359276,0.5053457352333466,0.15206263675060475,0.0
glucose,full_patch,2,glucose_05_c0.5_wB12,5,0.5,0.33411009830886934,0.3341100983088693,0.16588990169113071,0.2679036458333333,0.5296096205711365,1.9768660442217878,0.0,1.2624037602594171,1.3467933762890092,0.4712155955670631,0.18396395073187352,5.551115123125783e-17
glucose,full_patch,2,glucose_05_c0.5_wC04,5,0.5,0.5405311706239659,0.5405311706239659,0.04053117062396594,0.2670355902777778,0.4815283417701721,1.8032365695871215,0.0,1.1227833746163431,1.5820201749791172,0.42046207153450704,0.21583860744052621,0.0
glucose,full_patch,2,glucose_05_c0.5_wC08,5,0.5,0.3473438935530468,0.3473438935530468,0.1526561064469532,0.2731119791666667,0.4914153218269348,1.7993180794426027,0.002715732902288437,1.2828809603969435,1.762812008438263,0.469727093008273,0.2425149346136294,0.0
glucose,full_patch,2,glucose_05_c0.5_wC12,5,0.5,0.3086332893352307,0.3086332893352307,0.1913667106647693,0.2744140625,0.53428053855896,1.946986731261121,0.0,1.2488094696467344,1.2514513591124548,0.4550821697217993,0.17247458838911894,0.0
glucose,full_patch,2,glucose_05_c0.5_wD07,5,0.5,0.46049992802419,0.46049992802419,0.039500071975810014,0.2657335069444444,0.5213691592216492,1.9620000699823272,0.0,1.556606830346467,1.7393513632650732,0.5857774009176416,0.23688284563101694,0.0
glucose,full_patch,2,glucose_05_c0.5_wE07,5,0.5,0.3363860298901628,0.3363860298901628,0.1636139701098372,0.2709418402777778,0.5527794361114502,2.040214370525881,0.0,1.7818257593928646,1.506957500514683,0.657641417643758,0.20669921602535077,0.0
glucose,full_patch,2,glucose_05_c0.5_wF02,5,0.5,0.5422566392152213,0.5422566392152213,0.04225663921522127,0.2722439236111111,0.5067952275276184,1.8615483526881353,0.01818809099495411,1.3524009099721344,1.7172174273100658,0.4967607328139972,0.2359605756685488,0.0
glucose,full_patch,2,glucose_05_c0.5_wF05,5,0.5,0.40013842108439285,0.4001384210843928,0.09986157891560721,0.2657335069444444,0.5236856341362,1.9707173557367168,0.0,1.9559485591515071,1.8499415676775572,0.7360564279763288,0.25194416266759817,5.551115123125783e-17
glucose,full_patch,2,glucose_05_c0.5_wF06,5,0.5,0.20690783542536137,0.2069078354253613,0.2930921645746387,0.2679036458333333,0.5158833265304565,1.9256301082643532,0.0,1.4909825490089912,1.5312353697651913,0.5565368639800269,0.209157628097762,8.326672684688674e-17
glucose,full_patch,2,glucose_05_c0.5_wF10,5,0.5,0.311045100594664,0.311045100594664,0.188954899405336,0.2713758680555556,0.4880741834640503,1.7985172630166681,0.0023208383936434984,1.6489985070197706,1.6866744394969533,0.6076437521269175,0.23148758949224013,0.0
glucose,full_patch,2,glucose_05_c0.5_wG03,5,0.5,0.42547147555819886,0.4254714755581988,0.07452852444180119,0.2687717013888889,0.5038209557533264,1.8745312588706726,0.0,1.436926329413895,1.8085957309053935,0.5346270913152384,0.2473366709604408,5.551115123125783e-17
glucose,full_patch,2,glucose_05_c0.5_wH01,5,0.5,0.3972003324785276,0.3972003324785276,0.1027996675214724,0.2718098958333333,0.546409010887146,2.0102616544255243,0.00030938771669752896,1.3441920417706812,1.2553436002098275,0.4945338865053333,0.17239229056077737,0.0
glucose,full_patch,2,glucose_05_c0.5_wH02,5,0.5,0.3098547502999803,0.3098547502999803,0.19014524970001973,0.2709418402777778,0.4939044415950775,1.8229168336965296,0.0,1.17437889497566,1.5788142459231966,0.4334431676450013,0.21655532207810957,0.0
glucose,full_patch,2,glucose_05_c0.5_wH04,5,0.5,0.565133555449417,0.565133555449417,0.06513355544941701,0.2670355902777778,0.6047537922859192,2.2646936000434907,0.002047737827524543,2.122773070177582,1.1891847565667555,0.7949401306280616,0.1622431786309285,0.0
glucose,full_patch,2,glucose_05_c0.5_wH06,5,0.5,0.15648694328883014,0.1564869432888301,0.34351305671116994,0.2744140625,0.5182405710220337,1.8885350346141014,0.0,1.6133486324879287,1.4503805159567513,0.5879249109137505,0.1998909351735819,5.551115123125783e-17
glucose,full_patch,2,glucose_06_c1_wA04,6,1.0,0.9551325368905792,0.9551325368905792,0.0448674631094208,0.2709418402777778,0.4623849093914032,1.7065836303368729,0.01475594099611044,0.8854342939913276,1.5821795997178068,0.32679865652479273,0.21701692500371048,0.0
glucose,full_patch,2,glucose_06_c1_wB04,6,1.0,0.44333257605156634,0.4433325760515663,0.5566674239484337,0.2679036458333333,0.5073004961013794,1.8935931033091586,0.00016351445810869336,1.3233598936411877,1.4913732764362115,0.4939686018548881,0.20371270365549318,5.551115123125783e-17
glucose,full_patch,2,glucose_06_c1_wB08,6,1.0,0.5539990249020368,0.5539990249020368,0.4460009750979632,0.2670355902777778,0.5099543929100037,1.9096869910843532,0.0,1.0878674333330578,1.5338636524320168,0.40738668287677615,0.20926850363898547,0.0
glucose,full_patch,2,glucose_06_c1_wB10,6,1.0,0.9300951336231442,0.9300951336231442,0.06990486637685578,0.2679036458333333,0.49575620889663696,1.85050191218769,0.0,1.2075873008548186,1.7854750564600366,0.4507543363579591,0.2438852544884496,0.0
glucose,full_patch,2,glucose_06_c1_wB12,6,1.0,0.8850783593981484,0.8850783593981484,0.11492164060185162,0.2739800347222222,0.5426543354988098,1.9806345964186263,0.001088318764232099,1.5539703085587584,1.3052188403313163,0.5671837767793078,0.17977726546844136,0.0
glucose,full_patch,2,glucose_06_c1_wC04,6,1.0,0.6109752944381719,0.6109752944381719,0.3890247055618281,0.2674696180555556,0.40947669744491577,1.5309278878914172,0.0,0.8758217802132617,2.0342279553831726,0.3274472018841955,0.27769878294787914,0.0
glucose,full_patch,2,glucose_06_c1_wC08,6,1.0,0.43631226685624436,0.4363122668562443,0.5636877331437558,0.2683376736111111,0.5568851232528687,2.075314717306283,0.0,1.6307481848652596,1.4351087326184042,0.6077224129283556,0.19614358712459165,5.551115123125783e-17
glucose,full_patch,2,glucose_06_c1_wC12,6,1.0,0.4242478740908422,0.4242478740908422,0.5757521259091578,0.2713758680555556,0.5027669668197632,1.8526590828512344,0.0,1.2261032719922769,1.347608728592463,0.4518099861927558,0.18495252483556424,0.0
glucose,full_patch,2,glucose_06_c1_wD07,6,1.0,0.7627785095455375,0.7627785095455375,0.2372214904544625,0.2744140625,0.4544772207736969,1.6561732173390236,0.0026469368021935225,1.1012949499813571,1.816691647477996,0.4013259888900035,0.2503758071355946,0.0
glucose,full_patch,2,glucose_06_c1_wE07,6,1.0,0.8306699539478288,0.8306699539478288,0.16933004605217117,0.2666015625,0.5658910870552063,2.12260979173821,0.0,1.5675883557457853,1.2465495274052143,0.5879891854518989,0.16996893689253523,0.0
glucose,full_patch,2,glucose_06_c1_wF02,6,1.0,0.8738750916437275,0.8738750916437275,0.12612490835627255,0.2683376736111111,0.5279340147972107,1.9674241327824884,0.0,1.0883366186897583,1.449168428058307,0.40558472615628033,0.19806519698925343,0.0
glucose,full_patch,2,glucose_06_c1_wF05,6,1.0,1.0719326347208509,1.0719326347208509,0.07193263472085087,0.2718098958333333,0.5047334432601929,1.8569354942458833,0.0,1.1920145728724165,1.7108356446001802,0.4385471578280316,0.23494354493570646,0.0
glucose,full_patch,2,glucose_06_c1_wF06,6,1.0,0.9313649829766542,0.9313649829766542,0.06863501702334585,0.2731119791666667,0.4688014090061188,1.7165171972190665,0.0035404632799327374,1.10572437817493,1.5211384262566439,0.40486117875487304,0.20926722998031397,0.0
glucose,full_patch,2,glucose_06_c1_wF10,6,1.0,0.7062666511138822,0.7062666511138822,0.2937333488861178,0.2731119791666667,0.5080716013908386,1.8603050768446439,0.0009153137798421085,1.4711020703146516,1.7424040499230222,0.538644286055615,0.23970735518869346,0.0
glucose,full_patch,2,glucose_06_c1_wG03,6,1.0,1.2847565962272882,1.2847565962272882,0.2847565962272882,0.2674696180555556,0.4810294806957245,1.7984453120047856,0.0030381018295884132,1.2382397410699397,1.522550229312936,0.4629459413265949,0.20784806566950112,0.0
glucose,full_patch,2,glucose_06_c1_wH01,6,1.0,1.2075783208485875,1.2075783208485875,0.20757832084858752,0.2705078125,0.4852898120880127,1.7939955508235559,0.0,0.9812915446357957,1.1505062108581026,0.3627590403274566,0.15771330119393537,0.0
glucose,full_patch,2,glucose_06_c1_wH02,6,1.0,1.2584880779789565,1.2584880779789565,0.25848807797895645,0.2709418402777778,0.44349732995033264,1.6368728044942993,0.005147769581526518,0.8008026030048461,1.5563973481698339,0.29556254662765963,0.21348054711613618,0.0
glucose,full_patch,2,glucose_06_c1_wH04,6,1.0,0.6779473843815464,0.6779473843815464,0.32205261561845355,0.2674696180555556,0.44276416301727295,1.6553811465992645,0.0024334872141480446,1.090749343713717,1.726278871679446,0.40780308120347325,0.23565969606573509,0.0
glucose,full_patch,2,glucose_06_c1_wH06,6,1.0,0.9045448364836548,0.9045448364836548,0.0954551635163452,0.2670355902777778,0.5848379731178284,2.190112458453436,0.011175590567290783,1.6410609075323763,1.1413546538859287,0.6145476360755132,0.15571760903349696,0.0
glucose,full_patch,2,glucose_07_c2.5_wA04,7,2.5,2.750702674351697,2.750702674351697,0.25070267435169713,0.2674696180555556,0.17781449854373932,0.6648026038860452,0.1756245642900467,1.2484550697392787,1.5180173825576015,0.4667651895625636,0.20722927266554372,0.0
glucose,full_patch,2,glucose_07_c2.5_wB04,7,2.5,2.578693764275728,2.578693764275728,0.07869376427572794,0.2674696180555556,0.15665338933467865,0.5856866677924537,0.052627433091402054,1.1613481265004535,1.3778263708102316,0.43419814741696466,0.18809136177436078,0.0
glucose,full_patch,2,glucose_07_c2.5_wB08,7,2.5,2.895261491518766,2.895261491518766,0.3952614915187662,0.2722439236111111,0.14229555428028107,0.5226766951961221,0.13489605486392975,1.4272019388320865,1.359332566714086,0.5242364714338983,0.18678409027638318,0.0
glucose,full_patch,2,glucose_07_c2.5_wB10,7,2.5,2.7941253056834436,2.794125305683444,0.2941253056834441,0.2713758680555556,0.09726511687040329,0.358414760926684,0.04078424349427223,1.270559085240993,1.1517532516242084,0.4681916245334262,0.15807234500325698,4.440892098500626e-16
glucose,full_patch,2,glucose_07_c2.5_wB12,7,2.5,2.304967942727913,2.304967942727913,0.19503205727208694,0.2705078125,0.4118231534957886,1.5224076143671028,0.023040663450956345,1.530865323355978,1.0798945697732254,0.5659227765763616,0.1480337402205867,0.0
glucose,full_patch,2,glucose_07_c2.5_wC04,7,2.5,2.8231047002244205,2.8231047002244205,0.3231047002244205,0.2713758680555556,0.07653000205755234,0.2820073966263104,0.05737600475549698,1.2660477974906854,1.3758965692594662,0.4665292483676192,0.18883488879069607,0.0
glucose,full_patch,2,glucose_07_c2.5_wC08,7,2.5,2.7708552207437305,2.7708552207437305,0.2708552207437305,0.2683376736111111,0.10040128231048584,0.37416021745792055,0.019913731142878532,1.3214549026629574,1.3113510207175811,0.49245970007852063,0.17922899313262983,0.0
glucose,full_patch,2,glucose_07_c2.5_wC12,7,2.5,1.7256153777659957,1.7256153777659955,0.7743846222340045,0.2700737847222222,0.5370206832885742,1.9884221041331862,0.00370903336443007,1.1525865962852895,1.1370937762156266,0.4267672989700775,0.15578201637584682,2.220446049250313e-16
glucose,full_patch,2,glucose_07_c2.5_wD07,7,2.5,2.5021530136389156,2.502153013638916,0.002153013638916068,0.2679036458333333,0.16885726153850555,0.6302910175532067,0.17646054923534393,1.3275797201016877,1.8053675639093116,0.49554373027367987,0.24660245248241017,4.440892098500626e-16
glucose,full_patch,2,glucose_07_c2.5_wE07,7,2.5,2.757617612381078,2.757617612381078,0.25761761238107805,0.2722439236111111,0.1391056478023529,0.5109596054788699,0.13898074626922607,1.5204691690225394,1.8907097954515635,0.5584951718498097,0.25979993253140915,0.0
glucose,full_patch,2,glucose_07_c2.5_wF02,7,2.5,3.0495420641213595,3.0495420641213595,0.5495420641213595,0.2683376736111111,0.11962050199508667,0.4457834801402017,0.09662677347660065,1.8311306287804072,1.3296216039059932,0.68239789222969,0.18172612637694846,0.0
glucose,full_patch,2,glucose_07_c2.5_wF05,7,2.5,2.554995367425713,2.554995367425713,0.05499536742571287,0.2683376736111111,0.23109787702560425,0.8612203941237238,0.07921367883682251,1.8688817858028832,1.6561106405911898,0.6964664188418671,0.22634903846490298,0.0
glucose,full_patch,2,glucose_07_c2.5_wF06,7,2.5,2.5210216383517885,2.5210216383517885,0.021021638351788496,0.2679036458333333,0.1511276662349701,0.5641120178296818,0.07508866488933563,1.5279059608856427,1.9552369640337979,0.5703192116452849,0.26707371958700876,0.0
glucose,full_patch,2,glucose_07_c2.5_wF10,7,2.5,2.8837954705573434,2.8837954705573434,0.3837954705573434,0.2683376736111111,0.20271095633506775,0.7554323386914615,0.20976170897483826,1.1409891049146603,1.2931382299754661,0.425206453331723,0.17673975867497996,0.0
glucose,full_patch,2,glucose_07_c2.5_wG03,7,2.5,2.777444471964593,2.777444471964593,0.2774444719645932,0.2661675347222222,0.19265282154083252,0.7238028550021658,0.19907741248607635,1.433998433071419,1.5464536424541833,0.5387578295632368,0.21073660755371512,0.0
glucose,full_patch,2,glucose_07_c2.5_wH01,7,2.5,2.2583765591695704,2.2583765591695704,0.24162344083042964,0.2687717013888889,0.15394094586372375,0.5727572697133945,0.23556488752365112,1.0277026561606801,1.9487159552223723,0.3823701121993067,0.266498979719979,0.0
glucose,full_patch,2,glucose_07_c2.5_wH02,7,2.5,2.7146073853872363,2.7146073853872363,0.21460738538723634,0.2705078125,0.18216897547245026,0.6734333244902132,0.15776199102401733,1.3239680537118867,1.6068695449658779,0.4894380097476433,0.22027234458434525,0.0
glucose,full_patch,2,glucose_07_c2.5_wH04,7,2.5,2.739058009305104,2.739058009305104,0.2390580093051038,0.2713758680555556,0.2560407519340515,0.9434912314371126,0.28557926416397095,1.4224508326381735,1.5069537717437123,0.5241626098997764,0.20682183113015715,0.0
glucose,full_patch,2,glucose_07_c2.5_wH06,7,2.5,3.1943200647610475,3.1943200647610475,0.6943200647610475,0.2679036458333333,0.2493252158164978,0.93065256742197,0.25581982731819153,1.4256047496301925,1.4177021284967566,0.5321333889263611,0.1936496637946659,0.0
glucose,full_patch,2,glucose_08_c5_wA04,8,5.0,4.556861783266149,4.556861783266149,0.4431382167338507,0.2687717013888889,0.31586867570877075,1.1752304058667868,0.31782400608062744,1.382216292274907,1.4361736752563399,0.5142715118936433,0.1964056475910733,0.0
glucose,full_patch,2,glucose_08_c5_wB04,8,5.0,5.292693897936185,5.292693897936185,0.29269389793618483,0.2705078125,0.2714802026748657,1.0035946842565433,0.27387404441833496,2.247945168875181,0.793476700512338,0.8310093331870706,0.10877110325630979,0.0
glucose,full_patch,2,glucose_08_c5_wB08,8,5.0,5.2363019873949685,5.2363019873949685,0.23630198739496855,0.2679036458333333,0.36370453238487244,1.3575945607367292,0.36908942461013794,1.5195807189517092,1.4027709849395444,0.5672116608286333,0.1916101585475447,0.0
glucose,full_patch,2,glucose_08_c5_wB10,8,5.0,5.366884788643982,5.366884788643982,0.3668847886439819,0.2666015625,0.34055188298225403,1.2773814218821542,0.34463179111480713,1.7453454794786003,0.9152959882302483,0.6546643849765886,0.12480200958026288,0.0
glucose,full_patch,2,glucose_08_c5_wB12,8,5.0,4.759014220718108,4.759014220718108,0.2409857792818917,0.2713758680555556,0.21362724900245667,0.7872006104784648,0.21437908709049225,2.384708450605056,0.38013801459068564,0.8787474242613433,0.052172031905700064,0.0
glucose,full_patch,2,glucose_08_c5_wC04,8,5.0,4.549670125651519,4.549670125651519,0.4503298743484807,0.2648654513888889,0.29952138662338257,1.1308435473662817,0.3094170391559601,1.5907085059096016,1.2892037888389547,0.6005722896543584,0.17536977295852113,0.0
glucose,full_patch,2,glucose_08_c5_wC08,8,5.0,5.535025003937998,5.535025003937998,0.5350250039379976,0.2670355902777778,0.2865283489227295,1.072996856429043,0.2883543372154236,2.2809726110602284,0.7816612942282628,0.8541829981117864,0.10664382661151252,0.0
glucose,full_patch,2,glucose_08_c5_wC12,8,5.0,5.248300970905027,5.248300970905027,0.248300970905027,0.2713758680555556,0.2629586160182953,0.9689830488702955,0.26406678557395935,2.256760479494445,0.47210047469926675,0.8315995433434947,0.06479341734666333,0.0
glucose,full_patch,2,glucose_08_c5_wD07,8,5.0,4.669233207300368,4.669233207300368,0.33076679269963183,0.2639973958333333,0.31630468368530273,1.1981356205687423,0.3182261884212494,1.7129176844515372,1.7084865534343816,0.6488388565518031,0.23213050385450776,0.0
glucose,full_patch,2,glucose_08_c5_wE07,8,5.0,4.866444024850266,4.866444024850266,0.13355597514973372,0.2670355902777778,0.37856432795524597,1.417654955886041,0.38534465432167053,1.2598910109862613,1.7752325290581767,0.4718064021637295,0.24219900796151234,0.0
glucose,full_patch,2,glucose_08_c5_wF02,8,5.0,5.187078598776255,5.187078598776255,0.18707859877625488,0.2683376736111111,0.37525537610054016,1.3984446203568857,0.38749849796295166,1.061684897235331,1.6292181628892388,0.3956525682539754,0.22267350718059062,0.0
glucose,full_patch,2,glucose_08_c5_wF05,8,5.0,4.692200387103483,4.692200387103483,0.3077996128965168,0.2670355902777778,0.4228794276714325,1.583606991231175,0.4370422959327698,0.5702609414284581,1.9227436778250695,0.21355241106073425,0.26232428919076006,0.0
glucose,full_patch,2,glucose_08_c5_wF06,8,5.0,4.940375162115851,4.940375162115851,0.05962483788414907,0.2692057291666667,0.39276793599128723,1.4589880282530039,0.4002912938594818,0.8793502195713963,1.8224746491687869,0.3266461758794836,0.24938272259449953,0.0
glucose,full_patch,2,glucose_08_c5_wF10,8,5.0,5.047057327279924,5.047057327279924,0.04705732727992373,0.2713758680555556,0.38442590832710266,1.416581036042614,0.3900831341743469,1.0651644836201672,1.5139250321749085,0.39250523314847907,0.20777860158635827,0.0
glucose,full_patch,2,glucose_08_c5_wG03,8,5.0,4.8027165589827465,4.8027165589827465,0.19728344101725348,0.2726779513888889,0.3874770700931549,1.4210062387499067,0.3940432071685791,1.1278817572213393,1.8083973449938542,0.41363144745530694,0.248637773108509,0.0
glucose,full_patch,2,glucose_08_c5_wH01,8,5.0,4.569367798063562,4.569367798063562,0.43063220193643836,0.2744140625,0.36202165484428406,1.3192532902510565,0.3774929642677307,1.0527563544087446,1.3786470096004635,0.38363790281656746,0.19000464842945824,0.0
glucose,full_patch,2,glucose_08_c5_wH02,8,5.0,4.6992252919473945,4.6992252919473945,0.30077470805260553,0.2705078125,0.3823856711387634,1.4135845748956453,0.3962723910808563,0.9705337899934285,1.526884303729645,0.358782166409123,0.2093078349423235,0.0
glucose,full_patch,2,glucose_08_c5_wH04,8,5.0,5.068629001325562,5.068629001325562,0.06862900132556238,0.2670355902777778,0.3340059518814087,1.2507918945709315,0.3388737142086029,1.3904244306304383,1.4732977294210992,0.5206888075046777,0.2010053571331584,0.0
glucose,full_patch,2,glucose_08_c5_wH06,8,5.0,5.12768321089005,5.12768321089005,0.12768321089004964,0.2683376736111111,0.37545591592788696,1.3991919616625177,0.38747408986091614,1.3454829090748959,1.5482263674995913,0.5014140917927311,0.21160394784037126,0.0
glucose,full_patch,2,glucose_09_c10_wA04,9,10.0,11.454544225513507,11.454544225513509,1.4545442255135086,0.2670355902777778,0.5217818021774292,1.9539785001492025,0.5245743989944458,2.7253834707230595,1.4376949362610176,1.0206068291825972,0.1961479871588681,1.7763568394002505e-15
glucose,full_patch,2,glucose_09_c10_wB04,9,10.0,10.411864382719074,10.411864382719074,0.4118643827190738,0.2679036458333333,0.47928592562675476,1.7890235279773885,0.4838182330131531,1.4771882810925945,0.8352065234395241,0.5513878978756319,0.1140842347712858,0.0
glucose,full_patch,2,glucose_09_c10_wB08,9,10.0,10.17630930888787,10.17630930888787,0.17630930888786978,0.2744140625,0.4818599224090576,1.7559592902024022,0.4832216501235962,1.0566855500912968,0.5471893644449857,0.38506975206173955,0.07541344672835334,0.0
glucose,full_patch,2,glucose_09_c10_wB10,9,10.0,11.485503375452481,11.48550337545248,1.4855033754524793,0.2661675347222222,0.45661866664886475,1.7155310362152212,0.45865875482559204,1.6942928397936274,0.030104909196296603,0.6365512764589512,0.004102422640145933,1.7763568394002505e-15
glucose,full_patch,2,glucose_09_c10_wB12,9,10.0,9.443451248310582,9.443451248310582,0.5565487516894176,0.2722439236111111,0.4738149344921112,1.740405913224112,0.4772772490978241,0.9646522907677664,0.832246688662531,0.354333818721233,0.1143579168438033,0.0
glucose,full_patch,2,glucose_09_c10_wC04,9,10.0,10.113320471502002,10.113320471502002,0.11332047150200175,0.2639973958333333,0.42735809087753296,1.618796615506512,0.4280744194984436,0.8323737001096365,0.11987420143955418,0.3152961783892483,0.016287198001871315,0.0
glucose,full_patch,2,glucose_09_c10_wC08,9,10.0,11.15539761392541,11.15539761392541,1.1553976139254107,0.2731119791666667,0.45974311232566833,1.683350227728788,0.4603382647037506,1.434347107879951,0.0674585253973703,0.5251864499889404,0.009280456337694651,0.0
glucose,full_patch,2,glucose_09_c10_wC12,9,10.0,9.505286363361812,9.505286363361812,0.49471363663818835,0.2670355902777778,0.4477299749851227,1.676667797424986,0.44962939620018005,0.7473102582701205,0.4880066065724087,0.2798541787979452,0.06657985027640738,0.0
glucose,full_patch,2,glucose_09_c10_wD07,9,10.0,9.733129816877698,9.733129816877698,0.26687018312230215,0.2687717013888889,0.4931625723838806,1.834875360149311,0.4951653480529785,1.297513274676552,1.2496474112073095,0.48275665480093277,0.1708970253997116,0.0
glucose,full_patch,2,glucose_09_c10_wE07,9,10.0,11.683093625150182,11.683093625150182,1.6830936251501818,0.2726779513888889,0.5051268339157104,1.852466733532506,0.5063259601593018,2.696826451027599,0.9300712981133152,0.9890152237433487,0.12787613133540673,0.0
glucose,full_patch,2,glucose_09_c10_wF02,9,10.0,9.78701040082728,9.78701040082728,0.21298959917272065,0.2674696180555556,0.5135982036590576,1.9202113772502534,0.5187177062034607,1.945307961158882,1.9219461643510733,0.727300534281552,0.262370846551022,0.0
glucose,full_patch,2,glucose_09_c10_wF05,9,10.0,10.47423629989087,10.47423629989087,0.4742362998908707,0.2670355902777778,0.5343625545501709,2.001091142923354,0.5377900004386902,2.5891857808276075,2.0963746333268034,0.9696032570543368,0.2860131550072512,0.0
glucose,full_patch,2,glucose_09_c10_wF06,9,10.0,9.914029828112781,9.91402982811278,0.08597017188722056,0.2722439236111111,0.5406842231750488,1.986028617290255,0.5441703796386719,2.487704619767129,2.630355426562808,0.9137778308399308,0.36143366052188525,1.7763568394002505e-15
glucose,full_patch,2,glucose_09_c10_wF10,9,10.0,11.7112857244603,11.7112857244603,1.7112857244603,0.2648654513888889,0.519010603427887,1.9595254900415429,0.5212277770042419,3.18749757454305,1.3904863774363125,1.203440296886061,0.18914719489967613,0.0
glucose,full_patch,2,glucose_09_c10_wG03,9,10.0,9.559258839529592,9.559258839529592,0.4407411604704077,0.2670355902777778,0.49353012442588806,1.848181075460782,0.49875861406326294,1.2423938289224736,1.3537803017716836,0.4652540238662949,0.18469932288864305,0.0
glucose,full_patch,2,glucose_09_c10_wH01,9,10.0,10.144576917667663,10.144576917667663,0.14457691766766345,0.2666015625,0.45724019408226013,1.7150694459349245,0.4593086242675781,1.207986854100481,0.8175669408676889,0.4531056917944662,0.1114765043207075,0.0
glucose,full_patch,2,glucose_09_c10_wH02,9,10.0,9.564466386741133,9.564466386741133,0.4355336132588672,0.2674696180555556,0.4965963661670685,1.8566458866514006,0.5039618015289307,1.4298884358738722,1.5789490215029574,0.5345984513190104,0.21554724014473792,0.0
glucose,full_patch,2,glucose_09_c10_wH04,9,10.0,9.42910421157891,9.42910421157891,0.5708957884210903,0.2683376736111111,0.492961585521698,1.8370942062951754,0.49700531363487244,1.2545844077447672,1.5277554223580516,0.46753942182676006,0.2088060799711079,0.0
glucose,full_patch,2,glucose_09_c10_wH06,9,10.0,9.476737151103197,9.476737151103196,0.5232628488968043,0.2700737847222222,0.5038764476776123,1.8656992132570813,0.5063275694847107,1.2948701516315833,1.7697098970488252,0.47945051496330543,0.24245051897133899,1.7763568394002505e-15
glucose,full_patch,2,glucose_10_c15_wA04,10,15.0,14.515747873892217,14.515747873892217,0.48425212610778345,0.2661675347222222,0.46270015835762024,1.73837939642227,0.4651189148426056,3.6237544847590506,1.7293799874415416,1.3614562303929643,0.235664142603301,0.0
glucose,full_patch,2,glucose_10_c15_wB04,10,15.0,15.296305672678528,15.296305672678528,0.29630567267852825,0.2683376736111111,0.5070061087608337,1.8894331978729655,0.5098937153816223,5.088056424143902,1.1095380812118378,1.8961394259971776,0.15164619540928811,0.0
glucose,full_patch,2,glucose_10_c15_wB08,10,15.0,16.88215454319707,16.88215454319707,1.8821545431970712,0.2722439236111111,0.47561654448509216,1.7470235448284612,0.47668978571891785,5.08465852542364,3.0380993772537987,1.867684853340146,0.41746121754541543,0.0
glucose,full_patch,2,glucose_10_c15_wB10,10,15.0,14.294861315050728,14.294861315050728,0.7051386849492722,0.2705078125,0.4410540759563446,1.6304670533548624,0.4415383040904999,2.8482601159169487,2.0329151757602695,1.0529308154147854,0.2786753868779807,0.0
glucose,full_patch,2,glucose_10_c15_wB12,10,15.0,13.867811798366983,13.867811798366985,1.1321882016330154,0.2679036458333333,0.45765790343284607,1.7082929275160428,0.4588291347026825,2.6619881466519164,1.7025168214166708,0.9936364017636315,0.23255365386358437,1.7763568394002505e-15
glucose,full_patch,2,glucose_10_c15_wC04,10,15.0,15.428744355955399,15.4287443559554,0.4287443559554003,0.2674696180555556,0.46280229091644287,1.730298544862449,0.4650733470916748,4.444908500619674,2.3814766471531925,1.6618367846535866,0.3251027815162765,1.7763568394002505e-15
glucose,full_patch,2,glucose_10_c15_wC08,10,15.0,16.689849016141473,16.689849016141473,1.6898490161414728,0.2683376736111111,0.49726402759552,1.8531278925678578,0.4988790452480316,5.96597315603751,2.191616939142495,2.2233080714129274,0.29953939954229925,0.0
glucose,full_patch,2,glucose_10_c15_wC12,10,15.0,14.682009494064667,14.682009494064667,0.31799050593533273,0.2661675347222222,0.4582362473011017,1.7216083388206087,0.4591004550457001,3.3990593547151704,1.8999562992730183,1.2770375463944155,0.25890872769629064,0.0
glucose,full_patch,2,glucose_10_c15_wD07,10,15.0,15.71376032333253,15.71376032333253,0.7137603233325294,0.2648654513888889,0.5119103193283081,1.932718354334161,0.5133504867553711,5.652509273952031,1.273534212884682,2.1341059184244946,0.17323824805823218,0.0
glucose,full_patch,2,glucose_10_c15_wE07,10,15.0,14.841428504214816,14.841428504214816,0.1585714957851838,0.2722439236111111,0.506999135017395,1.8622973409008818,0.5085830688476562,5.439800595703945,0.11215469797001454,1.998134806297631,0.01541102872359705,0.0
glucose,full_patch,2,glucose_10_c15_wF02,10,15.0,13.85727206237179,13.85727206237179,1.1427279376282105,0.2679036458333333,0.4452490210533142,1.6619744746971827,0.4472479820251465,2.8512751570843182,1.750893725808691,1.0642912858521294,0.2391616507640862,0.0
glucose,full_patch,2,glucose_10_c15_wF05,10,15.0,17.087119032179515,17.087119032179515,2.0871190321795154,0.2718098958333333,0.49235519766807556,1.811395409863866,0.4929742217063904,5.879626297437676,2.333170290196758,2.1631391599674905,0.3204067559894698,0.0
glucose,full_patch,2,glucose_10_c15_wF06,10,15.0,15.958359472073443,15.958359472073443,0.9583594720734432,0.2679036458333333,0.5017819404602051,1.8729940718028555,0.5027660727500916,5.906292093208661,1.1962208210662144,2.2046329660190778,0.1633966368303873,0.0
glucose,full_patch,2,glucose_10_c15_wF10,10,15.0,13.976044245383786,13.976044245383786,1.023955754616214,0.2683376736111111,0.5044872760772705,1.8800463956037707,0.5059842467308044,4.08757067732348,0.6974368175035011,1.5232936256454992,0.09532222616212763,0.0
glucose,full_patch,2,glucose_10_c15_wG03,10,15.0,14.37232811388289,14.37232811388289,0.6276718861171098,0.2687717013888889,0.46988609433174133,1.7482722024066726,0.47257688641548157,3.6113407299562414,1.8320220869171884,1.3436461916542883,0.25054037027791676,0.0
glucose,full_patch,2,glucose_10_c15_wH01,10,15.0,13.722687945989328,13.722687945989328,1.2773120540106717,0.2648654513888889,0.40706223249435425,1.5368642092044116,0.4085942506790161,2.0045247077665653,2.4678949878069076,0.7568086729527516,0.3357065713303094,0.0
glucose,full_patch,2,glucose_10_c15_wH02,10,15.0,15.49084201601002,15.49084201601002,0.49084201601002064,0.2713758680555556,0.4326416850090027,1.5942526065745575,0.43308475613594055,3.461312139586516,3.0263247005808687,1.2754679199691856,0.41534785466199986,0.0
glucose,full_patch,2,glucose_10_c15_wH04,10,15.0,14.896257164840769,14.896257164840767,0.10374283515923288,0.2648654513888889,0.44687268137931824,1.6871686323604247,0.4482346773147583,3.5865538875965655,2.2462322847621756,1.3541040814457168,0.30555390016779643,1.7763568394002505e-15
glucose,full_patch,2,glucose_10_c15_wH06,10,15.0,13.931125349471241,13.93112534947124,1.0688746505287607,0.2705078125,0.49309244751930237,1.8228399503962658,0.4949750304222107,3.910381467059617,0.6248552431740215,1.445570621757779,0.08565619397726881,1.7763568394002505e-15
glucose,full_patch,2,glucose_11_c20_wA04,11,20.0,21.94583919523258,20.0,0.0,0.2744140625,0.4468565285205841,1.6284024384522353,0.4471626877784729,7.818353632832164,6.844091240355954,2.849108227765173,0.9432502597744951,0.0
glucose,full_patch,2,glucose_11_c20_wB04,11,20.0,22.523059290662403,20.0,0.0,0.2683376736111111,0.4396066665649414,1.638259215148605,0.43971025943756104,7.851252860658892,7.627032268136757,2.9258854170575153,1.0424251725218503,0.0
glucose,full_patch,2,glucose_11_c20_wB08,11,20.0,18.257422854675962,18.25742285467596,1.7425771453240415,0.2692057291666667,0.49716851115226746,1.8467976617409498,0.49805140495300293,6.91859764501133,3.1493729770002084,2.5700038652327457,0.4309520617080019,3.552713678800501e-15
glucose,full_patch,2,glucose_11_c20_wB10,11,20.0,19.104123831093688,19.104123831093688,0.8958761689063124,0.2705078125,0.46370482444763184,1.7142012282829422,0.4648781418800354,6.2346718746479155,4.560750405280116,2.3048028879564857,0.6251952362793627,0.0
glucose,full_patch,2,glucose_11_c20_wB12,11,20.0,18.594259809043503,18.594259809043503,1.4057401909564966,0.2713758680555556,0.42980924248695374,1.583815265397747,0.42985907196998596,5.130142256823147,5.200948555188036,1.8904194737657785,0.7138040489145636,0.0
glucose,full_patch,2,glucose_11_c20_wC04,11,20.0,18.102890397573272,18.102890397573272,1.8971096024267275,0.2666015625,0.44655993580818176,1.6750086969508355,0.4473632872104645,5.094642670634924,4.602419871416501,1.9109575438572024,0.6275469971145802,0.0
glucose,full_patch,2,glucose_11_c20_wC08,11,20.0,16.67977342971964,16.67977342971964,3.3202265702803615,0.2674696180555556,0.47495579719543457,1.7757373740174949,0.47583797574043274,5.151101910524835,2.9157528251732963,1.925864308616506,0.39803848373273737,0.0
glucose,full_patch,2,glucose_11_c20_wC12,11,20.0,18.564584875270143,18.564584875270143,1.4354151247298574,0.2648654513888889,0.43876245617866516,1.656548462164104,0.4390435814857483,5.149519605637783,5.342248293062699,1.9442020764259653,0.7267034726031857,0.0
glucose,full_patch,2,glucose_11_c20_wD07,11,20.0,19.55072741082645,19.55072741082645,0.4492725891735496,0.2679036458333333,0.4518894851207733,1.6867612372916352,0.45223262906074524,6.621397369023251,4.741316071819481,2.471559260952543,0.6476355256838349,0.0
glucose,full_patch,2,glucose_11_c20_wE07,11,20.0,15.66890426394211,15.66890426394211,4.33109573605789,0.2648654513888889,0.44625556468963623,1.6848387071608715,0.4465937316417694,4.649638110707789,2.3849746192533754,1.7554717258616546,0.32442695337327093,0.0
glucose,full_patch,2,glucose_11_c20_wF02,11,20.0,19.373197813790366,19.37319781379037,0.6268021862096305,0.2631293402777778,0.43230926990509033,1.6429534975032216,0.4324546754360199,5.875289057573166,5.496932889710058,2.23285212183894,0.7459834120389912,3.552713678800501e-15
glucose,full_patch,2,glucose_11_c20_wF05,11,20.0,16.93495113530752,16.93495113530752,3.0650488646924785,0.2674696180555556,0.5045012831687927,1.8862003349629182,0.5058318376541138,6.574442845632731,1.599117672068683,2.458014818066988,0.21830052534120847,0.0
glucose,full_patch,2,glucose_11_c20_wF06,11,20.0,23.063190182121943,20.0,0.0,0.2731119791666667,0.48441627621650696,1.7736910614268286,0.4845639169216156,9.798392116460697,6.067023367209572,3.587683025240436,0.8346572227527007,0.0
glucose,full_patch,2,glucose_11_c20_wF10,11,20.0,23.600552118912518,20.0,0.0,0.2683376736111111,0.47256529331207275,1.7610844088815458,0.4726559817790985,9.9510242568244,6.953417307193387,3.7083962616616937,0.9503588002831717,3.552713678800501e-15
glucose,full_patch,2,glucose_11_c20_wG03,11,20.0,20.25677981442524,20.0,0.0,0.2679036458333333,0.45632222294807434,1.703307252608122,0.45691153407096863,7.200189563166058,5.277415969672823,2.687604172302082,0.7208635775382354,0.0
glucose,full_patch,2,glucose_11_c20_wH01,11,20.0,14.371957187352713,14.371957187352711,5.628042812647289,0.2713758680555556,0.44946759939193726,1.656254856455855,0.45150038599967957,3.0178173395850205,1.97903819752859,1.1120433667179348,0.27161304584398344,1.7763568394002505e-15
glucose,full_patch,2,glucose_11_c20_wH02,11,20.0,13.718573480155483,13.718573480155484,6.281426519844516,0.2648654513888889,0.44714951515197754,1.6882138187794449,0.4486231803894043,2.682729184118225,1.5239190472984028,1.0128648980267743,0.20729797697272442,1.7763568394002505e-15
glucose,full_patch,2,glucose_11_c20_wH04,11,20.0,16.99475557830603,16.99475557830603,3.0052444216939698,0.2670355902777778,0.4698762893676758,1.7596017402732629,0.4706781506538391,5.312348825118249,2.953981194301498,1.9893785766879228,0.40301836693830656,0.0
glucose,full_patch,2,glucose_11_c20_wH06,11,20.0,22.437688907413897,20.0,0.0,0.2666015625,0.46922820806503296,1.7600354764051054,0.46960246562957764,9.38472178917461,6.139809459070378,3.5201300776977296,0.837172421582965,0.0
glucose,full_patch,3,glucose_01_c0_wA07,1,0.0,0.08054555030987515,0.0805455503098751,0.0805455503098751,0.2722439236111111,0.4784770905971527,1.7575308357685768,,0.0607374461482893,0.2870248986084799,0.022309936377147635,0.03943971172768378,4.163336342344337e-17
glucose,full_patch,3,glucose_01_c0_wA08,1,0.0,0.16071299277098522,0.1607129927709852,0.1607129927709852,0.2661675347222222,0.45355868339538574,1.704034580583724,0.0,0.04229688476071641,0.324872132543088,0.0158910758236756,0.044270613241418,2.7755575615628914e-17
glucose,full_patch,3,glucose_01_c0_wA10,1,0.0,0.3024443969544068,0.3024443969544068,0.3024443969544068,0.2709418402777778,0.44694003462791443,1.6495792387388302,0.0,0.048896576047402995,0.43323179761991004,0.018046890062189267,0.05942348931187813,0.0
glucose,full_patch,3,glucose_01_c0_wB01,1,0.0,0.10659817038459724,0.1065981703845972,0.1065981703845972,0.2679036458333333,0.5163998007774353,1.9275579440926869,0.0,0.13221340909813067,0.386996449849563,0.04935110482982472,0.052861409245791795,4.163336342344337e-17
glucose,full_patch,3,glucose_01_c0_wB11,1,0.0,0.39202022789801505,0.392020227898015,0.392020227898015,0.2731119791666667,0.41329583525657654,1.5132834396998844,0.0,0.16613580589890858,0.4472138457561651,0.06083065503235365,0.06152444846229016,5.551115123125783e-17
glucose,full_patch,3,glucose_01_c0_wC02,1,0.0,0.23769751460556998,0.2376975146055699,0.2376975146055699,0.2713758680555556,0.5201950669288635,1.9168803425895264,0.0,0.07375495296933715,0.4501258072724966,0.027178154600776137,0.06177750468835934,8.326672684688674e-17
glucose,full_patch,3,glucose_01_c0_wC05,1,0.0,0.18045328597285004,0.18045328597285,0.18045328597285,0.2683376736111111,0.47166532278060913,1.7577305356838229,0.0,0.07850339394954464,0.3676167775478275,0.029255450005620843,0.05024404896753342,2.7755575615628914e-17
glucose,full_patch,3,glucose_01_c0_wC10,1,0.0,0.12544053460079066,0.1254405346007906,0.1254405346007906,0.2731119791666667,0.4413354992866516,1.6159507196765122,0.0,0.040301611937729964,0.3002491016274621,0.014756442416293975,0.04130610121807271,5.551115123125783e-17
glucose,full_patch,3,glucose_01_c0_wD05,1,0.0,0.33704859525934766,0.3370485952593476,0.3370485952593476,0.2713758680555556,0.4538719654083252,1.6724846194334764,0.0,0.027803357685028618,0.471135439902064,0.01024533164435121,0.06466097117107107,5.551115123125783e-17
glucose,full_patch,3,glucose_01_c0_wD09,1,0.0,0.2624687508694267,0.2624687508694267,0.2624687508694267,0.2713758680555556,0.45797234773635864,1.6875942250053102,0.0,0.008347686345073213,0.3886025607951301,0.003076060669979797,0.053333748328934026,0.0
glucose,full_patch,3,glucose_01_c0_wD10,1,0.0,0.3332191304022791,0.3332191304022791,0.3332191304022791,0.2683376736111111,0.44030413031578064,1.6408584168985987,0.0,0.013545721482616624,0.46888310142795886,0.0050480133111118,0.06408463091739684,0.0
glucose,full_patch,3,glucose_01_c0_wF04,1,0.0,0.19200338773852743,0.1920033877385274,0.1920033877385274,0.2661675347222222,0.4698273837566376,1.76515661178197,0.0,0.07800046961051266,0.3753889430920626,0.02930502763679106,0.051154583757747285,2.7755575615628914e-17
glucose,full_patch,3,glucose_01_c0_wG02,1,0.0,0.15437013629966687,0.1543701362996668,0.1543701362996668,0.2739800347222222,0.4848294258117676,1.769579401299505,,0.10762796277235329,0.35734180730118115,0.03928314078851517,0.04921928106542647,5.551115123125783e-17
glucose,full_patch,3,glucose_01_c0_wG04,1,0.0,0.16707834123002405,0.167078341230024,0.167078341230024,0.2674696180555556,0.4582853317260742,1.7134107980476672,0.0,0.08916796686677539,0.35647633747934415,0.03333760578678304,0.04866369317448727,5.551115123125783e-17
glucose,full_patch,3,glucose_01_c0_wG07,1,0.0,0.05154811261259142,0.0515481126125914,0.0515481126125914,0.2709418402777778,0.4453449249267578,1.6436919616039247,,0.13191343813764722,0.2754851574559758,0.048686994228136035,0.03778644457678632,2.0816681711721685e-17
glucose,full_patch,3,glucose_01_c0_wG08,1,0.0,0.12911878903657914,0.1291187890365791,0.1291187890365791,0.2722439236111111,0.44388270378112793,1.6304595448572639,,0.10603581573596152,0.3141492348880215,0.038948827334500655,0.04316683090395119,2.7755575615628914e-17
glucose,full_patch,3,glucose_01_c0_wH09,1,0.0,0.19748640226466033,0.1974864022646603,0.1974864022646603,0.2700737847222222,0.46834442019462585,1.7341350648909892,,0.12928144320640214,0.4026088434677151,0.047868934535564574,0.055157471404763826,2.7755575615628914e-17
glucose,full_patch,3,glucose_01_c0_wH10,1,0.0,0.39119250149590534,0.3911925014959053,0.3911925014959053,0.2713758680555556,0.47340336441993713,1.7444563800456379,0.0,0.018173325665570284,0.5149547669436343,0.006696736078924259,0.07067495356891339,5.551115123125783e-17
glucose,full_patch,3,glucose_01_c0_wH12,1,0.0,0.08997765926097893,0.0899776592609789,0.0899776592609789,0.2661675347222222,0.47255104780197144,1.77538950531715,,0.11946973143101701,0.30938162765207683,0.04488516285643102,0.042159708419954756,2.7755575615628914e-17
glucose,full_patch,3,glucose_02_c0.01_wA07,2,0.01,0.008143252128999025,0.008143252128999,0.0018567478710009994,0.2731119791666667,0.45683127641677856,1.6726885353424834,0.0,0.151026761692286,0.2500923505868956,0.055298475794839395,0.03440589794012286,2.42861286636753e-17
glucose,full_patch,3,glucose_02_c0.01_wA08,2,0.01,0.032707880172582464,0.0327078801725824,0.0227078801725824,0.2739800347222222,0.47041112184524536,1.7169540193765471,0.0,0.17288676325962782,0.27774439468657575,0.06310195683963288,0.038255751628029924,6.245004513516506e-17
glucose,full_patch,3,glucose_02_c0.01_wA10,2,0.01,-0.012041953033857519,0.0,0.01,0.2713758680555556,0.4308498203754425,1.5876497179448532,,0.11831522288206285,0.2075778625980177,0.04359828444946386,0.028489018342566362,1.9081958235744878e-17
glucose,full_patch,3,glucose_02_c0.01_wB01,2,0.01,-0.09458892345190004,0.0,0.01,0.2731119791666667,0.4381459653377533,1.6042722354202361,,0.14337705302515635,0.15722753108788748,0.05249753359872233,0.021630227295207808,4.163336342344337e-17
glucose,full_patch,3,glucose_02_c0.01_wB11,2,0.01,0.12344696819157958,0.1234469681915795,0.11344696819157951,0.2713758680555556,0.47089487314224243,1.7352127752414657,0.0,0.12923362791818493,0.35385519746787397,0.047621635941383134,0.04856484735463778,6.938893903907228e-17
glucose,full_patch,3,glucose_02_c0.01_wC02,2,0.01,-0.07084967041019463,0.0,0.01,0.2692057291666667,0.4387405812740326,1.6297594506334074,,0.14982877045914367,0.19909807652074085,0.0556558624970362,0.027244066417448375,2.7755575615628914e-17
glucose,full_patch,3,glucose_02_c0.01_wC05,2,0.01,0.0343127341162942,0.0343127341162942,0.0243127341162942,0.2709418402777778,0.4554188549518585,1.6808731146320897,,0.14814626762347433,0.2694493839623316,0.0546782540015194,0.036958558157417,0.0
glucose,full_patch,3,glucose_02_c0.01_wC10,2,0.01,0.05467052426719221,0.0546705242671922,0.044670524267192195,0.2709418402777778,0.4575822055339813,1.6888576716864925,0.00021571946854237467,0.13351465950811964,0.318727819710634,0.04927797765425833,0.0437177494635095,1.3877787807814457e-17
glucose,full_patch,3,glucose_02_c0.01_wD05,2,0.01,0.019154714000883127,0.0191547140008831,0.009154714000883099,0.2713758680555556,0.41889718174934387,1.5436051287492814,,0.10056920588837402,0.22621348755306261,0.03705900845530807,0.03104666420385741,2.7755575615628914e-17
glucose,full_patch,3,glucose_02_c0.01_wD09,2,0.01,0.10624798485594773,0.1062479848559477,0.09624798485594771,0.2683376736111111,0.46558183431625366,1.7350595168049308,0.0,0.11325880327727557,0.3261228062260434,0.042207566963338924,0.044572857514151215,2.7755575615628914e-17
glucose,full_patch,3,glucose_02_c0.01_wD10,2,0.01,0.0470132199327315,0.0470132199327315,0.037013219932731496,0.2661675347222222,0.4309850335121155,1.6192246509774384,,0.0969871961581969,0.2597734836370209,0.03643840194838739,0.03539956269700998,0.0
glucose,full_patch,3,glucose_02_c0.01_wF04,2,0.01,0.009636774739852444,0.0096367747398524,0.00036322526014759965,0.2648654513888889,0.45086008310317993,1.7022230749196665,,0.19116349507901415,0.25852787143896083,0.07217381280820133,0.03516742233478174,4.336808689942018e-17
glucose,full_patch,3,glucose_02_c0.01_wG02,2,0.01,0.07504998765068044,0.0750499876506804,0.0650499876506804,0.2692057291666667,0.4575139582157135,1.6994956222958546,,0.11653305813388856,0.2884673415900554,0.04328773332373708,0.039473125762345226,4.163336342344337e-17
glucose,full_patch,3,glucose_02_c0.01_wG04,2,0.01,0.04135318069603698,0.0413531806960369,0.031353180696036896,0.2718098958333333,0.4495350420475006,1.6538582624789484,,0.13649400220157454,0.283386822311065,0.050216715540507426,0.03891659893337468,8.326672684688674e-17
glucose,full_patch,3,glucose_02_c0.01_wG07,2,0.01,0.020347576393287516,0.0203475763932875,0.010347576393287499,0.2709418402777778,0.46521511673927307,1.7170294416776695,,0.2326382647899666,0.28456221187405284,0.08586280529853153,0.03903148302770161,1.734723475976807e-17
glucose,full_patch,3,glucose_02_c0.01_wG08,2,0.01,-0.03675701536733088,0.0,0.01,0.2718098958333333,0.44961437582969666,1.6541501347890157,0.0,0.1876938361847526,0.2334830986960908,0.0690533490730012,0.032063481412355425,7.632783294297951e-17
glucose,full_patch,3,glucose_02_c0.01_wH09,2,0.01,0.008448322826081786,0.0084483228260817,0.0015516771739182995,0.2713758680555556,0.4498801529407501,1.6577750857664746,,0.1392061562196959,0.24424735825587587,0.05129643885328738,0.03352172231848328,8.500145032286355e-17
glucose,full_patch,3,glucose_02_c0.01_wH10,2,0.01,0.17588207683705837,0.1758820768370583,0.1658820768370583,0.2670355902777778,0.46175387501716614,1.729184767232102,0.0,0.10733363646253252,0.3752991205860949,0.04019450603976838,0.05120291184783791,5.551115123125783e-17
glucose,full_patch,3,glucose_02_c0.01_wH12,2,0.01,-0.03893460027270969,0.0,0.01,0.2696397569444444,0.45150601863861084,1.6744786590637577,,0.1556594901603756,0.21104476418725027,0.0577286865721538,0.02889598197518494,9.020562075079397e-17
glucose,full_patch,3,glucose_03_c0.05_wA07,3,0.05,0.005449073854600483,0.0054490738546004,0.0445509261453996,0.2700737847222222,0.46981003880500793,1.7395617989662329,0.0,0.10570334170257592,0.2734904373182106,0.039138690121773394,0.037468230568226985,8.326672684688674e-17
glucose,full_patch,3,glucose_03_c0.05_wA08,3,0.05,0.030155110326841983,0.0301551103268419,0.019844889673158103,0.2709418402777778,0.46867385506629944,1.7297950533804627,0.0,0.13989678359585495,0.2951560400928552,0.05163351051739684,0.040484567130462175,8.326672684688674e-17
glucose,full_patch,3,glucose_03_c0.05_wA10,3,0.05,0.1641829622159088,0.1641829622159088,0.1141829622159088,0.2687717013888889,0.5263489484786987,1.958349579806091,0.0,0.143888376449175,0.4107404879138764,0.05353553804423079,0.05617130637504504,0.0
glucose,full_patch,3,glucose_03_c0.05_wB01,3,0.05,0.010853999767001007,0.010853999767001,0.039146000232999,0.2731119791666667,0.47035330533981323,1.7221994684194353,0.0,0.1123740130326895,0.29381417946460653,0.04114576496262481,0.0404208311381671,6.938893903907228e-18
glucose,full_patch,3,glucose_03_c0.05_wB11,3,0.05,0.19426196550813965,0.1942619655081396,0.14426196550813958,0.2696397569444444,0.551903247833252,2.046817035022636,0.0,0.16209521661154472,0.44203730020945103,0.060115473492635664,0.06052318762041748,5.551115123125783e-17
glucose,full_patch,3,glucose_03_c0.05_wC02,3,0.05,0.09911469590729267,0.0991146959072926,0.0491146959072926,0.2722439236111111,0.5035413503646851,1.8495962873499154,0.0,0.11260239595337322,0.3476460438266981,0.04136084819076476,0.04776958312072238,6.938893903907228e-17
glucose,full_patch,3,glucose_03_c0.05_wC05,3,0.05,0.06813805848176456,0.0681380584817645,0.018138058481764502,0.2722439236111111,0.5033656358718872,1.8489508569929505,0.0,0.11754244046609245,0.3103979489090181,0.04317541376387039,0.04265137165864785,5.551115123125783e-17
glucose,full_patch,3,glucose_03_c0.05_wC10,3,0.05,0.08340798640203483,0.0834079864020348,0.033407986402034795,0.2709418402777778,0.4735243618488312,1.7476974444528746,0.0,0.089593429544826,0.31793042049823284,0.03306740275070551,0.04360837558136202,2.7755575615628914e-17
glucose,full_patch,3,glucose_03_c0.05_wD05,3,0.05,0.09017084208964937,0.0901708420896493,0.0401708420896493,0.2670355902777778,0.46549996733665466,1.7432132055971594,0.0,0.10591103958903275,0.3275620478511774,0.039661769234153835,0.04469003453732718,6.938893903907228e-17
glucose,full_patch,3,glucose_03_c0.05_wD09,3,0.05,0.12417454077405793,0.1241745407740579,0.0741745407740579,0.2722439236111111,0.524315357208252,1.9259028824357314,0.0,0.18521286765895484,0.37401222599764994,0.06803195649043156,0.05139252534358643,2.7755575615628914e-17
glucose,full_patch,3,glucose_03_c0.05_wD10,3,0.05,0.24766928424454954,0.2476692842445495,0.1976692842445495,0.2661675347222222,0.5443572998046875,2.0451679066449246,0.0,0.1698366530296394,0.4921457186506495,0.06380817751003492,0.06706513297478021,2.7755575615628914e-17
glucose,full_patch,3,glucose_03_c0.05_wF04,3,0.05,0.09109763102064702,0.091097631020647,0.041097631020646994,0.2687717013888889,0.4973404109477997,1.8504195507851924,0.0,0.138352369899771,0.3325762860237451,0.051475794953423075,0.04548186751735918,2.7755575615628914e-17
glucose,full_patch,3,glucose_03_c0.05_wG02,3,0.05,0.11144343694194228,0.1114434369419422,0.061443436941942195,0.2683376736111111,0.4970014989376068,1.8521495407234065,,0.1712096340946779,0.35056844968054296,0.06380380055869599,0.04791396755532974,8.326672684688674e-17
glucose,full_patch,3,glucose_03_c0.05_wG04,3,0.05,-0.018216272387867584,0.0,0.05,0.2679036458333333,0.4664924144744873,1.741269376993469,,0.11470569014173435,0.24108667598230657,0.04281602431535941,0.03293100349567122,8.326672684688674e-17
glucose,full_patch,3,glucose_03_c0.05_wG07,3,0.05,0.055665270410919274,0.0556652704109192,0.0056652704109191945,0.2687717013888889,0.49135738611221313,1.8281589303230343,,0.16083050231776047,0.3068527974319678,0.059839075872445725,0.041964021088188384,7.632783294297951e-17
glucose,full_patch,3,glucose_03_c0.05_wG08,3,0.05,0.04692634273952144,0.0469263427395214,0.0030736572604786044,0.2744140625,0.5065843462944031,1.846058258382451,0.0,0.23354256408402896,0.3034239100685921,0.08510590235659989,0.04181777710770368,4.163336342344337e-17
glucose,full_patch,3,glucose_03_c0.05_wH09,3,0.05,0.061695181403705564,0.0616951814037055,0.011695181403705499,0.2670355902777778,0.47749897837638855,1.7881473322701327,0.0,0.18348573467599805,0.3236452246766402,0.0687120898323445,0.04415565345107204,6.245004513516506e-17
glucose,full_patch,3,glucose_03_c0.05_wH10,3,0.05,0.05223455235013457,0.0522345523501345,0.0022345523501344985,0.2679036458333333,0.4853365123271942,1.8116084639965258,0.0,0.1513023055270935,0.3107591260481685,0.056476389134779016,0.04244784505202195,6.938893903907228e-17
glucose,full_patch,3,glucose_03_c0.05_wH12,3,0.05,0.020055520121509688,0.0200555201215096,0.0299444798784904,0.2648654513888889,0.4891934394836426,1.846950732601905,0.0,0.1558412165954484,0.3148811593989405,0.058837880055045165,0.04283313306303522,8.673617379884035e-17
glucose,full_patch,3,glucose_04_c0.1_wA07,4,0.1,0.10467507573878393,0.1046750757387839,0.004675075738783896,0.2744140625,0.518547773361206,1.8896545192949288,0.0,0.10845489513167886,0.3554826624797054,0.039522353243715,0.04899249614794325,2.7755575615628914e-17
glucose,full_patch,3,glucose_04_c0.1_wA08,4,0.1,0.17130776414333468,0.1713077641433346,0.07130776414333459,0.2713758680555556,0.5289707779884338,1.949218188701082,0.0,0.12615424511715065,0.44536253727633435,0.046486906157523405,0.06112376982187189,8.326672684688674e-17
glucose,full_patch,3,glucose_04_c0.1_wA10,4,0.1,0.1054606577775472,0.1054606577775472,0.005460657777547201,0.2718098958333333,0.49561285972595215,1.8233804851235031,0.0,0.1182364448364144,0.36343247192855643,0.043499683657181445,0.04990901000288445,0.0
glucose,full_patch,3,glucose_04_c0.1_wB01,4,0.1,0.08658712837341549,0.0865871283734154,0.01341287162658461,0.2679036458333333,0.4782697558403015,1.7852304859555364,,0.11243322041908811,0.3151101488746998,0.04196778288304237,0.04304216884584606,9.71445146547012e-17
glucose,full_patch,3,glucose_04_c0.1_wB11,4,0.1,0.0968312944279876,0.0968312944279876,0.0031687055720124035,0.2739800347222222,0.47763946652412415,1.7433367617767637,0.0,0.06810515353265129,0.31431271273193323,0.024857706730966902,0.04329257152200713,0.0
glucose,full_patch,3,glucose_04_c0.1_wC02,4,0.1,0.07130786447182492,0.0713078644718249,0.02869213552817511,0.2670355902777778,0.468500018119812,1.7544478533084873,,0.11962083901822794,0.3068235884082019,0.04479584121869113,0.04186063938963714,2.7755575615628914e-17
glucose,full_patch,3,glucose_04_c0.1_wC05,4,0.1,0.06416881854164341,0.0641688185416434,0.035831181458356606,0.2744140625,0.48037421703338623,1.750545189473977,,0.12414674422852973,0.29935417014361787,0.045240664088973113,0.04125688697537883,1.3877787807814457e-17
glucose,full_patch,3,glucose_04_c0.1_wC10,4,0.1,0.2319768722807256,0.2319768722807256,0.1319768722807256,0.2696397569444444,0.5035048723220825,1.867324307171152,0.0,0.0917884691247004,0.42022198585044124,0.034041148147011625,0.05753626239188333,0.0
glucose,full_patch,3,glucose_04_c0.1_wD05,4,0.1,0.2367061324469518,0.2367061324469518,0.1367061324469518,0.2648654513888889,0.45774197578430176,1.7282056734240576,,0.04596628257652666,0.39695002123504036,0.017354578460682904,0.05399692096977317,0.0
glucose,full_patch,3,glucose_04_c0.1_wD09,4,0.1,0.19940536833754213,0.1994053683375421,0.0994053683375421,0.2739800347222222,0.5022759437561035,1.8332574644183168,0.0,0.1633495705462007,0.4189416980296933,0.0596209759268826,0.05770388116935665,2.7755575615628914e-17
glucose,full_patch,3,glucose_04_c0.1_wD10,4,0.1,0.168649863070144,0.168649863070144,0.06864986307014401,0.2731119791666667,0.5067962408065796,1.8556353417852354,0.0,0.18623024532920213,0.386020499093035,0.06818823762232526,0.05310591013048829,0.0
glucose,full_patch,3,glucose_04_c0.1_wF04,4,0.1,0.22372868109637872,0.2237286810963787,0.12372868109637869,0.2683376736111111,0.4869486093521118,1.8146859619041904,0.0,0.0950338776963145,0.4101267742632203,0.03541577908812109,0.056054105763159404,2.7755575615628914e-17
glucose,full_patch,3,glucose_04_c0.1_wG02,4,0.1,0.05461192256062157,0.0546119225606215,0.045388077439378505,0.2687717013888889,0.46778351068496704,1.7404492670458847,,0.11043650096095932,0.271846157343153,0.04108933358321361,0.03717664618006378,6.938893903907228e-17
glucose,full_patch,3,glucose_04_c0.1_wG04,4,0.1,0.09775837429352902,0.097758374293529,0.002241625706471004,0.2713758680555556,0.4526602625846863,1.668019584158524,,0.13899716332808004,0.3270298946828298,0.051219426518655964,0.04488320937300014,1.3877787807814457e-17
glucose,full_patch,3,glucose_04_c0.1_wG07,4,0.1,0.1313209237231911,0.1313209237231911,0.03132092372319109,0.2683376736111111,0.46132931113243103,1.7192118606536533,,0.18362073883823293,0.3451076696306943,0.06842898217279235,0.04716761505734063,0.0
glucose,full_patch,3,glucose_04_c0.1_wG08,4,0.1,0.19845823334088447,0.1984582333408844,0.09845823334088438,0.2661675347222222,0.48446398973464966,1.820146811820029,,0.1571699331492405,0.40053521564250094,0.0590492500572116,0.05458128859028965,8.326672684688674e-17
glucose,full_patch,3,glucose_04_c0.1_wH09,4,0.1,0.280028693960402,0.280028693960402,0.18002869396040197,0.2705078125,0.48763442039489746,1.8026629836981047,0.0,0.15713197942489043,0.4743474636428261,0.05808777867548296,0.06502433772024818,0.0
glucose,full_patch,3,glucose_04_c0.1_wH10,4,0.1,0.11327906544294887,0.1132790654429488,0.013279065442948795,0.2683376736111111,0.47467517852783203,1.7689472079710877,,0.20861481257425912,0.34550686568643396,0.07774339315343196,0.04722217520637959,6.938893903907228e-17
glucose,full_patch,3,glucose_04_c0.1_wH12,4,0.1,0.020804257060330966,0.0208042570603309,0.0791957429396691,0.2705078125,0.4438740909099579,1.6408919461797722,,0.13257266750971047,0.2645028565562627,0.04900881282669441,0.03625849064439264,6.591949208711867e-17
glucose,full_patch,3,glucose_05_c0.5_wA07,5,0.5,0.4193535926217752,0.4193535926217752,0.08064640737822482,0.2661675347222222,0.5247149467468262,1.9713709536154709,0.0,0.000783032671544448,0.6065538043325409,0.0002941878964921987,0.08265562414207744,0.0
glucose,full_patch,3,glucose_05_c0.5_wA08,5,0.5,0.43455897372894486,0.4345589737289448,0.06544102627105519,0.2709418402777778,0.5340303182601929,1.9710145827336554,0.0,0.04197200015977337,0.6082991404460121,0.015491147515917958,0.08343629823411888,5.551115123125783e-17
glucose,full_patch,3,glucose_05_c0.5_wA10,5,0.5,0.29813077022729595,0.2981307702272959,0.2018692297727041,0.2705078125,0.5187563300132751,1.9177129311682084,0.0,0.007816154077912196,0.4702902682308676,0.0028894374641812597,0.06446817063834116,5.551115123125783e-17
glucose,full_patch,3,glucose_05_c0.5_wB01,5,0.5,0.5139099069397712,0.5139099069397712,0.013909906939771233,0.2692057291666667,0.614543616771698,2.282802890837553,0.0,0.027937429029281313,0.7411616784455457,0.010377724543887811,0.10141864927326133,0.0
glucose,full_patch,3,glucose_05_c0.5_wB11,5,0.5,0.295605500578734,0.295605500578734,0.20439449942126597,0.2648654513888889,0.5022454857826233,1.896228757465242,0.0,0.022811928936833648,0.4929016399186784,0.008612647975496063,0.06704917363085668,0.0
glucose,full_patch,3,glucose_05_c0.5_wC02,5,0.5,0.5109285219522861,0.5109285219522861,0.010928521952286108,0.2718098958333333,0.5534326434135437,2.0361018928938996,0.0,0.04452735090052695,0.6795895768621443,0.016381799037894468,0.09332584622800658,0.0
glucose,full_patch,3,glucose_05_c0.5_wC05,5,0.5,0.5888904169263576,0.5888904169263576,0.08889041692635757,0.2679036458333333,0.5633873343467712,2.102947619821727,0.0,0.04074269168475886,0.7589819687312382,0.015207964624007198,0.10367241475955374,0.0
glucose,full_patch,3,glucose_05_c0.5_wC10,5,0.5,0.5157248260105511,0.5157248260105511,0.01572482601055114,0.2679036458333333,0.5258920192718506,1.962989408509265,0.0,0.14188043696281444,0.6480962929596881,0.05295950210811252,0.08852609212859767,0.0
glucose,full_patch,3,glucose_05_c0.5_wD05,5,0.5,0.35386655160209723,0.3538665516020972,0.14613344839790282,0.2718098958333333,0.48986658453941345,1.8022396978503932,0.0,0.030155930355943772,0.5262337699380025,0.011094493180055003,0.0722659875390945,5.551115123125783e-17
glucose,full_patch,3,glucose_05_c0.5_wD09,5,0.5,0.5828447192286199,0.5828447192286199,0.08284471922861991,0.2713758680555556,0.4622359275817871,1.703305201356957,0.0,0.10961481299764914,0.673237384318534,0.04039224776434764,0.09239844726551912,0.0
glucose,full_patch,3,glucose_05_c0.5_wD10,5,0.5,0.6096062690433257,0.6096062690433257,0.10960626904332571,0.2679036458333333,0.4827524721622467,1.8019630552641823,0.0,0.15817168283720628,0.6922750368241573,0.059040511503754285,0.0945606453145314,0.0
glucose,full_patch,3,glucose_05_c0.5_wF04,5,0.5,0.2960565433024179,0.2960565433024179,0.20394345669758213,0.2674696180555556,0.517803430557251,1.9359336373288538,,0.12138611776849362,0.4892511685058242,0.04538314244845587,0.06678919817730226,0.0
glucose,full_patch,3,glucose_05_c0.5_wG02,5,0.5,0.5579963044260667,0.5579963044260667,0.057996304426066736,0.2709418402777778,0.5411292910575867,1.9972156773675285,0.0,0.04207935052855016,0.7169280316347848,0.015530768701286276,0.09833619198610176,0.0
glucose,full_patch,3,glucose_05_c0.5_wG04,5,0.5,0.438044665890468,0.438044665890468,0.06195533410953202,0.2687717013888889,0.4924010634422302,1.8320420672925288,0.0,0.0524574179581187,0.5739950152196512,0.019517463217683568,0.07849737439181341,0.0
glucose,full_patch,3,glucose_05_c0.5_wG07,5,0.5,0.2778365793846156,0.2778365793846156,0.2221634206153844,0.2683376736111111,0.48918038606643677,1.8230030076782375,0.0,0.09889512344611462,0.45364477120007934,0.036854729384528606,0.06200193106006127,0.0
glucose,full_patch,3,glucose_05_c0.5_wG08,5,0.5,0.2853415836255271,0.2853415836255271,0.21465841637447292,0.2709418402777778,0.4811796247959137,1.775951710900737,0.0,0.0788983739341047,0.453802014013284,0.02912004061580733,0.062244967422926414,0.0
glucose,full_patch,3,glucose_05_c0.5_wH09,5,0.5,0.29427179191343783,0.2942717919134378,0.20572820808656223,0.2648654513888889,0.48649823665618896,1.8367749893582292,0.0,0.15018072287803952,0.47765198318322283,0.0567007596085216,0.06497477014046615,5.551115123125783e-17
glucose,full_patch,3,glucose_05_c0.5_wH10,5,0.5,0.5526488625266861,0.5526488625266861,0.0526488625266861,0.2679036458333333,0.5094950199127197,1.9017845700751823,0.0005865040584467351,0.053088260026418865,0.6946423563191891,0.019816176768063035,0.0948840070525811,0.0
glucose,full_patch,3,glucose_05_c0.5_wH12,5,0.5,0.2751992356092628,0.2751992356092628,0.2248007643907372,0.2648654513888889,0.5124947428703308,1.9349248464944566,0.0,0.08393617409069853,0.4814808083012143,0.03169011800163366,0.06549560338456076,0.0
glucose,full_patch,3,glucose_06_c1_wA07,6,1.0,0.21157513113493048,0.2115751311349304,0.7884248688650696,0.2648654513888889,0.4987541437149048,1.8830471890522582,0.0,0.11702468095247431,0.42346416090010275,0.044182689867185716,0.05760362666945161,8.326672684688674e-17
glucose,full_patch,3,glucose_06_c1_wA08,6,1.0,0.19326874268399685,0.1932687426839968,0.8067312573160033,0.2674696180555556,0.5081221461296082,1.8997378088156058,0.0,0.12978651946293918,0.3995788304459298,0.04852383624220882,0.054547748502291354,5.551115123125783e-17
glucose,full_patch,3,glucose_06_c1_wA10,6,1.0,0.3859121385541842,0.3859121385541842,0.6140878614458158,0.2648654513888889,0.5360797643661499,2.0239701386310682,0.0,0.05833862247489674,0.5795035978769546,0.022025757670161752,0.07882959642854633,0.0
glucose,full_patch,3,glucose_06_c1_wB01,6,1.0,0.7361546095842855,0.7361546095842855,0.26384539041571453,0.2713758680555556,0.6194851398468018,2.282756916764544,0.0013298693811520934,0.033450676644079635,0.9408189376440712,0.012326326907310592,0.12912267057822427,0.0
glucose,full_patch,3,glucose_06_c1_wB11,6,1.0,0.3570000879757773,0.3570000879757773,0.6429999120242227,0.2679036458333333,0.49282002449035645,1.839542059823056,0.0,0.14604429064246993,0.5416958316535668,0.054513737649291336,0.07399242306979802,0.0
glucose,full_patch,3,glucose_06_c1_wC02,6,1.0,0.8594719686988754,0.8594719686988754,0.14052803130112457,0.2744140625,0.5346264243125916,1.94824718326012,0.0005742305074818432,0.22723558249003895,0.9411515064845726,0.08280755746256224,0.1297091712840111,0.0
glucose,full_patch,3,glucose_06_c1_wC05,6,1.0,0.5340450123050984,0.5340450123050984,0.4659549876949016,0.2648654513888889,0.4228394031524658,1.5964309461094326,0.02504401095211506,0.13735198561285755,0.6234731336922703,0.051857267489065766,0.08481075129310646,0.0
glucose,full_patch,3,glucose_06_c1_wC10,6,1.0,0.6260135513230967,0.6260135513230967,0.37398644867690334,0.2744140625,0.48807594180107117,1.7786112612252558,0.0,0.16100623811104542,0.6875951276448978,0.05867273588103577,0.0947641198799967,0.0
glucose,full_patch,3,glucose_06_c1_wD05,6,1.0,0.6825799175029656,0.6825799175029656,0.31742008249703435,0.2679036458333333,0.5481948256492615,2.0462387659714842,0.0,0.01024708568909638,0.8254094257181382,0.003824914609587373,0.11274600959564786,0.0
glucose,full_patch,3,glucose_06_c1_wD09,6,1.0,0.7889429431299626,0.7889429431299626,0.2110570568700374,0.2705078125,0.5385759472846985,1.9909811192040838,0.0,0.13054804244187368,0.8822510693820714,0.04826035937201395,0.12094044110404835,0.0
glucose,full_patch,3,glucose_06_c1_wD10,6,1.0,0.7917213240087946,0.7917213240087946,0.20827867599120542,0.2661675347222222,0.5528537034988403,2.077089168954469,0.0,0.1154084290935935,0.8628473445538987,0.043359318488648914,0.1175809718676435,0.0
glucose,full_patch,3,glucose_06_c1_wF04,6,1.0,0.5966433238725091,0.5966433238725091,0.40335667612749093,0.2705078125,0.5302456617355347,1.9601861285819044,0.0,0.11613595884196615,0.7424575155558873,0.042932571066488574,0.10177730869199848,0.0
glucose,full_patch,3,glucose_06_c1_wG02,6,1.0,1.2963150167992445,1.2963150167992443,0.2963150167992443,0.2726779513888889,0.4665774405002594,1.7110933910268167,0.00016385881463065743,0.6624836135869263,1.2423133763101921,0.24295459541651862,0.17080650568513697,2.220446049250313e-16
glucose,full_patch,3,glucose_06_c1_wG04,6,1.0,1.0084688882755728,1.0084688882755728,0.008468888275572795,0.2674696180555556,0.5390487909317017,2.0153645668261917,0.0,0.3055288778553724,1.057573132030139,0.1142293768079153,0.1443725964270443,0.0
glucose,full_patch,3,glucose_06_c1_wG07,6,1.0,0.6947556924624987,0.6947556924624987,0.3052443075375013,0.2683376736111111,0.5324896574020386,1.9844014082560404,0.0006711878231726587,0.15996534288936592,0.7886866495478143,0.05961344925468647,0.10779380338473465,0.0
glucose,full_patch,3,glucose_06_c1_wG08,6,1.0,1.1566082266961062,1.1566082266961062,0.1566082266961062,0.2666015625,0.5960204601287842,2.23562253176511,0.0012997908052057028,0.18995112877340992,1.2356107709696234,0.07124906808204094,0.16847742070211644,0.0
glucose,full_patch,3,glucose_06_c1_wH09,6,1.0,1.0315929521526193,1.0315929521526193,0.03159295215261926,0.2705078125,0.4938580095767975,1.8256700426232513,0.05205096676945686,0.2750175803920716,1.0986913954108526,0.10166714885252033,0.15061044028121995,0.0
glucose,full_patch,3,glucose_06_c1_wH10,6,1.0,0.9194056649749249,0.9194056649749248,0.08059433502507518,0.2648654513888889,0.5481813549995422,2.069659716376805,0.0,0.1671341163695057,1.0242224893410483,0.0631015164465942,0.13932449390062143,1.1102230246251565e-16
glucose,full_patch,3,glucose_06_c1_wH12,6,1.0,0.355871612847346,0.355871612847346,0.644128387152654,0.2683376736111111,0.504646897315979,1.8806412477412304,0.0009624727535992861,0.0462199123110712,0.5441643878678664,0.017224533435456216,0.0743737060446427,0.0
glucose,full_patch,3,glucose_07_c2.5_wA07,7,2.5,2.6716735852636337,2.6716735852636337,0.17167358526363374,0.2679036458333333,0.22813200950622559,0.8515449978166768,0.2334001511335373,1.1532900146623888,2.3321433013836166,0.4304868681704567,0.3185568795842806,0.0
glucose,full_patch,3,glucose_07_c2.5_wA08,7,2.5,2.4112619273070397,2.41126192730704,0.08873807269295986,0.2744140625,0.19227251410484314,0.7006656741756562,0.1996147781610489,1.0768663514355041,2.1067787225243606,0.3924238946156428,0.29035550630752965,4.440892098500626e-16
glucose,full_patch,3,glucose_07_c2.5_wA10,7,2.5,2.4880423961811937,2.4880423961811937,0.011957603818806284,0.2722439236111111,0.29804351925849915,1.0947664701021635,0.3095236122608185,1.2739438095832285,2.0876411778876776,0.4679420545683155,0.28686001335042255,0.0
glucose,full_patch,3,glucose_07_c2.5_wB01,7,2.5,2.6011832030083784,2.6011832030083784,0.10118320300837835,0.2648654513888889,0.23453131318092346,0.8854734052746377,0.2424801141023636,1.116350836233099,2.2641010003495725,0.4214784640198378,0.3079845729774415,0.0
glucose,full_patch,3,glucose_07_c2.5_wB11,7,2.5,2.5488361327265934,2.5488361327265934,0.04883613272659337,0.2722439236111111,0.20525667071342468,0.7539439925448075,0.21136686205863953,1.26364449862605,2.2060821081589186,0.4641589358046105,0.3031348249409959,0.0
glucose,full_patch,3,glucose_07_c2.5_wC02,7,2.5,2.0320142776289893,2.0320142776289893,0.46798572237101066,0.2722439236111111,0.2923550307750702,1.0738716475181533,0.41847679018974304,1.1762499937750561,1.7241167019306918,0.43205739109728647,0.23690859586988605,0.0
glucose,full_patch,3,glucose_07_c2.5_wC05,7,2.5,2.7888032277982386,2.788803227798238,0.2888032277982382,0.2713758680555556,0.24084484577178955,0.8874954412766143,0.24309945106506348,1.0900287917254738,2.3728003340798307,0.40166754676297345,0.32565492001310087,4.440892098500626e-16
glucose,full_patch,3,glucose_07_c2.5_wC10,7,2.5,2.2106934697687026,2.210693469768702,0.2893065302312978,0.2726779513888889,0.36433109641075134,1.3361223177562611,0.4035851061344147,1.3261179222657287,1.822331323911388,0.4863311886828872,0.25055356528669775,4.440892098500626e-16
glucose,full_patch,3,glucose_07_c2.5_wD05,7,2.5,2.4960058348820304,2.4960058348820304,0.0039941651179695725,0.2683376736111111,0.2571345269680023,0.958249818251965,0.2696218490600586,1.1886210900857268,2.1005637117780718,0.44295721658835663,0.28709469327816567,0.0
glucose,full_patch,3,glucose_07_c2.5_wD09,7,2.5,2.516483520559531,2.516483520559531,0.016483520559531062,0.2661675347222222,0.29228150844573975,1.0981110402918621,0.3059220612049103,1.404448411786627,2.072432162137984,0.5276557913993296,0.28241216629104926,0.0
glucose,full_patch,3,glucose_07_c2.5_wD10,7,2.5,2.4857377769560003,2.4857377769560003,0.014262223043999711,0.2661675347222222,0.23273013532161713,0.8743746135850076,0.2489004284143448,1.2900943402516871,2.0850433877291095,0.48469259844107415,0.2841307091721348,0.0
glucose,full_patch,3,glucose_07_c2.5_wF04,7,2.5,2.413846162746264,2.413846162746264,0.08615383725373604,0.2744140625,0.3010651171207428,1.0971198574079737,0.3398696780204773,1.390485918016458,1.9896003888470875,0.506710882579663,0.27420602936465915,0.0
glucose,full_patch,3,glucose_07_c2.5_wG02,7,2.5,2.501273555312962,2.501273555312962,0.001273555312962138,0.2731119791666667,0.2384163737297058,0.8729619786622839,0.2728060781955719,1.3919058041163335,2.1069357081067674,0.5096465590280543,0.28985698590703046,0.0
glucose,full_patch,3,glucose_07_c2.5_wG04,7,2.5,2.9025907987927195,2.9025907987927195,0.40259079879271953,0.2700737847222222,0.27032962441444397,1.0009472955417902,0.27499204874038696,1.2341880208730545,2.4180531162487586,0.4569817918989984,0.3312736363809805,0.0
glucose,full_patch,3,glucose_07_c2.5_wG07,7,2.5,2.1935809335477776,2.1935809335477776,0.3064190664522224,0.2722439236111111,0.33864325284957886,1.243896460048513,0.42444440722465515,1.3820979143732297,1.747833581224926,0.5076689668738018,0.2401675008881604,0.0
glucose,full_patch,3,glucose_07_c2.5_wG08,7,2.5,2.7822546253119023,2.7822546253119023,0.28225462531190226,0.2687717013888889,0.24645331501960754,0.9169615467180876,0.24704763293266296,1.1294258092020275,2.366017472634994,0.4202175315949086,0.32356754752640016,0.0
glucose,full_patch,3,glucose_07_c2.5_wH09,7,2.5,2.599636186990135,2.599636186990135,0.09963618699013521,0.2713758680555556,0.22553646564483643,0.8310851928759745,0.23954452574253082,1.4261442382374687,2.167613638144298,0.5255236025428432,0.29749407727681093,0.0
glucose,full_patch,3,glucose_07_c2.5_wH10,7,2.5,2.3824186056356855,2.382418605635685,0.11758139436431492,0.2739800347222222,0.16004005074501038,0.5841303396697092,0.16265825927257538,1.2316554735682228,2.0195862981956108,0.4495420532437521,0.278172281036777,4.440892098500626e-16
glucose,full_patch,3,glucose_07_c2.5_wH12,7,2.5,2.189309667866555,2.189309667866555,0.3106903321334449,0.2722439236111111,0.30576395988464355,1.1231250116767137,0.36063921451568604,1.3385773287036709,1.7693880039851955,0.4916830873389012,0.24312926561394907,0.0
glucose,full_patch,3,glucose_08_c5_wA07,8,5.0,5.047702221393047,5.047702221393047,0.04770222139304714,0.2683376736111111,0.2753768861293793,1.0262326658181802,0.27885496616363525,2.4054263075509144,4.384103893221058,0.896417664795359,0.5991977084372724,0.0
glucose,full_patch,3,glucose_08_c5_wA08,8,5.0,4.950740907857211,4.950740907857211,0.049259092142788674,0.2687717013888889,0.26679903268814087,0.992660430058097,0.2672240734100342,2.1881970380487217,4.292479279709453,0.8141471095138078,0.5870231346164464,0.0
glucose,full_patch,3,glucose_08_c5_wA10,8,5.0,5.546905373407853,5.546905373407853,0.5469053734078528,0.2679036458333333,0.23980022966861725,0.8950987916670623,0.24171726405620575,2.6560263294726623,4.9255471778537645,0.991411043030379,0.6728003970816703,0.0
glucose,full_patch,3,glucose_08_c5_wB01,8,5.0,4.7585572023967515,4.758557202396752,0.2414427976032476,0.2726779513888889,0.27412694692611694,1.0053139446363286,0.27778586745262146,2.233214539938172,4.091008205175326,0.8189934421038677,0.5624754829016232,8.881784197001252e-16
glucose,full_patch,3,glucose_08_c5_wB11,8,5.0,6.115416976971849,6.115416976971849,1.115416976971849,0.2705078125,0.209340438246727,0.7738794540240016,0.2098756581544876,2.474811079103218,5.490928856217881,0.9148760090258828,0.7527056424052357,0.0
glucose,full_patch,3,glucose_08_c5_wC02,8,5.0,4.996408987687811,4.996408987687811,0.003591012312188724,0.2679036458333333,0.2535480558872223,0.9464151004684653,0.2582729160785675,2.4474079487913256,4.381257703696718,0.9135403667906383,0.5984536978993472,0.0
glucose,full_patch,3,glucose_08_c5_wC05,8,5.0,5.219005695728672,5.219005695728672,0.21900569572867212,0.2722439236111111,0.27559053897857666,1.0122927091377292,0.28072550892829895,2.6513634427668538,4.54409579621019,0.9738926061593991,0.6243981937956331,0.0
glucose,full_patch,3,glucose_08_c5_wC10,8,5.0,5.401070927616316,5.401070927616316,0.401070927616316,0.2687717013888889,0.24162687361240387,0.8990041450189399,0.24299101531505585,2.3007240215187608,4.756892483660525,0.8560142342477552,0.6505345174271464,0.0
glucose,full_patch,3,glucose_08_c5_wD05,8,5.0,5.436698993947501,5.436698993947501,0.436698993947501,0.2648654513888889,0.25407350063323975,0.9592549700270124,0.2589311897754669,2.6169451764672,4.815468160582473,0.9880281338108035,0.6550458238808571,0.0
glucose,full_patch,3,glucose_08_c5_wD09,8,5.0,5.669120270673683,5.669120270673683,0.669120270673683,0.2718098958333333,0.24181336164474487,0.8896414933804268,0.24487821757793427,2.8697547345775263,5.019684170145608,1.055794795763133,0.6893370483096694,0.0
glucose,full_patch,3,glucose_08_c5_wD10,8,5.0,5.566304918607421,5.566304918607421,0.5663049186074209,0.2683376736111111,0.23851443827152252,0.8888593057461996,0.2389851063489914,2.3808655821317615,4.924600029102414,0.8872647474697256,0.6730700558832545,0.0
glucose,full_patch,3,glucose_08_c5_wF04,8,5.0,4.687126745514114,4.687126745514114,0.3128732544858863,0.2705078125,0.29460856318473816,1.0890944718453859,0.3021523058414459,2.6841641631480373,4.086927094454594,0.9922686292648341,0.5602427502973901,0.0
glucose,full_patch,3,glucose_08_c5_wG02,8,5.0,4.933582742140439,4.933582742140439,0.06641725785956076,0.2731119791666667,0.27853530645370483,1.0198575225575461,0.28145867586135864,2.40437568195967,4.254754726523785,0.880362585814077,0.5853384021442486,0.0
glucose,full_patch,3,glucose_08_c5_wG04,8,5.0,4.902972178073564,4.902972178073564,0.097027821926436,0.2713758680555556,0.28777652978897095,1.0604352253239329,0.2915497422218323,2.352075327651994,4.253025888377877,0.8667223598416944,0.5837064272120702,0.0
glucose,full_patch,3,glucose_08_c5_wG07,8,5.0,5.1360244730969296,5.1360244730969296,0.13602447309692955,0.2722439236111111,0.27775880694389343,1.0202571402132012,0.2859058976173401,2.8930066324135657,4.481275527862868,1.0626524162743491,0.6157661438017623,0.0
glucose,full_patch,3,glucose_08_c5_wG08,8,5.0,5.511701629224529,5.511701629224529,0.5117016292245289,0.2713758680555556,0.2569960653781891,0.9470114908138306,0.2589247524738312,2.859219440025574,4.853641501265916,1.0536012138854733,0.6661379013502113,0.0
glucose,full_patch,3,glucose_08_c5_wH09,8,5.0,4.9393232990065306,4.9393232990065306,0.060676700993469446,0.2670355902777778,0.2745019197463989,1.0279600537922846,0.2751449644565582,2.2119762976324115,4.2660675853239045,0.8283451263299596,0.5820292948385656,0.0
glucose,full_patch,3,glucose_08_c5_wH10,8,5.0,4.9985914215855995,4.9985914215856,0.0014085784143995639,0.2700737847222222,0.2732504606246948,1.0117622519554792,0.2767769992351532,2.152063724634146,4.323716099175665,0.796842880121667,0.5923497483276784,8.881784197001252e-16
glucose,full_patch,3,glucose_08_c5_wH12,8,5.0,4.6803379573544515,4.680337957354452,0.31966204264554765,0.2670355902777778,0.17961272597312927,0.6726171810517511,0.1805160492658615,1.9454678176763536,4.135697036647841,0.7285425196141924,0.564242544629852,8.881784197001252e-16
glucose,full_patch,3,glucose_09_c10_wA07,9,10.0,11.935984031413305,11.935984031413303,1.9359840314133034,0.2705078125,0.4724641740322113,1.7465823617652865,0.4741349518299103,9.221532939733347,10.730527657584371,3.4089710217642413,1.4709585436902808,1.7763568394002505e-15
glucose,full_patch,3,glucose_09_c10_wA08,9,10.0,10.720610453610114,10.720610453610114,0.7206104536101137,0.2687717013888889,0.4752691090106964,1.7683004072033015,0.47848331928253174,8.053449940165725,9.557077239806286,2.996390579271995,1.3069895213244507,0.0
glucose,full_patch,3,glucose_09_c10_wA10,9,10.0,10.34289865437264,10.34289865437264,0.34289865437263956,0.2670355902777778,0.4391222596168518,1.6444334598248298,0.440996378660202,7.259577355094695,9.27404150065557,2.7185804512211584,1.265278556181225,0.0
glucose,full_patch,3,glucose_09_c10_wB01,9,10.0,10.625033441668101,10.6250334416681,0.6250334416680996,0.2679036458333333,0.4299260675907135,1.604778711590124,0.4311656057834625,7.479340478497509,9.530715339061805,2.7918024240515615,1.3018389293729598,1.7763568394002505e-15
glucose,full_patch,3,glucose_09_c10_wB11,9,10.0,9.016617416032272,9.016617416032272,0.9833825839677282,0.2731119791666667,0.5015190243721008,1.8363128043755585,0.5081191062927246,6.908638168937708,7.911744023050797,2.529599100712353,1.0884405570448747,0.0
glucose,full_patch,3,glucose_09_c10_wC02,9,10.0,10.116994898998888,10.116994898998888,0.11699489899888782,0.2670355902777778,0.4553452730178833,1.7051857115533573,0.4587829113006592,7.258152777729456,9.038088710399677,2.718046972757199,1.2330869808296585,0.0
glucose,full_patch,3,glucose_09_c10_wC05,9,10.0,10.999240699607531,10.999240699607531,0.9992406996075314,0.2670355902777778,0.43333280086517334,1.6227529836543833,0.4348513185977936,8.055807934362644,9.944997392169716,3.0167544056516102,1.3568185931345094,0.0
glucose,full_patch,3,glucose_09_c10_wC10,9,10.0,11.313446430792192,11.313446430792192,1.313446430792192,0.2657335069444444,0.4138263165950775,1.5572982171254532,0.4142591655254364,7.949344120356774,10.25618452959714,2.9914722504372415,1.3967932115378638,0.0
glucose,full_patch,3,glucose_09_c10_wD05,9,10.0,11.115696656866776,11.115696656866776,1.1156966568667759,0.2687717013888889,0.47331660985946655,1.7610358806882696,0.4746057689189911,8.309013153155647,9.967693274027472,3.0914761897247653,1.3631438078859945,0.0
glucose,full_patch,3,glucose_09_c10_wD09,9,10.0,10.01756502154251,10.01756502154251,0.017565021542509385,0.2674696180555556,0.4832715392112732,1.8068277912255957,0.4859311878681183,7.784340549320158,8.91991665493399,2.9103644017255403,1.2176855560934923,0.0
glucose,full_patch,3,glucose_09_c10_wD10,9,10.0,10.969787347205752,10.969787347205752,0.9697873472057523,0.2722439236111111,0.482477605342865,1.772225432777937,0.4848720133304596,8.623302530177398,9.757379335948361,3.167491276130526,1.3407485904294036,0.0
glucose,full_patch,3,glucose_09_c10_wF04,9,10.0,9.891107090571003,9.891107090571005,0.10889290942899521,0.2713758680555556,0.49245211482048035,1.8146496162277275,0.4968154728412628,7.670466564087338,8.658008204421352,2.8265101901091123,1.1882681103789603,1.7763568394002505e-15
glucose,full_patch,3,glucose_09_c10_wG02,9,10.0,9.927063346939718,9.927063346939718,0.07293665306028174,0.2731119791666667,0.47384849190711975,1.7349971002844717,0.4779126048088074,7.394115529207338,8.796237059315063,2.7073567229707916,1.2101227159075627,0.0
glucose,full_patch,3,glucose_09_c10_wG04,9,10.0,10.566418073774654,10.566418073774654,0.5664180737746545,0.2731119791666667,0.46512848138809204,1.703068766179045,0.4680766463279724,8.090781101078607,9.465001776348767,2.9624409466643002,1.3021265318828221,0.0
glucose,full_patch,3,glucose_09_c10_wG07,9,10.0,10.195605210943684,10.195605210943684,0.19560521094368433,0.2661675347222222,0.48971793055534363,1.8398860366889715,0.49342215061187744,8.043336865890076,9.027627787969795,3.0219075644534423,1.2302028344511258,0.0
glucose,full_patch,3,glucose_09_c10_wG08,9,10.0,11.71405844041734,11.71405844041734,1.7140584404173396,0.2718098958333333,0.44329598546028137,1.630904511777227,0.4444040358066559,8.652526384782773,10.520052517585235,3.183300725036249,1.4446849054100062,0.0
glucose,full_patch,3,glucose_09_c10_wH09,9,10.0,11.712231481550457,11.712231481550456,1.7122314815504556,0.2670355902777778,0.4223782420158386,1.5817301415757694,0.42337608337402344,8.40151248052916,10.603716816190484,3.146214507133553,1.446689181021636,1.7763568394002505e-15
glucose,full_patch,3,glucose_09_c10_wH10,9,10.0,10.13544049958821,10.13544049958821,0.13544049958820992,0.2744140625,0.4800892472267151,1.74950672298988,0.48465660214424133,7.816202052063282,8.954933249613863,2.8483241641682566,1.2341657668377652,0.0
glucose,full_patch,3,glucose_09_c10_wH12,9,10.0,10.999591368781678,10.999591368781678,0.9995913687816778,0.2674696180555556,0.4833778440952301,1.8072252378018825,0.4872587025165558,8.557294466679432,9.77840954222224,3.1993519596315476,1.3348810893366934,0.0
glucose,full_patch,3,glucose_10_c15_wA07,10,15.0,17.12768047020468,17.12768047020468,2.1276804702046803,0.2679036458333333,0.3851661682128906,1.4377040932563792,0.38539016246795654,12.616612220742368,15.978207323722579,4.709384294303835,2.1825279190073705,0.0
glucose,full_patch,3,glucose_10_c15_wA08,10,15.0,16.097528543792908,16.097528543792908,1.097528543792908,0.2674696180555556,0.4054504334926605,1.515874724165663,0.4072287380695343,12.18812560338543,14.923758031198712,4.556826189079112,2.0372886093249494,0.0
glucose,full_patch,3,glucose_10_c15_wA10,10,15.0,15.302653145511218,15.302653145511218,0.30265314551121847,0.2687717013888889,0.39758506417274475,1.4792668354525698,0.39932867884635925,11.177002612147398,14.161585891239078,4.158548892755366,1.9366846056337639,0.0
glucose,full_patch,3,glucose_10_c15_wB01,10,15.0,16.247621822028783,16.247621822028783,1.2476218220287834,0.2648654513888889,0.3765438497066498,1.4216419987285884,0.37760069966316223,11.775083191699942,15.172775191992502,4.445684829770859,2.063945330913696,0.0
glucose,full_patch,3,glucose_10_c15_wB11,10,15.0,15.383144335819836,15.383144335819836,0.38314433581983565,0.2683376736111111,0.4113771617412567,1.5330577932096328,0.41259634494781494,11.525402107152985,14.175366471423802,4.295111436292839,1.9374192110431823,0.0
glucose,full_patch,3,glucose_10_c15_wC02,10,15.0,16.194873038251675,16.194873038251675,1.194873038251675,0.2679036458333333,0.38572096824645996,1.4397749871848422,0.38736215233802795,12.073793908353117,15.139722565554518,4.506767300906535,2.0679958969045567,0.0
glucose,full_patch,3,glucose_10_c15_wC05,10,15.0,15.745747896598509,15.745747896598507,0.7457478965985072,0.2674696180555556,0.40741628408432007,1.5232245331120053,0.40946802496910095,12.09406112454244,14.627158996619096,4.521657903601749,1.9967989529379588,1.7763568394002505e-15
glucose,full_patch,3,glucose_10_c15_wC10,10,15.0,17.896228415859593,17.896228415859593,2.896228415859593,0.2731119791666667,0.40693721175193787,1.4900013283694316,0.4083894193172455,13.996345253512343,16.658252031275765,5.124764316899871,2.2917219095422823,0.0
glucose,full_patch,3,glucose_10_c15_wD05,10,15.0,14.152215784373315,14.152215784373317,0.8477842156266835,0.2718098958333333,0.41931918263435364,1.5426928491649514,0.4198608994483948,10.695442320327205,13.050880475299476,3.934898060843733,1.792235351815824,1.7763568394002505e-15
glucose,full_patch,3,glucose_10_c15_wD09,10,15.0,14.71743438196782,14.71743438196782,0.28256561803218005,0.2661675347222222,0.4204901158809662,1.5797949074435322,0.4208056628704071,11.084529204200265,13.572036797697939,4.164493320257222,1.8494734751971642,0.0
glucose,full_patch,3,glucose_10_c15_wD10,10,15.0,15.438558733381708,15.438558733381708,0.4385587333817078,0.2648654513888889,0.4104328155517578,1.5495898517513313,0.41148725152015686,11.831369930673585,14.292268109318922,4.466935898446856,1.9441703748410801,0.0
glucose,full_patch,3,glucose_10_c15_wF04,10,15.0,13.583947554745478,13.583947554745478,1.4160524452545218,0.2657335069444444,0.43879052996635437,1.6512427620130348,0.44290831685066223,10.762714829079513,12.504680853947441,4.050191092886762,1.7030166802124964,0.0
glucose,full_patch,3,glucose_10_c15_wG02,10,15.0,14.554024561694451,14.554024561694453,0.4459754383055472,0.2713758680555556,0.4220740497112274,1.5553116521945907,0.4228430986404419,11.119785015050645,13.390281065132957,4.097558524538454,1.8377487758192903,1.7763568394002505e-15
glucose,full_patch,3,glucose_10_c15_wG04,10,15.0,16.18089860424259,16.18089860424259,1.1808986042425893,0.2648654513888889,0.3803679049015045,1.436079726166434,0.3817692697048187,12.033579203781631,15.213076931894589,4.543280046786216,2.0694275572596386,0.0
glucose,full_patch,3,glucose_10_c15_wG07,10,15.0,15.510812021984933,15.510812021984933,0.5108120219849326,0.2674696180555556,0.43222323060035706,1.6159713157050264,0.4338899850845337,12.051094547439615,14.36153134859661,4.505593807269919,1.9605372968251575,0.0
glucose,full_patch,3,glucose_10_c15_wG08,10,15.0,16.104951645786894,16.104951645786894,1.104951645786894,0.2679036458333333,0.411040335893631,1.5342842185482801,0.41150155663490295,12.237312807156192,14.942671148490765,4.567803759852227,2.04107984740612,0.0
glucose,full_patch,3,glucose_10_c15_wH09,10,15.0,17.84274139247106,17.84274139247106,2.8427413924710585,0.2692057291666667,0.39283785223960876,1.4592477413302032,0.39412805438041687,13.4708249449038,16.700115198945483,5.003914659098485,2.2852006187599345,0.0
glucose,full_patch,3,glucose_10_c15_wH10,10,15.0,15.90545057240912,15.90545057240912,0.9054505724091193,0.2679036458333333,0.35840117931365967,1.337798812699347,0.3588329255580902,11.40172831151759,14.93174937402858,4.25590636366732,2.0395879980887415,0.0
glucose,full_patch,3,glucose_10_c15_wH12,10,15.0,20.1300457565217,20.0,5.0,0.2687717013888889,0.4086078703403473,1.5202786164944047,0.4096253216266632,15.79506712390835,18.832122837118888,5.876759734111399,2.5754094682725577,0.0
glucose,full_patch,3,glucose_11_c20_wA07,11,20.0,19.76061451788163,19.76061451788163,0.23938548211836874,0.2709418402777778,0.39305055141448975,1.4506823715802712,0.3936759829521179,15.076000035670669,18.511982423137177,5.5642938057164955,2.5391640126749846,0.0
glucose,full_patch,3,glucose_11_c20_wA08,11,20.0,20.37824627277566,20.0,0.0,0.2731119791666667,0.3972530961036682,1.454542921609617,0.3976467549800873,15.389389069279854,18.97368948716704,5.634827559097463,2.61026305887045,0.0
glucose,full_patch,3,glucose_11_c20_wA10,11,20.0,19.42016972554056,19.42016972554056,0.5798302744594395,0.2726779513888889,0.3723396062850952,1.3654921653495573,0.3726862370967865,14.053726185628829,18.092530497774803,5.15396500305433,2.4875542453750943,0.0
glucose,full_patch,3,glucose_11_c20_wB01,11,20.0,19.213884346149694,19.21388434614969,0.7861156538503096,0.2683376736111111,0.3636132776737213,1.35505861991145,0.36365142464637756,13.687624020780369,17.952984404520347,5.100895389224095,2.4537254081574895,3.552713678800501e-15
glucose,full_patch,3,glucose_11_c20_wB11,11,20.0,19.650490076896375,19.65049007689637,0.3495099231036285,0.2692057291666667,0.3772936761379242,1.4015068598497014,0.37733522057533264,14.277854738208118,18.26238978388632,5.303696463818058,2.4989782367972735,3.552713678800501e-15
glucose,full_patch,3,glucose_11_c20_wC02,11,20.0,19.906250731230454,19.90625073123045,0.09374926876954959,0.2670355902777778,0.38550564646720886,1.443648938578544,0.3858881890773773,14.95590308773882,18.627838585904133,5.600715272515276,2.54143834800433,3.552713678800501e-15
glucose,full_patch,3,glucose_11_c20_wC05,11,20.0,19.33502257726045,19.33502257726045,0.6649774227395504,0.2726779513888889,0.40610355138778687,1.4893156902466549,0.4066338837146759,14.932928938228802,18.00151963690426,5.476397655977582,2.4750411006073345,0.0
glucose,full_patch,3,glucose_11_c20_wC10,11,20.0,20.538251979745528,20.0,0.0,0.2692057291666667,0.38716116547584534,1.4381609435813747,0.38719356060028076,15.545943207932414,19.173639433854934,5.774744562849865,2.623671284668257,0.0
glucose,full_patch,3,glucose_11_c20_wD05,11,20.0,20.774786769547426,20.0,0.0,0.2666015625,0.3834529221057892,1.438299605261275,0.3838385045528412,15.957281409575337,19.53283501908563,5.985441818097123,2.6633319653187333,0.0
glucose,full_patch,3,glucose_11_c20_wD09,11,20.0,18.932752787359362,18.93275278735936,1.0672472126406412,0.2687717013888889,0.39788147807121277,1.480369681834597,0.3981991708278656,14.437916394174241,17.614874558981114,5.371814190097288,2.408943225041845,3.552713678800501e-15
glucose,full_patch,3,glucose_11_c20_wD10,11,20.0,19.60969263813102,19.60969263813102,0.39030736186898096,0.2731119791666667,0.3969554305076599,1.4534530184976533,0.39755111932754517,15.209358817970147,18.343921905953014,5.568909450393837,2.52362418697213,0.0
glucose,full_patch,3,glucose_11_c20_wF04,11,20.0,20.138001124428502,20.0,0.0,0.2709418402777778,0.4008084535598755,1.4793154617572337,0.40114957094192505,15.658648816056775,18.831409481653985,5.779339506959522,2.582977672018502,3.552713678800501e-15
glucose,full_patch,3,glucose_11_c20_wG02,11,20.0,16.444218884074594,16.444218884074594,3.555781115925406,0.2709418402777778,0.4070059061050415,1.5021891993047907,0.4075322151184082,12.21684049467466,15.179063286610003,4.509026912251569,2.0820099307843103,0.0
glucose,full_patch,3,glucose_11_c20_wG04,11,20.0,20.111707130603705,20.0,0.0,0.2687717013888889,0.4015882909297943,1.49416136019741,0.401748925447464,15.397400303355091,18.732675574450624,5.728802632043623,2.561809438998916,0.0
glucose,full_patch,3,glucose_11_c20_wG07,11,20.0,19.18165309184283,19.18165309184283,0.8183469081571708,0.2709418402777778,0.4234673082828522,1.5629454197576154,0.4238649904727936,15.105433921392638,17.786498383216706,5.575157349601704,2.439654250628444,0.0
glucose,full_patch,3,glucose_11_c20_wG08,11,20.0,21.284125468345213,20.0,0.0,0.2674696180555556,0.4215482771396637,1.5760604146527952,0.42232805490493774,17.052345900292238,19.82827070801727,6.375432852620416,2.7068188837962848,0.0
glucose,full_patch,3,glucose_11_c20_wH09,11,20.0,20.37531471190263,20.0,0.0,0.2666015625,0.39415520429611206,1.4784429640997023,0.39439502358436584,15.372404322474807,18.946879760268594,5.766059350261613,2.583436068510658,0.0
glucose,full_patch,3,glucose_11_c20_wH10,11,20.0,20.662052800211306,20.0,0.0,0.2731119791666667,0.38273000717163086,1.401366605519964,0.3828730881214142,15.483985752282805,19.266507625310275,5.669464151491392,2.6505468618429546,3.552713678800501e-15
glucose,full_patch,3,glucose_11_c20_wH12,11,20.0,22.670285358074434,20.0,0.0,0.2674696180555556,0.3683817684650421,1.3772845347561167,0.36849746108055115,16.54681426275326,21.269137532548733,6.186427596167709,2.9035160939115556,3.552713678800501e-15
glucose,full_patch,4,glucose_01_c0_wA01,1,0.0,0.14343021240117348,0.1434302124011734,0.1434302124011734,0.2713758680555556,0.47467753291130066,1.7491515966855444,,2.6013862073735727,3.3309728424523337,0.9585915748562512,0.45715928095369635,8.326672684688674e-17
glucose,full_patch,4,glucose_01_c0_wA02,1,0.0,0.20267878858633548,0.2026787885863354,0.2026787885863354,0.2709418402777778,0.4604479670524597,1.6994347073910567,,2.3651709023997776,3.381907542132662,0.8729441344219604,0.46387349171446074,8.326672684688674e-17
glucose,full_patch,4,glucose_01_c0_wA03,1,0.0,0.2566605061382612,0.2566605061382612,0.2566605061382612,0.2661675347222222,0.43687936663627625,1.641369850354636,0.0,2.2262109212445114,3.427649142293891,0.8363946127268413,0.46708878449475827,0.0
glucose,full_patch,4,glucose_01_c0_wB03,1,0.0,0.4347422816159163,0.4347422816159163,0.4347422816159163,0.2731119791666667,0.4842280447483063,1.7730018515694836,,2.4434174772435076,3.1644242650306946,0.8946577461373129,0.43533861810005803,0.0
glucose,full_patch,4,glucose_01_c0_wB06,1,0.0,0.2292985623724153,0.2292985623724153,0.2292985623724153,0.2683376736111111,0.4629778265953064,1.7253552971703776,,2.4629249214434448,3.3574113539619708,0.9178453730700683,0.4588744333103,0.0
glucose,full_patch,4,glucose_01_c0_wB07,1,0.0,0.02679644817747384,0.0267964481774738,0.0267964481774738,0.2731119791666667,0.44273820519447327,1.6210867298658185,,2.332362529903659,3.513850254368453,0.8539949573139499,0.4834101200814998,4.163336342344337e-17
glucose,full_patch,4,glucose_01_c0_wC06,1,0.0,0.011911639956661446,0.0119116399566614,0.0119116399566614,0.2713758680555556,0.4621207118034363,1.7028806397362928,0.0,2.5687321218233565,3.453916644143492,0.9465587858746123,0.4740326998127539,4.683753385137379e-17
glucose,full_patch,4,glucose_01_c0_wC07,1,0.0,0.31408750096214,0.31408750096214,0.31408750096214,0.2726779513888889,0.4913276731967926,1.801860659045619,,2.6727336672363995,3.146388917374584,0.9801796051432812,0.43259913863231636,0.0
glucose,full_patch,4,glucose_01_c0_wD11,1,0.0,0.7190662471209581,0.7190662471209581,0.7190662471209581,0.2722439236111111,0.5357545018196106,1.9679208803385937,0.0,2.957453901342494,2.8814995328150275,1.0863250360610772,0.39594304002420305,0.0
glucose,full_patch,4,glucose_01_c0_wD12,1,0.0,0.3388335344452251,0.3388335344452251,0.3388335344452251,0.2718098958333333,0.5224853754043579,1.9222455966972307,,3.0406906137164897,3.150918383946378,1.118682822196055,0.43270546604753124,0.0
glucose,full_patch,4,glucose_01_c0_wE04,1,0.0,0.3924851774728877,0.3924851774728877,0.3924851774728877,0.2679036458333333,0.4701026380062103,1.7547452052917112,,2.487535381494068,3.195642785204277,0.928518674599001,0.4365057641684099,0.0
glucose,full_patch,4,glucose_01_c0_wE12,1,0.0,-0.03628401850408025,0.0,0.0,0.2670355902777778,0.4750346541404724,1.7789188836077179,,2.672607251480726,3.5545204923878986,1.0008430893801858,0.48495130803622316,4.85722573273506e-17
glucose,full_patch,4,glucose_01_c0_wF07,1,0.0,0.23874211794113975,0.2387421179411397,0.2387421179411397,0.2679036458333333,0.47086694836616516,1.7575981353351877,,2.595287791871913,3.2734131608549806,0.9687392583998199,0.44712873411056026,5.551115123125783e-17
glucose,full_patch,4,glucose_01_c0_wF08,1,0.0,0.5880186977912878,0.5880186977912878,0.5880186977912878,0.2731119791666667,0.4914407730102539,1.7994112689958282,0.0,2.7062387199482343,2.860292543251017,0.9908897911419519,0.3934983740648063,0.0
glucose,full_patch,4,glucose_01_c0_wF09,1,0.0,0.49557633036515014,0.4955763303651501,0.4955763303651501,0.2713758680555556,0.49870359897613525,1.8376858729164582,0.0,2.6091907378770034,3.1166207940324373,0.961467486616332,0.4277405396545487,5.551115123125783e-17
glucose,full_patch,4,glucose_01_c0_wF11,1,0.0,0.6305501340781241,0.6305501340781241,0.6305501340781241,0.2679036458333333,0.5089525580406189,1.8997597306206335,0.0,2.725107913891967,2.9479137920076246,1.0171970244806954,0.4026674597175377,0.0
glucose,full_patch,4,glucose_01_c0_wG01,1,0.0,0.5726787928500503,0.5726787928500503,0.5726787928500503,0.2648654513888889,0.4532875418663025,1.7113879499548725,,2.3131769979508476,3.1659131838286223,0.8733404020120856,0.43065765169246617,0.0
glucose,full_patch,4,glucose_01_c0_wG05,1,0.0,0.24213961602984568,0.2421396160298456,0.2421396160298456,0.2726779513888889,0.4897359013557434,1.7960231066034744,0.0,2.654591314117809,3.219689948592413,0.9735262057664038,0.44267734695252386,8.326672684688674e-17
glucose,full_patch,4,glucose_01_c0_wH07,1,0.0,0.47306357553899137,0.4730635755389913,0.4730635755389913,0.2722439236111111,0.523328423500061,1.9222777006682195,,2.889974365443424,2.8185275646954304,1.061538611077186,0.3872901451652466,5.551115123125783e-17
glucose,full_patch,4,glucose_02_c0.01_wA01,2,0.01,-0.13846020003716664,0.0,0.01,0.2666015625,0.4391961097717285,1.6473876058836996,,2.481927698020338,3.590282116108493,0.9309501695138559,0.4895404643002792,2.7755575615628914e-17
glucose,full_patch,4,glucose_02_c0.01_wA02,2,0.01,0.13634336504609568,0.1363433650460956,0.12634336504609558,0.2731119791666667,0.49189493060112,1.8010741678267468,,2.821366743119905,3.242365550801471,1.0330439374093383,0.44606121684111605,8.326672684688674e-17
glucose,full_patch,4,glucose_02_c0.01_wA03,2,0.01,-0.2625773788368919,0.0,0.01,0.2700737847222222,0.458209753036499,1.696609515461782,,2.6601267315768777,3.603372019678667,0.9849629553319609,0.4936625023540746,0.0
glucose,full_patch,4,glucose_02_c0.01_wB03,2,0.01,-0.20445161345802898,0.0,0.01,0.2679036458333333,0.45158377289772034,1.6856201097713208,,2.6009607735627465,3.6023687563704496,0.9708568039349645,0.4920621084735447,8.326672684688674e-17
glucose,full_patch,4,glucose_02_c0.01_wB06,2,0.01,-0.958894472761239,0.0,0.01,0.2683376736111111,0.44095343351364136,1.6432781412299713,,2.801527830836194,3.9610491753432493,1.0440307516775724,0.5413766750699005,0.0
glucose,full_patch,4,glucose_02_c0.01_wB07,2,0.01,-0.2831399466668616,0.0,0.01,0.2709418402777778,0.484726220369339,1.7890415886759423,,2.9061065089668716,3.4695717921541918,1.0725942165253781,0.47589780676429577,0.0
glucose,full_patch,4,glucose_02_c0.01_wC06,2,0.01,0.15438558095979804,0.154385580959798,0.144385580959798,0.2713758680555556,0.5126604437828064,1.889115813635483,,3.022296125866307,3.1342968024145463,1.1136937663328224,0.4301664829642958,2.7755575615628914e-17
glucose,full_patch,4,glucose_02_c0.01_wC07,2,0.01,-0.016330635260506376,0.0,0.01,0.2674696180555556,0.5159882307052612,1.9291470726895281,,3.110471214988717,3.21516695211835,1.162925059526816,0.4389124371311319,7.632783294297951e-17
glucose,full_patch,4,glucose_02_c0.01_wD11,2,0.01,-0.4178445943142126,0.0,0.01,0.2709418402777778,0.46656090021133423,1.7219964983370668,,2.8306482476254518,3.6329067218026605,1.0447438626398142,0.49830135954953597,0.0
glucose,full_patch,4,glucose_02_c0.01_wD12,2,0.01,0.0854246913001484,0.0854246913001484,0.07542469130014841,0.2679036458333333,0.4967900514602661,1.854360921125076,,2.910716602910395,3.348321065729377,1.086478906942981,0.45736070759985087,0.0
glucose,full_patch,4,glucose_02_c0.01_wE04,2,0.01,0.015594618665267568,0.0155946186652675,0.0055946186652675,0.2713758680555556,0.5120788812637329,1.8869727987711165,,3.1316997051851887,3.1395374820369613,1.1540081760490484,0.43088573990249646,6.765421556309548e-17
glucose,full_patch,4,glucose_02_c0.01_wE12,2,0.01,-0.02282820602220692,0.0,0.01,0.2661675347222222,0.4720431864261627,1.773481453772326,,2.7357745170118437,3.480526463933061,1.0278392967297656,0.474294423948057,2.0816681711721685e-17
glucose,full_patch,4,glucose_02_c0.01_wF07,2,0.01,0.13094949341739515,0.1309494934173951,0.1209494934173951,0.2731119791666667,0.5149756073951721,1.8855841071727875,,3.050147209020642,3.084515970009628,1.116811945901241,0.4243454124437787,5.551115123125783e-17
glucose,full_patch,4,glucose_02_c0.01_wF08,2,0.01,-0.13728124869055236,0.0,0.01,0.2713758680555556,0.49851587414741516,1.8369941208087075,,3.017207443770596,3.248351983842397,1.1118186246217436,0.4458199833669625,5.551115123125783e-17
glucose,full_patch,4,glucose_02_c0.01_wF09,2,0.01,-0.48404185638289654,0.0,0.01,0.2679036458333333,0.4709247648715973,1.757813946154978,,2.9146984005942227,3.594249181877486,1.0879651867102615,0.4909530229758843,5.551115123125783e-17
glucose,full_patch,4,glucose_02_c0.01_wF11,2,0.01,0.03422053693430094,0.0342205369343009,0.0242205369343009,0.2648654513888889,0.48532697558403015,1.8323528910210658,,2.8240328215450754,3.292438831623846,1.0662141123867028,0.44786887486709026,3.469446951953614e-17
glucose,full_patch,4,glucose_02_c0.01_wG01,2,0.01,-0.08700639943885502,0.0,0.01,0.2709418402777778,0.45331135392189026,1.6730946887241251,,2.5066343136772447,3.518642307368175,0.9251558604264912,0.4826284790103454,1.3877787807814457e-17
glucose,full_patch,4,glucose_02_c0.01_wG05,2,0.01,0.06633650943320202,0.066336509433202,0.056336509433202,0.2744140625,0.49182504415512085,1.7922734705154582,,2.843146883802947,3.0993669346423056,1.0360791491153798,0.4271536663625466,1.3877787807814457e-17
glucose,full_patch,4,glucose_02_c0.01_wH07,2,0.01,0.06150165424848808,0.061501654248488,0.051501654248487995,0.2713758680555556,0.4913733899593353,1.8106745949081304,,3.03574158619181,3.1448049379099885,1.1186483190061463,0.43160867174651457,8.326672684688674e-17
glucose,full_patch,4,glucose_03_c0.05_wA01,3,0.05,0.0829907400735852,0.0829907400735852,0.0329907400735852,0.2683376736111111,0.45429953932762146,1.693014377049478,,2.479234146564801,3.4316124255442118,0.9239232468556898,0.4690158699957802,0.0
glucose,full_patch,4,glucose_03_c0.05_wA02,3,0.05,-0.011379119236698543,0.0,0.05,0.2674696180555556,0.4543406665325165,1.698662711060313,,2.418777155203356,3.482621979278292,0.9043184690610193,0.4754235544516182,4.336808689942018e-17
glucose,full_patch,4,glucose_03_c0.05_wA03,3,0.05,0.013841918959831112,0.0138419189598311,0.036158081040168905,0.2674696180555556,0.457984060049057,1.7122844208568393,,2.397348191517178,3.359249956657287,0.8963067315627713,0.4585816560591551,1.214306433183765e-17
glucose,full_patch,4,glucose_03_c0.05_wB03,3,0.05,0.200994572376886,0.200994572376886,0.15099457237688602,0.2648654513888889,0.4469541609287262,1.6874762585494225,0.0,2.218697843758887,3.3207355552019227,0.837669779929615,0.451718064601342,0.0
glucose,full_patch,4,glucose_03_c0.05_wB06,3,0.05,-0.12308963678667872,0.0,0.05,0.2648654513888889,0.46030929684638977,1.7378985988268447,,2.662487023229268,3.5259945282702025,1.0052224664514926,0.47963934424410604,2.7755575615628914e-17
glucose,full_patch,4,glucose_03_c0.05_wB07,3,0.05,0.010966408448096487,0.0109664084480964,0.0390335915519036,0.2713758680555556,0.4820917248725891,1.7764723456320595,,2.639087168234161,3.2764552017283233,0.9724841000578179,0.4496770087733169,8.673617379884035e-17
glucose,full_patch,4,glucose_03_c0.05_wC06,3,0.05,0.017344133091819813,0.0173441330918198,0.0326558669081802,0.2657335069444444,0.4891252815723419,1.8406609207720308,,2.833187313055157,3.3340811769424326,1.0661761648475432,0.4540696339101738,1.3877787807814457e-17
glucose,full_patch,4,glucose_03_c0.05_wC07,3,0.05,-0.13946953528325423,0.0,0.05,0.2648654513888889,0.4680963456630707,1.7672986159897006,,2.658432163211059,3.526881827519081,1.0036915533041015,0.47976004313528936,2.7755575615628914e-17
glucose,full_patch,4,glucose_03_c0.05_wD11,3,0.05,-0.046115779936684476,0.0,0.05,0.2718098958333333,0.468498557806015,1.723625831832429,,2.5202977665263107,3.392778799420779,0.9272281124274045,0.465919377372402,7.632783294297951e-17
glucose,full_patch,4,glucose_03_c0.05_wD12,3,0.05,-0.2336267772280909,0.0,0.05,0.2718098958333333,0.4590325951576233,1.6888001584721184,0.0,2.5305107660252393,3.4501565219619357,0.9309855177520403,0.4737988750767575,0.0
glucose,full_patch,4,glucose_03_c0.05_wE04,3,0.05,0.02669730637223644,0.0266973063722364,0.023302693627763604,0.2674696180555556,0.47738969326019287,1.7848370844162016,0.0,2.6188172479015774,3.3910997592895162,0.979108306558253,0.4629295716429001,4.163336342344337e-17
glucose,full_patch,4,glucose_03_c0.05_wE12,3,0.05,0.05115109051779587,0.0511510905177958,0.0011510905177957997,0.2713758680555556,0.4786015450954437,1.7636112913233142,0.0,2.6210722262708948,3.2509834223597123,0.9658457272016219,0.44618113507769336,6.938893903907228e-17
glucose,full_patch,4,glucose_03_c0.05_wF07,3,0.05,-0.22023307768443878,0.0,0.05,0.2705078125,0.44768208265304565,1.6549691430928475,,2.430321800355358,3.5489772112715867,0.8984294308894899,0.4864996873282603,8.326672684688674e-17
glucose,full_patch,4,glucose_03_c0.05_wF08,3,0.05,0.11010821368515256,0.1101082136851525,0.0601082136851525,0.2679036458333333,0.5110303163528442,1.907515348524833,,2.9722311068610354,3.1845707558065572,1.1094403353921145,0.4349933909220873,5.551115123125783e-17
glucose,full_patch,4,glucose_03_c0.05_wF09,3,0.05,0.2536958078177989,0.2536958078177989,0.2036958078177989,0.2679036458333333,0.49580949544906616,1.850700814118507,,2.798232858911538,3.172894021120871,1.0444922651975996,0.4333984185363857,0.0
glucose,full_patch,4,glucose_03_c0.05_wF11,3,0.05,0.05787202896117538,0.0578720289611753,0.007872028961175295,0.2718098958333333,0.4717485010623932,1.7355825092978108,,2.4963295383304964,3.3462223651052625,0.9184101008085372,0.4595259323023409,8.326672684688674e-17
glucose,full_patch,4,glucose_03_c0.05_wG01,3,0.05,-0.11189537231182012,0.0,0.05,0.2674696180555556,0.46589744091033936,1.7418705133588994,,2.6884548102439596,3.4751254254268735,1.0051439972092628,0.4744001765773081,1.3877787807814457e-17
glucose,full_patch,4,glucose_03_c0.05_wG05,3,0.05,-0.017777548193162573,0.0,0.05,0.2674696180555556,0.4558596611022949,1.7043418404538537,,2.5752539803365404,3.4805720532370756,0.9628211230337345,0.4751437126741652,7.28583859910259e-17
glucose,full_patch,4,glucose_03_c0.05_wH07,3,0.05,-0.17772274387020293,0.0,0.05,0.2744140625,0.4865785241127014,1.7731544793288478,,2.774636113865468,3.3683786673164082,1.0111129468321136,0.46422876922368805,2.7755575615628914e-17
glucose,full_patch,4,glucose_04_c0.1_wA01,4,0.1,0.06900139337879008,0.06900139337879,0.030998606621210012,0.2739800347222222,0.4304393529891968,1.5710610206528466,,2.246570626625613,3.4722173653465522,0.8199760354448179,0.4782537025711228,8.326672684688674e-17
glucose,full_patch,4,glucose_04_c0.1_wA02,4,0.1,0.2770303645958023,0.2770303645958023,0.17703036459580232,0.2705078125,0.4409295320510864,1.630006645560695,,2.3192415698643747,3.391536739736294,0.8573658366574439,0.4649174861432349,0.0
glucose,full_patch,4,glucose_04_c0.1_wA03,4,0.1,-0.01765889655476638,0.0,0.1,0.2648654513888889,0.40925949811935425,1.5451599896222732,,2.234772751802403,3.6626846000613864,0.8437388644248646,0.49823322913897766,7.979727989493313e-17
glucose,full_patch,4,glucose_04_c0.1_wB03,4,0.1,0.04425934149430866,0.0442593414943086,0.055740658505691404,0.2718098958333333,0.42726030945777893,1.5719085876099366,,2.3022823487709325,3.5072274623306607,0.8470193263981204,0.4816362433741524,5.551115123125783e-17
glucose,full_patch,4,glucose_04_c0.1_wB06,4,0.1,0.2241491608979942,0.2241491608979942,0.12414916089799419,0.2683376736111111,0.4571712613105774,1.703716273448557,,2.448277018339565,3.4585458497603128,0.9123866154879674,0.4726969976477984,0.0
glucose,full_patch,4,glucose_04_c0.1_wB07,4,0.1,0.1921968321017138,0.1921968321017138,0.09219683210171378,0.2705078125,0.4621068835258484,1.7082940387381544,,2.4690886351622092,3.316355398577774,0.9127605640455243,0.45461150309821163,0.0
glucose,full_patch,4,glucose_04_c0.1_wC06,4,0.1,-0.41190484551691764,0.0,0.1,0.2713758680555556,0.4373985230922699,1.6117812030461252,,2.5437368402676666,3.76695679463953,0.9373482095124677,0.5169958871094253,5.551115123125783e-17
glucose,full_patch,4,glucose_04_c0.1_wC07,4,0.1,0.10205503234890845,0.1020550323489084,0.0020550323489084005,0.2661675347222222,0.483566015958786,1.8167730954244485,,2.8715008428609545,3.3219600958525515,1.078832114464189,0.45268644452723816,4.163336342344337e-17
glucose,full_patch,4,glucose_04_c0.1_wD11,4,0.1,0.052873928233702294,0.0528739282337022,0.04712607176629781,0.2726779513888889,0.4791768193244934,1.7572994695163275,,2.816475548314947,3.3126087142915064,1.0328944947580798,0.455452810844555,9.71445146547012e-17
glucose,full_patch,4,glucose_04_c0.1_wD12,4,0.1,-0.17645778999374429,0.0,0.1,0.2744140625,0.46745795011520386,1.7034766580710632,,2.7068310822805293,3.424479192565398,0.9864039246460007,0.47196052398209526,8.326672684688674e-17
glucose,full_patch,4,glucose_04_c0.1_wE04,4,0.1,0.09998420291502175,0.0999842029150217,1.5797084978300124e-05,0.2722439236111111,0.4816453754901886,1.7691685055869184,,2.868494337755151,3.2375032225863905,1.0536486176465316,0.44486103622120443,4.163336342344337e-17
glucose,full_patch,4,glucose_04_c0.1_wE12,4,0.1,0.07753157022778101,0.077531570227781,0.02246842977221901,0.2731119791666667,0.4818544387817383,1.764310889079261,,2.785612186736833,3.2071735943011297,1.0199524001973244,0.4412197618313064,1.3877787807814457e-17
glucose,full_patch,4,glucose_04_c0.1_wF07,4,0.1,0.16918478481062582,0.1691847848106258,0.06918478481062579,0.2683376736111111,0.4652853012084961,1.733954442352406,,2.6879786110509336,3.3136855376339307,1.0017149567102872,0.4528982042834689,2.7755575615628914e-17
glucose,full_patch,4,glucose_04_c0.1_wF08,4,0.1,0.3326079068681702,0.3326079068681702,0.2326079068681702,0.2726779513888889,0.47156772017478943,1.729394392809733,,2.6645737790575716,3.151022900909731,0.9771871049659603,0.43323626816028765,0.0
glucose,full_patch,4,glucose_04_c0.1_wF09,4,0.1,0.18819293654563385,0.1881929365456338,0.08819293654563379,0.2726779513888889,0.481618732213974,1.7662547696315098,,2.838688289686303,3.1732605272723604,1.0410406397830867,0.436293734437447,5.551115123125783e-17
glucose,full_patch,4,glucose_04_c0.1_wF11,4,0.1,0.207009971547655,0.207009971547655,0.10700997154765499,0.2731119791666667,0.49385371804237366,1.8082462715449008,,2.8806123331061144,3.158988984776514,1.0547367207749683,0.43459087152859166,0.0
glucose,full_patch,4,glucose_04_c0.1_wG01,4,0.1,0.13690516860910584,0.1369051686091058,0.03690516860910578,0.2687717013888889,0.409819096326828,1.5247851399871,,2.125063783870602,3.4973001425315617,0.7906575628644114,0.4782774612490113,5.551115123125783e-17
glucose,full_patch,4,glucose_04_c0.1_wG05,4,0.1,0.07715252204068968,0.0771525220406896,0.0228474779593104,0.2705078125,0.46410149335861206,1.7156676144376128,,2.5840003579897233,3.3129891560381095,0.9552405655528797,0.45415005298300193,6.938893903907228e-17
glucose,full_patch,4,glucose_04_c0.1_wH07,4,0.1,0.6115666682544605,0.6115666682544605,0.5115666682544605,0.2674696180555556,0.5144573450088501,1.9234234854367391,,2.95382407697525,2.8257561569608067,1.1043587299555337,0.38575275874019843,0.0
glucose,full_patch,4,glucose_05_c0.5_wA01,5,0.5,0.3849034174113459,0.3849034174113459,0.11509658258865407,0.2705078125,0.46788641810417175,1.7296595384067577,,2.5497976296625198,3.2995146300427978,0.9425966688716318,0.4523029425922122,0.0
glucose,full_patch,4,glucose_05_c0.5_wA02,5,0.5,0.3114289875743177,0.3114289875743177,0.1885710124256823,0.2731119791666667,0.4744451940059662,1.7371819260862074,,2.530264305071657,3.267010153060122,0.9264567276734363,0.4494516430900446,0.0
glucose,full_patch,4,glucose_05_c0.5_wA03,5,0.5,0.5051536676469661,0.5051536676469661,0.00515366764696612,0.2679036458333333,0.46068692207336426,1.7195993008619381,,2.485214109507995,3.222879408154065,0.9276522168175653,0.4402261245820048,0.0
glucose,full_patch,4,glucose_05_c0.5_wB03,5,0.5,0.4290454103334591,0.4290454103334591,0.07095458966654089,0.2687717013888889,0.4654201865196228,1.7316562127431747,,2.4513995870446723,3.26176270472008,0.9120750340816997,0.44606625740763106,0.0
glucose,full_patch,4,glucose_05_c0.5_wB06,5,0.5,0.40879579615375583,0.4087957961537558,0.09120420384624423,0.2670355902777778,0.47188007831573486,1.7671055675570144,,2.5697221463162148,3.3063708432987444,0.9623144778728255,0.45109568751800494,5.551115123125783e-17
glucose,full_patch,4,glucose_05_c0.5_wB07,5,0.5,0.3232587151863582,0.3232587151863582,0.17674128481364182,0.2692057291666667,0.4622340798377991,1.7170291333273502,,2.457371785870589,3.3558191126802726,0.9128229898663179,0.4592016175569621,0.0
glucose,full_patch,4,glucose_05_c0.5_wC06,5,0.5,0.4927199315267137,0.4927199315267137,0.0072800684732863274,0.2722439236111111,0.49560824036598206,1.820456573620124,,2.7493081697464232,3.2189642027068874,1.0098694337338796,0.44231361401739494,0.0
glucose,full_patch,4,glucose_05_c0.5_wC07,5,0.5,0.8049799873162842,0.8049799873162842,0.3049799873162842,0.2657335069444444,0.49621906876564026,1.8673560382785386,,2.8021179037492914,3.09561716461712,1.0544842221704154,0.42159314007848947,0.0
glucose,full_patch,4,glucose_05_c0.5_wD11,5,0.5,0.6370656220335427,0.6370656220335427,0.13706562203354267,0.2713758680555556,0.5064743161201477,1.8663203907889967,,2.7581900212921027,3.0536188643833455,1.0163726204009604,0.419093841461756,0.0
glucose,full_patch,4,glucose_05_c0.5_wD12,5,0.5,0.6215365911586206,0.6215365911586206,0.12153659115862059,0.2722439236111111,0.5088140964508057,1.8689640147033182,,2.7848715098565426,3.034560345425998,1.0229324764781946,0.416974923862323,0.0
glucose,full_patch,4,glucose_05_c0.5_wE04,5,0.5,0.5746277853666584,0.5746277853666584,0.07462778536665837,0.2726779513888889,0.4971749186515808,1.8233044370445557,,2.8158067392894575,3.1369160970561203,1.0326492204254532,0.43129671416483967,0.0
glucose,full_patch,4,glucose_05_c0.5_wE12,5,0.5,0.40663856603016324,0.4066385660301632,0.09336143396983682,0.2670355902777778,0.47183287143707275,1.7669287863324106,0.0,2.46272524427346,3.2704471685149725,0.9222460727844051,0.4461945389346261,5.551115123125783e-17
glucose,full_patch,4,glucose_05_c0.5_wF07,5,0.5,0.574986129241009,0.574986129241009,0.074986129241009,0.2648654513888889,0.4958183765411377,1.871963194675594,0.0,2.80365858332907,3.1328308773485563,1.0585218149922453,0.4261574814117239,0.0
glucose,full_patch,4,glucose_05_c0.5_wF08,5,0.5,0.39949995789323545,0.3994999578932354,0.10050004210676461,0.2670355902777778,0.467968612909317,1.7524578368843013,,2.561503728637909,3.3298728262980424,0.9592368290583898,0.4543021164642896,5.551115123125783e-17
glucose,full_patch,4,glucose_05_c0.5_wF09,5,0.5,0.6848408236817125,0.6848408236817125,0.1848408236817125,0.2674696180555556,0.4961331784725189,1.8549141471816364,,2.741024155231118,3.1178667357755616,1.0247983210795124,0.4256296820753604,0.0
glucose,full_patch,4,glucose_05_c0.5_wF11,5,0.5,0.8267513684823973,0.8267513684823973,0.3267513684823973,0.2718098958333333,0.5051320195198059,1.858401873011789,0.0,2.5289950709767,2.9155764426263477,0.9304278871904699,0.40038671576880375,0.0
glucose,full_patch,4,glucose_05_c0.5_wG01,5,0.5,0.24298690021275515,0.2429869002127551,0.2570130997872449,0.2648654513888889,0.44779112935066223,1.690636234369399,,2.389713476194204,3.4758525648719107,0.9022367634824164,0.47281855701637676,5.551115123125783e-17
glucose,full_patch,4,glucose_05_c0.5_wG05,5,0.5,0.12778093724841355,0.1277809372484135,0.3722190627515865,0.2679036458333333,0.46879658102989197,1.7498701056182604,0.0,2.6239101106758227,3.429218987083443,0.9794230692583388,0.4684108816505263,5.551115123125783e-17
glucose,full_patch,4,glucose_05_c0.5_wH07,5,0.5,0.5752576742657949,0.5752576742657949,0.07525767426579488,0.2713758680555556,0.511224091053009,1.8838229600737828,0.0,2.761916598505421,2.976118540657951,1.017745836538423,0.4084573115518046,0.0
glucose,full_patch,4,glucose_06_c1_wA01,6,1.0,0.38943606926202357,0.3894360692620235,0.6105639307379764,0.2683376736111111,0.4302281439304352,1.6033087644411204,,2.2204706505372713,3.3316163683266886,0.8274912056349168,0.45534890183151067,5.551115123125783e-17
glucose,full_patch,4,glucose_06_c1_wA02,6,1.0,0.5306267410351229,0.5306267410351229,0.46937325896487714,0.2709418402777778,0.4452069103717804,1.6431825734827104,,2.185197469425411,3.2490677757314126,0.8065190179505242,0.4456527551888778,0.0
glucose,full_patch,4,glucose_06_c1_wA03,6,1.0,0.47245598359203633,0.4724559835920363,0.5275440164079637,0.2648654513888889,0.4407353103160858,1.6639969765969056,,2.139655347354237,3.3742325131238236,0.8078272708405017,0.45899523012471083,5.551115123125783e-17
glucose,full_patch,4,glucose_06_c1_wB03,6,1.0,0.4688534331752292,0.4688534331752292,0.5311465668247708,0.2722439236111111,0.46888357400894165,1.7222921554668817,,2.471317135900811,3.2282707912836384,0.9077584186712585,0.44359242004577326,0.0
glucose,full_patch,4,glucose_06_c1_wB06,6,1.0,0.49394228229811077,0.4939422822981107,0.5060577177018892,0.2648654513888889,0.4721187651157379,1.7824852680486032,0.0,2.4455344932212,3.1292250421129006,0.9233119987516011,0.42566698137435416,5.551115123125783e-17
glucose,full_patch,4,glucose_06_c1_wB07,6,1.0,0.09348822479276198,0.0934882247927619,0.9065117752072381,0.2661675347222222,0.4418908655643463,1.660198213225037,0.0,2.4775479395560502,3.504387786206361,0.9308227399489833,0.4775460274682511,6.938893903907228e-17
glucose,full_patch,4,glucose_06_c1_wC06,6,1.0,0.617018273062917,0.617018273062917,0.382981726937083,0.2687717013888889,0.5060009956359863,1.882642380210436,,2.7172647618820784,2.976486340828986,1.010993623153219,0.4070529472782302,0.0
glucose,full_patch,4,glucose_06_c1_wC07,6,1.0,0.386259151735973,0.386259151735973,0.613740848264027,0.2744140625,0.4800431728363037,1.749338822008452,,2.6370565529461727,3.194255297630783,0.9609771922480003,0.44023114734507707,0.0
glucose,full_patch,4,glucose_06_c1_wD11,6,1.0,0.5268943905038297,0.5268943905038297,0.4731056094961703,0.2683376736111111,0.49172142148017883,1.8324725517029228,0.0,2.582362328324079,3.128122437919516,0.9623554879836114,0.42753635455830136,0.0
glucose,full_patch,4,glucose_06_c1_wD12,6,1.0,0.6905998079023901,0.6905998079023901,0.30940019209760994,0.2713758680555556,0.5126457810401917,1.889061782513557,,2.6662123064230405,2.932712844857664,0.9824795128346558,0.4025000979628925,0.0
glucose,full_patch,4,glucose_06_c1_wE04,6,1.0,0.6911946587338127,0.6911946587338127,0.3088053412661873,0.2739800347222222,0.4937692880630493,1.802209013381807,0.0,2.580638594748487,3.0658078317294235,0.9419075362060222,0.4222759673773482,0.0
glucose,full_patch,4,glucose_06_c1_wE12,6,1.0,0.6481424293495861,0.6481424293495861,0.3518575706504139,0.2648654513888889,0.4809834659099579,1.8159539622393166,0.0,2.530408638021049,3.1822698895133303,0.9553562477673898,0.43288264652036684,0.0
glucose,full_patch,4,glucose_06_c1_wF07,6,1.0,0.7948977833314936,0.7948977833314936,0.20510221666850637,0.2705078125,0.5033742189407349,1.8608490981780235,,2.520809700566807,2.9367279884297997,0.9318805535669352,0.4025715475437905,0.0
glucose,full_patch,4,glucose_06_c1_wF08,6,1.0,0.773235099807267,0.773235099807267,0.226764900192733,0.2683376736111111,0.49541595578193665,1.84624077981655,0.0,2.4627722271369854,2.9947407759482765,0.9177884692800025,0.40930640651252137,0.0
glucose,full_patch,4,glucose_06_c1_wF09,6,1.0,0.6951663033412006,0.6951663033412006,0.30483369665879945,0.2648654513888889,0.4936240315437317,1.8636784410925977,0.0,2.5433665515975044,3.0685800197573876,0.9602485104269808,0.4174174680750418,0.0
glucose,full_patch,4,glucose_06_c1_wF11,6,1.0,0.7538960772282746,0.7538960772282746,0.24610392277172544,0.2713758680555556,0.5116245746612549,1.8852987125462313,,2.565198154442502,2.9106195514444257,0.9452565450356697,0.39946790448416725,0.0
glucose,full_patch,4,glucose_06_c1_wG01,6,1.0,0.720132917386942,0.720132917386942,0.27986708261305804,0.2683376736111111,0.4590502977371216,1.7107187804065154,,2.213969894496688,3.2016573880553247,0.8250686028176901,0.43758674904816663,0.0
glucose,full_patch,4,glucose_06_c1_wG05,6,1.0,0.46721858878846945,0.4672185887884694,0.5327814112115306,0.2687717013888889,0.478715717792511,1.7811239625255475,0.0,2.499518400652358,3.203199560734579,0.9299782632382775,0.4380573846524689,5.551115123125783e-17
glucose,full_patch,4,glucose_06_c1_wH07,6,1.0,0.7033472939926293,0.7033472939926293,0.2966527060073707,0.2648654513888889,0.4838605225086212,1.8268162947314432,0.0,2.471344011691387,3.0999733321096805,0.9330563872080223,0.42168788529480167,0.0
glucose,full_patch,4,glucose_07_c2.5_wA01,7,2.5,2.191821148276236,2.191821148276236,0.3081788517237638,0.2726779513888889,0.4579477608203888,1.6794455088423013,,1.9437137131789375,2.563868300508799,0.7128239387448105,0.3525079853422213,0.0
glucose,full_patch,4,glucose_07_c2.5_wA02,7,2.5,2.6931370616155244,2.6931370616155244,0.19313706161552435,0.2718098958333333,0.4934927225112915,1.8155804114427396,0.0,1.5177906634240008,2.1243697165789692,0.5584015470704828,0.2917328461926953,0.0
glucose,full_patch,4,glucose_07_c2.5_wA03,7,2.5,1.7908347510375462,1.7908347510375462,0.7091652489624538,0.2679036458333333,0.4855385422706604,1.8123625781961954,0.0,2.107130962378542,2.637765078417737,0.7865256763580658,0.36030299337035515,0.0
glucose,full_patch,4,glucose_07_c2.5_wB03,7,2.5,2.475523188079349,2.475523188079349,0.024476811920651098,0.2722439236111111,0.48703259229660034,1.7889567041074008,0.0,1.7116533058882752,2.2957083313160367,0.6287204809512295,0.3154502457344356,0.0
glucose,full_patch,4,glucose_07_c2.5_wB06,7,2.5,2.666086677940433,2.666086677940433,0.16608667794043308,0.2744140625,0.4814247190952301,1.75437335357123,0.0,2.346044273221312,2.1313869606134523,0.8549285892450617,0.29374700506974094,0.0
glucose,full_patch,4,glucose_07_c2.5_wB07,7,2.5,2.4785543790964963,2.4785543790964963,0.02144562090350366,0.2670355902777778,0.5028635859489441,1.8831332011806048,0.0,1.7919504040130123,2.171630346377568,0.6710530241114963,0.29628046294915866,0.0
glucose,full_patch,4,glucose_07_c2.5_wC06,7,2.5,2.3895487285053134,2.3895487285053134,0.11045127149468659,0.2705078125,0.4580625891685486,1.6933432899227212,0.0,2.791370051132903,2.3960234887766703,1.031899975581261,0.3284508771763468,0.0
glucose,full_patch,4,glucose_07_c2.5_wC07,7,2.5,2.7154447641135824,2.7154447641135824,0.21544476411358238,0.2648654513888889,0.4610685110092163,1.7407650132982129,0.0,1.618178310864217,2.276113117751875,0.6109435195790506,0.30961857554540634,0.0
glucose,full_patch,4,glucose_07_c2.5_wD11,7,2.5,2.375704909239491,2.375704909239491,0.12429509076050893,0.2683376736111111,0.49789535999298096,1.8554806460555247,0.0,1.7106439706421868,2.29403138152404,0.6374967583274725,0.3135369006692207,0.0
glucose,full_patch,4,glucose_07_c2.5_wD12,7,2.5,2.2705176437622065,2.2705176437622065,0.22948235623779345,0.2726779513888889,0.4862470030784607,1.7832281656868658,2.4868908440112136e-05,2.1338015015468215,2.3378147319519074,0.7825354014427182,0.32142772743053527,0.0
glucose,full_patch,4,glucose_07_c2.5_wE04,7,2.5,3.054589569076322,3.054589569076322,0.5545895690763221,0.2683376736111111,0.49111539125442505,1.8302140904976876,0.0,1.4776943977282997,1.952569211518858,0.55068465707497,0.26686753452999845,0.0
glucose,full_patch,4,glucose_07_c2.5_wE12,7,2.5,2.3048183194150655,2.304818319415065,0.1951816805849349,0.2679036458333333,0.4923950433731079,1.837955739054906,0.0,2.1492600083564724,2.407348175490798,0.8022511234108243,0.32882941730136644,4.440892098500626e-16
glucose,full_patch,4,glucose_07_c2.5_wF07,7,2.5,2.9341267014752535,2.934126701475253,0.434126701475253,0.2705078125,0.4699157476425171,1.7371614642091606,0.0,1.8319414061956238,2.0609088579207957,0.6772231046730394,0.28251280729730854,4.440892098500626e-16
glucose,full_patch,4,glucose_07_c2.5_wF08,7,2.5,3.026018612894402,3.026018612894402,0.526018612894402,0.2722439236111111,0.5375581979751587,1.974546174786394,0.0,1.8273015995725186,1.7005255838800841,0.6712001411582436,0.2336669715377793,0.0
glucose,full_patch,4,glucose_07_c2.5_wF09,7,2.5,2.2943899154316667,2.2943899154316667,0.2056100845683333,0.2679036458333333,0.4997488260269165,1.8654050954491952,0.0,1.8907165454217911,2.4162854707970367,0.7057449851197743,0.33005019858997314,0.0
glucose,full_patch,4,glucose_07_c2.5_wF11,7,2.5,2.910578930092011,2.910578930092011,0.4105789300920111,0.2718098958333333,0.5427558422088623,1.9968214937312876,5.968981326986977e-07,1.8221512524684296,1.7510866354164274,0.6703770835428762,0.2404710837728773,0.0
glucose,full_patch,4,glucose_07_c2.5_wG01,7,2.5,2.3091031167526506,2.3091031167526506,0.19089688324734944,0.2739800347222222,0.464079350233078,1.6938436799002166,,1.6971152949058625,2.446527628337969,0.6194302795189082,0.3369780096063775,0.0
glucose,full_patch,4,glucose_07_c2.5_wG05,7,2.5,2.618705057314258,2.618705057314258,0.11870505731425807,0.2687717013888889,0.44258323311805725,1.6466883635107048,0.0,1.9333912694883852,2.365946940852669,0.719343316092247,0.323557901868203,0.0
glucose,full_patch,4,glucose_07_c2.5_wH07,7,2.5,2.1000568470923424,2.1000568470923424,0.3999431529076576,0.2687717013888889,0.5250489711761475,1.9535128455225574,,2.1685828556911355,2.4021996698760626,0.806849398387142,0.32851568715800256,0.0
glucose,full_patch,4,glucose_08_c5_wA01,8,5.0,3.9534883096277227,3.9534883096277222,1.0465116903722778,0.2705078125,0.348641574382782,1.28884105475801,0.0,1.6304548733795805,1.7031988789527235,0.6027385524695634,0.23347732959137737,4.440892098500626e-16
glucose,full_patch,4,glucose_08_c5_wA02,8,5.0,3.786301880109739,3.786301880109739,1.2136981198902612,0.2670355902777778,0.5384681224822998,2.0164657524570804,0.0,1.1215543879747356,1.5160709861019868,0.42000183825986037,0.2068410097396878,0.0
glucose,full_patch,4,glucose_08_c5_wA03,8,5.0,4.083570619915843,4.083570619915843,0.916429380084157,0.2683376736111111,0.21424147486686707,0.7984025201670226,0.0007779963780194521,1.7431461582056658,1.5996806000702284,0.6496091788929809,0.21863645870157536,0.0
glucose,full_patch,4,glucose_08_c5_wB03,8,5.0,4.344846405122467,4.344846405122467,0.6551535948775333,0.2683376736111111,0.2603203356266022,0.9701222050686477,0.003534032730385661,3.432097085634271,1.7381250637462546,1.2790217040519791,0.23755836552699813,0.0
glucose,full_patch,4,glucose_08_c5_wB06,8,5.0,5.22303050566222,5.22303050566222,0.22303050566222016,0.2670355902777778,0.1361677199602127,0.5099234892943195,0.0008505294099450111,3.0657705788974843,0.7792488905002566,1.1480756462868433,0.10631469688897653,0.0
glucose,full_patch,4,glucose_08_c5_wB07,8,5.0,4.6291667623037736,4.6291667623037736,0.37083323769622645,0.2713758680555556,0.19229917228221893,0.7086082254110074,0.002674826653674245,3.239917887944716,1.3971017654471876,1.1938857759015795,0.19174519538885007,0.0
glucose,full_patch,4,glucose_08_c5_wC06,8,5.0,4.519780278973897,4.519780278973897,0.4802197210261028,0.2735460069444444,0.1555701494216919,0.5687165795598226,3.0750939913559705e-05,0.9812833410541799,1.3629445517690257,0.3587269841791084,0.18761608646905664,0.0
glucose,full_patch,4,glucose_08_c5_wC07,8,5.0,5.381980376343259,5.381980376343259,0.3819803763432592,0.2670355902777778,0.13585911691188812,0.5087678266801954,0.0026561948470771313,3.463132452272072,0.8494852106176918,1.2968804827362623,0.1158971976469674,0.0
glucose,full_patch,4,glucose_08_c5_wD11,8,5.0,6.475985710302757,6.475985710302757,1.4759857103027567,0.2687717013888889,0.08149068057537079,0.30319665409068114,0.011991693638265133,2.1996631148531964,0.3763822082058681,0.8184132122118312,0.051472598765770594,0.0
glucose,full_patch,4,glucose_08_c5_wD12,8,5.0,4.478623489605057,4.478623489605057,0.5213765103949433,0.2666015625,0.2982279360294342,1.1186278626158996,0.0,1.3757532549377993,1.1601924927217242,0.5160334553319804,0.15819402297563856,0.0
glucose,full_patch,4,glucose_08_c5_wE04,8,5.0,4.694745358604386,4.694745358604386,0.30525464139561365,0.2713758680555556,0.033309172838926315,0.12274183801821067,0.0008517918176949024,1.1500083598126745,1.308159048998938,0.4237695739317716,0.17953825458785128,0.0
glucose,full_patch,4,glucose_08_c5_wE12,8,5.0,4.7012615682245515,4.701261568224552,0.29873843177544757,0.2639973958333333,0.26682355999946594,1.0107052728956343,0.0,1.9695396806283565,0.852100648085619,0.7460451170025045,0.11577413493671038,8.881784197001252e-16
glucose,full_patch,4,glucose_08_c5_wF07,8,5.0,4.497364625383691,4.497364625383691,0.5026353746163092,0.2739800347222222,0.10608085989952087,0.38718463557781563,0.001199486549012363,2.1132585430899757,1.4129919024304929,0.7713184448759295,0.19462163163651805,0.0
glucose,full_patch,4,glucose_08_c5_wF08,8,5.0,4.932276955191639,4.932276955191639,0.06772304480836144,0.2731119791666667,0.00416901521384716,0.015264856659044666,0.000426655140472576,1.930857604101786,1.0538056960100421,0.7069838569488304,0.14497497080800942,0.0
glucose,full_patch,4,glucose_08_c5_wF09,8,5.0,5.1365213173956805,5.1365213173956805,0.13652131739568052,0.2705078125,0.009269878268241882,0.03426843085443931,0.00047349746455438435,1.5107938748523457,0.8174486461259489,0.5585028620392788,0.11205721735381147,0.0
glucose,full_patch,4,glucose_08_c5_wF11,8,5.0,5.199350843825224,5.199350843825224,0.19935084382522383,0.2735460069444444,0.02917751483619213,0.1066640129830808,3.623621887527406e-05,1.169076160871767,0.7898454174847052,0.4273782585717654,0.10872614439938826,0.0
glucose,full_patch,4,glucose_08_c5_wG01,8,5.0,4.559812341392111,4.559812341392111,0.440187658607889,0.2705078125,0.06258125603199005,0.23134731471753722,0.0008321104105561972,1.5796400944722029,1.3242213403518788,0.5839535944908072,0.18152645950740615,0.0
glucose,full_patch,4,glucose_08_c5_wG05,8,5.0,4.80003845994956,4.80003845994956,0.19996154005043998,0.2709418402777778,0.028783677145838737,0.10623563018664389,0.00035542072146199644,1.5561960935025754,1.2471243027950765,0.5743653663484074,0.1710596454019858,0.0
glucose,full_patch,4,glucose_08_c5_wH07,8,5.0,4.985404769152976,4.985404769152976,0.014595230847024077,0.2713758680555556,0.009990806691348553,0.036815383633533885,0.00033308466663584113,2.075280189231653,0.9512881421666544,0.7647253987988369,0.13055951628008766,0.0
glucose,full_patch,4,glucose_09_c10_wA01,9,10.0,8.885650280321336,8.885650280321336,1.114349719678664,0.2679036458333333,0.49210718274116516,1.8368812459062691,0.5332916378974915,0.7069919588613267,0.8849524946614942,0.26389784904276986,0.1208792380435798,0.0
glucose,full_patch,4,glucose_09_c10_wA02,9,10.0,7.728286962257595,7.728286962257595,2.271713037742405,0.2722439236111111,0.5388363003730774,1.9792408705612918,0.6106107234954834,0.7519225073869427,2.008082426088782,0.2761944132354749,0.27592795048209656,0.0
glucose,full_patch,4,glucose_09_c10_wA03,9,10.0,8.78625206013419,8.78625206013419,1.2137479398658098,0.2670355902777778,0.5230686664581299,1.958797574188592,0.557346522808075,0.8526651143426953,1.1128337165175406,0.3193076673621406,0.15182643273761146,0.0
glucose,full_patch,4,glucose_09_c10_wB03,9,10.0,10.063809288813307,10.063809288813308,0.06380928881330838,0.2670355902777778,0.43128153681755066,1.6150713707072517,0.44327160716056824,0.814212626745622,0.21013284791931142,0.3049079060580111,0.02866890194558659,1.7763568394002505e-15
glucose,full_patch,4,glucose_09_c10_wB06,9,10.0,10.66241715667828,10.66241715667828,0.6624171566782806,0.2657335069444444,0.393534392118454,1.4809362832844721,0.4017455279827118,0.7956846558022441,0.772831474295451,0.2994295544252137,0.10525217773174045,0.0
glucose,full_patch,4,glucose_09_c10_wB07,9,10.0,10.929412806899299,10.9294128068993,0.9294128068993004,0.2674696180555556,0.44857165217399597,1.6770938525093495,0.4724164605140686,1.4182673215007267,0.6924485727207994,0.5302536160223406,0.09452830760176105,1.7763568394002505e-15
glucose,full_patch,4,glucose_09_c10_wC06,9,10.0,10.909502823080508,10.909502823080508,0.9095028230805084,0.2679036458333333,0.4067354202270508,1.518215323131835,0.4154815673828125,0.997500740557733,0.8584211123644216,0.3723356348716107,0.11725520930117844,0.0
glucose,full_patch,4,glucose_09_c10_wC07,9,10.0,10.381778160681147,10.381778160681147,0.3817781606811472,0.2661675347222222,0.43400803208351135,1.6305821539672405,0.4583744406700134,0.8342854579473133,0.49737811232003537,0.3134437334057253,0.06777815589444694,0.0
glucose,full_patch,4,glucose_09_c10_wD11,9,10.0,10.38711469728995,10.38711469728995,0.3871146972899506,0.2683376736111111,0.4076012372970581,1.5189862527010463,0.4163513481616974,0.7651354423539782,0.5426879081126703,0.2851390310042161,0.074171908070093,0.0
glucose,full_patch,4,glucose_09_c10_wD12,9,10.0,9.995215104385077,9.995215104385077,0.004784895614923457,0.2670355902777778,0.42683613300323486,1.5984241372441335,0.4451123774051666,0.747992669564896,0.14601477664158224,0.28010972948842267,0.019921127779849328,0.0
glucose,full_patch,4,glucose_09_c10_wE04,9,10.0,9.362039793760783,9.362039793760784,0.6379602062392156,0.2670355902777778,0.5174006819725037,1.9375719971794367,0.5508691072463989,1.4873892668239037,1.1512883939938447,0.5570003853331612,0.1570728917697598,1.7763568394002505e-15
glucose,full_patch,4,glucose_09_c10_wE12,9,10.0,10.67833240261778,10.67833240261778,0.6783324026177802,0.2683376736111111,0.4044579267501831,1.5072722413787658,0.4138431251049042,0.8916929429380307,0.7167506579595493,0.33230255406861675,0.09796194666699107,0.0
glucose,full_patch,4,glucose_09_c10_wF07,9,10.0,10.117578388999785,10.117578388999783,0.11757838899978346,0.2739800347222222,0.4790402948856354,1.7484496466004023,0.5048750042915344,1.212558825950067,0.03147374064409192,0.4425719659388443,0.004335106766939936,1.7763568394002505e-15
glucose,full_patch,4,glucose_09_c10_wF08,9,10.0,9.984812779872534,9.984812779872534,0.01518722012746565,0.2744140625,0.4452831447124481,1.622668826283085,0.46431756019592285,0.877241730805185,0.16441971618810136,0.31967812538950513,0.02266026774920805,0.0
glucose,full_patch,4,glucose_09_c10_wF09,9,10.0,13.309024768355483,13.309024768355483,3.309024768355483,0.2670355902777778,0.46752968430519104,1.7508141286292729,0.4786868095397949,2.829010217959807,1.6989329942085067,1.0594131722355782,0.23178928903960916,0.0
glucose,full_patch,4,glucose_09_c10_wF11,9,10.0,9.717323411424632,9.717323411424632,0.28267658857536837,0.2679036458333333,0.49513179063796997,1.8481711553339537,0.5303448438644409,1.2188186952751145,0.4292545528467837,0.4549466624404802,0.058633614332828786,0.0
glucose,full_patch,4,glucose_09_c10_wG01,9,10.0,8.786938089573642,8.786938089573642,1.213061910426358,0.2687717013888889,0.45188459753990173,1.6812952971044548,0.4855000674724579,0.5165427408801744,0.7832031404987454,0.19218643116478348,0.10710788162689476,0.0
glucose,full_patch,4,glucose_09_c10_wG05,9,10.0,11.782008442346356,11.782008442346356,1.7820084423463562,0.2670355902777778,0.46257200837135315,1.732248528708001,0.4766635000705719,2.1144550134704474,0.8511487225144023,0.7918251687990103,0.11612415435518479,0.0
glucose,full_patch,4,glucose_09_c10_wH07,9,10.0,10.171881819718905,10.171881819718903,0.17188181971890337,0.2705078125,0.4758363366127014,1.7590484068281813,0.5008677840232849,1.2337827373081431,0.02722139333512885,0.45609874476662043,0.0037315537851635807,1.7763568394002505e-15
glucose,full_patch,4,glucose_10_c15_wA01,10,15.0,15.192472208746103,15.192472208746103,0.1924722087461035,0.2718098958333333,0.40083521604537964,1.4746895613070734,0.4084882438182831,2.8341854998251534,3.541462342066591,1.0427087252051344,0.4863376090669901,0.0
glucose,full_patch,4,glucose_10_c15_wA02,10,15.0,14.279087118454175,14.279087118454177,0.7209128815458232,0.2722439236111111,0.44472000002861023,1.6335350818109493,0.4565286338329315,2.944559394723804,2.577394686825926,1.081588656108991,0.35415639531515936,1.7763568394002505e-15
glucose,full_patch,4,glucose_10_c15_wA03,10,15.0,13.277919723742112,13.277919723742112,1.7220802762578877,0.2657335069444444,0.426803857088089,1.6061348905364754,0.4383170008659363,2.1943211035463115,2.2766211448487397,0.8257600363529118,0.31005379741282674,0.0
glucose,full_patch,4,glucose_10_c15_wB03,10,15.0,15.571675678182729,15.571675678182729,0.5716756781827286,0.2687717013888889,0.3960181474685669,1.4734369184781237,0.40006643533706665,2.986814508067532,3.8532509765814584,1.1112831048183436,0.5269559430208447,0.0
glucose,full_patch,4,glucose_10_c15_wB06,10,15.0,14.588396013358537,14.588396013358537,0.41160398664146314,0.2683376736111111,0.4213671386241913,1.5702869185444994,0.43131956458091736,3.0096011968776395,2.907683421093946,1.1215723667781774,0.39740783640518773,0.0
glucose,full_patch,4,glucose_10_c15_wB07,10,15.0,16.266533118058888,16.266533118058888,1.266533118058888,0.2657335069444444,0.45725470781326294,1.720726577054729,0.464519202709198,4.189634741992327,3.4109136870419903,1.5766302075214902,0.4645334792342099,0.0
glucose,full_patch,4,glucose_10_c15_wC06,10,15.0,14.044418863617924,14.044418863617924,0.9555811363820759,0.2648654513888889,0.38872700929641724,1.4676395402194924,0.3951217830181122,2.30802122591866,2.9228947204002758,0.8713938393308631,0.3975999666894309,0.0
glucose,full_patch,4,glucose_10_c15_wC07,10,15.0,14.758763043381279,14.75876304338128,0.24123695661871913,0.2718098958333333,0.39924100041389465,1.4688243751754304,0.4015898108482361,2.6305251385963384,3.353315881638002,0.9677812246428685,0.46050006206490574,1.7763568394002505e-15
glucose,full_patch,4,glucose_10_c15_wD11,10,15.0,14.246593292247766,14.246593292247766,0.7534067077522337,0.2709418402777778,0.5084785223007202,1.8767072733373797,0.5160599946975708,3.9779984424401817,1.2868319644670372,1.468211199260261,0.17650607805519,0.0
glucose,full_patch,4,glucose_10_c15_wD12,10,15.0,12.568845587890877,12.568845587890875,2.431154412109125,0.2661675347222222,0.3981793522834778,1.4959726500793036,0.40876203775405884,1.8560600143937087,1.9951038081995858,0.6973277249348725,0.271874563010016,1.7763568394002505e-15
glucose,full_patch,4,glucose_10_c15_wE04,10,15.0,14.167947163984135,14.167947163984136,0.8320528360158637,0.2718098958333333,0.3803898096084595,1.39947005403256,0.3853910267353058,2.0904778266777733,3.18496115154967,0.7690955549166612,0.4373804496003838,1.7763568394002505e-15
glucose,full_patch,4,glucose_10_c15_wE12,10,15.0,14.233834657681436,14.233834657681436,0.7661653423185637,0.2705078125,0.4252696633338928,1.572116011746954,0.43379804491996765,2.614347903468703,2.9084622217808693,0.9664592971667696,0.39869682933113926,0.0
glucose,full_patch,4,glucose_10_c15_wF07,10,15.0,14.9750124230759,14.9750124230759,0.024987576924100807,0.2683376736111111,0.42954421043395996,1.6007599851837344,0.4381299316883087,3.355575040685853,3.1612722324959197,1.2505046330352132,0.43206710506721635,0.0
glucose,full_patch,4,glucose_10_c15_wF08,10,15.0,15.30378098299695,15.30378098299695,0.30378098299694933,0.2713758680555556,0.3884817361831665,1.4315264616809524,0.39354342222213745,2.793249091939037,3.858326718481708,1.0292916286009663,0.5295359499259482,0.0
glucose,full_patch,4,glucose_10_c15_wF09,10,15.0,15.811833761174034,15.811833761174034,0.811833761174034,0.2709418402777778,0.40687066316604614,1.5016900407442055,0.410956472158432,3.4477036581420055,3.7709879641460464,1.2724884626927002,0.5172410340462861,0.0
glucose,full_patch,4,glucose_10_c15_wF11,10,15.0,18.52607678833565,18.52607678833565,3.5260767883356507,0.2648654513888889,0.3860439956188202,1.457509817133571,0.3891551196575165,4.305408480917585,5.915426804063008,1.625507765675398,0.8046726704980766,0.0
glucose,full_patch,4,glucose_10_c15_wG01,10,15.0,15.390939769075715,15.390939769075716,0.39093976907571637,0.2679036458333333,0.41341346502304077,1.5431423627591512,0.4207083582878113,3.0184674206487987,3.566480318734321,1.1266988962616173,0.4871599617230695,1.7763568394002505e-15
glucose,full_patch,4,glucose_10_c15_wG05,10,15.0,15.16183380748911,15.16183380748911,0.16183380748910992,0.2713758680555556,0.35931196808815,1.3240380239505758,0.36350753903388977,2.303576169237269,4.1551692281572645,0.8488507787161403,0.5702760924303404,0.0
glucose,full_patch,4,glucose_10_c15_wH07,10,15.0,15.05859095569004,15.05859095569004,0.05859095569003969,0.2670355902777778,0.38170167803764343,1.4294037646464535,0.3835700452327728,2.6679219053235883,3.691344843591999,0.9990885119651439,0.5036185651893985,0.0
glucose,full_patch,4,glucose_11_c20_wA01,11,20.0,19.81446635417653,19.81446635417653,0.18553364582346887,0.2709418402777778,0.3860359489917755,1.424792673571567,0.38885772228240967,4.47138858559855,6.803856030625424,1.6503130638716956,0.9332391304992396,0.0
glucose,full_patch,4,glucose_11_c20_wA02,11,20.0,19.9074733122847,19.9074733122847,0.09252668771529926,0.2713758680555556,0.3598106801509857,1.3258757410121889,0.36096811294555664,4.302227979952789,7.023671330029693,1.5853391868550541,0.9639635886456239,0.0
glucose,full_patch,4,glucose_11_c20_wA03,11,20.0,18.99797744750906,18.99797744750906,1.0020225524909385,0.2674696180555556,0.3928447663784027,1.4687453821271232,0.39772292971611023,4.385425871740397,6.057557133106627,1.6395977620267543,0.8269359582093125,0.0
glucose,full_patch,4,glucose_11_c20_wB03,11,20.0,19.55129224229553,19.55129224229553,0.4487077577044687,0.2674696180555556,0.4023600220680237,1.5043204719589882,0.40750908851623535,4.894072704429179,6.311063923577358,1.8297677096965241,0.8615429583719291,0.0
glucose,full_patch,4,glucose_11_c20_wB06,11,20.0,19.473721145654956,19.47372114565496,0.5262788543450405,0.2683376736111111,0.3917461633682251,1.4598999763855893,0.39299309253692627,4.955249966978073,6.076891775927155,1.846647136905375,0.8305596115519008,3.552713678800501e-15
glucose,full_patch,4,glucose_11_c20_wB07,11,20.0,18.50224930965048,18.50224930965048,1.4977506903495197,0.2687717013888889,0.4240918755531311,1.5778888676211773,0.42883577942848206,4.9810300216185865,5.033931133309414,1.8532568703769436,0.6884212690989695,0.0
glucose,full_patch,4,glucose_11_c20_wC06,11,20.0,18.61995492021835,18.61995492021835,1.3800450797816488,0.2700737847222222,0.3956347107887268,1.4649134168858604,0.3984226882457733,4.278021453080532,5.700595669791095,1.5840195143266447,0.7809824541815777,0.0
glucose,full_patch,4,glucose_11_c20_wC07,11,20.0,18.005939062076017,18.005939062076017,1.994060937923983,0.2692057291666667,0.4127974212169647,1.533390178934118,0.41694149374961853,4.162613224907114,5.392852339457789,1.5462572946692448,0.7379439815952932,0.0
glucose,full_patch,4,glucose_11_c20_wD11,11,20.0,19.914089136524936,19.914089136524936,0.08591086347506405,0.2657335069444444,0.37750568985939026,1.4206175735990776,0.3783184289932251,4.945467975528015,6.683351356239012,1.861062999692372,0.9102078631461318,0.0
glucose,full_patch,4,glucose_11_c20_wD12,11,20.0,21.01448195004474,20.0,0.0,0.2679036458333333,0.35789474844932556,1.33590846565775,0.359690397977829,4.596405207522899,7.93191538020427,1.7156934140352793,1.0834523809687646,0.0
glucose,full_patch,4,glucose_11_c20_wE04,11,20.0,18.79098050665018,18.79098050665018,1.209019493349821,0.2674696180555556,0.4160461723804474,1.555489462335985,0.4207904040813446,4.800216073178939,5.572205041209806,1.7946771330798013,0.7606790351027932,0.0
glucose,full_patch,4,glucose_11_c20_wE12,11,20.0,20.240260101516803,20.0,0.0,0.2705078125,0.37239640951156616,1.3766567629597248,0.3747410476207733,4.453333628569313,7.216870439086625,1.6462865110667786,0.9893005796017007,0.0
glucose,full_patch,4,glucose_11_c20_wF07,11,20.0,20.41509209621396,20.0,0.0,0.2666015625,0.44206854701042175,1.658161875965831,0.4448744058609009,6.457011809362397,5.7567346174666145,2.421970729958643,0.7849395803310004,0.0
glucose,full_patch,4,glucose_11_c20_wF08,11,20.0,20.25991805014397,20.0,0.0,0.2709418402777778,0.4483318626880646,1.654716238099,0.45143845677375793,6.362508566498882,5.598356180840206,2.3482931096857707,0.7678888311150965,0.0
glucose,full_patch,4,glucose_11_c20_wF09,11,20.0,20.511558267189194,20.0,0.0,0.2705078125,0.444742888212204,1.6441036733909635,0.44746094942092896,6.502864695204602,5.868982252668257,2.403947093100907,0.8045298295491693,0.0
glucose,full_patch,4,glucose_11_c20_wF11,11,20.0,19.84075127552002,19.84075127552002,0.15924872447997984,0.2692057291666667,0.40539106726646423,1.5058783054928393,0.40914562344551086,5.167162589473323,6.454047111041932,1.9194103355335004,0.8831551325220856,0.0
glucose,full_patch,4,glucose_11_c20_wG01,11,20.0,16.765124025313668,16.765124025313668,3.2348759746863323,0.2683376736111111,0.37177062034606934,1.3854581630041953,0.3763563334941864,3.026173406586784,5.066218712708146,1.1277482456572503,0.6924257994411727,0.0
glucose,full_patch,4,glucose_11_c20_wG05,11,20.0,19.302009131623816,19.302009131623816,0.6979908683761842,0.2713758680555556,0.4725608825683594,1.7413518967413033,0.47637873888015747,6.293430219680417,4.7522760333485685,2.319082483189713,0.6522260003475862,0.0
glucose,full_patch,4,glucose_11_c20_wH07,11,20.0,15.7043998786845,15.7043998786845,4.2956001213155,0.2692057291666667,0.4169468879699707,1.5488039175861548,0.4235127568244934,3.0106268566780034,3.937547789583741,1.1183368444637034,0.5388038667973832,0.0
glucose,full_patch,5,glucose_01_c0_wA05,1,0.0,0.7275681546198607,0.7275681546198607,0.7275681546198607,0.2679036458333333,0.4463135004043579,1.6659478411205195,,2.1844124972606527,2.4876920573991312,0.8153724412618135,0.33980391286483463,0.0
glucose,full_patch,5,glucose_01_c0_wA09,1,0.0,0.6018790406913164,0.6018790406913164,0.6018790406913164,0.2674696180555556,0.4680745601654053,1.7500102014135395,,2.556152261034341,2.500712880233528,0.9556794822593299,0.3413800904196741,0.0
glucose,full_patch,5,glucose_01_c0_wB02,1,0.0,0.08616367600103114,0.0861636760010311,0.0861636760010311,0.2709418402777778,0.43434837460517883,1.6031055748343324,,2.4185370648075413,2.836495424255206,0.892640672377505,0.38906298303223663,4.163336342344337e-17
glucose,full_patch,5,glucose_01_c0_wB05,1,0.0,0.5749232199830674,0.5749232199830674,0.5749232199830674,0.2731119791666667,0.45421072840690613,1.663093394119208,,2.446080569469725,2.51619074756639,0.8956328378320614,0.3461593361631864,0.0
glucose,full_patch,5,glucose_01_c0_wB09,1,0.0,0.4429881723245881,0.4429881723245881,0.4429881723245881,0.2670355902777778,0.4445810317993164,1.6648755745885817,0.0,2.4436784710319936,2.608572793773679,0.915113400610762,0.3558935139514171,0.0
glucose,full_patch,5,glucose_01_c0_wC11,1,0.0,0.20839078994348714,0.2083907899434871,0.2083907899434871,0.2679036458333333,0.4776816964149475,1.7830354451843486,,2.873923645611426,2.6428939746593474,1.0727452538661364,0.36100357003795086,5.551115123125783e-17
glucose,full_patch,5,glucose_01_c0_wD01,1,0.0,0.41080331816984117,0.4108033181698411,0.4108033181698411,0.2692057291666667,0.47683197259902954,1.7712549211901072,,2.708586170945127,2.506955031444788,1.0061398690620833,0.343045249737122,5.551115123125783e-17
glucose,full_patch,5,glucose_01_c0_wD04,1,0.0,0.4779147552779799,0.4779147552779799,0.4779147552779799,0.2679036458333333,0.4734850525856018,1.7673706944629026,,2.637619152828904,2.4233993930226214,0.9845402232673627,0.3310219179797907,0.0
glucose,full_patch,5,glucose_01_c0_wD06,1,0.0,-0.5092445792258493,0.0,0.0,0.2679036458333333,0.4280298352241516,1.5977006729144518,,2.7181820226604514,3.2861041082450444,1.0146118072433665,0.448862241908794,0.0
glucose,full_patch,5,glucose_01_c0_wD08,1,0.0,0.4509234983421573,0.4509234983421573,0.4509234983421573,0.2744140625,0.5018115043640137,1.8286654109208185,,3.042971372936767,2.345429937441722,1.1088977529847863,0.32324633323557517,0.0
glucose,full_patch,5,glucose_01_c0_wE01,1,0.0,0.4458015698981024,0.4458015698981024,0.4458015698981024,0.2661675347222222,0.4849728047847748,1.8220584463499734,,2.750545053352724,2.4088904477100175,1.03338863480223,0.3282616348675961,0.0
glucose,full_patch,5,glucose_01_c0_wE05,1,0.0,0.36546525302711697,0.3654652530271169,0.3654652530271169,0.2648654513888889,0.47157806158065796,1.7804438408551182,,2.705986187056782,2.5378932470766555,1.0216455837736707,0.34522840096027246,5.551115123125783e-17
glucose,full_patch,5,glucose_01_c0_wE06,1,0.0,0.31978078880585326,0.3197807888058532,0.3197807888058532,0.2744140625,0.4776436686515808,1.740594721349533,,2.797176540801924,2.4419892778242898,1.019326967181911,0.33655410773782946,5.551115123125783e-17
glucose,full_patch,5,glucose_01_c0_wE09,1,0.0,0.15895287271832892,0.1589528727183289,0.1589528727183289,0.2670355902777778,0.4541389048099518,1.7006680807511236,0.0,2.6914913764192225,2.8148130318178897,1.0079148527053863,0.3840313382862128,2.7755575615628914e-17
glucose,full_patch,5,glucose_01_c0_wF03,1,0.0,0.3180555621307848,0.3180555621307848,0.3180555621307848,0.2687717013888889,0.4636858105659485,1.7252032418957535,,2.6585822694784254,2.6144219612027344,0.9891600401902774,0.35753840027369643,0.0
glucose,full_patch,5,glucose_01_c0_wG10,1,0.0,0.7364893244517541,0.7364893244517541,0.7364893244517541,0.2744140625,0.5205991864204407,1.8971301312972642,0.0,3.215668235382581,2.125313231023137,1.1718307021465348,0.2929099257830003,0.0
glucose,full_patch,5,glucose_01_c0_wH03,1,0.0,0.5386695702149966,0.5386695702149966,0.5386695702149966,0.2731119791666667,0.48708945512771606,1.7834789107894442,,2.87372357028158,2.3704741926602395,1.0522143990351627,0.3261127057703653,0.0
glucose,full_patch,5,glucose_01_c0_wH08,1,0.0,-0.08814155320082584,0.0,0.0,0.2661675347222222,0.445879191160202,1.6751824809345381,0.0,2.6867230139311937,2.9254425453469106,1.0094104890497302,0.3986526467236009,4.163336342344337e-17
glucose,full_patch,5,glucose_01_c0_wH11,1,0.0,0.3846764662909239,0.3846764662909239,0.3846764662909239,0.2683376736111111,0.47657257318496704,1.7760181295886197,,2.749341217014835,2.4806179511595854,1.0245826387387271,0.3390386332179555,0.0
glucose,full_patch,5,glucose_02_c0.01_wA05,2,0.01,0.21811186293490348,0.2181118629349034,0.20811186293490339,0.2692057291666667,0.4893164038658142,1.8176299790517305,,3.1449801282485597,2.4413932325132865,1.1682441298645194,0.3340739425514841,8.326672684688674e-17
glucose,full_patch,5,glucose_02_c0.01_wA09,2,0.01,-0.09370026301172807,0.0,0.01,0.2709418402777778,0.4937882125377655,1.822487852121765,,3.2561674637419875,2.4733969239315567,1.2017957287082963,0.33925920599722026,6.938893903907228e-17
glucose,full_patch,5,glucose_02_c0.01_wB02,2,0.01,0.06585035624366586,0.0658503562436658,0.05585035624366579,0.2739800347222222,0.49744197726249695,1.8156139653271968,,3.25211479360301,2.406205456691479,1.1869897005087264,0.33142414420667565,6.938893903907228e-17
glucose,full_patch,5,glucose_02_c0.01_wB05,2,0.01,-0.37354970800570975,0.0,0.01,0.2713758680555556,0.4593231678009033,1.6925718970224408,,2.918925862911912,2.8689004608127493,1.07560258906822,0.3937421689776664,5.551115123125783e-17
glucose,full_patch,5,glucose_02_c0.01_wB09,2,0.01,-0.24629502950611215,0.0,0.01,0.2718098958333333,0.47897183895111084,1.762157472165045,,3.215636183513819,2.7188584962632536,1.1830460306292758,0.373372074229804,5.551115123125783e-17
glucose,full_patch,5,glucose_02_c0.01_wC11,2,0.01,-0.11612303370943877,0.0,0.01,0.2718098958333333,0.47067975997924805,1.7316505660553894,,3.0174111025391843,2.696380182265018,1.1101181924551349,0.37028519981752955,6.938893903907228e-17
glucose,full_patch,5,glucose_02_c0.01_wD01,2,0.01,0.052756072915026486,0.0527560729150264,0.0427560729150264,0.2709418402777778,0.46263763308525085,1.7075163902737973,,2.745680535258412,2.6283659176734453,1.0133837329972577,0.3605152596707616,8.326672684688674e-17
glucose,full_patch,5,glucose_02_c0.01_wD04,2,0.01,0.06447909368448368,0.0644790936844836,0.054479093684483594,0.2687717013888889,0.4893397092819214,1.820651901793374,,3.1372265622072586,2.5247611385612796,1.1672458618208355,0.34527672730346864,8.326672684688674e-17
glucose,full_patch,5,glucose_02_c0.01_wD06,2,0.01,0.08821061584329559,0.0882106158432955,0.0782106158432955,0.2674696180555556,0.49414899945259094,1.8474958129635204,,3.1992734058912404,2.4871053688448463,1.1961259111031917,0.3395224867319524,9.71445146547012e-17
glucose,full_patch,5,glucose_02_c0.01_wD08,2,0.01,0.09777162857083521,0.0977716285708352,0.0877716285708352,0.2674696180555556,0.5075684189796448,1.8976675656456008,,3.315560372876541,2.3905740987324364,1.2396026124312454,0.32634470291687356,1.3877787807814457e-17
glucose,full_patch,5,glucose_02_c0.01_wE01,2,0.01,0.12444833921695064,0.1244483392169506,0.1144483392169506,0.2674696180555556,0.45927703380584717,1.7171185166550456,,2.7174490103574738,2.593369656744485,1.0159841817222912,0.35402895506676313,4.163336342344337e-17
glucose,full_patch,5,glucose_02_c0.01_wE05,2,0.01,0.12323713692164517,0.1232371369216451,0.11323713692164511,0.2692057291666667,0.5072160363197327,1.884120512181643,,3.4364034831442813,2.3200884558874235,1.2764971584303786,0.3174749103111878,6.938893903907228e-17
glucose,full_patch,5,glucose_02_c0.01_wE06,2,0.01,-0.10952233954389712,0.0,0.01,0.2744140625,0.4877151846885681,1.7772966160893016,,3.250067853760746,2.5126688245213122,1.184366363790393,0.34629513813052815,1.3877787807814457e-17
glucose,full_patch,5,glucose_02_c0.01_wE09,2,0.01,-0.13125868264229634,0.0,0.01,0.2718098958333333,0.4830983579158783,1.7773391084042853,0.0,3.1132489772547265,2.6734893746514192,1.1453773482786254,0.3671416789865516,5.551115123125783e-17
glucose,full_patch,5,glucose_02_c0.01_wF03,2,0.01,0.38435515128358944,0.3843551512835894,0.37435515128358937,0.2657335069444444,0.4861663281917572,1.8295258802022192,,3.047586842038405,2.412487025728918,1.1468583232431993,0.3285574173063057,5.551115123125783e-17
glucose,full_patch,5,glucose_02_c0.01_wG10,2,0.01,-0.0416074158374915,0.0,0.01,0.2744140625,0.4857637584209442,1.7701853687652913,,3.1248688746203417,2.5299318415882324,1.138742251818943,0.3486743211017968,0.0
glucose,full_patch,5,glucose_02_c0.01_wH03,2,0.01,0.3241780663039986,0.3241780663039986,0.3141780663039986,0.2648654513888889,0.4776662588119507,1.8034298407254967,,2.9496733599706517,2.4747618159329723,1.1136497208311975,0.33664066266624754,0.0
glucose,full_patch,5,glucose_02_c0.01_wH08,2,0.01,0.10430463556011116,0.1043046355601111,0.09430463556011111,0.2679036458333333,0.4948391020298004,1.8470786408694373,,3.5226554601410083,2.4229886911266285,1.3148964244900583,0.33096581854784357,5.551115123125783e-17
glucose,full_patch,5,glucose_02_c0.01_wH11,2,0.01,0.4773422013987396,0.4773422013987396,0.4673422013987396,0.2674696180555556,0.4991490840911865,1.8661898413729714,,3.1501159922877275,2.322727061282227,1.1777472204837198,0.3170826928866391,0.0
glucose,full_patch,5,glucose_03_c0.05_wA05,3,0.05,0.32863506778120133,0.3286350677812013,0.2786350677812013,0.2674696180555556,0.45127105712890625,1.6871862322515212,,2.3764045847008153,2.510963704919193,0.888476456495039,0.34277946236906065,5.551115123125783e-17
glucose,full_patch,5,glucose_03_c0.05_wA09,3,0.05,0.18005853059787125,0.1800585305978712,0.1300585305978712,0.2648654513888889,0.45862042903900146,1.731522275306611,,2.648628671128541,2.617567025939953,0.9999902430610665,0.3560663868791529,5.551115123125783e-17
glucose,full_patch,5,glucose_03_c0.05_wB02,3,0.05,0.19711808797613184,0.1971180879761318,0.1471180879761318,0.2648654513888889,0.4353707432746887,1.6437430438424954,,2.312279943785389,2.6862551760952362,0.8730017190465443,0.3654100029947409,2.7755575615628914e-17
glucose,full_patch,5,glucose_03_c0.05_wB05,3,0.05,0.10960852306036273,0.1096085230603627,0.0596085230603627,0.2679036458333333,0.43900662660598755,1.6386735807212562,,2.4237340463852792,2.7147457039853577,0.9047036440456353,0.37081808815664824,2.7755575615628914e-17
glucose,full_patch,5,glucose_03_c0.05_wB09,3,0.05,-0.23710231464943288,0.0,0.05,0.2709418402777778,0.4712337553501129,1.7392432075717423,0.0,3.0783315519781236,2.6851580465999323,1.1361595347629312,0.3683050536905042,8.326672684688674e-17
glucose,full_patch,5,glucose_03_c0.05_wC11,3,0.05,0.1162291252189247,0.1162291252189247,0.0662291252189247,0.2648654513888889,0.44848665595054626,1.6932621963294692,,2.514078509507022,2.7732427534340336,0.9491908047364489,0.37724288141177936,0.0
glucose,full_patch,5,glucose_03_c0.05_wD01,3,0.05,0.28872909761377485,0.2887290976137748,0.2387290976137748,0.2657335069444444,0.4656316339969635,1.752250362971015,,2.6188644298450336,2.580327134197697,0.9855228495488703,0.3514156179808774,5.551115123125783e-17
glucose,full_patch,5,glucose_03_c0.05_wD04,3,0.05,-0.27428088977318943,0.0,0.05,0.2709418402777778,0.4501703381538391,1.6615017366542977,,2.7348262993043257,2.90388776314485,1.0093776201196902,0.3983067364956532,5.551115123125783e-17
glucose,full_patch,5,glucose_03_c0.05_wD06,3,0.05,0.006947382817322101,0.0069473828173221,0.0430526171826779,0.2744140625,0.5060533881187439,1.8441233787672375,,3.2454551717781306,2.4454359486557538,1.1826854433810698,0.337029126705719,8.673617379884035e-19
glucose,full_patch,5,glucose_03_c0.05_wD08,3,0.05,0.326639490560928,0.326639490560928,0.276639490560928,0.2726779513888889,0.5089981555938721,1.8666641472157282,,3.1876477352076495,2.3237752171147026,1.1690155800904776,0.319497425047428,0.0
glucose,full_patch,5,glucose_03_c0.05_wE01,3,0.05,-0.13789521119527315,0.0,0.05,0.2744140625,0.440755158662796,1.6061682650202957,,2.6109834526484086,2.885071126302689,0.9514758204668935,0.3976194930462925,5.551115123125783e-17
glucose,full_patch,5,glucose_03_c0.05_wE05,3,0.05,0.07794525832272647,0.0779452583227264,0.027945258322726402,0.2683376736111111,0.4638148844242096,1.7284747168837509,,2.654395817626357,2.626296680878999,0.989199832399697,0.35894928386446473,6.938893903907228e-17
glucose,full_patch,5,glucose_03_c0.05_wE06,3,0.05,0.3228358694146243,0.3228358694146243,0.2728358694146243,0.2722439236111111,0.49352094531059265,1.8127895703397456,,2.928228071730198,2.353506212049868,1.0755898728204667,0.3233921760884388,0.0
glucose,full_patch,5,glucose_03_c0.05_wE09,3,0.05,0.14876834164941943,0.1487683416494194,0.0987683416494194,0.2648654513888889,0.46678489446640015,1.762347229579002,,2.7751322210515132,2.56949240807677,1.0477516816554997,0.3495268196728489,2.7755575615628914e-17
glucose,full_patch,5,glucose_03_c0.05_wF03,3,0.05,-0.11367992480608713,0.0,0.05,0.2683376736111111,0.4580443501472473,1.706969968037619,,2.685745133314077,2.7405876724841653,1.0008826182216957,0.3745700131931495,2.7755575615628914e-17
glucose,full_patch,5,glucose_03_c0.05_wG10,3,0.05,0.17325397858380942,0.1732539785838094,0.12325397858380939,0.2674696180555556,0.4738471806049347,1.7715925421724452,,2.7560723085346543,2.556576301285656,1.030424437949508,0.3490061797163177,2.7755575615628914e-17
glucose,full_patch,5,glucose_03_c0.05_wH03,3,0.05,-0.16277900799005351,0.0,0.05,0.2670355902777778,0.4441109895706177,1.663115351435519,,2.630838490406466,2.8373733667473653,0.9852014436239734,0.38710929604653915,2.7755575615628914e-17
glucose,full_patch,5,glucose_03_c0.05_wH08,3,0.05,0.11797386172715285,0.1179738617271528,0.06797386172715279,0.2687717013888889,0.48828527331352234,1.8167287359133717,,3.026205657535474,2.451692035462128,1.1259390932517939,0.335284074771019,5.551115123125783e-17
glucose,full_patch,5,glucose_03_c0.05_wH11,3,0.05,0.06694927745834178,0.0669492774583417,0.016949277458341697,0.2661675347222222,0.5046281814575195,1.8959043295199756,,3.1667278189029795,2.4853118577537208,1.1897498401553144,0.3386756481008176,8.326672684688674e-17
glucose,full_patch,5,glucose_04_c0.1_wA05,4,0.1,0.5871507092956376,0.5871507092956376,0.48715070929563764,0.2722439236111111,0.4587979316711426,1.6852458103950778,,2.3778451270757053,2.466052467146807,0.8734244994471781,0.3388570081590126,0.0
glucose,full_patch,5,glucose_04_c0.1_wA09,4,0.1,0.05083694238794845,0.0508369423879484,0.04916305761205161,0.2670355902777778,0.42311596870422363,1.5844927946274379,,2.3487016170145445,2.881388744833874,0.879546286160343,0.39311441409902276,4.85722573273506e-17
glucose,full_patch,5,glucose_04_c0.1_wB02,4,0.1,-0.041583128086007726,0.0,0.1,0.2687717013888889,0.4040522873401642,1.5033289786544017,,2.3723708271552066,3.028205216354352,0.8826713582181019,0.4141258239193012,2.7755575615628914e-17
glucose,full_patch,5,glucose_04_c0.1_wB05,4,0.1,0.33997187348607927,0.3399718734860792,0.2399718734860792,0.2726779513888889,0.45962417125701904,1.685593458935411,,2.60338516895266,2.604195225188623,0.9547472231224718,0.35805256147006337,5.551115123125783e-17
glucose,full_patch,5,glucose_04_c0.1_wB09,4,0.1,0.35430124870164725,0.3543012487016472,0.25430124870164716,0.2696397569444444,0.4580404460430145,1.6987125757474537,,2.720668331908656,2.6025337040912166,1.0090011809605706,0.3563356205155943,5.551115123125783e-17
glucose,full_patch,5,glucose_04_c0.1_wC11,4,0.1,0.1295826106166773,0.1295826106166773,0.029582610616677302,0.2683376736111111,0.47202709317207336,1.7590787265159031,,2.923886934772368,2.635045049331483,1.0896296801804344,0.36014496773897303,0.0
glucose,full_patch,5,glucose_04_c0.1_wD01,4,0.1,0.14327453189576111,0.1432745318957611,0.04327453189576108,0.2692057291666667,0.4350813925266266,1.6161669139562234,,2.5177290381870057,2.7364539768135985,0.9352434831088854,0.3744492925065201,2.7755575615628914e-17
glucose,full_patch,5,glucose_04_c0.1_wD04,4,0.1,-0.24943651080458729,0.0,0.1,0.2670355902777778,0.44722580909729004,1.6747797873387342,,2.7729895237628255,2.9289491392373637,1.0384344352295083,0.39960318678329454,8.326672684688674e-17
glucose,full_patch,5,glucose_04_c0.1_wD06,4,0.1,-0.46718456421371446,0.0,0.1,0.2705078125,0.4347211718559265,1.6070558844060243,,2.790670608683155,3.1271889521268332,1.0316414091305237,0.42868025260748027,5.551115123125783e-17
glucose,full_patch,5,glucose_04_c0.1_wD08,4,0.1,0.18389838429146987,0.1838983842914698,0.08389838429146979,0.2679036458333333,0.44430461525917053,1.658449305074328,,2.5477409349036764,2.750304365717118,0.9509915130041429,0.3756751894834586,8.326672684688674e-17
glucose,full_patch,5,glucose_04_c0.1_wE01,4,0.1,0.17684936212312952,0.1768493621231295,0.07684936212312948,0.2739800347222222,0.4398960769176483,1.6055771266823948,,2.4518465214879592,2.7275389784595414,0.8948997046349716,0.3756837427213142,2.7755575615628914e-17
glucose,full_patch,5,glucose_04_c0.1_wE05,4,0.1,0.14660434280820045,0.1466043428082004,0.04660434280820039,0.2679036458333333,0.45514753460884094,1.698922510714896,,2.7462984793617364,2.738207074678895,1.025106795698573,0.374022771605761,5.551115123125783e-17
glucose,full_patch,5,glucose_04_c0.1_wE06,4,0.1,0.36637823358699073,0.3663782335869907,0.26637823358699064,0.2722439236111111,0.48202788829803467,1.7705735426682692,,3.0208026282299847,2.463301182511513,1.109594141959647,0.3384789577758477,5.551115123125783e-17
glucose,full_patch,5,glucose_04_c0.1_wE09,4,0.1,0.014932876977299614,0.0149328769772996,0.0850671230227004,0.2670355902777778,0.46504658460617065,1.741515369252527,,2.8088334670345554,2.660797630941634,1.0518573438517052,0.3630186671614819,1.3877787807814457e-17
glucose,full_patch,5,glucose_04_c0.1_wF03,4,0.1,-0.22317468273299834,0.0,0.1,0.2661675347222222,0.4244484305381775,1.59466642309003,,2.5678776707629596,3.0451548816111447,0.9647599108744981,0.4149659528157373,5.551115123125783e-17
glucose,full_patch,5,glucose_04_c0.1_wG10,4,0.1,0.030271587438955194,0.0302715874389551,0.06972841256104491,0.2666015625,0.4425908327102661,1.6601209256238554,,2.6315786695869305,2.820133243872418,0.9870829881527535,0.38452948624838296,9.367506770274758e-17
glucose,full_patch,5,glucose_04_c0.1_wH03,4,0.1,-0.06488185047657602,0.0,0.1,0.2670355902777778,0.43960756063461304,1.6462508243838252,,2.7858946811577794,2.8689233550047213,1.0432671833218243,0.391413732638394,1.3877787807814457e-17
glucose,full_patch,5,glucose_04_c0.1_wH08,4,0.1,0.7251561021856192,0.7251561021856192,0.6251561021856192,0.2683376736111111,0.4707094430923462,1.7541683087501263,,3.5154155203196114,2.416275317720597,1.310071550152266,0.33024459926016647,0.0
glucose,full_patch,5,glucose_04_c0.1_wH11,4,0.1,-0.28602580933496746,0.0,0.1,0.2683376736111111,0.461577445268631,1.7201365691854846,,3.016247281267266,2.8035899007531526,1.1240491283525726,0.38318084717990597,5.551115123125783e-17
glucose,full_patch,5,glucose_05_c0.5_wA05,5,0.5,0.38936798392589633,0.3893679839258963,0.11063201607410372,0.2670355902777778,0.4469384253025055,1.673703586992235,,2.528117626184366,2.7105586548934983,0.9467343373797286,0.36980767673572884,5.551115123125783e-17
glucose,full_patch,5,glucose_05_c0.5_wA09,5,0.5,0.4139583369035691,0.4139583369035691,0.08604166309643091,0.2670355902777778,0.455734521150589,1.7066433754261796,0.0,2.5107769679446705,2.6604711398561154,0.9402405744241399,0.3629741232407692,0.0
glucose,full_patch,5,glucose_05_c0.5_wB02,5,0.5,0.3947542905172492,0.3947542905172492,0.1052457094827508,0.2670355902777778,0.42513999342918396,1.5920724012366352,,2.3579114527452214,2.7749186082864146,0.8829952031084909,0.3785884514280918,0.0
glucose,full_patch,5,glucose_05_c0.5_wB05,5,0.5,0.8977591979843114,0.8977591979843114,0.39775919798431136,0.2687717013888889,0.491842120885849,1.8299624489640631,,2.7362637559402976,2.2540540412016385,1.0180624454883238,0.308255854632947,0.0
glucose,full_patch,5,glucose_05_c0.5_wB09,5,0.5,0.9701960232251641,0.970196023225164,0.47019602322516396,0.2674696180555556,0.4828893542289734,1.805398900030109,0.0,2.495047264500111,2.246357013860514,0.9328338981595546,0.30665718026571614,1.1102230246251565e-16
glucose,full_patch,5,glucose_05_c0.5_wC11,5,0.5,0.2837441361616948,0.2837441361616948,0.2162558638383052,0.2648654513888889,0.473248690366745,1.7867513029168054,0.0,2.805553824264525,2.6274855862221234,1.0592373635568153,0.35741560387635557,0.0
glucose,full_patch,5,glucose_05_c0.5_wD01,5,0.5,0.4733148144108972,0.4733148144108972,0.026685185589102822,0.2722439236111111,0.46804091334342957,1.7191969140586079,,2.636864639893465,2.5651616232753103,0.9685669398668065,0.3524754662308821,0.0
glucose,full_patch,5,glucose_05_c0.5_wD04,5,0.5,0.3719707869860249,0.3719707869860249,0.12802921301397507,0.2709418402777778,0.45528411865234375,1.6803758259911894,,2.5542554274594442,2.6868193686174093,0.9427319991776627,0.36853292604819243,0.0
glucose,full_patch,5,glucose_05_c0.5_wD06,5,0.5,0.30213832539198204,0.302138325391982,0.197861674608018,0.2709418402777778,0.4740980565547943,1.749814853507803,,2.812850302786098,2.628101340446216,1.0381749455537315,0.36047896939354557,5.551115123125783e-17
glucose,full_patch,5,glucose_05_c0.5_wD08,5,0.5,0.2401846511153316,0.2401846511153316,0.2598153488846684,0.2679036458333333,0.4609842300415039,1.7207090579434996,0.0,2.689204346181144,2.711403749197176,1.0037953525478098,0.3703615970446298,0.0
glucose,full_patch,5,glucose_05_c0.5_wE01,5,0.5,0.557682101708469,0.557682101708469,0.05768210170846899,0.2722439236111111,0.48571479320526123,1.7841161953685483,,2.7020649096717335,2.424220199574815,0.992516150160809,0.3331088915950723,0.0
glucose,full_patch,5,glucose_05_c0.5_wE05,5,0.5,0.49220869426597336,0.4922086942659733,0.007791305734026699,0.2674696180555556,0.48159295320510864,1.800551990563197,,2.862191467165181,2.5037187880995404,1.070099657663055,0.341790436248339,5.551115123125783e-17
glucose,full_patch,5,glucose_05_c0.5_wE06,5,0.5,0.27350505719191087,0.2735050571919108,0.22649494280808918,0.2679036458333333,0.48687121272087097,1.8173370175923642,,2.971261786680917,2.543510088227175,1.109078518673606,0.3474283233007506,5.551115123125783e-17
glucose,full_patch,5,glucose_05_c0.5_wE09,5,0.5,0.867366859521038,0.867366859521038,0.367366859521038,0.2674696180555556,0.4839961528778076,1.809536935059584,,2.644608251938256,2.260440127202431,0.9887508985745624,0.3085797098548008,0.0
glucose,full_patch,5,glucose_05_c0.5_wF03,5,0.5,0.6693305063202288,0.6693305063202288,0.16933050632022884,0.2683376736111111,0.4803851246833801,1.7902261662280758,,2.774262639916422,2.383163945570722,1.0338699753121612,0.3257191001391039,0.0
glucose,full_patch,5,glucose_05_c0.5_wG10,5,0.5,0.7382324683205406,0.7382324683205406,0.23823246832054057,0.2648654513888889,0.4820566475391388,1.8200057614587066,,2.750741545243826,2.3866466498695518,1.0385429775078698,0.3246543988959083,0.0
glucose,full_patch,5,glucose_05_c0.5_wH03,5,0.5,0.4835065123572946,0.4835065123572946,0.016493487642705418,0.2679036458333333,0.45170170068740845,1.6860602970980787,,2.5494032523208032,2.6380585222348434,0.9516120037824433,0.36034307604737387,0.0
glucose,full_patch,5,glucose_05_c0.5_wH08,5,0.5,0.7351001446988548,0.7351001446988548,0.23510014469885476,0.2692057291666667,0.49869608879089355,1.8524720492933795,,3.770809887148487,2.200041068100672,1.400716804512715,0.3010479359111477,0.0
glucose,full_patch,5,glucose_05_c0.5_wH11,5,0.5,0.5146848183849766,0.5146848183849766,0.014684818384976595,0.2722439236111111,0.503910481929779,1.8509521727639873,,3.1665057452408476,2.3468227006333655,1.163113469435618,0.3224738036236335,0.0
glucose,full_patch,5,glucose_06_c1_wA05,6,1.0,0.6965968917195813,0.6965968917195813,0.3034031082804187,0.2679036458333333,0.4479401707649231,1.6720196896595916,,2.3800059406380405,2.451491362892492,0.8883813183037741,0.3348591136863377,0.0
glucose,full_patch,5,glucose_06_c1_wA09,6,1.0,0.4741537372367386,0.4741537372367386,0.5258462627632614,0.2739800347222222,0.4772177040576935,1.741797370532952,,2.7054809221939475,2.40434784186283,0.9874737496609671,0.33116828143189125,0.0
glucose,full_patch,5,glucose_06_c1_wB02,6,1.0,0.8463575563277113,0.8463575563277113,0.15364244367228874,0.2683376736111111,0.4498055577278137,1.676266890424396,,2.405820436106482,2.457634969538306,0.8965645426266615,0.3358974325858673,0.0
glucose,full_patch,5,glucose_06_c1_wB05,6,1.0,0.3811774374378185,0.3811774374378185,0.6188225625621815,0.2709418402777778,0.4513457715511322,1.6658400603184758,,2.539931626481921,2.625724525159619,0.937445329181313,0.36015295764058713,0.0
glucose,full_patch,5,glucose_06_c1_wB09,6,1.0,0.6412885055128363,0.6412885055128363,0.35871149448716366,0.2648654513888889,0.4663214087486267,1.7605973383971092,,2.6302589687296685,2.4092907974496396,0.9930547585339051,0.3277346714287214,0.0
glucose,full_patch,5,glucose_06_c1_wC11,6,1.0,0.3278538781351168,0.3278538781351168,0.6721461218648832,0.2744140625,0.503477931022644,1.8347380831572508,,3.068986540974845,2.379404918328782,1.118378013508271,0.3279287532124728,0.0
glucose,full_patch,5,glucose_06_c1_wD01,6,1.0,0.8591193761729246,0.8591193761729246,0.14088062382707545,0.2674696180555556,0.4425033926963806,1.6544061935455754,,2.3661027955530196,2.5102482116500724,0.8846248829134534,0.34268178815830347,0.0
glucose,full_patch,5,glucose_06_c1_wD04,6,1.0,0.6026498781810306,0.6026498781810306,0.39735012181896945,0.2683376736111111,0.4513034224510193,1.6818489046941343,,2.4745967786708416,2.6181652611301893,0.922195063171471,0.3578379214974911,0.0
glucose,full_patch,5,glucose_06_c1_wD06,6,1.0,0.796617037608657,0.796617037608657,0.20338296239134301,0.2744140625,0.49701616168022156,1.8111905678311278,,2.8852630393553973,2.270396313591407,1.0514268157650986,0.31290522545324373,0.0
glucose,full_patch,5,glucose_06_c1_wD08,6,1.0,0.6924058610291182,0.6924058610291182,0.30759413897088184,0.2722439236111111,0.506611704826355,1.860874241402825,0.0,2.9763596264534176,2.1892364030492053,1.0932694427020604,0.3008200788802964,0.0
glucose,full_patch,5,glucose_06_c1_wE01,6,1.0,0.6419876742276811,0.6419876742276811,0.3580123257723189,0.2679036458333333,0.44727808237075806,1.6695483220449197,,2.397597638669712,2.521514941219522,0.8949477455641988,0.3444239172710703,0.0
glucose,full_patch,5,glucose_06_c1_wE05,6,1.0,0.9644063806952361,0.964406380695236,0.03559361930476401,0.2696397569444444,0.5012536644935608,1.8589753609547914,,2.663351030126314,2.1562829012839746,0.9877441888790388,0.2952355254528764,1.1102230246251565e-16
glucose,full_patch,5,glucose_06_c1_wE06,6,1.0,0.6805494567064319,0.6805494567064319,0.31945054329356815,0.2692057291666667,0.4796302616596222,1.7816495330330826,,2.646910412251029,2.3986511696603032,0.9832295993271053,0.32822522909561036,0.0
glucose,full_patch,5,glucose_06_c1_wE09,6,1.0,0.8083213448646749,0.8083213448646749,0.19167865513532512,0.2661675347222222,0.49100956320762634,1.844738742161225,,2.8373501739354974,2.2848319974896993,1.0660015981650854,0.311356079977304,0.0
glucose,full_patch,5,glucose_06_c1_wF03,6,1.0,0.18919550307409594,0.1891955030740959,0.8108044969259041,0.2705078125,0.4329240024089813,1.6004121966310356,,2.495091858404475,2.861835711329922,0.9223733079444703,0.3923051898797645,2.7755575615628914e-17
glucose,full_patch,5,glucose_06_c1_wG10,6,1.0,0.8399240893035325,0.8399240893035325,0.16007591069646754,0.2687717013888889,0.5031120777130127,1.871893786113494,0.0,2.8799504918781818,2.2537028642047754,1.071522960563154,0.30820782900298577,0.0
glucose,full_patch,5,glucose_06_c1_wH03,6,1.0,0.4737850412060176,0.4737850412060176,0.5262149587939824,0.2670355902777778,0.44282266497612,1.658290808785015,,2.3941754546696616,2.717979558371443,0.8965754161005933,0.3708201274604178,0.0
glucose,full_patch,5,glucose_06_c1_wH08,6,1.0,0.9393609309971374,0.9393609309971374,0.060639069002862644,0.2679036458333333,0.4856652021408081,1.8128353596313034,0.0,2.6709073079567918,2.2062957613475356,0.9969656439906762,0.3013668554406238,0.0
glucose,full_patch,5,glucose_06_c1_wH11,6,1.0,0.33909472731364065,0.3390947273136406,0.6609052726863593,0.2718098958333333,0.4665525555610657,1.716466408004304,0.0,2.6800725497831044,2.7848526968031395,0.9860099249022393,0.3824348450862425,5.551115123125783e-17
glucose,full_patch,5,glucose_07_c2.5_wA05,7,2.5,2.580262921873555,2.580262921873555,0.0802629218735551,0.2648654513888889,0.4462110698223114,1.68467071670726,,1.9342619704480835,1.7419914946105348,0.7302809635251756,0.23696226737019468,0.0
glucose,full_patch,5,glucose_07_c2.5_wA09,7,2.5,2.6402439131219038,2.640243913121904,0.1402439131219042,0.2683376736111111,0.4574861526489258,1.7048897625606552,0.0,1.981173662899034,1.5471443023514824,0.7383136464730083,0.2114560565100291,4.440892098500626e-16
glucose,full_patch,5,glucose_07_c2.5_wB02,7,2.5,2.33205563914461,2.33205563914461,0.16794436085538988,0.2648654513888889,0.43948236107826233,1.6592664644396826,,2.2157481510881625,2.027268356201455,0.8365561229180052,0.2757683420037285,0.0
glucose,full_patch,5,glucose_07_c2.5_wB05,7,2.5,2.509624584722083,2.509624584722083,0.00962458472208283,0.2648654513888889,0.48765432834625244,1.8411398156653267,0.0,2.577586251488756,1.6504080575432232,0.9731681644293478,0.22450421635894238,0.0
glucose,full_patch,5,glucose_07_c2.5_wB09,7,2.5,2.080867731700787,2.080867731700787,0.4191322682992129,0.2709418402777778,0.49469494819641113,1.8258344583813075,0.0,2.3860273122067155,1.734009683429266,0.880641878626235,0.237842435518442,0.0
glucose,full_patch,5,glucose_07_c2.5_wC11,7,2.5,2.0812503633266215,2.081250363326621,0.41874963667337894,0.2709418402777778,0.4797663986682892,1.7707357349327004,0.0,2.8200739678232023,1.6136903524578687,1.0408410767904939,0.22133904283750142,4.440892098500626e-16
glucose,full_patch,5,glucose_07_c2.5_wD01,7,2.5,2.390050808089265,2.390050808089265,0.10994919191073516,0.2696397569444444,0.46427497267723083,1.7218342648665432,,3.006406710547749,1.8892655513505656,1.1149715993725577,0.25867584788659653,0.0
glucose,full_patch,5,glucose_07_c2.5_wD04,7,2.5,2.7739035902156615,2.773903590215661,0.273903590215661,0.2670355902777778,0.45541173219680786,1.7054345891612275,0.0,1.82338579688555,1.5492338452988084,0.6828250103249586,0.21136549397888704,4.440892098500626e-16
glucose,full_patch,5,glucose_07_c2.5_wD06,7,2.5,2.7737594563462005,2.7737594563462005,0.27375945634620047,0.2705078125,0.5142567157745361,1.9010789781701263,0.0,3.1730362637309955,1.3567775034614304,1.17299246716987,0.1859893123888226,0.0
glucose,full_patch,5,glucose_07_c2.5_wD08,7,2.5,2.5324594508752973,2.5324594508752973,0.032459450875297335,0.2683376736111111,0.47393280267715454,1.7661806346432092,0.0,2.5891639687941614,1.6179863978115092,0.9648902198304485,0.22113840489738798,0.0
glucose,full_patch,5,glucose_07_c2.5_wE01,7,2.5,2.2745115853217768,2.2745115853217768,0.22548841467822323,0.2726779513888889,0.4344039559364319,1.5931026095941727,,2.0151421985733537,1.9257180819689013,0.7390191206546769,0.2647682805225331,0.0
glucose,full_patch,5,glucose_07_c2.5_wE05,7,2.5,2.360342906426002,2.360342906426002,0.13965709357399803,0.2661675347222222,0.4803294837474823,1.804613339672563,0.0,2.047523544619204,1.7675385261927596,0.7692611898577492,0.2408640404760088,0.0
glucose,full_patch,5,glucose_07_c2.5_wE06,7,2.5,3.0959301092207325,3.0959301092207325,0.5959301092207325,0.2739800347222222,0.5055599808692932,1.8452438747292699,0.0,2.711618257821961,1.2802334601807277,0.9897138163994929,0.17633584769131053,0.0
glucose,full_patch,5,glucose_07_c2.5_wE09,7,2.5,2.4581072776260395,2.4581072776260395,0.04189272237396047,0.2683376736111111,0.5006323456764221,1.8656804277209489,0.0,2.422404739921385,1.602687702415822,0.9027449285529917,0.21904745462648995,0.0
glucose,full_patch,5,glucose_07_c2.5_wF03,7,2.5,2.4011345832028654,2.401134583202865,0.09886541679713501,0.2722439236111111,0.4925438463687897,1.809200513405646,,2.474721079202257,1.6832473869684872,0.9090087471473894,0.23129279735055283,4.440892098500626e-16
glucose,full_patch,5,glucose_07_c2.5_wG10,7,2.5,2.931791095734207,2.931791095734207,0.4317910957342068,0.2679036458333333,0.4920489192008972,1.8366637664461196,0.0,2.1430958218228744,1.21960048216099,0.7999502265662055,0.1665901592351517,0.0
glucose,full_patch,5,glucose_07_c2.5_wH03,7,2.5,2.9382333222753134,2.9382333222753134,0.4382333222753134,0.2713758680555556,0.4699054956436157,1.7315669923436874,,1.761520016398082,1.422886772200969,0.6491070960065863,0.19528405796878825,0.0
glucose,full_patch,5,glucose_07_c2.5_wH08,7,2.5,2.3329602583474154,2.3329602583474154,0.16703974165258462,0.2674696180555556,0.4867013096809387,1.8196508194805399,0.0,2.691152567263022,1.592086497053014,1.0061526190627184,0.21734067777870802,0.0
glucose,full_patch,5,glucose_07_c2.5_wH11,7,2.5,2.4686173043808184,2.4686173043808184,0.03138269561918161,0.2674696180555556,0.4883728623390198,1.8259003242662903,0.0,2.582157723925822,1.4782997749110312,0.9654022549168508,0.20180729855695548,0.0
glucose,full_patch,5,glucose_08_c5_wA05,8,5.0,4.2486383412767275,4.248638341276728,0.7513616587232717,0.2718098958333333,0.4274474084377289,1.5725969325996445,0.0,2.4289634779916387,0.8354986510419202,0.8936258448371635,0.11473633687978449,8.881784197001252e-16
glucose,full_patch,5,glucose_08_c5_wA09,8,5.0,4.7859496230596505,4.7859496230596505,0.21405037694034945,0.2683376736111111,0.3586375117301941,1.3365156927236024,0.0004842343332711607,5.705836921768309,0.34043001522209426,2.126364458997846,0.04652829631153523,0.0
glucose,full_patch,5,glucose_08_c5_wB02,8,5.0,4.315805819385217,4.315805819385217,0.6841941806147833,0.2670355902777778,0.41979295015335083,1.5720486910253073,0.00026794534642249346,3.1258287385037766,0.8966551097381048,1.170566341082926,0.12233269417241116,0.0
glucose,full_patch,5,glucose_08_c5_wB05,8,5.0,6.170663689620444,6.170663689620444,1.1706636896204436,0.2648654513888889,0.24684280157089233,0.9319554523872772,0.00699939951300621,5.798837434663739,0.7088067715049835,2.189352142476895,0.09641864510981443,0.0
glucose,full_patch,5,glucose_08_c5_wB09,8,5.0,4.6547895437994375,4.6547895437994375,0.34521045620056245,0.2722439236111111,0.35895535349845886,1.3185063921250686,0.0004000728658866137,5.263752712590098,0.3820012890056015,1.9334693104515883,0.05249029192598217,0.0
glucose,full_patch,5,glucose_08_c5_wC11,8,5.0,7.622126992241379,7.622126992241379,2.6221269922413786,0.2726779513888889,0.18512067198753357,0.6788985726371306,0.003914838656783104,7.022829221924969,2.2007102752860224,2.5755031480008164,0.30257714302604777,0.0
glucose,full_patch,5,glucose_08_c5_wD01,8,5.0,4.3191982409357035,4.319198240935704,0.6808017590642956,0.2670355902777778,0.4065474271774292,1.522446602546602,0.0,3.4330322636063606,0.7260229301333334,1.2856085063549867,0.0990529581659334,8.881784197001252e-16
glucose,full_patch,5,glucose_08_c5_wD04,8,5.0,4.960167232207231,4.960167232207231,0.039832767792768564,0.2679036458333333,0.32590794563293457,1.2165117970648542,0.0,3.162914343300132,0.4362942182584044,1.1806163867093569,0.05959519068429606,0.0
glucose,full_patch,5,glucose_08_c5_wD06,8,5.0,6.114808331305489,6.114808331305489,1.1148083313054888,0.2648654513888889,0.15666627883911133,0.5914938245724088,0.022992320358753204,4.815142787725056,0.08868403696395344,1.8179580471804224,0.012063647006048634,0.0
glucose,full_patch,5,glucose_08_c5_wD08,8,5.0,5.8380608502438385,5.838060850243839,0.8380608502438394,0.2722439236111111,0.2322327047586441,0.8530317285993081,0.005138557404279709,6.090834338838354,0.18529817409730676,2.2372709950870577,0.025461577046082887,8.881784197001252e-16
glucose,full_patch,5,glucose_08_c5_wE01,8,5.0,4.928413386101355,4.928413386101355,0.07158661389864474,0.2683376736111111,0.29117539525032043,1.0851081450169644,0.002366887405514717,4.490114541532509,0.6785939035987818,1.6733075460882978,0.09274686957684079,0.0
glucose,full_patch,5,glucose_08_c5_wE05,8,5.0,5.3167321531868055,5.3167321531868055,0.3167321531868055,0.2713758680555556,0.24256892502307892,0.8938485457867633,0.0006912367534823716,2.6568744374122577,0.4679996630562515,0.9790385771767839,0.06423060155958919,0.0
glucose,full_patch,5,glucose_08_c5_wE06,8,5.0,5.113240263348917,5.113240263348917,0.11324026334891713,0.2670355902777778,0.25887227058410645,0.9694298438452357,1.639149741095025e-05,2.5096663258991043,0.4793921613716021,0.9398246590607942,0.06540456194227513,0.0
glucose,full_patch,5,glucose_08_c5_wE09,8,5.0,5.871241900369282,5.871241900369282,0.8712419003692817,0.2713758680555556,0.16397324204444885,0.60422926776555,0.0011410926235839725,4.646421053785409,0.04000590829238426,1.7121717885520324,0.005490609840992008,0.0
glucose,full_patch,5,glucose_08_c5_wF03,8,5.0,4.818237998778099,4.818237998778099,0.18176200122190078,0.2744140625,0.24802754819393158,0.9038441613899856,0.0,3.0017561287234225,0.8039928336440756,1.0938783899689626,0.11080601098943922,0.0
glucose,full_patch,5,glucose_08_c5_wG10,8,5.0,5.009883214324889,5.009883214324889,0.009883214324888812,0.2713758680555556,0.3328341841697693,1.2264693487839238,0.0,3.5579920979806197,0.40298640398741004,1.311093769491779,0.05530785851300032,0.0
glucose,full_patch,5,glucose_08_c5_wH03,8,5.0,4.662932609724164,4.662932609724164,0.3370673902758359,0.2648654513888889,0.31304603815078735,1.181905894140785,0.00029624332091771066,2.9891045493895554,0.7317117386786176,1.128536973665471,0.09953439680682125,0.0
glucose,full_patch,5,glucose_08_c5_wH08,8,5.0,5.141824284151256,5.141824284151256,0.14182428415125603,0.2661675347222222,0.29933038353919983,1.1245938910302755,0.000518291664775461,3.4461979170899744,0.2122133824997956,1.2947476560905506,0.028918505590982052,0.0
glucose,full_patch,5,glucose_08_c5_wH11,8,5.0,4.92374095525469,4.92374095525469,0.07625904474530998,0.2700737847222222,0.34191417694091797,1.266002834346123,0.00023472153407055885,3.0252026181921785,0.04052652719483518,1.1201393061172809,0.005552140250150156,0.0
glucose,full_patch,5,glucose_09_c10_wA05,9,10.0,9.82627468114211,9.82627468114211,0.17372531885789044,0.2718098958333333,0.5592506527900696,2.057506593258795,0.6155754327774048,0.4964428348079757,1.2783212974512068,0.18264339982396427,0.1755477436642873,0.0
glucose,full_patch,5,glucose_09_c10_wA09,9,10.0,9.319636564948993,9.319636564948992,0.6803634350510084,0.2705078125,0.5312477350234985,1.963890543913583,0.5929549932479858,0.06732564711302658,1.3011744789579964,0.02488861467283004,0.1783671574903599,1.7763568394002505e-15
glucose,full_patch,5,glucose_09_c10_wB02,9,10.0,10.135289335909643,10.135289335909643,0.13528933590964343,0.2670355902777778,0.5078479051589966,1.9017985753536417,0.5433403253555298,0.14605379630789983,0.7180840953319958,0.054694505760812875,0.09796984489385158,0.0
glucose,full_patch,5,glucose_09_c10_wB05,9,10.0,11.144077112189706,11.144077112189706,1.1440771121897058,0.2731119791666667,0.48449480533599854,1.7739785959382448,0.5102086663246155,0.34459023829336033,0.21779543443251193,0.12617177735842705,0.029962721655919247,0.0
glucose,full_patch,5,glucose_09_c10_wB09,9,10.0,10.493532077655908,10.493532077655908,0.49353207765590845,0.2739800347222222,0.519569993019104,1.8963790319461635,0.5610470175743103,0.3086774133657837,0.5221842679420376,0.11266419966649753,0.07192422976167717,0.0
glucose,full_patch,5,glucose_09_c10_wC11,9,10.0,10.963636239539241,10.96363623953924,0.9636362395392393,0.2670355902777778,0.43863552808761597,1.6426107382590283,0.46208417415618896,0.035192553740131416,0.23677372417798992,0.013178975021091065,0.03230357723204079,1.7763568394002505e-15
glucose,full_patch,5,glucose_09_c10_wD01,9,10.0,9.586533073364773,9.586533073364771,0.41346692663522866,0.2713758680555556,0.5598303079605103,2.0629332739560424,0.6076936721801758,0.23417692556852998,1.255174672127307,0.08629246485564063,0.17226641516493316,1.7763568394002505e-15
glucose,full_patch,5,glucose_09_c10_wD04,9,10.0,9.770543051003772,9.770543051003772,0.22945694899622815,0.2687717013888889,0.5520849227905273,2.0541036126110215,0.6033133268356323,0.45042789790259086,1.2191861968262554,0.16758754570328127,0.1667312656173137,0.0
glucose,full_patch,5,glucose_09_c10_wD06,9,10.0,10.419539243680653,10.419539243680653,0.4195392436806529,0.2687717013888889,0.5660234093666077,2.105963561050729,0.5990625023841858,0.6993673966147931,0.8440348002888172,0.2602087172871188,0.11542698797242526,0.0
glucose,full_patch,5,glucose_09_c10_wD08,9,10.0,10.838641914567077,10.838641914567075,0.8386419145670754,0.2683376736111111,0.47226250171661377,1.7599560112496209,0.5026858448982239,0.322594693125847,0.05013031722237571,0.12021968022029139,0.006851564637719332,1.7763568394002505e-15
glucose,full_patch,5,glucose_09_c10_wE01,9,10.0,9.987531415399275,9.987531415399276,0.012468584600723531,0.2670355902777778,0.5006178617477417,1.8747233701207588,0.5341026186943054,0.059356875667187836,0.6141309263419892,0.022228076641560467,0.08378727782631787,1.7763568394002505e-15
glucose,full_patch,5,glucose_09_c10_wE05,9,10.0,8.988974356731926,8.988974356731926,1.0110256432680735,0.2679036458333333,0.5665124654769897,2.1146127508448513,0.6319184899330139,0.3213922503474702,2.0193298449050037,0.11996561276639474,0.27582842523557893,0.0
glucose,full_patch,5,glucose_09_c10_wE06,9,10.0,9.994375783399374,9.994375783399374,0.005624216600626397,0.2687717013888889,0.5242781043052673,1.9506447352754719,0.564213752746582,0.483489101910056,1.131256573257776,0.17988839576919968,0.1547063448455804,0.0
glucose,full_patch,5,glucose_09_c10_wE09,9,10.0,10.680265070580113,10.680265070580113,0.6802650705801128,0.2739800347222222,0.5297905206680298,1.933682945931312,0.5718669891357422,0.7472791670950762,0.6077026353959969,0.2727494971860682,0.08370329528933652,0.0
glucose,full_patch,5,glucose_09_c10_wF03,9,10.0,9.223527145208664,9.223527145208664,0.7764728547913364,0.2670355902777778,0.5663104057312012,2.1207300687601585,0.6191000938415527,0.30119360062989564,1.6674986713905966,0.11279155722897677,0.22750063294649503,0.0
glucose,full_patch,5,glucose_09_c10_wG10,9,10.0,11.010024252233814,11.010024252233814,1.0100242522338139,0.2700737847222222,0.46776559948921204,1.731991870185849,0.4950750172138214,0.38640180155261206,0.1507086832357185,0.14307267991598527,0.02064711200684379,0.0
glucose,full_patch,5,glucose_09_c10_wH03,9,10.0,8.800506979455864,8.800506979455864,1.1994930205441356,0.2744140625,0.5646577477455139,2.057685173279026,0.640550434589386,0.09336092222405767,1.8497806352355006,0.034021916141435966,0.2549361198494149,0.0
glucose,full_patch,5,glucose_09_c10_wH08,9,10.0,11.644348652215193,11.644348652215193,1.6443486522151929,0.2726779513888889,0.462268590927124,1.695291418219011,0.4809293746948242,0.4352090335589125,0.49862753796193715,0.15960550948185187,0.06855663717525307,0.0
glucose,full_patch,5,glucose_09_c10_wH11,9,10.0,12.135596695324665,12.135596695324663,2.1355966953246632,0.2679036458333333,0.507693350315094,1.8950595044568272,0.5196824669837952,1.0382743010609499,0.25583522933429315,0.38755512185409946,0.034945568008668236,1.7763568394002505e-15
glucose,full_patch,5,glucose_10_c15_wA05,10,15.0,15.929395237872441,15.92939523787244,0.9293952378724395,0.2692057291666667,0.42768219113349915,1.5886816096277017,0.4304797947406769,2.2087432500093502,3.3059690999996114,0.8204666582864237,0.45238027061019187,1.7763568394002505e-15
glucose,full_patch,5,glucose_10_c15_wA09,10,15.0,14.95888535609067,14.95888535609067,0.04111464390932973,0.2718098958333333,0.39498990774154663,1.4531844270443488,0.3987034559249878,1.304759510340947,2.9363166892940153,0.4800264929062742,0.4032349069964781,0.0
glucose,full_patch,5,glucose_10_c15_wB02,10,15.0,14.459321346137099,14.4593213461371,0.5406786538628996,0.2683376736111111,0.40772107243537903,1.5194328360551772,0.419778048992157,1.0573804001216143,2.776308982518895,0.39404843378571763,0.37945222575847753,1.7763568394002505e-15
glucose,full_patch,5,glucose_10_c15_wB05,10,15.0,15.425732570316017,15.425732570316017,0.42573257031601663,0.2718098958333333,0.4104214310646057,1.5099576481802022,0.4138035476207733,1.7836534493022462,3.1867401298058926,0.6562135803900001,0.4376247509505454,0.0
glucose,full_patch,5,glucose_10_c15_wB09,10,15.0,15.63271119582132,15.63271119582132,0.6327111958213205,0.2661675347222222,0.4123256802558899,1.5491208598606936,0.4160803556442261,1.9129415302088546,3.078411980269923,0.7186982936161764,0.4194979271058349,0.0
glucose,full_patch,5,glucose_10_c15_wC11,10,15.0,15.45952917558562,15.45952917558562,0.45952917558562056,0.2648654513888889,0.4001927673816681,1.5109285310075595,0.40863680839538574,1.8906636897003235,3.2264454274036805,0.7138204245914864,0.4388918237483737,0.0
glucose,full_patch,5,glucose_10_c15_wD01,10,15.0,15.153070308961931,15.153070308961931,0.1530703089619312,0.2739800347222222,0.35524776577949524,1.296619172049041,0.36302632093429565,0.3236299087628609,3.760301353493185,0.11812171244192184,0.5179336014615632,0.0
glucose,full_patch,5,glucose_10_c15_wD04,10,15.0,15.122689118974748,15.122689118974748,0.12268911897474766,0.2687717013888889,0.41236335039138794,1.5342513674634763,0.4191717207431793,1.876764725293837,2.9085020377669064,0.6982746753454987,0.3977556726526162,0.0
glucose,full_patch,5,glucose_10_c15_wD06,10,15.0,13.333247221622157,13.333247221622155,1.6667527783778446,0.2731119791666667,0.4553091824054718,1.6671153853988192,0.4703333079814911,1.3294557738414845,1.554995019398719,0.4867804692778355,0.2139249753512255,1.7763568394002505e-15
glucose,full_patch,5,glucose_10_c15_wD08,10,15.0,14.16695256065288,14.16695256065288,0.8330474393471192,0.2713758680555556,0.4225962162017822,1.5572357970874149,0.4336857795715332,1.5284297935135118,2.1930151392042347,0.5632150730516003,0.30098030562779193,0.0
glucose,full_patch,5,glucose_10_c15_wE01,10,15.0,13.6304647978862,13.6304647978862,1.3695352021138003,0.2713758680555556,0.3800514340400696,1.4004614218765616,0.3921795189380646,0.010223948895090373,2.621577690213659,0.0037674495408697673,0.35979836177228713,0.0
glucose,full_patch,5,glucose_10_c15_wE05,10,15.0,14.495928163701334,14.495928163701334,0.5040718362986656,0.2648654513888889,0.41103559732437134,1.551865655445066,0.41819658875465393,1.5356691360951178,2.5134916218728076,0.5797921654343551,0.3419090595893696,0.0
glucose,full_patch,5,glucose_10_c15_wE06,10,15.0,13.273234178505046,13.273234178505046,1.7267658214949542,0.2679036458333333,0.44184306263923645,1.6492611038004064,0.45862096548080444,1.192126456394444,1.5800337003791896,0.44498328967724576,0.2158231893092428,0.0
glucose,full_patch,5,glucose_10_c15_wE09,10,15.0,14.652008421613571,14.652008421613573,0.34799157838642714,0.2709418402777778,0.4158112704753876,1.5346882934325878,0.42324841022491455,1.595840646836665,2.592020691137485,0.588997493041518,0.35553002961040425,1.7763568394002505e-15
glucose,full_patch,5,glucose_10_c15_wF03,10,15.0,15.14288537973316,15.14288537973316,0.14288537973316018,0.2731119791666667,0.39479050040245056,1.445526123046875,0.3993493318557739,1.438849399163857,3.3072002102879363,0.5268349647474814,0.45498070067194546,0.0
glucose,full_patch,5,glucose_10_c15_wG10,10,15.0,16.627510421726306,16.627510421726306,1.6275104217263063,0.2713758680555556,0.35669320821762085,1.314388087538422,0.3616815507411957,1.2484015747422141,4.710510656633119,0.4600267458146439,0.6464939123087241,0.0
glucose,full_patch,5,glucose_10_c15_wH03,10,15.0,14.753752599698135,14.753752599698135,0.24624740030186487,0.2705078125,0.3605312705039978,1.3327942996248872,0.367374062538147,0.7433564961505166,3.4773578082241148,0.2748003798043787,0.4766819806722214,0.0
glucose,full_patch,5,glucose_10_c15_wH08,10,15.0,15.250135312367194,15.250135312367194,0.25013531236719366,0.2679036458333333,0.408014178276062,1.5229885245006836,0.4198576807975769,1.2051096531220349,3.274971558548547,0.4498295084314571,0.44734160195025063,0.0
glucose,full_patch,5,glucose_10_c15_wH11,10,15.0,17.669959827083304,17.669959827083304,2.6699598270833036,0.2722439236111111,0.41412705183029175,1.5211617814539533,0.4208458960056305,2.322319146505256,4.633752602427457,0.853028826392684,0.6367178169669218,0.0
glucose,full_patch,5,glucose_11_c20_wA05,11,20.0,19.398620232788232,19.398620232788232,0.6013797672117676,0.2722439236111111,0.40934208035469055,1.5035857363686043,0.41558998823165894,3.2661228538112397,5.574798654540384,1.1997045922967073,0.7660257104554075,0.0
glucose,full_patch,5,glucose_11_c20_wA09,11,20.0,19.549790383302145,19.549790383302145,0.45020961669785464,0.2670355902777778,0.3756869435310364,1.4068796715083425,0.38010889291763306,2.7154319325047425,6.037796459235484,1.0168801580643523,0.8237502911667538,0.0
glucose,full_patch,5,glucose_11_c20_wB02,11,20.0,21.77066237897869,20.0,0.0,0.2731119791666667,0.4127497673034668,1.5112840109132895,0.41428419947624207,4.131700093346453,6.3567280816457465,1.5128227278617763,0.8745127033952412,0.0
glucose,full_patch,5,glucose_11_c20_wB05,11,20.0,18.383602449172653,18.383602449172653,1.6163975508273474,0.2674696180555556,0.42976143956184387,1.6067673131853764,0.43696942925453186,3.057565126299634,4.69386837078855,1.1431448358611533,0.6407745653264298,0.0
glucose,full_patch,5,glucose_11_c20_wB09,11,20.0,18.823159786566883,18.823159786566883,1.1768402134331168,0.2739800347222222,0.41943198442459106,1.5308852152305075,0.4264066815376282,3.2420978878353264,5.052322933580545,1.183333629080807,0.6958931124776312,0.0
glucose,full_patch,5,glucose_11_c20_wC11,11,20.0,20.942461201857995,20.0,0.0,0.2683376736111111,0.3895000219345093,1.4515293983616813,0.39097070693969727,3.793006204425602,6.473117375715166,1.4135198212691609,0.8847137733144146,0.0
glucose,full_patch,5,glucose_11_c20_wD01,11,20.0,17.656794273139656,17.656794273139656,2.3432057268603437,0.2670355902777778,0.3820117712020874,1.4305650074760006,0.3871472477912903,1.7575524778142544,4.620887261018543,0.6581716227361304,0.6304381494825596,0.0
glucose,full_patch,5,glucose_11_c20_wD04,11,20.0,18.92698554440156,18.92698554440156,1.0730144555984396,0.2739800347222222,0.4544074535369873,1.65854221457302,0.4623916447162628,4.15701509727003,4.435626663258059,1.5172693519382414,0.6109510585650317,0.0
glucose,full_patch,5,glucose_11_c20_wD06,11,20.0,18.735378278466467,18.735378278466467,1.2646217215335334,0.2713758680555556,0.4393104314804077,1.6188264440317621,0.4471783936023712,3.4859158562633326,4.749277889599833,1.284534207569887,0.6518145201869258,0.0
glucose,full_patch,5,glucose_11_c20_wD08,11,20.0,20.31898108383419,20.0,0.0,0.2674696180555556,0.4640307128429413,1.7348912979961648,0.4714081287384033,5.365945492412363,4.705482693916117,2.0061887893741317,0.6423600726874676,0.0
glucose,full_patch,5,glucose_11_c20_wE01,11,20.0,17.384879756003382,17.384879756003382,2.6151202439966177,0.2679036458333333,0.4075307846069336,1.5211841680589309,0.4147408902645111,2.1679151416052616,4.023261255369292,0.8092144975712472,0.5495535160735644,0.0
glucose,full_patch,5,glucose_11_c20_wE05,11,20.0,16.965589551822713,16.965589551822713,3.0344104481772867,0.2679036458333333,0.39665237069129944,1.480578472373842,0.39977580308914185,2.3099610607584786,4.254252105734981,0.8622357689732743,0.5811054899429907,0.0
glucose,full_patch,5,glucose_11_c20_wE06,11,20.0,20.721442663355624,20.0,0.0,0.2670355902777778,0.4292745292186737,1.6075554901581863,0.43333303928375244,4.704610723821865,5.592218944752158,1.7617916469216703,0.7629591383395395,0.0
glucose,full_patch,5,glucose_11_c20_wE09,11,20.0,18.25545390178648,18.25545390178648,1.7445460982135188,0.2674696180555556,0.45135679841041565,1.6875067968155741,0.46075373888015747,3.8919361886169312,4.054989022004314,1.4550946821214457,0.5535591590400201,0.0
glucose,full_patch,5,glucose_11_c20_wF03,11,20.0,18.111890993565176,18.111890993565176,1.8881090064348243,0.2709418402777778,0.4378262162208557,1.615941693508773,0.4438844919204712,3.467444424020128,4.26842898572402,1.2797744418009411,0.5854716703740522,0.0
glucose,full_patch,5,glucose_11_c20_wG10,11,20.0,22.686926961380955,20.0,0.0,0.2683376736111111,0.4303131103515625,1.6036254043671654,0.43201905488967896,5.329578367084082,6.498848058532992,1.9861461476363487,0.8882305162010985,0.0
glucose,full_patch,5,glucose_11_c20_wH03,11,20.0,15.5932615168539,15.5932615168539,4.4067384831461,0.2709418402777778,0.3701649010181427,1.3662153495327205,0.37602153420448303,1.2045936379429687,3.7942500558294583,0.44459491258639966,0.5204317385700892,0.0
glucose,full_patch,5,glucose_11_c20_wH08,11,20.0,21.565883984861898,20.0,0.0,0.2683376736111111,0.45371174812316895,1.69082388625278,0.4555981159210205,5.538441085048753,5.283236540933316,2.063981926397465,0.7220867264013267,3.552713678800501e-15
glucose,full_patch,5,glucose_11_c20_wH11,11,20.0,21.796475879047478,20.0,0.0,0.2679036458333333,0.41310060024261475,1.5419745369930895,0.4149371385574341,4.424710712525613,6.449340861492125,1.6516052623181876,0.8809415351935886,3.552713678800501e-15
ketone,roi_masked,1,ketone_01_c0_wA06,1,0.0,0.22473945911964943,0.2247394591196494,0.2247394591196494,0.2722439236111111,0.8616155385971069,3.1648660038704417,0.0,1.6718631337990146,0.02358104202996958,0.6141048481901842,0.003240239799436405,2.7755575615628914e-17
ketone,roi_masked,1,ketone_01_c0_wA11,1,0.0,0.18115774586511235,0.1811577458651123,0.1811577458651123,0.2709418402777778,0.8576107025146484,3.1652944470865036,0.0,1.713988626258009,0.028600215747032864,0.6326038918539773,0.003922899067192363,5.551115123125783e-17
ketone,roi_masked,1,ketone_01_c0_wA12,1,0.0,0.29325833908263155,0.2932583390826315,0.2932583390826315,0.2735460069444444,0.8700871467590332,3.1807707832333403,0.0,1.603727359057702,0.019303149252397178,0.5862733574405309,0.0026571743616145243,5.551115123125783e-17
ketone,roi_masked,1,ketone_01_c0_wC01,1,0.0,0.007297319074668351,0.0072973190746683,0.0072973190746683,0.2752821180555556,0.8423410058021545,3.0599190813845705,,1.8873133838004554,0.019430796378266724,0.6855924377258572,0.0026811531579893117,5.117434254131581e-17
ketone,roi_masked,1,ketone_01_c0_wC03,1,0.0,-0.018830615845880416,0.0,0.0,0.2744140625,0.8345862030982971,3.0413390461660366,,1.9135506405189697,0.027134794477370328,0.6973223686446353,0.0037397078795191408,1.734723475976807e-17
ketone,roi_masked,1,ketone_01_c0_wC09,1,0.0,-0.011034865073363154,0.0,0.0,0.2679036458333333,0.8276009559631348,3.0891739206789186,,1.9057165502364903,0.04805218581916426,0.7113440148634871,0.006563642278189089,5.377642775528102e-17
ketone,roi_masked,1,ketone_01_c0_wD02,1,0.0,-0.013459152193754598,0.0,0.0,0.2687717013888889,0.8284749388694763,3.0824485412277327,,1.9087557693195907,0.038211257873547844,0.7101773585001756,0.005225626243695161,9.71445146547012e-17
ketone,roi_masked,1,ketone_01_c0_wD03,1,0.0,-0.007505512787463697,0.0,0.0,0.2739800347222222,0.8360683917999268,3.0515668510210396,,1.9025237084423687,0.031260438313344796,0.6944023167130642,0.004305727088563528,9.71445146547012e-17
ketone,roi_masked,1,ketone_01_c0_wE02,1,0.0,0.020425210924991166,0.0204252109249911,0.0204252109249911,0.2666015625,0.8310539722442627,3.1172134343521063,,1.8743197684587243,0.03955487998993146,0.7030415541764592,0.005393368456683065,6.591949208711867e-17
ketone,roi_masked,1,ketone_01_c0_wE03,1,0.0,0.029670653937442282,0.0296706539374422,0.0296706539374422,0.2661675347222222,0.8293034434318542,3.11571974507459,,1.8652710391449874,0.0387656053443477,0.7007883365984593,0.005282623375033393,8.326672684688674e-17
ketone,roi_masked,1,ketone_01_c0_wE08,1,0.0,-0.019087321677210944,0.0,0.0,0.2752821180555556,0.8391084671020508,3.0481764417865587,,1.9140416685624027,0.019252735695576284,0.6953018532704416,0.0026565835030757756,4.5102810375396984e-17
ketone,roi_masked,1,ketone_01_c0_wE10,1,0.0,-0.01989676174552324,0.0,0.0,0.2722439236111111,0.8312036395072937,3.0531577288558065,,1.9159185022658891,0.02512168032640849,0.7037506941762629,0.003451936870257651,3.8163916471489756e-17
ketone,roi_masked,1,ketone_01_c0_wE11,1,0.0,-0.038140419687777705,0.0,0.0,0.2722439236111111,0.8263241052627563,3.0352343380237397,,1.9346764036944926,0.03776257721784404,0.7106408025686906,0.005188905794537807,6.938893903907228e-18
ketone,roi_masked,1,ketone_01_c0_wF01,1,0.0,0.020202181349616488,0.0202021813496164,0.0202021813496164,0.2705078125,0.8351544141769409,3.0873578343580776,,1.8745801670830924,0.026909143397041202,0.6929855924523779,0.0036887500453239882,8.673617379884035e-17
ketone,roi_masked,1,ketone_01_c0_wF12,1,0.0,0.017872470061821133,0.0178724700618211,0.0178724700618211,0.2700737847222222,0.8364905714988708,3.0972668167672133,,1.8777789450735296,0.02708518753745892,0.6952836784972941,0.003710674718971628,3.122502256758253e-17
ketone,roi_masked,1,ketone_01_c0_wG06,1,0.0,-0.03434871525218375,0.0,0.0,0.2705078125,0.8269999623298645,3.057212857132784,,1.9317566773444468,0.04048511094038609,0.7141223240435789,0.005549766211908349,4.85722573273506e-17
ketone,roi_masked,1,ketone_01_c0_wG09,1,0.0,0.019180802688430365,0.0191808026884303,0.0191808026884303,0.2700737847222222,0.8339838981628418,3.0879853778500403,,1.8759470046423918,0.02439794330469125,0.6946053674079665,0.0033425218596110384,6.591949208711867e-17
ketone,roi_masked,1,ketone_01_c0_wG11,1,0.0,-0.007723299352929036,0.0,0.0,0.2666015625,0.8247938752174377,3.0937323378119275,,1.9045274708785405,0.04453977248835672,0.7143722088570057,0.006073066182167414,3.642919299551295e-17
ketone,roi_masked,1,ketone_01_c0_wG12,1,0.0,-0.0031931371370257366,0.0,0.0,0.2705078125,0.8336642384529114,3.0818490259053473,,1.899417313294805,0.034050727856253626,0.7021672667198124,0.004667730297831823,3.686287386450715e-17
ketone,roi_masked,1,ketone_01_c0_wH05,1,0.0,-0.07969228149048879,0.0,0.0,0.2700737847222222,0.8320854902267456,3.0809561582682554,0.0,1.9843340344373892,0.0399142278229494,0.7347377445309354,0.005468255145180641,9.71445146547012e-17
ketone,roi_masked,1,ketone_02_c0.01_wA06,2,0.01,0.0015431156991598804,0.0015431156991598,0.0084568843008402,0.2739800347222222,0.8387575149536133,3.0613818842821785,,1.8929106497735813,0.028313866744291705,0.6908936454777556,0.003899874397181174,8.044780119842443e-17
ketone,roi_masked,1,ketone_02_c0.01_wA11,2,0.01,0.06726908461427827,0.0672690846142782,0.0572690846142782,0.2752821180555556,0.8556098937988281,3.108120134509263,,1.8274107982641925,0.020064998923070787,0.6638320030273077,0.0027686634237912918,6.938893903907228e-17
ketone,roi_masked,1,ketone_02_c0.01_wA12,2,0.01,0.4344571331614582,0.4344571331614582,0.42445713316145817,0.2657335069444444,0.8718058466911316,3.2807524226645444,,1.4606965489274022,0.026218175187257442,0.5496847445861552,0.003570662073677621,0.0
ketone,roi_masked,1,ketone_02_c0.01_wC01,2,0.01,0.07563975158877811,0.0756397515887781,0.0656397515887781,0.2696397569444444,0.8330098390579224,3.0893435318944924,0.007407489698380232,1.9133128775816142,0.031589941320724346,0.709581146068095,0.004325254779554235,1.3877787807814457e-17
ketone,roi_masked,1,ketone_02_c0.01_wC03,2,0.01,-0.014052217276192547,0.0,0.01,0.2739800347222222,0.8338625431060791,3.0435157216893565,,1.9090234022893622,0.03071355204895454,0.6967746406138124,0.0042304004735191315,4.683753385137379e-17
ketone,roi_masked,1,ketone_02_c0.01_wC09,2,0.01,0.02386462542552259,0.0238646254255225,0.0138646254255225,0.2739800347222222,0.83738112449646,3.0563581953898518,,1.8708260081439403,0.02721283466332869,0.6828329699427547,0.003748221256273161,9.020562075079397e-17
ketone,roi_masked,1,ketone_02_c0.01_wD02,2,0.01,0.013347550855827173,0.0133475508558271,0.0033475508558270996,0.2735460069444444,0.8388640880584717,3.066628891529899,,1.880973475721805,0.023492919132647394,0.6876260036593478,0.0032339169936740613,7.28583859910259e-17
ketone,roi_masked,1,ketone_02_c0.01_wD03,2,0.01,0.03892859951198524,0.0389285995119852,0.028928599511985197,0.2687717013888889,0.8349528908729553,3.1065506024566636,,1.8557263916728055,0.0241132075357684,0.690447090256624,0.003297630518617622,4.163336342344337e-17
ketone,roi_masked,1,ketone_02_c0.01_wE02,2,0.01,0.0022448724101034045,0.0022448724101034,0.0077551275898966,0.2687717013888889,0.8284443020820618,3.0823345530836823,,1.892582722189852,0.04673417378964562,0.7041599663989372,0.006391187797082268,4.336808689942018e-18
ketone,roi_masked,1,ketone_02_c0.01_wE03,2,0.01,0.026617810590611413,0.0266178105906114,0.016617810590611397,0.2700737847222222,0.8341540694236755,3.088615469589632,,1.8680832711885025,0.02862501921698879,0.6916936692355661,0.003921631887970398,1.3877787807814457e-17
ketone,roi_masked,1,ketone_02_c0.01_wE08,2,0.01,0.0355057206580911,0.0355057206580911,0.025505720658091098,0.2666015625,0.8301510810852051,3.1138267656822345,,1.8592843410488111,0.04002796080713633,0.6974018920270999,0.0054578737505336355,0.0
ketone,roi_masked,1,ketone_02_c0.01_wE10,2,0.01,0.06628581860204852,0.0662858186020485,0.0562858186020485,0.2722439236111111,0.8440805077552795,3.1004567395267664,,1.8282870993122382,0.015083736200736553,0.6715621326130565,0.0020726362431189517,1.3877787807814457e-17
ketone,roi_masked,1,ketone_02_c0.01_wE11,2,0.01,0.06253726817109273,0.0625372681710927,0.0525372681710927,0.2648654513888889,0.8344093561172485,3.15031406225996,,1.8321862350374172,0.039625257315253126,0.6917422508031478,0.0053902047441678645,2.7755575615628914e-17
ketone,roi_masked,1,ketone_02_c0.01_wF01,2,0.01,0.013398972683784205,0.0133989726837842,0.0033989726837841995,0.2744140625,0.8384303450584412,3.0553475919567394,,1.8811931780024296,0.027980128998139175,0.6855308947596043,0.003856211587361308,5.204170427930421e-18
ketone,roi_masked,1,ketone_02_c0.01_wF12,2,0.01,0.18833966116978118,0.1883396611697811,0.1783396611697811,0.2648654513888889,0.8437252640724182,3.1854862899186425,,1.7064991504465667,0.037069289984446474,0.6442890688453732,0.0050425177342680256,8.326672684688674e-17
ketone,roi_masked,1,ketone_02_c0.01_wG06,2,0.01,0.03773682302874537,0.0377368230287453,0.0277368230287453,0.2674696180555556,0.8333653807640076,3.115738478345271,,1.8572194017614378,0.03558511487164662,0.6943664911413149,0.0048578346712649274,6.938893903907228e-17
ketone,roi_masked,1,ketone_02_c0.01_wG09,2,0.01,0.04990685729947586,0.0499068572994758,0.039906857299475795,0.2752821180555556,0.8476545214653015,3.0792211548380837,,1.844807306797633,0.013242229797192362,0.6701515230369328,0.0018272254800258245,6.245004513516506e-17
ketone,roi_masked,1,ketone_02_c0.01_wG11,2,0.01,0.05221257173422522,0.0522125717342252,0.0422125717342252,0.2674696180555556,0.8328139185905457,3.1136767033389323,,1.842458375341299,0.03777971782716283,0.6888477236164467,0.005157426744113948,2.0816681711721685e-17
ketone,roi_masked,1,ketone_02_c0.01_wG12,2,0.01,0.19119085028932958,0.1911908502893295,0.1811908502893295,0.2657335069444444,0.8470096588134766,3.187440186045325,,1.7039375998143422,0.036509497849509964,0.6412204540583496,0.004972240759288959,8.326672684688674e-17
ketone,roi_masked,1,ketone_02_c0.01_wH05,2,0.01,-0.0775015099652907,0.0,0.01,0.2744140625,0.8394643664360046,3.0591156983290704,0.0,1.9771204846258152,0.02864155486362563,0.7204880342551013,0.003947369068688109,0.0
ketone,roi_masked,1,ketone_03_c0.05_wA06,3,0.05,0.03649987599859417,0.0364998759985941,0.013500124001405905,0.2705078125,0.8454102873802185,3.1252712428784974,,1.8583112333682807,0.027236024899466305,0.6869713729130396,0.003733559504290963,6.938893903907228e-17
ketone,roi_masked,1,ketone_03_c0.05_wA11,3,0.05,0.10825792781441623,0.1082579278144162,0.0582579278144162,0.2718098958333333,0.8499419093132019,3.126971910670846,,1.786333201997272,0.023240246385862084,0.6571994726389965,0.003191508131308374,2.7755575615628914e-17
ketone,roi_masked,1,ketone_03_c0.05_wA12,3,0.05,0.08908524884707103,0.089085248847071,0.039085248847071,0.2705078125,0.8472408652305603,3.132038433198894,,1.8057402661936655,0.03297147443183723,0.6675371958780916,0.0045197844468810346,2.7755575615628914e-17
ketone,roi_masked,1,ketone_03_c0.05_wC01,3,0.05,0.03302416373715156,0.0330241637371515,0.0169758362628485,0.2752821180555556,0.8516167402267456,3.0936144572052373,,1.861520799859878,0.012264005140644407,0.6762229283211918,0.0016922454166219325,5.551115123125783e-17
ketone,roi_masked,1,ketone_03_c0.05_wC03,3,0.05,0.031767857901181085,0.031767857901181,0.018232142098819,0.2679036458333333,0.8336220383644104,3.1116487264343484,,1.8627612758390069,0.04305761391783003,0.6953101627433086,0.005881413515143345,8.326672684688674e-17
ketone,roi_masked,1,ketone_03_c0.05_wC09,3,0.05,-0.004573460322775169,0.0,0.05,0.2752821180555556,0.8429135680198669,3.0619989920658623,,1.8991389674442092,0.022003097701483565,0.6898882429627841,0.003036091457057532,6.938893903907228e-17
ketone,roi_masked,1,ketone_03_c0.05_wD02,3,0.05,0.04976590099460543,0.0497659009946054,0.00023409900539460293,0.2657335069444444,0.8370288014411926,3.149880536579025,,1.8449870059209201,0.04238005571416048,0.6942997242371255,0.005771754004162894,2.7755575615628914e-17
ketone,roi_masked,1,ketone_03_c0.05_wD03,3,0.05,0.0462321123157059,0.0462321123157059,0.003767887684294105,0.2718098958333333,0.841276228427887,3.0950905074616393,,1.8484272144349714,0.02301923335276035,0.6800441200891296,0.0031611571238122386,0.0
ketone,roi_masked,1,ketone_03_c0.05_wE02,3,0.05,0.06128156729780443,0.0612815672978044,0.011281567297804398,0.2679036458333333,0.8408902883529663,3.138778816306577,,1.833144332081404,0.04061275806625564,0.684255089690653,0.0055474607727673325,2.7755575615628914e-17
ketone,roi_masked,1,ketone_03_c0.05_wE03,3,0.05,0.03745208725982252,0.0374520872598225,0.012547912740177504,0.2700737847222222,0.8397230505943298,3.1092356907502388,,1.8573001768828536,0.02520193870886711,0.6877010217015822,0.0034526693495008074,2.0816681711721685e-17
ketone,roi_masked,1,ketone_03_c0.05_wE08,3,0.05,0.09403969155717662,0.0940396915571766,0.0440396915571766,0.2739800347222222,0.8498899340629578,3.102014111811572,,1.8003793641816934,0.02632091801605796,0.6571206423880589,0.0036253711020174887,1.3877787807814457e-17
ketone,roi_masked,1,ketone_03_c0.05_wE10,3,0.05,0.037569853328555336,0.0375698533285553,0.012430146671444701,0.2679036458333333,0.8338449001312256,3.112480599274757,,1.8570260027540848,0.03847905468737922,0.6931693657910752,0.005256009604252066,3.469446951953614e-17
ketone,roi_masked,1,ketone_03_c0.05_wE11,3,0.05,0.040812856611713855,0.0408128566117138,0.009187143388286204,0.2679036458333333,0.8346931338310242,3.1156467887350017,,1.853678857665924,0.041149964927736704,0.6919199818650935,0.005620840029257766,5.551115123125783e-17
ketone,roi_masked,1,ketone_03_c0.05_wF01,3,0.05,0.03836880737704895,0.0383688073770489,0.011631192622951106,0.2679036458333333,0.8341857194900513,3.1137527706846146,,1.8560616292222734,0.041409090609794585,0.6928093955007077,0.005656235053503288,5.551115123125783e-17
ketone,roi_masked,1,ketone_03_c0.05_wF12,3,0.05,0.08358775130289353,0.0835877513028935,0.0335877513028935,0.2648654513888889,0.8372131586074829,3.1608998237306687,,1.8110481079370837,0.036964026477804834,0.6837615470195889,0.0050281987899549714,2.7755575615628914e-17
ketone,roi_masked,1,ketone_03_c0.05_wG06,3,0.05,0.04118995001673209,0.041189950016732,0.008810049983268002,0.2666015625,0.8362857699394226,3.1368374667324863,,1.853380358995989,0.039073329695180625,0.6951873580995944,0.005327708336599861,9.020562075079397e-17
ketone,roi_masked,1,ketone_03_c0.05_wG09,3,0.05,0.015347960790470516,0.0153479607904705,0.0346520392095295,0.2718098958333333,0.8387660384178162,3.0858554131970437,,1.8800782821933408,0.02433159906391502,0.6916886805865801,0.0033413800770830107,1.5612511283791264e-17
ketone,roi_masked,1,ketone_03_c0.05_wG11,3,0.05,0.03524599001335105,0.035245990013351,0.014754009986649004,0.2657335069444444,0.8307778239250183,3.126357054019179,,1.859690006337158,0.044964859599468276,0.699832711245539,0.006123779312379187,4.85722573273506e-17
ketone,roi_masked,1,ketone_03_c0.05_wG12,3,0.05,0.07549839197545305,0.075498391975453,0.02549839197545299,0.2722439236111111,0.8456181883811951,3.106104911965362,,1.8195059903648831,0.02285972485897969,0.6683366762535976,0.0031411245609118364,5.551115123125783e-17
ketone,roi_masked,1,ketone_03_c0.05_wH05,3,0.05,0.4020090522765327,0.4020090522765327,0.35200905227653273,0.2700737847222222,0.7814043164253235,2.8932993893836003,0.19784483313560486,1.49996940287709,0.022147381301104163,0.5553924474453702,0.003034194530563044,0.0
ketone,roi_masked,1,ketone_04_c0.1_wA06,4,0.1,0.09009553652575675,0.0900955365257567,0.0099044634742433,0.2739800347222222,0.8559525012969971,3.124141881961634,,1.80422716630264,0.02607973956022791,0.6585250520651537,0.003592151842580488,4.163336342344337e-17
ketone,roi_masked,1,ketone_04_c0.1_wA11,4,0.1,0.14063815205186092,0.1406381520518609,0.04063815205186089,0.2657335069444444,0.850174069404602,3.199348396746759,,1.753699006863954,0.02952318714530544,0.6599465107087874,0.00402077276091525,2.7755575615628914e-17
ketone,roi_masked,1,ketone_04_c0.1_wA12,4,0.1,0.2702100675211425,0.2702100675211425,0.1702100675211425,0.2748480902777778,0.8712604641914368,3.169970958542551,,1.624618762210955,0.012373301731831488,0.5910969803606854,0.0017063047846859044,0.0
ketone,roi_masked,1,ketone_04_c0.1_wC01,4,0.1,0.09436274162928315,0.0943627416292831,0.005637258370716908,0.2709418402777778,0.8454188108444214,3.1202962598086454,,1.8002837044576263,0.030129359752516738,0.6644539295266914,0.004132641456752408,5.551115123125783e-17
ketone,roi_masked,1,ketone_04_c0.1_wC03,4,0.1,0.10243052395440433,0.1024305239544043,0.0024305239544042956,0.2687717013888889,0.8449301719665527,3.1436723717576704,,1.793143657611897,0.03289262762896983,0.6671623717622626,0.0044982706073391585,2.7755575615628914e-17
ketone,roi_masked,1,ketone_04_c0.1_wC09,4,0.1,0.14744539380223887,0.1474453938022388,0.047445393802238806,0.2687717013888889,0.8470582962036133,3.1515903341996365,,1.7491023995801613,0.0338898077828822,0.6507762500819849,0.004634641171198136,5.551115123125783e-17
ketone,roi_masked,1,ketone_04_c0.1_wD02,4,0.1,0.07303478228074178,0.0730347822807417,0.026965217719258305,0.2700737847222222,0.8426360487937927,3.120021625425309,,1.8213314400505802,0.0255149060696096,0.6743829068503877,0.0034955459244465897,8.326672684688674e-17
ketone,roi_masked,1,ketone_04_c0.1_wD03,4,0.1,0.15451720589881135,0.1545172058988113,0.05451720589881129,0.2661675347222222,0.8390705585479736,3.152415111120312,0.12263672053813934,1.7402975458475438,0.03224027620371084,0.6538353926836921,0.0043934109935442715,5.551115123125783e-17
ketone,roi_masked,1,ketone_04_c0.1_wE02,4,0.1,0.06864638298661818,0.0686463829866181,0.03135361701338191,0.2718098958333333,0.8443208932876587,3.1062919571014223,,1.8257234565174056,0.02774399189799137,0.6716913123858049,0.0038099929866173216,8.326672684688674e-17
ketone,roi_masked,1,ketone_04_c0.1_wE03,4,0.1,0.05579395081076344,0.0557939508107634,0.0442060491892366,0.2731119791666667,0.8449040651321411,3.093617745036874,,1.83884418964266,0.02313074814044791,0.6732931287940704,0.003182161141399731,3.469446951953614e-17
ketone,roi_masked,1,ketone_04_c0.1_wE08,4,0.1,0.20689306000514174,0.2068930600051417,0.1068930600051417,0.2705078125,0.8533320426940918,3.154555998984657,,1.6885426481239625,0.026227955417280624,0.6242121558407717,0.0035953716663045996,2.7755575615628914e-17
ketone,roi_masked,1,ketone_04_c0.1_wE10,4,0.1,0.20136712921491728,0.2013671292149172,0.1013671292149172,0.2657335069444444,0.8486764430999756,3.1937125764023584,0.01363405678421259,1.6937693618510674,0.038226785249048545,0.6373939746353384,0.005206118706298676,8.326672684688674e-17
ketone,roi_masked,1,ketone_04_c0.1_wE11,4,0.1,0.08192672543276691,0.0819267254327669,0.018073274567233108,0.2722439236111111,0.851782500743866,3.1287475196713705,,1.8125206753284255,0.024986168685674492,0.6657708467049331,0.003433316394918386,1.3877787807814457e-17
ketone,roi_masked,1,ketone_04_c0.1_wF01,4,0.1,0.11185543922913732,0.1118554392291373,0.011855439229137288,0.2687717013888889,0.8332909941673279,3.10036730005898,,1.7836855954235546,0.03419692717103362,0.6636433769650174,0.004676641650218813,2.7755575615628914e-17
ketone,roi_masked,1,ketone_04_c0.1_wF12,4,0.1,0.2020271435008132,0.2020271435008132,0.10202714350081318,0.2705078125,0.8659186363220215,3.2010855003384475,,1.692390929173699,0.022988178601758946,0.6256347694851508,0.0031512576824901154,0.0
ketone,roi_masked,1,ketone_04_c0.1_wG06,4,0.1,0.09185053326579684,0.0918505332657968,0.008149466734203206,0.2705078125,0.8552592396736145,3.161680366158055,0.0,1.805783294164412,0.022976684310803908,0.6675531022470607,0.003149682026005783,4.163336342344337e-17
ketone,roi_masked,1,ketone_04_c0.1_wG09,4,0.1,0.05962921255945064,0.0596292125594506,0.04037078744054941,0.2735460069444444,0.8490048050880432,3.1037002315316964,,1.8361014022736653,0.020410230960178577,0.6712221548335622,0.00280956965689329,4.163336342344337e-17
ketone,roi_masked,1,ketone_04_c0.1_wG11,4,0.1,0.06286293974815438,0.0628629397481543,0.03713706025184571,0.2696397569444444,0.8389103412628174,3.1112264406753023,,1.83238454936656,0.03849135559524286,0.6795676461554213,0.005270187686313449,8.326672684688674e-17
ketone,roi_masked,1,ketone_04_c0.1_wG12,4,0.1,0.12540317518066257,0.1254031751806625,0.025403175180662485,0.2705078125,0.8467186689376831,3.1301080035819044,,1.778865202361035,0.03175025643141405,0.6576021542302166,0.00435237785619384,8.326672684688674e-17
ketone,roi_masked,1,ketone_04_c0.1_wH05,4,0.1,0.08832481075598841,0.0883248107559884,0.011675189244011605,0.2687717013888889,0.855958878993988,3.18470610771441,0.0,1.8643023552540676,0.03172565461568544,0.6936378888179849,0.0043386798180465504,1.3877787807814457e-17
ketone,roi_masked,1,ketone_05_c0.5_wA06,5,0.5,0.6395109482346755,0.6395109482346755,0.13951094823467547,0.2696397569444444,0.8806145191192627,3.265892719598843,,1.255444999280945,0.019916984720245168,0.465600849632724,0.002727008337272017,0.0
ketone,roi_masked,1,ketone_05_c0.5_wA11,5,0.5,0.5108450652085745,0.5108450652085745,0.010845065208574534,0.2744140625,0.8767856955528259,3.19511940301101,,1.3839409760171713,0.015965570136643237,0.5043258218653323,0.002200369289357022,0.0
ketone,roi_masked,1,ketone_05_c0.5_wA12,5,0.5,0.5619057304445678,0.5619057304445678,0.06190573044456782,0.2735460069444444,0.878255307674408,3.210631065262731,,1.332604296557585,0.01680787984400256,0.4871591113476678,0.002313688135060905,0.0
ketone,roi_masked,1,ketone_05_c0.5_wC01,5,0.5,0.3902100617840021,0.3902100617840021,0.10978993821599792,0.2713758680555556,0.8624854683876038,3.178195152603021,,1.5042520219256144,0.032571089963567834,0.5543057430654323,0.004470218393212825,0.0
ketone,roi_masked,1,ketone_05_c0.5_wC03,5,0.5,0.4370106806415375,0.4370106806415375,0.06298931935846253,0.2722439236111111,0.8740171194076538,3.2104191998648615,,1.4574957922048595,0.015205938662469665,0.5353639386592263,0.0020894279217730793,0.0
ketone,roi_masked,1,ketone_05_c0.5_wC09,5,0.5,0.4349249709687537,0.4349249709687537,0.06507502903124629,0.2722439236111111,0.8716023564338684,3.201549349101049,,1.4596322809327509,0.015073250180917874,0.5361487086917589,0.0020711953730034164,0.0
ketone,roi_masked,1,ketone_05_c0.5_wD02,5,0.5,0.4356251144458787,0.4356251144458787,0.0643748855541213,0.2713758680555556,0.8674814701080322,3.1966050493864953,,1.4586955970470235,0.030074812284036856,0.5375185374804226,0.0041276168281412316,0.0
ketone,roi_masked,1,ketone_05_c0.5_wD03,5,0.5,0.3966930435369096,0.3966930435369096,0.1033069564630904,0.2709418402777778,0.8672346472740173,3.200814781448676,,1.497540288658633,0.025473566953016613,0.5527165118253089,0.003494037699642821,0.0
ketone,roi_masked,1,ketone_05_c0.5_wE02,5,0.5,0.4428593590225276,0.4428593590225276,0.0571406409774724,0.2679036458333333,0.8713717460632324,3.2525565053538883,,1.451631611655147,0.027558873317345522,0.5418483974489201,0.003764377893769917,0.0
ketone,roi_masked,1,ketone_05_c0.5_wE03,5,0.5,0.4298606267047791,0.4298606267047791,0.07013937329522091,0.2674696180555556,0.868285059928894,3.2462941632067697,,1.4644529134596653,0.02809597935171282,0.5475212190849604,0.0038354694964506794,0.0
ketone,roi_masked,1,ketone_05_c0.5_wE08,5,0.5,0.4579439018401732,0.4579439018401732,0.042056098159826805,0.2731119791666667,0.8736287951469421,3.198793395341366,,1.4367331956892833,0.020376857185563146,0.5260601164669223,0.0028033007287975816,0.0
ketone,roi_masked,1,ketone_05_c0.5_wE10,5,0.5,0.4446557957062742,0.4446557957062742,0.055344204293725774,0.2657335069444444,0.8608548641204834,3.239542028474633,,1.4515033469632064,0.02834794630870241,0.5462251876526301,0.0038607163171420337,0.0
ketone,roi_masked,1,ketone_05_c0.5_wE11,5,0.5,0.41213592591643633,0.4121359259164363,0.08786407408356373,0.2731119791666667,0.8676159977912903,3.176777527073711,,1.4824795158330286,0.02228864008731568,0.542810139766277,0.003066310002160044,5.551115123125783e-17
ketone,roi_masked,1,ketone_05_c0.5_wF01,5,0.5,0.4808178433221766,0.4808178433221766,0.019182156677823414,0.2752821180555556,0.87741619348526,3.1873345049902073,,1.4136984097542435,0.016320279922433123,0.5135453111665395,0.00225194939010546,0.0
ketone,roi_masked,1,ketone_05_c0.5_wF12,5,0.5,0.41302441444184335,0.4130244144418433,0.08697558555815671,0.2722439236111111,0.8760178685188293,3.217768304611212,,1.4816553928162923,0.013294357414944669,0.5442381865362674,0.001826760070614732,5.551115123125783e-17
ketone,roi_masked,1,ketone_05_c0.5_wG06,5,0.5,0.3639750484687665,0.3639750484687665,0.1360249515312335,0.2722439236111111,0.8673437833786011,3.1859068583567907,,1.5316285746147182,0.014596337933394654,0.5625942185591568,0.002005663491787165,0.0
ketone,roi_masked,1,ketone_05_c0.5_wG09,5,0.5,0.4517129878713688,0.4517129878713688,0.04828701212863118,0.2752821180555556,0.8551162481307983,3.106326899004114,0.08694642782211304,1.4435807682851178,0.011336395695144663,0.524400487209919,0.0015642494793599822,0.0
ketone,roi_masked,1,ketone_05_c0.5_wG11,5,0.5,0.33708828869095364,0.3370882886909536,0.16291171130904641,0.2718098958333333,0.8749785423278809,3.219082732971557,,1.5586727885338711,0.0167328644714535,0.5734422522606052,0.002297870346727991,5.551115123125783e-17
ketone,roi_masked,1,ketone_05_c0.5_wG12,5,0.5,0.42010832579205304,0.420108325792053,0.07989167420794702,0.2679036458333333,0.8668930530548096,3.2358389538084755,,1.475092694626662,0.029968641333372403,0.5506056813964892,0.0040935378468706105,5.551115123125783e-17
ketone,roi_masked,1,ketone_05_c0.5_wH05,5,0.5,0.5864336398987429,0.5864336398987429,0.08643363989874286,0.2679036458333333,0.8280446529388428,3.090830101856774,0.2336646318435669,1.322050999847314,0.036304717981704426,0.4934800329928249,0.004959008165397776,0.0
ketone,roi_masked,1,ketone_06_c1_wA06,6,1.0,1.5908265117989575,1.5908265117989575,0.5908265117989575,0.2679036458333333,0.7394910454750061,2.760287353218978,0.39884668588638306,0.3094547835676875,0.01842862528222944,0.11550973209233732,0.0025172404120501926,0.0
ketone,roi_masked,1,ketone_06_c1_wA11,6,1.0,0.9685799957172894,0.9685799957172894,0.031420004282710634,0.2705078125,0.9163349270820618,3.387461968707694,0.20822130143642426,0.9640185447509422,0.0015660467290763425,0.3563736425360884,0.00021467628521742635,0.0
ketone,roi_masked,1,ketone_06_c1_wA12,6,1.0,0.9736101595897395,0.9736101595897396,0.02638984041026038,0.2705078125,0.9313167333602905,3.442845974588222,0.08753856271505356,0.9267978124418064,0.009127979425059385,0.3426140649604367,0.0012512785717885958,1.1102230246251565e-16
ketone,roi_masked,1,ketone_06_c1_wC01,6,1.0,0.8385321762716209,0.8385321762716209,0.1614678237283791,0.2700737847222222,0.9118691682815552,3.376370532295224,0.0,1.0676077289467079,0.02005340380500198,0.39530224306841544,0.0027473193023175007,0.0
ketone,roi_masked,1,ketone_06_c1_wC03,6,1.0,0.88565493775724,0.88565493775724,0.11434506224275998,0.2718098958333333,0.9248231053352356,3.4024629695686754,0.04214911907911301,1.015795599232746,0.017416875610396065,0.37371545878359236,0.002391803391825512,0.0
ketone,roi_masked,1,ketone_06_c1_wC09,6,1.0,1.559346219964318,1.559346219964318,0.559346219964318,0.2679036458333333,0.8167672157287598,3.04873497778706,0.6587145328521729,0.3426237152982019,0.02051166303650165,0.12789065047339931,0.0028017709581206343,0.0
ketone,roi_masked,1,ketone_06_c1_wD02,6,1.0,0.8547394289996624,0.8547394289996624,0.14526057100033762,0.2657335069444444,0.9112176299095154,3.4290656093287444,0.01336289569735527,1.0448545783468468,0.032548504690111946,0.39319639828683306,0.0044327917721896214,0.0
ketone,roi_masked,1,ketone_06_c1_wD03,6,1.0,0.9310059652019544,0.9310059652019544,0.06899403479804556,0.2648654513888889,0.909904420375824,3.435345816543873,0.0,0.9883500934013008,0.025236018273277816,0.3731517599666689,0.0034328434598749572,0.0
ketone,roi_masked,1,ketone_06_c1_wE02,6,1.0,0.8125951070771953,0.8125951070771953,0.1874048929228047,0.2731119791666667,0.9109771251678467,3.3355443724858462,0.0787089541554451,1.0854179941443645,0.015877144757979744,0.3974259926116195,0.002184262816682211,0.0
ketone,roi_masked,1,ketone_06_c1_wE03,6,1.0,0.7036289263414426,0.7036289263414426,0.2963710736585574,0.2744140625,0.9070364832878113,3.305357149063056,6.103515625e-05,1.1938522236319349,0.02504585833695039,0.4350550451954097,0.0034518114316335396,0.0
ketone,roi_masked,1,ketone_06_c1_wE08,6,1.0,1.3215270210795462,1.3215270210795462,0.3215270210795462,0.2752821180555556,0.8389990925788879,3.0477791238498346,0.34362974762916565,0.5822982465044764,0.002448485627665198,0.21152781394502382,0.00033785362396410336,0.0
ketone,roi_masked,1,ketone_06_c1_wE10,6,1.0,1.1281336600447167,1.1281336600447167,0.1281336600447167,0.2731119791666667,0.8677895665168762,3.1774130492727575,0.3223751485347748,0.7710833295171091,0.0065883460866627,0.28233229896025736,0.0009063770344033953,0.0
ketone,roi_masked,1,ketone_06_c1_wE11,6,1.0,1.0405218553612794,1.0405218553612794,0.04052185536127939,0.2739800347222222,0.9169304370880127,3.3467053101794555,0.16715262830257416,0.8627687638492709,0.0007424908648543393,0.3149020565399953,0.00010226865656101617,0.0
ketone,roi_masked,1,ketone_06_c1_wF01,6,1.0,0.946038279574734,0.946038279574734,0.053961720425266035,0.2657335069444444,0.9204116463661194,3.463664243736283,0.08444728702306747,0.9614035935586556,0.0181122802131799,0.3617923853914484,0.002466717518023732,0.0
ketone,roi_masked,1,ketone_06_c1_wF12,6,1.0,1.2460212758632343,1.2460212758632343,0.2460212758632343,0.2657335069444444,0.8008701801300049,3.0138095467856783,0.3488731384277344,0.6507992926717332,0.019273506080986547,0.24490674892865225,0.002624865258495227,0.0
ketone,roi_masked,1,ketone_06_c1_wG06,6,1.0,1.1600063205920912,1.1600063205920912,0.1600063205920912,0.2744140625,0.8692536950111389,3.167671828083296,0.4191064238548279,0.7476306025926374,0.034283033526083084,0.2724461697704131,0.004724875683810105,0.0
ketone,roi_masked,1,ketone_06_c1_wG09,6,1.0,0.9241661562938706,0.9241661562938706,0.07583384370612944,0.2657335069444444,0.9023658633232117,3.395754918900253,0.10200920701026917,0.9751327426943996,0.012837408935922223,0.3669588957399587,0.0017483310293107612,0.0
ketone,roi_masked,1,ketone_06_c1_wG11,6,1.0,0.806238260043453,0.806238260043453,0.193761739956547,0.2657335069444444,0.9086742997169495,3.4194946289062504,0.17721134424209595,1.0968674800508469,0.01798412895174195,0.4127697303449819,0.002449264554739971,0.0
ketone,roi_masked,1,ketone_06_c1_wG12,6,1.0,0.816593002960186,0.816593002960186,0.183406997039814,0.2718098958333333,0.9181970953941345,3.378085601258421,0.0199627373367548,1.1126083065511836,0.008903034134525534,0.40933325960781275,0.001222624982622371,0.0
ketone,roi_masked,1,ketone_06_c1_wH05,6,1.0,0.9559497864998998,0.9559497864998998,0.04405021350010019,0.2718098958333333,0.887692391872406,3.2658575183617145,0.23880717158317566,0.9415595446517404,0.016214713934450842,0.34640370313414937,0.0022267144035151088,0.0
ketone,roi_masked,1,ketone_07_c5_wA06,7,5.0,6.124187114987356,6.124187114987356,1.1241871149873557,0.2657335069444444,0.7327272891998291,2.757376356580492,0.7327300906181335,4.112884857929284,0.11446619895777133,1.5477479318365164,0.015589190033911933,0.0
ketone,roi_masked,1,ketone_07_c5_wA11,7,5.0,6.364805778682378,6.364805778682378,1.3648057786823777,0.2700737847222222,0.7320646047592163,2.710609641406564,0.7320672273635864,4.4265994358076455,0.018950657663108217,1.6390333628125056,0.0025962429169496854,0.0
ketone,roi_masked,1,ketone_07_c5_wA12,7,5.0,6.567684450433012,6.567684450433012,1.5676844504330116,0.2657335069444444,0.729866087436676,2.7466091718319343,0.7298686504364014,4.586011009525174,0.11147848992635367,1.7257932814938344,0.01518229293869182,0.0
ketone,roi_masked,1,ketone_07_c5_wC01,7,5.0,5.439411504869236,5.439411504869236,0.43941150486923597,0.2718098958333333,0.7669625878334045,2.82168750877152,0.7669661045074463,3.4902897447055894,0.004337179120393664,1.2840922270342003,0.00059561082958647,0.0
ketone,roi_masked,1,ketone_07_c5_wC03,7,5.0,4.263976878553976,4.263976878553976,0.7360231214460242,0.2666015625,0.7925572991371155,2.972815656836653,0.7925626635551453,2.3278307865058325,0.039762583844032307,0.8731497162571328,0.005421689195244884,0.0
ketone,roi_masked,1,ketone_07_c5_wC09,7,5.0,4.37992705097032,4.37992705097032,0.6200729490296801,0.2666015625,0.7914825677871704,2.968784430088141,0.7914877533912659,2.4602734011411522,0.03888901773144493,0.9228278251899413,0.0053025771181091355,0.0
ketone,roi_masked,1,ketone_07_c5_wD02,7,5.0,4.072411412262349,4.072411412262349,0.9275885877376506,0.2705078125,0.758583128452301,2.8042928647478567,0.7585887312889099,2.14575015200122,0.035967652940802175,0.793230381100812,0.0049305055704660546,0.0
ketone,roi_masked,1,ketone_07_c5_wD03,7,5.0,4.947296545151115,4.947296545151115,0.052703454848884945,0.2666015625,0.749340295791626,2.8107123182806775,0.7493442893028259,3.017277678988785,0.04330504365470578,1.1317554371005556,0.005904709014969204,0.0
ketone,roi_masked,1,ketone_07_c5_wE02,7,5.0,4.738087543897627,4.738087543897627,0.26191245610237335,0.2657335069444444,0.7635533213615417,2.8733799141151364,0.7635576725006104,2.795989299643119,0.09628787698515584,1.0521779250923229,0.013113478266516865,0.0
ketone,roi_masked,1,ketone_07_c5_wE03,7,5.0,3.845201544756254,3.845201544756254,1.1547984552437458,0.2679036458333333,0.763180673122406,2.8487132780462106,0.7631869912147522,1.9380319048296961,0.03229956254653166,0.7234063197614614,0.004411927796484893,0.0
ketone,roi_masked,1,ketone_07_c5_wE08,7,5.0,5.373105175087998,5.373105175087998,0.3731051750879981,0.2687717013888889,0.7633814215660095,2.840259661345314,0.763384997844696,3.437194741211213,0.05255794787356649,1.2788529162294124,0.007187624982976537,0.0
ketone,roi_masked,1,ketone_07_c5_wE10,7,5.0,5.177156955820612,5.177156955820612,0.17715695582061208,0.2700737847222222,0.7850607633590698,2.906838085623619,0.7850645780563354,3.2610651246079367,0.0019356789276852027,1.2074719240010747,0.000265188300840595,0.0
ketone,roi_masked,1,ketone_07_c5_wE11,7,5.0,5.342843328508156,5.342843328508156,0.342843328508156,0.2718098958333333,0.7734860181808472,2.8456874824569613,0.7734896540641785,3.4200547368548753,0.01992706743160877,1.258252473247686,0.0027365199441172165,0.0
ketone,roi_masked,1,ketone_07_c5_wF01,7,5.0,4.726015715235583,4.726015715235583,0.27398428476441694,0.2670355902777778,0.7822527885437012,2.9293952455175742,0.7822572588920593,2.790508299935411,0.061773949368834735,1.0449949001302214,0.008427960286945684,0.0
ketone,roi_masked,1,ketone_07_c5_wF12,7,5.0,4.643896669221982,4.643896669221982,0.35610333077801837,0.2657335069444444,0.8067234754562378,3.035836484199546,0.8067281246185303,2.705571627627715,0.058947160410787625,1.0181522303069428,0.00802803355025593,0.0
ketone,roi_masked,1,ketone_07_c5_wG06,7,5.0,5.397653350792015,5.397653350792015,0.397653350792015,0.2718098958333333,0.7901104688644409,2.9068495333551647,0.7901141047477722,3.479532449537644,0.013226500767464344,1.2801345730514542,0.0018163527205029264,0.0
ketone,roi_masked,1,ketone_07_c5_wG09,7,5.0,5.1839918242001275,5.183991824200128,0.18399182420012838,0.2687717013888889,0.7938849925994873,2.9537521565590934,0.7938888669013977,3.276850743553508,0.022923044286347505,1.2191948507302839,0.0031348683208633123,8.881784197001252e-16
ketone,roi_masked,1,ketone_07_c5_wG11,7,5.0,5.647545084128627,5.647545084128627,0.6475450841286268,0.2700737847222222,0.7724200487136841,2.8600334146023756,0.7724233269691467,3.7231629199442455,0.022166639279809885,1.3785724977985605,0.0030368328765085165,0.0
ketone,roi_masked,1,ketone_07_c5_wG12,7,5.0,4.979562028133236,4.979562028133236,0.020437971866764215,0.2718098958333333,0.802008867263794,2.950624239801647,0.8020129799842834,3.0727412248130985,0.021942803087526386,1.130474376362376,0.0030133344248941016,0.0
ketone,roi_masked,1,ketone_07_c5_wH05,7,5.0,4.977792310634603,4.977792310634603,0.022207689365396632,0.2731119791666667,0.7867267727851868,2.8806014850966553,0.7867308855056763,3.070070995155757,0.012692520373619232,1.124107043756673,0.0017461452121700978,0.0
ketone,roi_masked,1,ketone_08_c10_wA06,8,10.0,10.387026807801691,10.0,0.0,0.2718098958333333,0.7318542003631592,2.6925222796594315,0.731855571269989,8.379965150092534,0.06679110654362574,3.083024304321469,0.009172207389450973,1.7763568394002505e-15
ketone,roi_masked,1,ketone_08_c10_wA11,8,10.0,8.420953748363324,8.420953748363324,1.579046251636676,0.2744140625,0.7144103646278381,2.603402894586855,0.7144121527671814,6.409797778843757,0.03722617697327202,2.335812429016373,0.005130498683799536,0.0
ketone,roi_masked,1,ketone_08_c10_wA12,8,10.0,9.571208819588945,9.571208819588945,0.42879118041105535,0.2735460069444444,0.7248369455337524,2.649780757651354,0.7248384952545166,7.541375232230011,0.054912865939771294,2.756894650544696,0.007559028715473222,0.0
ketone,roi_masked,1,ketone_08_c10_wC01,8,10.0,10.402879249916827,10.0,0.0,0.2687717013888889,0.705512523651123,2.624950915611122,0.7055138349533081,8.277573300474646,0.14857238172652742,3.0797785844640426,0.020318193648785825,0.0
ketone,roi_masked,1,ketone_08_c10_wC03,8,10.0,10.317650494064303,10.0,0.0,0.2666015625,0.7174512147903442,2.691099062070742,0.7174525856971741,8.197700556519083,0.14280023112479157,3.0748884138738246,0.019471030182661327,1.7763568394002505e-15
ketone,roi_masked,1,ketone_08_c10_wC09,8,10.0,9.835197594992199,9.8351975949922,0.16480240500779963,0.2735460069444444,0.7266881465911865,2.6565481788910654,0.7266896367073059,7.806220080241635,0.03492005923006758,2.8537137746730235,0.004806919579750602,1.7763568394002505e-15
ketone,roi_masked,1,ketone_08_c10_wD02,8,10.0,10.131143725718287,10.0,0.0,0.2648654513888889,0.7193953394889832,2.716078430450827,0.7193966507911682,8.066289252015643,0.1474915150682925,3.045428994124382,0.020063200042352528,1.7763568394002505e-15
ketone,roi_masked,1,ketone_08_c10_wD03,8,10.0,10.345500556085844,10.0,0.0,0.2722439236111111,0.7255609631538391,2.665113525877155,0.725562334060669,8.280625589272352,0.08236445920820223,3.0416199852823436,0.01131759141289387,0.0
ketone,roi_masked,1,ketone_08_c10_wE02,8,10.0,10.225681647319085,10.0,0.0,0.2687717013888889,0.7245292067527771,2.695704953344204,0.7245306372642517,8.200922575159215,0.07782401262671002,3.0512596872292015,0.01064291586834485,1.7763568394002505e-15
ketone,roi_masked,1,ketone_08_c10_wE03,8,10.0,9.335836392270906,9.335836392270906,0.664163607729094,0.2700737847222222,0.7294321656227112,2.7008625304856997,0.7294337153434753,7.319510764567166,0.060983464797885745,2.7101892810868224,0.008354743742787498,0.0
ketone,roi_masked,1,ketone_08_c10_wE08,8,10.0,10.335592073974087,10.0,0.0,0.2661675347222222,0.7158854603767395,2.6896047300579013,0.7158868312835693,8.218571189286925,0.13610450416210007,3.0877436641038853,0.018547081330148072,0.0
ketone,roi_masked,1,ketone_08_c10_wE10,8,10.0,10.66313338903081,10.0,0.0,0.2657335069444444,0.7190224528312683,2.7058027461384113,0.7190237641334534,8.515022463852356,0.14926526565147036,3.2043465507089963,0.02032848660032438,0.0
ketone,roi_masked,1,ketone_08_c10_wE11,8,10.0,9.864026889941425,9.864026889941425,0.13597311005857549,0.2666015625,0.7236447930335999,2.7143306522578983,0.7236462235450745,7.75274039610194,0.12469168151481469,2.9079876064499586,0.017001901713870872,0.0
ketone,roi_masked,1,ketone_08_c10_wF01,8,10.0,10.376964261860289,10.0,0.0,0.2657335069444444,0.7135369777679443,2.685159978403175,0.7135383486747742,8.252267409011615,0.1722885320887766,3.1054673924643144,0.023464032979609355,1.7763568394002505e-15
ketone,roi_masked,1,ketone_08_c10_wF12,8,10.0,9.330712761664111,9.330712761664111,0.6692872383358885,0.2700737847222222,0.7338835597038269,2.717344671044785,0.7338850498199463,7.329293779939386,0.048857592802932004,2.713811630209779,0.006693497476911274,0.0
ketone,roi_masked,1,ketone_08_c10_wG06,8,10.0,10.262547266533975,10.0,0.0,0.2657335069444444,0.7166872620582581,2.6970150294523916,0.7166886329650879,8.109224411403954,0.13395970980072214,3.0516379001837017,0.018244017814739992,1.7763568394002505e-15
ketone,roi_masked,1,ketone_08_c10_wG09,8,10.0,9.85846607296988,9.85846607296988,0.14153392703011924,0.2666015625,0.7288022637367249,2.7336758903531364,0.7288036942481995,7.759400657127407,0.1331772913988658,2.910485814248522,0.018158927615504472,0.0
ketone,roi_masked,1,ketone_08_c10_wG11,8,10.0,9.918773592797917,9.918773592797915,0.08122640720208452,0.2718098958333333,0.735759973526001,2.706891782840569,0.7357614636421204,7.883472554374671,0.060220405201850014,2.9003625972501785,0.008269874151992993,1.7763568394002505e-15
ketone,roi_masked,1,ketone_08_c10_wG12,8,10.0,9.408055223996069,9.408055223996069,0.5919447760039311,0.2687717013888889,0.7309170365333557,2.719471703145501,0.7309185862541199,7.389765232050812,0.08612087415402314,2.749458069381521,0.011777563083595151,0.0
ketone,roi_masked,1,ketone_08_c10_wH05,8,10.0,9.677287009308671,9.677287009308673,0.3227129906913273,0.2657335069444444,0.7270781397819519,2.736117654646986,0.7270796298980713,7.591850722105209,0.13974960597446007,2.856941455897167,0.01903254571687046,1.7763568394002505e-15
ketone,roi_masked,2,ketone_01_c0_wA04,1,0.0,0.021918624081061745,0.0219186240810617,0.0219186240810617,0.2700737847222222,0.8076431751251221,2.9904537974902072,0.0,1.0864424542392932,0.011170077813752372,0.402276161441114,0.0015303023209683642,4.5102810375396984e-17
ketone,roi_masked,2,ketone_01_c0_wB04,1,0.0,0.010279209552452146,0.0102792095524521,0.0102792095524521,0.2705078125,0.7987824082374573,2.9528995885745712,0.0,1.097359837872338,0.01219188718172594,0.4056665971051531,0.0016712841330772908,4.5102810375396984e-17
ketone,roi_masked,2,ketone_01_c0_wB08,1,0.0,0.00982611350376569,0.0098261135037656,0.0098261135037656,0.2657335069444444,0.791901171207428,2.9800576536740127,0.0,1.095422384728421,0.019640192927453032,0.4122259166050278,0.002674804463121134,9.020562075079397e-17
ketone,roi_masked,2,ketone_01_c0_wB10,1,0.0,0.00977384427799082,0.0097738442779908,0.0097738442779908,0.2700737847222222,0.8012150526046753,2.9666524406607824,0.0,1.0979559920237068,0.014040440429421925,0.40653926968623877,0.0019235424260079152,1.9081958235744878e-17
ketone,roi_masked,2,ketone_01_c0_wB12,1,0.0,0.018118520102838535,0.0181185201028385,0.0181185201028385,0.2709418402777778,0.809258222579956,2.986833712173358,0.0,1.090011190253879,0.012593401997404847,0.4023044905638666,0.0017273521775276542,3.469446951953614e-17
ketone,roi_masked,2,ketone_01_c0_wC04,1,0.0,0.01377886081467877,0.0137788608146787,0.0137788608146787,0.2700737847222222,0.8007615804672241,2.964973373075909,0.0,1.093943805669953,0.012096468355824324,0.4050536807173278,0.0016572179629445068,6.938893903907228e-17
ketone,roi_masked,2,ketone_01_c0_wC08,1,0.0,0.013891454904569386,0.0138914549045693,0.0138914549045693,0.2722439236111111,0.8026807904243469,2.9483882680553135,0.0,1.0943463662693487,0.010358947818547331,0.40197274258821514,0.0014234093200496828,8.500145032286355e-17
ketone,roi_masked,2,ketone_01_c0_wC12,1,0.0,0.02493124387750758,0.0249312438775075,0.0249312438775075,0.2648654513888889,0.7976747751235962,3.011622583997977,0.0,1.081791573322405,0.020147816048965157,0.4084306079368818,0.0027406977521367217,7.979727989493313e-17
ketone,roi_masked,2,ketone_01_c0_wD07,1,0.0,0.017415194596998907,0.0174151945969989,0.0174151945969989,0.2657335069444444,0.7956650257110596,2.9942216729085853,0.0,1.0893927034337396,0.01690585398170467,0.4099568458491362,0.002302413924861685,6.938893903907228e-18
ketone,roi_masked,2,ketone_01_c0_wE07,1,0.0,0.017906386337965416,0.0179063863379654,0.0179063863379654,0.2718098958333333,0.8065213561058044,2.9672258753976424,0.0,1.0905210506928922,0.011730664308648223,0.4012072655962354,0.0016109343207942487,1.734723475976807e-17
ketone,roi_masked,2,ketone_01_c0_wF02,1,0.0,0.011256855806303341,0.0112568558063033,0.0112568558063033,0.2687717013888889,0.7931207418441772,2.950908662428719,0.0,1.0956181078833958,0.014942863281476678,0.4076389375152756,0.0020435291289818826,4.163336342344337e-17
ketone,roi_masked,2,ketone_01_c0_wF05,1,0.0,0.01607660051366193,0.0160766005136619,0.0160766005136619,0.2666015625,0.7919242978096008,2.9704413221869275,0.0,1.0907092981784832,0.014636061114931244,0.40911586862079374,0.0019956493450984814,2.7755575615628914e-17
ketone,roi_masked,2,ketone_01_c0_wF06,1,0.0,0.007295254027983734,0.0072952540279837,0.0072952540279837,0.2731119791666667,0.8022634387016296,2.937489015126825,0.0,1.1012342441554954,0.009466498580915549,0.4032171153808918,0.0013023324514362996,3.469446951953614e-17
ketone,roi_masked,2,ketone_01_c0_wF10,1,0.0,-0.002100802512199024,0.0,0.0,0.2687717013888889,0.7851716876029968,2.9213331743840203,0.0,1.1084753963643446,0.016371074773018128,0.41242265857463867,0.0022388458986219778,2.3852447794681098e-17
ketone,roi_masked,2,ketone_01_c0_wG03,1,0.0,0.0016627955751962096,0.0016627955751962,0.0016627955751962,0.2739800347222222,0.79500812292099,2.901700934986077,0.0,1.1059993537642414,0.014784999719641008,0.40367881363529706,0.002036445335767621,9.540979117872439e-18
ketone,roi_masked,2,ketone_01_c0_wH01,1,0.0,0.01122648600784411,0.0112264860078441,0.0112264860078441,0.2739800347222222,0.80522620677948,2.9389959293780943,0.0,1.0967083012530214,0.014444870263335,0.40028767145932065,0.0019895968367492954,1.0408340855860843e-17
ketone,roi_masked,2,ketone_01_c0_wH02,1,0.0,0.011521619572600506,0.0115216195726005,0.0115216195726005,0.2722439236111111,0.7995516061782837,2.9368942218170835,0.0,1.096592722076188,0.013458738392997799,0.4027978687387066,0.001849347443415353,5.204170427930421e-18
ketone,roi_masked,2,ketone_01_c0_wH04,1,0.0,0.009997171814160113,0.0099971718141601,0.0099971718141601,0.2722439236111111,0.7989763021469116,2.934781028531661,0.0,1.0981744586810476,0.012863129520948108,0.403378868521504,0.0017675056159990724,1.3877787807814457e-17
ketone,roi_masked,2,ketone_01_c0_wH06,1,0.0,-0.015486488058121188,0.0,0.0,0.2722439236111111,0.7903190851211548,2.902981541840001,0.0,1.1238563996788282,0.022952733109203854,0.41281229890155763,0.0031539047015718314,8.847089727481716e-17
ketone,roi_masked,2,ketone_02_c0.01_wA04,2,0.01,0.0109283817873555,0.0109283817873555,0.0009283817873554992,0.2722439236111111,0.7998554110527039,2.9380101507619445,0.0,1.096280254825624,0.0162347521901076,0.4026830940005162,0.0022307958280010686,0.0
ketone,roi_masked,2,ketone_02_c0.01_wB04,2,0.01,0.02332118610770606,0.023321186107706,0.013321186107706,0.2705078125,0.7983688116073608,2.95137062485898,0.0,1.0844194387217516,0.01216155735418667,0.40088285388125405,0.001667126469971506,5.898059818321144e-17
ketone,roi_masked,2,ketone_02_c0.01_wB08,2,0.01,0.022216197176883827,0.0222161971768838,0.012216197176883799,0.2648654513888889,0.7878110408782959,2.9743820371709853,0.0,1.083652816885617,0.017184196517032124,0.409133320787294,0.002337558008870377,2.7755575615628914e-17
ketone,roi_masked,2,ketone_02_c0.01_wB10,2,0.01,0.008842353530064524,0.0088423535300645,0.0011576464699355003,0.2679036458333333,0.78862065076828,2.943672708578562,0.0,1.0965911755999087,0.018938082886584457,0.40932297587398786,0.0025868292853529324,2.42861286636753e-17
ketone,roi_masked,2,ketone_02_c0.01_wB12,2,0.01,0.3537967433094679,0.3537967433094679,0.3437967433094679,0.2700737847222222,0.864284873008728,3.20018055028061,0.0,0.7566262526087357,0.00814577421556234,0.28015538545769825,0.0011159722784394607,0.0
ketone,roi_masked,2,ketone_02_c0.01_wC04,2,0.01,0.026734142221407294,0.0267341422214072,0.0167341422214072,0.2705078125,0.7960923910140991,2.942955264976309,0.0,1.0811372320721033,0.012003693392545697,0.39966950384181726,0.0016454862160598118,9.367506770274758e-17
ketone,roi_masked,2,ketone_02_c0.01_wC08,2,0.01,0.02177403305783927,0.0217740330578392,0.0117740330578392,0.2657335069444444,0.7903857231140137,2.974354766932932,0.0,1.0837464401793437,0.018904422982116652,0.407832061767776,0.0025745997074506735,6.938893903907228e-17
ketone,roi_masked,2,ketone_02_c0.01_wC12,2,0.01,0.3203357198699807,0.3203357198699807,0.3103357198699807,0.2718098958333333,0.8526096343994141,3.1367865830838326,0.0,0.7899686975980973,0.006729608722193858,0.2906327950923779,0.0009241554758417314,0.0
ketone,roi_masked,2,ketone_02_c0.01_wD07,2,0.01,0.019094351359617873,0.0190943513596178,0.0090943513596178,0.2718098958333333,0.8040250539779663,2.9580418752339073,0.0,1.0889655524719846,0.010150019371315,0.400634991280711,0.001393869446074192,7.28583859910259e-17
ketone,roi_masked,2,ketone_02_c0.01_wE07,2,0.01,0.018202321466850933,0.0182023214668509,0.008202321466850898,0.2731119791666667,0.808820366859436,2.961497219299389,0.0,1.0903336874024587,0.010610817405315623,0.3992258745769193,0.0014597595642243438,3.469446951953614e-17
ketone,roi_masked,2,ketone_02_c0.01_wF02,2,0.01,0.031116629042179503,0.0311166290421795,0.0211166290421795,0.2705078125,0.8043805360794067,2.97359447272676,0.0,1.077483609765804,0.011452266480771411,0.3983188506859868,0.0015698956996398831,3.469446951953614e-18
ketone,roi_masked,2,ketone_02_c0.01_wF05,2,0.01,0.024037306215809014,0.024037306215809,0.014037306215809,0.2657335069444444,0.7924662828445435,2.982184264065052,0.0,1.0822655691966507,0.01833642377507196,0.40727478504354164,0.002497243704907096,1.3877787807814457e-17
ketone,roi_masked,2,ketone_02_c0.01_wF06,2,0.01,0.017129183878906364,0.0171291838789063,0.007129183878906301,0.2709418402777778,0.8059610724449158,2.974664494854763,0.0,1.090581276419594,0.014679989175688676,0.4025148996188617,0.0020135552945847127,6.245004513516506e-17
ketone,roi_masked,2,ketone_02_c0.01_wF10,2,0.01,0.02256584230647916,0.0225658423064791,0.012565842306479101,0.2657335069444444,0.7943506240844727,2.989275357926705,0.0,1.0832337098921043,0.019618633923783723,0.4076391127139908,0.0026718683351794116,5.898059818321144e-17
ketone,roi_masked,2,ketone_02_c0.01_wG03,2,0.01,0.016763628516481385,0.0167636285164813,0.006763628516481301,0.2735460069444444,0.8068811297416687,2.949709040737493,0.0,1.0925222567651611,0.010986995302758422,0.39939250766948536,0.0015124144691593968,8.326672684688674e-17
ketone,roi_masked,2,ketone_02_c0.01_wH01,2,0.01,0.03533819649234319,0.0353381964923431,0.025338196492343097,0.2657335069444444,0.7983319759368896,3.004257856363567,0.0,1.0719282848340845,0.019916246027147026,0.4033846906096743,0.0027124002273708732,9.020562075079397e-17
ketone,roi_masked,2,ketone_02_c0.01_wH02,2,0.01,0.014809352495564594,0.0148093524955645,0.0048093524955645,0.2705078125,0.7991138100624084,2.954124698570059,0.0,1.0940288175355526,0.01421191743382836,0.4044352018615184,0.0019481932332316252,9.367506770274758e-17
ketone,roi_masked,2,ketone_02_c0.01_wH04,2,0.01,0.02176785396255992,0.0217678539625599,0.0117678539625599,0.2687717013888889,0.8001294136047363,2.976985335398163,0.0,1.0854341005746289,0.016435216500946,0.40384984541363667,0.002247617677292155,2.0816681711721685e-17
ketone,roi_masked,2,ketone_02_c0.01_wH06,2,0.01,0.010862534008233341,0.0108625340082333,0.0008625340082332993,0.2744140625,0.8043138384819031,2.9310226711938387,0.0,1.0972242441840694,0.011883705496928625,0.3998425715460808,0.0016378081330894903,4.163336342344337e-17
ketone,roi_masked,2,ketone_03_c0.05_wA04,3,0.05,0.018324278861922966,0.0183242788619229,0.0316757211380771,0.2718098958333333,0.802054226398468,2.950791117959394,0.0,1.0899604618358552,0.010994205791130456,0.40100102260595777,0.001509798846238389,6.591949208711867e-17
ketone,roi_masked,2,ketone_03_c0.05_wB04,3,0.05,0.023465209287254162,0.0234652092872541,0.026534790712745903,0.2744140625,0.7992519736289978,2.9125765871747107,0.0,1.0846315084538845,0.011813773348438524,0.39525361731557923,0.0016281701088561305,6.245004513516506e-17
ketone,roi_masked,2,ketone_03_c0.05_wB08,3,0.05,0.02651321639592216,0.0265132163959221,0.023486783604077903,0.2731119791666667,0.8148655295372009,2.983631593251825,0.0,1.0827071749524544,0.011159299550506967,0.3964334256798498,0.0015352157733612812,5.898059818321144e-17
ketone,roi_masked,2,ketone_03_c0.05_wB10,3,0.05,0.02006149879190328,0.0200614987919032,0.029938501208096803,0.2731119791666667,0.8054343461990356,2.9490992985976607,0.0,1.088245351438972,0.011954718933603583,0.3984612299905271,0.0016446438228405827,7.979727989493313e-17
ketone,roi_masked,2,ketone_03_c0.05_wB12,3,0.05,0.06542678576954764,0.0654267857695476,0.01542678576954759,0.2679036458333333,0.8126683235168457,3.0334351030908264,0.0,1.042288359859739,0.017302209005891855,0.38905344368033035,0.0023633786601200434,4.163336342344337e-17
ketone,roi_masked,2,ketone_03_c0.05_wC04,3,0.05,0.03336029374122206,0.033360293741222,0.016639706258778003,0.2700737847222222,0.8050863146781921,2.9809865311668218,0.0,1.0746214333076183,0.010587233355190316,0.3978992016618325,0.001450452543502809,6.245004513516506e-17
ketone,roi_masked,2,ketone_03_c0.05_wC08,3,0.05,0.09864435197015445,0.0986443519701544,0.048644351970154404,0.2696397569444444,0.8176670074462891,3.0324423101106643,0.0,1.0109249494184387,0.015606445979941999,0.3749168746012206,0.002136814829165733,4.163336342344337e-17
ketone,roi_masked,2,ketone_03_c0.05_wC12,3,0.05,0.04638855840546785,0.0463885584054678,0.003611441594532201,0.2674696180555556,0.8091990947723389,3.0253869604145534,0.0,1.0614615886343541,0.01585268119542145,0.3968531440508806,0.0021640987986521125,4.85722573273506e-17
ketone,roi_masked,2,ketone_03_c0.05_wD07,3,0.05,0.024391196707917145,0.0243911967079171,0.025608803292082902,0.2679036458333333,0.7964619994163513,2.97294199539129,0.0,1.082206448326883,0.019300034959524842,0.4039536098736555,0.002636269781932428,4.5102810375396984e-17
ketone,roi_masked,2,ketone_03_c0.05_wE07,3,0.05,0.006862175683727866,0.0068621756837278,0.0431378243162722,0.2687717013888889,0.7966009974479675,2.9638574051192847,0.0,1.0995132547855095,0.01816199298377847,0.4090881774769179,0.0024837650591853742,6.591949208711867e-17
ketone,roi_masked,2,ketone_03_c0.05_wF02,3,0.05,0.015238252663718014,0.015238252663718,0.034761747336282005,0.2752821180555556,0.8206409811973572,2.9810907696944593,0.0,1.0946663783548094,0.006969405299413886,0.39765255588955156,0.0009616714963227784,1.3877787807814457e-17
ketone,roi_masked,2,ketone_03_c0.05_wF05,3,0.05,0.013216025966686447,0.0132160259666864,0.0367839740333136,0.2752821180555556,0.8147923946380615,2.959844977920526,0.0,1.0964095361499986,0.00682184362094085,0.3982857818351749,0.0009413102382181596,4.683753385137379e-17
ketone,roi_masked,2,ketone_03_c0.05_wF06,3,0.05,0.0003337504531188394,0.0003337504531188,0.0496662495468812,0.2739800347222222,0.8093703985214233,2.9541218189201732,0.0,1.108362749124926,0.011875863494535904,0.4045414295419928,0.001635748886050559,3.9410748969848086e-17
ketone,roi_masked,2,ketone_03_c0.05_wF10,3,0.05,0.017963563148632438,0.0179635631486324,0.0320364368513676,0.2705078125,0.8037187457084656,2.9711479985756997,0.0,1.0898505439608626,0.013608630451565813,0.40289059820069434,0.001865493652262837,3.8163916471489756e-17
ketone,roi_masked,2,ketone_03_c0.05_wG03,3,0.05,0.016222364364901584,0.0162223643649015,0.0337776356350985,0.2648654513888889,0.7949575781822205,3.001363801936642,0.0,1.08995934414256,0.02002770722106019,0.41151435131576536,0.00272435940589359,8.326672684688674e-17
ketone,roi_masked,2,ketone_03_c0.05_wH01,3,0.05,0.04129336778878231,0.0412933677887823,0.008706632211217702,0.2770182291666667,0.8301828503608704,2.9968527806211442,0.0,1.0686319164441944,0.005946755987373799,0.3857623087328514,0.000822531940261698,6.938893903907228e-18
ketone,roi_masked,2,ketone_03_c0.05_wH02,3,0.05,0.15930856346509828,0.1593085634650982,0.1093085634650982,0.2752821180555556,0.8458529710769653,3.072676776289047,0.0,0.9509594341405353,0.00676887051046976,0.3454490400094274,0.0009340007579651042,8.326672684688674e-17
ketone,roi_masked,2,ketone_03_c0.05_wH04,3,0.05,0.16227002510283212,0.1622700251028321,0.11227002510283209,0.2739800347222222,0.8488262295722961,3.0981316957379335,0.0,0.947391648461525,0.013290123370741952,0.34578857157312537,0.0018305451649194115,2.7755575615628914e-17
ketone,roi_masked,2,ketone_03_c0.05_wH06,3,0.05,0.09802612887268927,0.0980261288726892,0.0480261288726892,0.2700737847222222,0.828981876373291,3.06946443256579,0.0,1.0111288381341903,0.011236005878148103,0.3743898502308035,0.0015393344755910943,6.938893903907228e-17
ketone,roi_masked,2,ketone_04_c0.1_wA04,4,0.1,0.09156019977938105,0.091560199779381,0.008439800220619006,0.2679036458333333,0.8199145197868347,3.0604828733720004,0.0,1.0158919488305285,0.017833946415314397,0.37920049414427504,0.002436010822047391,5.551115123125783e-17
ketone,roi_masked,2,ketone_04_c0.1_wB04,4,0.1,0.08412500549372418,0.0841250054937241,0.0158749945062759,0.2679036458333333,0.8217432498931885,3.0673089473534327,0.0,1.023378068463894,0.01811527749842108,0.3819948270134973,0.002474438971771879,6.938893903907228e-17
ketone,roi_masked,2,ketone_04_c0.1_wB08,4,0.1,0.1882773253405612,0.1882773253405612,0.08827732534056121,0.2752821180555556,0.8655740022659302,3.1443161233278722,0.0,0.9255824975739932,0.0036732216021011233,0.3362305202066189,0.00050684848457799,0.0
ketone,roi_masked,2,ketone_04_c0.1_wB10,4,0.1,0.12915833226854503,0.129158332268545,0.029158332268545,0.2687717013888889,0.8306443691253662,3.090520188074031,0.0,0.9780028148191588,0.018594800340704903,0.36387864115354734,0.0025429541466083453,2.7755575615628914e-17
ketone,roi_masked,2,ketone_04_c0.1_wB12,4,0.1,0.1671478233539565,0.1671478233539565,0.0671478233539565,0.2722439236111111,0.8551849722862244,3.1412453984016917,0.0,0.9427032697430198,0.005987905565168511,0.3462715557573404,0.0008227901847113911,0.0
ketone,roi_masked,2,ketone_04_c0.1_wC04,4,0.1,0.077779599971731,0.077779599971731,0.022220400028269,0.2648654513888889,0.8108007907867432,3.0611798803320873,0.0,1.0293554404820933,0.020156720464217626,0.3886333363163856,0.002741909015472024,0.0
ketone,roi_masked,2,ketone_04_c0.1_wC08,4,0.1,0.10209313838393783,0.1020931383839378,0.0020931383839377926,0.2657335069444444,0.8309060335159302,3.1268395283310793,0.0,1.007089527652399,0.01349905762643186,0.3789847728397105,0.0018384411864222848,2.7755575615628914e-17
ketone,roi_masked,2,ketone_04_c0.1_wC12,4,0.1,0.23555781663139086,0.2355578166313908,0.1355578166313908,0.2657335069444444,0.8453353643417358,3.1811395335947075,0.0,0.8729371158202343,0.015003441127506456,0.32850095791748796,0.002043323680081269,5.551115123125783e-17
ketone,roi_masked,2,ketone_04_c0.1_wD07,4,0.1,0.21257397527034902,0.212573975270349,0.11257397527034899,0.2700737847222222,0.8510414958000183,3.1511444055013937,0.0,0.9045097559955717,0.004242751679505524,0.33491208964464403,0.0005812576107971296,2.7755575615628914e-17
ketone,roi_masked,2,ketone_04_c0.1_wE07,4,0.1,0.10968517263391571,0.1096851726339157,0.00968517263391569,0.2648654513888889,0.8331236243247986,3.14545977950731,0.0,0.9997588415179842,0.014079232162810346,0.37745913492133315,0.0019151911972318842,1.3877787807814457e-17
ketone,roi_masked,2,ketone_04_c0.1_wF02,4,0.1,0.08442274127883745,0.0844227412788374,0.015577258721162612,0.2670355902777778,0.8184237480163574,3.0648489482806784,0.0,1.024034924572664,0.017628996808536038,0.3834825625705678,0.0024051640945591136,5.551115123125783e-17
ketone,roi_masked,2,ketone_04_c0.1_wF05,4,0.1,0.09040102872127666,0.0904010287212766,0.009598971278723403,0.2744140625,0.8404687643051147,3.0627758528414146,0.0,1.0189360559368288,0.007476942676117898,0.3713133527684387,0.0010304696231957912,5.551115123125783e-17
ketone,roi_masked,2,ketone_04_c0.1_wF06,4,0.1,0.060180427464310786,0.0601804274643107,0.0398195725356893,0.2722439236111111,0.819403886795044,3.0098151537278297,0.0,1.047873034674448,0.01757542144912313,0.38490226733996463,0.0024150154178487963,8.326672684688674e-17
ketone,roi_masked,2,ketone_04_c0.1_wF10,4,0.1,0.09563650071624238,0.0956365007162423,0.004363499283757705,0.2679036458333333,0.834690511226654,3.1156369993782276,0.0,1.0122512262702508,0.014315882968821178,0.3778415269869029,0.0019554643165948715,8.326672684688674e-17
ketone,roi_masked,2,ketone_04_c0.1_wG03,4,0.1,0.05086048481127885,0.0508604848112788,0.04913951518872121,0.2735460069444444,0.8233798742294312,3.0100233720342873,0.0,1.0582729988086013,0.009860211377213303,0.38687203320190683,0.001357307065756502,4.85722573273506e-17
ketone,roi_masked,2,ketone_04_c0.1_wH01,4,0.1,0.18914898172736685,0.1891489817273668,0.0891489817273668,0.2666015625,0.8383254408836365,3.1444881006038234,0.0,0.9199054746368596,0.009029208539037298,0.34504879341690264,0.0012311464106490272,5.551115123125783e-17
ketone,roi_masked,2,ketone_04_c0.1_wH02,4,0.1,0.12043320137661469,0.1204332013766146,0.0204332013766146,0.2700737847222222,0.8386696577072144,3.1053353014984686,0.0,0.9900819877727041,0.00962818660780719,0.36659685011302695,0.0013190629965445378,8.326672684688674e-17
ketone,roi_masked,2,ketone_04_c0.1_wH04,4,0.1,0.14126555932139115,0.1412655593213911,0.04126555932139109,0.2648654513888889,0.8155524134635925,3.0791196405081807,0.0,0.9699103508943212,0.021251094012795818,0.3661898317837798,0.0028907761243088747,5.551115123125783e-17
ketone,roi_masked,2,ketone_04_c0.1_wH06,4,0.1,0.10848016701033902,0.108480167010339,0.00848016701033899,0.2722439236111111,0.8244214653968811,3.0282456058579736,0.0,1.002597624661266,0.008573310829954509,0.3682718098397062,0.0011780473029500635,2.7755575615628914e-17
ketone,roi_masked,2,ketone_05_c0.5_wA04,5,0.5,0.41799059537704125,0.4179905953770412,0.0820094046229588,0.2744140625,0.8575083017349243,3.1248701102368774,0.0,0.6947077709340068,0.009212354942303103,0.25316041189908295,0.001269643534443927,5.551115123125783e-17
ketone,roi_masked,2,ketone_05_c0.5_wB04,5,0.5,0.45703806370419364,0.4570380637041936,0.04296193629580641,0.2705078125,0.8496333956718445,3.1408830222670354,0.0,0.6534815330827831,0.009747942743423832,0.24157584472085555,0.0013362641725925039,5.551115123125783e-17
ketone,roi_masked,2,ketone_05_c0.5_wB08,5,0.5,0.48855135952501816,0.4885513595250181,0.011448640474981897,0.2687717013888889,0.860810399055481,3.2027568178019026,0.0,0.6211920941573277,0.010723146253405369,0.23112258133847122,0.001466456683059562,5.551115123125783e-17
ketone,roi_masked,2,ketone_05_c0.5_wB10,5,0.5,0.524706395461473,0.524706395461473,0.02470639546147302,0.2752821180555556,0.8634759187698364,3.1366945476479353,0.0,0.5858463265042841,0.005022130854339224,0.2128167026040001,0.0006929773611856609,0.0
ketone,roi_masked,2,ketone_05_c0.5_wB12,5,0.5,0.5213334512267931,0.5213334512267931,0.021333451226793088,0.2670355902777778,0.8736439943313599,3.2716387857609965,0.0,0.5896160831904367,0.0109391182557943,0.22080056166936468,0.0014924487615899376,0.0
ketone,roi_masked,2,ketone_05_c0.5_wC04,5,0.5,0.5098575245024726,0.5098575245024726,0.00985752450247257,0.2735460069444444,0.8621594905853271,3.1517897125086773,0.0,0.6003713096094623,0.007269712548288787,0.21947727050221363,0.001000712036520231,0.0
ketone,roi_masked,2,ketone_05_c0.5_wC08,5,0.5,0.446135961113332,0.446135961113332,0.05386403888666802,0.2735460069444444,0.8626367449760437,3.1535344076553824,0.0,0.6638893210574923,0.008531988241630484,0.24269750031201312,0.001174470554665669,0.0
ketone,roi_masked,2,ketone_05_c0.5_wC12,5,0.5,0.5029699956433451,0.5029699956433451,0.0029699956433451025,0.2657335069444444,0.8686597347259521,3.2689130727784304,0.0,0.6067997591770184,0.014372824030111309,0.2283489824653084,0.0019574397260456013,0.0
ketone,roi_masked,2,ketone_05_c0.5_wD07,5,0.5,0.4313479959696984,0.4313479959696984,0.06865200403030158,0.2718098958333333,0.8636518716812134,3.1774114368918416,0.0,0.6781688571220132,0.009764612548522233,0.24950116515914073,0.0013409427692919222,0.0
ketone,roi_masked,2,ketone_05_c0.5_wE07,5,0.5,0.509474080941609,0.509474080941609,0.009474080941608953,0.2700737847222222,0.8766463398933411,3.245951252895553,0.0,0.6018787517113777,0.009452625261891168,0.22285715451072952,0.001295011066056028,0.0
ketone,roi_masked,2,ketone_05_c0.5_wF02,5,0.5,0.5105934657355851,0.5105934657355851,0.010593465735585061,0.2692057291666667,0.867154061794281,3.2211575306312348,0.0,0.5995877161583427,0.00935657434025372,0.2227247235838487,0.0012803294598333823,0.0
ketone,roi_masked,2,ketone_05_c0.5_wF05,5,0.5,0.5000171657435561,0.5000171657435561,1.716574355614675e-05,0.2696397569444444,0.8596752285957336,3.1882361797739565,0.0,0.6096313443697043,0.013692063667879895,0.22609104505880062,0.0018747000261949355,0.0
ketone,roi_masked,2,ketone_05_c0.5_wF06,5,0.5,0.4455408765061197,0.4455408765061197,0.054459123493880324,0.2770182291666667,0.8703369498252869,3.141803889381059,0.0,0.6649352797629493,0.0043261778602574075,0.24003304106131376,0.0005983799363669859,0.0
ketone,roi_masked,2,ketone_05_c0.5_wF10,5,0.5,0.4014775019725237,0.4014775019725237,0.09852249802747631,0.2748480902777778,0.8726998567581177,3.1752080062703563,0.0,0.7087976335521733,0.0051867902178875935,0.25788705056521233,0.0007152694695204559,0.0
ketone,roi_masked,2,ketone_05_c0.5_wG03,5,0.5,0.3894069127228153,0.3894069127228153,0.1105930872771847,0.2744140625,0.8682597279548645,3.164049684789257,0.0,0.7206936346065027,0.00935697887251824,0.2626299935363199,0.0012895755538975342,0.0
ketone,roi_masked,2,ketone_05_c0.5_wH01,5,0.5,0.5139360033485643,0.5139360033485643,0.013936003348564263,0.2752821180555556,0.8782307505607605,3.190293495139128,0.0,0.5979908980118909,0.009219859940687858,0.2172283845517377,0.001272199868444068,0.0
ketone,roi_masked,2,ketone_05_c0.5_wH02,5,0.5,0.4381450220984527,0.4381450220984527,0.061854977901547314,0.2657335069444444,0.854043185710907,3.2139085338961695,0.0,0.6715813481837711,0.016880815854666054,0.2527273868869594,0.0022990039739412198,0.0
ketone,roi_masked,2,ketone_05_c0.5_wH04,5,0.5,0.4623251812236724,0.4623251812236724,0.03767481877632761,0.2679036458333333,0.8694701194763184,3.245458331751215,0.0,0.6542916743242677,0.01985140295659138,0.24422649131520663,0.002711583365168907,0.0
ketone,roi_masked,2,ketone_05_c0.5_wH06,5,0.5,0.3891565381162125,0.3891565381162125,0.11084346188378752,0.2752821180555556,0.8493298888206482,3.0853071562361425,2.595336127342307e-06,0.7218921096423074,0.01292298638972178,0.2622371967861058,0.0017831747651995199,0.0
ketone,roi_masked,2,ketone_06_c1_wA04,6,1.0,0.975786092452241,0.975786092452241,0.024213907547758984,0.2657335069444444,0.8957361578941345,3.3708062193353796,0.05061833932995796,0.19028801659816685,0.006984307234496834,0.07160858966797493,0.0009511951451621519,0.0
ketone,roi_masked,2,ketone_06_c1_wB04,6,1.0,0.9421936915938849,0.9421936915938848,0.057806308406115225,0.2648654513888889,0.8611137270927429,3.2511364641076272,0.08769633620977402,0.25000990158644054,0.006415165751052054,0.09439128443345499,0.0008726519197298264,1.1102230246251565e-16
ketone,roi_masked,2,ketone_06_c1_wB08,6,1.0,0.9584473858136431,0.9584473858136432,0.04155261418635681,0.2731119791666667,0.8221208453178406,3.010196944954,0.3730649948120117,0.16007331082074638,0.006030802083988096,0.058610871375605826,0.0008296741604125139,1.1102230246251565e-16
ketone,roi_masked,2,ketone_06_c1_wB10,6,1.0,1.2351333440529975,1.2351333440529977,0.23513334405299768,0.2744140625,0.6705483198165894,2.443563983957963,0.5048398971557617,0.08854188432919496,0.004603831712736373,0.032265796993984214,0.0006344984756180412,2.220446049250313e-16
ketone,roi_masked,2,ketone_06_c1_wB12,6,1.0,1.1024830531346295,1.1024830531346297,0.10248305313462969,0.2731119791666667,0.7226359844207764,2.64593294891612,0.512354850769043,0.021927271668838344,0.0030755655011267535,0.008028674441796353,0.0004231140716283649,2.220446049250313e-16
ketone,roi_masked,2,ketone_06_c1_wC04,6,1.0,0.9970292111365595,0.9970292111365596,0.0029707888634403767,0.2657335069444444,0.8061675429344177,3.0337444163673313,0.325305312871933,0.13875251521235543,0.0061386510314440645,0.05221491140045193,0.0008360249431917912,1.1102230246251565e-16
ketone,roi_masked,2,ketone_06_c1_wC08,6,1.0,1.0049553633276571,1.0049553633276571,0.004955363327657114,0.2722439236111111,0.7419529557228088,2.725324208824793,0.3393917977809906,0.15526055915372483,0.00013298351716040102,0.05702994472541762,1.8273089222457967e-05,0.0
ketone,roi_masked,2,ketone_06_c1_wC12,6,1.0,0.977527230716021,0.977527230716021,0.02247276928397901,0.2731119791666667,0.763725996017456,2.796384099839839,0.42919597029685974,0.143377156568383,0.00489155825155807,0.05249757151109328,0.0006729452283379487,0.0
ketone,roi_masked,2,ketone_06_c1_wD07,6,1.0,0.9269504532158699,0.92695045321587,0.07304954678413,0.2657335069444444,0.833622932434082,3.137063677138628,0.23396258056163788,0.2425723334154002,0.007593146823688279,0.091284059810385,0.0010341132130502614,1.1102230246251565e-16
ketone,roi_masked,2,ketone_06_c1_wE07,6,1.0,1.0427209492765925,1.0427209492765923,0.04272094927659231,0.2666015625,0.7281375527381897,2.731182615398924,0.4393252730369568,0.11470722976277603,0.005865450160056351,0.043025715486110866,0.0007997631110383094,2.220446049250313e-16
ketone,roi_masked,2,ketone_06_c1_wF02,6,1.0,1.0023124464974535,1.0023124464974535,0.0023124464974535464,0.2744140625,0.8010719418525696,2.9192087845445953,0.4947717785835266,0.11674116655122546,0.007523946607935983,0.04254197670763519,0.0010369476886307465,0.0
ketone,roi_masked,2,ketone_06_c1_wF05,6,1.0,0.9160876637399242,0.9160876637399242,0.08391233626007577,0.2752821180555556,0.8732313513755798,3.172132492817242,0.27129608392715454,0.2034666289765863,0.006889575844446494,0.07391203991518404,0.0009506562506725392,0.0
ketone,roi_masked,2,ketone_06_c1_wF06,6,1.0,0.9145458442446568,0.9145458442446568,0.08545415575534321,0.2657335069444444,0.8479353785514832,3.190923825533062,0.33907821774482727,0.23417324967481923,0.004432100054773125,0.08812334295643669,0.0006036091932139666,0.0
ketone,roi_masked,2,ketone_06_c1_wF10,6,1.0,0.9049141324963856,0.9049141324963856,0.09508586750361436,0.2718098958333333,0.843929648399353,3.1048525507578595,0.38987287878990173,0.21983339099845223,0.006740648545207062,0.08087762600565812,0.0009256715391540497,0.0
ketone,roi_masked,2,ketone_06_c1_wG03,6,1.0,1.1759310373236609,1.1759310373236609,0.1759310373236609,0.2670355902777778,0.7289888262748718,2.7299313380533192,0.5935961008071899,0.03807861377295296,0.01551918692834331,0.014259752317413023,0.002117317938291813,0.0
ketone,roi_masked,2,ketone_06_c1_wH01,6,1.0,0.9403956530333142,0.9403956530333142,0.05960434696668582,0.2648654513888889,0.8725551962852478,3.2943337521363554,0.23183275759220123,0.19748588729366334,0.00439326616773239,0.07456083315437942,0.0005976138893257817,0.0
ketone,roi_masked,2,ketone_06_c1_wH02,6,1.0,0.9531926209023833,0.9531926209023832,0.046807379097616786,0.2679036458333333,0.8147737383842468,3.0412939542119153,0.39644455909729004,0.1791322090558385,0.006763797410414885,0.06686441630857058,0.0009238944261802813,1.1102230246251565e-16
ketone,roi_masked,2,ketone_06_c1_wH04,6,1.0,0.9298190665181512,0.9298190665181512,0.07018093348184884,0.2657335069444444,0.8094481229782104,3.046089792309999,0.4093642830848694,0.20188156260466572,0.007616824887161089,0.07597143654408328,0.001037337936457464,0.0
ketone,roi_masked,2,ketone_06_c1_wH06,6,1.0,0.9147473308723524,0.9147473308723524,0.08525266912764762,0.2744140625,0.8160946369171143,2.973953409975534,0.4228702783584595,0.20813519864607333,0.0034468282550792484,0.0758471328873947,0.0004750406639570862,0.0
ketone,roi_masked,2,ketone_07_c5_wA04,7,5.0,5.66180877968598,5.66180877968598,0.6618087796859804,0.2696397569444444,0.7153083086013794,2.6528295259840293,0.7155388593673706,4.456097050763039,0.10777241342144883,1.6526112845002887,0.014756062428941797,0.0
ketone,roi_masked,2,ketone_07_c5_wB04,7,5.0,5.174540143827582,5.174540143827582,0.1745401438275822,0.2687717013888889,0.7170760035514832,2.667974343451945,0.7173251509666443,3.9518456566425875,0.09493438943461552,1.4703354691811903,0.012982865900421673,0.0
ketone,roi_masked,2,ketone_07_c5_wB08,7,5.0,5.20375333088714,5.20375333088714,0.20375333088713976,0.2696397569444444,0.7195078730583191,2.6684042487345954,0.719758152961731,3.962517931388887,0.09082883972715017,1.4695599700474844,0.012436169765642787,0.0
ketone,roi_masked,2,ketone_07_c5_wB10,7,5.0,4.893803441508304,4.893803441508304,0.10619655849169618,0.2700737847222222,0.7324267625808716,2.711950600219089,0.7326859831809998,3.7324457982452866,0.02422497161420356,1.3820096615760773,0.003318824712301175,0.0
ketone,roi_masked,2,ketone_07_c5_wB12,7,5.0,4.954824029491454,4.954824029491454,0.04517597050854594,0.2687717013888889,0.7332534790039062,2.7281647406136456,0.7335205078125,3.761847842854826,0.04807544898424343,1.39964431650182,0.006574615489520514,0.0
ketone,roi_masked,2,ketone_07_c5_wC04,7,5.0,4.649900565754423,4.649900565754423,0.35009943424557743,0.2666015625,0.7195391654968262,2.6989307892628207,0.7198107242584229,3.4337302153214866,0.09795937282137679,1.2879632749044696,0.013356910488560563,0.0
ketone,roi_masked,2,ketone_07_c5_wC08,7,5.0,5.480123652540547,5.480123652540547,0.4801236525405468,0.2722439236111111,0.7195172309875488,2.6429138305226187,0.7197639346122742,4.280668896817313,0.08539910601985135,1.572365267160955,0.01173457821796556,0.0
ketone,roi_masked,2,ketone_07_c5_wC12,7,5.0,4.304374817119102,4.304374817119102,0.6956251828808977,0.2705078125,0.7306708097457886,2.701107975377933,0.7309704422950745,3.096075520165943,0.03232746708580336,1.1445419973465438,0.00443150285085176,0.0
ketone,roi_masked,2,ketone_07_c5_wD07,7,5.0,4.43128333671321,4.43128333671321,0.5687166632867902,0.2718098958333333,0.7294771671295166,2.683777074756737,0.7297585010528564,3.258607864688611,0.04934091886922243,1.198855492254301,0.0067758293592423465,0.0
ketone,roi_masked,2,ketone_07_c5_wE07,7,5.0,5.110503910932782,5.110503910932782,0.11050391093278211,0.2657335069444444,0.7129001617431641,2.682763532309106,0.7131445407867432,3.8731778758867894,0.1105651447469782,1.4575421520691163,0.015057904152329705,0.0
ketone,roi_masked,2,ketone_07_c5_wF02,7,5.0,4.311775283444874,4.311775283444874,0.6882247165551263,0.2657335069444444,0.7316484451293945,2.753316484406901,0.7319377064704895,3.0998845996923143,0.08175396306782368,1.166538851399117,0.011134099654692819,0.0
ketone,roi_masked,2,ketone_07_c5_wF05,7,5.0,4.721914967032762,4.721914967032762,0.27808503296723774,0.2648654513888889,0.7237855195999146,2.732653563552975,0.7240526080131531,3.4882058770259348,0.08427239925112939,1.316972771924253,0.01146353404425695,0.0
ketone,roi_masked,2,ketone_07_c5_wF06,7,5.0,4.869052071176024,4.869052071176024,0.13094792882397588,0.2752821180555556,0.7302361726760864,2.6526829197409585,0.7305091023445129,3.70595859928582,0.036632199136160004,1.3462402227441117,0.005054684043103019,0.0
ketone,roi_masked,2,ketone_07_c5_wF10,7,5.0,5.2521412572321635,5.252141257232164,0.2521412572321644,0.2722439236111111,0.7264904379844666,2.6685276510421856,0.7267395257949829,4.068920967404791,0.05899800686079182,1.4945865139737968,0.008106838097943304,8.881784197001252e-16
ketone,roi_masked,2,ketone_07_c5_wG03,7,5.0,4.466402849047388,4.466402849047388,0.5335971509526116,0.2709418402777778,0.7177228927612305,2.6489924628303965,0.7180163860321045,3.2657112822005034,0.08081614531517545,1.20531818889707,0.011085006626352983,0.0
ketone,roi_masked,2,ketone_07_c5_wH01,7,5.0,4.256771927528441,4.256771927528441,0.7432280724715588,0.2679036458333333,0.7336184978485107,2.7383669810335665,0.7339257001876831,3.0516421444834023,0.08381914060717666,1.139081976652857,0.011449195195431154,0.0
ketone,roi_masked,2,ketone_07_c5_wH02,7,5.0,4.0550174393755,4.0550174393755,0.9449825606245001,0.2679036458333333,0.72397381067276,2.702366399011809,0.7242777347564697,2.8469255809096223,0.0732300771629637,1.062667725948282,0.010002792220748086,0.0
ketone,roi_masked,2,ketone_07_c5_wH04,7,5.0,4.512959245527374,4.512959245527374,0.48704075447262607,0.2666015625,0.7416711449623108,2.781945979638851,0.7419454455375671,3.3169924614022883,0.09960541506204823,1.244175926914265,0.01358135086864679,0.0
ketone,roi_masked,2,ketone_07_c5_wH06,7,5.0,4.874579505579379,4.874579505579379,0.12542049442062098,0.2687717013888889,0.7356100082397461,2.7369325134991924,0.7359120845794678,3.700591952723652,0.06240415650608444,1.3768532675131684,0.008534155013504588,0.0
ketone,roi_masked,2,ketone_08_c10_wA04,8,10.0,8.738216991782869,8.738216991782869,1.2617830082171313,0.2657335069444444,0.7057164907455444,2.655730166888909,0.7059021592140198,7.440473436588574,0.27418645184322976,2.7999756305267582,0.03734154485277384,0.0
ketone,roi_masked,2,ketone_08_c10_wB04,8,10.0,10.835223053623181,10.0,0.0,0.2739800347222222,0.7125599980354309,2.600773442334468,0.7127290368080139,9.586892728870865,0.18650616600603698,3.499120926307877,0.025688848093134608,1.7763568394002505e-15
ketone,roi_masked,2,ketone_08_c10_wB08,8,10.0,9.690386495152332,9.690386495152332,0.30961350484766825,0.2731119791666667,0.7170752286911011,2.6255722318701578,0.7172498106956482,8.49396367113409,0.121514558729789,3.1100663167728158,0.01671709468956166,0.0
ketone,roi_masked,2,ketone_08_c10_wB10,8,10.0,10.533618796130451,10.0,0.0,0.2666015625,0.7056689262390137,2.6469046903617217,0.7058348655700684,9.241487205555554,0.2761902920977679,3.4664039921204717,0.037658969255408035,1.7763568394002505e-15
ketone,roi_masked,2,ketone_08_c10_wB12,8,10.0,9.728527412808191,9.728527412808193,0.27147258719180734,0.2722439236111111,0.7183900475502014,2.63877348673681,0.7185665369033813,8.499494761215049,0.14769451913620557,3.1220144965866043,0.02029450854866961,1.7763568394002505e-15
ketone,roi_masked,2,ketone_08_c10_wC04,8,10.0,9.486864351625014,9.486864351625014,0.5131356483749858,0.2696397569444444,0.7072973251342773,2.6231195768360163,0.7074748277664185,8.193675635104501,0.21274466642706358,3.038749080608575,0.02912873043814913,0.0
ketone,roi_masked,2,ketone_08_c10_wC08,8,10.0,9.657667074204769,9.657667074204769,0.34233292579523145,0.2735460069444444,0.7123771905899048,2.604231728868133,0.7125534415245056,8.418494567239279,0.15602760221621637,3.0775424804314637,0.021477974339427185,0.0
ketone,roi_masked,2,ketone_08_c10_wC12,8,10.0,10.536808768506512,10.0,0.0,0.2739800347222222,0.7139951586723328,2.6060116365640473,0.7141649723052979,9.291987207009822,0.1896547032100262,3.3914833306852485,0.0261225189774862,0.0
ketone,roi_masked,2,ketone_08_c10_wD07,8,10.0,9.667424480561374,9.667424480561374,0.33257551943862573,0.2705078125,0.7109161019325256,2.6280797414400947,0.7110924124717712,8.408783752758236,0.15120142005400794,3.108517892716402,0.020726941651312468,0.0
ketone,roi_masked,2,ketone_08_c10_wE07,8,10.0,10.574291255281787,10.0,0.0,0.2705078125,0.7065132856369019,2.6118036263255866,0.7066829204559326,9.30774390966362,0.17840016672320402,3.4408410698539877,0.024455390993917126,0.0
ketone,roi_masked,2,ketone_08_c10_wF02,8,10.0,9.782917772946952,9.782917772946952,0.21708222705304792,0.2666015625,0.7017050385475159,2.6320364815848216,0.7018814086914062,8.449354659872037,0.2746272308018636,3.1692817478787427,0.03744584345420883,0.0
ketone,roi_masked,2,ketone_08_c10_wF05,8,10.0,9.914758643551064,9.914758643551064,0.08524135644893605,0.2739800347222222,0.7122409343719482,2.599608891553218,0.7124203443527222,8.65295555838149,0.18675245814429076,3.1582431059819336,0.025722771697172075,0.0
ketone,roi_masked,2,ketone_08_c10_wF06,8,10.0,10.262762974905222,10.0,0.0,0.2657335069444444,0.7016012668609619,2.6402438854187937,0.7017716765403748,8.944326633560344,0.3309849407499801,3.3659009495668495,0.04507695011011994,0.0
ketone,roi_masked,2,ketone_08_c10_wF10,8,10.0,9.878934740039114,9.878934740039114,0.12106525996088635,0.2705078125,0.716884434223175,2.6501431792221344,0.7170590162277222,8.628605859130161,0.15312644815751497,3.189780649728984,0.020990827699236325,0.0
ketone,roi_masked,2,ketone_08_c10_wG03,8,10.0,9.815099376666177,9.815099376666176,0.1849006233338244,0.2735460069444444,0.7123301029205322,2.6040595908431676,0.7125106453895569,8.558792694783907,0.1472976665745307,3.1288311572839547,0.02027625534205937,1.7763568394002505e-15
ketone,roi_masked,2,ketone_08_c10_wH01,8,10.0,10.928805525733516,10.0,0.0,0.2705078125,0.708381712436676,2.6187107347839578,0.7085496187210083,9.663058434733092,0.2036293806868592,3.572191998977143,0.02791385352387468,0.0
ketone,roi_masked,2,ketone_08_c10_wH02,8,10.0,7.795306976241159,7.795306976241159,2.204693023758841,0.2666015625,0.7179892063140869,2.6931170229510073,0.7183010578155518,6.495591598798278,0.22696989725108807,2.4364416839448486,0.03094769304728551,0.0
ketone,roi_masked,2,ketone_08_c10_wH04,8,10.0,8.185142365801587,8.185142365801587,1.8148576341984128,0.2657335069444444,0.7169864773750305,2.6981410271491555,0.7171826362609863,6.875483460005873,0.2585996015248977,2.587360374332958,0.035218766479288566,0.0
ketone,roi_masked,2,ketone_08_c10_wH06,8,10.0,9.171305593799525,9.171305593799524,0.8286944062004764,0.2722439236111111,0.734645664691925,2.6984832386611326,0.7348409295082092,7.8872517808324645,0.13980758874489574,2.8971268398625747,0.019210775874056348,1.7763568394002505e-15
ketone,roi_masked,3,ketone_01_c0_wA07,1,0.0,0.2186529023627232,0.2186529023627232,0.2186529023627232,0.2722439236111111,0.7869619131088257,2.8906500562817605,0.0,0.6321274573278303,0.006319066669565332,0.23219157619502925,0.000868294594106368,0.0
ketone,roi_masked,3,ketone_01_c0_wA08,1,0.0,0.17189599551966503,0.171895995519665,0.171895995519665,0.2722439236111111,0.7824424505233765,2.8740492722293496,0.0,0.677942977224478,0.004629221091667579,0.24902042559190077,0.000636095148066325,2.7755575615628914e-17
ketone,roi_masked,3,ketone_01_c0_wA10,1,0.0,0.14262800164149286,0.1426280016414928,0.1426280016414928,0.2687717013888889,0.7673682570457458,2.8550932002154195,0.0,0.7071350826515139,0.011933212371891516,0.26309878569706713,0.0016319407214624162,5.551115123125783e-17
ketone,roi_masked,3,ketone_01_c0_wB01,1,0.0,-0.01871207854764757,0.0,0.0,0.2705078125,0.7515386939048767,2.778251344976873,0.0,0.8685673930755251,0.008620266480660513,0.3210877294257537,0.0011816804385805042,6.938893903907228e-17
ketone,roi_masked,3,ketone_01_c0_wB11,1,0.0,-0.028630842136281844,0.0,0.0,0.2752821180555556,0.7617025971412659,2.7669890166550672,0.0,0.8784169865194126,0.004021089713568685,0.3190970022768193,0.0005548489714066328,4.5102810375396984e-17
ketone,roi_masked,3,ketone_01_c0_wC02,1,0.0,-0.08502033956350968,0.0,0.0,0.2687717013888889,0.7467992305755615,2.7785634674947013,0.0,0.9348256693075006,0.008372604100519612,0.34781402375203574,0.0011450054813828276,8.326672684688674e-17
ketone,roi_masked,3,ketone_01_c0_wC05,1,0.0,-0.07532946469333784,0.0,0.0,0.2718098958333333,0.7533272504806519,2.771522531109656,0.0,0.9251914036692315,0.006364614924544057,0.34038179545771013,0.0008740320540098053,4.163336342344337e-17
ketone,roi_masked,3,ketone_01_c0_wC10,1,0.0,-0.07392777792406147,0.0,0.0,0.2666015625,0.7443898320198059,2.79214354574462,0.0,0.9238803521598637,0.014343603202513572,0.3465397364878024,0.0019557722609019838,6.938893903907228e-17
ketone,roi_masked,3,ketone_01_c0_wD05,1,0.0,-0.077869992354978,0.0,0.0,0.2731119791666667,0.753242015838623,2.757996987671335,0.0,0.9277002076689177,0.006402517554392875,0.3396775968961758,0.000880812088092025,0.0
ketone,roi_masked,3,ketone_01_c0_wD09,1,0.0,-0.09549686239782638,0.0,0.0,0.2700737847222222,0.750382125377655,2.778433775604849,0.0,0.9455698362315613,0.00853930193112254,0.3501153720654909,0.0011698856339709429,8.326672684688674e-17
ketone,roi_masked,3,ketone_01_c0_wD10,1,0.0,-0.08380267698403683,0.0,0.0,0.2666015625,0.7455232739448547,2.7963949909140338,0.0,0.933990606027942,0.01272682889903437,0.35033200753575555,0.0017353226088696668,2.7755575615628914e-17
ketone,roi_masked,3,ketone_01_c0_wF04,1,0.0,-0.10590328468255296,0.0,0.0,0.2648654513888889,0.7419127821922302,2.801093076887994,0.0,0.9556092887865184,0.014555297944754853,0.3607904631485684,0.001979950197178756,5.551115123125783e-17
ketone,roi_masked,3,ketone_01_c0_wG02,1,0.0,-0.0767737908264529,0.0,0.0,0.2700737847222222,0.7531753182411194,2.788776108039436,0.0,0.9266433023220707,0.007287943071816738,0.343107459791089,0.0009984492842257033,0.0
ketone,roi_masked,3,ketone_01_c0_wG04,1,0.0,-0.10993534341567043,0.0,0.0,0.2700737847222222,0.7538299560546875,2.7912000301325834,0.0,0.9599673338114678,0.0070549929962069186,0.35544632175196816,0.0009665350892380403,2.7755575615628914e-17
ketone,roi_masked,3,ketone_01_c0_wG07,1,0.0,-0.06659612929892551,0.0,0.0,0.2648654513888889,0.7442691922187805,2.8099897072872926,0.0,0.916948698874764,0.015287127994534418,0.3461941503002796,0.0020795006877878846,1.3877787807814457e-17
ketone,roi_masked,3,ketone_01_c0_wG08,1,0.0,-0.11417083567255194,0.0,0.0,0.2718098958333333,0.7464554309844971,2.7462408191429644,0.0,0.9645927506776435,0.007263147942946913,0.3548777161774517,0.0009974246973953023,4.163336342344337e-17
ketone,roi_masked,3,ketone_01_c0_wH09,1,0.0,-0.1306764707899869,0.0,0.0,0.2744140625,0.7514148354530334,2.7382519270601646,0.0,0.9838833814895819,0.011279563834590986,0.35853970912645267,0.0015545455405950432,0.0
ketone,roi_masked,3,ketone_01_c0_wH10,1,0.0,-0.10124410533688016,0.0,0.0,0.2731119791666667,0.7545762062072754,2.7628821280914777,0.0,0.9514865336345466,0.0068401262800886625,0.3483869644011117,0.0009410151335616827,6.938893903907228e-17
ketone,roi_masked,3,ketone_01_c0_wH12,1,0.0,-0.033535351839220365,0.0,0.0,0.2687717013888889,0.7572479844093323,2.8174394123199056,0.0,0.8836907456649948,0.008839773404581482,0.3287886117096727,0.0012088937779584942,6.245004513516506e-17
ketone,roi_masked,3,ketone_02_c0.01_wA07,2,0.01,-0.045498900976374636,0.0,0.01,0.2666015625,0.7519497275352478,2.8205000769087682,0.0,0.89501269158041,0.01204706166748376,0.3357117202118461,0.0016426353059258818,3.469446951953614e-17
ketone,roi_masked,3,ketone_02_c0.01_wA08,2,0.01,-0.005929890544504109,0.0,0.01,0.2657335069444444,0.7469494938850403,2.810896911247257,0.0,0.8552848019476663,0.013671114080084895,0.32185809451815817,0.0018618736125618797,8.673617379884035e-18
ketone,roi_masked,3,ketone_02_c0.01_wA10,2,0.01,0.006605234757327057,0.006605234757327,0.003394765242673,0.2657335069444444,0.7499552369117737,2.822208029146144,0.0,0.8429425845463909,0.011799783029933952,0.31721350997058145,0.001607016409101098,5.637851296924623e-17
ketone,roi_masked,3,ketone_02_c0.01_wB01,2,0.01,-0.0529114226886688,0.0,0.01,0.2657335069444444,0.7660219073295593,2.8826696194157693,0.0,0.9686678425330021,0.010283013485228358,0.3645260447849795,0.0014004470560050918,0.0
ketone,roi_masked,3,ketone_02_c0.01_wB11,2,0.01,-0.08661515915660602,0.0,0.01,0.2657335069444444,0.7401464581489563,2.785295940506648,0.0,0.9359902703272085,0.013768217141479855,0.35222892328850774,0.0018750981110666227,1.3877787807814457e-17
ketone,roi_masked,3,ketone_02_c0.01_wC02,2,0.01,-0.11032344529952272,0.0,0.01,0.2731119791666667,0.7573614716529846,2.7730803825005585,0.0,0.9613328974045452,0.007424244548241657,0.35199221225587163,0.001021373902919766,1.3877787807814457e-17
ketone,roi_masked,3,ketone_02_c0.01_wC05,2,0.01,-0.11890936331744391,0.0,0.01,0.2722439236111111,0.7467965483665466,2.7431155798111178,0.0,0.9685734441695194,0.006950455315725634,0.35577412759929417,0.0009550528729644767,1.3877787807814457e-17
ketone,roi_masked,3,ketone_02_c0.01_wC10,2,0.01,-0.03473112692517697,0.0,0.01,0.2666015625,0.7438364028930664,2.7900676797161172,0.0,0.88433204030781,0.01281680812500692,0.33170549790300274,0.0017475914141154576,6.938893903907228e-17
ketone,roi_masked,3,ketone_02_c0.01_wD05,2,0.01,-0.09633907037555141,0.0,0.01,0.2731119791666667,0.7566992044448853,2.770655489934073,0.0,0.9460900796384092,0.005483859336263219,0.34641105180562487,0.0007544297304523337,1.3877787807814457e-17
ketone,roi_masked,3,ketone_02_c0.01_wD09,2,0.01,-0.05295529982801524,0.0,0.01,0.2696397569444444,0.7468451857566833,2.7697888257278045,0.0,0.9024752160257236,0.011310261026803402,0.33469664349670303,0.0015485866234292104,3.469446951953614e-17
ketone,roi_masked,3,ketone_02_c0.01_wD10,2,0.01,-0.07904088527889447,0.0,0.01,0.2679036458333333,0.7429484128952026,2.7731926177570627,0.0,0.9285835386254999,0.013193505213255546,0.3466110122305633,0.0018021542025398415,6.938893903907228e-17
ketone,roi_masked,3,ketone_02_c0.01_wF04,2,0.01,-0.12183553207517296,0.0,0.01,0.2735460069444444,0.7520735859870911,2.749349531319727,0.0,0.9715605192642904,0.006027741770806838,0.3551726198151409,0.0008297485908850757,5.551115123125783e-17
ketone,roi_masked,3,ketone_02_c0.01_wG02,2,0.01,-0.04051723146623898,0.0,0.01,0.2705078125,0.7555059790611267,2.792917409958822,0.0,0.8907456851393158,0.010052952629005268,0.3292864915460864,0.001378075434016251,7.632783294297951e-17
ketone,roi_masked,3,ketone_02_c0.01_wG04,2,0.01,-0.07861477160850008,0.0,0.01,0.2739800347222222,0.7516776323318481,2.743548934483292,0.0,0.9285795051487401,0.00786499255537633,0.33892232552280355,0.0010833025166693806,8.326672684688674e-17
ketone,roi_masked,3,ketone_02_c0.01_wG07,2,0.01,-0.046714806174132754,0.0,0.01,0.2679036458333333,0.7498193979263306,2.7988398425634116,0.0,0.896586948505455,0.011235495621904117,0.33466769207882846,0.0015347017585811225,5.551115123125783e-17
ketone,roi_masked,3,ketone_02_c0.01_wG08,2,0.01,-0.025337359496351446,0.0,0.01,0.2718098958333333,0.7587122321128845,2.791334104252433,0.0,0.8752197644928076,0.005438490065111021,0.32199701994274316,0.0007468503120259749,4.5102810375396984e-17
ketone,roi_masked,3,ketone_02_c0.01_wH09,2,0.01,0.038121560000227504,0.0381215600002275,0.028121560000227495,0.2722439236111111,0.7695215940475464,2.826588685030764,0.0,0.8119507382749732,0.005270285335918154,0.29824384232531503,0.0007241829380620502,6.938893903907228e-18
ketone,roi_masked,3,ketone_02_c0.01_wH10,2,0.01,0.034012691678737855,0.0340126916787378,0.024012691678737798,0.2700737847222222,0.7592308521270752,2.8111978839707215,0.0,0.8160292185694505,0.006147858053295034,0.3021504732155909,0.0008422574672092617,5.551115123125783e-17
ketone,roi_masked,3,ketone_02_c0.01_wH12,2,0.01,0.16514810503566857,0.1651481050356685,0.1551481050356685,0.2770182291666667,0.7837094664573669,2.8290898718649014,0.0,0.6863189053236872,0.005464591366860477,0.24775225348464947,0.0007558408230074466,5.551115123125783e-17
ketone,roi_masked,3,ketone_03_c0.05_wA07,3,0.05,0.0412520101708905,0.0412520101708905,0.008747989829109501,0.2657335069444444,0.7441006302833557,2.8001761570810153,0.0,0.8078604975400571,0.01322141005225995,0.30401152900486594,0.0018006282701585295,0.0
ketone,roi_masked,3,ketone_03_c0.05_wA08,3,0.05,0.08981492331126197,0.0898149233112619,0.03981492331126189,0.2648654513888889,0.7523689866065979,2.840570495930523,0.0,0.7594961654253747,0.011893303148171525,0.28674791726998167,0.0016178403219711996,6.938893903907228e-17
ketone,roi_masked,3,ketone_03_c0.05_wA10,3,0.05,0.09566873174062925,0.0956687317406292,0.0456687317406292,0.2679036458333333,0.7536570429801941,2.813164563833726,0.0,0.7538721917244797,0.009917278568420743,0.2813967646388338,0.001354641163280948,4.163336342344337e-17
ketone,roi_masked,3,ketone_03_c0.05_wB01,3,0.05,0.07614994612228673,0.0761499461222867,0.026149946122286702,0.2744140625,0.7653230428695679,2.788935216720418,0.0,0.7734921307350335,0.0051008808041567155,0.28187044194757094,0.0007030016074638596,2.7755575615628914e-17
ketone,roi_masked,3,ketone_03_c0.05_wB11,3,0.05,-0.009843801692481856,0.0,0.05,0.2722439236111111,0.7733234763145447,2.8405536698743896,0.0,0.8596966868670141,0.005702076470426925,0.31578177226649673,0.000783514786811608,5.551115123125783e-17
ketone,roi_masked,3,ketone_03_c0.05_wC02,3,0.05,0.07169973896877399,0.0716997389687739,0.02169973896877389,0.2687717013888889,0.7539452910423279,2.8051513129778334,0.0,0.7777628201916779,0.010910959120871824,0.2893767521552888,0.0014921412562391265,9.71445146547012e-17
ketone,roi_masked,3,ketone_03_c0.05_wC05,3,0.05,-0.009118898217823176,0.0,0.05,0.2648654513888889,0.7418849468231201,2.8009879844006043,0.0,0.8584800057725241,0.012398551124464691,0.32411928444078586,0.0016865689618164811,7.632783294297951e-17
ketone,roi_masked,3,ketone_03_c0.05_wC10,3,0.05,0.05493427616184531,0.0549342761618453,0.0049342761618452954,0.2718098958333333,0.7609042525291443,2.7993986392449477,0.0,0.7947468203443798,0.005558507298548385,0.2923906864787946,0.0007633318918703905,1.3877787807814457e-17
ketone,roi_masked,3,ketone_03_c0.05_wD05,3,0.05,-0.001984550429781992,0.0,0.05,0.2735460069444444,0.7617367506027222,2.7846750866936487,0.0,0.8517194202759215,0.0058134415880423205,0.31136240290610445,0.0008002491064286486,9.194034422677078e-17
ketone,roi_masked,3,ketone_03_c0.05_wD09,3,0.05,-0.02150981564251972,0.0,0.05,0.2657335069444444,0.7474169135093689,2.812655890119373,0.0,0.8708544317652238,0.013409724023461852,0.3277172087851492,0.0018262748130667124,2.0816681711721685e-17
ketone,roi_masked,3,ketone_03_c0.05_wD10,3,0.05,-0.024515520060623554,0.0,0.05,0.2679036458333333,0.7487960457801819,2.7950199910531213,0.0,0.8739479500130651,0.012574774552792227,0.32621726639612836,0.0017176392808438293,5.204170427930421e-17
ketone,roi_masked,3,ketone_03_c0.05_wF04,3,0.05,0.0532611628790232,0.0532611628790232,0.0032611628790231995,0.2718098958333333,0.7675175666809082,2.823729299214072,0.0,0.796562996915408,0.006003214394428975,0.29305886545199206,0.0008244020840270814,0.0
ketone,roi_masked,3,ketone_03_c0.05_wG02,3,0.05,0.11218518011636615,0.1121851801163661,0.062185180116366104,0.2718098958333333,0.7724466919898987,2.841863757835891,0.0,0.7376258495786111,0.006049440854010171,0.27137564190484953,0.0008307502147304088,4.163336342344337e-17
ketone,roi_masked,3,ketone_03_c0.05_wG04,3,0.05,0.04323892298029116,0.0432389229802911,0.006761077019708905,0.2657335069444444,0.7558737993240356,2.8444805776113977,0.0,0.8067103921962655,0.013548915920878181,0.3035787249685906,0.0018452314042679669,6.245004513516506e-17
ketone,roi_masked,3,ketone_03_c0.05_wG07,3,0.05,-0.013736894410873914,0.0,0.05,0.2731119791666667,0.7596173286437988,2.781340206905542,0.0,0.8637342546278318,0.008294927321429387,0.31625645175407624,0.0011411561456081988,1.3877787807814457e-17
ketone,roi_masked,3,ketone_03_c0.05_wG08,3,0.05,0.20960980427882217,0.2096098042788221,0.1596098042788221,0.2744140625,0.8010075688362122,2.918974201025912,0.0,0.6406749633900717,0.004882947042695124,0.23347016459481618,0.0006729660527213737,8.326672684688674e-17
ketone,roi_masked,3,ketone_03_c0.05_wH09,3,0.05,-0.026176074296307198,0.0,0.05,0.2722439236111111,0.7760143280029297,2.8504376432343563,0.0,0.8761985596982557,0.005015746034348154,0.32184320152168694,0.0006892070292612583,9.71445146547012e-17
ketone,roi_masked,3,ketone_03_c0.05_wH10,3,0.05,-0.042596614696857354,0.0,0.05,0.2696397569444444,0.7531760931015015,2.793267957353496,0.0,0.8927235628990621,0.012304471018466327,0.33108009479588557,0.0016847125970314316,5.551115123125783e-17
ketone,roi_masked,3,ketone_03_c0.05_wH12,3,0.05,0.003509978527043248,0.0035099785270432,0.046490021472956805,0.2657335069444444,0.7500295639038086,2.8224877341516947,0.0,0.8465738279807368,0.012286766104436435,0.31858000811230996,0.0016733387973767724,4.8138576458356397e-17
ketone,roi_masked,3,ketone_04_c0.1_wA07,4,0.1,0.11600363521847892,0.1160036352184789,0.01600363521847889,0.2657335069444444,0.7913786768913269,2.9780914194489463,0.0,0.7335353687909733,0.008782749064265294,0.27604172963567214,0.001196125541248248,2.7755575615628914e-17
ketone,roi_masked,3,ketone_04_c0.1_wA08,4,0.1,0.13247415240940907,0.132474152409409,0.032474152409408985,0.2722439236111111,0.7929100394248962,2.912498574467853,0.0,0.7171970024804295,0.003120330343683919,0.2634391221546289,0.00042876046589221715,8.326672684688674e-17
ketone,roi_masked,3,ketone_04_c0.1_wA10,4,0.1,0.1430139711117057,0.1430139711117057,0.043013971111705684,0.2718098958333333,0.7984469532966614,2.937519809014783,0.0,0.7067743181351193,0.0032118722711144965,0.26002523416899237,0.0004410760669138906,0.0
ketone,roi_masked,3,ketone_04_c0.1_wB01,4,0.1,0.11419455118385888,0.1141945511838588,0.014194551183858789,0.2752821180555556,0.7721176147460938,2.804822994678754,0.0,0.7355586858509571,0.006248813862437141,0.2672017677888222,0.0008622408827102965,8.326672684688674e-17
ketone,roi_masked,3,ketone_04_c0.1_wB11,4,0.1,0.05327152691167027,0.0532715269116702,0.04672847308832981,0.2722439236111111,0.7873474359512329,2.8920661497515194,0.0,0.7963911675743659,0.003695433664277749,0.2925285372804048,0.0005077846526015169,6.938893903907228e-17
ketone,roi_masked,3,ketone_04_c0.1_wC02,4,0.1,0.13408221034527787,0.1340822103452778,0.03408221034527781,0.2718098958333333,0.7867127656936646,2.8943492409711826,0.0,0.7160866360422975,0.005815871395193267,0.26345127496071113,0.0007986748737610065,5.551115123125783e-17
ketone,roi_masked,3,ketone_04_c0.1_wC05,4,0.1,-0.02194359216095571,0.0,0.1,0.2744140625,0.7832114696502686,2.8541229356650355,0.0,0.8717797682111098,0.006334705963474702,0.31768771624490266,0.0008730469591652887,6.938893903907228e-18
ketone,roi_masked,3,ketone_04_c0.1_wC10,4,0.1,0.1745140063274342,0.1745140063274342,0.07451400632743418,0.2657335069444444,0.7988612651824951,3.006249661054257,0.0,0.675126044327053,0.009029808222040664,0.25406131582352476,0.0012297726108220297,0.0
ketone,roi_masked,3,ketone_04_c0.1_wD05,4,0.1,0.015351373092589061,0.015351373092589,0.08464862690741101,0.2674696180555556,0.7748722434043884,2.8970477059695106,0.0,0.8343172697405407,0.01051375646962882,0.31192973460157497,0.0014352655847148451,6.071532165918825e-17
ketone,roi_masked,3,ketone_04_c0.1_wD09,4,0.1,0.06660663529819202,0.066606635298192,0.03339336470180801,0.2739800347222222,0.7691026329994202,2.8071484616723392,0.0,0.7833253654817047,0.006945588048291665,0.2859060027041343,0.0009566662599470331,2.7755575615628914e-17
ketone,roi_masked,3,ketone_04_c0.1_wD10,4,0.1,0.07841698657265071,0.0784169865726507,0.021583013427349307,0.2700737847222222,0.7876169085502625,2.9163027035754197,0.0,0.7714003593047449,0.005110238172898768,0.2856257818944367,0.0007001033893479269,1.3877787807814457e-17
ketone,roi_masked,3,ketone_04_c0.1_wF04,4,0.1,0.005339237110675946,0.0053392371106759,0.09466076288932411,0.2735460069444444,0.767525851726532,2.8058382584338433,0.0,0.8445880588269448,0.007254118547441646,0.30875539667390417,0.000998565444857688,4.597017211338539e-17
ketone,roi_masked,3,ketone_04_c0.1_wG02,4,0.1,0.03685891270348754,0.0368589127034875,0.06314108729651251,0.2718098958333333,0.7855908870697021,2.8902218024887727,0.0,0.8129574496018699,0.006001222975551397,0.29909045331460415,0.0008241286088910993,4.163336342344337e-17
ketone,roi_masked,3,ketone_04_c0.1_wG04,4,0.1,-0.08102627780988188,0.0,0.1,0.2666015625,0.7574713826179504,2.8412113399296017,0.0,0.9314264998629079,0.014306260330381515,0.34937023291561087,0.001950680503103951,8.326672684688674e-17
ketone,roi_masked,3,ketone_04_c0.1_wG07,4,0.1,0.03879037964938175,0.0387903796493817,0.061209620350618305,0.2700737847222222,0.7954070568084717,2.9451472219955304,0.0,0.8114905238597893,0.004639111550698523,0.3004699344271522,0.0006355589720713184,4.85722573273506e-17
ketone,roi_masked,3,ketone_04_c0.1_wG08,4,0.1,0.0408453521773212,0.0408453521773212,0.059154647822678805,0.2666015625,0.779259443283081,2.922936519860348,0.0,0.8096048470259148,0.009021043675422037,0.3036759572727241,0.001230033118992299,0.0
ketone,roi_masked,3,ketone_04_c0.1_wH09,4,0.1,0.0007618666273692829,0.0007618666273692,0.09923813337263081,0.2744140625,0.7612050175666809,2.7739286049405028,0.0,0.8510086755608889,0.010637988251261912,0.3101184639766371,0.0014661238182089096,8.283304597789254e-17
ketone,roi_masked,3,ketone_04_c0.1_wH10,4,0.1,-0.012076394080006719,0.0,0.1,0.2735460069444444,0.7708103656768799,2.817845430415758,0.0,0.8631489787506378,0.008614716501294806,0.31554069766623877,0.0011858585104694986,1.9081958235744878e-17
ketone,roi_masked,3,ketone_04_c0.1_wH12,4,0.1,0.08163801513025264,0.0816380151302526,0.01836198486974741,0.2648654513888889,0.7661640644073486,2.8926538375985764,0.0,0.7700010090734041,0.015997984338274346,0.29071402292587023,0.002176198135225629,4.163336342344337e-17
ketone,roi_masked,3,ketone_05_c0.5_wA07,5,0.5,0.6259507621665645,0.6259507621665645,0.12595076216656453,0.2696397569444444,0.8613950610160828,3.1946144395670903,0.007898992858827114,0.2241136309069296,0.0036985127099415926,0.08311594456492005,0.0005063956787226522,0.0
ketone,roi_masked,3,ketone_05_c0.5_wA08,5,0.5,0.44328425053815607,0.443284250538156,0.05671574946184399,0.2709418402777778,0.7998207807540894,2.95200172824577,2.1012688478094788e-08,0.40639376512771824,0.003947043843481712,0.14999298916367848,0.0005413894338670555,5.551115123125783e-17
ketone,roi_masked,3,ketone_05_c0.5_wA10,5,0.5,0.45264712241629695,0.4526471224162969,0.0473528775837031,0.2705078125,0.8230660557746887,3.0426701845244812,0.0,0.3971027255622421,0.004192363516669184,0.14679898591181803,0.0005746961500762042,5.551115123125783e-17
ketone,roi_masked,3,ketone_05_c0.5_wB01,5,0.5,0.3625079006339274,0.3625079006339274,0.1374920993660726,0.2722439236111111,0.7913162708282471,2.9066443810096154,0.0,0.4871288915118867,0.003940798857506478,0.1789310428128158,0.0005414999593078829,0.0
ketone,roi_masked,3,ketone_05_c0.5_wB11,5,0.5,0.4100896326134146,0.4100896326134146,0.08991036738658542,0.2683376736111111,0.818967878818512,3.0520048407567355,5.915946985624032e-07,0.4397134811460569,0.005106022736045435,0.1638657275471921,0.0006978660171347283,0.0
ketone,roi_masked,3,ketone_05_c0.5_wC02,5,0.5,0.37022757398483536,0.3702275739848353,0.1297724260151647,0.2696397569444444,0.8163847327232361,3.0276867995079857,0.0,0.4795166453300405,0.005105955176403443,0.17783603232843678,0.0006991009197108027,5.551115123125783e-17
ketone,roi_masked,3,ketone_05_c0.5_wC05,5,0.5,0.46454267438707675,0.4645426743870767,0.03545732561292331,0.2683376736111111,0.8141118884086609,3.0339082747975006,9.730511010275222e-07,0.3853505977198578,0.005405952700087424,0.14360659557566557,0.0007388589660982604,5.551115123125783e-17
ketone,roi_masked,3,ketone_05_c0.5_wC10,5,0.5,0.33920392118388903,0.339203921183889,0.16079607881611102,0.2752821180555556,0.8105554580688477,2.9444537254877807,0.0,0.5105580729167014,0.002560173795449261,0.18546721324400156,0.00035326488544483296,5.551115123125783e-17
ketone,roi_masked,3,ketone_05_c0.5_wD05,5,0.5,0.40798269328315223,0.4079826932831522,0.09201730671684782,0.2722439236111111,0.8133310079574585,2.987508397503363,0.0,0.44188755294998866,0.0025100985936462594,0.16231310035819432,0.00034490932815034936,5.551115123125783e-17
ketone,roi_masked,3,ketone_05_c0.5_wD09,5,0.5,0.3186961306235719,0.3186961306235719,0.18130386937642812,0.2748480902777778,0.8090877532958984,2.943763416650217,0.0,0.531157240421374,0.0029482307750476333,0.19325484120502895,0.0004065673323782581,0.0
ketone,roi_masked,3,ketone_05_c0.5_wD10,5,0.5,0.30890686478094226,0.3089068647809422,0.1910931352190578,0.2679036458333333,0.7919393181800842,2.9560602496345307,0.0,0.5411538897777803,0.009204266603678568,0.20199571681620188,0.001257247977167655,5.551115123125783e-17
ketone,roi_masked,3,ketone_05_c0.5_wF04,5,0.5,0.32661003646198516,0.3266100364619851,0.1733899635380149,0.2709418402777778,0.7959959506988525,2.937884934577743,0.0,0.5233685274953649,0.007425623999601005,0.1931663736242404,0.0010185228572752326,5.551115123125783e-17
ketone,roi_masked,3,ketone_05_c0.5_wG02,5,0.5,0.34311927140207577,0.3431192714020757,0.1568807285979243,0.2731119791666667,0.8046628832817078,2.94627458574661,0.0,0.50698080793986,0.003696307845866942,0.18563111346737185,0.0005085113167265225,5.551115123125783e-17
ketone,roi_masked,3,ketone_05_c0.5_wG04,5,0.5,0.31732113918302807,0.317321139183028,0.182678860816972,0.2657335069444444,0.7882976531982422,2.9664970077072277,0.0,0.5329349319585289,0.010567076176850654,0.20055240232461424,0.0014391336492663755,5.551115123125783e-17
ketone,roi_masked,3,ketone_05_c0.5_wG07,5,0.5,0.28093945758168687,0.2809394575816868,0.2190605424183132,0.2687717013888889,0.7958172559738159,2.96094139323968,0.0,0.5699979828639081,0.009514127238122505,0.21207514776236486,0.0013011158425068558,5.551115123125783e-17
ketone,roi_masked,3,ketone_05_c0.5_wG08,5,0.5,0.30177198234018415,0.3017719823401841,0.1982280176598159,0.2722439236111111,0.808789849281311,2.9708279198790604,0.0,0.5483955128605538,0.0037059192849977496,0.20143535458441067,0.0005092254678774305,5.551115123125783e-17
ketone,roi_masked,3,ketone_05_c0.5_wH09,5,0.5,0.2164479786605234,0.2164479786605234,0.2835520213394766,0.2679036458333333,0.7832415699958801,2.9235942928643306,0.0,0.64096487180345,0.015341623889779138,0.23925201533173734,0.0020955744148244333,0.0
ketone,roi_masked,3,ketone_05_c0.5_wH10,5,0.5,0.2018100758248995,0.2018100758248995,0.2981899241751005,0.2666015625,0.7763392329216003,2.9119830568194827,0.0,0.6510092789086996,0.013165521210562525,0.24418809582509465,0.001795138977312387,0.0
ketone,roi_masked,3,ketone_05_c0.5_wH12,5,0.5,0.2374062278777168,0.2374062278777168,0.2625937721222832,0.2666015625,0.7855072617530823,2.946371560568338,0.0,0.6131605148432816,0.011142667862484246,0.22999134329652762,0.001519319825723551,0.0
ketone,roi_masked,3,ketone_06_c1_wA07,6,1.0,1.0504405161777006,1.0504405161777006,0.05044051617770062,0.2731119791666667,0.6862409114837646,2.5126723242885873,0.6386324167251587,0.19591350527284912,0.01165725062959666,0.07173376498190615,0.0016037202836596933,0.0
ketone,roi_masked,3,ketone_06_c1_wA08,6,1.0,1.1721620910401063,1.1721620910401065,0.1721620910401065,0.2657335069444444,0.6850103139877319,2.577809331854201,0.6658763885498047,0.3123510713739488,0.04415600483225468,0.1175429756546473,0.006013621110300859,2.220446049250313e-16
ketone,roi_masked,3,ketone_06_c1_wA10,6,1.0,0.9629129597598272,0.9629129597598272,0.03708704024017284,0.2679036458333333,0.5853668451309204,2.18499021657617,0.5052955150604248,0.11114611875560554,0.027544984959929852,0.041487348337450825,0.003762480826896599,0.0
ketone,roi_masked,3,ketone_06_c1_wB01,6,1.0,1.043033683875454,1.043033683875454,0.04303368387545392,0.2744140625,0.7190545797348022,2.6203270094250444,0.6758003830909729,0.18744253381424758,0.01418811553076127,0.06830646072092154,0.001955401117563868,0.0
ketone,roi_masked,3,ketone_06_c1_wB11,6,1.0,1.339971423390931,1.339971423390931,0.339971423390931,0.2679036458333333,0.7003743648529053,2.6142770945663734,0.6692023277282715,0.4853136636389106,0.03234052685143718,0.18115231770336981,0.004417523276461317,0.0
ketone,roi_masked,3,ketone_06_c1_wC02,6,1.0,0.7985182598538918,0.7985182598538918,0.2014817401461082,0.2679036458333333,0.6902120113372803,2.5763442270086574,0.4883068799972534,0.05187793184261147,0.0020217541671025963,0.0193643993463551,0.0002761595732031648,0.0
ketone,roi_masked,3,ketone_06_c1_wC05,6,1.0,1.0198932329359764,1.0198932329359764,0.019893232935976446,0.2731119791666667,0.6330471634864807,2.3179033208944797,0.5604139566421509,0.16959498805789996,0.002700115745376319,0.0620972351983157,0.00037146240796220577,0.0
ketone,roi_masked,3,ketone_06_c1_wC10,6,1.0,0.8829625966548464,0.8829625966548464,0.11703740334515356,0.2722439236111111,0.6615543961524963,2.430006104002155,0.5050147771835327,0.030257209355879278,0.002133208057342184,0.011114007230920025,0.00029312129799411915,0.0
ketone,roi_masked,3,ketone_06_c1_wD05,6,1.0,0.9902373298715068,0.9902373298715068,0.00976267012849319,0.2731119791666667,0.6680223345756531,2.445964972367588,0.6044222712516785,0.13995360528946832,0.0031323658696753576,0.05124403759824156,0.00043092825578337215,0.0
ketone,roi_masked,3,ketone_06_c1_wD09,6,1.0,0.9261187438122285,0.9261187438122284,0.07388125618777164,0.2718098958333333,0.6871192455291748,2.5279405057073356,0.5445604920387268,0.07573720357312275,0.004175192256951954,0.027864034655884204,0.0005733656957244704,1.1102230246251565e-16
ketone,roi_masked,3,ketone_06_c1_wD10,6,1.0,0.8820690904435058,0.8820690904435058,0.11793090955649421,0.2722439236111111,0.7354317307472229,2.701370598073498,0.5778756737709045,0.030773224047574654,0.019398028930756483,0.011303548538160544,0.0026654575015036793,0.0
ketone,roi_masked,3,ketone_06_c1_wF04,6,1.0,0.930181286526157,0.930181286526157,0.06981871347384305,0.2657335069444444,0.6637542247772217,2.4978190835226113,0.5766825079917908,0.07968767628346374,0.0026598627028564525,0.029987816440522744,0.00036224759375683564,0.0
ketone,roi_masked,3,ketone_06_c1_wG02,6,1.0,1.1497458981480655,1.1497458981480655,0.1497458981480655,0.2709418402777778,0.6893185973167419,2.54415706562719,0.6709400415420532,0.29948576139586747,0.0007677158882954949,0.11053507316877512,0.00010530242039784612,0.0
ketone,roi_masked,3,ketone_06_c1_wG04,6,1.0,1.1518863638085772,1.1518863638085772,0.15188636380857723,0.2657335069444444,0.6962727308273315,2.620191705718533,0.6774086356163025,0.29957882243246603,0.022542410047297956,0.11273656298642741,0.0030700583862257715,0.0
ketone,roi_masked,3,ketone_06_c1_wG07,6,1.0,1.133790607536504,1.133790607536504,0.13379060753650407,0.2752821180555556,0.7025235891342163,2.5520131641548827,0.6648967266082764,0.28306453767888806,0.01811886406297525,0.10282707052615815,0.0025001265339778395,0.0
ketone,roi_masked,3,ketone_06_c1_wG08,6,1.0,1.0882832089543482,1.0882832089543482,0.08828320895434816,0.2657335069444444,0.6231788992881775,2.3451272910738443,0.5597453117370605,0.23392404918481313,0.03118959027126822,0.08802956460952381,0.004247720761637475,0.0
ketone,roi_masked,3,ketone_06_c1_wH09,6,1.0,1.1229317605480276,1.1229317605480276,0.12293176054802757,0.2731119791666667,0.6261708736419678,2.2927257733350714,0.5905764698982239,0.2710678915083371,0.016687715372043055,0.09925155693845192,0.002295775263005655,0.0
ketone,roi_masked,3,ketone_06_c1_wH10,6,1.0,1.3157132822172763,1.3157132822172763,0.31571328221727635,0.2700737847222222,0.5898646712303162,2.184087107295538,0.5910460352897644,0.4536421196738314,0.02229167868904458,0.1679696976662929,0.0030539632941613626,0.0
ketone,roi_masked,3,ketone_06_c1_wH12,6,1.0,1.156815144274424,1.156815144274424,0.1568151442744239,0.2648654513888889,0.5529574751853943,2.087691966943299,0.5402643084526062,0.2914338754454653,0.024338641238810244,0.11003091340046735,0.0033107736923524015,0.0
ketone,roi_masked,3,ketone_07_c5_wA07,7,5.0,5.307211174551165,5.307211174551165,0.3072111745511652,0.2679036458333333,0.7342609763145447,2.7407651509578144,0.734541118144989,4.448673558880312,0.17475989183183316,1.66054983874609,0.02387115996920371,0.0
ketone,roi_masked,3,ketone_07_c5_wA08,7,5.0,6.270890639872772,6.270890639872772,1.2708906398727722,0.2705078125,0.7370544672012329,2.724706766837771,0.737300455570221,5.415386431170375,0.15282949506482435,2.001933467696196,0.020950120876356112,0.0
ketone,roi_masked,3,ketone_07_c5_wA10,7,5.0,5.980563371956716,5.980563371956716,0.9805633719567162,0.2700737847222222,0.7368242740631104,2.728233230118773,0.7370792031288147,5.126682389973986,0.10749195640575326,1.8982525072720073,0.014726414006770062,0.0
ketone,roi_masked,3,ketone_07_c5_wB01,7,5.0,4.9163422218363735,4.9163422218363735,0.08365777816362652,0.2700737847222222,0.7497147917747498,2.7759628449160685,0.7500095367431641,4.064396019115695,0.07652266594229395,1.5049205991229508,0.010483616609546323,0.0
ketone,roi_masked,3,ketone_07_c5_wB11,7,5.0,5.299751949585947,5.299751949585947,0.2997519495859473,0.2666015625,0.7299883961677551,2.73812497317136,0.7302618622779846,4.441244491903565,0.19443176918396876,1.6658733918348905,0.026511069459971243,0.0
ketone,roi_masked,3,ketone_07_c5_wC02,7,5.0,3.6430318199078595,3.64303181990786,1.35696818009214,0.2731119791666667,0.7479138374328613,2.7384878529126935,0.7482919692993164,2.7921782689788857,0.06771156122663236,1.022356572384164,0.009315267178155603,4.440892098500626e-16
ketone,roi_masked,3,ketone_07_c5_wC05,7,5.0,4.232365550581434,4.232365550581434,0.7676344494185656,0.2674696180555556,0.7410261034965515,2.7705057078394395,0.7413662075996399,3.375209258956957,0.1551331549622068,1.2619037943426903,0.021177709319088998,0.0
ketone,roi_masked,3,ketone_07_c5_wC10,7,5.0,5.131003229133043,5.131003229133043,0.13100322913304296,0.2735460069444444,0.739551842212677,2.7035738904530073,0.7398363947868347,4.278677425552297,0.0771258394449097,1.5641527629468455,0.010616754836807882,0.0
ketone,roi_masked,3,ketone_07_c5_wD05,7,5.0,5.910342717489629,5.910342717489629,0.9103427174896286,0.2700737847222222,0.7352281212806702,2.7223231682292712,0.7354785799980164,5.056264138956328,0.10980820699372718,1.872178798900021,0.015043740681643967,0.0
ketone,roi_masked,3,ketone_07_c5_wD09,7,5.0,4.887856578651788,4.887856578651788,0.11214342134821198,0.2705078125,0.741033136844635,2.7394149174328746,0.741324245929718,4.033780969507836,0.09681240642750844,1.4911883439624638,0.013271205379085495,0.0
ketone,roi_masked,3,ketone_07_c5_wD10,7,5.0,4.814129114592444,4.814129114592444,0.1858708854075557,0.2735460069444444,0.7403364181518555,2.706442058582904,0.7406333088874817,3.960253548195092,0.0902520016175643,1.4477467949292333,0.012423636249551494,0.0
ketone,roi_masked,3,ketone_07_c5_wF04,7,5.0,4.39669865884253,4.39669865884253,0.6033013411574704,0.2683376736111111,0.7321547269821167,2.728482799784548,0.7324790954589844,3.5428315245751265,0.11478503106157323,1.3202885293362059,0.015688252206190998,0.0
ketone,roi_masked,3,ketone_07_c5_wG02,7,5.0,5.03933633573834,5.03933633573834,0.039336335738339834,0.2683376736111111,0.7466500401496887,2.782501726655694,0.7469462752342224,4.186337315540986,0.09468263659740384,1.560100473110624,0.012940756026719175,0.0
ketone,roi_masked,3,ketone_07_c5_wG04,7,5.0,4.304683099862701,4.304683099862701,0.695316900137299,0.2657335069444444,0.7441577315330505,2.8003910387131867,0.7444959282875061,3.4479457476047433,0.1281124032462806,1.2975201310708584,0.017447671173603102,0.0
ketone,roi_masked,3,ketone_07_c5_wG07,7,5.0,5.3662366833240265,5.3662366833240265,0.3662366833240265,0.2718098958333333,0.7445164322853088,2.7391071616532563,0.744793176651001,4.511613438361254,0.08321111854706587,1.6598414949276374,0.01142711471509103,0.0
ketone,roi_masked,3,ketone_07_c5_wG08,7,5.0,6.648785553488195,6.648785553488195,1.648785553488195,0.2687717013888889,0.7368974685668945,2.74172267675111,0.7371371984481812,5.788024233722278,0.19496148426797077,2.153509541299335,0.026662190814863016,0.0
ketone,roi_masked,3,ketone_07_c5_wH09,7,5.0,4.722123174828272,4.722123174828272,0.2778768251717283,0.2687717013888889,0.7252248525619507,2.69829319386796,0.7255176305770874,3.821710848881933,0.17704070232800628,1.4219171248807387,0.024211412860289445,0.0
ketone,roi_masked,3,ketone_07_c5_wH10,7,5.0,4.840506760718627,4.840506760718627,0.15949323928137282,0.2744140625,0.7473686933517456,2.723507266876112,0.7476651072502136,3.9603838975214787,0.0719592269488194,1.4432146302711724,0.009917395477199336,0.0
ketone,roi_masked,3,ketone_07_c5_wH12,7,5.0,5.95896085450675,5.95896085450675,0.9589608545067501,0.2731119791666667,0.7386556267738342,2.7045888980324415,0.7389110326766968,5.101250019114845,0.14087717695875757,1.867823606522146,0.019380863753573816,0.0
ketone,roi_masked,3,ketone_08_c10_wA07,8,10.0,10.05795129981209,10.0,0.0,0.2739800347222222,0.7335221171379089,2.677283101601176,0.7337028980255127,9.19745204301613,0.24144066460288371,3.3569789318192735,0.03325537535465814,0.0
ketone,roi_masked,3,ketone_08_c10_wA08,8,10.0,7.227441387087817,7.227441387087817,2.7725586129121833,0.2687717013888889,0.7050906419754028,2.6233812500788503,0.7052908539772034,6.362660412242825,0.286832580576311,2.3673103899567978,0.03922613240230423,0.0
ketone,roi_masked,3,ketone_08_c10_wA10,8,10.0,6.957158044095577,6.957158044095577,3.0428419559044233,0.2666015625,0.7158341407775879,2.6850335536858974,0.7160584330558777,6.095158166510345,0.2555473948440854,2.286242477108642,0.03484427860457303,0.0
ketone,roi_masked,3,ketone_08_c10_wB01,8,10.0,11.298685463278563,10.0,0.0,0.2739800347222222,0.7245997786521912,2.644717449528156,0.7247589230537415,10.438721541244142,0.2942821341404489,3.810030008875486,0.040533614530539185,1.7763568394002505e-15
ketone,roi_masked,3,ketone_08_c10_wB11,8,10.0,8.388418825619192,8.388418825619192,1.6115811743808077,0.2735460069444444,0.7403551340103149,2.7065104780004217,0.7405593395233154,7.533626113410573,0.12111935486465342,2.7540618112333144,0.016672680723415174,0.0
ketone,roi_masked,3,ketone_08_c10_wC02,8,10.0,9.84583278420435,9.84583278420435,0.15416721579565085,0.2700737847222222,0.7263683080673218,2.689518010103832,0.7265468239784241,8.988001460843545,0.22531993888543234,3.3279799703951034,0.03086886512216656,0.0
ketone,roi_masked,3,ketone_08_c10_wC05,8,10.0,10.930441596875875,10.0,0.0,0.2666015625,0.7221629023551941,2.708772205171131,0.7223311066627502,10.05921241737614,0.43407223377639603,3.773125829814347,0.05918641376658184,1.7763568394002505e-15
ketone,roi_masked,3,ketone_08_c10_wC10,8,10.0,11.067750440427039,10.0,0.0,0.2739800347222222,0.7318403124809265,2.6711446811185025,0.7320041060447693,10.205977055785802,0.2744044684859812,3.725080576084038,0.03779571934788228,1.7763568394002505e-15
ketone,roi_masked,3,ketone_08_c10_wD05,8,10.0,10.05790822962525,10.0,0.0,0.2687717013888889,0.7243121862411499,2.694897500362712,0.724484920501709,9.192969774266215,0.327664106194522,3.4203637238448703,0.044810096493377576,0.0
ketone,roi_masked,3,ketone_08_c10_wD09,8,10.0,11.385807740569861,10.0,0.0,0.2739800347222222,0.7287482023239136,2.659858785194926,0.7289083003997803,10.524892021665659,0.2887807840195453,3.841481381056266,0.03977587364406112,1.7763568394002505e-15
ketone,roi_masked,3,ketone_08_c10_wD10,8,10.0,10.86744546790578,10.0,0.0,0.2731119791666667,0.7324526309967041,2.681876617904499,0.7326213121414185,10.009963340597707,0.1803793977891548,3.6651498667838087,0.02481529377556129,0.0
ketone,roi_masked,3,ketone_08_c10_wF04,8,10.0,10.657068195109762,10.0,0.0,0.2657335069444444,0.7208123803138733,2.7125385451092923,0.7209792733192444,9.78776140569888,0.42921150650349205,3.6832996780286194,0.0584544590503352,0.0
ketone,roi_masked,3,ketone_08_c10_wG02,8,10.0,11.694055378768814,10.0,0.0,0.2674696180555556,0.7185753583908081,2.686568155346729,0.7187316417694092,10.817008800568868,0.5380852150507227,4.044200937364814,0.07345568570445062,0.0
ketone,roi_masked,3,ketone_08_c10_wG04,8,10.0,11.516913255207088,10.0,0.0,0.2666015625,0.7204617857933044,2.7023914602649954,0.7206375598907471,10.643286498154712,0.5004184736701109,3.992207096743745,0.06823282517153044,0.0
ketone,roi_masked,3,ketone_08_c10_wG07,8,10.0,11.128258941944472,10.0,0.0,0.2705078125,0.7284602522850037,2.6929360950896886,0.7286311388015747,10.265930410356848,0.2540556625101438,3.7950587509766835,0.034826371942488256,0.0
ketone,roi_masked,3,ketone_08_c10_wG08,8,10.0,12.943736462232165,10.0,0.0,0.2739800347222222,0.7250193953514099,2.6462490089340966,0.7251691818237305,12.080560367994575,0.37339214883760974,4.409284924809427,0.051430011114742366,1.7763568394002505e-15
ketone,roi_masked,3,ketone_08_c10_wH09,8,10.0,10.763251336004945,10.0,0.0,0.2657335069444444,0.7218111753463745,2.7162971792536497,0.7219831347465515,9.883599627268646,0.4502284968228203,3.719365217023596,0.061316770012104505,1.7763568394002505e-15
ketone,roi_masked,3,ketone_08_c10_wH10,8,10.0,9.699613429268073,9.699613429268071,0.30038657073192887,0.2718098958333333,0.7338683009147644,2.6999322400121635,0.7340586185455322,8.841838006917504,0.21573577816201883,3.252949264341386,0.0296262990842075,1.7763568394002505e-15
ketone,roi_masked,3,ketone_08_c10_wH12,8,10.0,9.545917980233254,9.545917980233254,0.4540820197667461,0.2683376736111111,0.729920506477356,2.720156646864259,0.7301117777824402,8.683226501909603,0.3616400374384021,3.235932690723773,0.04942717759205568,0.0
ketone,roi_masked,4,ketone_01_c0_wA01,1,0.0,0.187020035906444,0.187020035906444,0.187020035906444,0.2657335069444444,0.7647845149040222,2.8780131030442915,0.0,1.7071579926172666,0.04037218457310776,0.6424323421788783,0.005498301359919627,0.0
ketone,roi_masked,4,ketone_01_c0_wA02,1,0.0,0.07609065044098173,0.0760906504409817,0.0760906504409817,0.2687717013888889,0.7502449750900269,2.7913838071980974,0.0,1.8175994504730402,0.043209257896746456,0.6762614669180274,0.005909133710883148,2.7755575615628914e-17
ketone,roi_masked,4,ketone_01_c0_wA03,1,0.0,0.09003705679984475,0.0900370567998447,0.0900370567998447,0.2752821180555556,0.7704719305038452,2.7988448212548036,0.0,1.8054911728094147,0.017955090743013047,0.6558693988416068,0.0024775283169278075,5.551115123125783e-17
ketone,roi_masked,4,ketone_01_c0_wB03,1,0.0,-0.04307106719906395,0.0,0.0,0.2739800347222222,0.7484662532806396,2.731827718904703,0.0,1.9378801096101093,0.02487606547757837,0.7073070530759117,0.003426361073701424,4.85722573273506e-17
ketone,roi_masked,4,ketone_01_c0_wB06,1,0.0,0.03802397864839602,0.038023978648396,0.038023978648396,0.2657335069444444,0.7561333179473877,2.84545718995636,0.0,1.8563745083592913,0.03945667438124456,0.6985850334438233,0.00537361771978055,2.0816681711721685e-17
ketone,roi_masked,4,ketone_01_c0_wB07,1,0.0,0.02739538929101304,0.027395389291013,0.027395389291013,0.2744140625,0.7681211233139038,2.7991317803325177,0.0,1.8677357075243917,0.021522354023642,0.6806268201085328,0.0029662033001627733,3.8163916471489756e-17
ketone,roi_masked,4,ketone_01_c0_wC06,1,0.0,0.00381797703713449,0.0038179770371344,0.0038179770371344,0.2679036458333333,0.7502962946891785,2.8006199480986105,0.0,1.89015559930689,0.04537462098930689,0.7055356015881855,0.006197902875907104,9.020562075079397e-17
ketone,roi_masked,4,ketone_01_c0_wC07,1,0.0,0.017417134816616997,0.0174171348166169,0.0174171348166169,0.2657335069444444,0.7543607950210571,2.8387868872658486,0.0,1.877017397884197,0.039187062679368,0.7063533008942737,0.005336899211660345,9.71445146547012e-17
ketone,roi_masked,4,ketone_01_c0_wD11,1,0.0,-0.027819554681228542,0.0,0.0,0.2700737847222222,0.7547235488891602,2.7945087290327444,0.0,1.9225928916906556,0.028010377132231312,0.7118769019614738,0.0038374258309892043,4.163336342344337e-17
ketone,roi_masked,4,ketone_01_c0_wD12,1,0.0,0.07077121357949467,0.0707712135794946,0.0707712135794946,0.2718098958333333,0.7673878073692322,2.823251909267403,0.0,1.8242255185035938,0.024952290775491326,0.6711402147117413,0.0034266176693030555,6.938893903907228e-17
ketone,roi_masked,4,ketone_01_c0_wE04,1,0.0,-0.007301842017908289,0.0,0.0,0.2722439236111111,0.7539836764335632,2.7695151701919962,0.0,1.9014889197750682,0.03543972217377611,0.6984504537523727,0.004869725354905631,8.847089727481716e-17
ketone,roi_masked,4,ketone_01_c0_wE12,1,0.0,0.07687649696470222,0.0768764969647022,0.0768764969647022,0.2718098958333333,0.7697300910949707,2.831869269273952,0.0,1.8180933898993794,0.02248646288427958,0.6688841788947179,0.003087993472530481,2.7755575615628914e-17
ketone,roi_masked,4,ketone_01_c0_wF07,1,0.0,-0.06939259017780364,0.0,0.0,0.2679036458333333,0.7517632246017456,2.8060955358159934,0.0,1.9634096734213642,0.044749896193184924,0.7328790421324948,0.006112569190994401,4.163336342344337e-17
ketone,roi_masked,4,ketone_01_c0_wF08,1,0.0,-0.0496935936772509,0.0,0.0,0.2731119791666667,0.7587159276008606,2.7780397253752604,,1.944675983103424,0.02227452429140575,0.7120434588907888,0.0030643680529869447,0.0
ketone,roi_masked,4,ketone_01_c0_wF09,1,0.0,-0.09857558664168353,0.0,0.0,0.2705078125,0.7468732595443726,2.7610043962939983,0.0,1.9936215979765644,0.037646827691383944,0.7369922441617336,0.005160689632660932,2.7755575615628914e-17
ketone,roi_masked,4,ketone_01_c0_wF11,1,0.0,-0.0528440376700865,0.0,0.0,0.2731119791666667,0.757682204246521,2.7742547454652113,0.0,1.9477212266065642,0.022741152173337387,0.7131584753439053,0.0031285633442226807,0.0
ketone,roi_masked,4,ketone_01_c0_wG01,1,0.0,0.056429766589385366,0.0564297665893853,0.0564297665893853,0.2683376736111111,0.7523750066757202,2.803836660543242,0.0,1.8376034994059147,0.041148351693918395,0.6848101031348529,0.005623953866397034,6.938893903907228e-17
ketone,roi_masked,4,ketone_01_c0_wG05,1,0.0,-0.015582772861267191,0.0,0.0,0.2687717013888889,0.7547053098678589,2.8079790616641853,0.0,1.9110502541345578,0.026402587978107572,0.7110310513566445,0.003610717477463116,9.194034422677078e-17
ketone,roi_masked,4,ketone_01_c0_wH07,1,0.0,-0.08279211027227618,0.0,0.0,0.2722439236111111,0.7767794728279114,2.853248155273827,,1.9805844505285184,0.030608288542312678,0.727503638743357,0.0042058444491718154,6.938893903907228e-17
ketone,roi_masked,4,ketone_02_c0.01_wA01,2,0.01,0.07778192444520071,0.0777819244452007,0.0677819244452007,0.2674696180555556,0.761917233467102,2.848612261108646,0.0,1.889751811923535,0.038801096488349396,0.7065295212449209,0.00529685832079141,1.3877787807814457e-17
ketone,roi_masked,4,ketone_02_c0.01_wA02,2,0.01,0.039570464917425774,0.0395704649174257,0.029570464917425696,0.2735460069444444,0.7589980363845825,2.7746631905276926,0.0,1.877689259355946,0.027158388021962576,0.6864253952488854,0.0037384869904467082,7.632783294297951e-17
ketone,roi_masked,4,ketone_02_c0.01_wA03,2,0.01,0.02689609342426147,0.0268960934242614,0.016896093424261398,0.2735460069444444,0.7550740838050842,2.7603184277459962,0.0,1.8679592664421127,0.020304160836627894,0.6828684093427415,0.0027949685776006376,6.938893903907228e-17
ketone,roi_masked,4,ketone_02_c0.01_wB03,2,0.01,-0.06289287112403175,0.0,0.01,0.2739800347222222,0.7483663558959961,2.7314631033415844,0.0,1.957728380652408,0.027760930853082844,0.7145514754888156,0.0038237145231207817,4.163336342344337e-17
ketone,roi_masked,4,ketone_02_c0.01_wB06,2,0.01,0.0030613703763702205,0.0030613703763702,0.0069386296236298006,0.2666015625,0.7426145076751709,2.7854844536973444,0.0,1.891422630627074,0.039259254892735296,0.7094566936857597,0.0053530595219921364,2.0383000842727483e-17
ketone,roi_masked,4,ketone_02_c0.01_wB07,2,0.01,-0.015620683855996464,0.0,0.01,0.2700737847222222,0.7486074566841125,2.7718627243072644,0.0,1.9103689275175162,0.02579722198780532,0.7073507447168111,0.003534223247206984,6.418476861114186e-17
ketone,roi_masked,4,ketone_02_c0.01_wC06,2,0.01,-0.00428852289962478,0.0,0.01,0.2718098958333333,0.7559080719947815,2.781017481638286,0.0,1.8995383814515099,0.024761525876481727,0.6988481326729388,0.003400420540570043,8.066464163292153e-17
ketone,roi_masked,4,ketone_02_c0.01_wC07,2,0.01,-0.028939945568010383,0.0,0.01,0.2752821180555556,0.7522794604301453,2.7327581818384776,0.0,1.9244126320410426,0.020499765437091977,0.6990692478080507,0.0028286545630818935,8.326672684688674e-17
ketone,roi_masked,4,ketone_02_c0.01_wD11,2,0.01,0.006240449269480308,0.0062404492694803,0.0037595507305197,0.2700737847222222,0.749718189239502,2.775975424681097,0.0,1.8885659464298319,0.023657267327882536,0.699277772691737,0.0032410491406832985,7.806255641895632e-18
ketone,roi_masked,4,ketone_02_c0.01_wD12,2,0.01,0.15439036538985063,0.1543903653898506,0.1443903653898506,0.2770182291666667,0.779854953289032,2.8151755775604066,0.0,1.7416545023497068,0.01383166510353906,0.6287147627753583,0.0019131416117997297,2.7755575615628914e-17
ketone,roi_masked,4,ketone_02_c0.01_wE04,2,0.01,-0.04128622563338613,0.0,0.01,0.2722439236111111,0.7533745765686035,2.7672778388426664,0.0,1.9362365520374214,0.0251015149036804,0.7112138726017089,0.003449165966189333,2.7755575615628914e-17
ketone,roi_masked,4,ketone_02_c0.01_wE12,2,0.01,0.23507161676292676,0.2350716167629267,0.2250716167629267,0.2657335069444444,0.7797708511352539,2.9344092135820747,0.0,1.6601392721095358,0.04441333528785041,0.6247384047268879,0.0060486670313703176,5.551115123125783e-17
ketone,roi_masked,4,ketone_02_c0.01_wF07,2,0.01,0.014396757800378523,0.0143967578003785,0.004396757800378499,0.2666015625,0.7532196640968323,2.825263501960279,0.0,1.8796217496261622,0.03773999194438815,0.7050302826436595,0.005145905692550396,2.42861286636753e-17
ketone,roi_masked,4,ketone_02_c0.01_wF08,2,0.01,0.015914004206452503,0.0159140042064525,0.0059140042064525,0.2735460069444444,0.7577393054962158,2.770061657855266,0.0,1.878917346203486,0.02545864454019764,0.6868743459980694,0.0035045088585879233,3.469446951953614e-18
ketone,roi_masked,4,ketone_02_c0.01_wF09,2,0.01,0.06617107734672478,0.0661710773467247,0.0561710773467247,0.2666015625,0.7521043419837952,2.8210800226791437,0.0,1.8281825794055597,0.03792027082357885,0.68573588326421,0.005170486993787583,8.326672684688674e-17
ketone,roi_masked,4,ketone_02_c0.01_wF11,2,0.01,0.08227316739523838,0.0822731673952383,0.0722731673952383,0.2657335069444444,0.7472620606422424,2.812073152665948,0.0,1.8117089666500563,0.04236190683370489,0.6817766368577755,0.0057692823020455775,8.326672684688674e-17
ketone,roi_masked,4,ketone_02_c0.01_wG01,2,0.01,0.009720799578150086,0.00972079957815,0.00027920042184999966,0.2700737847222222,0.7725293636322021,2.8604381740596123,,1.8853486162504847,0.025141845749137026,0.6980864944702478,0.003444436605084686,8.500145032286355e-17
ketone,roi_masked,4,ketone_02_c0.01_wG05,2,0.01,-0.006043922948119729,0.0,0.01,0.2722439236111111,0.7582185864448547,2.785070742397681,0.0,1.9008934852554598,0.025484254627062608,0.6982317401400685,0.003501757725406426,2.862293735361732e-17
ketone,roi_masked,4,ketone_02_c0.01_wH07,2,0.01,0.06285951162629022,0.0628595116262902,0.05285951162629019,0.2679036458333333,0.7611391544342041,2.8410929312537974,,1.831501681952739,0.046246573868076624,0.683641940092201,0.006317006443874227,2.7755575615628914e-17
ketone,roi_masked,4,ketone_03_c0.05_wA01,3,0.05,0.13589665620576574,0.1358966562057657,0.08589665620576568,0.2674696180555556,0.7625916600227356,2.851133768263501,0.0,1.7590690463330998,0.03106342213328972,0.6576706016635232,0.004240564336844884,5.551115123125783e-17
ketone,roi_masked,4,ketone_03_c0.05_wA02,3,0.05,0.21360915404478775,0.2136091540447877,0.1636091540447877,0.2705078125,0.7732704281806946,2.8585881532744812,0.0,1.6830540863827317,0.023419920302370834,0.6221831712837247,0.0032104415514896565,5.551115123125783e-17
ketone,roi_masked,4,ketone_03_c0.05_wA03,3,0.05,0.026661367903704658,0.0266613679037046,0.023338632096295404,0.2718098958333333,0.7563801407814026,2.7827542424915794,0.0,1.8697616645289536,0.021304164149722027,0.6878931537045445,0.0029256321979412637,5.898059818321144e-17
ketone,roi_masked,4,ketone_03_c0.05_wB03,3,0.05,0.017445366408436414,0.0174453664084364,0.0325546335915636,0.2722439236111111,0.7583380341529846,2.785509494919851,0.0,1.878578617515208,0.016081319663103333,0.6900350952180214,0.0022097128673797574,1.3877787807814457e-17
ketone,roi_masked,4,ketone_03_c0.05_wB06,3,0.05,0.03033470130788407,0.030334701307884,0.019665298692116,0.2722439236111111,0.7600486278533936,2.7917928076113494,0.0,1.8668411945789445,0.017939563367512346,0.6857237325324652,0.002465051677277379,6.938893903907228e-17
ketone,roi_masked,4,ketone_03_c0.05_wB07,3,0.05,0.08060871340324782,0.0806087134032478,0.030608713403247792,0.2666015625,0.753068208694458,2.8246954055059526,0.0,1.8145582526578348,0.03439212846304307,0.6806255130848435,0.004689419380313729,2.7755575615628914e-17
ketone,roi_masked,4,ketone_03_c0.05_wC06,3,0.05,0.05088145217993256,0.0508814521799325,0.0008814521799324973,0.2657335069444444,0.7500150203704834,2.822433004383167,0.0,1.8433901817154048,0.04500418217378854,0.693698812359705,0.006129134666966679,6.245004513516506e-17
ketone,roi_masked,4,ketone_03_c0.05_wC07,3,0.05,0.011096888025126539,0.0110968880251265,0.038903111974873505,0.2679036458333333,0.7537030577659607,2.8133363225480332,0.0,1.8834665395370886,0.03887006223407985,0.7030387860823738,0.005309418905428781,3.8163916471489756e-17
ketone,roi_masked,4,ketone_03_c0.05_wD11,3,0.05,0.06631546177345893,0.0663154617734589,0.016315461773458897,0.2718098958333333,0.7603905200958252,2.797508596089072,0.0,1.8285408433471058,0.025009963884494057,0.6727278408098575,0.003434537731478129,2.7755575615628914e-17
ketone,roi_masked,4,ketone_03_c0.05_wD12,3,0.05,0.09322158035709105,0.093221580357091,0.04322158035709099,0.2679036458333333,0.7555058598518372,2.8200656153886317,0.0,1.801119220938204,0.037189475903906866,0.6723011235385375,0.005079860826002752,5.551115123125783e-17
ketone,roi_masked,4,ketone_03_c0.05_wE04,3,0.05,0.08184122404039895,0.0818412240403989,0.031841224040398894,0.2722439236111111,0.7669604420661926,2.81718112159507,0.0,1.8141589898912045,0.017225707402932056,0.6663726285706394,0.0023669616732581162,5.551115123125783e-17
ketone,roi_masked,4,ketone_03_c0.05_wE12,3,0.05,0.12452698756311986,0.1245269875631198,0.0745269875631198,0.2657335069444444,0.7588125467300415,2.8555395796913285,0.0,1.770141098543055,0.036505868073418934,0.6661339470874968,0.004971746418865508,5.551115123125783e-17
ketone,roi_masked,4,ketone_03_c0.05_wF07,3,0.05,0.06461833979664888,0.0646183397966488,0.014618339796648797,0.2700737847222222,0.7672321200370789,2.840824113403664,0.0,1.83023773846291,0.022147280473990616,0.6776806346996457,0.0030341807172334996,8.326672684688674e-17
ketone,roi_masked,4,ketone_03_c0.05_wF08,3,0.05,0.25128602821603674,0.2512860282160367,0.2012860282160367,0.2705078125,0.7996814846992493,2.9562232502961416,0.0,1.6449037532926016,0.024004112598808414,0.60807994345546,0.0032905236012288914,5.551115123125783e-17
ketone,roi_masked,4,ketone_03_c0.05_wF09,3,0.05,0.07975974910638817,0.0797597491063881,0.029759749106388095,0.2705078125,0.7629500031471252,2.8204361127171707,0.0,1.8151226702366097,0.02464476807888527,0.6710056369394543,0.0033783457179087707,6.938893903907228e-17
ketone,roi_masked,4,ketone_03_c0.05_wF11,3,0.05,0.08935808701658421,0.0893580870165842,0.03935808701658419,0.2700737847222222,0.7595878839492798,2.8125198627868873,0.0,1.8054506781198987,0.018379572891443097,0.6685027500824824,0.0025180042183371425,1.3877787807814457e-17
ketone,roi_masked,4,ketone_03_c0.05_wG01,3,0.05,0.13690069260340576,0.1369006926034057,0.0869006926034057,0.2700737847222222,0.7700340151786804,2.8511986676925347,0.0,1.7579718582858443,0.025959150332313108,0.6509228061857109,0.0035564074544759566,5.551115123125783e-17
ketone,roi_masked,4,ketone_03_c0.05_wG05,3,0.05,0.07353528807285725,0.0735352880728572,0.023535288072857194,0.2674696180555556,0.7586085200309753,2.8362418339170254,0.0,1.8204888278618798,0.036633313545061386,0.6806338757636952,0.005000927531199611,5.551115123125783e-17
ketone,roi_masked,4,ketone_03_c0.05_wH07,3,0.05,0.15981688064602473,0.1598168806460247,0.1098168806460247,0.2666015625,0.7748355865478516,2.906343005952381,0.0,1.7422319392295305,0.03625601848581583,0.653496522260454,0.004943563639077952,2.7755575615628914e-17
ketone,roi_masked,4,ketone_04_c0.1_wA01,4,0.1,0.22162914431804315,0.2216291443180431,0.12162914431804309,0.2731119791666667,0.7794181108474731,2.853840806344979,0.0,1.6762128406882781,0.021034552447845245,0.613745631298497,0.0028937816891975187,5.551115123125783e-17
ketone,roi_masked,4,ketone_04_c0.1_wA02,4,0.1,0.198054958531801,0.198054958531801,0.09805495853180099,0.2700737847222222,0.7662681937217712,2.8372549912976472,0.0,1.6977050978184982,0.02112751504662258,0.6286078819403488,0.0028944727020911803,0.0
ketone,roi_masked,4,ketone_04_c0.1_wA03,4,0.1,0.28510223220596065,0.2851022322059606,0.1851022322059606,0.2674696180555556,0.7687761783599854,2.8742560891544113,0.0,1.6106277902678625,0.03056392461231061,0.6021722399638385,0.004172376377233812,5.551115123125783e-17
ketone,roi_masked,4,ketone_04_c0.1_wB03,4,0.1,0.12598938401937287,0.1259893840193728,0.025989384019372785,0.2731119791666667,0.764665961265564,2.799825784276296,0.0,1.769177468611207,0.029240669572882405,0.6477846464330903,0.004022719969901244,8.326672684688674e-17
ketone,roi_masked,4,ketone_04_c0.1_wB06,4,0.1,0.19445361568676156,0.1944536156867615,0.0944536156867615,0.2722439236111111,0.7875271439552307,2.892726248980234,0.0,1.7016823493499706,0.01685264708245926,0.6250579725631459,0.002315699947993806,5.551115123125783e-17
ketone,roi_masked,4,ketone_04_c0.1_wB07,4,0.1,0.23938096759995542,0.2393809675999554,0.13938096759995539,0.2709418402777778,0.7766653895378113,2.866539138958938,0.0,1.6571624271996122,0.027254375434148992,0.6116303135391119,0.003738299211208768,2.7755575615628914e-17
ketone,roi_masked,4,ketone_04_c0.1_wC06,4,0.1,0.12512731219773987,0.1251273121977398,0.025127312197739782,0.2739800347222222,0.7715296149253845,2.816006705406869,0.0,1.770347995780247,0.023877675398302323,0.6461594902618122,0.003288845560764523,8.326672684688674e-17
ketone,roi_masked,4,ketone_04_c0.1_wC07,4,0.1,0.14838832896901222,0.1483883289690122,0.048388328969012184,0.2687717013888889,0.759684681892395,2.8265054615746115,0.0,1.7498353244726088,0.030007963907692448,0.6510489443011531,0.00410377497215156,2.7755575615628914e-17
ketone,roi_masked,4,ketone_04_c0.1_wD11,4,0.1,0.19888658056511432,0.1988865805651143,0.09888658056511429,0.2731119791666667,0.7739509344100952,2.8338227300450685,0.0,1.6972044659924908,0.019191029502028112,0.6214317186566068,0.002640163127193478,2.7755575615628914e-17
ketone,roi_masked,4,ketone_04_c0.1_wD12,4,0.1,0.22154727270176644,0.2215472727017664,0.1215472727017664,0.2648654513888889,0.7614849209785461,2.8749877229571,0.0,1.673692465328587,0.03616466912085681,0.6319028988311454,0.004919462592144891,2.7755575615628914e-17
ketone,roi_masked,4,ketone_04_c0.1_wE04,4,0.1,0.08240363768029013,0.0824036376802901,0.0175963623197099,0.2752821180555556,0.7669739723205566,2.7861380090288725,0.0,1.813594710949711,0.018755053062643023,0.6588131200675024,0.0025879109002143754,2.7755575615628914e-17
ketone,roi_masked,4,ketone_04_c0.1_wE12,4,0.1,0.22834806151687115,0.2283480615168711,0.1283480615168711,0.2731119791666667,0.7903634905815125,2.893917333809781,0.0,1.6669683303266278,0.018732064480732946,0.6103607521768059,0.0025770220369373768,5.551115123125783e-17
ketone,roi_masked,4,ketone_04_c0.1_wF07,4,0.1,0.17597745042045032,0.1759774504204503,0.07597745042045029,0.2705078125,0.7896643280982971,2.919192317590817,0.0,1.7220634286709176,0.021139614300259346,0.6366039534148086,0.0028978534194733026,2.7755575615628914e-17
ketone,roi_masked,4,ketone_04_c0.1_wF08,4,0.1,0.21334357542745663,0.2133435754274566,0.1133435754274566,0.2657335069444444,0.7796885371208191,2.9340994520642996,0.0,1.6875864541917456,0.03313360443057256,0.6350672422144193,0.004512476702115512,2.7755575615628914e-17
ketone,roi_masked,4,ketone_04_c0.1_wF09,4,0.1,0.16403609204345804,0.164036092043458,0.064036092043458,0.2722439236111111,0.7839575409889221,2.8796144670202897,0.0,1.7317081344499994,0.02472905954588933,0.6360869735787643,0.0033979873680470567,2.7755575615628914e-17
ketone,roi_masked,4,ketone_04_c0.1_wF11,4,0.1,0.2629851998660624,0.2629851998660624,0.16298519986606239,0.2700737847222222,0.791965663433075,2.932404802812061,0.0,1.6330078175303049,0.01998474054061239,0.604652472734403,0.0027379124248890115,0.0
ketone,roi_masked,4,ketone_04_c0.1_wG01,4,0.1,0.16326395800719307,0.163263958007193,0.063263958007193,0.2700737847222222,0.7694949507713318,2.849202678307993,0.0,1.7321441739063304,0.02177583338733613,0.6413596105552728,0.002983292411144489,5.551115123125783e-17
ketone,roi_masked,4,ketone_04_c0.1_wG05,4,0.1,0.12327935285892244,0.1232793528589224,0.023279352858922395,0.2744140625,0.7868279218673706,2.8673017508618774,0.0,1.7730187673833233,0.0241735021497258,0.6461107536656666,0.0033315836071762073,4.163336342344337e-17
ketone,roi_masked,4,ketone_04_c0.1_wH07,4,0.1,0.12974741219901098,0.1297474121990109,0.029747412199010892,0.2718098958333333,0.7930263876914978,2.9175773209440496,0.0,1.7732210517800664,0.026976092600499157,0.6523754576129778,0.003704539851083299,8.326672684688674e-17
ketone,roi_masked,4,ketone_05_c0.5_wA01,5,0.5,0.6364277559266385,0.6364277559266385,0.13642775592663847,0.2713758680555556,0.8003069162368774,2.9490717873007046,0.0,1.2601033001548971,0.021034552447845245,0.46433874507107287,0.002886886602521843,0.0
ketone,roi_masked,4,ketone_05_c0.5_wA02,5,0.5,0.5080557839368021,0.5080557839368021,0.008055783936802063,0.2718098958333333,0.7954301834106445,2.926420986152695,0.0,1.3923525535930308,0.015852643769364905,0.5122523406751845,0.0021769924747201156,0.0
ketone,roi_masked,4,ketone_05_c0.5_wA03,5,0.5,0.439494959894545,0.439494959894545,0.06050504010545499,0.2770182291666667,0.8030529022216797,2.8989171746474733,0.0,1.4578078017080227,0.01063302575038283,0.5262497728374907,0.001470718374839084,0.0
ketone,roi_masked,4,ketone_05_c0.5_wB03,5,0.5,0.38851656958328307,0.388516569583283,0.11148343041671699,0.2744140625,0.7938809990882874,2.8930040678519795,0.0,1.50811458261532,0.01840528380542139,0.5495762749459386,0.002536609773452423,5.551115123125783e-17
ketone,roi_masked,4,ketone_05_c0.5_wB06,5,0.5,0.45785124172273695,0.4578512417227369,0.04214875827726311,0.2696397569444444,0.8128507137298584,3.0145803532130286,0.0,1.4409202432374648,0.016685879036496543,0.5343871614356731,0.0022846094369388223,5.551115123125783e-17
ketone,roi_masked,4,ketone_05_c0.5_wB07,5,0.5,0.49671948906877117,0.4967194890687711,0.003280510931228886,0.2744140625,0.8032477498054504,2.92713770747609,0.0,1.4007860484627184,0.018406594557898837,0.5104643820732468,0.00253679042090019,5.551115123125783e-17
ketone,roi_masked,4,ketone_05_c0.5_wC06,5,0.5,0.42577511206003416,0.4257751120600341,0.0742248879399659,0.2705078125,0.7942095994949341,2.935995053728565,0.0,1.4693778264288633,0.02343827083705352,0.5431923806004174,0.0032129570732453558,5.551115123125783e-17
ketone,roi_masked,4,ketone_05_c0.5_wC07,5,0.5,0.4964283003645751,0.4964283003645751,0.0035716996354249186,0.2687717013888889,0.798769474029541,2.9719255036965078,0.0,1.398780345104609,0.020080022163003308,0.5204343827405764,0.002746067432174484,0.0
ketone,roi_masked,4,ketone_05_c0.5_wD11,5,0.5,0.38946454610573844,0.3894645461057384,0.11053545389426161,0.2683376736111111,0.7918028831481934,2.9507704695081887,0.0,1.5056443183311086,0.023818792363935692,0.5611006080768094,0.0032554351242181727,5.551115123125783e-17
ketone,roi_masked,4,ketone_05_c0.5_wD12,5,0.5,0.5066719318020754,0.5066719318020754,0.00667193180207537,0.2683376736111111,0.8058706521987915,3.0031960900380357,0.0,1.3886614746168506,0.018899235835150074,0.517505222404727,0.0025830543890959976,0.0
ketone,roi_masked,4,ketone_05_c0.5_wE04,5,0.5,0.38085209571272705,0.380852095712727,0.11914790428727301,0.2709418402777778,0.7920029163360596,2.923147327574339,0.0,1.5147142717522672,0.02640410038481189,0.5590551353011172,0.0036216727064507575,5.551115123125783e-17
ketone,roi_masked,4,ketone_05_c0.5_wE12,5,0.5,0.42843210815870947,0.4284321081587094,0.07156789184129059,0.2700737847222222,0.8020484447479248,2.9697382349525414,0.0,1.4668716802955846,0.02125304480310586,0.543137380699241,0.0029116702973899745,5.551115123125783e-17
ketone,roi_masked,4,ketone_05_c0.5_wF07,5,0.5,0.4199928787469336,0.4199928787469336,0.08000712125306642,0.2679036458333333,0.7905917763710022,2.951030300135746,0.0,1.4748627836007817,0.0308003641937995,0.5505198628458812,0.004207146234030772,0.0
ketone,roi_masked,4,ketone_05_c0.5_wF08,5,0.5,0.42926312522934085,0.4292631252293408,0.07073687477065921,0.2670355902777778,0.7916711568832397,2.9646653319122054,0.0,1.466391743234652,0.026353283519536808,0.5491371924278973,0.003595438355529996,5.551115123125783e-17
ketone,roi_masked,4,ketone_05_c0.5_wF09,5,0.5,0.3784044167019711,0.3784044167019711,0.12159558329802889,0.2739800347222222,0.793285608291626,2.8954139271349013,0.0,1.5170698451947118,0.024476689280445107,0.5537154730025531,0.0033713520909965946,0.0
ketone,roi_masked,4,ketone_05_c0.5_wF11,5,0.5,0.36803293648437374,0.3680329364843737,0.13196706351562631,0.2722439236111111,0.7961421608924866,2.9243707272957975,0.0,1.5276648339164736,0.015632840661627068,0.5611382666151543,0.0021480879608998817,5.551115123125783e-17
ketone,roi_masked,4,ketone_05_c0.5_wG01,5,0.5,0.5165225391506016,0.5165225391506016,0.016522539150601645,0.2770182291666667,0.8089186549186707,2.920091783678209,0.0,1.3794980040477898,0.010267023327865,0.49798094811219856,0.001420094356740265,0.0
ketone,roi_masked,4,ketone_05_c0.5_wG05,5,0.5,0.4560519818798081,0.4560519818798081,0.04394801812019189,0.2696397569444444,0.8068009614944458,2.9921439280212527,0.0,1.4414217573007169,0.02258698751658006,0.5345731555446039,0.003092581740496239,0.0
ketone,roi_masked,4,ketone_05_c0.5_wH07,5,0.5,0.3099456296987191,0.3099456296987191,0.19005437030128092,0.2679036458333333,0.7969933748245239,2.9749254525649302,0.0,1.5893266383281606,0.03671599177824758,0.593245617611678,0.0050151857155525375,0.0
ketone,roi_masked,4,ketone_06_c1_wA01,6,1.0,1.3005025513430652,1.3005025513430652,0.30050255134306525,0.2648654513888889,0.8778624534606934,3.3143713113862145,0.0019052012357860804,0.7305032394356732,0.015482809916528728,0.2758016327177044,0.002106119205767214,0.0
ketone,roi_masked,4,ketone_06_c1_wA02,6,1.0,1.0701811591100006,1.0701811591100006,0.07018115911000056,0.2700737847222222,0.8664671778678894,3.208260952683997,0.002007179893553257,0.9146452590719034,0.008056691342620548,0.3386649541023167,0.0011037679116038498,0.0
ketone,roi_masked,4,ketone_06_c1_wA03,6,1.0,3.692040823569253,3.692040823569253,2.692040823569253,0.2770182291666667,0.7597141861915588,2.74247001172793,0.7599138021469116,1.7607434822093406,0.01865624249127462,0.6356056377611157,0.0025804582140115107,0.0
ketone,roi_masked,4,ketone_06_c1_wB03,6,1.0,0.8372075096526017,0.8372075096526017,0.1627924903473983,0.2705078125,0.812790036201477,3.004682299892825,0.011091893538832664,1.2022193868642352,0.003031367171625332,0.44443056034259093,0.00041554484387474434,0.0
ketone,roi_masked,4,ketone_06_c1_wB06,6,1.0,1.624566137596071,1.624566137596071,0.6245661375960709,0.2735460069444444,0.6783510446548462,2.479842613065872,0.3827577531337738,0.4095209801891022,0.029843363644673326,0.1497082647133188,0.004108087219556526,0.0
ketone,roi_masked,4,ketone_06_c1_wB07,6,1.0,1.0287631957142054,1.0287631957142054,0.02876319571420538,0.2679036458333333,0.8708125352859497,3.2504691475072147,0.0940711498260498,0.9128610854858532,0.013753826571807792,0.3407423152627632,0.0018786907616093168,0.0
ketone,roi_masked,4,ketone_06_c1_wC06,6,1.0,0.8034955608981829,0.8034955608981829,0.19650443910181714,0.2657335069444444,0.8376048803329468,3.1520484185987905,0.0,1.1402556178505818,0.01319998323657634,0.42909741829771186,0.0017977101449429224,0.0
ketone,roi_masked,4,ketone_06_c1_wC07,6,1.0,1.1781273727641577,1.1781273727641577,0.1781273727641577,0.2709418402777778,0.7509275078773499,2.7715450190619366,0.25001972913742065,0.8308557976632183,0.019014279571814896,0.30665466685078974,0.0026080607312672435,0.0
ketone,roi_masked,4,ketone_06_c1_wD11,6,1.0,1.458102841584363,1.458102841584363,0.4581028415843631,0.2731119791666667,0.6910966038703918,2.530451450643437,0.4144592881202698,0.5338505411252752,0.018190118744910944,0.1954694710770972,0.0025024650597566694,0.0
ketone,roi_masked,4,ketone_06_c1_wD12,6,1.0,1.072987580991092,1.072987580991092,0.07298758099109204,0.2700737847222222,0.7753192186355591,2.870768147426803,0.18883857131004333,0.886043417487663,0.022910642551368765,0.32807457354625563,0.0031387614353116477,0.0
ketone,roi_masked,4,ketone_06_c1_wE04,6,1.0,0.805061103491691,0.805061103491691,0.19493889650830898,0.2705078125,0.8493688702583313,3.139905137705889,0.0005568330525420606,1.1188862437651124,0.01901932092749692,0.4136243731463809,0.0026072000843047984,0.0
ketone,roi_masked,4,ketone_06_c1_wE12,6,1.0,0.9161306386451145,0.9161306386451143,0.08386936135488565,0.2744140625,0.8844401836395264,3.223013338245107,0.001487793168053031,0.991502352282182,0.014225092500967484,0.3613161596928663,0.001960497270658238,1.1102230246251565e-16
ketone,roi_masked,4,ketone_06_c1_wF07,6,1.0,0.8582072767462408,0.8582072767462408,0.14179272325375925,0.2718098958333333,0.8620715141296387,3.171597235217066,0.0,1.0548724830836824,0.011089873402291506,0.3880920081476734,0.0015229365709360531,0.0
ketone,roi_masked,4,ketone_06_c1_wF08,6,1.0,1.0886570218949707,1.0886570218949707,0.08865702189497071,0.2687717013888889,0.8703028559684753,3.238074735811655,0.21026015281677246,0.8286208890690241,0.025915593019220085,0.3082991567888626,0.003544117899764539,0.0
ketone,roi_masked,4,ketone_06_c1_wF09,6,1.0,1.1620061255640524,1.1620061255640524,0.16200612556405236,0.2722439236111111,0.8322188258171082,3.0568866874174847,0.34003889560699463,0.761174986042634,0.024380601041145145,0.2795930120115152,0.0033501061457461407,0.0
ketone,roi_masked,4,ketone_06_c1_wF11,6,1.0,0.7852693460465883,0.7852693460465883,0.21473065395341173,0.2739800347222222,0.8656042814254761,3.159369923808787,0.0010394048877060413,1.127790878530067,0.025782400402099892,0.41163250441715243,0.0035511971619451893,0.0
ketone,roi_masked,4,ketone_06_c1_wG01,6,1.0,1.0810515318858949,1.0810515318858949,0.08105153188589487,0.2700737847222222,0.8710474371910095,3.2252202415236417,0.05973030999302864,0.8533695342817382,0.014109443801620714,0.31597644146004417,0.0019329958982568234,0.0
ketone,roi_masked,4,ketone_06_c1_wG05,6,1.0,0.843475225517885,0.843475225517885,0.156524774482115,0.2679036458333333,0.8559689521789551,3.1950627230786757,0.0,1.0699974827806769,0.027060484894616765,0.3993963872542211,0.0036963010047248866,0.0
ketone,roi_masked,4,ketone_06_c1_wH07,6,1.0,0.9009143147899397,0.9009143147899396,0.09908568521006045,0.2744140625,0.870484471321106,3.1721569346363436,5.771725568592956e-07,1.0113357639286078,0.01903595740124775,0.3685437089903539,0.0026235289877358943,1.1102230246251565e-16
ketone,roi_masked,4,ketone_07_c5_wA01,7,5.0,6.72661016349668,6.72661016349668,1.7266101634966802,0.2731119791666667,0.6851478815078735,2.5086701930776965,0.6852148771286011,4.575846212287151,0.0665886456994329,1.6754469087182513,0.009160784576294578,0.0
ketone,roi_masked,4,ketone_07_c5_wA02,7,5.0,5.773105492054576,5.773105492054576,0.7731054920545759,0.2679036458333333,0.6913143396377563,2.5804588716490735,0.6913981437683105,3.707903807582719,0.09761798826831303,1.3840438027817878,0.013334035569597938,0.0
ketone,roi_masked,4,ketone_07_c5_wA03,7,5.0,5.2854648363314,5.2854648363314,0.28546483633139985,0.2718098958333333,0.7078403234481812,2.604174219919536,0.7079390287399292,3.2663090545646947,0.043578285132673145,1.201688792290149,0.005984465441554398,0.0
ketone,roi_masked,4,ketone_07_c5_wB03,7,5.0,4.41829842230033,4.41829842230033,0.5817015776996701,0.2722439236111111,0.7309539914131165,2.684923070890108,0.7310892343521118,2.449595771996372,0.020879682001292643,0.8997797781872685,0.002869049490441524,0.0
ketone,roi_masked,4,ketone_07_c5_wB06,7,5.0,5.728571365884583,5.728571365884583,0.7285713658845827,0.2731119791666667,0.6921279430389404,2.53422770085295,0.6922123432159424,3.7099467413525398,0.029655673972629693,1.3583976626263412,0.004079813275589719,0.0
ketone,roi_masked,4,ketone_07_c5_wB07,7,5.0,5.0837489028552785,5.083748902855279,0.08374890285527936,0.2735460069444444,0.7179731130599976,2.6246886989135016,0.7180785536766052,3.1046157443603812,0.0018398931697252152,1.1349519516075082,0.00025327043244492285,8.881784197001252e-16
ketone,roi_masked,4,ketone_07_c5_wC06,7,5.0,5.803451630101421,5.803451630101421,0.8034516301014207,0.2657335069444444,0.6743738055229187,2.5377823567575417,0.6744547486305237,3.6386255734201254,0.1152800754190837,1.3692761651547523,0.01570003214219411,0.0
ketone,roi_masked,4,ketone_07_c5_wC07,7,5.0,5.412993389515627,5.412993389515627,0.41299338951562703,0.2705078125,0.6984338164329529,2.5819358412539484,0.6985267996788025,3.373554469365488,0.05629379408820334,1.247119052935112,0.007716846739801905,0.0
ketone,roi_masked,4,ketone_07_c5_wD11,7,5.0,5.173962349552001,5.173962349552001,0.17396234955200107,0.2687717013888889,0.7085325717926025,2.6361873967059446,0.7086342573165894,3.135051057687547,0.07249469470808556,1.1664364371275104,0.009914098626349852,0.0
ketone,roi_masked,4,ketone_07_c5_wD12,7,5.0,4.979408165957819,4.979408165957819,0.02059183404218068,0.2731119791666667,0.7446107864379883,2.7263937257896305,0.7447243928909302,3.0245319881610486,0.02478774092602798,1.1074329282039024,0.003410118232187997,0.0
ketone,roi_masked,4,ketone_07_c5_wE04,7,5.0,4.856238368896305,4.856238368896305,0.1437616311036951,0.2705078125,0.7373970150947571,2.725973081072315,0.737514078617096,2.861517861673117,0.047686385050873525,1.0578318737737442,0.0065369288208961835,0.0
ketone,roi_masked,4,ketone_07_c5_wE12,7,5.0,5.037637235665254,5.037637235665254,0.03763723566525368,0.2731119791666667,0.7346090078353882,2.6897721955546037,0.7347188591957092,3.011310755610272,0.002370243787479076,1.1025919715416872,0.00032608100829089665,0.0
ketone,roi_masked,4,ketone_07_c5_wF07,7,5.0,4.931581026256302,4.931581026256302,0.06841897374369843,0.2718098958333333,0.7539811134338379,2.7739281203218566,0.7540971040725708,2.9908371422057805,0.005687657480504704,1.1003415210606178,0.0007810676700988132,0.0
ketone,roi_masked,4,ketone_07_c5_wF08,7,5.0,5.397646696202514,5.397646696202514,0.39764669620251425,0.2679036458333333,0.7121865153312683,2.658368134991077,0.7122811675071716,3.3795992312757326,0.04826472937472026,1.2614980362671995,0.00659267446150025,0.0
ketone,roi_masked,4,ketone_07_c5_wF09,7,5.0,5.053154730108875,5.053154730108875,0.05315473010887484,0.2687717013888889,0.7367163896560669,2.7410489491604006,0.7368259429931641,3.074998832111251,0.016397311837255124,1.1440932271593576,0.0022424339797023772,0.0
ketone,roi_masked,4,ketone_07_c5_wF11,7,5.0,5.585707815332425,5.585707815332425,0.5857078153324249,0.2718098958333333,0.7054682374000549,2.595447215919723,0.7055580019950867,3.568493484845661,0.028982552161960662,1.312863710831841,0.003980080475705997,0.0
ketone,roi_masked,4,ketone_07_c5_wG01,7,5.0,4.837623868830078,4.837623868830078,0.1623761311699221,0.2657335069444444,0.7488486170768738,2.8180436320867575,0.7489684820175171,2.863702583571496,0.03754438734392451,1.077659575753161,0.005113182706688464,0.0
ketone,roi_masked,4,ketone_07_c5_wG05,7,5.0,5.040841118028319,5.040841118028319,0.04084111802831902,0.2770182291666667,0.7555773854255676,2.727536695684305,0.7556906342506409,3.098836630386108,0.01139104399073787,1.1186399681017771,0.0015755644817445629,0.0
ketone,roi_masked,4,ketone_07_c5_wH07,7,5.0,4.948325183364483,4.948325183364483,0.05167481663551676,0.2722439236111111,0.7369834184646606,2.7070702210324082,0.7370967268943787,2.927928219828854,0.09516647782723808,1.075479731922787,0.01307669986068028,0.0
ketone,roi_masked,4,ketone_08_c10_wA01,8,10.0,10.45353559842712,10.0,0.0,0.2666015625,0.7021400928497314,2.6336683336195055,0.7021766901016235,8.271099430972136,0.1803192100360782,3.102419713302369,0.02458680040971293,0.0
ketone,roi_masked,4,ketone_08_c10_wA02,8,10.0,11.039441955796638,10.0,0.0,0.2700737847222222,0.6960497498512268,2.5772577318717986,0.6960839033126831,8.919411822885905,0.06407361417676505,3.302583341089454,0.008778094667059115,0.0
ketone,roi_masked,4,ketone_08_c10_wA03,8,10.0,11.827146924875466,10.0,0.0,0.2687717013888889,0.6960535645484924,2.5897576305526466,0.6960848569869995,9.669643941457938,0.08129085210215159,3.5977165346982782,0.011117027644656908,0.0
ketone,roi_masked,4,ketone_08_c10_wB03,8,10.0,10.487023912643481,10.0,0.0,0.2739800347222222,0.6955577731132507,2.5387170047571166,0.6955941319465637,8.343158602962845,0.07684961940047863,3.0451702845507165,0.010585055931771201,1.7763568394002505e-15
ketone,roi_masked,4,ketone_08_c10_wB06,8,10.0,10.618526667338994,10.0,0.0,0.2657335069444444,0.6761378645896912,2.5444208085171884,0.6761735677719116,8.334795850916768,0.15551896654795705,3.136524236915024,0.021180180223229973,0.0
ketone,roi_masked,4,ketone_08_c10_wB07,8,10.0,10.891919789285799,10.0,0.0,0.2687717013888889,0.6928554177284241,2.577858510207976,0.6928908228874207,8.770770929135658,0.0774884599925123,3.2632791636218905,0.010597026966775388,1.7763568394002505e-15
ketone,roi_masked,4,ketone_08_c10_wC06,8,10.0,11.309161744339264,10.0,0.0,0.2700737847222222,0.7009181976318359,2.5952840937625554,0.7009516358375549,9.16929526319242,0.07136301118457489,3.3951074787296647,0.009776743140732009,0.0
ketone,roi_masked,4,ketone_08_c10_wC07,8,10.0,11.271091039462132,10.0,0.0,0.2744140625,0.7024571895599365,2.559843993271797,0.7024906873703003,9.132857680281713,0.07629144049936087,3.3281303432770373,0.010514459632751754,0.0
ketone,roi_masked,4,ketone_08_c10_wD11,8,10.0,9.842345027424003,9.842345027424004,0.1576549725759957,0.2735460069444444,0.6974979639053345,2.549837856148974,0.6975372433662415,7.710016154431976,0.046516790532635355,2.8185445806919915,0.006403267237472254,1.7763568394002505e-15
ketone,roi_masked,4,ketone_08_c10_wD12,8,10.0,10.144711828746766,10.0,0.0,0.2700737847222222,0.6928343176841736,2.5653519774115483,0.6928731799125671,8.0279413860065,0.076189000151901,2.9724993094992334,0.010437904346661508,0.0
ketone,roi_masked,4,ketone_08_c10_wE04,8,10.0,9.714522865684852,9.714522865684852,0.28547713431514765,0.2696397569444444,0.6907639503479004,2.561803044831489,0.690803587436676,7.506689810296775,0.14571292478366082,2.78396995137606,0.01995082922011912,0.0
ketone,roi_masked,4,ketone_08_c10_wE12,8,10.0,9.540766290821459,9.54076629082146,0.45923370917853923,0.2718098958333333,0.6929095983505249,2.549243456446482,0.692951500415802,7.393438981366836,0.06640070395960684,2.7200771917076554,0.00911859466088119,1.7763568394002505e-15
ketone,roi_masked,4,ketone_08_c10_wF07,8,10.0,10.153591067682473,10.0,0.0,0.2687717013888889,0.700321614742279,2.6056374652663883,0.7003607153892517,8.025334803464645,0.07963970728916081,2.9859299777444557,0.010891223362174001,1.7763568394002505e-15
ketone,roi_masked,4,ketone_08_c10_wF08,8,10.0,10.580136542165848,10.0,0.0,0.2731119791666667,0.6994112133979797,2.5608954082939137,0.699447751045227,8.481607917273012,0.07260681445845485,3.1055422552875673,0.009988720735171219,0.0
ketone,roi_masked,4,ketone_08_c10_wF09,8,10.0,10.326297427330179,10.0,0.0,0.2718098958333333,0.7008419632911682,2.5784269595574476,0.7008792757987976,8.19118197019167,0.062061104988483606,3.013570181129199,0.008522651520993367,1.7763568394002505e-15
ketone,roi_masked,4,ketone_08_c10_wF11,8,10.0,9.861635270805854,9.861635270805854,0.1383647291941461,0.2718098958333333,0.6968463063240051,2.5637267700926274,0.6968866586685181,7.725455407035412,0.06835674996424679,2.842227426396741,0.009387212154231833,0.0
ketone,roi_masked,4,ketone_08_c10_wG01,8,10.0,10.366769430745792,10.0,0.0,0.2687717013888889,0.6865013837814331,2.5542175021920417,0.6865377426147461,8.157806884823927,0.14443363036578027,3.0352179350237107,0.019752193759475158,0.0
ketone,roi_masked,4,ketone_08_c10_wG05,8,10.0,9.712478091820207,9.712478091820207,0.2875219081797926,0.2683376736111111,0.7001331448554993,2.6091496413215856,0.7001733183860779,7.587690935687878,0.09637862138743358,2.827665170371997,0.013172554867367464,0.0
ketone,roi_masked,4,ketone_08_c10_wH07,8,10.0,9.687030941570965,9.687030941570963,0.31296905842903655,0.2718098958333333,0.7123107314109802,2.6206210381970436,0.7123528718948364,7.585662760486817,0.07125411790184444,2.790797125774312,0.009785098354692271,1.7763568394002505e-15
ketone,roi_masked,5,ketone_01_c0_wA05,1,0.0,0.18538623335700066,0.1853862333570006,0.1853862333570006,0.2648654513888889,0.793813943862915,2.997046008455807,0.0,1.7579896920815696,0.03532558588113388,0.6637293323319846,0.004805322501557636,5.551115123125783e-17
ketone,roi_masked,5,ketone_01_c0_wA09,1,0.0,0.19133543637029105,0.191335436370291,0.191335436370291,0.2752821180555556,0.8058789372444153,2.9274656230368667,0.0,1.7560740903528882,0.011865334733306643,0.6379179667596458,0.001637234988803025,5.551115123125783e-17
ketone,roi_masked,5,ketone_01_c0_wB02,1,0.0,0.03147082122439393,0.0314708212243939,0.0314708212243939,0.2731119791666667,0.7895289659500122,2.8908617203795437,0.0,1.9119199005931031,0.02922897362770005,0.7000498134233626,0.004021110926300697,2.7755575615628914e-17
ketone,roi_masked,5,ketone_01_c0_wB05,1,0.0,0.04685199741037227,0.0468519974103722,0.0468519974103722,0.2679036458333333,0.7843438982963562,2.9277089375047467,0.0,1.889773313305519,0.045560747841088434,0.7053929062545025,0.006223326694878775,6.938893903907228e-17
ketone,roi_masked,5,ketone_01_c0_wB09,1,0.0,0.014368727862786201,0.0143687278627862,0.0143687278627862,0.2722439236111111,0.790802538394928,2.904757351075192,0.0,1.933721218033412,0.03159296613413343,0.7102899460102003,0.004341147694828891,1.734723475976807e-18
ketone,roi_masked,5,ketone_01_c0_wC11,1,0.0,-0.022596306886155215,0.0,0.0,0.2679036458333333,0.7794544100761414,2.9094580167119153,0.0,1.9581868919516918,0.045622050726182195,0.7309295421720047,0.006231700303727509,1.3877787807814457e-17
ketone,roi_masked,5,ketone_01_c0_wD01,1,0.0,0.026542190255380405,0.0265421902553804,0.0265421902553804,0.2700737847222222,0.7850704193115234,2.906873838640016,0.0,1.9151060121773895,0.027430822883021566,0.7091047411903103,0.003758026812694021,3.469446951953614e-18
ketone,roi_masked,5,ketone_01_c0_wD04,1,0.0,0.0021571528212351865,0.0021571528212351,0.0021571528212351,0.2705078125,0.7873145341873169,2.910505714829648,0.0,1.9449178673490497,0.03522092733717441,0.7189876881463635,0.004828143185176252,8.630249292984615e-17
ketone,roi_masked,5,ketone_01_c0_wD06,1,0.0,0.0035231585568475943,0.0035231585568475,0.0035231585568475,0.2679036458333333,0.7837212681770325,2.925384855212447,0.0,1.9324673446515581,0.051879179744533044,0.721329244564956,0.007086386846385305,9.410874857174178e-17
ketone,roi_masked,5,ketone_01_c0_wD08,1,0.0,-0.05522658236543032,0.0,0.0,0.2739800347222222,0.7853282690048218,2.866370426593441,0.0,2.0007137267365356,0.04321107278479186,0.7302407012120362,0.005951774724026929,2.0816681711721685e-17
ketone,roi_masked,5,ketone_01_c0_wE01,1,0.0,0.0032343897033788593,0.0032343897033788,0.0032343897033788,0.2687717013888889,0.7799069881439209,2.90174517671957,0.0,1.935174565256216,0.04723750274094307,0.7200068144287964,0.006460021149436584,5.941427905220564e-17
ketone,roi_masked,5,ketone_01_c0_wE05,1,0.0,-0.026904447797820197,0.0,0.0,0.2683376736111111,0.7812458276748657,2.911428041994162,0.0,1.9653684165512955,0.046553693256227824,0.7324235878259903,0.006362729305196436,9.71445146547012e-17
ketone,roi_masked,5,ketone_01_c0_wE06,1,0.0,0.00017126199095640615,0.0001712619909564,0.0001712619909564,0.2657335069444444,0.7791292667388916,2.931994823301603,0.0,1.9336035779985712,0.04737180445631317,0.7276476347421329,0.00645158193984605,6.152847328855238e-18
ketone,roi_masked,5,ketone_01_c0_wE09,1,0.0,-0.03425030798926976,0.0,0.0,0.2666015625,0.7789448499679565,2.9217565068395146,0.0,1.9768910021151678,0.04332339418938824,0.7415151597677406,0.005907211138473178,5.551115123125783e-17
ketone,roi_masked,5,ketone_01_c0_wF03,1,0.0,-0.0311811306500287,0.0,0.0,0.2700737847222222,0.7835854291915894,2.9013753778343463,0.0,1.97368921191471,0.03031407502470751,0.7307962947772587,0.004153032784713905,0.0
ketone,roi_masked,5,ketone_01_c0_wG10,1,0.0,-0.03035112185053368,0.0,0.0,0.2735460069444444,0.7858881950378418,2.872965333387049,0.0,1.9810500575359247,0.032030354153109286,0.7242109214696979,0.004409137324496716,7.979727989493313e-17
ketone,roi_masked,5,ketone_01_c0_wH03,1,0.0,-0.0009023451150960149,0.0,0.0,0.2705078125,0.7838245034217834,2.897603940447315,0.0,1.9471472556587723,0.028191260974104182,0.7198118374709686,0.003864504851068632,1.485356976305141e-17
ketone,roi_masked,5,ketone_01_c0_wH08,1,0.0,0.31041044269260554,0.3104104426926055,0.3104104426926055,0.2705078125,0.802517294883728,2.966706534155009,0.0,1.7229357092378066,0.041109230773825445,0.6369264138120989,0.005635321594698428,5.551115123125783e-17
ketone,roi_masked,5,ketone_01_c0_wH11,1,0.0,0.011985376550533555,0.0119853765505335,0.0119853765505335,0.2683376736111111,0.7836904525756836,2.920538297993328,0.0,1.9312369513837935,0.046234877922894047,0.719703992881239,0.006319155197054599,5.551115123125783e-17
ketone,roi_masked,5,ketone_02_c0.01_wA05,2,0.01,0.07603963192147933,0.0760396319214793,0.06603963192147931,0.2687717013888889,0.7850174307823181,2.920759241861059,0.0,1.8676226551232213,0.0306437796863146,0.6948732494798389,0.004190726718935678,2.7755575615628914e-17
ketone,roi_masked,5,ketone_02_c0.01_wA09,2,0.01,0.05170299150188207,0.051702991501882,0.041702991501881996,0.2687717013888889,0.7833586931228638,2.914587693104688,0.0,1.8887310382250304,0.041763800395584694,0.7027268973872378,0.0057114584425835965,6.938893903907228e-17
ketone,roi_masked,5,ketone_02_c0.01_wB02,2,0.01,0.019560719252630587,0.0195607192526305,0.0095607192526305,0.2666015625,0.7798616290092468,2.9251952677856,0.0,1.96659278539902,0.03568977341560631,0.7376523854390463,0.004866355256668556,8.673617379884035e-17
ketone,roi_masked,5,ketone_02_c0.01_wB05,2,0.01,0.020265500776983192,0.0202655007769831,0.010265500776983101,0.2735460069444444,0.7855464220046997,2.871715916380529,0.0,1.9263342581897644,0.025002704332311776,0.7042085094596141,0.003441746424594254,9.020562075079397e-17
ketone,roi_masked,5,ketone_02_c0.01_wB09,2,0.01,0.034177827571435504,0.0341778275714355,0.024177827571435495,0.2731119791666667,0.7844424843788147,2.8722375590127753,0.0,1.911216820526293,0.031240877853297988,0.6997923805312004,0.004297894167726441,6.938893903907228e-18
ketone,roi_masked,5,ketone_02_c0.01_wC11,2,0.01,0.06839915490396997,0.0683991549039699,0.0583991549039699,0.2657335069444444,0.7754359245300293,2.9180961537234587,0.0,1.8640975501794839,0.05022742996886165,0.7014913443223408,0.006840490536323762,6.938893903907228e-17
ketone,roi_masked,5,ketone_02_c0.01_wD01,2,0.01,0.029029191840456825,0.0290291918404568,0.019029191840456802,0.2700737847222222,0.786578893661499,2.912459254312726,0.0,1.926988865621691,0.02980167163318237,0.7135045956436121,0.004082833443903802,2.42861286636753e-17
ketone,roi_masked,5,ketone_02_c0.01_wD04,2,0.01,0.0087121251332829,0.0087121251332829,0.0012878748667171005,0.2687717013888889,0.7742854952812195,2.88082968288725,0.0,1.9289591156459662,0.04725625658408017,0.7176942757284306,0.006462585853670913,0.0
ketone,roi_masked,5,ketone_02_c0.01_wD06,2,0.01,0.08660268365499513,0.0866026836549951,0.0766026836549951,0.2722439236111111,0.7891228199005127,2.8985874484667695,0.0,1.8599149894378593,0.02592265091717505,0.6831796150920412,0.0035619971798521734,2.7755575615628914e-17
ketone,roi_masked,5,ketone_02_c0.01_wD08,2,0.01,0.06844896349810892,0.0684489634981089,0.0584489634981089,0.2700737847222222,0.7836218476295471,2.9015102240875477,0.0,1.8735738620753952,0.028327175923292147,0.6937266658451926,0.0038808273124581604,1.3877787807814457e-17
ketone,roi_masked,5,ketone_02_c0.01_wE01,2,0.01,0.056722971835854175,0.0567229718358541,0.046722971835854096,0.2700737847222222,0.7896808385848999,2.9239448004814936,0.0,1.8877142724042935,0.026847638857720124,0.6989624240449165,0.0036781305145346913,7.632783294297951e-17
ketone,roi_masked,5,ketone_02_c0.01_wE05,2,0.01,-0.008074782671082303,0.0,0.01,0.2722439236111111,0.7787819504737854,2.8606036092333227,0.0,1.9514665001563265,0.045503881348994746,0.7168081014523996,0.006252628157333169,3.469446951953614e-18
ketone,roi_masked,5,ketone_02_c0.01_wE06,2,0.01,0.031959026108645094,0.031959026108645,0.021959026108644995,0.2713758680555556,0.7803997993469238,2.8757155340988603,0.0,1.9059486416487035,0.040468373639521715,0.7023279760669513,0.005554080885507552,9.71445146547012e-17
ketone,roi_masked,5,ketone_02_c0.01_wE09,2,0.01,0.037154445620353194,0.0371544456203531,0.0271544456203531,0.2687717013888889,0.7761274576187134,2.8876829428397506,0.0,1.9004367888442215,0.052617637524842165,0.7070821738388513,0.007195787912582658,9.020562075079397e-17
ketone,roi_masked,5,ketone_02_c0.01_wF03,2,0.01,0.04235127671165273,0.0423512767116527,0.0323512767116527,0.2735460069444444,0.7931832671165466,2.8996338713788554,0.0,1.9047977883702125,0.026629852292254785,0.6963354390170521,0.003665731422336372,2.7755575615628914e-17
ketone,roi_masked,5,ketone_02_c0.01_wG10,2,0.01,0.03402799848056448,0.0340279984805644,0.024027998480564396,0.2752821180555556,0.7889224290847778,2.86586878456654,0.0,1.9179690484827905,0.02348202980437364,0.6967285278209459,0.0032401615013790607,8.326672684688674e-17
ketone,roi_masked,5,ketone_02_c0.01_wH03,2,0.01,0.02741051335805933,0.0274105133580593,0.0174105133580593,0.2705078125,0.7915933728218079,2.92632351541347,0.0,1.9372263592086485,0.028408039268432717,0.7161443291803813,0.0038942211795013524,3.122502256758253e-17
ketone,roi_masked,5,ketone_02_c0.01_wH08,2,0.01,0.08103117900940493,0.0810311790094049,0.07103117900940491,0.2770182291666667,0.8006924390792847,2.890396207816172,0.0,1.8738399196215163,0.012363219020467442,0.6764319897858164,0.0017100319149426378,2.7755575615628914e-17
ketone,roi_masked,5,ketone_02_c0.01_wH11,2,0.01,0.05218434014240536,0.0521843401424053,0.0421843401424053,0.2679036458333333,0.7815815806388855,2.9173980749971524,0.0,1.8848359103776187,0.05267369740002659,0.7035499291227273,0.007194913224227731,6.245004513516506e-17
ketone,roi_masked,5,ketone_03_c0.05_wA05,3,0.05,0.07130600059024816,0.0713060005902481,0.021306000590248092,0.2731119791666667,0.780232310295105,2.8568219990781434,0.0,1.885548291745662,0.03740968232009956,0.6903938441290434,0.005146553698492873,6.938893903907228e-17
ketone,roi_masked,5,ketone_03_c0.05_wA09,3,0.05,0.13532879790173813,0.1353287979017381,0.0853287979017381,0.2666015625,0.7743491530418396,2.9045184348529074,0.0,1.8025412865490007,0.04565411374832018,0.676118050339259,0.006225008319344855,2.7755575615628914e-17
ketone,roi_masked,5,ketone_03_c0.05_wB02,3,0.05,0.11743017034236414,0.1174301703423641,0.06743017034236409,0.2687717013888889,0.7816120982170105,2.9080892600597372,0.0,1.827746250071277,0.03737318290496128,0.6800367154080295,0.005111014299630852,4.163336342344337e-17
ketone,roi_masked,5,ketone_03_c0.05_wB05,3,0.05,0.08137923420569448,0.0813792342056944,0.0313792342056944,0.2648654513888889,0.770885169506073,2.9104783786021993,0.0,1.855437206907493,0.047176401510076627,0.7005206595190273,0.006417383266669612,8.326672684688674e-17
ketone,roi_masked,5,ketone_03_c0.05_wB09,3,0.05,0.09721453571151328,0.0972145357115132,0.0472145357115132,0.2722439236111111,0.7859945297241211,2.8870966863043046,0.0,1.8482698359139667,0.02499423485476604,0.6789021445907979,0.003434424756545756,8.326672684688674e-17
ketone,roi_masked,5,ketone_03_c0.05_wC11,3,0.05,0.11410408551756546,0.1141040855175654,0.0641040855175654,0.2700737847222222,0.7824040651321411,2.897001150766498,0.0,1.8311869501175073,0.030082172663332463,0.6780320985248272,0.004121262126732154,5.551115123125783e-17
ketone,roi_masked,5,ketone_03_c0.05_wD01,3,0.05,0.09217318002944896,0.0921731800294489,0.04217318002944889,0.2666015625,0.7824739813804626,2.9349939814417354,0.0,1.8426466447692462,0.04608383890665935,0.6911612323237026,0.006283602002718931,6.938893903907228e-17
ketone,roi_masked,5,ketone_03_c0.05_wD04,3,0.05,0.0893776474766308,0.0893776474766308,0.03937764747663079,0.2696397569444444,0.7808735370635986,2.8959881358463284,0.0,1.85283773267715,0.03979424355771566,0.6871530198934654,0.005448577456958959,0.0
ketone,roi_masked,5,ketone_03_c0.05_wD06,3,0.05,0.09561682926875359,0.0956168292687535,0.0456168292687535,0.2718098958333333,0.7884870171546936,2.9008767864661302,0.0,1.8539656603906765,0.025776854910849467,0.6820817375712764,0.0035398524043866587,8.326672684688674e-17
ketone,roi_masked,5,ketone_03_c0.05_wD08,3,0.05,0.16590724161841308,0.165907241618413,0.115907241618413,0.2752821180555556,0.7830954790115356,2.844701590291806,0.0,1.794436299018946,0.024526800355924916,0.6518535645155146,0.0033843238820213213,8.326672684688674e-17
ketone,roi_masked,5,ketone_03_c0.05_wE01,3,0.05,0.03095902279555096,0.0309590227955509,0.019040977204449104,0.2709418402777778,0.7842318415641785,2.8944656194855702,0.0,1.9134506830391833,0.038393351640783724,0.7062219261068928,0.005266157593711309,6.245004513516506e-17
ketone,roi_masked,5,ketone_03_c0.05_wE05,3,0.05,0.06253646155418346,0.0625364615541834,0.012536461554183392,0.2770182291666667,0.7998376488685608,2.8873105256453804,0.0,1.8832322173249865,0.012021616759450904,0.679822487852216,0.0016627828313837544,6.938893903907228e-17
ketone,roi_masked,5,ketone_03_c0.05_wE06,3,0.05,0.05713454811373797,0.0571345481137379,0.0071345481137378985,0.2718098958333333,0.7905025482177734,2.908292009730539,0.0,1.8880439392557329,0.0303739663302105,0.6946192792088158,0.004171158898811205,6.938893903907228e-17
ketone,roi_masked,5,ketone_03_c0.05_wE09,3,0.05,0.04522283290815654,0.0452228329081565,0.004777167091843504,0.2674696180555556,0.7806150913238525,2.9185187349454864,0.0,1.8936158724165557,0.04383599923514048,0.7079741939225549,0.005984188549119459,4.163336342344337e-17
ketone,roi_masked,5,ketone_03_c0.05_wF03,3,0.05,0.0575850436574874,0.0575850436574874,0.0075850436574873975,0.2679036458333333,0.7844927310943604,2.928264483501671,0.0,1.8774267685689698,0.0458364091697836,0.7007843296529619,0.006260980389932201,0.0
ketone,roi_masked,5,ketone_03_c0.05_wG10,3,0.05,0.041568455001341764,0.0415684550013417,0.008431544998658301,0.2657335069444444,0.78169846534729,2.941663150935331,0.0,1.8928207371949914,0.04655550814427323,0.7123003639848527,0.0063404102712815436,6.245004513516506e-17
ketone,roi_masked,5,ketone_03_c0.05_wH03,3,0.05,0.28520245435692004,0.28520245435692,0.23520245435692,0.2700737847222222,0.8079293370246887,2.991513366821829,0.1194925308227539,1.6663304475921763,0.021164216115987955,0.6169908157898553,0.0028995007540500227,5.551115123125783e-17
ketone,roi_masked,5,ketone_03_c0.05_wH08,3,0.05,0.24091858108298503,0.240918581082985,0.19091858108298498,0.2705078125,0.8065224289894104,2.981512517274932,0.0,1.7512083755027867,0.023643353186199922,0.6473781142652901,0.003241070102097553,2.7755575615628914e-17
ketone,roi_masked,5,ketone_03_c0.05_wH11,3,0.05,0.08020641321981925,0.0802064132198192,0.030206413219819192,0.2700737847222222,0.7937896251678467,2.9391583710513762,0.0,1.8723388685705709,0.029053736104191374,0.6932693858074079,0.003980366165247922,5.551115123125783e-17
ketone,roi_masked,5,ketone_04_c0.1_wA05,4,0.1,0.1861396135501283,0.1861396135501283,0.08613961355012831,0.2744140625,0.7955107092857361,2.898942940599978,0.0,1.771374831708959,0.025022063138130823,0.6455116824448307,0.0034485319856589454,0.0
ketone,roi_masked,5,ketone_04_c0.1_wA09,4,0.1,0.16246056756569938,0.1624605675656993,0.06246056756569929,0.2722439236111111,0.7941681146621704,2.9171197069456207,0.0,1.7881071290278983,0.02750120020834279,0.6568033200925114,0.0037789035503218607,8.326672684688674e-17
ketone,roi_masked,5,ketone_04_c0.1_wB02,4,0.1,0.13423341213913909,0.134233412139139,0.034233412139139,0.2679036458333333,0.7883514165878296,2.9426677421115586,0.0,1.8099013003465279,0.038098734814724144,0.6755791974075984,0.005204060175670634,8.326672684688674e-17
ketone,roi_masked,5,ketone_04_c0.1_wB05,4,0.1,0.12005349018508316,0.1200534901850831,0.020053490185083095,0.2687717013888889,0.7914968132972717,2.944866625493604,0.0,1.8245219250109206,0.03473312576137788,0.678837063419485,0.004749970129349437,5.551115123125783e-17
ketone,roi_masked,5,ketone_04_c0.1_wB09,4,0.1,0.17760298514657502,0.177602985146575,0.07760298514657499,0.2752821180555556,0.801028311252594,2.90984505971774,0.0,1.7680435416844187,0.02132392626399593,0.6422660339047537,0.0029423761708187827,2.7755575615628914e-17
ketone,roi_masked,5,ketone_04_c0.1_wC11,4,0.1,0.21817722725541988,0.2181772272554198,0.11817722725541979,0.2700737847222222,0.8023583889007568,2.9708858626393635,0.0,1.7339951706619463,0.021626205950692423,0.642044977614323,0.002962793430081483,8.326672684688674e-17
ketone,roi_masked,5,ketone_04_c0.1_wD01,4,0.1,0.10996109941804488,0.1099610994180448,0.009961099418044794,0.2679036458333333,0.7915364503860474,2.954556470942816,0.0,1.8301136202860175,0.03808159420540491,0.683123820354635,0.005201718870564869,8.326672684688674e-17
ketone,roi_masked,5,ketone_04_c0.1_wD04,4,0.1,0.11618556045157602,0.116185560451576,0.016185560451576,0.2666015625,0.7907246947288513,2.9659417120964973,0.0,1.8255866467275834,0.03663674166692532,0.6847621707871961,0.004995475827820443,1.3877787807814457e-17
ketone,roi_masked,5,ketone_04_c0.1_wD06,4,0.1,0.14927762411132828,0.1492776241113282,0.04927762411132819,0.2705078125,0.7968302965164185,2.945683117807987,0.0,1.7945976854177181,0.024440089038193502,0.6634180613240951,0.0033502879752490156,8.326672684688674e-17
ketone,roi_masked,5,ketone_04_c0.1_wD08,4,0.1,0.12017791084331653,0.1201779108433165,0.020177910843316493,0.2735460069444444,0.8001943826675415,2.9252643517112507,0.0,1.840996898932458,0.03075973086700201,0.6730117977216,0.004234229718749672,2.7755575615628914e-17
ketone,roi_masked,5,ketone_04_c0.1_wE01,4,0.1,0.11757576469446218,0.1175757646944621,0.017575764694462093,0.2718098958333333,0.7970180511474609,2.932262818113773,0.0,1.856289952221114,0.029113022447012415,0.682936854278235,0.0039979975394377355,8.326672684688674e-17
ketone,roi_masked,5,ketone_04_c0.1_wE05,4,0.1,0.1683561305545327,0.1683561305545327,0.06835613055453268,0.2687717013888889,0.8007320761680603,2.9792276196870584,0.0,1.790003939103275,0.033390511916130405,0.6659941987394341,0.004566359368141531,0.0
ketone,roi_masked,5,ketone_04_c0.1_wE06,4,0.1,0.10644646789073686,0.1064464678907368,0.006446467890736801,0.2722439236111111,0.8051624894142151,2.9575039866247135,0.0,1.8434717760571186,0.025171892229001847,0.6771397324887368,0.0034588364213878195,5.551115123125783e-17
ketone,roi_masked,5,ketone_04_c0.1_wE09,4,0.1,0.1429430598697008,0.1429430598697008,0.04294305986970079,0.2657335069444444,0.7924179434776306,2.9820023548753958,0.0,1.8054068309288538,0.03345685615690641,0.6794050369065056,0.004556500463160182,0.0
ketone,roi_masked,5,ketone_04_c0.1_wF03,4,0.1,0.05658846846625698,0.0565884684662569,0.04341153153374311,0.2722439236111111,0.7897453904151917,2.900874259890955,0.0,1.8895002482749996,0.04303381871901024,0.6940468030331765,0.005913220118002064,8.326672684688674e-17
ketone,roi_masked,5,ketone_04_c0.1_wG10,4,0.1,0.1968291024841502,0.1968291024841502,0.09682910248415019,0.2700737847222222,0.8097934126853943,2.9984154645675347,0.0,1.760468602290776,0.012891956404402327,0.651847273552101,0.0017661999438527108,0.0
ketone,roi_masked,5,ketone_04_c0.1_wH03,4,0.1,0.12651045854267107,0.126510458542671,0.026510458542671006,0.2700737847222222,0.8033796548843384,2.974667295867442,0.0,1.8450037432217845,0.02517128726632012,0.6831480312387291,0.0034484700973153887,5.551115123125783e-17
ketone,roi_masked,5,ketone_04_c0.1_wH08,4,0.1,0.18195347344596935,0.1819534734459693,0.08195347344596929,0.2683376736111111,0.7970998883247375,2.9705105421758113,0.0,1.8188301840323133,0.04403946835046857,0.6778139496984149,0.006019097439091181,5.551115123125783e-17
ketone,roi_masked,5,ketone_04_c0.1_wH11,4,0.1,0.14204085885683848,0.1420408588568384,0.04204085885683839,0.2731119791666667,0.8037980794906616,2.9431081051195616,0.0,1.8114585120997715,0.02187161914529545,0.6632658580656137,0.0030089392751611126,8.326672684688674e-17
ketone,roi_masked,5,ketone_05_c0.5_wA05,5,0.5,0.4241928321656614,0.4241928321656614,0.0758071678343386,0.2700737847222222,0.7992925643920898,2.959534059235637,0.0,1.5377889726209197,0.027469439667545892,0.5693958686892084,0.003763317317914419,0.0
ketone,roi_masked,5,ketone_05_c0.5_wA09,5,0.5,0.39983179158456283,0.3998317915845628,0.10016820841543722,0.2752821180555556,0.8096291422843933,2.9410887565206814,0.0,1.5496434054225638,0.012847289993059174,0.5629291929197614,0.0017727298184763193,5.551115123125783e-17
ketone,roi_masked,5,ketone_05_c0.5_wB02,5,0.5,0.2750118579811951,0.2750118579811951,0.2249881420188049,0.2692057291666667,0.7912203669548035,2.9390918588695962,0.0,1.6842197360401494,0.031466125625172925,0.6256255174262804,0.0043057433372174275,0.0
ketone,roi_masked,5,ketone_05_c0.5_wB05,5,0.5,0.46405583981488063,0.4640558398148806,0.03594416018511942,0.2683376736111111,0.7988753318786621,2.97712699498332,0.0,1.4905292627081972,0.022704451103972456,0.5554677592041547,0.0031031324540146846,5.551115123125783e-17
ketone,roi_masked,5,ketone_05_c0.5_wB09,5,0.5,0.42868941895272195,0.4286894189527219,0.07131058104727811,0.2696397569444444,0.801604688167572,2.972872759015028,0.0,1.5167561594407846,0.029837465258525153,0.5625120629942162,0.004085307975376137,5.551115123125783e-17
ketone,roi_masked,5,ketone_05_c0.5_wC11,5,0.5,0.36634166248015476,0.3663416624801547,0.1336583375198453,0.2748480902777778,0.8113371133804321,2.9519474287066965,0.0,1.578847638597254,0.018145855642022424,0.574443736174982,0.0025023523207673,5.551115123125783e-17
ketone,roi_masked,5,ketone_05_c0.5_wD01,5,0.5,0.38701464889848247,0.3870146488984824,0.11298535110151758,0.2735460069444444,0.8015996813774109,2.930401691223411,0.0,1.5686156274846008,0.01894057495174306,0.5734375891669211,0.0026072642084430777,5.551115123125783e-17
ketone,roi_masked,5,ketone_05_c0.5_wD04,5,0.5,0.500475299051909,0.500475299051909,0.0004752990519090172,0.2748480902777778,0.8097021579742432,2.9459988503318693,0.0,1.4443980224547373,0.012802926063057107,0.5255259445299194,0.001765550899253843,0.0
ketone,roi_masked,5,ketone_05_c0.5_wD06,5,0.5,0.5258535843825347,0.5258535843825347,0.02585358438253471,0.2748480902777778,0.8150573968887329,2.9654832095248964,0.0,1.4201527440034878,0.01240022257117368,0.5167046067404715,0.0017100172260352633,0.0
ketone,roi_masked,5,ketone_05_c0.5_wD08,5,0.5,0.4526623759734152,0.4526623759734152,0.04733762402658481,0.2713758680555556,0.8070905804634094,2.974069088185038,0.0,1.497838094142162,0.021808904680610475,0.551942258121318,0.0029931625545272693,0.0
ketone,roi_masked,5,ketone_05_c0.5_wE01,5,0.5,0.515365548021568,0.515365548021568,0.015365548021567976,0.2687717013888889,0.7974010705947876,2.9668341811068077,0.0,1.4343612252374829,0.028821430434361917,0.5336727110128641,0.003941509168765091,0.0
ketone,roi_masked,5,ketone_05_c0.5_wE05,5,0.5,0.5363611812035478,0.5363611812035478,0.03636118120354781,0.2687717013888889,0.8049711585044861,2.9949996757276316,0.0,1.4272743394874208,0.025779980551372317,0.5310359431859535,0.0035255720546289843,0.0
ketone,roi_masked,5,ketone_05_c0.5_wE06,5,0.5,0.4645098643076073,0.4645098643076073,0.03549013569239268,0.2674696180555556,0.8011362552642822,2.9952420805337217,0.0,1.4853787742790054,0.028347240518907135,0.5553448593815543,0.0038697699395978105,0.0
ketone,roi_masked,5,ketone_05_c0.5_wE09,5,0.5,0.4545180989999831,0.4545180989999831,0.04548190100001692,0.2657335069444444,0.8054555654525757,3.031065125035091,0.0,1.502763133145252,0.0243885663831227,0.5655151096393076,0.003321487036897574,0.0
ketone,roi_masked,5,ketone_05_c0.5_wF03,5,0.5,0.5191443465866161,0.5191443465866161,0.019144346586616123,0.2718098958333333,0.805090069770813,2.9619601129771707,0.0,1.431464966398137,0.020266048187671526,0.5266419612904284,0.0027830710787897597,0.0
ketone,roi_masked,5,ketone_05_c0.5_wG10,5,0.5,0.3775203645695644,0.3775203645695644,0.12247963543043561,0.2731119791666667,0.8122325539588928,2.9739909484645035,0.0,1.585184269794711,0.022535565688623027,0.5804155037913411,0.003100280241623374,0.0
ketone,roi_masked,5,ketone_05_c0.5_wH03,5,0.5,0.3555646556114922,0.3555646556114922,0.1444353443885078,0.2731119791666667,0.814319372177124,2.98163183710146,0.0,1.6453009491034025,0.02267198477337984,0.602427236668135,0.0031190477932746476,0.0
ketone,roi_masked,5,ketone_05_c0.5_wH08,5,0.5,0.30070482473349514,0.3007048247334951,0.19929517526650492,0.2700737847222222,0.8057963252067566,2.9836154813601725,0.0,1.6762929919419285,0.02083390649169914,0.6206796389609006,0.0028542482864203846,5.551115123125783e-17
ketone,roi_masked,5,ketone_05_c0.5_wH11,5,0.5,0.27832382701008407,0.278323827010084,0.221676172989916,0.2752821180555556,0.8128213286399841,2.952684810700076,0.0,1.701388274469647,0.0182825772081201,0.6180525950931126,0.002522716447822052,5.551115123125783e-17
ketone,roi_masked,5,ketone_06_c1_wA05,6,1.0,0.9394098042968422,0.9394098042968422,0.06059019570315782,0.2718098958333333,0.8515313267707825,3.1328194441195736,6.60801060803351e-06,1.1160271901307002,0.01514645066542153,0.4105910812073666,0.0020800132518629835,0.0
ketone,roi_masked,5,ketone_06_c1_wA09,6,1.0,1.1576210535646791,1.1576210535646791,0.15762105356467915,0.2657335069444444,0.8586722016334534,3.2313283014511667,0.07496127486228943,0.938439336189608,0.003408763057984654,0.3531505480736394,0.00046424058434145965,0.0
ketone,roi_masked,5,ketone_06_c1_wB02,6,1.0,0.8549845397129243,0.8549845397129243,0.14501546028707568,0.2735460069444444,0.8451124429702759,3.0894709537540908,0.0,1.2565771995434123,0.01793936171328503,0.4593659449025026,0.00246944223375108,0.0
ketone,roi_masked,5,ketone_06_c1_wB05,6,1.0,1.1425088841178959,1.142508884117896,0.14250888411789608,0.2744140625,0.8471704721450806,3.087197734792037,0.12825897336006165,0.9700292775103321,0.04764111367684909,0.3534910961461139,0.006565881615759552,2.220446049250313e-16
ketone,roi_masked,5,ketone_06_c1_wB09,6,1.0,1.1440533538446531,1.1440533538446531,0.14405335384465312,0.2718098958333333,0.8090606927871704,2.97656820148765,0.29525670409202576,0.8840591146844243,0.040416246021768965,0.32524905392940745,0.005550232801916596,0.0
ketone,roi_masked,5,ketone_06_c1_wC11,6,1.0,1.3165631006207585,1.3165631006207583,0.3165631006207583,0.2752821180555556,0.7958327531814575,2.890971483374187,0.4869062006473541,0.6681204581445048,0.01426068447208273,0.24270390785414883,0.0019677566715782966,2.220446049250313e-16
ketone,roi_masked,5,ketone_06_c1_wD01,6,1.0,0.9338184367098645,0.9338184367098644,0.06618156329013558,0.2648654513888889,0.822618842124939,3.105798954946103,0.0,1.0957486771911047,0.024867192691578,0.4137001150755109,0.0033826722929237323,1.1102230246251565e-16
ketone,roi_masked,5,ketone_06_c1_wD04,6,1.0,0.8907978263427412,0.8907978263427412,0.10920217365725882,0.2770182291666667,0.8483239412307739,3.0623397737496325,0.015226985327899456,1.1082262278567467,0.012377738124831783,0.40005534335792314,0.0017120401404539956,0.0
ketone,roi_masked,5,ketone_06_c1_wD06,6,1.0,0.875714291796232,0.875714291796232,0.12428570820376805,0.2700737847222222,0.8281267285346985,3.0662980836383213,0.0,1.1237963225452157,0.013274494473557219,0.41610714779335917,0.0018186077161930034,0.0
ketone,roi_masked,5,ketone_06_c1_wD08,6,1.0,1.0480615052651476,1.0480615052651476,0.04806150526514763,0.2657335069444444,0.8495386838912964,3.196957333908611,0.001451947377063334,1.0364316955308701,0.010304631841253187,0.3900267254394651,0.001403391267164022,0.0
ketone,roi_masked,5,ketone_06_c1_wE01,6,1.0,0.9206609016881313,0.9206609016881312,0.0793390983118688,0.2718098958333333,0.8450146317481995,3.1088442499766096,0.008864876814186573,1.1412943387753145,0.01806529477822294,0.41988697110392414,0.00248084870624501,1.1102230246251565e-16
ketone,roi_masked,5,ketone_06_c1_wE05,6,1.0,0.9594079548435688,0.9594079548435688,0.04059204515643122,0.2696397569444444,0.844448983669281,3.1317673374229757,0.013962100259959698,1.0795786170646076,0.017250309218660442,0.4003781301757515,0.002361890503033348,0.0
ketone,roi_masked,5,ketone_06_c1_wE06,6,1.0,1.1206520865583058,1.1206520865583058,0.12065208655830584,0.2705078125,0.8339102864265442,3.0827586039739394,0.252844899892807,0.8850019805325571,0.016502071208328584,0.327163187027198,0.0022621313142340655,0.0
ketone,roi_masked,5,ketone_06_c1_wE09,6,1.0,1.2539893905865211,1.2539893905865211,0.25398939058652115,0.2722439236111111,0.7901326417922974,2.9022967025738593,0.2152729630470276,0.7983885722300905,0.005833251832603192,0.29326221927750157,0.000801539419848979,0.0
ketone,roi_masked,5,ketone_06_c1_wF03,6,1.0,1.1738719644329274,1.1738719644329274,0.1738719644329274,0.2657335069444444,0.8330352902412415,3.1348522804668364,0.18013525009155273,0.8212827484534624,0.028485676145936445,0.3090625483767705,0.0038794737898766116,0.0
ketone,roi_masked,5,ketone_06_c1_wG10,6,1.0,0.9383854008222468,0.9383854008222468,0.06161459917775325,0.2718098958333333,0.8569469451904297,3.1527437312874254,0.008839891292154789,1.084026781630342,0.004333448517188865,0.39881799678663604,0.0005950985178723376,0.0
ketone,roi_masked,5,ketone_06_c1_wH03,6,1.0,0.9599374988444127,0.9599374988444128,0.04006250115558718,0.2752821180555556,0.8522433042526245,3.095890536851473,0.0007726929616183043,1.0286540684320302,0.0155394747543951,0.3736726801209929,0.002144210201175404,1.1102230246251565e-16
ketone,roi_masked,5,ketone_06_c1_wH08,6,1.0,0.9705849428720463,0.9705849428720464,0.02941505712795356,0.2687717013888889,0.8572612404823303,3.189551712670632,0.07799828797578812,1.0781414273867647,0.021678636049785815,0.40113651169949227,0.002964687785054549,1.1102230246251565e-16
ketone,roi_masked,5,ketone_06_c1_wH11,6,1.0,0.8710715056943916,0.8710715056943916,0.12892849430560838,0.2705078125,0.8417920470237732,3.1118955095752483,0.031231869012117386,1.1787026473259907,0.0012897804376992283,0.435737007531341,0.00017680524340080454,0.0
ketone,roi_masked,5,ketone_07_c5_wA05,7,5.0,4.659856189731807,4.659856189731807,0.3401438102681933,0.2744140625,0.7231244444847107,2.635158117979871,0.7240644097328186,2.578279135923301,0.020966594973250707,0.9395579484645765,0.0028896087823161135,0.0
ketone,roi_masked,5,ketone_07_c5_wA09,7,5.0,4.846732993584887,4.846732993584887,0.15326700641511337,0.2666015625,0.7150452733039856,2.6820745782537774,0.7159250378608704,2.7286297928497305,0.05435226718792663,1.0234860468418037,0.00741101486024459,0.0
ketone,roi_masked,5,ketone_07_c5_wB02,7,5.0,4.658886837861259,4.658886837861259,0.34111316213874066,0.2648654513888889,0.7650696635246277,2.888521925048328,0.7660717964172363,2.5474335759758113,0.016150890371515736,0.9617840162307693,0.0021969978695776976,0.0
ketone,roi_masked,5,ketone_07_c5_wB05,7,5.0,5.826373262808176,5.826373262808176,0.8263732628081764,0.2666015625,0.7565320134162903,2.8376878451951693,0.7572306394577026,3.719141367499716,0.06952594117403077,1.3950185935237032,0.009479968543569575,0.0
ketone,roi_masked,5,ketone_07_c5_wB09,7,5.0,5.845175906268459,5.845175906268459,0.8451759062684587,0.2744140625,0.7274205684661865,2.6508137441614767,0.7280709743499756,3.7522112491944677,0.0015979080969863446,1.3673538502402618,0.0002202231347663549,0.0
ketone,roi_masked,5,ketone_07_c5_wC11,7,5.0,4.805991176813169,4.805991176813169,0.19400882318683088,0.2696397569444444,0.762870728969574,2.8292219871966173,0.7638095617294312,2.71382152892685,0.007829427028472224,1.006461940063978,0.0010719952383657705,0.0
ketone,roi_masked,5,ketone_07_c5_wD01,7,5.0,4.831172345136626,4.831172345136626,0.1688276548633736,0.2752821180555556,0.7533138990402222,2.7365159217795374,0.7542352676391602,2.7628472257350003,0.008887910067479687,1.003642098240984,0.0012263958553959096,0.0
ketone,roi_masked,5,ketone_07_c5_wD04,7,5.0,5.266308289702238,5.266308289702238,0.26630828970223774,0.2731119791666667,0.765636682510376,2.803380081849672,0.7664426565170288,3.2120728267811804,0.03611768368589985,1.176101039794015,0.004968809864894059,0.0
ketone,roi_masked,5,ketone_07_c5_wD06,7,5.0,5.355928469662295,5.355928469662295,0.3559284696622953,0.2722439236111111,0.7550988793373108,2.7736115073625576,0.7558709383010864,3.2587077740876134,0.010534013524786445,1.1969809025903326,0.0014474648672197987,0.0
ketone,roi_masked,5,ketone_07_c5_wD08,7,5.0,4.998129139456052,4.998129139456052,0.0018708605439483605,0.2739800347222222,0.7730470299720764,2.8215451200881807,0.7739331722259521,2.9320724914740732,0.01052453577610546,1.0701774289673291,0.001449620710096965,0.0
ketone,roi_masked,5,ketone_07_c5_wE01,7,5.0,4.551084706152495,4.551084706152495,0.44891529384750495,0.2648654513888889,0.7299383282661438,2.755883504015068,0.7309355735778809,2.437786434121304,0.05901693277342712,0.9203867176100753,0.008028045054463534,0.0
ketone,roi_masked,5,ketone_07_c5_wE05,7,5.0,5.163087943691561,5.163087943691561,0.16308794369156132,0.2679036458333333,0.7621481418609619,2.844859163787212,0.7629759907722473,3.0471518453166757,0.04856358093955393,1.1374058892846692,0.006633495804638047,0.0
ketone,roi_masked,5,ketone_07_c5_wE06,7,5.0,5.28666629221755,5.28666629221755,0.28666629221755,0.2744140625,0.748543381690979,2.7277879816781585,0.7493339776992798,3.1941597053242203,0.017708870931500975,1.1639927182391465,0.0024406303948663523,0.0
ketone,roi_masked,5,ketone_07_c5_wE09,7,5.0,4.946747239035997,4.946747239035997,0.05325276096400344,0.2666015625,0.7658957839012146,2.872810559395032,0.7667995691299438,2.8602131588225976,0.04376642852672763,1.0728418588404176,0.005967619548784167,0.0
ketone,roi_masked,5,ketone_07_c5_wF03,7,5.0,4.6442001588340425,4.6442001588340425,0.35579984116595753,0.2700737847222222,0.7855827808380127,2.908770955485386,0.7866206169128418,2.601236486635064,0.012277919282327687,0.9631577123675673,0.0016820767668489962,0.0
ketone,roi_masked,5,ketone_07_c5_wG10,7,5.0,5.337251255131384,5.337251255131384,0.33725125513138376,0.2700737847222222,0.7594152092933655,2.8118805017467485,0.7602137327194214,3.2791940538982565,0.01659089989544693,1.2141845078636535,0.0022729557519910646,0.0
ketone,roi_masked,5,ketone_07_c5_wH03,7,5.0,4.58442520782026,4.58442520782026,0.4155747921797399,0.2679036458333333,0.7739579677581787,2.888941527282048,0.774998128414154,2.497807252051701,0.012652189528163937,0.9323528406200277,0.0017282137052254162,0.0
ketone,roi_masked,5,ketone_07_c5_wH08,7,5.0,5.152920739206201,5.152920739206201,0.15292073920620108,0.2657335069444444,0.7419168949127197,2.7919583926156086,0.7427369952201843,2.9684743185696036,0.024059970819766185,1.1170869465062259,0.00327673549689619,0.0
ketone,roi_masked,5,ketone_07_c5_wH11,7,5.0,4.65370412256587,4.65370412256587,0.34629587743413026,0.2735460069444444,0.7646470069885254,2.7953140882214402,0.7658763527870178,2.584199729243095,0.02426444820622997,0.9447038756328586,0.0033401218023691626,0.0
ketone,roi_masked,5,ketone_08_c10_wA05,8,10.0,10.247309466503594,10.0,0.0,0.2735460069444444,0.7376786470413208,2.696726065502901,0.737966775894165,8.082418237696718,0.04340244264648163,2.9546833192627115,0.005974561783868181,0.0
ketone,roi_masked,5,ketone_08_c10_wA09,8,10.0,8.52738362305543,8.52738362305543,1.4726163769445701,0.2657335069444444,0.7019673585891724,2.6416215503298544,0.7023356556892395,6.272628137053149,0.16095717774931373,2.360495749737927,0.021920812030998604,0.0
ketone,roi_masked,5,ketone_08_c10_wB02,8,10.0,10.191074555449758,10.0,0.0,0.2722439236111111,0.7345864176750183,2.6982656139071217,0.7348833084106445,7.978588946333206,0.059600116798728564,2.9306765934398897,0.008189573228225474,0.0
ketone,roi_masked,5,ketone_08_c10_wB05,8,10.0,10.849400592154813,10.0,0.0,0.2739800347222222,0.7331103682518005,2.6757802589340964,0.7333776950836182,8.60929402542569,0.07755056949451422,3.142307078745472,0.010681602876422704,1.7763568394002505e-15
ketone,roi_masked,5,ketone_08_c10_wB09,8,10.0,9.758122122857163,9.758122122857165,0.24187787714283537,0.2722439236111111,0.7378456592559814,2.7102373836999303,0.7381592392921448,7.523842355025371,0.06621840853814298,2.76364014124806,0.009098983943454984,1.7763568394002505e-15
ketone,roi_masked,5,ketone_08_c10_wC11,8,10.0,9.68611704461292,9.68611704461292,0.3138829553870792,0.2700737847222222,0.7382165789604187,2.7333885061065564,0.7385360598564148,7.5449080630513325,0.023890379614622148,2.79364695496509,0.0032729855586198565,0.0
ketone,roi_masked,5,ketone_08_c10_wD01,8,10.0,10.08170778859151,10.0,0.0,0.2739800347222222,0.7376677393913269,2.6924142123685026,0.7379683256149292,7.908389631280723,0.06610386893704678,2.8864839145300256,0.009104965716990333,0.0
ketone,roi_masked,5,ketone_08_c10_wD04,8,10.0,9.792003259508272,9.792003259508272,0.207996740491728,0.2735460069444444,0.7436352372169495,2.71850152566101,0.7439557909965515,7.658156749405105,0.03963392844702618,2.799586378521121,0.005455807088391236,0.0
ketone,roi_masked,5,ketone_08_c10_wD06,8,10.0,9.816509894441468,9.816509894441468,0.18349010555853162,0.2687717013888889,0.7334776520729065,2.728998805613204,0.7337853908538818,7.5825481353261015,0.1141516183632092,2.8211854507535468,0.015610941012543938,0.0
ketone,roi_masked,5,ketone_08_c10_wD08,8,10.0,10.09628658260713,10.0,0.0,0.2744140625,0.739898681640625,2.696285587188612,0.7402020692825317,7.895340863507829,0.044896297162191345,2.877163360936661,0.006187591964210489,0.0
ketone,roi_masked,5,ketone_08_c10_wE01,8,10.0,10.163104307508757,10.0,0.0,0.2666015625,0.7261881828308105,2.7238706931089745,0.7264840602874756,7.944794647033722,0.14389964997193516,2.980025537934993,0.019620937626000215,0.0
ketone,roi_masked,5,ketone_08_c10_wE05,8,10.0,10.18395051490832,10.0,0.0,0.2718098958333333,0.7377761006355286,2.714309198984843,0.7380750179290771,7.984769371124855,0.071141191534565,2.937630120730007,0.009769590540642989,0.0
ketone,roi_masked,5,ketone_08_c10_wE06,8,10.0,8.714858331692403,8.714858331692403,1.2851416683075971,0.2687717013888889,0.7170374393463135,2.667830860321205,0.717404305934906,6.558744506436456,0.0625454784424182,2.4402660222575046,0.008553481663827365,0.0
ketone,roi_masked,5,ketone_08_c10_wE09,8,10.0,10.361812769839187,10.0,0.0,0.2705078125,0.7351363897323608,2.717616112223601,0.735428512096405,8.144431122118107,0.08139813215106528,3.010793310125972,0.011158191073988067,1.7763568394002505e-15
ketone,roi_masked,5,ketone_08_c10_wF03,8,10.0,10.089752179026265,10.0,0.0,0.2679036458333333,0.7290608882904053,2.7213548588434087,0.72935950756073,7.844804852157668,0.131993984393171,2.9282187734906877,0.01802959182106809,0.0
ketone,roi_masked,5,ketone_08_c10_wG10,8,10.0,9.869688534026611,9.869688534026611,0.1303114659733886,0.2705078125,0.7403151988983154,2.736760879681859,0.7406376600265503,7.662854486283881,0.08440519998830354,2.8327664238103587,0.011570404924768785,0.0
ketone,roi_masked,5,ketone_08_c10_wH03,8,10.0,10.101153709036822,10.0,0.0,0.2722439236111111,0.7355605959892273,2.70184394286039,0.7358553409576416,7.881393070776154,0.054454707535386504,2.894974832214948,0.007482549346147638,0.0
ketone,roi_masked,5,ketone_08_c10_wH08,8,10.0,9.801482621424372,9.801482621424372,0.19851737857562846,0.2731119791666667,0.7489831447601318,2.7424031236032476,0.7493096590042114,7.668125652164711,0.04425423010252416,2.807685578480333,0.006088177110387561,0.0
ketone,roi_masked,5,ketone_08_c10_wH11,8,10.0,9.989455819311187,9.989455819311187,0.010544180688812688,0.2735460069444444,0.7498435378074646,2.7411971616158644,0.7501724362373352,7.835253272821425,0.04369847105213509,2.864327416196837,0.006015311564099731,0.0
ketone,full_patch,1,ketone_01_c0_wA06,1,0.0,0.1534826822077227,0.1534826822077227,0.1534826822077227,0.2722439236111111,0.4119948148727417,1.5133296986318006,0.0,0.4174999663087164,0.65820012447297,0.15335510918697212,0.09044240863490223,0.0
ketone,full_patch,1,ketone_01_c0_wA11,1,0.0,0.12045301200449784,0.1204530120044978,0.1204530120044978,0.2709418402777778,0.4386084973812103,1.6188289594974907,0.0,0.4471099123448167,0.6509262331195601,0.16502062283419425,0.08928316958520414,4.163336342344337e-17
ketone,full_patch,1,ketone_01_c0_wA12,1,0.0,0.3519810030281344,0.3519810030281344,0.3519810030281344,0.2735460069444444,0.4008762538433075,1.4654801885838644,0.0,0.3426681614521224,0.5673294184344794,0.1252689320088362,0.0780957120282623,0.0
ketone,full_patch,1,ketone_01_c0_wC01,1,0.0,0.0014117491086497406,0.0014117491086497,0.0014117491086497,0.2752821180555556,0.43040019273757935,1.5634876532398625,0.0,0.4291638351837016,0.6970251913246098,0.15589964150780425,0.09617883161023515,4.0549161250957866e-17
ketone,full_patch,1,ketone_01_c0_wC03,1,0.0,-0.003196374011391538,0.0,0.0,0.2744140625,0.41174405813217163,1.5004480979620773,0.0,0.4096112181348606,0.720183334092041,0.1492675755765471,0.09925541508886272,3.8163916471489756e-17
ketone,full_patch,1,ketone_01_c0_wC09,1,0.0,-0.0017676092135063088,0.0,0.0,0.2679036458333333,0.4054241478443146,1.5133207559875266,0.0,0.40148094422254876,0.7359176334390284,0.14986020178027581,0.10052196398064452,8.890457814381136e-18
ketone,full_patch,1,ketone_01_c0_wD02,1,0.0,-0.009400851243383645,0.0,0.0,0.2687717013888889,0.40483683347702026,1.506247984386039,0.0,0.3928645266776854,0.7291956825901877,0.14617034630042586,0.09972202716651092,4.5102810375396984e-17
ketone,full_patch,1,ketone_01_c0_wD03,1,0.0,-0.018654645137652144,0.0,0.0,0.2739800347222222,0.4095773994922638,1.4949169559289914,0.0,0.4104802264958756,0.7290330215565961,0.14982121851033625,0.10041501011307113,4.5102810375396984e-17
ketone,full_patch,1,ketone_01_c0_wE02,1,0.0,-0.030786254502672625,0.0,0.0,0.2666015625,0.3980675935745239,1.4931180066678114,0.0,0.3971334496202113,0.7562500503576836,0.14896141113959577,0.10311585240562822,2.42861286636753e-17
ketone,full_patch,1,ketone_01_c0_wE03,1,0.0,-0.03926698139362992,0.0,0.0,0.2661675347222222,0.37986108660697937,1.427150335984477,0.0,0.38473596306296354,0.7625265877931486,0.14454654038272613,0.10391017348960015,2.0816681711721685e-17
ketone,full_patch,1,ketone_01_c0_wE08,1,0.0,0.018672175124468112,0.0186721751244681,0.0186721751244681,0.2752821180555556,0.42592960596084595,1.5472476344245787,0.0,0.4177440133887419,0.7001010371889371,0.1517512348202856,0.09660325136597163,1.0408340855860843e-17
ketone,full_patch,1,ketone_01_c0_wE10,1,0.0,0.0004030139863970139,0.000403013986397,0.000403013986397,0.2722439236111111,0.4067821800708771,1.494182770638981,0.0,0.39528395946240596,0.7280974974725428,0.14519477761680086,0.10004691421957589,1.3877787807814457e-17
ketone,full_patch,1,ketone_01_c0_wE11,1,0.0,-0.0371368441527317,0.0,0.0,0.2722439236111111,0.38049376010894775,1.397620762520551,,0.37934210275929015,0.7656277884876858,0.13933905217336065,0.10520390187419879,0.0
ketone,full_patch,1,ketone_01_c0_wF01,1,0.0,-4.1399206715881427e-05,0.0,0.0,0.2705078125,0.42870453000068665,1.5848138581974842,0.0,0.41587718653780714,0.7008564996711468,0.15373943646740598,0.09607457237794569,6.776263578034403e-21
ketone,full_patch,1,ketone_01_c0_wF12,1,0.0,0.01955066542186738,0.0195506654218673,0.0195506654218673,0.2700737847222222,0.4200001358985901,1.555131077718524,0.0,0.4187900176860216,0.7111740659680457,0.15506503828824328,0.09743095275697204,7.979727989493313e-17
ketone,full_patch,1,ketone_01_c0_wG06,1,0.0,-0.1104437179595766,0.0,0.0,0.2705078125,0.3402913212776184,1.257972249055167,,0.3538199898148487,0.8410720808769628,0.13079843666801627,0.11529555700374966,0.0
ketone,full_patch,1,ketone_01_c0_wG09,1,0.0,-0.009611514697254589,0.0,0.0,0.2700737847222222,0.40677663683891296,1.506168535599607,0.0,0.4113313391605335,0.7390611619484801,0.15230331947382392,0.10125148905183876,8.847089727481716e-17
ketone,full_patch,1,ketone_01_c0_wG11,1,0.0,-0.01643848145031745,0.0,0.0,0.2666015625,0.3861387073993683,1.448373759622539,0.0,0.38643223136568566,0.7650455315564936,0.144947474329107,0.10431512973553254,5.204170427930421e-17
ketone,full_patch,1,ketone_01_c0_wG12,1,0.0,0.012124386580316157,0.0121243865803161,0.0121243865803161,0.2705078125,0.4118575155735016,1.5225346424089012,0.0,0.41924858726370795,0.7275122193360263,0.1549857593350314,0.09972858267738835,5.724587470723463e-17
ketone,full_patch,1,ketone_01_c0_wH05,1,0.0,-0.04226668437811903,0.0,0.0,0.2700737847222222,0.3743593692779541,1.38613738339318,0.0,0.39194072912267414,0.8019098655074608,0.14512357410986604,0.10986177078217271,2.7755575615628914e-17
ketone,full_patch,1,ketone_02_c0.01_wA06,2,0.01,0.04956900343762468,0.0495690034376246,0.039569003437624595,0.2739800347222222,0.46346840262413025,1.6916137816174197,0.0,0.45466086321820115,0.6443028810917028,0.1659467134819383,0.08874451281035917,8.326672684688674e-17
ketone,full_patch,1,ketone_02_c0.01_wA11,2,0.01,-0.005310505309220262,0.0,0.01,0.2752821180555556,0.4434790313243866,1.6109983258516147,0.0,0.4631425904626371,0.6950595118933506,0.16824288977941124,0.09590759786808084,6.245004513516506e-17
ketone,full_patch,1,ketone_02_c0.01_wA12,2,0.01,0.30947818224289336,0.3094781822428933,0.2994781822428933,0.2657335069444444,0.35330724716186523,1.3295547528965905,0.0,0.30036670014619915,0.6143626151592521,0.11303305465689555,0.08367025064737206,5.551115123125783e-17
ketone,full_patch,1,ketone_02_c0.01_wC01,2,0.01,-3.4634534514122824e-05,0.0,0.01,0.2696397569444444,0.41860657930374146,1.5524660904882421,0.0,0.43639980836972414,0.7477611908525919,0.16184549834750014,0.1023825157465085,0.0
ketone,full_patch,1,ketone_02_c0.01_wC03,2,0.01,-0.010557830390324457,0.0,0.01,0.2739800347222222,0.428108274936676,1.562552816560953,0.0,0.4138814434372342,0.6966226408158345,0.1510626290185169,0.09595089310654208,5.724587470723463e-17
ketone,full_patch,1,ketone_02_c0.01_wC09,2,0.01,-0.0398444076712361,0.0,0.01,0.2739800347222222,0.4069983959197998,1.4855038482363863,0.0,0.40400994549970026,0.7364864927011301,0.14745963000892032,0.10144163079858938,0.0
ketone,full_patch,1,ketone_02_c0.01_wD02,2,0.01,-0.008724191721203173,0.0,0.01,0.2735460069444444,0.4255465269088745,1.5556671130472781,0.0,0.41473055702400663,0.7026113982897534,0.15161272564590425,0.09671794841879564,7.28583859910259e-17
ketone,full_patch,1,ketone_02_c0.01_wD03,2,0.01,-0.01129652775371891,0.0,0.01,0.2687717013888889,0.41909751296043396,1.559306693356221,0.0,0.40737055824680013,0.7088917438891833,0.15156750362545457,0.09694533776053885,1.0408340855860843e-17
ketone,full_patch,1,ketone_02_c0.01_wE02,2,0.01,0.04080411903481342,0.0408041190348134,0.0308041190348134,0.2687717013888889,0.44446662068367004,1.653695751401172,0.0,0.4351479405569097,0.667859164468189,0.16190243924798062,0.09133387831635005,2.0816681711721685e-17
ketone,full_patch,1,ketone_02_c0.01_wE03,2,0.01,-0.024142100450375972,0.0,0.01,0.2700737847222222,0.41283589601516724,1.5286041051328974,0.0,0.4031678996361142,0.7220223987945756,0.14928064937912533,0.09891717596686203,7.28583859910259e-17
ketone,full_patch,1,ketone_02_c0.01_wE08,2,0.01,-0.04902349949035919,0.0,0.01,0.2666015625,0.38726502656936646,1.4525984879378433,0.0,0.386196792904171,0.7661389145854433,0.14485916334574034,0.1044642141858181,9.020562075079397e-17
ketone,full_patch,1,ketone_02_c0.01_wE10,2,0.01,0.00892218555067215,0.0089221855506721,0.0010778144493278994,0.2722439236111111,0.4384601414203644,1.6105415158748817,0.0,0.4357798311222555,0.685517444877365,0.1600696262902633,0.09419604550454445,4.85722573273506e-17
ketone,full_patch,1,ketone_02_c0.01_wE11,2,0.01,-0.019451874258910557,0.0,0.01,0.2648654513888889,0.41060250997543335,1.5502305333607511,0.0,0.4075283282854645,0.7356802679735016,0.1538623954722999,0.10007423394308178,5.551115123125783e-17
ketone,full_patch,1,ketone_02_c0.01_wF01,2,0.01,-0.012348799540580827,0.0,0.01,0.2744140625,0.424965500831604,1.5486287290091192,0.0,0.42431068565965424,0.7121688441944578,0.15462424986316228,0.09815086089570993,2.7755575615628914e-17
ketone,full_patch,1,ketone_02_c0.01_wF12,2,0.01,0.019663587006738894,0.0196635870067388,0.0096635870067388,0.2648654513888889,0.410200297832489,1.548711980673584,0.0,0.42770730172614596,0.7349683637771419,0.1614809706148366,0.09997739395675483,9.367506770274758e-17
ketone,full_patch,1,ketone_02_c0.01_wG06,2,0.01,-0.06446742331396277,0.0,0.01,0.2674696180555556,0.36584794521331787,1.3678112223472363,0.0,0.3724993107046206,0.7995127090151333,0.13926789644842932,0.10914396572779542,6.938893903907228e-17
ketone,full_patch,1,ketone_02_c0.01_wG09,2,0.01,0.015788259043445687,0.0157882590434456,0.0057882590434456,0.2752821180555556,0.4403919577598572,1.599784108283344,0.0,0.44112805636469504,0.6841391362961107,0.16024580872909064,0.09440075280887791,8.673617379884035e-17
ketone,full_patch,1,ketone_02_c0.01_wG11,2,0.01,0.013977870386333998,0.0139778703863339,0.0039778703863339,0.2674696180555556,0.42600736021995544,1.5927317776012613,0.0,0.4166114974242925,0.7056163692855115,0.15576030670435212,0.09632588445171492,9.71445146547012e-17
ketone,full_patch,1,ketone_02_c0.01_wG12,2,0.01,0.022355192078076062,0.022355192078076,0.012355192078076,0.2657335069444444,0.40159061551094055,1.5112532105140173,0.0,0.4244325605340651,0.7552879671582831,0.1597211301707613,0.10286292160973455,6.245004513516506e-17
ketone,full_patch,1,ketone_02_c0.01_wH05,2,0.01,-0.027025237064830055,0.0,0.01,0.2744140625,0.39239513874053955,1.4299381568338523,0.0,0.4164854843756579,0.7746937977371424,0.15177264626358497,0.1067680281134366,5.551115123125783e-17
ketone,full_patch,1,ketone_03_c0.05_wA06,3,0.05,-0.01896259374129895,0.0,0.05,0.2705078125,0.45573681592941284,1.6847454856018726,0.0,0.4814873628138085,0.6475124034008739,0.17799388430373284,0.0887620751114451,4.85722573273506e-17
ketone,full_patch,1,ketone_03_c0.05_wA11,3,0.05,0.02317676369708229,0.0231767636970822,0.026823236302917802,0.2718098958333333,0.48283976316452026,1.7763877274747382,0.0,0.49575075987053935,0.6189301727447099,0.1823887825535685,0.08499568576985912,9.020562075079397e-17
ketone,full_patch,1,ketone_03_c0.05_wA12,3,0.05,0.1638871669799288,0.1638871669799288,0.1138871669799288,0.2705078125,0.5690907835960388,2.1037868678784974,0.0,0.5925395714831344,0.46904422562128156,0.21904711956632839,0.06429736104902173,0.0
ketone,full_patch,1,ketone_03_c0.05_wC01,3,0.05,0.09924844472629289,0.0992484447262928,0.04924844472629279,0.2752821180555556,0.5143297910690308,1.8683734152511577,0.0,0.5113158036236747,0.5576440522851029,0.18574246930215949,0.07694636301631246,9.71445146547012e-17
ketone,full_patch,1,ketone_03_c0.05_wC03,3,0.05,0.058773359043184974,0.0587733590431849,0.008773359043184895,0.2679036458333333,0.46229037642478943,1.7255844913450222,0.0,0.44240772388645405,0.6487745837442354,0.16513688065360715,0.0886187426083722,7.632783294297951e-17
ketone,full_patch,1,ketone_03_c0.05_wC09,3,0.05,0.020324436755517677,0.0203244367555176,0.0296755632444824,0.2752821180555556,0.475605309009552,1.7277014299692672,0.0,0.46891069170327015,0.6255254803821292,0.1703382315623704,0.08631296342568802,7.632783294297951e-17
ketone,full_patch,1,ketone_03_c0.05_wD02,3,0.05,0.06243952601877121,0.0624395260187712,0.0124395260187712,0.2657335069444444,0.47830089926719666,1.7999269447311086,0.0,0.474163854499139,0.6222428175175577,0.17843585475965967,0.08474345804997506,6.938893903907228e-18
ketone,full_patch,1,ketone_03_c0.05_wD03,3,0.05,0.11195811969788377,0.1119581196978837,0.0619581196978837,0.2718098958333333,0.49461600184440613,1.8197130031928332,0.0,0.47579985979084377,0.5806234998924462,0.17504876278772125,0.07973515385201585,6.938893903907228e-17
ketone,full_patch,1,ketone_03_c0.05_wE02,3,0.05,0.0964409312686044,0.0964409312686044,0.04644093126860439,0.2679036458333333,0.4991307556629181,1.8630980332885596,0.0,0.4926194079539873,0.5921775608164263,0.1838793221427277,0.08088792649302184,0.0
ketone,full_patch,1,ketone_03_c0.05_wE03,3,0.05,0.09986786333450232,0.0998678633345023,0.0498678633345023,0.2700737847222222,0.47999104857444763,1.777258940804383,0.0,0.46325744583252065,0.5968551976769594,0.17152995664092047,0.08176925080705898,1.3877787807814457e-17
ketone,full_patch,1,ketone_03_c0.05_wE08,3,0.05,0.02843326457879199,0.0284332645787919,0.021566735421208103,0.2739800347222222,0.4592219293117523,1.6761145744701424,0.0,0.4727292771960447,0.6654468669232622,0.1725415056886633,0.09165682746323096,9.020562075079397e-17
ketone,full_patch,1,ketone_03_c0.05_wE10,3,0.05,0.11329978166741081,0.1132997816674108,0.06329978166741079,0.2679036458333333,0.48541581630706787,1.8119044807962486,0.0,0.46576343469481873,0.5932259677508445,0.1738548324887586,0.08103113263364135,1.3877787807814457e-17
ketone,full_patch,1,ketone_03_c0.05_wE11,3,0.05,0.13913275559318697,0.1391327555931869,0.08913275559318691,0.2679036458333333,0.4921911060810089,1.837194505323037,0.0,0.48129537492248975,0.5671872600315575,0.1796524169820035,0.07747440030311002,5.551115123125783e-17
ketone,full_patch,1,ketone_03_c0.05_wF01,3,0.05,0.07814294592917048,0.0781429459291704,0.028142945929170396,0.2679036458333333,0.4729824960231781,1.7654948089710853,0.0,0.45416201675746937,0.6210145886230616,0.1695243882720469,0.08482689267452402,8.326672684688674e-17
ketone,full_patch,1,ketone_03_c0.05_wF12,3,0.05,0.13469636795238452,0.1346963679523845,0.08469636795238449,0.2648654513888889,0.486864298582077,1.8381570568342571,0.0,0.48212475287607903,0.5921111446060439,0.18202628932838774,0.08054459496220369,2.7755575615628914e-17
ketone,full_patch,1,ketone_03_c0.05_wG06,3,0.05,0.038678853176330096,0.03867885317633,0.011321146823670004,0.2666015625,0.433714359998703,1.6268260243174795,0.0,0.43294449980822786,0.6964381036400958,0.16239383436030233,0.09496040188115289,9.71445146547012e-17
ketone,full_patch,1,ketone_03_c0.05_wG09,3,0.05,0.04211915613898991,0.0421191561389899,0.007880843861010102,0.2718098958333333,0.43789300322532654,1.611026713662519,0.0,0.43460196434993553,0.6832172623044436,0.1598918843692218,0.09382402457752573,6.938893903907228e-18
ketone,full_patch,1,ketone_03_c0.05_wG11,3,0.05,0.10536324291581546,0.1053632429158154,0.0553632429158154,0.2657335069444444,0.4617992341518402,1.7378283960569048,0.0,0.4455684474956728,0.6305275680763099,0.16767492087056435,0.08587176100770315,5.551115123125783e-17
ketone,full_patch,1,ketone_03_c0.05_wG12,3,0.05,0.12038519794555405,0.120385197945554,0.07038519794555399,0.2722439236111111,0.4809938669204712,1.7667753995771474,0.0,0.48343834499116023,0.6090435762731844,0.17757543991385147,0.0836878723562497,5.551115123125783e-17
ketone,full_patch,1,ketone_03_c0.05_wH05,3,0.05,0.06586986838795142,0.0658698683879514,0.015869868387951402,0.2700737847222222,0.45121660828590393,1.6707160554290441,0.0,0.49332374087837383,0.7484275711915932,0.18266257918582138,0.10253468851050576,1.3877787807814457e-17
ketone,full_patch,1,ketone_04_c0.1_wA06,4,0.1,0.09241017575423452,0.0924101757542345,0.0075898242457655,0.2739800347222222,0.5152373909950256,1.8805654635287747,0.0,0.5489963022499157,0.5681800038192216,0.20037821471426628,0.07825955634730156,1.3877787807814457e-17
ketone,full_patch,1,ketone_04_c0.1_wA11,4,0.1,0.15411734201263286,0.1541173420126328,0.054117342012632796,0.2657335069444444,0.5314399600028992,1.9998981916646466,0.0,0.533513381201885,0.5356498071033756,0.20077008252987227,0.0729503269139162,5.551115123125783e-17
ketone,full_patch,1,ketone_04_c0.1_wA12,4,0.1,0.21928523900063376,0.2192852390006337,0.1192852390006337,0.2748480902777778,0.5640457272529602,2.052209010013139,0.0,0.5310548634944624,0.49172132973977056,0.19321759265554542,0.06780942353556375,5.551115123125783e-17
ketone,full_patch,1,ketone_04_c0.1_wC01,4,0.1,0.11711462079746719,0.1171146207974671,0.01711462079746709,0.2709418402777778,0.5162702202796936,1.9054650981568506,0.0,0.5379559902024702,0.5703808372095827,0.19855035665622608,0.07823529983217017,9.71445146547012e-17
ketone,full_patch,1,ketone_04_c0.1_wC03,4,0.1,0.16823290573567476,0.1682329057356747,0.0682329057356747,0.2687717013888889,0.5513491034507751,2.05136590125246,0.0,0.5517613506762084,0.5097565533260292,0.20528997205619445,0.06971236675252537,5.551115123125783e-17
ketone,full_patch,1,ketone_04_c0.1_wC09,4,0.1,0.11570929349009015,0.1157092934900901,0.015709293490090093,0.2687717013888889,0.46045926213264465,1.7131984496626778,0.0,0.4553183216332185,0.623866219730053,0.1694070913270788,0.08531757057474652,5.551115123125783e-17
ketone,full_patch,1,ketone_04_c0.1_wD02,4,0.1,-0.004728582155752108,0.0,0.1,0.2700737847222222,0.4415590763092041,1.6349571905446465,0.0,0.4617261366345371,0.6916619711129914,0.1709629600331014,0.09475779286126548,7.806255641895632e-18
ketone,full_patch,1,ketone_04_c0.1_wD03,4,0.1,0.008173956624300038,0.0081739566243,0.09182604337570001,0.2661675347222222,0.42364323139190674,1.5916412639656798,0.0,0.4486334995579745,0.7160268046878104,0.16855305062887457,0.09757360686090287,3.8163916471489756e-17
ketone,full_patch,1,ketone_04_c0.1_wE02,4,0.1,0.017910090212904035,0.017910090212904,0.082089909787096,0.2718098958333333,0.45633161067962646,1.6788631233626499,0.0,0.48497359981810073,0.670778393190047,0.17842382019655156,0.09211583477334931,3.469446951953614e-17
ketone,full_patch,1,ketone_04_c0.1_wE03,4,0.1,0.1091225790119443,0.1091225790119443,0.009122579011944298,0.2731119791666667,0.5002261996269226,1.8315791242597212,0.0,0.5045457260685182,0.5774409119835657,0.18473950780482573,0.07944014695985285,0.0
ketone,full_patch,1,ketone_04_c0.1_wE08,4,0.1,0.18697444518693374,0.1869744451869337,0.0869744451869337,0.2705078125,0.46305564045906067,1.7118013567872856,0.0,0.42900726090222885,0.5945131979679033,0.1585932978930983,0.08149685605343146,2.7755575615628914e-17
ketone,full_patch,1,ketone_04_c0.1_wE10,4,0.1,0.2188967522838938,0.2188967522838938,0.11889675228389379,0.2657335069444444,0.49823033809661865,1.8749247839519958,0.0,0.467021383683349,0.5693043222647478,0.1757480225408634,0.07753374662319959,0.0
ketone,full_patch,1,ketone_04_c0.1_wE11,4,0.1,0.13066542950188967,0.1306654295018896,0.030665429501889607,0.2722439236111111,0.4937991797924042,1.813811574717735,0.0,0.4860461110800287,0.5905400869632782,0.17853331844215006,0.08114533236101941,5.551115123125783e-17
ketone,full_patch,1,ketone_04_c0.1_wF01,4,0.1,0.08425674821750688,0.0842567482175068,0.01574325178249321,0.2687717013888889,0.45690712332725525,1.6999822561905467,0.0,0.4640162045820378,0.6436791499914468,0.17264325157158097,0.08802711153466647,8.326672684688674e-17
ketone,full_patch,1,ketone_04_c0.1_wF12,4,0.1,0.2236538142015043,0.2236538142015043,0.12365381420150429,0.2705078125,0.49041664600372314,1.812948178728565,0.0,0.44037336756721945,0.5606775094843046,0.16279506440030062,0.07685860370976277,0.0
ketone,full_patch,1,ketone_04_c0.1_wG06,4,0.1,0.09667156753615706,0.096671567536157,0.003328432463843012,0.2705078125,0.4557872414588928,1.6849318962234883,0.0,0.48127781022178057,0.6418778155627048,0.17791641793036223,0.08798967645732393,6.938893903907228e-17
ketone,full_patch,1,ketone_04_c0.1_wG09,4,0.1,0.08763762758305803,0.087637627583058,0.012362372416942005,0.2735460069444444,0.4645221531391144,1.6981500052876155,0.0,0.5002882713845404,0.6340848601019028,0.18288999242681175,0.08728493010753004,2.7755575615628914e-17
ketone,full_patch,1,ketone_04_c0.1_wG11,4,0.1,0.10079318895548835,0.1007931889554883,0.0007931889554882998,0.2696397569444444,0.45460572838783264,1.6859744035502076,0.0,0.46468710416653475,0.6492711627598174,0.17233627171021268,0.08889738576726307,4.163336342344337e-17
ketone,full_patch,1,ketone_04_c0.1_wG12,4,0.1,0.18245069221346633,0.1824506922134663,0.08245069221346629,0.2705078125,0.4837567210197449,1.7883280950332807,0.0,0.46795109261507517,0.5844401650152511,0.17298986239633105,0.08011602797531689,2.7755575615628914e-17
ketone,full_patch,1,ketone_04_c0.1_wH05,4,0.1,0.14430988366269684,0.1443098836626968,0.04430988366269678,0.2687717013888889,0.4868050813674927,1.8112214896579784,0.0,0.5199642034776584,0.6473623547881655,0.19345943073274524,0.0885308126091072,5.551115123125783e-17
ketone,full_patch,1,ketone_05_c0.5_wA06,5,0.5,0.6796593009509371,0.6796593009509371,0.17965930095093707,0.2696397569444444,0.47360870242118835,1.7564498195226046,0.0,0.2439184823738998,0.29758054578957394,0.09046087458985355,0.0407443516564658,0.0
ketone,full_patch,1,ketone_05_c0.5_wA11,5,0.5,0.5137301365002398,0.5137301365002398,0.013730136500239798,0.2744140625,0.5657938122749329,2.061825137969862,0.0,0.3879750622014291,0.3320063254549761,0.1413830831652183,0.04575699559433318,0.0
ketone,full_patch,1,ketone_05_c0.5_wA12,5,0.5,0.4950167999847985,0.4950167999847985,0.004983200015201528,0.2735460069444444,0.4732569456100464,1.730081717866794,0.0,0.3280404597805205,0.402444015182053,0.11992149453936048,0.055398417384881264,0.0
ketone,full_patch,1,ketone_05_c0.5_wC01,5,0.5,0.3184003891059183,0.3184003891059183,0.18159961089408172,0.2713758680555556,0.5029938817024231,1.8534952474088489,0.0,0.43248378537553267,0.4905761293577394,0.15936707581051215,0.06732910808877032,0.0
ketone,full_patch,1,ketone_05_c0.5_wC03,5,0.5,0.37560971754056366,0.3756097175405636,0.1243902824594364,0.2722439236111111,0.4804515540599823,1.764783388687444,0.0,0.3704555669583412,0.47871020510360457,0.13607487066911408,0.06577893618957538,5.551115123125783e-17
ketone,full_patch,1,ketone_05_c0.5_wC09,5,0.5,0.40624554307268096,0.4062455430726809,0.0937544569273191,0.2722439236111111,0.47361838817596436,1.7396839639018284,0.0,0.3391505672911888,0.46566699112797233,0.12457599155662002,0.06398668540681964,5.551115123125783e-17
ketone,full_patch,1,ketone_05_c0.5_wD02,5,0.5,0.396218278807892,0.396218278807892,0.10378172119210799,0.2713758680555556,0.47245484590530396,1.7409611594815197,0.0,0.35639884713608844,0.47524380111288483,0.13133033887269854,0.06522482309838193,0.0
ketone,full_patch,1,ketone_05_c0.5_wD03,5,0.5,0.35685053383320575,0.3568505338332057,0.1431494661667943,0.2709418402777778,0.48766863346099854,1.7999015322293002,0.0,0.38482515907344506,0.48052104404294704,0.1420323855034389,0.06590983690876322,5.551115123125783e-17
ketone,full_patch,1,ketone_05_c0.5_wE02,5,0.5,0.42516794432711147,0.4251679443271114,0.07483205567288859,0.2679036458333333,0.48783156275749207,1.820921702054697,0.0,0.34232684087244425,0.4489262599076571,0.1277798365929707,0.06132065230930736,5.551115123125783e-17
ketone,full_patch,1,ketone_05_c0.5_wE03,5,0.5,0.404855400638446,0.404855400638446,0.095144599361554,0.2674696180555556,0.49304360151290894,1.8433630148247335,0.0,0.3563918802294623,0.45986959548900347,0.13324574313163182,0.06277822829249972,0.0
ketone,full_patch,1,ketone_05_c0.5_wE08,5,0.5,0.5072951161861707,0.5072951161861707,0.007295116186170736,0.2731119791666667,0.45108768343925476,1.6516583593866394,0.0,0.27847430680782503,0.4248698051341302,0.10196341722450995,0.05845051685499544,0.0
ketone,full_patch,1,ketone_05_c0.5_wE10,5,0.5,0.48234875923549597,0.4823487592354959,0.017651240764504084,0.2657335069444444,0.4287129044532776,1.6133189577139269,0.0,0.28049755624319866,0.46127385779235724,0.10555596073243444,0.06282104142772815,5.551115123125783e-17
ketone,full_patch,1,ketone_05_c0.5_wE11,5,0.5,0.4416402233460901,0.4416402233460901,0.0583597766539099,0.2731119791666667,0.473453551530838,1.7335510253906248,0.0,0.3293843030057819,0.4476724614096408,0.12060412143429822,0.06158754148904688,0.0
ketone,full_patch,1,ketone_05_c0.5_wF01,5,0.5,0.4038601637741568,0.4038601637741568,0.09613983622584321,0.2752821180555556,0.46180617809295654,1.6775741968091002,0.0,0.3413885605588878,0.4727264236553155,0.12401407071780488,0.06522902710596479,0.0
ketone,full_patch,1,ketone_05_c0.5_wF12,5,0.5,0.41974385512025064,0.4197438551202506,0.08025614487974941,0.2722439236111111,0.46897104382514954,1.722613447545866,0.0,0.33825720195986503,0.4598973776332766,0.12424784269677625,0.0631938904468209,5.551115123125783e-17
ketone,full_patch,1,ketone_05_c0.5_wG06,5,0.5,0.4165700029603913,0.4165700029603913,0.08342999703960868,0.2722439236111111,0.5008015036582947,1.8395323466380407,0.0,0.36277682874603073,0.43507240189887436,0.1332543345445763,0.05978272336215934,0.0
ketone,full_patch,1,ketone_05_c0.5_wG09,5,0.5,0.4048693683368995,0.4048693683368995,0.09513063166310048,0.2752821180555556,0.47441360354423523,1.7233723966352668,0.0,0.3729459616238922,0.5035248587281931,0.13547772890523413,0.06947874080010523,0.0
ketone,full_patch,1,ketone_05_c0.5_wG11,5,0.5,0.35433528443237855,0.3543352844323785,0.1456647155676215,0.2718098958333333,0.47556331753730774,1.7496173790115084,0.0,0.36679492365697125,0.49583320637961764,0.1349453898771516,0.06809117612866274,5.551115123125783e-17
ketone,full_patch,1,ketone_05_c0.5_wG12,5,0.5,0.43418475868306894,0.4341847586830689,0.06581524131693112,0.2679036458333333,0.43666934967041016,1.6299492614671933,0.0,0.30433940937624593,0.4702040484503973,0.11360032388867894,0.0642270714468484,5.551115123125783e-17
ketone,full_patch,1,ketone_05_c0.5_wH05,5,0.5,0.5459107765295401,0.5459107765295401,0.04591077652954012,0.2679036458333333,0.5199063420295715,1.940646759070284,0.021070469170808792,0.37705567168986165,0.39742996882944137,0.1407430162127892,0.05428656577341235,0.0
ketone,full_patch,1,ketone_06_c1_wA06,6,1.0,1.0184997441184303,1.0184997441184305,0.018499744118430472,0.2679036458333333,0.19198179244995117,0.7166076141023694,4.0443919715471566e-05,0.11819957138860815,0.08659351549970395,0.044120180231567954,0.011828158275459785,2.220446049250313e-16
ketone,full_patch,1,ketone_06_c1_wA11,6,1.0,1.0407405584270535,1.0407405584270537,0.04074055842705371,0.2705078125,0.22257231175899506,0.8227943943726027,0.006183858495205641,0.304468507540093,0.05381016328275212,0.11255442300399107,0.00737638650623001,2.220446049250313e-16
ketone,full_patch,1,ketone_06_c1_wA12,6,1.0,1.3751479183047595,1.3751479183047597,0.3751479183047597,0.2705078125,0.10099287331104279,0.37334549556140006,0.016349120065569878,0.6462632653470979,0.27594214495369496,0.23890743094419792,0.037826607286825124,2.220446049250313e-16
ketone,full_patch,1,ketone_06_c1_wC01,6,1.0,0.8210358283323931,0.8210358283323931,0.17896417166760692,0.2700737847222222,0.6347916722297668,2.3504379474767103,4.6292481670207053e-07,0.2294706947823535,0.0806785622173316,0.08496592700338168,0.011052975017019892,0.0
ketone,full_patch,1,ketone_06_c1_wC03,6,1.0,0.9185988371958023,0.9185988371958024,0.08140116280419762,0.2718098958333333,0.47172072529792786,1.7354803210960892,1.7881900930660777e-05,0.11688249585206512,0.10436920975849118,0.043001560150604086,0.014332687187218815,1.1102230246251565e-16
ketone,full_patch,1,ketone_06_c1_wC09,6,1.0,0.9781566305376772,0.9781566305376772,0.021843369462322793,0.2679036458333333,0.1858118176460266,0.693577039864634,0.012811020016670227,0.19021314885679552,0.1773005829473686,0.07100058241653413,0.024218203237630787,0.0
ketone,full_patch,1,ketone_06_c1_wD02,6,1.0,0.8912043212599512,0.8912043212599512,0.1087956787400488,0.2657335069444444,0.5134204626083374,1.9320877841561608,0.0,0.14117201694452364,0.10746485282923479,0.05312541070480727,0.014635674356054793,0.0
ketone,full_patch,1,ketone_06_c1_wD03,6,1.0,0.9073941602318993,0.9073941602318992,0.09260583976810077,0.2648654513888889,0.41129180788993835,1.5528329789076902,0.0,0.129602306705622,0.11433501367444299,0.048931374788980436,0.015552937063079949,1.1102230246251565e-16
ketone,full_patch,1,ketone_06_c1_wE02,6,1.0,0.8892830561511611,0.8892830561511611,0.1107169438488389,0.2731119791666667,0.5115644931793213,1.873094306372914,0.0,0.14654847421376638,0.0993325482839238,0.0536587500339321,0.013665454022759245,0.0
ketone,full_patch,1,ketone_06_c1_wE03,6,1.0,0.8796723538180815,0.8796723538180815,0.12032764618191849,0.2744140625,0.5577843189239502,2.032637518071619,4.255005023878766e-06,0.15573977889773416,0.09618416165012023,0.05675357067305331,0.01325606750063568,0.0
ketone,full_patch,1,ketone_06_c1_wE08,6,1.0,0.9045257189222993,0.9045257189222992,0.09547428107770084,0.2752821180555556,0.481600284576416,1.749478999864505,0.00014036039647180587,0.13193700727702162,0.23659120996566085,0.04792792507154242,0.032645973814096875,1.1102230246251565e-16
ketone,full_patch,1,ketone_06_c1_wE10,6,1.0,0.938332033915166,0.938332033915166,0.06166796608483405,0.2731119791666667,0.39204660058021545,1.4354793289421,0.0204025786370039,0.2880062035029647,0.21960922336924615,0.1054535229035885,0.030212249627869427,0.0
ketone,full_patch,1,ketone_06_c1_wE11,6,1.0,1.0163553795892906,1.0163553795892906,0.016355379589290564,0.2739800347222222,0.30871880054473877,1.1267930557704209,0.052760954946279526,0.34684548866924425,0.16444601102304013,0.12659516925052494,0.022650342812559225,0.0
ketone,full_patch,1,ketone_06_c1_wF01,6,1.0,0.9796976344611688,0.9796976344611688,0.020302365538831246,0.2657335069444444,0.3156491219997406,1.187840877235447,9.086865247809328e-06,0.13392971607629356,0.03728773502798255,0.05040001075374118,0.005078229141685935,0.0
ketone,full_patch,1,ketone_06_c1_wF12,6,1.0,0.9800162966918231,0.9800162966918232,0.01998370330817678,0.2657335069444444,0.3342426121234894,1.2578113161821471,0.0646374300122261,0.4249404409048223,0.16129566067032952,0.1599122541191851,0.021966910133556332,1.1102230246251565e-16
ketone,full_patch,1,ketone_06_c1_wG06,6,1.0,0.866098560493409,0.866098560493409,0.13390143950659095,0.2744140625,0.4391321539878845,1.6002538280554939,0.0002249801327707246,0.16416522010930779,0.25421395524980284,0.05982390939214633,0.03503567835475076,0.0
ketone,full_patch,1,ketone_06_c1_wG09,6,1.0,0.9356608267145201,0.93566082671452,0.06433917328548,0.2657335069444444,0.3924978971481323,1.477035777916369,0.007024725899100304,0.5198203644608166,0.12352792709428928,0.1956171694108161,0.01682330982859421,1.1102230246251565e-16
ketone,full_patch,1,ketone_06_c1_wG11,6,1.0,1.0383234198576599,1.03832341985766,0.03832341985766008,0.2657335069444444,0.2950052320957184,1.110154438135623,0.004930878523737192,1.076161750660562,0.0399099925253219,0.40497781519345616,0.005435355269888676,2.220446049250313e-16
ketone,full_patch,1,ketone_06_c1_wG12,6,1.0,1.0634971926834513,1.063497192683451,0.06349719268345111,0.2718098958333333,0.31011632084846497,1.140930943289203,0.004185848403722048,1.3189479830181043,0.0563313185865586,0.4852464914768404,0.007735798421900224,2.220446049250313e-16
ketone,full_patch,1,ketone_06_c1_wH05,6,1.0,1.0518526084250173,1.0518526084250173,0.051852608425017266,0.2718098958333333,0.22663556039333344,0.833801726381222,0.005783190950751305,0.4918496723433834,0.029307406638040767,0.18095355610046396,0.004024691693878464,0.0
ketone,full_patch,1,ketone_07_c5_wA06,7,5.0,6.173813562109697,6.173813562109697,1.1738135621096966,0.2657335069444444,0.32336315512657166,1.2168700847882747,0.32338884472846985,0.9465110508724424,3.3461238108470233,0.3561880704303973,0.4557097242613591,0.0
ketone,full_patch,1,ketone_07_c5_wA11,7,5.0,5.98279465835093,5.98279465835093,0.9827946583509304,0.2700737847222222,0.32221725583076477,1.1930712051974,0.32223793864250183,0.7954481399653606,3.0850505870341123,0.29452993402654737,0.4226523890308664,0.0
ketone,full_patch,1,ketone_07_c5_wA12,7,5.0,5.78901232855923,5.78901232855923,0.7890123285592301,0.2657335069444444,0.3326592445373535,1.2518528369359945,0.3326689898967743,0.8243013737633635,2.8453085180913913,0.3101985079870625,0.38750352154175055,0.0
ketone,full_patch,1,ketone_07_c5_wC01,7,5.0,5.489240305420731,5.489240305420731,0.48924030542073105,0.2718098958333333,0.3344382345676422,1.2304122833434694,0.3344987630844116,0.7991830270132692,2.7353572803974973,0.29402278550715727,0.37563779907827943,0.0
ketone,full_patch,1,ketone_07_c5_wC03,7,5.0,4.150271504065785,4.150271504065785,0.8497284959342153,0.2666015625,0.22393791377544403,0.8399722480075263,0.22397729754447937,0.186606579664649,2.247367706484681,0.06999455588886469,0.3064320281545025,0.0
ketone,full_patch,1,ketone_07_c5_wC09,7,5.0,4.786935711232015,4.786935711232015,0.21306428876798478,0.2666015625,0.2602214813232422,0.976068853021978,0.26025617122650146,0.17526020370860973,2.686563928608095,0.06573862585993273,0.36631710557852054,0.0
ketone,full_patch,1,ketone_07_c5_wD02,7,5.0,3.9771045537318166,3.9771045537318166,1.0228954462681834,0.2705078125,0.20010216534137726,0.7397278603233586,0.20012521743774414,0.43310189952282485,2.199385981855783,0.16010698379471938,0.3014954813146348,0.0
ketone,full_patch,1,ketone_07_c5_wD03,7,5.0,5.335866108166135,5.335866108166135,0.33586610816613494,0.2666015625,0.2664218544960022,0.999325930417239,0.2664371132850647,0.31723279854863673,3.0822599263638537,0.11899135007831649,0.4202708607984802,0.0
ketone,full_patch,1,ketone_07_c5_wE02,7,5.0,4.764022546714348,4.764022546714348,0.23597745328565178,0.2657335069444444,0.3030160069465637,1.1403003348385183,0.3030925989151001,0.31754846784162627,2.4129928270221392,0.1194988435944642,0.3286263025541013,0.0
ketone,full_patch,1,ketone_07_c5_wE03,7,5.0,4.047249850786571,4.047249850786571,0.9527501492134292,0.2679036458333333,0.20309554040431976,0.7580917376938886,0.20307227969169617,0.3773354992846816,2.293410645610697,0.1408474670476965,0.31326622958275063,0.0
ketone,full_patch,1,ketone_07_c5_wE08,7,5.0,5.538905852295424,5.538905852295424,0.5389058522954242,0.2687717013888889,0.28377702832221985,1.055829266458449,0.2837960720062256,0.3455385168035887,3.0621560216704635,0.12856209006305505,0.41876880688106527,0.0
ketone,full_patch,1,ketone_07_c5_wE10,7,5.0,5.017207197769152,5.017207197769152,0.01720719776915214,0.2700737847222222,0.2920761704444885,1.081468054164888,0.2921060621738434,0.3050770675651613,2.577153756822222,0.11296063698997696,0.35307044779059904,0.0
ketone,full_patch,1,ketone_07_c5_wE11,7,5.0,4.879630603944877,4.879630603944877,0.12036939605512309,0.2718098958333333,0.3316967785358429,1.2203263516911491,0.331757128238678,0.46046035156986864,2.270303020549366,0.16940529341588462,0.31177339647419094,0.0
ketone,full_patch,1,ketone_07_c5_wF01,7,5.0,4.302315708774061,4.302315708774061,0.6976842912259391,0.2670355902777778,0.334388792514801,1.2522255635174344,0.33449554443359375,0.3321224270194376,1.9124561036865435,0.12437384345433308,0.2609207320736519,0.0
ketone,full_patch,1,ketone_07_c5_wF12,7,5.0,4.599476336913165,4.599476336913165,0.40052366308683496,0.2657335069444444,0.2747351825237274,1.033874823249764,0.2747746407985687,0.24900492211666503,2.3522261162487985,0.09370475141801492,0.3203504638295985,0.0
ketone,full_patch,1,ketone_07_c5_wG06,7,5.0,5.133262191235398,5.133262191235398,0.1332621912353984,0.2718098958333333,0.30204054713249207,1.1112198332826535,0.3020927906036377,0.3398117563859584,2.7172714271618514,0.1250181695350496,0.3731541271453378,0.0
ketone,full_patch,1,ketone_07_c5_wG09,7,5.0,5.141510628478303,5.141510628478303,0.14151062847830342,0.2687717013888889,0.26897644996643066,1.0007617936579027,0.26900723576545715,0.2596075729608769,2.789582424364903,0.0965903670733727,0.3814926787794472,0.0
ketone,full_patch,1,ketone_07_c5_wG11,7,5.0,4.673389844192718,4.673389844192718,0.32661015580728225,0.2700737847222222,0.32237833738327026,1.1936676405480993,0.32244873046875,0.3774203745701552,2.100805546498307,0.1397471342723403,0.2878106721648342,0.0
ketone,full_patch,1,ketone_07_c5_wG12,7,5.0,4.756340691428988,4.756340691428988,0.24365930857101237,0.2718098958333333,0.2621539533138275,0.9644753827306326,0.2621539533138275,0.1807888815457357,2.447346517909911,0.06651298731838325,0.33608620934373024,0.0
ketone,full_patch,1,ketone_07_c5_wH05,7,5.0,5.065852766150904,5.065852766150904,0.06585276615090407,0.2731119791666667,0.29033133387565613,1.0630486980524618,0.29041680693626404,0.39340141177880916,2.662404927142978,0.144043997256794,0.3662744261613627,0.0
ketone,full_patch,1,ketone_08_c10_wA06,8,10.0,9.423505661833094,9.423505661833094,0.5764943381669063,0.2718098958333333,0.4075939357280731,1.4995551743193303,0.4075939357280731,3.3808846166042024,4.833342362622995,1.2438416218213308,0.6637473284746463,0.0
ketone,full_patch,1,ketone_08_c10_wA11,8,10.0,10.272559032845534,10.0,0.0,0.2744140625,0.3299170136451721,1.2022598646713745,0.3299170136451721,3.0045969441763987,6.586805877196374,1.0949136195148157,0.9077912810564047,0.0
ketone,full_patch,1,ketone_08_c10_wA12,8,10.0,11.081015157197914,10.0,0.0,0.2735460069444444,0.33935487270355225,1.240576956301443,0.33935487270355225,3.3320521601394137,7.101825702622602,1.2180957043968599,0.9776015784222538,0.0
ketone,full_patch,1,ketone_08_c10_wC01,8,10.0,8.678680011289133,8.678680011289133,1.3213199887108669,0.2687717013888889,0.39314743876457214,1.4627560741438421,0.3931921720504761,2.4664706820181745,4.401394326369074,0.9176824305805207,0.6019179420064903,0.0
ketone,full_patch,1,ketone_08_c10_wC03,8,10.0,10.263471811798832,10.0,0.0,0.2666015625,0.35717812180519104,1.3397450429615958,0.3572131395339966,2.7897896211398603,6.1661107200942595,1.0464265831674788,0.8407586387984717,0.0
ketone,full_patch,1,ketone_08_c10_wC09,8,10.0,10.692843828370382,10.0,0.0,0.2735460069444444,0.3612190783023834,1.32050576185433,0.3612190783023834,3.2996797267317692,6.473676328939105,1.2062613392130104,0.8911336974981746,0.0
ketone,full_patch,1,ketone_08_c10_wD02,8,10.0,9.144314457054536,9.144314457054536,0.855685542945464,0.2648654513888889,0.36712560057640076,1.3860833817747273,0.3671700358390808,2.3931860567014915,5.127742243003558,0.9035478368931155,0.697524317513222,0.0
ketone,full_patch,1,ketone_08_c10_wD03,8,10.0,11.58372842553992,10.0,0.0,0.2722439236111111,0.3382425904273987,1.2424247562291377,0.33827275037765503,3.1180447709201786,7.321706373355094,1.1453128979195044,1.0060659898142323,0.0
ketone,full_patch,1,ketone_08_c10_wE02,8,10.0,10.311981590785717,10.0,0.0,0.2687717013888889,0.35494494438171387,1.320618735333821,0.35497206449508667,2.7655891833187436,6.097691707493379,1.028973351371237,0.8338971179145122,0.0
ketone,full_patch,1,ketone_08_c10_wE03,8,10.0,9.713904177816966,9.713904177816966,0.2860958221830341,0.2700737847222222,0.339150071144104,1.2557682023559915,0.33918747305870056,2.320308199316699,5.83905434118951,0.8591386245441021,0.7999513127456894,0.0
ketone,full_patch,1,ketone_08_c10_wE08,8,10.0,11.77138696148908,10.0,0.0,0.2661675347222222,0.33372238278388977,1.2538057398028244,0.33373796939849854,3.1910502267599465,7.608686450875881,1.1988878471186168,1.0368424416867088,0.0
ketone,full_patch,1,ketone_08_c10_wE10,8,10.0,10.710110227487029,10.0,0.0,0.2657335069444444,0.3572175204753876,1.3442697708048885,0.3572175204753876,3.1843462439980996,6.396907745529219,1.1983231925147606,0.871197011715639,0.0
ketone,full_patch,1,ketone_08_c10_wE11,8,10.0,9.563578101734771,9.563578101734771,0.4364218982652286,0.2666015625,0.363775372505188,1.3644907745249542,0.363775372505188,2.8825552458233004,5.533218937733028,1.0812221874443442,0.7544628751316406,0.0
ketone,full_patch,1,ketone_08_c10_wF01,8,10.0,10.649803461016743,10.0,0.0,0.2657335069444444,0.3607708513736725,1.357641554209786,0.36082345247268677,3.076641700546448,6.316676644946187,1.1577921564816687,0.8602703112135963,0.0
ketone,full_patch,1,ketone_08_c10_wF12,8,10.0,7.967898437531282,7.967898437531282,2.0321015624687178,0.2700737847222222,0.37714889645576477,1.3964661429233942,0.37714889645576477,2.390401872673616,4.130854934988454,0.8850921518103674,0.5659277401643169,0.0
ketone,full_patch,1,ketone_08_c10_wG06,8,10.0,10.117352299554277,10.0,0.0,0.2657335069444444,0.357703298330307,1.3460978347946548,0.3577200472354889,2.8430615214773844,5.8847684654884835,1.0698919959957363,0.8014485913690241,0.0
ketone,full_patch,1,ketone_08_c10_wG09,8,10.0,9.629950767709705,9.629950767709705,0.3700492322902953,0.2666015625,0.35616469383239746,1.3359437600160255,0.35616469383239746,2.5998524537319962,5.684021254992749,0.9751827518760308,0.7750250020123269,0.0
ketone,full_patch,1,ketone_08_c10_wG11,8,10.0,10.003019452601366,10.0,0.0,0.2718098958333333,0.35121965408325195,1.2921518291541918,0.35121965408325195,2.675424723450716,5.940425887489185,0.9842999701126468,0.8157795407405799,0.0
ketone,full_patch,1,ketone_08_c10_wG12,8,10.0,8.906426265047521,8.906426265047521,1.0935737349524786,0.2687717013888889,0.3517526388168335,1.3087413481372376,0.35177701711654663,2.1434375064212308,5.089059774196705,0.7974937448194616,0.695960452277739,0.0
ketone,full_patch,1,ketone_08_c10_wH05,8,10.0,9.734507944540603,9.734507944540605,0.26549205545939536,0.2657335069444444,0.35920020937919617,1.3517309635110952,0.35923582315444946,2.8335703089087065,5.64581359101619,1.066320292646086,0.768905246856882,1.7763568394002505e-15
ketone,full_patch,2,ketone_01_c0_wA04,1,0.0,-0.02242066605419213,0.0,0.0,0.2700737847222222,0.45841675996780396,1.6973759983379997,,0.8889578756210215,1.0400674708352182,0.32915370758229545,0.14248939811531694,2.7755575615628914e-17
ketone,full_patch,2,ketone_01_c0_wB04,1,0.0,-0.053882556940592075,0.0,0.0,0.2705078125,0.4357735514640808,1.6109462696722698,,0.8319399412026462,1.04971138260078,0.3075474728489205,0.14389617881970532,7.632783294297951e-17
ketone,full_patch,2,ketone_01_c0_wB08,1,0.0,-0.04224851960597853,0.0,0.0,0.2657335069444444,0.44311171770095825,1.667504120184578,0.0,0.8623956783220199,1.0485153713787672,0.3245340372158324,0.14279766015408185,2.7755575615628914e-17
ketone,full_patch,2,ketone_01_c0_wB10,1,0.0,0.09962148056835818,0.0996214805683581,0.0996214805683581,0.2700737847222222,0.4841249883174896,1.7925656457750039,,0.8625750497571876,0.8927887009767084,0.31938496016722545,0.1223121847510234,8.326672684688674e-17
ketone,full_patch,2,ketone_01_c0_wB12,1,0.0,0.058005896029825976,0.0580058960298259,0.0580058960298259,0.2709418402777778,0.4622059464454651,1.7059231087070108,0.0,0.8578543242965027,1.0004344498322149,0.3166193613422735,0.13722285890242136,7.632783294297951e-17
ketone,full_patch,2,ketone_01_c0_wC04,1,0.0,-0.02187277151866507,0.0,0.0,0.2700737847222222,0.45137983560562134,1.6713204358944984,,0.850216367956834,1.014972610521038,0.3148089211366084,0.13905139852180595,6.938893903907228e-17
ketone,full_patch,2,ketone_01_c0_wC08,1,0.0,0.14800175781531144,0.1480017578153114,0.1480017578153114,0.2722439236111111,0.48112133145332336,1.7672435993120081,0.0,0.8385328245094228,0.8372209629338359,0.30800791194415467,0.11504142529295112,2.7755575615628914e-17
ketone,full_patch,2,ketone_01_c0_wC12,1,0.0,-0.035483423589102614,0.0,0.0,0.2648654513888889,0.438260942697525,1.654654997091516,,0.8581420848788348,1.0884445216145349,0.3239917023450775,0.14806058614316683,1.3877787807814457e-17
ketone,full_patch,2,ketone_01_c0_wD07,1,0.0,0.017404632254525154,0.0174046322545251,0.0174046322545251,0.2657335069444444,0.4513721168041229,1.69858939504565,0.0,0.8526207921358382,0.992779756191682,0.32085558270003617,0.13520700802515948,5.551115123125783e-17
ketone,full_patch,2,ketone_01_c0_wE07,1,0.0,-0.04969803007025142,0.0,0.0,0.2718098958333333,0.45094436407089233,1.659043217276385,0.0,0.8755216544571836,1.03021847672051,0.3221080865260441,0.14147658294525733,2.0816681711721685e-17
ketone,full_patch,2,ketone_01_c0_wF02,1,0.0,-0.07527665887568213,0.0,0.0,0.2687717013888889,0.43019595742225647,1.600599896489106,,0.8157102040282629,1.0683680284005093,0.3034955688463654,0.14610594672412958,2.7755575615628914e-17
ketone,full_patch,2,ketone_01_c0_wF05,1,0.0,-0.07056399958408832,0.0,0.0,0.2666015625,0.4113391637802124,1.5428985483917124,0.0,0.7892059823196049,1.0880338527806739,0.2960245149799544,0.14835508192375635,2.7755575615628914e-17
ketone,full_patch,2,ketone_01_c0_wF06,1,0.0,-0.214987345584277,0.0,0.0,0.2731119791666667,0.40387076139450073,1.4787735149033447,0.0,0.8443600267152074,1.2025311064894468,0.3091625747400616,0.16543553780275777,0.0
ketone,full_patch,2,ketone_01_c0_wF10,1,0.0,0.10521920026349507,0.105219200263495,0.105219200263495,0.2687717013888889,0.4169737994670868,1.5514051416587291,,0.6937216974301699,0.9345336467020422,0.25810816162763206,0.1278032658852355,6.938893903907228e-17
ketone,full_patch,2,ketone_01_c0_wG03,1,0.0,-0.019489420206412422,0.0,0.0,0.2739800347222222,0.4291451573371887,1.5663373346612006,,0.7733192589858291,1.0179025456163402,0.28225387290350107,0.14020310656703322,2.0816681711721685e-17
ketone,full_patch,2,ketone_01_c0_wH01,1,0.0,-0.14488285843217197,0.0,0.0,0.2739800347222222,0.43013426661491394,1.569947485593286,,0.8455782199022215,1.1305560747250687,0.3086276782027277,0.1557196948836681,5.551115123125783e-17
ketone,full_patch,2,ketone_01_c0_wH02,1,0.0,-0.07197779737156651,0.0,0.0,0.2722439236111111,0.42879894375801086,1.5750542310377953,,0.8115169051990354,1.065169389047353,0.29808448777657676,0.1463635170636709,1.3877787807814457e-17
ketone,full_patch,2,ketone_01_c0_wH04,1,0.0,0.022720036031466773,0.0227200360314667,0.0227200360314667,0.2722439236111111,0.44008561968803406,1.616512184553576,,0.7865854856360679,0.9866975622154983,0.28892673717106426,0.13558080711760898,7.28583859910259e-17
ketone,full_patch,2,ketone_01_c0_wH06,1,0.0,-0.26784253178885775,0.0,0.0,0.2722439236111111,0.399692565202713,1.468141363454844,0.0,0.928595030535684,1.3303500417609608,0.3410893503952517,0.18280163985193107,5.551115123125783e-17
ketone,full_patch,2,ketone_02_c0.01_wA04,2,0.01,-0.20815792186889803,0.0,0.01,0.2722439236111111,0.4180185794830322,1.5354560496275906,,0.870637185763945,1.1704103104154011,0.31980041068156706,0.16082453288785356,2.7755575615628914e-17
ketone,full_patch,2,ketone_02_c0.01_wB04,2,0.01,0.07075185477367585,0.0707518547736758,0.060751854773675805,0.2705078125,0.45411941409111023,1.6787663538963786,,0.7741756844890981,0.8995370596927197,0.28619346603495904,0.12331003335011312,4.163336342344337e-17
ketone,full_patch,2,ketone_02_c0.01_wB08,2,0.01,0.05307323197626701,0.053073231976267,0.043073231976267,0.2648654513888889,0.4368988871574402,1.649512553888967,,0.756631060925719,0.9455405393898071,0.2856661965379527,0.12862142599286291,6.938893903907228e-18
ketone,full_patch,2,ketone_02_c0.01_wB10,2,0.01,-0.009671279188478543,0.0,0.01,0.2679036458333333,0.42668619751930237,1.5926852962081373,,0.7597485344523938,1.001030237246721,0.2835902184493018,0.13673476606589272,4.336808689942018e-17
ketone,full_patch,2,ketone_02_c0.01_wB12,2,0.01,0.3461887423139889,0.3461887423139889,0.3361887423139889,0.2700737847222222,0.40862709283828735,1.5130202039363827,,0.6343595326196347,0.8567599468050402,0.23488378676667557,0.11737624007366211,0.0
ketone,full_patch,2,ketone_02_c0.01_wC04,2,0.01,0.13342780350114536,0.1334278035011453,0.12342780350114531,0.2705078125,0.4553622305393219,1.6833607367229806,,0.7393241876963055,0.8439165890694127,0.27330973581264145,0.11568548690857815,5.551115123125783e-17
ketone,full_patch,2,ketone_02_c0.01_wC08,2,0.01,-0.0074948251134179245,0.0,0.01,0.2657335069444444,0.4324909746646881,1.6275364730542123,,0.7768636345116615,1.0074669393544673,0.2923468867153725,0.13720726042693618,2.42861286636753e-17
ketone,full_patch,2,ketone_02_c0.01_wC12,2,0.01,0.3139565322793696,0.3139565322793696,0.3039565322793696,0.2718098958333333,0.41321346163749695,1.5202296456890907,,0.6230946233480619,0.9166847269096934,0.22923912370362232,0.12588535901057568,0.0
ketone,full_patch,2,ketone_02_c0.01_wD07,2,0.01,-0.026935099240366966,0.0,0.01,0.2718098958333333,0.4529753029346466,1.6665151264853106,,0.824204081735632,0.9893117067908761,0.303228136418187,0.1358589880760649,6.591949208711867e-17
ketone,full_patch,2,ketone_02_c0.01_wE07,2,0.01,-0.06400801900090469,0.0,0.01,0.2731119791666667,0.4512996971607208,1.6524346480068346,,0.854029851048975,1.028625005016523,0.31270318264868313,0.14151079334575725,9.71445146547012e-17
ketone,full_patch,2,ketone_02_c0.01_wF02,2,0.01,0.0792281885632713,0.0792281885632713,0.0692281885632713,0.2705078125,0.4544326961040497,1.679924479460458,0.0,0.7778875338506888,0.9023095028365145,0.28756564428270953,0.1236900844584459,0.0
ketone,full_patch,2,ketone_02_c0.01_wF05,2,0.01,-0.11288194579624555,0.0,0.01,0.2657335069444444,0.4060424566268921,1.528006239392992,,0.7949787378840232,1.1173557890071513,0.2991639056079689,0.15217305972350978,5.551115123125783e-17
ketone,full_patch,2,ketone_02_c0.01_wF06,2,0.01,0.031978384914464364,0.0319783849144643,0.0219783849144643,0.2709418402777778,0.467343270778656,1.7248840943116113,,0.851654061770245,0.9519464892278924,0.31433095047154896,0.13057209175062148,6.245004513516506e-17
ketone,full_patch,2,ketone_02_c0.01_wF10,2,0.01,-0.03054128178686133,0.0,0.01,0.2657335069444444,0.43761634826660156,1.6468241182625563,,0.8132410488423014,1.028657068038661,0.3060363211976582,0.14009315116069604,3.122502256758253e-17
ketone,full_patch,2,ketone_02_c0.01_wG03,2,0.01,-0.09292422692208913,0.0,0.01,0.2735460069444444,0.4365186095237732,1.5957776697227664,,0.8622871883477417,1.1656646806576463,0.31522565362208604,0.16045953244123776,2.7755575615628914e-17
ketone,full_patch,2,ketone_02_c0.01_wH01,2,0.01,-0.04633484086763229,0.0,0.01,0.2657335069444444,0.4327234923839569,1.6284114764436697,,0.8585363188931721,1.107415143046143,0.3230816951784188,0.1508192398154759,9.020562075079397e-17
ketone,full_patch,2,ketone_02_c0.01_wH02,2,0.01,-0.027796969407772654,0.0,0.01,0.2705078125,0.4357665479183197,1.6109203793081566,,0.8751419395472102,1.1170047089974522,0.3235181754860445,0.15312085970728126,5.204170427930421e-17
ketone,full_patch,2,ketone_02_c0.01_wH04,2,0.01,-0.037657256159208785,0.0,0.01,0.2687717013888889,0.43274909257888794,1.610099167221248,,0.8247624622909775,1.0494573991015177,0.30686357902598504,0.14351980101082634,8.326672684688674e-17
ketone,full_patch,2,ketone_02_c0.01_wH06,2,0.01,-0.15522207397340404,0.0,0.01,0.2744140625,0.41960054636001587,1.529078147589524,,0.8721026070336073,1.1452338809662852,0.31780536284783417,0.15783573271998333,2.7755575615628914e-17
ketone,full_patch,2,ketone_03_c0.05_wA04,3,0.05,-0.03037310216130784,0.0,0.05,0.2718098958333333,0.4764881730079651,1.7530199610544537,,0.8639562803869598,0.8884676541944976,0.31785313692799294,0.12201039936010265,4.163336342344337e-17
ketone,full_patch,2,ketone_03_c0.05_wB04,3,0.05,-0.061729931195293464,0.0,0.05,0.2744140625,0.4623264968395233,1.6847769849240992,,0.8385297996960137,0.9333028501258231,0.3055710017397573,0.12862747221114978,6.245004513516506e-17
ketone,full_patch,2,ketone_03_c0.05_wB08,3,0.05,0.04337588184047547,0.0433758818404754,0.0066241181595246,0.2731119791666667,0.4965120553970337,1.8179797785216774,0.0,0.8762014308573529,0.8499048121756825,0.3208213105594503,0.11692376099434379,6.938893903907228e-17
ketone,full_patch,2,ketone_03_c0.05_wB10,3,0.05,0.029272790147013783,0.0292727901470137,0.020727209852986303,0.2731119791666667,0.46985945105552673,1.7203912200745863,,0.818970751229195,0.8557741601149693,0.2998662869816552,0.1177312234605099,8.326672684688674e-17
ketone,full_patch,2,ketone_03_c0.05_wB12,3,0.05,0.041743289216395585,0.0417432892163955,0.008256710783604501,0.2679036458333333,0.48540738224983215,1.811872999114805,0.0,0.882562815111209,0.8872856579412807,0.329432924425472,0.1211979342461367,8.326672684688674e-17
ketone,full_patch,2,ketone_03_c0.05_wC04,3,0.05,0.0506055891970103,0.0506055891970103,0.0006055891970103006,0.2700737847222222,0.48475155234336853,1.794885619283441,0.0,0.8709704193745293,0.8905796797439414,0.3224935068282709,0.122009548513753,0.0
ketone,full_patch,2,ketone_03_c0.05_wC08,3,0.05,-0.150826818435553,0.0,0.05,0.2696397569444444,0.4379209876060486,1.6240965077574825,,0.8682717816779204,1.075338005112304,0.3220117802794252,0.14723391851307374,0.0
ketone,full_patch,2,ketone_03_c0.05_wC12,3,0.05,0.19477404425391365,0.1947740442539136,0.1447740442539136,0.2674696180555556,0.511854887008667,1.9136935653841276,0.0,0.9155210811911592,0.7376700180699065,0.3422897478400699,0.10070162770748421,5.551115123125783e-17
ketone,full_patch,2,ketone_03_c0.05_wD07,3,0.05,0.08668959662695408,0.086689596626954,0.036689596626953994,0.2679036458333333,0.47165217995643616,1.760529157747475,0.0,0.8193096311581429,0.8450900150179701,0.3058225014480942,0.11543426083304599,8.326672684688674e-17
ketone,full_patch,2,ketone_03_c0.05_wE07,3,0.05,0.18160057854822487,0.1816005785482248,0.13160057854822482,0.2687717013888889,0.4961566627025604,1.8460152617952348,0.0,0.8626701297253514,0.8062980937969624,0.3209676187141235,0.11026625957015589,5.551115123125783e-17
ketone,full_patch,2,ketone_03_c0.05_wF02,3,0.05,0.050344043664224625,0.0503440436642246,0.0003440436642245942,0.2752821180555556,0.4916485548019409,1.7859807177984577,0.0,0.8851891597673374,0.9191496473568821,0.3215570869694829,0.12682861431413425,2.7755575615628914e-17
ketone,full_patch,2,ketone_03_c0.05_wF05,3,0.05,0.23865723057823818,0.2386572305782381,0.18865723057823808,0.2752821180555556,0.5083802938461304,1.8467610516696638,0.0,0.8944075811133327,0.7402465541318961,0.3249058047907164,0.10214271961191129,8.326672684688674e-17
ketone,full_patch,2,ketone_03_c0.05_wF06,3,0.05,-0.2357377672258809,0.0,0.05,0.2739800347222222,0.4052378237247467,1.4790779340385212,0.0,0.8792549799939793,1.2444811345639268,0.32091936220295103,0.17141142035781123,0.0
ketone,full_patch,2,ketone_03_c0.05_wF10,3,0.05,0.10933899612687803,0.109338996126878,0.059338996126878,0.2705078125,0.482246458530426,1.7827450308128385,0.0,0.8721792356399749,0.8938286318268047,0.32242293765174523,0.12252751258241608,2.7755575615628914e-17
ketone,full_patch,2,ketone_03_c0.05_wG03,3,0.05,0.010241874101448278,0.0102418741014482,0.0397581258985518,0.2648654513888889,0.45457351207733154,1.7162431328573073,0.0,0.8535851026507033,0.9961684546540519,0.32227121286476373,0.13550831701980431,7.806255641895632e-17
ketone,full_patch,2,ketone_03_c0.05_wH01,3,0.05,0.20816569983352196,0.2081656998335219,0.1581656998335219,0.2770182291666667,0.48446956276893616,1.7488724992081925,0.0,0.8515151220076476,0.8808185060452147,0.30738595238630945,0.12183135752232778,5.551115123125783e-17
ketone,full_patch,2,ketone_03_c0.05_wH02,3,0.05,0.36045537558577645,0.3604553755857764,0.3104553755857764,0.2752821180555556,0.4729643762111664,1.7181078798431648,0.0,0.830077563586578,0.8295382393557109,0.30153704477784404,0.11446360853274791,5.551115123125783e-17
ketone,full_patch,2,ketone_03_c0.05_wH04,3,0.05,0.18913962348941116,0.1891396234894111,0.1391396234894111,0.2739800347222222,0.4625348448753357,1.6882063882657798,0.0,0.8566712189450356,1.1647608664109659,0.31267651302168115,0.16043096913530805,5.551115123125783e-17
ketone,full_patch,2,ketone_03_c0.05_wH06,3,0.05,0.3504892203650172,0.3504892203650172,0.3004892203650172,0.2700737847222222,0.48944881558418274,1.8122781375748607,0.0,0.8852916001147968,0.8416945611389861,0.32779619874077814,0.11531227999787269,0.0
ketone,full_patch,2,ketone_04_c0.1_wA04,4,0.1,0.01598296995218318,0.0159829699521831,0.08401703004781691,0.2679036458333333,0.4807574450969696,1.794516247069126,0.0,0.8599872210584703,0.9116885417745404,0.32100616562474127,0.12453122278040854,7.979727989493313e-17
ketone,full_patch,2,ketone_04_c0.1_wB04,4,0.1,0.07101703008255233,0.0710170300825523,0.028982969917447712,0.2679036458333333,0.4824357330799103,1.8007807679483407,0.0,0.837216425713722,0.8862456262640708,0.31250654432473324,0.12105587211575035,4.163336342344337e-17
ketone,full_patch,2,ketone_04_c0.1_wB08,4,0.1,0.17326096632472665,0.1732609663247266,0.07326096632472659,0.2752821180555556,0.4796590209007263,1.7424270936622361,,0.7950115066959567,0.8617323367413738,0.2887988193027173,0.11890590231185061,5.551115123125783e-17
ketone,full_patch,2,ketone_04_c0.1_wB10,4,0.1,0.15593624669619888,0.1559362466961988,0.05593624669619879,0.2687717013888889,0.4690394997596741,1.745122337418311,,0.7919173242325328,0.8861239279379056,0.2946431191008083,0.12118293693241933,8.326672684688674e-17
ketone,full_patch,2,ketone_04_c0.1_wB12,4,0.1,0.2638166202451486,0.2638166202451486,0.16381662024514862,0.2722439236111111,0.4954582452774048,1.8199056151759914,,0.7947855531342864,0.79219580872041,0.2919387667471337,0.10885457839820038,0.0
ketone,full_patch,2,ketone_04_c0.1_wC04,4,0.1,0.1294068182091308,0.1294068182091308,0.029406818209130797,0.2648654513888889,0.47953012585639954,1.810466874187865,0.0,0.8131525226365242,0.8315374393649901,0.30700588482663693,0.11311363898432102,0.0
ketone,full_patch,2,ketone_04_c0.1_wC08,4,0.1,0.15745127490577282,0.1574512749057728,0.05745127490577279,0.2657335069444444,0.48403051495552063,1.8214884548101586,,0.8432175546905378,0.8785014989737381,0.31731698587292767,0.11964341383983997,2.7755575615628914e-17
ketone,full_patch,2,ketone_04_c0.1_wC12,4,0.1,0.2507175649493272,0.2507175649493272,0.15071756494932717,0.2657335069444444,0.45340976119041443,1.706257394500147,,0.7294165122014582,0.8883053225415347,0.2744917344405325,0.12097859986024508,0.0
ketone,full_patch,2,ketone_04_c0.1_wD07,4,0.1,0.21150065744432123,0.2115006574443212,0.1115006574443212,0.2700737847222222,0.4573211967945099,1.693319465511532,0.0,0.7295016102853715,0.8754576292400211,0.270111966267175,0.11993782534675243,2.7755575615628914e-17
ketone,full_patch,2,ketone_04_c0.1_wE07,4,0.1,0.16056037978201565,0.1605603797820156,0.06056037978201559,0.2648654513888889,0.46894535422325134,1.7705040493738158,0.0,0.8043782447261185,0.9172812201139953,0.3036931545840192,0.12477732434790524,5.551115123125783e-17
ketone,full_patch,2,ketone_04_c0.1_wF02,4,0.1,0.32028746674490605,0.320287466744906,0.22028746674490599,0.2670355902777778,0.5005218982696533,1.8743640042475112,0.0,0.7819683096210925,0.6711749399319324,0.2928329923392113,0.09156992222668675,5.551115123125783e-17
ketone,full_patch,2,ketone_04_c0.1_wF05,4,0.1,0.12732574658357465,0.1273257465835746,0.02732574658357459,0.2744140625,0.4633522927761078,1.6885151167357095,,0.8219778190664324,0.9100144083796404,0.29953924794449355,0.1254178673190783,5.551115123125783e-17
ketone,full_patch,2,ketone_04_c0.1_wF06,4,0.1,-0.1254857383098611,0.0,0.1,0.2722439236111111,0.4177192747592926,1.5343566505307455,,0.8635124394327107,1.1412501008792044,0.3171833655564712,0.15681766705982927,0.0
ketone,full_patch,2,ketone_04_c0.1_wF10,4,0.1,0.22956806959193066,0.2295680695919306,0.1295680695919306,0.2679036458333333,0.4876502454280853,1.820244901525004,0.0,0.830953952858348,0.855697531508602,0.31016896028928864,0.11688318438392285,5.551115123125783e-17
ketone,full_patch,2,ketone_04_c0.1_wG03,4,0.1,0.0747363406505519,0.0747363406505519,0.025263659349448103,0.2735460069444444,0.4616471230983734,1.6876397804341967,0.0,0.8555343932387305,0.9127391602986827,0.31275703959096157,0.1256430784363355,0.0
ketone,full_patch,2,ketone_04_c0.1_wH01,4,0.1,0.07035862903047452,0.0703586290304745,0.029641370969525502,0.2666015625,0.4314284920692444,1.61825192629636,,0.7869791146877236,1.0845351519373216,0.2951892356923916,0.147878028706234,1.3877787807814457e-17
ketone,full_patch,2,ketone_04_c0.1_wH02,4,0.1,0.11852999249796325,0.1185299924979632,0.018529992497963194,0.2700737847222222,0.47030049562454224,1.7413778094318126,0.0,0.8537809089053945,0.8821797729064857,0.31612876080643293,0.12085876002833615,5.551115123125783e-17
ketone,full_patch,2,ketone_04_c0.1_wH04,4,0.1,0.427138697944919,0.427138697944919,0.327138697944919,0.2648654513888889,0.4747658967971802,1.7924795185918936,0.0,0.8821754373405992,0.648254416323427,0.3330654989975815,0.08818173728172256,0.0
ketone,full_patch,2,ketone_04_c0.1_wH06,4,0.1,0.5249861687238786,0.5249861687238786,0.4249861687238786,0.2722439236111111,0.48444271087646484,1.7794436123704664,0.0,1.003209211999623,0.4355257421869485,0.3684964566675379,0.059845016251601574,0.0
ketone,full_patch,2,ketone_05_c0.5_wA04,5,0.5,0.34608973008839317,0.3460897300883931,0.1539102699116069,0.2744140625,0.47837063670158386,1.743243886058441,,0.6914787982872193,0.7782540404087748,0.25198373289897247,0.10725869951259562,5.551115123125783e-17
ketone,full_patch,2,ketone_05_c0.5_wB04,5,0.5,0.5087184197276524,0.5087184197276524,0.008718419727652416,0.2705078125,0.4930061995983124,1.822521113316505,0.0,0.6779002092389199,0.6508047373358696,0.2506028210327271,0.0892133937124405,0.0
ketone,full_patch,2,ketone_05_c0.5_wB08,5,0.5,0.49697337174091993,0.4969733717409199,0.003026628259080122,0.2687717013888889,0.4348061978816986,1.6177528945004982,,0.5887146949657696,0.7414562274278076,0.21903894343175342,0.10139873263057834,5.551115123125783e-17
ketone,full_patch,2,ketone_05_c0.5_wB10,5,0.5,0.4072919897228817,0.4072919897228817,0.09270801027711828,0.2752821180555556,0.4137704074382782,1.5030776803118533,,0.5963398462620055,0.8311592872752787,0.21662861738867334,0.11468728838941412,0.0
ketone,full_patch,2,ketone_05_c0.5_wB12,5,0.5,0.5782779363305264,0.5782779363305264,0.07827793633052638,0.2670355902777778,0.44613248109817505,1.670685471678497,0.0,0.5669757643020263,0.6702014541497259,0.21232217162972267,0.09143710734928015,0.0
ketone,full_patch,2,ketone_05_c0.5_wC04,5,0.5,0.4235657883459263,0.4235657883459263,0.07643421165407371,0.2735460069444444,0.43671679496765137,1.5965021747012595,0.0,0.6113717573263304,0.8009004150952896,0.22349869557792393,0.11024791972394608,0.0
ketone,full_patch,2,ketone_05_c0.5_wC08,5,0.5,0.31494584791841795,0.3149458479184179,0.1850541520815821,0.2735460069444444,0.3903525471687317,1.4270087563296436,,0.6061974106813732,0.9283627752794112,0.22160711371834735,0.1277937466314422,5.551115123125783e-17
ketone,full_patch,2,ketone_05_c0.5_wC12,5,0.5,0.42453231705729166,0.4245323170572916,0.07546768294270839,0.2657335069444444,0.40192297101020813,1.5125039203062796,,0.5832112486218872,0.8145014885899311,0.21947222814615408,0.11092723095677265,5.551115123125783e-17
ketone,full_patch,2,ketone_05_c0.5_wD07,5,0.5,0.5278807135022927,0.5278807135022927,0.02788071350229271,0.2718098958333333,0.44817981123924255,1.6488723115292854,0.0,0.5998853308860876,0.6930010860489755,0.22070032772240258,0.0951676055584467,0.0
ketone,full_patch,2,ketone_05_c0.5_wE07,5,0.5,0.588691461454512,0.588691461454512,0.08869146145451201,0.2700737847222222,0.4505611062049866,1.6682889332202315,0.0,0.5684147688679146,0.667813616030916,0.21046647287612302,0.09149056466985167,0.0
ketone,full_patch,2,ketone_05_c0.5_wF02,5,0.5,0.5210498782073227,0.5210498782073227,0.021049878207322736,0.2692057291666667,0.4358845055103302,1.6191501825002832,0.0,0.5793794149950637,0.7319758572405719,0.21521808498970202,0.10016168523131569,0.0
ketone,full_patch,2,ketone_05_c0.5_wF05,5,0.5,0.2678045342438886,0.2678045342438886,0.23219546575611139,0.2696397569444444,0.37604543566703796,1.394621623785683,,0.606983962994889,0.9877715726300056,0.22510922345919104,0.13524443341788936,0.0
ketone,full_patch,2,ketone_05_c0.5_wF06,5,0.5,0.43068761069086503,0.430687610690865,0.06931238930913503,0.2770182291666667,0.46355995535850525,1.6733915192260025,0.0,0.6692818100462035,0.7465449214397264,0.24160208231045088,0.10325916247919134,5.551115123125783e-17
ketone,full_patch,2,ketone_05_c0.5_wF10,5,0.5,0.4060924495518914,0.4060924495518914,0.09390755044810861,0.2748480902777778,0.46014276146888733,1.6741712158299509,0.0,0.6742642826939014,0.7893625668270898,0.24532252780525052,0.1088547870100024,0.0
ketone,full_patch,2,ketone_05_c0.5_wG03,5,0.5,0.3329767606508893,0.3329767606508893,0.16702323934911067,0.2744140625,0.4247191250324249,1.5477309040327514,0.0,0.6652086971364366,0.8483867591526992,0.24241057148317124,0.1169243662681513,0.0
ketone,full_patch,2,ketone_05_c0.5_wH01,5,0.5,0.532392222702172,0.532392222702172,0.03239222270217201,0.2752821180555556,0.4324348270893097,1.5708787412120921,0.0,0.5987717962430334,0.7117493836950048,0.2175120565303822,0.09821054529320505,0.0
ketone,full_patch,2,ketone_05_c0.5_wH02,5,0.5,0.5343492769779494,0.5343492769779494,0.03434927697794943,0.2657335069444444,0.44161078333854675,1.6618558510608605,0.0,0.6756819119116979,0.7911387372609948,0.2542704981697921,0.10774545001621588,0.0
ketone,full_patch,2,ketone_05_c0.5_wH04,5,0.5,0.7761300739848012,0.7761300739848012,0.27613007398480116,0.2679036458333333,0.46578875184059143,1.7386428258253912,0.0,0.7170606031467299,0.7565499959263513,0.26765615709195073,0.10334022176459542,0.0
ketone,full_patch,2,ketone_05_c0.5_wH06,5,0.5,0.44801918656312045,0.4480191865631204,0.0519808134368796,0.2752821180555556,0.4717550277709961,1.7137147559864012,0.0,0.7912044765390889,0.7216520178341699,0.28741586345227604,0.09957695757388398,5.551115123125783e-17
ketone,full_patch,2,ketone_06_c1_wA04,6,1.0,0.7695409212812294,0.7695409212812294,0.23045907871877058,0.2657335069444444,0.5338164567947388,2.0088413498653788,0.0,0.603654298807556,0.4806775352551076,0.2271652926831538,0.06546363477037198,0.0
ketone,full_patch,2,ketone_06_c1_wB04,6,1.0,0.7221849466817578,0.7221849466817578,0.2778150533182422,0.2648654513888889,0.5048922896385193,1.9062217703025783,0.0,0.5823730728261873,0.5099897920786756,0.21987506100639667,0.06937366677191252,0.0
ketone,full_patch,2,ketone_06_c1_wB08,6,1.0,0.9071236517564247,0.9071236517564248,0.09287634824357516,0.2731119791666667,0.5501529574394226,2.014386037251378,0.0,0.6112227852659253,0.4477813786771607,0.22379933210213618,0.061602525539464305,1.1102230246251565e-16
ketone,full_patch,2,ketone_06_c1_wB10,6,1.0,1.1029513826230097,1.1029513826230095,0.10295138262300951,0.2744140625,0.5076685547828674,1.8500092530165704,3.701828745761304e-06,0.5473871230773537,0.43694891689599524,0.19947488043815312,0.06022014682388953,2.220446049250313e-16
ketone,full_patch,2,ketone_06_c1_wB12,6,1.0,1.4076080181101247,1.4076080181101247,0.4076080181101247,0.2731119791666667,0.523466169834137,1.916672316722847,0.02172260545194149,0.6439886732130482,0.04264679384329817,0.2357965678320005,0.00586703764830327,0.0
ketone,full_patch,2,ketone_06_c1_wC04,6,1.0,0.7980174221598244,0.7980174221598244,0.2019825778401756,0.2657335069444444,0.49410733580589294,1.8594092310278112,0.0,0.5598399774018483,0.5458540972279948,0.21067722465232483,0.07434005260903208,0.0
ketone,full_patch,2,ketone_06_c1_wC08,6,1.0,0.892174318098172,0.892174318098172,0.10782568190182795,0.2722439236111111,0.547607421875,2.0114587485053805,0.0,0.6448963693036038,0.47366974837569753,0.23688182301721855,0.06508633369659206,0.0
ketone,full_patch,2,ketone_06_c1_wC12,6,1.0,1.2557227094971286,1.2557227094971286,0.2557227094971286,0.2731119791666667,0.5815925002098083,2.1295019793141017,0.05406535416841507,0.8728543613895274,0.10582188719684904,0.31959578047540266,0.014558210365818195,0.0
ketone,full_patch,2,ketone_06_c1_wD07,6,1.0,0.7755967993807522,0.7755967993807522,0.2244032006192478,0.2657335069444444,0.5082875490188599,1.9127717647030678,0.0,0.5829854463008877,0.5471047567456016,0.2193872549248257,0.0745103803482705,0.0
ketone,full_patch,2,ketone_06_c1_wE07,6,1.0,0.7155161405584094,0.7155161405584094,0.2844838594415906,0.2666015625,0.47465065121650696,1.7803746038304145,0.0,0.6002317728485593,0.7080720172062795,0.22514188109777464,0.09654670381081629,0.0
ketone,full_patch,2,ketone_06_c1_wF02,6,1.0,0.5755849449522812,0.5755849449522812,0.4244150550477188,0.2744140625,0.4388805329799652,1.5993368888664925,0.0,0.6092498507197497,0.7145156259713101,0.22201845093844258,0.09847429353898003,0.0
ketone,full_patch,2,ketone_06_c1_wF05,6,1.0,0.7320616682527175,0.7320616682527175,0.26793833174728254,0.2752821180555556,0.507171094417572,1.8423684691179911,0.0,0.6020247814104422,0.5366556396505002,0.21869374794949292,0.07405028260247058,0.0
ketone,full_patch,2,ketone_06_c1_wF06,6,1.0,0.7956798463571648,0.7956798463571648,0.20432015364283518,0.2657335069444444,0.5215660333633423,1.962740940578425,0.0,0.618444678521153,0.5398783766838167,0.2327311619947304,0.07352621722355629,0.0
ketone,full_patch,2,ketone_06_c1_wF10,6,1.0,0.8394447624771881,0.8394447624771881,0.16055523752281187,0.2718098958333333,0.5908742547035217,2.1738511502385856,0.0,0.9111893467349024,0.3784418668362519,0.33523038002031386,0.05197020182927876,0.0
ketone,full_patch,2,ketone_06_c1_wG03,6,1.0,1.0595121380800476,1.0595121380800476,0.05951213808004763,0.2670355902777778,0.5253949165344238,1.9675089600899023,0.0,0.5441408429130021,0.3925528230445774,0.20377090647241883,0.05355687368140378,0.0
ketone,full_patch,2,ketone_06_c1_wH01,6,1.0,0.9590097885717992,0.9590097885717992,0.04099021142820081,0.2648654513888889,0.4826887547969818,1.822392283575987,0.0,0.508277041899251,0.5135634074674635,0.19190009087027848,0.06985978395896891,0.0
ketone,full_patch,2,ketone_06_c1_wH02,6,1.0,0.8458212707980906,0.8458212707980906,0.15417872920190945,0.2679036458333333,0.4925210475921631,1.8384260731508204,0.0,0.6068812705796451,0.5538425286146804,0.22652967961369017,0.075651589502192,0.0
ketone,full_patch,2,ketone_06_c1_wH04,6,1.0,1.1088957459348454,1.1088957459348454,0.10889574593484541,0.2657335069444444,0.5465819239616394,2.0568799555861452,0.0,0.7190321513200932,0.2562835673787869,0.2705839243187415,0.034903345012012706,0.0
ketone,full_patch,2,ketone_06_c1_wH06,6,1.0,0.9514830445384772,0.9514830445384772,0.04851695546152279,0.2744140625,0.5991450548171997,2.183361338550934,2.254656834566049e-07,0.8947794567152203,0.249839504891745,0.3260690973937315,0.03443279313716647,0.0
ketone,full_patch,2,ketone_07_c5_wA04,7,5.0,5.196831955468118,5.196831955468118,0.19683195546811838,0.2696397569444444,0.35316312313079834,1.3097590916593311,0.3537951409816742,0.45950263146507453,2.17176390021557,0.17041353125078984,0.2973551642309715,0.0
ketone,full_patch,2,ketone_07_c5_wB04,7,5.0,5.5611781918173175,5.5611781918173175,0.5611781918173175,0.2687717013888889,0.23276400566101074,0.8660286944577614,0.232923224568367,0.16303320801918808,2.9872294472525813,0.060658621118483545,0.4085221336382221,0.0
ketone,full_patch,2,ketone_07_c5_wB08,7,5.0,5.427983356500677,5.427983356500677,0.4279833565006772,0.2696397569444444,0.2356850504875183,0.8740738129951585,0.23569521307945251,0.21984686670532572,2.7982966273116854,0.08153355024371357,0.38313923216913526,0.0
ketone,full_patch,2,ketone_07_c5_wB10,7,5.0,4.752072264559673,4.752072264559673,0.2479277354403271,0.2700737847222222,0.2635878026485443,0.9759844070747226,0.2636469304561615,0.22710258745718015,2.222520672531048,0.08408908983549106,0.30448566252484227,0.0
ketone,full_patch,2,ketone_07_c5_wB12,7,5.0,4.836381880444245,4.836381880444245,0.16361811955575511,0.2687717013888889,0.2727801501750946,1.0149139539821042,0.272821843624115,0.09478353644962745,2.102244714458153,0.03526544497051944,0.28749498869930756,0.0
ketone,full_patch,2,ketone_07_c5_wC04,7,5.0,5.14136817017941,5.14136817017941,0.14136817017941006,0.2666015625,0.23874913156032562,0.8955278780870822,0.23897705972194672,0.15176799626627435,2.6867347029487956,0.05692689676800913,0.36634039092138043,0.0
ketone,full_patch,2,ketone_07_c5_wC08,7,5.0,5.591415839889885,5.591415839889885,0.5914158398898852,0.2722439236111111,0.2476835697889328,0.9097854839277819,0.2476835697889328,0.15596482404447976,2.958100796602955,0.05728863365460046,0.40646871837621645,0.0
ketone,full_patch,2,ketone_07_c5_wC12,7,5.0,4.641389703868405,4.641389703868405,0.35861029613159534,0.2705078125,0.26888537406921387,0.9940022492666968,0.26888537406921387,0.4133268382307742,2.0514138342141472,0.1527966362268277,0.28121121368611607,0.0
ketone,full_patch,2,ketone_07_c5_wD07,7,5.0,5.614386272919644,5.614386272919644,0.6143862729196439,0.2718098958333333,0.19296155869960785,0.7099136626649046,0.19296155869960785,0.2477396794230522,3.1411407758870866,0.0911444664895349,0.4313627386466308,0.0
ketone,full_patch,2,ketone_07_c5_wE07,7,5.0,5.858834753699217,5.858834753699217,0.8588347536992167,0.2657335069444444,0.2264537811279297,0.8521837676092283,0.22646017372608185,0.21308882858640565,3.285023083595476,0.08018891973263842,0.447388395720643,0.0
ketone,full_patch,2,ketone_07_c5_wF02,7,5.0,4.275131180481884,4.275131180481884,0.7248688195181163,0.2657335069444444,0.29702678322792053,1.117761875961011,0.29728251695632935,0.2960013839843625,1.813736448664712,0.11139031256839058,0.24701337536417892,0.0
ketone,full_patch,2,ketone_07_c5_wF05,7,5.0,4.778797499301433,4.778797499301433,0.22120250069856695,0.2648654513888889,0.23336736857891083,0.8810789302839992,0.23341283202171326,0.16511790942083593,2.3806041263009154,0.06234029714143482,0.32383243731349426,0.0
ketone,full_patch,2,ketone_07_c5_wF06,7,5.0,5.200093510940186,5.200093510940186,0.20009351094018601,0.2752821180555556,0.24317067861557007,0.8833507978403995,0.24317067861557007,0.10356275488860245,2.7126164180578316,0.037620589241362246,0.37429963929961035,0.0
ketone,full_patch,2,ketone_07_c5_wF10,7,5.0,4.975687040501774,4.975687040501774,0.024312959498225872,0.2722439236111111,0.26185736060142517,0.9618483201684872,0.2618632912635803,0.20968409861296688,2.4058762406808767,0.07702067169458363,0.33058827246332134,0.0
ketone,full_patch,2,ketone_07_c5_wG03,7,5.0,4.5234419446766,4.5234419446766,0.4765580553233999,0.2709418402777778,0.31392860412597656,1.158656794403284,0.31415989995002747,0.23539380266613108,1.958171641850754,0.08687982720749154,0.26858922237381383,0.0
ketone,full_patch,2,ketone_07_c5_wH01,7,5.0,4.556791520784592,4.556791520784592,0.44320847921540807,0.2679036458333333,0.26833879947662354,1.0016242916065463,0.26879575848579407,0.20261652125516694,2.0105793069114375,0.07563037099585333,0.2746331538831452,0.0
ketone,full_patch,2,ketone_07_c5_wH02,7,5.0,4.870269470030626,4.870269470030626,0.12973052996937362,0.2679036458333333,0.24399903416633606,0.9107716074835777,0.244061678647995,0.08781920605619753,2.365859471683354,0.03278014593008977,0.3231623075594159,0.0
ketone,full_patch,2,ketone_07_c5_wH04,7,5.0,4.932033336688097,4.932033336688097,0.06796666331190337,0.2666015625,0.19789543747901917,0.7422891134744162,0.19789543747901917,0.11171361875536334,2.25423876511321,0.041902837218128965,0.3073689075200968,0.0
ketone,full_patch,2,ketone_07_c5_wH06,7,5.0,5.370739771001974,5.370739771001974,0.37073977100197375,0.2687717013888889,0.1931367814540863,0.7185904634157688,0.1931367814540863,0.11536759335372437,2.848541752438992,0.04292401051061461,0.3895557321631956,0.0
ketone,full_patch,2,ketone_08_c10_wA04,8,10.0,11.201413857617638,10.0,0.0,0.2657335069444444,0.32533445954322815,1.224288435749445,0.3253660500049591,1.8885523347694892,6.29259354399472,0.7106940921696863,0.8569904256163047,0.0
ketone,full_patch,2,ketone_08_c10_wB04,8,10.0,10.845529637607896,10.0,0.0,0.2739800347222222,0.3859668970108032,1.4087409595451734,0.3860444724559784,2.233567795237155,5.01412953822202,0.8152301307289356,0.6906324588888678,0.0
ketone,full_patch,2,ketone_08_c10_wB08,8,10.0,11.118717072242873,10.0,0.0,0.2731119791666667,0.3500147759914398,1.2815797280640084,0.3500913679599762,2.123779571043885,5.564896436562187,0.7776222696360923,0.7655782289798049,1.7763568394002505e-15
ketone,full_patch,2,ketone_08_c10_wB10,8,10.0,11.258916770452629,10.0,0.0,0.2666015625,0.37848183512687683,1.4196534768129005,0.3786062002182007,2.2856603251541543,5.381076509140485,0.8573319314863934,0.7337180220186227,1.7763568394002505e-15
ketone,full_patch,2,ketone_08_c10_wB12,8,10.0,10.441452477128347,10.0,0.0,0.2722439236111111,0.4036378860473633,1.4826332235203268,0.4037259817123413,2.2354597151975195,4.358541159306553,0.8211238236452907,0.5989013765345041,0.0
ketone,full_patch,2,ketone_08_c10_wC04,8,10.0,10.797482694798642,10.0,0.0,0.2696397569444444,0.33786189556121826,1.2530121647855887,0.3378683626651764,1.8740098385147803,5.698175563345831,0.6950050169719203,0.7801869854671696,0.0
ketone,full_patch,2,ketone_08_c10_wC08,8,10.0,10.93853256723062,10.0,0.0,0.2735460069444444,0.3596974015235901,1.3149429799450245,0.359743595123291,2.012837481362105,5.540348462512398,0.7358314251579994,0.762656481411714,0.0
ketone,full_patch,2,ketone_08_c10_wC12,8,10.0,11.911307719940302,10.0,0.0,0.2739800347222222,0.3856872618198395,1.4077203187848082,0.38579827547073364,2.653674450243395,5.639786783490388,0.9685649003343814,0.7768087729285221,0.0
ketone,full_patch,2,ketone_08_c10_wD07,8,10.0,9.900326264086107,9.900326264086107,0.09967373591389261,0.2705078125,0.38086023926734924,1.4079454332482513,0.38086023926734924,1.9571530863487503,4.588749826826568,0.7235107438343396,0.6290334434632404,0.0
ketone,full_patch,2,ketone_08_c10_wE07,8,10.0,11.00405728522691,10.0,0.0,0.2705078125,0.3834761381149292,1.417615759673962,0.3834790587425232,2.2871747484010445,5.2443694621472625,0.8455115315388699,0.7189068713840424,0.0
ketone,full_patch,2,ketone_08_c10_wF02,8,10.0,10.72304647319028,10.0,0.0,0.2666015625,0.3452337682247162,1.2949427789820855,0.34527334570884705,2.0538382221616516,5.58416510294172,0.7703774137338942,0.7614094627712811,0.0
ketone,full_patch,2,ketone_08_c10_wF05,8,10.0,9.9553117255477,9.9553117255477,0.044688274452299837,0.2739800347222222,0.3807719945907593,1.3897800800587872,0.38079482316970825,1.9862792163205345,4.8230288849242795,0.7249722478261404,0.6643107787096422,0.0
ketone,full_patch,2,ketone_08_c10_wF06,8,10.0,10.021704363338216,10.0,0.0,0.2657335069444444,0.4022219777107239,1.5136291329448883,0.4022219777107239,2.211773812969364,4.474913797329055,0.8323277852317542,0.609440011174591,0.0
ketone,full_patch,2,ketone_08_c10_wF10,8,10.0,9.187043804128187,9.187043804128187,0.8129561958718128,0.2705078125,0.409518301486969,1.5138871506233078,0.40959352254867554,2.0095565670842177,3.9291557883403607,0.7428830053047795,0.538615197759107,0.0
ketone,full_patch,2,ketone_08_c10_wG03,8,10.0,10.438091304468001,10.0,0.0,0.2735460069444444,0.3577745854854584,1.3079137563800018,0.3577745854854584,2.095061589228118,5.246781246705562,0.7658900280177049,0.7222454961857873,1.7763568394002505e-15
ketone,full_patch,2,ketone_08_c10_wH01,8,10.0,11.330985571432693,10.0,0.0,0.2705078125,0.36628615856170654,1.3540686872461642,0.36632871627807617,2.4228319834870344,5.574459283328382,0.8956606321627161,0.7641561320118158,1.7763568394002505e-15
ketone,full_patch,2,ketone_08_c10_wH02,8,10.0,8.985227446846878,8.985227446846878,1.0147725531531222,0.2666015625,0.34854361414909363,1.3073577321929373,0.34854361414909363,1.6300872719599617,4.2369817729041195,0.6114320023761908,0.5777189527901223,0.0
ketone,full_patch,2,ketone_08_c10_wH04,8,10.0,9.936278792959863,9.936278792959865,0.0637212070401354,0.2657335069444444,0.3387153744697571,1.2746430751789635,0.3387153744697571,1.878239334277806,5.154553677586742,0.706813136165956,0.7020003944530726,1.7763568394002505e-15
ketone,full_patch,2,ketone_08_c10_wH06,8,10.0,10.158080697398693,10.0,0.0,0.2722439236111111,0.3706268072128296,1.3613777023808042,0.3706268072128296,2.1235154040061452,4.781653067261988,0.7800047016070402,0.6570406242416355,1.7763568394002505e-15
ketone,full_patch,3,ketone_01_c0_wA07,1,0.0,0.21180407208125557,0.2118040720812555,0.2118040720812555,0.2722439236111111,0.35862210392951965,1.3172823076183553,,0.20386588719246168,0.3456666379867079,0.07488353991094966,0.04749759558201133,5.551115123125783e-17
ketone,full_patch,3,ketone_01_c0_wA08,1,0.0,0.09782176344324299,0.0978217634432429,0.0978217634432429,0.2722439236111111,0.3631385266780853,1.3338719258131664,,0.2115296875912408,0.39652584442186245,0.07769858911282883,0.05448609187702229,8.326672684688674e-17
ketone,full_patch,3,ketone_01_c0_wA10,1,0.0,0.019924958823827253,0.0199249588238272,0.0199249588238272,0.2687717013888889,0.3713105022907257,1.381508917687254,,0.22523573530280544,0.4243876958663598,0.08380187874649395,0.05803764661083799,5.204170427930421e-17
ketone,full_patch,3,ketone_01_c0_wB01,1,0.0,-0.023077210322120425,0.0,0.0,0.2705078125,0.3692823350429535,1.3651448053573443,,0.2127432860269613,0.4296208997871081,0.0786458934626745,0.05889314610200787,2.42861286636753e-17
ketone,full_patch,3,ketone_01_c0_wB11,1,0.0,-0.027461602592685225,0.0,0.0,0.2752821180555556,0.3682270050048828,1.3376350327650768,,0.21803006781665013,0.42212163011350956,0.07920240855334046,0.05824633842081307,2.42861286636753e-17
ketone,full_patch,3,ketone_01_c0_wC02,1,0.0,-0.0797232194338928,0.0,0.0,0.2687717013888889,0.34358760714530945,1.278362288030348,,0.19510114973321235,0.47195012733653197,0.07258991505616816,0.06454210377702149,0.0
ketone,full_patch,3,ketone_01_c0_wC05,1,0.0,-0.03676297395763765,0.0,0.0,0.2718098958333333,0.3542161285877228,1.3031759844568676,,0.21036835419956407,0.44321068603697705,0.07739539929354022,0.060864695015895996,4.85722573273506e-17
ketone,full_patch,3,ketone_01_c0_wC10,1,0.0,-0.05894820887662211,0.0,0.0,0.2666015625,0.3195422291755676,1.1985759804973672,,0.1773478917352961,0.4921664952949026,0.06652170005016235,0.06710765528388551,6.938893903907228e-18
ketone,full_patch,3,ketone_01_c0_wD05,1,0.0,-0.05656483485993038,0.0,0.0,0.2731119791666667,0.35343149304389954,1.2940900436601421,,0.2047317352888226,0.4641479357812252,0.07496256147881562,0.0638541181692756,7.632783294297951e-17
ketone,full_patch,3,ketone_01_c0_wD09,1,0.0,-0.05307318530304284,0.0,0.0,0.2700737847222222,0.3177422285079956,1.1765015580271947,,0.16930710969492827,0.4905019813439947,0.06268920542179426,0.06719884435953999,4.163336342344337e-17
ketone,full_patch,3,ketone_01_c0_wD10,1,0.0,-0.045126956393980955,0.0,0.0,0.2666015625,0.3152473568916321,1.1824662763993818,,0.17032840143791078,0.4900295989328141,0.06388874837817607,0.06681628619270329,5.551115123125783e-17
ketone,full_patch,3,ketone_01_c0_wF04,1,0.0,-0.03999900506453999,0.0,0.0,0.2648654513888889,0.35178959369659424,1.3281822595279855,0.0,0.2078430514935196,0.4509964504656149,0.07847118240738536,0.06134883081167685,9.020562075079397e-17
ketone,full_patch,3,ketone_01_c0_wG02,1,0.0,-0.03455059579099022,0.0,0.0,0.2700737847222222,0.37030965089797974,1.37114252417669,0.0,0.22451253350588168,0.4295990042071476,0.08313007267136223,0.058855127438279656,2.0816681711721685e-17
ketone,full_patch,3,ketone_01_c0_wG04,1,0.0,-0.015483157970296733,0.0,0.0,0.2700737847222222,0.3502207100391388,1.2967593667017692,,0.20865288804933693,0.42627933486990244,0.07725773468311328,0.058400332245592705,3.2959746043559335e-17
ketone,full_patch,3,ketone_01_c0_wG07,1,0.0,-0.022355782316789873,0.0,0.0,0.2648654513888889,0.3218817114830017,1.2152649950951837,,0.18754634422331085,0.47225319055700077,0.07080815683580634,0.06424037496934788,7.28583859910259e-17
ketone,full_patch,3,ketone_01_c0_wG08,1,0.0,-0.05054910833920586,0.0,0.0,0.2718098958333333,0.3098897933959961,1.1400975392964072,,0.1619652973339806,0.4852847908153632,0.05958771178562736,0.06664259621746962,6.245004513516506e-17
ketone,full_patch,3,ketone_01_c0_wH09,1,0.0,-0.11656344698065293,0.0,0.0,0.2744140625,0.33137625455856323,1.2075775255087855,,0.22420162666086396,0.5114599715084176,0.08170194508922587,0.07048923429671866,4.163336342344337e-17
ketone,full_patch,3,ketone_01_c0_wH10,1,0.0,-0.039158555284507436,0.0,0.0,0.2731119791666667,0.32208698987960815,1.1793220892850491,,0.18072537399479324,0.47797296691959373,0.06617262799904705,0.06575606602673498,3.469446951953614e-17
ketone,full_patch,3,ketone_01_c0_wH12,1,0.0,-0.031803443532838475,0.0,0.0,0.2687717013888889,0.3263852596282959,1.2143587213299858,,0.19417032652711977,0.4642467306336416,0.07224359020080484,0.06348861655319248,7.632783294297951e-17
ketone,full_patch,3,ketone_02_c0.01_wA07,2,0.01,0.011105015934311064,0.011105015934311,0.0011050159343109992,0.2666015625,0.39179083704948425,1.4695744217533768,0.0,0.24326490942213103,0.39160223783135056,0.09124661803965649,0.053395564785526366,6.418476861114186e-17
ketone,full_patch,3,ketone_02_c0.01_wA08,2,0.01,-0.00950715305375748,0.0,0.01,0.2657335069444444,0.370196133852005,1.3931104816578515,0.0,0.22490281258711375,0.42348616644025455,0.0846347211434398,0.05767472306654922,7.979727989493313e-17
ketone,full_patch,3,ketone_02_c0.01_wA10,2,0.01,-0.021372302636635955,0.0,0.01,0.2657335069444444,0.37416666746139526,1.4080522692218127,0.0,0.23152496738778305,0.4237346801992465,0.08712674967112327,0.05770856823875064,5.551115123125783e-17
ketone,full_patch,3,ketone_02_c0.01_wB01,2,0.01,-0.027534369296266025,0.0,0.01,0.2657335069444444,0.3733997642993927,1.4051662832924472,0.0,0.2852237686231501,0.4514570301539215,0.10733451415397924,0.061484084378580474,2.42861286636753e-17
ketone,full_patch,3,ketone_02_c0.01_wB11,2,0.01,-0.07071258429535271,0.0,0.01,0.2657335069444444,0.3468262553215027,1.3051656876451487,,0.19499417195533963,0.4625608488790453,0.07337959529360598,0.06299631717554724,1.3877787807814457e-17
ketone,full_patch,3,ketone_02_c0.01_wC02,2,0.01,-0.03121795429786972,0.0,0.01,0.2731119791666667,0.40156665444374084,1.4703370231837567,0.0,0.2769013933047365,0.38880958161679147,0.10138749466414189,0.05348961194477311,2.0816681711721685e-17
ketone,full_patch,3,ketone_02_c0.01_wC05,2,0.01,-0.017255995114356184,0.0,0.01,0.2722439236111111,0.3870212435722351,1.4215973618021995,0.0,0.2299617844796205,0.3984128215185534,0.084469023745085,0.054745378904353485,8.326672684688674e-17
ketone,full_patch,3,ketone_02_c0.01_wC10,2,0.01,-0.060819344351409746,0.0,0.01,0.2666015625,0.3388538062572479,1.2710120791480655,0.0,0.19385910896097902,0.47786905020779863,0.07271491852602291,0.06515817675270118,4.85722573273506e-17
ketone,full_patch,3,ketone_02_c0.01_wD05,2,0.01,-0.035313652479374194,0.0,0.01,0.2731119791666667,0.3820287585258484,1.3987989823497093,,0.23533359435754725,0.4128405574694852,0.08616743764796009,0.056795619908027714,9.71445146547012e-17
ketone,full_patch,3,ketone_02_c0.01_wD09,2,0.01,-0.026175924572429975,0.0,0.01,0.2696397569444444,0.3803577721118927,1.4106145785847901,,0.23270772659768765,0.43432592695255895,0.08630319550600764,0.059467356155025755,7.632783294297951e-17
ketone,full_patch,3,ketone_02_c0.01_wD10,2,0.01,-0.04606471065946837,0.0,0.01,0.2679036458333333,0.34948402643203735,1.304513887240849,0.0,0.19632986457443447,0.45578944548097844,0.073283759899473,0.06225812256636575,6.938893903907228e-17
ketone,full_patch,3,ketone_02_c0.01_wF04,2,0.01,-0.05913984902572659,0.0,0.01,0.2735460069444444,0.36005303263664246,1.3162430578259807,0.0,0.2132506256405385,0.43768133138952814,0.07795786457370897,0.060249008963194794,9.020562075079397e-17
ketone,full_patch,3,ketone_02_c0.01_wG02,2,0.01,-0.05479795225916694,0.0,0.01,0.2705078125,0.35328394174575806,1.306002730496954,,0.2135894326953908,0.4654737144020062,0.0789586928086932,0.06380790944413044,4.163336342344337e-17
ketone,full_patch,3,ketone_02_c0.01_wG04,2,0.01,-0.03920538386545081,0.0,0.01,0.2739800347222222,0.35156238079071045,1.2831678817295793,0.0,0.20480990667768365,0.4397083085916862,0.07475358811649635,0.06056421718698222,1.3877787807814457e-17
ketone,full_patch,3,ketone_02_c0.01_wG07,2,0.01,0.016899224113621613,0.0168992241136216,0.006899224113621599,0.2679036458333333,0.37412765622138977,1.396500801837314,0.0,0.2207689412457199,0.39682810217781284,0.08240609811747893,0.05420435437484397,1.3877787807814457e-17
ketone,full_patch,3,ketone_02_c0.01_wG08,2,0.01,-0.013937084644298017,0.0,0.01,0.2718098958333333,0.3440815508365631,1.265890448107691,,0.19486436691432174,0.4411039757290517,0.07169141738452652,0.06057538727937625,1.734723475976807e-17
ketone,full_patch,3,ketone_02_c0.01_wH09,2,0.01,0.040894482025636794,0.0408944820256367,0.030894482025636695,0.2722439236111111,0.3364804983139038,1.23595228077359,,0.18875332827306696,0.42049652866564274,0.06933243018591412,0.05777987189775703,9.71445146547012e-17
ketone,full_patch,3,ketone_02_c0.01_wH10,2,0.01,0.014505980632250644,0.0145059806322506,0.0045059806322506005,0.2700737847222222,0.31788575649261475,1.177032997925246,,0.17370764650388226,0.44662127188662465,0.06431858859701804,0.061187180640807685,4.336808689942018e-17
ketone,full_patch,3,ketone_02_c0.01_wH12,2,0.01,0.09308943421402698,0.0930894342140269,0.08308943421402691,0.2770182291666667,0.36509615182876587,1.3179499158848045,,0.24437065129142116,0.4075935020908367,0.08821464638863052,0.05637673293214996,6.938893903907228e-17
ketone,full_patch,3,ketone_03_c0.05_wA07,3,0.05,0.02845888033194612,0.0284588803319461,0.0215411196680539,0.2657335069444444,0.4462108016014099,1.6791664955322965,0.0,0.3013812172487345,0.33084619326705894,0.11341483455142252,0.04505805404387787,1.734723475976807e-17
ketone,full_patch,3,ketone_03_c0.05_wA08,3,0.05,0.01771542028895783,0.0177154202889578,0.032284579711042205,0.2648654513888889,0.43432164192199707,1.6397821597513826,0.0,0.30695141242251256,0.3482491791812038,0.11588956234681998,0.04737216878721733,2.7755575615628914e-17
ketone,full_patch,3,ketone_03_c0.05_wA10,3,0.05,0.0289552455870623,0.0289552455870623,0.021044754412937704,0.2679036458333333,0.4175528585910797,1.5585934162719282,0.0,0.27443064105106607,0.3651954684932431,0.1024363219087333,0.0498835250872051,0.0
ketone,full_patch,3,ketone_03_c0.05_wB01,3,0.05,-0.05491299286860382,0.0,0.05,0.2744140625,0.4225902557373047,1.53997303158363,0.0,0.29911270282811836,0.3882784674693226,0.10900050095942819,0.053512402515287535,2.0816681711721685e-17
ketone,full_patch,3,ketone_03_c0.05_wB11,3,0.05,0.07819251012994502,0.078192510129945,0.028192510129945003,0.2722439236111111,0.42576879262924194,1.563923950925107,0.0,0.2968214414457522,0.3180048388686664,0.1090277562520547,0.04369662434789965,1.3877787807814457e-17
ketone,full_patch,3,ketone_03_c0.05_wC02,3,0.05,-0.005770112424956308,0.0,0.05,0.2687717013888889,0.4254980981349945,1.5831209012564027,0.0,0.2916124880799129,0.36867270203160574,0.10849821114834386,0.050418276033881555,7.806255641895632e-18
ketone,full_patch,3,ketone_03_c0.05_wC05,3,0.05,0.02537918845480666,0.0253791884548066,0.024620811545193404,0.2648654513888889,0.4216529428958893,1.5919514632234804,0.0,0.26848077239993007,0.34740503968359826,0.10136496511420548,0.04725734089629582,6.245004513516506e-17
ketone,full_patch,3,ketone_03_c0.05_wC10,3,0.05,-0.013191004098997271,0.0,0.05,0.2718098958333333,0.39376989006996155,1.4486959308921221,0.0,0.24105013081714813,0.4143022465803241,0.0886833535173987,0.056894792199139725,7.112366251504909e-17
ketone,full_patch,3,ketone_03_c0.05_wD05,3,0.05,0.004500739417759915,0.0045007394177599,0.0454992605822401,0.2735460069444444,0.41401225328445435,1.5135013590914446,0.0,0.26338460162767724,0.3714002414053749,0.09628530299883672,0.05112508774894601,1.5612511283791264e-17
ketone,full_patch,3,ketone_03_c0.05_wD09,3,0.05,-0.006777161513031867,0.0,0.05,0.2657335069444444,0.3852534890174866,1.4497738484218687,0.0,0.23494265568279868,0.4091901726312868,0.08841288341252238,0.05572774687409398,6.765421556309548e-17
ketone,full_patch,3,ketone_03_c0.05_wD10,3,0.05,0.011488909098189937,0.0114889090981899,0.038511090901810104,0.2679036458333333,0.40250226855278015,1.5024143001143873,0.0,0.2535042311960371,0.3726832209334619,0.09462515166880026,0.0509063074569851,3.8163916471489756e-17
ketone,full_patch,3,ketone_03_c0.05_wF04,3,0.05,0.039378607018176054,0.039378607018176,0.010621392981824004,0.2718098958333333,0.3959077000617981,1.4565610234608908,0.0,0.23551504900597767,0.38394322924783575,0.08664697371812737,0.052725686198004086,5.551115123125783e-17
ketone,full_patch,3,ketone_03_c0.05_wG02,3,0.05,0.032301124087983885,0.0323011240879838,0.0176988759120162,0.2718098958333333,0.37637513875961304,1.3846999117000376,0.0,0.22836746970001784,0.41031391234193326,0.08401734933155149,0.056347087112848415,8.326672684688674e-17
ketone,full_patch,3,ketone_03_c0.05_wG04,3,0.05,0.016153203346307533,0.0161532033463075,0.0338467966536925,0.2657335069444444,0.33409926295280457,1.2572718690784186,0.0,0.1903048328415169,0.45080841540078703,0.0716149179039371,0.06139574931777233,3.122502256758253e-17
ketone,full_patch,3,ketone_03_c0.05_wG07,3,0.05,0.04386240927875072,0.0438624092787507,0.006137590721249302,0.2731119791666667,0.3832922875881195,1.4034253962702063,0.0,0.24707855064474404,0.403151435500261,0.09046785549233059,0.0554626605399374,2.0816681711721685e-17
ketone,full_patch,3,ketone_03_c0.05_wG08,3,0.05,0.16579832447894466,0.1657983244789446,0.1157983244789446,0.2744140625,0.3949361741542816,1.4391980154234318,,0.2537485799703155,0.3381382781499516,0.09246923341267015,0.04660209916898392,5.551115123125783e-17
ketone,full_patch,3,ketone_03_c0.05_wH09,3,0.05,0.022001062166118926,0.0220010621661189,0.0279989378338811,0.2722439236111111,0.34815821051597595,1.2788465795596788,,0.22697918356892366,0.45655415639619723,0.0833734617684815,0.06273450283804016,2.42861286636753e-17
ketone,full_patch,3,ketone_03_c0.05_wH10,3,0.05,0.035466186398032506,0.0354661863980325,0.014533813601967503,0.2696397569444444,0.3305685520172119,1.2259636923101107,,0.17530131150249417,0.4366776182618282,0.06501315439867149,0.05978934675235491,6.938893903907228e-18
ketone,full_patch,3,ketone_03_c0.05_wH12,3,0.05,0.06521614994506154,0.0652161499450615,0.0152161499450615,0.2657335069444444,0.32791000604629517,1.2339806515813216,,0.16623986335433666,0.4120319189857618,0.06255886405363686,0.05611476526337788,4.163336342344337e-17
ketone,full_patch,3,ketone_04_c0.1_wA07,4,0.1,0.11760577508147398,0.1176057750814739,0.0176057750814739,0.2657335069444444,0.45029231905937195,1.6945259340347785,0.0,0.3042945000358744,0.30517469727036156,0.11451115199390031,0.041561844392546954,6.938893903907228e-17
ketone,full_patch,3,ketone_04_c0.1_wA08,4,0.1,0.1297963419260996,0.1297963419260996,0.02979634192609959,0.2722439236111111,0.46778032183647156,1.7182397154423763,0.0,0.3089602599107908,0.29255901644890325,0.11348655860254477,0.04020014754127169,0.0
ketone,full_patch,3,ketone_04_c0.1_wA10,4,0.1,0.12368498778751176,0.1236849877875117,0.0236849877875117,0.2718098958333333,0.4601597487926483,1.6929470039413361,0.0,0.31118794394560206,0.2860208544031302,0.11448734895819038,0.03927832207091712,5.551115123125783e-17
ketone,full_patch,3,ketone_04_c0.1_wB01,4,0.1,0.1193255123608521,0.1193255123608521,0.0193255123608521,0.2752821180555556,0.49057114124298096,1.782066865469181,0.0,0.3161453218744469,0.28166075700042603,0.11484411850196699,0.0388648830141627,0.0
ketone,full_patch,3,ketone_04_c0.1_wB11,4,0.1,0.035601410167333876,0.0356014101673338,0.0643985898326662,0.2722439236111111,0.43523043394088745,1.5986782300515021,0.0,0.2976679557504034,0.3455846855442861,0.10933869590257943,0.04748633460528018,7.632783294297951e-17
ketone,full_patch,3,ketone_04_c0.1_wC02,4,0.1,0.12262799211461405,0.122627992114614,0.022627992114614,0.2718098958333333,0.45646488666534424,1.6793534513005242,0.0,0.2985318086446265,0.30999432121786996,0.10983110373129253,0.042570521000504985,4.163336342344337e-17
ketone,full_patch,3,ketone_04_c0.1_wC05,4,0.1,0.03031180943978793,0.0303118094397879,0.06968819056021211,0.2744140625,0.43660682439804077,1.5910512035003337,0.0,0.31338434710982865,0.3530885167105553,0.1142012709752543,0.04866253581582889,3.122502256758253e-17
ketone,full_patch,3,ketone_04_c0.1_wC10,4,0.1,0.12020566267475398,0.1202056626747539,0.02020566267475389,0.2657335069444444,0.38926035165786743,1.4648523482559848,0.0,0.23868880568960898,0.3675997924299173,0.08982262283525672,0.05006353904291588,8.326672684688674e-17
ketone,full_patch,3,ketone_04_c0.1_wD05,4,0.1,0.014008842490096762,0.0140088424900967,0.0859911575099033,0.2674696180555556,0.36934688687324524,1.3808928638636218,,0.25515201682347516,0.41685787352646725,0.09539476620872807,0.05690656439668083,6.245004513516506e-17
ketone,full_patch,3,ketone_04_c0.1_wD09,4,0.1,0.07582674815371387,0.0758267481537138,0.0241732518462862,0.2739800347222222,0.4370950162410736,1.5953535325456374,0.0,0.27456664947044673,0.34719196312520073,0.10021410857503514,0.047821269349302795,6.938893903907228e-17
ketone,full_patch,3,ketone_04_c0.1_wD10,4,0.1,0.09627641340388872,0.0962764134038887,0.0037235865961113,0.2700737847222222,0.43037235736846924,1.5935362175603909,0.0,0.29411139259533964,0.33526070636068717,0.1089003854623805,0.04593076660948555,1.3877787807814457e-17
ketone,full_patch,3,ketone_04_c0.1_wF04,4,0.1,0.05492946440408034,0.0549294644040803,0.045070535595919704,0.2735460069444444,0.4223189353942871,1.5438680319689608,0.0,0.26672908725289407,0.37054808975162534,0.09750794399534597,0.05100778484168752,4.163336342344337e-17
ketone,full_patch,3,ketone_04_c0.1_wG02,4,0.1,0.014380477562298995,0.0143804775622989,0.0856195224377011,0.2718098958333333,0.381492555141449,1.403527101071295,,0.26309080157414055,0.437924338878096,0.0967922086749413,0.06013873799881586,9.540979117872439e-17
ketone,full_patch,3,ketone_04_c0.1_wG04,4,0.1,0.05392039958067815,0.0539203995806781,0.04607960041932191,0.2666015625,0.440341591835022,1.6516842125972986,0.0,0.3062288415869405,0.34952167002104106,0.11486385852931397,0.04765781492697018,5.551115123125783e-17
ketone,full_patch,3,ketone_04_c0.1_wG07,4,0.1,0.07667004584693285,0.0766700458469328,0.02332995415306721,0.2700737847222222,0.40046852827072144,1.482811553452378,,0.28259901211811267,0.37567600531290324,0.10463770573244381,0.05146766857386229,5.551115123125783e-17
ketone,full_patch,3,ketone_04_c0.1_wG08,4,0.1,0.060541210137888185,0.0605412101378881,0.039458789862111904,0.2666015625,0.3837922215461731,1.4395722888764881,,0.25210867010957094,0.3854453454859553,0.09456383816564126,0.052556063086234124,8.326672684688674e-17
ketone,full_patch,3,ketone_04_c0.1_wH09,4,0.1,0.033226845269929285,0.0332268452699292,0.06677315473007081,0.2744140625,0.420030802488327,1.5306460560428714,,0.31549184944044867,0.3758918982730095,0.1149692718245621,0.05180528988311733,8.326672684688674e-17
ketone,full_patch,3,ketone_04_c0.1_wH10,4,0.1,0.027495777211604584,0.0274957772116045,0.07250422278839551,0.2735460069444444,0.4134961664676666,1.5116147045482016,,0.3148496428394276,0.388157640227959,0.11509933789798354,0.05343182692070009,8.326672684688674e-17
ketone,full_patch,3,ketone_04_c0.1_wH12,4,0.1,0.14422860420610997,0.1442286042061099,0.044228604206109884,0.2648654513888889,0.42403605580329895,1.6009489103986903,0.0,0.2752562086060649,0.3283209326283735,0.10392303230288792,0.04466133896831129,8.326672684688674e-17
ketone,full_patch,3,ketone_05_c0.5_wA07,5,0.5,0.7355065313192666,0.7355065313192666,0.23550653131926658,0.2696397569444444,0.4526374936103821,1.6786749058805963,0.0010405733482912183,0.1782796757032068,0.006395474706234694,0.06611772600727381,0.0008756603014805963,0.0
ketone,full_patch,3,ketone_05_c0.5_wA08,5,0.5,0.48278732051902157,0.4827873205190215,0.017212679480978488,0.2709418402777778,0.49012163281440735,1.8089551333670717,0.0,0.20280228072687662,0.12865892937615891,0.07485085379170585,0.01764727925480995,5.551115123125783e-17
ketone,full_patch,3,ketone_05_c0.5_wA10,5,0.5,0.40097219667178263,0.4009721966717826,0.09902780332821742,0.2705078125,0.4030742049217224,1.4900649308297609,0.0,0.16889575601870555,0.20566056079679218,0.06243655384951425,0.02819229106504889,5.551115123125783e-17
ketone,full_patch,3,ketone_05_c0.5_wB01,5,0.5,0.3331225000872465,0.3331225000872465,0.16687749991275352,0.2722439236111111,0.46332141757011414,1.7018613727884304,0.0,0.23004534771592783,0.2073967490812753,0.08449971799720968,0.0284981130092893,0.0
ketone,full_patch,3,ketone_05_c0.5_wB11,5,0.5,0.44233204771299683,0.4423320477129968,0.05766795228700322,0.2683376736111111,0.4404009282588959,1.6412191487399856,0.0,0.1889538865705751,0.15895966742267942,0.07041645849714599,0.021725823742657774,5.551115123125783e-17
ketone,full_patch,3,ketone_05_c0.5_wC02,5,0.5,0.413891586261011,0.413891586261011,0.08610841373898898,0.2696397569444444,0.49776822328567505,1.8460490727568537,0.0,0.23172128528718955,0.1514993732743511,0.08593735876083458,0.02074310242306373,0.0
ketone,full_patch,3,ketone_05_c0.5_wC05,5,0.5,0.4987570977740782,0.4987570977740782,0.001242902225921827,0.2683376736111111,0.42676326632499695,1.590396385948715,0.0,0.1472279097151451,0.15704725442137513,0.054866656527892334,0.021464444560987592,0.0
ketone,full_patch,3,ketone_05_c0.5_wC10,5,0.5,0.3706800280062445,0.3706800280062445,0.1293199719937555,0.2752821180555556,0.41942495107650757,1.5236185845964105,0.0,0.18874904748378502,0.22216592104437144,0.06856567684708564,0.03065550424232561,0.0
ketone,full_patch,3,ketone_05_c0.5_wD05,5,0.5,0.4809556763111964,0.4809556763111964,0.0190443236888036,0.2722439236111111,0.4338374733924866,1.5935616400100265,0.0,0.16643580635829291,0.16024009160298247,0.06113481033870178,0.022018379069823867,0.0
ketone,full_patch,3,ketone_05_c0.5_wD09,5,0.5,0.3736114235498831,0.3736114235498831,0.12638857645011692,0.2748480902777778,0.3964690566062927,1.442502497308959,0.0,0.1736601223863823,0.2382352105403005,0.06318403821211604,0.03285314529910833,0.0
ketone,full_patch,3,ketone_05_c0.5_wD10,5,0.5,0.35321316375512707,0.353213163755127,0.146786836244873,0.2679036458333333,0.396554172039032,1.4802119277082701,0.0,0.17943752614992386,0.2503306114699521,0.06697838157139321,0.034193670006033475,5.551115123125783e-17
ketone,full_patch,3,ketone_05_c0.5_wF04,5,0.5,0.41869262812784924,0.4186926281278492,0.08130737187215081,0.2709418402777778,0.42971667647361755,1.5860107690752339,0.0,0.18712419174517125,0.18972272914190424,0.06906433925204239,0.026022989608152847,5.551115123125783e-17
ketone,full_patch,3,ketone_05_c0.5_wG02,5,0.5,0.35814142257690185,0.3581414225769018,0.1418585774230982,0.2731119791666667,0.3607219159603119,1.3207839402027153,0.0,0.1634893478738727,0.24636876076582037,0.05986165395334171,0.03389363336643978,5.551115123125783e-17
ketone,full_patch,3,ketone_05_c0.5_wG04,5,0.5,0.3933091147268305,0.3933091147268305,0.1066908852731695,0.2657335069444444,0.37813764810562134,1.4229957390532488,0.0,0.17057705775683518,0.22516145367907592,0.06419102344985682,0.03066481390729073,0.0
ketone,full_patch,3,ketone_05_c0.5_wG07,5,0.5,0.3951601960849831,0.3951601960849831,0.1048398039150169,0.2687717013888889,0.3796440362930298,1.41251491258642,0.0,0.16221497292332643,0.22146062015889978,0.06035418613085895,0.03028611181754593,0.0
ketone,full_patch,3,ketone_05_c0.5_wG08,5,0.5,0.3752485619887431,0.3752485619887431,0.12475143801125688,0.2722439236111111,0.3759819567203522,1.3810481120505245,0.0,0.19953094458118303,0.25024749517000044,0.07329123895018665,0.03438617735927724,0.0
ketone,full_patch,3,ketone_05_c0.5_wH09,5,0.5,0.2539210980183482,0.2539210980183482,0.24607890198165178,0.2679036458333333,0.4032270610332489,1.5051197223501103,0.0,0.2516812668706338,0.30497084838997884,0.09394469645523537,0.04165720081165029,0.0
ketone,full_patch,3,ketone_05_c0.5_wH10,5,0.5,0.23381187965066366,0.2338118796506636,0.26618812034933637,0.2666015625,0.3494666814804077,1.310820079985119,,0.1910030374238649,0.33926833865845873,0.07164363015459256,0.046259757494841784,5.551115123125783e-17
ketone,full_patch,3,ketone_05_c0.5_wH12,5,0.5,0.2765850612022567,0.2765850612022567,0.22341493879774332,0.2666015625,0.37903130054473877,1.4217144753033424,0.0,0.21922092921679065,0.3054030633676019,0.0822279236329647,0.04164217535132149,0.0
ketone,full_patch,3,ketone_06_c1_wA07,6,1.0,1.1090746689007367,1.1090746689007367,0.1090746689007367,0.2731119791666667,0.17170192301273346,0.628686898087148,0.0008475431241095066,0.0988374366202649,0.2982618226218725,0.036189345089088644,0.04103270573642599,0.0
ketone,full_patch,3,ketone_06_c1_wA08,6,1.0,1.1528743956193792,1.1528743956193792,0.1528743956193792,0.2657335069444444,0.1284610778093338,0.48342069950625577,0.0033883487340062857,0.08963208375935539,0.33123397557541256,0.03373006467644832,0.04511086624653468,0.0
ketone,full_patch,3,ketone_06_c1_wA10,6,1.0,1.1546949807993103,1.1546949807993103,0.15469498079931032,0.2679036458333333,0.1425636112689972,0.532145095769574,0.011549786664545536,0.1285772331176025,0.3424122201466391,0.04799383476759112,0.04677146911029236,0.0
ketone,full_patch,3,ketone_06_c1_wB01,6,1.0,0.8915504899503852,0.8915504899503852,0.10844951004961478,0.2744140625,0.41456934809684753,1.5107438165522131,5.722603191316011e-07,0.09105197113336905,0.11772898440218516,0.03318050478312096,0.01622536743308716,0.0
ketone,full_patch,3,ketone_06_c1_wB11,6,1.0,1.0805924168096164,1.0805924168096164,0.08059241680961637,0.2679036458333333,0.22810223698616028,0.8514338663687538,0.08543047308921814,0.08943484165346804,0.23613891119786623,0.03338321185412562,0.03225516830590685,0.0
ketone,full_patch,3,ketone_06_c1_wC02,6,1.0,0.9088640995195616,0.9088640995195616,0.0911359004804384,0.2679036458333333,0.39201176166534424,1.4632565392903252,0.00023562625574413687,0.09520868877633126,0.13327068562263822,0.03553840728078854,0.01820398160216739,0.0
ketone,full_patch,3,ketone_06_c1_wC05,6,1.0,1.0172094125396538,1.0172094125396538,0.0172094125396538,0.2731119791666667,0.2363836169242859,0.8655190359849895,0.01840510405600071,0.1419024193172569,0.20180566409774037,0.05195759620293363,0.02776296462643343,0.0
ketone,full_patch,3,ketone_06_c1_wC10,6,1.0,0.9569024763895277,0.9569024763895276,0.043097523610472366,0.2722439236111111,0.30975109338760376,1.1377704570187948,0.012946090660989285,0.11293261745811511,0.15417770946237552,0.04148214437999159,0.021185355157376667,1.1102230246251565e-16
ketone,full_patch,3,ketone_06_c1_wD05,6,1.0,0.9117420876964135,0.9117420876964136,0.08825791230358637,0.2731119791666667,0.3767718970775604,1.3795509747583619,0.0031187492422759533,0.07729032149819393,0.10738980666935305,0.02829986503485718,0.014773913394010418,1.1102230246251565e-16
ketone,full_patch,3,ketone_06_c1_wD09,6,1.0,0.9873074114131868,0.9873074114131868,0.012692588586813214,0.2718098958333333,0.2652953565120697,0.9760327367725488,0.006891191005706787,0.10517383034987415,0.17755254871905746,0.038693893034109396,0.024382719251897386,0.0
ketone,full_patch,3,ketone_06_c1_wD10,6,1.0,1.0562066853658014,1.0562066853658014,0.05620668536580142,0.2722439236111111,0.23119771480560303,0.849230027759441,0.004168532323092222,0.18978675186905303,0.2690615687642115,0.06971202491929825,0.03697139433026649,0.0
ketone,full_patch,3,ketone_06_c1_wF04,6,1.0,0.9471580323565925,0.9471580323565923,0.05284196764340765,0.2657335069444444,0.3157550096511841,1.18823935032475,0.0010013577993959188,0.0727604592385247,0.1418192669295255,0.027380987845742905,0.0193144135366116,1.1102230246251565e-16
ketone,full_patch,3,ketone_06_c1_wG02,6,1.0,1.0038886226694603,1.0038886226694603,0.0038886226694603288,0.2709418402777778,0.23022615909576416,0.8497253833506457,0.0034077560994774103,0.06533739497275004,0.18637879767974774,0.02411491518097174,0.025564325039686787,0.0
ketone,full_patch,3,ketone_06_c1_wG04,6,1.0,1.0285498396093513,1.028549839609351,0.02854983960935109,0.2657335069444444,0.20233328640460968,0.7614142782788416,0.011477041058242321,0.09510136818116566,0.21114005110677914,0.035788248638530945,0.02875523438746973,2.220446049250313e-16
ketone,full_patch,3,ketone_06_c1_wG07,6,1.0,0.9722130787414223,0.9722130787414224,0.027786921258577624,0.2752821180555556,0.3024458587169647,1.0986760086462541,0.0064193010330200195,0.13625221867263848,0.1849330102879958,0.049495484717660077,0.025517931169548876,1.1102230246251565e-16
ketone,full_patch,3,ketone_06_c1_wG08,6,1.0,0.8869417728191709,0.8869417728191709,0.11305822718082914,0.2657335069444444,0.3645530343055725,1.371874546410844,0.009901163168251514,0.19626103136862727,0.11839060826578329,0.07385633585517637,0.016123656654018898,0.0
ketone,full_patch,3,ketone_06_c1_wH09,6,1.0,1.1048527035148323,1.1048527035148323,0.10485270351483233,0.2731119791666667,0.296597957611084,1.0859939520634683,0.03479807823896408,0.5240231165060791,0.38692222549661115,0.19187115779578964,0.053229963131463935,0.0
ketone,full_patch,3,ketone_06_c1_wH10,6,1.0,0.9946667020429172,0.9946667020429172,0.0053332979570828165,0.2700737847222222,0.2918292284011841,1.0805537038751758,0.06862086802721024,0.3820711122639029,0.2780529087698125,0.14146915912511568,0.03809328983532915,0.0
ketone,full_patch,3,ketone_06_c1_wH12,6,1.0,0.9181055809400751,0.9181055809400752,0.08189441905992478,0.2648654513888889,0.4197564721107483,1.5847913342780238,0.011185369454324245,0.5798177575572907,0.24640941458064236,0.21891030125555067,0.03351895446162657,1.1102230246251565e-16
ketone,full_patch,3,ketone_07_c5_wA07,7,5.0,5.686253019673928,5.686253019673928,0.686253019673928,0.2679036458333333,0.3258810341358185,1.2164113449152303,0.32608479261398315,1.8748446795171505,4.050959941953301,0.6998205170688563,0.5533369916265246,0.0
ketone,full_patch,3,ketone_07_c5_wA08,7,5.0,6.143566631720555,6.143566631720555,1.1435666317205548,0.2705078125,0.34794434905052185,1.2862635863817125,0.3484324514865875,2.2630933008246013,4.306070526223804,0.8366092202326324,0.5902832956965429,0.0
ketone,full_patch,3,ketone_07_c5_wA10,7,5.0,5.791978759477368,5.791978759477368,0.7919787594773684,0.2700737847222222,0.3615208566188812,1.3386003272798752,0.36193954944610596,2.1139709901533648,3.9449696431970422,0.7827383143934677,0.5404614275561758,0.0
ketone,full_patch,3,ketone_07_c5_wB01,7,5.0,5.052267985266131,5.052267985266131,0.05226798526613141,0.2700737847222222,0.32997316122055054,1.2217889328278801,0.33018022775650024,1.6873891433216563,3.4976216231650668,0.6247882018823779,0.4791746823114205,0.0
ketone,full_patch,3,ketone_07_c5_wB11,7,5.0,5.550619232018479,5.550619232018479,0.5506192320184793,0.2666015625,0.3260531723499298,1.2229979798033996,0.32636338472366333,1.8418627548032784,3.921318241903014,0.6908672018016693,0.5346777469652045,0.0
ketone,full_patch,3,ketone_07_c5_wC02,7,5.0,4.251046382743023,4.251046382743023,0.7489536172569773,0.2731119791666667,0.28415822982788086,1.040445866544994,0.2845465838909149,1.0506790223283877,3.0061270876233266,0.38470631187041804,0.4135612365955603,0.0
ketone,full_patch,3,ketone_07_c5_wC05,7,5.0,5.083483625957337,5.083483625957337,0.08348362595733683,0.2674696180555556,0.2475300282239914,0.9254510101875475,0.24783068895339966,1.3297588273386252,3.7848901120671488,0.4971625700913902,0.5166871170613367,0.0
ketone,full_patch,3,ketone_07_c5_wC10,7,5.0,5.486951296699569,5.486951296699569,0.48695129669956927,0.2735460069444444,0.317658394575119,1.161261310751407,0.3179563581943512,1.7011545935181296,3.913071737209701,0.6218897554090871,0.5386537584783362,0.0
ketone,full_patch,3,ketone_07_c5_wD05,7,5.0,5.036897248858767,5.036897248858767,0.03689724885876711,0.2700737847222222,0.34103909134864807,1.2627626620607235,0.3415519893169403,1.6250457308271065,3.442535297029657,0.6017043573845968,0.47162784744202946,0.0
ketone,full_patch,3,ketone_07_c5_wD09,7,5.0,4.75276510865112,4.75276510865112,0.24723489134887977,0.2705078125,0.3099469542503357,1.1457966828604467,0.31029418110847473,1.3736823372824967,3.3053083746503775,0.5078161420134573,0.4530971587204801,0.0
ketone,full_patch,3,ketone_07_c5_wD10,7,5.0,5.219049127228968,5.219049127228968,0.21904912722896785,0.2735460069444444,0.3066398501396179,1.1209809039614118,0.3069285452365875,1.5067777013575805,3.7640944658502384,0.5508315468350442,0.5181462971960538,0.0
ketone,full_patch,3,ketone_07_c5_wF04,7,5.0,4.28007538561047,4.28007538561047,0.7199246143895301,0.2683376736111111,0.32735857367515564,1.21995010715335,0.3285892903804779,1.2438189531731725,2.8972387016953287,0.46352751607132864,0.3959803036456199,0.0
ketone,full_patch,3,ketone_07_c5_wG02,7,5.0,4.6166680819139145,4.6166680819139145,0.38333191808608547,0.2683376736111111,0.3586627244949341,1.3366096518177568,0.35912004113197327,1.556077068766693,3.042918384494145,0.5798951179035117,0.41589108455432366,0.0
ketone,full_patch,3,ketone_07_c5_wG04,7,5.0,4.620081307127915,4.620081307127915,0.379918692872085,0.2657335069444444,0.28031811118125916,1.0548843252946039,0.2806260287761688,1.182784770162022,3.3834882992815216,0.4451018555252428,0.4607984064752254,0.0
ketone,full_patch,3,ketone_07_c5_wG07,7,5.0,5.4259463065627935,5.4259463065627935,0.42594630656279353,0.2718098958333333,0.31705620884895325,1.1664630821365083,0.3173883557319641,1.5742970815987185,3.891841087784974,0.5791904951702113,0.5344539929224604,0.0
ketone,full_patch,3,ketone_07_c5_wG08,7,5.0,5.723497345703359,5.723497345703359,0.7234973457033593,0.2687717013888889,0.3118254840373993,1.160187186471002,0.31218189001083374,1.832957757234575,4.119744516481621,0.6819757242904256,0.5634005856046093,0.0
ketone,full_patch,3,ketone_07_c5_wH09,7,5.0,4.037471306056388,4.037471306056388,0.9625286939436117,0.2687717013888889,0.29148536920547485,1.084509149211811,0.2928332984447479,0.901105843067791,2.7167258529401064,0.3352681247360824,0.3715290912701591,0.0
ketone,full_patch,3,ketone_07_c5_wH10,7,5.0,4.018733319593455,4.018733319593455,0.9812666804065451,0.2744140625,0.26219412684440613,0.955468988927658,0.26275160908699036,0.6900628383815279,2.787301491672156,0.25146773896892693,0.38414491621430524,0.0
ketone,full_patch,3,ketone_07_c5_wH12,7,5.0,3.899306215870256,3.899306215870256,1.100693784129744,0.2731119791666667,0.2912121117115021,1.0662736676731042,0.29232287406921387,0.7558339542990797,2.6432279294941172,0.2767487374978275,0.36363619343510656,0.0
ketone,full_patch,3,ketone_08_c10_wA07,8,10.0,11.0557680530041,10.0,0.0,0.2739800347222222,0.375507116317749,1.3705637956373764,0.3756170868873596,5.228887218760676,8.240910980596528,1.908492063687065,1.135080490168549,0.0
ketone,full_patch,3,ketone_08_c10_wA08,8,10.0,8.670155076648058,8.670155076648058,1.329844923351942,0.2687717013888889,0.33923834562301636,1.2621802960281465,0.33925551176071167,3.507981106399421,6.457444844040268,1.305189902162982,0.8830955881091423,0.0
ketone,full_patch,3,ketone_08_c10_wA10,8,10.0,8.150465024506738,8.150465024506738,1.8495349754932615,0.2666015625,0.3438183069229126,1.2896335028903387,0.3438183069229126,3.5662988130243782,5.968463097875121,1.3376886390245288,0.8138090828527463,0.0
ketone,full_patch,3,ketone_08_c10_wB01,8,10.0,10.223583270056317,10.0,0.0,0.2739800347222222,0.40197473764419556,1.4671679929223391,0.40208250284194946,5.0428447180152025,7.20652752413601,1.8405883929199252,0.9926073481159389,0.0
ketone,full_patch,3,ketone_08_c10_wB11,8,10.0,7.716321915365256,7.716321915365256,2.2836780846347438,0.2735460069444444,0.38569176197052,1.4099703603015918,0.38569176197052,3.6249328583285827,5.340255143560533,1.3251638723663715,0.7351126423159653,0.0
ketone,full_patch,3,ketone_08_c10_wC02,8,10.0,10.257047731928127,10.0,0.0,0.2700737847222222,0.3637683093547821,1.3469219521951274,0.36386409401893616,4.603194610054564,7.610075481401431,1.7044211139519032,1.0425814722252948,1.7763568394002505e-15
ketone,full_patch,3,ketone_08_c10_wC05,8,10.0,10.010822066883144,10.0,0.0,0.2666015625,0.3860573172569275,1.4480684720552885,0.38634729385375977,4.765449516786087,7.235107498006416,1.7874799652706788,0.9865179864125927,0.0
ketone,full_patch,3,ketone_08_c10_wC10,8,10.0,9.82136774717577,9.82136774717577,0.17863225282422945,0.2739800347222222,0.3873276710510254,1.4137076500618813,0.387479692697525,4.676664733056187,7.093547153820584,1.70693632395429,0.9770457415873637,0.0
ketone,full_patch,3,ketone_08_c10_wD05,8,10.0,9.55757051789742,9.55757051789742,0.4424294821025807,0.2687717013888889,0.3762437701225281,1.3998637809645615,0.37634870409965515,4.311825392877202,6.967440680764208,1.6042706023720747,0.9528406783487601,0.0
ketone,full_patch,3,ketone_08_c10_wD09,8,10.0,10.08793705495557,10.0,0.0,0.2739800347222222,0.38998672366142273,1.4234129288172959,0.3901539146900177,4.786781804242514,7.261383138533128,1.747127964669268,1.000163010084013,0.0
ketone,full_patch,3,ketone_08_c10_wD10,8,10.0,9.94820562481732,9.94820562481732,0.051794375182680596,0.2731119791666667,0.3738540709018707,1.3688673489994598,0.37394440174102783,4.598966865082124,7.28082078287739,1.6839125398727395,1.0016426979399617,0.0
ketone,full_patch,3,ketone_08_c10_wF04,8,10.0,9.940996874545519,9.94099687454552,0.05900312545447939,0.2657335069444444,0.3758624196052551,1.414433670511242,0.3761346638202667,4.5387774289765055,7.305531205945949,1.708018488585034,0.9949427455888558,1.7763568394002505e-15
ketone,full_patch,3,ketone_08_c10_wG02,8,10.0,12.154839270255195,10.0,0.0,0.2674696180555556,0.3503965437412262,1.3100424126243977,0.3506377041339874,5.641798962205433,9.35328272663267,2.1093232955653254,1.27684570594944,1.7763568394002505e-15
ketone,full_patch,3,ketone_08_c10_wG04,8,10.0,9.490084148478198,9.490084148478198,0.5099158515218019,0.2666015625,0.3989163041114807,1.4963014483888508,0.3995620012283325,4.621104867009271,6.783494112531686,1.7333375032298513,0.9249398097513246,0.0
ketone,full_patch,3,ketone_08_c10_wG07,8,10.0,10.07466838776297,10.0,0.0,0.2705078125,0.3830408453941345,1.4160065909155009,0.3831995725631714,4.76509323066132,7.323151330903885,1.7615362701072894,1.0038697406754455,0.0
ketone,full_patch,3,ketone_08_c10_wG08,8,10.0,9.667165348004678,9.667165348004678,0.3328346519953218,0.2739800347222222,0.4232048988342285,1.544655979269802,0.4236980378627777,4.902094024983081,6.609097841210236,1.789215783534419,0.9103190211417357,0.0
ketone,full_patch,3,ketone_08_c10_wH09,8,10.0,8.169071473315894,8.169071473315894,1.8309285266841062,0.2657335069444444,0.41390860080718994,1.5576078664920632,0.41448917984962463,3.981084171431485,5.5197623441007515,1.4981491108171732,0.7517382852553942,0.0
ketone,full_patch,3,ketone_08_c10_wH10,8,10.0,9.20299723626294,9.20299723626294,0.7970027637370602,0.2718098958333333,0.3871895968914032,1.4244867564675339,0.38747158646583557,4.313253817471788,6.602156536783052,1.5868641589548902,0.9066528780061482,0.0
ketone,full_patch,3,ketone_08_c10_wH12,8,10.0,10.714955534566956,10.0,0.0,0.2683376736111111,0.36631861329078674,1.3651404529267654,0.3664512038230896,5.030747238181978,8.041696831874262,1.8747823108404817,1.0990994809810648,0.0
ketone,full_patch,4,ketone_01_c0_wA01,1,0.0,0.0793508168649878,0.0793508168649878,0.0793508168649878,0.2657335069444444,0.4433983862400055,1.6685829022408702,0.0,0.7325942805521614,1.9482219125504723,0.27568758226087053,0.2653289958041252,0.0
ketone,full_patch,4,ketone_01_c0_wA02,1,0.0,0.05930379017457479,0.0593037901745747,0.0593037901745747,0.2687717013888889,0.43404367566108704,1.6149158316078231,0.0,0.7295646255447885,1.9541509215844355,0.2714439882527562,0.26724224504113603,9.020562075079397e-17
ketone,full_patch,4,ketone_01_c0_wA03,1,0.0,0.051041079621770964,0.0510410796217709,0.0510410796217709,0.2752821180555556,0.4362490475177765,1.5847344193629593,0.0,0.7615317058101633,1.9461619395079484,0.27663682304873727,0.268540626358815,6.245004513516506e-17
ketone,full_patch,4,ketone_01_c0_wB03,1,0.0,0.000759302205140807,0.0007593022051408,0.0007593022051408,0.2739800347222222,0.4105694591999054,1.4985378756381498,0.0,0.7179188016570909,1.9592790632977852,0.26203325449789105,0.26986572780380197,7.047314121155779e-18
ketone,full_patch,4,ketone_01_c0_wB06,1,0.0,0.02122565298901019,0.0212256529890101,0.0212256529890101,0.2657335069444444,0.4114821255207062,1.5484766307875983,,0.716352101910358,2.0283571423413647,0.26957537652943486,0.27624263963082635,9.020562075079397e-17
ketone,full_patch,4,ketone_01_c0_wB07,1,0.0,-0.05686132217039394,0.0,0.0,0.2744140625,0.37635868787765503,1.3714992753975757,,0.7355105006822389,2.065042736574183,0.2680294493589369,0.28460346732866265,4.163336342344337e-17
ketone,full_patch,4,ketone_01_c0_wC06,1,0.0,-0.00876528997430007,0.0,0.0,0.2679036458333333,0.3982864022254944,1.4866777978574957,0.0,0.7129069031969824,2.046018393692411,0.26610571161860636,0.27947392198413007,6.938893903907228e-17
ketone,full_patch,4,ketone_01_c0_wC07,1,0.0,-0.04706063935009878,0.0,0.0,0.2657335069444444,0.3705088198184967,1.3942871716812029,,0.699750244377439,2.1254912790515346,0.26332781756563817,0.2894713702931719,7.632783294297951e-17
ketone,full_patch,4,ketone_01_c0_wD11,1,0.0,0.023313476771235544,0.0233134767712355,0.0233134767712355,0.2700737847222222,0.4136880040168762,1.5317591984811296,,0.7456028351803623,1.9767175158233898,0.2760737536770679,0.27081059351610465,4.5102810375396984e-17
ketone,full_patch,4,ketone_01_c0_wD12,1,0.0,0.0211333865531765,0.0211333865531765,0.0211333865531765,0.2718098958333333,0.4222058355808258,1.5533129663524514,0.0,0.7620190616483599,1.961213029703209,0.2803500068723068,0.26932706424891634,0.0
ketone,full_patch,4,ketone_01_c0_wE04,1,0.0,-0.066468158026045,0.0,0.0,0.2722439236111111,0.3677065074443817,1.3506509257104113,,0.688999236667459,2.052310321789882,0.25308158489945404,0.2820052471390421,0.0
ketone,full_patch,4,ketone_01_c0_wE12,1,0.0,0.03136687657580414,0.0313668765758041,0.0313668765758041,0.2718098958333333,0.4325839877128601,1.5914946230585705,0.0,0.7861735123354296,1.9350593448206155,0.28923653052628023,0.26573546299905815,4.163336342344337e-17
ketone,full_patch,4,ketone_01_c0_wF07,1,0.0,-0.0011019638778672844,0.0,0.0,0.2679036458333333,0.3945618271827698,1.4727751313553692,,0.7203910644077969,2.044659352015995,0.2688993134703223,0.27928828498857877,8.435092901937224e-17
ketone,full_patch,4,ketone_01_c0_wF08,1,0.0,-0.024609802410940237,0.0,0.0,0.2731119791666667,0.37692496180534363,1.3801114215327956,,0.7295517354366943,2.038369081181396,0.2671254983625178,0.28042408497040977,3.8163916471489756e-17
ketone,full_patch,4,ketone_01_c0_wF09,1,0.0,-0.07986861361182447,0.0,0.0,0.2705078125,0.34446004033088684,1.2733829649777189,,0.6876507825810483,2.1101013580509482,0.2542073651129941,0.289256196873383,6.938893903907228e-17
ketone,full_patch,4,ketone_01_c0_wF11,1,0.0,0.01577409920161871,0.0157740992016187,0.0157740992016187,0.2731119791666667,0.4045488238334656,1.4812562417358834,,0.745904668995672,1.9945582605800711,0.2731131279087848,0.27439690893425794,1.0408340855860843e-17
ketone,full_patch,4,ketone_01_c0_wG01,1,0.0,-0.09729046890402197,0.0,0.0,0.2683376736111111,0.3682328760623932,1.3722742360659181,0.0,0.6517795839505074,2.055626942156797,0.24289529501366258,0.2809529571246781,6.938893903907228e-17
ketone,full_patch,4,ketone_01_c0_wG05,1,0.0,-0.03749434049176423,0.0,0.0,0.2687717013888889,0.38036948442459106,1.4152140365187853,,0.6935713673838122,2.036254704879281,0.25805222938268924,0.2784704460627312,2.7755575615628914e-17
ketone,full_patch,4,ketone_01_c0_wH07,1,0.0,-0.004295896679724352,0.0,0.0,0.2722439236111111,0.41526833176612854,1.5253539041676527,,0.8153960612246011,2.0711627801707153,0.2995093702768403,0.2845957385127973,5.204170427930421e-17
ketone,full_patch,4,ketone_02_c0.01_wA01,2,0.01,0.018340874963853677,0.0183408749638536,0.008340874963853601,0.2674696180555556,0.40947964787483215,1.5309389187888247,0.0,0.7694808780418941,2.002457646350538,0.28768907797298565,0.27336171928257386,7.632783294297951e-17
ketone,full_patch,4,ketone_02_c0.01_wA02,2,0.01,0.06748521301802869,0.0674852130180286,0.05748521301802859,0.2735460069444444,0.4535435140132904,1.6580154800263724,0.0,0.806940392342887,1.8686415470722182,0.2949925686565667,0.257227789362473,9.71445146547012e-17
ketone,full_patch,4,ketone_02_c0.01_wA03,2,0.01,0.0059967837377894444,0.0059967837377894,0.0040032162622106,0.2735460069444444,0.4318498969078064,1.5787102934955748,0.0,0.7317942143038607,1.880413103270655,0.267521439072764,0.25884820253536006,4.423544863740858e-17
ketone,full_patch,4,ketone_02_c0.01_wB03,2,0.01,0.017328381896854116,0.0173283818968541,0.007328381896854098,0.2739800347222222,0.44030046463012695,1.6070531017945546,0.0,0.7263306797382512,1.8299260157826898,0.265103506711593,0.25204899359517663,1.734723475976807e-17
ketone,full_patch,4,ketone_02_c0.01_wB06,2,0.01,0.026919485093104788,0.0269194850931047,0.016919485093104702,0.2666015625,0.4300183951854706,1.6129627716846955,0.0,0.696811506889161,1.930343458578982,0.2613681256609893,0.26320528649598907,8.673617379884035e-17
ketone,full_patch,4,ketone_02_c0.01_wB07,2,0.01,0.061685233325836517,0.0616852333258365,0.0516852333258365,0.2700737847222222,0.4697518050670624,1.7393461773796894,0.0,0.7475394264161138,1.8331320993738929,0.27679081373446784,0.2511393701178802,1.3877787807814457e-17
ketone,full_patch,4,ketone_02_c0.01_wC06,2,0.01,0.023519183864170904,0.0235191838641709,0.0135191838641709,0.2718098958333333,0.4492334723472595,1.6527487749111154,0.0,0.7324363169160141,1.8849145322987955,0.26946639108574794,0.25884923751550737,3.469446951953614e-18
ketone,full_patch,4,ketone_02_c0.01_wC07,2,0.01,0.049967554297254725,0.0499675542972547,0.039967554297254695,0.2752821180555556,0.4586595296859741,1.6661435654654857,0.0,0.7395220685100362,1.8267226257366718,0.26864152082729575,0.25205982510539254,2.7755575615628914e-17
ketone,full_patch,4,ketone_02_c0.01_wD11,2,0.01,0.01730966469385729,0.0173096646938572,0.0073096646938571996,0.2700737847222222,0.4339200556278229,1.6066722509706772,0.0,0.7280784174956079,1.8928227386111804,0.269585001833649,0.25931699656668117,9.020562075079397e-17
ketone,full_patch,4,ketone_02_c0.01_wD12,2,0.01,0.06887323715152029,0.0688732371515202,0.0588732371515202,0.2770182291666667,0.4501326382160187,1.6249206399525373,0.0,0.7482337742756026,1.8050762204422497,0.2701027208665865,0.2496710557946237,8.326672684688674e-17
ketone,full_patch,4,ketone_02_c0.01_wE04,2,0.01,0.03922994778552374,0.0392299477855237,0.0292299477855237,0.2722439236111111,0.45111215114593506,1.6570145814910073,0.0,0.7447853321353896,1.8145717476327603,0.27357280274849544,0.24933790407311052,3.469446951953614e-17
ketone,full_patch,4,ketone_02_c0.01_wE12,2,0.01,0.07656940448565872,0.0765694044856587,0.0665694044856587,0.2657335069444444,0.4242604672908783,1.5965636858116516,0.0,0.7463898023872552,2.0434630362598556,0.2808790697754571,0.2782999163908797,1.3877787807814457e-17
ketone,full_patch,4,ketone_02_c0.01_wF07,2,0.01,-0.022780569746588444,0.0,0.01,0.2666015625,0.39272624254226685,1.4730830489497482,0.0,0.6938937008912768,1.9974087566516985,0.2602736812134313,0.27234974258473227,4.5102810375396984e-17
ketone,full_patch,4,ketone_02_c0.01_wF08,2,0.01,0.0017891895370705211,0.0017891895370705,0.008210810462929501,0.2735460069444444,0.4096694588661194,1.4976254394724937,0.0,0.727230107625557,1.9558907199813564,0.2658529421609335,0.2692380713270826,2.1250362580715887e-17
ketone,full_patch,4,ketone_02_c0.01_wF09,2,0.01,0.00789286818321798,0.0078928681832179,0.0021071318167821002,0.2666015625,0.39338943362236023,1.4755706228179373,0.0,0.6895982111330017,2.011493767064511,0.25866247919421015,0.2742702553227776,7.979727989493313e-17
ketone,full_patch,4,ketone_02_c0.01_wF11,2,0.01,0.031485071601377625,0.0314850716013776,0.021485071601377595,0.2657335069444444,0.4076218605041504,1.5339498025341978,0.0,0.7000365350567418,1.9933864160294976,0.2634355535762733,0.2714799646834321,2.7755575615628914e-17
ketone,full_patch,4,ketone_02_c0.01_wG01,2,0.01,-0.031773969068206266,0.0,0.01,0.2700737847222222,0.4044720232486725,1.4976352616551891,0.0,0.7644030666398517,2.1168920714712067,0.28303490004631876,0.2900145284774586,6.938893903907228e-17
ketone,full_patch,4,ketone_02_c0.01_wG05,2,0.01,0.029177382667284976,0.0291773826672849,0.0191773826672849,0.2722439236111111,0.4219544529914856,1.5499132079591595,0.0,0.726343264191633,1.9190271922213478,0.26679870557154606,0.2636909885718196,7.632783294297951e-17
ketone,full_patch,4,ketone_02_c0.01_wH07,2,0.01,0.0708939768426486,0.0708939768426486,0.0608939768426486,0.2679036458333333,0.4398506283760071,1.6418239737194336,0.0,0.7963993828459721,1.9976581313913864,0.2972708267439643,0.27286819829410136,0.0
ketone,full_patch,4,ketone_03_c0.05_wA01,3,0.05,0.11623478248808719,0.1162347824880871,0.06623478248808709,0.2674696180555556,0.5541962385177612,2.07199697126965,0.0,0.8500812216222955,1.5378537465508955,0.3178234701205304,0.20993719638887653,9.71445146547012e-17
ketone,full_patch,4,ketone_03_c0.05_wA02,3,0.05,0.008336570116314024,0.008336570116314,0.041663429883686,0.2705078125,0.46494075655937195,1.7187701614324797,0.0,0.7649669184317158,1.6773054924425175,0.2827892146115802,0.22992782118623,2.42861286636753e-17
ketone,full_patch,4,ketone_03_c0.05_wA03,3,0.05,0.026407689664547967,0.0264076896645479,0.023592310335452102,0.2718098958333333,0.506061851978302,1.8618227656016093,0.0,0.8042716770417371,1.5848654345392257,0.2958949211823014,0.21764446199841309,6.591949208711867e-17
ketone,full_patch,4,ketone_03_c0.05_wB03,3,0.05,0.08133960304007794,0.0813396030400779,0.03133960304007789,0.2722439236111111,0.5213362574577332,1.9149601230492104,0.0,0.8208985403880908,1.5973454346148561,0.30153052802776587,0.21948912368287635,4.163336342344337e-17
ketone,full_patch,4,ketone_03_c0.05_wB06,3,0.05,0.11588513432136226,0.1158851343213622,0.0658851343213622,0.2722439236111111,0.5477750897407532,2.012074622180463,0.0,0.8457062901795482,1.5503871651540793,0.3106428525426352,0.21303664997852984,5.551115123125783e-17
ketone,full_patch,4,ketone_03_c0.05_wB07,3,0.05,0.04234028892120792,0.0423402889212079,0.007659711078792104,0.2666015625,0.4795868396759033,1.7988898308722527,0.0,0.7569175124930057,1.723065259743324,0.28391338197539845,0.23494258668138002,2.0816681711721685e-17
ketone,full_patch,4,ketone_03_c0.05_wC06,3,0.05,0.061332111559579336,0.0613321115595793,0.011332111559579298,0.2657335069444444,0.49828147888183594,1.8751172353511638,0.0,0.7785547025077124,1.7526103616909505,0.2929832641205014,0.23868859307438747,3.469446951953614e-17
ketone,full_patch,4,ketone_03_c0.05_wC07,3,0.05,0.0809363454926658,0.0809363454926658,0.0309363454926658,0.2679036458333333,0.5138766169548035,1.9181396929345764,0.0,0.803682643945047,1.6392268089110462,0.2999894389063408,0.2239086152500993,0.0
ketone,full_patch,4,ketone_03_c0.05_wD11,3,0.05,-0.031216017963033568,0.0,0.05,0.2718098958333333,0.4307607114315033,1.5847867131947044,0.0,0.7388701147942113,1.8455996735040239,0.2718334122931518,0.2534502546716299,6.938893903907228e-17
ketone,full_patch,4,ketone_03_c0.05_wD12,3,0.05,0.1053919644713092,0.1053919644713092,0.0553919644713092,0.2679036458333333,0.5239749550819397,1.955833611192854,0.0,0.8455730993159479,1.6924696488569044,0.31562582759399666,0.23118126995502047,0.0
ketone,full_patch,4,ketone_03_c0.05_wE04,3,0.05,0.09832098402021369,0.0983209840202136,0.04832098402021359,0.2722439236111111,0.5091274976730347,1.8701151927280542,0.0,0.8220103914143768,1.7781906652373765,0.3019389305410481,0.2443388276551016,9.71445146547012e-17
ketone,full_patch,4,ketone_03_c0.05_wE12,3,0.05,0.12536816972012224,0.1253681697201222,0.07536816972012221,0.2657335069444444,0.5120863318443298,1.9270672251030396,0.0,0.8242767613010543,1.7703368498306822,0.31018924590243024,0.2411027694405138,2.7755575615628914e-17
ketone,full_patch,4,ketone_03_c0.05_wF07,3,0.05,0.038525290971974525,0.0385252909719745,0.011474709028025505,0.2700737847222222,0.434028685092926,1.6070744724051451,0.0,0.7417844316625272,1.9669007137095025,0.2746599165207654,0.2694656901671886,2.7755575615628914e-17
ketone,full_patch,4,ketone_03_c0.05_wF08,3,0.05,0.29055494077310196,0.2905549407731019,0.2405549407731019,0.2705078125,0.4645400941371918,1.7172890122616764,0.0,0.7404445931306619,1.8036517578796913,0.27372392179270677,0.24724757698377564,5.551115123125783e-17
ketone,full_patch,4,ketone_03_c0.05_wF09,3,0.05,-0.016639232047898234,0.0,0.05,0.2705078125,0.3962697982788086,1.4649107344314078,0.0,0.7270909123482191,2.0210380557143925,0.2687873986442514,0.27704725154639065,3.469446951953614e-17
ketone,full_patch,4,ketone_03_c0.05_wF11,3,0.05,0.0653801562098888,0.0653801562098888,0.015380156209888793,0.2700737847222222,0.4561702609062195,1.689057904584861,0.0,0.772347208873752,1.8925055296555042,0.28597637111211327,0.2592735388925989,0.0
ketone,full_patch,4,ketone_03_c0.05_wG01,3,0.05,0.04229878288766175,0.0422987828876617,0.007701217112338302,0.2700737847222222,0.46769821643829346,1.7317423715127813,0.0,0.7946541999249015,1.896416835160453,0.29423596249529504,0.2598093883282107,4.85722573273506e-17
ketone,full_patch,4,ketone_03_c0.05_wG05,3,0.05,0.14091871229998368,0.1409187122999836,0.09091871229998359,0.2674696180555556,0.4887045919895172,1.827140575973789,0.0,0.8292840398122082,1.8864447115106187,0.3100479395906414,0.2575244328437544,8.326672684688674e-17
ketone,full_patch,4,ketone_03_c0.05_wH07,3,0.05,0.02584735935292091,0.0258473593529209,0.0241526406470791,0.2666015625,0.4135875701904297,1.5513321314102564,0.0,0.8144967864891122,2.100864688139825,0.30551088255122744,0.28645611726433834,1.0408340855860843e-17
ketone,full_patch,4,ketone_04_c0.1_wA01,4,0.1,0.22370737108277208,0.223707371082772,0.123707371082772,0.2731119791666667,0.5542310476303101,2.029317971776296,0.0,0.8015655202294748,1.5087616591006618,0.2934933585393262,0.20756452381357968,8.326672684688674e-17
ketone,full_patch,4,ketone_04_c0.1_wA02,4,0.1,0.09322624422220775,0.0932262442222077,0.006773755777792309,0.2700737847222222,0.471035361289978,1.7440987905377412,0.0,0.7418734363939542,1.668428249427948,0.27469287223007965,0.2285749181912884,5.551115123125783e-17
ketone,full_patch,4,ketone_04_c0.1_wA03,4,0.1,0.29776657707312154,0.2977665770731215,0.19776657707312148,0.2674696180555556,0.5632104277610779,2.1056987027367517,0.0,0.7337920104055962,1.5488832641814696,0.2743459297321693,0.21144287013326066,5.551115123125783e-17
ketone,full_patch,4,ketone_04_c0.1_wB03,4,0.1,0.17455517920778968,0.1745551792077896,0.07455517920778959,0.2731119791666667,0.509545624256134,1.8657022142012438,0.0,0.7611499756211306,1.6207920929095416,0.2786951996553174,0.2229768611472509,8.326672684688674e-17
ketone,full_patch,4,ketone_04_c0.1_wB06,4,0.1,0.1927078975909863,0.1927078975909863,0.0927078975909863,0.2722439236111111,0.5520181655883789,2.027660188944799,0.0,0.7987695891551095,1.6265210496202598,0.2934021735214623,0.22349810635605064,0.0
ketone,full_patch,4,ketone_04_c0.1_wB07,4,0.1,0.21531250739418775,0.2153125073941877,0.11531250739418769,0.2709418402777778,0.49718523025512695,1.8350256636088305,0.0,0.7464697584322031,1.7654174140460641,0.27550922281582635,0.24215042250109434,5.551115123125783e-17
ketone,full_patch,4,ketone_04_c0.1_wC06,4,0.1,0.12672283601271797,0.1267228360127179,0.026722836012717882,0.2739800347222222,0.47434550523757935,1.731314129215656,0.0,0.7413765925848932,1.7643868144413368,0.27059511593118324,0.24302180364506593,8.326672684688674e-17
ketone,full_patch,4,ketone_04_c0.1_wC07,4,0.1,0.12847187030586116,0.1284718703058611,0.028471870305861097,0.2687717013888889,0.4641331136226654,1.726867490975569,0.0,0.7354967656023546,1.825062064920879,0.2736511179568551,0.24958854415062803,5.551115123125783e-17
ketone,full_patch,4,ketone_04_c0.1_wD11,4,0.1,0.1873580516930736,0.1873580516930736,0.08735805169307359,0.2731119791666667,0.45007359981536865,1.6479452903847585,0.0,0.721901779711381,1.8035453417332064,0.2643244657060027,0.2481187321900766,0.0
ketone,full_patch,4,ketone_04_c0.1_wD12,4,0.1,0.18984960880777807,0.189849608807778,0.08984960880777798,0.2648654513888889,0.47494933009147644,1.7931720713326698,0.0,0.7501516635958712,1.8048569860288706,0.2832198988815874,0.2455138300109531,8.326672684688674e-17
ketone,full_patch,4,ketone_04_c0.1_wE04,4,0.1,0.22149017222817535,0.2214901722281753,0.12149017222817529,0.2752821180555556,0.5098348259925842,1.852044838923002,0.0,0.7661272550094614,1.7003091282463405,0.2783062192419076,0.23461669300671173,5.551115123125783e-17
ketone,full_patch,4,ketone_04_c0.1_wE12,4,0.1,0.17598478455061614,0.1759847845506161,0.07598478455061611,0.2731119791666667,0.5041199922561646,1.8458362529331793,0.0,0.7971984092116786,1.8134209570353068,0.29189434005938936,0.24947734796294058,2.7755575615628914e-17
ketone,full_patch,4,ketone_04_c0.1_wF07,4,0.1,0.1316016447651247,0.1316016447651247,0.0316016447651247,0.2705078125,0.4546170234680176,1.6806058918095668,0.0,0.7313300909610794,1.9484519079007079,0.2703545173805579,0.26709702191302875,0.0
ketone,full_patch,4,ketone_04_c0.1_wF08,4,0.1,0.1867000646309057,0.1867000646309057,0.08670006463090568,0.2657335069444444,0.45754560828208923,1.7218212845764536,0.0,0.7332613578097885,1.9975852542082189,0.27593861468252395,0.27205180586349853,0.0
ketone,full_patch,4,ketone_04_c0.1_wF09,4,0.1,0.1508424828386421,0.1508424828386421,0.050842482838642095,0.2722439236111111,0.46541598439216614,1.709555086551695,0.0,0.7710891873622889,1.8935108228208561,0.28323467320569373,0.2601848179978681,0.0
ketone,full_patch,4,ketone_04_c0.1_wF11,4,0.1,0.16572197090072785,0.1657219709007278,0.06572197090072779,0.2700737847222222,0.47377076745033264,1.7542271566180256,0.0,0.7940035245954933,1.988441938311051,0.2939950374717584,0.27241684113980447,5.551115123125783e-17
ketone,full_patch,4,ketone_04_c0.1_wG01,4,0.1,0.13815356122485947,0.1381535612248594,0.038153561224859384,0.2700737847222222,0.46332669258117676,1.7155559657806851,0.0,0.7383443858704293,1.8643653684094827,0.27338617357098743,0.25541833261872743,8.326672684688674e-17
ketone,full_patch,4,ketone_04_c0.1_wG05,4,0.1,0.15467169089205177,0.1546716908920517,0.054671690892051705,0.2744140625,0.48242542147636414,1.7580200412519462,0.0,0.793718904642313,1.9386084258206246,0.2892413374924301,0.26717833486410764,5.551115123125783e-17
ketone,full_patch,4,ketone_04_c0.1_wH07,4,0.1,0.032180984096235744,0.0321809840962357,0.0678190159037643,0.2718098958333333,0.4247136116027832,1.562539179453593,,0.8841595573834704,2.1229353443945085,0.32528600721940376,0.2915358684836804,4.163336342344337e-17
ketone,full_patch,4,ketone_05_c0.5_wA01,5,0.5,0.7280822649902357,0.7280822649902357,0.22808226499023565,0.2713758680555556,0.554799497127533,2.04439510816767,0.0,0.6365632237051853,1.4748715120772595,0.2345688392509791,0.20241870223833247,0.0
ketone,full_patch,4,ketone_05_c0.5_wA02,5,0.5,0.6703136676410031,0.6703136676410031,0.17031366764100309,0.2718098958333333,0.584344744682312,2.1498288091785183,0.0,0.7479381049180907,1.3243528699376097,0.27516956386926644,0.18186911115102086,0.0
ketone,full_patch,4,ketone_05_c0.5_wA03,5,0.5,0.5036951430745353,0.5036951430745353,0.003695143074535334,0.2770182291666667,0.6139005422592163,2.216101604959239,0.0,0.7287080958733987,1.4531148280008463,0.26305420335171337,0.20098913784865377,0.0
ketone,full_patch,4,ketone_05_c0.5_wB03,5,0.5,0.4388258411431564,0.4388258411431564,0.061174158856843575,0.2744140625,0.6149334907531738,2.240896421819395,0.0,0.7458634141674843,1.5297625464690792,0.27180218366815084,0.2108313388404222,0.0
ketone,full_patch,4,ketone_05_c0.5_wB06,5,0.5,0.43088508558848404,0.430885085588484,0.06911491441151602,0.2696397569444444,0.428509384393692,1.5891921475139903,0.0,0.6547679152670842,1.7411452408892127,0.24283062805237218,0.23839540246672092,5.551115123125783e-17
ketone,full_patch,4,ketone_05_c0.5_wB07,5,0.5,0.5579747721979411,0.5579747721979411,0.057974772197941116,0.2744140625,0.5683501362800598,2.071140710145129,0.0,0.6436632016869919,1.6169650105048905,0.23455911691369383,0.2228495519188436,0.0
ketone,full_patch,4,ketone_05_c0.5_wC06,5,0.5,0.5547545872750792,0.5547545872750792,0.0547545872750792,0.2705078125,0.5184381008148193,1.9165365170916064,0.0,0.6487775630298436,1.717880838682261,0.2398369041669891,0.23548995700276243,0.0
ketone,full_patch,4,ketone_05_c0.5_wC07,5,0.5,0.5438349557370694,0.5438349557370694,0.043834955737069414,0.2687717013888889,0.49261078238487244,1.8328223538389117,0.0,0.6409183999929988,1.7756501801394045,0.2384620094604553,0.24283116278624056,0.0
ketone,full_patch,4,ketone_05_c0.5_wD11,5,0.5,0.4405693135931676,0.4405693135931676,0.05943068640683241,0.2683376736111111,0.48259007930755615,1.79844325551898,0.0,0.650488914416363,1.7796499676971915,0.24241430793615862,0.24323378469964882,0.0
ketone,full_patch,4,ketone_05_c0.5_wD12,5,0.5,0.4806155017667624,0.4806155017667624,0.019384498233237624,0.2683376736111111,0.5106255412101746,1.9029215478337924,0.0,0.6671083177968964,1.771241155757609,0.24860777423437921,0.24208450973546086,0.0
ketone,full_patch,4,ketone_05_c0.5_wE04,5,0.5,0.57291701255845,0.57291701255845,0.07291701255844996,0.2709418402777778,0.5548050999641418,2.047690749407101,0.0,0.6168762314941054,1.7137544570883783,0.22767846813975473,0.2350641624724884,0.0
ketone,full_patch,4,ketone_05_c0.5_wE12,5,0.5,0.4456924216279056,0.4456924216279056,0.05430757837209438,0.2700737847222222,0.5592489838600159,2.07072665136758,0.0,0.7202758695920322,1.695288010896388,0.266695958785061,0.23225470950529378,0.0
ketone,full_patch,4,ketone_05_c0.5_wF07,5,0.5,0.5495787804045218,0.5495787804045218,0.049578780404521794,0.2679036458333333,0.444083034992218,1.6576222156696159,0.0,0.5901773394118717,1.8321846843305574,0.22029462778533052,0.2502655113500877,0.0
ketone,full_patch,4,ketone_05_c0.5_wF08,5,0.5,0.5382545935642873,0.5382545935642873,0.03825459356428729,0.2670355902777778,0.45309558510780334,1.6967610371204858,0.0,0.6053709124024875,1.8150100169424972,0.22670046032918834,0.24762594102356855,0.0
ketone,full_patch,4,ketone_05_c0.5_wF09,5,0.5,0.47710782619729714,0.4771078261972971,0.02289217380270292,0.2739800347222222,0.4289442300796509,1.5656039700649753,0.0,0.6371839556998726,1.8448238823738026,0.23256583507841688,0.25410098490445326,5.551115123125783e-17
ketone,full_patch,4,ketone_05_c0.5_wF11,5,0.5,0.45521093071703184,0.4552109307170318,0.04478906928296822,0.2722439236111111,0.4517548382282257,1.6593752846198997,0.0,0.6628044050720987,1.8318865516877405,0.24345976074708894,0.2517171083994963,5.551115123125783e-17
ketone,full_patch,4,ketone_05_c0.5_wG01,5,0.5,0.49041088257814086,0.4904108825781408,0.009589117421859195,0.2770182291666667,0.5251632928848267,1.8957716048674353,0.0,0.6900585775603603,1.704104917016095,0.24910222682319938,0.23570510153414875,5.551115123125783e-17
ketone,full_patch,4,ketone_05_c0.5_wG05,5,0.5,0.4070500308093687,0.4070500308093687,0.09294996919063131,0.2696397569444444,0.4308187663555145,1.597756841341015,0.0,0.6989145122348375,2.0157466083740814,0.25920306417530237,0.2759934741164097,0.0
ketone,full_patch,4,ketone_05_c0.5_wH07,5,0.5,0.3258996156034281,0.3258996156034281,0.17410038439657188,0.2679036458333333,0.539405345916748,2.0134304041995748,0.0,0.8826538002472211,1.9400228026611355,0.3294668863134221,0.26499555579257483,0.0
ketone,full_patch,4,ketone_06_c1_wA01,6,1.0,1.2078218667995104,1.2078218667995104,0.20782186679951042,0.2648654513888889,0.15560615062713623,0.5874913085537433,0.0002850318269338459,0.7472623979197826,1.2707052445395077,0.2821290560929421,0.1728534248513078,0.0
ketone,full_patch,4,ketone_06_c1_wA02,6,1.0,1.019702816492571,1.019702816492571,0.019702816492570996,0.2700737847222222,0.2739672064781189,1.014416140981255,0.00026919672382064164,0.7071917602902418,1.41907356154762,0.26185131630513736,0.1944132888839433,0.0
ketone,full_patch,4,ketone_06_c1_wA03,6,1.0,2.626895576623871,2.626895576623871,1.626895576623871,0.2770182291666667,0.3525541424751282,1.2726748832944696,0.3525659739971161,0.9667330466595172,1.9412757817372497,0.3489781338822605,0.2685096443717619,0.0
ketone,full_patch,4,ketone_06_c1_wB03,6,1.0,0.8773129923996652,0.8773129923996652,0.1226870076003348,0.2705078125,0.4942857623100281,1.82725133792588,0.0,0.5102373212903466,1.440159021969537,0.18862202779830864,0.19741938935700212,0.0
ketone,full_patch,4,ketone_06_c1_wB06,6,1.0,0.9800958164598834,0.9800958164598834,0.019904183540116582,0.2735460069444444,0.2587004005908966,0.9457290328622385,0.0012728930450975895,0.7621629511763615,1.8824966234040386,0.27862331448002176,0.25913500942929973,0.0
ketone,full_patch,4,ketone_06_c1_wB07,6,1.0,1.0279921239191108,1.0279921239191108,0.027992123919110767,0.2679036458333333,0.2000453770160675,0.7467064376590029,0.019295474514365196,0.9832015384211554,1.7193697354492787,0.3669981927132187,0.23485566150734477,0.0
ketone,full_patch,4,ketone_06_c1_wC06,6,1.0,0.9443327485274207,0.9443327485274208,0.05566725147257923,0.2657335069444444,0.34572404623031616,1.3010178889581845,0.0001597136870259419,0.7220958774437665,1.5759428164078586,0.2717368561258372,0.21462818081889798,1.1102230246251565e-16
ketone,full_patch,4,ketone_06_c1_wC07,6,1.0,0.9879858027865289,0.9879858027865288,0.01201419721347119,0.2709418402777778,0.21571214497089386,0.7961566391877284,0.003895965637639165,0.9837847458951261,1.7919312868956285,0.36309812647855355,0.24578715195758466,1.1102230246251565e-16
ketone,full_patch,4,ketone_06_c1_wD11,6,1.0,1.0303141544012568,1.0303141544012568,0.030314154401256843,0.2731119791666667,0.23374219238758087,0.8558474553213926,0.06461315602064133,1.3232859299753872,2.01467710812312,0.484521379843193,0.27716471456131775,0.0
ketone,full_patch,4,ketone_06_c1_wD12,6,1.0,1.1998508643779613,1.1998508643779613,0.1998508643779613,0.2700737847222222,0.2672615647315979,0.9895872159768607,0.10369932651519775,1.720179478314317,1.7869485529178717,0.6369294524766873,0.24481221738800515,0.0
ketone,full_patch,4,ketone_06_c1_wE04,6,1.0,0.9019726393330316,0.9019726393330316,0.09802736066696838,0.2705078125,0.33597567677497864,1.2420183863450474,0.00030351305031217635,0.6207629086065931,1.6781470981391973,0.22948058426467557,0.2300431898921738,0.0
ketone,full_patch,4,ketone_06_c1_wE12,6,1.0,1.0905293790009445,1.0905293790009445,0.09052937900094449,0.2744140625,0.2820819914340973,1.02794291540397,0.10149874538183212,1.5444725794704701,1.889970073340315,0.5628255947963564,0.2604750141454216,0.0
ketone,full_patch,4,ketone_06_c1_wF07,6,1.0,0.8974339882089148,0.8974339882089148,0.10256601179108515,0.2718098958333333,0.4572001099586487,1.682058368614334,0.002121477387845516,1.009089610805099,1.9514234184965245,0.3712482975321275,0.2679826884944713,0.0
ketone,full_patch,4,ketone_06_c1_wF08,6,1.0,0.911933394937746,0.911933394937746,0.08806660506225406,0.2687717013888889,0.29112136363983154,1.0831548192590583,0.05710719898343086,0.9155544098553898,2.2313520021988724,0.34064390154328916,0.30515121015380336,0.0
ketone,full_patch,4,ketone_06_c1_wF09,6,1.0,0.9887530358467185,0.9887530358467184,0.011246964153281636,0.2722439236111111,0.33391374349594116,1.2265241371297704,0.11593787372112274,1.215986037925381,2.2250326120808577,0.4466531417106542,0.30573878862288933,1.1102230246251565e-16
ketone,full_patch,4,ketone_06_c1_wF11,6,1.0,0.9489591190629696,0.9489591190629696,0.05104088093703041,0.2739800347222222,0.3632437586784363,1.3258037544477104,0.06805452704429626,1.6270513926101828,1.9393911174895253,0.593857648882988,0.26712641666093956,0.0
ketone,full_patch,4,ketone_06_c1_wG01,6,1.0,1.0665144710247016,1.0665144710247016,0.06651447102470165,0.2700737847222222,0.19144852459430695,0.7088748905830184,0.004476594738662243,0.866601776924679,1.5811894005224052,0.3208759331513798,0.21662318292276628,0.0
ketone,full_patch,4,ketone_06_c1_wG05,6,1.0,0.9512081321908705,0.9512081321908704,0.048791867809129585,0.2679036458333333,0.31593412160873413,1.1792826507679603,0.0186995267868042,0.8839537770294976,1.8967159917749101,0.3299521267356764,0.25908010345631494,1.1102230246251565e-16
ketone,full_patch,4,ketone_06_c1_wH07,6,1.0,1.213585669748889,1.213585669748889,0.21358566974888893,0.2744140625,0.20047475397586823,0.7305556870864379,0.056657031178474426,1.8087387035500426,1.7656210502690475,0.6591275560267771,0.24333727529952956,0.0
ketone,full_patch,4,ketone_07_c5_wA01,7,5.0,5.350240404822041,5.350240404822041,0.3502404048220411,0.2731119791666667,0.3886675536632538,1.4231069426144405,0.388693243265152,0.14250547078589904,0.8394527753875938,0.052178403605993066,0.11548584531978005,0.0
ketone,full_patch,4,ketone_07_c5_wA02,7,5.0,5.5566118114635445,5.5566118114635445,0.5566118114635445,0.2679036458333333,0.34962254762649536,1.3050309432668212,0.34976381063461304,0.3525708035358761,0.33299888153153034,0.13160358547535986,0.045485663142056966,0.0
ketone,full_patch,4,ketone_07_c5_wA03,7,5.0,5.70479228131418,5.70479228131418,0.7047922813141803,0.2718098958333333,0.34454047679901123,1.2675788559599552,0.34466469287872314,0.533496554917666,0.053616203122511585,0.19627561876731378,0.007362940366220635,0.0
ketone,full_patch,4,ketone_07_c5_wB03,7,5.0,3.708856385272745,3.708856385272745,1.2911436147272548,0.2722439236111111,0.32669761776924133,1.2000180332249215,0.32745081186294556,1.102797117451976,1.0661099960377172,0.40507685270774857,0.14649276462626515,0.0
ketone,full_patch,4,ketone_07_c5_wB06,7,5.0,6.163969398402464,6.163969398402464,1.1639693984024637,0.2731119791666667,0.3537640869617462,1.2953078368849633,0.353893905878067,0.4014291835396726,0.04164615116388415,0.14698336732227346,0.005729376461059209,0.0
ketone,full_patch,4,ketone_07_c5_wB07,7,5.0,6.30609964842098,6.30609964842098,1.3060996484209797,0.2735460069444444,0.3222050666809082,1.1778825444392107,0.3223317861557007,0.6102025701576812,0.5350218160897393,0.2230712767383257,0.0736484101132642,0.0
ketone,full_patch,4,ketone_07_c5_wC06,7,5.0,5.979289182269388,5.979289182269388,0.9792891822693877,0.2657335069444444,0.35742461681365967,1.3450491092505872,0.3577064573764801,0.3201680382253018,0.12138148846100627,0.12048463210634472,0.016530985631101433,0.0
ketone,full_patch,4,ketone_07_c5_wC07,7,5.0,5.641498349611912,5.641498349611912,0.6414983496119122,0.2705078125,0.3496723473072052,1.292651565496672,0.34987491369247437,0.5784883179426563,0.19848382582837854,0.21385272114558848,0.027208492322390847,0.0
ketone,full_patch,4,ketone_07_c5_wD11,7,5.0,5.44746553067439,5.44746553067439,0.44746553067439,0.2687717013888889,0.3473685681819916,1.2924298443137805,0.34771475195884705,0.5375088625643878,0.28500296385826385,0.19998714886529667,0.03897592098112123,0.0
ketone,full_patch,4,ketone_07_c5_wD12,7,5.0,4.139288713511413,4.139288713511413,0.8607112864885869,0.2731119791666667,0.35637521743774414,1.3048684957911203,0.356679767370224,0.9076249107951861,1.2251889853790603,0.33232702335671177,0.1685526450105004,0.0
ketone,full_patch,4,ketone_07_c5_wE04,7,5.0,5.168717828534736,5.168717828534736,0.16871782853473594,0.2705078125,0.33369946479797363,1.2336037976647112,0.33393776416778564,0.7396497149619741,0.23393670610411643,0.27343007513395723,0.032068432001421045,0.0
ketone,full_patch,4,ketone_07_c5_wE12,7,5.0,4.5818754801009804,4.5818754801009804,0.41812451989901955,0.2731119791666667,0.37167203426361084,1.360877817947333,0.3722583055496216,0.8461590945136255,1.224156774040738,0.3098213037360974,0.16841064083534024,0.0
ketone,full_patch,4,ketone_07_c5_wF07,7,5.0,6.224602297341527,6.224602297341527,1.2246022973415274,0.2718098958333333,0.304632306098938,1.1207550231568115,0.3047613799571991,0.7994207192090519,0.6258203375777907,0.2941102334623003,0.08594188989892593,0.0
ketone,full_patch,4,ketone_07_c5_wF08,7,5.0,5.819912803578942,5.819912803578942,0.8199128035789416,0.2679036458333333,0.3605957627296448,1.3459905019507519,0.3608948290348053,0.3569727985243034,0.16670131309228253,0.1332467116727412,0.022770406128034323,0.0
ketone,full_patch,4,ketone_07_c5_wF09,7,5.0,6.089366581744754,6.089366581744754,1.0893665817447538,0.2687717013888889,0.3295761048793793,1.2262306752395475,0.329806923866272,0.5269289705174582,0.2977115338613787,0.19605076270847377,0.04071389666221199,0.0
ketone,full_patch,4,ketone_07_c5_wF11,7,5.0,5.3737903089181565,5.3737903089181565,0.37379030891815646,0.2718098958333333,0.38600659370422363,1.4201344381549401,0.3866479694843292,0.30356067360082584,0.8020382806432567,0.11168124422775294,0.11014133205793851,0.0
ketone,full_patch,4,ketone_07_c5_wG01,7,5.0,5.211380285904018,5.211380285904018,0.21138028590401792,0.2657335069444444,0.31083276867866516,1.1697161274571575,0.31111660599708557,0.6603802128102751,0.2300947054032667,0.24851221074967322,0.031336675114474744,0.0
ketone,full_patch,4,ketone_07_c5_wG05,7,5.0,4.600953280139286,4.600953280139286,0.3990467198607144,0.2770182291666667,0.378898561000824,1.3677748289007416,0.37941569089889526,0.6826428975576189,0.8344839675451103,0.24642526219706287,0.11542254607377665,0.0
ketone,full_patch,4,ketone_07_c5_wH07,7,5.0,6.420173081938935,6.420173081938935,1.4201730819389349,0.2722439236111111,0.2970048785209656,1.090951359286257,0.2970268726348877,1.1280775151866083,0.9722581519467983,0.4143627891574246,0.13359670684869082,0.0
ketone,full_patch,4,ketone_08_c10_wA01,8,10.0,13.246252494178464,10.0,0.0,0.2666015625,0.4045608639717102,1.5174737168755723,0.4045608639717102,3.4704699834180364,3.0631065743959187,1.3017440523883037,0.4176592719282851,0.0
ketone,full_patch,4,ketone_08_c10_wA02,8,10.0,12.4531045669252,10.0,0.0,0.2700737847222222,0.382578045129776,1.4165686074391386,0.382578045129776,2.31608506543928,3.021188288437168,0.8575749282076499,0.4139032446296557,0.0
ketone,full_patch,4,ketone_08_c10_wA03,8,10.0,14.392376917949596,10.0,0.0,0.2687717013888889,0.38170671463012695,1.4201893750630803,0.3817131221294403,3.096676198206822,4.189038605647401,1.1521585725746497,0.5728769815943975,0.0
ketone,full_patch,4,ketone_08_c10_wB03,8,10.0,10.672642536835564,10.0,0.0,0.2739800347222222,0.3958522379398346,1.4448214751895112,0.3958880305290222,1.781023913643713,1.6284637391124637,0.6500560945798203,0.22430013181378666,0.0
ketone,full_patch,4,ketone_08_c10_wB06,8,10.0,9.475433730933938,9.475433730933938,0.524566269066062,0.2657335069444444,0.4068703055381775,1.531121574454816,0.4069705009460449,1.676486607548222,0.6122641554595276,0.6308901827343576,0.08338446071693521,0.0
ketone,full_patch,4,ketone_08_c10_wB07,8,10.0,11.898263396504547,10.0,0.0,0.2687717013888889,0.3834114074707031,1.4265319060355268,0.38341835141181946,2.157736357928812,2.5005489578580384,0.8028138181135216,0.34196556159103253,1.7763568394002505e-15
ketone,full_patch,4,ketone_08_c10_wC06,8,10.0,12.287461637568812,10.0,0.0,0.2700737847222222,0.38916826248168945,1.4409701514790076,0.38924410939216614,2.600263308669353,2.655503713481819,0.9627973745559165,0.36380440350005117,0.0
ketone,full_patch,4,ketone_08_c10_wC07,8,10.0,11.505146254980394,10.0,0.0,0.2744140625,0.4071308374404907,1.4836369307439947,0.4072706997394562,2.3781210894989275,1.9328581277669077,0.8666177920451609,0.2663858307985617,0.0
ketone,full_patch,4,ketone_08_c10_wD11,8,10.0,10.675921224655108,10.0,0.0,0.2735460069444444,0.3795819580554962,1.3876347978736427,0.3795980215072632,1.3711194308092605,2.295702447989047,0.5012390588789427,0.31601484332587093,0.0
ketone,full_patch,4,ketone_08_c10_wD12,8,10.0,13.853357272269285,10.0,0.0,0.2700737847222222,0.3440963923931122,1.2740829057030623,0.34411540627479553,2.0019785404228596,5.134211331190178,0.7412709613715177,0.7033877155975722,1.7763568394002505e-15
ketone,full_patch,4,ketone_08_c10_wE04,8,10.0,11.158297865862695,10.0,0.0,0.2696397569444444,0.3892669379711151,1.443655573578188,0.3894834518432617,1.719989730665766,2.301156849470269,0.6378843202340323,0.31507148305924826,1.7763568394002505e-15
ketone,full_patch,4,ketone_08_c10_wE12,8,10.0,10.642364253478735,10.0,0.0,0.2718098958333333,0.3604881167411804,1.3262508917711453,0.3604881167411804,1.3744937870984337,2.4158531990286196,0.5056820256247173,0.33176133336682695,0.0
ketone,full_patch,4,ketone_08_c10_wF07,8,10.0,10.873716452161725,10.0,0.0,0.2687717013888889,0.3996128439903259,1.4868114534577488,0.39976048469543457,1.8397895026195723,1.9218048959870533,0.6845175638329422,0.26281872564796976,0.0
ketone,full_patch,4,ketone_08_c10_wF08,8,10.0,11.373296477896417,10.0,0.0,0.2731119791666667,0.39382195472717285,1.4419797913252383,0.3939345180988312,1.9560775111376056,2.2144833559442034,0.7162181304189184,0.3046526139480785,1.7763568394002505e-15
ketone,full_patch,4,ketone_08_c10_wF09,8,10.0,11.225078192141329,10.0,0.0,0.2718098958333333,0.38896313309669495,1.4310116705066431,0.3890629708766937,1.8100905918074197,2.180552441001554,0.6659399159320232,0.2994482386569859,0.0
ketone,full_patch,4,ketone_08_c10_wF11,8,10.0,10.436038006824035,10.0,0.0,0.2718098958333333,0.3803460896015167,1.3993092062944426,0.380368173122406,1.3874879560593847,1.8544855108204867,0.5104626348520276,0.2546705180706542,1.7763568394002505e-15
ketone,full_patch,4,ketone_08_c10_wG01,8,10.0,10.788463409345852,10.0,0.0,0.2687717013888889,0.4129214286804199,1.5363277701730924,0.4133826196193695,1.9288719983928981,1.40918614598057,0.7176618626236959,0.192714935767279,0.0
ketone,full_patch,4,ketone_08_c10_wG05,8,10.0,13.164475990733916,10.0,0.0,0.2683376736111111,0.36516815423965454,1.3608530972392463,0.3652098476886749,2.6049714700067277,3.8572540871644954,0.9707811187861708,0.527190474081388,0.0
ketone,full_patch,4,ketone_08_c10_wH07,8,10.0,10.270005832255412,10.0,0.0,0.2718098958333333,0.40962842106819153,1.5070401311634545,0.4096907675266266,1.8116125308554984,1.0630515814661177,0.6664998436871967,0.14598544739668812,0.0
ketone,full_patch,5,ketone_01_c0_wA05,1,0.0,0.04346799405676065,0.0434679940567606,0.0434679940567606,0.2648654513888889,0.4048992991447449,1.5286980503555792,0.0,0.8408743821218438,2.705467279465708,0.3174722779858629,0.36802341620008805,4.85722573273506e-17
ketone,full_patch,5,ketone_01_c0_wA09,1,0.0,0.03527197907017255,0.0352719790701725,0.0352719790701725,0.2752821180555556,0.4310165047645569,1.565726491095844,0.0,0.9006356335098344,2.577303580517179,0.3271682301311247,0.35562853418245727,4.85722573273506e-17
ketone,full_patch,5,ketone_01_c0_wB02,1,0.0,0.005218268154877848,0.0052182681548778,0.0052182681548778,0.2731119791666667,0.39291083812713623,1.438643736265271,0.0,0.8152170059340533,2.6015022790890616,0.29849185247072846,0.3578958800430631,4.85722573273506e-17
ketone,full_patch,5,ketone_01_c0_wB05,1,0.0,0.010751053290784155,0.0107510532907841,0.0107510532907841,0.2679036458333333,0.38071027398109436,1.4210716423692855,0.0,0.8054511873047889,2.7287360035677803,0.30064958048606466,0.37272907972255315,5.551115123125783e-17
ketone,full_patch,5,ketone_01_c0_wB09,1,0.0,0.00271164987618438,0.0027116498761843,0.0027116498761843,0.2722439236111111,0.3713679313659668,1.364099982251395,0.0,0.8024330712954375,2.705684022796675,0.2947478351956458,0.3717844633083966,7.979727989493313e-17
ketone,full_patch,5,ketone_01_c0_wC11,1,0.0,-0.0015285151569437523,0.0,0.0,0.2679036458333333,0.37039944529533386,1.3825845637269327,0.0,0.7678852403662182,2.692750380481651,0.2866273947029189,0.36781365801865856,5.2258544713801314e-17
ketone,full_patch,5,ketone_01_c0_wD01,1,0.0,-0.020180767957158775,0.0,0.0,0.2700737847222222,0.39444589614868164,1.4605116026140017,0.0,0.7774432555644627,2.578115334157071,0.2878632801640052,0.35320218402841635,7.632783294297951e-17
ketone,full_patch,5,ketone_01_c0_wD04,1,0.0,0.03204652430039357,0.0320465243003935,0.0320465243003935,0.2705078125,0.3774033486843109,1.3951661698654672,0.0,0.7996337322144238,2.6733866412528577,0.29560467212547653,0.36647227853318964,6.938893903907228e-17
ketone,full_patch,5,ketone_01_c0_wD06,1,0.0,0.020820799814428026,0.020820799814428,0.020820799814428,0.2679036458333333,0.37419646978378296,1.3967576612099408,0.0,0.7997057903515228,2.757990898743805,0.2985050046123789,0.376725124096975,2.42861286636753e-17
ketone,full_patch,5,ketone_01_c0_wD08,1,0.0,-0.001208132496549606,0.0,0.0,0.2739800347222222,0.3626025915145874,1.3234635577815594,0.0,0.7650613360492053,2.686888928544578,0.2792398127932466,0.3700847162676256,5.854691731421724e-18
ketone,full_patch,5,ketone_01_c0_wE01,1,0.0,-0.038927136395875195,0.0,0.0,0.2687717013888889,0.3907615840435028,1.4538791919842236,0.0,0.7626662115337368,2.5165289574761327,0.2837598629590197,0.34415092553939813,9.71445146547012e-17
ketone,full_patch,5,ketone_01_c0_wE05,1,0.0,-0.0025865824763110193,0.0,0.0,0.2683376736111111,0.3481890857219696,1.2975780889663049,0.0,0.7566836572302936,2.728807676334783,0.2819893483637035,0.3729599813896094,1.951563910473908e-17
ketone,full_patch,5,ketone_01_c0_wE06,1,0.0,0.014895430108242652,0.0148954301082426,0.0148954301082426,0.2657335069444444,0.3641820549964905,1.3704784887087205,0.0,0.761642500617018,2.7290648429046755,0.2866189173412184,0.3716722564239617,5.204170427930421e-17
ketone,full_patch,5,ketone_01_c0_wE09,1,0.0,0.019234854472800458,0.0192348544728004,0.0192348544728004,0.2666015625,0.3472464382648468,1.3024921347370078,0.0,0.751875128302788,2.737202943699758,0.28202202614727284,0.3732218128293678,5.898059818321144e-17
ketone,full_patch,5,ketone_01_c0_wF03,1,0.0,0.028093942420115068,0.028093942420115,0.028093942420115,0.2700737847222222,0.386827677488327,1.4323036865136287,0.0,0.7705948342274521,2.6067384943701053,0.28532752078104456,0.3571235612325686,6.938893903907228e-17
ketone,full_patch,5,ketone_01_c0_wG10,1,0.0,0.013187414715271194,0.0131874147152711,0.0131874147152711,0.2735460069444444,0.3526688814163208,1.289248873912262,0.0,0.7735601872553889,2.7649726671392805,0.2827897931672219,0.38061221957215247,9.367506770274758e-17
ketone,full_patch,5,ketone_01_c0_wH03,1,0.0,-0.010577809291068703,0.0,0.0,0.2705078125,0.36677494645118713,1.355875614317746,0.0,0.7551983762573029,2.6833427587501144,0.27917802790161667,0.36783707964660206,3.469446951953614e-18
ketone,full_patch,5,ketone_01_c0_wH08,1,0.0,-0.21404526422273287,0.0,0.0,0.2705078125,0.42519456148147583,1.57183837890625,0.0,0.9534426156665077,2.4339372986979515,0.3524639849972938,0.3336481651762654,8.326672684688674e-17
ketone,full_patch,5,ketone_01_c0_wH11,1,0.0,-0.028300680604665812,0.0,0.0,0.2683376736111111,0.3290770947933197,1.2263544300910774,,0.7575158420170202,2.8684484373253434,0.28229947432385194,0.3920453922347674,1.3877787807814457e-17
ketone,full_patch,5,ketone_02_c0.01_wA05,2,0.01,0.06662347164106182,0.0666234716410618,0.0566234716410618,0.2687717013888889,0.40852922201156616,1.519985995179085,0.0,0.8267236111997225,2.568283106625998,0.30759324993204046,0.3512286260671494,1.3877787807814457e-17
ketone,full_patch,5,ketone_02_c0.01_wA09,2,0.01,0.005734496952822102,0.0057344969528221,0.0042655030471779,0.2687717013888889,0.39827895164489746,1.4818485338552179,0.0,0.8122372531819,2.583516148967071,0.3022034124071211,0.3533118389802719,1.734723475976807e-18
ketone,full_patch,5,ketone_02_c0.01_wB02,2,0.01,0.03765161635350382,0.0376516163535038,0.0276516163535038,0.2666015625,0.41672447323799133,1.563098390460451,0.0,0.8312850826390751,2.5370243989848564,0.3118080309972208,0.34592716172576476,2.0816681711721685e-17
ketone,full_patch,5,ketone_02_c0.01_wB05,2,0.01,0.055556258912045096,0.055556258912045,0.045556258912045,0.2735460069444444,0.4110528528690338,1.50268270211861,0.0,0.8086175930783788,2.497726518128674,0.29560570161881555,0.3438244599114841,9.71445146547012e-17
ketone,full_patch,5,ketone_02_c0.01_wB09,2,0.01,0.008258489631067225,0.0082584896310672,0.001741510368932801,0.2731119791666667,0.40422946214675903,1.480086898349039,0.0,0.7961975596227334,2.518019089003575,0.2915278788034609,0.3464108661629639,2.6020852139652106e-17
ketone,full_patch,5,ketone_02_c0.01_wC11,2,0.01,-0.020595608406134332,0.0,0.01,0.2657335069444444,0.3870469629764557,1.4565229933813866,0.0,0.7702471887960305,2.623552324687314,0.2898570066126671,0.35730247117361147,3.122502256758253e-17
ketone,full_patch,5,ketone_02_c0.01_wD01,2,0.01,-0.00629296418493301,0.0,0.01,0.2700737847222222,0.4038519561290741,1.495339344188649,0.0,0.8111409058818371,2.5983878239673124,0.3003404816636003,0.3559795181460198,9.540979117872439e-18
ketone,full_patch,5,ketone_02_c0.01_wD04,2,0.01,0.028824105964199705,0.0288241059641997,0.0188241059641997,0.2687717013888889,0.4125520884990692,1.5349535920901984,0.0,0.7858975660554134,2.476744390689093,0.2924033899380981,0.3387101395546918,6.938893903907228e-18
ketone,full_patch,5,ketone_02_c0.01_wD06,2,0.01,0.03501818484952088,0.0350181848495208,0.0250181848495208,0.2722439236111111,0.4223581552505493,1.5513960776361349,0.0,0.8402257883266119,2.550137375619728,0.3086297674459169,0.35041100423007926,7.632783294297951e-17
ketone,full_patch,5,ketone_02_c0.01_wD08,2,0.01,-0.0003652812006758623,0.0,0.01,0.2700737847222222,0.38132116198539734,1.4119147564714432,0.0,0.7747464896439732,2.649716117260492,0.28686475084607704,0.3630115019573762,6.228741480929223e-17
ketone,full_patch,5,ketone_02_c0.01_wE01,2,0.01,-0.016804972868900498,0.0,0.01,0.2700737847222222,0.4031667709350586,1.4928023145590599,0.0,0.8158974129806683,2.605735564973988,0.30210166966773166,0.35698615975621045,9.71445146547012e-17
ketone,full_patch,5,ketone_02_c0.01_wE05,2,0.01,-0.01790861081010876,0.0,0.01,0.2722439236111111,0.37712791562080383,1.3852574214273927,0.0,0.7902620128620688,2.5752743146928023,0.29027719053554507,0.3538650377845366,5.898059818321144e-17
ketone,full_patch,5,ketone_02_c0.01_wE06,2,0.01,0.09038934934772522,0.0903893493477252,0.08038934934772521,0.2713758680555556,0.44618335366249084,1.644152653879854,0.0,0.8914398848254563,2.4782245866378476,0.3284890035406399,0.34012386880795836,1.3877787807814457e-17
ketone,full_patch,5,ketone_02_c0.01_wE09,2,0.01,0.02336120216820712,0.0233612021682071,0.013361202168207098,0.2687717013888889,0.39514827728271484,1.4702004535476383,0.0,0.7791824112088203,2.6447578518594073,0.28990492941867124,0.36168702126036945,2.0816681711721685e-17
ketone,full_patch,5,ketone_02_c0.01_wF03,2,0.01,0.027974924261161292,0.0279749242611612,0.0179749242611612,0.2735460069444444,0.41627243161201477,1.5217638753416614,0.0,0.8104514670779177,2.5617547520670367,0.296276109503772,0.3526382643024617,9.367506770274758e-17
ketone,full_patch,5,ketone_02_c0.01_wG10,2,0.01,0.024090681154064916,0.0240906811540649,0.014090681154064899,0.2752821180555556,0.3962384760379791,1.4393905381024892,0.0,0.8312541456368994,2.6044859798782576,0.3019644543235973,0.35937929017155296,1.734723475976807e-17
ketone,full_patch,5,ketone_02_c0.01_wH03,2,0.01,-0.02924560641185419,0.0,0.01,0.2705078125,0.36638766527175903,1.3544439322681634,0.0,0.8336209015768626,2.741204778910279,0.3081688820269702,0.37576890141956176,9.020562075079397e-17
ketone,full_patch,5,ketone_02_c0.01_wH08,2,0.01,0.053674183732013235,0.0536741837320132,0.0436741837320132,0.2770182291666667,0.42460981011390686,1.5327865295768763,0.0,0.9019782988478825,2.6314309230936668,0.32560250694015214,0.3639691938650943,3.469446951953614e-17
ketone,full_patch,5,ketone_02_c0.01_wH11,2,0.01,0.0017406733156893005,0.0017406733156893,0.0082593266843107,0.2679036458333333,0.3769807517528534,1.4071505095805172,0.0,0.8162683918188736,2.7465575481851277,0.3046873025112491,0.3751633965328907,4.336808689942018e-19
ketone,full_patch,5,ketone_03_c0.05_wA05,3,0.05,0.14724290868632,0.14724290868632,0.09724290868632,0.2731119791666667,0.5599326491355896,2.0501943958814435,0.0,0.9693116828510553,2.1108065723095035,0.3549136459735926,0.2903895114256514,0.0
ketone,full_patch,5,ketone_03_c0.05_wA09,3,0.05,0.017524646509227953,0.0175246465092279,0.0324753534907721,0.2666015625,0.4418801963329315,1.6574553884429373,0.0,0.8330201881731177,2.4035123160312013,0.31245885446493504,0.3277225847691012,5.204170427930421e-17
ketone,full_patch,5,ketone_03_c0.05_wB02,3,0.05,0.12481739755914252,0.1248173975591425,0.0748173975591425,0.2687717013888889,0.5307843089103699,1.9748519139757645,0.0,0.9899728415368828,2.1918336982582516,0.36833224495776795,0.29974683726291806,1.3877787807814457e-17
ketone,full_patch,5,ketone_03_c0.05_wB05,3,0.05,0.07982475904587495,0.0798247590458749,0.029824759045874893,0.2648654513888889,0.48550063371658325,1.83300853762066,0.0,0.8673428407778894,2.300127024469044,0.3274654494309311,0.3128851757565566,5.551115123125783e-17
ketone,full_patch,5,ketone_03_c0.05_wB09,3,0.05,0.035888102616068215,0.0358881026160682,0.014111897383931801,0.2722439236111111,0.4554435908794403,1.6729247244100924,0.0,0.876994530315045,2.355849680122313,0.3221355755832386,0.3237141889370395,1.3877787807814457e-17
ketone,full_patch,5,ketone_03_c0.05_wC11,3,0.05,0.030977499715038496,0.0309774997150384,0.019022500284961604,0.2700737847222222,0.4492523670196533,1.6634430753126257,0.0,0.8647762690264806,2.3917116108450327,0.3202000038307773,0.3276648462248822,9.71445146547012e-17
ketone,full_patch,5,ketone_03_c0.05_wD01,3,0.05,0.0018353976467533823,0.0018353976467533,0.048164602353246704,0.2666015625,0.4419270157814026,1.6576310042496567,0.0,0.8490875530587425,2.4428541758473488,0.3184855876674551,0.3330869075988928,8.239936510889834e-17
ketone,full_patch,5,ketone_03_c0.05_wD04,3,0.05,0.18678983501550955,0.1867898350155095,0.1367898350155095,0.2696397569444444,0.5329697728157043,1.976599366708061,0.0,0.9699908638706731,2.2786894315772943,0.35973584714012574,0.3119952726402666,5.551115123125783e-17
ketone,full_patch,5,ketone_03_c0.05_wD06,3,0.05,0.09265284358770878,0.0926528435877087,0.0426528435877087,0.2718098958333333,0.47145721316337585,1.7345108489076535,0.0,0.9110475998486902,2.399123881274517,0.33517823074672776,0.3294639500793614,8.326672684688674e-17
ketone,full_patch,5,ketone_03_c0.05_wD08,3,0.05,0.1307138733943091,0.1307138733943091,0.08071387339430909,0.2752821180555556,0.4566937983036041,1.6590027769672901,0.0,0.8820627785312868,2.3768305252231947,0.32042138616256755,0.32796631412572186,0.0
ketone,full_patch,5,ketone_03_c0.05_wE01,3,0.05,0.07451488158912736,0.0745148815891273,0.02451488158912729,0.2709418402777778,0.4981499910354614,1.8385864306699289,0.0,0.9342588076340242,2.2828006872405298,0.3448189495857095,0.313116403238707,6.938893903907228e-17
ketone,full_patch,5,ketone_03_c0.05_wE05,3,0.05,0.08309922705884253,0.0830992270588425,0.033099227058842495,0.2770182291666667,0.4780138432979584,1.7255681863822891,0.0,0.9423494634974913,2.3845503287890906,0.3401759755422201,0.3298216393534483,2.7755575615628914e-17
ketone,full_patch,5,ketone_03_c0.05_wE06,3,0.05,0.086439469635699,0.086439469635699,0.036439469635698996,0.2718098958333333,0.45868197083473206,1.6875101968913737,0.0,0.8968128640165008,2.4315192823930216,0.3299412117675079,0.3339127061024301,0.0
ketone,full_patch,5,ketone_03_c0.05_wE09,3,0.05,0.086042046809081,0.086042046809081,0.03604204680908099,0.2674696180555556,0.44291701912879944,1.6559526362235355,0.0,0.8527971639694869,2.581214802385273,0.3188388909997076,0.3523696581066906,0.0
ketone,full_patch,5,ketone_03_c0.05_wF03,3,0.05,0.04290593992752062,0.0429059399275206,0.007094060072479404,0.2679036458333333,0.4252743721008301,1.5874153962256987,0.0,0.8568572245575803,2.618518733335742,0.31983783643267155,0.35767405730579804,2.0816681711721685e-17
ketone,full_patch,5,ketone_03_c0.05_wG10,3,0.05,0.08474796571278712,0.0847479657127871,0.0347479657127871,0.2657335069444444,0.4052508771419525,1.5250273922989934,0.0,0.833715995936824,2.7197763777419963,0.31374138907937,0.3704072572376273,1.3877787807814457e-17
ketone,full_patch,5,ketone_03_c0.05_wH03,3,0.05,0.05026581319821916,0.0502658131982191,0.00026581319821909755,0.2700737847222222,0.4097459018230438,1.517162808839362,0.0,0.9230109925470757,3.0542073342253926,0.34176252741317203,0.41842685881107805,6.245004513516506e-17
ketone,full_patch,5,ketone_03_c0.05_wH08,3,0.05,0.06707585651066961,0.0670758565106696,0.01707585651066959,0.2705078125,0.4904918968677521,1.8132263624280798,0.0,1.0284114952079189,2.2659121893578655,0.3801781123079094,0.31061500427074357,1.3877787807814457e-17
ketone,full_patch,5,ketone_03_c0.05_wH11,3,0.05,0.11199014699853511,0.1119901469985351,0.0619901469985351,0.2700737847222222,0.42755556106567383,1.5831064888634994,0.0,0.9183642045875473,2.719329826608945,0.3400419650252646,0.37254859048651756,1.3877787807814457e-17
ketone,full_patch,5,ketone_04_c0.1_wA05,4,0.1,0.14266026814673574,0.1426602681467357,0.04266026814673571,0.2744140625,0.5312432646751404,1.9359185161115435,0.0,0.9733689759421948,2.2193138020076004,0.35470812504085675,0.305865051582205,2.7755575615628914e-17
ketone,full_patch,5,ketone_04_c0.1_wA09,4,0.1,0.11665075076043285,0.1166507507604328,0.016650750760432792,0.2722439236111111,0.5085800886154175,1.8681044626064918,0.0,0.9608093995202331,2.293907959616709,0.3529222569142475,0.31520285904022055,5.551115123125783e-17
ketone,full_patch,5,ketone_04_c0.1_wB02,4,0.1,0.1412254948888283,0.1412254948888283,0.04122549488882829,0.2679036458333333,0.5205455422401428,1.9430326922985648,0.0,0.937065051089369,2.2922641867087625,0.34977689391817035,0.313109630127582,0.0
ketone,full_patch,5,ketone_04_c0.1_wB05,4,0.1,0.2162708147231643,0.2162708147231643,0.1162708147231643,0.2687717013888889,0.5373631715774536,1.9993294264262464,0.0,1.027764171958045,2.260444270669488,0.38239299995015513,0.30912975810194393,0.0
ketone,full_patch,5,ketone_04_c0.1_wB09,4,0.1,0.16739817891199416,0.1673981789119941,0.0673981789119941,0.2752821180555556,0.4872474670410156,1.7699931636775719,0.0,0.9324885315173915,2.396664346277793,0.3387392316304407,0.3307030785341539,5.551115123125783e-17
ketone,full_patch,5,ketone_04_c0.1_wC11,4,0.1,0.16516643713751947,0.1651664371375194,0.0651664371375194,0.2700737847222222,0.5086151361465454,1.8832451164027975,0.0,0.962155535436634,2.4224617935937016,0.3562565453830462,0.3318776258326082,5.551115123125783e-17
ketone,full_patch,5,ketone_04_c0.1_wD01,4,0.1,0.1385318342428851,0.1385318342428851,0.03853183424288509,0.2679036458333333,0.5056968927383423,1.8876073566126217,0.0,0.9286495462549661,2.3593137575344274,0.3466356508013677,0.3222682020073704,0.0
ketone,full_patch,5,ketone_04_c0.1_wD04,4,0.1,0.11751803062465123,0.1175180306246512,0.017518030624651196,0.2666015625,0.45273593068122864,1.6981743333977222,0.0,0.8770767122820156,2.465830010567828,0.32898408548600144,0.33621969784573313,2.7755575615628914e-17
ketone,full_patch,5,ketone_04_c0.1_wD06,4,0.1,0.16783405129085616,0.1678340512908561,0.0678340512908561,0.2705078125,0.47597166895866394,1.7595486968002594,0.0,0.9130590883939979,2.405318429265126,0.33753520090810607,0.32972504304785666,5.551115123125783e-17
ketone,full_patch,5,ketone_04_c0.1_wD08,4,0.1,0.10202016646445336,0.1020201664644533,0.002020166464453299,0.2735460069444444,0.443352073431015,1.6207587103293275,0.0,0.8607797178442957,2.500064924483799,0.31467456880813294,0.3441463531597116,5.551115123125783e-17
ketone,full_patch,5,ketone_04_c0.1_wE01,4,0.1,0.10033502477992154,0.1003350247799215,0.0003350247799214917,0.2718098958333333,0.48589596152305603,1.787631609339914,0.0,0.9355100366111841,2.4087842431461497,0.34417806376880933,0.330790576439203,4.163336342344337e-17
ketone,full_patch,5,ketone_04_c0.1_wE05,4,0.1,0.12340992236781402,0.123409922367814,0.023409922367814,0.2687717013888889,0.4357077181339264,1.6211071176109266,0.0,0.8353912723761423,2.6461239891059827,0.3108181657738606,0.36187384899244307,1.3877787807814457e-17
ketone,full_patch,5,ketone_04_c0.1_wE06,4,0.1,0.12901887716815658,0.1290188771681565,0.029018877168156487,0.2722439236111111,0.4554537832736969,1.6729621628738105,0.0,0.9091601342576046,2.4333241712352094,0.3339505698412947,0.33435985630093473,8.326672684688674e-17
ketone,full_patch,5,ketone_04_c0.1_wE09,4,0.1,0.11633243814492458,0.1163324381449245,0.016332438144924494,0.2657335069444444,0.42766979336738586,1.60939355478719,0.0,0.8486416726127218,2.5982281705551915,0.31935817291951185,0.3538535661273333,8.326672684688674e-17
ketone,full_patch,5,ketone_04_c0.1_wF03,4,0.1,0.08542629811761235,0.0854262981176123,0.014573701882387699,0.2722439236111111,0.42304927110671997,1.5539346682022843,0.0,0.8709038368359283,2.4607020933622135,0.31989835632841435,0.338121820373135,4.163336342344337e-17
ketone,full_patch,5,ketone_04_c0.1_wG10,4,0.1,0.18469665744559152,0.1846966574455915,0.08469665744559149,0.2700737847222222,0.45880070328712463,1.6987976221350505,0.0,0.9194318198346143,2.5919979395708648,0.3404372700520613,0.3551041030338203,2.7755575615628914e-17
ketone,full_patch,5,ketone_04_c0.1_wH03,4,0.1,0.12589895808366666,0.1258989580836666,0.0258989580836666,0.2700737847222222,0.4406346380710602,1.6315342806198838,0.0,0.9483572134837204,2.5286931500812577,0.3511474519672948,0.34643133746319116,5.551115123125783e-17
ketone,full_patch,5,ketone_04_c0.1_wH08,4,0.1,-0.06261258760658303,0.0,0.1,0.2683376736111111,0.4151217043399811,1.547012384632942,0.0,0.918520215314004,2.592643906628936,0.3423001336164117,0.3543497885732208,2.7755575615628914e-17
ketone,full_patch,5,ketone_04_c0.1_wH11,4,0.1,0.11892626697262795,0.1189262669726279,0.018926266972627892,0.2731119791666667,0.4490697681903839,1.6442697590951838,0.0,0.9801889905379079,2.514932784077796,0.35889637412782516,0.34598627463891585,5.551115123125783e-17
ketone,full_patch,5,ketone_05_c0.5_wA05,5,0.5,0.42130452864930246,0.4213045286493024,0.0786954713506976,0.2700737847222222,0.5548262596130371,2.054350666369526,0.0,0.8588033847491439,2.321034168133025,0.317988428840824,0.31798202606680476,5.551115123125783e-17
ketone,full_patch,5,ketone_05_c0.5_wA09,5,0.5,0.37517536967443116,0.3751753696744311,0.1248246303255689,0.2752821180555556,0.5868158936500549,2.1316891115013425,0.0,0.9513527060522144,2.2288262455544725,0.3455919014181004,0.30754398381539183,5.551115123125783e-17
ketone,full_patch,5,ketone_05_c0.5_wB02,5,0.5,0.2835518013222384,0.2835518013222384,0.2164481986777616,0.2692057291666667,0.5685145854949951,2.111822015284915,0.0,0.9666160007567175,2.227248478446126,0.3590621952024953,0.30477092765195996,0.0
ketone,full_patch,5,ketone_05_c0.5_wB05,5,0.5,0.3861977579694202,0.3861977579694202,0.11380224203057981,0.2683376736111111,0.5240885019302368,1.9530932607315254,0.0,0.8626326156153517,2.445855468267057,0.32147279359122855,0.3342874684198309,0.0
ketone,full_patch,5,ketone_05_c0.5_wB09,5,0.5,0.4256503396119822,0.4256503396119822,0.07434966038801782,0.2696397569444444,0.5352830290794373,1.9851784289722714,0.0,0.8608417153437982,2.4416026115504734,0.3192562273081869,0.3343011390291066,0.0
ketone,full_patch,5,ketone_05_c0.5_wC11,5,0.5,0.36125702133425347,0.3612570213342534,0.13874297866574659,0.2748480902777778,0.5588986277580261,2.033481939762325,0.0,0.9392821920001533,2.399675811624657,0.3417459408398505,0.330920429147581,5.551115123125783e-17
ketone,full_patch,5,ketone_05_c0.5_wD01,5,0.5,0.39103657079709003,0.39103657079709,0.10896342920291002,0.2735460069444444,0.5862534642219543,2.1431622079609407,0.0,0.9170892284982204,2.2531400866079254,0.3352595926156129,0.3101559229003531,5.551115123125783e-17
ketone,full_patch,5,ketone_05_c0.5_wD04,5,0.5,0.5028907760703398,0.5028907760703398,0.002890776070339829,0.2748480902777778,0.45729923248291016,1.6638253954056454,0.0,0.8111739585796189,2.5158507972141693,0.29513538106078835,0.3469412082466824,0.0
ketone,full_patch,5,ketone_05_c0.5_wD06,5,0.5,0.5540462310991556,0.5540462310991556,0.05404623109915563,0.2748480902777778,0.503829836845398,1.8331211118701884,0.0,0.8062709163263289,2.480726696067249,0.2933514711750275,0.34209751954145995,0.0
ketone,full_patch,5,ketone_05_c0.5_wD08,5,0.5,0.48112467326430575,0.4811246732643057,0.01887532673569431,0.2713758680555556,0.5154162645339966,1.899270809254423,0.0,0.8388204721160248,2.5309944167716685,0.3090991391851773,0.34736626276943705,5.551115123125783e-17
ketone,full_patch,5,ketone_05_c0.5_wE01,5,0.5,0.41481544202346293,0.4148154420234629,0.08518455797653712,0.2687717013888889,0.5036798119544983,1.8740061150474994,0.0,0.8192282589293864,2.464289836821492,0.3048045068346074,0.33700690215383394,5.551115123125783e-17
ketone,full_patch,5,ketone_05_c0.5_wE05,5,0.5,0.5560166382207972,0.5560166382207972,0.056016638220797166,0.2687717013888889,0.45527470111846924,1.6939086174839775,0.0,0.7789857821853636,2.5908229624312162,0.28983177103836544,0.35431109098925784,0.0
ketone,full_patch,5,ketone_05_c0.5_wE06,5,0.5,0.4917755120725129,0.4917755120725129,0.00822448792748709,0.2674696180555556,0.46578487753868103,1.741449667909324,0.0,0.8132147119543056,2.5889620408221434,0.3040400318608876,0.3534272577131814,0.0
ketone,full_patch,5,ketone_05_c0.5_wE09,5,0.5,0.5042051977458086,0.5042051977458086,0.004205197745808631,0.2657335069444444,0.4346490502357483,1.6356576753665402,0.0,0.7858692623892714,2.646059567210335,0.295735856356861,0.3603677400829089,0.0
ketone,full_patch,5,ketone_05_c0.5_wF03,5,0.5,0.46716623810297264,0.4671662381029726,0.032833761897027414,0.2718098958333333,0.4328058660030365,1.592310922588417,0.0,0.7894412870126319,2.601142111724786,0.2904387585272821,0.35720646254888433,5.551115123125783e-17
ketone,full_patch,5,ketone_05_c0.5_wG10,5,0.5,0.45679614514486566,0.4567961451448656,0.043203854855134394,0.2731119791666667,0.4321395754814148,1.5822798282227726,0.0,0.8291144412965821,2.639854111582242,0.3035804009133612,0.36317204795255925,5.551115123125783e-17
ketone,full_patch,5,ketone_05_c0.5_wH03,5,0.5,0.4420658539169898,0.4420658539169898,0.057934146083010174,0.2731119791666667,0.4849730432033539,1.7757296647445804,0.0,1.01755689171645,2.4365078646155767,0.37257863782514117,0.3351971410702666,0.0
ketone,full_patch,5,ketone_05_c0.5_wH08,5,0.5,0.4043537715433824,0.4043537715433824,0.09564622845661758,0.2700737847222222,0.491064190864563,1.8182593744507083,0.0,0.9057599222952151,2.471631967426964,0.3353749877007916,0.33861394695714137,0.0
ketone,full_patch,5,ketone_05_c0.5_wH11,5,0.5,0.2981850579518498,0.2981850579518498,0.2018149420481502,0.2752821180555556,0.4577215909957886,1.6627363747012958,0.0,0.9240819589707291,2.476615705192974,0.33568542900568543,0.34173514506750186,0.0
ketone,full_patch,5,ketone_06_c1_wA05,6,1.0,1.0420751242343256,1.0420751242343256,0.04207512423432558,0.2718098958333333,0.16957615315914154,0.6238777754549495,0.000470832601422444,0.9479436551863105,2.393689622256294,0.3487524441595624,0.32871768080336766,0.0
ketone,full_patch,5,ketone_06_c1_wA09,6,1.0,1.1575082172400792,1.1575082172400792,0.15750821724007924,0.2657335069444444,0.10230239480733871,0.38498116396261073,0.011684582568705082,1.3168163394354364,2.622364971580202,0.49554019535471555,0.3571407651556545,0.0
ketone,full_patch,5,ketone_06_c1_wB02,6,1.0,0.8266982768373472,0.8266982768373472,0.1733017231626528,0.2735460069444444,0.5037900805473328,1.8417014606601425,7.443308277288452e-05,0.7033409425422152,2.3983925982215206,0.25711979874926844,0.33015065250499676,0.0
ketone,full_patch,5,ketone_06_c1_wB05,6,1.0,0.9520774241334475,0.9520774241334476,0.04792257586655235,0.2744140625,0.22017906606197357,0.8023607247240603,0.00018140673637390137,0.7659216023467095,2.6875600492809824,0.2791116444138899,0.3703985855267465,1.1102230246251565e-16
ketone,full_patch,5,ketone_06_c1_wB09,6,1.0,1.082592215832617,1.082592215832617,0.08259221583261711,0.2718098958333333,0.15544493496418,0.5718884313891748,0.004408479202538729,1.3840157300733602,2.7466661905164327,0.5091851883575285,0.3771908152555423,0.0
ketone,full_patch,5,ketone_06_c1_wC11,6,1.0,1.2098151340606593,1.209815134060659,0.2098151340606591,0.2752821180555556,0.2218749076128006,0.8059909927314033,0.1293347179889679,1.4588211145468657,2.817403420748583,0.5299367517407928,0.3887586453903121,2.220446049250313e-16
ketone,full_patch,5,ketone_06_c1_wD01,6,1.0,0.9672396006837201,0.96723960068372,0.03276039931628005,0.2648654513888889,0.2676865756511688,1.0106511598529995,6.088887676014565e-05,0.7949875253536132,2.3997176639313924,0.3001476867537443,0.32643244266851235,1.1102230246251565e-16
ketone,full_patch,5,ketone_06_c1_wD04,6,1.0,0.9257976308774292,0.9257976308774292,0.07420236912257083,0.2770182291666667,0.2690066397190094,0.9710791976695615,0.0004179478273727,0.9048561395098917,2.4663698137019145,0.3266413702202571,0.34113858927025137,0.0
ketone,full_patch,5,ketone_06_c1_wD06,6,1.0,0.8643686281423295,0.8643686281423295,0.1356313718576705,0.2700737847222222,0.33072301745414734,1.2245654193882771,0.0,0.7009080591449264,2.55507410652374,0.2595246554069764,0.3500455324174637,0.0
ketone,full_patch,5,ketone_06_c1_wD08,6,1.0,0.9405087927994702,0.9405087927994702,0.059491207200529805,0.2657335069444444,0.28447648882865906,1.0705330016516628,0.00032734140404500067,0.941148050624429,2.825859430547048,0.35416988299529356,0.38485474378486173,0.0
ketone,full_patch,5,ketone_06_c1_wE01,6,1.0,1.0009944643918613,1.0009944643918611,0.0009944643918611273,0.2718098958333333,0.26106715202331543,0.9604769952282934,6.957403820706531e-05,0.8882910750157165,2.3300184150112724,0.3268060098740457,0.31997391912895073,2.220446049250313e-16
ketone,full_patch,5,ketone_06_c1_wE05,6,1.0,1.0104078128700622,1.0104078128700622,0.010407812870062205,0.2696397569444444,0.1684102565050125,0.6245750196982678,0.00226825219579041,1.4895569473664012,2.452430863143914,0.5524248220092055,0.33578372953104013,0.0
ketone,full_patch,5,ketone_06_c1_wE06,6,1.0,0.8852180730207084,0.8852180730207084,0.11478192697929157,0.2705078125,0.36086583137512207,1.3340310878271662,0.0,0.8952081588301672,2.9745472222076836,0.33093615691050227,0.4077558708889783,0.0
ketone,full_patch,5,ketone_06_c1_wE09,6,1.0,0.898294329372779,0.898294329372779,0.10170567062722102,0.2722439236111111,0.44651055335998535,1.640112100345008,0.0007066791295073926,1.3428639898947938,3.0265873243960675,0.4932576536815632,0.41587936158691163,0.0
ketone,full_patch,5,ketone_06_c1_wF03,6,1.0,0.9624275012616608,0.9624275012616608,0.03757249873833923,0.2657335069444444,0.2238014042377472,0.8422024260739397,0.0024095813278108835,0.9009735685271203,2.9934345524657964,0.3390515478785603,0.40767685585229463,0.0
ketone,full_patch,5,ketone_06_c1_wG10,6,1.0,0.9243592686251765,0.9243592686251764,0.07564073137482363,0.2718098958333333,0.4031699597835541,1.4832791813833273,0.06774061918258667,2.174521486094555,2.521199217551924,0.800015569494907,0.3462281625533979,1.1102230246251565e-16
ketone,full_patch,5,ketone_06_c1_wH03,6,1.0,0.9987973286386636,0.9987973286386636,0.0012026713613364493,0.2752821180555556,0.2586425840854645,0.9395546136900436,0.0049926526844501495,1.1976481336028848,2.777328860736132,0.43506208905337745,0.3832289681171462,0.0
ketone,full_patch,5,ketone_06_c1_wH08,6,1.0,0.8860922194284253,0.8860922194284253,0.11390778057157469,0.2687717013888889,0.40888065099716187,1.5212935323334047,0.022199856117367744,1.9170119610389125,2.608441470823051,0.7132491817898513,0.35672053116345503,0.0
ketone,full_patch,5,ketone_06_c1_wH11,6,1.0,0.9166035451758554,0.9166035451758554,0.0833964548241446,0.2705078125,0.3795422613620758,1.403073197237421,0.01862167753279209,2.4406400215618116,2.267910792874956,0.902243820245233,0.31088897615849465,0.0
ketone,full_patch,5,ketone_07_c5_wA05,7,5.0,5.851049425376171,5.851049425376171,0.8510494253761713,0.2744140625,0.3665492832660675,1.3357525482720751,0.3665492832660675,0.9558135113205113,1.9077718165370339,0.34831068882284827,0.26292844416338124,0.0
ketone,full_patch,5,ketone_07_c5_wA09,7,5.0,6.239630346215883,6.239630346215883,1.2396303462158826,0.2666015625,0.3303697407245636,1.2391890641097183,0.3303697407245636,1.0611015834273694,1.4501423073161117,0.3980102642599364,0.19772912419330207,0.0
ketone,full_patch,5,ketone_07_c5_wB02,7,5.0,4.622115139739931,4.622115139739931,0.3778848602600693,0.2648654513888889,0.3181009590625763,1.200990757362025,0.3181009590625763,1.4849719000743926,2.1863515526396045,0.5606514146286605,0.29740835290223755,0.0
ketone,full_patch,5,ketone_07_c5_wB05,7,5.0,6.614453412413391,6.614453412413391,1.6144534124133907,0.2666015625,0.35050854086875916,1.314728006775126,0.35050854086875916,0.5386930558787553,1.3614042309675591,0.2020592268204562,0.185629551599305,0.0
ketone,full_patch,5,ketone_07_c5_wB09,7,5.0,4.75202219476706,4.75202219476706,0.24797780523294044,0.2744140625,0.39305052161216736,1.432326455981706,0.39305052161216736,0.9168617088879927,3.1533077377116285,0.3341161529897881,0.4345877689659095,0.0
ketone,full_patch,5,ketone_07_c5_wC11,7,5.0,5.308602558117919,5.308602558117919,0.3086025581179186,0.2696397569444444,0.3194409906864166,1.1846954407106705,0.3194409906864166,1.4483666927322654,1.8710774910801966,0.537148790350928,0.25618556169655465,0.0
ketone,full_patch,5,ketone_07_c5_wD01,7,5.0,5.285560873533679,5.285560873533679,0.2855608735336794,0.2752821180555556,0.3653802275657654,1.3272937237863986,0.3653802275657654,1.2079256762480215,2.1933228820460897,0.43879554719360525,0.30264506184962964,0.0
ketone,full_patch,5,ketone_07_c5_wD04,7,5.0,5.220841883395576,5.220841883395576,0.2208418833955763,0.2731119791666667,0.341248095035553,1.2494805100705824,0.341248095035553,1.506416577923975,2.0356688256837776,0.5515746993304471,0.2800526033363442,0.0
ketone,full_patch,5,ketone_07_c5_wD06,7,5.0,5.493473307314071,5.493473307314071,0.4934733073140709,0.2722439236111111,0.3338126540184021,1.2261528176299696,0.3338126540184021,1.5473964187630038,1.8598269970856744,0.5683860261187663,0.25555636805041865,0.0
ketone,full_patch,5,ketone_07_c5_wD08,7,5.0,5.6315118262946955,5.631511826294696,0.6315118262946964,0.2739800347222222,0.32287877798080444,1.1784755714340966,0.32287877798080444,1.5791127377387548,1.592745861261501,0.576360514495064,0.21938044922113278,8.881784197001252e-16
ketone,full_patch,5,ketone_07_c5_wE01,7,5.0,5.285687150401914,5.285687150401914,0.2856871504019143,0.2648654513888889,0.3485969603061676,1.3161284662767885,0.3485969603061676,1.0772158486561958,2.1417683013164535,0.4067030422456166,0.29134371461154884,0.0
ketone,full_patch,5,ketone_07_c5_wE05,7,5.0,5.270964667966027,5.270964667966027,0.2709646679660267,0.2679036458333333,0.31575942039489746,1.1786305461155833,0.31575942039489746,1.5589057058944187,1.801131096510673,0.581890440887929,0.24602377627749164,0.0
ketone,full_patch,5,ketone_07_c5_wE06,7,5.0,5.863351505583386,5.863351505583386,0.8633515055833856,0.2744140625,0.3287598490715027,1.198043008716081,0.3287598490715027,1.4463400959317818,1.5980314916752496,0.5270648605815461,0.22024014097919997,0.0
ketone,full_patch,5,ketone_07_c5_wE09,7,5.0,5.188108869417207,5.188108869417207,0.18810886941720728,0.2666015625,0.3177798092365265,1.19196529178829,0.3177798092365265,1.481476005611019,1.9296779500718175,0.5556891684050123,0.26311454339194956,0.0
ketone,full_patch,5,ketone_07_c5_wF03,7,5.0,4.655834912079436,4.655834912079436,0.34416508792056444,0.2700737847222222,0.3432593047618866,1.2709834281581145,0.3432593047618866,1.2681986756070627,2.4071102428042357,0.4695748892886577,0.3297744610923716,0.0
ketone,full_patch,5,ketone_07_c5_wG10,7,5.0,5.0824068494416395,5.08240684944164,0.08240684944164034,0.2700737847222222,0.32288169860839844,1.1955314320510246,0.32288169860839844,1.4358078575616533,2.075702613121482,0.5316354043908477,0.2843715665605408,8.881784197001252e-16
ketone,full_patch,5,ketone_07_c5_wH03,7,5.0,4.32838791584034,4.32838791584034,0.6716120841596602,0.2679036458333333,0.31760790944099426,1.1855303740008925,0.31760790944099426,1.6578924966607804,2.436814790378879,0.618839094743854,0.332854381326986,0.0
ketone,full_patch,5,ketone_07_c5_wH08,7,5.0,6.245399890503182,6.245399890503182,1.2453998905031822,0.2657335069444444,0.2971593141555786,1.1182606121918386,0.2971593141555786,1.9036283642896352,1.2744438532403448,0.716367456320673,0.1735669358868482,0.0
ketone,full_patch,5,ketone_07_c5_wH11,7,5.0,4.99260645158605,4.99260645158605,0.007393548413950235,0.2735460069444444,0.3350393772125244,1.2248008331577251,0.3350393772125244,1.4481111197330065,2.085163831855998,0.5293848504347239,0.287033157197683,0.0
ketone,full_patch,5,ketone_08_c10_wA05,8,10.0,11.959248234446182,10.0,0.0,0.2735460069444444,0.3805532157421112,1.3911854170088447,0.3805532157421112,1.0098985216408742,0.6877088282750634,0.3691878133852558,0.09466653564425669,0.0
ketone,full_patch,5,ketone_08_c10_wA09,8,10.0,9.513331448104388,9.513331448104388,0.48666855189561176,0.2657335069444444,0.3808901607990265,1.4333539085029925,0.3808901607990265,0.3837078121742916,0.6232885241440638,0.14439572057975794,0.08488587318622273,0.0
ketone,full_patch,5,ketone_08_c10_wB02,8,10.0,9.74773369596283,9.74773369596283,0.2522663040371693,0.2722439236111111,0.4008255898952484,1.4723031632023154,0.4008255898952484,0.6486680860688878,1.1169605930422257,0.23826724118018616,0.15348007791079699,0.0
ketone,full_patch,5,ketone_08_c10_wB05,8,10.0,11.034189764533537,10.0,0.0,0.2739800347222222,0.4087813198566437,1.492011344078744,0.4087813198566437,1.4408405733942242,0.8820899914724958,0.5258925435406404,0.12149665762084175,0.0
ketone,full_patch,5,ketone_08_c10_wB09,8,10.0,11.231951890798088,10.0,0.0,0.2722439236111111,0.361224502325058,1.326841376415996,0.361224502325058,0.4495550270815958,0.6556033175123979,0.16512949898700627,0.09008558482472431,0.0
ketone,full_patch,5,ketone_08_c10_wC11,8,10.0,10.755091438505882,10.0,0.0,0.2700737847222222,0.3840976357460022,1.4221951832202315,0.3840976357460022,0.7151877064502479,0.0006964437525365241,0.26481196876840035,9.541289762712362e-05,0.0
ketone,full_patch,5,ketone_08_c10_wD01,8,10.0,10.246921614707912,10.0,0.0,0.2739800347222222,0.40485507249832153,1.4776809299582303,0.40485507249832153,0.9190110728607586,0.7066788945900822,0.33542994247464364,0.09733601393726195,0.0
ketone,full_patch,5,ketone_08_c10_wD04,8,10.0,9.985051404934836,9.985051404934836,0.014948595065163772,0.2735460069444444,0.3896392583847046,1.4244011920957707,0.3896392583847046,0.5651723238826047,0.5301093760477631,0.20660960479579873,0.07297218834437916,0.0
ketone,full_patch,5,ketone_08_c10_wD06,8,10.0,9.645832040031326,9.645832040031326,0.3541679599686738,0.2687717013888889,0.39237409830093384,1.459878760573842,0.39237409830093384,0.5764737080148752,1.0210738125067014,0.21448452535587767,0.13963816969968482,0.0
ketone,full_patch,5,ketone_08_c10_wD08,8,10.0,10.132326508565798,10.0,0.0,0.2744140625,0.4030003249645233,1.468584814105594,0.4030003249645233,0.6933218351948351,0.74461067671918,0.2526553591599684,0.10262198290180892,0.0
ketone,full_patch,5,ketone_08_c10_wE01,8,10.0,10.214859687609176,10.0,0.0,0.2666015625,0.39551132917404175,1.4835296742645376,0.39551132917404175,1.0353647123268725,0.7918595501461567,0.38835658074092216,0.10797126223031485,0.0
ketone,full_patch,5,ketone_08_c10_wE05,8,10.0,10.719526558284443,10.0,0.0,0.2718098958333333,0.38380131125450134,1.412021111585423,0.38380131125450134,0.7518798902790689,0.16338212660289209,0.27661976322602394,0.022436740854898725,1.7763568394002505e-15
ketone,full_patch,5,ketone_08_c10_wE06,8,10.0,9.753401981060742,9.753401981060742,0.2465980189392578,0.2687717013888889,0.3623979389667511,1.3483485690422197,0.3623979389667511,0.08985289794353335,0.06613688514141636,0.033430936917545555,0.009044628779689763,0.0
ketone,full_patch,5,ketone_08_c10_wE09,8,10.0,9.498223512464701,9.4982235124647,0.5017764875353006,0.2705078125,0.4058253765106201,1.5002353268840252,0.4058253765106201,0.6676208384942797,1.5941347601087834,0.24680279372496117,0.21852663913673284,1.7763568394002505e-15
ketone,full_patch,5,ketone_08_c10_wF03,8,10.0,8.946884948893999,8.946884948893999,1.0531150511060012,0.2679036458333333,0.4060710072517395,1.515735278587295,0.4060710072517395,0.509016403067891,1.650606108347791,0.18999980440152628,0.22546295975297526,0.0
ketone,full_patch,5,ketone_08_c10_wG10,8,10.0,8.576094563424551,8.576094563424551,1.423905436575449,0.2705078125,0.42002224922180176,1.552717628892148,0.42002224922180176,0.6209538114947115,1.9389198623223685,0.22955115630707026,0.26579035328220957,0.0
ketone,full_patch,5,ketone_08_c10_wH03,8,10.0,8.938513930118111,8.938513930118111,1.061486069881889,0.2722439236111111,0.4208342432975769,1.545798479964316,0.4208342432975769,0.691324540474108,2.2715268043538757,0.253935710044216,0.31212749409460744,0.0
ketone,full_patch,5,ketone_08_c10_wH08,8,10.0,10.06939577514396,10.0,0.0,0.2731119791666667,0.3947945237159729,1.44554085441653,0.3947945237159729,0.6433630453397683,0.8139854974859375,0.23556749407434663,0.11198224130214064,0.0
ketone,full_patch,5,ketone_08_c10_wH11,8,10.0,9.955202403582181,9.95520240358218,0.044797596417820884,0.2735460069444444,0.41440871357917786,1.514950695892782,0.41440871357917786,1.1603566630159001,1.0910174458095128,0.42419067855432513,0.15018396983690022,1.7763568394002505e-15
