analyte,input_mode,model,outer_fold,target_transform,patch_id,well_id,concentration_order,actual_concentration,prediction_raw,prediction
glucose,roi_masked,TinyColorCNN,1,raw,glucose_01_c0_wA06,A06,1,0.0,0.32893727111523763,0.32893727111523763
glucose,roi_masked,TinyColorCNN,1,raw,glucose_01_c0_wA11,A11,1,0.0,0.18694351090373207,0.18694351090373207
glucose,roi_masked,TinyColorCNN,1,raw,glucose_01_c0_wA12,A12,1,0.0,-0.2988891599445793,0.0
glucose,roi_masked,TinyColorCNN,1,raw,glucose_01_c0_wC01,C01,1,0.0,0.31104794858792495,0.31104794858792495
glucose,roi_masked,TinyColorCNN,1,raw,glucose_01_c0_wC03,C03,1,0.0,0.19682862575762883,0.19682862575762883
glucose,roi_masked,TinyColorCNN,1,raw,glucose_01_c0_wC09,C09,1,0.0,0.6358456602213085,0.6358456602213085
glucose,roi_masked,TinyColorCNN,1,raw,glucose_01_c0_wD02,D02,1,0.0,0.384861212466145,0.384861212466145
glucose,roi_masked,TinyColorCNN,1,raw,glucose_01_c0_wD03,D03,1,0.0,0.12711401948226086,0.12711401948226086
glucose,roi_masked,TinyColorCNN,1,raw,glucose_01_c0_wE02,E02,1,0.0,-0.04254986022703289,0.0
glucose,roi_masked,TinyColorCNN,1,raw,glucose_01_c0_wE03,E03,1,0.0,0.2967492316816074,0.2967492316816074
glucose,roi_masked,TinyColorCNN,1,raw,glucose_01_c0_wE08,E08,1,0.0,-0.0577173619487219,0.0
glucose,roi_masked,TinyColorCNN,1,raw,glucose_01_c0_wE10,E10,1,0.0,0.3907460152027058,0.3907460152027058
glucose,roi_masked,TinyColorCNN,1,raw,glucose_01_c0_wE11,E11,1,0.0,0.02920252821380931,0.02920252821380931
glucose,roi_masked,TinyColorCNN,1,raw,glucose_01_c0_wF01,F01,1,0.0,0.585118103208349,0.585118103208349
glucose,roi_masked,TinyColorCNN,1,raw,glucose_01_c0_wF12,F12,1,0.0,0.22439801081073796,0.22439801081073796
glucose,roi_masked,TinyColorCNN,1,raw,glucose_01_c0_wG06,G06,1,0.0,0.2282370681846162,0.2282370681846162
glucose,roi_masked,TinyColorCNN,1,raw,glucose_01_c0_wG09,G09,1,0.0,0.2542572132209493,0.2542572132209493
glucose,roi_masked,TinyColorCNN,1,raw,glucose_01_c0_wG11,G11,1,0.0,0.0688437220740763,0.0688437220740763
glucose,roi_masked,TinyColorCNN,1,raw,glucose_01_c0_wG12,G12,1,0.0,0.12390206388849645,0.12390206388849645
glucose,roi_masked,TinyColorCNN,1,raw,glucose_01_c0_wH05,H05,1,0.0,0.3064870273871598,0.3064870273871598
glucose,roi_masked,TinyColorCNN,1,raw,glucose_02_c0.01_wA06,A06,2,0.01,0.1432076410392158,0.1432076410392158
glucose,roi_masked,TinyColorCNN,1,raw,glucose_02_c0.01_wA11,A11,2,0.01,-0.23159735641968293,0.0
glucose,roi_masked,TinyColorCNN,1,raw,glucose_02_c0.01_wA12,A12,2,0.01,-0.22987611134321817,0.0
glucose,roi_masked,TinyColorCNN,1,raw,glucose_02_c0.01_wC01,C01,2,0.01,-0.4110754785277253,0.0
glucose,roi_masked,TinyColorCNN,1,raw,glucose_02_c0.01_wC03,C03,2,0.01,0.11956013061094595,0.11956013061094595
glucose,roi_masked,TinyColorCNN,1,raw,glucose_02_c0.01_wC09,C09,2,0.01,-0.08783616458790622,0.0
glucose,roi_masked,TinyColorCNN,1,raw,glucose_02_c0.01_wD02,D02,2,0.01,0.0004792758852909529,0.0004792758852909529
glucose,roi_masked,TinyColorCNN,1,raw,glucose_02_c0.01_wD03,D03,2,0.01,-0.14613831478492223,0.0
glucose,roi_masked,TinyColorCNN,1,raw,glucose_02_c0.01_wE02,E02,2,0.01,-0.23893942424527026,0.0
glucose,roi_masked,TinyColorCNN,1,raw,glucose_02_c0.01_wE03,E03,2,0.01,-0.23799299825712428,0.0
glucose,roi_masked,TinyColorCNN,1,raw,glucose_02_c0.01_wE08,E08,2,0.01,-0.09055758723367102,0.0
glucose,roi_masked,TinyColorCNN,1,raw,glucose_02_c0.01_wE10,E10,2,0.01,0.12972515184669753,0.12972515184669753
glucose,roi_masked,TinyColorCNN,1,raw,glucose_02_c0.01_wE11,E11,2,0.01,-0.36439481833576615,0.0
glucose,roi_masked,TinyColorCNN,1,raw,glucose_02_c0.01_wF01,F01,2,0.01,0.021351213926783075,0.021351213926783075
glucose,roi_masked,TinyColorCNN,1,raw,glucose_02_c0.01_wF12,F12,2,0.01,-0.06431925059384458,0.0
glucose,roi_masked,TinyColorCNN,1,raw,glucose_02_c0.01_wG06,G06,2,0.01,0.14934169184838098,0.14934169184838098
glucose,roi_masked,TinyColorCNN,1,raw,glucose_02_c0.01_wG09,G09,2,0.01,-0.06468197422665956,0.0
glucose,roi_masked,TinyColorCNN,1,raw,glucose_02_c0.01_wG11,G11,2,0.01,-0.0053533679095592035,0.0
glucose,roi_masked,TinyColorCNN,1,raw,glucose_02_c0.01_wG12,G12,2,0.01,0.037485845949358776,0.037485845949358776
glucose,roi_masked,TinyColorCNN,1,raw,glucose_02_c0.01_wH05,H05,2,0.01,0.033187312096590205,0.033187312096590205
glucose,roi_masked,TinyColorCNN,1,raw,glucose_03_c0.05_wA06,A06,3,0.05,-0.18567558892162772,0.0
glucose,roi_masked,TinyColorCNN,1,raw,glucose_03_c0.05_wA11,A11,3,0.05,0.5843691645109557,0.5843691645109557
glucose,roi_masked,TinyColorCNN,1,raw,glucose_03_c0.05_wA12,A12,3,0.05,-0.0627723995362306,0.0
glucose,roi_masked,TinyColorCNN,1,raw,glucose_03_c0.05_wC01,C01,3,0.05,-0.12162122322156055,0.0
glucose,roi_masked,TinyColorCNN,1,raw,glucose_03_c0.05_wC03,C03,3,0.05,0.1127770792293461,0.1127770792293461
glucose,roi_masked,TinyColorCNN,1,raw,glucose_03_c0.05_wC09,C09,3,0.05,-0.02844146373398182,0.0
glucose,roi_masked,TinyColorCNN,1,raw,glucose_03_c0.05_wD02,D02,3,0.05,-0.19294837693150768,0.0
glucose,roi_masked,TinyColorCNN,1,raw,glucose_03_c0.05_wD03,D03,3,0.05,-0.015349967524365127,0.0
glucose,roi_masked,TinyColorCNN,1,raw,glucose_03_c0.05_wE02,E02,3,0.05,-0.11470837172547377,0.0
glucose,roi_masked,TinyColorCNN,1,raw,glucose_03_c0.05_wE03,E03,3,0.05,-0.14539495032557426,0.0
glucose,roi_masked,TinyColorCNN,1,raw,glucose_03_c0.05_wE08,E08,3,0.05,0.7793480481438317,0.7793480481438317
glucose,roi_masked,TinyColorCNN,1,raw,glucose_03_c0.05_wE10,E10,3,0.05,-0.2719938595351099,0.0
glucose,roi_masked,TinyColorCNN,1,raw,glucose_03_c0.05_wE11,E11,3,0.05,-0.013447559711423196,0.0
glucose,roi_masked,TinyColorCNN,1,raw,glucose_03_c0.05_wF01,F01,3,0.05,-0.12035149142677781,0.0
glucose,roi_masked,TinyColorCNN,1,raw,glucose_03_c0.05_wF12,F12,3,0.05,-0.2925329359333162,0.0
glucose,roi_masked,TinyColorCNN,1,raw,glucose_03_c0.05_wG06,G06,3,0.05,-0.2435544951870483,0.0
glucose,roi_masked,TinyColorCNN,1,raw,glucose_03_c0.05_wG09,G09,3,0.05,0.1705277780197214,0.1705277780197214
glucose,roi_masked,TinyColorCNN,1,raw,glucose_03_c0.05_wG11,G11,3,0.05,-0.11675093180927298,0.0
glucose,roi_masked,TinyColorCNN,1,raw,glucose_03_c0.05_wG12,G12,3,0.05,-0.2124940444780421,0.0
glucose,roi_masked,TinyColorCNN,1,raw,glucose_03_c0.05_wH05,H05,3,0.05,-0.058989084542806935,0.0
glucose,roi_masked,TinyColorCNN,1,raw,glucose_04_c0.1_wA06,A06,4,0.1,-0.0018117359513922793,0.0
glucose,roi_masked,TinyColorCNN,1,raw,glucose_04_c0.1_wA11,A11,4,0.1,0.39592249154763337,0.39592249154763337
glucose,roi_masked,TinyColorCNN,1,raw,glucose_04_c0.1_wA12,A12,4,0.1,0.750620416056849,0.750620416056849
glucose,roi_masked,TinyColorCNN,1,raw,glucose_04_c0.1_wC01,C01,4,0.1,0.05647647865050942,0.05647647865050942
glucose,roi_masked,TinyColorCNN,1,raw,glucose_04_c0.1_wC03,C03,4,0.1,0.10702566004601533,0.10702566004601533
glucose,roi_masked,TinyColorCNN,1,raw,glucose_04_c0.1_wC09,C09,4,0.1,0.12299983364485367,0.12299983364485367
glucose,roi_masked,TinyColorCNN,1,raw,glucose_04_c0.1_wD02,D02,4,0.1,-0.25567249053801167,0.0
glucose,roi_masked,TinyColorCNN,1,raw,glucose_04_c0.1_wD03,D03,4,0.1,0.4668658191521642,0.4668658191521642
glucose,roi_masked,TinyColorCNN,1,raw,glucose_04_c0.1_wE02,E02,4,0.1,0.06599648091242916,0.06599648091242916
glucose,roi_masked,TinyColorCNN,1,raw,glucose_04_c0.1_wE03,E03,4,0.1,-0.03151286889702831,0.0
glucose,roi_masked,TinyColorCNN,1,raw,glucose_04_c0.1_wE08,E08,4,0.1,0.3913492273911965,0.3913492273911965
glucose,roi_masked,TinyColorCNN,1,raw,glucose_04_c0.1_wE10,E10,4,0.1,0.062338188115168336,0.062338188115168336
glucose,roi_masked,TinyColorCNN,1,raw,glucose_04_c0.1_wE11,E11,4,0.1,0.07496065200924473,0.07496065200924473
glucose,roi_masked,TinyColorCNN,1,raw,glucose_04_c0.1_wF01,F01,4,0.1,0.33174827972958987,0.33174827972958987
glucose,roi_masked,TinyColorCNN,1,raw,glucose_04_c0.1_wF12,F12,4,0.1,0.026534458989337928,0.026534458989337928
glucose,roi_masked,TinyColorCNN,1,raw,glucose_04_c0.1_wG06,G06,4,0.1,0.21183128929711614,0.21183128929711614
glucose,roi_masked,TinyColorCNN,1,raw,glucose_04_c0.1_wG09,G09,4,0.1,0.04085029676965224,0.04085029676965224
glucose,roi_masked,TinyColorCNN,1,raw,glucose_04_c0.1_wG11,G11,4,0.1,0.06771095727126752,0.06771095727126752
glucose,roi_masked,TinyColorCNN,1,raw,glucose_04_c0.1_wG12,G12,4,0.1,0.00020852718022545957,0.00020852718022545957
glucose,roi_masked,TinyColorCNN,1,raw,glucose_04_c0.1_wH05,H05,4,0.1,0.26127079916171514,0.26127079916171514
glucose,roi_masked,TinyColorCNN,1,raw,glucose_05_c0.5_wA06,A06,5,0.5,-0.04864568768960087,0.0
glucose,roi_masked,TinyColorCNN,1,raw,glucose_05_c0.5_wA11,A11,5,0.5,0.16049813113650302,0.16049813113650302
glucose,roi_masked,TinyColorCNN,1,raw,glucose_05_c0.5_wA12,A12,5,0.5,0.32092948000307864,0.32092948000307864
glucose,roi_masked,TinyColorCNN,1,raw,glucose_05_c0.5_wC01,C01,5,0.5,0.4666336919535574,0.4666336919535574
glucose,roi_masked,TinyColorCNN,1,raw,glucose_05_c0.5_wC03,C03,5,0.5,0.22654249981879726,0.22654249981879726
glucose,roi_masked,TinyColorCNN,1,raw,glucose_05_c0.5_wC09,C09,5,0.5,0.11014643703175064,0.11014643703175064
glucose,roi_masked,TinyColorCNN,1,raw,glucose_05_c0.5_wD02,D02,5,0.5,0.38366673288497566,0.38366673288497566
glucose,roi_masked,TinyColorCNN,1,raw,glucose_05_c0.5_wD03,D03,5,0.5,0.0819451722802027,0.0819451722802027
glucose,roi_masked,TinyColorCNN,1,raw,glucose_05_c0.5_wE02,E02,5,0.5,0.31699884586131066,0.31699884586131066
glucose,roi_masked,TinyColorCNN,1,raw,glucose_05_c0.5_wE03,E03,5,0.5,0.17243496375098832,0.17243496375098832
glucose,roi_masked,TinyColorCNN,1,raw,glucose_05_c0.5_wE08,E08,5,0.5,-0.026188675243895787,0.0
glucose,roi_masked,TinyColorCNN,1,raw,glucose_05_c0.5_wE10,E10,5,0.5,0.4976754291491261,0.4976754291491261
glucose,roi_masked,TinyColorCNN,1,raw,glucose_05_c0.5_wE11,E11,5,0.5,0.18201548631168762,0.18201548631168762
glucose,roi_masked,TinyColorCNN,1,raw,glucose_05_c0.5_wF01,F01,5,0.5,0.3182912727681355,0.3182912727681355
glucose,roi_masked,TinyColorCNN,1,raw,glucose_05_c0.5_wF12,F12,5,0.5,0.14071476215331558,0.14071476215331558
glucose,roi_masked,TinyColorCNN,1,raw,glucose_05_c0.5_wG06,G06,5,0.5,0.06910093334388812,0.06910093334388812
glucose,roi_masked,TinyColorCNN,1,raw,glucose_05_c0.5_wG09,G09,5,0.5,0.0221813772356958,0.0221813772356958
glucose,roi_masked,TinyColorCNN,1,raw,glucose_05_c0.5_wG11,G11,5,0.5,0.3206977509643316,0.3206977509643316
glucose,roi_masked,TinyColorCNN,1,raw,glucose_05_c0.5_wG12,G12,5,0.5,0.26935065720860507,0.26935065720860507
glucose,roi_masked,TinyColorCNN,1,raw,glucose_05_c0.5_wH05,H05,5,0.5,0.42792459032646235,0.42792459032646235
glucose,roi_masked,TinyColorCNN,1,raw,glucose_06_c1_wA06,A06,6,1.0,0.24034391505948882,0.24034391505948882
glucose,roi_masked,TinyColorCNN,1,raw,glucose_06_c1_wA11,A11,6,1.0,0.24469500601382776,0.24469500601382776
glucose,roi_masked,TinyColorCNN,1,raw,glucose_06_c1_wA12,A12,6,1.0,0.2123429247177162,0.2123429247177162
glucose,roi_masked,TinyColorCNN,1,raw,glucose_06_c1_wC01,C01,6,1.0,0.866568150841097,0.866568150841097
glucose,roi_masked,TinyColorCNN,1,raw,glucose_06_c1_wC03,C03,6,1.0,0.3658538570508574,0.3658538570508574
glucose,roi_masked,TinyColorCNN,1,raw,glucose_06_c1_wC09,C09,6,1.0,0.7239978551517465,0.7239978551517465
glucose,roi_masked,TinyColorCNN,1,raw,glucose_06_c1_wD02,D02,6,1.0,0.47269766662729307,0.47269766662729307
glucose,roi_masked,TinyColorCNN,1,raw,glucose_06_c1_wD03,D03,6,1.0,0.5196351399292034,0.5196351399292034
glucose,roi_masked,TinyColorCNN,1,raw,glucose_06_c1_wE02,E02,6,1.0,0.8684351224264644,0.8684351224264644
glucose,roi_masked,TinyColorCNN,1,raw,glucose_06_c1_wE03,E03,6,1.0,0.7793715395755951,0.7793715395755951
glucose,roi_masked,TinyColorCNN,1,raw,glucose_06_c1_wE08,E08,6,1.0,1.060180947992976,1.060180947992976
glucose,roi_masked,TinyColorCNN,1,raw,glucose_06_c1_wE10,E10,6,1.0,0.8097909529093741,0.8097909529093741
glucose,roi_masked,TinyColorCNN,1,raw,glucose_06_c1_wE11,E11,6,1.0,0.3996743519120862,0.3996743519120862
glucose,roi_masked,TinyColorCNN,1,raw,glucose_06_c1_wF01,F01,6,1.0,1.3610205845069858,1.3610205845069858
glucose,roi_masked,TinyColorCNN,1,raw,glucose_06_c1_wF12,F12,6,1.0,0.29022816948814345,0.29022816948814345
glucose,roi_masked,TinyColorCNN,1,raw,glucose_06_c1_wG06,G06,6,1.0,0.38524503857156045,0.38524503857156045
glucose,roi_masked,TinyColorCNN,1,raw,glucose_06_c1_wG09,G09,6,1.0,0.6649240711452951,0.6649240711452951
glucose,roi_masked,TinyColorCNN,1,raw,glucose_06_c1_wG11,G11,6,1.0,0.7344543294053025,0.7344543294053025
glucose,roi_masked,TinyColorCNN,1,raw,glucose_06_c1_wG12,G12,6,1.0,0.7204255648843292,0.7204255648843292
glucose,roi_masked,TinyColorCNN,1,raw,glucose_06_c1_wH05,H05,6,1.0,0.5347369452739272,0.5347369452739272
glucose,roi_masked,TinyColorCNN,1,raw,glucose_07_c2.5_wA06,A06,7,2.5,2.0257906763729294,2.0257906763729294
glucose,roi_masked,TinyColorCNN,1,raw,glucose_07_c2.5_wA11,A11,7,2.5,2.016531667899495,2.016531667899495
glucose,roi_masked,TinyColorCNN,1,raw,glucose_07_c2.5_wA12,A12,7,2.5,1.8249562547532303,1.8249562547532303
glucose,roi_masked,TinyColorCNN,1,raw,glucose_07_c2.5_wC01,C01,7,2.5,2.4667507309553116,2.4667507309553116
glucose,roi_masked,TinyColorCNN,1,raw,glucose_07_c2.5_wC03,C03,7,2.5,2.5589633601420037,2.5589633601420037
glucose,roi_masked,TinyColorCNN,1,raw,glucose_07_c2.5_wC09,C09,7,2.5,2.0379590389462314,2.0379590389462314
glucose,roi_masked,TinyColorCNN,1,raw,glucose_07_c2.5_wD02,D02,7,2.5,3.4550724931715484,3.4550724931715484
glucose,roi_masked,TinyColorCNN,1,raw,glucose_07_c2.5_wD03,D03,7,2.5,2.2348761647794855,2.2348761647794855
glucose,roi_masked,TinyColorCNN,1,raw,glucose_07_c2.5_wE02,E02,7,2.5,2.580673623769547,2.580673623769547
glucose,roi_masked,TinyColorCNN,1,raw,glucose_07_c2.5_wE03,E03,7,2.5,2.5534378966794447,2.5534378966794447
glucose,roi_masked,TinyColorCNN,1,raw,glucose_07_c2.5_wE08,E08,7,2.5,2.44992529157496,2.44992529157496
glucose,roi_masked,TinyColorCNN,1,raw,glucose_07_c2.5_wE10,E10,7,2.5,2.2337798316039024,2.2337798316039024
glucose,roi_masked,TinyColorCNN,1,raw,glucose_07_c2.5_wE11,E11,7,2.5,1.9372974575220678,1.9372974575220678
glucose,roi_masked,TinyColorCNN,1,raw,glucose_07_c2.5_wF01,F01,7,2.5,2.599544012192861,2.599544012192861
glucose,roi_masked,TinyColorCNN,1,raw,glucose_07_c2.5_wF12,F12,7,2.5,2.3839364661931897,2.3839364661931897
glucose,roi_masked,TinyColorCNN,1,raw,glucose_07_c2.5_wG06,G06,7,2.5,2.4901555629486736,2.4901555629486736
glucose,roi_masked,TinyColorCNN,1,raw,glucose_07_c2.5_wG09,G09,7,2.5,2.618990338854228,2.618990338854228
glucose,roi_masked,TinyColorCNN,1,raw,glucose_07_c2.5_wG11,G11,7,2.5,2.272566773483703,2.272566773483703
glucose,roi_masked,TinyColorCNN,1,raw,glucose_07_c2.5_wG12,G12,7,2.5,2.3281210234042384,2.3281210234042384
glucose,roi_masked,TinyColorCNN,1,raw,glucose_07_c2.5_wH05,H05,7,2.5,2.090530872432517,2.090530872432517
glucose,roi_masked,TinyColorCNN,1,raw,glucose_08_c5_wA06,A06,8,5.0,4.852586478499196,4.852586478499196
glucose,roi_masked,TinyColorCNN,1,raw,glucose_08_c5_wA11,A11,8,5.0,4.79521246382174,4.79521246382174
glucose,roi_masked,TinyColorCNN,1,raw,glucose_08_c5_wA12,A12,8,5.0,4.052947547813474,4.052947547813474
glucose,roi_masked,TinyColorCNN,1,raw,glucose_08_c5_wC01,C01,8,5.0,4.84506322305214,4.84506322305214
glucose,roi_masked,TinyColorCNN,1,raw,glucose_08_c5_wC03,C03,8,5.0,4.832329921406927,4.832329921406927
glucose,roi_masked,TinyColorCNN,1,raw,glucose_08_c5_wC09,C09,8,5.0,4.9869457473526495,4.9869457473526495
glucose,roi_masked,TinyColorCNN,1,raw,glucose_08_c5_wD02,D02,8,5.0,4.871338961833851,4.871338961833851
glucose,roi_masked,TinyColorCNN,1,raw,glucose_08_c5_wD03,D03,8,5.0,4.9822137169518825,4.9822137169518825
glucose,roi_masked,TinyColorCNN,1,raw,glucose_08_c5_wE02,E02,8,5.0,4.903969531067315,4.903969531067315
glucose,roi_masked,TinyColorCNN,1,raw,glucose_08_c5_wE03,E03,8,5.0,4.968440919451157,4.968440919451157
glucose,roi_masked,TinyColorCNN,1,raw,glucose_08_c5_wE08,E08,8,5.0,4.92752225456382,4.92752225456382
glucose,roi_masked,TinyColorCNN,1,raw,glucose_08_c5_wE10,E10,8,5.0,5.002478660286211,5.002478660286211
glucose,roi_masked,TinyColorCNN,1,raw,glucose_08_c5_wE11,E11,8,5.0,5.004210605908924,5.004210605908924
glucose,roi_masked,TinyColorCNN,1,raw,glucose_08_c5_wF01,F01,8,5.0,4.862958916137219,4.862958916137219
glucose,roi_masked,TinyColorCNN,1,raw,glucose_08_c5_wF12,F12,8,5.0,4.52606035491186,4.52606035491186
glucose,roi_masked,TinyColorCNN,1,raw,glucose_08_c5_wG06,G06,8,5.0,4.975290911459285,4.975290911459285
glucose,roi_masked,TinyColorCNN,1,raw,glucose_08_c5_wG09,G09,8,5.0,4.9976656043538545,4.9976656043538545
glucose,roi_masked,TinyColorCNN,1,raw,glucose_08_c5_wG11,G11,8,5.0,5.136264056355887,5.136264056355887
glucose,roi_masked,TinyColorCNN,1,raw,glucose_08_c5_wG12,G12,8,5.0,4.736888302849943,4.736888302849943
glucose,roi_masked,TinyColorCNN,1,raw,glucose_08_c5_wH05,H05,8,5.0,4.596082489909397,4.596082489909397
glucose,roi_masked,TinyColorCNN,1,raw,glucose_09_c10_wA06,A06,9,10.0,12.52186113172544,12.52186113172544
glucose,roi_masked,TinyColorCNN,1,raw,glucose_09_c10_wA11,A11,9,10.0,9.202645651330522,9.202645651330522
glucose,roi_masked,TinyColorCNN,1,raw,glucose_09_c10_wA12,A12,9,10.0,8.910159010527629,8.910159010527629
glucose,roi_masked,TinyColorCNN,1,raw,glucose_09_c10_wC01,C01,9,10.0,9.430409814187614,9.430409814187614
glucose,roi_masked,TinyColorCNN,1,raw,glucose_09_c10_wC03,C03,9,10.0,10.683886334510358,10.683886334510358
glucose,roi_masked,TinyColorCNN,1,raw,glucose_09_c10_wC09,C09,9,10.0,12.909349511537055,12.909349511537055
glucose,roi_masked,TinyColorCNN,1,raw,glucose_09_c10_wD02,D02,9,10.0,10.212494125478663,10.212494125478663
glucose,roi_masked,TinyColorCNN,1,raw,glucose_09_c10_wD03,D03,9,10.0,12.00642487709729,12.00642487709729
glucose,roi_masked,TinyColorCNN,1,raw,glucose_09_c10_wE02,E02,9,10.0,10.560741462089704,10.560741462089704
glucose,roi_masked,TinyColorCNN,1,raw,glucose_09_c10_wE03,E03,9,10.0,12.117126059401182,12.117126059401182
glucose,roi_masked,TinyColorCNN,1,raw,glucose_09_c10_wE08,E08,9,10.0,8.999185962671344,8.999185962671344
glucose,roi_masked,TinyColorCNN,1,raw,glucose_09_c10_wE10,E10,9,10.0,10.683812674936185,10.683812674936185
glucose,roi_masked,TinyColorCNN,1,raw,glucose_09_c10_wE11,E11,9,10.0,12.527460055682242,12.527460055682242
glucose,roi_masked,TinyColorCNN,1,raw,glucose_09_c10_wF01,F01,9,10.0,8.504518124520983,8.504518124520983
glucose,roi_masked,TinyColorCNN,1,raw,glucose_09_c10_wF12,F12,9,10.0,9.170267291483626,9.170267291483626
glucose,roi_masked,TinyColorCNN,1,raw,glucose_09_c10_wG06,G06,9,10.0,11.580094012105349,11.580094012105349
glucose,roi_masked,TinyColorCNN,1,raw,glucose_09_c10_wG09,G09,9,10.0,14.44518906005242,14.44518906005242
glucose,roi_masked,TinyColorCNN,1,raw,glucose_09_c10_wG11,G11,9,10.0,12.099740807257122,12.099740807257122
glucose,roi_masked,TinyColorCNN,1,raw,glucose_09_c10_wG12,G12,9,10.0,9.172872053290295,9.172872053290295
glucose,roi_masked,TinyColorCNN,1,raw,glucose_09_c10_wH05,H05,9,10.0,10.36542772601424,10.36542772601424
glucose,roi_masked,TinyColorCNN,1,raw,glucose_10_c15_wA06,A06,10,15.0,15.69741456209382,15.69741456209382
glucose,roi_masked,TinyColorCNN,1,raw,glucose_10_c15_wA11,A11,10,15.0,12.7932309661727,12.7932309661727
glucose,roi_masked,TinyColorCNN,1,raw,glucose_10_c15_wA12,A12,10,15.0,19.465597091863557,19.465597091863557
glucose,roi_masked,TinyColorCNN,1,raw,glucose_10_c15_wC01,C01,10,15.0,15.66281526654567,15.66281526654567
glucose,roi_masked,TinyColorCNN,1,raw,glucose_10_c15_wC03,C03,10,15.0,14.823175752955695,14.823175752955695
glucose,roi_masked,TinyColorCNN,1,raw,glucose_10_c15_wC09,C09,10,15.0,15.556298744374473,15.556298744374473
glucose,roi_masked,TinyColorCNN,1,raw,glucose_10_c15_wD02,D02,10,15.0,12.093085963350568,12.093085963350568
glucose,roi_masked,TinyColorCNN,1,raw,glucose_10_c15_wD03,D03,10,15.0,14.230947998693608,14.230947998693608
glucose,roi_masked,TinyColorCNN,1,raw,glucose_10_c15_wE02,E02,10,15.0,15.124360594068664,15.124360594068664
glucose,roi_masked,TinyColorCNN,1,raw,glucose_10_c15_wE03,E03,10,15.0,14.81397746386097,14.81397746386097
glucose,roi_masked,TinyColorCNN,1,raw,glucose_10_c15_wE08,E08,10,15.0,15.98170468401073,15.98170468401073
glucose,roi_masked,TinyColorCNN,1,raw,glucose_10_c15_wE10,E10,10,15.0,15.1137544117076,15.1137544117076
glucose,roi_masked,TinyColorCNN,1,raw,glucose_10_c15_wE11,E11,10,15.0,17.526664482288183,17.526664482288183
glucose,roi_masked,TinyColorCNN,1,raw,glucose_10_c15_wF01,F01,10,15.0,13.705464578148382,13.705464578148382
glucose,roi_masked,TinyColorCNN,1,raw,glucose_10_c15_wF12,F12,10,15.0,18.89713948126674,18.89713948126674
glucose,roi_masked,TinyColorCNN,1,raw,glucose_10_c15_wG06,G06,10,15.0,15.755373100331319,15.755373100331319
glucose,roi_masked,TinyColorCNN,1,raw,glucose_10_c15_wG09,G09,10,15.0,15.032278163156318,15.032278163156318
glucose,roi_masked,TinyColorCNN,1,raw,glucose_10_c15_wG11,G11,10,15.0,15.096284749673138,15.096284749673138
glucose,roi_masked,TinyColorCNN,1,raw,glucose_10_c15_wG12,G12,10,15.0,18.308423496973294,18.308423496973294
glucose,roi_masked,TinyColorCNN,1,raw,glucose_10_c15_wH05,H05,10,15.0,14.42984318271328,14.42984318271328
glucose,roi_masked,TinyColorCNN,1,raw,glucose_11_c20_wA06,A06,11,20.0,19.482139837743034,19.482139837743034
glucose,roi_masked,TinyColorCNN,1,raw,glucose_11_c20_wA11,A11,11,20.0,18.782854860219345,18.782854860219345
glucose,roi_masked,TinyColorCNN,1,raw,glucose_11_c20_wA12,A12,11,20.0,20.01773651874216,20.0
glucose,roi_masked,TinyColorCNN,1,raw,glucose_11_c20_wC01,C01,11,20.0,19.334693278243492,19.334693278243492
glucose,roi_masked,TinyColorCNN,1,raw,glucose_11_c20_wC03,C03,11,20.0,18.800120664405284,18.800120664405284
glucose,roi_masked,TinyColorCNN,1,raw,glucose_11_c20_wC09,C09,11,20.0,18.60968558109918,18.60968558109918
glucose,roi_masked,TinyColorCNN,1,raw,glucose_11_c20_wD02,D02,11,20.0,20.44290913670023,20.0
glucose,roi_masked,TinyColorCNN,1,raw,glucose_11_c20_wD03,D03,11,20.0,19.888783688438004,19.888783688438004
glucose,roi_masked,TinyColorCNN,1,raw,glucose_11_c20_wE02,E02,11,20.0,19.361131092973373,19.361131092973373
glucose,roi_masked,TinyColorCNN,1,raw,glucose_11_c20_wE03,E03,11,20.0,18.394269948152214,18.394269948152214
glucose,roi_masked,TinyColorCNN,1,raw,glucose_11_c20_wE08,E08,11,20.0,19.465613018257976,19.465613018257976
glucose,roi_masked,TinyColorCNN,1,raw,glucose_11_c20_wE10,E10,11,20.0,19.976861427474546,19.976861427474546
glucose,roi_masked,TinyColorCNN,1,raw,glucose_11_c20_wE11,E11,11,20.0,21.159668554176704,20.0
glucose,roi_masked,TinyColorCNN,1,raw,glucose_11_c20_wF01,F01,11,20.0,17.46084706472631,17.46084706472631
glucose,roi_masked,TinyColorCNN,1,raw,glucose_11_c20_wF12,F12,11,20.0,20.814758593515457,20.0
glucose,roi_masked,TinyColorCNN,1,raw,glucose_11_c20_wG06,G06,11,20.0,20.560538300574905,20.0
glucose,roi_masked,TinyColorCNN,1,raw,glucose_11_c20_wG09,G09,11,20.0,20.482682121474284,20.0
glucose,roi_masked,TinyColorCNN,1,raw,glucose_11_c20_wG11,G11,11,20.0,20.442026814449605,20.0
glucose,roi_masked,TinyColorCNN,1,raw,glucose_11_c20_wG12,G12,11,20.0,20.461874287170318,20.0
glucose,roi_masked,TinyColorCNN,1,raw,glucose_11_c20_wH05,H05,11,20.0,17.719169996868317,17.719169996868317
glucose,full_patch,TinyColorCNN,1,raw,glucose_01_c0_wA06,A06,1,0.0,0.2659093615352557,0.2659093615352557
glucose,full_patch,TinyColorCNN,1,raw,glucose_01_c0_wA11,A11,1,0.0,0.5862118483448393,0.5862118483448393
glucose,full_patch,TinyColorCNN,1,raw,glucose_01_c0_wA12,A12,1,0.0,0.4492747183602832,0.4492747183602832
glucose,full_patch,TinyColorCNN,1,raw,glucose_01_c0_wC01,C01,1,0.0,0.2421909786518368,0.2421909786518368
glucose,full_patch,TinyColorCNN,1,raw,glucose_01_c0_wC03,C03,1,0.0,0.1738484312553723,0.1738484312553723
glucose,full_patch,TinyColorCNN,1,raw,glucose_01_c0_wC09,C09,1,0.0,0.2823175293819187,0.2823175293819187
glucose,full_patch,TinyColorCNN,1,raw,glucose_01_c0_wD02,D02,1,0.0,0.02110594745278327,0.02110594745278327
glucose,full_patch,TinyColorCNN,1,raw,glucose_01_c0_wD03,D03,1,0.0,-0.07597060258843058,0.0
glucose,full_patch,TinyColorCNN,1,raw,glucose_01_c0_wE02,E02,1,0.0,-0.1058903252974206,0.0
glucose,full_patch,TinyColorCNN,1,raw,glucose_01_c0_wE03,E03,1,0.0,0.07874555964211005,0.07874555964211005
glucose,full_patch,TinyColorCNN,1,raw,glucose_01_c0_wE08,E08,1,0.0,0.15895167823874878,0.15895167823874878
glucose,full_patch,TinyColorCNN,1,raw,glucose_01_c0_wE10,E10,1,0.0,0.43862354393499636,0.43862354393499636
glucose,full_patch,TinyColorCNN,1,raw,glucose_01_c0_wE11,E11,1,0.0,0.21374245662698677,0.21374245662698677
glucose,full_patch,TinyColorCNN,1,raw,glucose_01_c0_wF01,F01,1,0.0,0.24544075943233779,0.24544075943233779
glucose,full_patch,TinyColorCNN,1,raw,glucose_01_c0_wF12,F12,1,0.0,0.30302144396232755,0.30302144396232755
glucose,full_patch,TinyColorCNN,1,raw,glucose_01_c0_wG06,G06,1,0.0,-0.0186037299034707,0.0
glucose,full_patch,TinyColorCNN,1,raw,glucose_01_c0_wG09,G09,1,0.0,0.15624498750781868,0.15624498750781868
glucose,full_patch,TinyColorCNN,1,raw,glucose_01_c0_wG11,G11,1,0.0,0.1948477804521893,0.1948477804521893
glucose,full_patch,TinyColorCNN,1,raw,glucose_01_c0_wG12,G12,1,0.0,0.16521075124407592,0.16521075124407592
glucose,full_patch,TinyColorCNN,1,raw,glucose_01_c0_wH05,H05,1,0.0,0.1920224380828639,0.1920224380828639
glucose,full_patch,TinyColorCNN,1,raw,glucose_02_c0.01_wA06,A06,2,0.01,-0.01509594153343663,0.0
glucose,full_patch,TinyColorCNN,1,raw,glucose_02_c0.01_wA11,A11,2,0.01,-0.06351536583571793,0.0
glucose,full_patch,TinyColorCNN,1,raw,glucose_02_c0.01_wA12,A12,2,0.01,-0.4230919431142883,0.0
glucose,full_patch,TinyColorCNN,1,raw,glucose_02_c0.01_wC01,C01,2,0.01,-0.47709157785993206,0.0
glucose,full_patch,TinyColorCNN,1,raw,glucose_02_c0.01_wC03,C03,2,0.01,0.06329655889912633,0.06329655889912633
glucose,full_patch,TinyColorCNN,1,raw,glucose_02_c0.01_wC09,C09,2,0.01,0.048223421064350624,0.048223421064350624
glucose,full_patch,TinyColorCNN,1,raw,glucose_02_c0.01_wD02,D02,2,0.01,-0.030156338252680825,0.0
glucose,full_patch,TinyColorCNN,1,raw,glucose_02_c0.01_wD03,D03,2,0.01,0.02054454204963374,0.02054454204963374
glucose,full_patch,TinyColorCNN,1,raw,glucose_02_c0.01_wE02,E02,2,0.01,-0.21340662687805523,0.0
glucose,full_patch,TinyColorCNN,1,raw,glucose_02_c0.01_wE03,E03,2,0.01,-0.35948988701562445,0.0
glucose,full_patch,TinyColorCNN,1,raw,glucose_02_c0.01_wE08,E08,2,0.01,-0.14133770134820267,0.0
glucose,full_patch,TinyColorCNN,1,raw,glucose_02_c0.01_wE10,E10,2,0.01,0.1666919059247265,0.1666919059247265
glucose,full_patch,TinyColorCNN,1,raw,glucose_02_c0.01_wE11,E11,2,0.01,-0.09448543425641631,0.0
glucose,full_patch,TinyColorCNN,1,raw,glucose_02_c0.01_wF01,F01,2,0.01,-0.02432170365852837,0.0
glucose,full_patch,TinyColorCNN,1,raw,glucose_02_c0.01_wF12,F12,2,0.01,0.022252647850705465,0.022252647850705465
glucose,full_patch,TinyColorCNN,1,raw,glucose_02_c0.01_wG06,G06,2,0.01,0.031711731653985886,0.031711731653985886
glucose,full_patch,TinyColorCNN,1,raw,glucose_02_c0.01_wG09,G09,2,0.01,0.03276048472625259,0.03276048472625259
glucose,full_patch,TinyColorCNN,1,raw,glucose_02_c0.01_wG11,G11,2,0.01,-0.20159959437805686,0.0
glucose,full_patch,TinyColorCNN,1,raw,glucose_02_c0.01_wG12,G12,2,0.01,-0.009756219645749908,0.0
glucose,full_patch,TinyColorCNN,1,raw,glucose_02_c0.01_wH05,H05,2,0.01,0.041421258009450845,0.041421258009450845
glucose,full_patch,TinyColorCNN,1,raw,glucose_03_c0.05_wA06,A06,3,0.05,-0.28658363129937214,0.0
glucose,full_patch,TinyColorCNN,1,raw,glucose_03_c0.05_wA11,A11,3,0.05,0.3091531058123298,0.3091531058123298
glucose,full_patch,TinyColorCNN,1,raw,glucose_03_c0.05_wA12,A12,3,0.05,0.05778164667286756,0.05778164667286756
glucose,full_patch,TinyColorCNN,1,raw,glucose_03_c0.05_wC01,C01,3,0.05,-0.14753187429628678,0.0
glucose,full_patch,TinyColorCNN,1,raw,glucose_03_c0.05_wC03,C03,3,0.05,-0.13253478499484483,0.0
glucose,full_patch,TinyColorCNN,1,raw,glucose_03_c0.05_wC09,C09,3,0.05,-0.06595847473906957,0.0
glucose,full_patch,TinyColorCNN,1,raw,glucose_03_c0.05_wD02,D02,3,0.05,-0.3145587412502193,0.0
glucose,full_patch,TinyColorCNN,1,raw,glucose_03_c0.05_wD03,D03,3,0.05,-0.04769328930354799,0.0
glucose,full_patch,TinyColorCNN,1,raw,glucose_03_c0.05_wE02,E02,3,0.05,0.13753824278712568,0.13753824278712568
glucose,full_patch,TinyColorCNN,1,raw,glucose_03_c0.05_wE03,E03,3,0.05,-0.18400690094673422,0.0
glucose,full_patch,TinyColorCNN,1,raw,glucose_03_c0.05_wE08,E08,3,0.05,0.22785204759961974,0.22785204759961974
glucose,full_patch,TinyColorCNN,1,raw,glucose_03_c0.05_wE10,E10,3,0.05,-0.23128480092927717,0.0
glucose,full_patch,TinyColorCNN,1,raw,glucose_03_c0.05_wE11,E11,3,0.05,0.1407533836597734,0.1407533836597734
glucose,full_patch,TinyColorCNN,1,raw,glucose_03_c0.05_wF01,F01,3,0.05,-0.23800454489307565,0.0
glucose,full_patch,TinyColorCNN,1,raw,glucose_03_c0.05_wF12,F12,3,0.05,0.08001409695731176,0.08001409695731176
glucose,full_patch,TinyColorCNN,1,raw,glucose_03_c0.05_wG06,G06,3,0.05,-0.34072222383629214,0.0
glucose,full_patch,TinyColorCNN,1,raw,glucose_03_c0.05_wG09,G09,3,0.05,-0.16763416932764574,0.0
glucose,full_patch,TinyColorCNN,1,raw,glucose_03_c0.05_wG11,G11,3,0.05,0.2807583353686329,0.2807583353686329
glucose,full_patch,TinyColorCNN,1,raw,glucose_03_c0.05_wG12,G12,3,0.05,0.08985262710754327,0.08985262710754327
glucose,full_patch,TinyColorCNN,1,raw,glucose_03_c0.05_wH05,H05,3,0.05,-0.2797074105104409,0.0
glucose,full_patch,TinyColorCNN,1,raw,glucose_04_c0.1_wA06,A06,4,0.1,0.028732301418688877,0.028732301418688877
glucose,full_patch,TinyColorCNN,1,raw,glucose_04_c0.1_wA11,A11,4,0.1,0.10572447362226178,0.10572447362226178
glucose,full_patch,TinyColorCNN,1,raw,glucose_04_c0.1_wA12,A12,4,0.1,0.30014513713087165,0.30014513713087165
glucose,full_patch,TinyColorCNN,1,raw,glucose_04_c0.1_wC01,C01,4,0.1,-0.017506401328236443,0.0
glucose,full_patch,TinyColorCNN,1,raw,glucose_04_c0.1_wC03,C03,4,0.1,-0.12206636594547682,0.0
glucose,full_patch,TinyColorCNN,1,raw,glucose_04_c0.1_wC09,C09,4,0.1,-0.15661788231038098,0.0
glucose,full_patch,TinyColorCNN,1,raw,glucose_04_c0.1_wD02,D02,4,0.1,-0.4010987869059379,0.0
glucose,full_patch,TinyColorCNN,1,raw,glucose_04_c0.1_wD03,D03,4,0.1,0.01836859841260363,0.01836859841260363
glucose,full_patch,TinyColorCNN,1,raw,glucose_04_c0.1_wE02,E02,4,0.1,-0.029912664418121793,0.0
glucose,full_patch,TinyColorCNN,1,raw,glucose_04_c0.1_wE03,E03,4,0.1,-0.34293957609880277,0.0
glucose,full_patch,TinyColorCNN,1,raw,glucose_04_c0.1_wE08,E08,4,0.1,0.1337744376268608,0.1337744376268608
glucose,full_patch,TinyColorCNN,1,raw,glucose_04_c0.1_wE10,E10,4,0.1,-0.05008583190463067,0.0
glucose,full_patch,TinyColorCNN,1,raw,glucose_04_c0.1_wE11,E11,4,0.1,-0.09076383404135235,0.0
glucose,full_patch,TinyColorCNN,1,raw,glucose_04_c0.1_wF01,F01,4,0.1,-0.2088691971090535,0.0
glucose,full_patch,TinyColorCNN,1,raw,glucose_04_c0.1_wF12,F12,4,0.1,-0.2990802766775662,0.0
glucose,full_patch,TinyColorCNN,1,raw,glucose_04_c0.1_wG06,G06,4,0.1,0.2789335687284664,0.2789335687284664
glucose,full_patch,TinyColorCNN,1,raw,glucose_04_c0.1_wG09,G09,4,0.1,0.1859636394873121,0.1859636394873121
glucose,full_patch,TinyColorCNN,1,raw,glucose_04_c0.1_wG11,G11,4,0.1,0.04182459394802596,0.04182459394802596
glucose,full_patch,TinyColorCNN,1,raw,glucose_04_c0.1_wG12,G12,4,0.1,-0.14398586257965462,0.0
glucose,full_patch,TinyColorCNN,1,raw,glucose_04_c0.1_wH05,H05,4,0.1,0.057241343742318485,0.057241343742318485
glucose,full_patch,TinyColorCNN,1,raw,glucose_05_c0.5_wA06,A06,5,0.5,0.2210837281328537,0.2210837281328537
glucose,full_patch,TinyColorCNN,1,raw,glucose_05_c0.5_wA11,A11,5,0.5,0.5391593068432767,0.5391593068432767
glucose,full_patch,TinyColorCNN,1,raw,glucose_05_c0.5_wA12,A12,5,0.5,0.4457852453438269,0.4457852453438269
glucose,full_patch,TinyColorCNN,1,raw,glucose_05_c0.5_wC01,C01,5,0.5,0.5142018504743247,0.5142018504743247
glucose,full_patch,TinyColorCNN,1,raw,glucose_05_c0.5_wC03,C03,5,0.5,0.480501201731073,0.480501201731073
glucose,full_patch,TinyColorCNN,1,raw,glucose_05_c0.5_wC09,C09,5,0.5,0.3957648202429196,0.3957648202429196
glucose,full_patch,TinyColorCNN,1,raw,glucose_05_c0.5_wD02,D02,5,0.5,0.4817860636005511,0.4817860636005511
glucose,full_patch,TinyColorCNN,1,raw,glucose_05_c0.5_wD03,D03,5,0.5,-0.002253693396425227,0.0
glucose,full_patch,TinyColorCNN,1,raw,glucose_05_c0.5_wE02,E02,5,0.5,0.3552986391519246,0.3552986391519246
glucose,full_patch,TinyColorCNN,1,raw,glucose_05_c0.5_wE03,E03,5,0.5,0.2330782939270959,0.2330782939270959
glucose,full_patch,TinyColorCNN,1,raw,glucose_05_c0.5_wE08,E08,5,0.5,0.37475631336931325,0.37475631336931325
glucose,full_patch,TinyColorCNN,1,raw,glucose_05_c0.5_wE10,E10,5,0.5,0.6018193167122581,0.6018193167122581
glucose,full_patch,TinyColorCNN,1,raw,glucose_05_c0.5_wE11,E11,5,0.5,0.6329084349312133,0.6329084349312133
glucose,full_patch,TinyColorCNN,1,raw,glucose_05_c0.5_wF01,F01,5,0.5,0.43874219557339256,0.43874219557339256
glucose,full_patch,TinyColorCNN,1,raw,glucose_05_c0.5_wF12,F12,5,0.5,0.5249274807935045,0.5249274807935045
glucose,full_patch,TinyColorCNN,1,raw,glucose_05_c0.5_wG06,G06,5,0.5,0.2390546734315464,0.2390546734315464
glucose,full_patch,TinyColorCNN,1,raw,glucose_05_c0.5_wG09,G09,5,0.5,0.5102596696966053,0.5102596696966053
glucose,full_patch,TinyColorCNN,1,raw,glucose_05_c0.5_wG11,G11,5,0.5,0.5306016569639196,0.5306016569639196
glucose,full_patch,TinyColorCNN,1,raw,glucose_05_c0.5_wG12,G12,5,0.5,0.5322548167042571,0.5322548167042571
glucose,full_patch,TinyColorCNN,1,raw,glucose_05_c0.5_wH05,H05,5,0.5,0.13567127120175826,0.13567127120175826
glucose,full_patch,TinyColorCNN,1,raw,glucose_06_c1_wA06,A06,6,1.0,-0.024750123668307644,0.0
glucose,full_patch,TinyColorCNN,1,raw,glucose_06_c1_wA11,A11,6,1.0,0.20517126931237595,0.20517126931237595
glucose,full_patch,TinyColorCNN,1,raw,glucose_06_c1_wA12,A12,6,1.0,0.3757767970914916,0.3757767970914916
glucose,full_patch,TinyColorCNN,1,raw,glucose_06_c1_wC01,C01,6,1.0,0.5280307387453824,0.5280307387453824
glucose,full_patch,TinyColorCNN,1,raw,glucose_06_c1_wC03,C03,6,1.0,0.23896588378267936,0.23896588378267936
glucose,full_patch,TinyColorCNN,1,raw,glucose_06_c1_wC09,C09,6,1.0,0.2477982639657057,0.2477982639657057
glucose,full_patch,TinyColorCNN,1,raw,glucose_06_c1_wD02,D02,6,1.0,0.31615395063756324,0.31615395063756324
glucose,full_patch,TinyColorCNN,1,raw,glucose_06_c1_wD03,D03,6,1.0,0.24210338348255078,0.24210338348255078
glucose,full_patch,TinyColorCNN,1,raw,glucose_06_c1_wE02,E02,6,1.0,0.561703914458267,0.561703914458267
glucose,full_patch,TinyColorCNN,1,raw,glucose_06_c1_wE03,E03,6,1.0,0.39303702703938903,0.39303702703938903
glucose,full_patch,TinyColorCNN,1,raw,glucose_06_c1_wE08,E08,6,1.0,0.5404039545668553,0.5404039545668553
glucose,full_patch,TinyColorCNN,1,raw,glucose_06_c1_wE10,E10,6,1.0,0.5486960318193326,0.5486960318193326
glucose,full_patch,TinyColorCNN,1,raw,glucose_06_c1_wE11,E11,6,1.0,0.4081336563059281,0.4081336563059281
glucose,full_patch,TinyColorCNN,1,raw,glucose_06_c1_wF01,F01,6,1.0,0.7107904944227572,0.7107904944227572
glucose,full_patch,TinyColorCNN,1,raw,glucose_06_c1_wF12,F12,6,1.0,0.3285120363843417,0.3285120363843417
glucose,full_patch,TinyColorCNN,1,raw,glucose_06_c1_wG06,G06,6,1.0,0.13690715940840814,0.13690715940840814
glucose,full_patch,TinyColorCNN,1,raw,glucose_06_c1_wG09,G09,6,1.0,0.44373631470226105,0.44373631470226105
glucose,full_patch,TinyColorCNN,1,raw,glucose_06_c1_wG11,G11,6,1.0,0.8399109500281403,0.8399109500281403
glucose,full_patch,TinyColorCNN,1,raw,glucose_06_c1_wG12,G12,6,1.0,0.45871907024872893,0.45871907024872893
glucose,full_patch,TinyColorCNN,1,raw,glucose_06_c1_wH05,H05,6,1.0,0.45008457551631587,0.45008457551631587
glucose,full_patch,TinyColorCNN,1,raw,glucose_07_c2.5_wA06,A06,7,2.5,2.550353352241005,2.550353352241005
glucose,full_patch,TinyColorCNN,1,raw,glucose_07_c2.5_wA11,A11,7,2.5,2.225929711796457,2.225929711796457
glucose,full_patch,TinyColorCNN,1,raw,glucose_07_c2.5_wA12,A12,7,2.5,1.9155913745730584,1.9155913745730584
glucose,full_patch,TinyColorCNN,1,raw,glucose_07_c2.5_wC01,C01,7,2.5,2.5856681410582767,2.5856681410582767
glucose,full_patch,TinyColorCNN,1,raw,glucose_07_c2.5_wC03,C03,7,2.5,2.5329219135531402,2.5329219135531402
glucose,full_patch,TinyColorCNN,1,raw,glucose_07_c2.5_wC09,C09,7,2.5,2.2331519335040677,2.2331519335040677
glucose,full_patch,TinyColorCNN,1,raw,glucose_07_c2.5_wD02,D02,7,2.5,3.190484714706238,3.190484714706238
glucose,full_patch,TinyColorCNN,1,raw,glucose_07_c2.5_wD03,D03,7,2.5,2.8074461694943387,2.8074461694943387
glucose,full_patch,TinyColorCNN,1,raw,glucose_07_c2.5_wE02,E02,7,2.5,2.6459596969977297,2.6459596969977297
glucose,full_patch,TinyColorCNN,1,raw,glucose_07_c2.5_wE03,E03,7,2.5,3.1636344063609925,3.1636344063609925
glucose,full_patch,TinyColorCNN,1,raw,glucose_07_c2.5_wE08,E08,7,2.5,2.9502398328653676,2.9502398328653676
glucose,full_patch,TinyColorCNN,1,raw,glucose_07_c2.5_wE10,E10,7,2.5,2.453030938486,2.453030938486
glucose,full_patch,TinyColorCNN,1,raw,glucose_07_c2.5_wE11,E11,7,2.5,2.402465631616149,2.402465631616149
glucose,full_patch,TinyColorCNN,1,raw,glucose_07_c2.5_wF01,F01,7,2.5,2.469366442158142,2.469366442158142
glucose,full_patch,TinyColorCNN,1,raw,glucose_07_c2.5_wF12,F12,7,2.5,2.4277852143781256,2.4277852143781256
glucose,full_patch,TinyColorCNN,1,raw,glucose_07_c2.5_wG06,G06,7,2.5,2.6134855797044088,2.6134855797044088
glucose,full_patch,TinyColorCNN,1,raw,glucose_07_c2.5_wG09,G09,7,2.5,2.5220045692611825,2.5220045692611825
glucose,full_patch,TinyColorCNN,1,raw,glucose_07_c2.5_wG11,G11,7,2.5,2.3353181610406444,2.3353181610406444
glucose,full_patch,TinyColorCNN,1,raw,glucose_07_c2.5_wG12,G12,7,2.5,1.928313776592093,1.928313776592093
glucose,full_patch,TinyColorCNN,1,raw,glucose_07_c2.5_wH05,H05,7,2.5,2.3164963481202983,2.3164963481202983
glucose,full_patch,TinyColorCNN,1,raw,glucose_08_c5_wA06,A06,8,5.0,4.163325075920852,4.163325075920852
glucose,full_patch,TinyColorCNN,1,raw,glucose_08_c5_wA11,A11,8,5.0,4.104169818452969,4.104169818452969
glucose,full_patch,TinyColorCNN,1,raw,glucose_08_c5_wA12,A12,8,5.0,4.235805101506557,4.235805101506557
glucose,full_patch,TinyColorCNN,1,raw,glucose_08_c5_wC01,C01,8,5.0,3.8896638812470314,3.8896638812470314
glucose,full_patch,TinyColorCNN,1,raw,glucose_08_c5_wC03,C03,8,5.0,4.240995264596686,4.240995264596686
glucose,full_patch,TinyColorCNN,1,raw,glucose_08_c5_wC09,C09,8,5.0,5.328955685785763,5.328955685785763
glucose,full_patch,TinyColorCNN,1,raw,glucose_08_c5_wD02,D02,8,5.0,4.166249759175345,4.166249759175345
glucose,full_patch,TinyColorCNN,1,raw,glucose_08_c5_wD03,D03,8,5.0,4.465643179536454,4.465643179536454
glucose,full_patch,TinyColorCNN,1,raw,glucose_08_c5_wE02,E02,8,5.0,4.63284098149545,4.63284098149545
glucose,full_patch,TinyColorCNN,1,raw,glucose_08_c5_wE03,E03,8,5.0,4.70634649268658,4.70634649268658
glucose,full_patch,TinyColorCNN,1,raw,glucose_08_c5_wE08,E08,8,5.0,5.4578920919956815,5.4578920919956815
glucose,full_patch,TinyColorCNN,1,raw,glucose_08_c5_wE10,E10,8,5.0,5.435104308245958,5.435104308245958
glucose,full_patch,TinyColorCNN,1,raw,glucose_08_c5_wE11,E11,8,5.0,4.945585572950124,4.945585572950124
glucose,full_patch,TinyColorCNN,1,raw,glucose_08_c5_wF01,F01,8,5.0,4.061042934094919,4.061042934094919
glucose,full_patch,TinyColorCNN,1,raw,glucose_08_c5_wF12,F12,8,5.0,4.290515799992875,4.290515799992875
glucose,full_patch,TinyColorCNN,1,raw,glucose_08_c5_wG06,G06,8,5.0,4.933371123372981,4.933371123372981
glucose,full_patch,TinyColorCNN,1,raw,glucose_08_c5_wG09,G09,8,5.0,4.954829849508723,4.954829849508723
glucose,full_patch,TinyColorCNN,1,raw,glucose_08_c5_wG11,G11,8,5.0,4.952033025339398,4.952033025339398
glucose,full_patch,TinyColorCNN,1,raw,glucose_08_c5_wG12,G12,8,5.0,5.008604125773386,5.008604125773386
glucose,full_patch,TinyColorCNN,1,raw,glucose_08_c5_wH05,H05,8,5.0,4.368740376504318,4.368740376504318
glucose,full_patch,TinyColorCNN,1,raw,glucose_09_c10_wA06,A06,9,10.0,10.069544781602222,10.069544781602222
glucose,full_patch,TinyColorCNN,1,raw,glucose_09_c10_wA11,A11,9,10.0,9.317288218092413,9.317288218092413
glucose,full_patch,TinyColorCNN,1,raw,glucose_09_c10_wA12,A12,9,10.0,9.549588218079066,9.549588218079066
glucose,full_patch,TinyColorCNN,1,raw,glucose_09_c10_wC01,C01,9,10.0,8.532448640567466,8.532448640567466
glucose,full_patch,TinyColorCNN,1,raw,glucose_09_c10_wC03,C03,9,10.0,9.731202069678238,9.731202069678238
glucose,full_patch,TinyColorCNN,1,raw,glucose_09_c10_wC09,C09,9,10.0,12.167682009514314,12.167682009514314
glucose,full_patch,TinyColorCNN,1,raw,glucose_09_c10_wD02,D02,9,10.0,9.149322490187682,9.149322490187682
glucose,full_patch,TinyColorCNN,1,raw,glucose_09_c10_wD03,D03,9,10.0,9.732395752939686,9.732395752939686
glucose,full_patch,TinyColorCNN,1,raw,glucose_09_c10_wE02,E02,9,10.0,9.57948166223727,9.57948166223727
glucose,full_patch,TinyColorCNN,1,raw,glucose_09_c10_wE03,E03,9,10.0,9.263019427281145,9.263019427281145
glucose,full_patch,TinyColorCNN,1,raw,glucose_09_c10_wE08,E08,9,10.0,9.746855326429602,9.746855326429602
glucose,full_patch,TinyColorCNN,1,raw,glucose_09_c10_wE10,E10,9,10.0,11.208838609801823,11.208838609801823
glucose,full_patch,TinyColorCNN,1,raw,glucose_09_c10_wE11,E11,9,10.0,10.868695020829296,10.868695020829296
glucose,full_patch,TinyColorCNN,1,raw,glucose_09_c10_wF01,F01,9,10.0,8.388327512221897,8.388327512221897
glucose,full_patch,TinyColorCNN,1,raw,glucose_09_c10_wF12,F12,9,10.0,9.547517388645177,9.547517388645177
glucose,full_patch,TinyColorCNN,1,raw,glucose_09_c10_wG06,G06,9,10.0,10.554090201621893,10.554090201621893
glucose,full_patch,TinyColorCNN,1,raw,glucose_09_c10_wG09,G09,9,10.0,12.984050671903946,12.984050671903946
glucose,full_patch,TinyColorCNN,1,raw,glucose_09_c10_wG11,G11,9,10.0,11.817447058880209,11.817447058880209
glucose,full_patch,TinyColorCNN,1,raw,glucose_09_c10_wG12,G12,9,10.0,9.457409830640366,9.457409830640366
glucose,full_patch,TinyColorCNN,1,raw,glucose_09_c10_wH05,H05,9,10.0,9.978344672940501,9.978344672940501
glucose,full_patch,TinyColorCNN,1,raw,glucose_10_c15_wA06,A06,10,15.0,15.846107361956385,15.846107361956385
glucose,full_patch,TinyColorCNN,1,raw,glucose_10_c15_wA11,A11,10,15.0,14.546996943714648,14.546996943714648
glucose,full_patch,TinyColorCNN,1,raw,glucose_10_c15_wA12,A12,10,15.0,19.02213619519807,19.02213619519807
glucose,full_patch,TinyColorCNN,1,raw,glucose_10_c15_wC01,C01,10,15.0,14.923704747146349,14.923704747146349
glucose,full_patch,TinyColorCNN,1,raw,glucose_10_c15_wC03,C03,10,15.0,15.369408080145554,15.369408080145554
glucose,full_patch,TinyColorCNN,1,raw,glucose_10_c15_wC09,C09,10,15.0,16.236245097479035,16.236245097479035
glucose,full_patch,TinyColorCNN,1,raw,glucose_10_c15_wD02,D02,10,15.0,12.467800578521157,12.467800578521157
glucose,full_patch,TinyColorCNN,1,raw,glucose_10_c15_wD03,D03,10,15.0,14.39059895423382,14.39059895423382
glucose,full_patch,TinyColorCNN,1,raw,glucose_10_c15_wE02,E02,10,15.0,13.845873263955676,13.845873263955676
glucose,full_patch,TinyColorCNN,1,raw,glucose_10_c15_wE03,E03,10,15.0,13.995399014246175,13.995399014246175
glucose,full_patch,TinyColorCNN,1,raw,glucose_10_c15_wE08,E08,10,15.0,14.880980601487083,14.880980601487083
glucose,full_patch,TinyColorCNN,1,raw,glucose_10_c15_wE10,E10,10,15.0,15.216869056031625,15.216869056031625
glucose,full_patch,TinyColorCNN,1,raw,glucose_10_c15_wE11,E11,10,15.0,17.336266826008952,17.336266826008952
glucose,full_patch,TinyColorCNN,1,raw,glucose_10_c15_wF01,F01,10,15.0,13.641934987144309,13.641934987144309
glucose,full_patch,TinyColorCNN,1,raw,glucose_10_c15_wF12,F12,10,15.0,18.449515425101016,18.449515425101016
glucose,full_patch,TinyColorCNN,1,raw,glucose_10_c15_wG06,G06,10,15.0,14.4218576885533,14.4218576885533
glucose,full_patch,TinyColorCNN,1,raw,glucose_10_c15_wG09,G09,10,15.0,16.32757420993552,16.32757420993552
glucose,full_patch,TinyColorCNN,1,raw,glucose_10_c15_wG11,G11,10,15.0,16.155518185785006,16.155518185785006
glucose,full_patch,TinyColorCNN,1,raw,glucose_10_c15_wG12,G12,10,15.0,17.851539835094343,17.851539835094343
glucose,full_patch,TinyColorCNN,1,raw,glucose_10_c15_wH05,H05,10,15.0,14.931695815544373,14.931695815544373
glucose,full_patch,TinyColorCNN,1,raw,glucose_11_c20_wA06,A06,11,20.0,19.786271858142605,19.786271858142605
glucose,full_patch,TinyColorCNN,1,raw,glucose_11_c20_wA11,A11,11,20.0,18.197633126860673,18.197633126860673
glucose,full_patch,TinyColorCNN,1,raw,glucose_11_c20_wA12,A12,11,20.0,16.770038910630316,16.770038910630316
glucose,full_patch,TinyColorCNN,1,raw,glucose_11_c20_wC01,C01,11,20.0,19.6220261378135,19.6220261378135
glucose,full_patch,TinyColorCNN,1,raw,glucose_11_c20_wC03,C03,11,20.0,19.754642038833243,19.754642038833243
glucose,full_patch,TinyColorCNN,1,raw,glucose_11_c20_wC09,C09,11,20.0,19.708767652358574,19.708767652358574
glucose,full_patch,TinyColorCNN,1,raw,glucose_11_c20_wD02,D02,11,20.0,19.69281418307248,19.69281418307248
glucose,full_patch,TinyColorCNN,1,raw,glucose_11_c20_wD03,D03,11,20.0,18.457300246691357,18.457300246691357
glucose,full_patch,TinyColorCNN,1,raw,glucose_11_c20_wE02,E02,11,20.0,18.055187455207623,18.055187455207623
glucose,full_patch,TinyColorCNN,1,raw,glucose_11_c20_wE03,E03,11,20.0,18.72877360270232,18.72877360270232
glucose,full_patch,TinyColorCNN,1,raw,glucose_11_c20_wE08,E08,11,20.0,19.95821321225333,19.95821321225333
glucose,full_patch,TinyColorCNN,1,raw,glucose_11_c20_wE10,E10,11,20.0,20.61729997027207,20.0
glucose,full_patch,TinyColorCNN,1,raw,glucose_11_c20_wE11,E11,11,20.0,22.29583682747225,20.0
glucose,full_patch,TinyColorCNN,1,raw,glucose_11_c20_wF01,F01,11,20.0,17.38791453045927,17.38791453045927
glucose,full_patch,TinyColorCNN,1,raw,glucose_11_c20_wF12,F12,11,20.0,20.59850204694335,20.0
glucose,full_patch,TinyColorCNN,1,raw,glucose_11_c20_wG06,G06,11,20.0,20.13851751607168,20.0
glucose,full_patch,TinyColorCNN,1,raw,glucose_11_c20_wG09,G09,11,20.0,19.686064577119147,19.686064577119147
glucose,full_patch,TinyColorCNN,1,raw,glucose_11_c20_wG11,G11,11,20.0,21.0022249969025,20.0
glucose,full_patch,TinyColorCNN,1,raw,glucose_11_c20_wG12,G12,11,20.0,20.72217846277762,20.0
glucose,full_patch,TinyColorCNN,1,raw,glucose_11_c20_wH05,H05,11,20.0,18.99451664200255,18.99451664200255
glucose,roi_masked,TinyColorCNN,2,raw,glucose_01_c0_wA04,A04,1,0.0,0.4126308719290295,0.4126308719290295
glucose,roi_masked,TinyColorCNN,2,raw,glucose_01_c0_wB04,B04,1,0.0,0.5009562663987372,0.5009562663987372
glucose,roi_masked,TinyColorCNN,2,raw,glucose_01_c0_wB08,B08,1,0.0,0.22327161656569494,0.22327161656569494
glucose,roi_masked,TinyColorCNN,2,raw,glucose_01_c0_wB10,B10,1,0.0,0.3100927630828494,0.3100927630828494
glucose,roi_masked,TinyColorCNN,2,raw,glucose_01_c0_wB12,B12,1,0.0,-0.30658917348465753,0.0
glucose,roi_masked,TinyColorCNN,2,raw,glucose_01_c0_wC04,C04,1,0.0,0.3030962980160803,0.3030962980160803
glucose,roi_masked,TinyColorCNN,2,raw,glucose_01_c0_wC08,C08,1,0.0,0.02278020966572214,0.02278020966572214
glucose,roi_masked,TinyColorCNN,2,raw,glucose_01_c0_wC12,C12,1,0.0,0.252223412654077,0.252223412654077
glucose,roi_masked,TinyColorCNN,2,raw,glucose_01_c0_wD07,D07,1,0.0,0.2457262400522371,0.2457262400522371
glucose,roi_masked,TinyColorCNN,2,raw,glucose_01_c0_wE07,E07,1,0.0,0.34028482713634567,0.34028482713634567
glucose,roi_masked,TinyColorCNN,2,raw,glucose_01_c0_wF02,F02,1,0.0,0.3550342610046249,0.3550342610046249
glucose,roi_masked,TinyColorCNN,2,raw,glucose_01_c0_wF05,F05,1,0.0,0.15573972264498348,0.15573972264498348
glucose,roi_masked,TinyColorCNN,2,raw,glucose_01_c0_wF06,F06,1,0.0,0.17734626562889577,0.17734626562889577
glucose,roi_masked,TinyColorCNN,2,raw,glucose_01_c0_wF10,F10,1,0.0,0.22980621619441166,0.22980621619441166
glucose,roi_masked,TinyColorCNN,2,raw,glucose_01_c0_wG03,G03,1,0.0,0.15943265535009932,0.15943265535009932
glucose,roi_masked,TinyColorCNN,2,raw,glucose_01_c0_wH01,H01,1,0.0,0.47671390513904477,0.47671390513904477
glucose,roi_masked,TinyColorCNN,2,raw,glucose_01_c0_wH02,H02,1,0.0,0.13603518931415337,0.13603518931415337
glucose,roi_masked,TinyColorCNN,2,raw,glucose_01_c0_wH04,H04,1,0.0,0.24897522451301768,0.24897522451301768
glucose,roi_masked,TinyColorCNN,2,raw,glucose_01_c0_wH06,H06,1,0.0,0.3277264669797919,0.3277264669797919
glucose,roi_masked,TinyColorCNN,2,raw,glucose_02_c0.01_wA04,A04,2,0.01,-0.12817214740455452,0.0
glucose,roi_masked,TinyColorCNN,2,raw,glucose_02_c0.01_wB04,B04,2,0.01,-0.2624141332941319,0.0
glucose,roi_masked,TinyColorCNN,2,raw,glucose_02_c0.01_wB08,B08,2,0.01,-0.12033755583166528,0.0
glucose,roi_masked,TinyColorCNN,2,raw,glucose_02_c0.01_wB10,B10,2,0.01,0.10613816171720547,0.10613816171720547
glucose,roi_masked,TinyColorCNN,2,raw,glucose_02_c0.01_wB12,B12,2,0.01,-0.22354536956302162,0.0
glucose,roi_masked,TinyColorCNN,2,raw,glucose_02_c0.01_wC04,C04,2,0.01,0.039710763249216185,0.039710763249216185
glucose,roi_masked,TinyColorCNN,2,raw,glucose_02_c0.01_wC08,C08,2,0.01,0.02915753614958483,0.02915753614958483
glucose,roi_masked,TinyColorCNN,2,raw,glucose_02_c0.01_wC12,C12,2,0.01,0.1393542499103626,0.1393542499103626
glucose,roi_masked,TinyColorCNN,2,raw,glucose_02_c0.01_wD07,D07,2,0.01,-0.22056394852842232,0.0
glucose,roi_masked,TinyColorCNN,2,raw,glucose_02_c0.01_wE07,E07,2,0.01,-0.014832359705859055,0.0
glucose,roi_masked,TinyColorCNN,2,raw,glucose_02_c0.01_wF02,F02,2,0.01,-0.1998361443563912,0.0
glucose,roi_masked,TinyColorCNN,2,raw,glucose_02_c0.01_wF05,F05,2,0.01,-0.05235414862927179,0.0
glucose,roi_masked,TinyColorCNN,2,raw,glucose_02_c0.01_wF06,F06,2,0.01,0.14697940939668808,0.14697940939668808
glucose,roi_masked,TinyColorCNN,2,raw,glucose_02_c0.01_wF10,F10,2,0.01,-0.26751137582684237,0.0
glucose,roi_masked,TinyColorCNN,2,raw,glucose_02_c0.01_wG03,G03,2,0.01,0.09222048379728065,0.09222048379728065
glucose,roi_masked,TinyColorCNN,2,raw,glucose_02_c0.01_wH01,H01,2,0.01,-0.06680456444239802,0.0
glucose,roi_masked,TinyColorCNN,2,raw,glucose_02_c0.01_wH02,H02,2,0.01,0.359675610497189,0.359675610497189
glucose,roi_masked,TinyColorCNN,2,raw,glucose_02_c0.01_wH04,H04,2,0.01,-0.3371865642760312,0.0
glucose,roi_masked,TinyColorCNN,2,raw,glucose_02_c0.01_wH06,H06,2,0.01,-0.061613754342496385,0.0
glucose,roi_masked,TinyColorCNN,2,raw,glucose_03_c0.05_wA04,A04,3,0.05,0.14427510762492002,0.14427510762492002
glucose,roi_masked,TinyColorCNN,2,raw,glucose_03_c0.05_wB04,B04,3,0.05,0.1933889227237211,0.1933889227237211
glucose,roi_masked,TinyColorCNN,2,raw,glucose_03_c0.05_wB08,B08,3,0.05,-0.12578159560277413,0.0
glucose,roi_masked,TinyColorCNN,2,raw,glucose_03_c0.05_wB10,B10,3,0.05,0.13227456943277272,0.13227456943277272
glucose,roi_masked,TinyColorCNN,2,raw,glucose_03_c0.05_wB12,B12,3,0.05,-0.24263116247080507,0.0
glucose,roi_masked,TinyColorCNN,2,raw,glucose_03_c0.05_wC04,C04,3,0.05,0.1088058327818171,0.1088058327818171
glucose,roi_masked,TinyColorCNN,2,raw,glucose_03_c0.05_wC08,C08,3,0.05,0.025596394358258223,0.025596394358258223
glucose,roi_masked,TinyColorCNN,2,raw,glucose_03_c0.05_wC12,C12,3,0.05,0.020898108005659388,0.020898108005659388
glucose,roi_masked,TinyColorCNN,2,raw,glucose_03_c0.05_wD07,D07,3,0.05,-0.02195902304697661,0.0
glucose,roi_masked,TinyColorCNN,2,raw,glucose_03_c0.05_wE07,E07,3,0.05,0.21212274231492056,0.21212274231492056
glucose,roi_masked,TinyColorCNN,2,raw,glucose_03_c0.05_wF02,F02,3,0.05,0.08964279686111709,0.08964279686111709
glucose,roi_masked,TinyColorCNN,2,raw,glucose_03_c0.05_wF05,F05,3,0.05,0.028542379165283016,0.028542379165283016
glucose,roi_masked,TinyColorCNN,2,raw,glucose_03_c0.05_wF06,F06,3,0.05,0.021446772293276517,0.021446772293276517
glucose,roi_masked,TinyColorCNN,2,raw,glucose_03_c0.05_wF10,F10,3,0.05,-0.08205488341504807,0.0
glucose,roi_masked,TinyColorCNN,2,raw,glucose_03_c0.05_wG03,G03,3,0.05,-0.0038849543444428036,0.0
glucose,roi_masked,TinyColorCNN,2,raw,glucose_03_c0.05_wH01,H01,3,0.05,0.10157246259811625,0.10157246259811625
glucose,roi_masked,TinyColorCNN,2,raw,glucose_03_c0.05_wH02,H02,3,0.05,-0.13253876659344943,0.0
glucose,roi_masked,TinyColorCNN,2,raw,glucose_03_c0.05_wH04,H04,3,0.05,0.22136522715414841,0.22136522715414841
glucose,roi_masked,TinyColorCNN,2,raw,glucose_03_c0.05_wH06,H06,3,0.05,-0.06723776237050227,0.0
glucose,roi_masked,TinyColorCNN,2,raw,glucose_04_c0.1_wA04,A04,4,0.1,0.29427586262886507,0.29427586262886507
glucose,roi_masked,TinyColorCNN,2,raw,glucose_04_c0.1_wB04,B04,4,0.1,0.3343307445840775,0.3343307445840775
glucose,roi_masked,TinyColorCNN,2,raw,glucose_04_c0.1_wB08,B08,4,0.1,0.1497322866714228,0.1497322866714228
glucose,roi_masked,TinyColorCNN,2,raw,glucose_04_c0.1_wB10,B10,4,0.1,0.3981896137926926,0.3981896137926926
glucose,roi_masked,TinyColorCNN,2,raw,glucose_04_c0.1_wB12,B12,4,0.1,0.3975481782576047,0.3975481782576047
glucose,roi_masked,TinyColorCNN,2,raw,glucose_04_c0.1_wC04,C04,4,0.1,0.19326589132686056,0.19326589132686056
glucose,roi_masked,TinyColorCNN,2,raw,glucose_04_c0.1_wC08,C08,4,0.1,0.171756897508744,0.171756897508744
glucose,roi_masked,TinyColorCNN,2,raw,glucose_04_c0.1_wC12,C12,4,0.1,-0.11625601910280903,0.0
glucose,roi_masked,TinyColorCNN,2,raw,glucose_04_c0.1_wD07,D07,4,0.1,-0.07786305640486368,0.0
glucose,roi_masked,TinyColorCNN,2,raw,glucose_04_c0.1_wE07,E07,4,0.1,0.14996919178835455,0.14996919178835455
glucose,roi_masked,TinyColorCNN,2,raw,glucose_04_c0.1_wF02,F02,4,0.1,0.11391422379061833,0.11391422379061833
glucose,roi_masked,TinyColorCNN,2,raw,glucose_04_c0.1_wF05,F05,4,0.1,-0.005768250484085691,0.0
glucose,roi_masked,TinyColorCNN,2,raw,glucose_04_c0.1_wF06,F06,4,0.1,0.0013289490273615812,0.0013289490273615812
glucose,roi_masked,TinyColorCNN,2,raw,glucose_04_c0.1_wF10,F10,4,0.1,0.2294211956094152,0.2294211956094152
glucose,roi_masked,TinyColorCNN,2,raw,glucose_04_c0.1_wG03,G03,4,0.1,-0.017053693566974282,0.0
glucose,roi_masked,TinyColorCNN,2,raw,glucose_04_c0.1_wH01,H01,4,0.1,0.2781683054767967,0.2781683054767967
glucose,roi_masked,TinyColorCNN,2,raw,glucose_04_c0.1_wH02,H02,4,0.1,0.084447607002752,0.084447607002752
glucose,roi_masked,TinyColorCNN,2,raw,glucose_04_c0.1_wH04,H04,4,0.1,0.1173690568992205,0.1173690568992205
glucose,roi_masked,TinyColorCNN,2,raw,glucose_04_c0.1_wH06,H06,4,0.1,0.3038977938150449,0.3038977938150449
glucose,roi_masked,TinyColorCNN,2,raw,glucose_05_c0.5_wA04,A04,5,0.5,0.4783957323893313,0.4783957323893313
glucose,roi_masked,TinyColorCNN,2,raw,glucose_05_c0.5_wB04,B04,5,0.5,0.5121955229378194,0.5121955229378194
glucose,roi_masked,TinyColorCNN,2,raw,glucose_05_c0.5_wB08,B08,5,0.5,0.31496305449513695,0.31496305449513695
glucose,roi_masked,TinyColorCNN,2,raw,glucose_05_c0.5_wB10,B10,5,0.5,0.30223468007819676,0.30223468007819676
glucose,roi_masked,TinyColorCNN,2,raw,glucose_05_c0.5_wB12,B12,5,0.5,0.30404471480352857,0.30404471480352857
glucose,roi_masked,TinyColorCNN,2,raw,glucose_05_c0.5_wC04,C04,5,0.5,0.3822349500270139,0.3822349500270139
glucose,roi_masked,TinyColorCNN,2,raw,glucose_05_c0.5_wC08,C08,5,0.5,0.42274970662097555,0.42274970662097555
glucose,roi_masked,TinyColorCNN,2,raw,glucose_05_c0.5_wC12,C12,5,0.5,0.09532135278999654,0.09532135278999654
glucose,roi_masked,TinyColorCNN,2,raw,glucose_05_c0.5_wD07,D07,5,0.5,0.4321267694930153,0.4321267694930153
glucose,roi_masked,TinyColorCNN,2,raw,glucose_05_c0.5_wE07,E07,5,0.5,0.17150207519809424,0.17150207519809424
glucose,roi_masked,TinyColorCNN,2,raw,glucose_05_c0.5_wF02,F02,5,0.5,0.5650902640708813,0.5650902640708813
glucose,roi_masked,TinyColorCNN,2,raw,glucose_05_c0.5_wF05,F05,5,0.5,0.3986383399553519,0.3986383399553519
glucose,roi_masked,TinyColorCNN,2,raw,glucose_05_c0.5_wF06,F06,5,0.5,0.07656682888605637,0.07656682888605637
glucose,roi_masked,TinyColorCNN,2,raw,glucose_05_c0.5_wF10,F10,5,0.5,0.2276219112003135,0.2276219112003135
glucose,roi_masked,TinyColorCNN,2,raw,glucose_05_c0.5_wG03,G03,5,0.5,0.5180174164164395,0.5180174164164395
glucose,roi_masked,TinyColorCNN,2,raw,glucose_05_c0.5_wH01,H01,5,0.5,0.37519667817490365,0.37519667817490365
glucose,roi_masked,TinyColorCNN,2,raw,glucose_05_c0.5_wH02,H02,5,0.5,0.24917310996363096,0.24917310996363096
glucose,roi_masked,TinyColorCNN,2,raw,glucose_05_c0.5_wH04,H04,5,0.5,0.15637677842160702,0.15637677842160702
glucose,roi_masked,TinyColorCNN,2,raw,glucose_05_c0.5_wH06,H06,5,0.5,-0.03355104922236407,0.0
glucose,roi_masked,TinyColorCNN,2,raw,glucose_06_c1_wA04,A04,6,1.0,0.7371124446332642,0.7371124446332642
glucose,roi_masked,TinyColorCNN,2,raw,glucose_06_c1_wB04,B04,6,1.0,0.35865711757431207,0.35865711757431207
glucose,roi_masked,TinyColorCNN,2,raw,glucose_06_c1_wB08,B08,6,1.0,0.4859245371894412,0.4859245371894412
glucose,roi_masked,TinyColorCNN,2,raw,glucose_06_c1_wB10,B10,6,1.0,0.5688011139697142,0.5688011139697142
glucose,roi_masked,TinyColorCNN,2,raw,glucose_06_c1_wB12,B12,6,1.0,0.5094330898264356,0.5094330898264356
glucose,roi_masked,TinyColorCNN,2,raw,glucose_06_c1_wC04,C04,6,1.0,0.6207637628696041,0.6207637628696041
glucose,roi_masked,TinyColorCNN,2,raw,glucose_06_c1_wC08,C08,6,1.0,0.36514712329866494,0.36514712329866494
glucose,roi_masked,TinyColorCNN,2,raw,glucose_06_c1_wC12,C12,6,1.0,0.28023077355361536,0.28023077355361536
glucose,roi_masked,TinyColorCNN,2,raw,glucose_06_c1_wD07,D07,6,1.0,0.70037542879468,0.70037542879468
glucose,roi_masked,TinyColorCNN,2,raw,glucose_06_c1_wE07,E07,6,1.0,0.49267055970402573,0.49267055970402573
glucose,roi_masked,TinyColorCNN,2,raw,glucose_06_c1_wF02,F02,6,1.0,0.7021775003228043,0.7021775003228043
glucose,roi_masked,TinyColorCNN,2,raw,glucose_06_c1_wF05,F05,6,1.0,0.9608496186623743,0.9608496186623743
glucose,roi_masked,TinyColorCNN,2,raw,glucose_06_c1_wF06,F06,6,1.0,0.73558629788839,0.73558629788839
glucose,roi_masked,TinyColorCNN,2,raw,glucose_06_c1_wF10,F10,6,1.0,0.6670729399118187,0.6670729399118187
glucose,roi_masked,TinyColorCNN,2,raw,glucose_06_c1_wG03,G03,6,1.0,1.0182005649529184,1.0182005649529184
glucose,roi_masked,TinyColorCNN,2,raw,glucose_06_c1_wH01,H01,6,1.0,0.7121410526691987,0.7121410526691987
glucose,roi_masked,TinyColorCNN,2,raw,glucose_06_c1_wH02,H02,6,1.0,0.8654397657967516,0.8654397657967516
glucose,roi_masked,TinyColorCNN,2,raw,glucose_06_c1_wH04,H04,6,1.0,0.7769933307294865,0.7769933307294865
glucose,roi_masked,TinyColorCNN,2,raw,glucose_06_c1_wH06,H06,6,1.0,0.552729391205081,0.552729391205081
glucose,roi_masked,TinyColorCNN,2,raw,glucose_07_c2.5_wA04,A04,7,2.5,2.610482658037349,2.610482658037349
glucose,roi_masked,TinyColorCNN,2,raw,glucose_07_c2.5_wB04,B04,7,2.5,2.2935776693164716,2.2935776693164716
glucose,roi_masked,TinyColorCNN,2,raw,glucose_07_c2.5_wB08,B08,7,2.5,2.8696068868983913,2.8696068868983913
glucose,roi_masked,TinyColorCNN,2,raw,glucose_07_c2.5_wB10,B10,7,2.5,2.337690198408916,2.337690198408916
glucose,roi_masked,TinyColorCNN,2,raw,glucose_07_c2.5_wB12,B12,7,2.5,2.681741328251308,2.681741328251308
glucose,roi_masked,TinyColorCNN,2,raw,glucose_07_c2.5_wC04,C04,7,2.5,2.840107023762182,2.840107023762182
glucose,roi_masked,TinyColorCNN,2,raw,glucose_07_c2.5_wC08,C08,7,2.5,3.1064094776662614,3.1064094776662614
glucose,roi_masked,TinyColorCNN,2,raw,glucose_07_c2.5_wC12,C12,7,2.5,2.5217266536786305,2.5217266536786305
glucose,roi_masked,TinyColorCNN,2,raw,glucose_07_c2.5_wD07,D07,7,2.5,2.6952202340050837,2.6952202340050837
glucose,roi_masked,TinyColorCNN,2,raw,glucose_07_c2.5_wE07,E07,7,2.5,2.453331350100664,2.453331350100664
glucose,roi_masked,TinyColorCNN,2,raw,glucose_07_c2.5_wF02,F02,7,2.5,2.8153382951670545,2.8153382951670545
glucose,roi_masked,TinyColorCNN,2,raw,glucose_07_c2.5_wF05,F05,7,2.5,2.348861369611872,2.348861369611872
glucose,roi_masked,TinyColorCNN,2,raw,glucose_07_c2.5_wF06,F06,7,2.5,2.3726798897001795,2.3726798897001795
glucose,roi_masked,TinyColorCNN,2,raw,glucose_07_c2.5_wF10,F10,7,2.5,2.8440414404226235,2.8440414404226235
glucose,roi_masked,TinyColorCNN,2,raw,glucose_07_c2.5_wG03,G03,7,2.5,2.829347549854869,2.829347549854869
glucose,roi_masked,TinyColorCNN,2,raw,glucose_07_c2.5_wH01,H01,7,2.5,2.684127102134764,2.684127102134764
glucose,roi_masked,TinyColorCNN,2,raw,glucose_07_c2.5_wH02,H02,7,2.5,2.158542947144858,2.158542947144858
glucose,roi_masked,TinyColorCNN,2,raw,glucose_07_c2.5_wH04,H04,7,2.5,2.4732500934363837,2.4732500934363837
glucose,roi_masked,TinyColorCNN,2,raw,glucose_07_c2.5_wH06,H06,7,2.5,2.4901402337940484,2.4901402337940484
glucose,roi_masked,TinyColorCNN,2,raw,glucose_08_c5_wA04,A04,8,5.0,4.969473148889217,4.969473148889217
glucose,roi_masked,TinyColorCNN,2,raw,glucose_08_c5_wB04,B04,8,5.0,5.033003536213011,5.033003536213011
glucose,roi_masked,TinyColorCNN,2,raw,glucose_08_c5_wB08,B08,8,5.0,5.579812274455759,5.579812274455759
glucose,roi_masked,TinyColorCNN,2,raw,glucose_08_c5_wB10,B10,8,5.0,5.375709657162015,5.375709657162015
glucose,roi_masked,TinyColorCNN,2,raw,glucose_08_c5_wB12,B12,8,5.0,4.178386219189834,4.178386219189834
glucose,roi_masked,TinyColorCNN,2,raw,glucose_08_c5_wC04,C04,8,5.0,4.919996361307689,4.919996361307689
glucose,roi_masked,TinyColorCNN,2,raw,glucose_08_c5_wC08,C08,8,5.0,5.252013731494582,5.252013731494582
glucose,roi_masked,TinyColorCNN,2,raw,glucose_08_c5_wC12,C12,8,5.0,4.906261115258797,4.906261115258797
glucose,roi_masked,TinyColorCNN,2,raw,glucose_08_c5_wD07,D07,8,5.0,5.042702648199628,5.042702648199628
glucose,roi_masked,TinyColorCNN,2,raw,glucose_08_c5_wE07,E07,8,5.0,4.740399985721112,4.740399985721112
glucose,roi_masked,TinyColorCNN,2,raw,glucose_08_c5_wF02,F02,8,5.0,4.957575236401085,4.957575236401085
glucose,roi_masked,TinyColorCNN,2,raw,glucose_08_c5_wF05,F05,8,5.0,4.765415324579768,4.765415324579768
glucose,roi_masked,TinyColorCNN,2,raw,glucose_08_c5_wF06,F06,8,5.0,4.434005247719934,4.434005247719934
glucose,roi_masked,TinyColorCNN,2,raw,glucose_08_c5_wF10,F10,8,5.0,4.868365578651435,4.868365578651435
glucose,roi_masked,TinyColorCNN,2,raw,glucose_08_c5_wG03,G03,8,5.0,5.100223061280751,5.100223061280751
glucose,roi_masked,TinyColorCNN,2,raw,glucose_08_c5_wH01,H01,8,5.0,4.294861316709168,4.294861316709168
glucose,roi_masked,TinyColorCNN,2,raw,glucose_08_c5_wH02,H02,8,5.0,4.7173656414778415,4.7173656414778415
glucose,roi_masked,TinyColorCNN,2,raw,glucose_08_c5_wH04,H04,8,5.0,4.745710990328869,4.745710990328869
glucose,roi_masked,TinyColorCNN,2,raw,glucose_08_c5_wH06,H06,8,5.0,4.854404501306727,4.854404501306727
glucose,roi_masked,TinyColorCNN,2,raw,glucose_09_c10_wA04,A04,9,10.0,13.217062581720976,13.217062581720976
glucose,roi_masked,TinyColorCNN,2,raw,glucose_09_c10_wB04,B04,9,10.0,10.072679096023212,10.072679096023212
glucose,roi_masked,TinyColorCNN,2,raw,glucose_09_c10_wB08,B08,9,10.0,10.623837855165673,10.623837855165673
glucose,roi_masked,TinyColorCNN,2,raw,glucose_09_c10_wB10,B10,9,10.0,11.919593378423766,11.919593378423766
glucose,roi_masked,TinyColorCNN,2,raw,glucose_09_c10_wB12,B12,9,10.0,9.037036233479578,9.037036233479578
glucose,roi_masked,TinyColorCNN,2,raw,glucose_09_c10_wC04,C04,9,10.0,9.408114852805088,9.408114852805088
glucose,roi_masked,TinyColorCNN,2,raw,glucose_09_c10_wC08,C08,9,10.0,11.292097420048073,11.292097420048073
glucose,roi_masked,TinyColorCNN,2,raw,glucose_09_c10_wC12,C12,9,10.0,10.161074168468485,10.161074168468485
glucose,roi_masked,TinyColorCNN,2,raw,glucose_09_c10_wD07,D07,9,10.0,9.831978321142195,9.831978321142195
glucose,roi_masked,TinyColorCNN,2,raw,glucose_09_c10_wE07,E07,9,10.0,10.442637293501585,10.442637293501585
glucose,roi_masked,TinyColorCNN,2,raw,glucose_09_c10_wF02,F02,9,10.0,10.17040544295658,10.17040544295658
glucose,roi_masked,TinyColorCNN,2,raw,glucose_09_c10_wF05,F05,9,10.0,11.175316336676028,11.175316336676028
glucose,roi_masked,TinyColorCNN,2,raw,glucose_09_c10_wF06,F06,9,10.0,10.692955221650456,10.692955221650456
glucose,roi_masked,TinyColorCNN,2,raw,glucose_09_c10_wF10,F10,9,10.0,14.104857937785653,14.104857937785653
glucose,roi_masked,TinyColorCNN,2,raw,glucose_09_c10_wG03,G03,9,10.0,9.612931470268476,9.612931470268476
glucose,roi_masked,TinyColorCNN,2,raw,glucose_09_c10_wH01,H01,9,10.0,10.2160863237391,10.2160863237391
glucose,roi_masked,TinyColorCNN,2,raw,glucose_09_c10_wH02,H02,9,10.0,10.54501733288319,10.54501733288319
glucose,roi_masked,TinyColorCNN,2,raw,glucose_09_c10_wH04,H04,9,10.0,9.592928715202214,9.592928715202214
glucose,roi_masked,TinyColorCNN,2,raw,glucose_09_c10_wH06,H06,9,10.0,10.004990725277366,10.004990725277366
glucose,roi_masked,TinyColorCNN,2,raw,glucose_10_c15_wA04,A04,10,15.0,14.217916226463052,14.217916226463052
glucose,roi_masked,TinyColorCNN,2,raw,glucose_10_c15_wB04,B04,10,15.0,16.71508329405988,16.71508329405988
glucose,roi_masked,TinyColorCNN,2,raw,glucose_10_c15_wB08,B08,10,15.0,16.755462278141447,16.755462278141447
glucose,roi_masked,TinyColorCNN,2,raw,glucose_10_c15_wB10,B10,10,15.0,13.574183308980663,13.574183308980663
glucose,roi_masked,TinyColorCNN,2,raw,glucose_10_c15_wB12,B12,10,15.0,13.226713180417104,13.226713180417104
glucose,roi_masked,TinyColorCNN,2,raw,glucose_10_c15_wC04,C04,10,15.0,14.068278195091922,14.068278195091922
glucose,roi_masked,TinyColorCNN,2,raw,glucose_10_c15_wC08,C08,10,15.0,16.188943706064727,16.188943706064727
glucose,roi_masked,TinyColorCNN,2,raw,glucose_10_c15_wC12,C12,10,15.0,14.581897248117254,14.581897248117254
glucose,roi_masked,TinyColorCNN,2,raw,glucose_10_c15_wD07,D07,10,15.0,12.575735346115064,12.575735346115064
glucose,roi_masked,TinyColorCNN,2,raw,glucose_10_c15_wE07,E07,10,15.0,14.156324877659356,14.156324877659356
glucose,roi_masked,TinyColorCNN,2,raw,glucose_10_c15_wF02,F02,10,15.0,12.18590021208631,12.18590021208631
glucose,roi_masked,TinyColorCNN,2,raw,glucose_10_c15_wF05,F05,10,15.0,16.491526088287664,16.491526088287664
glucose,roi_masked,TinyColorCNN,2,raw,glucose_10_c15_wF06,F06,10,15.0,16.65081073675632,16.65081073675632
glucose,roi_masked,TinyColorCNN,2,raw,glucose_10_c15_wF10,F10,10,15.0,15.46968065938612,15.46968065938612
glucose,roi_masked,TinyColorCNN,2,raw,glucose_10_c15_wG03,G03,10,15.0,13.630296774425116,13.630296774425116
glucose,roi_masked,TinyColorCNN,2,raw,glucose_10_c15_wH01,H01,10,15.0,12.545511827432595,12.545511827432595
glucose,roi_masked,TinyColorCNN,2,raw,glucose_10_c15_wH02,H02,10,15.0,14.37731713761094,14.37731713761094
glucose,roi_masked,TinyColorCNN,2,raw,glucose_10_c15_wH04,H04,10,15.0,14.22241861816434,14.22241861816434
glucose,roi_masked,TinyColorCNN,2,raw,glucose_10_c15_wH06,H06,10,15.0,14.853959880721593,14.853959880721593
glucose,roi_masked,TinyColorCNN,2,raw,glucose_11_c20_wA04,A04,11,20.0,18.94329735756201,18.94329735756201
glucose,roi_masked,TinyColorCNN,2,raw,glucose_11_c20_wB04,B04,11,20.0,19.314481091090663,19.314481091090663
glucose,roi_masked,TinyColorCNN,2,raw,glucose_11_c20_wB08,B08,11,20.0,19.38717234048231,19.38717234048231
glucose,roi_masked,TinyColorCNN,2,raw,glucose_11_c20_wB10,B10,11,20.0,19.674341158189833,19.674341158189833
glucose,roi_masked,TinyColorCNN,2,raw,glucose_11_c20_wB12,B12,11,20.0,19.097270553493065,19.097270553493065
glucose,roi_masked,TinyColorCNN,2,raw,glucose_11_c20_wC04,C04,11,20.0,16.86217071336535,16.86217071336535
glucose,roi_masked,TinyColorCNN,2,raw,glucose_11_c20_wC08,C08,11,20.0,16.885360339954175,16.885360339954175
glucose,roi_masked,TinyColorCNN,2,raw,glucose_11_c20_wC12,C12,11,20.0,18.211219137616894,18.211219137616894
glucose,roi_masked,TinyColorCNN,2,raw,glucose_11_c20_wD07,D07,11,20.0,19.44520812173272,19.44520812173272
glucose,roi_masked,TinyColorCNN,2,raw,glucose_11_c20_wE07,E07,11,20.0,20.51033671273752,20.0
glucose,roi_masked,TinyColorCNN,2,raw,glucose_11_c20_wF02,F02,11,20.0,17.815969029486844,17.815969029486844
glucose,roi_masked,TinyColorCNN,2,raw,glucose_11_c20_wF05,F05,11,20.0,18.5990865656156,18.5990865656156
glucose,roi_masked,TinyColorCNN,2,raw,glucose_11_c20_wF06,F06,11,20.0,20.929098956943314,20.0
glucose,roi_masked,TinyColorCNN,2,raw,glucose_11_c20_wF10,F10,11,20.0,20.892942856341037,20.0
glucose,roi_masked,TinyColorCNN,2,raw,glucose_11_c20_wG03,G03,11,20.0,18.966651822333034,18.966651822333034
glucose,roi_masked,TinyColorCNN,2,raw,glucose_11_c20_wH01,H01,11,20.0,13.860452285403708,13.860452285403708
glucose,roi_masked,TinyColorCNN,2,raw,glucose_11_c20_wH02,H02,11,20.0,12.953297600607161,12.953297600607161
glucose,roi_masked,TinyColorCNN,2,raw,glucose_11_c20_wH04,H04,11,20.0,18.019302899630137,18.019302899630137
glucose,roi_masked,TinyColorCNN,2,raw,glucose_11_c20_wH06,H06,11,20.0,20.674333981313747,20.0
glucose,full_patch,TinyColorCNN,2,log1p,glucose_01_c0_wA04,A04,1,0.0,0.3143589427929654,0.3143589427929654
glucose,full_patch,TinyColorCNN,2,log1p,glucose_01_c0_wB04,B04,1,0.0,0.3353592772200973,0.3353592772200973
glucose,full_patch,TinyColorCNN,2,log1p,glucose_01_c0_wB08,B08,1,0.0,0.057028742230099475,0.057028742230099475
glucose,full_patch,TinyColorCNN,2,log1p,glucose_01_c0_wB10,B10,1,0.0,0.11012822751505914,0.11012822751505914
glucose,full_patch,TinyColorCNN,2,log1p,glucose_01_c0_wB12,B12,1,0.0,0.00850807720953941,0.00850807720953941
glucose,full_patch,TinyColorCNN,2,log1p,glucose_01_c0_wC04,C04,1,0.0,0.13795915605762654,0.13795915605762654
glucose,full_patch,TinyColorCNN,2,log1p,glucose_01_c0_wC08,C08,1,0.0,0.005896659134647813,0.005896659134647813
glucose,full_patch,TinyColorCNN,2,log1p,glucose_01_c0_wC12,C12,1,0.0,0.17308641047248452,0.17308641047248452
glucose,full_patch,TinyColorCNN,2,log1p,glucose_01_c0_wD07,D07,1,0.0,0.2512161190949065,0.2512161190949065
glucose,full_patch,TinyColorCNN,2,log1p,glucose_01_c0_wE07,E07,1,0.0,0.19843260857338327,0.19843260857338327
glucose,full_patch,TinyColorCNN,2,log1p,glucose_01_c0_wF02,F02,1,0.0,0.24388085595916545,0.24388085595916545
glucose,full_patch,TinyColorCNN,2,log1p,glucose_01_c0_wF05,F05,1,0.0,0.11444942274211715,0.11444942274211715
glucose,full_patch,TinyColorCNN,2,log1p,glucose_01_c0_wF06,F06,1,0.0,0.04918658014157415,0.04918658014157415
glucose,full_patch,TinyColorCNN,2,log1p,glucose_01_c0_wF10,F10,1,0.0,0.07967541361744832,0.07967541361744832
glucose,full_patch,TinyColorCNN,2,log1p,glucose_01_c0_wG03,G03,1,0.0,0.16151709380785637,0.16151709380785637
glucose,full_patch,TinyColorCNN,2,log1p,glucose_01_c0_wH01,H01,1,0.0,0.2973170463240527,0.2973170463240527
glucose,full_patch,TinyColorCNN,2,log1p,glucose_01_c0_wH02,H02,1,0.0,0.1326494735119362,0.1326494735119362
glucose,full_patch,TinyColorCNN,2,log1p,glucose_01_c0_wH04,H04,1,0.0,0.024518836103174676,0.024518836103174676
glucose,full_patch,TinyColorCNN,2,log1p,glucose_01_c0_wH06,H06,1,0.0,-0.013619246114754449,0.0
glucose,full_patch,TinyColorCNN,2,log1p,glucose_02_c0.01_wA04,A04,2,0.01,-0.06904284071221686,0.0
glucose,full_patch,TinyColorCNN,2,log1p,glucose_02_c0.01_wB04,B04,2,0.01,-0.02670377607485087,0.0
glucose,full_patch,TinyColorCNN,2,log1p,glucose_02_c0.01_wB08,B08,2,0.01,-0.12785345291247574,0.0
glucose,full_patch,TinyColorCNN,2,log1p,glucose_02_c0.01_wB10,B10,2,0.01,-0.006176852259146948,0.0
glucose,full_patch,TinyColorCNN,2,log1p,glucose_02_c0.01_wB12,B12,2,0.01,-0.026693468525678783,0.0
glucose,full_patch,TinyColorCNN,2,log1p,glucose_02_c0.01_wC04,C04,2,0.01,-0.011883674441056357,0.0
glucose,full_patch,TinyColorCNN,2,log1p,glucose_02_c0.01_wC08,C08,2,0.01,0.07794143233919691,0.07794143233919691
glucose,full_patch,TinyColorCNN,2,log1p,glucose_02_c0.01_wC12,C12,2,0.01,-0.003285239259160681,0.0
glucose,full_patch,TinyColorCNN,2,log1p,glucose_02_c0.01_wD07,D07,2,0.01,0.03187834089152578,0.03187834089152578
glucose,full_patch,TinyColorCNN,2,log1p,glucose_02_c0.01_wE07,E07,2,0.01,0.12264235883748296,0.12264235883748296
glucose,full_patch,TinyColorCNN,2,log1p,glucose_02_c0.01_wF02,F02,2,0.01,-0.0835361726857196,0.0
glucose,full_patch,TinyColorCNN,2,log1p,glucose_02_c0.01_wF05,F05,2,0.01,0.011242986566488082,0.011242986566488082
glucose,full_patch,TinyColorCNN,2,log1p,glucose_02_c0.01_wF06,F06,2,0.01,0.1790405301181689,0.1790405301181689
glucose,full_patch,TinyColorCNN,2,log1p,glucose_02_c0.01_wF10,F10,2,0.01,-0.05442716846598217,0.0
glucose,full_patch,TinyColorCNN,2,log1p,glucose_02_c0.01_wG03,G03,2,0.01,0.020052648524583883,0.020052648524583883
glucose,full_patch,TinyColorCNN,2,log1p,glucose_02_c0.01_wH01,H01,2,0.01,-0.00880113761925956,0.0
glucose,full_patch,TinyColorCNN,2,log1p,glucose_02_c0.01_wH02,H02,2,0.01,0.08701895560379272,0.08701895560379272
glucose,full_patch,TinyColorCNN,2,log1p,glucose_02_c0.01_wH04,H04,2,0.01,-0.039457656899821045,0.0
glucose,full_patch,TinyColorCNN,2,log1p,glucose_02_c0.01_wH06,H06,2,0.01,-0.020666333765486853,0.0
glucose,full_patch,TinyColorCNN,2,log1p,glucose_03_c0.05_wA04,A04,3,0.05,0.009132330073416104,0.009132330073416104
glucose,full_patch,TinyColorCNN,2,log1p,glucose_03_c0.05_wB04,B04,3,0.05,-0.00304898175965519,0.0
glucose,full_patch,TinyColorCNN,2,log1p,glucose_03_c0.05_wB08,B08,3,0.05,0.01669609485820393,0.01669609485820393
glucose,full_patch,TinyColorCNN,2,log1p,glucose_03_c0.05_wB10,B10,3,0.05,0.0004873915722113599,0.0004873915722113599
glucose,full_patch,TinyColorCNN,2,log1p,glucose_03_c0.05_wB12,B12,3,0.05,-0.07312564251484172,0.0
glucose,full_patch,TinyColorCNN,2,log1p,glucose_03_c0.05_wC04,C04,3,0.05,0.048631307983378065,0.048631307983378065
glucose,full_patch,TinyColorCNN,2,log1p,glucose_03_c0.05_wC08,C08,3,0.05,0.14320790520774596,0.14320790520774596
glucose,full_patch,TinyColorCNN,2,log1p,glucose_03_c0.05_wC12,C12,3,0.05,0.017369330310588627,0.017369330310588627
glucose,full_patch,TinyColorCNN,2,log1p,glucose_03_c0.05_wD07,D07,3,0.05,0.10047992196665549,0.10047992196665549
glucose,full_patch,TinyColorCNN,2,log1p,glucose_03_c0.05_wE07,E07,3,0.05,0.11777734044907744,0.11777734044907744
glucose,full_patch,TinyColorCNN,2,log1p,glucose_03_c0.05_wF02,F02,3,0.05,0.04445743120428462,0.04445743120428462
glucose,full_patch,TinyColorCNN,2,log1p,glucose_03_c0.05_wF05,F05,3,0.05,0.016976623636611773,0.016976623636611773
glucose,full_patch,TinyColorCNN,2,log1p,glucose_03_c0.05_wF06,F06,3,0.05,0.008186229476731716,0.008186229476731716
glucose,full_patch,TinyColorCNN,2,log1p,glucose_03_c0.05_wF10,F10,3,0.05,0.07468176445531148,0.07468176445531148
glucose,full_patch,TinyColorCNN,2,log1p,glucose_03_c0.05_wG03,G03,3,0.05,-0.025654717114302172,0.0
glucose,full_patch,TinyColorCNN,2,log1p,glucose_03_c0.05_wH01,H01,3,0.05,0.021722957011493616,0.021722957011493616
glucose,full_patch,TinyColorCNN,2,log1p,glucose_03_c0.05_wH02,H02,3,0.05,-0.0578882883501395,0.0
glucose,full_patch,TinyColorCNN,2,log1p,glucose_03_c0.05_wH04,H04,3,0.05,-0.01578251136323177,0.0
glucose,full_patch,TinyColorCNN,2,log1p,glucose_03_c0.05_wH06,H06,3,0.05,0.02080364126578068,0.02080364126578068
glucose,full_patch,TinyColorCNN,2,log1p,glucose_04_c0.1_wA04,A04,4,0.1,0.13691361228163806,0.13691361228163806
glucose,full_patch,TinyColorCNN,2,log1p,glucose_04_c0.1_wB04,B04,4,0.1,0.1661271100745481,0.1661271100745481
glucose,full_patch,TinyColorCNN,2,log1p,glucose_04_c0.1_wB08,B08,4,0.1,0.1962338936640038,0.1962338936640038
glucose,full_patch,TinyColorCNN,2,log1p,glucose_04_c0.1_wB10,B10,4,0.1,0.27098955906426214,0.27098955906426214
glucose,full_patch,TinyColorCNN,2,log1p,glucose_04_c0.1_wB12,B12,4,0.1,0.20217971075171942,0.20217971075171942
glucose,full_patch,TinyColorCNN,2,log1p,glucose_04_c0.1_wC04,C04,4,0.1,0.2729822000975042,0.2729822000975042
glucose,full_patch,TinyColorCNN,2,log1p,glucose_04_c0.1_wC08,C08,4,0.1,0.23364620144385517,0.23364620144385517
glucose,full_patch,TinyColorCNN,2,log1p,glucose_04_c0.1_wC12,C12,4,0.1,0.0017682492841990065,0.0017682492841990065
glucose,full_patch,TinyColorCNN,2,log1p,glucose_04_c0.1_wD07,D07,4,0.1,0.060150160328927824,0.060150160328927824
glucose,full_patch,TinyColorCNN,2,log1p,glucose_04_c0.1_wE07,E07,4,0.1,0.1671410019202089,0.1671410019202089
glucose,full_patch,TinyColorCNN,2,log1p,glucose_04_c0.1_wF02,F02,4,0.1,0.2005602837650297,0.2005602837650297
glucose,full_patch,TinyColorCNN,2,log1p,glucose_04_c0.1_wF05,F05,4,0.1,0.07846596044249839,0.07846596044249839
glucose,full_patch,TinyColorCNN,2,log1p,glucose_04_c0.1_wF06,F06,4,0.1,0.14152291622777358,0.14152291622777358
glucose,full_patch,TinyColorCNN,2,log1p,glucose_04_c0.1_wF10,F10,4,0.1,0.2206759865957628,0.2206759865957628
glucose,full_patch,TinyColorCNN,2,log1p,glucose_04_c0.1_wG03,G03,4,0.1,0.04707111867261194,0.04707111867261194
glucose,full_patch,TinyColorCNN,2,log1p,glucose_04_c0.1_wH01,H01,4,0.1,0.2962029292436296,0.2962029292436296
glucose,full_patch,TinyColorCNN,2,log1p,glucose_04_c0.1_wH02,H02,4,0.1,0.060640011282354155,0.060640011282354155
glucose,full_patch,TinyColorCNN,2,log1p,glucose_04_c0.1_wH04,H04,4,0.1,0.23685219841938832,0.23685219841938832
glucose,full_patch,TinyColorCNN,2,log1p,glucose_04_c0.1_wH06,H06,4,0.1,0.02247408294532698,0.02247408294532698
glucose,full_patch,TinyColorCNN,2,log1p,glucose_05_c0.5_wA04,A04,5,0.5,0.6149739654072519,0.6149739654072519
glucose,full_patch,TinyColorCNN,2,log1p,glucose_05_c0.5_wB04,B04,5,0.5,0.6861768829024373,0.6861768829024373
glucose,full_patch,TinyColorCNN,2,log1p,glucose_05_c0.5_wB08,B08,5,0.5,0.546617281804749,0.546617281804749
glucose,full_patch,TinyColorCNN,2,log1p,glucose_05_c0.5_wB10,B10,5,0.5,0.8397393599255532,0.8397393599255532
glucose,full_patch,TinyColorCNN,2,log1p,glucose_05_c0.5_wB12,B12,5,0.5,0.33411009830886934,0.33411009830886934
glucose,full_patch,TinyColorCNN,2,log1p,glucose_05_c0.5_wC04,C04,5,0.5,0.5405311706239659,0.5405311706239659
glucose,full_patch,TinyColorCNN,2,log1p,glucose_05_c0.5_wC08,C08,5,0.5,0.3473438935530468,0.3473438935530468
glucose,full_patch,TinyColorCNN,2,log1p,glucose_05_c0.5_wC12,C12,5,0.5,0.3086332893352307,0.3086332893352307
glucose,full_patch,TinyColorCNN,2,log1p,glucose_05_c0.5_wD07,D07,5,0.5,0.46049992802419,0.46049992802419
glucose,full_patch,TinyColorCNN,2,log1p,glucose_05_c0.5_wE07,E07,5,0.5,0.3363860298901628,0.3363860298901628
glucose,full_patch,TinyColorCNN,2,log1p,glucose_05_c0.5_wF02,F02,5,0.5,0.5422566392152213,0.5422566392152213
glucose,full_patch,TinyColorCNN,2,log1p,glucose_05_c0.5_wF05,F05,5,0.5,0.40013842108439285,0.40013842108439285
glucose,full_patch,TinyColorCNN,2,log1p,glucose_05_c0.5_wF06,F06,5,0.5,0.20690783542536137,0.20690783542536137
glucose,full_patch,TinyColorCNN,2,log1p,glucose_05_c0.5_wF10,F10,5,0.5,0.311045100594664,0.311045100594664
glucose,full_patch,TinyColorCNN,2,log1p,glucose_05_c0.5_wG03,G03,5,0.5,0.42547147555819886,0.42547147555819886
glucose,full_patch,TinyColorCNN,2,log1p,glucose_05_c0.5_wH01,H01,5,0.5,0.3972003324785276,0.3972003324785276
glucose,full_patch,TinyColorCNN,2,log1p,glucose_05_c0.5_wH02,H02,5,0.5,0.3098547502999803,0.3098547502999803
glucose,full_patch,TinyColorCNN,2,log1p,glucose_05_c0.5_wH04,H04,5,0.5,0.565133555449417,0.565133555449417
glucose,full_patch,TinyColorCNN,2,log1p,glucose_05_c0.5_wH06,H06,5,0.5,0.15648694328883014,0.15648694328883014
glucose,full_patch,TinyColorCNN,2,log1p,glucose_06_c1_wA04,A04,6,1.0,0.9551325368905792,0.9551325368905792
glucose,full_patch,TinyColorCNN,2,log1p,glucose_06_c1_wB04,B04,6,1.0,0.44333257605156634,0.44333257605156634
glucose,full_patch,TinyColorCNN,2,log1p,glucose_06_c1_wB08,B08,6,1.0,0.5539990249020368,0.5539990249020368
glucose,full_patch,TinyColorCNN,2,log1p,glucose_06_c1_wB10,B10,6,1.0,0.9300951336231442,0.9300951336231442
glucose,full_patch,TinyColorCNN,2,log1p,glucose_06_c1_wB12,B12,6,1.0,0.8850783593981484,0.8850783593981484
glucose,full_patch,TinyColorCNN,2,log1p,glucose_06_c1_wC04,C04,6,1.0,0.6109752944381719,0.6109752944381719
glucose,full_patch,TinyColorCNN,2,log1p,glucose_06_c1_wC08,C08,6,1.0,0.43631226685624436,0.43631226685624436
glucose,full_patch,TinyColorCNN,2,log1p,glucose_06_c1_wC12,C12,6,1.0,0.4242478740908422,0.4242478740908422
glucose,full_patch,TinyColorCNN,2,log1p,glucose_06_c1_wD07,D07,6,1.0,0.7627785095455375,0.7627785095455375
glucose,full_patch,TinyColorCNN,2,log1p,glucose_06_c1_wE07,E07,6,1.0,0.8306699539478288,0.8306699539478288
glucose,full_patch,TinyColorCNN,2,log1p,glucose_06_c1_wF02,F02,6,1.0,0.8738750916437275,0.8738750916437275
glucose,full_patch,TinyColorCNN,2,log1p,glucose_06_c1_wF05,F05,6,1.0,1.0719326347208509,1.0719326347208509
glucose,full_patch,TinyColorCNN,2,log1p,glucose_06_c1_wF06,F06,6,1.0,0.9313649829766542,0.9313649829766542
glucose,full_patch,TinyColorCNN,2,log1p,glucose_06_c1_wF10,F10,6,1.0,0.7062666511138822,0.7062666511138822
glucose,full_patch,TinyColorCNN,2,log1p,glucose_06_c1_wG03,G03,6,1.0,1.2847565962272882,1.2847565962272882
glucose,full_patch,TinyColorCNN,2,log1p,glucose_06_c1_wH01,H01,6,1.0,1.2075783208485875,1.2075783208485875
glucose,full_patch,TinyColorCNN,2,log1p,glucose_06_c1_wH02,H02,6,1.0,1.2584880779789565,1.2584880779789565
glucose,full_patch,TinyColorCNN,2,log1p,glucose_06_c1_wH04,H04,6,1.0,0.6779473843815464,0.6779473843815464
glucose,full_patch,TinyColorCNN,2,log1p,glucose_06_c1_wH06,H06,6,1.0,0.9045448364836548,0.9045448364836548
glucose,full_patch,TinyColorCNN,2,log1p,glucose_07_c2.5_wA04,A04,7,2.5,2.750702674351697,2.750702674351697
glucose,full_patch,TinyColorCNN,2,log1p,glucose_07_c2.5_wB04,B04,7,2.5,2.578693764275728,2.578693764275728
glucose,full_patch,TinyColorCNN,2,log1p,glucose_07_c2.5_wB08,B08,7,2.5,2.895261491518766,2.895261491518766
glucose,full_patch,TinyColorCNN,2,log1p,glucose_07_c2.5_wB10,B10,7,2.5,2.7941253056834436,2.7941253056834436
glucose,full_patch,TinyColorCNN,2,log1p,glucose_07_c2.5_wB12,B12,7,2.5,2.304967942727913,2.304967942727913
glucose,full_patch,TinyColorCNN,2,log1p,glucose_07_c2.5_wC04,C04,7,2.5,2.8231047002244205,2.8231047002244205
glucose,full_patch,TinyColorCNN,2,log1p,glucose_07_c2.5_wC08,C08,7,2.5,2.7708552207437305,2.7708552207437305
glucose,full_patch,TinyColorCNN,2,log1p,glucose_07_c2.5_wC12,C12,7,2.5,1.7256153777659957,1.7256153777659957
glucose,full_patch,TinyColorCNN,2,log1p,glucose_07_c2.5_wD07,D07,7,2.5,2.5021530136389156,2.5021530136389156
glucose,full_patch,TinyColorCNN,2,log1p,glucose_07_c2.5_wE07,E07,7,2.5,2.757617612381078,2.757617612381078
glucose,full_patch,TinyColorCNN,2,log1p,glucose_07_c2.5_wF02,F02,7,2.5,3.0495420641213595,3.0495420641213595
glucose,full_patch,TinyColorCNN,2,log1p,glucose_07_c2.5_wF05,F05,7,2.5,2.554995367425713,2.554995367425713
glucose,full_patch,TinyColorCNN,2,log1p,glucose_07_c2.5_wF06,F06,7,2.5,2.5210216383517885,2.5210216383517885
glucose,full_patch,TinyColorCNN,2,log1p,glucose_07_c2.5_wF10,F10,7,2.5,2.8837954705573434,2.8837954705573434
glucose,full_patch,TinyColorCNN,2,log1p,glucose_07_c2.5_wG03,G03,7,2.5,2.777444471964593,2.777444471964593
glucose,full_patch,TinyColorCNN,2,log1p,glucose_07_c2.5_wH01,H01,7,2.5,2.2583765591695704,2.2583765591695704
glucose,full_patch,TinyColorCNN,2,log1p,glucose_07_c2.5_wH02,H02,7,2.5,2.7146073853872363,2.7146073853872363
glucose,full_patch,TinyColorCNN,2,log1p,glucose_07_c2.5_wH04,H04,7,2.5,2.739058009305104,2.739058009305104
glucose,full_patch,TinyColorCNN,2,log1p,glucose_07_c2.5_wH06,H06,7,2.5,3.1943200647610475,3.1943200647610475
glucose,full_patch,TinyColorCNN,2,log1p,glucose_08_c5_wA04,A04,8,5.0,4.556861783266149,4.556861783266149
glucose,full_patch,TinyColorCNN,2,log1p,glucose_08_c5_wB04,B04,8,5.0,5.292693897936185,5.292693897936185
glucose,full_patch,TinyColorCNN,2,log1p,glucose_08_c5_wB08,B08,8,5.0,5.2363019873949685,5.2363019873949685
glucose,full_patch,TinyColorCNN,2,log1p,glucose_08_c5_wB10,B10,8,5.0,5.366884788643982,5.366884788643982
glucose,full_patch,TinyColorCNN,2,log1p,glucose_08_c5_wB12,B12,8,5.0,4.759014220718108,4.759014220718108
glucose,full_patch,TinyColorCNN,2,log1p,glucose_08_c5_wC04,C04,8,5.0,4.549670125651519,4.549670125651519
glucose,full_patch,TinyColorCNN,2,log1p,glucose_08_c5_wC08,C08,8,5.0,5.535025003937998,5.535025003937998
glucose,full_patch,TinyColorCNN,2,log1p,glucose_08_c5_wC12,C12,8,5.0,5.248300970905027,5.248300970905027
glucose,full_patch,TinyColorCNN,2,log1p,glucose_08_c5_wD07,D07,8,5.0,4.669233207300368,4.669233207300368
glucose,full_patch,TinyColorCNN,2,log1p,glucose_08_c5_wE07,E07,8,5.0,4.866444024850266,4.866444024850266
glucose,full_patch,TinyColorCNN,2,log1p,glucose_08_c5_wF02,F02,8,5.0,5.187078598776255,5.187078598776255
glucose,full_patch,TinyColorCNN,2,log1p,glucose_08_c5_wF05,F05,8,5.0,4.692200387103483,4.692200387103483
glucose,full_patch,TinyColorCNN,2,log1p,glucose_08_c5_wF06,F06,8,5.0,4.940375162115851,4.940375162115851
glucose,full_patch,TinyColorCNN,2,log1p,glucose_08_c5_wF10,F10,8,5.0,5.047057327279924,5.047057327279924
glucose,full_patch,TinyColorCNN,2,log1p,glucose_08_c5_wG03,G03,8,5.0,4.8027165589827465,4.8027165589827465
glucose,full_patch,TinyColorCNN,2,log1p,glucose_08_c5_wH01,H01,8,5.0,4.569367798063562,4.569367798063562
glucose,full_patch,TinyColorCNN,2,log1p,glucose_08_c5_wH02,H02,8,5.0,4.6992252919473945,4.6992252919473945
glucose,full_patch,TinyColorCNN,2,log1p,glucose_08_c5_wH04,H04,8,5.0,5.068629001325562,5.068629001325562
glucose,full_patch,TinyColorCNN,2,log1p,glucose_08_c5_wH06,H06,8,5.0,5.12768321089005,5.12768321089005
glucose,full_patch,TinyColorCNN,2,log1p,glucose_09_c10_wA04,A04,9,10.0,11.454544225513507,11.454544225513507
glucose,full_patch,TinyColorCNN,2,log1p,glucose_09_c10_wB04,B04,9,10.0,10.411864382719074,10.411864382719074
glucose,full_patch,TinyColorCNN,2,log1p,glucose_09_c10_wB08,B08,9,10.0,10.17630930888787,10.17630930888787
glucose,full_patch,TinyColorCNN,2,log1p,glucose_09_c10_wB10,B10,9,10.0,11.485503375452481,11.485503375452481
glucose,full_patch,TinyColorCNN,2,log1p,glucose_09_c10_wB12,B12,9,10.0,9.443451248310582,9.443451248310582
glucose,full_patch,TinyColorCNN,2,log1p,glucose_09_c10_wC04,C04,9,10.0,10.113320471502002,10.113320471502002
glucose,full_patch,TinyColorCNN,2,log1p,glucose_09_c10_wC08,C08,9,10.0,11.15539761392541,11.15539761392541
glucose,full_patch,TinyColorCNN,2,log1p,glucose_09_c10_wC12,C12,9,10.0,9.505286363361812,9.505286363361812
glucose,full_patch,TinyColorCNN,2,log1p,glucose_09_c10_wD07,D07,9,10.0,9.733129816877698,9.733129816877698
glucose,full_patch,TinyColorCNN,2,log1p,glucose_09_c10_wE07,E07,9,10.0,11.683093625150182,11.683093625150182
glucose,full_patch,TinyColorCNN,2,log1p,glucose_09_c10_wF02,F02,9,10.0,9.78701040082728,9.78701040082728
glucose,full_patch,TinyColorCNN,2,log1p,glucose_09_c10_wF05,F05,9,10.0,10.47423629989087,10.47423629989087
glucose,full_patch,TinyColorCNN,2,log1p,glucose_09_c10_wF06,F06,9,10.0,9.914029828112781,9.914029828112781
glucose,full_patch,TinyColorCNN,2,log1p,glucose_09_c10_wF10,F10,9,10.0,11.7112857244603,11.7112857244603
glucose,full_patch,TinyColorCNN,2,log1p,glucose_09_c10_wG03,G03,9,10.0,9.559258839529592,9.559258839529592
glucose,full_patch,TinyColorCNN,2,log1p,glucose_09_c10_wH01,H01,9,10.0,10.144576917667663,10.144576917667663
glucose,full_patch,TinyColorCNN,2,log1p,glucose_09_c10_wH02,H02,9,10.0,9.564466386741133,9.564466386741133
glucose,full_patch,TinyColorCNN,2,log1p,glucose_09_c10_wH04,H04,9,10.0,9.42910421157891,9.42910421157891
glucose,full_patch,TinyColorCNN,2,log1p,glucose_09_c10_wH06,H06,9,10.0,9.476737151103197,9.476737151103197
glucose,full_patch,TinyColorCNN,2,log1p,glucose_10_c15_wA04,A04,10,15.0,14.515747873892217,14.515747873892217
glucose,full_patch,TinyColorCNN,2,log1p,glucose_10_c15_wB04,B04,10,15.0,15.296305672678528,15.296305672678528
glucose,full_patch,TinyColorCNN,2,log1p,glucose_10_c15_wB08,B08,10,15.0,16.88215454319707,16.88215454319707
glucose,full_patch,TinyColorCNN,2,log1p,glucose_10_c15_wB10,B10,10,15.0,14.294861315050728,14.294861315050728
glucose,full_patch,TinyColorCNN,2,log1p,glucose_10_c15_wB12,B12,10,15.0,13.867811798366983,13.867811798366983
glucose,full_patch,TinyColorCNN,2,log1p,glucose_10_c15_wC04,C04,10,15.0,15.428744355955399,15.428744355955399
glucose,full_patch,TinyColorCNN,2,log1p,glucose_10_c15_wC08,C08,10,15.0,16.689849016141473,16.689849016141473
glucose,full_patch,TinyColorCNN,2,log1p,glucose_10_c15_wC12,C12,10,15.0,14.682009494064667,14.682009494064667
glucose,full_patch,TinyColorCNN,2,log1p,glucose_10_c15_wD07,D07,10,15.0,15.71376032333253,15.71376032333253
glucose,full_patch,TinyColorCNN,2,log1p,glucose_10_c15_wE07,E07,10,15.0,14.841428504214816,14.841428504214816
glucose,full_patch,TinyColorCNN,2,log1p,glucose_10_c15_wF02,F02,10,15.0,13.85727206237179,13.85727206237179
glucose,full_patch,TinyColorCNN,2,log1p,glucose_10_c15_wF05,F05,10,15.0,17.087119032179515,17.087119032179515
glucose,full_patch,TinyColorCNN,2,log1p,glucose_10_c15_wF06,F06,10,15.0,15.958359472073443,15.958359472073443
glucose,full_patch,TinyColorCNN,2,log1p,glucose_10_c15_wF10,F10,10,15.0,13.976044245383786,13.976044245383786
glucose,full_patch,TinyColorCNN,2,log1p,glucose_10_c15_wG03,G03,10,15.0,14.37232811388289,14.37232811388289
glucose,full_patch,TinyColorCNN,2,log1p,glucose_10_c15_wH01,H01,10,15.0,13.722687945989328,13.722687945989328
glucose,full_patch,TinyColorCNN,2,log1p,glucose_10_c15_wH02,H02,10,15.0,15.49084201601002,15.49084201601002
glucose,full_patch,TinyColorCNN,2,log1p,glucose_10_c15_wH04,H04,10,15.0,14.896257164840769,14.896257164840769
glucose,full_patch,TinyColorCNN,2,log1p,glucose_10_c15_wH06,H06,10,15.0,13.931125349471241,13.931125349471241
glucose,full_patch,TinyColorCNN,2,log1p,glucose_11_c20_wA04,A04,11,20.0,21.94583919523258,20.0
glucose,full_patch,TinyColorCNN,2,log1p,glucose_11_c20_wB04,B04,11,20.0,22.523059290662403,20.0
glucose,full_patch,TinyColorCNN,2,log1p,glucose_11_c20_wB08,B08,11,20.0,18.257422854675962,18.257422854675962
glucose,full_patch,TinyColorCNN,2,log1p,glucose_11_c20_wB10,B10,11,20.0,19.104123831093688,19.104123831093688
glucose,full_patch,TinyColorCNN,2,log1p,glucose_11_c20_wB12,B12,11,20.0,18.594259809043503,18.594259809043503
glucose,full_patch,TinyColorCNN,2,log1p,glucose_11_c20_wC04,C04,11,20.0,18.102890397573272,18.102890397573272
glucose,full_patch,TinyColorCNN,2,log1p,glucose_11_c20_wC08,C08,11,20.0,16.67977342971964,16.67977342971964
glucose,full_patch,TinyColorCNN,2,log1p,glucose_11_c20_wC12,C12,11,20.0,18.564584875270143,18.564584875270143
glucose,full_patch,TinyColorCNN,2,log1p,glucose_11_c20_wD07,D07,11,20.0,19.55072741082645,19.55072741082645
glucose,full_patch,TinyColorCNN,2,log1p,glucose_11_c20_wE07,E07,11,20.0,15.66890426394211,15.66890426394211
glucose,full_patch,TinyColorCNN,2,log1p,glucose_11_c20_wF02,F02,11,20.0,19.373197813790366,19.373197813790366
glucose,full_patch,TinyColorCNN,2,log1p,glucose_11_c20_wF05,F05,11,20.0,16.93495113530752,16.93495113530752
glucose,full_patch,TinyColorCNN,2,log1p,glucose_11_c20_wF06,F06,11,20.0,23.063190182121943,20.0
glucose,full_patch,TinyColorCNN,2,log1p,glucose_11_c20_wF10,F10,11,20.0,23.600552118912518,20.0
glucose,full_patch,TinyColorCNN,2,log1p,glucose_11_c20_wG03,G03,11,20.0,20.25677981442524,20.0
glucose,full_patch,TinyColorCNN,2,log1p,glucose_11_c20_wH01,H01,11,20.0,14.371957187352713,14.371957187352713
glucose,full_patch,TinyColorCNN,2,log1p,glucose_11_c20_wH02,H02,11,20.0,13.718573480155483,13.718573480155483
glucose,full_patch,TinyColorCNN,2,log1p,glucose_11_c20_wH04,H04,11,20.0,16.99475557830603,16.99475557830603
glucose,full_patch,TinyColorCNN,2,log1p,glucose_11_c20_wH06,H06,11,20.0,22.437688907413897,20.0
glucose,roi_masked,TinyColorCNN,3,raw,glucose_01_c0_wA07,A07,1,0.0,0.2560405712356344,0.2560405712356344
glucose,roi_masked,TinyColorCNN,3,raw,glucose_01_c0_wA08,A08,1,0.0,0.40550978282595906,0.40550978282595906
glucose,roi_masked,TinyColorCNN,3,raw,glucose_01_c0_wA10,A10,1,0.0,0.6747108405136757,0.6747108405136757
glucose,roi_masked,TinyColorCNN,3,raw,glucose_01_c0_wB01,B01,1,0.0,0.3567168845746327,0.3567168845746327
glucose,roi_masked,TinyColorCNN,3,raw,glucose_01_c0_wB11,B11,1,0.0,0.7544093052883172,0.7544093052883172
glucose,roi_masked,TinyColorCNN,3,raw,glucose_01_c0_wC02,C02,1,0.0,0.21957231330281335,0.21957231330281335
glucose,roi_masked,TinyColorCNN,3,raw,glucose_01_c0_wC05,C05,1,0.0,0.30735222876378643,0.30735222876378643
glucose,roi_masked,TinyColorCNN,3,raw,glucose_01_c0_wC10,C10,1,0.0,0.35850382602806175,0.35850382602806175
glucose,roi_masked,TinyColorCNN,3,raw,glucose_01_c0_wD05,D05,1,0.0,0.39949916157351417,0.39949916157351417
glucose,roi_masked,TinyColorCNN,3,raw,glucose_01_c0_wD09,D09,1,0.0,0.4317361746699735,0.4317361746699735
glucose,roi_masked,TinyColorCNN,3,raw,glucose_01_c0_wD10,D10,1,0.0,0.32931313402344475,0.32931313402344475
glucose,roi_masked,TinyColorCNN,3,raw,glucose_01_c0_wF04,F04,1,0.0,0.3073470526856017,0.3073470526856017
glucose,roi_masked,TinyColorCNN,3,raw,glucose_01_c0_wG02,G02,1,0.0,0.1793812606753482,0.1793812606753482
glucose,roi_masked,TinyColorCNN,3,raw,glucose_01_c0_wG04,G04,1,0.0,0.21792831123926426,0.21792831123926426
glucose,roi_masked,TinyColorCNN,3,raw,glucose_01_c0_wG07,G07,1,0.0,0.00024993580570509266,0.00024993580570509266
glucose,roi_masked,TinyColorCNN,3,raw,glucose_01_c0_wG08,G08,1,0.0,0.2515684396837363,0.2515684396837363
glucose,roi_masked,TinyColorCNN,3,raw,glucose_01_c0_wH09,H09,1,0.0,0.14277961918929627,0.14277961918929627
glucose,roi_masked,TinyColorCNN,3,raw,glucose_01_c0_wH10,H10,1,0.0,0.43625329828609516,0.43625329828609516
glucose,roi_masked,TinyColorCNN,3,raw,glucose_01_c0_wH12,H12,1,0.0,0.19294577079910713,0.19294577079910713
glucose,roi_masked,TinyColorCNN,3,raw,glucose_02_c0.01_wA07,A07,2,0.01,-0.07517945894583722,0.0
glucose,roi_masked,TinyColorCNN,3,raw,glucose_02_c0.01_wA08,A08,2,0.01,-0.057776289608059805,0.0
glucose,roi_masked,TinyColorCNN,3,raw,glucose_02_c0.01_wA10,A10,2,0.01,-0.10007281157726666,0.0
glucose,roi_masked,TinyColorCNN,3,raw,glucose_02_c0.01_wB01,B01,2,0.01,-0.19167983961630597,0.0
glucose,roi_masked,TinyColorCNN,3,raw,glucose_02_c0.01_wB11,B11,2,0.01,-0.11081755356974554,0.0
glucose,roi_masked,TinyColorCNN,3,raw,glucose_02_c0.01_wC02,C02,2,0.01,-0.0928844334577894,0.0
glucose,roi_masked,TinyColorCNN,3,raw,glucose_02_c0.01_wC05,C05,2,0.01,-0.06386176491425744,0.0
glucose,roi_masked,TinyColorCNN,3,raw,glucose_02_c0.01_wC10,C10,2,0.01,-0.12927823549671746,0.0
glucose,roi_masked,TinyColorCNN,3,raw,glucose_02_c0.01_wD05,D05,2,0.01,0.04189108664471064,0.04189108664471064
glucose,roi_masked,TinyColorCNN,3,raw,glucose_02_c0.01_wD09,D09,2,0.01,0.042290440984681155,0.042290440984681155
glucose,roi_masked,TinyColorCNN,3,raw,glucose_02_c0.01_wD10,D10,2,0.01,0.07744596585779728,0.07744596585779728
glucose,roi_masked,TinyColorCNN,3,raw,glucose_02_c0.01_wF04,F04,2,0.01,-0.046159179361467295,0.0
glucose,roi_masked,TinyColorCNN,3,raw,glucose_02_c0.01_wG02,G02,2,0.01,0.10598526833081579,0.10598526833081579
glucose,roi_masked,TinyColorCNN,3,raw,glucose_02_c0.01_wG04,G04,2,0.01,-0.16629913931575935,0.0
glucose,roi_masked,TinyColorCNN,3,raw,glucose_02_c0.01_wG07,G07,2,0.01,-0.12914962986181155,0.0
glucose,roi_masked,TinyColorCNN,3,raw,glucose_02_c0.01_wG08,G08,2,0.01,-0.20769343104132254,0.0
glucose,roi_masked,TinyColorCNN,3,raw,glucose_02_c0.01_wH09,H09,2,0.01,-0.09620429037371903,0.0
glucose,roi_masked,TinyColorCNN,3,raw,glucose_02_c0.01_wH10,H10,2,0.01,0.17313333614611182,0.17313333614611182
glucose,roi_masked,TinyColorCNN,3,raw,glucose_02_c0.01_wH12,H12,2,0.01,-0.12867502330822678,0.0
glucose,roi_masked,TinyColorCNN,3,raw,glucose_03_c0.05_wA07,A07,3,0.05,-0.0603416335885516,0.0
glucose,roi_masked,TinyColorCNN,3,raw,glucose_03_c0.05_wA08,A08,3,0.05,-0.1155062840856953,0.0
glucose,roi_masked,TinyColorCNN,3,raw,glucose_03_c0.05_wA10,A10,3,0.05,0.035254558091733834,0.035254558091733834
glucose,roi_masked,TinyColorCNN,3,raw,glucose_03_c0.05_wB01,B01,3,0.05,0.16110094516513218,0.16110094516513218
glucose,roi_masked,TinyColorCNN,3,raw,glucose_03_c0.05_wB11,B11,3,0.05,0.10980362139195421,0.10980362139195421
glucose,roi_masked,TinyColorCNN,3,raw,glucose_03_c0.05_wC02,C02,3,0.05,0.05887738260865927,0.05887738260865927
glucose,roi_masked,TinyColorCNN,3,raw,glucose_03_c0.05_wC05,C05,3,0.05,-0.028051267070800634,0.0
glucose,roi_masked,TinyColorCNN,3,raw,glucose_03_c0.05_wC10,C10,3,0.05,0.0990202578930175,0.0990202578930175
glucose,roi_masked,TinyColorCNN,3,raw,glucose_03_c0.05_wD05,D05,3,0.05,0.08588854753750219,0.08588854753750219
glucose,roi_masked,TinyColorCNN,3,raw,glucose_03_c0.05_wD09,D09,3,0.05,-0.03291080816685721,0.0
glucose,roi_masked,TinyColorCNN,3,raw,glucose_03_c0.05_wD10,D10,3,0.05,0.14885354785954252,0.14885354785954252
glucose,roi_masked,TinyColorCNN,3,raw,glucose_03_c0.05_wF04,F04,3,0.05,0.051199666020763424,0.051199666020763424
glucose,roi_masked,TinyColorCNN,3,raw,glucose_03_c0.05_wG02,G02,3,0.05,0.01395619083976296,0.01395619083976296
glucose,roi_masked,TinyColorCNN,3,raw,glucose_03_c0.05_wG04,G04,3,0.05,-0.026687967708825866,0.0
glucose,roi_masked,TinyColorCNN,3,raw,glucose_03_c0.05_wG07,G07,3,0.05,-0.11912834433566122,0.0
glucose,roi_masked,TinyColorCNN,3,raw,glucose_03_c0.05_wG08,G08,3,0.05,-0.14176851031714488,0.0
glucose,roi_masked,TinyColorCNN,3,raw,glucose_03_c0.05_wH09,H09,3,0.05,-0.11721996412481328,0.0
glucose,roi_masked,TinyColorCNN,3,raw,glucose_03_c0.05_wH10,H10,3,0.05,-0.029412177473612466,0.0
glucose,roi_masked,TinyColorCNN,3,raw,glucose_03_c0.05_wH12,H12,3,0.05,-0.028822104560514816,0.0
glucose,roi_masked,TinyColorCNN,3,raw,glucose_04_c0.1_wA07,A07,4,0.1,0.23854861224898993,0.23854861224898993
glucose,roi_masked,TinyColorCNN,3,raw,glucose_04_c0.1_wA08,A08,4,0.1,0.2913028029513347,0.2913028029513347
glucose,roi_masked,TinyColorCNN,3,raw,glucose_04_c0.1_wA10,A10,4,0.1,0.12483216532236607,0.12483216532236607
glucose,roi_masked,TinyColorCNN,3,raw,glucose_04_c0.1_wB01,B01,4,0.1,0.1986872359859273,0.1986872359859273
glucose,roi_masked,TinyColorCNN,3,raw,glucose_04_c0.1_wB11,B11,4,0.1,0.27152421188647224,0.27152421188647224
glucose,roi_masked,TinyColorCNN,3,raw,glucose_04_c0.1_wC02,C02,4,0.1,0.03131277547387512,0.03131277547387512
glucose,roi_masked,TinyColorCNN,3,raw,glucose_04_c0.1_wC05,C05,4,0.1,-0.0005416059967497944,0.0
glucose,roi_masked,TinyColorCNN,3,raw,glucose_04_c0.1_wC10,C10,4,0.1,0.19543785336528696,0.19543785336528696
glucose,roi_masked,TinyColorCNN,3,raw,glucose_04_c0.1_wD05,D05,4,0.1,0.32778579279898956,0.32778579279898956
glucose,roi_masked,TinyColorCNN,3,raw,glucose_04_c0.1_wD09,D09,4,0.1,-0.04485122422008647,0.0
glucose,roi_masked,TinyColorCNN,3,raw,glucose_04_c0.1_wD10,D10,4,0.1,0.07110407560150911,0.07110407560150911
glucose,roi_masked,TinyColorCNN,3,raw,glucose_04_c0.1_wF04,F04,4,0.1,0.18611294943495782,0.18611294943495782
glucose,roi_masked,TinyColorCNN,3,raw,glucose_04_c0.1_wG02,G02,4,0.1,0.08667929302023669,0.08667929302023669
glucose,roi_masked,TinyColorCNN,3,raw,glucose_04_c0.1_wG04,G04,4,0.1,-0.027435711926637296,0.0
glucose,roi_masked,TinyColorCNN,3,raw,glucose_04_c0.1_wG07,G07,4,0.1,0.08566040193749913,0.08566040193749913
glucose,roi_masked,TinyColorCNN,3,raw,glucose_04_c0.1_wG08,G08,4,0.1,0.14347042654707298,0.14347042654707298
glucose,roi_masked,TinyColorCNN,3,raw,glucose_04_c0.1_wH09,H09,4,0.1,0.1392268387550386,0.1392268387550386
glucose,roi_masked,TinyColorCNN,3,raw,glucose_04_c0.1_wH10,H10,4,0.1,0.015591831546244883,0.015591831546244883
glucose,roi_masked,TinyColorCNN,3,raw,glucose_04_c0.1_wH12,H12,4,0.1,0.005244453094435109,0.005244453094435109
glucose,roi_masked,TinyColorCNN,3,raw,glucose_05_c0.5_wA07,A07,5,0.5,0.5026747243561793,0.5026747243561793
glucose,roi_masked,TinyColorCNN,3,raw,glucose_05_c0.5_wA08,A08,5,0.5,0.4492615790848902,0.4492615790848902
glucose,roi_masked,TinyColorCNN,3,raw,glucose_05_c0.5_wA10,A10,5,0.5,0.4712372162593832,0.4712372162593832
glucose,roi_masked,TinyColorCNN,3,raw,glucose_05_c0.5_wB01,B01,5,0.5,0.6359678952984478,0.6359678952984478
glucose,roi_masked,TinyColorCNN,3,raw,glucose_05_c0.5_wB11,B11,5,0.5,0.5666092439382684,0.5666092439382684
glucose,roi_masked,TinyColorCNN,3,raw,glucose_05_c0.5_wC02,C02,5,0.5,0.5704964786552544,0.5704964786552544
glucose,roi_masked,TinyColorCNN,3,raw,glucose_05_c0.5_wC05,C05,5,0.5,0.6430650948098959,0.6430650948098959
glucose,roi_masked,TinyColorCNN,3,raw,glucose_05_c0.5_wC10,C10,5,0.5,0.6921697522319077,0.6921697522319077
glucose,roi_masked,TinyColorCNN,3,raw,glucose_05_c0.5_wD05,D05,5,0.5,0.42947661746226107,0.42947661746226107
glucose,roi_masked,TinyColorCNN,3,raw,glucose_05_c0.5_wD09,D09,5,0.5,0.5005457635826751,0.5005457635826751
glucose,roi_masked,TinyColorCNN,3,raw,glucose_05_c0.5_wD10,D10,5,0.5,0.7469035937601092,0.7469035937601092
glucose,roi_masked,TinyColorCNN,3,raw,glucose_05_c0.5_wF04,F04,5,0.5,0.2510579987427164,0.2510579987427164
glucose,roi_masked,TinyColorCNN,3,raw,glucose_05_c0.5_wG02,G02,5,0.5,0.5393090149507831,0.5393090149507831
glucose,roi_masked,TinyColorCNN,3,raw,glucose_05_c0.5_wG04,G04,5,0.5,0.4718101682984841,0.4718101682984841
glucose,roi_masked,TinyColorCNN,3,raw,glucose_05_c0.5_wG07,G07,5,0.5,0.32127667540133764,0.32127667540133764
glucose,roi_masked,TinyColorCNN,3,raw,glucose_05_c0.5_wG08,G08,5,0.5,0.3020379891071636,0.3020379891071636
glucose,roi_masked,TinyColorCNN,3,raw,glucose_05_c0.5_wH09,H09,5,0.5,0.2960038764229571,0.2960038764229571
glucose,roi_masked,TinyColorCNN,3,raw,glucose_05_c0.5_wH10,H10,5,0.5,0.4203770720129132,0.4203770720129132
glucose,roi_masked,TinyColorCNN,3,raw,glucose_05_c0.5_wH12,H12,5,0.5,0.2980902340913989,0.2980902340913989
glucose,roi_masked,TinyColorCNN,3,raw,glucose_06_c1_wA07,A07,6,1.0,0.24766010249414983,0.24766010249414983
glucose,roi_masked,TinyColorCNN,3,raw,glucose_06_c1_wA08,A08,6,1.0,0.15889513953857293,0.15889513953857293
glucose,roi_masked,TinyColorCNN,3,raw,glucose_06_c1_wA10,A10,6,1.0,0.2994085413891501,0.2994085413891501
glucose,roi_masked,TinyColorCNN,3,raw,glucose_06_c1_wB01,B01,6,1.0,0.45254201817464157,0.45254201817464157
glucose,roi_masked,TinyColorCNN,3,raw,glucose_06_c1_wB11,B11,6,1.0,0.21494768652438623,0.21494768652438623
glucose,roi_masked,TinyColorCNN,3,raw,glucose_06_c1_wC02,C02,6,1.0,0.7086368477379077,0.7086368477379077
glucose,roi_masked,TinyColorCNN,3,raw,glucose_06_c1_wC05,C05,6,1.0,0.5718860565680144,0.5718860565680144
glucose,roi_masked,TinyColorCNN,3,raw,glucose_06_c1_wC10,C10,6,1.0,0.5601335719688896,0.5601335719688896
glucose,roi_masked,TinyColorCNN,3,raw,glucose_06_c1_wD05,D05,6,1.0,0.3464515270540627,0.3464515270540627
glucose,roi_masked,TinyColorCNN,3,raw,glucose_06_c1_wD09,D09,6,1.0,0.47594744740779404,0.47594744740779404
glucose,roi_masked,TinyColorCNN,3,raw,glucose_06_c1_wD10,D10,6,1.0,0.5449405880161358,0.5449405880161358
glucose,roi_masked,TinyColorCNN,3,raw,glucose_06_c1_wF04,F04,6,1.0,0.6920439337160245,0.6920439337160245
glucose,roi_masked,TinyColorCNN,3,raw,glucose_06_c1_wG02,G02,6,1.0,1.2487940517779403,1.2487940517779403
glucose,roi_masked,TinyColorCNN,3,raw,glucose_06_c1_wG04,G04,6,1.0,1.09115698881158,1.09115698881158
glucose,roi_masked,TinyColorCNN,3,raw,glucose_06_c1_wG07,G07,6,1.0,0.6960163746431327,0.6960163746431327
glucose,roi_masked,TinyColorCNN,3,raw,glucose_06_c1_wG08,G08,6,1.0,0.568600839559938,0.568600839559938
glucose,roi_masked,TinyColorCNN,3,raw,glucose_06_c1_wH09,H09,6,1.0,0.6778837764411216,0.6778837764411216
glucose,roi_masked,TinyColorCNN,3,raw,glucose_06_c1_wH10,H10,6,1.0,0.749237208701854,0.749237208701854
glucose,roi_masked,TinyColorCNN,3,raw,glucose_06_c1_wH12,H12,6,1.0,0.38285807020852314,0.38285807020852314
glucose,roi_masked,TinyColorCNN,3,raw,glucose_07_c2.5_wA07,A07,7,2.5,2.3623098161363276,2.3623098161363276
glucose,roi_masked,TinyColorCNN,3,raw,glucose_07_c2.5_wA08,A08,7,2.5,2.2005464234568177,2.2005464234568177
glucose,roi_masked,TinyColorCNN,3,raw,glucose_07_c2.5_wA10,A10,7,2.5,2.3003011957989434,2.3003011957989434
glucose,roi_masked,TinyColorCNN,3,raw,glucose_07_c2.5_wB01,B01,7,2.5,2.5860276794122083,2.5860276794122083
glucose,roi_masked,TinyColorCNN,3,raw,glucose_07_c2.5_wB11,B11,7,2.5,2.45278607017186,2.45278607017186
glucose,roi_masked,TinyColorCNN,3,raw,glucose_07_c2.5_wC02,C02,7,2.5,2.2741970390320687,2.2741970390320687
glucose,roi_masked,TinyColorCNN,3,raw,glucose_07_c2.5_wC05,C05,7,2.5,2.942341933874676,2.942341933874676
glucose,roi_masked,TinyColorCNN,3,raw,glucose_07_c2.5_wC10,C10,7,2.5,2.64332507320153,2.64332507320153
glucose,roi_masked,TinyColorCNN,3,raw,glucose_07_c2.5_wD05,D05,7,2.5,2.720027385026739,2.720027385026739
glucose,roi_masked,TinyColorCNN,3,raw,glucose_07_c2.5_wD09,D09,7,2.5,3.0567702906316767,3.0567702906316767
glucose,roi_masked,TinyColorCNN,3,raw,glucose_07_c2.5_wD10,D10,7,2.5,2.7621807685261355,2.7621807685261355
glucose,roi_masked,TinyColorCNN,3,raw,glucose_07_c2.5_wF04,F04,7,2.5,2.8567538884451484,2.8567538884451484
glucose,roi_masked,TinyColorCNN,3,raw,glucose_07_c2.5_wG02,G02,7,2.5,2.7591788422587267,2.7591788422587267
glucose,roi_masked,TinyColorCNN,3,raw,glucose_07_c2.5_wG04,G04,7,2.5,3.2881276471488565,3.2881276471488565
glucose,roi_masked,TinyColorCNN,3,raw,glucose_07_c2.5_wG07,G07,7,2.5,2.8782553172259178,2.8782553172259178
glucose,roi_masked,TinyColorCNN,3,raw,glucose_07_c2.5_wG08,G08,7,2.5,2.7482557246487933,2.7482557246487933
glucose,roi_masked,TinyColorCNN,3,raw,glucose_07_c2.5_wH09,H09,7,2.5,2.646350689980632,2.646350689980632
glucose,roi_masked,TinyColorCNN,3,raw,glucose_07_c2.5_wH10,H10,7,2.5,2.363264603481542,2.363264603481542
glucose,roi_masked,TinyColorCNN,3,raw,glucose_07_c2.5_wH12,H12,7,2.5,2.601585576877009,2.601585576877009
glucose,roi_masked,TinyColorCNN,3,raw,glucose_08_c5_wA07,A07,8,5.0,5.098507066937445,5.098507066937445
glucose,roi_masked,TinyColorCNN,3,raw,glucose_08_c5_wA08,A08,8,5.0,5.065324436615056,5.065324436615056
glucose,roi_masked,TinyColorCNN,3,raw,glucose_08_c5_wA10,A10,8,5.0,5.019783197961072,5.019783197961072
glucose,roi_masked,TinyColorCNN,3,raw,glucose_08_c5_wB01,B01,8,5.0,5.079025266721016,5.079025266721016
glucose,roi_masked,TinyColorCNN,3,raw,glucose_08_c5_wB11,B11,8,5.0,5.009661041122791,5.009661041122791
glucose,roi_masked,TinyColorCNN,3,raw,glucose_08_c5_wC02,C02,8,5.0,4.873036093353772,4.873036093353772
glucose,roi_masked,TinyColorCNN,3,raw,glucose_08_c5_wC05,C05,8,5.0,5.085788733614483,5.085788733614483
glucose,roi_masked,TinyColorCNN,3,raw,glucose_08_c5_wC10,C10,8,5.0,5.051338524049057,5.051338524049057
glucose,roi_masked,TinyColorCNN,3,raw,glucose_08_c5_wD05,D05,8,5.0,5.126881568555749,5.126881568555749
glucose,roi_masked,TinyColorCNN,3,raw,glucose_08_c5_wD09,D09,8,5.0,4.934027017088,4.934027017088
glucose,roi_masked,TinyColorCNN,3,raw,glucose_08_c5_wD10,D10,8,5.0,5.034362617568965,5.034362617568965
glucose,roi_masked,TinyColorCNN,3,raw,glucose_08_c5_wF04,F04,8,5.0,4.990856672581328,4.990856672581328
glucose,roi_masked,TinyColorCNN,3,raw,glucose_08_c5_wG02,G02,8,5.0,5.05854128569349,5.05854128569349
glucose,roi_masked,TinyColorCNN,3,raw,glucose_08_c5_wG04,G04,8,5.0,5.108149938843781,5.108149938843781
glucose,roi_masked,TinyColorCNN,3,raw,glucose_08_c5_wG07,G07,8,5.0,5.12468026711261,5.12468026711261
glucose,roi_masked,TinyColorCNN,3,raw,glucose_08_c5_wG08,G08,8,5.0,5.123316830883184,5.123316830883184
glucose,roi_masked,TinyColorCNN,3,raw,glucose_08_c5_wH09,H09,8,5.0,5.017131415963389,5.017131415963389
glucose,roi_masked,TinyColorCNN,3,raw,glucose_08_c5_wH10,H10,8,5.0,4.993378741561994,4.993378741561994
glucose,roi_masked,TinyColorCNN,3,raw,glucose_08_c5_wH12,H12,8,5.0,3.8479601197699798,3.8479601197699798
glucose,roi_masked,TinyColorCNN,3,raw,glucose_09_c10_wA07,A07,9,10.0,15.11406975431703,15.11406975431703
glucose,roi_masked,TinyColorCNN,3,raw,glucose_09_c10_wA08,A08,9,10.0,12.078740263580723,12.078740263580723
glucose,roi_masked,TinyColorCNN,3,raw,glucose_09_c10_wA10,A10,9,10.0,9.566719046072336,9.566719046072336
glucose,roi_masked,TinyColorCNN,3,raw,glucose_09_c10_wB01,B01,9,10.0,10.331404169624212,10.331404169624212
glucose,roi_masked,TinyColorCNN,3,raw,glucose_09_c10_wB11,B11,9,10.0,10.201630333687929,10.201630333687929
glucose,roi_masked,TinyColorCNN,3,raw,glucose_09_c10_wC02,C02,9,10.0,10.154031516857913,10.154031516857913
glucose,roi_masked,TinyColorCNN,3,raw,glucose_09_c10_wC05,C05,9,10.0,9.960104969736044,9.960104969736044
glucose,roi_masked,TinyColorCNN,3,raw,glucose_09_c10_wC10,C10,9,10.0,10.781438287424876,10.781438287424876
glucose,roi_masked,TinyColorCNN,3,raw,glucose_09_c10_wD05,D05,9,10.0,13.285176585357577,13.285176585357577
glucose,roi_masked,TinyColorCNN,3,raw,glucose_09_c10_wD09,D09,9,10.0,10.267562421289593,10.267562421289593
glucose,roi_masked,TinyColorCNN,3,raw,glucose_09_c10_wD10,D10,9,10.0,12.450555478647956,12.450555478647956
glucose,roi_masked,TinyColorCNN,3,raw,glucose_09_c10_wF04,F04,9,10.0,11.372807210868103,11.372807210868103
glucose,roi_masked,TinyColorCNN,3,raw,glucose_09_c10_wG02,G02,9,10.0,9.396966774874034,9.396966774874034
glucose,roi_masked,TinyColorCNN,3,raw,glucose_09_c10_wG04,G04,9,10.0,9.340927765323475,9.340927765323475
glucose,roi_masked,TinyColorCNN,3,raw,glucose_09_c10_wG07,G07,9,10.0,12.51349181146005,12.51349181146005
glucose,roi_masked,TinyColorCNN,3,raw,glucose_09_c10_wG08,G08,9,10.0,10.576085746789406,10.576085746789406
glucose,roi_masked,TinyColorCNN,3,raw,glucose_09_c10_wH09,H09,9,10.0,10.177653146895256,10.177653146895256
glucose,roi_masked,TinyColorCNN,3,raw,glucose_09_c10_wH10,H10,9,10.0,11.294498722166082,11.294498722166082
glucose,roi_masked,TinyColorCNN,3,raw,glucose_09_c10_wH12,H12,9,10.0,15.460765063792271,15.460765063792271
glucose,roi_masked,TinyColorCNN,3,raw,glucose_10_c15_wA07,A07,10,15.0,17.257810221838866,17.257810221838866
glucose,roi_masked,TinyColorCNN,3,raw,glucose_10_c15_wA08,A08,10,15.0,16.609433964064614,16.609433964064614
glucose,roi_masked,TinyColorCNN,3,raw,glucose_10_c15_wA10,A10,10,15.0,13.66773813505673,13.66773813505673
glucose,roi_masked,TinyColorCNN,3,raw,glucose_10_c15_wB01,B01,10,15.0,15.877597825314615,15.877597825314615
glucose,roi_masked,TinyColorCNN,3,raw,glucose_10_c15_wB11,B11,10,15.0,15.986019144257915,15.986019144257915
glucose,roi_masked,TinyColorCNN,3,raw,glucose_10_c15_wC02,C02,10,15.0,11.997644655855975,11.997644655855975
glucose,roi_masked,TinyColorCNN,3,raw,glucose_10_c15_wC05,C05,10,15.0,13.200808103580425,13.200808103580425
glucose,roi_masked,TinyColorCNN,3,raw,glucose_10_c15_wC10,C10,10,15.0,15.868065878256882,15.868065878256882
glucose,roi_masked,TinyColorCNN,3,raw,glucose_10_c15_wD05,D05,10,15.0,12.2078929701348,12.2078929701348
glucose,roi_masked,TinyColorCNN,3,raw,glucose_10_c15_wD09,D09,10,15.0,13.843250186795428,13.843250186795428
glucose,roi_masked,TinyColorCNN,3,raw,glucose_10_c15_wD10,D10,10,15.0,14.02924578765819,14.02924578765819
glucose,roi_masked,TinyColorCNN,3,raw,glucose_10_c15_wF04,F04,10,15.0,14.503821284773702,14.503821284773702
glucose,roi_masked,TinyColorCNN,3,raw,glucose_10_c15_wG02,G02,10,15.0,17.709788554237814,17.709788554237814
glucose,roi_masked,TinyColorCNN,3,raw,glucose_10_c15_wG04,G04,10,15.0,13.977203904946084,13.977203904946084
glucose,roi_masked,TinyColorCNN,3,raw,glucose_10_c15_wG07,G07,10,15.0,16.999203799876263,16.999203799876263
glucose,roi_masked,TinyColorCNN,3,raw,glucose_10_c15_wG08,G08,10,15.0,16.957124673190826,16.957124673190826
glucose,roi_masked,TinyColorCNN,3,raw,glucose_10_c15_wH09,H09,10,15.0,18.444239010631133,18.444239010631133
glucose,roi_masked,TinyColorCNN,3,raw,glucose_10_c15_wH10,H10,10,15.0,16.92620676371184,16.92620676371184
glucose,roi_masked,TinyColorCNN,3,raw,glucose_10_c15_wH12,H12,10,15.0,20.801488721688386,20.0
glucose,roi_masked,TinyColorCNN,3,raw,glucose_11_c20_wA07,A07,11,20.0,19.72856734589604,19.72856734589604
glucose,roi_masked,TinyColorCNN,3,raw,glucose_11_c20_wA08,A08,11,20.0,19.011365174654806,19.011365174654806
glucose,roi_masked,TinyColorCNN,3,raw,glucose_11_c20_wA10,A10,11,20.0,17.112040711671284,17.112040711671284
glucose,roi_masked,TinyColorCNN,3,raw,glucose_11_c20_wB01,B01,11,20.0,19.539138810716995,19.539138810716995
glucose,roi_masked,TinyColorCNN,3,raw,glucose_11_c20_wB11,B11,11,20.0,21.0377153742182,20.0
glucose,roi_masked,TinyColorCNN,3,raw,glucose_11_c20_wC02,C02,11,20.0,20.334297497343663,20.0
glucose,roi_masked,TinyColorCNN,3,raw,glucose_11_c20_wC05,C05,11,20.0,20.062516761920484,20.0
glucose,roi_masked,TinyColorCNN,3,raw,glucose_11_c20_wC10,C10,11,20.0,19.80160579068594,19.80160579068594
glucose,roi_masked,TinyColorCNN,3,raw,glucose_11_c20_wD05,D05,11,20.0,18.858302968484324,18.858302968484324
glucose,roi_masked,TinyColorCNN,3,raw,glucose_11_c20_wD09,D09,11,20.0,19.2929836439085,19.2929836439085
glucose,roi_masked,TinyColorCNN,3,raw,glucose_11_c20_wD10,D10,11,20.0,17.599784151689605,17.599784151689605
glucose,roi_masked,TinyColorCNN,3,raw,glucose_11_c20_wF04,F04,11,20.0,19.24785620533192,19.24785620533192
glucose,roi_masked,TinyColorCNN,3,raw,glucose_11_c20_wG02,G02,11,20.0,18.34680770015431,18.34680770015431
glucose,roi_masked,TinyColorCNN,3,raw,glucose_11_c20_wG04,G04,11,20.0,20.184850582705522,20.0
glucose,roi_masked,TinyColorCNN,3,raw,glucose_11_c20_wG07,G07,11,20.0,19.99627888754604,19.99627888754604
glucose,roi_masked,TinyColorCNN,3,raw,glucose_11_c20_wG08,G08,11,20.0,20.38652332991127,20.0
glucose,roi_masked,TinyColorCNN,3,raw,glucose_11_c20_wH09,H09,11,20.0,20.711249770929648,20.0
glucose,roi_masked,TinyColorCNN,3,raw,glucose_11_c20_wH10,H10,11,20.0,19.079109685940963,19.079109685940963
glucose,roi_masked,TinyColorCNN,3,raw,glucose_11_c20_wH12,H12,11,20.0,20.443947537616125,20.0
glucose,full_patch,TinyColorCNN,3,log1p,glucose_01_c0_wA07,A07,1,0.0,0.08054555030987515,0.08054555030987515
glucose,full_patch,TinyColorCNN,3,log1p,glucose_01_c0_wA08,A08,1,0.0,0.16071299277098522,0.16071299277098522
glucose,full_patch,TinyColorCNN,3,log1p,glucose_01_c0_wA10,A10,1,0.0,0.3024443969544068,0.3024443969544068
glucose,full_patch,TinyColorCNN,3,log1p,glucose_01_c0_wB01,B01,1,0.0,0.10659817038459724,0.10659817038459724
glucose,full_patch,TinyColorCNN,3,log1p,glucose_01_c0_wB11,B11,1,0.0,0.39202022789801505,0.39202022789801505
glucose,full_patch,TinyColorCNN,3,log1p,glucose_01_c0_wC02,C02,1,0.0,0.23769751460556998,0.23769751460556998
glucose,full_patch,TinyColorCNN,3,log1p,glucose_01_c0_wC05,C05,1,0.0,0.18045328597285004,0.18045328597285004
glucose,full_patch,TinyColorCNN,3,log1p,glucose_01_c0_wC10,C10,1,0.0,0.12544053460079066,0.12544053460079066
glucose,full_patch,TinyColorCNN,3,log1p,glucose_01_c0_wD05,D05,1,0.0,0.33704859525934766,0.33704859525934766
glucose,full_patch,TinyColorCNN,3,log1p,glucose_01_c0_wD09,D09,1,0.0,0.2624687508694267,0.2624687508694267
glucose,full_patch,TinyColorCNN,3,log1p,glucose_01_c0_wD10,D10,1,0.0,0.3332191304022791,0.3332191304022791
glucose,full_patch,TinyColorCNN,3,log1p,glucose_01_c0_wF04,F04,1,0.0,0.19200338773852743,0.19200338773852743
glucose,full_patch,TinyColorCNN,3,log1p,glucose_01_c0_wG02,G02,1,0.0,0.15437013629966687,0.15437013629966687
glucose,full_patch,TinyColorCNN,3,log1p,glucose_01_c0_wG04,G04,1,0.0,0.16707834123002405,0.16707834123002405
glucose,full_patch,TinyColorCNN,3,log1p,glucose_01_c0_wG07,G07,1,0.0,0.05154811261259142,0.05154811261259142
glucose,full_patch,TinyColorCNN,3,log1p,glucose_01_c0_wG08,G08,1,0.0,0.12911878903657914,0.12911878903657914
glucose,full_patch,TinyColorCNN,3,log1p,glucose_01_c0_wH09,H09,1,0.0,0.19748640226466033,0.19748640226466033
glucose,full_patch,TinyColorCNN,3,log1p,glucose_01_c0_wH10,H10,1,0.0,0.39119250149590534,0.39119250149590534
glucose,full_patch,TinyColorCNN,3,log1p,glucose_01_c0_wH12,H12,1,0.0,0.08997765926097893,0.08997765926097893
glucose,full_patch,TinyColorCNN,3,log1p,glucose_02_c0.01_wA07,A07,2,0.01,0.008143252128999025,0.008143252128999025
glucose,full_patch,TinyColorCNN,3,log1p,glucose_02_c0.01_wA08,A08,2,0.01,0.032707880172582464,0.032707880172582464
glucose,full_patch,TinyColorCNN,3,log1p,glucose_02_c0.01_wA10,A10,2,0.01,-0.012041953033857519,0.0
glucose,full_patch,TinyColorCNN,3,log1p,glucose_02_c0.01_wB01,B01,2,0.01,-0.09458892345190004,0.0
glucose,full_patch,TinyColorCNN,3,log1p,glucose_02_c0.01_wB11,B11,2,0.01,0.12344696819157958,0.12344696819157958
glucose,full_patch,TinyColorCNN,3,log1p,glucose_02_c0.01_wC02,C02,2,0.01,-0.07084967041019463,0.0
glucose,full_patch,TinyColorCNN,3,log1p,glucose_02_c0.01_wC05,C05,2,0.01,0.0343127341162942,0.0343127341162942
glucose,full_patch,TinyColorCNN,3,log1p,glucose_02_c0.01_wC10,C10,2,0.01,0.05467052426719221,0.05467052426719221
glucose,full_patch,TinyColorCNN,3,log1p,glucose_02_c0.01_wD05,D05,2,0.01,0.019154714000883127,0.019154714000883127
glucose,full_patch,TinyColorCNN,3,log1p,glucose_02_c0.01_wD09,D09,2,0.01,0.10624798485594773,0.10624798485594773
glucose,full_patch,TinyColorCNN,3,log1p,glucose_02_c0.01_wD10,D10,2,0.01,0.0470132199327315,0.0470132199327315
glucose,full_patch,TinyColorCNN,3,log1p,glucose_02_c0.01_wF04,F04,2,0.01,0.009636774739852444,0.009636774739852444
glucose,full_patch,TinyColorCNN,3,log1p,glucose_02_c0.01_wG02,G02,2,0.01,0.07504998765068044,0.07504998765068044
glucose,full_patch,TinyColorCNN,3,log1p,glucose_02_c0.01_wG04,G04,2,0.01,0.04135318069603698,0.04135318069603698
glucose,full_patch,TinyColorCNN,3,log1p,glucose_02_c0.01_wG07,G07,2,0.01,0.020347576393287516,0.020347576393287516
glucose,full_patch,TinyColorCNN,3,log1p,glucose_02_c0.01_wG08,G08,2,0.01,-0.03675701536733088,0.0
glucose,full_patch,TinyColorCNN,3,log1p,glucose_02_c0.01_wH09,H09,2,0.01,0.008448322826081786,0.008448322826081786
glucose,full_patch,TinyColorCNN,3,log1p,glucose_02_c0.01_wH10,H10,2,0.01,0.17588207683705837,0.17588207683705837
glucose,full_patch,TinyColorCNN,3,log1p,glucose_02_c0.01_wH12,H12,2,0.01,-0.03893460027270969,0.0
glucose,full_patch,TinyColorCNN,3,log1p,glucose_03_c0.05_wA07,A07,3,0.05,0.005449073854600483,0.005449073854600483
glucose,full_patch,TinyColorCNN,3,log1p,glucose_03_c0.05_wA08,A08,3,0.05,0.030155110326841983,0.030155110326841983
glucose,full_patch,TinyColorCNN,3,log1p,glucose_03_c0.05_wA10,A10,3,0.05,0.1641829622159088,0.1641829622159088
glucose,full_patch,TinyColorCNN,3,log1p,glucose_03_c0.05_wB01,B01,3,0.05,0.010853999767001007,0.010853999767001007
glucose,full_patch,TinyColorCNN,3,log1p,glucose_03_c0.05_wB11,B11,3,0.05,0.19426196550813965,0.19426196550813965
glucose,full_patch,TinyColorCNN,3,log1p,glucose_03_c0.05_wC02,C02,3,0.05,0.09911469590729267,0.09911469590729267
glucose,full_patch,TinyColorCNN,3,log1p,glucose_03_c0.05_wC05,C05,3,0.05,0.06813805848176456,0.06813805848176456
glucose,full_patch,TinyColorCNN,3,log1p,glucose_03_c0.05_wC10,C10,3,0.05,0.08340798640203483,0.08340798640203483
glucose,full_patch,TinyColorCNN,3,log1p,glucose_03_c0.05_wD05,D05,3,0.05,0.09017084208964937,0.09017084208964937
glucose,full_patch,TinyColorCNN,3,log1p,glucose_03_c0.05_wD09,D09,3,0.05,0.12417454077405793,0.12417454077405793
glucose,full_patch,TinyColorCNN,3,log1p,glucose_03_c0.05_wD10,D10,3,0.05,0.24766928424454954,0.24766928424454954
glucose,full_patch,TinyColorCNN,3,log1p,glucose_03_c0.05_wF04,F04,3,0.05,0.09109763102064702,0.09109763102064702
glucose,full_patch,TinyColorCNN,3,log1p,glucose_03_c0.05_wG02,G02,3,0.05,0.11144343694194228,0.11144343694194228
glucose,full_patch,TinyColorCNN,3,log1p,glucose_03_c0.05_wG04,G04,3,0.05,-0.018216272387867584,0.0
glucose,full_patch,TinyColorCNN,3,log1p,glucose_03_c0.05_wG07,G07,3,0.05,0.055665270410919274,0.055665270410919274
glucose,full_patch,TinyColorCNN,3,log1p,glucose_03_c0.05_wG08,G08,3,0.05,0.04692634273952144,0.04692634273952144
glucose,full_patch,TinyColorCNN,3,log1p,glucose_03_c0.05_wH09,H09,3,0.05,0.061695181403705564,0.061695181403705564
glucose,full_patch,TinyColorCNN,3,log1p,glucose_03_c0.05_wH10,H10,3,0.05,0.05223455235013457,0.05223455235013457
glucose,full_patch,TinyColorCNN,3,log1p,glucose_03_c0.05_wH12,H12,3,0.05,0.020055520121509688,0.020055520121509688
glucose,full_patch,TinyColorCNN,3,log1p,glucose_04_c0.1_wA07,A07,4,0.1,0.10467507573878393,0.10467507573878393
glucose,full_patch,TinyColorCNN,3,log1p,glucose_04_c0.1_wA08,A08,4,0.1,0.17130776414333468,0.17130776414333468
glucose,full_patch,TinyColorCNN,3,log1p,glucose_04_c0.1_wA10,A10,4,0.1,0.1054606577775472,0.1054606577775472
glucose,full_patch,TinyColorCNN,3,log1p,glucose_04_c0.1_wB01,B01,4,0.1,0.08658712837341549,0.08658712837341549
glucose,full_patch,TinyColorCNN,3,log1p,glucose_04_c0.1_wB11,B11,4,0.1,0.0968312944279876,0.0968312944279876
glucose,full_patch,TinyColorCNN,3,log1p,glucose_04_c0.1_wC02,C02,4,0.1,0.07130786447182492,0.07130786447182492
glucose,full_patch,TinyColorCNN,3,log1p,glucose_04_c0.1_wC05,C05,4,0.1,0.06416881854164341,0.06416881854164341
glucose,full_patch,TinyColorCNN,3,log1p,glucose_04_c0.1_wC10,C10,4,0.1,0.2319768722807256,0.2319768722807256
glucose,full_patch,TinyColorCNN,3,log1p,glucose_04_c0.1_wD05,D05,4,0.1,0.2367061324469518,0.2367061324469518
glucose,full_patch,TinyColorCNN,3,log1p,glucose_04_c0.1_wD09,D09,4,0.1,0.19940536833754213,0.19940536833754213
glucose,full_patch,TinyColorCNN,3,log1p,glucose_04_c0.1_wD10,D10,4,0.1,0.168649863070144,0.168649863070144
glucose,full_patch,TinyColorCNN,3,log1p,glucose_04_c0.1_wF04,F04,4,0.1,0.22372868109637872,0.22372868109637872
glucose,full_patch,TinyColorCNN,3,log1p,glucose_04_c0.1_wG02,G02,4,0.1,0.05461192256062157,0.05461192256062157
glucose,full_patch,TinyColorCNN,3,log1p,glucose_04_c0.1_wG04,G04,4,0.1,0.09775837429352902,0.09775837429352902
glucose,full_patch,TinyColorCNN,3,log1p,glucose_04_c0.1_wG07,G07,4,0.1,0.1313209237231911,0.1313209237231911
glucose,full_patch,TinyColorCNN,3,log1p,glucose_04_c0.1_wG08,G08,4,0.1,0.19845823334088447,0.19845823334088447
glucose,full_patch,TinyColorCNN,3,log1p,glucose_04_c0.1_wH09,H09,4,0.1,0.280028693960402,0.280028693960402
glucose,full_patch,TinyColorCNN,3,log1p,glucose_04_c0.1_wH10,H10,4,0.1,0.11327906544294887,0.11327906544294887
glucose,full_patch,TinyColorCNN,3,log1p,glucose_04_c0.1_wH12,H12,4,0.1,0.020804257060330966,0.020804257060330966
glucose,full_patch,TinyColorCNN,3,log1p,glucose_05_c0.5_wA07,A07,5,0.5,0.4193535926217752,0.4193535926217752
glucose,full_patch,TinyColorCNN,3,log1p,glucose_05_c0.5_wA08,A08,5,0.5,0.43455897372894486,0.43455897372894486
glucose,full_patch,TinyColorCNN,3,log1p,glucose_05_c0.5_wA10,A10,5,0.5,0.29813077022729595,0.29813077022729595
glucose,full_patch,TinyColorCNN,3,log1p,glucose_05_c0.5_wB01,B01,5,0.5,0.5139099069397712,0.5139099069397712
glucose,full_patch,TinyColorCNN,3,log1p,glucose_05_c0.5_wB11,B11,5,0.5,0.295605500578734,0.295605500578734
glucose,full_patch,TinyColorCNN,3,log1p,glucose_05_c0.5_wC02,C02,5,0.5,0.5109285219522861,0.5109285219522861
glucose,full_patch,TinyColorCNN,3,log1p,glucose_05_c0.5_wC05,C05,5,0.5,0.5888904169263576,0.5888904169263576
glucose,full_patch,TinyColorCNN,3,log1p,glucose_05_c0.5_wC10,C10,5,0.5,0.5157248260105511,0.5157248260105511
glucose,full_patch,TinyColorCNN,3,log1p,glucose_05_c0.5_wD05,D05,5,0.5,0.35386655160209723,0.35386655160209723
glucose,full_patch,TinyColorCNN,3,log1p,glucose_05_c0.5_wD09,D09,5,0.5,0.5828447192286199,0.5828447192286199
glucose,full_patch,TinyColorCNN,3,log1p,glucose_05_c0.5_wD10,D10,5,0.5,0.6096062690433257,0.6096062690433257
glucose,full_patch,TinyColorCNN,3,log1p,glucose_05_c0.5_wF04,F04,5,0.5,0.2960565433024179,0.2960565433024179
glucose,full_patch,TinyColorCNN,3,log1p,glucose_05_c0.5_wG02,G02,5,0.5,0.5579963044260667,0.5579963044260667
glucose,full_patch,TinyColorCNN,3,log1p,glucose_05_c0.5_wG04,G04,5,0.5,0.438044665890468,0.438044665890468
glucose,full_patch,TinyColorCNN,3,log1p,glucose_05_c0.5_wG07,G07,5,0.5,0.2778365793846156,0.2778365793846156
glucose,full_patch,TinyColorCNN,3,log1p,glucose_05_c0.5_wG08,G08,5,0.5,0.2853415836255271,0.2853415836255271
glucose,full_patch,TinyColorCNN,3,log1p,glucose_05_c0.5_wH09,H09,5,0.5,0.29427179191343783,0.29427179191343783
glucose,full_patch,TinyColorCNN,3,log1p,glucose_05_c0.5_wH10,H10,5,0.5,0.5526488625266861,0.5526488625266861
glucose,full_patch,TinyColorCNN,3,log1p,glucose_05_c0.5_wH12,H12,5,0.5,0.2751992356092628,0.2751992356092628
glucose,full_patch,TinyColorCNN,3,log1p,glucose_06_c1_wA07,A07,6,1.0,0.21157513113493048,0.21157513113493048
glucose,full_patch,TinyColorCNN,3,log1p,glucose_06_c1_wA08,A08,6,1.0,0.19326874268399685,0.19326874268399685
glucose,full_patch,TinyColorCNN,3,log1p,glucose_06_c1_wA10,A10,6,1.0,0.3859121385541842,0.3859121385541842
glucose,full_patch,TinyColorCNN,3,log1p,glucose_06_c1_wB01,B01,6,1.0,0.7361546095842855,0.7361546095842855
glucose,full_patch,TinyColorCNN,3,log1p,glucose_06_c1_wB11,B11,6,1.0,0.3570000879757773,0.3570000879757773
glucose,full_patch,TinyColorCNN,3,log1p,glucose_06_c1_wC02,C02,6,1.0,0.8594719686988754,0.8594719686988754
glucose,full_patch,TinyColorCNN,3,log1p,glucose_06_c1_wC05,C05,6,1.0,0.5340450123050984,0.5340450123050984
glucose,full_patch,TinyColorCNN,3,log1p,glucose_06_c1_wC10,C10,6,1.0,0.6260135513230967,0.6260135513230967
glucose,full_patch,TinyColorCNN,3,log1p,glucose_06_c1_wD05,D05,6,1.0,0.6825799175029656,0.6825799175029656
glucose,full_patch,TinyColorCNN,3,log1p,glucose_06_c1_wD09,D09,6,1.0,0.7889429431299626,0.7889429431299626
glucose,full_patch,TinyColorCNN,3,log1p,glucose_06_c1_wD10,D10,6,1.0,0.7917213240087946,0.7917213240087946
glucose,full_patch,TinyColorCNN,3,log1p,glucose_06_c1_wF04,F04,6,1.0,0.5966433238725091,0.5966433238725091
glucose,full_patch,TinyColorCNN,3,log1p,glucose_06_c1_wG02,G02,6,1.0,1.2963150167992445,1.2963150167992445
glucose,full_patch,TinyColorCNN,3,log1p,glucose_06_c1_wG04,G04,6,1.0,1.0084688882755728,1.0084688882755728
glucose,full_patch,TinyColorCNN,3,log1p,glucose_06_c1_wG07,G07,6,1.0,0.6947556924624987,0.6947556924624987
glucose,full_patch,TinyColorCNN,3,log1p,glucose_06_c1_wG08,G08,6,1.0,1.1566082266961062,1.1566082266961062
glucose,full_patch,TinyColorCNN,3,log1p,glucose_06_c1_wH09,H09,6,1.0,1.0315929521526193,1.0315929521526193
glucose,full_patch,TinyColorCNN,3,log1p,glucose_06_c1_wH10,H10,6,1.0,0.9194056649749249,0.9194056649749249
glucose,full_patch,TinyColorCNN,3,log1p,glucose_06_c1_wH12,H12,6,1.0,0.355871612847346,0.355871612847346
glucose,full_patch,TinyColorCNN,3,log1p,glucose_07_c2.5_wA07,A07,7,2.5,2.6716735852636337,2.6716735852636337
glucose,full_patch,TinyColorCNN,3,log1p,glucose_07_c2.5_wA08,A08,7,2.5,2.4112619273070397,2.4112619273070397
glucose,full_patch,TinyColorCNN,3,log1p,glucose_07_c2.5_wA10,A10,7,2.5,2.4880423961811937,2.4880423961811937
glucose,full_patch,TinyColorCNN,3,log1p,glucose_07_c2.5_wB01,B01,7,2.5,2.6011832030083784,2.6011832030083784
glucose,full_patch,TinyColorCNN,3,log1p,glucose_07_c2.5_wB11,B11,7,2.5,2.5488361327265934,2.5488361327265934
glucose,full_patch,TinyColorCNN,3,log1p,glucose_07_c2.5_wC02,C02,7,2.5,2.0320142776289893,2.0320142776289893
glucose,full_patch,TinyColorCNN,3,log1p,glucose_07_c2.5_wC05,C05,7,2.5,2.7888032277982386,2.7888032277982386
glucose,full_patch,TinyColorCNN,3,log1p,glucose_07_c2.5_wC10,C10,7,2.5,2.2106934697687026,2.2106934697687026
glucose,full_patch,TinyColorCNN,3,log1p,glucose_07_c2.5_wD05,D05,7,2.5,2.4960058348820304,2.4960058348820304
glucose,full_patch,TinyColorCNN,3,log1p,glucose_07_c2.5_wD09,D09,7,2.5,2.516483520559531,2.516483520559531
glucose,full_patch,TinyColorCNN,3,log1p,glucose_07_c2.5_wD10,D10,7,2.5,2.4857377769560003,2.4857377769560003
glucose,full_patch,TinyColorCNN,3,log1p,glucose_07_c2.5_wF04,F04,7,2.5,2.413846162746264,2.413846162746264
glucose,full_patch,TinyColorCNN,3,log1p,glucose_07_c2.5_wG02,G02,7,2.5,2.501273555312962,2.501273555312962
glucose,full_patch,TinyColorCNN,3,log1p,glucose_07_c2.5_wG04,G04,7,2.5,2.9025907987927195,2.9025907987927195
glucose,full_patch,TinyColorCNN,3,log1p,glucose_07_c2.5_wG07,G07,7,2.5,2.1935809335477776,2.1935809335477776
glucose,full_patch,TinyColorCNN,3,log1p,glucose_07_c2.5_wG08,G08,7,2.5,2.7822546253119023,2.7822546253119023
glucose,full_patch,TinyColorCNN,3,log1p,glucose_07_c2.5_wH09,H09,7,2.5,2.599636186990135,2.599636186990135
glucose,full_patch,TinyColorCNN,3,log1p,glucose_07_c2.5_wH10,H10,7,2.5,2.3824186056356855,2.3824186056356855
glucose,full_patch,TinyColorCNN,3,log1p,glucose_07_c2.5_wH12,H12,7,2.5,2.189309667866555,2.189309667866555
glucose,full_patch,TinyColorCNN,3,log1p,glucose_08_c5_wA07,A07,8,5.0,5.047702221393047,5.047702221393047
glucose,full_patch,TinyColorCNN,3,log1p,glucose_08_c5_wA08,A08,8,5.0,4.950740907857211,4.950740907857211
glucose,full_patch,TinyColorCNN,3,log1p,glucose_08_c5_wA10,A10,8,5.0,5.546905373407853,5.546905373407853
glucose,full_patch,TinyColorCNN,3,log1p,glucose_08_c5_wB01,B01,8,5.0,4.7585572023967515,4.7585572023967515
glucose,full_patch,TinyColorCNN,3,log1p,glucose_08_c5_wB11,B11,8,5.0,6.115416976971849,6.115416976971849
glucose,full_patch,TinyColorCNN,3,log1p,glucose_08_c5_wC02,C02,8,5.0,4.996408987687811,4.996408987687811
glucose,full_patch,TinyColorCNN,3,log1p,glucose_08_c5_wC05,C05,8,5.0,5.219005695728672,5.219005695728672
glucose,full_patch,TinyColorCNN,3,log1p,glucose_08_c5_wC10,C10,8,5.0,5.401070927616316,5.401070927616316
glucose,full_patch,TinyColorCNN,3,log1p,glucose_08_c5_wD05,D05,8,5.0,5.436698993947501,5.436698993947501
glucose,full_patch,TinyColorCNN,3,log1p,glucose_08_c5_wD09,D09,8,5.0,5.669120270673683,5.669120270673683
glucose,full_patch,TinyColorCNN,3,log1p,glucose_08_c5_wD10,D10,8,5.0,5.566304918607421,5.566304918607421
glucose,full_patch,TinyColorCNN,3,log1p,glucose_08_c5_wF04,F04,8,5.0,4.687126745514114,4.687126745514114
glucose,full_patch,TinyColorCNN,3,log1p,glucose_08_c5_wG02,G02,8,5.0,4.933582742140439,4.933582742140439
glucose,full_patch,TinyColorCNN,3,log1p,glucose_08_c5_wG04,G04,8,5.0,4.902972178073564,4.902972178073564
glucose,full_patch,TinyColorCNN,3,log1p,glucose_08_c5_wG07,G07,8,5.0,5.1360244730969296,5.1360244730969296
glucose,full_patch,TinyColorCNN,3,log1p,glucose_08_c5_wG08,G08,8,5.0,5.511701629224529,5.511701629224529
glucose,full_patch,TinyColorCNN,3,log1p,glucose_08_c5_wH09,H09,8,5.0,4.9393232990065306,4.9393232990065306
glucose,full_patch,TinyColorCNN,3,log1p,glucose_08_c5_wH10,H10,8,5.0,4.9985914215855995,4.9985914215855995
glucose,full_patch,TinyColorCNN,3,log1p,glucose_08_c5_wH12,H12,8,5.0,4.6803379573544515,4.6803379573544515
glucose,full_patch,TinyColorCNN,3,log1p,glucose_09_c10_wA07,A07,9,10.0,11.935984031413305,11.935984031413305
glucose,full_patch,TinyColorCNN,3,log1p,glucose_09_c10_wA08,A08,9,10.0,10.720610453610114,10.720610453610114
glucose,full_patch,TinyColorCNN,3,log1p,glucose_09_c10_wA10,A10,9,10.0,10.34289865437264,10.34289865437264
glucose,full_patch,TinyColorCNN,3,log1p,glucose_09_c10_wB01,B01,9,10.0,10.625033441668101,10.625033441668101
glucose,full_patch,TinyColorCNN,3,log1p,glucose_09_c10_wB11,B11,9,10.0,9.016617416032272,9.016617416032272
glucose,full_patch,TinyColorCNN,3,log1p,glucose_09_c10_wC02,C02,9,10.0,10.116994898998888,10.116994898998888
glucose,full_patch,TinyColorCNN,3,log1p,glucose_09_c10_wC05,C05,9,10.0,10.999240699607531,10.999240699607531
glucose,full_patch,TinyColorCNN,3,log1p,glucose_09_c10_wC10,C10,9,10.0,11.313446430792192,11.313446430792192
glucose,full_patch,TinyColorCNN,3,log1p,glucose_09_c10_wD05,D05,9,10.0,11.115696656866776,11.115696656866776
glucose,full_patch,TinyColorCNN,3,log1p,glucose_09_c10_wD09,D09,9,10.0,10.01756502154251,10.01756502154251
glucose,full_patch,TinyColorCNN,3,log1p,glucose_09_c10_wD10,D10,9,10.0,10.969787347205752,10.969787347205752
glucose,full_patch,TinyColorCNN,3,log1p,glucose_09_c10_wF04,F04,9,10.0,9.891107090571003,9.891107090571003
glucose,full_patch,TinyColorCNN,3,log1p,glucose_09_c10_wG02,G02,9,10.0,9.927063346939718,9.927063346939718
glucose,full_patch,TinyColorCNN,3,log1p,glucose_09_c10_wG04,G04,9,10.0,10.566418073774654,10.566418073774654
glucose,full_patch,TinyColorCNN,3,log1p,glucose_09_c10_wG07,G07,9,10.0,10.195605210943684,10.195605210943684
glucose,full_patch,TinyColorCNN,3,log1p,glucose_09_c10_wG08,G08,9,10.0,11.71405844041734,11.71405844041734
glucose,full_patch,TinyColorCNN,3,log1p,glucose_09_c10_wH09,H09,9,10.0,11.712231481550457,11.712231481550457
glucose,full_patch,TinyColorCNN,3,log1p,glucose_09_c10_wH10,H10,9,10.0,10.13544049958821,10.13544049958821
glucose,full_patch,TinyColorCNN,3,log1p,glucose_09_c10_wH12,H12,9,10.0,10.999591368781678,10.999591368781678
glucose,full_patch,TinyColorCNN,3,log1p,glucose_10_c15_wA07,A07,10,15.0,17.12768047020468,17.12768047020468
glucose,full_patch,TinyColorCNN,3,log1p,glucose_10_c15_wA08,A08,10,15.0,16.097528543792908,16.097528543792908
glucose,full_patch,TinyColorCNN,3,log1p,glucose_10_c15_wA10,A10,10,15.0,15.302653145511218,15.302653145511218
glucose,full_patch,TinyColorCNN,3,log1p,glucose_10_c15_wB01,B01,10,15.0,16.247621822028783,16.247621822028783
glucose,full_patch,TinyColorCNN,3,log1p,glucose_10_c15_wB11,B11,10,15.0,15.383144335819836,15.383144335819836
glucose,full_patch,TinyColorCNN,3,log1p,glucose_10_c15_wC02,C02,10,15.0,16.194873038251675,16.194873038251675
glucose,full_patch,TinyColorCNN,3,log1p,glucose_10_c15_wC05,C05,10,15.0,15.745747896598509,15.745747896598509
glucose,full_patch,TinyColorCNN,3,log1p,glucose_10_c15_wC10,C10,10,15.0,17.896228415859593,17.896228415859593
glucose,full_patch,TinyColorCNN,3,log1p,glucose_10_c15_wD05,D05,10,15.0,14.152215784373315,14.152215784373315
glucose,full_patch,TinyColorCNN,3,log1p,glucose_10_c15_wD09,D09,10,15.0,14.71743438196782,14.71743438196782
glucose,full_patch,TinyColorCNN,3,log1p,glucose_10_c15_wD10,D10,10,15.0,15.438558733381708,15.438558733381708
glucose,full_patch,TinyColorCNN,3,log1p,glucose_10_c15_wF04,F04,10,15.0,13.583947554745478,13.583947554745478
glucose,full_patch,TinyColorCNN,3,log1p,glucose_10_c15_wG02,G02,10,15.0,14.554024561694451,14.554024561694451
glucose,full_patch,TinyColorCNN,3,log1p,glucose_10_c15_wG04,G04,10,15.0,16.18089860424259,16.18089860424259
glucose,full_patch,TinyColorCNN,3,log1p,glucose_10_c15_wG07,G07,10,15.0,15.510812021984933,15.510812021984933
glucose,full_patch,TinyColorCNN,3,log1p,glucose_10_c15_wG08,G08,10,15.0,16.104951645786894,16.104951645786894
glucose,full_patch,TinyColorCNN,3,log1p,glucose_10_c15_wH09,H09,10,15.0,17.84274139247106,17.84274139247106
glucose,full_patch,TinyColorCNN,3,log1p,glucose_10_c15_wH10,H10,10,15.0,15.90545057240912,15.90545057240912
glucose,full_patch,TinyColorCNN,3,log1p,glucose_10_c15_wH12,H12,10,15.0,20.1300457565217,20.0
glucose,full_patch,TinyColorCNN,3,log1p,glucose_11_c20_wA07,A07,11,20.0,19.76061451788163,19.76061451788163
glucose,full_patch,TinyColorCNN,3,log1p,glucose_11_c20_wA08,A08,11,20.0,20.37824627277566,20.0
glucose,full_patch,TinyColorCNN,3,log1p,glucose_11_c20_wA10,A10,11,20.0,19.42016972554056,19.42016972554056
glucose,full_patch,TinyColorCNN,3,log1p,glucose_11_c20_wB01,B01,11,20.0,19.213884346149694,19.213884346149694
glucose,full_patch,TinyColorCNN,3,log1p,glucose_11_c20_wB11,B11,11,20.0,19.650490076896375,19.650490076896375
glucose,full_patch,TinyColorCNN,3,log1p,glucose_11_c20_wC02,C02,11,20.0,19.906250731230454,19.906250731230454
glucose,full_patch,TinyColorCNN,3,log1p,glucose_11_c20_wC05,C05,11,20.0,19.33502257726045,19.33502257726045
glucose,full_patch,TinyColorCNN,3,log1p,glucose_11_c20_wC10,C10,11,20.0,20.538251979745528,20.0
glucose,full_patch,TinyColorCNN,3,log1p,glucose_11_c20_wD05,D05,11,20.0,20.774786769547426,20.0
glucose,full_patch,TinyColorCNN,3,log1p,glucose_11_c20_wD09,D09,11,20.0,18.932752787359362,18.932752787359362
glucose,full_patch,TinyColorCNN,3,log1p,glucose_11_c20_wD10,D10,11,20.0,19.60969263813102,19.60969263813102
glucose,full_patch,TinyColorCNN,3,log1p,glucose_11_c20_wF04,F04,11,20.0,20.138001124428502,20.0
glucose,full_patch,TinyColorCNN,3,log1p,glucose_11_c20_wG02,G02,11,20.0,16.444218884074594,16.444218884074594
glucose,full_patch,TinyColorCNN,3,log1p,glucose_11_c20_wG04,G04,11,20.0,20.111707130603705,20.0
glucose,full_patch,TinyColorCNN,3,log1p,glucose_11_c20_wG07,G07,11,20.0,19.18165309184283,19.18165309184283
glucose,full_patch,TinyColorCNN,3,log1p,glucose_11_c20_wG08,G08,11,20.0,21.284125468345213,20.0
glucose,full_patch,TinyColorCNN,3,log1p,glucose_11_c20_wH09,H09,11,20.0,20.37531471190263,20.0
glucose,full_patch,TinyColorCNN,3,log1p,glucose_11_c20_wH10,H10,11,20.0,20.662052800211306,20.0
glucose,full_patch,TinyColorCNN,3,log1p,glucose_11_c20_wH12,H12,11,20.0,22.670285358074434,20.0
glucose,roi_masked,TinyColorCNN,4,log1p,glucose_01_c0_wA01,A01,1,0.0,0.13860751884965775,0.13860751884965775
glucose,roi_masked,TinyColorCNN,4,log1p,glucose_01_c0_wA02,A02,1,0.0,0.37291989135436326,0.37291989135436326
glucose,roi_masked,TinyColorCNN,4,log1p,glucose_01_c0_wA03,A03,1,0.0,0.36089548829551543,0.36089548829551543
glucose,roi_masked,TinyColorCNN,4,log1p,glucose_01_c0_wB03,B03,1,0.0,0.5965118035410217,0.5965118035410217
glucose,roi_masked,TinyColorCNN,4,log1p,glucose_01_c0_wB06,B06,1,0.0,0.2094139920205438,0.2094139920205438
glucose,roi_masked,TinyColorCNN,4,log1p,glucose_01_c0_wB07,B07,1,0.0,0.24359466651451228,0.24359466651451228
glucose,roi_masked,TinyColorCNN,4,log1p,glucose_01_c0_wC06,C06,1,0.0,0.19994267312281896,0.19994267312281896
glucose,roi_masked,TinyColorCNN,4,log1p,glucose_01_c0_wC07,C07,1,0.0,0.17560365263900707,0.17560365263900707
glucose,roi_masked,TinyColorCNN,4,log1p,glucose_01_c0_wD11,D11,1,0.0,0.47301633312951485,0.47301633312951485
glucose,roi_masked,TinyColorCNN,4,log1p,glucose_01_c0_wD12,D12,1,0.0,0.07571182395452047,0.07571182395452047
glucose,roi_masked,TinyColorCNN,4,log1p,glucose_01_c0_wE04,E04,1,0.0,0.375627203924402,0.375627203924402
glucose,roi_masked,TinyColorCNN,4,log1p,glucose_01_c0_wE12,E12,1,0.0,0.16226098590369184,0.16226098590369184
glucose,roi_masked,TinyColorCNN,4,log1p,glucose_01_c0_wF07,F07,1,0.0,0.18491200743715344,0.18491200743715344
glucose,roi_masked,TinyColorCNN,4,log1p,glucose_01_c0_wF08,F08,1,0.0,0.21794263248888276,0.21794263248888276
glucose,roi_masked,TinyColorCNN,4,log1p,glucose_01_c0_wF09,F09,1,0.0,0.3944184107975866,0.3944184107975866
glucose,roi_masked,TinyColorCNN,4,log1p,glucose_01_c0_wF11,F11,1,0.0,0.26006344461329745,0.26006344461329745
glucose,roi_masked,TinyColorCNN,4,log1p,glucose_01_c0_wG01,G01,1,0.0,0.41027374713700276,0.41027374713700276
glucose,roi_masked,TinyColorCNN,4,log1p,glucose_01_c0_wG05,G05,1,0.0,0.23021752801405362,0.23021752801405362
glucose,roi_masked,TinyColorCNN,4,log1p,glucose_01_c0_wH07,H07,1,0.0,0.17010232246863058,0.17010232246863058
glucose,roi_masked,TinyColorCNN,4,log1p,glucose_02_c0.01_wA01,A01,2,0.01,0.17564533720542236,0.17564533720542236
glucose,roi_masked,TinyColorCNN,4,log1p,glucose_02_c0.01_wA02,A02,2,0.01,0.189194181900506,0.189194181900506
glucose,roi_masked,TinyColorCNN,4,log1p,glucose_02_c0.01_wA03,A03,2,0.01,0.08577252917753359,0.08577252917753359
glucose,roi_masked,TinyColorCNN,4,log1p,glucose_02_c0.01_wB03,B03,2,0.01,0.13253340036767822,0.13253340036767822
glucose,roi_masked,TinyColorCNN,4,log1p,glucose_02_c0.01_wB06,B06,2,0.01,-0.05280466776259348,0.0
glucose,roi_masked,TinyColorCNN,4,log1p,glucose_02_c0.01_wB07,B07,2,0.01,0.15566781118448014,0.15566781118448014
glucose,roi_masked,TinyColorCNN,4,log1p,glucose_02_c0.01_wC06,C06,2,0.01,0.04667641803349741,0.04667641803349741
glucose,roi_masked,TinyColorCNN,4,log1p,glucose_02_c0.01_wC07,C07,2,0.01,-0.013565295348722056,0.0
glucose,roi_masked,TinyColorCNN,4,log1p,glucose_02_c0.01_wD11,D11,2,0.01,0.031995580365186925,0.031995580365186925
glucose,roi_masked,TinyColorCNN,4,log1p,glucose_02_c0.01_wD12,D12,2,0.01,0.16160802993174925,0.16160802993174925
glucose,roi_masked,TinyColorCNN,4,log1p,glucose_02_c0.01_wE04,E04,2,0.01,0.10284032818171511,0.10284032818171511
glucose,roi_masked,TinyColorCNN,4,log1p,glucose_02_c0.01_wE12,E12,2,0.01,0.12731492127807673,0.12731492127807673
glucose,roi_masked,TinyColorCNN,4,log1p,glucose_02_c0.01_wF07,F07,2,0.01,0.1486686320144149,0.1486686320144149
glucose,roi_masked,TinyColorCNN,4,log1p,glucose_02_c0.01_wF08,F08,2,0.01,0.020705187337158138,0.020705187337158138
glucose,roi_masked,TinyColorCNN,4,log1p,glucose_02_c0.01_wF09,F09,2,0.01,-0.0025492891571160608,0.0
glucose,roi_masked,TinyColorCNN,4,log1p,glucose_02_c0.01_wF11,F11,2,0.01,0.2080904615056245,0.2080904615056245
glucose,roi_masked,TinyColorCNN,4,log1p,glucose_02_c0.01_wG01,G01,2,0.01,0.17470979966992956,0.17470979966992956
glucose,roi_masked,TinyColorCNN,4,log1p,glucose_02_c0.01_wG05,G05,2,0.01,0.0903275177519247,0.0903275177519247
glucose,roi_masked,TinyColorCNN,4,log1p,glucose_02_c0.01_wH07,H07,2,0.01,0.07727800763849181,0.07727800763849181
glucose,roi_masked,TinyColorCNN,4,log1p,glucose_03_c0.05_wA01,A01,3,0.05,0.15615785690312015,0.15615785690312015
glucose,roi_masked,TinyColorCNN,4,log1p,glucose_03_c0.05_wA02,A02,3,0.05,0.11126465869818493,0.11126465869818493
glucose,roi_masked,TinyColorCNN,4,log1p,glucose_03_c0.05_wA03,A03,3,0.05,0.09211099619614987,0.09211099619614987
glucose,roi_masked,TinyColorCNN,4,log1p,glucose_03_c0.05_wB03,B03,3,0.05,0.16154013859043873,0.16154013859043873
glucose,roi_masked,TinyColorCNN,4,log1p,glucose_03_c0.05_wB06,B06,3,0.05,0.1522460824303675,0.1522460824303675
glucose,roi_masked,TinyColorCNN,4,log1p,glucose_03_c0.05_wB07,B07,3,0.05,0.0579193432194519,0.0579193432194519
glucose,roi_masked,TinyColorCNN,4,log1p,glucose_03_c0.05_wC06,C06,3,0.05,0.16848052304289465,0.16848052304289465
glucose,roi_masked,TinyColorCNN,4,log1p,glucose_03_c0.05_wC07,C07,3,0.05,0.12424205663135844,0.12424205663135844
glucose,roi_masked,TinyColorCNN,4,log1p,glucose_03_c0.05_wD11,D11,3,0.05,0.07824977307523655,0.07824977307523655
glucose,roi_masked,TinyColorCNN,4,log1p,glucose_03_c0.05_wD12,D12,3,0.05,0.008251645056955269,0.008251645056955269
glucose,roi_masked,TinyColorCNN,4,log1p,glucose_03_c0.05_wE04,E04,3,0.05,0.07105097071874072,0.07105097071874072
glucose,roi_masked,TinyColorCNN,4,log1p,glucose_03_c0.05_wE12,E12,3,0.05,0.05390224517824552,0.05390224517824552
glucose,roi_masked,TinyColorCNN,4,log1p,glucose_03_c0.05_wF07,F07,3,0.05,0.04907329425439149,0.04907329425439149
glucose,roi_masked,TinyColorCNN,4,log1p,glucose_03_c0.05_wF08,F08,3,0.05,0.09494748379837033,0.09494748379837033
glucose,roi_masked,TinyColorCNN,4,log1p,glucose_03_c0.05_wF09,F09,3,0.05,0.3946456401550386,0.3946456401550386
glucose,roi_masked,TinyColorCNN,4,log1p,glucose_03_c0.05_wF11,F11,3,0.05,0.11246212748818366,0.11246212748818366
glucose,roi_masked,TinyColorCNN,4,log1p,glucose_03_c0.05_wG01,G01,3,0.05,0.0932245134238331,0.0932245134238331
glucose,roi_masked,TinyColorCNN,4,log1p,glucose_03_c0.05_wG05,G05,3,0.05,0.055651048093853496,0.055651048093853496
glucose,roi_masked,TinyColorCNN,4,log1p,glucose_03_c0.05_wH07,H07,3,0.05,0.09404536343645621,0.09404536343645621
glucose,roi_masked,TinyColorCNN,4,log1p,glucose_04_c0.1_wA01,A01,4,0.1,0.21383450588419614,0.21383450588419614
glucose,roi_masked,TinyColorCNN,4,log1p,glucose_04_c0.1_wA02,A02,4,0.1,0.24944161059733228,0.24944161059733228
glucose,roi_masked,TinyColorCNN,4,log1p,glucose_04_c0.1_wA03,A03,4,0.1,0.22319277757704872,0.22319277757704872
glucose,roi_masked,TinyColorCNN,4,log1p,glucose_04_c0.1_wB03,B03,4,0.1,0.17925218548035443,0.17925218548035443
glucose,roi_masked,TinyColorCNN,4,log1p,glucose_04_c0.1_wB06,B06,4,0.1,0.3240240095711618,0.3240240095711618
glucose,roi_masked,TinyColorCNN,4,log1p,glucose_04_c0.1_wB07,B07,4,0.1,0.20886782766350084,0.20886782766350084
glucose,roi_masked,TinyColorCNN,4,log1p,glucose_04_c0.1_wC06,C06,4,0.1,0.13058857439796273,0.13058857439796273
glucose,roi_masked,TinyColorCNN,4,log1p,glucose_04_c0.1_wC07,C07,4,0.1,0.17081631951566975,0.17081631951566975
glucose,roi_masked,TinyColorCNN,4,log1p,glucose_04_c0.1_wD11,D11,4,0.1,0.13330126781427265,0.13330126781427265
glucose,roi_masked,TinyColorCNN,4,log1p,glucose_04_c0.1_wD12,D12,4,0.1,0.04382727796047204,0.04382727796047204
glucose,roi_masked,TinyColorCNN,4,log1p,glucose_04_c0.1_wE04,E04,4,0.1,0.13508336860948864,0.13508336860948864
glucose,roi_masked,TinyColorCNN,4,log1p,glucose_04_c0.1_wE12,E12,4,0.1,0.07927428214805257,0.07927428214805257
glucose,roi_masked,TinyColorCNN,4,log1p,glucose_04_c0.1_wF07,F07,4,0.1,0.16887320698088723,0.16887320698088723
glucose,roi_masked,TinyColorCNN,4,log1p,glucose_04_c0.1_wF08,F08,4,0.1,0.19106002219707416,0.19106002219707416
glucose,roi_masked,TinyColorCNN,4,log1p,glucose_04_c0.1_wF09,F09,4,0.1,0.10277816297468567,0.10277816297468567
glucose,roi_masked,TinyColorCNN,4,log1p,glucose_04_c0.1_wF11,F11,4,0.1,0.10283219698040832,0.10283219698040832
glucose,roi_masked,TinyColorCNN,4,log1p,glucose_04_c0.1_wG01,G01,4,0.1,0.2700393548806483,0.2700393548806483
glucose,roi_masked,TinyColorCNN,4,log1p,glucose_04_c0.1_wG05,G05,4,0.1,0.1656612781527325,0.1656612781527325
glucose,roi_masked,TinyColorCNN,4,log1p,glucose_04_c0.1_wH07,H07,4,0.1,0.13536361115928164,0.13536361115928164
glucose,roi_masked,TinyColorCNN,4,log1p,glucose_05_c0.5_wA01,A01,5,0.5,0.48314428046210445,0.48314428046210445
glucose,roi_masked,TinyColorCNN,4,log1p,glucose_05_c0.5_wA02,A02,5,0.5,0.333853393462337,0.333853393462337
glucose,roi_masked,TinyColorCNN,4,log1p,glucose_05_c0.5_wA03,A03,5,0.5,0.5025520185203585,0.5025520185203585
glucose,roi_masked,TinyColorCNN,4,log1p,glucose_05_c0.5_wB03,B03,5,0.5,0.4730133711682774,0.4730133711682774
glucose,roi_masked,TinyColorCNN,4,log1p,glucose_05_c0.5_wB06,B06,5,0.5,0.3915841970482683,0.3915841970482683
glucose,roi_masked,TinyColorCNN,4,log1p,glucose_05_c0.5_wB07,B07,5,0.5,0.3702131311614875,0.3702131311614875
glucose,roi_masked,TinyColorCNN,4,log1p,glucose_05_c0.5_wC06,C06,5,0.5,0.4177740849027208,0.4177740849027208
glucose,roi_masked,TinyColorCNN,4,log1p,glucose_05_c0.5_wC07,C07,5,0.5,0.5997090260600473,0.5997090260600473
glucose,roi_masked,TinyColorCNN,4,log1p,glucose_05_c0.5_wD11,D11,5,0.5,0.4830205189455817,0.4830205189455817
glucose,roi_masked,TinyColorCNN,4,log1p,glucose_05_c0.5_wD12,D12,5,0.5,0.37371869887622705,0.37371869887622705
glucose,roi_masked,TinyColorCNN,4,log1p,glucose_05_c0.5_wE04,E04,5,0.5,0.4824986472492319,0.4824986472492319
glucose,roi_masked,TinyColorCNN,4,log1p,glucose_05_c0.5_wE12,E12,5,0.5,0.22079143792620756,0.22079143792620756
glucose,roi_masked,TinyColorCNN,4,log1p,glucose_05_c0.5_wF07,F07,5,0.5,0.33182117095016445,0.33182117095016445
glucose,roi_masked,TinyColorCNN,4,log1p,glucose_05_c0.5_wF08,F08,5,0.5,0.3762486176280829,0.3762486176280829
glucose,roi_masked,TinyColorCNN,4,log1p,glucose_05_c0.5_wF09,F09,5,0.5,0.4571434109989529,0.4571434109989529
glucose,roi_masked,TinyColorCNN,4,log1p,glucose_05_c0.5_wF11,F11,5,0.5,0.35624563669385884,0.35624563669385884
glucose,roi_masked,TinyColorCNN,4,log1p,glucose_05_c0.5_wG01,G01,5,0.5,0.3794910062346839,0.3794910062346839
glucose,roi_masked,TinyColorCNN,4,log1p,glucose_05_c0.5_wG05,G05,5,0.5,0.17492248889022738,0.17492248889022738
glucose,roi_masked,TinyColorCNN,4,log1p,glucose_05_c0.5_wH07,H07,5,0.5,0.2398506880301367,0.2398506880301367
glucose,roi_masked,TinyColorCNN,4,log1p,glucose_06_c1_wA01,A01,6,1.0,0.5367342272077704,0.5367342272077704
glucose,roi_masked,TinyColorCNN,4,log1p,glucose_06_c1_wA02,A02,6,1.0,0.573515393833913,0.573515393833913
glucose,roi_masked,TinyColorCNN,4,log1p,glucose_06_c1_wA03,A03,6,1.0,0.5439378850515182,0.5439378850515182
glucose,roi_masked,TinyColorCNN,4,log1p,glucose_06_c1_wB03,B03,6,1.0,0.5553040747121125,0.5553040747121125
glucose,roi_masked,TinyColorCNN,4,log1p,glucose_06_c1_wB06,B06,6,1.0,0.3593624474250566,0.3593624474250566
glucose,roi_masked,TinyColorCNN,4,log1p,glucose_06_c1_wB07,B07,6,1.0,0.5017475463990528,0.5017475463990528
glucose,roi_masked,TinyColorCNN,4,log1p,glucose_06_c1_wC06,C06,6,1.0,0.5230421176625291,0.5230421176625291
glucose,roi_masked,TinyColorCNN,4,log1p,glucose_06_c1_wC07,C07,6,1.0,0.5546297386045758,0.5546297386045758
glucose,roi_masked,TinyColorCNN,4,log1p,glucose_06_c1_wD11,D11,6,1.0,0.4734831139006595,0.4734831139006595
glucose,roi_masked,TinyColorCNN,4,log1p,glucose_06_c1_wD12,D12,6,1.0,0.4100275266280828,0.4100275266280828
glucose,roi_masked,TinyColorCNN,4,log1p,glucose_06_c1_wE04,E04,6,1.0,0.8437212325536021,0.8437212325536021
glucose,roi_masked,TinyColorCNN,4,log1p,glucose_06_c1_wE12,E12,6,1.0,0.5421824190985556,0.5421824190985556
glucose,roi_masked,TinyColorCNN,4,log1p,glucose_06_c1_wF07,F07,6,1.0,0.7360612837065104,0.7360612837065104
glucose,roi_masked,TinyColorCNN,4,log1p,glucose_06_c1_wF08,F08,6,1.0,0.6280237523462122,0.6280237523462122
glucose,roi_masked,TinyColorCNN,4,log1p,glucose_06_c1_wF09,F09,6,1.0,0.7082354574965184,0.7082354574965184
glucose,roi_masked,TinyColorCNN,4,log1p,glucose_06_c1_wF11,F11,6,1.0,0.3631097559560316,0.3631097559560316
glucose,roi_masked,TinyColorCNN,4,log1p,glucose_06_c1_wG01,G01,6,1.0,1.0288585546106308,1.0288585546106308
glucose,roi_masked,TinyColorCNN,4,log1p,glucose_06_c1_wG05,G05,6,1.0,0.5505344627675373,0.5505344627675373
glucose,roi_masked,TinyColorCNN,4,log1p,glucose_06_c1_wH07,H07,6,1.0,0.5590478324610999,0.5590478324610999
glucose,roi_masked,TinyColorCNN,4,log1p,glucose_07_c2.5_wA01,A01,7,2.5,2.5801721771029897,2.5801721771029897
glucose,roi_masked,TinyColorCNN,4,log1p,glucose_07_c2.5_wA02,A02,7,2.5,2.40372233878773,2.40372233878773
glucose,roi_masked,TinyColorCNN,4,log1p,glucose_07_c2.5_wA03,A03,7,2.5,1.8410479527010866,1.8410479527010866
glucose,roi_masked,TinyColorCNN,4,log1p,glucose_07_c2.5_wB03,B03,7,2.5,2.6145478318645905,2.6145478318645905
glucose,roi_masked,TinyColorCNN,4,log1p,glucose_07_c2.5_wB06,B06,7,2.5,2.7179665811147347,2.7179665811147347
glucose,roi_masked,TinyColorCNN,4,log1p,glucose_07_c2.5_wB07,B07,7,2.5,2.3684652479386723,2.3684652479386723
glucose,roi_masked,TinyColorCNN,4,log1p,glucose_07_c2.5_wC06,C06,7,2.5,2.8175096291744186,2.8175096291744186
glucose,roi_masked,TinyColorCNN,4,log1p,glucose_07_c2.5_wC07,C07,7,2.5,2.762691216295932,2.762691216295932
glucose,roi_masked,TinyColorCNN,4,log1p,glucose_07_c2.5_wD11,D11,7,2.5,2.521570567844518,2.521570567844518
glucose,roi_masked,TinyColorCNN,4,log1p,glucose_07_c2.5_wD12,D12,7,2.5,2.7800250576783676,2.7800250576783676
glucose,roi_masked,TinyColorCNN,4,log1p,glucose_07_c2.5_wE04,E04,7,2.5,2.826808372811787,2.826808372811787
glucose,roi_masked,TinyColorCNN,4,log1p,glucose_07_c2.5_wE12,E12,7,2.5,2.4769327459132082,2.4769327459132082
glucose,roi_masked,TinyColorCNN,4,log1p,glucose_07_c2.5_wF07,F07,7,2.5,3.00374857812424,3.00374857812424
glucose,roi_masked,TinyColorCNN,4,log1p,glucose_07_c2.5_wF08,F08,7,2.5,2.528407868273894,2.528407868273894
glucose,roi_masked,TinyColorCNN,4,log1p,glucose_07_c2.5_wF09,F09,7,2.5,2.640332352356807,2.640332352356807
glucose,roi_masked,TinyColorCNN,4,log1p,glucose_07_c2.5_wF11,F11,7,2.5,2.5541803301991575,2.5541803301991575
glucose,roi_masked,TinyColorCNN,4,log1p,glucose_07_c2.5_wG01,G01,7,2.5,2.449575241276535,2.449575241276535
glucose,roi_masked,TinyColorCNN,4,log1p,glucose_07_c2.5_wG05,G05,7,2.5,2.8197835167685454,2.8197835167685454
glucose,roi_masked,TinyColorCNN,4,log1p,glucose_07_c2.5_wH07,H07,7,2.5,2.239585152634319,2.239585152634319
glucose,roi_masked,TinyColorCNN,4,log1p,glucose_08_c5_wA01,A01,8,5.0,3.7977172163693087,3.7977172163693087
glucose,roi_masked,TinyColorCNN,4,log1p,glucose_08_c5_wA02,A02,8,5.0,2.998200794847055,2.998200794847055
glucose,roi_masked,TinyColorCNN,4,log1p,glucose_08_c5_wA03,A03,8,5.0,3.7707748531168637,3.7707748531168637
glucose,roi_masked,TinyColorCNN,4,log1p,glucose_08_c5_wB03,B03,8,5.0,6.251541714038907,6.251541714038907
glucose,roi_masked,TinyColorCNN,4,log1p,glucose_08_c5_wB06,B06,8,5.0,5.40389552993081,5.40389552993081
glucose,roi_masked,TinyColorCNN,4,log1p,glucose_08_c5_wB07,B07,8,5.0,5.563718837202661,5.563718837202661
glucose,roi_masked,TinyColorCNN,4,log1p,glucose_08_c5_wC06,C06,8,5.0,4.666034571021859,4.666034571021859
glucose,roi_masked,TinyColorCNN,4,log1p,glucose_08_c5_wC07,C07,8,5.0,5.901311292729777,5.901311292729777
glucose,roi_masked,TinyColorCNN,4,log1p,glucose_08_c5_wD11,D11,8,5.0,6.218154239185639,6.218154239185639
glucose,roi_masked,TinyColorCNN,4,log1p,glucose_08_c5_wD12,D12,8,5.0,4.285867430590797,4.285867430590797
glucose,roi_masked,TinyColorCNN,4,log1p,glucose_08_c5_wE04,E04,8,5.0,5.020106413141664,5.020106413141664
glucose,roi_masked,TinyColorCNN,4,log1p,glucose_08_c5_wE12,E12,8,5.0,4.38922737329378,4.38922737329378
glucose,roi_masked,TinyColorCNN,4,log1p,glucose_08_c5_wF07,F07,8,5.0,4.809951845174362,4.809951845174362
glucose,roi_masked,TinyColorCNN,4,log1p,glucose_08_c5_wF08,F08,8,5.0,4.994633959111947,4.994633959111947
glucose,roi_masked,TinyColorCNN,4,log1p,glucose_08_c5_wF09,F09,8,5.0,4.92082755065348,4.92082755065348
glucose,roi_masked,TinyColorCNN,4,log1p,glucose_08_c5_wF11,F11,8,5.0,5.0395899184591535,5.0395899184591535
glucose,roi_masked,TinyColorCNN,4,log1p,glucose_08_c5_wG01,G01,8,5.0,4.524382396761726,4.524382396761726
glucose,roi_masked,TinyColorCNN,4,log1p,glucose_08_c5_wG05,G05,8,5.0,5.007325881950981,5.007325881950981
glucose,roi_masked,TinyColorCNN,4,log1p,glucose_08_c5_wH07,H07,8,5.0,4.747536071208889,4.747536071208889
glucose,roi_masked,TinyColorCNN,4,log1p,glucose_09_c10_wA01,A01,9,10.0,9.409030535749777,9.409030535749777
glucose,roi_masked,TinyColorCNN,4,log1p,glucose_09_c10_wA02,A02,9,10.0,9.325963526977578,9.325963526977578
glucose,roi_masked,TinyColorCNN,4,log1p,glucose_09_c10_wA03,A03,9,10.0,9.721974667856557,9.721974667856557
glucose,roi_masked,TinyColorCNN,4,log1p,glucose_09_c10_wB03,B03,9,10.0,9.803439859099587,9.803439859099587
glucose,roi_masked,TinyColorCNN,4,log1p,glucose_09_c10_wB06,B06,9,10.0,9.514156634335553,9.514156634335553
glucose,roi_masked,TinyColorCNN,4,log1p,glucose_09_c10_wB07,B07,9,10.0,11.842262765021758,11.842262765021758
glucose,roi_masked,TinyColorCNN,4,log1p,glucose_09_c10_wC06,C06,9,10.0,10.966493551874505,10.966493551874505
glucose,roi_masked,TinyColorCNN,4,log1p,glucose_09_c10_wC07,C07,9,10.0,9.924709633727185,9.924709633727185
glucose,roi_masked,TinyColorCNN,4,log1p,glucose_09_c10_wD11,D11,9,10.0,10.24920280727302,10.24920280727302
glucose,roi_masked,TinyColorCNN,4,log1p,glucose_09_c10_wD12,D12,9,10.0,9.508185002557187,9.508185002557187
glucose,roi_masked,TinyColorCNN,4,log1p,glucose_09_c10_wE04,E04,9,10.0,11.659687859852031,11.659687859852031
glucose,roi_masked,TinyColorCNN,4,log1p,glucose_09_c10_wE12,E12,9,10.0,10.52884634174786,10.52884634174786
glucose,roi_masked,TinyColorCNN,4,log1p,glucose_09_c10_wF07,F07,9,10.0,11.971827677375149,11.971827677375149
glucose,roi_masked,TinyColorCNN,4,log1p,glucose_09_c10_wF08,F08,9,10.0,10.81260983037502,10.81260983037502
glucose,roi_masked,TinyColorCNN,4,log1p,glucose_09_c10_wF09,F09,9,10.0,14.45971342659167,14.45971342659167
glucose,roi_masked,TinyColorCNN,4,log1p,glucose_09_c10_wF11,F11,9,10.0,11.493796144256882,11.493796144256882
glucose,roi_masked,TinyColorCNN,4,log1p,glucose_09_c10_wG01,G01,9,10.0,8.893815906755673,8.893815906755673
glucose,roi_masked,TinyColorCNN,4,log1p,glucose_09_c10_wG05,G05,9,10.0,13.125851811855682,13.125851811855682
glucose,roi_masked,TinyColorCNN,4,log1p,glucose_09_c10_wH07,H07,9,10.0,11.752693851065047,11.752693851065047
glucose,roi_masked,TinyColorCNN,4,log1p,glucose_10_c15_wA01,A01,10,15.0,15.707810474743575,15.707810474743575
glucose,roi_masked,TinyColorCNN,4,log1p,glucose_10_c15_wA02,A02,10,15.0,15.131119650993146,15.131119650993146
glucose,roi_masked,TinyColorCNN,4,log1p,glucose_10_c15_wA03,A03,10,15.0,13.720118490036414,13.720118490036414
glucose,roi_masked,TinyColorCNN,4,log1p,glucose_10_c15_wB03,B03,10,15.0,16.358575084265745,16.358575084265745
glucose,roi_masked,TinyColorCNN,4,log1p,glucose_10_c15_wB06,B06,10,15.0,15.929710033770803,15.929710033770803
glucose,roi_masked,TinyColorCNN,4,log1p,glucose_10_c15_wB07,B07,10,15.0,17.549366377383407,17.549366377383407
glucose,roi_masked,TinyColorCNN,4,log1p,glucose_10_c15_wC06,C06,10,15.0,14.168360397206659,14.168360397206659
glucose,roi_masked,TinyColorCNN,4,log1p,glucose_10_c15_wC07,C07,10,15.0,15.426504723737008,15.426504723737008
glucose,roi_masked,TinyColorCNN,4,log1p,glucose_10_c15_wD11,D11,10,15.0,15.81581638040041,15.81581638040041
glucose,roi_masked,TinyColorCNN,4,log1p,glucose_10_c15_wD12,D12,10,15.0,13.27408892981628,13.27408892981628
glucose,roi_masked,TinyColorCNN,4,log1p,glucose_10_c15_wE04,E04,10,15.0,12.71513369497004,12.71513369497004
glucose,roi_masked,TinyColorCNN,4,log1p,glucose_10_c15_wE12,E12,10,15.0,15.435564231288275,15.435564231288275
glucose,roi_masked,TinyColorCNN,4,log1p,glucose_10_c15_wF07,F07,10,15.0,16.26003311668919,16.26003311668919
glucose,roi_masked,TinyColorCNN,4,log1p,glucose_10_c15_wF08,F08,10,15.0,16.07717168178496,16.07717168178496
glucose,roi_masked,TinyColorCNN,4,log1p,glucose_10_c15_wF09,F09,10,15.0,16.669798330333123,16.669798330333123
glucose,roi_masked,TinyColorCNN,4,log1p,glucose_10_c15_wF11,F11,10,15.0,17.541107652577463,17.541107652577463
glucose,roi_masked,TinyColorCNN,4,log1p,glucose_10_c15_wG01,G01,10,15.0,16.64736191803743,16.64736191803743
glucose,roi_masked,TinyColorCNN,4,log1p,glucose_10_c15_wG05,G05,10,15.0,14.62693938191186,14.62693938191186
glucose,roi_masked,TinyColorCNN,4,log1p,glucose_10_c15_wH07,H07,10,15.0,16.04960825214644,16.04960825214644
glucose,roi_masked,TinyColorCNN,4,log1p,glucose_11_c20_wA01,A01,11,20.0,21.561165465970095,20.0
glucose,roi_masked,TinyColorCNN,4,log1p,glucose_11_c20_wA02,A02,11,20.0,22.135772828106724,20.0
glucose,roi_masked,TinyColorCNN,4,log1p,glucose_11_c20_wA03,A03,11,20.0,19.860738890761525,19.860738890761525
glucose,roi_masked,TinyColorCNN,4,log1p,glucose_11_c20_wB03,B03,11,20.0,20.338462387074784,20.0
glucose,roi_masked,TinyColorCNN,4,log1p,glucose_11_c20_wB06,B06,11,20.0,19.22346561632825,19.22346561632825
glucose,roi_masked,TinyColorCNN,4,log1p,glucose_11_c20_wB07,B07,11,20.0,18.84003707280655,18.84003707280655
glucose,roi_masked,TinyColorCNN,4,log1p,glucose_11_c20_wC06,C06,11,20.0,18.61482974986339,18.61482974986339
glucose,roi_masked,TinyColorCNN,4,log1p,glucose_11_c20_wC07,C07,11,20.0,18.033191815990232,18.033191815990232
glucose,roi_masked,TinyColorCNN,4,log1p,glucose_11_c20_wD11,D11,11,20.0,20.212265003483182,20.0
glucose,roi_masked,TinyColorCNN,4,log1p,glucose_11_c20_wD12,D12,11,20.0,23.10827387133243,20.0
glucose,roi_masked,TinyColorCNN,4,log1p,glucose_11_c20_wE04,E04,11,20.0,18.026594825534435,18.026594825534435
glucose,roi_masked,TinyColorCNN,4,log1p,glucose_11_c20_wE12,E12,11,20.0,22.639507225930135,20.0
glucose,roi_masked,TinyColorCNN,4,log1p,glucose_11_c20_wF07,F07,11,20.0,19.062439712263632,19.062439712263632
glucose,roi_masked,TinyColorCNN,4,log1p,glucose_11_c20_wF08,F08,11,20.0,20.336723265317467,20.0
glucose,roi_masked,TinyColorCNN,4,log1p,glucose_11_c20_wF09,F09,11,20.0,20.194991502077308,20.0
glucose,roi_masked,TinyColorCNN,4,log1p,glucose_11_c20_wF11,F11,11,20.0,21.382876218970864,20.0
glucose,roi_masked,TinyColorCNN,4,log1p,glucose_11_c20_wG01,G01,11,20.0,17.392744931494306,17.392744931494306
glucose,roi_masked,TinyColorCNN,4,log1p,glucose_11_c20_wG05,G05,11,20.0,20.47271497145818,20.0
glucose,roi_masked,TinyColorCNN,4,log1p,glucose_11_c20_wH07,H07,11,20.0,14.984145735349562,14.984145735349562
glucose,full_patch,TinyColorCNN,4,raw,glucose_01_c0_wA01,A01,1,0.0,0.14343021240117348,0.14343021240117348
glucose,full_patch,TinyColorCNN,4,raw,glucose_01_c0_wA02,A02,1,0.0,0.20267878858633548,0.20267878858633548
glucose,full_patch,TinyColorCNN,4,raw,glucose_01_c0_wA03,A03,1,0.0,0.2566605061382612,0.2566605061382612
glucose,full_patch,TinyColorCNN,4,raw,glucose_01_c0_wB03,B03,1,0.0,0.4347422816159163,0.4347422816159163
glucose,full_patch,TinyColorCNN,4,raw,glucose_01_c0_wB06,B06,1,0.0,0.2292985623724153,0.2292985623724153
glucose,full_patch,TinyColorCNN,4,raw,glucose_01_c0_wB07,B07,1,0.0,0.02679644817747384,0.02679644817747384
glucose,full_patch,TinyColorCNN,4,raw,glucose_01_c0_wC06,C06,1,0.0,0.011911639956661446,0.011911639956661446
glucose,full_patch,TinyColorCNN,4,raw,glucose_01_c0_wC07,C07,1,0.0,0.31408750096214,0.31408750096214
glucose,full_patch,TinyColorCNN,4,raw,glucose_01_c0_wD11,D11,1,0.0,0.7190662471209581,0.7190662471209581
glucose,full_patch,TinyColorCNN,4,raw,glucose_01_c0_wD12,D12,1,0.0,0.3388335344452251,0.3388335344452251
glucose,full_patch,TinyColorCNN,4,raw,glucose_01_c0_wE04,E04,1,0.0,0.3924851774728877,0.3924851774728877
glucose,full_patch,TinyColorCNN,4,raw,glucose_01_c0_wE12,E12,1,0.0,-0.03628401850408025,0.0
glucose,full_patch,TinyColorCNN,4,raw,glucose_01_c0_wF07,F07,1,0.0,0.23874211794113975,0.23874211794113975
glucose,full_patch,TinyColorCNN,4,raw,glucose_01_c0_wF08,F08,1,0.0,0.5880186977912878,0.5880186977912878
glucose,full_patch,TinyColorCNN,4,raw,glucose_01_c0_wF09,F09,1,0.0,0.49557633036515014,0.49557633036515014
glucose,full_patch,TinyColorCNN,4,raw,glucose_01_c0_wF11,F11,1,0.0,0.6305501340781241,0.6305501340781241
glucose,full_patch,TinyColorCNN,4,raw,glucose_01_c0_wG01,G01,1,0.0,0.5726787928500503,0.5726787928500503
glucose,full_patch,TinyColorCNN,4,raw,glucose_01_c0_wG05,G05,1,0.0,0.24213961602984568,0.24213961602984568
glucose,full_patch,TinyColorCNN,4,raw,glucose_01_c0_wH07,H07,1,0.0,0.47306357553899137,0.47306357553899137
glucose,full_patch,TinyColorCNN,4,raw,glucose_02_c0.01_wA01,A01,2,0.01,-0.13846020003716664,0.0
glucose,full_patch,TinyColorCNN,4,raw,glucose_02_c0.01_wA02,A02,2,0.01,0.13634336504609568,0.13634336504609568
glucose,full_patch,TinyColorCNN,4,raw,glucose_02_c0.01_wA03,A03,2,0.01,-0.2625773788368919,0.0
glucose,full_patch,TinyColorCNN,4,raw,glucose_02_c0.01_wB03,B03,2,0.01,-0.20445161345802898,0.0
glucose,full_patch,TinyColorCNN,4,raw,glucose_02_c0.01_wB06,B06,2,0.01,-0.958894472761239,0.0
glucose,full_patch,TinyColorCNN,4,raw,glucose_02_c0.01_wB07,B07,2,0.01,-0.2831399466668616,0.0
glucose,full_patch,TinyColorCNN,4,raw,glucose_02_c0.01_wC06,C06,2,0.01,0.15438558095979804,0.15438558095979804
glucose,full_patch,TinyColorCNN,4,raw,glucose_02_c0.01_wC07,C07,2,0.01,-0.016330635260506376,0.0
glucose,full_patch,TinyColorCNN,4,raw,glucose_02_c0.01_wD11,D11,2,0.01,-0.4178445943142126,0.0
glucose,full_patch,TinyColorCNN,4,raw,glucose_02_c0.01_wD12,D12,2,0.01,0.0854246913001484,0.0854246913001484
glucose,full_patch,TinyColorCNN,4,raw,glucose_02_c0.01_wE04,E04,2,0.01,0.015594618665267568,0.015594618665267568
glucose,full_patch,TinyColorCNN,4,raw,glucose_02_c0.01_wE12,E12,2,0.01,-0.02282820602220692,0.0
glucose,full_patch,TinyColorCNN,4,raw,glucose_02_c0.01_wF07,F07,2,0.01,0.13094949341739515,0.13094949341739515
glucose,full_patch,TinyColorCNN,4,raw,glucose_02_c0.01_wF08,F08,2,0.01,-0.13728124869055236,0.0
glucose,full_patch,TinyColorCNN,4,raw,glucose_02_c0.01_wF09,F09,2,0.01,-0.48404185638289654,0.0
glucose,full_patch,TinyColorCNN,4,raw,glucose_02_c0.01_wF11,F11,2,0.01,0.03422053693430094,0.03422053693430094
glucose,full_patch,TinyColorCNN,4,raw,glucose_02_c0.01_wG01,G01,2,0.01,-0.08700639943885502,0.0
glucose,full_patch,TinyColorCNN,4,raw,glucose_02_c0.01_wG05,G05,2,0.01,0.06633650943320202,0.06633650943320202
glucose,full_patch,TinyColorCNN,4,raw,glucose_02_c0.01_wH07,H07,2,0.01,0.06150165424848808,0.06150165424848808
glucose,full_patch,TinyColorCNN,4,raw,glucose_03_c0.05_wA01,A01,3,0.05,0.0829907400735852,0.0829907400735852
glucose,full_patch,TinyColorCNN,4,raw,glucose_03_c0.05_wA02,A02,3,0.05,-0.011379119236698543,0.0
glucose,full_patch,TinyColorCNN,4,raw,glucose_03_c0.05_wA03,A03,3,0.05,0.013841918959831112,0.013841918959831112
glucose,full_patch,TinyColorCNN,4,raw,glucose_03_c0.05_wB03,B03,3,0.05,0.200994572376886,0.200994572376886
glucose,full_patch,TinyColorCNN,4,raw,glucose_03_c0.05_wB06,B06,3,0.05,-0.12308963678667872,0.0
glucose,full_patch,TinyColorCNN,4,raw,glucose_03_c0.05_wB07,B07,3,0.05,0.010966408448096487,0.010966408448096487
glucose,full_patch,TinyColorCNN,4,raw,glucose_03_c0.05_wC06,C06,3,0.05,0.017344133091819813,0.017344133091819813
glucose,full_patch,TinyColorCNN,4,raw,glucose_03_c0.05_wC07,C07,3,0.05,-0.13946953528325423,0.0
glucose,full_patch,TinyColorCNN,4,raw,glucose_03_c0.05_wD11,D11,3,0.05,-0.046115779936684476,0.0
glucose,full_patch,TinyColorCNN,4,raw,glucose_03_c0.05_wD12,D12,3,0.05,-0.2336267772280909,0.0
glucose,full_patch,TinyColorCNN,4,raw,glucose_03_c0.05_wE04,E04,3,0.05,0.02669730637223644,0.02669730637223644
glucose,full_patch,TinyColorCNN,4,raw,glucose_03_c0.05_wE12,E12,3,0.05,0.05115109051779587,0.05115109051779587
glucose,full_patch,TinyColorCNN,4,raw,glucose_03_c0.05_wF07,F07,3,0.05,-0.22023307768443878,0.0
glucose,full_patch,TinyColorCNN,4,raw,glucose_03_c0.05_wF08,F08,3,0.05,0.11010821368515256,0.11010821368515256
glucose,full_patch,TinyColorCNN,4,raw,glucose_03_c0.05_wF09,F09,3,0.05,0.2536958078177989,0.2536958078177989
glucose,full_patch,TinyColorCNN,4,raw,glucose_03_c0.05_wF11,F11,3,0.05,0.05787202896117538,0.05787202896117538
glucose,full_patch,TinyColorCNN,4,raw,glucose_03_c0.05_wG01,G01,3,0.05,-0.11189537231182012,0.0
glucose,full_patch,TinyColorCNN,4,raw,glucose_03_c0.05_wG05,G05,3,0.05,-0.017777548193162573,0.0
glucose,full_patch,TinyColorCNN,4,raw,glucose_03_c0.05_wH07,H07,3,0.05,-0.17772274387020293,0.0
glucose,full_patch,TinyColorCNN,4,raw,glucose_04_c0.1_wA01,A01,4,0.1,0.06900139337879008,0.06900139337879008
glucose,full_patch,TinyColorCNN,4,raw,glucose_04_c0.1_wA02,A02,4,0.1,0.2770303645958023,0.2770303645958023
glucose,full_patch,TinyColorCNN,4,raw,glucose_04_c0.1_wA03,A03,4,0.1,-0.01765889655476638,0.0
glucose,full_patch,TinyColorCNN,4,raw,glucose_04_c0.1_wB03,B03,4,0.1,0.04425934149430866,0.04425934149430866
glucose,full_patch,TinyColorCNN,4,raw,glucose_04_c0.1_wB06,B06,4,0.1,0.2241491608979942,0.2241491608979942
glucose,full_patch,TinyColorCNN,4,raw,glucose_04_c0.1_wB07,B07,4,0.1,0.1921968321017138,0.1921968321017138
glucose,full_patch,TinyColorCNN,4,raw,glucose_04_c0.1_wC06,C06,4,0.1,-0.41190484551691764,0.0
glucose,full_patch,TinyColorCNN,4,raw,glucose_04_c0.1_wC07,C07,4,0.1,0.10205503234890845,0.10205503234890845
glucose,full_patch,TinyColorCNN,4,raw,glucose_04_c0.1_wD11,D11,4,0.1,0.052873928233702294,0.052873928233702294
glucose,full_patch,TinyColorCNN,4,raw,glucose_04_c0.1_wD12,D12,4,0.1,-0.17645778999374429,0.0
glucose,full_patch,TinyColorCNN,4,raw,glucose_04_c0.1_wE04,E04,4,0.1,0.09998420291502175,0.09998420291502175
glucose,full_patch,TinyColorCNN,4,raw,glucose_04_c0.1_wE12,E12,4,0.1,0.07753157022778101,0.07753157022778101
glucose,full_patch,TinyColorCNN,4,raw,glucose_04_c0.1_wF07,F07,4,0.1,0.16918478481062582,0.16918478481062582
glucose,full_patch,TinyColorCNN,4,raw,glucose_04_c0.1_wF08,F08,4,0.1,0.3326079068681702,0.3326079068681702
glucose,full_patch,TinyColorCNN,4,raw,glucose_04_c0.1_wF09,F09,4,0.1,0.18819293654563385,0.18819293654563385
glucose,full_patch,TinyColorCNN,4,raw,glucose_04_c0.1_wF11,F11,4,0.1,0.207009971547655,0.207009971547655
glucose,full_patch,TinyColorCNN,4,raw,glucose_04_c0.1_wG01,G01,4,0.1,0.13690516860910584,0.13690516860910584
glucose,full_patch,TinyColorCNN,4,raw,glucose_04_c0.1_wG05,G05,4,0.1,0.07715252204068968,0.07715252204068968
glucose,full_patch,TinyColorCNN,4,raw,glucose_04_c0.1_wH07,H07,4,0.1,0.6115666682544605,0.6115666682544605
glucose,full_patch,TinyColorCNN,4,raw,glucose_05_c0.5_wA01,A01,5,0.5,0.3849034174113459,0.3849034174113459
glucose,full_patch,TinyColorCNN,4,raw,glucose_05_c0.5_wA02,A02,5,0.5,0.3114289875743177,0.3114289875743177
glucose,full_patch,TinyColorCNN,4,raw,glucose_05_c0.5_wA03,A03,5,0.5,0.5051536676469661,0.5051536676469661
glucose,full_patch,TinyColorCNN,4,raw,glucose_05_c0.5_wB03,B03,5,0.5,0.4290454103334591,0.4290454103334591
glucose,full_patch,TinyColorCNN,4,raw,glucose_05_c0.5_wB06,B06,5,0.5,0.40879579615375583,0.40879579615375583
glucose,full_patch,TinyColorCNN,4,raw,glucose_05_c0.5_wB07,B07,5,0.5,0.3232587151863582,0.3232587151863582
glucose,full_patch,TinyColorCNN,4,raw,glucose_05_c0.5_wC06,C06,5,0.5,0.4927199315267137,0.4927199315267137
glucose,full_patch,TinyColorCNN,4,raw,glucose_05_c0.5_wC07,C07,5,0.5,0.8049799873162842,0.8049799873162842
glucose,full_patch,TinyColorCNN,4,raw,glucose_05_c0.5_wD11,D11,5,0.5,0.6370656220335427,0.6370656220335427
glucose,full_patch,TinyColorCNN,4,raw,glucose_05_c0.5_wD12,D12,5,0.5,0.6215365911586206,0.6215365911586206
glucose,full_patch,TinyColorCNN,4,raw,glucose_05_c0.5_wE04,E04,5,0.5,0.5746277853666584,0.5746277853666584
glucose,full_patch,TinyColorCNN,4,raw,glucose_05_c0.5_wE12,E12,5,0.5,0.40663856603016324,0.40663856603016324
glucose,full_patch,TinyColorCNN,4,raw,glucose_05_c0.5_wF07,F07,5,0.5,0.574986129241009,0.574986129241009
glucose,full_patch,TinyColorCNN,4,raw,glucose_05_c0.5_wF08,F08,5,0.5,0.39949995789323545,0.39949995789323545
glucose,full_patch,TinyColorCNN,4,raw,glucose_05_c0.5_wF09,F09,5,0.5,0.6848408236817125,0.6848408236817125
glucose,full_patch,TinyColorCNN,4,raw,glucose_05_c0.5_wF11,F11,5,0.5,0.8267513684823973,0.8267513684823973
glucose,full_patch,TinyColorCNN,4,raw,glucose_05_c0.5_wG01,G01,5,0.5,0.24298690021275515,0.24298690021275515
glucose,full_patch,TinyColorCNN,4,raw,glucose_05_c0.5_wG05,G05,5,0.5,0.12778093724841355,0.12778093724841355
glucose,full_patch,TinyColorCNN,4,raw,glucose_05_c0.5_wH07,H07,5,0.5,0.5752576742657949,0.5752576742657949
glucose,full_patch,TinyColorCNN,4,raw,glucose_06_c1_wA01,A01,6,1.0,0.38943606926202357,0.38943606926202357
glucose,full_patch,TinyColorCNN,4,raw,glucose_06_c1_wA02,A02,6,1.0,0.5306267410351229,0.5306267410351229
glucose,full_patch,TinyColorCNN,4,raw,glucose_06_c1_wA03,A03,6,1.0,0.47245598359203633,0.47245598359203633
glucose,full_patch,TinyColorCNN,4,raw,glucose_06_c1_wB03,B03,6,1.0,0.4688534331752292,0.4688534331752292
glucose,full_patch,TinyColorCNN,4,raw,glucose_06_c1_wB06,B06,6,1.0,0.49394228229811077,0.49394228229811077
glucose,full_patch,TinyColorCNN,4,raw,glucose_06_c1_wB07,B07,6,1.0,0.09348822479276198,0.09348822479276198
glucose,full_patch,TinyColorCNN,4,raw,glucose_06_c1_wC06,C06,6,1.0,0.617018273062917,0.617018273062917
glucose,full_patch,TinyColorCNN,4,raw,glucose_06_c1_wC07,C07,6,1.0,0.386259151735973,0.386259151735973
glucose,full_patch,TinyColorCNN,4,raw,glucose_06_c1_wD11,D11,6,1.0,0.5268943905038297,0.5268943905038297
glucose,full_patch,TinyColorCNN,4,raw,glucose_06_c1_wD12,D12,6,1.0,0.6905998079023901,0.6905998079023901
glucose,full_patch,TinyColorCNN,4,raw,glucose_06_c1_wE04,E04,6,1.0,0.6911946587338127,0.6911946587338127
glucose,full_patch,TinyColorCNN,4,raw,glucose_06_c1_wE12,E12,6,1.0,0.6481424293495861,0.6481424293495861
glucose,full_patch,TinyColorCNN,4,raw,glucose_06_c1_wF07,F07,6,1.0,0.7948977833314936,0.7948977833314936
glucose,full_patch,TinyColorCNN,4,raw,glucose_06_c1_wF08,F08,6,1.0,0.773235099807267,0.773235099807267
glucose,full_patch,TinyColorCNN,4,raw,glucose_06_c1_wF09,F09,6,1.0,0.6951663033412006,0.6951663033412006
glucose,full_patch,TinyColorCNN,4,raw,glucose_06_c1_wF11,F11,6,1.0,0.7538960772282746,0.7538960772282746
glucose,full_patch,TinyColorCNN,4,raw,glucose_06_c1_wG01,G01,6,1.0,0.720132917386942,0.720132917386942
glucose,full_patch,TinyColorCNN,4,raw,glucose_06_c1_wG05,G05,6,1.0,0.46721858878846945,0.46721858878846945
glucose,full_patch,TinyColorCNN,4,raw,glucose_06_c1_wH07,H07,6,1.0,0.7033472939926293,0.7033472939926293
glucose,full_patch,TinyColorCNN,4,raw,glucose_07_c2.5_wA01,A01,7,2.5,2.191821148276236,2.191821148276236
glucose,full_patch,TinyColorCNN,4,raw,glucose_07_c2.5_wA02,A02,7,2.5,2.6931370616155244,2.6931370616155244
glucose,full_patch,TinyColorCNN,4,raw,glucose_07_c2.5_wA03,A03,7,2.5,1.7908347510375462,1.7908347510375462
glucose,full_patch,TinyColorCNN,4,raw,glucose_07_c2.5_wB03,B03,7,2.5,2.475523188079349,2.475523188079349
glucose,full_patch,TinyColorCNN,4,raw,glucose_07_c2.5_wB06,B06,7,2.5,2.666086677940433,2.666086677940433
glucose,full_patch,TinyColorCNN,4,raw,glucose_07_c2.5_wB07,B07,7,2.5,2.4785543790964963,2.4785543790964963
glucose,full_patch,TinyColorCNN,4,raw,glucose_07_c2.5_wC06,C06,7,2.5,2.3895487285053134,2.3895487285053134
glucose,full_patch,TinyColorCNN,4,raw,glucose_07_c2.5_wC07,C07,7,2.5,2.7154447641135824,2.7154447641135824
glucose,full_patch,TinyColorCNN,4,raw,glucose_07_c2.5_wD11,D11,7,2.5,2.375704909239491,2.375704909239491
glucose,full_patch,TinyColorCNN,4,raw,glucose_07_c2.5_wD12,D12,7,2.5,2.2705176437622065,2.2705176437622065
glucose,full_patch,TinyColorCNN,4,raw,glucose_07_c2.5_wE04,E04,7,2.5,3.054589569076322,3.054589569076322
glucose,full_patch,TinyColorCNN,4,raw,glucose_07_c2.5_wE12,E12,7,2.5,2.3048183194150655,2.3048183194150655
glucose,full_patch,TinyColorCNN,4,raw,glucose_07_c2.5_wF07,F07,7,2.5,2.9341267014752535,2.9341267014752535
glucose,full_patch,TinyColorCNN,4,raw,glucose_07_c2.5_wF08,F08,7,2.5,3.026018612894402,3.026018612894402
glucose,full_patch,TinyColorCNN,4,raw,glucose_07_c2.5_wF09,F09,7,2.5,2.2943899154316667,2.2943899154316667
glucose,full_patch,TinyColorCNN,4,raw,glucose_07_c2.5_wF11,F11,7,2.5,2.910578930092011,2.910578930092011
glucose,full_patch,TinyColorCNN,4,raw,glucose_07_c2.5_wG01,G01,7,2.5,2.3091031167526506,2.3091031167526506
glucose,full_patch,TinyColorCNN,4,raw,glucose_07_c2.5_wG05,G05,7,2.5,2.618705057314258,2.618705057314258
glucose,full_patch,TinyColorCNN,4,raw,glucose_07_c2.5_wH07,H07,7,2.5,2.1000568470923424,2.1000568470923424
glucose,full_patch,TinyColorCNN,4,raw,glucose_08_c5_wA01,A01,8,5.0,3.9534883096277227,3.9534883096277227
glucose,full_patch,TinyColorCNN,4,raw,glucose_08_c5_wA02,A02,8,5.0,3.786301880109739,3.786301880109739
glucose,full_patch,TinyColorCNN,4,raw,glucose_08_c5_wA03,A03,8,5.0,4.083570619915843,4.083570619915843
glucose,full_patch,TinyColorCNN,4,raw,glucose_08_c5_wB03,B03,8,5.0,4.344846405122467,4.344846405122467
glucose,full_patch,TinyColorCNN,4,raw,glucose_08_c5_wB06,B06,8,5.0,5.22303050566222,5.22303050566222
glucose,full_patch,TinyColorCNN,4,raw,glucose_08_c5_wB07,B07,8,5.0,4.6291667623037736,4.6291667623037736
glucose,full_patch,TinyColorCNN,4,raw,glucose_08_c5_wC06,C06,8,5.0,4.519780278973897,4.519780278973897
glucose,full_patch,TinyColorCNN,4,raw,glucose_08_c5_wC07,C07,8,5.0,5.381980376343259,5.381980376343259
glucose,full_patch,TinyColorCNN,4,raw,glucose_08_c5_wD11,D11,8,5.0,6.475985710302757,6.475985710302757
glucose,full_patch,TinyColorCNN,4,raw,glucose_08_c5_wD12,D12,8,5.0,4.478623489605057,4.478623489605057
glucose,full_patch,TinyColorCNN,4,raw,glucose_08_c5_wE04,E04,8,5.0,4.694745358604386,4.694745358604386
glucose,full_patch,TinyColorCNN,4,raw,glucose_08_c5_wE12,E12,8,5.0,4.7012615682245515,4.7012615682245515
glucose,full_patch,TinyColorCNN,4,raw,glucose_08_c5_wF07,F07,8,5.0,4.497364625383691,4.497364625383691
glucose,full_patch,TinyColorCNN,4,raw,glucose_08_c5_wF08,F08,8,5.0,4.932276955191639,4.932276955191639
glucose,full_patch,TinyColorCNN,4,raw,glucose_08_c5_wF09,F09,8,5.0,5.1365213173956805,5.1365213173956805
glucose,full_patch,TinyColorCNN,4,raw,glucose_08_c5_wF11,F11,8,5.0,5.199350843825224,5.199350843825224
glucose,full_patch,TinyColorCNN,4,raw,glucose_08_c5_wG01,G01,8,5.0,4.559812341392111,4.559812341392111
glucose,full_patch,TinyColorCNN,4,raw,glucose_08_c5_wG05,G05,8,5.0,4.80003845994956,4.80003845994956
glucose,full_patch,TinyColorCNN,4,raw,glucose_08_c5_wH07,H07,8,5.0,4.985404769152976,4.985404769152976
glucose,full_patch,TinyColorCNN,4,raw,glucose_09_c10_wA01,A01,9,10.0,8.885650280321336,8.885650280321336
glucose,full_patch,TinyColorCNN,4,raw,glucose_09_c10_wA02,A02,9,10.0,7.728286962257595,7.728286962257595
glucose,full_patch,TinyColorCNN,4,raw,glucose_09_c10_wA03,A03,9,10.0,8.78625206013419,8.78625206013419
glucose,full_patch,TinyColorCNN,4,raw,glucose_09_c10_wB03,B03,9,10.0,10.063809288813307,10.063809288813307
glucose,full_patch,TinyColorCNN,4,raw,glucose_09_c10_wB06,B06,9,10.0,10.66241715667828,10.66241715667828
glucose,full_patch,TinyColorCNN,4,raw,glucose_09_c10_wB07,B07,9,10.0,10.929412806899299,10.929412806899299
glucose,full_patch,TinyColorCNN,4,raw,glucose_09_c10_wC06,C06,9,10.0,10.909502823080508,10.909502823080508
glucose,full_patch,TinyColorCNN,4,raw,glucose_09_c10_wC07,C07,9,10.0,10.381778160681147,10.381778160681147
glucose,full_patch,TinyColorCNN,4,raw,glucose_09_c10_wD11,D11,9,10.0,10.38711469728995,10.38711469728995
glucose,full_patch,TinyColorCNN,4,raw,glucose_09_c10_wD12,D12,9,10.0,9.995215104385077,9.995215104385077
glucose,full_patch,TinyColorCNN,4,raw,glucose_09_c10_wE04,E04,9,10.0,9.362039793760783,9.362039793760783
glucose,full_patch,TinyColorCNN,4,raw,glucose_09_c10_wE12,E12,9,10.0,10.67833240261778,10.67833240261778
glucose,full_patch,TinyColorCNN,4,raw,glucose_09_c10_wF07,F07,9,10.0,10.117578388999785,10.117578388999785
glucose,full_patch,TinyColorCNN,4,raw,glucose_09_c10_wF08,F08,9,10.0,9.984812779872534,9.984812779872534
glucose,full_patch,TinyColorCNN,4,raw,glucose_09_c10_wF09,F09,9,10.0,13.309024768355483,13.309024768355483
glucose,full_patch,TinyColorCNN,4,raw,glucose_09_c10_wF11,F11,9,10.0,9.717323411424632,9.717323411424632
glucose,full_patch,TinyColorCNN,4,raw,glucose_09_c10_wG01,G01,9,10.0,8.786938089573642,8.786938089573642
glucose,full_patch,TinyColorCNN,4,raw,glucose_09_c10_wG05,G05,9,10.0,11.782008442346356,11.782008442346356
glucose,full_patch,TinyColorCNN,4,raw,glucose_09_c10_wH07,H07,9,10.0,10.171881819718905,10.171881819718905
glucose,full_patch,TinyColorCNN,4,raw,glucose_10_c15_wA01,A01,10,15.0,15.192472208746103,15.192472208746103
glucose,full_patch,TinyColorCNN,4,raw,glucose_10_c15_wA02,A02,10,15.0,14.279087118454175,14.279087118454175
glucose,full_patch,TinyColorCNN,4,raw,glucose_10_c15_wA03,A03,10,15.0,13.277919723742112,13.277919723742112
glucose,full_patch,TinyColorCNN,4,raw,glucose_10_c15_wB03,B03,10,15.0,15.571675678182729,15.571675678182729
glucose,full_patch,TinyColorCNN,4,raw,glucose_10_c15_wB06,B06,10,15.0,14.588396013358537,14.588396013358537
glucose,full_patch,TinyColorCNN,4,raw,glucose_10_c15_wB07,B07,10,15.0,16.266533118058888,16.266533118058888
glucose,full_patch,TinyColorCNN,4,raw,glucose_10_c15_wC06,C06,10,15.0,14.044418863617924,14.044418863617924
glucose,full_patch,TinyColorCNN,4,raw,glucose_10_c15_wC07,C07,10,15.0,14.758763043381279,14.758763043381279
glucose,full_patch,TinyColorCNN,4,raw,glucose_10_c15_wD11,D11,10,15.0,14.246593292247766,14.246593292247766
glucose,full_patch,TinyColorCNN,4,raw,glucose_10_c15_wD12,D12,10,15.0,12.568845587890877,12.568845587890877
glucose,full_patch,TinyColorCNN,4,raw,glucose_10_c15_wE04,E04,10,15.0,14.167947163984135,14.167947163984135
glucose,full_patch,TinyColorCNN,4,raw,glucose_10_c15_wE12,E12,10,15.0,14.233834657681436,14.233834657681436
glucose,full_patch,TinyColorCNN,4,raw,glucose_10_c15_wF07,F07,10,15.0,14.9750124230759,14.9750124230759
glucose,full_patch,TinyColorCNN,4,raw,glucose_10_c15_wF08,F08,10,15.0,15.30378098299695,15.30378098299695
glucose,full_patch,TinyColorCNN,4,raw,glucose_10_c15_wF09,F09,10,15.0,15.811833761174034,15.811833761174034
glucose,full_patch,TinyColorCNN,4,raw,glucose_10_c15_wF11,F11,10,15.0,18.52607678833565,18.52607678833565
glucose,full_patch,TinyColorCNN,4,raw,glucose_10_c15_wG01,G01,10,15.0,15.390939769075715,15.390939769075715
glucose,full_patch,TinyColorCNN,4,raw,glucose_10_c15_wG05,G05,10,15.0,15.16183380748911,15.16183380748911
glucose,full_patch,TinyColorCNN,4,raw,glucose_10_c15_wH07,H07,10,15.0,15.05859095569004,15.05859095569004
glucose,full_patch,TinyColorCNN,4,raw,glucose_11_c20_wA01,A01,11,20.0,19.81446635417653,19.81446635417653
glucose,full_patch,TinyColorCNN,4,raw,glucose_11_c20_wA02,A02,11,20.0,19.9074733122847,19.9074733122847
glucose,full_patch,TinyColorCNN,4,raw,glucose_11_c20_wA03,A03,11,20.0,18.99797744750906,18.99797744750906
glucose,full_patch,TinyColorCNN,4,raw,glucose_11_c20_wB03,B03,11,20.0,19.55129224229553,19.55129224229553
glucose,full_patch,TinyColorCNN,4,raw,glucose_11_c20_wB06,B06,11,20.0,19.473721145654956,19.473721145654956
glucose,full_patch,TinyColorCNN,4,raw,glucose_11_c20_wB07,B07,11,20.0,18.50224930965048,18.50224930965048
glucose,full_patch,TinyColorCNN,4,raw,glucose_11_c20_wC06,C06,11,20.0,18.61995492021835,18.61995492021835
glucose,full_patch,TinyColorCNN,4,raw,glucose_11_c20_wC07,C07,11,20.0,18.005939062076017,18.005939062076017
glucose,full_patch,TinyColorCNN,4,raw,glucose_11_c20_wD11,D11,11,20.0,19.914089136524936,19.914089136524936
glucose,full_patch,TinyColorCNN,4,raw,glucose_11_c20_wD12,D12,11,20.0,21.01448195004474,20.0
glucose,full_patch,TinyColorCNN,4,raw,glucose_11_c20_wE04,E04,11,20.0,18.79098050665018,18.79098050665018
glucose,full_patch,TinyColorCNN,4,raw,glucose_11_c20_wE12,E12,11,20.0,20.240260101516803,20.0
glucose,full_patch,TinyColorCNN,4,raw,glucose_11_c20_wF07,F07,11,20.0,20.41509209621396,20.0
glucose,full_patch,TinyColorCNN,4,raw,glucose_11_c20_wF08,F08,11,20.0,20.25991805014397,20.0
glucose,full_patch,TinyColorCNN,4,raw,glucose_11_c20_wF09,F09,11,20.0,20.511558267189194,20.0
glucose,full_patch,TinyColorCNN,4,raw,glucose_11_c20_wF11,F11,11,20.0,19.84075127552002,19.84075127552002
glucose,full_patch,TinyColorCNN,4,raw,glucose_11_c20_wG01,G01,11,20.0,16.765124025313668,16.765124025313668
glucose,full_patch,TinyColorCNN,4,raw,glucose_11_c20_wG05,G05,11,20.0,19.302009131623816,19.302009131623816
glucose,full_patch,TinyColorCNN,4,raw,glucose_11_c20_wH07,H07,11,20.0,15.7043998786845,15.7043998786845
glucose,roi_masked,TinyColorCNN,5,raw,glucose_01_c0_wA05,A05,1,0.0,0.4434611862387312,0.4434611862387312
glucose,roi_masked,TinyColorCNN,5,raw,glucose_01_c0_wA09,A09,1,0.0,0.48984919893330314,0.48984919893330314
glucose,roi_masked,TinyColorCNN,5,raw,glucose_01_c0_wB02,B02,1,0.0,0.2715572591548847,0.2715572591548847
glucose,roi_masked,TinyColorCNN,5,raw,glucose_01_c0_wB05,B05,1,0.0,0.3659999817196198,0.3659999817196198
glucose,roi_masked,TinyColorCNN,5,raw,glucose_01_c0_wB09,B09,1,0.0,0.4997864727289114,0.4997864727289114
glucose,roi_masked,TinyColorCNN,5,raw,glucose_01_c0_wC11,C11,1,0.0,0.3268385704911223,0.3268385704911223
glucose,roi_masked,TinyColorCNN,5,raw,glucose_01_c0_wD01,D01,1,0.0,0.5655099245637327,0.5655099245637327
glucose,roi_masked,TinyColorCNN,5,raw,glucose_01_c0_wD04,D04,1,0.0,0.1937823046657856,0.1937823046657856
glucose,roi_masked,TinyColorCNN,5,raw,glucose_01_c0_wD06,D06,1,0.0,0.21289397796449538,0.21289397796449538
glucose,roi_masked,TinyColorCNN,5,raw,glucose_01_c0_wD08,D08,1,0.0,0.20179487369626958,0.20179487369626958
glucose,roi_masked,TinyColorCNN,5,raw,glucose_01_c0_wE01,E01,1,0.0,0.5720166530022226,0.5720166530022226
glucose,roi_masked,TinyColorCNN,5,raw,glucose_01_c0_wE05,E05,1,0.0,0.185111179226217,0.185111179226217
glucose,roi_masked,TinyColorCNN,5,raw,glucose_01_c0_wE06,E06,1,0.0,0.06679160615362711,0.06679160615362711
glucose,roi_masked,TinyColorCNN,5,raw,glucose_01_c0_wE09,E09,1,0.0,0.4248161562963988,0.4248161562963988
glucose,roi_masked,TinyColorCNN,5,raw,glucose_01_c0_wF03,F03,1,0.0,0.37538222066984517,0.37538222066984517
glucose,roi_masked,TinyColorCNN,5,raw,glucose_01_c0_wG10,G10,1,0.0,0.4126292792895887,0.4126292792895887
glucose,roi_masked,TinyColorCNN,5,raw,glucose_01_c0_wH03,H03,1,0.0,0.13058398266555749,0.13058398266555749
glucose,roi_masked,TinyColorCNN,5,raw,glucose_01_c0_wH08,H08,1,0.0,0.03465612382156813,0.03465612382156813
glucose,roi_masked,TinyColorCNN,5,raw,glucose_01_c0_wH11,H11,1,0.0,0.3663830115053148,0.3663830115053148
glucose,roi_masked,TinyColorCNN,5,raw,glucose_02_c0.01_wA05,A05,2,0.01,0.08165889534058124,0.08165889534058124
glucose,roi_masked,TinyColorCNN,5,raw,glucose_02_c0.01_wA09,A09,2,0.01,-0.3316318360637336,0.0
glucose,roi_masked,TinyColorCNN,5,raw,glucose_02_c0.01_wB02,B02,2,0.01,-0.2019376320995283,0.0
glucose,roi_masked,TinyColorCNN,5,raw,glucose_02_c0.01_wB05,B05,2,0.01,-0.07497639741703832,0.0
glucose,roi_masked,TinyColorCNN,5,raw,glucose_02_c0.01_wB09,B09,2,0.01,0.054781512124829845,0.054781512124829845
glucose,roi_masked,TinyColorCNN,5,raw,glucose_02_c0.01_wC11,C11,2,0.01,0.06662676797142542,0.06662676797142542
glucose,roi_masked,TinyColorCNN,5,raw,glucose_02_c0.01_wD01,D01,2,0.01,0.05897970969277999,0.05897970969277999
glucose,roi_masked,TinyColorCNN,5,raw,glucose_02_c0.01_wD04,D04,2,0.01,-0.011911060810179563,0.0
glucose,roi_masked,TinyColorCNN,5,raw,glucose_02_c0.01_wD06,D06,2,0.01,-0.08066291654312518,0.0
glucose,roi_masked,TinyColorCNN,5,raw,glucose_02_c0.01_wD08,D08,2,0.01,-0.13396218809434313,0.0
glucose,roi_masked,TinyColorCNN,5,raw,glucose_02_c0.01_wE01,E01,2,0.01,0.004227950970859595,0.004227950970859595
glucose,roi_masked,TinyColorCNN,5,raw,glucose_02_c0.01_wE05,E05,2,0.01,-0.2389457948030378,0.0
glucose,roi_masked,TinyColorCNN,5,raw,glucose_02_c0.01_wE06,E06,2,0.01,-0.33293541144665006,0.0
glucose,roi_masked,TinyColorCNN,5,raw,glucose_02_c0.01_wE09,E09,2,0.01,-0.10191828253017299,0.0
glucose,roi_masked,TinyColorCNN,5,raw,glucose_02_c0.01_wF03,F03,2,0.01,0.08589531625512858,0.08589531625512858
glucose,roi_masked,TinyColorCNN,5,raw,glucose_02_c0.01_wG10,G10,2,0.01,-0.06522386979665118,0.0
glucose,roi_masked,TinyColorCNN,5,raw,glucose_02_c0.01_wH03,H03,2,0.01,0.05877744448370148,0.05877744448370148
glucose,roi_masked,TinyColorCNN,5,raw,glucose_02_c0.01_wH08,H08,2,0.01,0.010028343817018559,0.010028343817018559
glucose,roi_masked,TinyColorCNN,5,raw,glucose_02_c0.01_wH11,H11,2,0.01,0.09703742178827657,0.09703742178827657
glucose,roi_masked,TinyColorCNN,5,raw,glucose_03_c0.05_wA05,A05,3,0.05,-0.11408923314256825,0.0
glucose,roi_masked,TinyColorCNN,5,raw,glucose_03_c0.05_wA09,A09,3,0.05,0.03329202813987209,0.03329202813987209
glucose,roi_masked,TinyColorCNN,5,raw,glucose_03_c0.05_wB02,B02,3,0.05,0.012997023736084579,0.012997023736084579
glucose,roi_masked,TinyColorCNN,5,raw,glucose_03_c0.05_wB05,B05,3,0.05,0.056781867263428154,0.056781867263428154
glucose,roi_masked,TinyColorCNN,5,raw,glucose_03_c0.05_wB09,B09,3,0.05,-0.0011718930557460538,0.0
glucose,roi_masked,TinyColorCNN,5,raw,glucose_03_c0.05_wC11,C11,3,0.05,0.2737455457475866,0.2737455457475866
glucose,roi_masked,TinyColorCNN,5,raw,glucose_03_c0.05_wD01,D01,3,0.05,0.20260711981146518,0.20260711981146518
glucose,roi_masked,TinyColorCNN,5,raw,glucose_03_c0.05_wD04,D04,3,0.05,0.104476640619799,0.104476640619799
glucose,roi_masked,TinyColorCNN,5,raw,glucose_03_c0.05_wD06,D06,3,0.05,0.00811876912658871,0.00811876912658871
glucose,roi_masked,TinyColorCNN,5,raw,glucose_03_c0.05_wD08,D08,3,0.05,0.13470015930226698,0.13470015930226698
glucose,roi_masked,TinyColorCNN,5,raw,glucose_03_c0.05_wE01,E01,3,0.05,0.028676559038234295,0.028676559038234295
glucose,roi_masked,TinyColorCNN,5,raw,glucose_03_c0.05_wE05,E05,3,0.05,0.03163647944037162,0.03163647944037162
glucose,roi_masked,TinyColorCNN,5,raw,glucose_03_c0.05_wE06,E06,3,0.05,-0.02523030445993868,0.0
glucose,roi_masked,TinyColorCNN,5,raw,glucose_03_c0.05_wE09,E09,3,0.05,0.06325276131448287,0.06325276131448287
glucose,roi_masked,TinyColorCNN,5,raw,glucose_03_c0.05_wF03,F03,3,0.05,0.04543510756203961,0.04543510756203961
glucose,roi_masked,TinyColorCNN,5,raw,glucose_03_c0.05_wG10,G10,3,0.05,0.10078968031259006,0.10078968031259006
glucose,roi_masked,TinyColorCNN,5,raw,glucose_03_c0.05_wH03,H03,3,0.05,-0.0566283947305557,0.0
glucose,roi_masked,TinyColorCNN,5,raw,glucose_03_c0.05_wH08,H08,3,0.05,-0.05718502221538113,0.0
glucose,roi_masked,TinyColorCNN,5,raw,glucose_03_c0.05_wH11,H11,3,0.05,0.09659227906436119,0.09659227906436119
glucose,roi_masked,TinyColorCNN,5,raw,glucose_04_c0.1_wA05,A05,4,0.1,0.242067150935255,0.242067150935255
glucose,roi_masked,TinyColorCNN,5,raw,glucose_04_c0.1_wA09,A09,4,0.1,0.12305318706614532,0.12305318706614532
glucose,roi_masked,TinyColorCNN,5,raw,glucose_04_c0.1_wB02,B02,4,0.1,0.21455908250064581,0.21455908250064581
glucose,roi_masked,TinyColorCNN,5,raw,glucose_04_c0.1_wB05,B05,4,0.1,0.3470396091678589,0.3470396091678589
glucose,roi_masked,TinyColorCNN,5,raw,glucose_04_c0.1_wB09,B09,4,0.1,0.28250745163532454,0.28250745163532454
glucose,roi_masked,TinyColorCNN,5,raw,glucose_04_c0.1_wC11,C11,4,0.1,0.04044616451135585,0.04044616451135585
glucose,roi_masked,TinyColorCNN,5,raw,glucose_04_c0.1_wD01,D01,4,0.1,0.17779857523029818,0.17779857523029818
glucose,roi_masked,TinyColorCNN,5,raw,glucose_04_c0.1_wD04,D04,4,0.1,-0.048074328289941626,0.0
glucose,roi_masked,TinyColorCNN,5,raw,glucose_04_c0.1_wD06,D06,4,0.1,-0.09009452731603851,0.0
glucose,roi_masked,TinyColorCNN,5,raw,glucose_04_c0.1_wD08,D08,4,0.1,0.028818303948532353,0.028818303948532353
glucose,roi_masked,TinyColorCNN,5,raw,glucose_04_c0.1_wE01,E01,4,0.1,0.27915335297140054,0.27915335297140054
glucose,roi_masked,TinyColorCNN,5,raw,glucose_04_c0.1_wE05,E05,4,0.1,0.14748825769826546,0.14748825769826546
glucose,roi_masked,TinyColorCNN,5,raw,glucose_04_c0.1_wE06,E06,4,0.1,0.11830234361197434,0.11830234361197434
glucose,roi_masked,TinyColorCNN,5,raw,glucose_04_c0.1_wE09,E09,4,0.1,-0.08182474701574272,0.0
glucose,roi_masked,TinyColorCNN,5,raw,glucose_04_c0.1_wF03,F03,4,0.1,0.10878074871061294,0.10878074871061294
glucose,roi_masked,TinyColorCNN,5,raw,glucose_04_c0.1_wG10,G10,4,0.1,0.014449510906786145,0.014449510906786145
glucose,roi_masked,TinyColorCNN,5,raw,glucose_04_c0.1_wH03,H03,4,0.1,-0.08369689467929486,0.0
glucose,roi_masked,TinyColorCNN,5,raw,glucose_04_c0.1_wH08,H08,4,0.1,0.236715882411616,0.236715882411616
glucose,roi_masked,TinyColorCNN,5,raw,glucose_04_c0.1_wH11,H11,4,0.1,-0.16551157911190817,0.0
glucose,roi_masked,TinyColorCNN,5,raw,glucose_05_c0.5_wA05,A05,5,0.5,0.5376705871252785,0.5376705871252785
glucose,roi_masked,TinyColorCNN,5,raw,glucose_05_c0.5_wA09,A09,5,0.5,0.45056993238613074,0.45056993238613074
glucose,roi_masked,TinyColorCNN,5,raw,glucose_05_c0.5_wB02,B02,5,0.5,0.6914956675882671,0.6914956675882671
glucose,roi_masked,TinyColorCNN,5,raw,glucose_05_c0.5_wB05,B05,5,0.5,0.673674032237221,0.673674032237221
glucose,roi_masked,TinyColorCNN,5,raw,glucose_05_c0.5_wB09,B09,5,0.5,0.7015014248798623,0.7015014248798623
glucose,roi_masked,TinyColorCNN,5,raw,glucose_05_c0.5_wC11,C11,5,0.5,0.3182263727108916,0.3182263727108916
glucose,roi_masked,TinyColorCNN,5,raw,glucose_05_c0.5_wD01,D01,5,0.5,0.7869194560490032,0.7869194560490032
glucose,roi_masked,TinyColorCNN,5,raw,glucose_05_c0.5_wD04,D04,5,0.5,0.5055653649426093,0.5055653649426093
glucose,roi_masked,TinyColorCNN,5,raw,glucose_05_c0.5_wD06,D06,5,0.5,0.4382237914351643,0.4382237914351643
glucose,roi_masked,TinyColorCNN,5,raw,glucose_05_c0.5_wD08,D08,5,0.5,0.38144858430274375,0.38144858430274375
glucose,roi_masked,TinyColorCNN,5,raw,glucose_05_c0.5_wE01,E01,5,0.5,0.640708784756109,0.640708784756109
glucose,roi_masked,TinyColorCNN,5,raw,glucose_05_c0.5_wE05,E05,5,0.5,0.5038803524134394,0.5038803524134394
glucose,roi_masked,TinyColorCNN,5,raw,glucose_05_c0.5_wE06,E06,5,0.5,0.28507956433344184,0.28507956433344184
glucose,roi_masked,TinyColorCNN,5,raw,glucose_05_c0.5_wE09,E09,5,0.5,0.5528906459485388,0.5528906459485388
glucose,roi_masked,TinyColorCNN,5,raw,glucose_05_c0.5_wF03,F03,5,0.5,0.5469309891582244,0.5469309891582244
glucose,roi_masked,TinyColorCNN,5,raw,glucose_05_c0.5_wG10,G10,5,0.5,0.3612857689726052,0.3612857689726052
glucose,roi_masked,TinyColorCNN,5,raw,glucose_05_c0.5_wH03,H03,5,0.5,0.43123528956560264,0.43123528956560264
glucose,roi_masked,TinyColorCNN,5,raw,glucose_05_c0.5_wH08,H08,5,0.5,0.23319455660632915,0.23319455660632915
glucose,roi_masked,TinyColorCNN,5,raw,glucose_05_c0.5_wH11,H11,5,0.5,0.43056558468042727,0.43056558468042727
glucose,roi_masked,TinyColorCNN,5,raw,glucose_06_c1_wA05,A05,6,1.0,0.5505940598738102,0.5505940598738102
glucose,roi_masked,TinyColorCNN,5,raw,glucose_06_c1_wA09,A09,6,1.0,0.1300257625412904,0.1300257625412904
glucose,roi_masked,TinyColorCNN,5,raw,glucose_06_c1_wB02,B02,6,1.0,0.7443243141845048,0.7443243141845048
glucose,roi_masked,TinyColorCNN,5,raw,glucose_06_c1_wB05,B05,6,1.0,0.15107965963898184,0.15107965963898184
glucose,roi_masked,TinyColorCNN,5,raw,glucose_06_c1_wB09,B09,6,1.0,0.2496218361262903,0.2496218361262903
glucose,roi_masked,TinyColorCNN,5,raw,glucose_06_c1_wC11,C11,6,1.0,0.13321980094133767,0.13321980094133767
glucose,roi_masked,TinyColorCNN,5,raw,glucose_06_c1_wD01,D01,6,1.0,1.0365155203709882,1.0365155203709882
glucose,roi_masked,TinyColorCNN,5,raw,glucose_06_c1_wD04,D04,6,1.0,0.45515593765810003,0.45515593765810003
glucose,roi_masked,TinyColorCNN,5,raw,glucose_06_c1_wD06,D06,6,1.0,0.4920581898387457,0.4920581898387457
glucose,roi_masked,TinyColorCNN,5,raw,glucose_06_c1_wD08,D08,6,1.0,0.2512423467580769,0.2512423467580769
glucose,roi_masked,TinyColorCNN,5,raw,glucose_06_c1_wE01,E01,6,1.0,0.4729735914105433,0.4729735914105433
glucose,roi_masked,TinyColorCNN,5,raw,glucose_06_c1_wE05,E05,6,1.0,0.6145226070579941,0.6145226070579941
glucose,roi_masked,TinyColorCNN,5,raw,glucose_06_c1_wE06,E06,6,1.0,0.6107488479012195,0.6107488479012195
glucose,roi_masked,TinyColorCNN,5,raw,glucose_06_c1_wE09,E09,6,1.0,0.5529575368050841,0.5529575368050841
glucose,roi_masked,TinyColorCNN,5,raw,glucose_06_c1_wF03,F03,6,1.0,0.6229134279558481,0.6229134279558481
glucose,roi_masked,TinyColorCNN,5,raw,glucose_06_c1_wG10,G10,6,1.0,0.5615713272247564,0.5615713272247564
glucose,roi_masked,TinyColorCNN,5,raw,glucose_06_c1_wH03,H03,6,1.0,0.5857189264376759,0.5857189264376759
glucose,roi_masked,TinyColorCNN,5,raw,glucose_06_c1_wH08,H08,6,1.0,0.6020092389656639,0.6020092389656639
glucose,roi_masked,TinyColorCNN,5,raw,glucose_06_c1_wH11,H11,6,1.0,0.6533519529629261,0.6533519529629261
glucose,roi_masked,TinyColorCNN,5,raw,glucose_07_c2.5_wA05,A05,7,2.5,2.68089523854798,2.68089523854798
glucose,roi_masked,TinyColorCNN,5,raw,glucose_07_c2.5_wA09,A09,7,2.5,2.382151515539062,2.382151515539062
glucose,roi_masked,TinyColorCNN,5,raw,glucose_07_c2.5_wB02,B02,7,2.5,2.7516124113518092,2.7516124113518092
glucose,roi_masked,TinyColorCNN,5,raw,glucose_07_c2.5_wB05,B05,7,2.5,2.4492428455742514,2.4492428455742514
glucose,roi_masked,TinyColorCNN,5,raw,glucose_07_c2.5_wB09,B09,7,2.5,2.1833638346816966,2.1833638346816966
glucose,roi_masked,TinyColorCNN,5,raw,glucose_07_c2.5_wC11,C11,7,2.5,1.9848337632540036,1.9848337632540036
glucose,roi_masked,TinyColorCNN,5,raw,glucose_07_c2.5_wD01,D01,7,2.5,2.625157636011735,2.625157636011735
glucose,roi_masked,TinyColorCNN,5,raw,glucose_07_c2.5_wD04,D04,7,2.5,2.649291299629541,2.649291299629541
glucose,roi_masked,TinyColorCNN,5,raw,glucose_07_c2.5_wD06,D06,7,2.5,2.261691036897156,2.261691036897156
glucose,roi_masked,TinyColorCNN,5,raw,glucose_07_c2.5_wD08,D08,7,2.5,2.158239549331241,2.158239549331241
glucose,roi_masked,TinyColorCNN,5,raw,glucose_07_c2.5_wE01,E01,7,2.5,2.5300860199475137,2.5300860199475137
glucose,roi_masked,TinyColorCNN,5,raw,glucose_07_c2.5_wE05,E05,7,2.5,1.8075160565484367,1.8075160565484367
glucose,roi_masked,TinyColorCNN,5,raw,glucose_07_c2.5_wE06,E06,7,2.5,2.1726115276518705,2.1726115276518705
glucose,roi_masked,TinyColorCNN,5,raw,glucose_07_c2.5_wE09,E09,7,2.5,1.8101729772968178,1.8101729772968178
glucose,roi_masked,TinyColorCNN,5,raw,glucose_07_c2.5_wF03,F03,7,2.5,2.1580313117242573,2.1580313117242573
glucose,roi_masked,TinyColorCNN,5,raw,glucose_07_c2.5_wG10,G10,7,2.5,2.57961451854091,2.57961451854091
glucose,roi_masked,TinyColorCNN,5,raw,glucose_07_c2.5_wH03,H03,7,2.5,2.498091287126102,2.498091287126102
glucose,roi_masked,TinyColorCNN,5,raw,glucose_07_c2.5_wH08,H08,7,2.5,2.02225760485176,2.02225760485176
glucose,roi_masked,TinyColorCNN,5,raw,glucose_07_c2.5_wH11,H11,7,2.5,2.108358480181469,2.108358480181469
glucose,roi_masked,TinyColorCNN,5,raw,glucose_08_c5_wA05,A05,8,5.0,4.863343662987313,4.863343662987313
glucose,roi_masked,TinyColorCNN,5,raw,glucose_08_c5_wA09,A09,8,5.0,4.6858476304342735,4.6858476304342735
glucose,roi_masked,TinyColorCNN,5,raw,glucose_08_c5_wB02,B02,8,5.0,5.000879003277112,5.000879003277112
glucose,roi_masked,TinyColorCNN,5,raw,glucose_08_c5_wB05,B05,8,5.0,5.187873014874794,5.187873014874794
glucose,roi_masked,TinyColorCNN,5,raw,glucose_08_c5_wB09,B09,8,5.0,4.688076728412665,4.688076728412665
glucose,roi_masked,TinyColorCNN,5,raw,glucose_08_c5_wC11,C11,8,5.0,5.257969705306188,5.257969705306188
glucose,roi_masked,TinyColorCNN,5,raw,glucose_08_c5_wD01,D01,8,5.0,4.980953117948897,4.980953117948897
glucose,roi_masked,TinyColorCNN,5,raw,glucose_08_c5_wD04,D04,8,5.0,4.950523053838852,4.950523053838852
glucose,roi_masked,TinyColorCNN,5,raw,glucose_08_c5_wD06,D06,8,5.0,5.030320909268644,5.030320909268644
glucose,roi_masked,TinyColorCNN,5,raw,glucose_08_c5_wD08,D08,8,5.0,5.081127152624013,5.081127152624013
glucose,roi_masked,TinyColorCNN,5,raw,glucose_08_c5_wE01,E01,8,5.0,4.930913904679577,4.930913904679577
glucose,roi_masked,TinyColorCNN,5,raw,glucose_08_c5_wE05,E05,8,5.0,4.653875592724904,4.653875592724904
glucose,roi_masked,TinyColorCNN,5,raw,glucose_08_c5_wE06,E06,8,5.0,4.7395060421795625,4.7395060421795625
glucose,roi_masked,TinyColorCNN,5,raw,glucose_08_c5_wE09,E09,8,5.0,4.813865680926202,4.813865680926202
glucose,roi_masked,TinyColorCNN,5,raw,glucose_08_c5_wF03,F03,8,5.0,4.979046579227403,4.979046579227403
glucose,roi_masked,TinyColorCNN,5,raw,glucose_08_c5_wG10,G10,8,5.0,5.145211927783418,5.145211927783418
glucose,roi_masked,TinyColorCNN,5,raw,glucose_08_c5_wH03,H03,8,5.0,4.907342467669633,4.907342467669633
glucose,roi_masked,TinyColorCNN,5,raw,glucose_08_c5_wH08,H08,8,5.0,4.905416966584788,4.905416966584788
glucose,roi_masked,TinyColorCNN,5,raw,glucose_08_c5_wH11,H11,8,5.0,3.9916988155696442,3.9916988155696442
glucose,roi_masked,TinyColorCNN,5,raw,glucose_09_c10_wA05,A05,9,10.0,10.245246755594327,10.245246755594327
glucose,roi_masked,TinyColorCNN,5,raw,glucose_09_c10_wA09,A09,9,10.0,9.793149771556983,9.793149771556983
glucose,roi_masked,TinyColorCNN,5,raw,glucose_09_c10_wB02,B02,9,10.0,10.476165140865428,10.476165140865428
glucose,roi_masked,TinyColorCNN,5,raw,glucose_09_c10_wB05,B05,9,10.0,11.77498410608936,11.77498410608936
glucose,roi_masked,TinyColorCNN,5,raw,glucose_09_c10_wB09,B09,9,10.0,11.179956491689012,11.179956491689012
glucose,roi_masked,TinyColorCNN,5,raw,glucose_09_c10_wC11,C11,9,10.0,10.047937840458449,10.047937840458449
glucose,roi_masked,TinyColorCNN,5,raw,glucose_09_c10_wD01,D01,9,10.0,9.773455192222663,9.773455192222663
glucose,roi_masked,TinyColorCNN,5,raw,glucose_09_c10_wD04,D04,9,10.0,9.388061133276697,9.388061133276697
glucose,roi_masked,TinyColorCNN,5,raw,glucose_09_c10_wD06,D06,9,10.0,11.070996064294743,11.070996064294743
glucose,roi_masked,TinyColorCNN,5,raw,glucose_09_c10_wD08,D08,9,10.0,10.065899628080354,10.065899628080354
glucose,roi_masked,TinyColorCNN,5,raw,glucose_09_c10_wE01,E01,9,10.0,9.365321427330116,9.365321427330116
glucose,roi_masked,TinyColorCNN,5,raw,glucose_09_c10_wE05,E05,9,10.0,11.45447019639391,11.45447019639391
glucose,roi_masked,TinyColorCNN,5,raw,glucose_09_c10_wE06,E06,9,10.0,10.738353408932099,10.738353408932099
glucose,roi_masked,TinyColorCNN,5,raw,glucose_09_c10_wE09,E09,9,10.0,10.510288237220553,10.510288237220553
glucose,roi_masked,TinyColorCNN,5,raw,glucose_09_c10_wF03,F03,9,10.0,9.533774901063826,9.533774901063826
glucose,roi_masked,TinyColorCNN,5,raw,glucose_09_c10_wG10,G10,9,10.0,11.117683493204328,11.117683493204328
glucose,roi_masked,TinyColorCNN,5,raw,glucose_09_c10_wH03,H03,9,10.0,9.684329496433572,9.684329496433572
glucose,roi_masked,TinyColorCNN,5,raw,glucose_09_c10_wH08,H08,9,10.0,11.599066727612783,11.599066727612783
glucose,roi_masked,TinyColorCNN,5,raw,glucose_09_c10_wH11,H11,9,10.0,11.582084413247438,11.582084413247438
glucose,roi_masked,TinyColorCNN,5,raw,glucose_10_c15_wA05,A05,10,15.0,16.474093056960356,16.474093056960356
glucose,roi_masked,TinyColorCNN,5,raw,glucose_10_c15_wA09,A09,10,15.0,16.8072031519991,16.8072031519991
glucose,roi_masked,TinyColorCNN,5,raw,glucose_10_c15_wB02,B02,10,15.0,14.815761220035519,14.815761220035519
glucose,roi_masked,TinyColorCNN,5,raw,glucose_10_c15_wB05,B05,10,15.0,16.39263751272182,16.39263751272182
glucose,roi_masked,TinyColorCNN,5,raw,glucose_10_c15_wB09,B09,10,15.0,16.61400006134356,16.61400006134356
glucose,roi_masked,TinyColorCNN,5,raw,glucose_10_c15_wC11,C11,10,15.0,14.02784426494962,14.02784426494962
glucose,roi_masked,TinyColorCNN,5,raw,glucose_10_c15_wD01,D01,10,15.0,14.014531391857627,14.014531391857627
glucose,roi_masked,TinyColorCNN,5,raw,glucose_10_c15_wD04,D04,10,15.0,14.898628639139002,14.898628639139002
glucose,roi_masked,TinyColorCNN,5,raw,glucose_10_c15_wD06,D06,10,15.0,13.31887842858041,13.31887842858041
glucose,roi_masked,TinyColorCNN,5,raw,glucose_10_c15_wD08,D08,10,15.0,14.749699332319366,14.749699332319366
glucose,roi_masked,TinyColorCNN,5,raw,glucose_10_c15_wE01,E01,10,15.0,12.428145449065777,12.428145449065777
glucose,roi_masked,TinyColorCNN,5,raw,glucose_10_c15_wE05,E05,10,15.0,14.964743880276446,14.964743880276446
glucose,roi_masked,TinyColorCNN,5,raw,glucose_10_c15_wE06,E06,10,15.0,13.4911136246681,13.4911136246681
glucose,roi_masked,TinyColorCNN,5,raw,glucose_10_c15_wE09,E09,10,15.0,15.368700948233505,15.368700948233505
glucose,roi_masked,TinyColorCNN,5,raw,glucose_10_c15_wF03,F03,10,15.0,13.992418389531299,13.992418389531299
glucose,roi_masked,TinyColorCNN,5,raw,glucose_10_c15_wG10,G10,10,15.0,16.517959125099225,16.517959125099225
glucose,roi_masked,TinyColorCNN,5,raw,glucose_10_c15_wH03,H03,10,15.0,12.466016026026892,12.466016026026892
glucose,roi_masked,TinyColorCNN,5,raw,glucose_10_c15_wH08,H08,10,15.0,17.01277069895918,17.01277069895918
glucose,roi_masked,TinyColorCNN,5,raw,glucose_10_c15_wH11,H11,10,15.0,18.845471072503685,18.845471072503685
glucose,roi_masked,TinyColorCNN,5,raw,glucose_11_c20_wA05,A05,11,20.0,19.208826983177076,19.208826983177076
glucose,roi_masked,TinyColorCNN,5,raw,glucose_11_c20_wA09,A09,11,20.0,17.276847041083823,17.276847041083823
glucose,roi_masked,TinyColorCNN,5,raw,glucose_11_c20_wB02,B02,11,20.0,21.393350168878918,20.0
glucose,roi_masked,TinyColorCNN,5,raw,glucose_11_c20_wB05,B05,11,20.0,19.813458213410023,19.813458213410023
glucose,roi_masked,TinyColorCNN,5,raw,glucose_11_c20_wB09,B09,11,20.0,19.79364896403591,19.79364896403591
glucose,roi_masked,TinyColorCNN,5,raw,glucose_11_c20_wC11,C11,11,20.0,20.01510707102415,20.0
glucose,roi_masked,TinyColorCNN,5,raw,glucose_11_c20_wD01,D01,11,20.0,19.352704437688082,19.352704437688082
glucose,roi_masked,TinyColorCNN,5,raw,glucose_11_c20_wD04,D04,11,20.0,19.17403099665789,19.17403099665789
glucose,roi_masked,TinyColorCNN,5,raw,glucose_11_c20_wD06,D06,11,20.0,19.956693834226087,19.956693834226087
glucose,roi_masked,TinyColorCNN,5,raw,glucose_11_c20_wD08,D08,11,20.0,20.758186447911832,20.0
glucose,roi_masked,TinyColorCNN,5,raw,glucose_11_c20_wE01,E01,11,20.0,19.404106875664404,19.404106875664404
glucose,roi_masked,TinyColorCNN,5,raw,glucose_11_c20_wE05,E05,11,20.0,17.688654228848325,17.688654228848325
glucose,roi_masked,TinyColorCNN,5,raw,glucose_11_c20_wE06,E06,11,20.0,20.24298351496187,20.0
glucose,roi_masked,TinyColorCNN,5,raw,glucose_11_c20_wE09,E09,11,20.0,18.925405646075536,18.925405646075536
glucose,roi_masked,TinyColorCNN,5,raw,glucose_11_c20_wF03,F03,11,20.0,19.139322605307992,19.139322605307992
glucose,roi_masked,TinyColorCNN,5,raw,glucose_11_c20_wG10,G10,11,20.0,21.49282005784093,20.0
glucose,roi_masked,TinyColorCNN,5,raw,glucose_11_c20_wH03,H03,11,20.0,14.098790777833033,14.098790777833033
glucose,roi_masked,TinyColorCNN,5,raw,glucose_11_c20_wH08,H08,11,20.0,21.600751640155956,20.0
glucose,roi_masked,TinyColorCNN,5,raw,glucose_11_c20_wH11,H11,11,20.0,21.406666227249794,20.0
glucose,full_patch,TinyColorCNN,5,raw,glucose_01_c0_wA05,A05,1,0.0,0.7275681546198607,0.7275681546198607
glucose,full_patch,TinyColorCNN,5,raw,glucose_01_c0_wA09,A09,1,0.0,0.6018790406913164,0.6018790406913164
glucose,full_patch,TinyColorCNN,5,raw,glucose_01_c0_wB02,B02,1,0.0,0.08616367600103114,0.08616367600103114
glucose,full_patch,TinyColorCNN,5,raw,glucose_01_c0_wB05,B05,1,0.0,0.5749232199830674,0.5749232199830674
glucose,full_patch,TinyColorCNN,5,raw,glucose_01_c0_wB09,B09,1,0.0,0.4429881723245881,0.4429881723245881
glucose,full_patch,TinyColorCNN,5,raw,glucose_01_c0_wC11,C11,1,0.0,0.20839078994348714,0.20839078994348714
glucose,full_patch,TinyColorCNN,5,raw,glucose_01_c0_wD01,D01,1,0.0,0.41080331816984117,0.41080331816984117
glucose,full_patch,TinyColorCNN,5,raw,glucose_01_c0_wD04,D04,1,0.0,0.4779147552779799,0.4779147552779799
glucose,full_patch,TinyColorCNN,5,raw,glucose_01_c0_wD06,D06,1,0.0,-0.5092445792258493,0.0
glucose,full_patch,TinyColorCNN,5,raw,glucose_01_c0_wD08,D08,1,0.0,0.4509234983421573,0.4509234983421573
glucose,full_patch,TinyColorCNN,5,raw,glucose_01_c0_wE01,E01,1,0.0,0.4458015698981024,0.4458015698981024
glucose,full_patch,TinyColorCNN,5,raw,glucose_01_c0_wE05,E05,1,0.0,0.36546525302711697,0.36546525302711697
glucose,full_patch,TinyColorCNN,5,raw,glucose_01_c0_wE06,E06,1,0.0,0.31978078880585326,0.31978078880585326
glucose,full_patch,TinyColorCNN,5,raw,glucose_01_c0_wE09,E09,1,0.0,0.15895287271832892,0.15895287271832892
glucose,full_patch,TinyColorCNN,5,raw,glucose_01_c0_wF03,F03,1,0.0,0.3180555621307848,0.3180555621307848
glucose,full_patch,TinyColorCNN,5,raw,glucose_01_c0_wG10,G10,1,0.0,0.7364893244517541,0.7364893244517541
glucose,full_patch,TinyColorCNN,5,raw,glucose_01_c0_wH03,H03,1,0.0,0.5386695702149966,0.5386695702149966
glucose,full_patch,TinyColorCNN,5,raw,glucose_01_c0_wH08,H08,1,0.0,-0.08814155320082584,0.0
glucose,full_patch,TinyColorCNN,5,raw,glucose_01_c0_wH11,H11,1,0.0,0.3846764662909239,0.3846764662909239
glucose,full_patch,TinyColorCNN,5,raw,glucose_02_c0.01_wA05,A05,2,0.01,0.21811186293490348,0.21811186293490348
glucose,full_patch,TinyColorCNN,5,raw,glucose_02_c0.01_wA09,A09,2,0.01,-0.09370026301172807,0.0
glucose,full_patch,TinyColorCNN,5,raw,glucose_02_c0.01_wB02,B02,2,0.01,0.06585035624366586,0.06585035624366586
glucose,full_patch,TinyColorCNN,5,raw,glucose_02_c0.01_wB05,B05,2,0.01,-0.37354970800570975,0.0
glucose,full_patch,TinyColorCNN,5,raw,glucose_02_c0.01_wB09,B09,2,0.01,-0.24629502950611215,0.0
glucose,full_patch,TinyColorCNN,5,raw,glucose_02_c0.01_wC11,C11,2,0.01,-0.11612303370943877,0.0
glucose,full_patch,TinyColorCNN,5,raw,glucose_02_c0.01_wD01,D01,2,0.01,0.052756072915026486,0.052756072915026486
glucose,full_patch,TinyColorCNN,5,raw,glucose_02_c0.01_wD04,D04,2,0.01,0.06447909368448368,0.06447909368448368
glucose,full_patch,TinyColorCNN,5,raw,glucose_02_c0.01_wD06,D06,2,0.01,0.08821061584329559,0.08821061584329559
glucose,full_patch,TinyColorCNN,5,raw,glucose_02_c0.01_wD08,D08,2,0.01,0.09777162857083521,0.09777162857083521
glucose,full_patch,TinyColorCNN,5,raw,glucose_02_c0.01_wE01,E01,2,0.01,0.12444833921695064,0.12444833921695064
glucose,full_patch,TinyColorCNN,5,raw,glucose_02_c0.01_wE05,E05,2,0.01,0.12323713692164517,0.12323713692164517
glucose,full_patch,TinyColorCNN,5,raw,glucose_02_c0.01_wE06,E06,2,0.01,-0.10952233954389712,0.0
glucose,full_patch,TinyColorCNN,5,raw,glucose_02_c0.01_wE09,E09,2,0.01,-0.13125868264229634,0.0
glucose,full_patch,TinyColorCNN,5,raw,glucose_02_c0.01_wF03,F03,2,0.01,0.38435515128358944,0.38435515128358944
glucose,full_patch,TinyColorCNN,5,raw,glucose_02_c0.01_wG10,G10,2,0.01,-0.0416074158374915,0.0
glucose,full_patch,TinyColorCNN,5,raw,glucose_02_c0.01_wH03,H03,2,0.01,0.3241780663039986,0.3241780663039986
glucose,full_patch,TinyColorCNN,5,raw,glucose_02_c0.01_wH08,H08,2,0.01,0.10430463556011116,0.10430463556011116
glucose,full_patch,TinyColorCNN,5,raw,glucose_02_c0.01_wH11,H11,2,0.01,0.4773422013987396,0.4773422013987396
glucose,full_patch,TinyColorCNN,5,raw,glucose_03_c0.05_wA05,A05,3,0.05,0.32863506778120133,0.32863506778120133
glucose,full_patch,TinyColorCNN,5,raw,glucose_03_c0.05_wA09,A09,3,0.05,0.18005853059787125,0.18005853059787125
glucose,full_patch,TinyColorCNN,5,raw,glucose_03_c0.05_wB02,B02,3,0.05,0.19711808797613184,0.19711808797613184
glucose,full_patch,TinyColorCNN,5,raw,glucose_03_c0.05_wB05,B05,3,0.05,0.10960852306036273,0.10960852306036273
glucose,full_patch,TinyColorCNN,5,raw,glucose_03_c0.05_wB09,B09,3,0.05,-0.23710231464943288,0.0
glucose,full_patch,TinyColorCNN,5,raw,glucose_03_c0.05_wC11,C11,3,0.05,0.1162291252189247,0.1162291252189247
glucose,full_patch,TinyColorCNN,5,raw,glucose_03_c0.05_wD01,D01,3,0.05,0.28872909761377485,0.28872909761377485
glucose,full_patch,TinyColorCNN,5,raw,glucose_03_c0.05_wD04,D04,3,0.05,-0.27428088977318943,0.0
glucose,full_patch,TinyColorCNN,5,raw,glucose_03_c0.05_wD06,D06,3,0.05,0.006947382817322101,0.006947382817322101
glucose,full_patch,TinyColorCNN,5,raw,glucose_03_c0.05_wD08,D08,3,0.05,0.326639490560928,0.326639490560928
glucose,full_patch,TinyColorCNN,5,raw,glucose_03_c0.05_wE01,E01,3,0.05,-0.13789521119527315,0.0
glucose,full_patch,TinyColorCNN,5,raw,glucose_03_c0.05_wE05,E05,3,0.05,0.07794525832272647,0.07794525832272647
glucose,full_patch,TinyColorCNN,5,raw,glucose_03_c0.05_wE06,E06,3,0.05,0.3228358694146243,0.3228358694146243
glucose,full_patch,TinyColorCNN,5,raw,glucose_03_c0.05_wE09,E09,3,0.05,0.14876834164941943,0.14876834164941943
glucose,full_patch,TinyColorCNN,5,raw,glucose_03_c0.05_wF03,F03,3,0.05,-0.11367992480608713,0.0
glucose,full_patch,TinyColorCNN,5,raw,glucose_03_c0.05_wG10,G10,3,0.05,0.17325397858380942,0.17325397858380942
glucose,full_patch,TinyColorCNN,5,raw,glucose_03_c0.05_wH03,H03,3,0.05,-0.16277900799005351,0.0
glucose,full_patch,TinyColorCNN,5,raw,glucose_03_c0.05_wH08,H08,3,0.05,0.11797386172715285,0.11797386172715285
glucose,full_patch,TinyColorCNN,5,raw,glucose_03_c0.05_wH11,H11,3,0.05,0.06694927745834178,0.06694927745834178
glucose,full_patch,TinyColorCNN,5,raw,glucose_04_c0.1_wA05,A05,4,0.1,0.5871507092956376,0.5871507092956376
glucose,full_patch,TinyColorCNN,5,raw,glucose_04_c0.1_wA09,A09,4,0.1,0.05083694238794845,0.05083694238794845
glucose,full_patch,TinyColorCNN,5,raw,glucose_04_c0.1_wB02,B02,4,0.1,-0.041583128086007726,0.0
glucose,full_patch,TinyColorCNN,5,raw,glucose_04_c0.1_wB05,B05,4,0.1,0.33997187348607927,0.33997187348607927
glucose,full_patch,TinyColorCNN,5,raw,glucose_04_c0.1_wB09,B09,4,0.1,0.35430124870164725,0.35430124870164725
glucose,full_patch,TinyColorCNN,5,raw,glucose_04_c0.1_wC11,C11,4,0.1,0.1295826106166773,0.1295826106166773
glucose,full_patch,TinyColorCNN,5,raw,glucose_04_c0.1_wD01,D01,4,0.1,0.14327453189576111,0.14327453189576111
glucose,full_patch,TinyColorCNN,5,raw,glucose_04_c0.1_wD04,D04,4,0.1,-0.24943651080458729,0.0
glucose,full_patch,TinyColorCNN,5,raw,glucose_04_c0.1_wD06,D06,4,0.1,-0.46718456421371446,0.0
glucose,full_patch,TinyColorCNN,5,raw,glucose_04_c0.1_wD08,D08,4,0.1,0.18389838429146987,0.18389838429146987
glucose,full_patch,TinyColorCNN,5,raw,glucose_04_c0.1_wE01,E01,4,0.1,0.17684936212312952,0.17684936212312952
glucose,full_patch,TinyColorCNN,5,raw,glucose_04_c0.1_wE05,E05,4,0.1,0.14660434280820045,0.14660434280820045
glucose,full_patch,TinyColorCNN,5,raw,glucose_04_c0.1_wE06,E06,4,0.1,0.36637823358699073,0.36637823358699073
glucose,full_patch,TinyColorCNN,5,raw,glucose_04_c0.1_wE09,E09,4,0.1,0.014932876977299614,0.014932876977299614
glucose,full_patch,TinyColorCNN,5,raw,glucose_04_c0.1_wF03,F03,4,0.1,-0.22317468273299834,0.0
glucose,full_patch,TinyColorCNN,5,raw,glucose_04_c0.1_wG10,G10,4,0.1,0.030271587438955194,0.030271587438955194
glucose,full_patch,TinyColorCNN,5,raw,glucose_04_c0.1_wH03,H03,4,0.1,-0.06488185047657602,0.0
glucose,full_patch,TinyColorCNN,5,raw,glucose_04_c0.1_wH08,H08,4,0.1,0.7251561021856192,0.7251561021856192
glucose,full_patch,TinyColorCNN,5,raw,glucose_04_c0.1_wH11,H11,4,0.1,-0.28602580933496746,0.0
glucose,full_patch,TinyColorCNN,5,raw,glucose_05_c0.5_wA05,A05,5,0.5,0.38936798392589633,0.38936798392589633
glucose,full_patch,TinyColorCNN,5,raw,glucose_05_c0.5_wA09,A09,5,0.5,0.4139583369035691,0.4139583369035691
glucose,full_patch,TinyColorCNN,5,raw,glucose_05_c0.5_wB02,B02,5,0.5,0.3947542905172492,0.3947542905172492
glucose,full_patch,TinyColorCNN,5,raw,glucose_05_c0.5_wB05,B05,5,0.5,0.8977591979843114,0.8977591979843114
glucose,full_patch,TinyColorCNN,5,raw,glucose_05_c0.5_wB09,B09,5,0.5,0.9701960232251641,0.9701960232251641
glucose,full_patch,TinyColorCNN,5,raw,glucose_05_c0.5_wC11,C11,5,0.5,0.2837441361616948,0.2837441361616948
glucose,full_patch,TinyColorCNN,5,raw,glucose_05_c0.5_wD01,D01,5,0.5,0.4733148144108972,0.4733148144108972
glucose,full_patch,TinyColorCNN,5,raw,glucose_05_c0.5_wD04,D04,5,0.5,0.3719707869860249,0.3719707869860249
glucose,full_patch,TinyColorCNN,5,raw,glucose_05_c0.5_wD06,D06,5,0.5,0.30213832539198204,0.30213832539198204
glucose,full_patch,TinyColorCNN,5,raw,glucose_05_c0.5_wD08,D08,5,0.5,0.2401846511153316,0.2401846511153316
glucose,full_patch,TinyColorCNN,5,raw,glucose_05_c0.5_wE01,E01,5,0.5,0.557682101708469,0.557682101708469
glucose,full_patch,TinyColorCNN,5,raw,glucose_05_c0.5_wE05,E05,5,0.5,0.49220869426597336,0.49220869426597336
glucose,full_patch,TinyColorCNN,5,raw,glucose_05_c0.5_wE06,E06,5,0.5,0.27350505719191087,0.27350505719191087
glucose,full_patch,TinyColorCNN,5,raw,glucose_05_c0.5_wE09,E09,5,0.5,0.867366859521038,0.867366859521038
glucose,full_patch,TinyColorCNN,5,raw,glucose_05_c0.5_wF03,F03,5,0.5,0.6693305063202288,0.6693305063202288
glucose,full_patch,TinyColorCNN,5,raw,glucose_05_c0.5_wG10,G10,5,0.5,0.7382324683205406,0.7382324683205406
glucose,full_patch,TinyColorCNN,5,raw,glucose_05_c0.5_wH03,H03,5,0.5,0.4835065123572946,0.4835065123572946
glucose,full_patch,TinyColorCNN,5,raw,glucose_05_c0.5_wH08,H08,5,0.5,0.7351001446988548,0.7351001446988548
glucose,full_patch,TinyColorCNN,5,raw,glucose_05_c0.5_wH11,H11,5,0.5,0.5146848183849766,0.5146848183849766
glucose,full_patch,TinyColorCNN,5,raw,glucose_06_c1_wA05,A05,6,1.0,0.6965968917195813,0.6965968917195813
glucose,full_patch,TinyColorCNN,5,raw,glucose_06_c1_wA09,A09,6,1.0,0.4741537372367386,0.4741537372367386
glucose,full_patch,TinyColorCNN,5,raw,glucose_06_c1_wB02,B02,6,1.0,0.8463575563277113,0.8463575563277113
glucose,full_patch,TinyColorCNN,5,raw,glucose_06_c1_wB05,B05,6,1.0,0.3811774374378185,0.3811774374378185
glucose,full_patch,TinyColorCNN,5,raw,glucose_06_c1_wB09,B09,6,1.0,0.6412885055128363,0.6412885055128363
glucose,full_patch,TinyColorCNN,5,raw,glucose_06_c1_wC11,C11,6,1.0,0.3278538781351168,0.3278538781351168
glucose,full_patch,TinyColorCNN,5,raw,glucose_06_c1_wD01,D01,6,1.0,0.8591193761729246,0.8591193761729246
glucose,full_patch,TinyColorCNN,5,raw,glucose_06_c1_wD04,D04,6,1.0,0.6026498781810306,0.6026498781810306
glucose,full_patch,TinyColorCNN,5,raw,glucose_06_c1_wD06,D06,6,1.0,0.796617037608657,0.796617037608657
glucose,full_patch,TinyColorCNN,5,raw,glucose_06_c1_wD08,D08,6,1.0,0.6924058610291182,0.6924058610291182
glucose,full_patch,TinyColorCNN,5,raw,glucose_06_c1_wE01,E01,6,1.0,0.6419876742276811,0.6419876742276811
glucose,full_patch,TinyColorCNN,5,raw,glucose_06_c1_wE05,E05,6,1.0,0.9644063806952361,0.9644063806952361
glucose,full_patch,TinyColorCNN,5,raw,glucose_06_c1_wE06,E06,6,1.0,0.6805494567064319,0.6805494567064319
glucose,full_patch,TinyColorCNN,5,raw,glucose_06_c1_wE09,E09,6,1.0,0.8083213448646749,0.8083213448646749
glucose,full_patch,TinyColorCNN,5,raw,glucose_06_c1_wF03,F03,6,1.0,0.18919550307409594,0.18919550307409594
glucose,full_patch,TinyColorCNN,5,raw,glucose_06_c1_wG10,G10,6,1.0,0.8399240893035325,0.8399240893035325
glucose,full_patch,TinyColorCNN,5,raw,glucose_06_c1_wH03,H03,6,1.0,0.4737850412060176,0.4737850412060176
glucose,full_patch,TinyColorCNN,5,raw,glucose_06_c1_wH08,H08,6,1.0,0.9393609309971374,0.9393609309971374
glucose,full_patch,TinyColorCNN,5,raw,glucose_06_c1_wH11,H11,6,1.0,0.33909472731364065,0.33909472731364065
glucose,full_patch,TinyColorCNN,5,raw,glucose_07_c2.5_wA05,A05,7,2.5,2.580262921873555,2.580262921873555
glucose,full_patch,TinyColorCNN,5,raw,glucose_07_c2.5_wA09,A09,7,2.5,2.6402439131219038,2.6402439131219038
glucose,full_patch,TinyColorCNN,5,raw,glucose_07_c2.5_wB02,B02,7,2.5,2.33205563914461,2.33205563914461
glucose,full_patch,TinyColorCNN,5,raw,glucose_07_c2.5_wB05,B05,7,2.5,2.509624584722083,2.509624584722083
glucose,full_patch,TinyColorCNN,5,raw,glucose_07_c2.5_wB09,B09,7,2.5,2.080867731700787,2.080867731700787
glucose,full_patch,TinyColorCNN,5,raw,glucose_07_c2.5_wC11,C11,7,2.5,2.0812503633266215,2.0812503633266215
glucose,full_patch,TinyColorCNN,5,raw,glucose_07_c2.5_wD01,D01,7,2.5,2.390050808089265,2.390050808089265
glucose,full_patch,TinyColorCNN,5,raw,glucose_07_c2.5_wD04,D04,7,2.5,2.7739035902156615,2.7739035902156615
glucose,full_patch,TinyColorCNN,5,raw,glucose_07_c2.5_wD06,D06,7,2.5,2.7737594563462005,2.7737594563462005
glucose,full_patch,TinyColorCNN,5,raw,glucose_07_c2.5_wD08,D08,7,2.5,2.5324594508752973,2.5324594508752973
glucose,full_patch,TinyColorCNN,5,raw,glucose_07_c2.5_wE01,E01,7,2.5,2.2745115853217768,2.2745115853217768
glucose,full_patch,TinyColorCNN,5,raw,glucose_07_c2.5_wE05,E05,7,2.5,2.360342906426002,2.360342906426002
glucose,full_patch,TinyColorCNN,5,raw,glucose_07_c2.5_wE06,E06,7,2.5,3.0959301092207325,3.0959301092207325
glucose,full_patch,TinyColorCNN,5,raw,glucose_07_c2.5_wE09,E09,7,2.5,2.4581072776260395,2.4581072776260395
glucose,full_patch,TinyColorCNN,5,raw,glucose_07_c2.5_wF03,F03,7,2.5,2.4011345832028654,2.4011345832028654
glucose,full_patch,TinyColorCNN,5,raw,glucose_07_c2.5_wG10,G10,7,2.5,2.931791095734207,2.931791095734207
glucose,full_patch,TinyColorCNN,5,raw,glucose_07_c2.5_wH03,H03,7,2.5,2.9382333222753134,2.9382333222753134
glucose,full_patch,TinyColorCNN,5,raw,glucose_07_c2.5_wH08,H08,7,2.5,2.3329602583474154,2.3329602583474154
glucose,full_patch,TinyColorCNN,5,raw,glucose_07_c2.5_wH11,H11,7,2.5,2.4686173043808184,2.4686173043808184
glucose,full_patch,TinyColorCNN,5,raw,glucose_08_c5_wA05,A05,8,5.0,4.2486383412767275,4.2486383412767275
glucose,full_patch,TinyColorCNN,5,raw,glucose_08_c5_wA09,A09,8,5.0,4.7859496230596505,4.7859496230596505
glucose,full_patch,TinyColorCNN,5,raw,glucose_08_c5_wB02,B02,8,5.0,4.315805819385217,4.315805819385217
glucose,full_patch,TinyColorCNN,5,raw,glucose_08_c5_wB05,B05,8,5.0,6.170663689620444,6.170663689620444
glucose,full_patch,TinyColorCNN,5,raw,glucose_08_c5_wB09,B09,8,5.0,4.6547895437994375,4.6547895437994375
glucose,full_patch,TinyColorCNN,5,raw,glucose_08_c5_wC11,C11,8,5.0,7.622126992241379,7.622126992241379
glucose,full_patch,TinyColorCNN,5,raw,glucose_08_c5_wD01,D01,8,5.0,4.3191982409357035,4.3191982409357035
glucose,full_patch,TinyColorCNN,5,raw,glucose_08_c5_wD04,D04,8,5.0,4.960167232207231,4.960167232207231
glucose,full_patch,TinyColorCNN,5,raw,glucose_08_c5_wD06,D06,8,5.0,6.114808331305489,6.114808331305489
glucose,full_patch,TinyColorCNN,5,raw,glucose_08_c5_wD08,D08,8,5.0,5.8380608502438385,5.8380608502438385
glucose,full_patch,TinyColorCNN,5,raw,glucose_08_c5_wE01,E01,8,5.0,4.928413386101355,4.928413386101355
glucose,full_patch,TinyColorCNN,5,raw,glucose_08_c5_wE05,E05,8,5.0,5.3167321531868055,5.3167321531868055
glucose,full_patch,TinyColorCNN,5,raw,glucose_08_c5_wE06,E06,8,5.0,5.113240263348917,5.113240263348917
glucose,full_patch,TinyColorCNN,5,raw,glucose_08_c5_wE09,E09,8,5.0,5.871241900369282,5.871241900369282
glucose,full_patch,TinyColorCNN,5,raw,glucose_08_c5_wF03,F03,8,5.0,4.818237998778099,4.818237998778099
glucose,full_patch,TinyColorCNN,5,raw,glucose_08_c5_wG10,G10,8,5.0,5.009883214324889,5.009883214324889
glucose,full_patch,TinyColorCNN,5,raw,glucose_08_c5_wH03,H03,8,5.0,4.662932609724164,4.662932609724164
glucose,full_patch,TinyColorCNN,5,raw,glucose_08_c5_wH08,H08,8,5.0,5.141824284151256,5.141824284151256
glucose,full_patch,TinyColorCNN,5,raw,glucose_08_c5_wH11,H11,8,5.0,4.92374095525469,4.92374095525469
glucose,full_patch,TinyColorCNN,5,raw,glucose_09_c10_wA05,A05,9,10.0,9.82627468114211,9.82627468114211
glucose,full_patch,TinyColorCNN,5,raw,glucose_09_c10_wA09,A09,9,10.0,9.319636564948993,9.319636564948993
glucose,full_patch,TinyColorCNN,5,raw,glucose_09_c10_wB02,B02,9,10.0,10.135289335909643,10.135289335909643
glucose,full_patch,TinyColorCNN,5,raw,glucose_09_c10_wB05,B05,9,10.0,11.144077112189706,11.144077112189706
glucose,full_patch,TinyColorCNN,5,raw,glucose_09_c10_wB09,B09,9,10.0,10.493532077655908,10.493532077655908
glucose,full_patch,TinyColorCNN,5,raw,glucose_09_c10_wC11,C11,9,10.0,10.963636239539241,10.963636239539241
glucose,full_patch,TinyColorCNN,5,raw,glucose_09_c10_wD01,D01,9,10.0,9.586533073364773,9.586533073364773
glucose,full_patch,TinyColorCNN,5,raw,glucose_09_c10_wD04,D04,9,10.0,9.770543051003772,9.770543051003772
glucose,full_patch,TinyColorCNN,5,raw,glucose_09_c10_wD06,D06,9,10.0,10.419539243680653,10.419539243680653
glucose,full_patch,TinyColorCNN,5,raw,glucose_09_c10_wD08,D08,9,10.0,10.838641914567077,10.838641914567077
glucose,full_patch,TinyColorCNN,5,raw,glucose_09_c10_wE01,E01,9,10.0,9.987531415399275,9.987531415399275
glucose,full_patch,TinyColorCNN,5,raw,glucose_09_c10_wE05,E05,9,10.0,8.988974356731926,8.988974356731926
glucose,full_patch,TinyColorCNN,5,raw,glucose_09_c10_wE06,E06,9,10.0,9.994375783399374,9.994375783399374
glucose,full_patch,TinyColorCNN,5,raw,glucose_09_c10_wE09,E09,9,10.0,10.680265070580113,10.680265070580113
glucose,full_patch,TinyColorCNN,5,raw,glucose_09_c10_wF03,F03,9,10.0,9.223527145208664,9.223527145208664
glucose,full_patch,TinyColorCNN,5,raw,glucose_09_c10_wG10,G10,9,10.0,11.010024252233814,11.010024252233814
glucose,full_patch,TinyColorCNN,5,raw,glucose_09_c10_wH03,H03,9,10.0,8.800506979455864,8.800506979455864
glucose,full_patch,TinyColorCNN,5,raw,glucose_09_c10_wH08,H08,9,10.0,11.644348652215193,11.644348652215193
glucose,full_patch,TinyColorCNN,5,raw,glucose_09_c10_wH11,H11,9,10.0,12.135596695324665,12.135596695324665
glucose,full_patch,TinyColorCNN,5,raw,glucose_10_c15_wA05,A05,10,15.0,15.929395237872441,15.929395237872441
glucose,full_patch,TinyColorCNN,5,raw,glucose_10_c15_wA09,A09,10,15.0,14.95888535609067,14.95888535609067
glucose,full_patch,TinyColorCNN,5,raw,glucose_10_c15_wB02,B02,10,15.0,14.459321346137099,14.459321346137099
glucose,full_patch,TinyColorCNN,5,raw,glucose_10_c15_wB05,B05,10,15.0,15.425732570316017,15.425732570316017
glucose,full_patch,TinyColorCNN,5,raw,glucose_10_c15_wB09,B09,10,15.0,15.63271119582132,15.63271119582132
glucose,full_patch,TinyColorCNN,5,raw,glucose_10_c15_wC11,C11,10,15.0,15.45952917558562,15.45952917558562
glucose,full_patch,TinyColorCNN,5,raw,glucose_10_c15_wD01,D01,10,15.0,15.153070308961931,15.153070308961931
glucose,full_patch,TinyColorCNN,5,raw,glucose_10_c15_wD04,D04,10,15.0,15.122689118974748,15.122689118974748
glucose,full_patch,TinyColorCNN,5,raw,glucose_10_c15_wD06,D06,10,15.0,13.333247221622157,13.333247221622157
glucose,full_patch,TinyColorCNN,5,raw,glucose_10_c15_wD08,D08,10,15.0,14.16695256065288,14.16695256065288
glucose,full_patch,TinyColorCNN,5,raw,glucose_10_c15_wE01,E01,10,15.0,13.6304647978862,13.6304647978862
glucose,full_patch,TinyColorCNN,5,raw,glucose_10_c15_wE05,E05,10,15.0,14.495928163701334,14.495928163701334
glucose,full_patch,TinyColorCNN,5,raw,glucose_10_c15_wE06,E06,10,15.0,13.273234178505046,13.273234178505046
glucose,full_patch,TinyColorCNN,5,raw,glucose_10_c15_wE09,E09,10,15.0,14.652008421613571,14.652008421613571
glucose,full_patch,TinyColorCNN,5,raw,glucose_10_c15_wF03,F03,10,15.0,15.14288537973316,15.14288537973316
glucose,full_patch,TinyColorCNN,5,raw,glucose_10_c15_wG10,G10,10,15.0,16.627510421726306,16.627510421726306
glucose,full_patch,TinyColorCNN,5,raw,glucose_10_c15_wH03,H03,10,15.0,14.753752599698135,14.753752599698135
glucose,full_patch,TinyColorCNN,5,raw,glucose_10_c15_wH08,H08,10,15.0,15.250135312367194,15.250135312367194
glucose,full_patch,TinyColorCNN,5,raw,glucose_10_c15_wH11,H11,10,15.0,17.669959827083304,17.669959827083304
glucose,full_patch,TinyColorCNN,5,raw,glucose_11_c20_wA05,A05,11,20.0,19.398620232788232,19.398620232788232
glucose,full_patch,TinyColorCNN,5,raw,glucose_11_c20_wA09,A09,11,20.0,19.549790383302145,19.549790383302145
glucose,full_patch,TinyColorCNN,5,raw,glucose_11_c20_wB02,B02,11,20.0,21.77066237897869,20.0
glucose,full_patch,TinyColorCNN,5,raw,glucose_11_c20_wB05,B05,11,20.0,18.383602449172653,18.383602449172653
glucose,full_patch,TinyColorCNN,5,raw,glucose_11_c20_wB09,B09,11,20.0,18.823159786566883,18.823159786566883
glucose,full_patch,TinyColorCNN,5,raw,glucose_11_c20_wC11,C11,11,20.0,20.942461201857995,20.0
glucose,full_patch,TinyColorCNN,5,raw,glucose_11_c20_wD01,D01,11,20.0,17.656794273139656,17.656794273139656
glucose,full_patch,TinyColorCNN,5,raw,glucose_11_c20_wD04,D04,11,20.0,18.92698554440156,18.92698554440156
glucose,full_patch,TinyColorCNN,5,raw,glucose_11_c20_wD06,D06,11,20.0,18.735378278466467,18.735378278466467
glucose,full_patch,TinyColorCNN,5,raw,glucose_11_c20_wD08,D08,11,20.0,20.31898108383419,20.0
glucose,full_patch,TinyColorCNN,5,raw,glucose_11_c20_wE01,E01,11,20.0,17.384879756003382,17.384879756003382
glucose,full_patch,TinyColorCNN,5,raw,glucose_11_c20_wE05,E05,11,20.0,16.965589551822713,16.965589551822713
glucose,full_patch,TinyColorCNN,5,raw,glucose_11_c20_wE06,E06,11,20.0,20.721442663355624,20.0
glucose,full_patch,TinyColorCNN,5,raw,glucose_11_c20_wE09,E09,11,20.0,18.25545390178648,18.25545390178648
glucose,full_patch,TinyColorCNN,5,raw,glucose_11_c20_wF03,F03,11,20.0,18.111890993565176,18.111890993565176
glucose,full_patch,TinyColorCNN,5,raw,glucose_11_c20_wG10,G10,11,20.0,22.686926961380955,20.0
glucose,full_patch,TinyColorCNN,5,raw,glucose_11_c20_wH03,H03,11,20.0,15.5932615168539,15.5932615168539
glucose,full_patch,TinyColorCNN,5,raw,glucose_11_c20_wH08,H08,11,20.0,21.565883984861898,20.0
glucose,full_patch,TinyColorCNN,5,raw,glucose_11_c20_wH11,H11,11,20.0,21.796475879047478,20.0
ketone,roi_masked,TinyColorCNN,1,raw,ketone_01_c0_wA06,A06,1,0.0,0.22473945911964943,0.22473945911964943
ketone,roi_masked,TinyColorCNN,1,raw,ketone_01_c0_wA11,A11,1,0.0,0.18115774586511235,0.18115774586511235
ketone,roi_masked,TinyColorCNN,1,raw,ketone_01_c0_wA12,A12,1,0.0,0.29325833908263155,0.29325833908263155
ketone,roi_masked,TinyColorCNN,1,raw,ketone_01_c0_wC01,C01,1,0.0,0.007297319074668351,0.007297319074668351
ketone,roi_masked,TinyColorCNN,1,raw,ketone_01_c0_wC03,C03,1,0.0,-0.018830615845880416,0.0
ketone,roi_masked,TinyColorCNN,1,raw,ketone_01_c0_wC09,C09,1,0.0,-0.011034865073363154,0.0
ketone,roi_masked,TinyColorCNN,1,raw,ketone_01_c0_wD02,D02,1,0.0,-0.013459152193754598,0.0
ketone,roi_masked,TinyColorCNN,1,raw,ketone_01_c0_wD03,D03,1,0.0,-0.007505512787463697,0.0
ketone,roi_masked,TinyColorCNN,1,raw,ketone_01_c0_wE02,E02,1,0.0,0.020425210924991166,0.020425210924991166
ketone,roi_masked,TinyColorCNN,1,raw,ketone_01_c0_wE03,E03,1,0.0,0.029670653937442282,0.029670653937442282
ketone,roi_masked,TinyColorCNN,1,raw,ketone_01_c0_wE08,E08,1,0.0,-0.019087321677210944,0.0
ketone,roi_masked,TinyColorCNN,1,raw,ketone_01_c0_wE10,E10,1,0.0,-0.01989676174552324,0.0
ketone,roi_masked,TinyColorCNN,1,raw,ketone_01_c0_wE11,E11,1,0.0,-0.038140419687777705,0.0
ketone,roi_masked,TinyColorCNN,1,raw,ketone_01_c0_wF01,F01,1,0.0,0.020202181349616488,0.020202181349616488
ketone,roi_masked,TinyColorCNN,1,raw,ketone_01_c0_wF12,F12,1,0.0,0.017872470061821133,0.017872470061821133
ketone,roi_masked,TinyColorCNN,1,raw,ketone_01_c0_wG06,G06,1,0.0,-0.03434871525218375,0.0
ketone,roi_masked,TinyColorCNN,1,raw,ketone_01_c0_wG09,G09,1,0.0,0.019180802688430365,0.019180802688430365
ketone,roi_masked,TinyColorCNN,1,raw,ketone_01_c0_wG11,G11,1,0.0,-0.007723299352929036,0.0
ketone,roi_masked,TinyColorCNN,1,raw,ketone_01_c0_wG12,G12,1,0.0,-0.0031931371370257366,0.0
ketone,roi_masked,TinyColorCNN,1,raw,ketone_01_c0_wH05,H05,1,0.0,-0.07969228149048879,0.0
ketone,roi_masked,TinyColorCNN,1,raw,ketone_02_c0.01_wA06,A06,2,0.01,0.0015431156991598804,0.0015431156991598804
ketone,roi_masked,TinyColorCNN,1,raw,ketone_02_c0.01_wA11,A11,2,0.01,0.06726908461427827,0.06726908461427827
ketone,roi_masked,TinyColorCNN,1,raw,ketone_02_c0.01_wA12,A12,2,0.01,0.4344571331614582,0.4344571331614582
ketone,roi_masked,TinyColorCNN,1,raw,ketone_02_c0.01_wC01,C01,2,0.01,0.07563975158877811,0.07563975158877811
ketone,roi_masked,TinyColorCNN,1,raw,ketone_02_c0.01_wC03,C03,2,0.01,-0.014052217276192547,0.0
ketone,roi_masked,TinyColorCNN,1,raw,ketone_02_c0.01_wC09,C09,2,0.01,0.02386462542552259,0.02386462542552259
ketone,roi_masked,TinyColorCNN,1,raw,ketone_02_c0.01_wD02,D02,2,0.01,0.013347550855827173,0.013347550855827173
ketone,roi_masked,TinyColorCNN,1,raw,ketone_02_c0.01_wD03,D03,2,0.01,0.03892859951198524,0.03892859951198524
ketone,roi_masked,TinyColorCNN,1,raw,ketone_02_c0.01_wE02,E02,2,0.01,0.0022448724101034045,0.0022448724101034045
ketone,roi_masked,TinyColorCNN,1,raw,ketone_02_c0.01_wE03,E03,2,0.01,0.026617810590611413,0.026617810590611413
ketone,roi_masked,TinyColorCNN,1,raw,ketone_02_c0.01_wE08,E08,2,0.01,0.0355057206580911,0.0355057206580911
ketone,roi_masked,TinyColorCNN,1,raw,ketone_02_c0.01_wE10,E10,2,0.01,0.06628581860204852,0.06628581860204852
ketone,roi_masked,TinyColorCNN,1,raw,ketone_02_c0.01_wE11,E11,2,0.01,0.06253726817109273,0.06253726817109273
ketone,roi_masked,TinyColorCNN,1,raw,ketone_02_c0.01_wF01,F01,2,0.01,0.013398972683784205,0.013398972683784205
ketone,roi_masked,TinyColorCNN,1,raw,ketone_02_c0.01_wF12,F12,2,0.01,0.18833966116978118,0.18833966116978118
ketone,roi_masked,TinyColorCNN,1,raw,ketone_02_c0.01_wG06,G06,2,0.01,0.03773682302874537,0.03773682302874537
ketone,roi_masked,TinyColorCNN,1,raw,ketone_02_c0.01_wG09,G09,2,0.01,0.04990685729947586,0.04990685729947586
ketone,roi_masked,TinyColorCNN,1,raw,ketone_02_c0.01_wG11,G11,2,0.01,0.05221257173422522,0.05221257173422522
ketone,roi_masked,TinyColorCNN,1,raw,ketone_02_c0.01_wG12,G12,2,0.01,0.19119085028932958,0.19119085028932958
ketone,roi_masked,TinyColorCNN,1,raw,ketone_02_c0.01_wH05,H05,2,0.01,-0.0775015099652907,0.0
ketone,roi_masked,TinyColorCNN,1,raw,ketone_03_c0.05_wA06,A06,3,0.05,0.03649987599859417,0.03649987599859417
ketone,roi_masked,TinyColorCNN,1,raw,ketone_03_c0.05_wA11,A11,3,0.05,0.10825792781441623,0.10825792781441623
ketone,roi_masked,TinyColorCNN,1,raw,ketone_03_c0.05_wA12,A12,3,0.05,0.08908524884707103,0.08908524884707103
ketone,roi_masked,TinyColorCNN,1,raw,ketone_03_c0.05_wC01,C01,3,0.05,0.03302416373715156,0.03302416373715156
ketone,roi_masked,TinyColorCNN,1,raw,ketone_03_c0.05_wC03,C03,3,0.05,0.031767857901181085,0.031767857901181085
ketone,roi_masked,TinyColorCNN,1,raw,ketone_03_c0.05_wC09,C09,3,0.05,-0.004573460322775169,0.0
ketone,roi_masked,TinyColorCNN,1,raw,ketone_03_c0.05_wD02,D02,3,0.05,0.04976590099460543,0.04976590099460543
ketone,roi_masked,TinyColorCNN,1,raw,ketone_03_c0.05_wD03,D03,3,0.05,0.0462321123157059,0.0462321123157059
ketone,roi_masked,TinyColorCNN,1,raw,ketone_03_c0.05_wE02,E02,3,0.05,0.06128156729780443,0.06128156729780443
ketone,roi_masked,TinyColorCNN,1,raw,ketone_03_c0.05_wE03,E03,3,0.05,0.03745208725982252,0.03745208725982252
ketone,roi_masked,TinyColorCNN,1,raw,ketone_03_c0.05_wE08,E08,3,0.05,0.09403969155717662,0.09403969155717662
ketone,roi_masked,TinyColorCNN,1,raw,ketone_03_c0.05_wE10,E10,3,0.05,0.037569853328555336,0.037569853328555336
ketone,roi_masked,TinyColorCNN,1,raw,ketone_03_c0.05_wE11,E11,3,0.05,0.040812856611713855,0.040812856611713855
ketone,roi_masked,TinyColorCNN,1,raw,ketone_03_c0.05_wF01,F01,3,0.05,0.03836880737704895,0.03836880737704895
ketone,roi_masked,TinyColorCNN,1,raw,ketone_03_c0.05_wF12,F12,3,0.05,0.08358775130289353,0.08358775130289353
ketone,roi_masked,TinyColorCNN,1,raw,ketone_03_c0.05_wG06,G06,3,0.05,0.04118995001673209,0.04118995001673209
ketone,roi_masked,TinyColorCNN,1,raw,ketone_03_c0.05_wG09,G09,3,0.05,0.015347960790470516,0.015347960790470516
ketone,roi_masked,TinyColorCNN,1,raw,ketone_03_c0.05_wG11,G11,3,0.05,0.03524599001335105,0.03524599001335105
ketone,roi_masked,TinyColorCNN,1,raw,ketone_03_c0.05_wG12,G12,3,0.05,0.07549839197545305,0.07549839197545305
ketone,roi_masked,TinyColorCNN,1,raw,ketone_03_c0.05_wH05,H05,3,0.05,0.4020090522765327,0.4020090522765327
ketone,roi_masked,TinyColorCNN,1,raw,ketone_04_c0.1_wA06,A06,4,0.1,0.09009553652575675,0.09009553652575675
ketone,roi_masked,TinyColorCNN,1,raw,ketone_04_c0.1_wA11,A11,4,0.1,0.14063815205186092,0.14063815205186092
ketone,roi_masked,TinyColorCNN,1,raw,ketone_04_c0.1_wA12,A12,4,0.1,0.2702100675211425,0.2702100675211425
ketone,roi_masked,TinyColorCNN,1,raw,ketone_04_c0.1_wC01,C01,4,0.1,0.09436274162928315,0.09436274162928315
ketone,roi_masked,TinyColorCNN,1,raw,ketone_04_c0.1_wC03,C03,4,0.1,0.10243052395440433,0.10243052395440433
ketone,roi_masked,TinyColorCNN,1,raw,ketone_04_c0.1_wC09,C09,4,0.1,0.14744539380223887,0.14744539380223887
ketone,roi_masked,TinyColorCNN,1,raw,ketone_04_c0.1_wD02,D02,4,0.1,0.07303478228074178,0.07303478228074178
ketone,roi_masked,TinyColorCNN,1,raw,ketone_04_c0.1_wD03,D03,4,0.1,0.15451720589881135,0.15451720589881135
ketone,roi_masked,TinyColorCNN,1,raw,ketone_04_c0.1_wE02,E02,4,0.1,0.06864638298661818,0.06864638298661818
ketone,roi_masked,TinyColorCNN,1,raw,ketone_04_c0.1_wE03,E03,4,0.1,0.05579395081076344,0.05579395081076344
ketone,roi_masked,TinyColorCNN,1,raw,ketone_04_c0.1_wE08,E08,4,0.1,0.20689306000514174,0.20689306000514174
ketone,roi_masked,TinyColorCNN,1,raw,ketone_04_c0.1_wE10,E10,4,0.1,0.20136712921491728,0.20136712921491728
ketone,roi_masked,TinyColorCNN,1,raw,ketone_04_c0.1_wE11,E11,4,0.1,0.08192672543276691,0.08192672543276691
ketone,roi_masked,TinyColorCNN,1,raw,ketone_04_c0.1_wF01,F01,4,0.1,0.11185543922913732,0.11185543922913732
ketone,roi_masked,TinyColorCNN,1,raw,ketone_04_c0.1_wF12,F12,4,0.1,0.2020271435008132,0.2020271435008132
ketone,roi_masked,TinyColorCNN,1,raw,ketone_04_c0.1_wG06,G06,4,0.1,0.09185053326579684,0.09185053326579684
ketone,roi_masked,TinyColorCNN,1,raw,ketone_04_c0.1_wG09,G09,4,0.1,0.05962921255945064,0.05962921255945064
ketone,roi_masked,TinyColorCNN,1,raw,ketone_04_c0.1_wG11,G11,4,0.1,0.06286293974815438,0.06286293974815438
ketone,roi_masked,TinyColorCNN,1,raw,ketone_04_c0.1_wG12,G12,4,0.1,0.12540317518066257,0.12540317518066257
ketone,roi_masked,TinyColorCNN,1,raw,ketone_04_c0.1_wH05,H05,4,0.1,0.08832481075598841,0.08832481075598841
ketone,roi_masked,TinyColorCNN,1,raw,ketone_05_c0.5_wA06,A06,5,0.5,0.6395109482346755,0.6395109482346755
ketone,roi_masked,TinyColorCNN,1,raw,ketone_05_c0.5_wA11,A11,5,0.5,0.5108450652085745,0.5108450652085745
ketone,roi_masked,TinyColorCNN,1,raw,ketone_05_c0.5_wA12,A12,5,0.5,0.5619057304445678,0.5619057304445678
ketone,roi_masked,TinyColorCNN,1,raw,ketone_05_c0.5_wC01,C01,5,0.5,0.3902100617840021,0.3902100617840021
ketone,roi_masked,TinyColorCNN,1,raw,ketone_05_c0.5_wC03,C03,5,0.5,0.4370106806415375,0.4370106806415375
ketone,roi_masked,TinyColorCNN,1,raw,ketone_05_c0.5_wC09,C09,5,0.5,0.4349249709687537,0.4349249709687537
ketone,roi_masked,TinyColorCNN,1,raw,ketone_05_c0.5_wD02,D02,5,0.5,0.4356251144458787,0.4356251144458787
ketone,roi_masked,TinyColorCNN,1,raw,ketone_05_c0.5_wD03,D03,5,0.5,0.3966930435369096,0.3966930435369096
ketone,roi_masked,TinyColorCNN,1,raw,ketone_05_c0.5_wE02,E02,5,0.5,0.4428593590225276,0.4428593590225276
ketone,roi_masked,TinyColorCNN,1,raw,ketone_05_c0.5_wE03,E03,5,0.5,0.4298606267047791,0.4298606267047791
ketone,roi_masked,TinyColorCNN,1,raw,ketone_05_c0.5_wE08,E08,5,0.5,0.4579439018401732,0.4579439018401732
ketone,roi_masked,TinyColorCNN,1,raw,ketone_05_c0.5_wE10,E10,5,0.5,0.4446557957062742,0.4446557957062742
ketone,roi_masked,TinyColorCNN,1,raw,ketone_05_c0.5_wE11,E11,5,0.5,0.41213592591643633,0.41213592591643633
ketone,roi_masked,TinyColorCNN,1,raw,ketone_05_c0.5_wF01,F01,5,0.5,0.4808178433221766,0.4808178433221766
ketone,roi_masked,TinyColorCNN,1,raw,ketone_05_c0.5_wF12,F12,5,0.5,0.41302441444184335,0.41302441444184335
ketone,roi_masked,TinyColorCNN,1,raw,ketone_05_c0.5_wG06,G06,5,0.5,0.3639750484687665,0.3639750484687665
ketone,roi_masked,TinyColorCNN,1,raw,ketone_05_c0.5_wG09,G09,5,0.5,0.4517129878713688,0.4517129878713688
ketone,roi_masked,TinyColorCNN,1,raw,ketone_05_c0.5_wG11,G11,5,0.5,0.33708828869095364,0.33708828869095364
ketone,roi_masked,TinyColorCNN,1,raw,ketone_05_c0.5_wG12,G12,5,0.5,0.42010832579205304,0.42010832579205304
ketone,roi_masked,TinyColorCNN,1,raw,ketone_05_c0.5_wH05,H05,5,0.5,0.5864336398987429,0.5864336398987429
ketone,roi_masked,TinyColorCNN,1,raw,ketone_06_c1_wA06,A06,6,1.0,1.5908265117989575,1.5908265117989575
ketone,roi_masked,TinyColorCNN,1,raw,ketone_06_c1_wA11,A11,6,1.0,0.9685799957172894,0.9685799957172894
ketone,roi_masked,TinyColorCNN,1,raw,ketone_06_c1_wA12,A12,6,1.0,0.9736101595897395,0.9736101595897395
ketone,roi_masked,TinyColorCNN,1,raw,ketone_06_c1_wC01,C01,6,1.0,0.8385321762716209,0.8385321762716209
ketone,roi_masked,TinyColorCNN,1,raw,ketone_06_c1_wC03,C03,6,1.0,0.88565493775724,0.88565493775724
ketone,roi_masked,TinyColorCNN,1,raw,ketone_06_c1_wC09,C09,6,1.0,1.559346219964318,1.559346219964318
ketone,roi_masked,TinyColorCNN,1,raw,ketone_06_c1_wD02,D02,6,1.0,0.8547394289996624,0.8547394289996624
ketone,roi_masked,TinyColorCNN,1,raw,ketone_06_c1_wD03,D03,6,1.0,0.9310059652019544,0.9310059652019544
ketone,roi_masked,TinyColorCNN,1,raw,ketone_06_c1_wE02,E02,6,1.0,0.8125951070771953,0.8125951070771953
ketone,roi_masked,TinyColorCNN,1,raw,ketone_06_c1_wE03,E03,6,1.0,0.7036289263414426,0.7036289263414426
ketone,roi_masked,TinyColorCNN,1,raw,ketone_06_c1_wE08,E08,6,1.0,1.3215270210795462,1.3215270210795462
ketone,roi_masked,TinyColorCNN,1,raw,ketone_06_c1_wE10,E10,6,1.0,1.1281336600447167,1.1281336600447167
ketone,roi_masked,TinyColorCNN,1,raw,ketone_06_c1_wE11,E11,6,1.0,1.0405218553612794,1.0405218553612794
ketone,roi_masked,TinyColorCNN,1,raw,ketone_06_c1_wF01,F01,6,1.0,0.946038279574734,0.946038279574734
ketone,roi_masked,TinyColorCNN,1,raw,ketone_06_c1_wF12,F12,6,1.0,1.2460212758632343,1.2460212758632343
ketone,roi_masked,TinyColorCNN,1,raw,ketone_06_c1_wG06,G06,6,1.0,1.1600063205920912,1.1600063205920912
ketone,roi_masked,TinyColorCNN,1,raw,ketone_06_c1_wG09,G09,6,1.0,0.9241661562938706,0.9241661562938706
ketone,roi_masked,TinyColorCNN,1,raw,ketone_06_c1_wG11,G11,6,1.0,0.806238260043453,0.806238260043453
ketone,roi_masked,TinyColorCNN,1,raw,ketone_06_c1_wG12,G12,6,1.0,0.816593002960186,0.816593002960186
ketone,roi_masked,TinyColorCNN,1,raw,ketone_06_c1_wH05,H05,6,1.0,0.9559497864998998,0.9559497864998998
ketone,roi_masked,TinyColorCNN,1,raw,ketone_07_c5_wA06,A06,7,5.0,6.124187114987356,6.124187114987356
ketone,roi_masked,TinyColorCNN,1,raw,ketone_07_c5_wA11,A11,7,5.0,6.364805778682378,6.364805778682378
ketone,roi_masked,TinyColorCNN,1,raw,ketone_07_c5_wA12,A12,7,5.0,6.567684450433012,6.567684450433012
ketone,roi_masked,TinyColorCNN,1,raw,ketone_07_c5_wC01,C01,7,5.0,5.439411504869236,5.439411504869236
ketone,roi_masked,TinyColorCNN,1,raw,ketone_07_c5_wC03,C03,7,5.0,4.263976878553976,4.263976878553976
ketone,roi_masked,TinyColorCNN,1,raw,ketone_07_c5_wC09,C09,7,5.0,4.37992705097032,4.37992705097032
ketone,roi_masked,TinyColorCNN,1,raw,ketone_07_c5_wD02,D02,7,5.0,4.072411412262349,4.072411412262349
ketone,roi_masked,TinyColorCNN,1,raw,ketone_07_c5_wD03,D03,7,5.0,4.947296545151115,4.947296545151115
ketone,roi_masked,TinyColorCNN,1,raw,ketone_07_c5_wE02,E02,7,5.0,4.738087543897627,4.738087543897627
ketone,roi_masked,TinyColorCNN,1,raw,ketone_07_c5_wE03,E03,7,5.0,3.845201544756254,3.845201544756254
ketone,roi_masked,TinyColorCNN,1,raw,ketone_07_c5_wE08,E08,7,5.0,5.373105175087998,5.373105175087998
ketone,roi_masked,TinyColorCNN,1,raw,ketone_07_c5_wE10,E10,7,5.0,5.177156955820612,5.177156955820612
ketone,roi_masked,TinyColorCNN,1,raw,ketone_07_c5_wE11,E11,7,5.0,5.342843328508156,5.342843328508156
ketone,roi_masked,TinyColorCNN,1,raw,ketone_07_c5_wF01,F01,7,5.0,4.726015715235583,4.726015715235583
ketone,roi_masked,TinyColorCNN,1,raw,ketone_07_c5_wF12,F12,7,5.0,4.643896669221982,4.643896669221982
ketone,roi_masked,TinyColorCNN,1,raw,ketone_07_c5_wG06,G06,7,5.0,5.397653350792015,5.397653350792015
ketone,roi_masked,TinyColorCNN,1,raw,ketone_07_c5_wG09,G09,7,5.0,5.1839918242001275,5.1839918242001275
ketone,roi_masked,TinyColorCNN,1,raw,ketone_07_c5_wG11,G11,7,5.0,5.647545084128627,5.647545084128627
ketone,roi_masked,TinyColorCNN,1,raw,ketone_07_c5_wG12,G12,7,5.0,4.979562028133236,4.979562028133236
ketone,roi_masked,TinyColorCNN,1,raw,ketone_07_c5_wH05,H05,7,5.0,4.977792310634603,4.977792310634603
ketone,roi_masked,TinyColorCNN,1,raw,ketone_08_c10_wA06,A06,8,10.0,10.387026807801691,10.0
ketone,roi_masked,TinyColorCNN,1,raw,ketone_08_c10_wA11,A11,8,10.0,8.420953748363324,8.420953748363324
ketone,roi_masked,TinyColorCNN,1,raw,ketone_08_c10_wA12,A12,8,10.0,9.571208819588945,9.571208819588945
ketone,roi_masked,TinyColorCNN,1,raw,ketone_08_c10_wC01,C01,8,10.0,10.402879249916827,10.0
ketone,roi_masked,TinyColorCNN,1,raw,ketone_08_c10_wC03,C03,8,10.0,10.317650494064303,10.0
ketone,roi_masked,TinyColorCNN,1,raw,ketone_08_c10_wC09,C09,8,10.0,9.835197594992199,9.835197594992199
ketone,roi_masked,TinyColorCNN,1,raw,ketone_08_c10_wD02,D02,8,10.0,10.131143725718287,10.0
ketone,roi_masked,TinyColorCNN,1,raw,ketone_08_c10_wD03,D03,8,10.0,10.345500556085844,10.0
ketone,roi_masked,TinyColorCNN,1,raw,ketone_08_c10_wE02,E02,8,10.0,10.225681647319085,10.0
ketone,roi_masked,TinyColorCNN,1,raw,ketone_08_c10_wE03,E03,8,10.0,9.335836392270906,9.335836392270906
ketone,roi_masked,TinyColorCNN,1,raw,ketone_08_c10_wE08,E08,8,10.0,10.335592073974087,10.0
ketone,roi_masked,TinyColorCNN,1,raw,ketone_08_c10_wE10,E10,8,10.0,10.66313338903081,10.0
ketone,roi_masked,TinyColorCNN,1,raw,ketone_08_c10_wE11,E11,8,10.0,9.864026889941425,9.864026889941425
ketone,roi_masked,TinyColorCNN,1,raw,ketone_08_c10_wF01,F01,8,10.0,10.376964261860289,10.0
ketone,roi_masked,TinyColorCNN,1,raw,ketone_08_c10_wF12,F12,8,10.0,9.330712761664111,9.330712761664111
ketone,roi_masked,TinyColorCNN,1,raw,ketone_08_c10_wG06,G06,8,10.0,10.262547266533975,10.0
ketone,roi_masked,TinyColorCNN,1,raw,ketone_08_c10_wG09,G09,8,10.0,9.85846607296988,9.85846607296988
ketone,roi_masked,TinyColorCNN,1,raw,ketone_08_c10_wG11,G11,8,10.0,9.918773592797917,9.918773592797917
ketone,roi_masked,TinyColorCNN,1,raw,ketone_08_c10_wG12,G12,8,10.0,9.408055223996069,9.408055223996069
ketone,roi_masked,TinyColorCNN,1,raw,ketone_08_c10_wH05,H05,8,10.0,9.677287009308671,9.677287009308671
ketone,full_patch,TinyColorCNN,1,log1p,ketone_01_c0_wA06,A06,1,0.0,0.1534826822077227,0.1534826822077227
ketone,full_patch,TinyColorCNN,1,log1p,ketone_01_c0_wA11,A11,1,0.0,0.12045301200449784,0.12045301200449784
ketone,full_patch,TinyColorCNN,1,log1p,ketone_01_c0_wA12,A12,1,0.0,0.3519810030281344,0.3519810030281344
ketone,full_patch,TinyColorCNN,1,log1p,ketone_01_c0_wC01,C01,1,0.0,0.0014117491086497406,0.0014117491086497406
ketone,full_patch,TinyColorCNN,1,log1p,ketone_01_c0_wC03,C03,1,0.0,-0.003196374011391538,0.0
ketone,full_patch,TinyColorCNN,1,log1p,ketone_01_c0_wC09,C09,1,0.0,-0.0017676092135063088,0.0
ketone,full_patch,TinyColorCNN,1,log1p,ketone_01_c0_wD02,D02,1,0.0,-0.009400851243383645,0.0
ketone,full_patch,TinyColorCNN,1,log1p,ketone_01_c0_wD03,D03,1,0.0,-0.018654645137652144,0.0
ketone,full_patch,TinyColorCNN,1,log1p,ketone_01_c0_wE02,E02,1,0.0,-0.030786254502672625,0.0
ketone,full_patch,TinyColorCNN,1,log1p,ketone_01_c0_wE03,E03,1,0.0,-0.03926698139362992,0.0
ketone,full_patch,TinyColorCNN,1,log1p,ketone_01_c0_wE08,E08,1,0.0,0.018672175124468112,0.018672175124468112
ketone,full_patch,TinyColorCNN,1,log1p,ketone_01_c0_wE10,E10,1,0.0,0.0004030139863970139,0.0004030139863970139
ketone,full_patch,TinyColorCNN,1,log1p,ketone_01_c0_wE11,E11,1,0.0,-0.0371368441527317,0.0
ketone,full_patch,TinyColorCNN,1,log1p,ketone_01_c0_wF01,F01,1,0.0,-4.1399206715881427e-05,0.0
ketone,full_patch,TinyColorCNN,1,log1p,ketone_01_c0_wF12,F12,1,0.0,0.01955066542186738,0.01955066542186738
ketone,full_patch,TinyColorCNN,1,log1p,ketone_01_c0_wG06,G06,1,0.0,-0.1104437179595766,0.0
ketone,full_patch,TinyColorCNN,1,log1p,ketone_01_c0_wG09,G09,1,0.0,-0.009611514697254589,0.0
ketone,full_patch,TinyColorCNN,1,log1p,ketone_01_c0_wG11,G11,1,0.0,-0.01643848145031745,0.0
ketone,full_patch,TinyColorCNN,1,log1p,ketone_01_c0_wG12,G12,1,0.0,0.012124386580316157,0.012124386580316157
ketone,full_patch,TinyColorCNN,1,log1p,ketone_01_c0_wH05,H05,1,0.0,-0.04226668437811903,0.0
ketone,full_patch,TinyColorCNN,1,log1p,ketone_02_c0.01_wA06,A06,2,0.01,0.04956900343762468,0.04956900343762468
ketone,full_patch,TinyColorCNN,1,log1p,ketone_02_c0.01_wA11,A11,2,0.01,-0.005310505309220262,0.0
ketone,full_patch,TinyColorCNN,1,log1p,ketone_02_c0.01_wA12,A12,2,0.01,0.30947818224289336,0.30947818224289336
ketone,full_patch,TinyColorCNN,1,log1p,ketone_02_c0.01_wC01,C01,2,0.01,-3.4634534514122824e-05,0.0
ketone,full_patch,TinyColorCNN,1,log1p,ketone_02_c0.01_wC03,C03,2,0.01,-0.010557830390324457,0.0
ketone,full_patch,TinyColorCNN,1,log1p,ketone_02_c0.01_wC09,C09,2,0.01,-0.0398444076712361,0.0
ketone,full_patch,TinyColorCNN,1,log1p,ketone_02_c0.01_wD02,D02,2,0.01,-0.008724191721203173,0.0
ketone,full_patch,TinyColorCNN,1,log1p,ketone_02_c0.01_wD03,D03,2,0.01,-0.01129652775371891,0.0
ketone,full_patch,TinyColorCNN,1,log1p,ketone_02_c0.01_wE02,E02,2,0.01,0.04080411903481342,0.04080411903481342
ketone,full_patch,TinyColorCNN,1,log1p,ketone_02_c0.01_wE03,E03,2,0.01,-0.024142100450375972,0.0
ketone,full_patch,TinyColorCNN,1,log1p,ketone_02_c0.01_wE08,E08,2,0.01,-0.04902349949035919,0.0
ketone,full_patch,TinyColorCNN,1,log1p,ketone_02_c0.01_wE10,E10,2,0.01,0.00892218555067215,0.00892218555067215
ketone,full_patch,TinyColorCNN,1,log1p,ketone_02_c0.01_wE11,E11,2,0.01,-0.019451874258910557,0.0
ketone,full_patch,TinyColorCNN,1,log1p,ketone_02_c0.01_wF01,F01,2,0.01,-0.012348799540580827,0.0
ketone,full_patch,TinyColorCNN,1,log1p,ketone_02_c0.01_wF12,F12,2,0.01,0.019663587006738894,0.019663587006738894
ketone,full_patch,TinyColorCNN,1,log1p,ketone_02_c0.01_wG06,G06,2,0.01,-0.06446742331396277,0.0
ketone,full_patch,TinyColorCNN,1,log1p,ketone_02_c0.01_wG09,G09,2,0.01,0.015788259043445687,0.015788259043445687
ketone,full_patch,TinyColorCNN,1,log1p,ketone_02_c0.01_wG11,G11,2,0.01,0.013977870386333998,0.013977870386333998
ketone,full_patch,TinyColorCNN,1,log1p,ketone_02_c0.01_wG12,G12,2,0.01,0.022355192078076062,0.022355192078076062
ketone,full_patch,TinyColorCNN,1,log1p,ketone_02_c0.01_wH05,H05,2,0.01,-0.027025237064830055,0.0
ketone,full_patch,TinyColorCNN,1,log1p,ketone_03_c0.05_wA06,A06,3,0.05,-0.01896259374129895,0.0
ketone,full_patch,TinyColorCNN,1,log1p,ketone_03_c0.05_wA11,A11,3,0.05,0.02317676369708229,0.02317676369708229
ketone,full_patch,TinyColorCNN,1,log1p,ketone_03_c0.05_wA12,A12,3,0.05,0.1638871669799288,0.1638871669799288
ketone,full_patch,TinyColorCNN,1,log1p,ketone_03_c0.05_wC01,C01,3,0.05,0.09924844472629289,0.09924844472629289
ketone,full_patch,TinyColorCNN,1,log1p,ketone_03_c0.05_wC03,C03,3,0.05,0.058773359043184974,0.058773359043184974
ketone,full_patch,TinyColorCNN,1,log1p,ketone_03_c0.05_wC09,C09,3,0.05,0.020324436755517677,0.020324436755517677
ketone,full_patch,TinyColorCNN,1,log1p,ketone_03_c0.05_wD02,D02,3,0.05,0.06243952601877121,0.06243952601877121
ketone,full_patch,TinyColorCNN,1,log1p,ketone_03_c0.05_wD03,D03,3,0.05,0.11195811969788377,0.11195811969788377
ketone,full_patch,TinyColorCNN,1,log1p,ketone_03_c0.05_wE02,E02,3,0.05,0.0964409312686044,0.0964409312686044
ketone,full_patch,TinyColorCNN,1,log1p,ketone_03_c0.05_wE03,E03,3,0.05,0.09986786333450232,0.09986786333450232
ketone,full_patch,TinyColorCNN,1,log1p,ketone_03_c0.05_wE08,E08,3,0.05,0.02843326457879199,0.02843326457879199
ketone,full_patch,TinyColorCNN,1,log1p,ketone_03_c0.05_wE10,E10,3,0.05,0.11329978166741081,0.11329978166741081
ketone,full_patch,TinyColorCNN,1,log1p,ketone_03_c0.05_wE11,E11,3,0.05,0.13913275559318697,0.13913275559318697
ketone,full_patch,TinyColorCNN,1,log1p,ketone_03_c0.05_wF01,F01,3,0.05,0.07814294592917048,0.07814294592917048
ketone,full_patch,TinyColorCNN,1,log1p,ketone_03_c0.05_wF12,F12,3,0.05,0.13469636795238452,0.13469636795238452
ketone,full_patch,TinyColorCNN,1,log1p,ketone_03_c0.05_wG06,G06,3,0.05,0.038678853176330096,0.038678853176330096
ketone,full_patch,TinyColorCNN,1,log1p,ketone_03_c0.05_wG09,G09,3,0.05,0.04211915613898991,0.04211915613898991
ketone,full_patch,TinyColorCNN,1,log1p,ketone_03_c0.05_wG11,G11,3,0.05,0.10536324291581546,0.10536324291581546
ketone,full_patch,TinyColorCNN,1,log1p,ketone_03_c0.05_wG12,G12,3,0.05,0.12038519794555405,0.12038519794555405
ketone,full_patch,TinyColorCNN,1,log1p,ketone_03_c0.05_wH05,H05,3,0.05,0.06586986838795142,0.06586986838795142
ketone,full_patch,TinyColorCNN,1,log1p,ketone_04_c0.1_wA06,A06,4,0.1,0.09241017575423452,0.09241017575423452
ketone,full_patch,TinyColorCNN,1,log1p,ketone_04_c0.1_wA11,A11,4,0.1,0.15411734201263286,0.15411734201263286
ketone,full_patch,TinyColorCNN,1,log1p,ketone_04_c0.1_wA12,A12,4,0.1,0.21928523900063376,0.21928523900063376
ketone,full_patch,TinyColorCNN,1,log1p,ketone_04_c0.1_wC01,C01,4,0.1,0.11711462079746719,0.11711462079746719
ketone,full_patch,TinyColorCNN,1,log1p,ketone_04_c0.1_wC03,C03,4,0.1,0.16823290573567476,0.16823290573567476
ketone,full_patch,TinyColorCNN,1,log1p,ketone_04_c0.1_wC09,C09,4,0.1,0.11570929349009015,0.11570929349009015
ketone,full_patch,TinyColorCNN,1,log1p,ketone_04_c0.1_wD02,D02,4,0.1,-0.004728582155752108,0.0
ketone,full_patch,TinyColorCNN,1,log1p,ketone_04_c0.1_wD03,D03,4,0.1,0.008173956624300038,0.008173956624300038
ketone,full_patch,TinyColorCNN,1,log1p,ketone_04_c0.1_wE02,E02,4,0.1,0.017910090212904035,0.017910090212904035
ketone,full_patch,TinyColorCNN,1,log1p,ketone_04_c0.1_wE03,E03,4,0.1,0.1091225790119443,0.1091225790119443
ketone,full_patch,TinyColorCNN,1,log1p,ketone_04_c0.1_wE08,E08,4,0.1,0.18697444518693374,0.18697444518693374
ketone,full_patch,TinyColorCNN,1,log1p,ketone_04_c0.1_wE10,E10,4,0.1,0.2188967522838938,0.2188967522838938
ketone,full_patch,TinyColorCNN,1,log1p,ketone_04_c0.1_wE11,E11,4,0.1,0.13066542950188967,0.13066542950188967
ketone,full_patch,TinyColorCNN,1,log1p,ketone_04_c0.1_wF01,F01,4,0.1,0.08425674821750688,0.08425674821750688
ketone,full_patch,TinyColorCNN,1,log1p,ketone_04_c0.1_wF12,F12,4,0.1,0.2236538142015043,0.2236538142015043
ketone,full_patch,TinyColorCNN,1,log1p,ketone_04_c0.1_wG06,G06,4,0.1,0.09667156753615706,0.09667156753615706
ketone,full_patch,TinyColorCNN,1,log1p,ketone_04_c0.1_wG09,G09,4,0.1,0.08763762758305803,0.08763762758305803
ketone,full_patch,TinyColorCNN,1,log1p,ketone_04_c0.1_wG11,G11,4,0.1,0.10079318895548835,0.10079318895548835
ketone,full_patch,TinyColorCNN,1,log1p,ketone_04_c0.1_wG12,G12,4,0.1,0.18245069221346633,0.18245069221346633
ketone,full_patch,TinyColorCNN,1,log1p,ketone_04_c0.1_wH05,H05,4,0.1,0.14430988366269684,0.14430988366269684
ketone,full_patch,TinyColorCNN,1,log1p,ketone_05_c0.5_wA06,A06,5,0.5,0.6796593009509371,0.6796593009509371
ketone,full_patch,TinyColorCNN,1,log1p,ketone_05_c0.5_wA11,A11,5,0.5,0.5137301365002398,0.5137301365002398
ketone,full_patch,TinyColorCNN,1,log1p,ketone_05_c0.5_wA12,A12,5,0.5,0.4950167999847985,0.4950167999847985
ketone,full_patch,TinyColorCNN,1,log1p,ketone_05_c0.5_wC01,C01,5,0.5,0.3184003891059183,0.3184003891059183
ketone,full_patch,TinyColorCNN,1,log1p,ketone_05_c0.5_wC03,C03,5,0.5,0.37560971754056366,0.37560971754056366
ketone,full_patch,TinyColorCNN,1,log1p,ketone_05_c0.5_wC09,C09,5,0.5,0.40624554307268096,0.40624554307268096
ketone,full_patch,TinyColorCNN,1,log1p,ketone_05_c0.5_wD02,D02,5,0.5,0.396218278807892,0.396218278807892
ketone,full_patch,TinyColorCNN,1,log1p,ketone_05_c0.5_wD03,D03,5,0.5,0.35685053383320575,0.35685053383320575
ketone,full_patch,TinyColorCNN,1,log1p,ketone_05_c0.5_wE02,E02,5,0.5,0.42516794432711147,0.42516794432711147
ketone,full_patch,TinyColorCNN,1,log1p,ketone_05_c0.5_wE03,E03,5,0.5,0.404855400638446,0.404855400638446
ketone,full_patch,TinyColorCNN,1,log1p,ketone_05_c0.5_wE08,E08,5,0.5,0.5072951161861707,0.5072951161861707
ketone,full_patch,TinyColorCNN,1,log1p,ketone_05_c0.5_wE10,E10,5,0.5,0.48234875923549597,0.48234875923549597
ketone,full_patch,TinyColorCNN,1,log1p,ketone_05_c0.5_wE11,E11,5,0.5,0.4416402233460901,0.4416402233460901
ketone,full_patch,TinyColorCNN,1,log1p,ketone_05_c0.5_wF01,F01,5,0.5,0.4038601637741568,0.4038601637741568
ketone,full_patch,TinyColorCNN,1,log1p,ketone_05_c0.5_wF12,F12,5,0.5,0.41974385512025064,0.41974385512025064
ketone,full_patch,TinyColorCNN,1,log1p,ketone_05_c0.5_wG06,G06,5,0.5,0.4165700029603913,0.4165700029603913
ketone,full_patch,TinyColorCNN,1,log1p,ketone_05_c0.5_wG09,G09,5,0.5,0.4048693683368995,0.4048693683368995
ketone,full_patch,TinyColorCNN,1,log1p,ketone_05_c0.5_wG11,G11,5,0.5,0.35433528443237855,0.35433528443237855
ketone,full_patch,TinyColorCNN,1,log1p,ketone_05_c0.5_wG12,G12,5,0.5,0.43418475868306894,0.43418475868306894
ketone,full_patch,TinyColorCNN,1,log1p,ketone_05_c0.5_wH05,H05,5,0.5,0.5459107765295401,0.5459107765295401
ketone,full_patch,TinyColorCNN,1,log1p,ketone_06_c1_wA06,A06,6,1.0,1.0184997441184303,1.0184997441184303
ketone,full_patch,TinyColorCNN,1,log1p,ketone_06_c1_wA11,A11,6,1.0,1.0407405584270535,1.0407405584270535
ketone,full_patch,TinyColorCNN,1,log1p,ketone_06_c1_wA12,A12,6,1.0,1.3751479183047595,1.3751479183047595
ketone,full_patch,TinyColorCNN,1,log1p,ketone_06_c1_wC01,C01,6,1.0,0.8210358283323931,0.8210358283323931
ketone,full_patch,TinyColorCNN,1,log1p,ketone_06_c1_wC03,C03,6,1.0,0.9185988371958023,0.9185988371958023
ketone,full_patch,TinyColorCNN,1,log1p,ketone_06_c1_wC09,C09,6,1.0,0.9781566305376772,0.9781566305376772
ketone,full_patch,TinyColorCNN,1,log1p,ketone_06_c1_wD02,D02,6,1.0,0.8912043212599512,0.8912043212599512
ketone,full_patch,TinyColorCNN,1,log1p,ketone_06_c1_wD03,D03,6,1.0,0.9073941602318993,0.9073941602318993
ketone,full_patch,TinyColorCNN,1,log1p,ketone_06_c1_wE02,E02,6,1.0,0.8892830561511611,0.8892830561511611
ketone,full_patch,TinyColorCNN,1,log1p,ketone_06_c1_wE03,E03,6,1.0,0.8796723538180815,0.8796723538180815
ketone,full_patch,TinyColorCNN,1,log1p,ketone_06_c1_wE08,E08,6,1.0,0.9045257189222993,0.9045257189222993
ketone,full_patch,TinyColorCNN,1,log1p,ketone_06_c1_wE10,E10,6,1.0,0.938332033915166,0.938332033915166
ketone,full_patch,TinyColorCNN,1,log1p,ketone_06_c1_wE11,E11,6,1.0,1.0163553795892906,1.0163553795892906
ketone,full_patch,TinyColorCNN,1,log1p,ketone_06_c1_wF01,F01,6,1.0,0.9796976344611688,0.9796976344611688
ketone,full_patch,TinyColorCNN,1,log1p,ketone_06_c1_wF12,F12,6,1.0,0.9800162966918231,0.9800162966918231
ketone,full_patch,TinyColorCNN,1,log1p,ketone_06_c1_wG06,G06,6,1.0,0.866098560493409,0.866098560493409
ketone,full_patch,TinyColorCNN,1,log1p,ketone_06_c1_wG09,G09,6,1.0,0.9356608267145201,0.9356608267145201
ketone,full_patch,TinyColorCNN,1,log1p,ketone_06_c1_wG11,G11,6,1.0,1.0383234198576599,1.0383234198576599
ketone,full_patch,TinyColorCNN,1,log1p,ketone_06_c1_wG12,G12,6,1.0,1.0634971926834513,1.0634971926834513
ketone,full_patch,TinyColorCNN,1,log1p,ketone_06_c1_wH05,H05,6,1.0,1.0518526084250173,1.0518526084250173
ketone,full_patch,TinyColorCNN,1,log1p,ketone_07_c5_wA06,A06,7,5.0,6.173813562109697,6.173813562109697
ketone,full_patch,TinyColorCNN,1,log1p,ketone_07_c5_wA11,A11,7,5.0,5.98279465835093,5.98279465835093
ketone,full_patch,TinyColorCNN,1,log1p,ketone_07_c5_wA12,A12,7,5.0,5.78901232855923,5.78901232855923
ketone,full_patch,TinyColorCNN,1,log1p,ketone_07_c5_wC01,C01,7,5.0,5.489240305420731,5.489240305420731
ketone,full_patch,TinyColorCNN,1,log1p,ketone_07_c5_wC03,C03,7,5.0,4.150271504065785,4.150271504065785
ketone,full_patch,TinyColorCNN,1,log1p,ketone_07_c5_wC09,C09,7,5.0,4.786935711232015,4.786935711232015
ketone,full_patch,TinyColorCNN,1,log1p,ketone_07_c5_wD02,D02,7,5.0,3.9771045537318166,3.9771045537318166
ketone,full_patch,TinyColorCNN,1,log1p,ketone_07_c5_wD03,D03,7,5.0,5.335866108166135,5.335866108166135
ketone,full_patch,TinyColorCNN,1,log1p,ketone_07_c5_wE02,E02,7,5.0,4.764022546714348,4.764022546714348
ketone,full_patch,TinyColorCNN,1,log1p,ketone_07_c5_wE03,E03,7,5.0,4.047249850786571,4.047249850786571
ketone,full_patch,TinyColorCNN,1,log1p,ketone_07_c5_wE08,E08,7,5.0,5.538905852295424,5.538905852295424
ketone,full_patch,TinyColorCNN,1,log1p,ketone_07_c5_wE10,E10,7,5.0,5.017207197769152,5.017207197769152
ketone,full_patch,TinyColorCNN,1,log1p,ketone_07_c5_wE11,E11,7,5.0,4.879630603944877,4.879630603944877
ketone,full_patch,TinyColorCNN,1,log1p,ketone_07_c5_wF01,F01,7,5.0,4.302315708774061,4.302315708774061
ketone,full_patch,TinyColorCNN,1,log1p,ketone_07_c5_wF12,F12,7,5.0,4.599476336913165,4.599476336913165
ketone,full_patch,TinyColorCNN,1,log1p,ketone_07_c5_wG06,G06,7,5.0,5.133262191235398,5.133262191235398
ketone,full_patch,TinyColorCNN,1,log1p,ketone_07_c5_wG09,G09,7,5.0,5.141510628478303,5.141510628478303
ketone,full_patch,TinyColorCNN,1,log1p,ketone_07_c5_wG11,G11,7,5.0,4.673389844192718,4.673389844192718
ketone,full_patch,TinyColorCNN,1,log1p,ketone_07_c5_wG12,G12,7,5.0,4.756340691428988,4.756340691428988
ketone,full_patch,TinyColorCNN,1,log1p,ketone_07_c5_wH05,H05,7,5.0,5.065852766150904,5.065852766150904
ketone,full_patch,TinyColorCNN,1,log1p,ketone_08_c10_wA06,A06,8,10.0,9.423505661833094,9.423505661833094
ketone,full_patch,TinyColorCNN,1,log1p,ketone_08_c10_wA11,A11,8,10.0,10.272559032845534,10.0
ketone,full_patch,TinyColorCNN,1,log1p,ketone_08_c10_wA12,A12,8,10.0,11.081015157197914,10.0
ketone,full_patch,TinyColorCNN,1,log1p,ketone_08_c10_wC01,C01,8,10.0,8.678680011289133,8.678680011289133
ketone,full_patch,TinyColorCNN,1,log1p,ketone_08_c10_wC03,C03,8,10.0,10.263471811798832,10.0
ketone,full_patch,TinyColorCNN,1,log1p,ketone_08_c10_wC09,C09,8,10.0,10.692843828370382,10.0
ketone,full_patch,TinyColorCNN,1,log1p,ketone_08_c10_wD02,D02,8,10.0,9.144314457054536,9.144314457054536
ketone,full_patch,TinyColorCNN,1,log1p,ketone_08_c10_wD03,D03,8,10.0,11.58372842553992,10.0
ketone,full_patch,TinyColorCNN,1,log1p,ketone_08_c10_wE02,E02,8,10.0,10.311981590785717,10.0
ketone,full_patch,TinyColorCNN,1,log1p,ketone_08_c10_wE03,E03,8,10.0,9.713904177816966,9.713904177816966
ketone,full_patch,TinyColorCNN,1,log1p,ketone_08_c10_wE08,E08,8,10.0,11.77138696148908,10.0
ketone,full_patch,TinyColorCNN,1,log1p,ketone_08_c10_wE10,E10,8,10.0,10.710110227487029,10.0
ketone,full_patch,TinyColorCNN,1,log1p,ketone_08_c10_wE11,E11,8,10.0,9.563578101734771,9.563578101734771
ketone,full_patch,TinyColorCNN,1,log1p,ketone_08_c10_wF01,F01,8,10.0,10.649803461016743,10.0
ketone,full_patch,TinyColorCNN,1,log1p,ketone_08_c10_wF12,F12,8,10.0,7.967898437531282,7.967898437531282
ketone,full_patch,TinyColorCNN,1,log1p,ketone_08_c10_wG06,G06,8,10.0,10.117352299554277,10.0
ketone,full_patch,TinyColorCNN,1,log1p,ketone_08_c10_wG09,G09,8,10.0,9.629950767709705,9.629950767709705
ketone,full_patch,TinyColorCNN,1,log1p,ketone_08_c10_wG11,G11,8,10.0,10.003019452601366,10.0
ketone,full_patch,TinyColorCNN,1,log1p,ketone_08_c10_wG12,G12,8,10.0,8.906426265047521,8.906426265047521
ketone,full_patch,TinyColorCNN,1,log1p,ketone_08_c10_wH05,H05,8,10.0,9.734507944540603,9.734507944540603
ketone,roi_masked,TinyColorCNN,2,log1p,ketone_01_c0_wA04,A04,1,0.0,0.021918624081061745,0.021918624081061745
ketone,roi_masked,TinyColorCNN,2,log1p,ketone_01_c0_wB04,B04,1,0.0,0.010279209552452146,0.010279209552452146
ketone,roi_masked,TinyColorCNN,2,log1p,ketone_01_c0_wB08,B08,1,0.0,0.00982611350376569,0.00982611350376569
ketone,roi_masked,TinyColorCNN,2,log1p,ketone_01_c0_wB10,B10,1,0.0,0.00977384427799082,0.00977384427799082
ketone,roi_masked,TinyColorCNN,2,log1p,ketone_01_c0_wB12,B12,1,0.0,0.018118520102838535,0.018118520102838535
ketone,roi_masked,TinyColorCNN,2,log1p,ketone_01_c0_wC04,C04,1,0.0,0.01377886081467877,0.01377886081467877
ketone,roi_masked,TinyColorCNN,2,log1p,ketone_01_c0_wC08,C08,1,0.0,0.013891454904569386,0.013891454904569386
ketone,roi_masked,TinyColorCNN,2,log1p,ketone_01_c0_wC12,C12,1,0.0,0.02493124387750758,0.02493124387750758
ketone,roi_masked,TinyColorCNN,2,log1p,ketone_01_c0_wD07,D07,1,0.0,0.017415194596998907,0.017415194596998907
ketone,roi_masked,TinyColorCNN,2,log1p,ketone_01_c0_wE07,E07,1,0.0,0.017906386337965416,0.017906386337965416
ketone,roi_masked,TinyColorCNN,2,log1p,ketone_01_c0_wF02,F02,1,0.0,0.011256855806303341,0.011256855806303341
ketone,roi_masked,TinyColorCNN,2,log1p,ketone_01_c0_wF05,F05,1,0.0,0.01607660051366193,0.01607660051366193
ketone,roi_masked,TinyColorCNN,2,log1p,ketone_01_c0_wF06,F06,1,0.0,0.007295254027983734,0.007295254027983734
ketone,roi_masked,TinyColorCNN,2,log1p,ketone_01_c0_wF10,F10,1,0.0,-0.002100802512199024,0.0
ketone,roi_masked,TinyColorCNN,2,log1p,ketone_01_c0_wG03,G03,1,0.0,0.0016627955751962096,0.0016627955751962096
ketone,roi_masked,TinyColorCNN,2,log1p,ketone_01_c0_wH01,H01,1,0.0,0.01122648600784411,0.01122648600784411
ketone,roi_masked,TinyColorCNN,2,log1p,ketone_01_c0_wH02,H02,1,0.0,0.011521619572600506,0.011521619572600506
ketone,roi_masked,TinyColorCNN,2,log1p,ketone_01_c0_wH04,H04,1,0.0,0.009997171814160113,0.009997171814160113
ketone,roi_masked,TinyColorCNN,2,log1p,ketone_01_c0_wH06,H06,1,0.0,-0.015486488058121188,0.0
ketone,roi_masked,TinyColorCNN,2,log1p,ketone_02_c0.01_wA04,A04,2,0.01,0.0109283817873555,0.0109283817873555
ketone,roi_masked,TinyColorCNN,2,log1p,ketone_02_c0.01_wB04,B04,2,0.01,0.02332118610770606,0.02332118610770606
ketone,roi_masked,TinyColorCNN,2,log1p,ketone_02_c0.01_wB08,B08,2,0.01,0.022216197176883827,0.022216197176883827
ketone,roi_masked,TinyColorCNN,2,log1p,ketone_02_c0.01_wB10,B10,2,0.01,0.008842353530064524,0.008842353530064524
ketone,roi_masked,TinyColorCNN,2,log1p,ketone_02_c0.01_wB12,B12,2,0.01,0.3537967433094679,0.3537967433094679
ketone,roi_masked,TinyColorCNN,2,log1p,ketone_02_c0.01_wC04,C04,2,0.01,0.026734142221407294,0.026734142221407294
ketone,roi_masked,TinyColorCNN,2,log1p,ketone_02_c0.01_wC08,C08,2,0.01,0.02177403305783927,0.02177403305783927
ketone,roi_masked,TinyColorCNN,2,log1p,ketone_02_c0.01_wC12,C12,2,0.01,0.3203357198699807,0.3203357198699807
ketone,roi_masked,TinyColorCNN,2,log1p,ketone_02_c0.01_wD07,D07,2,0.01,0.019094351359617873,0.019094351359617873
ketone,roi_masked,TinyColorCNN,2,log1p,ketone_02_c0.01_wE07,E07,2,0.01,0.018202321466850933,0.018202321466850933
ketone,roi_masked,TinyColorCNN,2,log1p,ketone_02_c0.01_wF02,F02,2,0.01,0.031116629042179503,0.031116629042179503
ketone,roi_masked,TinyColorCNN,2,log1p,ketone_02_c0.01_wF05,F05,2,0.01,0.024037306215809014,0.024037306215809014
ketone,roi_masked,TinyColorCNN,2,log1p,ketone_02_c0.01_wF06,F06,2,0.01,0.017129183878906364,0.017129183878906364
ketone,roi_masked,TinyColorCNN,2,log1p,ketone_02_c0.01_wF10,F10,2,0.01,0.02256584230647916,0.02256584230647916
ketone,roi_masked,TinyColorCNN,2,log1p,ketone_02_c0.01_wG03,G03,2,0.01,0.016763628516481385,0.016763628516481385
ketone,roi_masked,TinyColorCNN,2,log1p,ketone_02_c0.01_wH01,H01,2,0.01,0.03533819649234319,0.03533819649234319
ketone,roi_masked,TinyColorCNN,2,log1p,ketone_02_c0.01_wH02,H02,2,0.01,0.014809352495564594,0.014809352495564594
ketone,roi_masked,TinyColorCNN,2,log1p,ketone_02_c0.01_wH04,H04,2,0.01,0.02176785396255992,0.02176785396255992
ketone,roi_masked,TinyColorCNN,2,log1p,ketone_02_c0.01_wH06,H06,2,0.01,0.010862534008233341,0.010862534008233341
ketone,roi_masked,TinyColorCNN,2,log1p,ketone_03_c0.05_wA04,A04,3,0.05,0.018324278861922966,0.018324278861922966
ketone,roi_masked,TinyColorCNN,2,log1p,ketone_03_c0.05_wB04,B04,3,0.05,0.023465209287254162,0.023465209287254162
ketone,roi_masked,TinyColorCNN,2,log1p,ketone_03_c0.05_wB08,B08,3,0.05,0.02651321639592216,0.02651321639592216
ketone,roi_masked,TinyColorCNN,2,log1p,ketone_03_c0.05_wB10,B10,3,0.05,0.02006149879190328,0.02006149879190328
ketone,roi_masked,TinyColorCNN,2,log1p,ketone_03_c0.05_wB12,B12,3,0.05,0.06542678576954764,0.06542678576954764
ketone,roi_masked,TinyColorCNN,2,log1p,ketone_03_c0.05_wC04,C04,3,0.05,0.03336029374122206,0.03336029374122206
ketone,roi_masked,TinyColorCNN,2,log1p,ketone_03_c0.05_wC08,C08,3,0.05,0.09864435197015445,0.09864435197015445
ketone,roi_masked,TinyColorCNN,2,log1p,ketone_03_c0.05_wC12,C12,3,0.05,0.04638855840546785,0.04638855840546785
ketone,roi_masked,TinyColorCNN,2,log1p,ketone_03_c0.05_wD07,D07,3,0.05,0.024391196707917145,0.024391196707917145
ketone,roi_masked,TinyColorCNN,2,log1p,ketone_03_c0.05_wE07,E07,3,0.05,0.006862175683727866,0.006862175683727866
ketone,roi_masked,TinyColorCNN,2,log1p,ketone_03_c0.05_wF02,F02,3,0.05,0.015238252663718014,0.015238252663718014
ketone,roi_masked,TinyColorCNN,2,log1p,ketone_03_c0.05_wF05,F05,3,0.05,0.013216025966686447,0.013216025966686447
ketone,roi_masked,TinyColorCNN,2,log1p,ketone_03_c0.05_wF06,F06,3,0.05,0.0003337504531188394,0.0003337504531188394
ketone,roi_masked,TinyColorCNN,2,log1p,ketone_03_c0.05_wF10,F10,3,0.05,0.017963563148632438,0.017963563148632438
ketone,roi_masked,TinyColorCNN,2,log1p,ketone_03_c0.05_wG03,G03,3,0.05,0.016222364364901584,0.016222364364901584
ketone,roi_masked,TinyColorCNN,2,log1p,ketone_03_c0.05_wH01,H01,3,0.05,0.04129336778878231,0.04129336778878231
ketone,roi_masked,TinyColorCNN,2,log1p,ketone_03_c0.05_wH02,H02,3,0.05,0.15930856346509828,0.15930856346509828
ketone,roi_masked,TinyColorCNN,2,log1p,ketone_03_c0.05_wH04,H04,3,0.05,0.16227002510283212,0.16227002510283212
ketone,roi_masked,TinyColorCNN,2,log1p,ketone_03_c0.05_wH06,H06,3,0.05,0.09802612887268927,0.09802612887268927
ketone,roi_masked,TinyColorCNN,2,log1p,ketone_04_c0.1_wA04,A04,4,0.1,0.09156019977938105,0.09156019977938105
ketone,roi_masked,TinyColorCNN,2,log1p,ketone_04_c0.1_wB04,B04,4,0.1,0.08412500549372418,0.08412500549372418
ketone,roi_masked,TinyColorCNN,2,log1p,ketone_04_c0.1_wB08,B08,4,0.1,0.1882773253405612,0.1882773253405612
ketone,roi_masked,TinyColorCNN,2,log1p,ketone_04_c0.1_wB10,B10,4,0.1,0.12915833226854503,0.12915833226854503
ketone,roi_masked,TinyColorCNN,2,log1p,ketone_04_c0.1_wB12,B12,4,0.1,0.1671478233539565,0.1671478233539565
ketone,roi_masked,TinyColorCNN,2,log1p,ketone_04_c0.1_wC04,C04,4,0.1,0.077779599971731,0.077779599971731
ketone,roi_masked,TinyColorCNN,2,log1p,ketone_04_c0.1_wC08,C08,4,0.1,0.10209313838393783,0.10209313838393783
ketone,roi_masked,TinyColorCNN,2,log1p,ketone_04_c0.1_wC12,C12,4,0.1,0.23555781663139086,0.23555781663139086
ketone,roi_masked,TinyColorCNN,2,log1p,ketone_04_c0.1_wD07,D07,4,0.1,0.21257397527034902,0.21257397527034902
ketone,roi_masked,TinyColorCNN,2,log1p,ketone_04_c0.1_wE07,E07,4,0.1,0.10968517263391571,0.10968517263391571
ketone,roi_masked,TinyColorCNN,2,log1p,ketone_04_c0.1_wF02,F02,4,0.1,0.08442274127883745,0.08442274127883745
ketone,roi_masked,TinyColorCNN,2,log1p,ketone_04_c0.1_wF05,F05,4,0.1,0.09040102872127666,0.09040102872127666
ketone,roi_masked,TinyColorCNN,2,log1p,ketone_04_c0.1_wF06,F06,4,0.1,0.060180427464310786,0.060180427464310786
ketone,roi_masked,TinyColorCNN,2,log1p,ketone_04_c0.1_wF10,F10,4,0.1,0.09563650071624238,0.09563650071624238
ketone,roi_masked,TinyColorCNN,2,log1p,ketone_04_c0.1_wG03,G03,4,0.1,0.05086048481127885,0.05086048481127885
ketone,roi_masked,TinyColorCNN,2,log1p,ketone_04_c0.1_wH01,H01,4,0.1,0.18914898172736685,0.18914898172736685
ketone,roi_masked,TinyColorCNN,2,log1p,ketone_04_c0.1_wH02,H02,4,0.1,0.12043320137661469,0.12043320137661469
ketone,roi_masked,TinyColorCNN,2,log1p,ketone_04_c0.1_wH04,H04,4,0.1,0.14126555932139115,0.14126555932139115
ketone,roi_masked,TinyColorCNN,2,log1p,ketone_04_c0.1_wH06,H06,4,0.1,0.10848016701033902,0.10848016701033902
ketone,roi_masked,TinyColorCNN,2,log1p,ketone_05_c0.5_wA04,A04,5,0.5,0.41799059537704125,0.41799059537704125
ketone,roi_masked,TinyColorCNN,2,log1p,ketone_05_c0.5_wB04,B04,5,0.5,0.45703806370419364,0.45703806370419364
ketone,roi_masked,TinyColorCNN,2,log1p,ketone_05_c0.5_wB08,B08,5,0.5,0.48855135952501816,0.48855135952501816
ketone,roi_masked,TinyColorCNN,2,log1p,ketone_05_c0.5_wB10,B10,5,0.5,0.524706395461473,0.524706395461473
ketone,roi_masked,TinyColorCNN,2,log1p,ketone_05_c0.5_wB12,B12,5,0.5,0.5213334512267931,0.5213334512267931
ketone,roi_masked,TinyColorCNN,2,log1p,ketone_05_c0.5_wC04,C04,5,0.5,0.5098575245024726,0.5098575245024726
ketone,roi_masked,TinyColorCNN,2,log1p,ketone_05_c0.5_wC08,C08,5,0.5,0.446135961113332,0.446135961113332
ketone,roi_masked,TinyColorCNN,2,log1p,ketone_05_c0.5_wC12,C12,5,0.5,0.5029699956433451,0.5029699956433451
ketone,roi_masked,TinyColorCNN,2,log1p,ketone_05_c0.5_wD07,D07,5,0.5,0.4313479959696984,0.4313479959696984
ketone,roi_masked,TinyColorCNN,2,log1p,ketone_05_c0.5_wE07,E07,5,0.5,0.509474080941609,0.509474080941609
ketone,roi_masked,TinyColorCNN,2,log1p,ketone_05_c0.5_wF02,F02,5,0.5,0.5105934657355851,0.5105934657355851
ketone,roi_masked,TinyColorCNN,2,log1p,ketone_05_c0.5_wF05,F05,5,0.5,0.5000171657435561,0.5000171657435561
ketone,roi_masked,TinyColorCNN,2,log1p,ketone_05_c0.5_wF06,F06,5,0.5,0.4455408765061197,0.4455408765061197
ketone,roi_masked,TinyColorCNN,2,log1p,ketone_05_c0.5_wF10,F10,5,0.5,0.4014775019725237,0.4014775019725237
ketone,roi_masked,TinyColorCNN,2,log1p,ketone_05_c0.5_wG03,G03,5,0.5,0.3894069127228153,0.3894069127228153
ketone,roi_masked,TinyColorCNN,2,log1p,ketone_05_c0.5_wH01,H01,5,0.5,0.5139360033485643,0.5139360033485643
ketone,roi_masked,TinyColorCNN,2,log1p,ketone_05_c0.5_wH02,H02,5,0.5,0.4381450220984527,0.4381450220984527
ketone,roi_masked,TinyColorCNN,2,log1p,ketone_05_c0.5_wH04,H04,5,0.5,0.4623251812236724,0.4623251812236724
ketone,roi_masked,TinyColorCNN,2,log1p,ketone_05_c0.5_wH06,H06,5,0.5,0.3891565381162125,0.3891565381162125
ketone,roi_masked,TinyColorCNN,2,log1p,ketone_06_c1_wA04,A04,6,1.0,0.975786092452241,0.975786092452241
ketone,roi_masked,TinyColorCNN,2,log1p,ketone_06_c1_wB04,B04,6,1.0,0.9421936915938849,0.9421936915938849
ketone,roi_masked,TinyColorCNN,2,log1p,ketone_06_c1_wB08,B08,6,1.0,0.9584473858136431,0.9584473858136431
ketone,roi_masked,TinyColorCNN,2,log1p,ketone_06_c1_wB10,B10,6,1.0,1.2351333440529975,1.2351333440529975
ketone,roi_masked,TinyColorCNN,2,log1p,ketone_06_c1_wB12,B12,6,1.0,1.1024830531346295,1.1024830531346295
ketone,roi_masked,TinyColorCNN,2,log1p,ketone_06_c1_wC04,C04,6,1.0,0.9970292111365595,0.9970292111365595
ketone,roi_masked,TinyColorCNN,2,log1p,ketone_06_c1_wC08,C08,6,1.0,1.0049553633276571,1.0049553633276571
ketone,roi_masked,TinyColorCNN,2,log1p,ketone_06_c1_wC12,C12,6,1.0,0.977527230716021,0.977527230716021
ketone,roi_masked,TinyColorCNN,2,log1p,ketone_06_c1_wD07,D07,6,1.0,0.9269504532158699,0.9269504532158699
ketone,roi_masked,TinyColorCNN,2,log1p,ketone_06_c1_wE07,E07,6,1.0,1.0427209492765925,1.0427209492765925
ketone,roi_masked,TinyColorCNN,2,log1p,ketone_06_c1_wF02,F02,6,1.0,1.0023124464974535,1.0023124464974535
ketone,roi_masked,TinyColorCNN,2,log1p,ketone_06_c1_wF05,F05,6,1.0,0.9160876637399242,0.9160876637399242
ketone,roi_masked,TinyColorCNN,2,log1p,ketone_06_c1_wF06,F06,6,1.0,0.9145458442446568,0.9145458442446568
ketone,roi_masked,TinyColorCNN,2,log1p,ketone_06_c1_wF10,F10,6,1.0,0.9049141324963856,0.9049141324963856
ketone,roi_masked,TinyColorCNN,2,log1p,ketone_06_c1_wG03,G03,6,1.0,1.1759310373236609,1.1759310373236609
ketone,roi_masked,TinyColorCNN,2,log1p,ketone_06_c1_wH01,H01,6,1.0,0.9403956530333142,0.9403956530333142
ketone,roi_masked,TinyColorCNN,2,log1p,ketone_06_c1_wH02,H02,6,1.0,0.9531926209023833,0.9531926209023833
ketone,roi_masked,TinyColorCNN,2,log1p,ketone_06_c1_wH04,H04,6,1.0,0.9298190665181512,0.9298190665181512
ketone,roi_masked,TinyColorCNN,2,log1p,ketone_06_c1_wH06,H06,6,1.0,0.9147473308723524,0.9147473308723524
ketone,roi_masked,TinyColorCNN,2,log1p,ketone_07_c5_wA04,A04,7,5.0,5.66180877968598,5.66180877968598
ketone,roi_masked,TinyColorCNN,2,log1p,ketone_07_c5_wB04,B04,7,5.0,5.174540143827582,5.174540143827582
ketone,roi_masked,TinyColorCNN,2,log1p,ketone_07_c5_wB08,B08,7,5.0,5.20375333088714,5.20375333088714
ketone,roi_masked,TinyColorCNN,2,log1p,ketone_07_c5_wB10,B10,7,5.0,4.893803441508304,4.893803441508304
ketone,roi_masked,TinyColorCNN,2,log1p,ketone_07_c5_wB12,B12,7,5.0,4.954824029491454,4.954824029491454
ketone,roi_masked,TinyColorCNN,2,log1p,ketone_07_c5_wC04,C04,7,5.0,4.649900565754423,4.649900565754423
ketone,roi_masked,TinyColorCNN,2,log1p,ketone_07_c5_wC08,C08,7,5.0,5.480123652540547,5.480123652540547
ketone,roi_masked,TinyColorCNN,2,log1p,ketone_07_c5_wC12,C12,7,5.0,4.304374817119102,4.304374817119102
ketone,roi_masked,TinyColorCNN,2,log1p,ketone_07_c5_wD07,D07,7,5.0,4.43128333671321,4.43128333671321
ketone,roi_masked,TinyColorCNN,2,log1p,ketone_07_c5_wE07,E07,7,5.0,5.110503910932782,5.110503910932782
ketone,roi_masked,TinyColorCNN,2,log1p,ketone_07_c5_wF02,F02,7,5.0,4.311775283444874,4.311775283444874
ketone,roi_masked,TinyColorCNN,2,log1p,ketone_07_c5_wF05,F05,7,5.0,4.721914967032762,4.721914967032762
ketone,roi_masked,TinyColorCNN,2,log1p,ketone_07_c5_wF06,F06,7,5.0,4.869052071176024,4.869052071176024
ketone,roi_masked,TinyColorCNN,2,log1p,ketone_07_c5_wF10,F10,7,5.0,5.2521412572321635,5.2521412572321635
ketone,roi_masked,TinyColorCNN,2,log1p,ketone_07_c5_wG03,G03,7,5.0,4.466402849047388,4.466402849047388
ketone,roi_masked,TinyColorCNN,2,log1p,ketone_07_c5_wH01,H01,7,5.0,4.256771927528441,4.256771927528441
ketone,roi_masked,TinyColorCNN,2,log1p,ketone_07_c5_wH02,H02,7,5.0,4.0550174393755,4.0550174393755
ketone,roi_masked,TinyColorCNN,2,log1p,ketone_07_c5_wH04,H04,7,5.0,4.512959245527374,4.512959245527374
ketone,roi_masked,TinyColorCNN,2,log1p,ketone_07_c5_wH06,H06,7,5.0,4.874579505579379,4.874579505579379
ketone,roi_masked,TinyColorCNN,2,log1p,ketone_08_c10_wA04,A04,8,10.0,8.738216991782869,8.738216991782869
ketone,roi_masked,TinyColorCNN,2,log1p,ketone_08_c10_wB04,B04,8,10.0,10.835223053623181,10.0
ketone,roi_masked,TinyColorCNN,2,log1p,ketone_08_c10_wB08,B08,8,10.0,9.690386495152332,9.690386495152332
ketone,roi_masked,TinyColorCNN,2,log1p,ketone_08_c10_wB10,B10,8,10.0,10.533618796130451,10.0
ketone,roi_masked,TinyColorCNN,2,log1p,ketone_08_c10_wB12,B12,8,10.0,9.728527412808191,9.728527412808191
ketone,roi_masked,TinyColorCNN,2,log1p,ketone_08_c10_wC04,C04,8,10.0,9.486864351625014,9.486864351625014
ketone,roi_masked,TinyColorCNN,2,log1p,ketone_08_c10_wC08,C08,8,10.0,9.657667074204769,9.657667074204769
ketone,roi_masked,TinyColorCNN,2,log1p,ketone_08_c10_wC12,C12,8,10.0,10.536808768506512,10.0
ketone,roi_masked,TinyColorCNN,2,log1p,ketone_08_c10_wD07,D07,8,10.0,9.667424480561374,9.667424480561374
ketone,roi_masked,TinyColorCNN,2,log1p,ketone_08_c10_wE07,E07,8,10.0,10.574291255281787,10.0
ketone,roi_masked,TinyColorCNN,2,log1p,ketone_08_c10_wF02,F02,8,10.0,9.782917772946952,9.782917772946952
ketone,roi_masked,TinyColorCNN,2,log1p,ketone_08_c10_wF05,F05,8,10.0,9.914758643551064,9.914758643551064
ketone,roi_masked,TinyColorCNN,2,log1p,ketone_08_c10_wF06,F06,8,10.0,10.262762974905222,10.0
ketone,roi_masked,TinyColorCNN,2,log1p,ketone_08_c10_wF10,F10,8,10.0,9.878934740039114,9.878934740039114
ketone,roi_masked,TinyColorCNN,2,log1p,ketone_08_c10_wG03,G03,8,10.0,9.815099376666177,9.815099376666177
ketone,roi_masked,TinyColorCNN,2,log1p,ketone_08_c10_wH01,H01,8,10.0,10.928805525733516,10.0
ketone,roi_masked,TinyColorCNN,2,log1p,ketone_08_c10_wH02,H02,8,10.0,7.795306976241159,7.795306976241159
ketone,roi_masked,TinyColorCNN,2,log1p,ketone_08_c10_wH04,H04,8,10.0,8.185142365801587,8.185142365801587
ketone,roi_masked,TinyColorCNN,2,log1p,ketone_08_c10_wH06,H06,8,10.0,9.171305593799525,9.171305593799525
ketone,full_patch,TinyColorCNN,2,raw,ketone_01_c0_wA04,A04,1,0.0,-0.02242066605419213,0.0
ketone,full_patch,TinyColorCNN,2,raw,ketone_01_c0_wB04,B04,1,0.0,-0.053882556940592075,0.0
ketone,full_patch,TinyColorCNN,2,raw,ketone_01_c0_wB08,B08,1,0.0,-0.04224851960597853,0.0
ketone,full_patch,TinyColorCNN,2,raw,ketone_01_c0_wB10,B10,1,0.0,0.09962148056835818,0.09962148056835818
ketone,full_patch,TinyColorCNN,2,raw,ketone_01_c0_wB12,B12,1,0.0,0.058005896029825976,0.058005896029825976
ketone,full_patch,TinyColorCNN,2,raw,ketone_01_c0_wC04,C04,1,0.0,-0.02187277151866507,0.0
ketone,full_patch,TinyColorCNN,2,raw,ketone_01_c0_wC08,C08,1,0.0,0.14800175781531144,0.14800175781531144
ketone,full_patch,TinyColorCNN,2,raw,ketone_01_c0_wC12,C12,1,0.0,-0.035483423589102614,0.0
ketone,full_patch,TinyColorCNN,2,raw,ketone_01_c0_wD07,D07,1,0.0,0.017404632254525154,0.017404632254525154
ketone,full_patch,TinyColorCNN,2,raw,ketone_01_c0_wE07,E07,1,0.0,-0.04969803007025142,0.0
ketone,full_patch,TinyColorCNN,2,raw,ketone_01_c0_wF02,F02,1,0.0,-0.07527665887568213,0.0
ketone,full_patch,TinyColorCNN,2,raw,ketone_01_c0_wF05,F05,1,0.0,-0.07056399958408832,0.0
ketone,full_patch,TinyColorCNN,2,raw,ketone_01_c0_wF06,F06,1,0.0,-0.214987345584277,0.0
ketone,full_patch,TinyColorCNN,2,raw,ketone_01_c0_wF10,F10,1,0.0,0.10521920026349507,0.10521920026349507
ketone,full_patch,TinyColorCNN,2,raw,ketone_01_c0_wG03,G03,1,0.0,-0.019489420206412422,0.0
ketone,full_patch,TinyColorCNN,2,raw,ketone_01_c0_wH01,H01,1,0.0,-0.14488285843217197,0.0
ketone,full_patch,TinyColorCNN,2,raw,ketone_01_c0_wH02,H02,1,0.0,-0.07197779737156651,0.0
ketone,full_patch,TinyColorCNN,2,raw,ketone_01_c0_wH04,H04,1,0.0,0.022720036031466773,0.022720036031466773
ketone,full_patch,TinyColorCNN,2,raw,ketone_01_c0_wH06,H06,1,0.0,-0.26784253178885775,0.0
ketone,full_patch,TinyColorCNN,2,raw,ketone_02_c0.01_wA04,A04,2,0.01,-0.20815792186889803,0.0
ketone,full_patch,TinyColorCNN,2,raw,ketone_02_c0.01_wB04,B04,2,0.01,0.07075185477367585,0.07075185477367585
ketone,full_patch,TinyColorCNN,2,raw,ketone_02_c0.01_wB08,B08,2,0.01,0.05307323197626701,0.05307323197626701
ketone,full_patch,TinyColorCNN,2,raw,ketone_02_c0.01_wB10,B10,2,0.01,-0.009671279188478543,0.0
ketone,full_patch,TinyColorCNN,2,raw,ketone_02_c0.01_wB12,B12,2,0.01,0.3461887423139889,0.3461887423139889
ketone,full_patch,TinyColorCNN,2,raw,ketone_02_c0.01_wC04,C04,2,0.01,0.13342780350114536,0.13342780350114536
ketone,full_patch,TinyColorCNN,2,raw,ketone_02_c0.01_wC08,C08,2,0.01,-0.0074948251134179245,0.0
ketone,full_patch,TinyColorCNN,2,raw,ketone_02_c0.01_wC12,C12,2,0.01,0.3139565322793696,0.3139565322793696
ketone,full_patch,TinyColorCNN,2,raw,ketone_02_c0.01_wD07,D07,2,0.01,-0.026935099240366966,0.0
ketone,full_patch,TinyColorCNN,2,raw,ketone_02_c0.01_wE07,E07,2,0.01,-0.06400801900090469,0.0
ketone,full_patch,TinyColorCNN,2,raw,ketone_02_c0.01_wF02,F02,2,0.01,0.0792281885632713,0.0792281885632713
ketone,full_patch,TinyColorCNN,2,raw,ketone_02_c0.01_wF05,F05,2,0.01,-0.11288194579624555,0.0
ketone,full_patch,TinyColorCNN,2,raw,ketone_02_c0.01_wF06,F06,2,0.01,0.031978384914464364,0.031978384914464364
ketone,full_patch,TinyColorCNN,2,raw,ketone_02_c0.01_wF10,F10,2,0.01,-0.03054128178686133,0.0
ketone,full_patch,TinyColorCNN,2,raw,ketone_02_c0.01_wG03,G03,2,0.01,-0.09292422692208913,0.0
ketone,full_patch,TinyColorCNN,2,raw,ketone_02_c0.01_wH01,H01,2,0.01,-0.04633484086763229,0.0
ketone,full_patch,TinyColorCNN,2,raw,ketone_02_c0.01_wH02,H02,2,0.01,-0.027796969407772654,0.0
ketone,full_patch,TinyColorCNN,2,raw,ketone_02_c0.01_wH04,H04,2,0.01,-0.037657256159208785,0.0
ketone,full_patch,TinyColorCNN,2,raw,ketone_02_c0.01_wH06,H06,2,0.01,-0.15522207397340404,0.0
ketone,full_patch,TinyColorCNN,2,raw,ketone_03_c0.05_wA04,A04,3,0.05,-0.03037310216130784,0.0
ketone,full_patch,TinyColorCNN,2,raw,ketone_03_c0.05_wB04,B04,3,0.05,-0.061729931195293464,0.0
ketone,full_patch,TinyColorCNN,2,raw,ketone_03_c0.05_wB08,B08,3,0.05,0.04337588184047547,0.04337588184047547
ketone,full_patch,TinyColorCNN,2,raw,ketone_03_c0.05_wB10,B10,3,0.05,0.029272790147013783,0.029272790147013783
ketone,full_patch,TinyColorCNN,2,raw,ketone_03_c0.05_wB12,B12,3,0.05,0.041743289216395585,0.041743289216395585
ketone,full_patch,TinyColorCNN,2,raw,ketone_03_c0.05_wC04,C04,3,0.05,0.0506055891970103,0.0506055891970103
ketone,full_patch,TinyColorCNN,2,raw,ketone_03_c0.05_wC08,C08,3,0.05,-0.150826818435553,0.0
ketone,full_patch,TinyColorCNN,2,raw,ketone_03_c0.05_wC12,C12,3,0.05,0.19477404425391365,0.19477404425391365
ketone,full_patch,TinyColorCNN,2,raw,ketone_03_c0.05_wD07,D07,3,0.05,0.08668959662695408,0.08668959662695408
ketone,full_patch,TinyColorCNN,2,raw,ketone_03_c0.05_wE07,E07,3,0.05,0.18160057854822487,0.18160057854822487
ketone,full_patch,TinyColorCNN,2,raw,ketone_03_c0.05_wF02,F02,3,0.05,0.050344043664224625,0.050344043664224625
ketone,full_patch,TinyColorCNN,2,raw,ketone_03_c0.05_wF05,F05,3,0.05,0.23865723057823818,0.23865723057823818
ketone,full_patch,TinyColorCNN,2,raw,ketone_03_c0.05_wF06,F06,3,0.05,-0.2357377672258809,0.0
ketone,full_patch,TinyColorCNN,2,raw,ketone_03_c0.05_wF10,F10,3,0.05,0.10933899612687803,0.10933899612687803
ketone,full_patch,TinyColorCNN,2,raw,ketone_03_c0.05_wG03,G03,3,0.05,0.010241874101448278,0.010241874101448278
ketone,full_patch,TinyColorCNN,2,raw,ketone_03_c0.05_wH01,H01,3,0.05,0.20816569983352196,0.20816569983352196
ketone,full_patch,TinyColorCNN,2,raw,ketone_03_c0.05_wH02,H02,3,0.05,0.36045537558577645,0.36045537558577645
ketone,full_patch,TinyColorCNN,2,raw,ketone_03_c0.05_wH04,H04,3,0.05,0.18913962348941116,0.18913962348941116
ketone,full_patch,TinyColorCNN,2,raw,ketone_03_c0.05_wH06,H06,3,0.05,0.3504892203650172,0.3504892203650172
ketone,full_patch,TinyColorCNN,2,raw,ketone_04_c0.1_wA04,A04,4,0.1,0.01598296995218318,0.01598296995218318
ketone,full_patch,TinyColorCNN,2,raw,ketone_04_c0.1_wB04,B04,4,0.1,0.07101703008255233,0.07101703008255233
ketone,full_patch,TinyColorCNN,2,raw,ketone_04_c0.1_wB08,B08,4,0.1,0.17326096632472665,0.17326096632472665
ketone,full_patch,TinyColorCNN,2,raw,ketone_04_c0.1_wB10,B10,4,0.1,0.15593624669619888,0.15593624669619888
ketone,full_patch,TinyColorCNN,2,raw,ketone_04_c0.1_wB12,B12,4,0.1,0.2638166202451486,0.2638166202451486
ketone,full_patch,TinyColorCNN,2,raw,ketone_04_c0.1_wC04,C04,4,0.1,0.1294068182091308,0.1294068182091308
ketone,full_patch,TinyColorCNN,2,raw,ketone_04_c0.1_wC08,C08,4,0.1,0.15745127490577282,0.15745127490577282
ketone,full_patch,TinyColorCNN,2,raw,ketone_04_c0.1_wC12,C12,4,0.1,0.2507175649493272,0.2507175649493272
ketone,full_patch,TinyColorCNN,2,raw,ketone_04_c0.1_wD07,D07,4,0.1,0.21150065744432123,0.21150065744432123
ketone,full_patch,TinyColorCNN,2,raw,ketone_04_c0.1_wE07,E07,4,0.1,0.16056037978201565,0.16056037978201565
ketone,full_patch,TinyColorCNN,2,raw,ketone_04_c0.1_wF02,F02,4,0.1,0.32028746674490605,0.32028746674490605
ketone,full_patch,TinyColorCNN,2,raw,ketone_04_c0.1_wF05,F05,4,0.1,0.12732574658357465,0.12732574658357465
ketone,full_patch,TinyColorCNN,2,raw,ketone_04_c0.1_wF06,F06,4,0.1,-0.1254857383098611,0.0
ketone,full_patch,TinyColorCNN,2,raw,ketone_04_c0.1_wF10,F10,4,0.1,0.22956806959193066,0.22956806959193066
ketone,full_patch,TinyColorCNN,2,raw,ketone_04_c0.1_wG03,G03,4,0.1,0.0747363406505519,0.0747363406505519
ketone,full_patch,TinyColorCNN,2,raw,ketone_04_c0.1_wH01,H01,4,0.1,0.07035862903047452,0.07035862903047452
ketone,full_patch,TinyColorCNN,2,raw,ketone_04_c0.1_wH02,H02,4,0.1,0.11852999249796325,0.11852999249796325
ketone,full_patch,TinyColorCNN,2,raw,ketone_04_c0.1_wH04,H04,4,0.1,0.427138697944919,0.427138697944919
ketone,full_patch,TinyColorCNN,2,raw,ketone_04_c0.1_wH06,H06,4,0.1,0.5249861687238786,0.5249861687238786
ketone,full_patch,TinyColorCNN,2,raw,ketone_05_c0.5_wA04,A04,5,0.5,0.34608973008839317,0.34608973008839317
ketone,full_patch,TinyColorCNN,2,raw,ketone_05_c0.5_wB04,B04,5,0.5,0.5087184197276524,0.5087184197276524
ketone,full_patch,TinyColorCNN,2,raw,ketone_05_c0.5_wB08,B08,5,0.5,0.49697337174091993,0.49697337174091993
ketone,full_patch,TinyColorCNN,2,raw,ketone_05_c0.5_wB10,B10,5,0.5,0.4072919897228817,0.4072919897228817
ketone,full_patch,TinyColorCNN,2,raw,ketone_05_c0.5_wB12,B12,5,0.5,0.5782779363305264,0.5782779363305264
ketone,full_patch,TinyColorCNN,2,raw,ketone_05_c0.5_wC04,C04,5,0.5,0.4235657883459263,0.4235657883459263
ketone,full_patch,TinyColorCNN,2,raw,ketone_05_c0.5_wC08,C08,5,0.5,0.31494584791841795,0.31494584791841795
ketone,full_patch,TinyColorCNN,2,raw,ketone_05_c0.5_wC12,C12,5,0.5,0.42453231705729166,0.42453231705729166
ketone,full_patch,TinyColorCNN,2,raw,ketone_05_c0.5_wD07,D07,5,0.5,0.5278807135022927,0.5278807135022927
ketone,full_patch,TinyColorCNN,2,raw,ketone_05_c0.5_wE07,E07,5,0.5,0.588691461454512,0.588691461454512
ketone,full_patch,TinyColorCNN,2,raw,ketone_05_c0.5_wF02,F02,5,0.5,0.5210498782073227,0.5210498782073227
ketone,full_patch,TinyColorCNN,2,raw,ketone_05_c0.5_wF05,F05,5,0.5,0.2678045342438886,0.2678045342438886
ketone,full_patch,TinyColorCNN,2,raw,ketone_05_c0.5_wF06,F06,5,0.5,0.43068761069086503,0.43068761069086503
ketone,full_patch,TinyColorCNN,2,raw,ketone_05_c0.5_wF10,F10,5,0.5,0.4060924495518914,0.4060924495518914
ketone,full_patch,TinyColorCNN,2,raw,ketone_05_c0.5_wG03,G03,5,0.5,0.3329767606508893,0.3329767606508893
ketone,full_patch,TinyColorCNN,2,raw,ketone_05_c0.5_wH01,H01,5,0.5,0.532392222702172,0.532392222702172
ketone,full_patch,TinyColorCNN,2,raw,ketone_05_c0.5_wH02,H02,5,0.5,0.5343492769779494,0.5343492769779494
ketone,full_patch,TinyColorCNN,2,raw,ketone_05_c0.5_wH04,H04,5,0.5,0.7761300739848012,0.7761300739848012
ketone,full_patch,TinyColorCNN,2,raw,ketone_05_c0.5_wH06,H06,5,0.5,0.44801918656312045,0.44801918656312045
ketone,full_patch,TinyColorCNN,2,raw,ketone_06_c1_wA04,A04,6,1.0,0.7695409212812294,0.7695409212812294
ketone,full_patch,TinyColorCNN,2,raw,ketone_06_c1_wB04,B04,6,1.0,0.7221849466817578,0.7221849466817578
ketone,full_patch,TinyColorCNN,2,raw,ketone_06_c1_wB08,B08,6,1.0,0.9071236517564247,0.9071236517564247
ketone,full_patch,TinyColorCNN,2,raw,ketone_06_c1_wB10,B10,6,1.0,1.1029513826230097,1.1029513826230097
ketone,full_patch,TinyColorCNN,2,raw,ketone_06_c1_wB12,B12,6,1.0,1.4076080181101247,1.4076080181101247
ketone,full_patch,TinyColorCNN,2,raw,ketone_06_c1_wC04,C04,6,1.0,0.7980174221598244,0.7980174221598244
ketone,full_patch,TinyColorCNN,2,raw,ketone_06_c1_wC08,C08,6,1.0,0.892174318098172,0.892174318098172
ketone,full_patch,TinyColorCNN,2,raw,ketone_06_c1_wC12,C12,6,1.0,1.2557227094971286,1.2557227094971286
ketone,full_patch,TinyColorCNN,2,raw,ketone_06_c1_wD07,D07,6,1.0,0.7755967993807522,0.7755967993807522
ketone,full_patch,TinyColorCNN,2,raw,ketone_06_c1_wE07,E07,6,1.0,0.7155161405584094,0.7155161405584094
ketone,full_patch,TinyColorCNN,2,raw,ketone_06_c1_wF02,F02,6,1.0,0.5755849449522812,0.5755849449522812
ketone,full_patch,TinyColorCNN,2,raw,ketone_06_c1_wF05,F05,6,1.0,0.7320616682527175,0.7320616682527175
ketone,full_patch,TinyColorCNN,2,raw,ketone_06_c1_wF06,F06,6,1.0,0.7956798463571648,0.7956798463571648
ketone,full_patch,TinyColorCNN,2,raw,ketone_06_c1_wF10,F10,6,1.0,0.8394447624771881,0.8394447624771881
ketone,full_patch,TinyColorCNN,2,raw,ketone_06_c1_wG03,G03,6,1.0,1.0595121380800476,1.0595121380800476
ketone,full_patch,TinyColorCNN,2,raw,ketone_06_c1_wH01,H01,6,1.0,0.9590097885717992,0.9590097885717992
ketone,full_patch,TinyColorCNN,2,raw,ketone_06_c1_wH02,H02,6,1.0,0.8458212707980906,0.8458212707980906
ketone,full_patch,TinyColorCNN,2,raw,ketone_06_c1_wH04,H04,6,1.0,1.1088957459348454,1.1088957459348454
ketone,full_patch,TinyColorCNN,2,raw,ketone_06_c1_wH06,H06,6,1.0,0.9514830445384772,0.9514830445384772
ketone,full_patch,TinyColorCNN,2,raw,ketone_07_c5_wA04,A04,7,5.0,5.196831955468118,5.196831955468118
ketone,full_patch,TinyColorCNN,2,raw,ketone_07_c5_wB04,B04,7,5.0,5.5611781918173175,5.5611781918173175
ketone,full_patch,TinyColorCNN,2,raw,ketone_07_c5_wB08,B08,7,5.0,5.427983356500677,5.427983356500677
ketone,full_patch,TinyColorCNN,2,raw,ketone_07_c5_wB10,B10,7,5.0,4.752072264559673,4.752072264559673
ketone,full_patch,TinyColorCNN,2,raw,ketone_07_c5_wB12,B12,7,5.0,4.836381880444245,4.836381880444245
ketone,full_patch,TinyColorCNN,2,raw,ketone_07_c5_wC04,C04,7,5.0,5.14136817017941,5.14136817017941
ketone,full_patch,TinyColorCNN,2,raw,ketone_07_c5_wC08,C08,7,5.0,5.591415839889885,5.591415839889885
ketone,full_patch,TinyColorCNN,2,raw,ketone_07_c5_wC12,C12,7,5.0,4.641389703868405,4.641389703868405
ketone,full_patch,TinyColorCNN,2,raw,ketone_07_c5_wD07,D07,7,5.0,5.614386272919644,5.614386272919644
ketone,full_patch,TinyColorCNN,2,raw,ketone_07_c5_wE07,E07,7,5.0,5.858834753699217,5.858834753699217
ketone,full_patch,TinyColorCNN,2,raw,ketone_07_c5_wF02,F02,7,5.0,4.275131180481884,4.275131180481884
ketone,full_patch,TinyColorCNN,2,raw,ketone_07_c5_wF05,F05,7,5.0,4.778797499301433,4.778797499301433
ketone,full_patch,TinyColorCNN,2,raw,ketone_07_c5_wF06,F06,7,5.0,5.200093510940186,5.200093510940186
ketone,full_patch,TinyColorCNN,2,raw,ketone_07_c5_wF10,F10,7,5.0,4.975687040501774,4.975687040501774
ketone,full_patch,TinyColorCNN,2,raw,ketone_07_c5_wG03,G03,7,5.0,4.5234419446766,4.5234419446766
ketone,full_patch,TinyColorCNN,2,raw,ketone_07_c5_wH01,H01,7,5.0,4.556791520784592,4.556791520784592
ketone,full_patch,TinyColorCNN,2,raw,ketone_07_c5_wH02,H02,7,5.0,4.870269470030626,4.870269470030626
ketone,full_patch,TinyColorCNN,2,raw,ketone_07_c5_wH04,H04,7,5.0,4.932033336688097,4.932033336688097
ketone,full_patch,TinyColorCNN,2,raw,ketone_07_c5_wH06,H06,7,5.0,5.370739771001974,5.370739771001974
ketone,full_patch,TinyColorCNN,2,raw,ketone_08_c10_wA04,A04,8,10.0,11.201413857617638,10.0
ketone,full_patch,TinyColorCNN,2,raw,ketone_08_c10_wB04,B04,8,10.0,10.845529637607896,10.0
ketone,full_patch,TinyColorCNN,2,raw,ketone_08_c10_wB08,B08,8,10.0,11.118717072242873,10.0
ketone,full_patch,TinyColorCNN,2,raw,ketone_08_c10_wB10,B10,8,10.0,11.258916770452629,10.0
ketone,full_patch,TinyColorCNN,2,raw,ketone_08_c10_wB12,B12,8,10.0,10.441452477128347,10.0
ketone,full_patch,TinyColorCNN,2,raw,ketone_08_c10_wC04,C04,8,10.0,10.797482694798642,10.0
ketone,full_patch,TinyColorCNN,2,raw,ketone_08_c10_wC08,C08,8,10.0,10.93853256723062,10.0
ketone,full_patch,TinyColorCNN,2,raw,ketone_08_c10_wC12,C12,8,10.0,11.911307719940302,10.0
ketone,full_patch,TinyColorCNN,2,raw,ketone_08_c10_wD07,D07,8,10.0,9.900326264086107,9.900326264086107
ketone,full_patch,TinyColorCNN,2,raw,ketone_08_c10_wE07,E07,8,10.0,11.00405728522691,10.0
ketone,full_patch,TinyColorCNN,2,raw,ketone_08_c10_wF02,F02,8,10.0,10.72304647319028,10.0
ketone,full_patch,TinyColorCNN,2,raw,ketone_08_c10_wF05,F05,8,10.0,9.9553117255477,9.9553117255477
ketone,full_patch,TinyColorCNN,2,raw,ketone_08_c10_wF06,F06,8,10.0,10.021704363338216,10.0
ketone,full_patch,TinyColorCNN,2,raw,ketone_08_c10_wF10,F10,8,10.0,9.187043804128187,9.187043804128187
ketone,full_patch,TinyColorCNN,2,raw,ketone_08_c10_wG03,G03,8,10.0,10.438091304468001,10.0
ketone,full_patch,TinyColorCNN,2,raw,ketone_08_c10_wH01,H01,8,10.0,11.330985571432693,10.0
ketone,full_patch,TinyColorCNN,2,raw,ketone_08_c10_wH02,H02,8,10.0,8.985227446846878,8.985227446846878
ketone,full_patch,TinyColorCNN,2,raw,ketone_08_c10_wH04,H04,8,10.0,9.936278792959863,9.936278792959863
ketone,full_patch,TinyColorCNN,2,raw,ketone_08_c10_wH06,H06,8,10.0,10.158080697398693,10.0
ketone,roi_masked,TinyColorCNN,3,log1p,ketone_01_c0_wA07,A07,1,0.0,0.2186529023627232,0.2186529023627232
ketone,roi_masked,TinyColorCNN,3,log1p,ketone_01_c0_wA08,A08,1,0.0,0.17189599551966503,0.17189599551966503
ketone,roi_masked,TinyColorCNN,3,log1p,ketone_01_c0_wA10,A10,1,0.0,0.14262800164149286,0.14262800164149286
ketone,roi_masked,TinyColorCNN,3,log1p,ketone_01_c0_wB01,B01,1,0.0,-0.01871207854764757,0.0
ketone,roi_masked,TinyColorCNN,3,log1p,ketone_01_c0_wB11,B11,1,0.0,-0.028630842136281844,0.0
ketone,roi_masked,TinyColorCNN,3,log1p,ketone_01_c0_wC02,C02,1,0.0,-0.08502033956350968,0.0
ketone,roi_masked,TinyColorCNN,3,log1p,ketone_01_c0_wC05,C05,1,0.0,-0.07532946469333784,0.0
ketone,roi_masked,TinyColorCNN,3,log1p,ketone_01_c0_wC10,C10,1,0.0,-0.07392777792406147,0.0
ketone,roi_masked,TinyColorCNN,3,log1p,ketone_01_c0_wD05,D05,1,0.0,-0.077869992354978,0.0
ketone,roi_masked,TinyColorCNN,3,log1p,ketone_01_c0_wD09,D09,1,0.0,-0.09549686239782638,0.0
ketone,roi_masked,TinyColorCNN,3,log1p,ketone_01_c0_wD10,D10,1,0.0,-0.08380267698403683,0.0
ketone,roi_masked,TinyColorCNN,3,log1p,ketone_01_c0_wF04,F04,1,0.0,-0.10590328468255296,0.0
ketone,roi_masked,TinyColorCNN,3,log1p,ketone_01_c0_wG02,G02,1,0.0,-0.0767737908264529,0.0
ketone,roi_masked,TinyColorCNN,3,log1p,ketone_01_c0_wG04,G04,1,0.0,-0.10993534341567043,0.0
ketone,roi_masked,TinyColorCNN,3,log1p,ketone_01_c0_wG07,G07,1,0.0,-0.06659612929892551,0.0
ketone,roi_masked,TinyColorCNN,3,log1p,ketone_01_c0_wG08,G08,1,0.0,-0.11417083567255194,0.0
ketone,roi_masked,TinyColorCNN,3,log1p,ketone_01_c0_wH09,H09,1,0.0,-0.1306764707899869,0.0
ketone,roi_masked,TinyColorCNN,3,log1p,ketone_01_c0_wH10,H10,1,0.0,-0.10124410533688016,0.0
ketone,roi_masked,TinyColorCNN,3,log1p,ketone_01_c0_wH12,H12,1,0.0,-0.033535351839220365,0.0
ketone,roi_masked,TinyColorCNN,3,log1p,ketone_02_c0.01_wA07,A07,2,0.01,-0.045498900976374636,0.0
ketone,roi_masked,TinyColorCNN,3,log1p,ketone_02_c0.01_wA08,A08,2,0.01,-0.005929890544504109,0.0
ketone,roi_masked,TinyColorCNN,3,log1p,ketone_02_c0.01_wA10,A10,2,0.01,0.006605234757327057,0.006605234757327057
ketone,roi_masked,TinyColorCNN,3,log1p,ketone_02_c0.01_wB01,B01,2,0.01,-0.0529114226886688,0.0
ketone,roi_masked,TinyColorCNN,3,log1p,ketone_02_c0.01_wB11,B11,2,0.01,-0.08661515915660602,0.0
ketone,roi_masked,TinyColorCNN,3,log1p,ketone_02_c0.01_wC02,C02,2,0.01,-0.11032344529952272,0.0
ketone,roi_masked,TinyColorCNN,3,log1p,ketone_02_c0.01_wC05,C05,2,0.01,-0.11890936331744391,0.0
ketone,roi_masked,TinyColorCNN,3,log1p,ketone_02_c0.01_wC10,C10,2,0.01,-0.03473112692517697,0.0
ketone,roi_masked,TinyColorCNN,3,log1p,ketone_02_c0.01_wD05,D05,2,0.01,-0.09633907037555141,0.0
ketone,roi_masked,TinyColorCNN,3,log1p,ketone_02_c0.01_wD09,D09,2,0.01,-0.05295529982801524,0.0
ketone,roi_masked,TinyColorCNN,3,log1p,ketone_02_c0.01_wD10,D10,2,0.01,-0.07904088527889447,0.0
ketone,roi_masked,TinyColorCNN,3,log1p,ketone_02_c0.01_wF04,F04,2,0.01,-0.12183553207517296,0.0
ketone,roi_masked,TinyColorCNN,3,log1p,ketone_02_c0.01_wG02,G02,2,0.01,-0.04051723146623898,0.0
ketone,roi_masked,TinyColorCNN,3,log1p,ketone_02_c0.01_wG04,G04,2,0.01,-0.07861477160850008,0.0
ketone,roi_masked,TinyColorCNN,3,log1p,ketone_02_c0.01_wG07,G07,2,0.01,-0.046714806174132754,0.0
ketone,roi_masked,TinyColorCNN,3,log1p,ketone_02_c0.01_wG08,G08,2,0.01,-0.025337359496351446,0.0
ketone,roi_masked,TinyColorCNN,3,log1p,ketone_02_c0.01_wH09,H09,2,0.01,0.038121560000227504,0.038121560000227504
ketone,roi_masked,TinyColorCNN,3,log1p,ketone_02_c0.01_wH10,H10,2,0.01,0.034012691678737855,0.034012691678737855
ketone,roi_masked,TinyColorCNN,3,log1p,ketone_02_c0.01_wH12,H12,2,0.01,0.16514810503566857,0.16514810503566857
ketone,roi_masked,TinyColorCNN,3,log1p,ketone_03_c0.05_wA07,A07,3,0.05,0.0412520101708905,0.0412520101708905
ketone,roi_masked,TinyColorCNN,3,log1p,ketone_03_c0.05_wA08,A08,3,0.05,0.08981492331126197,0.08981492331126197
ketone,roi_masked,TinyColorCNN,3,log1p,ketone_03_c0.05_wA10,A10,3,0.05,0.09566873174062925,0.09566873174062925
ketone,roi_masked,TinyColorCNN,3,log1p,ketone_03_c0.05_wB01,B01,3,0.05,0.07614994612228673,0.07614994612228673
ketone,roi_masked,TinyColorCNN,3,log1p,ketone_03_c0.05_wB11,B11,3,0.05,-0.009843801692481856,0.0
ketone,roi_masked,TinyColorCNN,3,log1p,ketone_03_c0.05_wC02,C02,3,0.05,0.07169973896877399,0.07169973896877399
ketone,roi_masked,TinyColorCNN,3,log1p,ketone_03_c0.05_wC05,C05,3,0.05,-0.009118898217823176,0.0
ketone,roi_masked,TinyColorCNN,3,log1p,ketone_03_c0.05_wC10,C10,3,0.05,0.05493427616184531,0.05493427616184531
ketone,roi_masked,TinyColorCNN,3,log1p,ketone_03_c0.05_wD05,D05,3,0.05,-0.001984550429781992,0.0
ketone,roi_masked,TinyColorCNN,3,log1p,ketone_03_c0.05_wD09,D09,3,0.05,-0.02150981564251972,0.0
ketone,roi_masked,TinyColorCNN,3,log1p,ketone_03_c0.05_wD10,D10,3,0.05,-0.024515520060623554,0.0
ketone,roi_masked,TinyColorCNN,3,log1p,ketone_03_c0.05_wF04,F04,3,0.05,0.0532611628790232,0.0532611628790232
ketone,roi_masked,TinyColorCNN,3,log1p,ketone_03_c0.05_wG02,G02,3,0.05,0.11218518011636615,0.11218518011636615
ketone,roi_masked,TinyColorCNN,3,log1p,ketone_03_c0.05_wG04,G04,3,0.05,0.04323892298029116,0.04323892298029116
ketone,roi_masked,TinyColorCNN,3,log1p,ketone_03_c0.05_wG07,G07,3,0.05,-0.013736894410873914,0.0
ketone,roi_masked,TinyColorCNN,3,log1p,ketone_03_c0.05_wG08,G08,3,0.05,0.20960980427882217,0.20960980427882217
ketone,roi_masked,TinyColorCNN,3,log1p,ketone_03_c0.05_wH09,H09,3,0.05,-0.026176074296307198,0.0
ketone,roi_masked,TinyColorCNN,3,log1p,ketone_03_c0.05_wH10,H10,3,0.05,-0.042596614696857354,0.0
ketone,roi_masked,TinyColorCNN,3,log1p,ketone_03_c0.05_wH12,H12,3,0.05,0.003509978527043248,0.003509978527043248
ketone,roi_masked,TinyColorCNN,3,log1p,ketone_04_c0.1_wA07,A07,4,0.1,0.11600363521847892,0.11600363521847892
ketone,roi_masked,TinyColorCNN,3,log1p,ketone_04_c0.1_wA08,A08,4,0.1,0.13247415240940907,0.13247415240940907
ketone,roi_masked,TinyColorCNN,3,log1p,ketone_04_c0.1_wA10,A10,4,0.1,0.1430139711117057,0.1430139711117057
ketone,roi_masked,TinyColorCNN,3,log1p,ketone_04_c0.1_wB01,B01,4,0.1,0.11419455118385888,0.11419455118385888
ketone,roi_masked,TinyColorCNN,3,log1p,ketone_04_c0.1_wB11,B11,4,0.1,0.05327152691167027,0.05327152691167027
ketone,roi_masked,TinyColorCNN,3,log1p,ketone_04_c0.1_wC02,C02,4,0.1,0.13408221034527787,0.13408221034527787
ketone,roi_masked,TinyColorCNN,3,log1p,ketone_04_c0.1_wC05,C05,4,0.1,-0.02194359216095571,0.0
ketone,roi_masked,TinyColorCNN,3,log1p,ketone_04_c0.1_wC10,C10,4,0.1,0.1745140063274342,0.1745140063274342
ketone,roi_masked,TinyColorCNN,3,log1p,ketone_04_c0.1_wD05,D05,4,0.1,0.015351373092589061,0.015351373092589061
ketone,roi_masked,TinyColorCNN,3,log1p,ketone_04_c0.1_wD09,D09,4,0.1,0.06660663529819202,0.06660663529819202
ketone,roi_masked,TinyColorCNN,3,log1p,ketone_04_c0.1_wD10,D10,4,0.1,0.07841698657265071,0.07841698657265071
ketone,roi_masked,TinyColorCNN,3,log1p,ketone_04_c0.1_wF04,F04,4,0.1,0.005339237110675946,0.005339237110675946
ketone,roi_masked,TinyColorCNN,3,log1p,ketone_04_c0.1_wG02,G02,4,0.1,0.03685891270348754,0.03685891270348754
ketone,roi_masked,TinyColorCNN,3,log1p,ketone_04_c0.1_wG04,G04,4,0.1,-0.08102627780988188,0.0
ketone,roi_masked,TinyColorCNN,3,log1p,ketone_04_c0.1_wG07,G07,4,0.1,0.03879037964938175,0.03879037964938175
ketone,roi_masked,TinyColorCNN,3,log1p,ketone_04_c0.1_wG08,G08,4,0.1,0.0408453521773212,0.0408453521773212
ketone,roi_masked,TinyColorCNN,3,log1p,ketone_04_c0.1_wH09,H09,4,0.1,0.0007618666273692829,0.0007618666273692829
ketone,roi_masked,TinyColorCNN,3,log1p,ketone_04_c0.1_wH10,H10,4,0.1,-0.012076394080006719,0.0
ketone,roi_masked,TinyColorCNN,3,log1p,ketone_04_c0.1_wH12,H12,4,0.1,0.08163801513025264,0.08163801513025264
ketone,roi_masked,TinyColorCNN,3,log1p,ketone_05_c0.5_wA07,A07,5,0.5,0.6259507621665645,0.6259507621665645
ketone,roi_masked,TinyColorCNN,3,log1p,ketone_05_c0.5_wA08,A08,5,0.5,0.44328425053815607,0.44328425053815607
ketone,roi_masked,TinyColorCNN,3,log1p,ketone_05_c0.5_wA10,A10,5,0.5,0.45264712241629695,0.45264712241629695
ketone,roi_masked,TinyColorCNN,3,log1p,ketone_05_c0.5_wB01,B01,5,0.5,0.3625079006339274,0.3625079006339274
ketone,roi_masked,TinyColorCNN,3,log1p,ketone_05_c0.5_wB11,B11,5,0.5,0.4100896326134146,0.4100896326134146
ketone,roi_masked,TinyColorCNN,3,log1p,ketone_05_c0.5_wC02,C02,5,0.5,0.37022757398483536,0.37022757398483536
ketone,roi_masked,TinyColorCNN,3,log1p,ketone_05_c0.5_wC05,C05,5,0.5,0.46454267438707675,0.46454267438707675
ketone,roi_masked,TinyColorCNN,3,log1p,ketone_05_c0.5_wC10,C10,5,0.5,0.33920392118388903,0.33920392118388903
ketone,roi_masked,TinyColorCNN,3,log1p,ketone_05_c0.5_wD05,D05,5,0.5,0.40798269328315223,0.40798269328315223
ketone,roi_masked,TinyColorCNN,3,log1p,ketone_05_c0.5_wD09,D09,5,0.5,0.3186961306235719,0.3186961306235719
ketone,roi_masked,TinyColorCNN,3,log1p,ketone_05_c0.5_wD10,D10,5,0.5,0.30890686478094226,0.30890686478094226
ketone,roi_masked,TinyColorCNN,3,log1p,ketone_05_c0.5_wF04,F04,5,0.5,0.32661003646198516,0.32661003646198516
ketone,roi_masked,TinyColorCNN,3,log1p,ketone_05_c0.5_wG02,G02,5,0.5,0.34311927140207577,0.34311927140207577
ketone,roi_masked,TinyColorCNN,3,log1p,ketone_05_c0.5_wG04,G04,5,0.5,0.31732113918302807,0.31732113918302807
ketone,roi_masked,TinyColorCNN,3,log1p,ketone_05_c0.5_wG07,G07,5,0.5,0.28093945758168687,0.28093945758168687
ketone,roi_masked,TinyColorCNN,3,log1p,ketone_05_c0.5_wG08,G08,5,0.5,0.30177198234018415,0.30177198234018415
ketone,roi_masked,TinyColorCNN,3,log1p,ketone_05_c0.5_wH09,H09,5,0.5,0.2164479786605234,0.2164479786605234
ketone,roi_masked,TinyColorCNN,3,log1p,ketone_05_c0.5_wH10,H10,5,0.5,0.2018100758248995,0.2018100758248995
ketone,roi_masked,TinyColorCNN,3,log1p,ketone_05_c0.5_wH12,H12,5,0.5,0.2374062278777168,0.2374062278777168
ketone,roi_masked,TinyColorCNN,3,log1p,ketone_06_c1_wA07,A07,6,1.0,1.0504405161777006,1.0504405161777006
ketone,roi_masked,TinyColorCNN,3,log1p,ketone_06_c1_wA08,A08,6,1.0,1.1721620910401063,1.1721620910401063
ketone,roi_masked,TinyColorCNN,3,log1p,ketone_06_c1_wA10,A10,6,1.0,0.9629129597598272,0.9629129597598272
ketone,roi_masked,TinyColorCNN,3,log1p,ketone_06_c1_wB01,B01,6,1.0,1.043033683875454,1.043033683875454
ketone,roi_masked,TinyColorCNN,3,log1p,ketone_06_c1_wB11,B11,6,1.0,1.339971423390931,1.339971423390931
ketone,roi_masked,TinyColorCNN,3,log1p,ketone_06_c1_wC02,C02,6,1.0,0.7985182598538918,0.7985182598538918
ketone,roi_masked,TinyColorCNN,3,log1p,ketone_06_c1_wC05,C05,6,1.0,1.0198932329359764,1.0198932329359764
ketone,roi_masked,TinyColorCNN,3,log1p,ketone_06_c1_wC10,C10,6,1.0,0.8829625966548464,0.8829625966548464
ketone,roi_masked,TinyColorCNN,3,log1p,ketone_06_c1_wD05,D05,6,1.0,0.9902373298715068,0.9902373298715068
ketone,roi_masked,TinyColorCNN,3,log1p,ketone_06_c1_wD09,D09,6,1.0,0.9261187438122285,0.9261187438122285
ketone,roi_masked,TinyColorCNN,3,log1p,ketone_06_c1_wD10,D10,6,1.0,0.8820690904435058,0.8820690904435058
ketone,roi_masked,TinyColorCNN,3,log1p,ketone_06_c1_wF04,F04,6,1.0,0.930181286526157,0.930181286526157
ketone,roi_masked,TinyColorCNN,3,log1p,ketone_06_c1_wG02,G02,6,1.0,1.1497458981480655,1.1497458981480655
ketone,roi_masked,TinyColorCNN,3,log1p,ketone_06_c1_wG04,G04,6,1.0,1.1518863638085772,1.1518863638085772
ketone,roi_masked,TinyColorCNN,3,log1p,ketone_06_c1_wG07,G07,6,1.0,1.133790607536504,1.133790607536504
ketone,roi_masked,TinyColorCNN,3,log1p,ketone_06_c1_wG08,G08,6,1.0,1.0882832089543482,1.0882832089543482
ketone,roi_masked,TinyColorCNN,3,log1p,ketone_06_c1_wH09,H09,6,1.0,1.1229317605480276,1.1229317605480276
ketone,roi_masked,TinyColorCNN,3,log1p,ketone_06_c1_wH10,H10,6,1.0,1.3157132822172763,1.3157132822172763
ketone,roi_masked,TinyColorCNN,3,log1p,ketone_06_c1_wH12,H12,6,1.0,1.156815144274424,1.156815144274424
ketone,roi_masked,TinyColorCNN,3,log1p,ketone_07_c5_wA07,A07,7,5.0,5.307211174551165,5.307211174551165
ketone,roi_masked,TinyColorCNN,3,log1p,ketone_07_c5_wA08,A08,7,5.0,6.270890639872772,6.270890639872772
ketone,roi_masked,TinyColorCNN,3,log1p,ketone_07_c5_wA10,A10,7,5.0,5.980563371956716,5.980563371956716
ketone,roi_masked,TinyColorCNN,3,log1p,ketone_07_c5_wB01,B01,7,5.0,4.9163422218363735,4.9163422218363735
ketone,roi_masked,TinyColorCNN,3,log1p,ketone_07_c5_wB11,B11,7,5.0,5.299751949585947,5.299751949585947
ketone,roi_masked,TinyColorCNN,3,log1p,ketone_07_c5_wC02,C02,7,5.0,3.6430318199078595,3.6430318199078595
ketone,roi_masked,TinyColorCNN,3,log1p,ketone_07_c5_wC05,C05,7,5.0,4.232365550581434,4.232365550581434
ketone,roi_masked,TinyColorCNN,3,log1p,ketone_07_c5_wC10,C10,7,5.0,5.131003229133043,5.131003229133043
ketone,roi_masked,TinyColorCNN,3,log1p,ketone_07_c5_wD05,D05,7,5.0,5.910342717489629,5.910342717489629
ketone,roi_masked,TinyColorCNN,3,log1p,ketone_07_c5_wD09,D09,7,5.0,4.887856578651788,4.887856578651788
ketone,roi_masked,TinyColorCNN,3,log1p,ketone_07_c5_wD10,D10,7,5.0,4.814129114592444,4.814129114592444
ketone,roi_masked,TinyColorCNN,3,log1p,ketone_07_c5_wF04,F04,7,5.0,4.39669865884253,4.39669865884253
ketone,roi_masked,TinyColorCNN,3,log1p,ketone_07_c5_wG02,G02,7,5.0,5.03933633573834,5.03933633573834
ketone,roi_masked,TinyColorCNN,3,log1p,ketone_07_c5_wG04,G04,7,5.0,4.304683099862701,4.304683099862701
ketone,roi_masked,TinyColorCNN,3,log1p,ketone_07_c5_wG07,G07,7,5.0,5.3662366833240265,5.3662366833240265
ketone,roi_masked,TinyColorCNN,3,log1p,ketone_07_c5_wG08,G08,7,5.0,6.648785553488195,6.648785553488195
ketone,roi_masked,TinyColorCNN,3,log1p,ketone_07_c5_wH09,H09,7,5.0,4.722123174828272,4.722123174828272
ketone,roi_masked,TinyColorCNN,3,log1p,ketone_07_c5_wH10,H10,7,5.0,4.840506760718627,4.840506760718627
ketone,roi_masked,TinyColorCNN,3,log1p,ketone_07_c5_wH12,H12,7,5.0,5.95896085450675,5.95896085450675
ketone,roi_masked,TinyColorCNN,3,log1p,ketone_08_c10_wA07,A07,8,10.0,10.05795129981209,10.0
ketone,roi_masked,TinyColorCNN,3,log1p,ketone_08_c10_wA08,A08,8,10.0,7.227441387087817,7.227441387087817
ketone,roi_masked,TinyColorCNN,3,log1p,ketone_08_c10_wA10,A10,8,10.0,6.957158044095577,6.957158044095577
ketone,roi_masked,TinyColorCNN,3,log1p,ketone_08_c10_wB01,B01,8,10.0,11.298685463278563,10.0
ketone,roi_masked,TinyColorCNN,3,log1p,ketone_08_c10_wB11,B11,8,10.0,8.388418825619192,8.388418825619192
ketone,roi_masked,TinyColorCNN,3,log1p,ketone_08_c10_wC02,C02,8,10.0,9.84583278420435,9.84583278420435
ketone,roi_masked,TinyColorCNN,3,log1p,ketone_08_c10_wC05,C05,8,10.0,10.930441596875875,10.0
ketone,roi_masked,TinyColorCNN,3,log1p,ketone_08_c10_wC10,C10,8,10.0,11.067750440427039,10.0
ketone,roi_masked,TinyColorCNN,3,log1p,ketone_08_c10_wD05,D05,8,10.0,10.05790822962525,10.0
ketone,roi_masked,TinyColorCNN,3,log1p,ketone_08_c10_wD09,D09,8,10.0,11.385807740569861,10.0
ketone,roi_masked,TinyColorCNN,3,log1p,ketone_08_c10_wD10,D10,8,10.0,10.86744546790578,10.0
ketone,roi_masked,TinyColorCNN,3,log1p,ketone_08_c10_wF04,F04,8,10.0,10.657068195109762,10.0
ketone,roi_masked,TinyColorCNN,3,log1p,ketone_08_c10_wG02,G02,8,10.0,11.694055378768814,10.0
ketone,roi_masked,TinyColorCNN,3,log1p,ketone_08_c10_wG04,G04,8,10.0,11.516913255207088,10.0
ketone,roi_masked,TinyColorCNN,3,log1p,ketone_08_c10_wG07,G07,8,10.0,11.128258941944472,10.0
ketone,roi_masked,TinyColorCNN,3,log1p,ketone_08_c10_wG08,G08,8,10.0,12.943736462232165,10.0
ketone,roi_masked,TinyColorCNN,3,log1p,ketone_08_c10_wH09,H09,8,10.0,10.763251336004945,10.0
ketone,roi_masked,TinyColorCNN,3,log1p,ketone_08_c10_wH10,H10,8,10.0,9.699613429268073,9.699613429268073
ketone,roi_masked,TinyColorCNN,3,log1p,ketone_08_c10_wH12,H12,8,10.0,9.545917980233254,9.545917980233254
ketone,full_patch,TinyColorCNN,3,log1p,ketone_01_c0_wA07,A07,1,0.0,0.21180407208125557,0.21180407208125557
ketone,full_patch,TinyColorCNN,3,log1p,ketone_01_c0_wA08,A08,1,0.0,0.09782176344324299,0.09782176344324299
ketone,full_patch,TinyColorCNN,3,log1p,ketone_01_c0_wA10,A10,1,0.0,0.019924958823827253,0.019924958823827253
ketone,full_patch,TinyColorCNN,3,log1p,ketone_01_c0_wB01,B01,1,0.0,-0.023077210322120425,0.0
ketone,full_patch,TinyColorCNN,3,log1p,ketone_01_c0_wB11,B11,1,0.0,-0.027461602592685225,0.0
ketone,full_patch,TinyColorCNN,3,log1p,ketone_01_c0_wC02,C02,1,0.0,-0.0797232194338928,0.0
ketone,full_patch,TinyColorCNN,3,log1p,ketone_01_c0_wC05,C05,1,0.0,-0.03676297395763765,0.0
ketone,full_patch,TinyColorCNN,3,log1p,ketone_01_c0_wC10,C10,1,0.0,-0.05894820887662211,0.0
ketone,full_patch,TinyColorCNN,3,log1p,ketone_01_c0_wD05,D05,1,0.0,-0.05656483485993038,0.0
ketone,full_patch,TinyColorCNN,3,log1p,ketone_01_c0_wD09,D09,1,0.0,-0.05307318530304284,0.0
ketone,full_patch,TinyColorCNN,3,log1p,ketone_01_c0_wD10,D10,1,0.0,-0.045126956393980955,0.0
ketone,full_patch,TinyColorCNN,3,log1p,ketone_01_c0_wF04,F04,1,0.0,-0.03999900506453999,0.0
ketone,full_patch,TinyColorCNN,3,log1p,ketone_01_c0_wG02,G02,1,0.0,-0.03455059579099022,0.0
ketone,full_patch,TinyColorCNN,3,log1p,ketone_01_c0_wG04,G04,1,0.0,-0.015483157970296733,0.0
ketone,full_patch,TinyColorCNN,3,log1p,ketone_01_c0_wG07,G07,1,0.0,-0.022355782316789873,0.0
ketone,full_patch,TinyColorCNN,3,log1p,ketone_01_c0_wG08,G08,1,0.0,-0.05054910833920586,0.0
ketone,full_patch,TinyColorCNN,3,log1p,ketone_01_c0_wH09,H09,1,0.0,-0.11656344698065293,0.0
ketone,full_patch,TinyColorCNN,3,log1p,ketone_01_c0_wH10,H10,1,0.0,-0.039158555284507436,0.0
ketone,full_patch,TinyColorCNN,3,log1p,ketone_01_c0_wH12,H12,1,0.0,-0.031803443532838475,0.0
ketone,full_patch,TinyColorCNN,3,log1p,ketone_02_c0.01_wA07,A07,2,0.01,0.011105015934311064,0.011105015934311064
ketone,full_patch,TinyColorCNN,3,log1p,ketone_02_c0.01_wA08,A08,2,0.01,-0.00950715305375748,0.0
ketone,full_patch,TinyColorCNN,3,log1p,ketone_02_c0.01_wA10,A10,2,0.01,-0.021372302636635955,0.0
ketone,full_patch,TinyColorCNN,3,log1p,ketone_02_c0.01_wB01,B01,2,0.01,-0.027534369296266025,0.0
ketone,full_patch,TinyColorCNN,3,log1p,ketone_02_c0.01_wB11,B11,2,0.01,-0.07071258429535271,0.0
ketone,full_patch,TinyColorCNN,3,log1p,ketone_02_c0.01_wC02,C02,2,0.01,-0.03121795429786972,0.0
ketone,full_patch,TinyColorCNN,3,log1p,ketone_02_c0.01_wC05,C05,2,0.01,-0.017255995114356184,0.0
ketone,full_patch,TinyColorCNN,3,log1p,ketone_02_c0.01_wC10,C10,2,0.01,-0.060819344351409746,0.0
ketone,full_patch,TinyColorCNN,3,log1p,ketone_02_c0.01_wD05,D05,2,0.01,-0.035313652479374194,0.0
ketone,full_patch,TinyColorCNN,3,log1p,ketone_02_c0.01_wD09,D09,2,0.01,-0.026175924572429975,0.0
ketone,full_patch,TinyColorCNN,3,log1p,ketone_02_c0.01_wD10,D10,2,0.01,-0.04606471065946837,0.0
ketone,full_patch,TinyColorCNN,3,log1p,ketone_02_c0.01_wF04,F04,2,0.01,-0.05913984902572659,0.0
ketone,full_patch,TinyColorCNN,3,log1p,ketone_02_c0.01_wG02,G02,2,0.01,-0.05479795225916694,0.0
ketone,full_patch,TinyColorCNN,3,log1p,ketone_02_c0.01_wG04,G04,2,0.01,-0.03920538386545081,0.0
ketone,full_patch,TinyColorCNN,3,log1p,ketone_02_c0.01_wG07,G07,2,0.01,0.016899224113621613,0.016899224113621613
ketone,full_patch,TinyColorCNN,3,log1p,ketone_02_c0.01_wG08,G08,2,0.01,-0.013937084644298017,0.0
ketone,full_patch,TinyColorCNN,3,log1p,ketone_02_c0.01_wH09,H09,2,0.01,0.040894482025636794,0.040894482025636794
ketone,full_patch,TinyColorCNN,3,log1p,ketone_02_c0.01_wH10,H10,2,0.01,0.014505980632250644,0.014505980632250644
ketone,full_patch,TinyColorCNN,3,log1p,ketone_02_c0.01_wH12,H12,2,0.01,0.09308943421402698,0.09308943421402698
ketone,full_patch,TinyColorCNN,3,log1p,ketone_03_c0.05_wA07,A07,3,0.05,0.02845888033194612,0.02845888033194612
ketone,full_patch,TinyColorCNN,3,log1p,ketone_03_c0.05_wA08,A08,3,0.05,0.01771542028895783,0.01771542028895783
ketone,full_patch,TinyColorCNN,3,log1p,ketone_03_c0.05_wA10,A10,3,0.05,0.0289552455870623,0.0289552455870623
ketone,full_patch,TinyColorCNN,3,log1p,ketone_03_c0.05_wB01,B01,3,0.05,-0.05491299286860382,0.0
ketone,full_patch,TinyColorCNN,3,log1p,ketone_03_c0.05_wB11,B11,3,0.05,0.07819251012994502,0.07819251012994502
ketone,full_patch,TinyColorCNN,3,log1p,ketone_03_c0.05_wC02,C02,3,0.05,-0.005770112424956308,0.0
ketone,full_patch,TinyColorCNN,3,log1p,ketone_03_c0.05_wC05,C05,3,0.05,0.02537918845480666,0.02537918845480666
ketone,full_patch,TinyColorCNN,3,log1p,ketone_03_c0.05_wC10,C10,3,0.05,-0.013191004098997271,0.0
ketone,full_patch,TinyColorCNN,3,log1p,ketone_03_c0.05_wD05,D05,3,0.05,0.004500739417759915,0.004500739417759915
ketone,full_patch,TinyColorCNN,3,log1p,ketone_03_c0.05_wD09,D09,3,0.05,-0.006777161513031867,0.0
ketone,full_patch,TinyColorCNN,3,log1p,ketone_03_c0.05_wD10,D10,3,0.05,0.011488909098189937,0.011488909098189937
ketone,full_patch,TinyColorCNN,3,log1p,ketone_03_c0.05_wF04,F04,3,0.05,0.039378607018176054,0.039378607018176054
ketone,full_patch,TinyColorCNN,3,log1p,ketone_03_c0.05_wG02,G02,3,0.05,0.032301124087983885,0.032301124087983885
ketone,full_patch,TinyColorCNN,3,log1p,ketone_03_c0.05_wG04,G04,3,0.05,0.016153203346307533,0.016153203346307533
ketone,full_patch,TinyColorCNN,3,log1p,ketone_03_c0.05_wG07,G07,3,0.05,0.04386240927875072,0.04386240927875072
ketone,full_patch,TinyColorCNN,3,log1p,ketone_03_c0.05_wG08,G08,3,0.05,0.16579832447894466,0.16579832447894466
ketone,full_patch,TinyColorCNN,3,log1p,ketone_03_c0.05_wH09,H09,3,0.05,0.022001062166118926,0.022001062166118926
ketone,full_patch,TinyColorCNN,3,log1p,ketone_03_c0.05_wH10,H10,3,0.05,0.035466186398032506,0.035466186398032506
ketone,full_patch,TinyColorCNN,3,log1p,ketone_03_c0.05_wH12,H12,3,0.05,0.06521614994506154,0.06521614994506154
ketone,full_patch,TinyColorCNN,3,log1p,ketone_04_c0.1_wA07,A07,4,0.1,0.11760577508147398,0.11760577508147398
ketone,full_patch,TinyColorCNN,3,log1p,ketone_04_c0.1_wA08,A08,4,0.1,0.1297963419260996,0.1297963419260996
ketone,full_patch,TinyColorCNN,3,log1p,ketone_04_c0.1_wA10,A10,4,0.1,0.12368498778751176,0.12368498778751176
ketone,full_patch,TinyColorCNN,3,log1p,ketone_04_c0.1_wB01,B01,4,0.1,0.1193255123608521,0.1193255123608521
ketone,full_patch,TinyColorCNN,3,log1p,ketone_04_c0.1_wB11,B11,4,0.1,0.035601410167333876,0.035601410167333876
ketone,full_patch,TinyColorCNN,3,log1p,ketone_04_c0.1_wC02,C02,4,0.1,0.12262799211461405,0.12262799211461405
ketone,full_patch,TinyColorCNN,3,log1p,ketone_04_c0.1_wC05,C05,4,0.1,0.03031180943978793,0.03031180943978793
ketone,full_patch,TinyColorCNN,3,log1p,ketone_04_c0.1_wC10,C10,4,0.1,0.12020566267475398,0.12020566267475398
ketone,full_patch,TinyColorCNN,3,log1p,ketone_04_c0.1_wD05,D05,4,0.1,0.014008842490096762,0.014008842490096762
ketone,full_patch,TinyColorCNN,3,log1p,ketone_04_c0.1_wD09,D09,4,0.1,0.07582674815371387,0.07582674815371387
ketone,full_patch,TinyColorCNN,3,log1p,ketone_04_c0.1_wD10,D10,4,0.1,0.09627641340388872,0.09627641340388872
ketone,full_patch,TinyColorCNN,3,log1p,ketone_04_c0.1_wF04,F04,4,0.1,0.05492946440408034,0.05492946440408034
ketone,full_patch,TinyColorCNN,3,log1p,ketone_04_c0.1_wG02,G02,4,0.1,0.014380477562298995,0.014380477562298995
ketone,full_patch,TinyColorCNN,3,log1p,ketone_04_c0.1_wG04,G04,4,0.1,0.05392039958067815,0.05392039958067815
ketone,full_patch,TinyColorCNN,3,log1p,ketone_04_c0.1_wG07,G07,4,0.1,0.07667004584693285,0.07667004584693285
ketone,full_patch,TinyColorCNN,3,log1p,ketone_04_c0.1_wG08,G08,4,0.1,0.060541210137888185,0.060541210137888185
ketone,full_patch,TinyColorCNN,3,log1p,ketone_04_c0.1_wH09,H09,4,0.1,0.033226845269929285,0.033226845269929285
ketone,full_patch,TinyColorCNN,3,log1p,ketone_04_c0.1_wH10,H10,4,0.1,0.027495777211604584,0.027495777211604584
ketone,full_patch,TinyColorCNN,3,log1p,ketone_04_c0.1_wH12,H12,4,0.1,0.14422860420610997,0.14422860420610997
ketone,full_patch,TinyColorCNN,3,log1p,ketone_05_c0.5_wA07,A07,5,0.5,0.7355065313192666,0.7355065313192666
ketone,full_patch,TinyColorCNN,3,log1p,ketone_05_c0.5_wA08,A08,5,0.5,0.48278732051902157,0.48278732051902157
ketone,full_patch,TinyColorCNN,3,log1p,ketone_05_c0.5_wA10,A10,5,0.5,0.40097219667178263,0.40097219667178263
ketone,full_patch,TinyColorCNN,3,log1p,ketone_05_c0.5_wB01,B01,5,0.5,0.3331225000872465,0.3331225000872465
ketone,full_patch,TinyColorCNN,3,log1p,ketone_05_c0.5_wB11,B11,5,0.5,0.44233204771299683,0.44233204771299683
ketone,full_patch,TinyColorCNN,3,log1p,ketone_05_c0.5_wC02,C02,5,0.5,0.413891586261011,0.413891586261011
ketone,full_patch,TinyColorCNN,3,log1p,ketone_05_c0.5_wC05,C05,5,0.5,0.4987570977740782,0.4987570977740782
ketone,full_patch,TinyColorCNN,3,log1p,ketone_05_c0.5_wC10,C10,5,0.5,0.3706800280062445,0.3706800280062445
ketone,full_patch,TinyColorCNN,3,log1p,ketone_05_c0.5_wD05,D05,5,0.5,0.4809556763111964,0.4809556763111964
ketone,full_patch,TinyColorCNN,3,log1p,ketone_05_c0.5_wD09,D09,5,0.5,0.3736114235498831,0.3736114235498831
ketone,full_patch,TinyColorCNN,3,log1p,ketone_05_c0.5_wD10,D10,5,0.5,0.35321316375512707,0.35321316375512707
ketone,full_patch,TinyColorCNN,3,log1p,ketone_05_c0.5_wF04,F04,5,0.5,0.41869262812784924,0.41869262812784924
ketone,full_patch,TinyColorCNN,3,log1p,ketone_05_c0.5_wG02,G02,5,0.5,0.35814142257690185,0.35814142257690185
ketone,full_patch,TinyColorCNN,3,log1p,ketone_05_c0.5_wG04,G04,5,0.5,0.3933091147268305,0.3933091147268305
ketone,full_patch,TinyColorCNN,3,log1p,ketone_05_c0.5_wG07,G07,5,0.5,0.3951601960849831,0.3951601960849831
ketone,full_patch,TinyColorCNN,3,log1p,ketone_05_c0.5_wG08,G08,5,0.5,0.3752485619887431,0.3752485619887431
ketone,full_patch,TinyColorCNN,3,log1p,ketone_05_c0.5_wH09,H09,5,0.5,0.2539210980183482,0.2539210980183482
ketone,full_patch,TinyColorCNN,3,log1p,ketone_05_c0.5_wH10,H10,5,0.5,0.23381187965066366,0.23381187965066366
ketone,full_patch,TinyColorCNN,3,log1p,ketone_05_c0.5_wH12,H12,5,0.5,0.2765850612022567,0.2765850612022567
ketone,full_patch,TinyColorCNN,3,log1p,ketone_06_c1_wA07,A07,6,1.0,1.1090746689007367,1.1090746689007367
ketone,full_patch,TinyColorCNN,3,log1p,ketone_06_c1_wA08,A08,6,1.0,1.1528743956193792,1.1528743956193792
ketone,full_patch,TinyColorCNN,3,log1p,ketone_06_c1_wA10,A10,6,1.0,1.1546949807993103,1.1546949807993103
ketone,full_patch,TinyColorCNN,3,log1p,ketone_06_c1_wB01,B01,6,1.0,0.8915504899503852,0.8915504899503852
ketone,full_patch,TinyColorCNN,3,log1p,ketone_06_c1_wB11,B11,6,1.0,1.0805924168096164,1.0805924168096164
ketone,full_patch,TinyColorCNN,3,log1p,ketone_06_c1_wC02,C02,6,1.0,0.9088640995195616,0.9088640995195616
ketone,full_patch,TinyColorCNN,3,log1p,ketone_06_c1_wC05,C05,6,1.0,1.0172094125396538,1.0172094125396538
ketone,full_patch,TinyColorCNN,3,log1p,ketone_06_c1_wC10,C10,6,1.0,0.9569024763895277,0.9569024763895277
ketone,full_patch,TinyColorCNN,3,log1p,ketone_06_c1_wD05,D05,6,1.0,0.9117420876964135,0.9117420876964135
ketone,full_patch,TinyColorCNN,3,log1p,ketone_06_c1_wD09,D09,6,1.0,0.9873074114131868,0.9873074114131868
ketone,full_patch,TinyColorCNN,3,log1p,ketone_06_c1_wD10,D10,6,1.0,1.0562066853658014,1.0562066853658014
ketone,full_patch,TinyColorCNN,3,log1p,ketone_06_c1_wF04,F04,6,1.0,0.9471580323565925,0.9471580323565925
ketone,full_patch,TinyColorCNN,3,log1p,ketone_06_c1_wG02,G02,6,1.0,1.0038886226694603,1.0038886226694603
ketone,full_patch,TinyColorCNN,3,log1p,ketone_06_c1_wG04,G04,6,1.0,1.0285498396093513,1.0285498396093513
ketone,full_patch,TinyColorCNN,3,log1p,ketone_06_c1_wG07,G07,6,1.0,0.9722130787414223,0.9722130787414223
ketone,full_patch,TinyColorCNN,3,log1p,ketone_06_c1_wG08,G08,6,1.0,0.8869417728191709,0.8869417728191709
ketone,full_patch,TinyColorCNN,3,log1p,ketone_06_c1_wH09,H09,6,1.0,1.1048527035148323,1.1048527035148323
ketone,full_patch,TinyColorCNN,3,log1p,ketone_06_c1_wH10,H10,6,1.0,0.9946667020429172,0.9946667020429172
ketone,full_patch,TinyColorCNN,3,log1p,ketone_06_c1_wH12,H12,6,1.0,0.9181055809400751,0.9181055809400751
ketone,full_patch,TinyColorCNN,3,log1p,ketone_07_c5_wA07,A07,7,5.0,5.686253019673928,5.686253019673928
ketone,full_patch,TinyColorCNN,3,log1p,ketone_07_c5_wA08,A08,7,5.0,6.143566631720555,6.143566631720555
ketone,full_patch,TinyColorCNN,3,log1p,ketone_07_c5_wA10,A10,7,5.0,5.791978759477368,5.791978759477368
ketone,full_patch,TinyColorCNN,3,log1p,ketone_07_c5_wB01,B01,7,5.0,5.052267985266131,5.052267985266131
ketone,full_patch,TinyColorCNN,3,log1p,ketone_07_c5_wB11,B11,7,5.0,5.550619232018479,5.550619232018479
ketone,full_patch,TinyColorCNN,3,log1p,ketone_07_c5_wC02,C02,7,5.0,4.251046382743023,4.251046382743023
ketone,full_patch,TinyColorCNN,3,log1p,ketone_07_c5_wC05,C05,7,5.0,5.083483625957337,5.083483625957337
ketone,full_patch,TinyColorCNN,3,log1p,ketone_07_c5_wC10,C10,7,5.0,5.486951296699569,5.486951296699569
ketone,full_patch,TinyColorCNN,3,log1p,ketone_07_c5_wD05,D05,7,5.0,5.036897248858767,5.036897248858767
ketone,full_patch,TinyColorCNN,3,log1p,ketone_07_c5_wD09,D09,7,5.0,4.75276510865112,4.75276510865112
ketone,full_patch,TinyColorCNN,3,log1p,ketone_07_c5_wD10,D10,7,5.0,5.219049127228968,5.219049127228968
ketone,full_patch,TinyColorCNN,3,log1p,ketone_07_c5_wF04,F04,7,5.0,4.28007538561047,4.28007538561047
ketone,full_patch,TinyColorCNN,3,log1p,ketone_07_c5_wG02,G02,7,5.0,4.6166680819139145,4.6166680819139145
ketone,full_patch,TinyColorCNN,3,log1p,ketone_07_c5_wG04,G04,7,5.0,4.620081307127915,4.620081307127915
ketone,full_patch,TinyColorCNN,3,log1p,ketone_07_c5_wG07,G07,7,5.0,5.4259463065627935,5.4259463065627935
ketone,full_patch,TinyColorCNN,3,log1p,ketone_07_c5_wG08,G08,7,5.0,5.723497345703359,5.723497345703359
ketone,full_patch,TinyColorCNN,3,log1p,ketone_07_c5_wH09,H09,7,5.0,4.037471306056388,4.037471306056388
ketone,full_patch,TinyColorCNN,3,log1p,ketone_07_c5_wH10,H10,7,5.0,4.018733319593455,4.018733319593455
ketone,full_patch,TinyColorCNN,3,log1p,ketone_07_c5_wH12,H12,7,5.0,3.899306215870256,3.899306215870256
ketone,full_patch,TinyColorCNN,3,log1p,ketone_08_c10_wA07,A07,8,10.0,11.0557680530041,10.0
ketone,full_patch,TinyColorCNN,3,log1p,ketone_08_c10_wA08,A08,8,10.0,8.670155076648058,8.670155076648058
ketone,full_patch,TinyColorCNN,3,log1p,ketone_08_c10_wA10,A10,8,10.0,8.150465024506738,8.150465024506738
ketone,full_patch,TinyColorCNN,3,log1p,ketone_08_c10_wB01,B01,8,10.0,10.223583270056317,10.0
ketone,full_patch,TinyColorCNN,3,log1p,ketone_08_c10_wB11,B11,8,10.0,7.716321915365256,7.716321915365256
ketone,full_patch,TinyColorCNN,3,log1p,ketone_08_c10_wC02,C02,8,10.0,10.257047731928127,10.0
ketone,full_patch,TinyColorCNN,3,log1p,ketone_08_c10_wC05,C05,8,10.0,10.010822066883144,10.0
ketone,full_patch,TinyColorCNN,3,log1p,ketone_08_c10_wC10,C10,8,10.0,9.82136774717577,9.82136774717577
ketone,full_patch,TinyColorCNN,3,log1p,ketone_08_c10_wD05,D05,8,10.0,9.55757051789742,9.55757051789742
ketone,full_patch,TinyColorCNN,3,log1p,ketone_08_c10_wD09,D09,8,10.0,10.08793705495557,10.0
ketone,full_patch,TinyColorCNN,3,log1p,ketone_08_c10_wD10,D10,8,10.0,9.94820562481732,9.94820562481732
ketone,full_patch,TinyColorCNN,3,log1p,ketone_08_c10_wF04,F04,8,10.0,9.940996874545519,9.940996874545519
ketone,full_patch,TinyColorCNN,3,log1p,ketone_08_c10_wG02,G02,8,10.0,12.154839270255195,10.0
ketone,full_patch,TinyColorCNN,3,log1p,ketone_08_c10_wG04,G04,8,10.0,9.490084148478198,9.490084148478198
ketone,full_patch,TinyColorCNN,3,log1p,ketone_08_c10_wG07,G07,8,10.0,10.07466838776297,10.0
ketone,full_patch,TinyColorCNN,3,log1p,ketone_08_c10_wG08,G08,8,10.0,9.667165348004678,9.667165348004678
ketone,full_patch,TinyColorCNN,3,log1p,ketone_08_c10_wH09,H09,8,10.0,8.169071473315894,8.169071473315894
ketone,full_patch,TinyColorCNN,3,log1p,ketone_08_c10_wH10,H10,8,10.0,9.20299723626294,9.20299723626294
ketone,full_patch,TinyColorCNN,3,log1p,ketone_08_c10_wH12,H12,8,10.0,10.714955534566956,10.0
ketone,roi_masked,TinyColorCNN,4,raw,ketone_01_c0_wA01,A01,1,0.0,0.187020035906444,0.187020035906444
ketone,roi_masked,TinyColorCNN,4,raw,ketone_01_c0_wA02,A02,1,0.0,0.07609065044098173,0.07609065044098173
ketone,roi_masked,TinyColorCNN,4,raw,ketone_01_c0_wA03,A03,1,0.0,0.09003705679984475,0.09003705679984475
ketone,roi_masked,TinyColorCNN,4,raw,ketone_01_c0_wB03,B03,1,0.0,-0.04307106719906395,0.0
ketone,roi_masked,TinyColorCNN,4,raw,ketone_01_c0_wB06,B06,1,0.0,0.03802397864839602,0.03802397864839602
ketone,roi_masked,TinyColorCNN,4,raw,ketone_01_c0_wB07,B07,1,0.0,0.02739538929101304,0.02739538929101304
ketone,roi_masked,TinyColorCNN,4,raw,ketone_01_c0_wC06,C06,1,0.0,0.00381797703713449,0.00381797703713449
ketone,roi_masked,TinyColorCNN,4,raw,ketone_01_c0_wC07,C07,1,0.0,0.017417134816616997,0.017417134816616997
ketone,roi_masked,TinyColorCNN,4,raw,ketone_01_c0_wD11,D11,1,0.0,-0.027819554681228542,0.0
ketone,roi_masked,TinyColorCNN,4,raw,ketone_01_c0_wD12,D12,1,0.0,0.07077121357949467,0.07077121357949467
ketone,roi_masked,TinyColorCNN,4,raw,ketone_01_c0_wE04,E04,1,0.0,-0.007301842017908289,0.0
ketone,roi_masked,TinyColorCNN,4,raw,ketone_01_c0_wE12,E12,1,0.0,0.07687649696470222,0.07687649696470222
ketone,roi_masked,TinyColorCNN,4,raw,ketone_01_c0_wF07,F07,1,0.0,-0.06939259017780364,0.0
ketone,roi_masked,TinyColorCNN,4,raw,ketone_01_c0_wF08,F08,1,0.0,-0.0496935936772509,0.0
ketone,roi_masked,TinyColorCNN,4,raw,ketone_01_c0_wF09,F09,1,0.0,-0.09857558664168353,0.0
ketone,roi_masked,TinyColorCNN,4,raw,ketone_01_c0_wF11,F11,1,0.0,-0.0528440376700865,0.0
ketone,roi_masked,TinyColorCNN,4,raw,ketone_01_c0_wG01,G01,1,0.0,0.056429766589385366,0.056429766589385366
ketone,roi_masked,TinyColorCNN,4,raw,ketone_01_c0_wG05,G05,1,0.0,-0.015582772861267191,0.0
ketone,roi_masked,TinyColorCNN,4,raw,ketone_01_c0_wH07,H07,1,0.0,-0.08279211027227618,0.0
ketone,roi_masked,TinyColorCNN,4,raw,ketone_02_c0.01_wA01,A01,2,0.01,0.07778192444520071,0.07778192444520071
ketone,roi_masked,TinyColorCNN,4,raw,ketone_02_c0.01_wA02,A02,2,0.01,0.039570464917425774,0.039570464917425774
ketone,roi_masked,TinyColorCNN,4,raw,ketone_02_c0.01_wA03,A03,2,0.01,0.02689609342426147,0.02689609342426147
ketone,roi_masked,TinyColorCNN,4,raw,ketone_02_c0.01_wB03,B03,2,0.01,-0.06289287112403175,0.0
ketone,roi_masked,TinyColorCNN,4,raw,ketone_02_c0.01_wB06,B06,2,0.01,0.0030613703763702205,0.0030613703763702205
ketone,roi_masked,TinyColorCNN,4,raw,ketone_02_c0.01_wB07,B07,2,0.01,-0.015620683855996464,0.0
ketone,roi_masked,TinyColorCNN,4,raw,ketone_02_c0.01_wC06,C06,2,0.01,-0.00428852289962478,0.0
ketone,roi_masked,TinyColorCNN,4,raw,ketone_02_c0.01_wC07,C07,2,0.01,-0.028939945568010383,0.0
ketone,roi_masked,TinyColorCNN,4,raw,ketone_02_c0.01_wD11,D11,2,0.01,0.006240449269480308,0.006240449269480308
ketone,roi_masked,TinyColorCNN,4,raw,ketone_02_c0.01_wD12,D12,2,0.01,0.15439036538985063,0.15439036538985063
ketone,roi_masked,TinyColorCNN,4,raw,ketone_02_c0.01_wE04,E04,2,0.01,-0.04128622563338613,0.0
ketone,roi_masked,TinyColorCNN,4,raw,ketone_02_c0.01_wE12,E12,2,0.01,0.23507161676292676,0.23507161676292676
ketone,roi_masked,TinyColorCNN,4,raw,ketone_02_c0.01_wF07,F07,2,0.01,0.014396757800378523,0.014396757800378523
ketone,roi_masked,TinyColorCNN,4,raw,ketone_02_c0.01_wF08,F08,2,0.01,0.015914004206452503,0.015914004206452503
ketone,roi_masked,TinyColorCNN,4,raw,ketone_02_c0.01_wF09,F09,2,0.01,0.06617107734672478,0.06617107734672478
ketone,roi_masked,TinyColorCNN,4,raw,ketone_02_c0.01_wF11,F11,2,0.01,0.08227316739523838,0.08227316739523838
ketone,roi_masked,TinyColorCNN,4,raw,ketone_02_c0.01_wG01,G01,2,0.01,0.009720799578150086,0.009720799578150086
ketone,roi_masked,TinyColorCNN,4,raw,ketone_02_c0.01_wG05,G05,2,0.01,-0.006043922948119729,0.0
ketone,roi_masked,TinyColorCNN,4,raw,ketone_02_c0.01_wH07,H07,2,0.01,0.06285951162629022,0.06285951162629022
ketone,roi_masked,TinyColorCNN,4,raw,ketone_03_c0.05_wA01,A01,3,0.05,0.13589665620576574,0.13589665620576574
ketone,roi_masked,TinyColorCNN,4,raw,ketone_03_c0.05_wA02,A02,3,0.05,0.21360915404478775,0.21360915404478775
ketone,roi_masked,TinyColorCNN,4,raw,ketone_03_c0.05_wA03,A03,3,0.05,0.026661367903704658,0.026661367903704658
ketone,roi_masked,TinyColorCNN,4,raw,ketone_03_c0.05_wB03,B03,3,0.05,0.017445366408436414,0.017445366408436414
ketone,roi_masked,TinyColorCNN,4,raw,ketone_03_c0.05_wB06,B06,3,0.05,0.03033470130788407,0.03033470130788407
ketone,roi_masked,TinyColorCNN,4,raw,ketone_03_c0.05_wB07,B07,3,0.05,0.08060871340324782,0.08060871340324782
ketone,roi_masked,TinyColorCNN,4,raw,ketone_03_c0.05_wC06,C06,3,0.05,0.05088145217993256,0.05088145217993256
ketone,roi_masked,TinyColorCNN,4,raw,ketone_03_c0.05_wC07,C07,3,0.05,0.011096888025126539,0.011096888025126539
ketone,roi_masked,TinyColorCNN,4,raw,ketone_03_c0.05_wD11,D11,3,0.05,0.06631546177345893,0.06631546177345893
ketone,roi_masked,TinyColorCNN,4,raw,ketone_03_c0.05_wD12,D12,3,0.05,0.09322158035709105,0.09322158035709105
ketone,roi_masked,TinyColorCNN,4,raw,ketone_03_c0.05_wE04,E04,3,0.05,0.08184122404039895,0.08184122404039895
ketone,roi_masked,TinyColorCNN,4,raw,ketone_03_c0.05_wE12,E12,3,0.05,0.12452698756311986,0.12452698756311986
ketone,roi_masked,TinyColorCNN,4,raw,ketone_03_c0.05_wF07,F07,3,0.05,0.06461833979664888,0.06461833979664888
ketone,roi_masked,TinyColorCNN,4,raw,ketone_03_c0.05_wF08,F08,3,0.05,0.25128602821603674,0.25128602821603674
ketone,roi_masked,TinyColorCNN,4,raw,ketone_03_c0.05_wF09,F09,3,0.05,0.07975974910638817,0.07975974910638817
ketone,roi_masked,TinyColorCNN,4,raw,ketone_03_c0.05_wF11,F11,3,0.05,0.08935808701658421,0.08935808701658421
ketone,roi_masked,TinyColorCNN,4,raw,ketone_03_c0.05_wG01,G01,3,0.05,0.13690069260340576,0.13690069260340576
ketone,roi_masked,TinyColorCNN,4,raw,ketone_03_c0.05_wG05,G05,3,0.05,0.07353528807285725,0.07353528807285725
ketone,roi_masked,TinyColorCNN,4,raw,ketone_03_c0.05_wH07,H07,3,0.05,0.15981688064602473,0.15981688064602473
ketone,roi_masked,TinyColorCNN,4,raw,ketone_04_c0.1_wA01,A01,4,0.1,0.22162914431804315,0.22162914431804315
ketone,roi_masked,TinyColorCNN,4,raw,ketone_04_c0.1_wA02,A02,4,0.1,0.198054958531801,0.198054958531801
ketone,roi_masked,TinyColorCNN,4,raw,ketone_04_c0.1_wA03,A03,4,0.1,0.28510223220596065,0.28510223220596065
ketone,roi_masked,TinyColorCNN,4,raw,ketone_04_c0.1_wB03,B03,4,0.1,0.12598938401937287,0.12598938401937287
ketone,roi_masked,TinyColorCNN,4,raw,ketone_04_c0.1_wB06,B06,4,0.1,0.19445361568676156,0.19445361568676156
ketone,roi_masked,TinyColorCNN,4,raw,ketone_04_c0.1_wB07,B07,4,0.1,0.23938096759995542,0.23938096759995542
ketone,roi_masked,TinyColorCNN,4,raw,ketone_04_c0.1_wC06,C06,4,0.1,0.12512731219773987,0.12512731219773987
ketone,roi_masked,TinyColorCNN,4,raw,ketone_04_c0.1_wC07,C07,4,0.1,0.14838832896901222,0.14838832896901222
ketone,roi_masked,TinyColorCNN,4,raw,ketone_04_c0.1_wD11,D11,4,0.1,0.19888658056511432,0.19888658056511432
ketone,roi_masked,TinyColorCNN,4,raw,ketone_04_c0.1_wD12,D12,4,0.1,0.22154727270176644,0.22154727270176644
ketone,roi_masked,TinyColorCNN,4,raw,ketone_04_c0.1_wE04,E04,4,0.1,0.08240363768029013,0.08240363768029013
ketone,roi_masked,TinyColorCNN,4,raw,ketone_04_c0.1_wE12,E12,4,0.1,0.22834806151687115,0.22834806151687115
ketone,roi_masked,TinyColorCNN,4,raw,ketone_04_c0.1_wF07,F07,4,0.1,0.17597745042045032,0.17597745042045032
ketone,roi_masked,TinyColorCNN,4,raw,ketone_04_c0.1_wF08,F08,4,0.1,0.21334357542745663,0.21334357542745663
ketone,roi_masked,TinyColorCNN,4,raw,ketone_04_c0.1_wF09,F09,4,0.1,0.16403609204345804,0.16403609204345804
ketone,roi_masked,TinyColorCNN,4,raw,ketone_04_c0.1_wF11,F11,4,0.1,0.2629851998660624,0.2629851998660624
ketone,roi_masked,TinyColorCNN,4,raw,ketone_04_c0.1_wG01,G01,4,0.1,0.16326395800719307,0.16326395800719307
ketone,roi_masked,TinyColorCNN,4,raw,ketone_04_c0.1_wG05,G05,4,0.1,0.12327935285892244,0.12327935285892244
ketone,roi_masked,TinyColorCNN,4,raw,ketone_04_c0.1_wH07,H07,4,0.1,0.12974741219901098,0.12974741219901098
ketone,roi_masked,TinyColorCNN,4,raw,ketone_05_c0.5_wA01,A01,5,0.5,0.6364277559266385,0.6364277559266385
ketone,roi_masked,TinyColorCNN,4,raw,ketone_05_c0.5_wA02,A02,5,0.5,0.5080557839368021,0.5080557839368021
ketone,roi_masked,TinyColorCNN,4,raw,ketone_05_c0.5_wA03,A03,5,0.5,0.439494959894545,0.439494959894545
ketone,roi_masked,TinyColorCNN,4,raw,ketone_05_c0.5_wB03,B03,5,0.5,0.38851656958328307,0.38851656958328307
ketone,roi_masked,TinyColorCNN,4,raw,ketone_05_c0.5_wB06,B06,5,0.5,0.45785124172273695,0.45785124172273695
ketone,roi_masked,TinyColorCNN,4,raw,ketone_05_c0.5_wB07,B07,5,0.5,0.49671948906877117,0.49671948906877117
ketone,roi_masked,TinyColorCNN,4,raw,ketone_05_c0.5_wC06,C06,5,0.5,0.42577511206003416,0.42577511206003416
ketone,roi_masked,TinyColorCNN,4,raw,ketone_05_c0.5_wC07,C07,5,0.5,0.4964283003645751,0.4964283003645751
ketone,roi_masked,TinyColorCNN,4,raw,ketone_05_c0.5_wD11,D11,5,0.5,0.38946454610573844,0.38946454610573844
ketone,roi_masked,TinyColorCNN,4,raw,ketone_05_c0.5_wD12,D12,5,0.5,0.5066719318020754,0.5066719318020754
ketone,roi_masked,TinyColorCNN,4,raw,ketone_05_c0.5_wE04,E04,5,0.5,0.38085209571272705,0.38085209571272705
ketone,roi_masked,TinyColorCNN,4,raw,ketone_05_c0.5_wE12,E12,5,0.5,0.42843210815870947,0.42843210815870947
ketone,roi_masked,TinyColorCNN,4,raw,ketone_05_c0.5_wF07,F07,5,0.5,0.4199928787469336,0.4199928787469336
ketone,roi_masked,TinyColorCNN,4,raw,ketone_05_c0.5_wF08,F08,5,0.5,0.42926312522934085,0.42926312522934085
ketone,roi_masked,TinyColorCNN,4,raw,ketone_05_c0.5_wF09,F09,5,0.5,0.3784044167019711,0.3784044167019711
ketone,roi_masked,TinyColorCNN,4,raw,ketone_05_c0.5_wF11,F11,5,0.5,0.36803293648437374,0.36803293648437374
ketone,roi_masked,TinyColorCNN,4,raw,ketone_05_c0.5_wG01,G01,5,0.5,0.5165225391506016,0.5165225391506016
ketone,roi_masked,TinyColorCNN,4,raw,ketone_05_c0.5_wG05,G05,5,0.5,0.4560519818798081,0.4560519818798081
ketone,roi_masked,TinyColorCNN,4,raw,ketone_05_c0.5_wH07,H07,5,0.5,0.3099456296987191,0.3099456296987191
ketone,roi_masked,TinyColorCNN,4,raw,ketone_06_c1_wA01,A01,6,1.0,1.3005025513430652,1.3005025513430652
ketone,roi_masked,TinyColorCNN,4,raw,ketone_06_c1_wA02,A02,6,1.0,1.0701811591100006,1.0701811591100006
ketone,roi_masked,TinyColorCNN,4,raw,ketone_06_c1_wA03,A03,6,1.0,3.692040823569253,3.692040823569253
ketone,roi_masked,TinyColorCNN,4,raw,ketone_06_c1_wB03,B03,6,1.0,0.8372075096526017,0.8372075096526017
ketone,roi_masked,TinyColorCNN,4,raw,ketone_06_c1_wB06,B06,6,1.0,1.624566137596071,1.624566137596071
ketone,roi_masked,TinyColorCNN,4,raw,ketone_06_c1_wB07,B07,6,1.0,1.0287631957142054,1.0287631957142054
ketone,roi_masked,TinyColorCNN,4,raw,ketone_06_c1_wC06,C06,6,1.0,0.8034955608981829,0.8034955608981829
ketone,roi_masked,TinyColorCNN,4,raw,ketone_06_c1_wC07,C07,6,1.0,1.1781273727641577,1.1781273727641577
ketone,roi_masked,TinyColorCNN,4,raw,ketone_06_c1_wD11,D11,6,1.0,1.458102841584363,1.458102841584363
ketone,roi_masked,TinyColorCNN,4,raw,ketone_06_c1_wD12,D12,6,1.0,1.072987580991092,1.072987580991092
ketone,roi_masked,TinyColorCNN,4,raw,ketone_06_c1_wE04,E04,6,1.0,0.805061103491691,0.805061103491691
ketone,roi_masked,TinyColorCNN,4,raw,ketone_06_c1_wE12,E12,6,1.0,0.9161306386451145,0.9161306386451145
ketone,roi_masked,TinyColorCNN,4,raw,ketone_06_c1_wF07,F07,6,1.0,0.8582072767462408,0.8582072767462408
ketone,roi_masked,TinyColorCNN,4,raw,ketone_06_c1_wF08,F08,6,1.0,1.0886570218949707,1.0886570218949707
ketone,roi_masked,TinyColorCNN,4,raw,ketone_06_c1_wF09,F09,6,1.0,1.1620061255640524,1.1620061255640524
ketone,roi_masked,TinyColorCNN,4,raw,ketone_06_c1_wF11,F11,6,1.0,0.7852693460465883,0.7852693460465883
ketone,roi_masked,TinyColorCNN,4,raw,ketone_06_c1_wG01,G01,6,1.0,1.0810515318858949,1.0810515318858949
ketone,roi_masked,TinyColorCNN,4,raw,ketone_06_c1_wG05,G05,6,1.0,0.843475225517885,0.843475225517885
ketone,roi_masked,TinyColorCNN,4,raw,ketone_06_c1_wH07,H07,6,1.0,0.9009143147899397,0.9009143147899397
ketone,roi_masked,TinyColorCNN,4,raw,ketone_07_c5_wA01,A01,7,5.0,6.72661016349668,6.72661016349668
ketone,roi_masked,TinyColorCNN,4,raw,ketone_07_c5_wA02,A02,7,5.0,5.773105492054576,5.773105492054576
ketone,roi_masked,TinyColorCNN,4,raw,ketone_07_c5_wA03,A03,7,5.0,5.2854648363314,5.2854648363314
ketone,roi_masked,TinyColorCNN,4,raw,ketone_07_c5_wB03,B03,7,5.0,4.41829842230033,4.41829842230033
ketone,roi_masked,TinyColorCNN,4,raw,ketone_07_c5_wB06,B06,7,5.0,5.728571365884583,5.728571365884583
ketone,roi_masked,TinyColorCNN,4,raw,ketone_07_c5_wB07,B07,7,5.0,5.0837489028552785,5.0837489028552785
ketone,roi_masked,TinyColorCNN,4,raw,ketone_07_c5_wC06,C06,7,5.0,5.803451630101421,5.803451630101421
ketone,roi_masked,TinyColorCNN,4,raw,ketone_07_c5_wC07,C07,7,5.0,5.412993389515627,5.412993389515627
ketone,roi_masked,TinyColorCNN,4,raw,ketone_07_c5_wD11,D11,7,5.0,5.173962349552001,5.173962349552001
ketone,roi_masked,TinyColorCNN,4,raw,ketone_07_c5_wD12,D12,7,5.0,4.979408165957819,4.979408165957819
ketone,roi_masked,TinyColorCNN,4,raw,ketone_07_c5_wE04,E04,7,5.0,4.856238368896305,4.856238368896305
ketone,roi_masked,TinyColorCNN,4,raw,ketone_07_c5_wE12,E12,7,5.0,5.037637235665254,5.037637235665254
ketone,roi_masked,TinyColorCNN,4,raw,ketone_07_c5_wF07,F07,7,5.0,4.931581026256302,4.931581026256302
ketone,roi_masked,TinyColorCNN,4,raw,ketone_07_c5_wF08,F08,7,5.0,5.397646696202514,5.397646696202514
ketone,roi_masked,TinyColorCNN,4,raw,ketone_07_c5_wF09,F09,7,5.0,5.053154730108875,5.053154730108875
ketone,roi_masked,TinyColorCNN,4,raw,ketone_07_c5_wF11,F11,7,5.0,5.585707815332425,5.585707815332425
ketone,roi_masked,TinyColorCNN,4,raw,ketone_07_c5_wG01,G01,7,5.0,4.837623868830078,4.837623868830078
ketone,roi_masked,TinyColorCNN,4,raw,ketone_07_c5_wG05,G05,7,5.0,5.040841118028319,5.040841118028319
ketone,roi_masked,TinyColorCNN,4,raw,ketone_07_c5_wH07,H07,7,5.0,4.948325183364483,4.948325183364483
ketone,roi_masked,TinyColorCNN,4,raw,ketone_08_c10_wA01,A01,8,10.0,10.45353559842712,10.0
ketone,roi_masked,TinyColorCNN,4,raw,ketone_08_c10_wA02,A02,8,10.0,11.039441955796638,10.0
ketone,roi_masked,TinyColorCNN,4,raw,ketone_08_c10_wA03,A03,8,10.0,11.827146924875466,10.0
ketone,roi_masked,TinyColorCNN,4,raw,ketone_08_c10_wB03,B03,8,10.0,10.487023912643481,10.0
ketone,roi_masked,TinyColorCNN,4,raw,ketone_08_c10_wB06,B06,8,10.0,10.618526667338994,10.0
ketone,roi_masked,TinyColorCNN,4,raw,ketone_08_c10_wB07,B07,8,10.0,10.891919789285799,10.0
ketone,roi_masked,TinyColorCNN,4,raw,ketone_08_c10_wC06,C06,8,10.0,11.309161744339264,10.0
ketone,roi_masked,TinyColorCNN,4,raw,ketone_08_c10_wC07,C07,8,10.0,11.271091039462132,10.0
ketone,roi_masked,TinyColorCNN,4,raw,ketone_08_c10_wD11,D11,8,10.0,9.842345027424003,9.842345027424003
ketone,roi_masked,TinyColorCNN,4,raw,ketone_08_c10_wD12,D12,8,10.0,10.144711828746766,10.0
ketone,roi_masked,TinyColorCNN,4,raw,ketone_08_c10_wE04,E04,8,10.0,9.714522865684852,9.714522865684852
ketone,roi_masked,TinyColorCNN,4,raw,ketone_08_c10_wE12,E12,8,10.0,9.540766290821459,9.540766290821459
ketone,roi_masked,TinyColorCNN,4,raw,ketone_08_c10_wF07,F07,8,10.0,10.153591067682473,10.0
ketone,roi_masked,TinyColorCNN,4,raw,ketone_08_c10_wF08,F08,8,10.0,10.580136542165848,10.0
ketone,roi_masked,TinyColorCNN,4,raw,ketone_08_c10_wF09,F09,8,10.0,10.326297427330179,10.0
ketone,roi_masked,TinyColorCNN,4,raw,ketone_08_c10_wF11,F11,8,10.0,9.861635270805854,9.861635270805854
ketone,roi_masked,TinyColorCNN,4,raw,ketone_08_c10_wG01,G01,8,10.0,10.366769430745792,10.0
ketone,roi_masked,TinyColorCNN,4,raw,ketone_08_c10_wG05,G05,8,10.0,9.712478091820207,9.712478091820207
ketone,roi_masked,TinyColorCNN,4,raw,ketone_08_c10_wH07,H07,8,10.0,9.687030941570965,9.687030941570965
ketone,full_patch,TinyColorCNN,4,log1p,ketone_01_c0_wA01,A01,1,0.0,0.0793508168649878,0.0793508168649878
ketone,full_patch,TinyColorCNN,4,log1p,ketone_01_c0_wA02,A02,1,0.0,0.05930379017457479,0.05930379017457479
ketone,full_patch,TinyColorCNN,4,log1p,ketone_01_c0_wA03,A03,1,0.0,0.051041079621770964,0.051041079621770964
ketone,full_patch,TinyColorCNN,4,log1p,ketone_01_c0_wB03,B03,1,0.0,0.000759302205140807,0.000759302205140807
ketone,full_patch,TinyColorCNN,4,log1p,ketone_01_c0_wB06,B06,1,0.0,0.02122565298901019,0.02122565298901019
ketone,full_patch,TinyColorCNN,4,log1p,ketone_01_c0_wB07,B07,1,0.0,-0.05686132217039394,0.0
ketone,full_patch,TinyColorCNN,4,log1p,ketone_01_c0_wC06,C06,1,0.0,-0.00876528997430007,0.0
ketone,full_patch,TinyColorCNN,4,log1p,ketone_01_c0_wC07,C07,1,0.0,-0.04706063935009878,0.0
ketone,full_patch,TinyColorCNN,4,log1p,ketone_01_c0_wD11,D11,1,0.0,0.023313476771235544,0.023313476771235544
ketone,full_patch,TinyColorCNN,4,log1p,ketone_01_c0_wD12,D12,1,0.0,0.0211333865531765,0.0211333865531765
ketone,full_patch,TinyColorCNN,4,log1p,ketone_01_c0_wE04,E04,1,0.0,-0.066468158026045,0.0
ketone,full_patch,TinyColorCNN,4,log1p,ketone_01_c0_wE12,E12,1,0.0,0.03136687657580414,0.03136687657580414
ketone,full_patch,TinyColorCNN,4,log1p,ketone_01_c0_wF07,F07,1,0.0,-0.0011019638778672844,0.0
ketone,full_patch,TinyColorCNN,4,log1p,ketone_01_c0_wF08,F08,1,0.0,-0.024609802410940237,0.0
ketone,full_patch,TinyColorCNN,4,log1p,ketone_01_c0_wF09,F09,1,0.0,-0.07986861361182447,0.0
ketone,full_patch,TinyColorCNN,4,log1p,ketone_01_c0_wF11,F11,1,0.0,0.01577409920161871,0.01577409920161871
ketone,full_patch,TinyColorCNN,4,log1p,ketone_01_c0_wG01,G01,1,0.0,-0.09729046890402197,0.0
ketone,full_patch,TinyColorCNN,4,log1p,ketone_01_c0_wG05,G05,1,0.0,-0.03749434049176423,0.0
ketone,full_patch,TinyColorCNN,4,log1p,ketone_01_c0_wH07,H07,1,0.0,-0.004295896679724352,0.0
ketone,full_patch,TinyColorCNN,4,log1p,ketone_02_c0.01_wA01,A01,2,0.01,0.018340874963853677,0.018340874963853677
ketone,full_patch,TinyColorCNN,4,log1p,ketone_02_c0.01_wA02,A02,2,0.01,0.06748521301802869,0.06748521301802869
ketone,full_patch,TinyColorCNN,4,log1p,ketone_02_c0.01_wA03,A03,2,0.01,0.0059967837377894444,0.0059967837377894444
ketone,full_patch,TinyColorCNN,4,log1p,ketone_02_c0.01_wB03,B03,2,0.01,0.017328381896854116,0.017328381896854116
ketone,full_patch,TinyColorCNN,4,log1p,ketone_02_c0.01_wB06,B06,2,0.01,0.026919485093104788,0.026919485093104788
ketone,full_patch,TinyColorCNN,4,log1p,ketone_02_c0.01_wB07,B07,2,0.01,0.061685233325836517,0.061685233325836517
ketone,full_patch,TinyColorCNN,4,log1p,ketone_02_c0.01_wC06,C06,2,0.01,0.023519183864170904,0.023519183864170904
ketone,full_patch,TinyColorCNN,4,log1p,ketone_02_c0.01_wC07,C07,2,0.01,0.049967554297254725,0.049967554297254725
ketone,full_patch,TinyColorCNN,4,log1p,ketone_02_c0.01_wD11,D11,2,0.01,0.01730966469385729,0.01730966469385729
ketone,full_patch,TinyColorCNN,4,log1p,ketone_02_c0.01_wD12,D12,2,0.01,0.06887323715152029,0.06887323715152029
ketone,full_patch,TinyColorCNN,4,log1p,ketone_02_c0.01_wE04,E04,2,0.01,0.03922994778552374,0.03922994778552374
ketone,full_patch,TinyColorCNN,4,log1p,ketone_02_c0.01_wE12,E12,2,0.01,0.07656940448565872,0.07656940448565872
ketone,full_patch,TinyColorCNN,4,log1p,ketone_02_c0.01_wF07,F07,2,0.01,-0.022780569746588444,0.0
ketone,full_patch,TinyColorCNN,4,log1p,ketone_02_c0.01_wF08,F08,2,0.01,0.0017891895370705211,0.0017891895370705211
ketone,full_patch,TinyColorCNN,4,log1p,ketone_02_c0.01_wF09,F09,2,0.01,0.00789286818321798,0.00789286818321798
ketone,full_patch,TinyColorCNN,4,log1p,ketone_02_c0.01_wF11,F11,2,0.01,0.031485071601377625,0.031485071601377625
ketone,full_patch,TinyColorCNN,4,log1p,ketone_02_c0.01_wG01,G01,2,0.01,-0.031773969068206266,0.0
ketone,full_patch,TinyColorCNN,4,log1p,ketone_02_c0.01_wG05,G05,2,0.01,0.029177382667284976,0.029177382667284976
ketone,full_patch,TinyColorCNN,4,log1p,ketone_02_c0.01_wH07,H07,2,0.01,0.0708939768426486,0.0708939768426486
ketone,full_patch,TinyColorCNN,4,log1p,ketone_03_c0.05_wA01,A01,3,0.05,0.11623478248808719,0.11623478248808719
ketone,full_patch,TinyColorCNN,4,log1p,ketone_03_c0.05_wA02,A02,3,0.05,0.008336570116314024,0.008336570116314024
ketone,full_patch,TinyColorCNN,4,log1p,ketone_03_c0.05_wA03,A03,3,0.05,0.026407689664547967,0.026407689664547967
ketone,full_patch,TinyColorCNN,4,log1p,ketone_03_c0.05_wB03,B03,3,0.05,0.08133960304007794,0.08133960304007794
ketone,full_patch,TinyColorCNN,4,log1p,ketone_03_c0.05_wB06,B06,3,0.05,0.11588513432136226,0.11588513432136226
ketone,full_patch,TinyColorCNN,4,log1p,ketone_03_c0.05_wB07,B07,3,0.05,0.04234028892120792,0.04234028892120792
ketone,full_patch,TinyColorCNN,4,log1p,ketone_03_c0.05_wC06,C06,3,0.05,0.061332111559579336,0.061332111559579336
ketone,full_patch,TinyColorCNN,4,log1p,ketone_03_c0.05_wC07,C07,3,0.05,0.0809363454926658,0.0809363454926658
ketone,full_patch,TinyColorCNN,4,log1p,ketone_03_c0.05_wD11,D11,3,0.05,-0.031216017963033568,0.0
ketone,full_patch,TinyColorCNN,4,log1p,ketone_03_c0.05_wD12,D12,3,0.05,0.1053919644713092,0.1053919644713092
ketone,full_patch,TinyColorCNN,4,log1p,ketone_03_c0.05_wE04,E04,3,0.05,0.09832098402021369,0.09832098402021369
ketone,full_patch,TinyColorCNN,4,log1p,ketone_03_c0.05_wE12,E12,3,0.05,0.12536816972012224,0.12536816972012224
ketone,full_patch,TinyColorCNN,4,log1p,ketone_03_c0.05_wF07,F07,3,0.05,0.038525290971974525,0.038525290971974525
ketone,full_patch,TinyColorCNN,4,log1p,ketone_03_c0.05_wF08,F08,3,0.05,0.29055494077310196,0.29055494077310196
ketone,full_patch,TinyColorCNN,4,log1p,ketone_03_c0.05_wF09,F09,3,0.05,-0.016639232047898234,0.0
ketone,full_patch,TinyColorCNN,4,log1p,ketone_03_c0.05_wF11,F11,3,0.05,0.0653801562098888,0.0653801562098888
ketone,full_patch,TinyColorCNN,4,log1p,ketone_03_c0.05_wG01,G01,3,0.05,0.04229878288766175,0.04229878288766175
ketone,full_patch,TinyColorCNN,4,log1p,ketone_03_c0.05_wG05,G05,3,0.05,0.14091871229998368,0.14091871229998368
ketone,full_patch,TinyColorCNN,4,log1p,ketone_03_c0.05_wH07,H07,3,0.05,0.02584735935292091,0.02584735935292091
ketone,full_patch,TinyColorCNN,4,log1p,ketone_04_c0.1_wA01,A01,4,0.1,0.22370737108277208,0.22370737108277208
ketone,full_patch,TinyColorCNN,4,log1p,ketone_04_c0.1_wA02,A02,4,0.1,0.09322624422220775,0.09322624422220775
ketone,full_patch,TinyColorCNN,4,log1p,ketone_04_c0.1_wA03,A03,4,0.1,0.29776657707312154,0.29776657707312154
ketone,full_patch,TinyColorCNN,4,log1p,ketone_04_c0.1_wB03,B03,4,0.1,0.17455517920778968,0.17455517920778968
ketone,full_patch,TinyColorCNN,4,log1p,ketone_04_c0.1_wB06,B06,4,0.1,0.1927078975909863,0.1927078975909863
ketone,full_patch,TinyColorCNN,4,log1p,ketone_04_c0.1_wB07,B07,4,0.1,0.21531250739418775,0.21531250739418775
ketone,full_patch,TinyColorCNN,4,log1p,ketone_04_c0.1_wC06,C06,4,0.1,0.12672283601271797,0.12672283601271797
ketone,full_patch,TinyColorCNN,4,log1p,ketone_04_c0.1_wC07,C07,4,0.1,0.12847187030586116,0.12847187030586116
ketone,full_patch,TinyColorCNN,4,log1p,ketone_04_c0.1_wD11,D11,4,0.1,0.1873580516930736,0.1873580516930736
ketone,full_patch,TinyColorCNN,4,log1p,ketone_04_c0.1_wD12,D12,4,0.1,0.18984960880777807,0.18984960880777807
ketone,full_patch,TinyColorCNN,4,log1p,ketone_04_c0.1_wE04,E04,4,0.1,0.22149017222817535,0.22149017222817535
ketone,full_patch,TinyColorCNN,4,log1p,ketone_04_c0.1_wE12,E12,4,0.1,0.17598478455061614,0.17598478455061614
ketone,full_patch,TinyColorCNN,4,log1p,ketone_04_c0.1_wF07,F07,4,0.1,0.1316016447651247,0.1316016447651247
ketone,full_patch,TinyColorCNN,4,log1p,ketone_04_c0.1_wF08,F08,4,0.1,0.1867000646309057,0.1867000646309057
ketone,full_patch,TinyColorCNN,4,log1p,ketone_04_c0.1_wF09,F09,4,0.1,0.1508424828386421,0.1508424828386421
ketone,full_patch,TinyColorCNN,4,log1p,ketone_04_c0.1_wF11,F11,4,0.1,0.16572197090072785,0.16572197090072785
ketone,full_patch,TinyColorCNN,4,log1p,ketone_04_c0.1_wG01,G01,4,0.1,0.13815356122485947,0.13815356122485947
ketone,full_patch,TinyColorCNN,4,log1p,ketone_04_c0.1_wG05,G05,4,0.1,0.15467169089205177,0.15467169089205177
ketone,full_patch,TinyColorCNN,4,log1p,ketone_04_c0.1_wH07,H07,4,0.1,0.032180984096235744,0.032180984096235744
ketone,full_patch,TinyColorCNN,4,log1p,ketone_05_c0.5_wA01,A01,5,0.5,0.7280822649902357,0.7280822649902357
ketone,full_patch,TinyColorCNN,4,log1p,ketone_05_c0.5_wA02,A02,5,0.5,0.6703136676410031,0.6703136676410031
ketone,full_patch,TinyColorCNN,4,log1p,ketone_05_c0.5_wA03,A03,5,0.5,0.5036951430745353,0.5036951430745353
ketone,full_patch,TinyColorCNN,4,log1p,ketone_05_c0.5_wB03,B03,5,0.5,0.4388258411431564,0.4388258411431564
ketone,full_patch,TinyColorCNN,4,log1p,ketone_05_c0.5_wB06,B06,5,0.5,0.43088508558848404,0.43088508558848404
ketone,full_patch,TinyColorCNN,4,log1p,ketone_05_c0.5_wB07,B07,5,0.5,0.5579747721979411,0.5579747721979411
ketone,full_patch,TinyColorCNN,4,log1p,ketone_05_c0.5_wC06,C06,5,0.5,0.5547545872750792,0.5547545872750792
ketone,full_patch,TinyColorCNN,4,log1p,ketone_05_c0.5_wC07,C07,5,0.5,0.5438349557370694,0.5438349557370694
ketone,full_patch,TinyColorCNN,4,log1p,ketone_05_c0.5_wD11,D11,5,0.5,0.4405693135931676,0.4405693135931676
ketone,full_patch,TinyColorCNN,4,log1p,ketone_05_c0.5_wD12,D12,5,0.5,0.4806155017667624,0.4806155017667624
ketone,full_patch,TinyColorCNN,4,log1p,ketone_05_c0.5_wE04,E04,5,0.5,0.57291701255845,0.57291701255845
ketone,full_patch,TinyColorCNN,4,log1p,ketone_05_c0.5_wE12,E12,5,0.5,0.4456924216279056,0.4456924216279056
ketone,full_patch,TinyColorCNN,4,log1p,ketone_05_c0.5_wF07,F07,5,0.5,0.5495787804045218,0.5495787804045218
ketone,full_patch,TinyColorCNN,4,log1p,ketone_05_c0.5_wF08,F08,5,0.5,0.5382545935642873,0.5382545935642873
ketone,full_patch,TinyColorCNN,4,log1p,ketone_05_c0.5_wF09,F09,5,0.5,0.47710782619729714,0.47710782619729714
ketone,full_patch,TinyColorCNN,4,log1p,ketone_05_c0.5_wF11,F11,5,0.5,0.45521093071703184,0.45521093071703184
ketone,full_patch,TinyColorCNN,4,log1p,ketone_05_c0.5_wG01,G01,5,0.5,0.49041088257814086,0.49041088257814086
ketone,full_patch,TinyColorCNN,4,log1p,ketone_05_c0.5_wG05,G05,5,0.5,0.4070500308093687,0.4070500308093687
ketone,full_patch,TinyColorCNN,4,log1p,ketone_05_c0.5_wH07,H07,5,0.5,0.3258996156034281,0.3258996156034281
ketone,full_patch,TinyColorCNN,4,log1p,ketone_06_c1_wA01,A01,6,1.0,1.2078218667995104,1.2078218667995104
ketone,full_patch,TinyColorCNN,4,log1p,ketone_06_c1_wA02,A02,6,1.0,1.019702816492571,1.019702816492571
ketone,full_patch,TinyColorCNN,4,log1p,ketone_06_c1_wA03,A03,6,1.0,2.626895576623871,2.626895576623871
ketone,full_patch,TinyColorCNN,4,log1p,ketone_06_c1_wB03,B03,6,1.0,0.8773129923996652,0.8773129923996652
ketone,full_patch,TinyColorCNN,4,log1p,ketone_06_c1_wB06,B06,6,1.0,0.9800958164598834,0.9800958164598834
ketone,full_patch,TinyColorCNN,4,log1p,ketone_06_c1_wB07,B07,6,1.0,1.0279921239191108,1.0279921239191108
ketone,full_patch,TinyColorCNN,4,log1p,ketone_06_c1_wC06,C06,6,1.0,0.9443327485274207,0.9443327485274207
ketone,full_patch,TinyColorCNN,4,log1p,ketone_06_c1_wC07,C07,6,1.0,0.9879858027865289,0.9879858027865289
ketone,full_patch,TinyColorCNN,4,log1p,ketone_06_c1_wD11,D11,6,1.0,1.0303141544012568,1.0303141544012568
ketone,full_patch,TinyColorCNN,4,log1p,ketone_06_c1_wD12,D12,6,1.0,1.1998508643779613,1.1998508643779613
ketone,full_patch,TinyColorCNN,4,log1p,ketone_06_c1_wE04,E04,6,1.0,0.9019726393330316,0.9019726393330316
ketone,full_patch,TinyColorCNN,4,log1p,ketone_06_c1_wE12,E12,6,1.0,1.0905293790009445,1.0905293790009445
ketone,full_patch,TinyColorCNN,4,log1p,ketone_06_c1_wF07,F07,6,1.0,0.8974339882089148,0.8974339882089148
ketone,full_patch,TinyColorCNN,4,log1p,ketone_06_c1_wF08,F08,6,1.0,0.911933394937746,0.911933394937746
ketone,full_patch,TinyColorCNN,4,log1p,ketone_06_c1_wF09,F09,6,1.0,0.9887530358467185,0.9887530358467185
ketone,full_patch,TinyColorCNN,4,log1p,ketone_06_c1_wF11,F11,6,1.0,0.9489591190629696,0.9489591190629696
ketone,full_patch,TinyColorCNN,4,log1p,ketone_06_c1_wG01,G01,6,1.0,1.0665144710247016,1.0665144710247016
ketone,full_patch,TinyColorCNN,4,log1p,ketone_06_c1_wG05,G05,6,1.0,0.9512081321908705,0.9512081321908705
ketone,full_patch,TinyColorCNN,4,log1p,ketone_06_c1_wH07,H07,6,1.0,1.213585669748889,1.213585669748889
ketone,full_patch,TinyColorCNN,4,log1p,ketone_07_c5_wA01,A01,7,5.0,5.350240404822041,5.350240404822041
ketone,full_patch,TinyColorCNN,4,log1p,ketone_07_c5_wA02,A02,7,5.0,5.5566118114635445,5.5566118114635445
ketone,full_patch,TinyColorCNN,4,log1p,ketone_07_c5_wA03,A03,7,5.0,5.70479228131418,5.70479228131418
ketone,full_patch,TinyColorCNN,4,log1p,ketone_07_c5_wB03,B03,7,5.0,3.708856385272745,3.708856385272745
ketone,full_patch,TinyColorCNN,4,log1p,ketone_07_c5_wB06,B06,7,5.0,6.163969398402464,6.163969398402464
ketone,full_patch,TinyColorCNN,4,log1p,ketone_07_c5_wB07,B07,7,5.0,6.30609964842098,6.30609964842098
ketone,full_patch,TinyColorCNN,4,log1p,ketone_07_c5_wC06,C06,7,5.0,5.979289182269388,5.979289182269388
ketone,full_patch,TinyColorCNN,4,log1p,ketone_07_c5_wC07,C07,7,5.0,5.641498349611912,5.641498349611912
ketone,full_patch,TinyColorCNN,4,log1p,ketone_07_c5_wD11,D11,7,5.0,5.44746553067439,5.44746553067439
ketone,full_patch,TinyColorCNN,4,log1p,ketone_07_c5_wD12,D12,7,5.0,4.139288713511413,4.139288713511413
ketone,full_patch,TinyColorCNN,4,log1p,ketone_07_c5_wE04,E04,7,5.0,5.168717828534736,5.168717828534736
ketone,full_patch,TinyColorCNN,4,log1p,ketone_07_c5_wE12,E12,7,5.0,4.5818754801009804,4.5818754801009804
ketone,full_patch,TinyColorCNN,4,log1p,ketone_07_c5_wF07,F07,7,5.0,6.224602297341527,6.224602297341527
ketone,full_patch,TinyColorCNN,4,log1p,ketone_07_c5_wF08,F08,7,5.0,5.819912803578942,5.819912803578942
ketone,full_patch,TinyColorCNN,4,log1p,ketone_07_c5_wF09,F09,7,5.0,6.089366581744754,6.089366581744754
ketone,full_patch,TinyColorCNN,4,log1p,ketone_07_c5_wF11,F11,7,5.0,5.3737903089181565,5.3737903089181565
ketone,full_patch,TinyColorCNN,4,log1p,ketone_07_c5_wG01,G01,7,5.0,5.211380285904018,5.211380285904018
ketone,full_patch,TinyColorCNN,4,log1p,ketone_07_c5_wG05,G05,7,5.0,4.600953280139286,4.600953280139286
ketone,full_patch,TinyColorCNN,4,log1p,ketone_07_c5_wH07,H07,7,5.0,6.420173081938935,6.420173081938935
ketone,full_patch,TinyColorCNN,4,log1p,ketone_08_c10_wA01,A01,8,10.0,13.246252494178464,10.0
ketone,full_patch,TinyColorCNN,4,log1p,ketone_08_c10_wA02,A02,8,10.0,12.4531045669252,10.0
ketone,full_patch,TinyColorCNN,4,log1p,ketone_08_c10_wA03,A03,8,10.0,14.392376917949596,10.0
ketone,full_patch,TinyColorCNN,4,log1p,ketone_08_c10_wB03,B03,8,10.0,10.672642536835564,10.0
ketone,full_patch,TinyColorCNN,4,log1p,ketone_08_c10_wB06,B06,8,10.0,9.475433730933938,9.475433730933938
ketone,full_patch,TinyColorCNN,4,log1p,ketone_08_c10_wB07,B07,8,10.0,11.898263396504547,10.0
ketone,full_patch,TinyColorCNN,4,log1p,ketone_08_c10_wC06,C06,8,10.0,12.287461637568812,10.0
ketone,full_patch,TinyColorCNN,4,log1p,ketone_08_c10_wC07,C07,8,10.0,11.505146254980394,10.0
ketone,full_patch,TinyColorCNN,4,log1p,ketone_08_c10_wD11,D11,8,10.0,10.675921224655108,10.0
ketone,full_patch,TinyColorCNN,4,log1p,ketone_08_c10_wD12,D12,8,10.0,13.853357272269285,10.0
ketone,full_patch,TinyColorCNN,4,log1p,ketone_08_c10_wE04,E04,8,10.0,11.158297865862695,10.0
ketone,full_patch,TinyColorCNN,4,log1p,ketone_08_c10_wE12,E12,8,10.0,10.642364253478735,10.0
ketone,full_patch,TinyColorCNN,4,log1p,ketone_08_c10_wF07,F07,8,10.0,10.873716452161725,10.0
ketone,full_patch,TinyColorCNN,4,log1p,ketone_08_c10_wF08,F08,8,10.0,11.373296477896417,10.0
ketone,full_patch,TinyColorCNN,4,log1p,ketone_08_c10_wF09,F09,8,10.0,11.225078192141329,10.0
ketone,full_patch,TinyColorCNN,4,log1p,ketone_08_c10_wF11,F11,8,10.0,10.436038006824035,10.0
ketone,full_patch,TinyColorCNN,4,log1p,ketone_08_c10_wG01,G01,8,10.0,10.788463409345852,10.0
ketone,full_patch,TinyColorCNN,4,log1p,ketone_08_c10_wG05,G05,8,10.0,13.164475990733916,10.0
ketone,full_patch,TinyColorCNN,4,log1p,ketone_08_c10_wH07,H07,8,10.0,10.270005832255412,10.0
ketone,roi_masked,TinyColorCNN,5,raw,ketone_01_c0_wA05,A05,1,0.0,0.18538623335700066,0.18538623335700066
ketone,roi_masked,TinyColorCNN,5,raw,ketone_01_c0_wA09,A09,1,0.0,0.19133543637029105,0.19133543637029105
ketone,roi_masked,TinyColorCNN,5,raw,ketone_01_c0_wB02,B02,1,0.0,0.03147082122439393,0.03147082122439393
ketone,roi_masked,TinyColorCNN,5,raw,ketone_01_c0_wB05,B05,1,0.0,0.04685199741037227,0.04685199741037227
ketone,roi_masked,TinyColorCNN,5,raw,ketone_01_c0_wB09,B09,1,0.0,0.014368727862786201,0.014368727862786201
ketone,roi_masked,TinyColorCNN,5,raw,ketone_01_c0_wC11,C11,1,0.0,-0.022596306886155215,0.0
ketone,roi_masked,TinyColorCNN,5,raw,ketone_01_c0_wD01,D01,1,0.0,0.026542190255380405,0.026542190255380405
ketone,roi_masked,TinyColorCNN,5,raw,ketone_01_c0_wD04,D04,1,0.0,0.0021571528212351865,0.0021571528212351865
ketone,roi_masked,TinyColorCNN,5,raw,ketone_01_c0_wD06,D06,1,0.0,0.0035231585568475943,0.0035231585568475943
ketone,roi_masked,TinyColorCNN,5,raw,ketone_01_c0_wD08,D08,1,0.0,-0.05522658236543032,0.0
ketone,roi_masked,TinyColorCNN,5,raw,ketone_01_c0_wE01,E01,1,0.0,0.0032343897033788593,0.0032343897033788593
ketone,roi_masked,TinyColorCNN,5,raw,ketone_01_c0_wE05,E05,1,0.0,-0.026904447797820197,0.0
ketone,roi_masked,TinyColorCNN,5,raw,ketone_01_c0_wE06,E06,1,0.0,0.00017126199095640615,0.00017126199095640615
ketone,roi_masked,TinyColorCNN,5,raw,ketone_01_c0_wE09,E09,1,0.0,-0.03425030798926976,0.0
ketone,roi_masked,TinyColorCNN,5,raw,ketone_01_c0_wF03,F03,1,0.0,-0.0311811306500287,0.0
ketone,roi_masked,TinyColorCNN,5,raw,ketone_01_c0_wG10,G10,1,0.0,-0.03035112185053368,0.0
ketone,roi_masked,TinyColorCNN,5,raw,ketone_01_c0_wH03,H03,1,0.0,-0.0009023451150960149,0.0
ketone,roi_masked,TinyColorCNN,5,raw,ketone_01_c0_wH08,H08,1,0.0,0.31041044269260554,0.31041044269260554
ketone,roi_masked,TinyColorCNN,5,raw,ketone_01_c0_wH11,H11,1,0.0,0.011985376550533555,0.011985376550533555
ketone,roi_masked,TinyColorCNN,5,raw,ketone_02_c0.01_wA05,A05,2,0.01,0.07603963192147933,0.07603963192147933
ketone,roi_masked,TinyColorCNN,5,raw,ketone_02_c0.01_wA09,A09,2,0.01,0.05170299150188207,0.05170299150188207
ketone,roi_masked,TinyColorCNN,5,raw,ketone_02_c0.01_wB02,B02,2,0.01,0.019560719252630587,0.019560719252630587
ketone,roi_masked,TinyColorCNN,5,raw,ketone_02_c0.01_wB05,B05,2,0.01,0.020265500776983192,0.020265500776983192
ketone,roi_masked,TinyColorCNN,5,raw,ketone_02_c0.01_wB09,B09,2,0.01,0.034177827571435504,0.034177827571435504
ketone,roi_masked,TinyColorCNN,5,raw,ketone_02_c0.01_wC11,C11,2,0.01,0.06839915490396997,0.06839915490396997
ketone,roi_masked,TinyColorCNN,5,raw,ketone_02_c0.01_wD01,D01,2,0.01,0.029029191840456825,0.029029191840456825
ketone,roi_masked,TinyColorCNN,5,raw,ketone_02_c0.01_wD04,D04,2,0.01,0.0087121251332829,0.0087121251332829
ketone,roi_masked,TinyColorCNN,5,raw,ketone_02_c0.01_wD06,D06,2,0.01,0.08660268365499513,0.08660268365499513
ketone,roi_masked,TinyColorCNN,5,raw,ketone_02_c0.01_wD08,D08,2,0.01,0.06844896349810892,0.06844896349810892
ketone,roi_masked,TinyColorCNN,5,raw,ketone_02_c0.01_wE01,E01,2,0.01,0.056722971835854175,0.056722971835854175
ketone,roi_masked,TinyColorCNN,5,raw,ketone_02_c0.01_wE05,E05,2,0.01,-0.008074782671082303,0.0
ketone,roi_masked,TinyColorCNN,5,raw,ketone_02_c0.01_wE06,E06,2,0.01,0.031959026108645094,0.031959026108645094
ketone,roi_masked,TinyColorCNN,5,raw,ketone_02_c0.01_wE09,E09,2,0.01,0.037154445620353194,0.037154445620353194
ketone,roi_masked,TinyColorCNN,5,raw,ketone_02_c0.01_wF03,F03,2,0.01,0.04235127671165273,0.04235127671165273
ketone,roi_masked,TinyColorCNN,5,raw,ketone_02_c0.01_wG10,G10,2,0.01,0.03402799848056448,0.03402799848056448
ketone,roi_masked,TinyColorCNN,5,raw,ketone_02_c0.01_wH03,H03,2,0.01,0.02741051335805933,0.02741051335805933
ketone,roi_masked,TinyColorCNN,5,raw,ketone_02_c0.01_wH08,H08,2,0.01,0.08103117900940493,0.08103117900940493
ketone,roi_masked,TinyColorCNN,5,raw,ketone_02_c0.01_wH11,H11,2,0.01,0.05218434014240536,0.05218434014240536
ketone,roi_masked,TinyColorCNN,5,raw,ketone_03_c0.05_wA05,A05,3,0.05,0.07130600059024816,0.07130600059024816
ketone,roi_masked,TinyColorCNN,5,raw,ketone_03_c0.05_wA09,A09,3,0.05,0.13532879790173813,0.13532879790173813
ketone,roi_masked,TinyColorCNN,5,raw,ketone_03_c0.05_wB02,B02,3,0.05,0.11743017034236414,0.11743017034236414
ketone,roi_masked,TinyColorCNN,5,raw,ketone_03_c0.05_wB05,B05,3,0.05,0.08137923420569448,0.08137923420569448
ketone,roi_masked,TinyColorCNN,5,raw,ketone_03_c0.05_wB09,B09,3,0.05,0.09721453571151328,0.09721453571151328
ketone,roi_masked,TinyColorCNN,5,raw,ketone_03_c0.05_wC11,C11,3,0.05,0.11410408551756546,0.11410408551756546
ketone,roi_masked,TinyColorCNN,5,raw,ketone_03_c0.05_wD01,D01,3,0.05,0.09217318002944896,0.09217318002944896
ketone,roi_masked,TinyColorCNN,5,raw,ketone_03_c0.05_wD04,D04,3,0.05,0.0893776474766308,0.0893776474766308
ketone,roi_masked,TinyColorCNN,5,raw,ketone_03_c0.05_wD06,D06,3,0.05,0.09561682926875359,0.09561682926875359
ketone,roi_masked,TinyColorCNN,5,raw,ketone_03_c0.05_wD08,D08,3,0.05,0.16590724161841308,0.16590724161841308
ketone,roi_masked,TinyColorCNN,5,raw,ketone_03_c0.05_wE01,E01,3,0.05,0.03095902279555096,0.03095902279555096
ketone,roi_masked,TinyColorCNN,5,raw,ketone_03_c0.05_wE05,E05,3,0.05,0.06253646155418346,0.06253646155418346
ketone,roi_masked,TinyColorCNN,5,raw,ketone_03_c0.05_wE06,E06,3,0.05,0.05713454811373797,0.05713454811373797
ketone,roi_masked,TinyColorCNN,5,raw,ketone_03_c0.05_wE09,E09,3,0.05,0.04522283290815654,0.04522283290815654
ketone,roi_masked,TinyColorCNN,5,raw,ketone_03_c0.05_wF03,F03,3,0.05,0.0575850436574874,0.0575850436574874
ketone,roi_masked,TinyColorCNN,5,raw,ketone_03_c0.05_wG10,G10,3,0.05,0.041568455001341764,0.041568455001341764
ketone,roi_masked,TinyColorCNN,5,raw,ketone_03_c0.05_wH03,H03,3,0.05,0.28520245435692004,0.28520245435692004
ketone,roi_masked,TinyColorCNN,5,raw,ketone_03_c0.05_wH08,H08,3,0.05,0.24091858108298503,0.24091858108298503
ketone,roi_masked,TinyColorCNN,5,raw,ketone_03_c0.05_wH11,H11,3,0.05,0.08020641321981925,0.08020641321981925
ketone,roi_masked,TinyColorCNN,5,raw,ketone_04_c0.1_wA05,A05,4,0.1,0.1861396135501283,0.1861396135501283
ketone,roi_masked,TinyColorCNN,5,raw,ketone_04_c0.1_wA09,A09,4,0.1,0.16246056756569938,0.16246056756569938
ketone,roi_masked,TinyColorCNN,5,raw,ketone_04_c0.1_wB02,B02,4,0.1,0.13423341213913909,0.13423341213913909
ketone,roi_masked,TinyColorCNN,5,raw,ketone_04_c0.1_wB05,B05,4,0.1,0.12005349018508316,0.12005349018508316
ketone,roi_masked,TinyColorCNN,5,raw,ketone_04_c0.1_wB09,B09,4,0.1,0.17760298514657502,0.17760298514657502
ketone,roi_masked,TinyColorCNN,5,raw,ketone_04_c0.1_wC11,C11,4,0.1,0.21817722725541988,0.21817722725541988
ketone,roi_masked,TinyColorCNN,5,raw,ketone_04_c0.1_wD01,D01,4,0.1,0.10996109941804488,0.10996109941804488
ketone,roi_masked,TinyColorCNN,5,raw,ketone_04_c0.1_wD04,D04,4,0.1,0.11618556045157602,0.11618556045157602
ketone,roi_masked,TinyColorCNN,5,raw,ketone_04_c0.1_wD06,D06,4,0.1,0.14927762411132828,0.14927762411132828
ketone,roi_masked,TinyColorCNN,5,raw,ketone_04_c0.1_wD08,D08,4,0.1,0.12017791084331653,0.12017791084331653
ketone,roi_masked,TinyColorCNN,5,raw,ketone_04_c0.1_wE01,E01,4,0.1,0.11757576469446218,0.11757576469446218
ketone,roi_masked,TinyColorCNN,5,raw,ketone_04_c0.1_wE05,E05,4,0.1,0.1683561305545327,0.1683561305545327
ketone,roi_masked,TinyColorCNN,5,raw,ketone_04_c0.1_wE06,E06,4,0.1,0.10644646789073686,0.10644646789073686
ketone,roi_masked,TinyColorCNN,5,raw,ketone_04_c0.1_wE09,E09,4,0.1,0.1429430598697008,0.1429430598697008
ketone,roi_masked,TinyColorCNN,5,raw,ketone_04_c0.1_wF03,F03,4,0.1,0.05658846846625698,0.05658846846625698
ketone,roi_masked,TinyColorCNN,5,raw,ketone_04_c0.1_wG10,G10,4,0.1,0.1968291024841502,0.1968291024841502
ketone,roi_masked,TinyColorCNN,5,raw,ketone_04_c0.1_wH03,H03,4,0.1,0.12651045854267107,0.12651045854267107
ketone,roi_masked,TinyColorCNN,5,raw,ketone_04_c0.1_wH08,H08,4,0.1,0.18195347344596935,0.18195347344596935
ketone,roi_masked,TinyColorCNN,5,raw,ketone_04_c0.1_wH11,H11,4,0.1,0.14204085885683848,0.14204085885683848
ketone,roi_masked,TinyColorCNN,5,raw,ketone_05_c0.5_wA05,A05,5,0.5,0.4241928321656614,0.4241928321656614
ketone,roi_masked,TinyColorCNN,5,raw,ketone_05_c0.5_wA09,A09,5,0.5,0.39983179158456283,0.39983179158456283
ketone,roi_masked,TinyColorCNN,5,raw,ketone_05_c0.5_wB02,B02,5,0.5,0.2750118579811951,0.2750118579811951
ketone,roi_masked,TinyColorCNN,5,raw,ketone_05_c0.5_wB05,B05,5,0.5,0.46405583981488063,0.46405583981488063
ketone,roi_masked,TinyColorCNN,5,raw,ketone_05_c0.5_wB09,B09,5,0.5,0.42868941895272195,0.42868941895272195
ketone,roi_masked,TinyColorCNN,5,raw,ketone_05_c0.5_wC11,C11,5,0.5,0.36634166248015476,0.36634166248015476
ketone,roi_masked,TinyColorCNN,5,raw,ketone_05_c0.5_wD01,D01,5,0.5,0.38701464889848247,0.38701464889848247
ketone,roi_masked,TinyColorCNN,5,raw,ketone_05_c0.5_wD04,D04,5,0.5,0.500475299051909,0.500475299051909
ketone,roi_masked,TinyColorCNN,5,raw,ketone_05_c0.5_wD06,D06,5,0.5,0.5258535843825347,0.5258535843825347
ketone,roi_masked,TinyColorCNN,5,raw,ketone_05_c0.5_wD08,D08,5,0.5,0.4526623759734152,0.4526623759734152
ketone,roi_masked,TinyColorCNN,5,raw,ketone_05_c0.5_wE01,E01,5,0.5,0.515365548021568,0.515365548021568
ketone,roi_masked,TinyColorCNN,5,raw,ketone_05_c0.5_wE05,E05,5,0.5,0.5363611812035478,0.5363611812035478
ketone,roi_masked,TinyColorCNN,5,raw,ketone_05_c0.5_wE06,E06,5,0.5,0.4645098643076073,0.4645098643076073
ketone,roi_masked,TinyColorCNN,5,raw,ketone_05_c0.5_wE09,E09,5,0.5,0.4545180989999831,0.4545180989999831
ketone,roi_masked,TinyColorCNN,5,raw,ketone_05_c0.5_wF03,F03,5,0.5,0.5191443465866161,0.5191443465866161
ketone,roi_masked,TinyColorCNN,5,raw,ketone_05_c0.5_wG10,G10,5,0.5,0.3775203645695644,0.3775203645695644
ketone,roi_masked,TinyColorCNN,5,raw,ketone_05_c0.5_wH03,H03,5,0.5,0.3555646556114922,0.3555646556114922
ketone,roi_masked,TinyColorCNN,5,raw,ketone_05_c0.5_wH08,H08,5,0.5,0.30070482473349514,0.30070482473349514
ketone,roi_masked,TinyColorCNN,5,raw,ketone_05_c0.5_wH11,H11,5,0.5,0.27832382701008407,0.27832382701008407
ketone,roi_masked,TinyColorCNN,5,raw,ketone_06_c1_wA05,A05,6,1.0,0.9394098042968422,0.9394098042968422
ketone,roi_masked,TinyColorCNN,5,raw,ketone_06_c1_wA09,A09,6,1.0,1.1576210535646791,1.1576210535646791
ketone,roi_masked,TinyColorCNN,5,raw,ketone_06_c1_wB02,B02,6,1.0,0.8549845397129243,0.8549845397129243
ketone,roi_masked,TinyColorCNN,5,raw,ketone_06_c1_wB05,B05,6,1.0,1.1425088841178959,1.1425088841178959
ketone,roi_masked,TinyColorCNN,5,raw,ketone_06_c1_wB09,B09,6,1.0,1.1440533538446531,1.1440533538446531
ketone,roi_masked,TinyColorCNN,5,raw,ketone_06_c1_wC11,C11,6,1.0,1.3165631006207585,1.3165631006207585
ketone,roi_masked,TinyColorCNN,5,raw,ketone_06_c1_wD01,D01,6,1.0,0.9338184367098645,0.9338184367098645
ketone,roi_masked,TinyColorCNN,5,raw,ketone_06_c1_wD04,D04,6,1.0,0.8907978263427412,0.8907978263427412
ketone,roi_masked,TinyColorCNN,5,raw,ketone_06_c1_wD06,D06,6,1.0,0.875714291796232,0.875714291796232
ketone,roi_masked,TinyColorCNN,5,raw,ketone_06_c1_wD08,D08,6,1.0,1.0480615052651476,1.0480615052651476
ketone,roi_masked,TinyColorCNN,5,raw,ketone_06_c1_wE01,E01,6,1.0,0.9206609016881313,0.9206609016881313
ketone,roi_masked,TinyColorCNN,5,raw,ketone_06_c1_wE05,E05,6,1.0,0.9594079548435688,0.9594079548435688
ketone,roi_masked,TinyColorCNN,5,raw,ketone_06_c1_wE06,E06,6,1.0,1.1206520865583058,1.1206520865583058
ketone,roi_masked,TinyColorCNN,5,raw,ketone_06_c1_wE09,E09,6,1.0,1.2539893905865211,1.2539893905865211
ketone,roi_masked,TinyColorCNN,5,raw,ketone_06_c1_wF03,F03,6,1.0,1.1738719644329274,1.1738719644329274
ketone,roi_masked,TinyColorCNN,5,raw,ketone_06_c1_wG10,G10,6,1.0,0.9383854008222468,0.9383854008222468
ketone,roi_masked,TinyColorCNN,5,raw,ketone_06_c1_wH03,H03,6,1.0,0.9599374988444127,0.9599374988444127
ketone,roi_masked,TinyColorCNN,5,raw,ketone_06_c1_wH08,H08,6,1.0,0.9705849428720463,0.9705849428720463
ketone,roi_masked,TinyColorCNN,5,raw,ketone_06_c1_wH11,H11,6,1.0,0.8710715056943916,0.8710715056943916
ketone,roi_masked,TinyColorCNN,5,raw,ketone_07_c5_wA05,A05,7,5.0,4.659856189731807,4.659856189731807
ketone,roi_masked,TinyColorCNN,5,raw,ketone_07_c5_wA09,A09,7,5.0,4.846732993584887,4.846732993584887
ketone,roi_masked,TinyColorCNN,5,raw,ketone_07_c5_wB02,B02,7,5.0,4.658886837861259,4.658886837861259
ketone,roi_masked,TinyColorCNN,5,raw,ketone_07_c5_wB05,B05,7,5.0,5.826373262808176,5.826373262808176
ketone,roi_masked,TinyColorCNN,5,raw,ketone_07_c5_wB09,B09,7,5.0,5.845175906268459,5.845175906268459
ketone,roi_masked,TinyColorCNN,5,raw,ketone_07_c5_wC11,C11,7,5.0,4.805991176813169,4.805991176813169
ketone,roi_masked,TinyColorCNN,5,raw,ketone_07_c5_wD01,D01,7,5.0,4.831172345136626,4.831172345136626
ketone,roi_masked,TinyColorCNN,5,raw,ketone_07_c5_wD04,D04,7,5.0,5.266308289702238,5.266308289702238
ketone,roi_masked,TinyColorCNN,5,raw,ketone_07_c5_wD06,D06,7,5.0,5.355928469662295,5.355928469662295
ketone,roi_masked,TinyColorCNN,5,raw,ketone_07_c5_wD08,D08,7,5.0,4.998129139456052,4.998129139456052
ketone,roi_masked,TinyColorCNN,5,raw,ketone_07_c5_wE01,E01,7,5.0,4.551084706152495,4.551084706152495
ketone,roi_masked,TinyColorCNN,5,raw,ketone_07_c5_wE05,E05,7,5.0,5.163087943691561,5.163087943691561
ketone,roi_masked,TinyColorCNN,5,raw,ketone_07_c5_wE06,E06,7,5.0,5.28666629221755,5.28666629221755
ketone,roi_masked,TinyColorCNN,5,raw,ketone_07_c5_wE09,E09,7,5.0,4.946747239035997,4.946747239035997
ketone,roi_masked,TinyColorCNN,5,raw,ketone_07_c5_wF03,F03,7,5.0,4.6442001588340425,4.6442001588340425
ketone,roi_masked,TinyColorCNN,5,raw,ketone_07_c5_wG10,G10,7,5.0,5.337251255131384,5.337251255131384
ketone,roi_masked,TinyColorCNN,5,raw,ketone_07_c5_wH03,H03,7,5.0,4.58442520782026,4.58442520782026
ketone,roi_masked,TinyColorCNN,5,raw,ketone_07_c5_wH08,H08,7,5.0,5.152920739206201,5.152920739206201
ketone,roi_masked,TinyColorCNN,5,raw,ketone_07_c5_wH11,H11,7,5.0,4.65370412256587,4.65370412256587
ketone,roi_masked,TinyColorCNN,5,raw,ketone_08_c10_wA05,A05,8,10.0,10.247309466503594,10.0
ketone,roi_masked,TinyColorCNN,5,raw,ketone_08_c10_wA09,A09,8,10.0,8.52738362305543,8.52738362305543
ketone,roi_masked,TinyColorCNN,5,raw,ketone_08_c10_wB02,B02,8,10.0,10.191074555449758,10.0
ketone,roi_masked,TinyColorCNN,5,raw,ketone_08_c10_wB05,B05,8,10.0,10.849400592154813,10.0
ketone,roi_masked,TinyColorCNN,5,raw,ketone_08_c10_wB09,B09,8,10.0,9.758122122857163,9.758122122857163
ketone,roi_masked,TinyColorCNN,5,raw,ketone_08_c10_wC11,C11,8,10.0,9.68611704461292,9.68611704461292
ketone,roi_masked,TinyColorCNN,5,raw,ketone_08_c10_wD01,D01,8,10.0,10.08170778859151,10.0
ketone,roi_masked,TinyColorCNN,5,raw,ketone_08_c10_wD04,D04,8,10.0,9.792003259508272,9.792003259508272
ketone,roi_masked,TinyColorCNN,5,raw,ketone_08_c10_wD06,D06,8,10.0,9.816509894441468,9.816509894441468
ketone,roi_masked,TinyColorCNN,5,raw,ketone_08_c10_wD08,D08,8,10.0,10.09628658260713,10.0
ketone,roi_masked,TinyColorCNN,5,raw,ketone_08_c10_wE01,E01,8,10.0,10.163104307508757,10.0
ketone,roi_masked,TinyColorCNN,5,raw,ketone_08_c10_wE05,E05,8,10.0,10.18395051490832,10.0
ketone,roi_masked,TinyColorCNN,5,raw,ketone_08_c10_wE06,E06,8,10.0,8.714858331692403,8.714858331692403
ketone,roi_masked,TinyColorCNN,5,raw,ketone_08_c10_wE09,E09,8,10.0,10.361812769839187,10.0
ketone,roi_masked,TinyColorCNN,5,raw,ketone_08_c10_wF03,F03,8,10.0,10.089752179026265,10.0
ketone,roi_masked,TinyColorCNN,5,raw,ketone_08_c10_wG10,G10,8,10.0,9.869688534026611,9.869688534026611
ketone,roi_masked,TinyColorCNN,5,raw,ketone_08_c10_wH03,H03,8,10.0,10.101153709036822,10.0
ketone,roi_masked,TinyColorCNN,5,raw,ketone_08_c10_wH08,H08,8,10.0,9.801482621424372,9.801482621424372
ketone,roi_masked,TinyColorCNN,5,raw,ketone_08_c10_wH11,H11,8,10.0,9.989455819311187,9.989455819311187
ketone,full_patch,TinyColorCNN,5,log1p,ketone_01_c0_wA05,A05,1,0.0,0.04346799405676065,0.04346799405676065
ketone,full_patch,TinyColorCNN,5,log1p,ketone_01_c0_wA09,A09,1,0.0,0.03527197907017255,0.03527197907017255
ketone,full_patch,TinyColorCNN,5,log1p,ketone_01_c0_wB02,B02,1,0.0,0.005218268154877848,0.005218268154877848
ketone,full_patch,TinyColorCNN,5,log1p,ketone_01_c0_wB05,B05,1,0.0,0.010751053290784155,0.010751053290784155
ketone,full_patch,TinyColorCNN,5,log1p,ketone_01_c0_wB09,B09,1,0.0,0.00271164987618438,0.00271164987618438
ketone,full_patch,TinyColorCNN,5,log1p,ketone_01_c0_wC11,C11,1,0.0,-0.0015285151569437523,0.0
ketone,full_patch,TinyColorCNN,5,log1p,ketone_01_c0_wD01,D01,1,0.0,-0.020180767957158775,0.0
ketone,full_patch,TinyColorCNN,5,log1p,ketone_01_c0_wD04,D04,1,0.0,0.03204652430039357,0.03204652430039357
ketone,full_patch,TinyColorCNN,5,log1p,ketone_01_c0_wD06,D06,1,0.0,0.020820799814428026,0.020820799814428026
ketone,full_patch,TinyColorCNN,5,log1p,ketone_01_c0_wD08,D08,1,0.0,-0.001208132496549606,0.0
ketone,full_patch,TinyColorCNN,5,log1p,ketone_01_c0_wE01,E01,1,0.0,-0.038927136395875195,0.0
ketone,full_patch,TinyColorCNN,5,log1p,ketone_01_c0_wE05,E05,1,0.0,-0.0025865824763110193,0.0
ketone,full_patch,TinyColorCNN,5,log1p,ketone_01_c0_wE06,E06,1,0.0,0.014895430108242652,0.014895430108242652
ketone,full_patch,TinyColorCNN,5,log1p,ketone_01_c0_wE09,E09,1,0.0,0.019234854472800458,0.019234854472800458
ketone,full_patch,TinyColorCNN,5,log1p,ketone_01_c0_wF03,F03,1,0.0,0.028093942420115068,0.028093942420115068
ketone,full_patch,TinyColorCNN,5,log1p,ketone_01_c0_wG10,G10,1,0.0,0.013187414715271194,0.013187414715271194
ketone,full_patch,TinyColorCNN,5,log1p,ketone_01_c0_wH03,H03,1,0.0,-0.010577809291068703,0.0
ketone,full_patch,TinyColorCNN,5,log1p,ketone_01_c0_wH08,H08,1,0.0,-0.21404526422273287,0.0
ketone,full_patch,TinyColorCNN,5,log1p,ketone_01_c0_wH11,H11,1,0.0,-0.028300680604665812,0.0
ketone,full_patch,TinyColorCNN,5,log1p,ketone_02_c0.01_wA05,A05,2,0.01,0.06662347164106182,0.06662347164106182
ketone,full_patch,TinyColorCNN,5,log1p,ketone_02_c0.01_wA09,A09,2,0.01,0.005734496952822102,0.005734496952822102
ketone,full_patch,TinyColorCNN,5,log1p,ketone_02_c0.01_wB02,B02,2,0.01,0.03765161635350382,0.03765161635350382
ketone,full_patch,TinyColorCNN,5,log1p,ketone_02_c0.01_wB05,B05,2,0.01,0.055556258912045096,0.055556258912045096
ketone,full_patch,TinyColorCNN,5,log1p,ketone_02_c0.01_wB09,B09,2,0.01,0.008258489631067225,0.008258489631067225
ketone,full_patch,TinyColorCNN,5,log1p,ketone_02_c0.01_wC11,C11,2,0.01,-0.020595608406134332,0.0
ketone,full_patch,TinyColorCNN,5,log1p,ketone_02_c0.01_wD01,D01,2,0.01,-0.00629296418493301,0.0
ketone,full_patch,TinyColorCNN,5,log1p,ketone_02_c0.01_wD04,D04,2,0.01,0.028824105964199705,0.028824105964199705
ketone,full_patch,TinyColorCNN,5,log1p,ketone_02_c0.01_wD06,D06,2,0.01,0.03501818484952088,0.03501818484952088
ketone,full_patch,TinyColorCNN,5,log1p,ketone_02_c0.01_wD08,D08,2,0.01,-0.0003652812006758623,0.0
ketone,full_patch,TinyColorCNN,5,log1p,ketone_02_c0.01_wE01,E01,2,0.01,-0.016804972868900498,0.0
ketone,full_patch,TinyColorCNN,5,log1p,ketone_02_c0.01_wE05,E05,2,0.01,-0.01790861081010876,0.0
ketone,full_patch,TinyColorCNN,5,log1p,ketone_02_c0.01_wE06,E06,2,0.01,0.09038934934772522,0.09038934934772522
ketone,full_patch,TinyColorCNN,5,log1p,ketone_02_c0.01_wE09,E09,2,0.01,0.02336120216820712,0.02336120216820712
ketone,full_patch,TinyColorCNN,5,log1p,ketone_02_c0.01_wF03,F03,2,0.01,0.027974924261161292,0.027974924261161292
ketone,full_patch,TinyColorCNN,5,log1p,ketone_02_c0.01_wG10,G10,2,0.01,0.024090681154064916,0.024090681154064916
ketone,full_patch,TinyColorCNN,5,log1p,ketone_02_c0.01_wH03,H03,2,0.01,-0.02924560641185419,0.0
ketone,full_patch,TinyColorCNN,5,log1p,ketone_02_c0.01_wH08,H08,2,0.01,0.053674183732013235,0.053674183732013235
ketone,full_patch,TinyColorCNN,5,log1p,ketone_02_c0.01_wH11,H11,2,0.01,0.0017406733156893005,0.0017406733156893005
ketone,full_patch,TinyColorCNN,5,log1p,ketone_03_c0.05_wA05,A05,3,0.05,0.14724290868632,0.14724290868632
ketone,full_patch,TinyColorCNN,5,log1p,ketone_03_c0.05_wA09,A09,3,0.05,0.017524646509227953,0.017524646509227953
ketone,full_patch,TinyColorCNN,5,log1p,ketone_03_c0.05_wB02,B02,3,0.05,0.12481739755914252,0.12481739755914252
ketone,full_patch,TinyColorCNN,5,log1p,ketone_03_c0.05_wB05,B05,3,0.05,0.07982475904587495,0.07982475904587495
ketone,full_patch,TinyColorCNN,5,log1p,ketone_03_c0.05_wB09,B09,3,0.05,0.035888102616068215,0.035888102616068215
ketone,full_patch,TinyColorCNN,5,log1p,ketone_03_c0.05_wC11,C11,3,0.05,0.030977499715038496,0.030977499715038496
ketone,full_patch,TinyColorCNN,5,log1p,ketone_03_c0.05_wD01,D01,3,0.05,0.0018353976467533823,0.0018353976467533823
ketone,full_patch,TinyColorCNN,5,log1p,ketone_03_c0.05_wD04,D04,3,0.05,0.18678983501550955,0.18678983501550955
ketone,full_patch,TinyColorCNN,5,log1p,ketone_03_c0.05_wD06,D06,3,0.05,0.09265284358770878,0.09265284358770878
ketone,full_patch,TinyColorCNN,5,log1p,ketone_03_c0.05_wD08,D08,3,0.05,0.1307138733943091,0.1307138733943091
ketone,full_patch,TinyColorCNN,5,log1p,ketone_03_c0.05_wE01,E01,3,0.05,0.07451488158912736,0.07451488158912736
ketone,full_patch,TinyColorCNN,5,log1p,ketone_03_c0.05_wE05,E05,3,0.05,0.08309922705884253,0.08309922705884253
ketone,full_patch,TinyColorCNN,5,log1p,ketone_03_c0.05_wE06,E06,3,0.05,0.086439469635699,0.086439469635699
ketone,full_patch,TinyColorCNN,5,log1p,ketone_03_c0.05_wE09,E09,3,0.05,0.086042046809081,0.086042046809081
ketone,full_patch,TinyColorCNN,5,log1p,ketone_03_c0.05_wF03,F03,3,0.05,0.04290593992752062,0.04290593992752062
ketone,full_patch,TinyColorCNN,5,log1p,ketone_03_c0.05_wG10,G10,3,0.05,0.08474796571278712,0.08474796571278712
ketone,full_patch,TinyColorCNN,5,log1p,ketone_03_c0.05_wH03,H03,3,0.05,0.05026581319821916,0.05026581319821916
ketone,full_patch,TinyColorCNN,5,log1p,ketone_03_c0.05_wH08,H08,3,0.05,0.06707585651066961,0.06707585651066961
ketone,full_patch,TinyColorCNN,5,log1p,ketone_03_c0.05_wH11,H11,3,0.05,0.11199014699853511,0.11199014699853511
ketone,full_patch,TinyColorCNN,5,log1p,ketone_04_c0.1_wA05,A05,4,0.1,0.14266026814673574,0.14266026814673574
ketone,full_patch,TinyColorCNN,5,log1p,ketone_04_c0.1_wA09,A09,4,0.1,0.11665075076043285,0.11665075076043285
ketone,full_patch,TinyColorCNN,5,log1p,ketone_04_c0.1_wB02,B02,4,0.1,0.1412254948888283,0.1412254948888283
ketone,full_patch,TinyColorCNN,5,log1p,ketone_04_c0.1_wB05,B05,4,0.1,0.2162708147231643,0.2162708147231643
ketone,full_patch,TinyColorCNN,5,log1p,ketone_04_c0.1_wB09,B09,4,0.1,0.16739817891199416,0.16739817891199416
ketone,full_patch,TinyColorCNN,5,log1p,ketone_04_c0.1_wC11,C11,4,0.1,0.16516643713751947,0.16516643713751947
ketone,full_patch,TinyColorCNN,5,log1p,ketone_04_c0.1_wD01,D01,4,0.1,0.1385318342428851,0.1385318342428851
ketone,full_patch,TinyColorCNN,5,log1p,ketone_04_c0.1_wD04,D04,4,0.1,0.11751803062465123,0.11751803062465123
ketone,full_patch,TinyColorCNN,5,log1p,ketone_04_c0.1_wD06,D06,4,0.1,0.16783405129085616,0.16783405129085616
ketone,full_patch,TinyColorCNN,5,log1p,ketone_04_c0.1_wD08,D08,4,0.1,0.10202016646445336,0.10202016646445336
ketone,full_patch,TinyColorCNN,5,log1p,ketone_04_c0.1_wE01,E01,4,0.1,0.10033502477992154,0.10033502477992154
ketone,full_patch,TinyColorCNN,5,log1p,ketone_04_c0.1_wE05,E05,4,0.1,0.12340992236781402,0.12340992236781402
ketone,full_patch,TinyColorCNN,5,log1p,ketone_04_c0.1_wE06,E06,4,0.1,0.12901887716815658,0.12901887716815658
ketone,full_patch,TinyColorCNN,5,log1p,ketone_04_c0.1_wE09,E09,4,0.1,0.11633243814492458,0.11633243814492458
ketone,full_patch,TinyColorCNN,5,log1p,ketone_04_c0.1_wF03,F03,4,0.1,0.08542629811761235,0.08542629811761235
ketone,full_patch,TinyColorCNN,5,log1p,ketone_04_c0.1_wG10,G10,4,0.1,0.18469665744559152,0.18469665744559152
ketone,full_patch,TinyColorCNN,5,log1p,ketone_04_c0.1_wH03,H03,4,0.1,0.12589895808366666,0.12589895808366666
ketone,full_patch,TinyColorCNN,5,log1p,ketone_04_c0.1_wH08,H08,4,0.1,-0.06261258760658303,0.0
ketone,full_patch,TinyColorCNN,5,log1p,ketone_04_c0.1_wH11,H11,4,0.1,0.11892626697262795,0.11892626697262795
ketone,full_patch,TinyColorCNN,5,log1p,ketone_05_c0.5_wA05,A05,5,0.5,0.42130452864930246,0.42130452864930246
ketone,full_patch,TinyColorCNN,5,log1p,ketone_05_c0.5_wA09,A09,5,0.5,0.37517536967443116,0.37517536967443116
ketone,full_patch,TinyColorCNN,5,log1p,ketone_05_c0.5_wB02,B02,5,0.5,0.2835518013222384,0.2835518013222384
ketone,full_patch,TinyColorCNN,5,log1p,ketone_05_c0.5_wB05,B05,5,0.5,0.3861977579694202,0.3861977579694202
ketone,full_patch,TinyColorCNN,5,log1p,ketone_05_c0.5_wB09,B09,5,0.5,0.4256503396119822,0.4256503396119822
ketone,full_patch,TinyColorCNN,5,log1p,ketone_05_c0.5_wC11,C11,5,0.5,0.36125702133425347,0.36125702133425347
ketone,full_patch,TinyColorCNN,5,log1p,ketone_05_c0.5_wD01,D01,5,0.5,0.39103657079709003,0.39103657079709003
ketone,full_patch,TinyColorCNN,5,log1p,ketone_05_c0.5_wD04,D04,5,0.5,0.5028907760703398,0.5028907760703398
ketone,full_patch,TinyColorCNN,5,log1p,ketone_05_c0.5_wD06,D06,5,0.5,0.5540462310991556,0.5540462310991556
ketone,full_patch,TinyColorCNN,5,log1p,ketone_05_c0.5_wD08,D08,5,0.5,0.48112467326430575,0.48112467326430575
ketone,full_patch,TinyColorCNN,5,log1p,ketone_05_c0.5_wE01,E01,5,0.5,0.41481544202346293,0.41481544202346293
ketone,full_patch,TinyColorCNN,5,log1p,ketone_05_c0.5_wE05,E05,5,0.5,0.5560166382207972,0.5560166382207972
ketone,full_patch,TinyColorCNN,5,log1p,ketone_05_c0.5_wE06,E06,5,0.5,0.4917755120725129,0.4917755120725129
ketone,full_patch,TinyColorCNN,5,log1p,ketone_05_c0.5_wE09,E09,5,0.5,0.5042051977458086,0.5042051977458086
ketone,full_patch,TinyColorCNN,5,log1p,ketone_05_c0.5_wF03,F03,5,0.5,0.46716623810297264,0.46716623810297264
ketone,full_patch,TinyColorCNN,5,log1p,ketone_05_c0.5_wG10,G10,5,0.5,0.45679614514486566,0.45679614514486566
ketone,full_patch,TinyColorCNN,5,log1p,ketone_05_c0.5_wH03,H03,5,0.5,0.4420658539169898,0.4420658539169898
ketone,full_patch,TinyColorCNN,5,log1p,ketone_05_c0.5_wH08,H08,5,0.5,0.4043537715433824,0.4043537715433824
ketone,full_patch,TinyColorCNN,5,log1p,ketone_05_c0.5_wH11,H11,5,0.5,0.2981850579518498,0.2981850579518498
ketone,full_patch,TinyColorCNN,5,log1p,ketone_06_c1_wA05,A05,6,1.0,1.0420751242343256,1.0420751242343256
ketone,full_patch,TinyColorCNN,5,log1p,ketone_06_c1_wA09,A09,6,1.0,1.1575082172400792,1.1575082172400792
ketone,full_patch,TinyColorCNN,5,log1p,ketone_06_c1_wB02,B02,6,1.0,0.8266982768373472,0.8266982768373472
ketone,full_patch,TinyColorCNN,5,log1p,ketone_06_c1_wB05,B05,6,1.0,0.9520774241334475,0.9520774241334475
ketone,full_patch,TinyColorCNN,5,log1p,ketone_06_c1_wB09,B09,6,1.0,1.082592215832617,1.082592215832617
ketone,full_patch,TinyColorCNN,5,log1p,ketone_06_c1_wC11,C11,6,1.0,1.2098151340606593,1.2098151340606593
ketone,full_patch,TinyColorCNN,5,log1p,ketone_06_c1_wD01,D01,6,1.0,0.9672396006837201,0.9672396006837201
ketone,full_patch,TinyColorCNN,5,log1p,ketone_06_c1_wD04,D04,6,1.0,0.9257976308774292,0.9257976308774292
ketone,full_patch,TinyColorCNN,5,log1p,ketone_06_c1_wD06,D06,6,1.0,0.8643686281423295,0.8643686281423295
ketone,full_patch,TinyColorCNN,5,log1p,ketone_06_c1_wD08,D08,6,1.0,0.9405087927994702,0.9405087927994702
ketone,full_patch,TinyColorCNN,5,log1p,ketone_06_c1_wE01,E01,6,1.0,1.0009944643918613,1.0009944643918613
ketone,full_patch,TinyColorCNN,5,log1p,ketone_06_c1_wE05,E05,6,1.0,1.0104078128700622,1.0104078128700622
ketone,full_patch,TinyColorCNN,5,log1p,ketone_06_c1_wE06,E06,6,1.0,0.8852180730207084,0.8852180730207084
ketone,full_patch,TinyColorCNN,5,log1p,ketone_06_c1_wE09,E09,6,1.0,0.898294329372779,0.898294329372779
ketone,full_patch,TinyColorCNN,5,log1p,ketone_06_c1_wF03,F03,6,1.0,0.9624275012616608,0.9624275012616608
ketone,full_patch,TinyColorCNN,5,log1p,ketone_06_c1_wG10,G10,6,1.0,0.9243592686251765,0.9243592686251765
ketone,full_patch,TinyColorCNN,5,log1p,ketone_06_c1_wH03,H03,6,1.0,0.9987973286386636,0.9987973286386636
ketone,full_patch,TinyColorCNN,5,log1p,ketone_06_c1_wH08,H08,6,1.0,0.8860922194284253,0.8860922194284253
ketone,full_patch,TinyColorCNN,5,log1p,ketone_06_c1_wH11,H11,6,1.0,0.9166035451758554,0.9166035451758554
ketone,full_patch,TinyColorCNN,5,log1p,ketone_07_c5_wA05,A05,7,5.0,5.851049425376171,5.851049425376171
ketone,full_patch,TinyColorCNN,5,log1p,ketone_07_c5_wA09,A09,7,5.0,6.239630346215883,6.239630346215883
ketone,full_patch,TinyColorCNN,5,log1p,ketone_07_c5_wB02,B02,7,5.0,4.622115139739931,4.622115139739931
ketone,full_patch,TinyColorCNN,5,log1p,ketone_07_c5_wB05,B05,7,5.0,6.614453412413391,6.614453412413391
ketone,full_patch,TinyColorCNN,5,log1p,ketone_07_c5_wB09,B09,7,5.0,4.75202219476706,4.75202219476706
ketone,full_patch,TinyColorCNN,5,log1p,ketone_07_c5_wC11,C11,7,5.0,5.308602558117919,5.308602558117919
ketone,full_patch,TinyColorCNN,5,log1p,ketone_07_c5_wD01,D01,7,5.0,5.285560873533679,5.285560873533679
ketone,full_patch,TinyColorCNN,5,log1p,ketone_07_c5_wD04,D04,7,5.0,5.220841883395576,5.220841883395576
ketone,full_patch,TinyColorCNN,5,log1p,ketone_07_c5_wD06,D06,7,5.0,5.493473307314071,5.493473307314071
ketone,full_patch,TinyColorCNN,5,log1p,ketone_07_c5_wD08,D08,7,5.0,5.6315118262946955,5.6315118262946955
ketone,full_patch,TinyColorCNN,5,log1p,ketone_07_c5_wE01,E01,7,5.0,5.285687150401914,5.285687150401914
ketone,full_patch,TinyColorCNN,5,log1p,ketone_07_c5_wE05,E05,7,5.0,5.270964667966027,5.270964667966027
ketone,full_patch,TinyColorCNN,5,log1p,ketone_07_c5_wE06,E06,7,5.0,5.863351505583386,5.863351505583386
ketone,full_patch,TinyColorCNN,5,log1p,ketone_07_c5_wE09,E09,7,5.0,5.188108869417207,5.188108869417207
ketone,full_patch,TinyColorCNN,5,log1p,ketone_07_c5_wF03,F03,7,5.0,4.655834912079436,4.655834912079436
ketone,full_patch,TinyColorCNN,5,log1p,ketone_07_c5_wG10,G10,7,5.0,5.0824068494416395,5.0824068494416395
ketone,full_patch,TinyColorCNN,5,log1p,ketone_07_c5_wH03,H03,7,5.0,4.32838791584034,4.32838791584034
ketone,full_patch,TinyColorCNN,5,log1p,ketone_07_c5_wH08,H08,7,5.0,6.245399890503182,6.245399890503182
ketone,full_patch,TinyColorCNN,5,log1p,ketone_07_c5_wH11,H11,7,5.0,4.99260645158605,4.99260645158605
ketone,full_patch,TinyColorCNN,5,log1p,ketone_08_c10_wA05,A05,8,10.0,11.959248234446182,10.0
ketone,full_patch,TinyColorCNN,5,log1p,ketone_08_c10_wA09,A09,8,10.0,9.513331448104388,9.513331448104388
ketone,full_patch,TinyColorCNN,5,log1p,ketone_08_c10_wB02,B02,8,10.0,9.74773369596283,9.74773369596283
ketone,full_patch,TinyColorCNN,5,log1p,ketone_08_c10_wB05,B05,8,10.0,11.034189764533537,10.0
ketone,full_patch,TinyColorCNN,5,log1p,ketone_08_c10_wB09,B09,8,10.0,11.231951890798088,10.0
ketone,full_patch,TinyColorCNN,5,log1p,ketone_08_c10_wC11,C11,8,10.0,10.755091438505882,10.0
ketone,full_patch,TinyColorCNN,5,log1p,ketone_08_c10_wD01,D01,8,10.0,10.246921614707912,10.0
ketone,full_patch,TinyColorCNN,5,log1p,ketone_08_c10_wD04,D04,8,10.0,9.985051404934836,9.985051404934836
ketone,full_patch,TinyColorCNN,5,log1p,ketone_08_c10_wD06,D06,8,10.0,9.645832040031326,9.645832040031326
ketone,full_patch,TinyColorCNN,5,log1p,ketone_08_c10_wD08,D08,8,10.0,10.132326508565798,10.0
ketone,full_patch,TinyColorCNN,5,log1p,ketone_08_c10_wE01,E01,8,10.0,10.214859687609176,10.0
ketone,full_patch,TinyColorCNN,5,log1p,ketone_08_c10_wE05,E05,8,10.0,10.719526558284443,10.0
ketone,full_patch,TinyColorCNN,5,log1p,ketone_08_c10_wE06,E06,8,10.0,9.753401981060742,9.753401981060742
ketone,full_patch,TinyColorCNN,5,log1p,ketone_08_c10_wE09,E09,8,10.0,9.498223512464701,9.498223512464701
ketone,full_patch,TinyColorCNN,5,log1p,ketone_08_c10_wF03,F03,8,10.0,8.946884948893999,8.946884948893999
ketone,full_patch,TinyColorCNN,5,log1p,ketone_08_c10_wG10,G10,8,10.0,8.576094563424551,8.576094563424551
ketone,full_patch,TinyColorCNN,5,log1p,ketone_08_c10_wH03,H03,8,10.0,8.938513930118111,8.938513930118111
ketone,full_patch,TinyColorCNN,5,log1p,ketone_08_c10_wH08,H08,8,10.0,10.06939577514396,10.0
ketone,full_patch,TinyColorCNN,5,log1p,ketone_08_c10_wH11,H11,8,10.0,9.955202403582181,9.955202403582181
