analyte,outer_fold,input_mode,target_transform,selected_target,epoch,training_loss,validation_mae,learning_rate
glucose,1,roi_masked,raw,1,1,0.3773923761916883,5.080924427238219,0.001
glucose,1,roi_masked,raw,1,2,0.14676274476629314,4.170547805845526,0.001
glucose,1,roi_masked,raw,1,3,0.1442100229588422,3.510328627260374,0.001
glucose,1,roi_masked,raw,1,4,0.1189358221762108,2.589402648087823,0.001
glucose,1,roi_masked,raw,1,5,0.11460418114156434,1.597418960504541,0.001
glucose,1,roi_masked,raw,1,6,0.10224473079045614,1.328528389456203,0.001
glucose,1,roi_masked,raw,1,7,0.08433700221957582,1.814043966846119,0.001
glucose,1,roi_masked,raw,1,8,0.06348469997897292,1.159244117960488,0.001
glucose,1,roi_masked,raw,1,9,0.07689606854409882,1.1619695236859662,0.001
glucose,1,roi_masked,raw,1,10,0.08548147082328797,0.7817884882094358,0.001
glucose,1,roi_masked,raw,1,11,0.05113819101543138,0.7064144561934138,0.001
glucose,1,roi_masked,raw,1,12,0.07220584541333444,1.132862138115624,0.001
glucose,1,roi_masked,raw,1,13,0.05157790165958982,1.0494055912061655,0.001
glucose,1,roi_masked,raw,1,14,0.05814058672298084,0.5942248034190606,0.001
glucose,1,roi_masked,raw,1,15,0.05669856125658208,0.6479215472178285,0.001
glucose,1,roi_masked,raw,1,16,0.060840384797616436,0.6955427920150198,0.001
glucose,1,roi_masked,raw,1,17,0.05458534800193526,0.7746857492267067,0.001
glucose,1,roi_masked,raw,1,18,0.05468935989069216,0.6951540916730645,0.001
glucose,1,roi_masked,raw,1,19,0.05092869845755173,0.8022000081599497,0.001
glucose,1,roi_masked,raw,1,20,0.040743263867316824,0.5343986333813281,0.001
glucose,1,roi_masked,raw,1,21,0.04757954509872379,0.5771828508796681,0.001
glucose,1,roi_masked,raw,1,22,0.047193784695683104,0.728810776540438,0.001
glucose,1,roi_masked,raw,1,23,0.05354902136958006,1.1558861643705882,0.001
glucose,1,roi_masked,raw,1,24,0.052403220940719954,1.1484254811145127,0.001
glucose,1,roi_masked,raw,1,25,0.044435276813579325,0.9396201999671564,0.001
glucose,1,roi_masked,raw,1,26,0.046226593891553806,0.5932668315778824,0.001
glucose,1,roi_masked,raw,1,27,0.040907770304968866,0.5838687600943512,0.001
glucose,1,roi_masked,raw,1,28,0.03685287122022022,0.8232031446783807,0.0005
glucose,1,roi_masked,raw,1,29,0.04029814059084112,0.5719466252173412,0.0005
glucose,1,roi_masked,raw,1,30,0.03595319080984954,0.593898709736247,0.0005
glucose,1,roi_masked,raw,1,31,0.042945801760211136,0.6202726145812604,0.0005
glucose,1,roi_masked,raw,1,32,0.04094506209772645,0.5332737756610267,0.0005
glucose,1,roi_masked,raw,1,33,0.03565722360755458,1.065426705853224,0.0005
glucose,1,roi_masked,raw,1,34,0.03916191430480191,0.5182140794940241,0.0005
glucose,1,roi_masked,raw,1,35,0.03537442950588284,0.5193623989833182,0.0005
glucose,1,roi_masked,raw,1,36,0.04124402437697757,0.6394441683297439,0.0005
glucose,1,roi_masked,raw,1,37,0.041173733906312425,0.49876474147642536,0.0005
glucose,1,roi_masked,raw,1,38,0.04158028420625311,0.7202042968976937,0.0005
glucose,1,roi_masked,raw,1,39,0.031649618957078816,0.641091778808748,0.0005
glucose,1,roi_masked,raw,1,40,0.03673370453444394,0.6262039871269613,0.0005
glucose,1,roi_masked,raw,1,41,0.045486815905932225,0.6320727926295352,0.0005
glucose,1,roi_masked,raw,1,42,0.03888664227543455,0.4964575518957375,0.0005
glucose,1,roi_masked,raw,1,43,0.030625533233537817,0.6622234210950299,0.0005
glucose,1,roi_masked,raw,1,44,0.03483190644871105,0.5581037810720676,0.0005
glucose,1,roi_masked,raw,1,45,0.0352372094424385,0.5935824674772273,0.0005
glucose,1,roi_masked,raw,1,46,0.039102780480276454,0.7670145185553,0.0005
glucose,1,roi_masked,raw,1,47,0.04009800966490399,0.5942952631117393,0.0005
glucose,1,roi_masked,raw,1,48,0.03270807586271655,0.5682066842086019,0.0005
glucose,1,roi_masked,raw,1,49,0.031670657375996766,0.49339148626452184,0.0005
glucose,1,roi_masked,raw,1,50,0.03464509369523236,0.5570922660566674,0.0005
glucose,1,roi_masked,raw,1,51,0.03442475641089859,0.5436745744584751,0.0005
glucose,1,roi_masked,raw,1,52,0.03412177353871591,0.5198798008534689,0.0005
glucose,1,roi_masked,raw,1,53,0.03846273169373021,0.4795701977289076,0.0005
glucose,1,roi_masked,raw,1,54,0.033761646779197636,0.5801477687905373,0.0005
glucose,1,roi_masked,raw,1,55,0.03309753823912505,0.5277070913191967,0.0005
glucose,1,roi_masked,raw,1,56,0.03714434961703691,0.6358266206633737,0.0005
glucose,1,roi_masked,raw,1,57,0.032211246047959184,0.4750363364396661,0.0005
glucose,1,roi_masked,raw,1,58,0.03404329910197041,0.5772002813107936,0.0005
glucose,1,roi_masked,raw,1,59,0.03223528983918103,0.48161761865863506,0.0005
glucose,1,roi_masked,raw,1,60,0.030856932880300465,0.4989230797961048,0.0005
glucose,1,roi_masked,raw,1,61,0.036428881481741414,0.5007592960923353,0.0005
glucose,1,roi_masked,raw,1,62,0.03381836375955379,0.6194821375110151,0.0005
glucose,1,roi_masked,raw,1,63,0.03794275598995613,0.5651233035258755,0.0005
glucose,1,roi_masked,raw,1,64,0.031688526396950085,0.7181165465131566,0.0005
glucose,1,roi_masked,raw,1,65,0.031924021086006456,0.5492462200485659,0.00025
glucose,1,roi_masked,raw,1,66,0.028784903951666573,0.5405267007988275,0.00025
glucose,1,roi_masked,raw,1,67,0.032386531071229414,0.5457564683630935,0.00025
glucose,1,roi_masked,raw,1,68,0.032210054824298076,0.5985268232548889,0.00025
glucose,1,roi_masked,raw,1,69,0.037138380832744365,0.5039962251557666,0.00025
glucose,1,roi_masked,raw,1,70,0.03250633545897224,0.4735265599811765,0.00025
glucose,1,roi_masked,raw,1,71,0.03061119785363024,0.4899699015889247,0.00025
glucose,1,roi_masked,raw,1,72,0.030675691795168502,0.5447367227427108,0.00025
glucose,1,roi_masked,raw,1,73,0.03021718781215675,0.47498838422166223,0.00025
glucose,1,roi_masked,raw,1,74,0.034568779757528596,0.5241287590379835,0.00025
glucose,1,roi_masked,raw,1,75,0.031914691389961676,0.46824634382160985,0.00025
glucose,1,roi_masked,raw,1,76,0.032265291622642314,0.5146357149189463,0.00025
glucose,1,roi_masked,raw,1,77,0.032646657063653974,0.5361813793273549,0.00025
glucose,1,roi_masked,raw,1,78,0.02952777508533362,0.4661404808368454,0.00025
glucose,1,roi_masked,raw,1,79,0.03190682808106596,0.48934016275179104,0.00025
glucose,1,roi_masked,raw,1,80,0.027328019724650817,0.4916538309713404,0.00025
glucose,1,roi_masked,raw,1,81,0.027960006412908887,0.6131442807009878,0.00025
glucose,1,roi_masked,raw,1,82,0.036500879896409585,0.600161381214907,0.00025
glucose,1,roi_masked,raw,1,83,0.03237921378829262,0.49049360209797843,0.00025
glucose,1,roi_masked,raw,1,84,0.027761109466805604,0.5754429921976306,0.00025
glucose,1,roi_masked,raw,1,85,0.03395386882352106,0.44481180561802847,0.00025
glucose,1,roi_masked,raw,1,86,0.03719772698752808,0.490968327827161,0.00025
glucose,1,roi_masked,raw,1,87,0.038929499888961966,0.5226200383617278,0.00025
glucose,1,roi_masked,raw,1,88,0.031624177290183124,0.4927215930857775,0.00025
glucose,1,roi_masked,raw,1,89,0.03347852725648519,0.5939416721178428,0.00025
glucose,1,roi_masked,raw,1,90,0.03148839874475291,0.47414285580113374,0.00025
glucose,1,roi_masked,raw,1,91,0.03228598660366102,0.6780243878612319,0.00025
glucose,1,roi_masked,raw,1,92,0.035286473573157284,0.5076148317079003,0.00025
glucose,1,roi_masked,raw,1,93,0.0325687639189489,0.5707459033297999,0.000125
glucose,1,roi_masked,raw,1,94,0.032143960012630986,0.4557992160486622,0.000125
glucose,1,roi_masked,raw,1,95,0.033371487440484945,0.5234171435012311,0.000125
glucose,1,roi_masked,raw,1,96,0.030677630774902574,0.5059225238524859,0.000125
glucose,1,roi_masked,raw,1,97,0.026903528900760594,0.4805923839400547,0.000125
glucose,1,roi_masked,raw,1,98,0.02963317329572006,0.5328216289417672,0.000125
glucose,1,roi_masked,raw,1,99,0.03243515883205515,0.46855656315859767,0.000125
glucose,1,roi_masked,raw,1,100,0.02932328764687885,0.5200471983497041,6.25e-05
glucose,1,roi_masked,raw,1,101,0.025019439879917737,0.5111018696578489,6.25e-05
glucose,1,roi_masked,raw,1,102,0.02693114610332431,0.4957180661257554,6.25e-05
glucose,1,roi_masked,raw,1,103,0.03142023937720241,0.47503086533325756,6.25e-05
glucose,1,roi_masked,log1p,0,1,0.31044564816084774,4.6956699915982645,0.001
glucose,1,roi_masked,log1p,0,2,0.10234788656234742,4.363205502539914,0.001
glucose,1,roi_masked,log1p,0,3,0.104256583795403,3.726655472644045,0.001
glucose,1,roi_masked,log1p,0,4,0.06916453526778654,2.7594239154101063,0.001
glucose,1,roi_masked,log1p,0,5,0.08164562537814632,1.7044823571101835,0.001
glucose,1,roi_masked,log1p,0,6,0.07791058141173739,1.3215308262222618,0.001
glucose,1,roi_masked,log1p,0,7,0.08326743452837973,1.159830953234743,0.001
glucose,1,roi_masked,log1p,0,8,0.051260286524440306,1.1041911520594014,0.001
glucose,1,roi_masked,log1p,0,9,0.05098754104339715,1.2121588118497837,0.001
glucose,1,roi_masked,log1p,0,10,0.050008596141229975,0.9164567705879724,0.001
glucose,1,roi_masked,log1p,0,11,0.04498626693631663,1.4658089576322662,0.001
glucose,1,roi_masked,log1p,0,12,0.042483597790653055,0.7895666024382794,0.001
glucose,1,roi_masked,log1p,0,13,0.04332000875111782,0.8007254627075898,0.001
glucose,1,roi_masked,log1p,0,14,0.038765529069033536,1.2933044616325489,0.001
glucose,1,roi_masked,log1p,0,15,0.04087642830881205,2.200891100477923,0.001
glucose,1,roi_masked,log1p,0,16,0.04098536790997693,1.1238820886265708,0.001
glucose,1,roi_masked,log1p,0,17,0.0411467791055188,0.6951809454378318,0.001
glucose,1,roi_masked,log1p,0,18,0.04605611178911093,0.7887193288696455,0.001
glucose,1,roi_masked,log1p,0,19,0.04780688678676432,0.9317372747998545,0.001
glucose,1,roi_masked,log1p,0,20,0.040013832768256014,1.4815811057945738,0.001
glucose,1,roi_masked,log1p,0,21,0.04258634847673503,1.2410510734325586,0.001
glucose,1,roi_masked,log1p,0,22,0.03932626748626882,0.7096442996464927,0.001
glucose,1,roi_masked,log1p,0,23,0.03635463714599609,1.3047348812844513,0.001
glucose,1,roi_masked,log1p,0,24,0.036071176262515964,0.6878532604597356,0.001
glucose,1,roi_masked,log1p,0,25,0.03696584988272551,1.0348872033796093,0.001
glucose,1,roi_masked,log1p,0,26,0.034800969177123275,0.9012519775189145,0.001
glucose,1,roi_masked,log1p,0,27,0.03839932038928523,0.5662301433507967,0.001
glucose,1,roi_masked,log1p,0,28,0.037929169901392674,0.9349302858900521,0.001
glucose,1,roi_masked,log1p,0,29,0.037016199845256226,0.7847224202065743,0.001
glucose,1,roi_masked,log1p,0,30,0.040401519044782175,0.7268759381217474,0.001
glucose,1,roi_masked,log1p,0,31,0.03456485003910281,0.703035726150139,0.001
glucose,1,roi_masked,log1p,0,32,0.04103399966702317,0.761311421118236,0.001
glucose,1,roi_masked,log1p,0,33,0.0344610372050242,1.1346070673825561,0.001
glucose,1,roi_masked,log1p,0,34,0.03390528651123697,0.5509390333322669,0.001
glucose,1,roi_masked,log1p,0,35,0.041016657673048254,1.0162213885987632,0.001
glucose,1,roi_masked,log1p,0,36,0.037008547760320434,0.7137854154739434,0.001
glucose,1,roi_masked,log1p,0,37,0.0332422754981301,0.5537827788414101,0.001
glucose,1,roi_masked,log1p,0,38,0.032287390710729544,0.7175621976505261,0.001
glucose,1,roi_masked,log1p,0,39,0.02985977985416398,0.6707868535612836,0.001
glucose,1,roi_masked,log1p,0,40,0.03165725485393495,0.7204044059409361,0.001
glucose,1,roi_masked,log1p,0,41,0.04163609359300498,0.6351799855243137,0.001
glucose,1,roi_masked,log1p,0,42,0.03828093070875515,0.6285700992948899,0.0005
glucose,1,roi_masked,log1p,0,43,0.03223090898810011,0.7385581987331439,0.0005
glucose,1,roi_masked,log1p,0,44,0.030835050028381925,0.8025196743792122,0.0005
glucose,1,roi_masked,log1p,0,45,0.034366753449042636,0.8729206866955631,0.0005
glucose,1,roi_masked,log1p,0,46,0.03288657954244903,0.5635511158011768,0.0005
glucose,1,roi_masked,log1p,0,47,0.03190387263894081,0.6354855611844635,0.0005
glucose,1,roi_masked,log1p,0,48,0.028626074675809254,0.7427209609188228,0.0005
glucose,1,roi_masked,log1p,0,49,0.030911594584132687,0.5504059580899603,0.00025
glucose,1,roi_masked,log1p,0,50,0.0284473368107821,0.5371513600696888,0.00025
glucose,1,roi_masked,log1p,0,51,0.026453921323021254,0.5400393965851472,0.00025
glucose,1,roi_masked,log1p,0,52,0.027705588852140035,0.6364270854980822,0.00025
glucose,1,roi_masked,log1p,0,53,0.028012205434568,0.7305455879191816,0.00025
glucose,1,roi_masked,log1p,0,54,0.028705829201322614,0.6860614433922367,0.00025
glucose,1,roi_masked,log1p,0,55,0.028531054746020922,0.6170293438523088,0.00025
glucose,1,roi_masked,log1p,0,56,0.029624212375192933,0.56779463007632,0.00025
glucose,1,roi_masked,log1p,0,57,0.029078703012430308,0.8913964671772149,0.00025
glucose,1,roi_masked,log1p,0,58,0.028964444532087356,0.5699891130779592,0.000125
glucose,1,roi_masked,log1p,0,59,0.02664821276610548,0.49705595366424243,0.000125
glucose,1,roi_masked,log1p,0,60,0.02722790226566069,0.6391449659569749,0.000125
glucose,1,roi_masked,log1p,0,61,0.02839645594358444,0.529156609501131,0.000125
glucose,1,roi_masked,log1p,0,62,0.026318633285435763,0.7345436409813927,0.000125
glucose,1,roi_masked,log1p,0,63,0.028504734283143825,0.5809433489249137,0.000125
glucose,1,roi_masked,log1p,0,64,0.025690697968909236,0.5580714341003777,0.000125
glucose,1,roi_masked,log1p,0,65,0.02867231077768586,0.8445598043405389,0.000125
glucose,1,roi_masked,log1p,0,66,0.027531744731646594,0.5329767603506455,0.000125
glucose,1,roi_masked,log1p,0,67,0.027819255129857497,0.5632140736893437,6.25e-05
glucose,1,roi_masked,log1p,0,68,0.025243047737714016,0.7207057718233495,6.25e-05
glucose,1,roi_masked,log1p,0,69,0.028063853254372422,0.6643639408200898,6.25e-05
glucose,1,roi_masked,log1p,0,70,0.0267994966470834,0.5546703109528279,6.25e-05
glucose,1,roi_masked,log1p,0,71,0.027381105517799206,0.6569843323957912,6.25e-05
glucose,1,roi_masked,log1p,0,72,0.02675449187782678,0.5180041625652138,6.25e-05
glucose,1,roi_masked,log1p,0,73,0.02519334489197442,0.5958019361952499,6.25e-05
glucose,1,roi_masked,log1p,0,74,0.02547878810402119,0.5407166457381121,3.125e-05
glucose,1,roi_masked,log1p,0,75,0.026216389729895376,0.5963684064749184,3.125e-05
glucose,1,roi_masked,log1p,0,76,0.02598965009956649,0.5835575636416855,3.125e-05
glucose,1,roi_masked,log1p,0,77,0.026849534791527373,0.526915669037215,3.125e-05
glucose,1,full_patch,raw,1,1,0.26688337335080814,5.13823692229715,0.001
glucose,1,full_patch,raw,1,2,0.13158767620722453,3.5526206382378134,0.001
glucose,1,full_patch,raw,1,3,0.14486069588950187,2.1924696274224122,0.001
glucose,1,full_patch,raw,1,4,0.12607108011390222,1.9171004816463535,0.001
glucose,1,full_patch,raw,1,5,0.09231555730555997,2.1112472280547125,0.001
glucose,1,full_patch,raw,1,6,0.09534904089840976,1.252161442477386,0.001
glucose,1,full_patch,raw,1,7,0.06587290675802664,0.9338805128425107,0.001
glucose,1,full_patch,raw,1,8,0.053029812466014514,0.8332542035219184,0.001
glucose,1,full_patch,raw,1,9,0.06444723606109619,0.7401171834349392,0.001
glucose,1,full_patch,raw,1,10,0.05651575315630797,0.8000714958003915,0.001
glucose,1,full_patch,raw,1,11,0.047005508862661596,0.6870856888637681,0.001
glucose,1,full_patch,raw,1,12,0.04098828346891837,0.7868447192944246,0.001
glucose,1,full_patch,raw,1,13,0.05960694596622929,0.9548378189158933,0.001
glucose,1,full_patch,raw,1,14,0.043978761791279825,0.8017941053281196,0.001
glucose,1,full_patch,raw,1,15,0.04939113805691401,0.6969594894565126,0.001
glucose,1,full_patch,raw,1,16,0.0464445877933141,0.6171050762206385,0.001
glucose,1,full_patch,raw,1,17,0.05438363389535384,0.6795341032076642,0.001
glucose,1,full_patch,raw,1,18,0.06440894517934684,0.7667862875693433,0.001
glucose,1,full_patch,raw,1,19,0.0606736896841815,0.937219786974729,0.001
glucose,1,full_patch,raw,1,20,0.04268017291571155,0.738510475746854,0.001
glucose,1,full_patch,raw,1,21,0.04013321569020098,0.6767023114237389,0.001
glucose,1,full_patch,raw,1,22,0.03447584698371815,0.6174164691835764,0.001
glucose,1,full_patch,raw,1,23,0.03991557691584934,0.5908378283272457,0.001
glucose,1,full_patch,raw,1,24,0.03338725862629486,0.5409994196769389,0.001
glucose,1,full_patch,raw,1,25,0.03221060701391914,0.6054145562667052,0.001
glucose,1,full_patch,raw,1,26,0.035779418367328064,0.652409067807098,0.001
glucose,1,full_patch,raw,1,27,0.03535197526216507,0.6525722576262067,0.001
glucose,1,full_patch,raw,1,28,0.026171530066340258,0.5266570135611623,0.001
glucose,1,full_patch,raw,1,29,0.03559800388686585,0.9644559302354841,0.001
glucose,1,full_patch,raw,1,30,0.04136919537276933,0.6240330097280566,0.001
glucose,1,full_patch,raw,1,31,0.033091005299127466,0.6741810618247576,0.001
glucose,1,full_patch,raw,1,32,0.03301079526092067,0.721028659298225,0.001
glucose,1,full_patch,raw,1,33,0.039444735059232426,0.5062134287879279,0.001
glucose,1,full_patch,raw,1,34,0.04152414947748184,0.6105761006171082,0.001
glucose,1,full_patch,raw,1,35,0.030055464115558247,0.8104861794250081,0.001
glucose,1,full_patch,raw,1,36,0.03004142553968863,0.8023920556546738,0.001
glucose,1,full_patch,raw,1,37,0.02720383567114671,0.6188770457761176,0.001
glucose,1,full_patch,raw,1,38,0.027996986528689212,0.934856748808084,0.001
glucose,1,full_patch,raw,1,39,0.034672181579199705,0.6861009940461372,0.001
glucose,1,full_patch,raw,1,40,0.030977985736998646,0.8839598266493721,0.001
glucose,1,full_patch,raw,1,41,0.02570021023804491,0.48184529053173114,0.0005
glucose,1,full_patch,raw,1,42,0.027134912664240056,0.5466094469326129,0.0005
glucose,1,full_patch,raw,1,43,0.025747165343526637,0.599171247509564,0.0005
glucose,1,full_patch,raw,1,44,0.026345720429989426,0.4685421539885921,0.0005
glucose,1,full_patch,raw,1,45,0.027582482022769524,0.6606057492421088,0.0005
glucose,1,full_patch,raw,1,46,0.028820762489781236,0.7170764016450005,0.0005
glucose,1,full_patch,raw,1,47,0.029389219211809564,0.6483241259616919,0.0005
glucose,1,full_patch,raw,1,48,0.03626074998667746,0.47739606254687444,0.0005
glucose,1,full_patch,raw,1,49,0.032878629626198246,0.6092514787703838,0.0005
glucose,1,full_patch,raw,1,50,0.025367824270418195,0.5012904749733859,0.0005
glucose,1,full_patch,raw,1,51,0.025881574980237267,0.42607411272435786,0.0005
glucose,1,full_patch,raw,1,52,0.026068782569332555,0.5642861939352393,0.0005
glucose,1,full_patch,raw,1,53,0.0229458536952734,0.5179778567286589,0.0005
glucose,1,full_patch,raw,1,54,0.021890187060291118,0.540907466828967,0.0005
glucose,1,full_patch,raw,1,55,0.023332749916748566,0.7395189065454992,0.0005
glucose,1,full_patch,raw,1,56,0.023600827665491538,0.5077399150805745,0.0005
glucose,1,full_patch,raw,1,57,0.020825791799209334,0.6255887340762502,0.0005
glucose,1,full_patch,raw,1,58,0.023965754529291932,0.6402945604198569,0.0005
glucose,1,full_patch,raw,1,59,0.02459306044673378,0.4023239947267582,0.00025
glucose,1,full_patch,raw,1,60,0.02146910979892268,0.6011920334725562,0.00025
glucose,1,full_patch,raw,1,61,0.023739324803605223,0.5471177274309568,0.00025
glucose,1,full_patch,raw,1,62,0.022271054616254386,0.4651434254755399,0.00025
glucose,1,full_patch,raw,1,63,0.024277717484669253,0.4209238584532953,0.00025
glucose,1,full_patch,raw,1,64,0.025262012456854183,0.5347311765773948,0.00025
glucose,1,full_patch,raw,1,65,0.020081944142778713,0.4178383957795291,0.00025
glucose,1,full_patch,raw,1,66,0.022309924780645154,0.5312482903568319,0.00025
glucose,1,full_patch,raw,1,67,0.017044303458974217,0.43588195579103794,0.000125
glucose,1,full_patch,raw,1,68,0.020131339719801238,0.4023888566957922,0.000125
glucose,1,full_patch,raw,1,69,0.02064420431852341,0.4610790005598327,0.000125
glucose,1,full_patch,raw,1,70,0.024191730621863496,0.46573611296287676,0.000125
glucose,1,full_patch,raw,1,71,0.02678862719260382,0.4407001466340626,0.000125
glucose,1,full_patch,raw,1,72,0.020911809147307368,0.41843338661835966,0.000125
glucose,1,full_patch,raw,1,73,0.021606700128000794,0.483060787712901,0.000125
glucose,1,full_patch,raw,1,74,0.01907254023985429,0.4396392348928184,6.25e-05
glucose,1,full_patch,raw,1,75,0.021207596745454905,0.4540451361664226,6.25e-05
glucose,1,full_patch,raw,1,76,0.0233836137435653,0.4363453330177378,6.25e-05
glucose,1,full_patch,raw,1,77,0.021981256568070612,0.41011351417987013,6.25e-05
glucose,1,full_patch,log1p,0,1,0.24457600116729736,4.697813601239274,0.001
glucose,1,full_patch,log1p,0,2,0.13270036614302433,3.7458255512932754,0.001
glucose,1,full_patch,log1p,0,3,0.09274459314165694,2.515080853139841,0.001
glucose,1,full_patch,log1p,0,4,0.09088314507495274,2.1031018931344785,0.001
glucose,1,full_patch,log1p,0,5,0.09124744791876185,1.3476010834004513,0.001
glucose,1,full_patch,log1p,0,6,0.08555112264373085,1.9447607702549805,0.001
glucose,1,full_patch,log1p,0,7,0.08764168699130867,1.114570712926584,0.001
glucose,1,full_patch,log1p,0,8,0.06547447578473524,1.1730509526772686,0.001
glucose,1,full_patch,log1p,0,9,0.06672309849298362,1.4691743659751126,0.001
glucose,1,full_patch,log1p,0,10,0.06512763035116774,1.2680724697679724,0.001
glucose,1,full_patch,log1p,0,11,0.07162618673208988,1.6225514271913755,0.001
glucose,1,full_patch,log1p,0,12,0.09429149808305683,1.1004552398631822,0.001
glucose,1,full_patch,log1p,0,13,0.0728006406715422,1.2079392230098984,0.001
glucose,1,full_patch,log1p,0,14,0.05856184679450411,1.0127758735081587,0.001
glucose,1,full_patch,log1p,0,15,0.07274103584614668,0.9410215986409516,0.001
glucose,1,full_patch,log1p,0,16,0.0701598070787661,1.0948634673943283,0.001
glucose,1,full_patch,log1p,0,17,0.0670941389871366,0.9932908867853038,0.001
glucose,1,full_patch,log1p,0,18,0.06132861536109086,0.9466048936077638,0.001
glucose,1,full_patch,log1p,0,19,0.05997320147174778,1.011841854099415,0.001
glucose,1,full_patch,log1p,0,20,0.06441341816927447,0.8827749954396257,0.001
glucose,1,full_patch,log1p,0,21,0.04535300434764587,1.8447931526577035,0.001
glucose,1,full_patch,log1p,0,22,0.05877318445480231,0.7901465101505274,0.001
glucose,1,full_patch,log1p,0,23,0.05713784044439142,1.4644981409722468,0.001
glucose,1,full_patch,log1p,0,24,0.05221400026119116,0.8291637660912579,0.001
glucose,1,full_patch,log1p,0,25,0.05948253412815657,1.2685202397993351,0.001
glucose,1,full_patch,log1p,0,26,0.0550379371101206,1.5769065389944088,0.001
glucose,1,full_patch,log1p,0,27,0.047041395622672455,2.447413569395018,0.001
glucose,1,full_patch,log1p,0,28,0.05497805049473589,0.7561096278087807,0.001
glucose,1,full_patch,log1p,0,29,0.05939825556494973,1.53821098605594,0.001
glucose,1,full_patch,log1p,0,30,0.06508603198736003,0.6718446092049472,0.001
glucose,1,full_patch,log1p,0,31,0.047346970642154866,1.1926263762444527,0.001
glucose,1,full_patch,log1p,0,32,0.045070479877970436,0.7778906048255319,0.001
glucose,1,full_patch,log1p,0,33,0.04214245607004021,1.2993520607333837,0.001
glucose,1,full_patch,log1p,0,34,0.04382662070971547,1.1442241842013081,0.001
glucose,1,full_patch,log1p,0,35,0.03450379925921108,0.6330924845042165,0.001
glucose,1,full_patch,log1p,0,36,0.03169145353815772,1.2840772969869063,0.001
glucose,1,full_patch,log1p,0,37,0.051996412015322485,1.5837116231366146,0.001
glucose,1,full_patch,log1p,0,38,0.060214967054851125,0.9106906723156428,0.001
glucose,1,full_patch,log1p,0,39,0.038165091542583525,0.6895107819810654,0.001
glucose,1,full_patch,log1p,0,40,0.04258550800608866,0.7382504186533314,0.001
glucose,1,full_patch,log1p,0,41,0.04216747317801822,0.8104631243965709,0.001
glucose,1,full_patch,log1p,0,42,0.036122595992955295,0.7629926019443235,0.001
glucose,1,full_patch,log1p,0,43,0.03542208915407007,0.8203137079594218,0.0005
glucose,1,full_patch,log1p,0,44,0.03253230665895072,0.8971910577727243,0.0005
glucose,1,full_patch,log1p,0,45,0.03377729347257903,0.6209884374399149,0.0005
glucose,1,full_patch,log1p,0,46,0.031249471855434505,0.5220809722056099,0.0005
glucose,1,full_patch,log1p,0,47,0.026815145711104073,0.5509480570818607,0.0005
glucose,1,full_patch,log1p,0,48,0.03362273108778578,0.7239623675308173,0.0005
glucose,1,full_patch,log1p,0,49,0.030064771979144124,1.0049009528353319,0.0005
glucose,1,full_patch,log1p,0,50,0.028991004835927127,1.0778249227860592,0.0005
glucose,1,full_patch,log1p,0,51,0.03568211134636041,0.753731702344378,0.0005
glucose,1,full_patch,log1p,0,52,0.04137705234867154,1.1339871013768688,0.0005
glucose,1,full_patch,log1p,0,53,0.04016983392789508,0.6083568434462835,0.0005
glucose,1,full_patch,log1p,0,54,0.0325904971045075,0.5486558526993647,0.00025
glucose,1,full_patch,log1p,0,55,0.027624345886887926,0.8981003339165501,0.00025
glucose,1,full_patch,log1p,0,56,0.02840955645749063,0.574357584389831,0.00025
glucose,1,full_patch,log1p,0,57,0.025105076283216475,0.5761404510530327,0.00025
glucose,1,full_patch,log1p,0,58,0.02584606165235693,0.5001976098983462,0.00025
glucose,1,full_patch,log1p,0,59,0.027407289973714135,0.5780385986202026,0.00025
glucose,1,full_patch,log1p,0,60,0.030606622497240703,0.6470876476395877,0.00025
glucose,1,full_patch,log1p,0,61,0.03090052501947591,0.544530225860396,0.00025
glucose,1,full_patch,log1p,0,62,0.026607878269119697,0.6486965639926571,0.00025
glucose,1,full_patch,log1p,0,63,0.02368146400108482,0.4876756930096862,0.00025
glucose,1,full_patch,log1p,0,64,0.027328009124506603,0.6970889840558547,0.00025
glucose,1,full_patch,log1p,0,65,0.026200860264626417,0.5084003309144403,0.00025
glucose,1,full_patch,log1p,0,66,0.02561173002150926,0.5217414639288859,0.00025
glucose,1,full_patch,log1p,0,67,0.025906021667249274,0.49098966214812295,0.00025
glucose,1,full_patch,log1p,0,68,0.030121474916284734,0.5178950396158717,0.00025
glucose,1,full_patch,log1p,0,69,0.023213762067484132,0.5739631042643317,0.00025
glucose,1,full_patch,log1p,0,70,0.02565504919850465,0.5912330542909792,0.00025
glucose,1,full_patch,log1p,0,71,0.025807948613708668,0.4999847582628696,0.000125
glucose,1,full_patch,log1p,0,72,0.023216160025560494,0.472884570397281,0.000125
glucose,1,full_patch,log1p,0,73,0.02453999990089373,0.51025054565643,0.000125
glucose,1,full_patch,log1p,0,74,0.027113187832362724,0.5091112716952502,0.000125
glucose,1,full_patch,log1p,0,75,0.022387028575846644,0.4837833179907322,0.000125
glucose,1,full_patch,log1p,0,76,0.022804026712070814,0.48233788375288983,0.000125
glucose,1,full_patch,log1p,0,77,0.024995216298283954,0.5503192153665777,0.000125
glucose,1,full_patch,log1p,0,78,0.02345046472143043,0.49330906519681345,0.000125
glucose,1,full_patch,log1p,0,79,0.024439768357710404,0.5196258960514305,0.000125
glucose,1,full_patch,log1p,0,80,0.02349071324323163,0.46347257938734304,6.25e-05
glucose,1,full_patch,log1p,0,81,0.024929868079947702,0.48446823625675833,6.25e-05
glucose,1,full_patch,log1p,0,82,0.019414944517793076,0.47655837562456366,6.25e-05
glucose,1,full_patch,log1p,0,83,0.022113196811441218,0.4726740253169288,6.25e-05
glucose,1,full_patch,log1p,0,84,0.022133643377685187,0.46281503893739484,6.25e-05
glucose,1,full_patch,log1p,0,85,0.027231205367680752,0.4738049634543668,6.25e-05
glucose,1,full_patch,log1p,0,86,0.028009589343811526,0.6043045919822775,6.25e-05
glucose,1,full_patch,log1p,0,87,0.022948342403679184,0.46868925246879484,6.25e-05
glucose,1,full_patch,log1p,0,88,0.02289521743289449,0.4672609715466697,6.25e-05
glucose,1,full_patch,log1p,0,89,0.023211806380387508,0.49819958733974246,6.25e-05
glucose,1,full_patch,log1p,0,90,0.02306689927072236,0.4559926731924453,6.25e-05
glucose,1,full_patch,log1p,0,91,0.02366521180127606,0.49712080546571275,6.25e-05
glucose,1,full_patch,log1p,0,92,0.02133698309912826,0.5509578314853593,6.25e-05
glucose,1,full_patch,log1p,0,93,0.022749483517625114,0.4971889205832023,6.25e-05
glucose,1,full_patch,log1p,0,94,0.02320052639327266,0.46817300540855167,6.25e-05
glucose,1,full_patch,log1p,0,95,0.0199446062359846,0.46832540825655866,6.25e-05
glucose,1,full_patch,log1p,0,96,0.02352270612662489,0.44543216762292165,6.25e-05
glucose,1,full_patch,log1p,0,97,0.021042223940744544,0.6141590413401187,6.25e-05
glucose,1,full_patch,log1p,0,98,0.02307590241685058,0.4798975145909447,6.25e-05
glucose,1,full_patch,log1p,0,99,0.020810250170303114,0.4629847232135132,6.25e-05
glucose,1,full_patch,log1p,0,100,0.0236365930826375,0.6214031244715778,6.25e-05
glucose,1,full_patch,log1p,0,101,0.02195921124834003,0.47359470974179224,6.25e-05
glucose,1,full_patch,log1p,0,102,0.020896518986785052,0.4978085182670186,6.25e-05
glucose,1,full_patch,log1p,0,103,0.021331230641314477,0.4662311307275031,6.25e-05
glucose,1,full_patch,log1p,0,104,0.02088239410835685,0.4579109089880241,3.125e-05
glucose,1,full_patch,log1p,0,105,0.022036926358035117,0.4923889326276025,3.125e-05
glucose,1,full_patch,log1p,0,106,0.019873312691395934,0.4522788741811741,3.125e-05
glucose,1,full_patch,log1p,0,107,0.021632562893809694,0.48632939231046474,3.125e-05
glucose,1,full_patch,log1p,0,108,0.02325697685168548,0.47917533214819746,3.125e-05
glucose,1,full_patch,log1p,0,109,0.02053348756762165,0.4531512552867719,3.125e-05
glucose,1,full_patch,log1p,0,110,0.022326735136183825,0.4823708767172928,3.125e-05
glucose,1,full_patch,log1p,0,111,0.022449104533051,0.5019958613927419,1.5625e-05
glucose,1,full_patch,log1p,0,112,0.02465485835617239,0.4546698099697281,1.5625e-05
glucose,1,full_patch,log1p,0,113,0.02407720097989747,0.47606234183190266,1.5625e-05
glucose,1,full_patch,log1p,0,114,0.02007940694915526,0.5101856484341549,1.5625e-05
glucose,2,roi_masked,raw,1,1,0.3339317381470818,5.434860378486731,0.001
glucose,2,roi_masked,raw,1,2,0.12583588787677924,4.644814062912155,0.001
glucose,2,roi_masked,raw,1,3,0.1116641102422545,3.3008225945747127,0.001
glucose,2,roi_masked,raw,1,4,0.11217410078524832,2.557280749133522,0.001
glucose,2,roi_masked,raw,1,5,0.10369038376429753,2.053685945766151,0.001
glucose,2,roi_masked,raw,1,6,0.08531593199924811,1.1530572421065495,0.001
glucose,2,roi_masked,raw,1,7,0.07509060856926458,1.165322999743257,0.001
glucose,2,roi_masked,raw,1,8,0.061085335338479894,0.9257531811855181,0.001
glucose,2,roi_masked,raw,1,9,0.061698979283120875,0.749711936380233,0.001
glucose,2,roi_masked,raw,1,10,0.0678519377798597,0.8166532853357559,0.001
glucose,2,roi_masked,raw,1,11,0.053283633611507814,0.999625513808461,0.001
glucose,2,roi_masked,raw,1,12,0.052236271936074455,0.7361820880924657,0.001
glucose,2,roi_masked,raw,1,13,0.04949365572895627,0.9630279470399432,0.001
glucose,2,roi_masked,raw,1,14,0.05441287064427946,0.710154797181308,0.001
glucose,2,roi_masked,raw,1,15,0.05288002022643381,1.0954865887734064,0.001
glucose,2,roi_masked,raw,1,16,0.048512717733928595,0.7946356437061165,0.001
glucose,2,roi_masked,raw,1,17,0.05387604256589438,0.9586872676330142,0.001
glucose,2,roi_masked,raw,1,18,0.053488472731986626,0.9520888140839237,0.001
glucose,2,roi_masked,raw,1,19,0.0486320725485305,0.6282979041726319,0.001
glucose,2,roi_masked,raw,1,20,0.04663827985347472,0.7806836027693499,0.001
glucose,2,roi_masked,raw,1,21,0.05139062753510724,0.8817577701060523,0.001
glucose,2,roi_masked,raw,1,22,0.05123135987696989,1.3430205905297874,0.001
glucose,2,roi_masked,raw,1,23,0.04473094413426167,0.8930851304969825,0.001
glucose,2,roi_masked,raw,1,24,0.04700136371789675,1.2610124574206802,0.001
glucose,2,roi_masked,raw,1,25,0.05045508769869627,0.8602118784090176,0.001
glucose,2,roi_masked,raw,1,26,0.047711243952906254,0.8458633051418012,0.001
glucose,2,roi_masked,raw,1,27,0.0393247610310595,0.49914994993724,0.0005
glucose,2,roi_masked,raw,1,28,0.04350818016312339,1.0122420988434027,0.0005
glucose,2,roi_masked,raw,1,29,0.037666697266071636,0.625619675216707,0.0005
glucose,2,roi_masked,raw,1,30,0.038128935233669024,0.7654950340753192,0.0005
glucose,2,roi_masked,raw,1,31,0.04340191987716494,0.5599941002198761,0.0005
glucose,2,roi_masked,raw,1,32,0.03520240819001162,0.6103958252842904,0.0005
glucose,2,roi_masked,raw,1,33,0.03497770520818216,0.8241801119815043,0.0005
glucose,2,roi_masked,raw,1,34,0.03865798185239428,0.6349069093848282,0.0005
glucose,2,roi_masked,raw,1,35,0.0331156556057326,0.5351445752058921,0.00025
glucose,2,roi_masked,raw,1,36,0.035040275605975606,0.5104424559517425,0.00025
glucose,2,roi_masked,raw,1,37,0.040262616571211066,0.46446694650101866,0.00025
glucose,2,roi_masked,raw,1,38,0.03927132197768162,0.9912202761716054,0.00025
glucose,2,roi_masked,raw,1,39,0.03269664457986678,0.4595531685474404,0.00025
glucose,2,roi_masked,raw,1,40,0.032511944441199744,0.4520983898996709,0.00025
glucose,2,roi_masked,raw,1,41,0.03406322619776434,0.724372261808286,0.00025
glucose,2,roi_masked,raw,1,42,0.034698970552017545,0.5106480340963979,0.00025
glucose,2,roi_masked,raw,1,43,0.03518758934885041,0.580881319393573,0.00025
glucose,2,roi_masked,raw,1,44,0.03517566742333854,0.48400792929668657,0.00025
glucose,2,roi_masked,raw,1,45,0.02817035647700423,0.777894302547418,0.00025
glucose,2,roi_masked,raw,1,46,0.031691314542913136,0.46594585582724685,0.00025
glucose,2,roi_masked,raw,1,47,0.029449174705276547,0.7826439000297973,0.00025
glucose,2,roi_masked,raw,1,48,0.02992708320089584,0.47404522978699765,0.000125
glucose,2,roi_masked,raw,1,49,0.030841249284152657,0.49997064506783945,0.000125
glucose,2,roi_masked,raw,1,50,0.03188969954937119,0.489990734813651,0.000125
glucose,2,roi_masked,raw,1,51,0.031312678947534006,0.45027685812461554,0.000125
glucose,2,roi_masked,raw,1,52,0.030866519993534743,0.5963522305673263,0.000125
glucose,2,roi_masked,raw,1,53,0.032265200861209195,0.4433153962293488,0.000125
glucose,2,roi_masked,raw,1,54,0.03384123934119185,0.5236052286805511,0.000125
glucose,2,roi_masked,raw,1,55,0.035245162030978994,0.43693204314694023,0.000125
glucose,2,roi_masked,raw,1,56,0.03076688904209748,0.4645447558031218,0.000125
glucose,2,roi_masked,raw,1,57,0.03304879749873889,0.6172010724895869,0.000125
glucose,2,roi_masked,raw,1,58,0.03254041636998359,0.47311448970714365,0.000125
glucose,2,roi_masked,raw,1,59,0.03575518757282533,0.5230677560183575,0.000125
glucose,2,roi_masked,raw,1,60,0.027084099728441984,0.44266971055064985,0.000125
glucose,2,roi_masked,raw,1,61,0.031256949565138796,0.4520543449386723,0.000125
glucose,2,roi_masked,raw,1,62,0.02722363327747841,0.4918735793559313,0.000125
glucose,2,roi_masked,raw,1,63,0.03169598611385385,0.4925446990451091,6.25e-05
glucose,2,roi_masked,raw,1,64,0.026742928179783187,0.48388501669861816,6.25e-05
glucose,2,roi_masked,raw,1,65,0.02872595900528122,0.44978221079105685,6.25e-05
glucose,2,roi_masked,raw,1,66,0.02639544670832317,0.470404237916355,6.25e-05
glucose,2,roi_masked,raw,1,67,0.030731757936219167,0.49233340630115163,6.25e-05
glucose,2,roi_masked,raw,1,68,0.02930063975838897,0.4575247661575123,6.25e-05
glucose,2,roi_masked,raw,1,69,0.030557905736028172,0.503495348157788,6.25e-05
glucose,2,roi_masked,raw,1,70,0.027532975221310926,0.4460810550035786,3.125e-05
glucose,2,roi_masked,raw,1,71,0.027493241930105647,0.4330124456064357,3.125e-05
glucose,2,roi_masked,raw,1,72,0.028194671213604656,0.43967471680362424,3.125e-05
glucose,2,roi_masked,raw,1,73,0.027116831303220214,0.4527682825145817,3.125e-05
glucose,2,roi_masked,raw,1,74,0.029776603394311516,0.4544424711165624,3.125e-05
glucose,2,roi_masked,raw,1,75,0.029748778879065095,0.4622098499748652,3.125e-05
glucose,2,roi_masked,raw,1,76,0.0283546953582817,0.4402051524976523,3.125e-05
glucose,2,roi_masked,raw,1,77,0.0276048844499755,0.4492762570587694,3.125e-05
glucose,2,roi_masked,raw,1,78,0.029305424444077622,0.44101441762524374,3.125e-05
glucose,2,roi_masked,raw,1,79,0.028971291123577096,0.45032724398007234,1.5625e-05
glucose,2,roi_masked,raw,1,80,0.026403132548497438,0.4524995261663115,1.5625e-05
glucose,2,roi_masked,raw,1,81,0.030466767308342475,0.46361739250452877,1.5625e-05
glucose,2,roi_masked,raw,1,82,0.02830181971481056,0.47212453457582515,1.5625e-05
glucose,2,roi_masked,raw,1,83,0.030754833999915736,0.4526087337629155,1.5625e-05
glucose,2,roi_masked,raw,1,84,0.025708524252103446,0.46652339158579875,1.5625e-05
glucose,2,roi_masked,raw,1,85,0.027077449194187555,0.45632857275428923,1.5625e-05
glucose,2,roi_masked,raw,1,86,0.02792260359733986,0.44508122818356893,1e-05
glucose,2,roi_masked,raw,1,87,0.02778919408689135,0.4673848507858592,1e-05
glucose,2,roi_masked,raw,1,88,0.028999801897256455,0.47931429051798324,1e-05
glucose,2,roi_masked,raw,1,89,0.0318620893493539,0.4698485523711405,1e-05
glucose,2,roi_masked,log1p,0,1,0.2708426053495592,4.631261692563885,0.001
glucose,2,roi_masked,log1p,0,2,0.08840653635616985,4.077360831236619,0.001
glucose,2,roi_masked,log1p,0,3,0.08028615701349588,3.146268297442461,0.001
glucose,2,roi_masked,log1p,0,4,0.0748693298620634,2.5173718426789367,0.001
glucose,2,roi_masked,log1p,0,5,0.07171404249577515,1.413548148831113,0.001
glucose,2,roi_masked,log1p,0,6,0.05620970362700222,1.000736443372184,0.001
glucose,2,roi_masked,log1p,0,7,0.07031103461736539,0.8857389607904582,0.001
glucose,2,roi_masked,log1p,0,8,0.06586018376241143,0.9580519365554284,0.001
glucose,2,roi_masked,log1p,0,9,0.05517966706644405,0.7431371378311216,0.001
glucose,2,roi_masked,log1p,0,10,0.05930629577459948,1.1095930047051874,0.001
glucose,2,roi_masked,log1p,0,11,0.08032117686865937,1.2758248303662512,0.001
glucose,2,roi_masked,log1p,0,12,0.05207604523498326,1.0358178136360592,0.001
glucose,2,roi_masked,log1p,0,13,0.06078842932971863,0.8701085150227782,0.001
glucose,2,roi_masked,log1p,0,14,0.05964376209456412,1.6339351340266652,0.001
glucose,2,roi_masked,log1p,0,15,0.05730354628246694,0.6972121920033385,0.001
glucose,2,roi_masked,log1p,0,16,0.05211174363567426,0.6786656182649816,0.001
glucose,2,roi_masked,log1p,0,17,0.04261834418675939,1.0193475101108453,0.001
glucose,2,roi_masked,log1p,0,18,0.05586280863060326,1.244813261311209,0.001
glucose,2,roi_masked,log1p,0,19,0.05234430950196063,1.2413533899983564,0.001
glucose,2,roi_masked,log1p,0,20,0.06023408266009233,0.7031000019425385,0.001
glucose,2,roi_masked,log1p,0,21,0.06597444874785519,1.249722989098283,0.001
glucose,2,roi_masked,log1p,0,22,0.060953639369963175,1.1335012513242184,0.001
glucose,2,roi_masked,log1p,0,23,0.048133297133552334,0.9972270939733796,0.001
glucose,2,roi_masked,log1p,0,24,0.04934318680121895,0.5603542461298944,0.0005
glucose,2,roi_masked,log1p,0,25,0.049461898267624455,1.1717419320572107,0.0005
glucose,2,roi_masked,log1p,0,26,0.06716518306163669,0.88149187884827,0.0005
glucose,2,roi_masked,log1p,0,27,0.03639358007272736,0.8962554155608928,0.0005
glucose,2,roi_masked,log1p,0,28,0.03993698827444885,1.1347351618807027,0.0005
glucose,2,roi_masked,log1p,0,29,0.03938956308871197,0.6418492312715678,0.0005
glucose,2,roi_masked,log1p,0,30,0.03980811105710739,0.6223251444139919,0.0005
glucose,2,roi_masked,log1p,0,31,0.035990394682424966,0.6313575432148066,0.0005
glucose,2,roi_masked,log1p,0,32,0.031944726795046945,0.4822448227842928,0.00025
glucose,2,roi_masked,log1p,0,33,0.03618727007050806,0.5389077648963513,0.00025
glucose,2,roi_masked,log1p,0,34,0.03186334113294784,0.5300275213350024,0.00025
glucose,2,roi_masked,log1p,0,35,0.02959295760856833,0.5219733048850834,0.00025
glucose,2,roi_masked,log1p,0,36,0.03167711733528115,0.8366649715403592,0.00025
glucose,2,roi_masked,log1p,0,37,0.03126920413520137,0.5712937814007103,0.00025
glucose,2,roi_masked,log1p,0,38,0.034522554902401484,0.5754769191587339,0.00025
glucose,2,roi_masked,log1p,0,39,0.03193379669892983,0.5466950302659339,0.00025
glucose,2,roi_masked,log1p,0,40,0.03284581443614114,0.6096548647321286,0.000125
glucose,2,roi_masked,log1p,0,41,0.030184508844010877,0.6381280038431794,0.000125
glucose,2,roi_masked,log1p,0,42,0.030410231433908738,0.5376972734502555,0.000125
glucose,2,roi_masked,log1p,0,43,0.029721773744473337,0.564399704972824,0.000125
glucose,2,roi_masked,log1p,0,44,0.03194218956145018,0.5195737717150714,0.000125
glucose,2,roi_masked,log1p,0,45,0.030720913813250962,0.5937205499686509,0.000125
glucose,2,roi_masked,log1p,0,46,0.028148324230211148,0.5161025810346968,0.000125
glucose,2,roi_masked,log1p,0,47,0.028366039255869904,0.542042402303111,6.25e-05
glucose,2,roi_masked,log1p,0,48,0.030563083881215262,0.5306208247586451,6.25e-05
glucose,2,roi_masked,log1p,0,49,0.026077326076263466,0.5384537705428599,6.25e-05
glucose,2,roi_masked,log1p,0,50,0.028879833298051057,0.5984156142103529,6.25e-05
glucose,2,full_patch,raw,0,1,0.4805761558599159,4.416185419412826,0.001
glucose,2,full_patch,raw,0,2,0.15363579240090444,2.941972260683511,0.001
glucose,2,full_patch,raw,0,3,0.13424739635781274,1.375313955807706,0.001
glucose,2,full_patch,raw,0,4,0.11629790867138903,1.1789114069355038,0.001
glucose,2,full_patch,raw,0,5,0.09177153945613192,1.1707389266711081,0.001
glucose,2,full_patch,raw,0,6,0.06450748915788225,0.9378478891415469,0.001
glucose,2,full_patch,raw,0,7,0.08223454175647431,1.0465289327506473,0.001
glucose,2,full_patch,raw,0,8,0.06395958649652458,0.8641092748818575,0.001
glucose,2,full_patch,raw,0,9,0.06384136303482041,0.8271200670702107,0.001
glucose,2,full_patch,raw,0,10,0.07508299722934444,0.8170042629517649,0.001
glucose,2,full_patch,raw,0,11,0.08078608137240353,0.9675675549772695,0.001
glucose,2,full_patch,raw,0,12,0.07320617448577404,1.189909589410275,0.001
glucose,2,full_patch,raw,0,13,0.04935008389028636,0.9568283826149795,0.001
glucose,2,full_patch,raw,0,14,0.053979587609339755,0.960775990018833,0.001
glucose,2,full_patch,raw,0,15,0.06240633655278409,0.8142277186561709,0.001
glucose,2,full_patch,raw,0,16,0.05635977252740441,1.0269419024248685,0.001
glucose,2,full_patch,raw,0,17,0.050060833852888044,0.6645757953934697,0.001
glucose,2,full_patch,raw,0,18,0.055639612770204926,0.8546067301670782,0.001
glucose,2,full_patch,raw,0,19,0.058364959702939465,1.079433257548693,0.001
glucose,2,full_patch,raw,0,20,0.06003272285804308,0.83434033002634,0.001
glucose,2,full_patch,raw,0,21,0.05117718756598616,0.971503575375068,0.001
glucose,2,full_patch,raw,0,22,0.04645107840861009,0.750875646631025,0.001
glucose,2,full_patch,raw,0,23,0.04683633969233395,0.740520010075484,0.001
glucose,2,full_patch,raw,0,24,0.051536902740886424,0.7650982676170652,0.001
glucose,2,full_patch,raw,0,25,0.04785248111161763,0.9045575773196284,0.0005
glucose,2,full_patch,raw,0,26,0.057241319477469306,0.8121131138749824,0.0005
glucose,2,full_patch,raw,0,27,0.04551651386818925,0.9814086252644614,0.0005
glucose,2,full_patch,raw,0,28,0.04192337413747336,0.692959763493582,0.0005
glucose,2,full_patch,raw,0,29,0.04347182955209793,0.7230720488009207,0.0005
glucose,2,full_patch,raw,0,30,0.03688716684119712,0.6818598290030153,0.0005
glucose,2,full_patch,raw,0,31,0.036482345146278336,0.6465415593019371,0.0005
glucose,2,full_patch,raw,0,32,0.039174041409606196,0.723699196709412,0.0005
glucose,2,full_patch,raw,0,33,0.03728446303332438,0.7991689479561512,0.0005
glucose,2,full_patch,raw,0,34,0.0364576641209257,0.6736253026522416,0.0005
glucose,2,full_patch,raw,0,35,0.030747363724136494,0.6665236162655749,0.0005
glucose,2,full_patch,raw,0,36,0.03901848974797303,0.8523154598512769,0.0005
glucose,2,full_patch,raw,0,37,0.04505179748050147,0.6605462084148213,0.0005
glucose,2,full_patch,raw,0,38,0.04582974174227871,0.6820437186214218,0.0005
glucose,2,full_patch,raw,0,39,0.04020809130701507,0.7061077683351056,0.00025
glucose,2,full_patch,raw,0,40,0.03953891455705226,0.7263477231791512,0.00025
glucose,2,full_patch,raw,0,41,0.03652619302755807,0.6050561144734532,0.00025
glucose,2,full_patch,raw,0,42,0.04184244517042633,0.8453502160174629,0.00025
glucose,2,full_patch,raw,0,43,0.05249272994197428,0.5610317975445298,0.00025
glucose,2,full_patch,raw,0,44,0.045591221980739456,0.6002047145704643,0.00025
glucose,2,full_patch,raw,0,45,0.04265732555226846,0.6695249100888474,0.00025
glucose,2,full_patch,raw,0,46,0.035692207309821325,0.5332409193145746,0.00025
glucose,2,full_patch,raw,0,47,0.034113243910665836,0.6068372061291416,0.00025
glucose,2,full_patch,raw,0,48,0.03826843913861074,0.6481462759347799,0.00025
glucose,2,full_patch,raw,0,49,0.03614327035588941,0.6285599430275455,0.00025
glucose,2,full_patch,raw,0,50,0.033347922348141136,0.5944317309370416,0.00025
glucose,2,full_patch,raw,0,51,0.03158843763805537,0.5288813621979694,0.00025
glucose,2,full_patch,raw,0,52,0.03748381745775304,0.5190504929212113,0.00025
glucose,2,full_patch,raw,0,53,0.03867581767625496,0.6514585108557838,0.00025
glucose,2,full_patch,raw,0,54,0.03627860448399528,0.6437425469238539,0.00025
glucose,2,full_patch,raw,0,55,0.04142487875495422,0.7500922899856716,0.00025
glucose,2,full_patch,raw,0,56,0.0426920803136091,0.7393871240995865,0.00025
glucose,2,full_patch,raw,0,57,0.035771033753003875,0.6104751817077075,0.00025
glucose,2,full_patch,raw,0,58,0.03743058499698312,0.5906684468104699,0.00025
glucose,2,full_patch,raw,0,59,0.03521871070992396,0.6319279752376509,0.00025
glucose,2,full_patch,raw,0,60,0.03506450608772421,0.5275493908516551,0.000125
glucose,2,full_patch,raw,0,61,0.0350006738602671,0.5157276606400963,0.000125
glucose,2,full_patch,raw,0,62,0.034628262179841225,0.5899163821677259,0.000125
glucose,2,full_patch,raw,0,63,0.03312278473430526,0.5171171459703751,0.000125
glucose,2,full_patch,raw,0,64,0.03721166595861027,0.5615730937523113,0.000125
glucose,2,full_patch,raw,0,65,0.034925592394237544,0.5401393292214148,0.000125
glucose,2,full_patch,raw,0,66,0.03496751106509331,0.5174423853317515,0.000125
glucose,2,full_patch,raw,0,67,0.03458266753020479,0.4979497125672655,0.000125
glucose,2,full_patch,raw,0,68,0.03414766257281808,0.5083126369080667,0.000125
glucose,2,full_patch,raw,0,69,0.032032584096964356,0.5598358465932822,0.000125
glucose,2,full_patch,raw,0,70,0.03302690603849429,0.4954962490323092,0.000125
glucose,2,full_patch,raw,0,71,0.02982111513092781,0.5269622153084385,0.000125
glucose,2,full_patch,raw,0,72,0.032012600640470686,0.46527157786208273,0.000125
glucose,2,full_patch,raw,0,73,0.03109642018837474,0.5310016152760634,0.000125
glucose,2,full_patch,raw,0,74,0.027148808367916794,0.5384618423431732,0.000125
glucose,2,full_patch,raw,0,75,0.03237538788073464,0.48322715813745193,0.000125
glucose,2,full_patch,raw,0,76,0.03742688933689974,0.5033614257525489,0.000125
glucose,2,full_patch,raw,0,77,0.03320215488110854,0.5564197748955347,0.000125
glucose,2,full_patch,raw,0,78,0.02995982861643221,0.4963868238065917,0.000125
glucose,2,full_patch,raw,0,79,0.03058834694431409,0.5807298949134302,0.000125
glucose,2,full_patch,raw,0,80,0.03258907871012716,0.455833343053956,6.25e-05
glucose,2,full_patch,raw,0,81,0.026992584066534896,0.4828373741711934,6.25e-05
glucose,2,full_patch,raw,0,82,0.029803006680773906,0.47308654818111245,6.25e-05
glucose,2,full_patch,raw,0,83,0.026493346987600298,0.4622022440795322,6.25e-05
glucose,2,full_patch,raw,0,84,0.031413603843302204,0.4813573636357835,6.25e-05
glucose,2,full_patch,raw,0,85,0.024349195530135658,0.4723195309738575,6.25e-05
glucose,2,full_patch,raw,0,86,0.03939897286665422,0.47383861827838625,6.25e-05
glucose,2,full_patch,raw,0,87,0.030620792861222865,0.47835913636902866,6.25e-05
glucose,2,full_patch,raw,0,88,0.032760802517615914,0.4799819174007425,3.125e-05
glucose,2,full_patch,raw,0,89,0.028627837584777313,0.4701966676417167,3.125e-05
glucose,2,full_patch,raw,0,90,0.0300723019648682,0.47625325840388105,3.125e-05
glucose,2,full_patch,raw,0,91,0.026837965934336096,0.4937413430960131,3.125e-05
glucose,2,full_patch,raw,0,92,0.02996247804178211,0.46175315158233493,3.125e-05
glucose,2,full_patch,raw,0,93,0.027728902778398085,0.45719027465815754,3.125e-05
glucose,2,full_patch,raw,0,94,0.0295764600869196,0.4705456953425765,3.125e-05
glucose,2,full_patch,raw,0,95,0.03239042076508441,0.4721340944494139,1.5625e-05
glucose,2,full_patch,raw,0,96,0.03109641798151499,0.4684252848400497,1.5625e-05
glucose,2,full_patch,raw,0,97,0.02966152083256383,0.46417678012297686,1.5625e-05
glucose,2,full_patch,raw,0,98,0.028672134248337162,0.46102491194947953,1.5625e-05
glucose,2,full_patch,log1p,1,1,0.38132021455135856,4.185009990593229,0.001
glucose,2,full_patch,log1p,1,2,0.12935974099152844,3.087767537417048,0.001
glucose,2,full_patch,log1p,1,3,0.09041517173479993,1.7228999259406308,0.001
glucose,2,full_patch,log1p,1,4,0.0926450062237802,1.7964711369022093,0.001
glucose,2,full_patch,log1p,1,5,0.0762435584682999,2.394216710002827,0.001
glucose,2,full_patch,log1p,1,6,0.06020078245111798,1.0971134777281417,0.001
glucose,2,full_patch,log1p,1,7,0.06570120864782354,1.2416007122166597,0.001
glucose,2,full_patch,log1p,1,8,0.05973743985999714,0.9829701315626971,0.001
glucose,2,full_patch,log1p,1,9,0.06391879643040158,1.3766509189580214,0.001
glucose,2,full_patch,log1p,1,10,0.06237443547068516,0.9220791977151876,0.001
glucose,2,full_patch,log1p,1,11,0.044382204630602315,1.2973265005174404,0.001
glucose,2,full_patch,log1p,1,12,0.049558223920545354,0.8764590027581679,0.001
glucose,2,full_patch,log1p,1,13,0.05242672020738775,0.9581824113645098,0.001
glucose,2,full_patch,log1p,1,14,0.05219726513199586,1.0295744457935079,0.001
glucose,2,full_patch,log1p,1,15,0.052971028452170055,1.1213224041609506,0.001
glucose,2,full_patch,log1p,1,16,0.042690933033846176,0.7229466333835242,0.001
glucose,2,full_patch,log1p,1,17,0.04402490761325363,0.8934584441787393,0.001
glucose,2,full_patch,log1p,1,18,0.06225298496654421,0.8508703125824003,0.001
glucose,2,full_patch,log1p,1,19,0.07095801921342063,1.0933845699178,0.001
glucose,2,full_patch,log1p,1,20,0.054716748281225185,0.7516874138810276,0.001
glucose,2,full_patch,log1p,1,21,0.043011647217453146,1.1128223043576966,0.001
glucose,2,full_patch,log1p,1,22,0.0616048281587627,1.223621024612181,0.001
glucose,2,full_patch,log1p,1,23,0.055298059395946085,1.0250560909859785,0.001
glucose,2,full_patch,log1p,1,24,0.048977870810582635,0.8820159179575401,0.0005
glucose,2,full_patch,log1p,1,25,0.045188796669022695,0.8449077984372199,0.0005
glucose,2,full_patch,log1p,1,26,0.04870750613499505,0.9031756615184139,0.0005
glucose,2,full_patch,log1p,1,27,0.04108507811312526,0.7375784694007895,0.0005
glucose,2,full_patch,log1p,1,28,0.03771503704382126,0.6420674823624327,0.0005
glucose,2,full_patch,log1p,1,29,0.037996826002210514,0.6666625996346794,0.0005
glucose,2,full_patch,log1p,1,30,0.03486586480377861,0.6025256222325986,0.0005
glucose,2,full_patch,log1p,1,31,0.030959355982156517,0.5817212037193964,0.0005
glucose,2,full_patch,log1p,1,32,0.03336585364158747,0.6930262948306105,0.0005
glucose,2,full_patch,log1p,1,33,0.037265102480345265,0.9952909992418594,0.0005
glucose,2,full_patch,log1p,1,34,0.03886494428563402,0.62026751788434,0.0005
glucose,2,full_patch,log1p,1,35,0.03831641978394079,0.844668820226076,0.0005
glucose,2,full_patch,log1p,1,36,0.031687684260008946,0.590722843956798,0.0005
glucose,2,full_patch,log1p,1,37,0.027758350323791297,0.5527868552303103,0.0005
glucose,2,full_patch,log1p,1,38,0.03900717419257107,0.7015717564479357,0.0005
glucose,2,full_patch,log1p,1,39,0.027794685819909397,0.6521038244276801,0.0005
glucose,2,full_patch,log1p,1,40,0.033792193657017675,0.5962785883300465,0.0005
glucose,2,full_patch,log1p,1,41,0.031573456435862665,0.6041431657307403,0.0005
glucose,2,full_patch,log1p,1,42,0.03271875178355352,0.5633660815325339,0.0005
glucose,2,full_patch,log1p,1,43,0.03190513529805064,0.5269701649255318,0.0005
glucose,2,full_patch,log1p,1,44,0.034369265735593534,0.6109241594335886,0.0005
glucose,2,full_patch,log1p,1,45,0.029729847825408516,0.7237891906390023,0.0005
glucose,2,full_patch,log1p,1,46,0.032685972805705406,0.4669975245185144,0.0005
glucose,2,full_patch,log1p,1,47,0.03154338112353568,0.5393220303376821,0.0005
glucose,2,full_patch,log1p,1,48,0.03555705097966152,0.5934575927649729,0.0005
glucose,2,full_patch,log1p,1,49,0.025449568222536415,0.5064008438281792,0.0005
glucose,2,full_patch,log1p,1,50,0.027408670534098022,0.7532857230808813,0.0005
glucose,2,full_patch,log1p,1,51,0.029641431085931917,0.5072320823569534,0.0005
glucose,2,full_patch,log1p,1,52,0.032414709230338054,0.637342444856221,0.0005
glucose,2,full_patch,log1p,1,53,0.03177849733549685,0.5252294012457099,0.0005
glucose,2,full_patch,log1p,1,54,0.02399943178539038,0.576402177770557,0.00025
glucose,2,full_patch,log1p,1,55,0.027436653904383657,0.47996669460566393,0.00025
glucose,2,full_patch,log1p,1,56,0.024911582053551554,0.4590378717909794,0.00025
glucose,2,full_patch,log1p,1,57,0.025245171434477794,0.5109534050788599,0.00025
glucose,2,full_patch,log1p,1,58,0.02441617209414345,0.6135963248653996,0.00025
glucose,2,full_patch,log1p,1,59,0.02558982166587951,0.4895284923546228,0.00025
glucose,2,full_patch,log1p,1,60,0.028300422980781816,0.5893895956657422,0.00025
glucose,2,full_patch,log1p,1,61,0.02977282223298635,0.5582622760271315,0.00025
glucose,2,full_patch,log1p,1,62,0.028277840590223827,0.446032968905206,0.00025
glucose,2,full_patch,log1p,1,63,0.02547298164707893,0.4647560044948625,0.00025
glucose,2,full_patch,log1p,1,64,0.022182523921109882,0.4773438266625631,0.00025
glucose,2,full_patch,log1p,1,65,0.0231657436259102,0.489074899107192,0.00025
glucose,2,full_patch,log1p,1,66,0.023183688687940646,0.4753943160690373,0.00025
glucose,2,full_patch,log1p,1,67,0.02400771567900561,0.4258916923243474,0.00025
glucose,2,full_patch,log1p,1,68,0.024900950991094736,0.49843769978134245,0.00025
glucose,2,full_patch,log1p,1,69,0.025815228508277374,0.6062203594149904,0.00025
glucose,2,full_patch,log1p,1,70,0.02685652174133302,0.4856498535484208,0.00025
glucose,2,full_patch,log1p,1,71,0.02513515501770284,0.43939689729159287,0.00025
glucose,2,full_patch,log1p,1,72,0.021088756487639578,0.4458714862394669,0.00025
glucose,2,full_patch,log1p,1,73,0.024621054255327242,0.49595859648239976,0.00025
glucose,2,full_patch,log1p,1,74,0.02518448357965836,0.5981402515422357,0.00025
glucose,2,full_patch,log1p,1,75,0.023141113616492816,0.43974821665352953,0.000125
glucose,2,full_patch,log1p,1,76,0.023189044556123844,0.5296536410663409,0.000125
glucose,2,full_patch,log1p,1,77,0.02475640297091487,0.4508255912569181,0.000125
glucose,2,full_patch,log1p,1,78,0.026030386510775626,0.5383357488443422,0.000125
glucose,2,full_patch,log1p,1,79,0.027979263044816016,0.4634577226678449,0.000125
glucose,2,full_patch,log1p,1,80,0.023829643782533584,0.4933283041181269,0.000125
glucose,2,full_patch,log1p,1,81,0.021972311166532883,0.45367268526347215,0.000125
glucose,2,full_patch,log1p,1,82,0.02059246158857459,0.46030625437581657,6.25e-05
glucose,2,full_patch,log1p,1,83,0.021520189724407324,0.45316971674897355,6.25e-05
glucose,2,full_patch,log1p,1,84,0.02215658975612433,0.4547000797587175,6.25e-05
glucose,2,full_patch,log1p,1,85,0.022035783467656098,0.4480964369658572,6.25e-05
glucose,3,roi_masked,raw,1,1,0.41501504529250893,5.24571956943326,0.001
glucose,3,roi_masked,raw,1,2,0.1306534959822227,4.25055189712512,0.001
glucose,3,roi_masked,raw,1,3,0.12004207046882939,3.2323852899677803,0.001
glucose,3,roi_masked,raw,1,4,0.13308194666079368,2.2735663281643927,0.001
glucose,3,roi_masked,raw,1,5,0.07846299163586337,1.659655248820355,0.001
glucose,3,roi_masked,raw,1,6,0.06259176216120159,0.8110812205443014,0.001
glucose,3,roi_masked,raw,1,7,0.05103727883691226,1.018624607460157,0.001
glucose,3,roi_masked,raw,1,8,0.06327808598381218,1.255368386525219,0.001
glucose,3,roi_masked,raw,1,9,0.06331572588949552,1.0091600346167007,0.001
glucose,3,roi_masked,raw,1,10,0.058685728716601555,0.7055593187134195,0.001
glucose,3,roi_masked,raw,1,11,0.04891682075317144,0.8194516356974982,0.001
glucose,3,roi_masked,raw,1,12,0.05368810383555786,0.7571643441257904,0.001
glucose,3,roi_masked,raw,1,13,0.04954863507328375,0.6841645458342903,0.001
glucose,3,roi_masked,raw,1,14,0.050744372113273324,1.2484501620300916,0.001
glucose,3,roi_masked,raw,1,15,0.04405386612130171,0.9627851095739444,0.001
glucose,3,roi_masked,raw,1,16,0.05248867764225127,0.6544494593931008,0.001
glucose,3,roi_masked,raw,1,17,0.04805980971979668,0.9682550057613836,0.001
glucose,3,roi_masked,raw,1,18,0.049607138297952234,0.5944601067544251,0.001
glucose,3,roi_masked,raw,1,19,0.042223814763850495,0.6836217625642891,0.001
glucose,3,roi_masked,raw,1,20,0.04837490685406278,0.8072103510139894,0.001
glucose,3,roi_masked,raw,1,21,0.05580377538762043,0.5655052177200427,0.001
glucose,3,roi_masked,raw,1,22,0.046440149478381154,1.0398891301528514,0.001
glucose,3,roi_masked,raw,1,23,0.05577892096138569,0.807788088888141,0.001
glucose,3,roi_masked,raw,1,24,0.042977662534965134,0.7693091512492064,0.001
glucose,3,roi_masked,raw,1,25,0.03641130882363916,0.652454430097543,0.001
glucose,3,roi_masked,raw,1,26,0.03888698110992614,0.8098089227160827,0.001
glucose,3,roi_masked,raw,1,27,0.04526906959079595,0.858755519810498,0.001
glucose,3,roi_masked,raw,1,28,0.04416400565031566,0.6805591037489098,0.001
glucose,3,roi_masked,raw,1,29,0.04029687958174064,0.6769483572177625,0.0005
glucose,3,roi_masked,raw,1,30,0.03646355708602999,0.7707899724834898,0.0005
glucose,3,roi_masked,raw,1,31,0.035709270455176356,0.5519676267686088,0.0005
glucose,3,roi_masked,raw,1,32,0.03841280238772291,0.6348920631249407,0.0005
glucose,3,roi_masked,raw,1,33,0.03635415395141625,0.6068547655090112,0.0005
glucose,3,roi_masked,raw,1,34,0.037585814584785,0.6049370105589694,0.0005
glucose,3,roi_masked,raw,1,35,0.040048969840150654,1.101608044867991,0.0005
glucose,3,roi_masked,raw,1,36,0.03748529398572338,0.5178482345182073,0.0005
glucose,3,roi_masked,raw,1,37,0.03474240692612755,0.6088695624959609,0.0005
glucose,3,roi_masked,raw,1,38,0.03176283860237694,0.7483881304212333,0.0005
glucose,3,roi_masked,raw,1,39,0.02914161314485503,0.6282767858552232,0.0005
glucose,3,roi_masked,raw,1,40,0.03325678371503705,0.5791959869263714,0.0005
glucose,3,roi_masked,raw,1,41,0.0327275464902514,0.5969611388805123,0.0005
glucose,3,roi_masked,raw,1,42,0.030067946981144556,0.5109900887022183,0.0005
glucose,3,roi_masked,raw,1,43,0.03195057369646479,0.5449189655812794,0.0005
glucose,3,roi_masked,raw,1,44,0.03378583488072617,0.6777634160728807,0.0005
glucose,3,roi_masked,raw,1,45,0.027242941862380275,0.6397232449857579,0.0005
glucose,3,roi_masked,raw,1,46,0.03285011819573522,0.5071209400239062,0.0005
glucose,3,roi_masked,raw,1,47,0.03573668566594891,0.6741638839346049,0.0005
glucose,3,roi_masked,raw,1,48,0.0322105143824384,0.6140935578818403,0.0005
glucose,3,roi_masked,raw,1,49,0.03154556332475293,0.7379679649229984,0.0005
glucose,3,roi_masked,raw,1,50,0.02980867216999236,0.5620775027563968,0.0005
glucose,3,roi_masked,raw,1,51,0.03879049402035651,0.8071309420539314,0.0005
glucose,3,roi_masked,raw,1,52,0.04773537052903552,0.620349514160634,0.0005
glucose,3,roi_masked,raw,1,53,0.04032704010938923,0.8687512489107565,0.0005
glucose,3,roi_masked,raw,1,54,0.035119264870993074,0.5589278262627975,0.00025
glucose,3,roi_masked,raw,1,55,0.027137267363053677,0.7161322945023048,0.00025
glucose,3,roi_masked,raw,1,56,0.027812438275826048,0.5112610063715954,0.00025
glucose,3,roi_masked,raw,1,57,0.027365438329214134,0.5602271311319509,0.00025
glucose,3,roi_masked,raw,1,58,0.028085142485075664,0.4634375172536834,0.00025
glucose,3,roi_masked,raw,1,59,0.029605299212182867,0.586635997487157,0.00025
glucose,3,roi_masked,raw,1,60,0.033675303069205645,0.5507856483591633,0.00025
glucose,3,roi_masked,raw,1,61,0.030662028504821477,0.5359723878172531,0.00025
glucose,3,roi_masked,raw,1,62,0.029257528406141767,0.4962179350702302,0.00025
glucose,3,roi_masked,raw,1,63,0.027584253498054653,0.5835289800828931,0.00025
glucose,3,roi_masked,raw,1,64,0.02843155532009378,0.5287140461408071,0.00025
glucose,3,roi_masked,raw,1,65,0.030466427202107477,0.5270164218457388,0.00025
glucose,3,roi_masked,raw,1,66,0.026944128449467718,0.5337094151441075,0.000125
glucose,3,roi_masked,raw,1,67,0.025364561114687857,0.5394302402552509,0.000125
glucose,3,roi_masked,raw,1,68,0.030132427603428304,0.5826704988379156,0.000125
glucose,3,roi_masked,raw,1,69,0.029158568878598433,0.5330982553112359,0.000125
glucose,3,roi_masked,raw,1,70,0.02706057201354763,0.5514634654409435,0.000125
glucose,3,roi_masked,raw,1,71,0.02678100321436337,0.5090722798152679,0.000125
glucose,3,roi_masked,raw,1,72,0.02566157988981856,0.4821246861647006,0.000125
glucose,3,roi_masked,raw,1,73,0.02841047705574469,0.5169142479491998,6.25e-05
glucose,3,roi_masked,raw,1,74,0.028002114092095597,0.5394745413582966,6.25e-05
glucose,3,roi_masked,raw,1,75,0.027305184084861003,0.4797380365223693,6.25e-05
glucose,3,roi_masked,raw,1,76,0.024255616124025402,0.543501362928417,6.25e-05
glucose,3,roi_masked,log1p,0,1,0.3501244812715249,4.770655277634376,0.001
glucose,3,roi_masked,log1p,0,2,0.09721399838140932,4.466914512490682,0.001
glucose,3,roi_masked,log1p,0,3,0.08170084198367755,3.7717915252948697,0.001
glucose,3,roi_masked,log1p,0,4,0.09287516831596633,3.2624603810488737,0.001
glucose,3,roi_masked,log1p,0,5,0.0660125760114495,1.3419685721691317,0.001
glucose,3,roi_masked,log1p,0,6,0.06834085875269909,1.6465172656282008,0.001
glucose,3,roi_masked,log1p,0,7,0.059468546418692425,1.161246371080079,0.001
glucose,3,roi_masked,log1p,0,8,0.073262759985405,1.3128948364432917,0.001
glucose,3,roi_masked,log1p,0,9,0.05985950514252246,0.9279600719133043,0.001
glucose,3,roi_masked,log1p,0,10,0.06861877752309763,0.9176394505015343,0.001
glucose,3,roi_masked,log1p,0,11,0.05273520916522704,1.2587940816311363,0.001
glucose,3,roi_masked,log1p,0,12,0.06498228579804012,0.927870965668864,0.001
glucose,3,roi_masked,log1p,0,13,0.061295441400409635,1.0744418929139752,0.001
glucose,3,roi_masked,log1p,0,14,0.06966326460686419,1.3051308948092748,0.001
glucose,3,roi_masked,log1p,0,15,0.0654318602491953,1.2362415779809686,0.001
glucose,3,roi_masked,log1p,0,16,0.048782889649338586,0.684558713412978,0.001
glucose,3,roi_masked,log1p,0,17,0.05127015455047171,0.783376794678288,0.001
glucose,3,roi_masked,log1p,0,18,0.04597976496207199,1.5094441363428073,0.001
glucose,3,roi_masked,log1p,0,19,0.04316713825290143,0.7046251353079078,0.001
glucose,3,roi_masked,log1p,0,20,0.04306717362426965,0.9164887085631107,0.001
glucose,3,roi_masked,log1p,0,21,0.05200978424039221,0.7980085858669933,0.001
glucose,3,roi_masked,log1p,0,22,0.044277906440054075,1.5719894668871577,0.001
glucose,3,roi_masked,log1p,0,23,0.04456400088188634,0.9844992503357077,0.001
glucose,3,roi_masked,log1p,0,24,0.037401839596637135,0.6038171117124654,0.0005
glucose,3,roi_masked,log1p,0,25,0.034857508827739254,0.6281806540338807,0.0005
glucose,3,roi_masked,log1p,0,26,0.03444293846449802,1.2859409712180057,0.0005
glucose,3,roi_masked,log1p,0,27,0.038884257611814445,0.8301901097185964,0.0005
glucose,3,roi_masked,log1p,0,28,0.037329749572028344,0.7267599555079127,0.0005
glucose,3,roi_masked,log1p,0,29,0.03640176283664746,0.9307483117464472,0.0005
glucose,3,roi_masked,log1p,0,30,0.036974117881583744,1.063855111370606,0.0005
glucose,3,roi_masked,log1p,0,31,0.03291551546428225,0.7957104690040647,0.0005
glucose,3,roi_masked,log1p,0,32,0.02944703727138913,0.6951340124365356,0.00025
glucose,3,roi_masked,log1p,0,33,0.03321159952465894,0.7357406965867568,0.00025
glucose,3,roi_masked,log1p,0,34,0.03137671622696115,0.6139208277174718,0.00025
glucose,3,roi_masked,log1p,0,35,0.028562219208314595,0.7637971328715953,0.00025
glucose,3,roi_masked,log1p,0,36,0.030220258231489917,0.7966704412716681,0.00025
glucose,3,roi_masked,log1p,0,37,0.035780648349738514,0.7690331273496561,0.00025
glucose,3,roi_masked,log1p,0,38,0.03144018177148482,0.6086575156247055,0.00025
glucose,3,roi_masked,log1p,0,39,0.03274349584598122,0.6570454573698769,0.000125
glucose,3,roi_masked,log1p,0,40,0.030766706797120822,0.7308015059203347,0.000125
glucose,3,roi_masked,log1p,0,41,0.030629029472520917,0.682197081693251,0.000125
glucose,3,roi_masked,log1p,0,42,0.03225061647738323,0.605732548892509,0.000125
glucose,3,full_patch,raw,0,1,0.43114848911273673,4.918287624218013,0.001
glucose,3,full_patch,raw,0,2,0.15827919676033822,3.461086784201311,0.001
glucose,3,full_patch,raw,0,3,0.1416243155404992,2.200005011704047,0.001
glucose,3,full_patch,raw,0,4,0.1195702606870414,1.5565922126225382,0.001
glucose,3,full_patch,raw,0,5,0.11150324498976397,1.4365691519271657,0.001
glucose,3,full_patch,raw,0,6,0.11591913635480244,2.7250952794201377,0.001
glucose,3,full_patch,raw,0,7,0.12044897724370487,1.4030710647547304,0.001
glucose,3,full_patch,raw,0,8,0.12010538023958973,1.3616999279703823,0.001
glucose,3,full_patch,raw,0,9,0.08100047351129008,1.0917584330650807,0.001
glucose,3,full_patch,raw,0,10,0.07727885115253233,0.8769875214851328,0.001
glucose,3,full_patch,raw,0,11,0.0708920388814234,0.9792568829824131,0.001
glucose,3,full_patch,raw,0,12,0.09126930359623293,0.9921513981437635,0.001
glucose,3,full_patch,raw,0,13,0.07659387526320274,0.8098024715047297,0.001
glucose,3,full_patch,raw,0,14,0.07073114294941842,0.7875589204391673,0.001
glucose,3,full_patch,raw,0,15,0.057484609226178485,0.9347141597691514,0.001
glucose,3,full_patch,raw,0,16,0.0788137491364948,0.9693004022574087,0.001
glucose,3,full_patch,raw,0,17,0.06524535295194023,0.970728097439817,0.001
glucose,3,full_patch,raw,0,18,0.05789184341576344,0.7450795411221733,0.001
glucose,3,full_patch,raw,0,19,0.07622418986791647,0.8268827151957953,0.001
glucose,3,full_patch,raw,0,20,0.07486705448694983,1.1842384094839438,0.001
glucose,3,full_patch,raw,0,21,0.07028976619110378,0.7533551713375896,0.001
glucose,3,full_patch,raw,0,22,0.05956144466574252,0.7799121259758579,0.001
glucose,3,full_patch,raw,0,23,0.06764603650472203,0.8031383161649721,0.001
glucose,3,full_patch,raw,0,24,0.05647967955105884,0.6790276950141547,0.001
glucose,3,full_patch,raw,0,25,0.059357928625695215,0.6894631322268201,0.001
glucose,3,full_patch,raw,0,26,0.048430295547278915,0.7342237986450726,0.001
glucose,3,full_patch,raw,0,27,0.04352513624663325,0.7855782552060702,0.001
glucose,3,full_patch,raw,0,28,0.04333395845133217,0.811044121900414,0.001
glucose,3,full_patch,raw,0,29,0.044261504902924936,0.6455906808831056,0.001
glucose,3,full_patch,raw,0,30,0.05553266186206067,0.6199053782604852,0.001
glucose,3,full_patch,raw,0,31,0.06338737573024945,0.8345885168508723,0.001
glucose,3,full_patch,raw,0,32,0.04811625235926376,1.249489244646052,0.001
glucose,3,full_patch,raw,0,33,0.04510984490396547,0.5936402788245857,0.001
glucose,3,full_patch,raw,0,34,0.05009946680104502,0.7444110533398457,0.001
glucose,3,full_patch,raw,0,35,0.046806257501266754,0.9411738854807571,0.001
glucose,3,full_patch,raw,0,36,0.04897745274806787,0.7130666838479818,0.001
glucose,3,full_patch,raw,0,37,0.04817898326099541,0.7853341411989739,0.001
glucose,3,full_patch,raw,0,38,0.035831311317896346,0.8443185723036554,0.001
glucose,3,full_patch,raw,0,39,0.0460996852463164,0.8662203043581396,0.001
glucose,3,full_patch,raw,0,40,0.042345236548279507,0.9087210425020267,0.001
glucose,3,full_patch,raw,0,41,0.049352992564750675,0.7565283399052258,0.0005
glucose,3,full_patch,raw,0,42,0.04061385478419092,0.6475118336655251,0.0005
glucose,3,full_patch,raw,0,43,0.038651621443859335,0.5382924529745534,0.0005
glucose,3,full_patch,raw,0,44,0.045235396736202936,0.6902918031752272,0.0005
glucose,3,full_patch,raw,0,45,0.037434432666676586,0.5789320665536928,0.0005
glucose,3,full_patch,raw,0,46,0.038061117006662884,0.5505868851712112,0.0005
glucose,3,full_patch,raw,0,47,0.04281938021888765,0.6649459637054275,0.0005
glucose,3,full_patch,raw,0,48,0.03659817586956898,0.6996191927566676,0.0005
glucose,3,full_patch,raw,0,49,0.039729684863333906,0.47334653694201945,0.0005
glucose,3,full_patch,raw,0,50,0.03284191306341778,0.6129211960700951,0.0005
glucose,3,full_patch,raw,0,51,0.03920972649835261,0.5982997156222595,0.0005
glucose,3,full_patch,raw,0,52,0.03375034620527361,0.560400648623428,0.0005
glucose,3,full_patch,raw,0,53,0.037807048083284396,0.7056854304589473,0.0005
glucose,3,full_patch,raw,0,54,0.04056604405318216,0.5687581265810707,0.0005
glucose,3,full_patch,raw,0,55,0.04022438129085364,0.666529106021248,0.0005
glucose,3,full_patch,raw,0,56,0.04106019228008394,0.6608931141634603,0.0005
glucose,3,full_patch,raw,0,57,0.02909502429102066,0.4541843530314601,0.00025
glucose,3,full_patch,raw,0,58,0.03470633594505211,0.45742418325709766,0.00025
glucose,3,full_patch,raw,0,59,0.037316671693378343,0.5518025018191639,0.00025
glucose,3,full_patch,raw,0,60,0.028208683337877474,0.5063344761753739,0.00025
glucose,3,full_patch,raw,0,61,0.03206783760722099,0.4772144998509262,0.00025
glucose,3,full_patch,raw,0,62,0.03144589338268413,0.48539950165408585,0.00025
glucose,3,full_patch,raw,0,63,0.03482756552587634,0.5230520237460361,0.00025
glucose,3,full_patch,raw,0,64,0.028953163483459086,0.6252808619044302,0.00025
glucose,3,full_patch,raw,0,65,0.032892779265315274,0.5002077961446777,0.000125
glucose,3,full_patch,raw,0,66,0.02768638458563745,0.47269225612206434,0.000125
glucose,3,full_patch,raw,0,67,0.03714477507072749,0.5196014158112857,0.000125
glucose,3,full_patch,raw,0,68,0.036571584586414956,0.4765880104660612,0.000125
glucose,3,full_patch,raw,0,69,0.037475738296876546,0.5095771137754042,0.000125
glucose,3,full_patch,raw,0,70,0.03218495603178901,0.45389236825558077,0.000125
glucose,3,full_patch,raw,0,71,0.025753802798921588,0.4712020874205809,0.000125
glucose,3,full_patch,raw,0,72,0.03288171732390158,0.483610643614768,0.000125
glucose,3,full_patch,raw,0,73,0.02934608811681921,0.5066838432199847,0.000125
glucose,3,full_patch,raw,0,74,0.03406746966428444,0.44501648065618565,0.000125
glucose,3,full_patch,raw,0,75,0.03173853615756895,0.4548223639163302,0.000125
glucose,3,full_patch,raw,0,76,0.033744375347735805,0.42690335293971043,0.000125
glucose,3,full_patch,raw,0,77,0.03601043036793277,0.4178855190955871,0.000125
glucose,3,full_patch,raw,0,78,0.0335757991523883,0.5400714116744519,0.000125
glucose,3,full_patch,raw,0,79,0.032063094474341934,0.44185631325650676,0.000125
glucose,3,full_patch,raw,0,80,0.03596952198359188,0.43855818959071446,0.000125
glucose,3,full_patch,raw,0,81,0.029658462513576855,0.4544587090922454,0.000125
glucose,3,full_patch,raw,0,82,0.03261528496704052,0.4681585337070503,0.000125
glucose,3,full_patch,raw,0,83,0.034470459818284845,0.4378992289472663,0.000125
glucose,3,full_patch,raw,0,84,0.02925983824157857,0.4676424675220874,0.000125
glucose,3,full_patch,raw,0,85,0.032863811685546855,0.4602481878724893,6.25e-05
glucose,3,full_patch,raw,0,86,0.026956939436883934,0.4314527086905267,6.25e-05
glucose,3,full_patch,raw,0,87,0.033388307726152255,0.4288369361806554,6.25e-05
glucose,3,full_patch,raw,0,88,0.02666481274517389,0.43132533910738496,6.25e-05
glucose,3,full_patch,raw,0,89,0.03338249310873304,0.4735219922834404,6.25e-05
glucose,3,full_patch,raw,0,90,0.02660121784813358,0.4542675278672233,6.25e-05
glucose,3,full_patch,raw,0,91,0.02783401838424664,0.41476004197906474,6.25e-05
glucose,3,full_patch,raw,0,92,0.028683560360472888,0.4212616391507984,6.25e-05
glucose,3,full_patch,raw,0,93,0.029030060626000123,0.4302621882913648,6.25e-05
glucose,3,full_patch,raw,0,94,0.02525687137765785,0.42859803103479827,6.25e-05
glucose,3,full_patch,raw,0,95,0.031061571888103746,0.4377810696479006,6.25e-05
glucose,3,full_patch,raw,0,96,0.027526266023450034,0.4290889410375993,6.25e-05
glucose,3,full_patch,raw,0,97,0.031098299994287478,0.43826361819823295,6.25e-05
glucose,3,full_patch,raw,0,98,0.028769116765429474,0.4321038140857993,6.25e-05
glucose,3,full_patch,raw,0,99,0.0278142952206149,0.4114582362807098,3.125e-05
glucose,3,full_patch,raw,0,100,0.026245492559076242,0.41458120415589833,3.125e-05
glucose,3,full_patch,raw,0,101,0.02434929950654107,0.41163757245893523,3.125e-05
glucose,3,full_patch,raw,0,102,0.0246735019539934,0.4102257492548494,3.125e-05
glucose,3,full_patch,raw,0,103,0.023701414799015143,0.45559480943339214,3.125e-05
glucose,3,full_patch,raw,0,104,0.02778375625121789,0.44628459911519797,3.125e-05
glucose,3,full_patch,raw,0,105,0.03073977094404566,0.4250831314570249,3.125e-05
glucose,3,full_patch,raw,0,106,0.025728394675738942,0.44561079657017866,3.125e-05
glucose,3,full_patch,raw,0,107,0.024344933989572985,0.43448880020729147,3.125e-05
glucose,3,full_patch,raw,0,108,0.03006175910185151,0.41691873900770365,3.125e-05
glucose,3,full_patch,raw,0,109,0.030971453965109967,0.4211863034946362,3.125e-05
glucose,3,full_patch,raw,0,110,0.02649202437629998,0.42117347867077887,1.5625e-05
glucose,3,full_patch,raw,0,111,0.02440879180827546,0.41772093401135996,1.5625e-05
glucose,3,full_patch,raw,0,112,0.02635453840726001,0.4159461691700853,1.5625e-05
glucose,3,full_patch,raw,0,113,0.02393167270500152,0.4113891083580956,1.5625e-05
glucose,3,full_patch,raw,0,114,0.02707721290474233,0.4086415303726279,1.5625e-05
glucose,3,full_patch,raw,0,115,0.025605814953385986,0.4188403370354514,1.5625e-05
glucose,3,full_patch,raw,0,116,0.02942552918293437,0.4110390221082914,1.5625e-05
glucose,3,full_patch,raw,0,117,0.028816520151766865,0.4257786966832185,1.5625e-05
glucose,3,full_patch,raw,0,118,0.03276841841560362,0.42072862954867174,1.5625e-05
glucose,3,full_patch,raw,0,119,0.026970419855080488,0.4040504396708177,1.5625e-05
glucose,3,full_patch,raw,0,120,0.024858145634525756,0.40470987474943904,1.5625e-05
glucose,3,full_patch,log1p,1,1,0.28623530306421696,4.4824252373748985,0.001
glucose,3,full_patch,log1p,1,2,0.10257751449120915,3.3625314507679067,0.001
glucose,3,full_patch,log1p,1,3,0.07849055465349675,2.0340203241572428,0.001
glucose,3,full_patch,log1p,1,4,0.08130173603886108,1.4860007066033247,0.001
glucose,3,full_patch,log1p,1,5,0.06727651772595909,1.4669152034545327,0.001
glucose,3,full_patch,log1p,1,6,0.06436686570882443,1.3168016943625154,0.001
glucose,3,full_patch,log1p,1,7,0.06620183964599974,1.2811390983332869,0.001
glucose,3,full_patch,log1p,1,8,0.06973708989501178,1.4690529240472285,0.001
glucose,3,full_patch,log1p,1,9,0.06486704260466174,1.1874596244134656,0.001
glucose,3,full_patch,log1p,1,10,0.06487015702507713,1.0937468340419374,0.001
glucose,3,full_patch,log1p,1,11,0.06144213030217479,1.4893358822977953,0.001
glucose,3,full_patch,log1p,1,12,0.046761206505284404,1.0543404957530296,0.001
glucose,3,full_patch,log1p,1,13,0.05285858159715479,1.9514227583424713,0.001
glucose,3,full_patch,log1p,1,14,0.07160746416107552,1.311096277960759,0.001
glucose,3,full_patch,log1p,1,15,0.05772218932071493,0.8624474830867821,0.001
glucose,3,full_patch,log1p,1,16,0.0621137437362074,0.9924189328498237,0.001
glucose,3,full_patch,log1p,1,17,0.05091097838232841,0.8392723654383439,0.001
glucose,3,full_patch,log1p,1,18,0.05395529862221236,0.9866692184366855,0.001
glucose,3,full_patch,log1p,1,19,0.059505677303152184,1.3222048830184023,0.001
glucose,3,full_patch,log1p,1,20,0.05275403662694371,0.8813089147687431,0.001
glucose,3,full_patch,log1p,1,21,0.051880378581461356,1.4903910670052993,0.001
glucose,3,full_patch,log1p,1,22,0.04398043322669767,0.9582278139856711,0.001
glucose,3,full_patch,log1p,1,23,0.049799706237237965,0.6282266053991421,0.001
glucose,3,full_patch,log1p,1,24,0.03896588617838619,1.0509521614220119,0.001
glucose,3,full_patch,log1p,1,25,0.0346936873658581,0.9531270062569245,0.001
glucose,3,full_patch,log1p,1,26,0.0384840489199993,0.6914223460871404,0.001
glucose,3,full_patch,log1p,1,27,0.03539266925854761,1.4526826114036133,0.001
glucose,3,full_patch,log1p,1,28,0.04139621389804938,1.324299884952866,0.001
glucose,3,full_patch,log1p,1,29,0.03519591980581845,0.5942441657147813,0.001
glucose,3,full_patch,log1p,1,30,0.03411548619121091,0.957900450429915,0.001
glucose,3,full_patch,log1p,1,31,0.037289768612864475,1.1179591433927285,0.001
glucose,3,full_patch,log1p,1,32,0.049676901714990104,1.7933195266215045,0.001
glucose,3,full_patch,log1p,1,33,0.03666151653636585,1.5886672408219698,0.001
glucose,3,full_patch,log1p,1,34,0.03894160608531999,1.8815842758425818,0.001
glucose,3,full_patch,log1p,1,35,0.03889077849652835,0.5605841786856232,0.001
glucose,3,full_patch,log1p,1,36,0.03578776133353593,0.9936325692351862,0.001
glucose,3,full_patch,log1p,1,37,0.046028461135179916,0.8518090129635773,0.001
glucose,3,full_patch,log1p,1,38,0.04609915000648861,1.8064664043017518,0.001
glucose,3,full_patch,log1p,1,39,0.04071148568500616,1.280198238806211,0.001
glucose,3,full_patch,log1p,1,40,0.0339311985562704,0.7879189877119154,0.001
glucose,3,full_patch,log1p,1,41,0.03605190924356307,0.5113141910728926,0.001
glucose,3,full_patch,log1p,1,42,0.031324096534806466,0.6395473577520204,0.001
glucose,3,full_patch,log1p,1,43,0.03634767966614217,1.337872891974863,0.001
glucose,3,full_patch,log1p,1,44,0.036159486944291705,0.6200840999235818,0.001
glucose,3,full_patch,log1p,1,45,0.03762184646419193,1.0098712806304064,0.001
glucose,3,full_patch,log1p,1,46,0.04698879529906634,0.670536054178356,0.001
glucose,3,full_patch,log1p,1,47,0.04263613132090931,1.2901344316040966,0.001
glucose,3,full_patch,log1p,1,48,0.03184831267897312,0.6841808184772691,0.001
glucose,3,full_patch,log1p,1,49,0.04051921720409713,0.5909533507877943,0.0005
glucose,3,full_patch,log1p,1,50,0.03637977354172978,0.545061680165409,0.0005
glucose,3,full_patch,log1p,1,51,0.03737570413134315,0.9545933439490358,0.0005
glucose,3,full_patch,log1p,1,52,0.031196212132312856,0.8333208662067679,0.0005
glucose,3,full_patch,log1p,1,53,0.027340281313360183,0.6162880497502384,0.0005
glucose,3,full_patch,log1p,1,54,0.03628255800800689,0.5981448694592628,0.0005
glucose,3,full_patch,log1p,1,55,0.026520247453193552,0.4434222505280232,0.0005
glucose,3,full_patch,log1p,1,56,0.027499289278235237,0.4952165397198204,0.0005
glucose,3,full_patch,log1p,1,57,0.025202317568633132,0.6566522290137061,0.0005
glucose,3,full_patch,log1p,1,58,0.027769477219055733,0.4821564501616894,0.0005
glucose,3,full_patch,log1p,1,59,0.029498121896883594,0.4775765697947504,0.0005
glucose,3,full_patch,log1p,1,60,0.02769597738026329,0.5680405884554997,0.0005
glucose,3,full_patch,log1p,1,61,0.03253881808164934,0.4557278974326289,0.0005
glucose,3,full_patch,log1p,1,62,0.024569403419018504,0.7956722664029668,0.0005
glucose,3,full_patch,log1p,1,63,0.024440067474648424,1.0231910208001016,0.00025
glucose,3,full_patch,log1p,1,64,0.02432285763612003,0.4802158049235818,0.00025
glucose,3,full_patch,log1p,1,65,0.02464183293638304,0.454654794013061,0.00025
glucose,3,full_patch,log1p,1,66,0.02488082546279967,0.6616993467768066,0.00025
glucose,3,full_patch,log1p,1,67,0.030316002605879893,0.5787871806577128,0.00025
glucose,3,full_patch,log1p,1,68,0.024889478207345158,0.42193723640514746,0.00025
glucose,3,full_patch,log1p,1,69,0.02366905178369513,0.3992457016872653,0.00025
glucose,3,full_patch,log1p,1,70,0.023435673719458004,0.4513119192942318,0.00025
glucose,3,full_patch,log1p,1,71,0.023034848195074568,0.44403179494985534,0.00025
glucose,3,full_patch,log1p,1,72,0.028278996410117597,0.8924672382548945,0.00025
glucose,3,full_patch,log1p,1,73,0.0228977752946617,0.4169968252368634,0.00025
glucose,3,full_patch,log1p,1,74,0.02526979781853815,0.4328482013773478,0.00025
glucose,3,full_patch,log1p,1,75,0.026811689762995423,0.39337666617446787,0.00025
glucose,3,full_patch,log1p,1,76,0.024208022725675394,0.4563209391819074,0.00025
glucose,3,full_patch,log1p,1,77,0.02317045085498544,0.3842490701947577,0.00025
glucose,3,full_patch,log1p,1,78,0.025537126629589745,0.49633573560142435,0.00025
glucose,3,full_patch,log1p,1,79,0.031085594866741253,0.4290963426901561,0.00025
glucose,3,full_patch,log1p,1,80,0.02801118386928797,0.5470616786213782,0.00025
glucose,3,full_patch,log1p,1,81,0.02639834757688859,0.4095758410463119,0.00025
glucose,3,full_patch,log1p,1,82,0.02626073128653443,0.4157131165838429,0.00025
glucose,3,full_patch,log1p,1,83,0.03226608643100087,0.45146032253556184,0.00025
glucose,3,full_patch,log1p,1,84,0.024634263771079513,0.6654541275691606,0.00025
glucose,3,full_patch,log1p,1,85,0.023916657075796682,0.6156792276331889,0.000125
glucose,3,full_patch,log1p,1,86,0.023073726951320907,0.39825661628601305,0.000125
glucose,3,full_patch,log1p,1,87,0.02302108105444162,0.3797986757002082,0.000125
glucose,3,full_patch,log1p,1,88,0.02451626109250789,0.5050761430495868,0.000125
glucose,3,full_patch,log1p,1,89,0.022258568852140545,0.43500622428512303,0.000125
glucose,3,full_patch,log1p,1,90,0.022267044037469454,0.44811182900326085,0.000125
glucose,3,full_patch,log1p,1,91,0.01968920888204333,0.40028200649703083,0.000125
glucose,3,full_patch,log1p,1,92,0.020854951652813418,0.3860946644613096,0.000125
glucose,3,full_patch,log1p,1,93,0.02126672715725913,0.42495249665232354,0.000125
glucose,3,full_patch,log1p,1,94,0.021830818936473033,0.5006062304648955,0.000125
glucose,3,full_patch,log1p,1,95,0.023885871243459103,0.4029156141050023,6.25e-05
glucose,3,full_patch,log1p,1,96,0.02932312244607688,0.4088990357397391,6.25e-05
glucose,3,full_patch,log1p,1,97,0.024498750105911057,0.4554679299872916,6.25e-05
glucose,3,full_patch,log1p,1,98,0.023532502550281994,0.3794254621529392,6.25e-05
glucose,3,full_patch,log1p,1,99,0.022484876953853757,0.4290917599391747,6.25e-05
glucose,3,full_patch,log1p,1,100,0.020734571928127866,0.3672738926490698,6.25e-05
glucose,3,full_patch,log1p,1,101,0.020596474595090317,0.38114947089295403,6.25e-05
glucose,3,full_patch,log1p,1,102,0.021332214796019027,0.40321155232572764,6.25e-05
glucose,3,full_patch,log1p,1,103,0.022521693278909086,0.3879646501271478,6.25e-05
glucose,3,full_patch,log1p,1,104,0.0215628117422855,0.3824426000967475,6.25e-05
glucose,3,full_patch,log1p,1,105,0.02266579212123964,0.561578375466452,6.25e-05
glucose,3,full_patch,log1p,1,106,0.02164616416612343,0.49192591698095994,6.25e-05
glucose,3,full_patch,log1p,1,107,0.02240925065717825,0.3999431273886094,6.25e-05
glucose,3,full_patch,log1p,1,108,0.01943114362990181,0.4422159846409008,3.125e-05
glucose,3,full_patch,log1p,1,109,0.019153131374703435,0.37266921378989265,3.125e-05
glucose,3,full_patch,log1p,1,110,0.02039540933525598,0.366568421121636,3.125e-05
glucose,3,full_patch,log1p,1,111,0.01940608020710874,0.3704738544788693,3.125e-05
glucose,3,full_patch,log1p,1,112,0.020917566062885317,0.36828525246941823,3.125e-05
glucose,3,full_patch,log1p,1,113,0.01875026806378418,0.37465511818149577,3.125e-05
glucose,3,full_patch,log1p,1,114,0.020790722529263683,0.35916278942195645,3.125e-05
glucose,3,full_patch,log1p,1,115,0.022123272837474166,0.38777709365714946,3.125e-05
glucose,3,full_patch,log1p,1,116,0.020816219265499165,0.3601061134511895,3.125e-05
glucose,3,full_patch,log1p,1,117,0.021595393475450454,0.3667142547984021,3.125e-05
glucose,3,full_patch,log1p,1,118,0.021489357722898176,0.3739230963079908,3.125e-05
glucose,3,full_patch,log1p,1,119,0.018832043029823175,0.3962362831958274,3.125e-05
glucose,3,full_patch,log1p,1,120,0.02235400049368422,0.41028482846107495,3.125e-05
glucose,4,roi_masked,raw,0,1,0.38599726888621794,4.96623762860617,0.001
glucose,4,roi_masked,raw,0,2,0.13164066129132285,4.140666157738753,0.001
glucose,4,roi_masked,raw,0,3,0.11019611443030675,3.0611946340348966,0.001
glucose,4,roi_masked,raw,0,4,0.11245944604677344,2.354256546935677,0.001
glucose,4,roi_masked,raw,0,5,0.09558046499236686,1.5180555963004685,0.001
glucose,4,roi_masked,raw,0,6,0.07682641538973181,1.750764077230003,0.001
glucose,4,roi_masked,raw,0,7,0.08979069674734565,1.1765666146584404,0.001
glucose,4,roi_masked,raw,0,8,0.09401211890929147,0.8924463002690803,0.001
glucose,4,roi_masked,raw,0,9,0.06830792947382223,0.9367947824465014,0.001
glucose,4,roi_masked,raw,0,10,0.06350499844586618,1.2979244755275365,0.001
glucose,4,roi_masked,raw,0,11,0.06341440916261268,0.8850827137156614,0.001
glucose,4,roi_masked,raw,0,12,0.06065455560979118,0.6906658876295105,0.001
glucose,4,roi_masked,raw,0,13,0.06343485307275983,0.8582746037706888,0.001
glucose,4,roi_masked,raw,0,14,0.05411265693860331,0.9094450436391167,0.001
glucose,4,roi_masked,raw,0,15,0.047286507897023475,0.8458118006694452,0.001
glucose,4,roi_masked,raw,0,16,0.05567453373029228,0.9751388382033691,0.001
glucose,4,roi_masked,raw,0,17,0.053798342526136675,0.8823498842255248,0.001
glucose,4,roi_masked,raw,0,18,0.051873005948816435,0.738346093877287,0.001
glucose,4,roi_masked,raw,0,19,0.0456199758476543,0.7639181793574367,0.001
glucose,4,roi_masked,raw,0,20,0.05045878957129804,0.8356481505492465,0.0005
glucose,4,roi_masked,raw,0,21,0.042926504947078566,0.8067713259494741,0.0005
glucose,4,roi_masked,raw,0,22,0.03775697642862352,0.7711929779699812,0.0005
glucose,4,roi_masked,raw,0,23,0.043277095664631234,0.8775037587942598,0.0005
glucose,4,roi_masked,raw,0,24,0.043772517480011666,0.6050240742473263,0.0005
glucose,4,roi_masked,raw,0,25,0.03940358175583817,0.59935287795369,0.0005
glucose,4,roi_masked,raw,0,26,0.03639816063638061,0.7838517589124995,0.0005
glucose,4,roi_masked,raw,0,27,0.05254740580561086,0.5503742810732267,0.0005
glucose,4,roi_masked,raw,0,28,0.04382784838403746,0.7446392203573269,0.0005
glucose,4,roi_masked,raw,0,29,0.04193912594733224,0.6187815418839535,0.0005
glucose,4,roi_masked,raw,0,30,0.041704370116956546,0.7339901076263021,0.0005
glucose,4,roi_masked,raw,0,31,0.03491212192772931,0.6712206092203578,0.0005
glucose,4,roi_masked,raw,0,32,0.03348307531943264,0.5568136775529001,0.0005
glucose,4,roi_masked,raw,0,33,0.03279705939123243,0.6306384864185265,0.0005
glucose,4,roi_masked,raw,0,34,0.037665886748942994,0.5595617176698223,0.0005
glucose,4,roi_masked,raw,0,35,0.03765334278322901,0.7025646023451969,0.00025
glucose,4,roi_masked,raw,0,36,0.031715553173387284,0.49725449879006756,0.00025
glucose,4,roi_masked,raw,0,37,0.036075264026706515,0.6113199035741402,0.00025
glucose,4,roi_masked,raw,0,38,0.03388542906227126,0.5049681283870325,0.00025
glucose,4,roi_masked,raw,0,39,0.03352747681021868,0.5312719786734612,0.00025
glucose,4,roi_masked,raw,0,40,0.03542969391393946,0.5221729805517075,0.00025
glucose,4,roi_masked,raw,0,41,0.031019245175819637,0.4695549876527086,0.00025
glucose,4,roi_masked,raw,0,42,0.030809209627916844,0.5928298613706168,0.00025
glucose,4,roi_masked,raw,0,43,0.03294887905038238,0.5291705126693562,0.00025
glucose,4,roi_masked,raw,0,44,0.031168141961652903,0.524561170496518,0.00025
glucose,4,roi_masked,raw,0,45,0.032177079963080044,0.6318957709250669,0.00025
glucose,4,roi_masked,raw,0,46,0.03256975817764747,0.5147513127188458,0.00025
glucose,4,roi_masked,raw,0,47,0.030848144496695297,0.531793589795632,0.00025
glucose,4,roi_masked,raw,0,48,0.036711932058639034,0.5120720758086926,0.00025
glucose,4,roi_masked,raw,0,49,0.028877266184406024,0.5217540097132612,0.000125
glucose,4,roi_masked,raw,0,50,0.028425663781814534,0.5006385254422466,0.000125
glucose,4,roi_masked,raw,0,51,0.03201650199098665,0.4919426075901315,0.000125
glucose,4,roi_masked,raw,0,52,0.028352790635673194,0.5022541460194199,0.000125
glucose,4,roi_masked,raw,0,53,0.02449573274984978,0.49398854939240366,0.000125
glucose,4,roi_masked,raw,0,54,0.02747927707149446,0.48250435787991447,0.000125
glucose,4,roi_masked,raw,0,55,0.02924555912058684,0.5453017753121988,0.000125
glucose,4,roi_masked,raw,0,56,0.027155222164414235,0.48162099495397964,6.25e-05
glucose,4,roi_masked,raw,0,57,0.02818763606949819,0.47267401312620494,6.25e-05
glucose,4,roi_masked,raw,0,58,0.02848647355522555,0.5896375016901646,6.25e-05
glucose,4,roi_masked,raw,0,59,0.031289038838244056,0.49013351495577934,6.25e-05
glucose,4,roi_masked,log1p,1,1,0.2541384304333728,4.678724515867378,0.001
glucose,4,roi_masked,log1p,1,2,0.10408430210080126,4.240956094542564,0.001
glucose,4,roi_masked,log1p,1,3,0.07300420596795892,3.7034004161883236,0.001
glucose,4,roi_masked,log1p,1,4,0.09163025318021746,2.7158392218077716,0.001
glucose,4,roi_masked,log1p,1,5,0.07000887750380086,2.5497160833255363,0.001
glucose,4,roi_masked,log1p,1,6,0.07808598200894681,2.008001268515663,0.001
glucose,4,roi_masked,log1p,1,7,0.05582322822064827,1.5294522289966856,0.001
glucose,4,roi_masked,log1p,1,8,0.07106739103838512,1.9774339293565035,0.001
glucose,4,roi_masked,log1p,1,9,0.08026307057339459,1.0628927546062155,0.001
glucose,4,roi_masked,log1p,1,10,0.06634874446470229,1.1338781050396298,0.001
glucose,4,roi_masked,log1p,1,11,0.061728876200678094,1.1579593412441218,0.001
glucose,4,roi_masked,log1p,1,12,0.04927602292617281,0.935660823852,0.001
glucose,4,roi_masked,log1p,1,13,0.051184210365557634,0.9988145116627869,0.001
glucose,4,roi_masked,log1p,1,14,0.047767251063743396,1.076452394474968,0.001
glucose,4,roi_masked,log1p,1,15,0.042416293765300254,0.812154300654791,0.001
glucose,4,roi_masked,log1p,1,16,0.04558431553125559,1.0963991979563263,0.001
glucose,4,roi_masked,log1p,1,17,0.04206100438239855,0.9404240988769601,0.001
glucose,4,roi_masked,log1p,1,18,0.0402165208728054,0.9727114277834239,0.001
glucose,4,roi_masked,log1p,1,19,0.05784476840460531,1.382302214768547,0.001
glucose,4,roi_masked,log1p,1,20,0.05009387654492468,0.9638406489352804,0.001
glucose,4,roi_masked,log1p,1,21,0.046770531151182786,1.3188430112463563,0.001
glucose,4,roi_masked,log1p,1,22,0.04530045017322467,1.19356332248293,0.001
glucose,4,roi_masked,log1p,1,23,0.045045428000246183,1.0452415714170669,0.0005
glucose,4,roi_masked,log1p,1,24,0.049722683217637405,1.2961506473311464,0.0005
glucose,4,roi_masked,log1p,1,25,0.03495451092342506,0.6106378201568515,0.0005
glucose,4,roi_masked,log1p,1,26,0.03678847657830278,0.735896121880295,0.0005
glucose,4,roi_masked,log1p,1,27,0.03897366157542753,0.6036241984366189,0.0005
glucose,4,roi_masked,log1p,1,28,0.037886058647968374,0.6111841561118413,0.0005
glucose,4,roi_masked,log1p,1,29,0.03894831333448208,1.4113316677470884,0.0005
glucose,4,roi_masked,log1p,1,30,0.03465075708159569,0.9132883633089548,0.0005
glucose,4,roi_masked,log1p,1,31,0.03921456260248552,1.020198695647138,0.0005
glucose,4,roi_masked,log1p,1,32,0.033237647670480784,0.8647080336210863,0.0005
glucose,4,roi_masked,log1p,1,33,0.03662304811723719,0.7578657910551322,0.0005
glucose,4,roi_masked,log1p,1,34,0.032125404118470036,1.016452171414291,0.0005
glucose,4,roi_masked,log1p,1,35,0.032718131543538254,0.5148171462246756,0.00025
glucose,4,roi_masked,log1p,1,36,0.03324576090305111,0.7124799352233372,0.00025
glucose,4,roi_masked,log1p,1,37,0.02905404366186408,0.6261210022428185,0.00025
glucose,4,roi_masked,log1p,1,38,0.03341552262900927,0.799464478223842,0.00025
glucose,4,roi_masked,log1p,1,39,0.02978677435288131,0.552640075368126,0.00025
glucose,4,roi_masked,log1p,1,40,0.029879226847572583,0.5167992307593645,0.00025
glucose,4,roi_masked,log1p,1,41,0.03378439596375303,1.331146186297656,0.00025
glucose,4,roi_masked,log1p,1,42,0.032606139080945944,0.7204876588099267,0.00025
glucose,4,roi_masked,log1p,1,43,0.030118806096107523,0.5325081571165925,0.000125
glucose,4,roi_masked,log1p,1,44,0.030008856265426747,0.629366556598606,0.000125
glucose,4,roi_masked,log1p,1,45,0.027925216127880993,0.5573754064543519,0.000125
glucose,4,roi_masked,log1p,1,46,0.02833175847942534,0.627513278331314,0.000125
glucose,4,roi_masked,log1p,1,47,0.028959235623367854,0.6781922909047053,0.000125
glucose,4,roi_masked,log1p,1,48,0.026799113557697585,0.6234441772564828,0.000125
glucose,4,roi_masked,log1p,1,49,0.03108487850618611,0.49196999836537747,0.000125
glucose,4,roi_masked,log1p,1,50,0.028612746707206777,0.6910670425541035,0.000125
glucose,4,roi_masked,log1p,1,51,0.029693965129720827,0.459136256165611,0.000125
glucose,4,roi_masked,log1p,1,52,0.02583910210610502,0.7497854633095122,0.000125
glucose,4,roi_masked,log1p,1,53,0.028849350244095535,0.45605380521180633,0.000125
glucose,4,roi_masked,log1p,1,54,0.02846222513267873,0.7027588934102293,0.000125
glucose,4,roi_masked,log1p,1,55,0.028404579010699083,0.47985745971307253,0.000125
glucose,4,roi_masked,log1p,1,56,0.0279601331961226,0.615843422437432,0.000125
glucose,4,roi_masked,log1p,1,57,0.029199548748539743,0.6161794508523827,0.000125
glucose,4,roi_masked,log1p,1,58,0.027397193139538326,0.4811109927525703,0.000125
glucose,4,roi_masked,log1p,1,59,0.028748373188711315,0.6530539067428051,0.000125
glucose,4,roi_masked,log1p,1,60,0.028616772922957886,0.4618988071406282,0.000125
glucose,4,roi_masked,log1p,1,61,0.025552409349894913,0.495558369591839,6.25e-05
glucose,4,roi_masked,log1p,1,62,0.029205306637171663,0.5402207238944139,6.25e-05
glucose,4,roi_masked,log1p,1,63,0.027193159764374423,0.4751497121932615,6.25e-05
glucose,4,roi_masked,log1p,1,64,0.02642694916215277,0.643595581698181,6.25e-05
glucose,4,roi_masked,log1p,1,65,0.027866163153628835,0.5004483034010191,6.25e-05
glucose,4,roi_masked,log1p,1,66,0.029771083810445804,0.5738188852951804,6.25e-05
glucose,4,roi_masked,log1p,1,67,0.026543024336105843,0.5933200600246124,6.25e-05
glucose,4,roi_masked,log1p,1,68,0.026422289340311298,0.5836598936912357,3.125e-05
glucose,4,roi_masked,log1p,1,69,0.02942337695337088,0.5632713714607224,3.125e-05
glucose,4,roi_masked,log1p,1,70,0.026177333687305807,0.6801055342708776,3.125e-05
glucose,4,roi_masked,log1p,1,71,0.02650905578451345,0.5831595331037209,3.125e-05
glucose,4,full_patch,raw,1,1,0.2890066067881094,4.327570023103476,0.001
glucose,4,full_patch,raw,1,2,0.1393080203281785,2.631072798655097,0.001
glucose,4,full_patch,raw,1,3,0.125361903769071,1.8057285298288124,0.001
glucose,4,full_patch,raw,1,4,0.11014743091541325,1.2692449618897568,0.001
glucose,4,full_patch,raw,1,5,0.09551516260768546,1.5733060871310065,0.001
glucose,4,full_patch,raw,1,6,0.10227592280564828,1.354791876267867,0.001
glucose,4,full_patch,raw,1,7,0.06823201350945474,1.033268383024391,0.001
glucose,4,full_patch,raw,1,8,0.08188476883174765,1.0427205077194834,0.001
glucose,4,full_patch,raw,1,9,0.060523612655132966,1.8420209773035465,0.001
glucose,4,full_patch,raw,1,10,0.0978703020382034,1.243951567826966,0.001
glucose,4,full_patch,raw,1,11,0.06752730640631319,0.8473201460951606,0.001
glucose,4,full_patch,raw,1,12,0.06129649185454792,0.6487256777574764,0.001
glucose,4,full_patch,raw,1,13,0.04523687885210873,0.9871723814569742,0.001
glucose,4,full_patch,raw,1,14,0.05949720503809555,1.3214198443220797,0.001
glucose,4,full_patch,raw,1,15,0.052553752184624825,0.8235757842449936,0.001
glucose,4,full_patch,raw,1,16,0.0503260910833024,0.7886158238033961,0.001
glucose,4,full_patch,raw,1,17,0.05702445390682817,1.1651964323494086,0.001
glucose,4,full_patch,raw,1,18,0.05488620304270757,1.2274407736964799,0.001
glucose,4,full_patch,raw,1,19,0.05152519756786514,0.7170854269165471,0.001
glucose,4,full_patch,raw,1,20,0.03649778492282382,0.7599982303289426,0.0005
glucose,4,full_patch,raw,1,21,0.039760532648748154,0.6970471853440366,0.0005
glucose,4,full_patch,raw,1,22,0.03562839676510826,0.7937082560848985,0.0005
glucose,4,full_patch,raw,1,23,0.03998890690139083,1.0138546580414625,0.0005
glucose,4,full_patch,raw,1,24,0.04318766549351762,0.5513278614067606,0.0005
glucose,4,full_patch,raw,1,25,0.03514969925189338,0.5730267489535424,0.0005
glucose,4,full_patch,raw,1,26,0.0376087098469855,0.7309090535063429,0.0005
glucose,4,full_patch,raw,1,27,0.039894245934135514,0.4863865793397773,0.0005
glucose,4,full_patch,raw,1,28,0.034340027564284344,0.4964972715264631,0.0005
glucose,4,full_patch,raw,1,29,0.037396329437034144,0.9913087332727823,0.0005
glucose,4,full_patch,raw,1,30,0.0430183091940672,0.6275255465521613,0.0005
glucose,4,full_patch,raw,1,31,0.04295626132792048,0.6001833835401943,0.0005
glucose,4,full_patch,raw,1,32,0.03271122527171354,0.6563300814012129,0.0005
glucose,4,full_patch,raw,1,33,0.03712678711789198,0.6470969414516016,0.0005
glucose,4,full_patch,raw,1,34,0.03607471595933292,0.7104531019031526,0.0005
glucose,4,full_patch,raw,1,35,0.027418330089701272,0.46442104634210324,0.00025
glucose,4,full_patch,raw,1,36,0.028855669963133317,0.48181688967879627,0.00025
glucose,4,full_patch,raw,1,37,0.029042119596114635,0.5105618747322542,0.00025
glucose,4,full_patch,raw,1,38,0.0327774259551871,0.6057418520335588,0.00025
glucose,4,full_patch,raw,1,39,0.028720815692391197,0.7241596353973421,0.00025
glucose,4,full_patch,raw,1,40,0.028281146802019257,0.4677375194862324,0.00025
glucose,4,full_patch,raw,1,41,0.03207629696423002,0.47074301881496333,0.00025
glucose,4,full_patch,raw,1,42,0.026544938288662365,0.5056425386867637,0.00025
glucose,4,full_patch,raw,1,43,0.028277510013736663,0.4410143508189993,0.000125
glucose,4,full_patch,raw,1,44,0.027953858302709064,0.4808637461915428,0.000125
glucose,4,full_patch,raw,1,45,0.026936882995790768,0.48975196420976846,0.000125
glucose,4,full_patch,raw,1,46,0.027431040913443984,0.5235647087904577,0.000125
glucose,4,full_patch,raw,1,47,0.02832217788221051,0.4934530192542404,0.000125
glucose,4,full_patch,raw,1,48,0.03585911432528194,0.5500197576635579,0.000125
glucose,4,full_patch,raw,1,49,0.028593668078479042,0.5403958878170585,0.000125
glucose,4,full_patch,raw,1,50,0.02711280001169168,0.43188035978714434,0.000125
glucose,4,full_patch,raw,1,51,0.0291893019683759,0.42583070080333,0.000125
glucose,4,full_patch,raw,1,52,0.029415332696965484,0.4668968991701903,0.000125
glucose,4,full_patch,raw,1,53,0.028073346444951085,0.49552037645575825,0.000125
glucose,4,full_patch,raw,1,54,0.02634120639274799,0.45927470785769414,0.000125
glucose,4,full_patch,raw,1,55,0.024290765795284875,0.42810650742702294,0.000125
glucose,4,full_patch,raw,1,56,0.024144049506251396,0.47084761545714715,0.000125
glucose,4,full_patch,raw,1,57,0.023503429304958277,0.45850354711663127,0.000125
glucose,4,full_patch,raw,1,58,0.025490805379013725,0.4177030986597608,0.000125
glucose,4,full_patch,raw,1,59,0.030679317266193124,0.4273475304986183,0.000125
glucose,4,full_patch,raw,1,60,0.02798957825706364,0.47460806121633164,0.000125
glucose,4,full_patch,raw,1,61,0.026690452463713914,0.4078474893363259,0.000125
glucose,4,full_patch,raw,1,62,0.027040749277514247,0.4625871809594242,0.000125
glucose,4,full_patch,raw,1,63,0.026268563752413772,0.47597764141564286,0.000125
glucose,4,full_patch,raw,1,64,0.02549192053439365,0.41766769032217077,0.000125
glucose,4,full_patch,raw,1,65,0.023623935456336342,0.4678663143214091,0.000125
glucose,4,full_patch,raw,1,66,0.02483011350790719,0.4919824866884841,0.000125
glucose,4,full_patch,raw,1,67,0.02609067411063414,0.585137139830775,0.000125
glucose,4,full_patch,raw,1,68,0.024657451640675745,0.40054272459474993,0.000125
glucose,4,full_patch,raw,1,69,0.020779005239333195,0.4329018848326829,0.000125
glucose,4,full_patch,raw,1,70,0.022760954192782658,0.4227195649910428,0.000125
glucose,4,full_patch,raw,1,71,0.02184917575689435,0.42411554780010086,0.000125
glucose,4,full_patch,raw,1,72,0.024420111161141744,0.5033735153392617,0.000125
glucose,4,full_patch,raw,1,73,0.02434292091431454,0.5851190860652259,0.000125
glucose,4,full_patch,raw,1,74,0.027752328812576353,0.4920457659221691,0.000125
glucose,4,full_patch,raw,1,75,0.025117303215622368,0.5225298985387662,0.000125
glucose,4,full_patch,raw,1,76,0.02679154279346171,0.43205610699645214,6.25e-05
glucose,4,full_patch,raw,1,77,0.02122288407694032,0.422442437387361,6.25e-05
glucose,4,full_patch,raw,1,78,0.0229753815442679,0.40525611569426156,6.25e-05
glucose,4,full_patch,raw,1,79,0.022978909288695424,0.4004912113519527,6.25e-05
glucose,4,full_patch,raw,1,80,0.01981957350342622,0.41017404598640395,6.25e-05
glucose,4,full_patch,raw,1,81,0.02366799740717592,0.45660621063878337,6.25e-05
glucose,4,full_patch,raw,1,82,0.021418007448781976,0.44702621977229806,6.25e-05
glucose,4,full_patch,raw,1,83,0.02697952013968,0.41415645223069664,6.25e-05
glucose,4,full_patch,raw,1,84,0.021528254475461212,0.42573081950963554,6.25e-05
glucose,4,full_patch,raw,1,85,0.02165534964938899,0.43765492310621146,6.25e-05
glucose,4,full_patch,raw,1,86,0.02563113269802799,0.4306028541156723,6.25e-05
glucose,4,full_patch,raw,1,87,0.02389916865329984,0.4205869679131391,3.125e-05
glucose,4,full_patch,raw,1,88,0.02374951077566861,0.4302441867731703,3.125e-05
glucose,4,full_patch,raw,1,89,0.022847375906060067,0.41113736006130674,3.125e-05
glucose,4,full_patch,raw,1,90,0.01991835222392164,0.4118449148024677,3.125e-05
glucose,4,full_patch,raw,1,91,0.020657941107756157,0.41137869152170103,3.125e-05
glucose,4,full_patch,raw,1,92,0.021190343674511027,0.41713141307582086,3.125e-05
glucose,4,full_patch,raw,1,93,0.02105456344427988,0.4397199538516477,3.125e-05
glucose,4,full_patch,raw,1,94,0.022782297574549956,0.4235108811960874,1.5625e-05
glucose,4,full_patch,raw,1,95,0.022582710322253573,0.42914160402318247,1.5625e-05
glucose,4,full_patch,raw,1,96,0.020303186405333518,0.4094169006734022,1.5625e-05
glucose,4,full_patch,raw,1,97,0.022511510766942702,0.4004783291057629,1.5625e-05
glucose,4,full_patch,raw,1,98,0.019248425988300014,0.4056887168167457,1.5625e-05
glucose,4,full_patch,raw,1,99,0.02219868614026047,0.4155978473013976,1.5625e-05
glucose,4,full_patch,raw,1,100,0.022762108055649856,0.42392998518090724,1.5625e-05
glucose,4,full_patch,raw,1,101,0.022502944206516363,0.41695560293234446,1e-05
glucose,4,full_patch,raw,1,102,0.02209593325953281,0.41420672529624536,1e-05
glucose,4,full_patch,raw,1,103,0.02315655690458244,0.4052530308689119,1e-05
glucose,4,full_patch,raw,1,104,0.020399171292737415,0.42308872218793314,1e-05
glucose,4,full_patch,raw,1,105,0.023342297150130243,0.41274505865397193,1e-05
glucose,4,full_patch,raw,1,106,0.019748551664171648,0.4130276306860189,1e-05
glucose,4,full_patch,raw,1,107,0.021896045541199238,0.41166263194519104,1e-05
glucose,4,full_patch,raw,1,108,0.024278317707217396,0.41442829396658093,1e-05
glucose,4,full_patch,raw,1,109,0.024136134856359702,0.43313815814429335,1e-05
glucose,4,full_patch,raw,1,110,0.02116855500951609,0.418108867453846,1e-05
glucose,4,full_patch,raw,1,111,0.025425187827000498,0.41590513229788173,1e-05
glucose,4,full_patch,raw,1,112,0.024275456623197845,0.4160803420846078,1e-05
glucose,4,full_patch,raw,1,113,0.021493160708539533,0.40288734272948995,1e-05
glucose,4,full_patch,raw,1,114,0.02445656423708188,0.4185389866378175,1e-05
glucose,4,full_patch,raw,1,115,0.02031309966236664,0.4119501701183213,1e-05
glucose,4,full_patch,log1p,0,1,0.26037625228950056,4.9443855890978865,0.001
glucose,4,full_patch,log1p,0,2,0.10580038850024986,4.336867812514376,0.001
glucose,4,full_patch,log1p,0,3,0.0784989046446435,2.544164827257965,0.001
glucose,4,full_patch,log1p,0,4,0.07486652438535775,2.0525158181848138,0.001
glucose,4,full_patch,log1p,0,5,0.07788095950813834,1.607955950086616,0.001
glucose,4,full_patch,log1p,0,6,0.05883716872925197,1.905348762597241,0.001
glucose,4,full_patch,log1p,0,7,0.07111755636383275,1.1864478757802595,0.001
glucose,4,full_patch,log1p,0,8,0.04959401443889351,0.9402235981644048,0.001
glucose,4,full_patch,log1p,0,9,0.0699600464540871,0.9541270700935157,0.001
glucose,4,full_patch,log1p,0,10,0.06221436990089104,0.9046909044094801,0.001
glucose,4,full_patch,log1p,0,11,0.06716035813337466,1.1242876740203065,0.001
glucose,4,full_patch,log1p,0,12,0.048436635941400255,1.0334483809880377,0.001
glucose,4,full_patch,log1p,0,13,0.06830831144099442,0.8975207546295253,0.001
glucose,4,full_patch,log1p,0,14,0.05142359572133791,1.1951884275315985,0.001
glucose,4,full_patch,log1p,0,15,0.051608587530526245,0.9405167404178567,0.001
glucose,4,full_patch,log1p,0,16,0.04696284747514568,0.9802284692918558,0.001
glucose,4,full_patch,log1p,0,17,0.04836650316266207,1.2361186498032088,0.001
glucose,4,full_patch,log1p,0,18,0.04318159385049929,1.0294761367801302,0.001
glucose,4,full_patch,log1p,0,19,0.047267992576881246,0.7648964148659203,0.001
glucose,4,full_patch,log1p,0,20,0.035765219529765906,1.028829667816462,0.001
glucose,4,full_patch,log1p,0,21,0.0456929772137352,0.9436287322686522,0.001
glucose,4,full_patch,log1p,0,22,0.04906321057686152,1.7000673773697967,0.001
glucose,4,full_patch,log1p,0,23,0.03795379371938869,1.534837807041822,0.001
glucose,4,full_patch,log1p,0,24,0.049009816990346386,1.324316991355125,0.001
glucose,4,full_patch,log1p,0,25,0.03833877526767741,1.1567701119792992,0.001
glucose,4,full_patch,log1p,0,26,0.047238186429269975,1.5144769259284419,0.001
glucose,4,full_patch,log1p,0,27,0.044152599444332495,0.7208556252882037,0.0005
glucose,4,full_patch,log1p,0,28,0.03994192091967416,1.0512504557674787,0.0005
glucose,4,full_patch,log1p,0,29,0.037833147603135706,0.8359602166228025,0.0005
glucose,4,full_patch,log1p,0,30,0.03819791396910494,0.6813924074035633,0.0005
glucose,4,full_patch,log1p,0,31,0.03138189800028119,0.630959787198398,0.0005
glucose,4,full_patch,log1p,0,32,0.037017208181221686,0.735532121686015,0.0005
glucose,4,full_patch,log1p,0,33,0.03383721425662986,1.0321787560581666,0.0005
glucose,4,full_patch,log1p,0,34,0.04277547972412827,0.8054885421705129,0.0005
glucose,4,full_patch,log1p,0,35,0.04279773193793219,0.6213464327194486,0.0005
glucose,4,full_patch,log1p,0,36,0.032912746382719,0.8874954063483634,0.0005
glucose,4,full_patch,log1p,0,37,0.03345550359094907,0.8541552809501938,0.0005
glucose,4,full_patch,log1p,0,38,0.031729105199324925,0.6457931926461131,0.0005
glucose,4,full_patch,log1p,0,39,0.030479423562966942,0.666915577831304,0.0005
glucose,4,full_patch,log1p,0,40,0.026669017723504725,0.6045751644246059,0.0005
glucose,4,full_patch,log1p,0,41,0.033075791307559846,1.0229388782195465,0.0005
glucose,4,full_patch,log1p,0,42,0.03597438481154722,0.7946769207342548,0.0005
glucose,4,full_patch,log1p,0,43,0.04426307260612617,0.7425583200604023,0.0005
glucose,4,full_patch,log1p,0,44,0.031755521785240236,1.1844872487453888,0.0005
glucose,4,full_patch,log1p,0,45,0.03685433539699336,0.5416672523244989,0.0005
glucose,4,full_patch,log1p,0,46,0.03567958319484743,0.7722049807186557,0.0005
glucose,4,full_patch,log1p,0,47,0.029507546897994247,0.6073501203432327,0.0005
glucose,4,full_patch,log1p,0,48,0.028194336104033244,0.7277730452233141,0.0005
glucose,4,full_patch,log1p,0,49,0.031246139366740443,0.5138255840621475,0.0005
glucose,4,full_patch,log1p,0,50,0.031806352763435346,0.7373489285422532,0.0005
glucose,4,full_patch,log1p,0,51,0.03439999549426194,1.1019041760240684,0.0005
glucose,4,full_patch,log1p,0,52,0.03078017380482749,0.5743519640148089,0.0005
glucose,4,full_patch,log1p,0,53,0.027698117079304866,0.6939331252501149,0.0005
glucose,4,full_patch,log1p,0,54,0.03902514565919266,0.6166483439011412,0.0005
glucose,4,full_patch,log1p,0,55,0.02915560688140584,0.5063488471724554,0.0005
glucose,4,full_patch,log1p,0,56,0.02547389841548288,0.5082931003297863,0.0005
glucose,4,full_patch,log1p,0,57,0.029672558615109073,0.6027754183523844,0.0005
glucose,4,full_patch,log1p,0,58,0.030110443013702172,0.5564604110516984,0.0005
glucose,4,full_patch,log1p,0,59,0.03972812835821096,1.0912170988354672,0.0005
glucose,4,full_patch,log1p,0,60,0.03270709979307634,0.5712017191080055,0.0005
glucose,4,full_patch,log1p,0,61,0.028963023993768208,0.5972012469577059,0.0005
glucose,4,full_patch,log1p,0,62,0.02673971775402877,0.5176190752782257,0.0005
glucose,4,full_patch,log1p,0,63,0.023916129378154984,0.5421346017683735,0.00025
glucose,4,full_patch,log1p,0,64,0.025552463927340934,0.5030471492886167,0.00025
glucose,4,full_patch,log1p,0,65,0.030040649544508732,0.5250726710666253,0.00025
glucose,4,full_patch,log1p,0,66,0.031010029768091023,0.6998100859471709,0.00025
glucose,4,full_patch,log1p,0,67,0.025177421198183485,0.5331480062063004,0.00025
glucose,4,full_patch,log1p,0,68,0.029759988796670994,0.5201028483483741,0.00025
glucose,4,full_patch,log1p,0,69,0.026071612136063738,0.541213101400605,0.00025
glucose,4,full_patch,log1p,0,70,0.022608276373316742,0.4821138400653547,0.00025
glucose,4,full_patch,log1p,0,71,0.028732044083772758,0.5556295658184383,0.00025
glucose,4,full_patch,log1p,0,72,0.02665385994199669,0.4966633713760219,0.00025
glucose,4,full_patch,log1p,0,73,0.029811769102085186,0.5477395590993516,0.00025
glucose,4,full_patch,log1p,0,74,0.024103003003025196,0.46910264621581776,0.00025
glucose,4,full_patch,log1p,0,75,0.032111103758882126,0.49933519439468327,0.00025
glucose,4,full_patch,log1p,0,76,0.026497990314900077,0.6029506480627039,0.00025
glucose,4,full_patch,log1p,0,77,0.02816415703598682,0.8719728856687383,0.00025
glucose,4,full_patch,log1p,0,78,0.026392585793634998,0.5347556934258738,0.00025
glucose,4,full_patch,log1p,0,79,0.027280379852887948,0.5548350743558926,0.00025
glucose,4,full_patch,log1p,0,80,0.022637404423712263,0.4628872660088215,0.00025
glucose,4,full_patch,log1p,0,81,0.02526574843908742,0.5601296708856259,0.00025
glucose,4,full_patch,log1p,0,82,0.023045192490680207,0.5064228160754557,0.00025
glucose,4,full_patch,log1p,0,83,0.023580139665274523,0.5002351789536671,0.00025
glucose,4,full_patch,log1p,0,84,0.024526480010720372,0.5746967444997686,0.00025
glucose,4,full_patch,log1p,0,85,0.02712273955256324,0.5317071987172871,0.00025
glucose,4,full_patch,log1p,0,86,0.026677867894556413,0.5726562947888951,0.00025
glucose,4,full_patch,log1p,0,87,0.027503223154255244,0.519998571277971,0.00025
glucose,4,full_patch,log1p,0,88,0.02218166376212848,0.5112927967719822,0.000125
glucose,4,full_patch,log1p,0,89,0.026125994226416427,0.7267391707658154,0.000125
glucose,4,full_patch,log1p,0,90,0.02046841383119143,0.46245200680620857,0.000125
glucose,4,full_patch,log1p,0,91,0.02339680868738099,0.4964813267150385,0.000125
glucose,4,full_patch,log1p,0,92,0.022893600132532874,0.4749037508380688,0.000125
glucose,4,full_patch,log1p,0,93,0.0233763567936758,0.4704114800031231,0.000125
glucose,4,full_patch,log1p,0,94,0.02242891602329188,0.6039386499069049,0.000125
glucose,4,full_patch,log1p,0,95,0.024847433020967306,0.4590833385727542,0.000125
glucose,4,full_patch,log1p,0,96,0.021304403349823815,0.44905243413467066,0.000125
glucose,4,full_patch,log1p,0,97,0.02457835601057008,0.4424443348348246,0.000125
glucose,4,full_patch,log1p,0,98,0.021638664088021804,0.49072964615740755,0.000125
glucose,4,full_patch,log1p,0,99,0.02310837719217498,0.45772837330266475,0.000125
glucose,4,full_patch,log1p,0,100,0.02119822507021857,0.4923443872375166,0.000125
glucose,4,full_patch,log1p,0,101,0.019129777102330048,0.4816356459733843,0.000125
glucose,4,full_patch,log1p,0,102,0.023348791205536592,0.43455651614667445,0.000125
glucose,4,full_patch,log1p,0,103,0.022876428889912925,0.47057364407525976,0.000125
glucose,4,full_patch,log1p,0,104,0.01964189548839311,0.44435418066823495,0.000125
glucose,4,full_patch,log1p,0,105,0.020637986709637186,0.4441082957070968,0.000125
glucose,4,full_patch,log1p,0,106,0.020864920790588982,0.4660719872376688,0.000125
glucose,4,full_patch,log1p,0,107,0.020604067211401622,0.4984710090558226,0.000125
glucose,4,full_patch,log1p,0,108,0.02320550221133694,0.4635216784519663,0.000125
glucose,4,full_patch,log1p,0,109,0.023573909793187894,0.5607006477715726,0.000125
glucose,4,full_patch,log1p,0,110,0.02206032737345614,0.4350241201082882,6.25e-05
glucose,4,full_patch,log1p,0,111,0.021336048852580138,0.451298076608289,6.25e-05
glucose,4,full_patch,log1p,0,112,0.022228603335944088,0.43214896470088476,6.25e-05
glucose,4,full_patch,log1p,0,113,0.020960480038592962,0.4429819434582308,6.25e-05
glucose,4,full_patch,log1p,0,114,0.020520925863289265,0.43747422365410776,6.25e-05
glucose,4,full_patch,log1p,0,115,0.019493499289137683,0.43263317973341214,6.25e-05
glucose,4,full_patch,log1p,0,116,0.02200026760202584,0.44414301864087363,6.25e-05
glucose,4,full_patch,log1p,0,117,0.022350960831683902,0.4360350504142158,6.25e-05
glucose,4,full_patch,log1p,0,118,0.021461030754264882,0.4442931265972089,6.25e-05
glucose,4,full_patch,log1p,0,119,0.020735980745754726,0.44681149937485803,6.25e-05
glucose,4,full_patch,log1p,0,120,0.019213592528119883,0.4226556904954124,3.125e-05
glucose,5,roi_masked,raw,1,1,0.3520425590513005,5.574741720717554,0.001
glucose,5,roi_masked,raw,1,2,0.14079409733348028,4.56181061177127,0.001
glucose,5,roi_masked,raw,1,3,0.1019617640225969,3.533611471657323,0.001
glucose,5,roi_masked,raw,1,4,0.0919263229862233,2.5153999611704543,0.001
glucose,5,roi_masked,raw,1,5,0.07865726672412741,1.3737929707723573,0.001
glucose,5,roi_masked,raw,1,6,0.0602035598743335,1.2050243877428892,0.001
glucose,5,roi_masked,raw,1,7,0.058405811980300086,1.1527677489353578,0.001
glucose,5,roi_masked,raw,1,8,0.0532046949266055,0.9087276714449488,0.001
glucose,5,roi_masked,raw,1,9,0.05261567039567916,0.7198057870707241,0.001
glucose,5,roi_masked,raw,1,10,0.04799813662285066,0.974045847136151,0.001
glucose,5,roi_masked,raw,1,11,0.07057795805742773,0.9368266279581221,0.001
glucose,5,roi_masked,raw,1,12,0.061326630130387985,0.7513779923385555,0.001
glucose,5,roi_masked,raw,1,13,0.07319424615620501,1.3199804265737674,0.001
glucose,5,roi_masked,raw,1,14,0.07873632899872769,0.7746961151607743,0.001
glucose,5,roi_masked,raw,1,15,0.05403819591939538,1.115985701424969,0.001
glucose,5,roi_masked,raw,1,16,0.06385350432774349,0.8306257199241363,0.001
glucose,5,roi_masked,raw,1,17,0.039752316720861436,0.7904012804846045,0.0005
glucose,5,roi_masked,raw,1,18,0.04717098844366706,0.9254065406953125,0.0005
glucose,5,roi_masked,raw,1,19,0.03513497909761399,0.7532230265429741,0.0005
glucose,5,roi_masked,raw,1,20,0.041260926845454335,0.7103276818923249,0.0005
glucose,5,roi_masked,raw,1,21,0.04328736007468977,1.026549599035458,0.0005
glucose,5,roi_masked,raw,1,22,0.036727176746006514,0.6959868856028663,0.0005
glucose,5,roi_masked,raw,1,23,0.04458164130844142,0.940412559247904,0.0005
glucose,5,roi_masked,raw,1,24,0.042888631841553664,0.7181329071553003,0.0005
glucose,5,roi_masked,raw,1,25,0.044215955550819856,0.84637548080152,0.0005
glucose,5,roi_masked,raw,1,26,0.03961501725228995,0.7634422974872733,0.0005
glucose,5,roi_masked,raw,1,27,0.03498683422359731,0.8222156256209288,0.0005
glucose,5,roi_masked,raw,1,28,0.03920909051745908,0.9058008380090548,0.0005
glucose,5,roi_masked,raw,1,29,0.03634312612333525,0.6735725640930261,0.0005
glucose,5,roi_masked,raw,1,30,0.03576479126295372,0.882090983948797,0.0005
glucose,5,roi_masked,raw,1,31,0.03965836828893769,0.8193796857864882,0.0005
glucose,5,roi_masked,raw,1,32,0.0343151745926339,0.7988455074805677,0.0005
glucose,5,roi_masked,raw,1,33,0.03537068228152665,0.8413417193877702,0.0005
glucose,5,roi_masked,raw,1,34,0.036799310149983035,0.6550905740775216,0.0005
glucose,5,roi_masked,raw,1,35,0.03736117438880946,0.7660001123033081,0.0005
glucose,5,roi_masked,raw,1,36,0.033068607831942876,0.9343266658661757,0.0005
glucose,5,roi_masked,raw,1,37,0.036601823611648536,0.6404224655304421,0.0005
glucose,5,roi_masked,raw,1,38,0.03258806454842208,0.7990424012548555,0.0005
glucose,5,roi_masked,raw,1,39,0.04049866556865892,0.8471340609998415,0.0005
glucose,5,roi_masked,raw,1,40,0.03819986654309509,0.7278637855253653,0.0005
glucose,5,roi_masked,raw,1,41,0.03345024164893766,0.7714740189497238,0.0005
glucose,5,roi_masked,raw,1,42,0.04174408858472651,0.623988814131063,0.0005
glucose,5,roi_masked,raw,1,43,0.03540447416497414,0.682472887453785,0.0005
glucose,5,roi_masked,raw,1,44,0.04101912150972824,1.1999871325039704,0.0005
glucose,5,roi_masked,raw,1,45,0.03488144693249384,0.5910545507769563,0.0005
glucose,5,roi_masked,raw,1,46,0.0325726402476541,0.6682209022968292,0.0005
glucose,5,roi_masked,raw,1,47,0.040833376098185464,0.7809938146733996,0.0005
glucose,5,roi_masked,raw,1,48,0.03571395986836998,0.7312306987149916,0.0005
glucose,5,roi_masked,raw,1,49,0.0311419094209011,0.6506512035418769,0.0005
glucose,5,roi_masked,raw,1,50,0.03520617442241635,0.9979817912431421,0.0005
glucose,5,roi_masked,raw,1,51,0.03159711128531021,0.8006521562450083,0.0005
glucose,5,roi_masked,raw,1,52,0.03181788906033099,0.5669987440121744,0.0005
glucose,5,roi_masked,raw,1,53,0.03449851046864571,0.6944202056430917,0.0005
glucose,5,roi_masked,raw,1,54,0.034699286135738014,0.7650647085093901,0.0005
glucose,5,roi_masked,raw,1,55,0.03541016061242042,0.7243098549735781,0.0005
glucose,5,roi_masked,raw,1,56,0.03366574829086195,0.5240064498747272,0.0005
glucose,5,roi_masked,raw,1,57,0.03498325306483601,0.7512921891430917,0.0005
glucose,5,roi_masked,raw,1,58,0.0367098125849813,0.6850429291599568,0.0005
glucose,5,roi_masked,raw,1,59,0.032472005855131075,0.9053749990363006,0.0005
glucose,5,roi_masked,raw,1,60,0.03475690256643224,0.6964827353959848,0.0005
glucose,5,roi_masked,raw,1,61,0.033494330420757015,0.5768547809795904,0.0005
glucose,5,roi_masked,raw,1,62,0.03015996622485171,0.6593656341883836,0.0005
glucose,5,roi_masked,raw,1,63,0.03128550193049069,0.5109793571565706,0.0005
glucose,5,roi_masked,raw,1,64,0.03005945415342929,0.5849751213740233,0.0005
glucose,5,roi_masked,raw,1,65,0.03962169109042817,0.7054401159641475,0.0005
glucose,5,roi_masked,raw,1,66,0.030153663765122744,0.6768163238343926,0.0005
glucose,5,roi_masked,raw,1,67,0.03431112832221828,0.611933908144195,0.0005
glucose,5,roi_masked,raw,1,68,0.035929604135065074,0.5992597272210278,0.0005
glucose,5,roi_masked,raw,1,69,0.02915442688043622,0.5280133119680267,0.0005
glucose,5,roi_masked,raw,1,70,0.028461576335343092,0.5404756964511935,0.0005
glucose,5,roi_masked,raw,1,71,0.03024412795412736,0.7172643650988201,0.00025
glucose,5,roi_masked,raw,1,72,0.034895873796500144,0.6122753251996453,0.00025
glucose,5,roi_masked,raw,1,73,0.027341955972921474,0.5751051929168945,0.00025
glucose,5,roi_masked,raw,1,74,0.026216816007202676,0.5613306881208197,0.00025
glucose,5,roi_masked,raw,1,75,0.030510703576437228,0.5793111066579801,0.00025
glucose,5,roi_masked,raw,1,76,0.02719057987315022,0.6077643534887135,0.00025
glucose,5,roi_masked,raw,1,77,0.023122135641389204,0.6405344001973368,0.00025
glucose,5,roi_masked,raw,1,78,0.027550341877892015,0.5689915029601541,0.000125
glucose,5,roi_masked,raw,1,79,0.02426697947112663,0.6008266559184757,0.000125
glucose,5,roi_masked,raw,1,80,0.026335249770149567,0.5853220265233331,0.000125
glucose,5,roi_masked,raw,1,81,0.026077484444127975,0.6050235096663443,0.000125
glucose,5,roi_masked,log1p,0,1,0.4557000616046249,4.718446904929758,0.001
glucose,5,roi_masked,log1p,0,2,0.10564531257095706,4.09934496034841,0.001
glucose,5,roi_masked,log1p,0,3,0.08398400744542635,3.614962481917672,0.001
glucose,5,roi_masked,log1p,0,4,0.08914137930344185,2.4843598262807634,0.001
glucose,5,roi_masked,log1p,0,5,0.074709699646016,1.194775782311522,0.001
glucose,5,roi_masked,log1p,0,6,0.07113410926655757,1.7372376870235422,0.001
glucose,5,roi_masked,log1p,0,7,0.05920243534730017,1.290168843405024,0.001
glucose,5,roi_masked,log1p,0,8,0.060578914661787664,1.461984662351976,0.001
glucose,5,roi_masked,log1p,0,9,0.08924423356924967,1.3007725322588706,0.001
glucose,5,roi_masked,log1p,0,10,0.07029925394475726,2.113028490973771,0.001
glucose,5,roi_masked,log1p,0,11,0.06314801134935256,1.5918993830569468,0.001
glucose,5,roi_masked,log1p,0,12,0.08270206652170856,1.0675041071160445,0.001
glucose,5,roi_masked,log1p,0,13,0.08414733542015584,1.4461810817272216,0.001
glucose,5,roi_masked,log1p,0,14,0.05530882172630725,1.627985521139211,0.001
glucose,5,roi_masked,log1p,0,15,0.05113247541041736,0.8002636574604018,0.001
glucose,5,roi_masked,log1p,0,16,0.05741182722473287,0.9366103022123023,0.001
glucose,5,roi_masked,log1p,0,17,0.04872526745860161,1.311393551880344,0.001
glucose,5,roi_masked,log1p,0,18,0.06637851627413101,1.7416780369340572,0.001
glucose,5,roi_masked,log1p,0,19,0.06948174144267681,1.3112161774785003,0.001
glucose,5,roi_masked,log1p,0,20,0.05814394260994013,0.7705732800659674,0.001
glucose,5,roi_masked,log1p,0,21,0.05474575774969003,1.6466541875207787,0.001
glucose,5,roi_masked,log1p,0,22,0.04342311521889378,0.7915338183287269,0.001
glucose,5,roi_masked,log1p,0,23,0.041144574296989665,0.8682200353771783,0.001
glucose,5,roi_masked,log1p,0,24,0.03905074355010659,1.4131855032831384,0.001
glucose,5,roi_masked,log1p,0,25,0.046650845041129346,0.6685041108784985,0.001
glucose,5,roi_masked,log1p,0,26,0.05716391678360997,0.9882155598339349,0.001
glucose,5,roi_masked,log1p,0,27,0.047144575330432946,1.27763004314685,0.001
glucose,5,roi_masked,log1p,0,28,0.040509428506947484,1.618705067415136,0.001
glucose,5,roi_masked,log1p,0,29,0.0425917772095978,1.0613675932334827,0.001
glucose,5,roi_masked,log1p,0,30,0.048623785953941005,0.8041297812429904,0.001
glucose,5,roi_masked,log1p,0,31,0.04765441653980761,1.1887956277758862,0.001
glucose,5,roi_masked,log1p,0,32,0.04955885121834793,0.9477827193303672,0.001
glucose,5,roi_masked,log1p,0,33,0.038078064890092606,0.9339123812382888,0.0005
glucose,5,roi_masked,log1p,0,34,0.038616387104135334,0.9517775464481614,0.0005
glucose,5,roi_masked,log1p,0,35,0.03613105010457792,1.0533112333132362,0.0005
glucose,5,roi_masked,log1p,0,36,0.03566400404747481,0.8778083799534883,0.0005
glucose,5,roi_masked,log1p,0,37,0.04533952306928293,0.7962514669847668,0.0005
glucose,5,roi_masked,log1p,0,38,0.04026622162512802,1.380259030114665,0.0005
glucose,5,roi_masked,log1p,0,39,0.03919961481131669,0.6030181115747151,0.0005
glucose,5,roi_masked,log1p,0,40,0.037370685088252524,1.1750554231517292,0.0005
glucose,5,roi_masked,log1p,0,41,0.03826947028342018,0.6236628302354478,0.0005
glucose,5,roi_masked,log1p,0,42,0.03624733943830837,0.7707186366742572,0.0005
glucose,5,roi_masked,log1p,0,43,0.03601882393553786,1.289719329150756,0.0005
glucose,5,roi_masked,log1p,0,44,0.033034207907279095,0.6563526914953886,0.0005
glucose,5,roi_masked,log1p,0,45,0.03150723701906453,0.6278185616425082,0.0005
glucose,5,roi_masked,log1p,0,46,0.037556025264826334,0.8697459600228499,0.0005
glucose,5,roi_masked,log1p,0,47,0.034481921018102664,0.681597687160001,0.00025
glucose,5,roi_masked,log1p,0,48,0.03105973812644599,0.686589279342109,0.00025
glucose,5,roi_masked,log1p,0,49,0.036271886869532165,0.8197449562714596,0.00025
glucose,5,roi_masked,log1p,0,50,0.03499354849307175,0.675884888436002,0.00025
glucose,5,roi_masked,log1p,0,51,0.03260439703998818,0.8369507578986309,0.00025
glucose,5,roi_masked,log1p,0,52,0.031935275269980405,1.0650784672213574,0.00025
glucose,5,roi_masked,log1p,0,53,0.03224409166196064,0.7041090965489615,0.00025
glucose,5,roi_masked,log1p,0,54,0.0294212508147191,0.9071634596341007,0.000125
glucose,5,roi_masked,log1p,0,55,0.030641496575669277,0.9706659559780313,0.000125
glucose,5,roi_masked,log1p,0,56,0.03206954596650227,0.560452360539863,0.000125
glucose,5,roi_masked,log1p,0,57,0.02991937762667632,0.7950986601220216,0.000125
glucose,5,roi_masked,log1p,0,58,0.032611827681121454,0.7653579338362878,0.000125
glucose,5,roi_masked,log1p,0,59,0.030534226178079178,0.7950036354253956,0.000125
glucose,5,roi_masked,log1p,0,60,0.030910054979576617,0.9020695287654064,0.000125
glucose,5,roi_masked,log1p,0,61,0.02829177315373268,0.6347643636229542,0.000125
glucose,5,roi_masked,log1p,0,62,0.03173704951690668,0.867829209592,0.000125
glucose,5,roi_masked,log1p,0,63,0.028732747416915554,0.5900688506888372,0.000125
glucose,5,roi_masked,log1p,0,64,0.03021782227193634,0.6428088105368869,6.25e-05
glucose,5,roi_masked,log1p,0,65,0.029193583315157853,0.7607972131758263,6.25e-05
glucose,5,roi_masked,log1p,0,66,0.02976938864929621,0.7064088982769733,6.25e-05
glucose,5,roi_masked,log1p,0,67,0.02793072358095788,0.7036181266017391,6.25e-05
glucose,5,roi_masked,log1p,0,68,0.032130417981686074,0.592399797491996,6.25e-05
glucose,5,roi_masked,log1p,0,69,0.027900315482508053,0.6276011603159733,6.25e-05
glucose,5,roi_masked,log1p,0,70,0.028999520099309624,0.831666468256639,6.25e-05
glucose,5,roi_masked,log1p,0,71,0.026866627865416815,0.7418644078724747,3.125e-05
glucose,5,roi_masked,log1p,0,72,0.02956235792693278,0.5837216656356524,3.125e-05
glucose,5,roi_masked,log1p,0,73,0.027531947035636703,0.6283123915928577,3.125e-05
glucose,5,roi_masked,log1p,0,74,0.026314767077565193,0.6663813940686342,3.125e-05
glucose,5,full_patch,raw,1,1,0.5402729238554191,4.899656242423693,0.001
glucose,5,full_patch,raw,1,2,0.15489148707219277,2.355218542079999,0.001
glucose,5,full_patch,raw,1,3,0.14780722756144188,1.6425921859776467,0.001
glucose,5,full_patch,raw,1,4,0.1281257936878105,3.2410828440822272,0.001
glucose,5,full_patch,raw,1,5,0.11524065924827814,2.675896991168793,0.001
glucose,5,full_patch,raw,1,6,0.11076741118189475,3.959209013253423,0.001
glucose,5,full_patch,raw,1,7,0.08803579680921424,3.438909562094361,0.001
glucose,5,full_patch,raw,1,8,0.07311648500169976,3.399204111595353,0.001
glucose,5,full_patch,raw,1,9,0.07038503455556096,1.1291106980382413,0.001
glucose,5,full_patch,raw,1,10,0.08165639874854315,0.8094443730031304,0.001
glucose,5,full_patch,raw,1,11,0.06336244939647381,0.7818130369681604,0.001
glucose,5,full_patch,raw,1,12,0.0817217903902918,1.3009052696988874,0.001
glucose,5,full_patch,raw,1,13,0.0655831135975977,1.6716641892650088,0.001
glucose,5,full_patch,raw,1,14,0.05638490494024203,0.9025301803053551,0.001
glucose,5,full_patch,raw,1,15,0.052912187647357604,1.0501014996097013,0.001
glucose,5,full_patch,raw,1,16,0.07365736142133991,1.1138522905013901,0.001
glucose,5,full_patch,raw,1,17,0.06018887971001837,0.7995378113433194,0.001
glucose,5,full_patch,raw,1,18,0.06787276119215833,1.2515180252555036,0.001
glucose,5,full_patch,raw,1,19,0.05064742358737304,0.8521331766663764,0.0005
glucose,5,full_patch,raw,1,20,0.05055033600987691,0.7621550273736656,0.0005
glucose,5,full_patch,raw,1,21,0.04804302740914278,0.6419450265205251,0.0005
glucose,5,full_patch,raw,1,22,0.047031014236092746,0.8647878951658875,0.0005
glucose,5,full_patch,raw,1,23,0.04231247316973753,0.7371655664124656,0.0005
glucose,5,full_patch,raw,1,24,0.04273012579153618,0.7223524217770908,0.0005
glucose,5,full_patch,raw,1,25,0.06145335067668722,0.6920366860545484,0.0005
glucose,5,full_patch,raw,1,26,0.039181837781530914,0.8481274865141027,0.0005
glucose,5,full_patch,raw,1,27,0.04375285489259818,0.7332415494050363,0.0005
glucose,5,full_patch,raw,1,28,0.05177087648792523,0.7200550060868423,0.0005
glucose,5,full_patch,raw,1,29,0.05182369373983047,0.7929605050383318,0.00025
glucose,5,full_patch,raw,1,30,0.03977134040155727,0.7456221220377373,0.00025
glucose,5,full_patch,raw,1,31,0.045804910506114876,0.628882305048961,0.00025
glucose,5,full_patch,raw,1,32,0.036628694752378364,0.6891525094492233,0.00025
glucose,5,full_patch,raw,1,33,0.04427319294294195,0.6381598914699776,0.00025
glucose,5,full_patch,raw,1,34,0.03974548766969657,0.685716836752154,0.00025
glucose,5,full_patch,raw,1,35,0.03742447723641481,0.6284412164798517,0.00025
glucose,5,full_patch,raw,1,36,0.03706273439877435,0.674322898806709,0.00025
glucose,5,full_patch,raw,1,37,0.037903519427811866,0.5880012778640128,0.00025
glucose,5,full_patch,raw,1,38,0.03885711737854292,0.7643981050686913,0.00025
glucose,5,full_patch,raw,1,39,0.03632520040394475,0.6510509443887572,0.00025
glucose,5,full_patch,raw,1,40,0.03641224031832108,0.6946940458089835,0.00025
glucose,5,full_patch,raw,1,41,0.04066931437173561,0.56126856025249,0.00025
glucose,5,full_patch,raw,1,42,0.03499597772378502,0.7692874941347504,0.00025
glucose,5,full_patch,raw,1,43,0.03498916328786116,0.5599229598983506,0.00025
glucose,5,full_patch,raw,1,44,0.03123078564106974,0.6492669773824927,0.00025
glucose,5,full_patch,raw,1,45,0.03486821913172875,0.6655087984373541,0.00025
glucose,5,full_patch,raw,1,46,0.031121074971527794,0.6603266503409015,0.00025
glucose,5,full_patch,raw,1,47,0.0316762938073957,0.5828130094534089,0.00025
glucose,5,full_patch,raw,1,48,0.03777108994352835,0.6856961656045862,0.00025
glucose,5,full_patch,raw,1,49,0.04698489966140241,0.628399871578978,0.00025
glucose,5,full_patch,raw,1,50,0.03393727263377427,0.5901200620308505,0.00025
glucose,5,full_patch,raw,1,51,0.034276804127543054,0.5930291855275236,0.000125
glucose,5,full_patch,raw,1,52,0.03412576186319399,0.5407991105776592,0.000125
glucose,5,full_patch,raw,1,53,0.03222082772648903,0.4862552067834747,0.000125
glucose,5,full_patch,raw,1,54,0.02900343917965356,0.5763681172589222,0.000125
glucose,5,full_patch,raw,1,55,0.030403332509955423,0.6423116040365848,0.000125
glucose,5,full_patch,raw,1,56,0.025637086119985792,0.4960997759056033,0.000125
glucose,5,full_patch,raw,1,57,0.03586115845202867,0.6211082428739136,0.000125
glucose,5,full_patch,raw,1,58,0.033594095538163504,0.709982051015575,0.000125
glucose,5,full_patch,raw,1,59,0.03229234321528682,0.5865054540239332,0.000125
glucose,5,full_patch,raw,1,60,0.03414045263153963,0.5546201935416708,0.000125
glucose,5,full_patch,raw,1,61,0.029452115974643013,0.5520249195340949,6.25e-05
glucose,5,full_patch,raw,1,62,0.025579417271514585,0.546173147736121,6.25e-05
glucose,5,full_patch,raw,1,63,0.029370206143101884,0.5292329627920366,6.25e-05
glucose,5,full_patch,raw,1,64,0.02292180500491543,0.5970633763862124,6.25e-05
glucose,5,full_patch,raw,1,65,0.03428505133454384,0.5379794901959102,6.25e-05
glucose,5,full_patch,raw,1,66,0.031910098914262434,0.5715745824720403,6.25e-05
glucose,5,full_patch,raw,1,67,0.03146450844178345,0.4844472435745747,6.25e-05
glucose,5,full_patch,raw,1,68,0.02991541858135144,0.5216673037173212,6.25e-05
glucose,5,full_patch,raw,1,69,0.027304942229687722,0.5556864353678871,6.25e-05
glucose,5,full_patch,raw,1,70,0.03195397843969028,0.563603252467437,6.25e-05
glucose,5,full_patch,raw,1,71,0.03387452542071193,0.544081957816955,6.25e-05
glucose,5,full_patch,raw,1,72,0.029241872376772046,0.5599875281243363,6.25e-05
glucose,5,full_patch,raw,1,73,0.02876523379153182,0.46515239203461145,6.25e-05
glucose,5,full_patch,raw,1,74,0.027540263972465843,0.46685576138219337,6.25e-05
glucose,5,full_patch,raw,1,75,0.0320864165904092,0.5724207786203277,6.25e-05
glucose,5,full_patch,raw,1,76,0.02854778408870967,0.5267768761002166,6.25e-05
glucose,5,full_patch,raw,1,77,0.028332712475748957,0.502975645461316,6.25e-05
glucose,5,full_patch,raw,1,78,0.02568296224556186,0.5259605379496539,6.25e-05
glucose,5,full_patch,raw,1,79,0.02991651247592779,0.5192006516262584,6.25e-05
glucose,5,full_patch,raw,1,80,0.029089098327117244,0.48699919377058054,6.25e-05
glucose,5,full_patch,raw,1,81,0.030035154008474507,0.5221156499136659,3.125e-05
glucose,5,full_patch,raw,1,82,0.027836088912808594,0.5570784516669653,3.125e-05
glucose,5,full_patch,raw,1,83,0.028971159794602415,0.5229268043086118,3.125e-05
glucose,5,full_patch,raw,1,84,0.029516978650152594,0.531532463889434,3.125e-05
glucose,5,full_patch,raw,1,85,0.027840091906565667,0.5235318315055387,3.125e-05
glucose,5,full_patch,raw,1,86,0.02942716811079915,0.5352171573535309,3.125e-05
glucose,5,full_patch,raw,1,87,0.029566362369722297,0.5064165724162055,3.125e-05
glucose,5,full_patch,raw,1,88,0.030956756473475882,0.5120326103236921,1.5625e-05
glucose,5,full_patch,raw,1,89,0.028229367393228583,0.49328342777769263,1.5625e-05
glucose,5,full_patch,raw,1,90,0.030276053517101952,0.5088813836736994,1.5625e-05
glucose,5,full_patch,raw,1,91,0.03138029254451061,0.5032179852662413,1.5625e-05
glucose,5,full_patch,log1p,0,1,0.45583784491401136,4.519746073685074,0.001
glucose,5,full_patch,log1p,0,2,0.12152777976410577,3.028222640577893,0.001
glucose,5,full_patch,log1p,0,3,0.08429857516652958,2.1958252657351296,0.001
glucose,5,full_patch,log1p,0,4,0.09899072702724247,1.6070422299629337,0.001
glucose,5,full_patch,log1p,0,5,0.0806716408930308,1.3408660990831043,0.001
glucose,5,full_patch,log1p,0,6,0.07425541424049528,1.1930398822068886,0.001
glucose,5,full_patch,log1p,0,7,0.0802239555249271,1.1529309069012827,0.001
glucose,5,full_patch,log1p,0,8,0.08951839771338263,1.2139905394825397,0.001
glucose,5,full_patch,log1p,0,9,0.06049092525918864,1.153614857152828,0.001
glucose,5,full_patch,log1p,0,10,0.07497689310022687,1.199548459664548,0.001
glucose,5,full_patch,log1p,0,11,0.0857885412416586,1.2165382659703354,0.001
glucose,5,full_patch,log1p,0,12,0.07771148372735778,1.179282218921899,0.001
glucose,5,full_patch,log1p,0,13,0.0698405294033703,1.3180618704057254,0.001
glucose,5,full_patch,log1p,0,14,0.06345979667278409,1.2775241881614583,0.001
glucose,5,full_patch,log1p,0,15,0.05539111794151599,0.9129287085745413,0.0005
glucose,5,full_patch,log1p,0,16,0.052835801130524336,1.106285753769596,0.0005
glucose,5,full_patch,log1p,0,17,0.05416326437994905,0.9426051764965411,0.0005
glucose,5,full_patch,log1p,0,18,0.04722272196643043,1.0760353932609963,0.0005
glucose,5,full_patch,log1p,0,19,0.04602924224694333,0.8624102463346103,0.0005
glucose,5,full_patch,log1p,0,20,0.04924080614139355,0.8858636419812047,0.0005
glucose,5,full_patch,log1p,0,21,0.04491737773072879,0.8480938014449986,0.0005
glucose,5,full_patch,log1p,0,22,0.044471108222771685,0.8587862632516212,0.0005
glucose,5,full_patch,log1p,0,23,0.044704512727686975,0.7802663196951015,0.0005
glucose,5,full_patch,log1p,0,24,0.05028051115161616,0.9496381277921095,0.0005
glucose,5,full_patch,log1p,0,25,0.049720723959221745,0.7837413836150702,0.0005
glucose,5,full_patch,log1p,0,26,0.045350933888852155,0.7189454973830043,0.0005
glucose,5,full_patch,log1p,0,27,0.04747164349353438,0.9434713984062093,0.0005
glucose,5,full_patch,log1p,0,28,0.05224978620666683,1.425497078538504,0.0005
glucose,5,full_patch,log1p,0,29,0.048245789885698595,0.8025581038277937,0.0005
glucose,5,full_patch,log1p,0,30,0.04395465535040939,0.9852982896763471,0.0005
glucose,5,full_patch,log1p,0,31,0.04339311842635918,0.7083037027484612,0.0005
glucose,5,full_patch,log1p,0,32,0.04338186873808703,0.9035100935181227,0.0005
glucose,5,full_patch,log1p,0,33,0.04823835906968209,1.0181147541789872,0.0005
glucose,5,full_patch,log1p,0,34,0.04214901242255276,0.7393154348717015,0.0005
glucose,5,full_patch,log1p,0,35,0.04650353313869229,1.3379398360872699,0.0005
glucose,5,full_patch,log1p,0,36,0.05303230398402573,1.5580716608236926,0.0005
glucose,5,full_patch,log1p,0,37,0.0499329674772463,1.0873016601675334,0.0005
glucose,5,full_patch,log1p,0,38,0.04405711382494243,0.6609297732443902,0.0005
glucose,5,full_patch,log1p,0,39,0.04083625480377195,0.8680341719214152,0.0005
glucose,5,full_patch,log1p,0,40,0.039980407387862085,0.8499824957698533,0.0005
glucose,5,full_patch,log1p,0,41,0.04001639600171417,0.7236215913149837,0.0005
glucose,5,full_patch,log1p,0,42,0.04097792303020304,0.8080153823697582,0.0005
glucose,5,full_patch,log1p,0,43,0.04658814716179218,0.9444832044079888,0.0005
glucose,5,full_patch,log1p,0,44,0.04284430232493071,0.6111259448378067,0.0005
glucose,5,full_patch,log1p,0,45,0.03641086897289522,0.5977304749658081,0.0005
glucose,5,full_patch,log1p,0,46,0.0402926242453686,0.5964205256613292,0.0005
glucose,5,full_patch,log1p,0,47,0.0404800698605273,0.8847231956804439,0.0005
glucose,5,full_patch,log1p,0,48,0.04539051191151231,0.6565282988689641,0.0005
glucose,5,full_patch,log1p,0,49,0.03181404985443046,0.8691260721204735,0.0005
glucose,5,full_patch,log1p,0,50,0.04385957347254107,0.8609770322238752,0.0005
glucose,5,full_patch,log1p,0,51,0.048726514575866936,0.8059537448356785,0.0005
glucose,5,full_patch,log1p,0,52,0.038156096169783354,0.9506593969983373,0.0005
glucose,5,full_patch,log1p,0,53,0.042864739856004,0.8819709378868865,0.0005
glucose,5,full_patch,log1p,0,54,0.04258622823979833,0.9163857801991341,0.00025
glucose,5,full_patch,log1p,0,55,0.031658662302661046,0.5966327965903696,0.00025
glucose,5,full_patch,log1p,0,56,0.03222953467928262,0.7080910756480274,0.00025
glucose,5,full_patch,log1p,0,57,0.035637178104343074,0.6939961144526942,0.00025
glucose,5,full_patch,log1p,0,58,0.040115525943245155,0.7173976274748145,0.00025
glucose,5,full_patch,log1p,0,59,0.030087545813906567,0.8252590059472531,0.00025
glucose,5,full_patch,log1p,0,60,0.03292845749197703,0.6556759599033515,0.00025
glucose,5,full_patch,log1p,0,61,0.03305964618810243,0.7260292204986281,0.000125
glucose,5,full_patch,log1p,0,62,0.029027122812659303,0.710402595257001,0.000125
glucose,5,full_patch,log1p,0,63,0.02850362350650676,0.5971175548727462,0.000125
glucose,5,full_patch,log1p,0,64,0.03313857446328894,0.6067078113251664,0.000125
ketone,1,roi_masked,raw,1,1,0.47926387389500935,2.4502902127427237,0.001
ketone,1,roi_masked,raw,1,2,0.11412974819540977,2.019243530705491,0.001
ketone,1,roi_masked,raw,1,3,0.07117974211772284,0.9889989535475046,0.001
ketone,1,roi_masked,raw,1,4,0.05739607115586599,0.6135907726135991,0.001
ketone,1,roi_masked,raw,1,5,0.0828692302107811,0.40084433980037065,0.001
ketone,1,roi_masked,raw,1,6,0.06281448602676391,0.6011464046021893,0.001
ketone,1,roi_masked,raw,1,7,0.06846807226538658,0.2589622316014081,0.001
ketone,1,roi_masked,raw,1,8,0.08301541730761527,0.22949711798141237,0.001
ketone,1,roi_masked,raw,1,9,0.05972798218329747,0.2475888959291108,0.001
ketone,1,roi_masked,raw,1,10,0.0417141151924928,0.39167843220216064,0.001
ketone,1,roi_masked,raw,1,11,0.04767780577143033,0.3823944376573407,0.001
ketone,1,roi_masked,raw,1,12,0.030592667559782665,0.1823966102741172,0.001
ketone,1,roi_masked,raw,1,13,0.05594483117262523,0.4134714736720112,0.001
ketone,1,roi_masked,raw,1,14,0.04729074575006962,0.23895566229231363,0.001
ketone,1,roi_masked,raw,1,15,0.047483210513989134,0.23825062742537145,0.001
ketone,1,roi_masked,raw,1,16,0.03736162210504214,0.18119298925932176,0.001
ketone,1,roi_masked,raw,1,17,0.06461639950672786,0.37079840954518684,0.001
ketone,1,roi_masked,raw,1,18,0.04325413430730502,0.19555691088403648,0.001
ketone,1,roi_masked,raw,1,19,0.05651139902571837,0.24580537563765092,0.001
ketone,1,roi_masked,raw,1,20,0.0660476972659429,0.19996518099116564,0.001
ketone,1,roi_masked,raw,1,21,0.08172089010477065,0.17803392619970138,0.001
ketone,1,roi_masked,raw,1,22,0.052160733938217164,0.1706566673309352,0.001
ketone,1,roi_masked,raw,1,23,0.04960899216433366,0.19603224674997277,0.001
ketone,1,roi_masked,raw,1,24,0.0289522352317969,0.28978908845984486,0.001
ketone,1,roi_masked,raw,1,25,0.034728952869772914,0.17476376421932435,0.001
ketone,1,roi_masked,raw,1,26,0.037490989764531454,0.2864791916814643,0.001
ketone,1,roi_masked,raw,1,27,0.03422076826294263,0.30802044786068017,0.001
ketone,1,roi_masked,raw,1,28,0.034138507892688116,0.17007348206787753,0.001
ketone,1,roi_masked,raw,1,29,0.030598409722248712,0.4128525553039014,0.001
ketone,1,roi_masked,raw,1,30,0.044038428862889605,0.1815135054955465,0.001
ketone,1,roi_masked,raw,1,31,0.05211149081587792,0.3334273319488054,0.001
ketone,1,roi_masked,raw,1,32,0.04351890136798223,0.36023741764435396,0.001
ketone,1,roi_masked,raw,1,33,0.08178077017267545,0.38715277208190224,0.001
ketone,1,roi_masked,raw,1,34,0.04224452152848244,0.25818429356799655,0.001
ketone,1,roi_masked,raw,1,35,0.034518199910720186,0.16435408648934807,0.001
ketone,1,roi_masked,raw,1,36,0.04816777544716994,0.3804069382968064,0.001
ketone,1,roi_masked,raw,1,37,0.03649732855459054,0.18071791761962785,0.001
ketone,1,roi_masked,raw,1,38,0.02733164851864179,0.2641492124136882,0.001
ketone,1,roi_masked,raw,1,39,0.02325305889050166,0.24780636585954208,0.001
ketone,1,roi_masked,raw,1,40,0.039545994624495505,0.3857750246165518,0.001
ketone,1,roi_masked,raw,1,41,0.05180179998278618,0.21624960553890452,0.001
ketone,1,roi_masked,raw,1,42,0.031457855552434924,0.16427199889623392,0.001
ketone,1,roi_masked,raw,1,43,0.022965644051631293,0.19712677575278525,0.001
ketone,1,roi_masked,raw,1,44,0.025224196910858154,0.213953612403727,0.001
ketone,1,roi_masked,raw,1,45,0.03283872716128826,0.19832213024923845,0.001
ketone,1,roi_masked,raw,1,46,0.032312873750925064,0.17937015793143685,0.001
ketone,1,roi_masked,raw,1,47,0.03252274965246518,0.20800556435199008,0.001
ketone,1,roi_masked,raw,1,48,0.023818300291895866,0.2584837649798263,0.001
ketone,1,roi_masked,raw,1,49,0.023195324962337813,0.18513558763668064,0.001
ketone,1,roi_masked,raw,1,50,0.027796954661607743,0.2011015021059775,0.0005
ketone,1,roi_masked,raw,1,51,0.026898294687271118,0.1476105024908466,0.0005
ketone,1,roi_masked,raw,1,52,0.024085217465957005,0.24330426733180768,0.0005
ketone,1,roi_masked,raw,1,53,0.020675087720155715,0.17355077641395666,0.0005
ketone,1,roi_masked,raw,1,54,0.032900527119636536,0.14083247241196628,0.0005
ketone,1,roi_masked,raw,1,55,0.02083665020763874,0.1581544539217538,0.0005
ketone,1,roi_masked,raw,1,56,0.02146597852309545,0.17959247496058262,0.0005
ketone,1,roi_masked,raw,1,57,0.023556791121761005,0.145638491899819,0.0005
ketone,1,roi_masked,raw,1,58,0.02412494116773208,0.24980501341471842,0.0005
ketone,1,roi_masked,raw,1,59,0.02487354427576065,0.2029895130736884,0.0005
ketone,1,roi_masked,raw,1,60,0.02583155905206998,0.27393378247102795,0.0005
ketone,1,roi_masked,raw,1,61,0.027191926538944245,0.15811761825127296,0.0005
ketone,1,roi_masked,raw,1,62,0.022660366321603457,0.19832084316923343,0.00025
ketone,1,roi_masked,raw,1,63,0.01965982827047507,0.17705472258105664,0.00025
ketone,1,roi_masked,raw,1,64,0.01924199741333723,0.16589398965882218,0.00025
ketone,1,roi_masked,raw,1,65,0.01837700481216113,0.16101979587472662,0.00025
ketone,1,roi_masked,raw,1,66,0.02431547666589419,0.15885789836569197,0.00025
ketone,1,roi_masked,raw,1,67,0.021853758643070858,0.14460120026392398,0.00025
ketone,1,roi_masked,raw,1,68,0.02093247932692369,0.14790058555962643,0.00025
ketone,1,roi_masked,raw,1,69,0.01685643574843804,0.12782226974748626,0.000125
ketone,1,roi_masked,raw,1,70,0.020559326807657877,0.16185203879274013,0.000125
ketone,1,roi_masked,raw,1,71,0.017685522387425105,0.15394000786494402,0.000125
ketone,1,roi_masked,raw,1,72,0.019356147199869157,0.15736890894026917,0.000125
ketone,1,roi_masked,raw,1,73,0.018262468030055365,0.11633691526983017,0.000125
ketone,1,roi_masked,raw,1,74,0.01620521433651447,0.13617606699208012,0.000125
ketone,1,roi_masked,raw,1,75,0.020746763795614243,0.15957473052943838,0.000125
ketone,1,roi_masked,raw,1,76,0.021012267967065176,0.14447368645390535,0.000125
ketone,1,roi_masked,raw,1,77,0.01838502921164036,0.16373244301083334,0.000125
ketone,1,roi_masked,raw,1,78,0.019083486373225846,0.11994346074701286,0.000125
ketone,1,roi_masked,raw,1,79,0.020098866894841194,0.15376116565281128,0.000125
ketone,1,roi_masked,raw,1,80,0.019450521655380727,0.15382385633215645,0.000125
ketone,1,roi_masked,raw,1,81,0.021477957038829723,0.14233737709059918,6.25e-05
ketone,1,roi_masked,raw,1,82,0.022079924369851747,0.14760247485673095,6.25e-05
ketone,1,roi_masked,raw,1,83,0.020998179788390796,0.14229908591144996,6.25e-05
ketone,1,roi_masked,raw,1,84,0.02389421674112479,0.13213390271385594,6.25e-05
ketone,1,roi_masked,raw,1,85,0.018046882500251136,0.13659420695323846,6.25e-05
ketone,1,roi_masked,raw,1,86,0.018191746373971304,0.14890807294173866,6.25e-05
ketone,1,roi_masked,raw,1,87,0.017708352021872997,0.13856020419279266,6.25e-05
ketone,1,roi_masked,raw,1,88,0.01676940666511655,0.13670167318630622,3.125e-05
ketone,1,roi_masked,raw,1,89,0.022090757886568706,0.12361898755931057,3.125e-05
ketone,1,roi_masked,raw,1,90,0.018873498464624088,0.1324593286076608,3.125e-05
ketone,1,roi_masked,raw,1,91,0.01709410473704338,0.14661001129853246,3.125e-05
ketone,1,roi_masked,log1p,0,1,0.28930384119351704,2.0805552679941375,0.001
ketone,1,roi_masked,log1p,0,2,0.08710525830586752,1.8472185418472242,0.001
ketone,1,roi_masked,log1p,0,3,0.0933542529741923,1.7701550300575273,0.001
ketone,1,roi_masked,log1p,0,4,0.06995740061004957,1.2131482316521656,0.001
ketone,1,roi_masked,log1p,0,5,0.06565372794866561,0.673398982586954,0.001
ketone,1,roi_masked,log1p,0,6,0.05651766310135523,0.5251122973133909,0.001
ketone,1,roi_masked,log1p,0,7,0.07118013699849447,0.23319638268305037,0.001
ketone,1,roi_masked,log1p,0,8,0.04883712182442347,0.23384484424445762,0.001
ketone,1,roi_masked,log1p,0,9,0.054021902630726495,0.20686883281269544,0.001
ketone,1,roi_masked,log1p,0,10,0.057824188843369484,0.33111570920719613,0.001
ketone,1,roi_masked,log1p,0,11,0.06286229553321997,0.18792864203556237,0.001
ketone,1,roi_masked,log1p,0,12,0.036348933229843776,0.39157065794647516,0.001
ketone,1,roi_masked,log1p,0,13,0.04799108033378919,0.1828280707720571,0.001
ketone,1,roi_masked,log1p,0,14,0.034386831397811575,0.39188178504272336,0.001
ketone,1,roi_masked,log1p,0,15,0.051890197396278384,0.19394929882106757,0.001
ketone,1,roi_masked,log1p,0,16,0.05796722720066706,0.6483713921057864,0.001
ketone,1,roi_masked,log1p,0,17,0.05091858680049578,0.19523294609909622,0.001
ketone,1,roi_masked,log1p,0,18,0.028535656382640204,0.46404683448455997,0.001
ketone,1,roi_masked,log1p,0,19,0.03172650275131066,0.4817827988960429,0.001
ketone,1,roi_masked,log1p,0,20,0.039677222321430845,0.3033028269185828,0.001
ketone,1,roi_masked,log1p,0,21,0.024553069099783897,0.2444131482464736,0.0005
ketone,1,roi_masked,log1p,0,22,0.02564545621474584,0.4644419372339025,0.0005
ketone,1,roi_masked,log1p,0,23,0.022031564886371296,0.5386135737591355,0.0005
ketone,1,roi_masked,log1p,0,24,0.025631776700417202,0.2144025560035417,0.0005
ketone,1,roi_masked,log1p,0,25,0.025817094867428145,0.14833470588267628,0.0005
ketone,1,roi_masked,log1p,0,26,0.023556315898895265,0.23672160864678757,0.0005
ketone,1,roi_masked,log1p,0,27,0.025155814861257873,0.12849937404839623,0.0005
ketone,1,roi_masked,log1p,0,28,0.019134020432829857,0.2200721162580998,0.0005
ketone,1,roi_masked,log1p,0,29,0.0218881294131279,0.4855663106404313,0.0005
ketone,1,roi_masked,log1p,0,30,0.023270091911156972,0.1610455732531147,0.0005
ketone,1,roi_masked,log1p,0,31,0.019080534080664315,0.3094419946576177,0.0005
ketone,1,roi_masked,log1p,0,32,0.020278971083462237,0.16731176806365233,0.0005
ketone,1,roi_masked,log1p,0,33,0.01987706994016965,0.17379762904132873,0.0005
ketone,1,roi_masked,log1p,0,34,0.01897263154387474,0.26974484886910854,0.0005
ketone,1,roi_masked,log1p,0,35,0.01758063447972139,0.3028861069830533,0.00025
ketone,1,roi_masked,log1p,0,36,0.019709265356262527,0.16507743957447646,0.00025
ketone,1,roi_masked,log1p,0,37,0.02213541151334842,0.18162486738312258,0.00025
ketone,1,roi_masked,log1p,0,38,0.021051404438912867,0.18660623902707643,0.00025
ketone,1,roi_masked,log1p,0,39,0.021011299019058547,0.20651952789426234,0.00025
ketone,1,roi_masked,log1p,0,40,0.01847451590001583,0.12930047164810027,0.00025
ketone,1,roi_masked,log1p,0,41,0.022284421945611636,0.25672594338447985,0.00025
ketone,1,roi_masked,log1p,0,42,0.021954755857586862,0.2019597639895015,0.000125
ketone,1,roi_masked,log1p,0,43,0.018134892731904984,0.1836350307449422,0.000125
ketone,1,roi_masked,log1p,0,44,0.016433812181154885,0.300436761986972,0.000125
ketone,1,roi_masked,log1p,0,45,0.02079139600197474,0.28069547205689305,0.000125
ketone,1,full_patch,raw,0,1,0.4013886824250221,2.450019350462169,0.001
ketone,1,full_patch,raw,0,2,0.14970559825499852,2.1726607308135852,0.001
ketone,1,full_patch,raw,0,3,0.08308273901542028,0.8443347181349925,0.001
ketone,1,full_patch,raw,0,4,0.10821263690789541,1.2898934676922078,0.001
ketone,1,full_patch,raw,0,5,0.0751605657239755,0.3134023397456416,0.001
ketone,1,full_patch,raw,0,6,0.07976634552081426,0.4957382478325773,0.001
ketone,1,full_patch,raw,0,7,0.08173800533016523,0.3785312271760014,0.001
ketone,1,full_patch,raw,0,8,0.08560722321271896,0.24410370859911026,0.001
ketone,1,full_patch,raw,0,9,0.06595622797807058,0.24156933106347026,0.001
ketone,1,full_patch,raw,0,10,0.09176645626624426,0.20315333031578636,0.001
ketone,1,full_patch,raw,0,11,0.04944629867871602,0.2749996344257061,0.001
ketone,1,full_patch,raw,0,12,0.04612272176891565,0.3095586451611974,0.001
ketone,1,full_patch,raw,0,13,0.04882491032282511,0.2935078223113736,0.001
ketone,1,full_patch,raw,0,14,0.051359898100296654,0.22819231251729982,0.001
ketone,1,full_patch,raw,0,15,0.04314084028204282,0.34077039306234436,0.001
ketone,1,full_patch,raw,0,16,0.053080216298500696,0.19284980636411886,0.001
ketone,1,full_patch,raw,0,17,0.08441264629364013,0.23309470677034533,0.001
ketone,1,full_patch,raw,0,18,0.04648615134259065,0.2729537845600967,0.001
ketone,1,full_patch,raw,0,19,0.05390828674038251,0.18095328159018148,0.001
ketone,1,full_patch,raw,0,20,0.05182627687851588,0.21500275096763766,0.001
ketone,1,full_patch,raw,0,21,0.03685601303974787,0.3929665999483481,0.001
ketone,1,full_patch,raw,0,22,0.055370740095774335,0.24496648189675005,0.001
ketone,1,full_patch,raw,0,23,0.04077890838185946,0.1945817283462069,0.001
ketone,1,full_patch,raw,0,24,0.04929677148660024,0.2090907583121089,0.001
ketone,1,full_patch,raw,0,25,0.03756640454133352,0.1751537296012221,0.001
ketone,1,full_patch,raw,0,26,0.04399291028579076,0.18820728821392768,0.001
ketone,1,full_patch,raw,0,27,0.04438311358292898,0.21269927723503962,0.001
ketone,1,full_patch,raw,0,28,0.1055197889606158,0.252439625627319,0.001
ketone,1,full_patch,raw,0,29,0.0748329997062683,0.28341080486830317,0.001
ketone,1,full_patch,raw,0,30,0.10876257767279943,0.2947985697550273,0.001
ketone,1,full_patch,raw,0,31,0.08060255497694016,0.42231978583876384,0.001
ketone,1,full_patch,raw,0,32,0.09022818654775619,0.18193374782059848,0.001
ketone,1,full_patch,raw,0,33,0.03606488481163979,0.3741941206037522,0.0005
ketone,1,full_patch,raw,0,34,0.04443210562070211,0.20704372687419598,0.0005
ketone,1,full_patch,raw,0,35,0.03838921363155047,0.23999977720324275,0.0005
ketone,1,full_patch,raw,0,36,0.046681172773242,0.23930611364564514,0.0005
ketone,1,full_patch,raw,0,37,0.057313321406642595,0.275137266750633,0.0005
ketone,1,full_patch,raw,0,38,0.038147706724703315,0.2122666755036623,0.0005
ketone,1,full_patch,raw,0,39,0.0473745871335268,0.2791538173053718,0.0005
ketone,1,full_patch,raw,0,40,0.03070580114920934,0.22478913416321344,0.00025
ketone,1,full_patch,raw,0,41,0.030313797915975254,0.20348090731503804,0.00025
ketone,1,full_patch,raw,0,42,0.04105806164443493,0.2069628661148476,0.00025
ketone,1,full_patch,raw,0,43,0.05251854136586189,0.22702319485349765,0.00025
ketone,1,full_patch,log1p,1,1,0.34493268430233004,1.9488792215208424,0.001
ketone,1,full_patch,log1p,1,2,0.07591616710027059,1.4837769130536564,0.001
ketone,1,full_patch,log1p,1,3,0.08704255322615305,1.2618166105120727,0.001
ketone,1,full_patch,log1p,1,4,0.055885019401709236,0.7459130590964707,0.001
ketone,1,full_patch,log1p,1,5,0.06783324802915255,0.8656222323035088,0.001
ketone,1,full_patch,log1p,1,6,0.06263965542117754,0.21496913550307892,0.001
ketone,1,full_patch,log1p,1,7,0.10777120739221573,0.48681838604159,0.001
ketone,1,full_patch,log1p,1,8,0.06126738252739112,0.7455508027761032,0.001
ketone,1,full_patch,log1p,1,9,0.04099849512179692,0.3693439137228992,0.001
ketone,1,full_patch,log1p,1,10,0.04895908335844676,0.18881024700628585,0.001
ketone,1,full_patch,log1p,1,11,0.04460675021012624,0.1948018839979629,0.001
ketone,1,full_patch,log1p,1,12,0.05186586553851764,0.200425886932448,0.001
ketone,1,full_patch,log1p,1,13,0.0736587838580211,0.37506108238718233,0.001
ketone,1,full_patch,log1p,1,14,0.058586798359950384,0.17990485775040968,0.001
ketone,1,full_patch,log1p,1,15,0.05801772847771645,0.2956868477613775,0.001
ketone,1,full_patch,log1p,1,16,0.06361267069975535,0.2975970761868202,0.001
ketone,1,full_patch,log1p,1,17,0.05356028179327647,0.3613198949197921,0.001
ketone,1,full_patch,log1p,1,18,0.0626579244931539,0.33453282180149735,0.001
ketone,1,full_patch,log1p,1,19,0.0371500588953495,0.17648879565533943,0.001
ketone,1,full_patch,log1p,1,20,0.03757030094663302,0.43465841495133084,0.001
ketone,1,full_patch,log1p,1,21,0.03396906939645608,0.1800648079778261,0.001
ketone,1,full_patch,log1p,1,22,0.034502846747636796,0.2757698282453874,0.001
ketone,1,full_patch,log1p,1,23,0.035341302305459975,0.16133118200054342,0.001
ketone,1,full_patch,log1p,1,24,0.04824243833621343,0.15468872445902654,0.001
ketone,1,full_patch,log1p,1,25,0.06366895586252212,0.2130552147615462,0.001
ketone,1,full_patch,log1p,1,26,0.04341614718238513,0.20057388679550486,0.001
ketone,1,full_patch,log1p,1,27,0.05097378542025884,0.23898442586224614,0.001
ketone,1,full_patch,log1p,1,28,0.0617741492887338,0.33725312914877814,0.001
ketone,1,full_patch,log1p,1,29,0.05051740035414696,0.3917919387755915,0.001
ketone,1,full_patch,log1p,1,30,0.06618643502394359,0.446649156780513,0.001
ketone,1,full_patch,log1p,1,31,0.04673447286089261,0.18348041407023824,0.001
ketone,1,full_patch,log1p,1,32,0.03640809680024783,0.17147490030730841,0.0005
ketone,1,full_patch,log1p,1,33,0.027049902454018594,0.2961695338373062,0.0005
ketone,1,full_patch,log1p,1,34,0.0310654915869236,0.15774689039066808,0.0005
ketone,1,full_patch,log1p,1,35,0.04165541032950083,0.37365406690510083,0.0005
ketone,1,full_patch,log1p,1,36,0.03300487200419108,0.20586689016077428,0.0005
ketone,1,full_patch,log1p,1,37,0.03033565034468969,0.13393111107971511,0.0005
ketone,1,full_patch,log1p,1,38,0.02821727581322193,0.20811664009962197,0.0005
ketone,1,full_patch,log1p,1,39,0.031571105619271594,0.4004899749774415,0.0005
ketone,1,full_patch,log1p,1,40,0.031960841516653696,0.2674080059981119,0.0005
ketone,1,full_patch,log1p,1,41,0.039891877522071205,0.2611300253259956,0.0005
ketone,1,full_patch,log1p,1,42,0.026085814212759337,0.14027455797409272,0.0005
ketone,1,full_patch,log1p,1,43,0.0259957122306029,0.14396783858314466,0.0005
ketone,1,full_patch,log1p,1,44,0.025110480561852454,0.18167111174857,0.0005
ketone,1,full_patch,log1p,1,45,0.033508493875463806,0.12027996319225372,0.00025
ketone,1,full_patch,log1p,1,46,0.024407965938250224,0.24828047010385884,0.00025
ketone,1,full_patch,log1p,1,47,0.032227979103724165,0.24539269377217665,0.00025
ketone,1,full_patch,log1p,1,48,0.030795768896738688,0.1362774660276049,0.00025
ketone,1,full_patch,log1p,1,49,0.033801034837961194,0.32897753949005015,0.00025
ketone,1,full_patch,log1p,1,50,0.02635172779361407,0.34270189811758456,0.00025
ketone,1,full_patch,log1p,1,51,0.02524988365670045,0.12351896718142755,0.00025
ketone,1,full_patch,log1p,1,52,0.028176213055849074,0.19362760529105494,0.00025
ketone,1,full_patch,log1p,1,53,0.027989383290211358,0.21061271434895068,0.000125
ketone,1,full_patch,log1p,1,54,0.02729866256316503,0.17363729331671104,0.000125
ketone,1,full_patch,log1p,1,55,0.02819178725282351,0.16891259111707302,0.000125
ketone,1,full_patch,log1p,1,56,0.029672658319274584,0.21641816156137902,0.000125
ketone,1,full_patch,log1p,1,57,0.025224976241588593,0.24133899104488224,0.000125
ketone,1,full_patch,log1p,1,58,0.024357014273603757,0.13616763434048634,0.000125
ketone,1,full_patch,log1p,1,59,0.02293114463488261,0.16356349409763604,0.000125
ketone,1,full_patch,log1p,1,60,0.02041067071259022,0.21644480048855824,6.25e-05
ketone,1,full_patch,log1p,1,61,0.02177288004507621,0.22296338655333822,6.25e-05
ketone,1,full_patch,log1p,1,62,0.023679022987683613,0.21950105838113826,6.25e-05
ketone,1,full_patch,log1p,1,63,0.023814268658558527,0.13946225647011964,6.25e-05
ketone,2,roi_masked,raw,0,1,0.49617881169084643,2.5595397874295376,0.001
ketone,2,roi_masked,raw,0,2,0.09402501204463302,2.0998657261906866,0.001
ketone,2,roi_masked,raw,0,3,0.07381271045716083,1.418870364470462,0.001
ketone,2,roi_masked,raw,0,4,0.06713998391002905,0.8166351563187072,0.001
ketone,2,roi_masked,raw,0,5,0.04679347538068646,0.6555645973216585,0.001
ketone,2,roi_masked,raw,0,6,0.06122436734740851,0.4653800811154755,0.001
ketone,2,roi_masked,raw,0,7,0.048045386239642,0.32059067554305165,0.001
ketone,2,roi_masked,raw,0,8,0.04016237040279341,0.39324180539077735,0.001
ketone,2,roi_masked,raw,0,9,0.058200586037557636,0.5453685447940708,0.001
ketone,2,roi_masked,raw,0,10,0.04590978534495244,0.46528136168169587,0.001
ketone,2,roi_masked,raw,0,11,0.06599546584193824,0.20502105331116693,0.001
ketone,2,roi_masked,raw,0,12,0.047970573433109974,0.36475919724067224,0.001
ketone,2,roi_masked,raw,0,13,0.05397580264777434,0.5095220156335846,0.001
ketone,2,roi_masked,raw,0,14,0.05470940299698564,0.403170959032682,0.001
ketone,2,roi_masked,raw,0,15,0.07674191012734273,0.26604901905177103,0.001
ketone,2,roi_masked,raw,0,16,0.04827527604142173,0.32658827329056,0.001
ketone,2,roi_masked,raw,0,17,0.03589715213194245,0.24616362779977902,0.001
ketone,2,roi_masked,raw,0,18,0.047556565982885046,0.2945252403383186,0.001
ketone,2,roi_masked,raw,0,19,0.038549491341729636,0.36491928104311994,0.0005
ketone,2,roi_masked,raw,0,20,0.05083091899019773,0.20722195257145018,0.0005
ketone,2,roi_masked,raw,0,21,0.0333546591220332,0.36250568701585945,0.0005
ketone,2,roi_masked,raw,0,22,0.04261398272680455,0.2213719399803552,0.0005
ketone,2,roi_masked,raw,0,23,0.026865194292097796,0.25385770446874173,0.0005
ketone,2,roi_masked,raw,0,24,0.03538184857270757,0.2307129064436927,0.0005
ketone,2,roi_masked,raw,0,25,0.03565913539563046,0.26233883315271556,0.0005
ketone,2,roi_masked,raw,0,26,0.03431423335168205,0.23925913813483804,0.00025
ketone,2,roi_masked,raw,0,27,0.029447178188406052,0.22604827548052725,0.00025
ketone,2,roi_masked,raw,0,28,0.0293970202996594,0.24967213979052358,0.00025
ketone,2,roi_masked,raw,0,29,0.03791633071225198,0.2234774613665506,0.00025
ketone,2,roi_masked,log1p,1,1,0.33259682210742453,1.9812530066452751,0.001
ketone,2,roi_masked,log1p,1,2,0.09900071007795021,1.7434598002483293,0.001
ketone,2,roi_masked,log1p,1,3,0.05423106741709787,1.3664525861242272,0.001
ketone,2,roi_masked,log1p,1,4,0.04750000679346382,0.9989846128794371,0.001
ketone,2,roi_masked,log1p,1,5,0.039172586420031845,0.8194922869537365,0.001
ketone,2,roi_masked,log1p,1,6,0.07711944411524006,0.6990399196747545,0.001
ketone,2,roi_masked,log1p,1,7,0.044147638939931746,0.22926151104434953,0.001
ketone,2,roi_masked,log1p,1,8,0.05037457117291748,0.3382522151404198,0.001
ketone,2,roi_masked,log1p,1,9,0.0381434970825422,0.2842272161844219,0.001
ketone,2,roi_masked,log1p,1,10,0.03441448674583044,0.44119000229992833,0.001
ketone,2,roi_masked,log1p,1,11,0.03680111431196088,0.2782991051137986,0.001
ketone,2,roi_masked,log1p,1,12,0.05631674948285838,0.2850444483311527,0.001
ketone,2,roi_masked,log1p,1,13,0.038589239486905395,0.24879018722191804,0.001
ketone,2,roi_masked,log1p,1,14,0.06174336703585797,0.5252683097766837,0.001
ketone,2,roi_masked,log1p,1,15,0.06707492641738204,0.26816807331199843,0.0005
ketone,2,roi_masked,log1p,1,16,0.03244982043006381,0.2062301359772581,0.0005
ketone,2,roi_masked,log1p,1,17,0.025471978683452138,0.1979493175352458,0.0005
ketone,2,roi_masked,log1p,1,18,0.029365663370880923,0.2802297212572886,0.0005
ketone,2,roi_masked,log1p,1,19,0.03029982250977735,0.28291163350407167,0.0005
ketone,2,roi_masked,log1p,1,20,0.03182629013403517,0.21495849553718754,0.0005
ketone,2,roi_masked,log1p,1,21,0.025375088676810265,0.2573604646972307,0.0005
ketone,2,roi_masked,log1p,1,22,0.025777058217857706,0.2941932347634644,0.0005
ketone,2,roi_masked,log1p,1,23,0.028083612684343683,0.3420685033030377,0.0005
ketone,2,roi_masked,log1p,1,24,0.026932423293101984,0.2656879543925271,0.0005
ketone,2,roi_masked,log1p,1,25,0.024881045471449367,0.2649291931093174,0.00025
ketone,2,roi_masked,log1p,1,26,0.02148201597518608,0.19202512838206082,0.00025
ketone,2,roi_masked,log1p,1,27,0.02170909483168946,0.23162919864612075,0.00025
ketone,2,roi_masked,log1p,1,28,0.02701359675800214,0.20348001373626592,0.00025
ketone,2,roi_masked,log1p,1,29,0.025355241093479218,0.28471979239351825,0.00025
ketone,2,roi_masked,log1p,1,30,0.023106328562879173,0.17258702023091055,0.00025
ketone,2,roi_masked,log1p,1,31,0.020195405884477935,0.2508090342774614,0.00025
ketone,2,roi_masked,log1p,1,32,0.020743940330919673,0.21571381803340783,0.00025
ketone,2,roi_masked,log1p,1,33,0.019695968107610453,0.22199444347582573,0.00025
ketone,2,roi_masked,log1p,1,34,0.023084555126604487,0.293747042343533,0.00025
ketone,2,roi_masked,log1p,1,35,0.017584798094190536,0.1789782254795458,0.00025
ketone,2,roi_masked,log1p,1,36,0.018047899221543404,0.2304929752449807,0.00025
ketone,2,roi_masked,log1p,1,37,0.0174265198531698,0.19538554758161933,0.00025
ketone,2,roi_masked,log1p,1,38,0.02065211687175954,0.16914983287297847,0.000125
ketone,2,roi_masked,log1p,1,39,0.020251584025557903,0.17187118994490747,0.000125
ketone,2,roi_masked,log1p,1,40,0.02222008566509505,0.20387798257441886,0.000125
ketone,2,roi_masked,log1p,1,41,0.017902677588653368,0.16412034071834306,0.000125
ketone,2,roi_masked,log1p,1,42,0.018746758001993914,0.18136012398897827,0.000125
ketone,2,roi_masked,log1p,1,43,0.018395634673413683,0.2059397837389631,0.000125
ketone,2,roi_masked,log1p,1,44,0.01785402641188903,0.18377210584071865,0.000125
ketone,2,roi_masked,log1p,1,45,0.018295969172823626,0.16720639985248575,0.000125
ketone,2,roi_masked,log1p,1,46,0.021798404361136624,0.18067083264720832,0.000125
ketone,2,roi_masked,log1p,1,47,0.01870684603565052,0.17773453853024518,0.000125
ketone,2,roi_masked,log1p,1,48,0.020747757074041445,0.18524662084799592,0.000125
ketone,2,roi_masked,log1p,1,49,0.021271443574643525,0.173225509480462,6.25e-05
ketone,2,roi_masked,log1p,1,50,0.018461105871762407,0.17850929034244173,6.25e-05
ketone,2,roi_masked,log1p,1,51,0.01980172461051433,0.19928136901088794,6.25e-05
ketone,2,roi_masked,log1p,1,52,0.017970850080495974,0.16319322416972248,6.25e-05
ketone,2,roi_masked,log1p,1,53,0.01992463253316332,0.17384946258030015,6.25e-05
ketone,2,roi_masked,log1p,1,54,0.018656194179517326,0.2024134116207697,6.25e-05
ketone,2,roi_masked,log1p,1,55,0.01846811929564984,0.19597137058144415,6.25e-05
ketone,2,roi_masked,log1p,1,56,0.017710466121063858,0.16506760546886062,6.25e-05
ketone,2,roi_masked,log1p,1,57,0.017240841216484053,0.19100060734621063,6.25e-05
ketone,2,roi_masked,log1p,1,58,0.01836800868393945,0.20945654570069627,6.25e-05
ketone,2,roi_masked,log1p,1,59,0.01824889799244091,0.19850484588193773,6.25e-05
ketone,2,roi_masked,log1p,1,60,0.01820746297780119,0.19064048573396097,3.125e-05
ketone,2,roi_masked,log1p,1,61,0.015602761879563332,0.18860500802045171,3.125e-05
ketone,2,roi_masked,log1p,1,62,0.01894917598635447,0.18673777372609618,3.125e-05
ketone,2,roi_masked,log1p,1,63,0.01766790593134575,0.20676936803218787,3.125e-05
ketone,2,roi_masked,log1p,1,64,0.022026755205798346,0.17547904958429109,3.125e-05
ketone,2,roi_masked,log1p,1,65,0.019811710785524766,0.17538820963259616,3.125e-05
ketone,2,roi_masked,log1p,1,66,0.019596426304979403,0.19863878998166656,3.125e-05
ketone,2,roi_masked,log1p,1,67,0.016496620461589,0.18536660024433127,1.5625e-05
ketone,2,roi_masked,log1p,1,68,0.019443294033408165,0.19283656556013942,1.5625e-05
ketone,2,roi_masked,log1p,1,69,0.01950173373105096,0.18082227381074,1.5625e-05
ketone,2,roi_masked,log1p,1,70,0.019204194550631475,0.16891817391547218,1.5625e-05
ketone,2,full_patch,raw,1,1,0.4061472225384634,2.426178397339911,0.001
ketone,2,full_patch,raw,1,2,0.08341725182826401,1.5938388911846857,0.001
ketone,2,full_patch,raw,1,3,0.07254065902995281,1.2303145613296094,0.001
ketone,2,full_patch,raw,1,4,0.08813916171183352,0.47735459985751716,0.001
ketone,2,full_patch,raw,1,5,0.05310826534863378,0.5988188798234613,0.001
ketone,2,full_patch,raw,1,6,0.07885717631119196,0.26231731573981426,0.001
ketone,2,full_patch,raw,1,7,0.0974004834768225,0.2995289003966026,0.001
ketone,2,full_patch,raw,1,8,0.07778570147567108,0.7929129921681441,0.001
ketone,2,full_patch,raw,1,9,0.07203843676653064,0.4068029603841013,0.001
ketone,2,full_patch,raw,1,10,0.05514218572710381,0.5062761495246885,0.001
ketone,2,full_patch,raw,1,11,0.06762240387377191,0.3024989958826255,0.001
ketone,2,full_patch,raw,1,12,0.053125476861586335,0.25759505393034443,0.001
ketone,2,full_patch,raw,1,13,0.07147873858692216,0.24395342568948103,0.001
ketone,2,full_patch,raw,1,14,0.08734812868423149,0.3353565208331154,0.001
ketone,2,full_patch,raw,1,15,0.0623528499950151,0.258254437875167,0.001
ketone,2,full_patch,raw,1,16,0.04047618977359084,0.25077663762522595,0.001
ketone,2,full_patch,raw,1,17,0.06580405517435464,0.3149158871422577,0.001
ketone,2,full_patch,raw,1,18,0.06508781394509018,0.2863084364304961,0.001
ketone,2,full_patch,raw,1,19,0.049415300646033444,0.305961070677181,0.001
ketone,2,full_patch,raw,1,20,0.05945088109764896,0.23197780833103815,0.001
ketone,2,full_patch,raw,1,21,0.08876441266448772,0.3412905644467129,0.001
ketone,2,full_patch,raw,1,22,0.08473399916633231,0.2892002095970466,0.001
ketone,2,full_patch,raw,1,23,0.05300331827192033,0.21698709524433168,0.001
ketone,2,full_patch,raw,1,24,0.056995273186046566,0.3263319590098851,0.001
ketone,2,full_patch,raw,1,25,0.07151795545073807,0.2204043801737083,0.001
ketone,2,full_patch,raw,1,26,0.04162668400123471,0.3486518325322313,0.001
ketone,2,full_patch,raw,1,27,0.04900868872150046,0.3625295473000005,0.001
ketone,2,full_patch,raw,1,28,0.06855786762765197,0.34309824094285213,0.001
ketone,2,full_patch,raw,1,29,0.05874898467884689,0.209982430415073,0.001
ketone,2,full_patch,raw,1,30,0.0585673876473161,0.3825561527079464,0.001
ketone,2,full_patch,raw,1,31,0.05445087615583764,0.23465663874635462,0.001
ketone,2,full_patch,raw,1,32,0.06077815641145237,0.18995697497552883,0.001
ketone,2,full_patch,raw,1,33,0.05445446409895772,0.23510838586940222,0.001
ketone,2,full_patch,raw,1,34,0.049846504188951896,0.2663551787675932,0.001
ketone,2,full_patch,raw,1,35,0.055985950757978395,0.44238272412599444,0.001
ketone,2,full_patch,raw,1,36,0.07241840904853383,0.24102703554302424,0.001
ketone,2,full_patch,raw,1,37,0.06891897149750444,0.30592458410763734,0.001
ketone,2,full_patch,raw,1,38,0.05253925272187249,0.33413207962939184,0.001
ketone,2,full_patch,raw,1,39,0.05049815370899732,0.24743501637686208,0.001
ketone,2,full_patch,raw,1,40,0.04825856896941779,0.17347038993766517,0.0005
ketone,2,full_patch,raw,1,41,0.04457061701133603,0.23805528538673523,0.0005
ketone,2,full_patch,raw,1,42,0.050046690205325844,0.21003624557151138,0.0005
ketone,2,full_patch,raw,1,43,0.033754927335215394,0.1897393436266824,0.0005
ketone,2,full_patch,raw,1,44,0.03235522820995968,0.19266825466982573,0.0005
ketone,2,full_patch,raw,1,45,0.04068946954412538,0.31169045337258144,0.0005
ketone,2,full_patch,raw,1,46,0.051931897239362604,0.18984993464579053,0.0005
ketone,2,full_patch,raw,1,47,0.046921854930334406,0.24240256555888604,0.0005
ketone,2,full_patch,raw,1,48,0.05310339798204235,0.20722017725289602,0.00025
ketone,2,full_patch,raw,1,49,0.05147723157386311,0.15681506317724628,0.00025
ketone,2,full_patch,raw,1,50,0.04233054951077602,0.2183496549822495,0.00025
ketone,2,full_patch,raw,1,51,0.03223651959026446,0.14378073539062974,0.00025
ketone,2,full_patch,raw,1,52,0.0274316562248058,0.23512232039379177,0.00025
ketone,2,full_patch,raw,1,53,0.05429094907690267,0.1363486863364509,0.00025
ketone,2,full_patch,raw,1,54,0.03883294174905683,0.2071553517755824,0.00025
ketone,2,full_patch,raw,1,55,0.03504288532450551,0.1926100701468293,0.00025
ketone,2,full_patch,raw,1,56,0.026902209112390142,0.13269319994373308,0.00025
ketone,2,full_patch,raw,1,57,0.042433587498352174,0.1669601398368063,0.00025
ketone,2,full_patch,raw,1,58,0.031560315277244226,0.20395749718109923,0.00025
ketone,2,full_patch,raw,1,59,0.03952005444491496,0.14695574835156,0.00025
ketone,2,full_patch,raw,1,60,0.027763551956073183,0.20017702730038986,0.00025
ketone,2,full_patch,raw,1,61,0.028302929990115713,0.1474543420294499,0.00025
ketone,2,full_patch,raw,1,62,0.033209814934334794,0.17789858271676484,0.00025
ketone,2,full_patch,raw,1,63,0.038301590616341495,0.17931010717753335,0.00025
ketone,2,full_patch,raw,1,64,0.028173659210566613,0.20337943491445226,0.000125
ketone,2,full_patch,raw,1,65,0.027949682543756533,0.18084875449878485,0.000125
ketone,2,full_patch,raw,1,66,0.030719031992017247,0.1505135315467433,0.000125
ketone,2,full_patch,raw,1,67,0.02519464413406419,0.16411341963729265,0.000125
ketone,2,full_patch,raw,1,68,0.02356630166778799,0.17467327018210665,0.000125
ketone,2,full_patch,raw,1,69,0.02739686787617011,0.15503152771637502,0.000125
ketone,2,full_patch,raw,1,70,0.027737298461257436,0.19829892270684168,0.000125
ketone,2,full_patch,raw,1,71,0.032180954748001256,0.17860799422454748,6.25e-05
ketone,2,full_patch,raw,1,72,0.040720662254779064,0.14133877628609118,6.25e-05
ketone,2,full_patch,raw,1,73,0.023238977783771812,0.15642274276729742,6.25e-05
ketone,2,full_patch,raw,1,74,0.0333600199827161,0.182281386324667,6.25e-05
ketone,2,full_patch,log1p,0,1,0.6422129864575433,2.033972528023022,0.001
ketone,2,full_patch,log1p,0,2,0.13024453354663537,1.447346699443417,0.001
ketone,2,full_patch,log1p,0,3,0.10851818433061974,1.1559626031508343,0.001
ketone,2,full_patch,log1p,0,4,0.08660340773277596,0.24132154274833018,0.001
ketone,2,full_patch,log1p,0,5,0.09450879399893714,0.24829632832144422,0.001
ketone,2,full_patch,log1p,0,6,0.08131978666928948,0.5187244176009742,0.001
ketone,2,full_patch,log1p,0,7,0.06144252413364708,0.4075372887655621,0.001
ketone,2,full_patch,log1p,0,8,0.06545048194830536,0.2660776582262629,0.001
ketone,2,full_patch,log1p,0,9,0.06312104815342387,0.5446783278281168,0.001
ketone,2,full_patch,log1p,0,10,0.07008368705139785,0.29164668349806855,0.001
ketone,2,full_patch,log1p,0,11,0.05772417173033855,0.4245130735601911,0.001
ketone,2,full_patch,log1p,0,12,0.0541621132402635,0.2674319127165467,0.0005
ketone,2,full_patch,log1p,0,13,0.08407833677579145,0.2581415470897272,0.0005
ketone,2,full_patch,log1p,0,14,0.04058264959298196,0.3749841144270269,0.0005
ketone,2,full_patch,log1p,0,15,0.043542363879377724,0.22454527022066165,0.0005
ketone,2,full_patch,log1p,0,16,0.061813136837521536,0.23193830820800498,0.0005
ketone,2,full_patch,log1p,0,17,0.04280658518193198,0.5112961495764948,0.0005
ketone,2,full_patch,log1p,0,18,0.06183432231916756,0.2702813056992204,0.0005
ketone,2,full_patch,log1p,0,19,0.044327743901092495,0.2477275198510794,0.0005
ketone,2,full_patch,log1p,0,20,0.054898145746012206,0.37117278552493393,0.0005
ketone,2,full_patch,log1p,0,21,0.031781089476874615,0.21244715619270912,0.0005
ketone,2,full_patch,log1p,0,22,0.0372944319712334,0.355865223710943,0.0005
ketone,2,full_patch,log1p,0,23,0.04960118618900659,0.2914452299761967,0.0005
ketone,2,full_patch,log1p,0,24,0.0821308001998018,0.1888919532844765,0.0005
ketone,2,full_patch,log1p,0,25,0.06400891158302299,0.5508680932564239,0.0005
ketone,2,full_patch,log1p,0,26,0.04546004790263098,0.2387955124359205,0.0005
ketone,2,full_patch,log1p,0,27,0.04902414971443474,0.2422862080623227,0.0005
ketone,2,full_patch,log1p,0,28,0.0473348398799779,0.22974389576446175,0.0005
ketone,2,full_patch,log1p,0,29,0.05437473757345168,0.33760356092001687,0.0005
ketone,2,full_patch,log1p,0,30,0.05126922650903952,0.2173353361633549,0.0005
ketone,2,full_patch,log1p,0,31,0.04660352397343663,0.18934246147506467,0.0005
ketone,2,full_patch,log1p,0,32,0.06564013537813405,0.25822332357504246,0.00025
ketone,2,full_patch,log1p,0,33,0.03147262008097328,0.2224525360738711,0.00025
ketone,2,full_patch,log1p,0,34,0.034410788937181726,0.18841529281144218,0.00025
ketone,2,full_patch,log1p,0,35,0.04205099673422634,0.23494039376512227,0.00025
ketone,2,full_patch,log1p,0,36,0.03704906658070986,0.2435483928832712,0.00025
ketone,2,full_patch,log1p,0,37,0.03406030562568883,0.2180159638451086,0.00025
ketone,2,full_patch,log1p,0,38,0.03313598183334851,0.20881275982795572,0.00025
ketone,2,full_patch,log1p,0,39,0.04340085729223783,0.21356565985039191,0.00025
ketone,2,full_patch,log1p,0,40,0.030744423814972895,0.20796425415471428,0.00025
ketone,2,full_patch,log1p,0,41,0.03366479106613847,0.2317433039833251,0.00025
ketone,2,full_patch,log1p,0,42,0.03546877431332088,0.1821098803675123,0.000125
ketone,2,full_patch,log1p,0,43,0.032438742943474506,0.20250300265155724,0.000125
ketone,2,full_patch,log1p,0,44,0.03774696509124803,0.22760979615126165,0.000125
ketone,2,full_patch,log1p,0,45,0.029290845495511274,0.24410761781425563,0.000125
ketone,2,full_patch,log1p,0,46,0.04082565333266727,0.22952728385159515,0.000125
ketone,2,full_patch,log1p,0,47,0.035878403326038456,0.1721646808610911,0.000125
ketone,2,full_patch,log1p,0,48,0.04308221382317973,0.2142870155015854,0.000125
ketone,2,full_patch,log1p,0,49,0.041593694723531846,0.22362744329064094,0.000125
ketone,2,full_patch,log1p,0,50,0.047694418151847655,0.17573114486599162,0.000125
ketone,2,full_patch,log1p,0,51,0.03953894105602483,0.19148019591172433,0.000125
ketone,2,full_patch,log1p,0,52,0.036761117702136276,0.17268697592792331,0.000125
ketone,2,full_patch,log1p,0,53,0.039201342180127004,0.21160717539028204,0.000125
ketone,2,full_patch,log1p,0,54,0.028159619568557035,0.2703978935681421,0.000125
ketone,2,full_patch,log1p,0,55,0.05711505571227582,0.20234927150446463,6.25e-05
ketone,2,full_patch,log1p,0,56,0.02655735767644937,0.18770212609484763,6.25e-05
ketone,2,full_patch,log1p,0,57,0.028995887758057625,0.18737066258887977,6.25e-05
ketone,2,full_patch,log1p,0,58,0.03952779666688599,0.17691491302644666,6.25e-05
ketone,2,full_patch,log1p,0,59,0.049542850341464655,0.18128399718270716,6.25e-05
ketone,2,full_patch,log1p,0,60,0.03161343486338365,0.20836615459732177,6.25e-05
ketone,2,full_patch,log1p,0,61,0.029282072772745225,0.18835940847249916,6.25e-05
ketone,2,full_patch,log1p,0,62,0.03573531590279986,0.1862028909588353,3.125e-05
ketone,2,full_patch,log1p,0,63,0.03481629655742254,0.2017629516169164,3.125e-05
ketone,2,full_patch,log1p,0,64,0.02643654776401207,0.18451982617529383,3.125e-05
ketone,2,full_patch,log1p,0,65,0.03246346262634778,0.18853828512091705,3.125e-05
ketone,3,roi_masked,raw,0,1,0.31480855091673426,2.690927187180674,0.001
ketone,3,roi_masked,raw,0,2,0.08868013554420627,2.235582168402148,0.001
ketone,3,roi_masked,raw,0,3,0.06261591130837066,1.818957283607451,0.001
ketone,3,roi_masked,raw,0,4,0.052996002717829144,1.1097403143027442,0.001
ketone,3,roi_masked,raw,0,5,0.05082406738742453,0.8209059473079321,0.001
ketone,3,roi_masked,raw,0,6,0.08089393523872876,0.38882889190561887,0.001
ketone,3,roi_masked,raw,0,7,0.08800766516293658,0.38627581493189517,0.001
ketone,3,roi_masked,raw,0,8,0.050106797123053035,0.18705009950109047,0.001
ketone,3,roi_masked,raw,0,9,0.05669060448703707,0.23466584887541145,0.001
ketone,3,roi_masked,raw,0,10,0.0441062546289358,0.21779631158606655,0.001
ketone,3,roi_masked,raw,0,11,0.049113342813292486,0.19462192675888101,0.001
ketone,3,roi_masked,raw,0,12,0.04632644776682385,0.24362567134951196,0.001
ketone,3,roi_masked,raw,0,13,0.04590693372683447,0.21051656752730996,0.001
ketone,3,roi_masked,raw,0,14,0.03925422331715216,0.23906472831211356,0.001
ketone,3,roi_masked,raw,0,15,0.03827386028820374,0.2598762552701378,0.001
ketone,3,roi_masked,raw,0,16,0.029961081985078873,0.15647485583055934,0.0005
ketone,3,roi_masked,raw,0,17,0.03617238235033927,0.19897300197678508,0.0005
ketone,3,roi_masked,raw,0,18,0.041337697781988834,0.14659606642060913,0.0005
ketone,3,roi_masked,raw,0,19,0.03954860042841708,0.1678918690624972,0.0005
ketone,3,roi_masked,raw,0,20,0.033228813136210206,0.18795086723439303,0.0005
ketone,3,roi_masked,raw,0,21,0.022702449031907025,0.14013999108477232,0.0005
ketone,3,roi_masked,raw,0,22,0.035107471476324266,0.14730365933709957,0.0005
ketone,3,roi_masked,raw,0,23,0.039850239504556184,0.16877285799674824,0.0005
ketone,3,roi_masked,raw,0,24,0.026426529023246687,0.1783710503519999,0.0005
ketone,3,roi_masked,raw,0,25,0.032057454534729975,0.34319151921483193,0.0005
ketone,3,roi_masked,raw,0,26,0.032906074229566776,0.14110175324435922,0.0005
ketone,3,roi_masked,raw,0,27,0.027617502377414314,0.20773412371868277,0.0005
ketone,3,roi_masked,raw,0,28,0.025298230777509877,0.152340380881872,0.0005
ketone,3,roi_masked,raw,0,29,0.0243694897680009,0.1785791462487676,0.00025
ketone,3,roi_masked,raw,0,30,0.03150300519754652,0.12187058513218937,0.00025
ketone,3,roi_masked,raw,0,31,0.035009780990295725,0.22850946297754887,0.00025
ketone,3,roi_masked,raw,0,32,0.034248593767158324,0.11457720235464156,0.00025
ketone,3,roi_masked,raw,0,33,0.03512336203797919,0.26784234664870776,0.00025
ketone,3,roi_masked,raw,0,34,0.025163254593728018,0.1593873021478536,0.00025
ketone,3,roi_masked,raw,0,35,0.0351175994413798,0.227488399794147,0.00025
ketone,3,roi_masked,raw,0,36,0.024814599972279347,0.14579313927193502,0.00025
ketone,3,roi_masked,raw,0,37,0.028160247279972326,0.15551769982063132,0.00025
ketone,3,roi_masked,raw,0,38,0.025133845320001978,0.14805612096920728,0.00025
ketone,3,roi_masked,raw,0,39,0.024285015024122645,0.12228633970986968,0.00025
ketone,3,roi_masked,raw,0,40,0.023297712145770182,0.16758856063922895,0.000125
ketone,3,roi_masked,raw,0,41,0.0302060778084837,0.1732168655110931,0.000125
ketone,3,roi_masked,raw,0,42,0.021873198052654502,0.13466632362511416,0.000125
ketone,3,roi_masked,raw,0,43,0.025987063702501235,0.11441214829354879,0.000125
ketone,3,roi_masked,raw,0,44,0.02315780248676167,0.17663844968977557,0.000125
ketone,3,roi_masked,raw,0,45,0.03256229468483905,0.13336248671120018,0.000125
ketone,3,roi_masked,raw,0,46,0.02331361394436633,0.16943476879714775,0.000125
ketone,3,roi_masked,raw,0,47,0.024216128238400476,0.12684294305966992,0.000125
ketone,3,roi_masked,raw,0,48,0.026673654369154913,0.13038323095149895,0.000125
ketone,3,roi_masked,raw,0,49,0.025046957946825224,0.22040327372805646,0.000125
ketone,3,roi_masked,raw,0,50,0.0256247309143426,0.12865364908988666,0.000125
ketone,3,roi_masked,raw,0,51,0.025591848021159408,0.18922489905299403,6.25e-05
ketone,3,roi_masked,raw,0,52,0.018755677950064668,0.13434145673559278,6.25e-05
ketone,3,roi_masked,raw,0,53,0.022299352117249222,0.12034609513318371,6.25e-05
ketone,3,roi_masked,raw,0,54,0.02501033637367311,0.12431252618058702,6.25e-05
ketone,3,roi_masked,raw,0,55,0.023160650562800346,0.14263388864092427,6.25e-05
ketone,3,roi_masked,raw,0,56,0.026276786460495385,0.15354185245665472,6.25e-05
ketone,3,roi_masked,raw,0,57,0.02164994487080906,0.1509909335420818,6.25e-05
ketone,3,roi_masked,raw,0,58,0.019764544381225695,0.13048281292535732,3.125e-05
ketone,3,roi_masked,raw,0,59,0.02442011134851663,0.12924547496625055,3.125e-05
ketone,3,roi_masked,raw,0,60,0.01996276955898912,0.1216822909391069,3.125e-05
ketone,3,roi_masked,raw,0,61,0.02632746674486848,0.14286168261925342,3.125e-05
ketone,3,roi_masked,log1p,1,1,0.28761609887979067,2.0005151373751517,0.001
ketone,3,roi_masked,log1p,1,2,0.08581382915621898,1.661676843890596,0.001
ketone,3,roi_masked,log1p,1,3,0.04082531072810048,1.462176943153648,0.001
ketone,3,roi_masked,log1p,1,4,0.0445001413587664,0.4532053115551663,0.001
ketone,3,roi_masked,log1p,1,5,0.05799345922518949,1.0023017694600957,0.001
ketone,3,roi_masked,log1p,1,6,0.0484822972021142,0.21390745390560273,0.001
ketone,3,roi_masked,log1p,1,7,0.043885517132575394,0.18703036012348478,0.001
ketone,3,roi_masked,log1p,1,8,0.05225182532287035,0.8794819957643385,0.001
ketone,3,roi_masked,log1p,1,9,0.05880806869903549,0.2467774163188335,0.001
ketone,3,roi_masked,log1p,1,10,0.05867085703572289,0.43081107105767846,0.001
ketone,3,roi_masked,log1p,1,11,0.07265443293774715,0.17078457984072587,0.001
ketone,3,roi_masked,log1p,1,12,0.05068397051731094,0.10723855911845195,0.001
ketone,3,roi_masked,log1p,1,13,0.06004008937810288,0.3022112894574429,0.001
ketone,3,roi_masked,log1p,1,14,0.05962486094871505,0.21032205521904723,0.001
ketone,3,roi_masked,log1p,1,15,0.04995090560224213,0.12602114757798866,0.001
ketone,3,roi_masked,log1p,1,16,0.04902272353895375,0.18304779844166202,0.001
ketone,3,roi_masked,log1p,1,17,0.059271633991452514,0.447009476608521,0.001
ketone,3,roi_masked,log1p,1,18,0.04751518063369344,0.4431738850796782,0.001
ketone,3,roi_masked,log1p,1,19,0.04385903257815564,0.3046884753928672,0.001
ketone,3,roi_masked,log1p,1,20,0.04540119869787185,0.28991201052647286,0.0005
ketone,3,roi_masked,log1p,1,21,0.030784059438060542,0.27919887534060783,0.0005
ketone,3,roi_masked,log1p,1,22,0.05147007590190309,0.248903323940504,0.0005
ketone,3,roi_masked,log1p,1,23,0.02382461995374961,0.20431047523806561,0.0005
ketone,3,roi_masked,log1p,1,24,0.032678467175755344,0.1770626965287389,0.0005
ketone,3,roi_masked,log1p,1,25,0.02594106784853779,0.1471347167577775,0.0005
ketone,3,roi_masked,log1p,1,26,0.03249173232766449,0.32228956174367906,0.0005
ketone,3,roi_masked,log1p,1,27,0.02720889449119568,0.177391234544341,0.00025
ketone,3,roi_masked,log1p,1,28,0.03217782399265981,0.1395214321943742,0.00025
ketone,3,roi_masked,log1p,1,29,0.02884847353227803,0.20811612578534527,0.00025
ketone,3,roi_masked,log1p,1,30,0.03341255446926492,0.12179144100356419,0.00025
ketone,3,full_patch,raw,0,1,0.5952607940454953,2.536562504642366,0.001
ketone,3,full_patch,raw,0,2,0.18219361808456358,1.330068829532947,0.001
ketone,3,full_patch,raw,0,3,0.10575252282814901,0.5820342418168769,0.001
ketone,3,full_patch,raw,0,4,0.07660053731476674,0.5464043064800594,0.001
ketone,3,full_patch,raw,0,5,0.09231439574820097,0.46078668686282365,0.001
ketone,3,full_patch,raw,0,6,0.06228252359833874,0.4796074427103455,0.001
ketone,3,full_patch,raw,0,7,0.062364676448165395,0.2388734451665564,0.001
ketone,3,full_patch,raw,0,8,0.08739980334629778,0.2598593754101586,0.001
ketone,3,full_patch,raw,0,9,0.0722612703188521,0.21534040339123875,0.001
ketone,3,full_patch,raw,0,10,0.08272523225330916,0.30058586202474646,0.001
ketone,3,full_patch,raw,0,11,0.07653413975580795,0.24433725530263495,0.001
ketone,3,full_patch,raw,0,12,0.08175960366354613,0.1820208345977545,0.001
ketone,3,full_patch,raw,0,13,0.06973834103736722,0.23610197163908625,0.001
ketone,3,full_patch,raw,0,14,0.05672116198989212,0.42341655243008647,0.001
ketone,3,full_patch,raw,0,15,0.1108043833834226,0.174230274692811,0.001
ketone,3,full_patch,raw,0,16,0.09898567889801792,0.2236721870379477,0.001
ketone,3,full_patch,raw,0,17,0.07464271191446507,0.4787261816722249,0.001
ketone,3,full_patch,raw,0,18,0.08430166982236456,0.2825601907907715,0.001
ketone,3,full_patch,raw,0,19,0.07553487784061276,0.19348891202121288,0.001
ketone,3,full_patch,raw,0,20,0.06048585230209788,0.27046367381720177,0.001
ketone,3,full_patch,raw,0,21,0.04982384917188863,0.23055609577798547,0.001
ketone,3,full_patch,raw,0,22,0.048582836985588074,0.21641682376253663,0.001
ketone,3,full_patch,raw,0,23,0.04794862148825262,0.2282169004652339,0.0005
ketone,3,full_patch,raw,0,24,0.039028052790243115,0.23131033474200005,0.0005
ketone,3,full_patch,raw,0,25,0.04090324013692434,0.17183703114639606,0.0005
ketone,3,full_patch,raw,0,26,0.046933789416903356,0.1850639033712803,0.0005
ketone,3,full_patch,raw,0,27,0.03343548280660246,0.21935188665134062,0.0005
ketone,3,full_patch,raw,0,28,0.0436332886580561,0.212729443860054,0.0005
ketone,3,full_patch,raw,0,29,0.05062230053495188,0.16104693474674628,0.0005
ketone,3,full_patch,raw,0,30,0.03386952761621749,0.2355774143864793,0.0005
ketone,3,full_patch,raw,0,31,0.03571224397384241,0.15637516512373556,0.0005
ketone,3,full_patch,raw,0,32,0.04672766586796182,0.17683788428231137,0.0005
ketone,3,full_patch,raw,0,33,0.03690327981822803,0.1972774928303046,0.0005
ketone,3,full_patch,raw,0,34,0.05042700842022896,0.261349238284613,0.0005
ketone,3,full_patch,raw,0,35,0.06558947307897396,0.377853260848759,0.0005
ketone,3,full_patch,raw,0,36,0.05641783663972479,0.1757276047545555,0.0005
ketone,3,full_patch,raw,0,37,0.07208290250330675,0.21438479944465083,0.0005
ketone,3,full_patch,raw,0,38,0.05598012400699443,0.26757649715899023,0.0005
ketone,3,full_patch,raw,0,39,0.05102724172785634,0.2646508971261752,0.00025
ketone,3,full_patch,raw,0,40,0.05361190132918905,0.18319051125799962,0.00025
ketone,3,full_patch,raw,0,41,0.039584741118501444,0.18609157759991668,0.00025
ketone,3,full_patch,raw,0,42,0.033652881618405954,0.18538169450683195,0.00025
ketone,3,full_patch,raw,0,43,0.03685506512639952,0.1784250677338035,0.00025
ketone,3,full_patch,raw,0,44,0.03306346136282702,0.1659640761054961,0.00025
ketone,3,full_patch,raw,0,45,0.052532727662168564,0.15286614218302155,0.00025
ketone,3,full_patch,raw,0,46,0.03447636375661756,0.14868542508385377,0.00025
ketone,3,full_patch,raw,0,47,0.03512989381541971,0.19256012917523957,0.00025
ketone,3,full_patch,raw,0,48,0.0737336743012315,0.16130227553294435,0.00025
ketone,3,full_patch,raw,0,49,0.05322378861611007,0.16527543987873494,0.00025
ketone,3,full_patch,raw,0,50,0.036421102883874394,0.1837819402660126,0.00025
ketone,3,full_patch,raw,0,51,0.06009070221029344,0.38167573809303235,0.00025
ketone,3,full_patch,raw,0,52,0.04235717104595216,0.18420527749477458,0.00025
ketone,3,full_patch,raw,0,53,0.03568637957338427,0.18641683445499801,0.00025
ketone,3,full_patch,raw,0,54,0.04877821682784401,0.16716264852471724,0.000125
ketone,3,full_patch,raw,0,55,0.0453690161287296,0.1700165730049153,0.000125
ketone,3,full_patch,raw,0,56,0.0366607484881018,0.17620308977889398,0.000125
ketone,3,full_patch,raw,0,57,0.035619521574651605,0.19394574806934348,0.000125
ketone,3,full_patch,raw,0,58,0.02849567046419519,0.1741903208448714,0.000125
ketone,3,full_patch,raw,0,59,0.042756789776145436,0.16776607515560416,0.000125
ketone,3,full_patch,raw,0,60,0.030056980728614527,0.17832061228684884,0.000125
ketone,3,full_patch,raw,0,61,0.04357150612307376,0.1573094850918515,6.25e-05
ketone,3,full_patch,raw,0,62,0.039644171590687796,0.15041749578376074,6.25e-05
ketone,3,full_patch,raw,0,63,0.04356278106570244,0.15280191545308236,6.25e-05
ketone,3,full_patch,raw,0,64,0.02961929118046995,0.16382150369373338,6.25e-05
ketone,3,full_patch,log1p,1,1,0.271968737244606,1.999395266120719,0.001
ketone,3,full_patch,log1p,1,2,0.11718191646161627,1.6874980718240171,0.001
ketone,3,full_patch,log1p,1,3,0.07361663914606219,1.2762030340301793,0.001
ketone,3,full_patch,log1p,1,4,0.05433882055346106,0.8141211862061152,0.001
ketone,3,full_patch,log1p,1,5,0.08808345506425763,0.3115060120006897,0.001
ketone,3,full_patch,log1p,1,6,0.05695894281150865,0.1919728725350992,0.001
ketone,3,full_patch,log1p,1,7,0.06029154738930405,0.3339827466152696,0.001
ketone,3,full_patch,log1p,1,8,0.04252944498887805,0.36849925665495914,0.001
ketone,3,full_patch,log1p,1,9,0.04334010592982417,0.19254800340102982,0.001
ketone,3,full_patch,log1p,1,10,0.049743004570730394,0.20692593694145578,0.001
ketone,3,full_patch,log1p,1,11,0.06309333785635526,0.3165090644199605,0.001
ketone,3,full_patch,log1p,1,12,0.05304918938972911,0.41265790996693513,0.001
ketone,3,full_patch,log1p,1,13,0.0553402705270736,0.21272951999405543,0.001
ketone,3,full_patch,log1p,1,14,0.06792496297447408,0.1838897986525457,0.0005
ketone,3,full_patch,log1p,1,15,0.03495874640638711,0.33334726554644734,0.0005
ketone,3,full_patch,log1p,1,16,0.028719241196503403,0.15401799921565829,0.0005
ketone,3,full_patch,log1p,1,17,0.05227407776430005,0.1675810635062464,0.0005
ketone,3,full_patch,log1p,1,18,0.07122010346807417,0.31866828261346525,0.0005
ketone,3,full_patch,log1p,1,19,0.06531178407737466,0.16405050992596232,0.0005
ketone,3,full_patch,log1p,1,20,0.038871275841212666,0.3582471377549511,0.0005
ketone,3,full_patch,log1p,1,21,0.03909522783560831,0.16944381425230218,0.0005
ketone,3,full_patch,log1p,1,22,0.04202224018021685,0.35883078538130164,0.0005
ketone,3,full_patch,log1p,1,23,0.044228130737777614,0.1709987026312637,0.0005
ketone,3,full_patch,log1p,1,24,0.042865493044745726,0.15143531329533338,0.00025
ketone,3,full_patch,log1p,1,25,0.033377314810870126,0.25599754969972616,0.00025
ketone,3,full_patch,log1p,1,26,0.025716535960797402,0.13941519716720327,0.00025
ketone,3,full_patch,log1p,1,27,0.04069317987219232,0.14926406500216535,0.00025
ketone,3,full_patch,log1p,1,28,0.024722405755129018,0.19116799045499092,0.00025
ketone,3,full_patch,log1p,1,29,0.03561600975570132,0.1386553164843486,0.00025
ketone,3,full_patch,log1p,1,30,0.04497266939428986,0.2219619108985405,0.00025
ketone,3,full_patch,log1p,1,31,0.04071857328297662,0.13845189397846636,0.00025
ketone,3,full_patch,log1p,1,32,0.02374701446197072,0.18826475182652883,0.00025
ketone,3,full_patch,log1p,1,33,0.033735115172677355,0.262435651721164,0.00025
ketone,3,full_patch,log1p,1,34,0.028160605335333308,0.129891350121617,0.00025
ketone,3,full_patch,log1p,1,35,0.02541502308650095,0.13349521676043813,0.00025
ketone,3,full_patch,log1p,1,36,0.02531006745994091,0.16158556876018215,0.00025
ketone,3,full_patch,log1p,1,37,0.03979520884449365,0.1767965218318176,0.00025
ketone,3,full_patch,log1p,1,38,0.05124290647809623,0.19195832513319497,0.00025
ketone,3,full_patch,log1p,1,39,0.025716613092627683,0.3678003509813931,0.00025
ketone,3,full_patch,log1p,1,40,0.03509601914003247,0.14820157694419805,0.00025
ketone,3,full_patch,log1p,1,41,0.03300146211976888,0.13700345657512436,0.00025
ketone,3,full_patch,log1p,1,42,0.029405915224161305,0.1553302588745631,0.000125
ketone,3,full_patch,log1p,1,43,0.031183469124504776,0.1395242325753639,0.000125
ketone,3,full_patch,log1p,1,44,0.023722198257436516,0.14614362338562925,0.000125
ketone,3,full_patch,log1p,1,45,0.036617263021772026,0.1696129437062851,0.000125
ketone,3,full_patch,log1p,1,46,0.04202449358389026,0.1575287858868039,0.000125
ketone,3,full_patch,log1p,1,47,0.0264164645102669,0.13410285970553681,0.000125
ketone,3,full_patch,log1p,1,48,0.03626651356576896,0.1366572859466148,0.000125
ketone,3,full_patch,log1p,1,49,0.02783952415233753,0.13387221174513833,6.25e-05
ketone,3,full_patch,log1p,1,50,0.02536934037066874,0.15252520306718514,6.25e-05
ketone,3,full_patch,log1p,1,51,0.02309432295990772,0.15765899646322457,6.25e-05
ketone,3,full_patch,log1p,1,52,0.029419097621909907,0.15292747634817572,6.25e-05
ketone,4,roi_masked,raw,1,1,0.5414065459712607,2.6159079182765526,0.001
ketone,4,roi_masked,raw,1,2,0.1695538161963713,2.248308345735861,0.001
ketone,4,roi_masked,raw,1,3,0.08831816044498662,1.587174189532267,0.001
ketone,4,roi_masked,raw,1,4,0.06014074953120263,0.9128786386762229,0.001
ketone,4,roi_masked,raw,1,5,0.054085006235075776,0.9725626470209767,0.001
ketone,4,roi_masked,raw,1,6,0.09765306371645849,0.4830930318614352,0.001
ketone,4,roi_masked,raw,1,7,0.09209774300211766,0.6283894918019713,0.001
ketone,4,roi_masked,raw,1,8,0.05902781160395654,0.5153447653054105,0.001
ketone,4,roi_masked,raw,1,9,0.06751902086935083,0.5311065028391608,0.001
ketone,4,roi_masked,raw,1,10,0.05014268348573661,0.37122874541889406,0.001
ketone,4,roi_masked,raw,1,11,0.052398329448015965,0.3227162564902566,0.001
ketone,4,roi_masked,raw,1,12,0.04188093152202544,0.2594259650944623,0.001
ketone,4,roi_masked,raw,1,13,0.042663653365901257,0.24833162917097504,0.001
ketone,4,roi_masked,raw,1,14,0.0427041615619034,0.31402105031697025,0.001
ketone,4,roi_masked,raw,1,15,0.03581810425050923,0.24441135893166097,0.001
ketone,4,roi_masked,raw,1,16,0.04257581972318594,0.631032086633188,0.001
ketone,4,roi_masked,raw,1,17,0.044240872879497344,0.3353569730730417,0.001
ketone,4,roi_masked,raw,1,18,0.043319456767840464,0.26851626861346883,0.001
ketone,4,roi_masked,raw,1,19,0.03382153638073655,0.29848934367488433,0.001
ketone,4,roi_masked,raw,1,20,0.039666611212687414,0.27281183913160756,0.001
ketone,4,roi_masked,raw,1,21,0.028379051350667827,0.26093873577246274,0.001
ketone,4,roi_masked,raw,1,22,0.04281499163537729,0.24102165936090506,0.001
ketone,4,roi_masked,raw,1,23,0.04185777401826421,0.4402062563367383,0.001
ketone,4,roi_masked,raw,1,24,0.02900258827282757,0.18323047988649876,0.001
ketone,4,roi_masked,raw,1,25,0.03743173615610013,0.37234720051193637,0.001
ketone,4,roi_masked,raw,1,26,0.03002751453733835,0.3807505705670704,0.001
ketone,4,roi_masked,raw,1,27,0.032672770046552675,0.22471477440174845,0.001
ketone,4,roi_masked,raw,1,28,0.03523727805643785,0.46508006785087574,0.001
ketone,4,roi_masked,raw,1,29,0.03765509063836004,0.20546530520482958,0.001
ketone,4,roi_masked,raw,1,30,0.044156079531693065,0.3716671294282511,0.001
ketone,4,roi_masked,raw,1,31,0.0447254478931427,0.384926367816398,0.001
ketone,4,roi_masked,raw,1,32,0.0371452768745481,0.2738134230557939,0.0005
ketone,4,roi_masked,raw,1,33,0.037525182070790745,0.21665733939981335,0.0005
ketone,4,roi_masked,raw,1,34,0.0283563889440943,0.1636354203535798,0.0005
ketone,4,roi_masked,raw,1,35,0.028869300653211406,0.3385607445868052,0.0005
ketone,4,roi_masked,raw,1,36,0.021318513533619583,0.1691660561949816,0.0005
ketone,4,roi_masked,raw,1,37,0.030689420209067765,0.31683001654939635,0.0005
ketone,4,roi_masked,raw,1,38,0.028171594483686276,0.17791548789657746,0.0005
ketone,4,roi_masked,raw,1,39,0.03602205030620098,0.28936986780378093,0.0005
ketone,4,roi_masked,raw,1,40,0.024484950529991605,0.17673964249396426,0.0005
ketone,4,roi_masked,raw,1,41,0.025178416525242758,0.3493566430376398,0.0005
ketone,4,roi_masked,raw,1,42,0.030184027601460942,0.1824194639235127,0.00025
ketone,4,roi_masked,raw,1,43,0.021345970144525904,0.1872733169068099,0.00025
ketone,4,roi_masked,raw,1,44,0.02008383098195811,0.28931258065639776,0.00025
ketone,4,roi_masked,raw,1,45,0.020675020903104642,0.18120303356850687,0.00025
ketone,4,roi_masked,raw,1,46,0.02092860651309373,0.23481529497028347,0.00025
ketone,4,roi_masked,raw,1,47,0.028984488339209167,0.16137911614431316,0.00025
ketone,4,roi_masked,raw,1,48,0.022170996323960725,0.2388519653407355,0.00025
ketone,4,roi_masked,raw,1,49,0.028101015332170198,0.2341700308797986,0.00025
ketone,4,roi_masked,raw,1,50,0.022723898138912,0.15500118400360735,0.00025
ketone,4,roi_masked,raw,1,51,0.02131628464968478,0.22252075160189203,0.00025
ketone,4,roi_masked,raw,1,52,0.024750705930541773,0.1829596317399836,0.00025
ketone,4,roi_masked,raw,1,53,0.02108028259311543,0.16389372219932008,0.00025
ketone,4,roi_masked,raw,1,54,0.024881405114639002,0.21844517268279517,0.00025
ketone,4,roi_masked,raw,1,55,0.032957232969461896,0.18559274089161001,0.00025
ketone,4,roi_masked,raw,1,56,0.03025788856578655,0.1610270686035608,0.00025
ketone,4,roi_masked,raw,1,57,0.02640638262277744,0.16776373382714055,0.00025
ketone,4,roi_masked,raw,1,58,0.024029327251139234,0.1798752791956303,0.000125
ketone,4,roi_masked,raw,1,59,0.021075721020947714,0.18692313521052256,0.000125
ketone,4,roi_masked,raw,1,60,0.020344300714672588,0.19072449454397294,0.000125
ketone,4,roi_masked,raw,1,61,0.02572626907561646,0.19809416501012678,0.000125
ketone,4,roi_masked,raw,1,62,0.023013784931819947,0.18739803488363416,0.000125
ketone,4,roi_masked,raw,1,63,0.01976011311788051,0.22577342284855734,0.000125
ketone,4,roi_masked,raw,1,64,0.02448458725311717,0.14594350308043855,0.000125
ketone,4,roi_masked,raw,1,65,0.01743719685578444,0.16219541145590347,0.000125
ketone,4,roi_masked,raw,1,66,0.018228388773124726,0.20765173107206963,0.000125
ketone,4,roi_masked,raw,1,67,0.023242464655491173,0.187888531327819,0.000125
ketone,4,roi_masked,raw,1,68,0.023262609681877933,0.15549154278307747,0.000125
ketone,4,roi_masked,raw,1,69,0.02087046407529565,0.19677665764343882,0.000125
ketone,4,roi_masked,raw,1,70,0.024999011735447118,0.21266463300999852,0.000125
ketone,4,roi_masked,raw,1,71,0.01986665235923939,0.17638952675450198,0.000125
ketone,4,roi_masked,raw,1,72,0.02087378755333971,0.165107072724198,6.25e-05
ketone,4,roi_masked,raw,1,73,0.021200600064924507,0.14535810116963363,6.25e-05
ketone,4,roi_masked,raw,1,74,0.02042859004902058,0.15393916369774693,6.25e-05
ketone,4,roi_masked,raw,1,75,0.020470960859636792,0.17516357048375497,6.25e-05
ketone,4,roi_masked,raw,1,76,0.02018438084203689,0.17325474073882735,6.25e-05
ketone,4,roi_masked,raw,1,77,0.019446908816939494,0.17193651634180163,6.25e-05
ketone,4,roi_masked,raw,1,78,0.02153164117795522,0.15305554590073603,6.25e-05
ketone,4,roi_masked,raw,1,79,0.020816794367598705,0.15054230748292252,6.25e-05
ketone,4,roi_masked,raw,1,80,0.02033288416559579,0.18346593423393814,6.25e-05
ketone,4,roi_masked,raw,1,81,0.018961920097592424,0.18015809969366184,3.125e-05
ketone,4,roi_masked,raw,1,82,0.018437544494623044,0.17007935293772508,3.125e-05
ketone,4,roi_masked,raw,1,83,0.018728853768256844,0.1667562455790705,3.125e-05
ketone,4,roi_masked,raw,1,84,0.0209714730010658,0.16598780916677364,3.125e-05
ketone,4,roi_masked,raw,1,85,0.016838370746032137,0.14490883008973138,3.125e-05
ketone,4,roi_masked,raw,1,86,0.018656521470698177,0.14671833085643166,3.125e-05
ketone,4,roi_masked,raw,1,87,0.021145547419542172,0.15999916363196137,3.125e-05
ketone,4,roi_masked,raw,1,88,0.016489063145317992,0.18778302061125285,3.125e-05
ketone,4,roi_masked,raw,1,89,0.019551712500511624,0.18605122185594603,3.125e-05
ketone,4,roi_masked,raw,1,90,0.018496364095538367,0.15742432133700718,3.125e-05
ketone,4,roi_masked,raw,1,91,0.020952511975755456,0.16187230648522327,3.125e-05
ketone,4,roi_masked,raw,1,92,0.01987516064746458,0.1615636191622048,3.125e-05
ketone,4,roi_masked,raw,1,93,0.018032399906975326,0.15729740827892721,1.5625e-05
ketone,4,roi_masked,raw,1,94,0.020980697644294284,0.17706343548218972,1.5625e-05
ketone,4,roi_masked,raw,1,95,0.020235775542430213,0.16947659431812834,1.5625e-05
ketone,4,roi_masked,raw,1,96,0.01873535272039351,0.17044380030927886,1.5625e-05
ketone,4,roi_masked,raw,1,97,0.027921160957852346,0.1556407918964887,1.5625e-05
ketone,4,roi_masked,raw,1,98,0.017692702043740474,0.16091614092436046,1.5625e-05
ketone,4,roi_masked,raw,1,99,0.023621581281062034,0.16567277680189973,1.5625e-05
ketone,4,roi_masked,raw,1,100,0.015593862099969973,0.1694074185480574,1e-05
ketone,4,roi_masked,raw,1,101,0.019442417674133034,0.16056940513164947,1e-05
ketone,4,roi_masked,raw,1,102,0.0199714528824218,0.1503911865684256,1e-05
ketone,4,roi_masked,raw,1,103,0.021751519994901828,0.1578581117910058,1e-05
ketone,4,roi_masked,log1p,0,1,0.23846023871761854,2.150690015364341,0.001
ketone,4,roi_masked,log1p,0,2,0.12096000926904991,1.9198081050518956,0.001
ketone,4,roi_masked,log1p,0,3,0.09515440854869905,1.5226922187970184,0.001
ketone,4,roi_masked,log1p,0,4,0.062207415577818136,0.6724629595077409,0.001
ketone,4,roi_masked,log1p,0,5,0.0793544305641143,0.8105728637647206,0.001
ketone,4,roi_masked,log1p,0,6,0.07538876963443443,0.19994659318278524,0.001
ketone,4,roi_masked,log1p,0,7,0.06433957754099956,0.2531404444620876,0.001
ketone,4,roi_masked,log1p,0,8,0.08240520380070952,0.3900268309682908,0.001
ketone,4,roi_masked,log1p,0,9,0.07678835063439901,0.389312619538593,0.001
ketone,4,roi_masked,log1p,0,10,0.06514340321548649,0.26140040159914135,0.001
ketone,4,roi_masked,log1p,0,11,0.04952981970349296,0.27039435300683584,0.001
ketone,4,roi_masked,log1p,0,12,0.04719338224070971,0.2517584684633287,0.001
ketone,4,roi_masked,log1p,0,13,0.05115732184199036,0.32566195456314295,0.001
ketone,4,roi_masked,log1p,0,14,0.03588595729870874,0.2314510523540721,0.0005
ketone,4,roi_masked,log1p,0,15,0.023942808758039943,0.37521382388250746,0.0005
ketone,4,roi_masked,log1p,0,16,0.0464789692129268,0.210626188430865,0.0005
ketone,4,roi_masked,log1p,0,17,0.02933880961576446,0.3690555750930131,0.0005
ketone,4,roi_masked,log1p,0,18,0.03909490581174366,0.2836303657167877,0.0005
ketone,4,roi_masked,log1p,0,19,0.02730900324026092,0.3078831397276508,0.0005
ketone,4,roi_masked,log1p,0,20,0.025204072233106268,0.16022043294768884,0.0005
ketone,4,roi_masked,log1p,0,21,0.02787172626398626,0.20985668981741534,0.0005
ketone,4,roi_masked,log1p,0,22,0.02183001089963268,0.28908492477429454,0.0005
ketone,4,roi_masked,log1p,0,23,0.03153219550359444,0.20123109644865378,0.0005
ketone,4,roi_masked,log1p,0,24,0.027607802897081025,0.24821882756641458,0.0005
ketone,4,roi_masked,log1p,0,25,0.03683371848014534,0.4924327138430592,0.0005
ketone,4,roi_masked,log1p,0,26,0.027732407674193382,0.14618769986692293,0.0005
ketone,4,roi_masked,log1p,0,27,0.02497202967156152,0.29395294165763414,0.0005
ketone,4,roi_masked,log1p,0,28,0.020558021871037172,0.34543532173450836,0.0005
ketone,4,roi_masked,log1p,0,29,0.018113545859690574,0.15838205056573282,0.0005
ketone,4,roi_masked,log1p,0,30,0.019117022330155137,0.4163244071986076,0.0005
ketone,4,roi_masked,log1p,0,31,0.02981961833038291,0.38866290702154,0.0005
ketone,4,roi_masked,log1p,0,32,0.022676190987351488,0.2029952052506548,0.0005
ketone,4,roi_masked,log1p,0,33,0.02267900139826243,0.3923858807864761,0.0005
ketone,4,roi_masked,log1p,0,34,0.030000443264964174,0.19399567795998093,0.00025
ketone,4,roi_masked,log1p,0,35,0.017274573979685542,0.23587118404860652,0.00025
ketone,4,roi_masked,log1p,0,36,0.022552869603282115,0.2235825311969972,0.00025
ketone,4,roi_masked,log1p,0,37,0.020327388110463737,0.26351907499235955,0.00025
ketone,4,roi_masked,log1p,0,38,0.017840375848969477,0.16125469751007931,0.00025
ketone,4,roi_masked,log1p,0,39,0.01973471764597248,0.29841387167063693,0.00025
ketone,4,roi_masked,log1p,0,40,0.025166708273721524,0.16004722947278188,0.00025
ketone,4,roi_masked,log1p,0,41,0.017246248017324776,0.23061471040636383,0.000125
ketone,4,roi_masked,log1p,0,42,0.016734068556765062,0.17940868446988317,0.000125
ketone,4,roi_masked,log1p,0,43,0.017647859976306312,0.1599165412943701,0.000125
ketone,4,roi_masked,log1p,0,44,0.01954981932019601,0.21592221942980439,0.000125
ketone,4,full_patch,raw,0,1,0.3013280389494583,2.6738770730146797,0.001
ketone,4,full_patch,raw,0,2,0.19504230335110523,2.1180085135474536,0.001
ketone,4,full_patch,raw,0,3,0.17932040421444861,1.5960837123444898,0.001
ketone,4,full_patch,raw,0,4,0.10436210695837365,0.8533685959731272,0.001
ketone,4,full_patch,raw,0,5,0.060169219115718466,0.5302666695578199,0.001
ketone,4,full_patch,raw,0,6,0.06203769632905233,0.4996755400259055,0.001
ketone,4,full_patch,raw,0,7,0.08414660003341612,0.3678968741413965,0.001
ketone,4,full_patch,raw,0,8,0.07716670885804247,0.6387119499645051,0.001
ketone,4,full_patch,raw,0,9,0.10395167303867027,0.42280940552172924,0.001
ketone,4,full_patch,raw,0,10,0.07279432442833166,0.4616267562417864,0.001
ketone,4,full_patch,raw,0,11,0.058991308156095566,0.198405382269148,0.001
ketone,4,full_patch,raw,0,12,0.040442945344037695,0.2497997657498796,0.001
ketone,4,full_patch,raw,0,13,0.08092135874951473,0.3558463467457552,0.001
ketone,4,full_patch,raw,0,14,0.05047771194186367,0.21591444829669454,0.001
ketone,4,full_patch,raw,0,15,0.07401733454622206,0.48932682252817283,0.001
ketone,4,full_patch,raw,0,16,0.06106711020235155,0.188158696391458,0.001
ketone,4,full_patch,raw,0,17,0.059896947785479125,0.40529711267241,0.001
ketone,4,full_patch,raw,0,18,0.05954398214817047,0.16668546468344467,0.001
ketone,4,full_patch,raw,0,19,0.0588618377070935,0.236997908216734,0.001
ketone,4,full_patch,raw,0,20,0.052312882708721475,0.22066168909670708,0.001
ketone,4,full_patch,raw,0,21,0.07356073121066953,0.2258192995857241,0.001
ketone,4,full_patch,raw,0,22,0.0590522930514617,0.28999709866810525,0.001
ketone,4,full_patch,raw,0,23,0.0468154143480981,0.20469415698678253,0.001
ketone,4,full_patch,raw,0,24,0.058781663658188994,0.5375526193827379,0.001
ketone,4,full_patch,raw,0,25,0.08819307551765052,0.20631108452941116,0.001
ketone,4,full_patch,raw,0,26,0.07088296658924369,0.5707080234957156,0.0005
ketone,4,full_patch,raw,0,27,0.05184881926560011,0.18868022785235217,0.0005
ketone,4,full_patch,raw,0,28,0.05244658557606525,0.2884883486647706,0.0005
ketone,4,full_patch,raw,0,29,0.07777382915870087,0.2127737477263847,0.0005
ketone,4,full_patch,raw,0,30,0.03746347672870902,0.17469889719120918,0.0005
ketone,4,full_patch,raw,0,31,0.046194236542357776,0.2291467869476684,0.0005
ketone,4,full_patch,raw,0,32,0.05401630638564219,0.1540811186858911,0.0005
ketone,4,full_patch,raw,0,33,0.0441651103071502,0.3837577625822495,0.0005
ketone,4,full_patch,raw,0,34,0.03705483100941924,0.1863277358066823,0.0005
ketone,4,full_patch,raw,0,35,0.047022649682447556,0.21549244458779065,0.0005
ketone,4,full_patch,raw,0,36,0.051743720948207575,0.28781058865566367,0.0005
ketone,4,full_patch,raw,0,37,0.047928107505450485,0.18143994639802527,0.0005
ketone,4,full_patch,raw,0,38,0.04862924549178999,0.18319294609820536,0.0005
ketone,4,full_patch,raw,0,39,0.04211121559387348,0.19828332169218227,0.0005
ketone,4,full_patch,raw,0,40,0.039675369736601095,0.17572940870265047,0.00025
ketone,4,full_patch,raw,0,41,0.042909917223160385,0.1817268354465177,0.00025
ketone,4,full_patch,raw,0,42,0.03454043270378816,0.2785689970276574,0.00025
ketone,4,full_patch,raw,0,43,0.04363967282850234,0.21811231628112088,0.00025
ketone,4,full_patch,raw,0,44,0.047305681605319505,0.14369098900571753,0.00025
ketone,4,full_patch,raw,0,45,0.047268941632059754,0.24967184422698574,0.00025
ketone,4,full_patch,raw,0,46,0.04607781346459858,0.16839000004306467,0.00025
ketone,4,full_patch,raw,0,47,0.035885516951074364,0.22000433932438176,0.00025
ketone,4,full_patch,raw,0,48,0.04357889001486731,0.2838705066182309,0.00025
ketone,4,full_patch,raw,0,49,0.032911182365945126,0.2020687852913793,0.00025
ketone,4,full_patch,raw,0,50,0.03447293215354935,0.19809332791664142,0.00025
ketone,4,full_patch,raw,0,51,0.045555824627641774,0.16907183887775917,0.00025
ketone,4,full_patch,raw,0,52,0.046991372267242336,0.2227059151331325,0.000125
ketone,4,full_patch,raw,0,53,0.03665965093208141,0.20941136935660024,0.000125
ketone,4,full_patch,raw,0,54,0.03395862657515729,0.15443520653355758,0.000125
ketone,4,full_patch,raw,0,55,0.04093610269368672,0.18725540282552516,0.000125
ketone,4,full_patch,raw,0,56,0.034820732645324017,0.2258242491394052,0.000125
ketone,4,full_patch,raw,0,57,0.023818562814935308,0.16332001211958308,0.000125
ketone,4,full_patch,raw,0,58,0.033673856560079776,0.1874097991281633,0.000125
ketone,4,full_patch,raw,0,59,0.03183630072191113,0.1664124231782115,6.25e-05
ketone,4,full_patch,raw,0,60,0.029752213049863207,0.17117071683069407,6.25e-05
ketone,4,full_patch,raw,0,61,0.038520593379364636,0.20091441706455165,6.25e-05
ketone,4,full_patch,raw,0,62,0.03956827866371538,0.1672104287379522,6.25e-05
ketone,4,full_patch,log1p,1,1,0.3221613720792239,1.9505907254959878,0.001
ketone,4,full_patch,log1p,1,2,0.11902466013294752,1.681747829706085,0.001
ketone,4,full_patch,log1p,1,3,0.07308888655216968,1.5572187470160699,0.001
ketone,4,full_patch,log1p,1,4,0.0734844258452048,0.25794074089290403,0.001
ketone,4,full_patch,log1p,1,5,0.07855644932047265,0.5521567729958994,0.001
ketone,4,full_patch,log1p,1,6,0.08748331739277136,0.43100965846406486,0.001
ketone,4,full_patch,log1p,1,7,0.0494361544852374,0.557866244555088,0.001
ketone,4,full_patch,log1p,1,8,0.046390816080765646,0.2703106000427585,0.001
ketone,4,full_patch,log1p,1,9,0.05197243490180031,0.17907068649786378,0.001
ketone,4,full_patch,log1p,1,10,0.054321794175222274,0.32412288261937583,0.001
ketone,4,full_patch,log1p,1,11,0.04091752638093761,0.3217545518884341,0.001
ketone,4,full_patch,log1p,1,12,0.055550920181587096,0.16841792771223094,0.001
ketone,4,full_patch,log1p,1,13,0.04785424489222589,1.0336706734694712,0.001
ketone,4,full_patch,log1p,1,14,0.05581499196466853,0.26049460404205116,0.001
ketone,4,full_patch,log1p,1,15,0.05993064651723768,0.21127677053915328,0.001
ketone,4,full_patch,log1p,1,16,0.0799013765864685,0.4067959576940404,0.001
ketone,4,full_patch,log1p,1,17,0.09103931095756468,0.47171792517753824,0.001
ketone,4,full_patch,log1p,1,18,0.07324312321963858,0.5425211829746921,0.001
ketone,4,full_patch,log1p,1,19,0.05379873474479699,0.14886683360817887,0.001
ketone,4,full_patch,log1p,1,20,0.03329674423229499,0.305005217644705,0.001
ketone,4,full_patch,log1p,1,21,0.0465033910557872,0.20186082504646727,0.001
ketone,4,full_patch,log1p,1,22,0.03696001223364814,0.49648790546888455,0.001
ketone,4,full_patch,log1p,1,23,0.03876397938879787,0.25143820156256724,0.001
ketone,4,full_patch,log1p,1,24,0.032618476352730734,0.16031943973617518,0.001
ketone,4,full_patch,log1p,1,25,0.050119586288928986,0.1976761227459719,0.001
ketone,4,full_patch,log1p,1,26,0.04600373234172336,0.2874492051197603,0.001
ketone,4,full_patch,log1p,1,27,0.05239588242085254,0.21607481581859733,0.0005
ketone,4,full_patch,log1p,1,28,0.053388198562821405,0.4024183452079914,0.0005
ketone,4,full_patch,log1p,1,29,0.02952836902781588,0.2095965091929468,0.0005
ketone,4,full_patch,log1p,1,30,0.031857992293404754,0.14341289005951208,0.0005
ketone,4,full_patch,log1p,1,31,0.03578474458123817,0.208465313659643,0.0005
ketone,4,full_patch,log1p,1,32,0.049758051751089875,0.13014671503792596,0.0005
ketone,4,full_patch,log1p,1,33,0.03384283643032684,0.1701596535302491,0.0005
ketone,4,full_patch,log1p,1,34,0.041251606506402375,0.5576495865164908,0.0005
ketone,4,full_patch,log1p,1,35,0.028653881039287222,0.15598182277090056,0.0005
ketone,4,full_patch,log1p,1,36,0.039590415773821656,0.2359456864376868,0.0005
ketone,4,full_patch,log1p,1,37,0.023526478283962267,0.15358344341670843,0.0005
ketone,4,full_patch,log1p,1,38,0.029204691561763405,0.15826228863830377,0.0005
ketone,4,full_patch,log1p,1,39,0.028473476253327776,0.24279523268605194,0.0005
ketone,4,full_patch,log1p,1,40,0.036204414045224426,0.1316075481439123,0.00025
ketone,4,full_patch,log1p,1,41,0.035695001116541565,0.2009680299450972,0.00025
ketone,4,full_patch,log1p,1,42,0.028994487232116402,0.16118962799946535,0.00025
ketone,4,full_patch,log1p,1,43,0.029233049845597783,0.13467492231710962,0.00025
ketone,4,full_patch,log1p,1,44,0.03390997611596936,0.14918077944731534,0.00025
ketone,4,full_patch,log1p,1,45,0.033136810374553086,0.1375440437231641,0.00025
ketone,4,full_patch,log1p,1,46,0.023378843472140733,0.13349492003868046,0.00025
ketone,4,full_patch,log1p,1,47,0.02968378065795195,0.1367401101099449,0.000125
ketone,4,full_patch,log1p,1,48,0.02169005090340239,0.14227795551382694,0.000125
ketone,4,full_patch,log1p,1,49,0.03504947365307417,0.16810484997857003,0.000125
ketone,4,full_patch,log1p,1,50,0.02560400761297492,0.25701686168837934,0.000125
ketone,5,roi_masked,raw,1,1,0.4490377226325332,2.5136197734805337,0.001
ketone,5,roi_masked,raw,1,2,0.1044503314817538,2.2333737858098206,0.001
ketone,5,roi_masked,raw,1,3,0.06785710155963898,1.0411713790791988,0.001
ketone,5,roi_masked,raw,1,4,0.0941268861538074,0.8178549796000025,0.001
ketone,5,roi_masked,raw,1,5,0.061271018547112824,0.43862147860147904,0.001
ketone,5,roi_masked,raw,1,6,0.04815424413832485,0.5279426086894728,0.001
ketone,5,roi_masked,raw,1,7,0.06276143207901815,0.35526876084998305,0.001
ketone,5,roi_masked,raw,1,8,0.03822383046394489,0.3367943677143947,0.001
ketone,5,roi_masked,raw,1,9,0.041332710778615514,0.3307869467201214,0.001
ketone,5,roi_masked,raw,1,10,0.07139299565651377,0.3701396092308168,0.001
ketone,5,roi_masked,raw,1,11,0.0656460555972623,0.5967288542031671,0.001
ketone,5,roi_masked,raw,1,12,0.04927198503349648,0.2721890910606526,0.001
ketone,5,roi_masked,raw,1,13,0.04113630522958568,0.2905965796102812,0.001
ketone,5,roi_masked,raw,1,14,0.04905591413500856,0.4572526047697935,0.001
ketone,5,roi_masked,raw,1,15,0.06449302102698655,0.2515683736887129,0.001
ketone,5,roi_masked,raw,1,16,0.05887643718084351,0.359527924058345,0.001
ketone,5,roi_masked,raw,1,17,0.045285904810565415,0.5284556810816234,0.001
ketone,5,roi_masked,raw,1,18,0.05420829453429238,0.3974077018836172,0.001
ketone,5,roi_masked,raw,1,19,0.03574916634891854,0.2331849404301539,0.001
ketone,5,roi_masked,raw,1,20,0.03434251401512349,0.3776564268029844,0.001
ketone,5,roi_masked,raw,1,21,0.031962920468850214,0.19250309415876138,0.001
ketone,5,roi_masked,raw,1,22,0.02587830214226832,0.30904268027982856,0.001
ketone,5,roi_masked,raw,1,23,0.035365404713837825,0.24155591770980675,0.001
ketone,5,roi_masked,raw,1,24,0.03248479818833656,0.4393268013331928,0.001
ketone,5,roi_masked,raw,1,25,0.03520819303564361,0.2912023582885761,0.001
ketone,5,roi_masked,raw,1,26,0.05245132729044703,0.29226687052145656,0.001
ketone,5,roi_masked,raw,1,27,0.051184472063037216,0.26941940435206396,0.001
ketone,5,roi_masked,raw,1,28,0.03855427714889167,0.2181304543414375,0.001
ketone,5,roi_masked,raw,1,29,0.03452532152171995,0.3452157191667409,0.0005
ketone,5,roi_masked,raw,1,30,0.0255291863482018,0.23260878425773923,0.0005
ketone,5,roi_masked,raw,1,31,0.02656266416926853,0.22772540769883842,0.0005
ketone,5,roi_masked,raw,1,32,0.024062672538346933,0.20852960114412541,0.0005
ketone,5,roi_masked,raw,1,33,0.029490595958271963,0.26442234166213374,0.0005
ketone,5,roi_masked,raw,1,34,0.023601138658943723,0.1948784467136742,0.0005
ketone,5,roi_masked,raw,1,35,0.02259245685866622,0.29662498422746664,0.0005
ketone,5,roi_masked,raw,1,36,0.01615091181192242,0.19501317938150975,0.00025
ketone,5,roi_masked,raw,1,37,0.02103409601650277,0.20843469026184747,0.00025
ketone,5,roi_masked,raw,1,38,0.02066724664974408,0.24927102454563968,0.00025
ketone,5,roi_masked,raw,1,39,0.01954097364891748,0.1772893779177171,0.00025
ketone,5,roi_masked,raw,1,40,0.0209063462851966,0.20971296349774698,0.00025
ketone,5,roi_masked,raw,1,41,0.029062338081783937,0.20536050898638203,0.00025
ketone,5,roi_masked,raw,1,42,0.017685364458526743,0.21793207011990287,0.00025
ketone,5,roi_masked,raw,1,43,0.02119484745332452,0.2446938466492285,0.00025
ketone,5,roi_masked,raw,1,44,0.024560732431099064,0.23873015020748448,0.00025
ketone,5,roi_masked,raw,1,45,0.02060911964747261,0.19307760129671409,0.00025
ketone,5,roi_masked,raw,1,46,0.018439766294399244,0.20374467384434664,0.00025
ketone,5,roi_masked,raw,1,47,0.01657127103478205,0.17322330612240483,0.000125
ketone,5,roi_masked,raw,1,48,0.01730538742830519,0.16973749761350504,0.000125
ketone,5,roi_masked,raw,1,49,0.02093222306766471,0.17725432544806607,0.000125
ketone,5,roi_masked,raw,1,50,0.019699730589741567,0.1814865816681075,0.000125
ketone,5,roi_masked,raw,1,51,0.01912895538157127,0.16780932259167491,0.000125
ketone,5,roi_masked,raw,1,52,0.019687490995790136,0.17663430933870083,0.000125
ketone,5,roi_masked,raw,1,53,0.019245451774264944,0.17883309336864733,0.000125
ketone,5,roi_masked,raw,1,54,0.020348479116304975,0.16986069535143683,0.000125
ketone,5,roi_masked,raw,1,55,0.016650101261549307,0.16984157932898095,0.000125
ketone,5,roi_masked,raw,1,56,0.01947313009715471,0.1567780931109128,0.000125
ketone,5,roi_masked,raw,1,57,0.020663188800948563,0.1632501018677212,0.000125
ketone,5,roi_masked,raw,1,58,0.017583274022966135,0.17365769899228284,0.000125
ketone,5,roi_masked,raw,1,59,0.023625948008333075,0.15973783445464723,0.000125
ketone,5,roi_masked,raw,1,60,0.021929301016154836,0.15741201980649927,0.000125
ketone,5,roi_masked,raw,1,61,0.0172401349075505,0.1736429779346601,0.000125
ketone,5,roi_masked,raw,1,62,0.019291052884865004,0.16883841375497133,0.000125
ketone,5,roi_masked,raw,1,63,0.021012578006894864,0.1454363462412056,0.000125
ketone,5,roi_masked,raw,1,64,0.01595003487633877,0.16131006468481723,0.000125
ketone,5,roi_masked,raw,1,65,0.017192456168962308,0.15702967257502953,0.000125
ketone,5,roi_masked,raw,1,66,0.017672251909971237,0.142608981750534,0.000125
ketone,5,roi_masked,raw,1,67,0.02050568456532525,0.17195880573084343,0.000125
ketone,5,roi_masked,raw,1,68,0.01936542517581924,0.1574519239978422,0.000125
ketone,5,roi_masked,raw,1,69,0.013843009965952302,0.15827140493997718,0.000125
ketone,5,roi_masked,raw,1,70,0.016461162675233162,0.14820784446017568,0.000125
ketone,5,roi_masked,raw,1,71,0.01834313354653413,0.14385066032428526,0.000125
ketone,5,roi_masked,raw,1,72,0.01766616454134222,0.14592402333707444,0.000125
ketone,5,roi_masked,raw,1,73,0.015803009233452747,0.1465285609995014,0.000125
ketone,5,roi_masked,raw,1,74,0.01566458820960805,0.15724275714269534,6.25e-05
ketone,5,roi_masked,raw,1,75,0.014924594827118467,0.14067375962116413,6.25e-05
ketone,5,roi_masked,raw,1,76,0.019802299343415947,0.14378402490906061,6.25e-05
ketone,5,roi_masked,raw,1,77,0.014413526739741936,0.15911993107218178,6.25e-05
ketone,5,roi_masked,raw,1,78,0.02323628797150049,0.15284537446101365,6.25e-05
ketone,5,roi_masked,raw,1,79,0.017258701510116704,0.13651518212881358,6.25e-05
ketone,5,roi_masked,raw,1,80,0.01720790308518488,0.1342983401901071,6.25e-05
ketone,5,roi_masked,raw,1,81,0.016479256822437536,0.14685367849061504,6.25e-05
ketone,5,roi_masked,raw,1,82,0.019499133783774297,0.13805588200897176,6.25e-05
ketone,5,roi_masked,raw,1,83,0.020098028139623463,0.13098575659461315,6.25e-05
ketone,5,roi_masked,raw,1,84,0.013501965669823474,0.13811643862576384,6.25e-05
ketone,5,roi_masked,raw,1,85,0.015574984130312185,0.13927046622820655,6.25e-05
ketone,5,roi_masked,raw,1,86,0.020088074770832402,0.12561631867713702,6.25e-05
ketone,5,roi_masked,raw,1,87,0.018393861633710196,0.12794381129254428,6.25e-05
ketone,5,roi_masked,raw,1,88,0.015929411760851987,0.13035572381601807,6.25e-05
ketone,5,roi_masked,raw,1,89,0.018715238710102,0.14532193703497448,6.25e-05
ketone,5,roi_masked,raw,1,90,0.01642247097047626,0.13465570117046288,6.25e-05
ketone,5,roi_masked,raw,1,91,0.015458442148615102,0.12978594607463215,6.25e-05
ketone,5,roi_masked,raw,1,92,0.01416966029000087,0.1344667362717378,6.25e-05
ketone,5,roi_masked,raw,1,93,0.01838405515815391,0.13392398639728847,6.25e-05
ketone,5,roi_masked,raw,1,94,0.014417347345562255,0.13559375742354712,3.125e-05
ketone,5,roi_masked,raw,1,95,0.015637170233320993,0.1399571562781794,3.125e-05
ketone,5,roi_masked,raw,1,96,0.017520330037127753,0.13206821153785514,3.125e-05
ketone,5,roi_masked,raw,1,97,0.013834029634590031,0.13535270678951483,3.125e-05
ketone,5,roi_masked,raw,1,98,0.0172137016216751,0.1440095654277016,3.125e-05
ketone,5,roi_masked,raw,1,99,0.016738536309634077,0.12612008608175654,3.125e-05
ketone,5,roi_masked,raw,1,100,0.014682429674707476,0.1346338895606588,3.125e-05
ketone,5,roi_masked,raw,1,101,0.014832967342656166,0.13092131259710516,1.5625e-05
ketone,5,roi_masked,raw,1,102,0.013778282695862114,0.12736176334517318,1.5625e-05
ketone,5,roi_masked,raw,1,103,0.011730138716272643,0.12732745079122965,1.5625e-05
ketone,5,roi_masked,raw,1,104,0.018852430411049576,0.11828153083686214,1.5625e-05
ketone,5,roi_masked,raw,1,105,0.01759662521911449,0.12019463436268144,1.5625e-05
ketone,5,roi_masked,raw,1,106,0.016596766295613814,0.12267783758375447,1.5625e-05
ketone,5,roi_masked,raw,1,107,0.019254062233156847,0.1257170597726095,1.5625e-05
ketone,5,roi_masked,raw,1,108,0.01443367030044071,0.12802230473111056,1.5625e-05
ketone,5,roi_masked,raw,1,109,0.019198053317968963,0.1289857951985025,1.5625e-05
ketone,5,roi_masked,raw,1,110,0.014780497422716657,0.12097237778253027,1.5625e-05
ketone,5,roi_masked,raw,1,111,0.01662352159008628,0.11971075271229786,1.5625e-05
ketone,5,roi_masked,raw,1,112,0.014389846046439937,0.12458729800002302,1e-05
ketone,5,roi_masked,raw,1,113,0.020018780817751023,0.12974454065305574,1e-05
ketone,5,roi_masked,raw,1,114,0.014768454627912552,0.12322465758818545,1e-05
ketone,5,roi_masked,raw,1,115,0.01539969126709172,0.1206539726470298,1e-05
ketone,5,roi_masked,raw,1,116,0.02036904082557217,0.11789905852738625,1e-05
ketone,5,roi_masked,raw,1,117,0.017511023590188534,0.12091178677191444,1e-05
ketone,5,roi_masked,raw,1,118,0.016111080290474852,0.11747901610165563,1e-05
ketone,5,roi_masked,raw,1,119,0.018843641955039053,0.11759214165797041,1e-05
ketone,5,roi_masked,raw,1,120,0.012930783580561152,0.12440342742083942,1e-05
ketone,5,roi_masked,log1p,0,1,0.430091242687624,2.022477771609303,0.001
ketone,5,roi_masked,log1p,0,2,0.16276154557212455,1.9029372842909091,0.001
ketone,5,roi_masked,log1p,0,3,0.06954252585524419,1.102306849470408,0.001
ketone,5,roi_masked,log1p,0,4,0.048912083577425755,0.9314994019314137,0.001
ketone,5,roi_masked,log1p,0,5,0.053427024149015304,0.3471229821802986,0.001
ketone,5,roi_masked,log1p,0,6,0.048740133398869,0.5407681339825461,0.001
ketone,5,roi_masked,log1p,0,7,0.047270143251927174,0.23592486800901186,0.001
ketone,5,roi_masked,log1p,0,8,0.06303098553516825,0.28621625061694594,0.001
ketone,5,roi_masked,log1p,0,9,0.04357630209844621,0.5409917525908594,0.001
ketone,5,roi_masked,log1p,0,10,0.05685646050289029,0.22286936265399326,0.001
ketone,5,roi_masked,log1p,0,11,0.04915777862560554,0.25379839068442034,0.001
ketone,5,roi_masked,log1p,0,12,0.03272656537592411,0.2969452770620747,0.001
ketone,5,roi_masked,log1p,0,13,0.05825014852109502,0.8582174383041946,0.001
ketone,5,roi_masked,log1p,0,14,0.0734156024810232,0.31743869075195663,0.001
ketone,5,roi_masked,log1p,0,15,0.03637123126231256,0.2544150677522323,0.001
ketone,5,roi_masked,log1p,0,16,0.04955781883270037,0.21244056357104105,0.001
ketone,5,roi_masked,log1p,0,17,0.04382858709355847,0.2783243563337628,0.001
ketone,5,roi_masked,log1p,0,18,0.03093758207119879,0.20090230148156513,0.001
ketone,5,roi_masked,log1p,0,19,0.051128046434433735,0.25610017576138805,0.001
ketone,5,roi_masked,log1p,0,20,0.04286100397833058,0.5558679668288548,0.001
ketone,5,roi_masked,log1p,0,21,0.053346569787283415,0.18775077644554078,0.001
ketone,5,roi_masked,log1p,0,22,0.04754543964002953,0.4163331113998906,0.001
ketone,5,roi_masked,log1p,0,23,0.04122442019278886,0.2281087963993852,0.001
ketone,5,roi_masked,log1p,0,24,0.02713413988469077,0.43088541269970687,0.001
ketone,5,roi_masked,log1p,0,25,0.045411505110439704,0.22239790581867064,0.001
ketone,5,roi_masked,log1p,0,26,0.031132606545188388,0.1801138120519823,0.001
ketone,5,roi_masked,log1p,0,27,0.030723501973953404,0.2132433157804342,0.001
ketone,5,roi_masked,log1p,0,28,0.027597855349056056,0.1671339265958534,0.001
ketone,5,roi_masked,log1p,0,29,0.03888554071060947,0.2263372442617292,0.001
ketone,5,roi_masked,log1p,0,30,0.037167277339784824,0.4421974236994025,0.001
ketone,5,roi_masked,log1p,0,31,0.04658409794334505,0.2489615134718577,0.001
ketone,5,roi_masked,log1p,0,32,0.0401940463019199,0.3422284227749376,0.001
ketone,5,roi_masked,log1p,0,33,0.02943422065162268,0.20029743936450228,0.001
ketone,5,roi_masked,log1p,0,34,0.03585022016138327,0.1487583089191426,0.001
ketone,5,roi_masked,log1p,0,35,0.036131311330150385,0.35881367336582715,0.001
ketone,5,roi_masked,log1p,0,36,0.03198568698507352,0.17633256544991535,0.001
ketone,5,roi_masked,log1p,0,37,0.029531045038191997,0.24010274937458667,0.001
ketone,5,roi_masked,log1p,0,38,0.029399265886330215,0.20552700656815337,0.001
ketone,5,roi_masked,log1p,0,39,0.023598403104993164,0.3829921232624627,0.001
ketone,5,roi_masked,log1p,0,40,0.02926596846492564,0.13980203168925903,0.001
ketone,5,roi_masked,log1p,0,41,0.035973546629557845,0.19631682228887282,0.001
ketone,5,roi_masked,log1p,0,42,0.03351136852727562,0.18753937085156402,0.001
ketone,5,roi_masked,log1p,0,43,0.024583378837245408,0.5088113511239458,0.001
ketone,5,roi_masked,log1p,0,44,0.024550023412362475,0.2596590822284479,0.001
ketone,5,roi_masked,log1p,0,45,0.021736218853563558,0.2885421508509776,0.001
ketone,5,roi_masked,log1p,0,46,0.022563855117950282,0.16638083070406764,0.001
ketone,5,roi_masked,log1p,0,47,0.0278489778703842,0.15518697861676445,0.001
ketone,5,roi_masked,log1p,0,48,0.025355257399258067,0.40089644552553433,0.0005
ketone,5,roi_masked,log1p,0,49,0.022982491607793042,0.14900221003029232,0.0005
ketone,5,roi_masked,log1p,0,50,0.02585293720552667,0.29303923821804045,0.0005
ketone,5,roi_masked,log1p,0,51,0.01862253263959142,0.15872169833889146,0.0005
ketone,5,roi_masked,log1p,0,52,0.01931733317428925,0.21326374706138962,0.0005
ketone,5,roi_masked,log1p,0,53,0.021710431142175784,0.16521829858121168,0.0005
ketone,5,roi_masked,log1p,0,54,0.021602545651133922,0.21610875930277978,0.0005
ketone,5,roi_masked,log1p,0,55,0.017431118815648752,0.1925562364321986,0.00025
ketone,5,roi_masked,log1p,0,56,0.018095176728045354,0.22089365280683498,0.00025
ketone,5,roi_masked,log1p,0,57,0.01852181065277975,0.1532819768315779,0.00025
ketone,5,roi_masked,log1p,0,58,0.02071885550852682,0.22886813133010833,0.00025
ketone,5,full_patch,raw,0,1,0.4104588048868492,2.462552107751084,0.001
ketone,5,full_patch,raw,0,2,0.1695766110644966,1.9590337608933146,0.001
ketone,5,full_patch,raw,0,3,0.11797107780565981,0.9027740839622076,0.001
ketone,5,full_patch,raw,0,4,0.09236212612175551,0.8804997208491113,0.001
ketone,5,full_patch,raw,0,5,0.06312747415704806,0.7409362299144813,0.001
ketone,5,full_patch,raw,0,6,0.06934639970298673,0.27611927378539514,0.001
ketone,5,full_patch,raw,0,7,0.1075035792271622,0.3380995860737703,0.001
ketone,5,full_patch,raw,0,8,0.06964576952770109,0.47410275038647376,0.001
ketone,5,full_patch,raw,0,9,0.13792940143679008,0.5715792078905061,0.001
ketone,5,full_patch,raw,0,10,0.07710694338454575,0.6401205541568611,0.001
ketone,5,full_patch,raw,0,11,0.08977118983376221,0.2646105727519804,0.001
ketone,5,full_patch,raw,0,12,0.055774127728626374,0.3653944900699002,0.001
ketone,5,full_patch,raw,0,13,0.04899307212135831,0.3611483494691654,0.001
ketone,5,full_patch,raw,0,14,0.08785750704710601,0.3289929303506369,0.001
ketone,5,full_patch,raw,0,15,0.06681060516199128,0.43400697945165556,0.001
ketone,5,full_patch,raw,0,16,0.0686868602623705,0.29970422171257205,0.001
ketone,5,full_patch,raw,0,17,0.061565087100521464,0.4407067790010808,0.001
ketone,5,full_patch,raw,0,18,0.0590939460719218,0.529664428436661,0.001
ketone,5,full_patch,raw,0,19,0.049226983954183394,0.29186273026681375,0.0005
ketone,5,full_patch,raw,0,20,0.040082731085722564,0.4290259220259337,0.0005
ketone,5,full_patch,raw,0,21,0.045240722596645355,0.25053170921614903,0.0005
ketone,5,full_patch,raw,0,22,0.061682688286069966,0.2728996780516787,0.0005
ketone,5,full_patch,raw,0,23,0.05861508653911411,0.2213025089486152,0.0005
ketone,5,full_patch,raw,0,24,0.037690358999811234,0.42699023188299234,0.0005
ketone,5,full_patch,raw,0,25,0.06113701545801319,0.22735714613015054,0.0005
ketone,5,full_patch,raw,0,26,0.0429418789314442,0.4164133317733886,0.0005
ketone,5,full_patch,raw,0,27,0.06989530690747206,0.2635937316628014,0.0005
ketone,5,full_patch,raw,0,28,0.032995316093085245,0.4520974091516421,0.0005
ketone,5,full_patch,raw,0,29,0.031767092889449636,0.2754052232669753,0.0005
ketone,5,full_patch,raw,0,30,0.050023304817617915,0.2821973304300019,0.0005
ketone,5,full_patch,raw,0,31,0.03558403937543025,0.24445864087433955,0.00025
ketone,5,full_patch,raw,0,32,0.03321465764377938,0.24474258247039937,0.00025
ketone,5,full_patch,raw,0,33,0.04201048127085459,0.20890414486810188,0.00025
ketone,5,full_patch,raw,0,34,0.04018264141727666,0.2691474874773746,0.00025
ketone,5,full_patch,raw,0,35,0.04386916023785951,0.2502721971303008,0.00025
ketone,5,full_patch,raw,0,36,0.030949726212220113,0.20643726613931296,0.00025
ketone,5,full_patch,raw,0,37,0.07599272597275797,0.18557436523178272,0.00025
ketone,5,full_patch,raw,0,38,0.037591560575805726,0.22249558687602555,0.00025
ketone,5,full_patch,raw,0,39,0.0645654340747927,0.26713169088551647,0.00025
ketone,5,full_patch,raw,0,40,0.03174826542495704,0.2202361070831755,0.00025
ketone,5,full_patch,raw,0,41,0.05267893263428915,0.1920501417812947,0.00025
ketone,5,full_patch,raw,0,42,0.05346414147586119,0.24041656798642447,0.00025
ketone,5,full_patch,raw,0,43,0.044480957243530475,0.22634369290679524,0.00025
ketone,5,full_patch,raw,0,44,0.032019283653038445,0.268903215035431,0.00025
ketone,5,full_patch,raw,0,45,0.042901574450804565,0.2836387506533813,0.000125
ketone,5,full_patch,raw,0,46,0.047852707935161276,0.25356064936168116,0.000125
ketone,5,full_patch,raw,0,47,0.03970664354865668,0.22964347454478967,0.000125
ketone,5,full_patch,raw,0,48,0.0463731941141066,0.19397855868142044,0.000125
ketone,5,full_patch,raw,0,49,0.031195145527847478,0.22886657768463906,0.000125
ketone,5,full_patch,raw,0,50,0.041396143311848405,0.25696891149835804,0.000125
ketone,5,full_patch,raw,0,51,0.04096179583766421,0.2110176420833864,0.000125
ketone,5,full_patch,raw,0,52,0.03110016418285057,0.2185150031743568,6.25e-05
ketone,5,full_patch,raw,0,53,0.03848731065871286,0.2120935135939283,6.25e-05
ketone,5,full_patch,raw,0,54,0.0281903798707196,0.20984284012198923,6.25e-05
ketone,5,full_patch,raw,0,55,0.030913274735212326,0.21248264201054426,6.25e-05
ketone,5,full_patch,log1p,1,1,0.3556256709528751,2.1097942351794523,0.001
ketone,5,full_patch,log1p,1,2,0.14960827763940468,1.6510638788596181,0.001
ketone,5,full_patch,log1p,1,3,0.06675235994282316,1.3445957884754476,0.001
ketone,5,full_patch,log1p,1,4,0.07044363241703784,1.0346874135785247,0.001
ketone,5,full_patch,log1p,1,5,0.053956692336035554,0.54906418506717,0.001
ketone,5,full_patch,log1p,1,6,0.07948999167954335,0.25611491936280223,0.001
ketone,5,full_patch,log1p,1,7,0.08105923265951578,0.31580041168175665,0.001
ketone,5,full_patch,log1p,1,8,0.06220042943710186,0.28677201518523815,0.001
ketone,5,full_patch,log1p,1,9,0.08114120003874184,0.650866039956427,0.001
ketone,5,full_patch,log1p,1,10,0.061914581255834614,0.3085792320748425,0.001
ketone,5,full_patch,log1p,1,11,0.049787333387820445,0.38869688539492475,0.001
ketone,5,full_patch,log1p,1,12,0.07604071497917175,0.37816101773967237,0.001
ketone,5,full_patch,log1p,1,13,0.06386942111077856,0.5438073383810003,0.001
ketone,5,full_patch,log1p,1,14,0.03679816998907777,0.3174389839557492,0.0005
ketone,5,full_patch,log1p,1,15,0.03623998675067894,0.22578006720848193,0.0005
ketone,5,full_patch,log1p,1,16,0.02934423205061037,0.3201712171454032,0.0005
ketone,5,full_patch,log1p,1,17,0.03943649135896417,0.3205941375714618,0.0005
ketone,5,full_patch,log1p,1,18,0.05810705963216844,0.25246687183069155,0.0005
ketone,5,full_patch,log1p,1,19,0.07121448878382074,0.2905716641044931,0.0005
ketone,5,full_patch,log1p,1,20,0.039031879548899466,0.5835592345066938,0.0005
ketone,5,full_patch,log1p,1,21,0.048208977355331674,0.20588067034619328,0.0005
ketone,5,full_patch,log1p,1,22,0.054432592369982456,0.22473942152120352,0.0005
ketone,5,full_patch,log1p,1,23,0.04944870828605089,0.35307270154839165,0.0005
ketone,5,full_patch,log1p,1,24,0.03802463164950003,0.28349856531231665,0.0005
ketone,5,full_patch,log1p,1,25,0.030849670166852045,0.3583800540007561,0.0005
ketone,5,full_patch,log1p,1,26,0.03154916352913028,0.21103094524861976,0.0005
ketone,5,full_patch,log1p,1,27,0.05483229879717358,0.18993703998793138,0.0005
ketone,5,full_patch,log1p,1,28,0.050043655620490915,0.21166579848081904,0.0005
ketone,5,full_patch,log1p,1,29,0.03902138623057819,0.20715400239587894,0.0005
ketone,5,full_patch,log1p,1,30,0.030692822834263084,0.36905759898010815,0.0005
ketone,5,full_patch,log1p,1,31,0.05099330790585182,0.1705476491423514,0.0005
ketone,5,full_patch,log1p,1,32,0.03397100992867204,0.21186271550151817,0.0005
ketone,5,full_patch,log1p,1,33,0.03382886140072932,0.2924202514961681,0.0005
ketone,5,full_patch,log1p,1,34,0.023740289671743502,0.2027978070637472,0.0005
ketone,5,full_patch,log1p,1,35,0.04146807799573805,0.26975749452987113,0.0005
ketone,5,full_patch,log1p,1,36,0.037847889678888635,0.18498004905222595,0.0005
ketone,5,full_patch,log1p,1,37,0.027968485641186355,0.23300871485137165,0.0005
ketone,5,full_patch,log1p,1,38,0.03550724105023947,0.17483655672623583,0.0005
ketone,5,full_patch,log1p,1,39,0.02468702798617668,0.17659663301006437,0.00025
ketone,5,full_patch,log1p,1,40,0.03428779108846774,0.24130780845766717,0.00025
ketone,5,full_patch,log1p,1,41,0.028479445053905737,0.15416631894093477,0.00025
ketone,5,full_patch,log1p,1,42,0.02283986715874711,0.18237759176119575,0.00025
ketone,5,full_patch,log1p,1,43,0.042755075791453725,0.3351477297431522,0.00025
ketone,5,full_patch,log1p,1,44,0.024366544101570475,0.22554404726881985,0.00025
ketone,5,full_patch,log1p,1,45,0.027112715007340322,0.14999973294093072,0.00025
ketone,5,full_patch,log1p,1,46,0.027147651390462626,0.3188127849150541,0.00025
ketone,5,full_patch,log1p,1,47,0.01919925182324941,0.1591787303602411,0.00025
ketone,5,full_patch,log1p,1,48,0.024100113660097122,0.1768099508073434,0.00025
ketone,5,full_patch,log1p,1,49,0.03744411746375873,0.2605007069030407,0.00025
ketone,5,full_patch,log1p,1,50,0.02752532522942199,0.13789598078256815,0.00025
ketone,5,full_patch,log1p,1,51,0.02611207504008637,0.20366750352869523,0.00025
ketone,5,full_patch,log1p,1,52,0.026410910774205553,0.1917209425451032,0.00025
ketone,5,full_patch,log1p,1,53,0.036781203856722254,0.18245279559501232,0.00025
ketone,5,full_patch,log1p,1,54,0.023034368382125605,0.19240805879527284,0.00025
ketone,5,full_patch,log1p,1,55,0.020756490956075856,0.15680403146631733,0.00025
ketone,5,full_patch,log1p,1,56,0.03286830586243848,0.3963647292995012,0.00025
ketone,5,full_patch,log1p,1,57,0.03089454196027068,0.15745730148890436,0.00025
ketone,5,full_patch,log1p,1,58,0.02708308957517147,0.14108408802940275,0.000125
ketone,5,full_patch,log1p,1,59,0.029069727439372264,0.3166587252408929,0.000125
ketone,5,full_patch,log1p,1,60,0.026778389256997187,0.18519854783310324,0.000125
ketone,5,full_patch,log1p,1,61,0.021218018514699625,0.1574941567155683,0.000125
ketone,5,full_patch,log1p,1,62,0.02314918402765618,0.259992315159332,0.000125
ketone,5,full_patch,log1p,1,63,0.020122397385659765,0.13930041099853005,0.000125
ketone,5,full_patch,log1p,1,64,0.018691744960722376,0.1848384919884548,0.000125
ketone,5,full_patch,log1p,1,65,0.019576710419820956,0.22712150109423518,6.25e-05
ketone,5,full_patch,log1p,1,66,0.024168305099010468,0.20671629933718338,6.25e-05
ketone,5,full_patch,log1p,1,67,0.021837277429514242,0.1408610952090021,6.25e-05
ketone,5,full_patch,log1p,1,68,0.019159062444919446,0.15243762792445217,6.25e-05
