patch_id,image_id,analyte,concentration_order,concentration_mg_ml,well_id,grid_row,grid_col,crop_file,circle_radius_px,r_mean,r_median,r_std,r_iqr,g_mean,g_median,g_std,g_iqr,b_mean,b_median,b_std,b_iqr,s_mean,s_median,s_std,s_iqr,v_mean,v_median,v_std,v_iqr,h_circular_mean_deg,h_circular_std_deg,h_resultant_length,h_sin_weighted,h_cos_weighted,r_chromaticity_mean,r_chromaticity_median,g_chromaticity_mean,g_chromaticity_median,b_chromaticity_mean,b_chromaticity_median,intensity_mean,intensity_median,r_bg_median,g_bg_median,b_bg_median,r_delta_bg,g_delta_bg,b_delta_bg,r_ratio_bg,g_ratio_bg,b_ratio_bg,roi_pixel_count,valid_pixel_count,highlight_pixel_count,highlight_fraction,valid_fraction,dark_fraction,background_pixel_count,qc_status,qc_reason
glucose_01_c0_wA01,glucose_01_c0,glucose,1,0.0,A01,1,1,crops/glucose/glucose_01_c0/glucose_01_c0_wA01.png,62.383,129.811771,130.0,7.905014,10.0,147.891631,148.0,7.984308,10.0,168.84028,169.0,7.695252,10.0,0.231672,0.231373,0.013927,0.015686,0.662119,0.662745,0.030177,0.039216,212.769333,1.811988,0.9995,-0.540988,-0.840436,0.290572,0.290909,0.33117,0.331169,0.378258,0.37788,148.847894,149.0,173.0,182.0,187.0,-43.0,-34.0,-18.0,0.751445,0.813187,0.903743,5998,5998,0,0.0,1.0,0.0,2969,pass,
glucose_01_c0_wA02,glucose_01_c0,glucose,1,0.0,A02,1,2,crops/glucose/glucose_01_c0/glucose_01_c0_wA02.png,64.403,116.629955,117.0,7.845863,9.0,134.219176,135.0,7.872201,9.0,155.883127,156.0,7.996737,10.0,0.252424,0.25098,0.014542,0.015686,0.611306,0.611765,0.03136,0.039216,213.766862,1.525541,0.999646,-0.555618,-0.831011,0.286595,0.286747,0.329986,0.330097,0.383419,0.383133,135.577419,136.0,213.0,217.0,220.0,-96.0,-82.0,-64.0,0.549296,0.62212,0.709091,6383,6383,0,0.0,1.0,0.0,3161,pass,
glucose_01_c0_wA03,glucose_01_c0,glucose,1,0.0,A03,1,3,crops/glucose/glucose_01_c0/glucose_01_c0_wA03.png,61.037,119.709824,120.0,6.175591,7.0,137.946432,138.0,6.176553,7.0,159.966498,160.0,6.476129,8.0,0.25201,0.25098,0.012875,0.015686,0.62732,0.627451,0.025397,0.031373,213.130423,1.934238,0.99943,-0.546235,-0.836952,0.286565,0.287037,0.330316,0.330166,0.383119,0.382979,139.207584,139.333333,52.0,65.0,76.0,68.0,73.0,84.0,2.307692,2.123077,2.105263,5731,5731,0,0.0,1.0,0.0,2842,pass,
glucose_01_c0_wA04,glucose_01_c0,glucose,1,0.0,A04,1,4,crops/glucose/glucose_01_c0/glucose_01_c0_wA04.png,66.647,113.875091,114.0,6.347747,10.0,132.720638,133.0,6.215576,8.0,154.885622,155.0,6.731641,10.0,0.265209,0.262745,0.01233,0.019608,0.607395,0.607843,0.026399,0.039216,212.60973,1.892361,0.999455,-0.53862,-0.841902,0.283533,0.284038,0.330596,0.330049,0.38587,0.385714,133.827117,134.333333,212.0,217.0,219.0,-98.0,-84.0,-64.0,0.537736,0.612903,0.707763,6837,6837,0,0.0,1.0,0.0,3399,pass,
glucose_01_c0_wA05,glucose_01_c0,glucose,1,0.0,A05,1,5,crops/glucose/glucose_01_c0/glucose_01_c0_wA05.png,67.32,110.911647,112.0,7.657877,8.0,129.067269,130.0,7.644322,9.0,151.475904,152.0,7.899096,8.0,0.268428,0.266667,0.015155,0.015686,0.594023,0.596078,0.030977,0.031373,213.429223,1.829505,0.99949,-0.550626,-0.834142,0.283159,0.283505,0.329711,0.32973,0.38713,0.387013,130.48494,131.333333,210.0,214.0,215.0,-98.0,-84.0,-63.0,0.533333,0.607477,0.706977,6972,6972,0,0.0,1.0,0.0,3461,pass,
glucose_01_c0_wA06,glucose_01_c0,glucose,1,0.0,A06,1,6,crops/glucose/glucose_01_c0/glucose_01_c0_wA06.png,72.032,106.439079,106.0,7.372491,8.0,123.285089,123.0,7.811861,8.0,144.844508,144.0,7.607044,8.0,0.265714,0.266667,0.016079,0.015686,0.568018,0.564706,0.029832,0.031373,214.11296,2.266541,0.999218,-0.560388,-0.827286,0.284022,0.283784,0.329088,0.3297,0.38689,0.387701,124.856226,124.333333,210.0,214.0,215.0,-104.0,-91.0,-71.0,0.504762,0.574766,0.669767,7994,7994,0,0.0,1.0,0.0,3972,pass,
glucose_01_c0_wA07,glucose_01_c0,glucose,1,0.0,A07,1,7,crops/glucose/glucose_01_c0/glucose_01_c0_wA07.png,72.032,105.108328,105.0,9.395141,9.0,120.929994,121.0,9.392985,9.0,142.68278,143.0,9.876149,10.0,0.264534,0.262745,0.020489,0.019608,0.55954,0.560784,0.03873,0.039216,214.672913,1.924936,0.999436,-0.56857,-0.821949,0.284764,0.285311,0.327963,0.327225,0.387273,0.387268,122.907034,123.333333,211.0,215.0,216.0,-106.0,-94.0,-73.0,0.49763,0.562791,0.662037,7985,7985,0,0.0,1.0,0.0,3956,pass,
glucose_01_c0_wA08,glucose_01_c0,glucose,1,0.0,A08,1,8,crops/glucose/glucose_01_c0/glucose_01_c0_wA08.png,68.666,103.115061,104.0,9.618712,8.0,119.783657,120.0,9.72223,8.0,140.321758,141.0,9.862704,8.0,0.266627,0.262745,0.02488,0.015686,0.550281,0.552941,0.038677,0.031373,212.949716,1.740578,0.999539,-0.543652,-0.838761,0.283487,0.284153,0.32975,0.330532,0.386764,0.385675,121.073492,121.333333,204.0,208.0,209.0,-100.0,-88.0,-68.0,0.509804,0.576923,0.674641,7257,7257,0,0.0,1.0,0.0,3606,pass,
glucose_01_c0_wA09,glucose_01_c0,glucose,1,0.0,A09,1,9,crops/glucose/glucose_01_c0/glucose_01_c0_wA09.png,68.218,106.08096,107.0,6.585552,7.0,122.882887,123.0,6.6386,7.0,142.057649,143.0,7.096361,7.0,0.253642,0.254902,0.012683,0.011765,0.557089,0.560784,0.027829,0.027451,211.542026,1.193636,0.999783,-0.52301,-0.852072,0.285801,0.285714,0.331213,0.330729,0.382986,0.383202,123.673832,124.0,213.0,217.0,218.0,-106.0,-94.0,-75.0,0.502347,0.56682,0.655963,7164,7164,0,0.0,1.0,0.0,3554,pass,
glucose_01_c0_wA10,glucose_01_c0,glucose,1,0.0,A10,1,10,crops/glucose/glucose_01_c0/glucose_01_c0_wA10.png,64.852,107.746949,108.0,6.293181,7.0,124.460528,124.0,6.169476,7.0,142.188166,142.0,6.412404,7.0,0.242585,0.243137,0.012552,0.015686,0.557601,0.556863,0.025147,0.027451,210.601643,1.341473,0.999726,-0.508927,-0.860492,0.287672,0.287599,0.332443,0.332447,0.379885,0.379947,124.798548,124.333333,139.0,148.0,149.0,-31.0,-24.0,-7.0,0.776978,0.837838,0.95302,6473,6473,0,0.0,1.0,0.0,3209,pass,
glucose_01_c0_wA11,glucose_01_c0,glucose,1,0.0,A11,1,11,crops/glucose/glucose_01_c0/glucose_01_c0_wA11.png,65.749,105.815355,106.0,6.961196,8.0,121.335487,121.0,7.121518,7.25,138.872296,139.0,6.817895,8.0,0.238535,0.239216,0.0144,0.019608,0.544597,0.545098,0.026737,0.031373,212.128769,2.161962,0.999288,-0.531445,-0.846252,0.288946,0.289189,0.331468,0.32987,0.379586,0.379947,122.007712,122.333333,206.0,210.0,209.0,-100.0,-89.0,-70.0,0.514563,0.57619,0.665072,6656,6656,0,0.0,1.0,0.0,3305,pass,
glucose_01_c0_wA12,glucose_01_c0,glucose,1,0.0,A12,1,12,crops/glucose/glucose_01_c0/glucose_01_c0_wA12.png,62.159,104.387796,105.0,8.83066,9.0,117.512355,118.0,8.862525,9.0,135.254833,135.0,8.626928,9.0,0.229158,0.227451,0.018166,0.023529,0.530411,0.529412,0.033831,0.035294,214.689397,1.409318,0.999698,-0.568955,-0.822001,0.292031,0.292614,0.328977,0.32948,0.378992,0.378223,119.051661,119.333333,86.0,94.0,99.0,19.0,24.0,36.0,1.22093,1.255319,1.363636,5949,5949,0,0.0,1.0,0.0,2956,pass,
glucose_01_c0_wB01,glucose_01_c0,glucose,1,0.0,B01,2,1,crops/glucose/glucose_01_c0/glucose_01_c0_wB01.png,64.627,125.74176,126.0,5.616087,6.0,143.189832,144.0,5.532851,5.0,164.974502,165.0,5.647307,5.0,0.2381,0.239216,0.01002,0.011765,0.646959,0.647059,0.022146,0.019608,213.945337,1.805693,0.999504,-0.558124,-0.829159,0.289723,0.289786,0.330003,0.330254,0.380274,0.38041,144.635365,145.333333,213.5,220.0,224.0,-87.5,-76.0,-59.0,0.590164,0.654545,0.736607,6432,6432,0,0.0,1.0,0.0,3188,pass,
glucose_01_c0_wB02,glucose_01_c0,glucose,1,0.0,B02,2,2,crops/glucose/glucose_01_c0/glucose_01_c0_wB02.png,64.403,111.564857,112.0,7.565712,8.0,128.249413,129.0,7.706013,8.0,150.528712,151.0,7.629695,8.0,0.259524,0.258824,0.014167,0.015686,0.590309,0.592157,0.02992,0.031373,214.860514,1.513101,0.999651,-0.571381,-0.82026,0.285655,0.286082,0.32853,0.327543,0.385815,0.38539,130.114327,130.333333,211.0,217.0,221.0,-99.0,-88.0,-70.0,0.530806,0.59447,0.683258,6391,6391,0,0.0,1.0,0.0,3175,pass,
glucose_01_c0_wB03,glucose_01_c0,glucose,1,0.0,B03,2,3,crops/glucose/glucose_01_c0/glucose_01_c0_wB03.png,69.34,112.167545,114.0,12.535782,12.0,129.46818,131.0,12.58326,12.0,150.581003,152.0,12.649664,13.0,0.257072,0.254902,0.027091,0.023529,0.590514,0.596078,0.049607,0.05098,213.314262,1.77626,0.99952,-0.548967,-0.835269,0.285457,0.286432,0.330052,0.330166,0.38449,0.383495,130.738909,132.333333,215.0,220.0,223.0,-101.0,-89.0,-71.0,0.530233,0.595455,0.681614,7401,7401,0,0.0,1.0,0.0,3672,pass,
glucose_01_c0_wB04,glucose_01_c0,glucose,1,0.0,B04,2,4,crops/glucose/glucose_01_c0/glucose_01_c0_wB04.png,70.686,108.368455,109.0,8.090121,10.0,126.361699,127.0,8.224764,11.0,148.427309,149.0,8.893182,11.0,0.270297,0.266667,0.017871,0.023529,0.582068,0.584314,0.034875,0.043137,213.115122,1.311822,0.999738,-0.54618,-0.837355,0.282665,0.283117,0.329797,0.329897,0.387538,0.387013,127.719155,128.333333,209.0,213.0,216.0,-100.0,-86.0,-67.0,0.521531,0.596244,0.689815,7697,7697,0,0.0,1.0,0.0,3804,pass,
glucose_01_c0_wB05,glucose_01_c0,glucose,1,0.0,B05,2,5,crops/glucose/glucose_01_c0/glucose_01_c0_wB05.png,69.34,105.67721,106.0,6.718766,9.0,123.094755,123.0,6.850769,9.0,145.038659,145.0,6.938779,9.0,0.271831,0.270588,0.014109,0.019608,0.568779,0.568627,0.027211,0.035294,214.143647,1.273196,0.999753,-0.561131,-0.827429,0.282569,0.282723,0.329281,0.32973,0.38815,0.388298,124.603541,124.333333,215.0,219.0,222.0,-109.0,-96.0,-77.0,0.493023,0.561644,0.653153,7398,7398,0,0.0,1.0,0.0,3651,pass,
glucose_01_c0_wB06,glucose_01_c0,glucose,1,0.0,B06,2,6,crops/glucose/glucose_01_c0/glucose_01_c0_wB06.png,66.422,102.046728,102.0,6.621308,7.0,117.763414,118.0,6.491936,6.0,139.86645,140.0,6.876447,8.0,0.271192,0.270588,0.014826,0.015686,0.548496,0.54902,0.026966,0.031373,215.050322,1.650125,0.999585,-0.574058,-0.818309,0.283566,0.283747,0.327421,0.326923,0.389013,0.389041,119.892197,120.333333,211.0,215.0,219.0,-109.0,-97.0,-79.0,0.483412,0.548837,0.639269,6784,6784,0,0.0,1.0,0.0,3357,pass,
glucose_01_c0_wB07,glucose_01_c0,glucose,1,0.0,B07,2,7,crops/glucose/glucose_01_c0/glucose_01_c0_wB07.png,62.608,104.209114,104.0,6.68538,7.0,120.445236,120.0,6.766145,7.0,142.614085,143.0,6.708219,7.0,0.270158,0.270588,0.013753,0.015686,0.559271,0.560784,0.026307,0.027451,214.949874,1.774155,0.999521,-0.572585,-0.819261,0.283598,0.283747,0.327927,0.327078,0.388475,0.38874,122.422811,122.333333,45.0,54.0,63.0,59.0,66.0,80.0,2.311111,2.222222,2.269841,6035,6035,0,0.0,1.0,0.0,2985,pass,
glucose_01_c0_wB08,glucose_01_c0,glucose,1,0.0,B08,2,8,crops/glucose/glucose_01_c0/glucose_01_c0_wB08.png,70.462,102.402831,103.0,6.327059,7.0,118.026078,118.0,6.218131,7.0,137.7691,138.0,6.450513,8.0,0.257484,0.258824,0.013848,0.015686,0.540271,0.541176,0.025296,0.031373,212.860573,1.73253,0.999543,-0.542349,-0.83961,0.285746,0.286104,0.329508,0.328205,0.384747,0.384824,119.399336,119.333333,214.0,217.0,219.0,-111.0,-99.0,-81.0,0.481308,0.543779,0.630137,7631,7631,0,0.0,1.0,0.0,3795,pass,
glucose_01_c0_wB09,glucose_01_c0,glucose,1,0.0,B09,2,9,crops/glucose/glucose_01_c0/glucose_01_c0_wB09.png,61.934,104.061052,104.0,7.788935,7.0,120.682902,121.0,7.772541,8.0,141.304076,141.0,8.001641,8.0,0.264431,0.262745,0.018703,0.019608,0.554134,0.552941,0.031379,0.031373,213.078553,2.323916,0.999178,-0.54534,-0.837234,0.284051,0.284182,0.329686,0.330556,0.386263,0.385675,122.01601,122.0,46.0,56.0,63.0,58.0,65.0,78.0,2.26087,2.160714,2.238095,5913,5913,0,0.0,1.0,0.0,2925,pass,
glucose_01_c0_wB10,glucose_01_c0,glucose,1,0.0,B10,2,10,crops/glucose/glucose_01_c0/glucose_01_c0_wB10.png,65.974,106.858443,107.0,9.41984,10.0,122.664827,123.0,9.335658,10.0,141.237619,141.0,9.390022,10.0,0.244417,0.243137,0.02147,0.023529,0.553873,0.552941,0.036824,0.039216,212.358908,1.814321,0.999499,-0.534953,-0.844289,0.28792,0.288089,0.330836,0.330484,0.381244,0.381081,123.586963,124.0,150.0,157.0,162.0,-43.0,-34.0,-21.0,0.713333,0.783439,0.87037,6704,6704,0,0.0,1.0,0.0,3331,pass,
glucose_01_c0_wB11,glucose_01_c0,glucose,1,0.0,B11,2,11,crops/glucose/glucose_01_c0/glucose_01_c0_wB11.png,69.34,106.254526,106.0,10.883881,10.0,122.621589,122.0,11.007852,10.0,139.116455,139.0,11.114639,11.0,0.237996,0.235294,0.02674,0.019608,0.545555,0.545098,0.043587,0.043137,210.214614,1.005995,0.999846,-0.503163,-0.864013,0.288247,0.288515,0.333216,0.333333,0.378537,0.378151,122.66419,122.0,211.0,215.0,218.0,-105.0,-93.0,-79.0,0.50237,0.567442,0.637615,7402,7402,0,0.0,1.0,0.0,3669,pass,
glucose_01_c0_wB12,glucose_01_c0,glucose,1,0.0,B12,2,12,crops/glucose/glucose_01_c0/glucose_01_c0_wB12.png,69.788,101.458533,102.0,7.660149,9.0,113.1652,114.0,7.366648,9.0,130.6664,132.0,7.516926,9.0,0.224339,0.223529,0.017075,0.019608,0.512417,0.517647,0.029478,0.035294,216.288868,2.870803,0.998746,-0.591114,-0.805032,0.293641,0.293413,0.327743,0.327536,0.378616,0.378223,115.096711,116.333333,210.0,214.0,216.0,-108.0,-100.0,-84.0,0.485714,0.53271,0.611111,7500,7500,0,0.0,1.0,0.0,3713,pass,
glucose_01_c0_wC01,glucose_01_c0,glucose,1,0.0,C01,3,1,crops/glucose/glucose_01_c0/glucose_01_c0_wC01.png,61.934,120.269615,122.0,10.36023,12.0,137.994577,139.0,10.714405,13.0,159.079986,160.0,10.289376,12.0,0.245015,0.243137,0.019464,0.023529,0.623843,0.627451,0.04035,0.047059,212.968726,2.233798,0.99924,-0.543768,-0.83833,0.287922,0.288889,0.330583,0.330827,0.381495,0.380835,139.114726,140.333333,128.5,139.0,147.5,-6.5,0.0,12.5,0.949416,1.0,1.084746,5901,5901,0,0.0,1.0,0.0,2920,pass,
glucose_01_c0_wC02,glucose_01_c0,glucose,1,0.0,C02,3,2,crops/glucose/glucose_01_c0/glucose_01_c0_wC02.png,69.115,96.952071,97.0,10.043166,12.0,111.541616,111.0,10.039653,12.0,131.634487,132.0,10.158914,12.0,0.265028,0.266667,0.024481,0.027451,0.516214,0.517647,0.039839,0.047059,214.443676,2.231777,0.999242,-0.565167,-0.824057,0.284657,0.2849,0.327902,0.327684,0.387441,0.387283,113.376058,113.333333,212.0,217.0,221.0,-115.0,-106.0,-89.0,0.457547,0.511521,0.597285,7365,7365,0,0.0,1.0,0.0,3655,pass,
glucose_01_c0_wC03,glucose_01_c0,glucose,1,0.0,C03,3,3,crops/glucose/glucose_01_c0/glucose_01_c0_wC03.png,65.974,98.998804,100.0,9.481822,10.0,115.296368,116.0,9.505493,10.0,135.009565,136.0,9.277658,9.0,0.268212,0.266667,0.022673,0.023529,0.529449,0.533333,0.036383,0.035294,212.284559,1.614389,0.999603,-0.533913,-0.84507,0.283046,0.284058,0.330034,0.330357,0.38692,0.386555,116.434913,117.0,213.0,218.0,222.0,-113.0,-102.0,-86.0,0.469484,0.53211,0.612613,6691,6691,0,0.0,1.0,0.0,3311,pass,
glucose_01_c0_wC04,glucose_01_c0,glucose,1,0.0,C04,3,4,crops/glucose/glucose_01_c0/glucose_01_c0_wC04.png,69.788,100.345928,101.0,7.731204,7.0,116.588117,117.0,7.702048,8.0,138.584379,139.0,7.96921,8.0,0.277047,0.278431,0.018222,0.019608,0.543468,0.545098,0.031252,0.031373,214.80858,1.935107,0.99943,-0.570511,-0.820596,0.282016,0.282486,0.327931,0.326975,0.390053,0.39039,118.506142,119.333333,210.0,215.0,219.0,-109.0,-98.0,-80.0,0.480952,0.544186,0.634703,7490,7490,0,0.0,1.0,0.0,3701,pass,
glucose_01_c0_wC05,glucose_01_c0,glucose,1,0.0,C05,3,5,crops/glucose/glucose_01_c0/glucose_01_c0_wC05.png,66.422,97.308315,98.0,8.093358,9.0,113.396762,114.0,8.079683,9.0,135.108609,135.0,8.233869,9.0,0.280881,0.278431,0.018931,0.019608,0.529838,0.529412,0.03229,0.035294,214.496296,1.890229,0.999456,-0.566045,-0.823714,0.281125,0.28125,0.327895,0.326975,0.39098,0.390909,115.271229,115.666667,196.0,200.0,205.0,-98.0,-86.0,-70.0,0.5,0.57,0.658537,6795,6795,0,0.0,1.0,0.0,3363,pass,
glucose_01_c0_wC06,glucose_01_c0,glucose,1,0.0,C06,3,6,crops/glucose/glucose_01_c0/glucose_01_c0_wC06.png,61.71,93.99403,94.0,7.968478,9.0,109.038888,109.0,7.896797,9.0,129.115299,130.0,8.201934,8.0,0.273206,0.27451,0.018328,0.019608,0.506335,0.509804,0.032164,0.031373,213.758513,1.138378,0.999803,-0.555584,-0.831223,0.282721,0.282738,0.328285,0.327586,0.388995,0.388889,110.716073,111.0,36.0,43.0,53.0,58.0,66.0,77.0,2.611111,2.534884,2.45283,5863,5863,0,0.0,1.0,0.0,2914,pass,
glucose_01_c0_wC07,glucose_01_c0,glucose,1,0.0,C07,3,7,crops/glucose/glucose_01_c0/glucose_01_c0_wC07.png,70.91,97.167916,98.0,7.028738,8.0,112.544597,113.0,6.98357,8.0,134.226861,135.0,7.03745,8.0,0.276949,0.27451,0.016921,0.019608,0.52638,0.529412,0.027598,0.031373,214.698806,2.100346,0.999328,-0.56888,-0.821604,0.282319,0.282486,0.327206,0.327027,0.390476,0.39039,114.646458,115.0,214.0,218.0,221.0,-116.0,-105.0,-86.0,0.457944,0.518349,0.61086,7736,7736,0,0.0,1.0,0.0,3836,pass,
glucose_01_c0_wC08,glucose_01_c0,glucose,1,0.0,C08,3,8,crops/glucose/glucose_01_c0/glucose_01_c0_wC08.png,66.647,95.095552,95.0,6.62235,6.0,110.299678,110.0,6.526866,6.0,130.69403,131.0,6.571607,7.0,0.273328,0.27451,0.016235,0.015686,0.512526,0.513725,0.025771,0.027451,213.764194,1.096771,0.999817,-0.555674,-0.83118,0.282771,0.283077,0.328175,0.327536,0.389055,0.389381,112.029753,112.0,207.0,212.0,216.0,-112.0,-102.0,-85.0,0.458937,0.518868,0.606481,6834,6834,0,0.0,1.0,0.0,3412,pass,
glucose_01_c0_wC09,glucose_01_c0,glucose,1,0.0,C09,3,9,crops/glucose/glucose_01_c0/glucose_01_c0_wC09.png,64.627,99.00872,100.0,16.057179,11.75,115.141078,116.0,16.139806,12.0,134.39318,136.0,16.219676,11.0,0.269492,0.262745,0.059318,0.027451,0.527032,0.533333,0.063607,0.043137,212.358125,1.711485,0.999554,-0.534971,-0.844343,0.28209,0.284507,0.330254,0.330383,0.387656,0.385294,116.180992,117.333333,183.0,189.0,192.0,-83.0,-73.0,-56.0,0.546448,0.613757,0.708333,6422,6422,0,0.0,1.0,0.0,3185,pass,
glucose_01_c0_wC10,glucose_01_c0,glucose,1,0.0,C10,3,10,crops/glucose/glucose_01_c0/glucose_01_c0_wC10.png,62.608,101.391816,102.0,9.280711,9.0,116.883366,117.0,9.180845,9.0,135.079854,135.0,9.260456,8.0,0.25071,0.247059,0.023484,0.019608,0.529725,0.529412,0.036316,0.031373,212.461296,1.946283,0.999423,-0.53642,-0.843268,0.286567,0.287356,0.330775,0.329759,0.382657,0.381868,117.785012,118.333333,55.0,62.0,69.0,47.0,55.0,66.0,1.854545,1.887097,1.956522,6036,6036,0,0.0,1.0,0.0,2994,pass,
glucose_01_c0_wC11,glucose_01_c0,glucose,1,0.0,C11,3,11,crops/glucose/glucose_01_c0/glucose_01_c0_wC11.png,65.749,103.486251,104.0,6.956001,8.0,118.606912,119.0,6.866043,8.0,136.6287,137.0,7.146251,8.0,0.242982,0.243137,0.014948,0.015686,0.535799,0.537255,0.028025,0.031373,212.898717,1.828163,0.999491,-0.542879,-0.839205,0.288331,0.288462,0.330647,0.32973,0.381022,0.381081,119.573954,120.0,201.0,206.0,210.0,-97.0,-87.0,-73.0,0.517413,0.57767,0.652381,6655,6655,0,0.0,1.0,0.0,3306,pass,
glucose_01_c0_wC12,glucose_01_c0,glucose,1,0.0,C12,3,12,crops/glucose/glucose_01_c0/glucose_01_c0_wC12.png,70.237,102.573986,103.0,7.480424,9.0,117.807925,118.0,7.66286,9.0,135.120985,135.0,7.749737,9.0,0.241461,0.239216,0.016451,0.019608,0.529886,0.529412,0.030391,0.035294,211.978896,2.240229,0.999236,-0.529202,-0.847595,0.288374,0.288401,0.331367,0.33241,0.380259,0.379947,118.500965,119.0,207.0,211.0,214.0,-104.0,-93.0,-79.0,0.497585,0.559242,0.630841,7596,7596,0,0.0,1.0,0.0,3784,pass,
glucose_01_c0_wD01,glucose_01_c0,glucose,1,0.0,D01,4,1,crops/glucose/glucose_01_c0/glucose_01_c0_wD01.png,68.891,126.03083,127.0,11.564125,16.0,144.86051,146.0,11.668752,15.0,166.581255,168.0,11.682485,15.0,0.244639,0.243137,0.019922,0.027451,0.65326,0.658824,0.045814,0.058824,212.291197,2.154612,0.999293,-0.533845,-0.844746,0.287809,0.287946,0.331103,0.330579,0.381088,0.38041,145.824198,147.0,214.0,220.0,224.0,-87.0,-74.0,-56.0,0.593458,0.663636,0.75,7298,7298,0,0.0,1.0,0.0,3636,pass,
glucose_01_c0_wD02,glucose_01_c0,glucose,1,0.0,D02,4,2,crops/glucose/glucose_01_c0/glucose_01_c0_wD02.png,65.3,96.985231,99.0,10.644871,13.0,113.334805,115.0,10.541279,13.0,132.875152,135.0,10.810752,13.0,0.271902,0.270588,0.025106,0.031373,0.521079,0.529412,0.042395,0.05098,212.322395,2.22656,0.999245,-0.534279,-0.844415,0.28211,0.282967,0.330241,0.330484,0.387648,0.387006,114.398396,116.333333,209.0,214.0,218.0,-110.0,-99.0,-83.0,0.473684,0.537383,0.619266,6568,6568,0,0.0,1.0,0.0,3278,pass,
glucose_01_c0_wD03,glucose_01_c0,glucose,1,0.0,D03,4,3,crops/glucose/glucose_01_c0/glucose_01_c0_wD03.png,66.422,98.287145,99.0,9.740138,12.0,113.569136,114.0,9.727787,12.0,135.692092,136.0,9.808993,12.0,0.27707,0.27451,0.026476,0.031373,0.532126,0.533333,0.038467,0.047059,215.498829,2.237882,0.999238,-0.580244,-0.813507,0.282416,0.283069,0.326722,0.326648,0.390862,0.390244,115.849458,116.333333,206.0,211.0,215.0,-107.0,-97.0,-79.0,0.480583,0.540284,0.632558,6791,6791,0,0.0,1.0,0.0,3373,pass,
glucose_01_c0_wD04,glucose_01_c0,glucose,1,0.0,D04,4,4,crops/glucose/glucose_01_c0/glucose_01_c0_wD04.png,70.462,90.826724,92.0,10.091017,12.0,107.04646,108.0,10.005067,13.0,129.247219,130.0,10.465504,13.0,0.299055,0.294118,0.025672,0.031373,0.506852,0.509804,0.041041,0.05098,214.85935,1.891321,0.999455,-0.571253,-0.820111,0.277161,0.277966,0.327231,0.32659,0.395607,0.394659,109.040134,110.0,212.0,217.0,220.0,-120.0,-109.0,-90.0,0.433962,0.497696,0.590909,7641,7641,0,0.0,1.0,0.0,3787,pass,
glucose_01_c0_wD05,glucose_01_c0,glucose,1,0.0,D05,4,5,crops/glucose/glucose_01_c0/glucose_01_c0_wD05.png,65.974,89.668752,91.0,10.327763,12.0,106.125261,107.0,10.117935,13.0,126.138814,127.0,10.507431,13.0,0.291084,0.286275,0.027701,0.031373,0.494662,0.498039,0.041206,0.05098,212.73034,1.90352,0.999448,-0.540388,-0.84076,0.277962,0.278932,0.329673,0.330033,0.392365,0.391975,107.310942,108.333333,204.0,209.0,212.0,-113.0,-102.0,-85.0,0.446078,0.511962,0.599057,6714,6714,0,0.0,1.0,0.0,3331,pass,
glucose_01_c0_wD06,glucose_01_c0,glucose,1,0.0,D06,4,6,crops/glucose/glucose_01_c0/glucose_01_c0_wD06.png,60.588,85.767327,86.5,11.343376,14.0,101.075672,102.0,11.556833,15.0,120.488861,121.0,11.65295,15.0,0.290761,0.286275,0.032196,0.035294,0.472505,0.47451,0.045698,0.058824,213.361376,1.838422,0.999485,-0.549635,-0.834789,0.278354,0.279365,0.328794,0.328767,0.392852,0.391447,102.443953,103.333333,26.0,33.0,43.0,60.5,69.0,78.0,3.326923,3.090909,2.813953,5656,5656,0,0.0,1.0,0.0,2817,pass,
glucose_01_c0_wD07,glucose_01_c0,glucose,1,0.0,D07,4,7,crops/glucose/glucose_01_c0/glucose_01_c0_wD07.png,71.135,86.55359,87.0,7.018123,8.0,103.284744,104.0,7.1113,8.0,122.57641,123.0,7.199363,9.0,0.294726,0.294118,0.018946,0.023529,0.480692,0.482353,0.028233,0.035294,211.670174,2.13393,0.999307,-0.524665,-0.850494,0.276793,0.276923,0.330588,0.330247,0.392618,0.392523,104.138248,104.333333,208.0,213.0,216.0,-121.0,-109.0,-93.0,0.418269,0.488263,0.569444,7800,7800,0,0.0,1.0,0.0,3853,pass,
glucose_01_c0_wD08,glucose_01_c0,glucose,1,0.0,D08,4,8,crops/glucose/glucose_01_c0/glucose_01_c0_wD08.png,71.135,86.323409,87.0,9.275438,10.0,102.436345,103.0,9.382148,10.0,122.141042,123.0,9.459521,11.0,0.294832,0.294118,0.026315,0.031373,0.478984,0.482353,0.037096,0.043137,212.898073,1.710219,0.999555,-0.542904,-0.839264,0.277188,0.277778,0.329435,0.329787,0.393376,0.392617,103.633599,104.0,210.0,214.0,217.0,-123.0,-111.0,-94.0,0.414286,0.481308,0.56682,7792,7792,0,0.0,1.0,0.0,3875,pass,
glucose_01_c0_wD09,glucose_01_c0,glucose,1,0.0,D09,4,9,crops/glucose/glucose_01_c0/glucose_01_c0_wD09.png,69.115,87.091156,88.0,11.407069,14.0,101.546939,102.0,11.739933,14.0,118.995782,120.0,11.781231,14.0,0.270417,0.270588,0.027895,0.035294,0.46665,0.470588,0.046201,0.054902,213.154622,2.105851,0.999325,-0.546531,-0.836632,0.28251,0.283019,0.329999,0.329268,0.38749,0.386986,102.544626,103.0,208.0,213.0,216.0,-120.0,-111.0,-96.0,0.423077,0.478873,0.555556,7350,7350,0,0.0,1.0,0.0,3659,pass,
glucose_01_c0_wD10,glucose_01_c0,glucose,1,0.0,D10,4,10,crops/glucose/glucose_01_c0/glucose_01_c0_wD10.png,66.422,89.727487,90.0,10.008408,9.0,105.059594,105.0,10.240177,10.0,123.596233,123.0,10.130113,10.0,0.275838,0.27451,0.028983,0.023529,0.484691,0.482353,0.039726,0.039216,212.914505,2.096024,0.999331,-0.543024,-0.838921,0.281301,0.281818,0.329873,0.329268,0.388826,0.388199,106.127771,106.0,201.0,206.0,209.0,-111.0,-101.0,-86.0,0.447761,0.509709,0.588517,6796,6796,0,0.0,1.0,0.0,3376,pass,
glucose_01_c0_wD11,glucose_01_c0,glucose,1,0.0,D11,4,11,crops/glucose/glucose_01_c0/glucose_01_c0_wD11.png,70.237,89.378357,91.0,11.787864,13.0,103.529621,105.0,11.946764,14.0,120.738415,122.0,11.735125,14.0,0.262368,0.258824,0.031804,0.031373,0.473484,0.478431,0.04602,0.054902,213.203052,3.420593,0.99822,-0.546633,-0.835245,0.284287,0.285256,0.329989,0.329412,0.385725,0.384393,104.548798,106.0,205.0,210.0,212.0,-114.0,-105.0,-90.0,0.443902,0.5,0.575472,7596,7596,0,0.0,1.0,0.0,3768,pass,
glucose_01_c0_wD12,glucose_01_c0,glucose,1,0.0,D12,4,12,crops/glucose/glucose_01_c0/glucose_01_c0_wD12.png,65.076,94.51849,95.0,7.968896,9.0,107.677459,107.0,8.280972,9.0,125.012276,125.0,8.060488,9.0,0.244791,0.243137,0.020126,0.023529,0.490244,0.490196,0.03161,0.035294,214.367382,2.542394,0.999016,-0.563942,-0.824623,0.288646,0.28869,0.329011,0.328947,0.382342,0.382184,109.069408,109.0,195.0,199.0,202.0,-100.0,-92.0,-77.0,0.487179,0.537688,0.618812,6517,6517,0,0.0,1.0,0.0,3236,pass,
glucose_01_c0_wE01,glucose_01_c0,glucose,1,0.0,E01,5,1,crops/glucose/glucose_01_c0/glucose_01_c0_wE01.png,68.666,129.657304,130.0,8.904546,12.0,148.492221,149.0,9.075716,12.0,170.288999,171.0,9.330931,12.0,0.239124,0.239216,0.015737,0.023529,0.6678,0.670588,0.036592,0.047059,212.366485,1.7368,0.999541,-0.535087,-0.844253,0.288995,0.288889,0.331124,0.33049,0.379881,0.380165,149.479508,150.333333,216.0,221.0,225.0,-86.0,-72.0,-54.0,0.601852,0.674208,0.76,7263,7263,0,0.0,1.0,0.0,3601,pass,
glucose_01_c0_wE02,glucose_01_c0,glucose,1,0.0,E02,5,2,crops/glucose/glucose_01_c0/glucose_01_c0_wE02.png,63.505,101.716766,102.0,5.319845,6.0,117.767722,118.0,5.460639,6.0,140.139367,140.0,5.634791,6.0,0.274983,0.27451,0.012136,0.015686,0.549566,0.54902,0.022097,0.023529,215.262485,1.313444,0.999737,-0.577171,-0.816301,0.282758,0.282967,0.327462,0.326975,0.38978,0.389881,119.874618,120.0,120.0,128.0,136.0,-18.0,-10.0,4.0,0.85,0.921875,1.029412,6221,6221,0,0.0,1.0,0.0,3080,pass,
glucose_01_c0_wE03,glucose_01_c0,glucose,1,0.0,E03,5,3,crops/glucose/glucose_01_c0/glucose_01_c0_wE03.png,62.832,96.727961,97.0,8.481404,10.0,112.994243,114.0,8.520976,10.0,133.381743,134.0,8.649412,10.0,0.275882,0.27451,0.021014,0.023529,0.523066,0.52549,0.033919,0.039216,213.127611,2.113051,0.99932,-0.546134,-0.836886,0.281627,0.282051,0.329313,0.330097,0.389061,0.388715,114.367982,115.0,84.0,93.0,101.0,13.0,21.0,33.0,1.154762,1.225806,1.326733,6080,6080,0,0.0,1.0,0.0,3007,pass,
glucose_01_c0_wE04,glucose_01_c0,glucose,1,0.0,E04,5,4,crops/glucose/glucose_01_c0/glucose_01_c0_wE04.png,70.462,94.416013,95.0,9.275629,11.0,110.75314,111.0,9.325395,11.0,133.441784,134.0,9.643251,12.0,0.293837,0.294118,0.021034,0.023529,0.523301,0.52549,0.037817,0.047059,214.926256,1.776016,0.99952,-0.572247,-0.819496,0.278485,0.278736,0.327059,0.326531,0.394456,0.394118,112.870312,113.333333,211.0,215.0,219.0,-116.0,-104.0,-85.0,0.450237,0.516279,0.611872,7644,7644,0,0.0,1.0,0.0,3786,pass,
glucose_01_c0_wE05,glucose_01_c0,glucose,1,0.0,E05,5,5,crops/glucose/glucose_01_c0/glucose_01_c0_wE05.png,67.096,89.804307,90.0,6.691896,8.0,105.762104,106.0,6.560363,7.0,126.648649,126.0,6.654556,9.0,0.291655,0.294118,0.018917,0.027451,0.496661,0.494118,0.026096,0.035294,213.791914,1.733396,0.999542,-0.555924,-0.830683,0.278493,0.278443,0.328227,0.327485,0.39328,0.393082,107.40502,107.0,206.0,211.0,215.0,-116.0,-105.0,-89.0,0.436893,0.50237,0.586047,6919,6919,0,0.0,1.0,0.0,3441,pass,
glucose_01_c0_wE06,glucose_01_c0,glucose,1,0.0,E06,5,6,crops/glucose/glucose_01_c0/glucose_01_c0_wE06.png,66.871,85.953238,87.0,8.150602,9.0,102.190967,103.0,8.083394,9.0,123.388324,124.0,8.619962,10.0,0.304634,0.301961,0.023476,0.019608,0.483876,0.486275,0.033804,0.039216,213.824116,1.955205,0.999418,-0.556321,-0.830267,0.27551,0.276094,0.328045,0.327434,0.396445,0.39604,103.844177,104.333333,200.0,205.0,209.0,-113.0,-102.0,-85.0,0.435,0.502439,0.593301,6886,6886,0,0.0,1.0,0.0,3416,pass,
glucose_01_c0_wE07,glucose_01_c0,glucose,1,0.0,E07,5,7,crops/glucose/glucose_01_c0/glucose_01_c0_wE07.png,66.647,85.454758,86.0,8.601964,8.0,102.458419,103.0,8.575372,8.0,121.861933,123.0,8.673708,8.0,0.300369,0.294118,0.026305,0.019608,0.47789,0.482353,0.034015,0.031373,211.435644,1.052505,0.999831,-0.521453,-0.853083,0.275368,0.276527,0.330739,0.330247,0.393893,0.393082,103.25837,104.0,201.0,206.0,210.0,-115.0,-103.0,-87.0,0.427861,0.5,0.585714,6830,6830,0,0.0,1.0,0.0,3390,pass,
glucose_01_c0_wE08,glucose_01_c0,glucose,1,0.0,E08,5,8,crops/glucose/glucose_01_c0/glucose_01_c0_wE08.png,64.403,90.240953,91.0,6.449887,8.0,105.412345,106.0,6.343634,8.0,126.713614,127.0,6.576756,8.0,0.288628,0.286275,0.017066,0.019608,0.496916,0.498039,0.025791,0.031373,214.499691,1.38711,0.999707,-0.566236,-0.823888,0.279737,0.280236,0.326991,0.327103,0.393272,0.392962,107.455637,108.0,165.0,172.5,174.0,-74.0,-66.5,-47.0,0.551515,0.614493,0.729885,6383,6383,0,0.0,1.0,0.0,3170,pass,
glucose_01_c0_wE09,glucose_01_c0,glucose,1,0.0,E09,5,9,crops/glucose/glucose_01_c0/glucose_01_c0_wE09.png,61.261,88.676181,89.0,10.012065,11.0,104.89725,106.0,10.048825,11.0,122.53745,123.0,10.2651,12.0,0.278192,0.27451,0.025075,0.027451,0.480539,0.482353,0.040255,0.047059,210.912863,1.711271,0.999554,-0.513505,-0.857567,0.280027,0.280967,0.331838,0.332335,0.388135,0.387195,105.370293,106.333333,25.0,33.0,42.0,64.0,73.0,81.0,3.56,3.212121,2.928571,5781,5781,0,0.0,1.0,0.0,2887,pass,
glucose_01_c0_wE10,glucose_01_c0,glucose,1,0.0,E10,5,10,crops/glucose/glucose_01_c0/glucose_01_c0_wE10.png,66.422,89.719688,90.0,9.924279,11.0,105.934815,106.0,9.706494,11.0,123.211154,124.0,9.76105,10.0,0.273748,0.27451,0.027955,0.031373,0.483181,0.486275,0.038279,0.039216,210.806927,1.819028,0.999496,-0.511889,-0.858465,0.280818,0.281391,0.332242,0.332326,0.38694,0.386707,106.288552,106.333333,202.0,207.0,209.0,-112.0,-101.0,-85.0,0.445545,0.512077,0.593301,6796,6796,0,0.0,1.0,0.0,3364,pass,
glucose_01_c0_wE11,glucose_01_c0,glucose,1,0.0,E11,5,11,crops/glucose/glucose_01_c0/glucose_01_c0_wE11.png,61.71,91.859189,91.0,10.13672,12.75,106.368394,106.0,10.109686,12.0,124.365155,124.0,10.071157,13.0,0.262992,0.262745,0.024923,0.031373,0.487706,0.486275,0.039495,0.05098,213.523308,1.77983,0.999518,-0.55201,-0.833259,0.284319,0.284404,0.329692,0.329231,0.385988,0.386139,107.530913,107.333333,67.0,74.0,82.0,24.0,32.0,42.0,1.358209,1.432432,1.512195,5866,5866,0,0.0,1.0,0.0,2903,pass,
glucose_01_c0_wE12,glucose_01_c0,glucose,1,0.0,E12,5,12,crops/glucose/glucose_01_c0/glucose_01_c0_wE12.png,60.364,94.61349,94.0,9.20454,11.0,108.342791,108.0,9.309786,11.0,126.599572,127.0,9.206775,11.0,0.253806,0.254902,0.020491,0.027451,0.496469,0.498039,0.036105,0.043137,214.604446,1.96125,0.999414,-0.567575,-0.82261,0.286792,0.286932,0.328702,0.328622,0.384506,0.38484,109.851951,110.0,33.0,41.0,50.0,61.0,67.0,77.0,2.848485,2.634146,2.54,5604,5604,0,0.0,1.0,0.0,2787,pass,
glucose_01_c0_wF01,glucose_01_c0,glucose,1,0.0,F01,6,1,crops/glucose/glucose_01_c0/glucose_01_c0_wF01.png,69.34,131.520465,132.0,8.104108,10.0,150.562475,151.0,7.693208,10.0,172.25152,173.0,7.804823,10.0,0.237149,0.235294,0.014379,0.019608,0.675496,0.678431,0.030607,0.039216,212.466252,2.055516,0.999357,-0.536457,-0.843165,0.289331,0.290179,0.331408,0.330508,0.379261,0.378788,151.44482,152.0,213.0,219.0,223.0,-81.0,-68.0,-50.0,0.619718,0.689498,0.775785,7403,7403,0,0.0,1.0,0.0,3655,pass,
glucose_01_c0_wF02,glucose_01_c0,glucose,1,0.0,F02,6,2,crops/glucose/glucose_01_c0/glucose_01_c0_wF02.png,65.749,98.446716,99.0,8.043979,10.0,115.379528,116.0,8.162548,11.0,135.448519,136.0,9.095231,12.0,0.273685,0.27451,0.017264,0.023529,0.531171,0.533333,0.035668,0.047059,212.507865,1.968731,0.99941,-0.537098,-0.84282,0.281673,0.281501,0.330375,0.330357,0.387952,0.388199,116.424921,117.333333,197.0,203.0,207.0,-98.0,-87.0,-71.0,0.502538,0.571429,0.657005,6653,6653,0,0.0,1.0,0.0,3288,pass,
glucose_01_c0_wF03,glucose_01_c0,glucose,1,0.0,F03,6,3,crops/glucose/glucose_01_c0/glucose_01_c0_wF03.png,70.013,97.291611,98.0,7.922845,9.0,113.619724,114.0,7.719941,9.0,133.930183,135.0,7.868842,10.0,0.274627,0.270588,0.019129,0.019608,0.525216,0.529412,0.030858,0.039216,212.72113,1.397974,0.999702,-0.54039,-0.841061,0.281863,0.282353,0.329489,0.330218,0.388648,0.387931,114.947173,116.0,210.0,215.0,219.0,-112.0,-101.0,-84.0,0.466667,0.530233,0.616438,7534,7534,0,0.0,1.0,0.0,3739,pass,
glucose_01_c0_wF04,glucose_01_c0,glucose,1,0.0,F04,6,4,crops/glucose/glucose_01_c0/glucose_01_c0_wF04.png,71.359,91.339627,92.0,10.697492,9.0,107.798801,109.0,10.59675,9.0,130.138811,131.0,10.796672,10.0,0.300614,0.298039,0.034668,0.023529,0.510348,0.513725,0.04234,0.039216,214.663062,2.179549,0.999277,-0.568338,-0.821916,0.276655,0.277778,0.327307,0.326531,0.396038,0.394822,109.75908,110.333333,209.0,214.0,217.0,-117.0,-105.0,-86.0,0.440191,0.509346,0.603687,7838,7838,0,0.0,1.0,0.0,3895,pass,
glucose_01_c0_wF05,glucose_01_c0,glucose,1,0.0,F05,6,5,crops/glucose/glucose_01_c0/glucose_01_c0_wF05.png,67.32,93.592369,94.0,7.090914,9.0,110.058663,110.0,7.057901,8.0,133.200373,134.0,7.246471,8.0,0.298107,0.298039,0.018893,0.023529,0.522354,0.52549,0.028418,0.031373,215.143505,1.456752,0.999677,-0.57544,-0.817449,0.277627,0.277778,0.326712,0.326471,0.395661,0.396341,112.283802,113.0,201.0,206.0,209.0,-107.0,-96.0,-75.0,0.467662,0.533981,0.641148,6972,6972,0,0.0,1.0,0.0,3462,pass,
glucose_01_c0_wF06,glucose_01_c0,glucose,1,0.0,F06,6,6,crops/glucose/glucose_01_c0/glucose_01_c0_wF06.png,70.91,89.460127,89.0,7.154727,8.0,105.728189,106.0,6.967227,8.0,127.810133,128.0,7.851587,10.0,0.300729,0.301961,0.018335,0.019608,0.501216,0.501961,0.030791,0.039216,214.493802,2.25849,0.999223,-0.565877,-0.823547,0.276731,0.276923,0.327381,0.326284,0.395888,0.396011,107.66615,107.333333,204.0,209.0,213.0,-115.0,-103.0,-85.0,0.436275,0.507177,0.600939,7737,7737,0,0.0,1.0,0.0,3836,pass,
glucose_01_c0_wF07,glucose_01_c0,glucose,1,0.0,F07,6,7,crops/glucose/glucose_01_c0/glucose_01_c0_wF07.png,67.32,91.546393,92.0,7.388759,9.0,107.169941,107.0,7.176971,9.0,128.694679,129.0,7.458888,9.0,0.289566,0.290196,0.019179,0.023529,0.504685,0.505882,0.029251,0.035294,214.476641,1.908436,0.999445,-0.565756,-0.8239,0.279351,0.279635,0.327332,0.32659,0.393317,0.39322,109.137005,109.333333,192.0,197.0,201.0,-100.0,-90.0,-72.0,0.479167,0.543147,0.641791,6973,6973,0,0.0,1.0,0.0,3463,pass,
glucose_01_c0_wF08,glucose_01_c0,glucose,1,0.0,F08,6,8,crops/glucose/glucose_01_c0/glucose_01_c0_wF08.png,69.34,88.415023,89.0,7.975027,9.0,104.333829,105.0,7.915046,9.0,125.514861,127.0,8.847601,11.0,0.29654,0.294118,0.021198,0.027451,0.492215,0.498039,0.034696,0.043137,213.959513,2.175034,0.99928,-0.558205,-0.828835,0.277509,0.277778,0.327863,0.327103,0.394628,0.394231,106.087904,107.0,206.0,211.0,214.0,-117.0,-106.0,-87.0,0.432039,0.49763,0.593458,7402,7402,0,0.0,1.0,0.0,3670,pass,
glucose_01_c0_wF09,glucose_01_c0,glucose,1,0.0,F09,6,9,crops/glucose/glucose_01_c0/glucose_01_c0_wF09.png,69.115,91.440392,91.0,8.333081,11.0,108.018917,108.0,8.407202,10.0,127.97877,128.0,9.143169,12.0,0.286351,0.286275,0.019516,0.023529,0.501878,0.501961,0.035856,0.047059,212.621629,2.314425,0.999184,-0.538649,-0.841562,0.278984,0.278997,0.32992,0.330303,0.391096,0.390909,109.146026,109.0,203.0,208.0,212.0,-112.0,-100.0,-84.0,0.448276,0.519231,0.603774,7348,7348,0,0.0,1.0,0.0,3644,pass,
glucose_01_c0_wF10,glucose_01_c0,glucose,1,0.0,F10,6,10,crops/glucose/glucose_01_c0/glucose_01_c0_wF10.png,67.32,94.666475,95.0,7.046714,8.0,111.026384,111.0,7.061664,8.0,131.866361,132.0,7.380804,8.0,0.28279,0.286275,0.018144,0.019608,0.517123,0.517647,0.028944,0.031373,213.581028,2.309011,0.999188,-0.552667,-0.832428,0.280249,0.280236,0.328908,0.329446,0.390843,0.391061,112.51974,113.0,205.0,210.0,213.0,-110.0,-99.0,-81.0,0.463415,0.528571,0.619718,6974,6974,0,0.0,1.0,0.0,3451,pass,
glucose_01_c0_wF11,glucose_01_c0,glucose,1,0.0,F11,6,11,crops/glucose/glucose_01_c0/glucose_01_c0_wF11.png,65.749,98.474902,99.0,8.423432,11.0,113.713255,114.0,8.419895,11.0,133.598136,134.0,8.579719,11.0,0.264029,0.262745,0.019896,0.023529,0.523914,0.52549,0.033646,0.043137,213.465975,1.738925,0.99954,-0.551188,-0.833829,0.284533,0.2849,0.328836,0.328042,0.386631,0.386483,115.262098,115.333333,204.0,209.0,213.0,-105.0,-95.0,-79.0,0.485294,0.545455,0.629108,6654,6654,0,0.0,1.0,0.0,3306,pass,
glucose_01_c0_wF12,glucose_01_c0,glucose,1,0.0,F12,6,12,crops/glucose/glucose_01_c0/glucose_01_c0_wF12.png,66.422,102.029615,102.0,8.770816,8.0,117.668779,118.0,8.813536,9.0,136.564167,137.0,9.126364,9.0,0.253651,0.254902,0.019257,0.023529,0.535546,0.537255,0.03579,0.035294,212.764883,1.58049,0.99962,-0.540987,-0.840579,0.286154,0.286486,0.330283,0.329815,0.383563,0.383523,118.754187,119.0,202.5,207.0,211.0,-100.5,-89.0,-74.0,0.503704,0.570048,0.649289,6787,6787,0,0.0,1.0,0.0,3370,pass,
glucose_01_c0_wG01,glucose_01_c0,glucose,1,0.0,G01,7,1,crops/glucose/glucose_01_c0/glucose_01_c0_wG01.png,65.3,123.744321,124.0,10.229015,11.0,143.269858,145.0,9.825496,10.0,164.979113,166.0,10.543734,11.0,0.25097,0.25098,0.018494,0.019608,0.646977,0.65098,0.041348,0.043137,211.603501,2.058735,0.999355,-0.5237,-0.851145,0.286185,0.285714,0.331698,0.331646,0.382117,0.38191,143.997764,145.0,197.0,205.0,208.0,-73.0,-60.0,-42.0,0.629442,0.707317,0.798077,6559,6559,0,0.0,1.0,0.0,3263,pass,
glucose_01_c0_wG02,glucose_01_c0,glucose,1,0.0,G02,7,2,crops/glucose/glucose_01_c0/glucose_01_c0_wG02.png,67.769,92.206511,92.0,8.806432,10.0,108.316914,108.0,9.30199,11.0,129.898514,130.0,9.681599,11.0,0.291203,0.290196,0.018829,0.023529,0.509406,0.509804,0.037967,0.043137,214.427742,1.827688,0.999491,-0.565079,-0.82442,0.27878,0.27907,0.327766,0.326861,0.393454,0.393586,110.140646,110.333333,206.0,212.0,216.0,-114.0,-104.0,-86.0,0.446602,0.509434,0.601852,7065,7065,0,0.0,1.0,0.0,3508,pass,
glucose_01_c0_wG03,glucose_01_c0,glucose,1,0.0,G03,7,3,crops/glucose/glucose_01_c0/glucose_01_c0_wG03.png,66.871,90.07756,90.0,6.451569,8.0,106.507044,107.0,6.430263,8.0,127.901816,128.0,7.048557,9.0,0.296259,0.294118,0.017475,0.019608,0.501576,0.501961,0.027641,0.035294,214.224167,2.105597,0.999325,-0.562053,-0.826285,0.277422,0.277612,0.328251,0.327273,0.394327,0.394118,108.16214,108.333333,195.0,201.0,206.0,-105.0,-94.0,-78.0,0.461538,0.532338,0.621359,6885,6885,0,0.0,1.0,0.0,3422,pass,
glucose_01_c0_wG04,glucose_01_c0,glucose,1,0.0,G04,7,4,crops/glucose/glucose_01_c0/glucose_01_c0_wG04.png,67.993,86.779212,88.0,7.436216,8.0,103.194417,104.0,7.324211,8.0,125.177444,127.0,8.662874,10.0,0.307451,0.305882,0.017803,0.023529,0.490892,0.498039,0.033972,0.039216,214.172947,2.599351,0.998971,-0.561115,-0.826495,0.275099,0.275758,0.32753,0.326284,0.39737,0.397516,105.050358,106.333333,199.0,204.0,207.0,-111.0,-100.0,-80.0,0.442211,0.509804,0.613527,7129,7129,0,0.0,1.0,0.0,3534,pass,
glucose_01_c0_wG05,glucose_01_c0,glucose,1,0.0,G05,7,5,crops/glucose/glucose_01_c0/glucose_01_c0_wG05.png,70.91,85.976756,87.0,6.788361,8.0,102.156379,103.0,6.886829,8.0,122.010718,123.0,7.312958,8.0,0.295977,0.294118,0.017765,0.019608,0.478473,0.482353,0.028678,0.031373,212.681756,1.522551,0.999647,-0.539782,-0.841386,0.277001,0.277259,0.329385,0.330033,0.393614,0.393082,103.381284,104.0,205.0,210.0,213.0,-118.0,-107.0,-90.0,0.42439,0.490476,0.577465,7744,7744,0,0.0,1.0,0.0,3846,pass,
glucose_01_c0_wG06,glucose_01_c0,glucose,1,0.0,G06,7,6,crops/glucose/glucose_01_c0/glucose_01_c0_wG06.png,66.871,83.308005,84.0,6.138328,7.0,100.090949,101.0,6.055473,7.0,121.133953,122.0,6.491207,8.0,0.313051,0.309804,0.017224,0.019608,0.475035,0.478431,0.025456,0.031373,213.487719,2.063505,0.999352,-0.551401,-0.833463,0.273339,0.273973,0.32869,0.329861,0.397971,0.397959,101.510969,102.333333,188.0,193.0,197.0,-104.0,-92.0,-75.0,0.446809,0.523316,0.619289,6883,6883,0,0.0,1.0,0.0,3420,pass,
glucose_01_c0_wG07,glucose_01_c0,glucose,1,0.0,G07,7,7,crops/glucose/glucose_01_c0/glucose_01_c0_wG07.png,64.852,83.060124,83.0,6.590443,8.0,98.415765,99.0,6.559696,8.0,120.343586,121.0,6.940565,9.0,0.310676,0.309804,0.01845,0.023529,0.471936,0.47451,0.027218,0.035294,215.016507,1.557417,0.999631,-0.5736,-0.818684,0.274962,0.27541,0.32607,0.325513,0.398967,0.398714,100.606491,101.0,108.0,116.0,121.0,-25.0,-17.0,0.0,0.768519,0.853448,1.0,6470,6470,0,0.0,1.0,0.0,3213,pass,
glucose_01_c0_wG08,glucose_01_c0,glucose,1,0.0,G08,7,8,crops/glucose/glucose_01_c0/glucose_01_c0_wG08.png,66.647,79.860713,79.0,8.214053,9.0,95.237065,95.0,8.246809,10.0,114.688395,114.0,8.380317,10.0,0.305065,0.305882,0.022301,0.027451,0.449758,0.447059,0.032864,0.039216,213.113461,2.42144,0.999107,-0.545811,-0.836843,0.275199,0.275,0.32862,0.32872,0.396182,0.39576,96.595391,96.0,195.0,200.0,204.0,-116.0,-105.0,-90.0,0.405128,0.475,0.558824,6842,6842,0,0.0,1.0,0.0,3382,pass,
glucose_01_c0_wG09,glucose_01_c0,glucose,1,0.0,G09,7,9,crops/glucose/glucose_01_c0/glucose_01_c0_wG09.png,61.486,84.263755,84.0,6.41693,8.0,100.66575,100.0,6.471584,7.0,118.970942,119.0,6.433237,7.0,0.292503,0.294118,0.017451,0.019608,0.466553,0.466667,0.025228,0.027451,211.443669,1.770053,0.999523,-0.521411,-0.852746,0.277057,0.276873,0.331229,0.332192,0.391714,0.392027,101.300149,101.333333,16.0,23.0,32.0,68.0,77.0,87.0,5.25,4.347826,3.71875,5816,5816,0,0.0,1.0,0.0,2892,pass,
glucose_01_c0_wG10,glucose_01_c0,glucose,1,0.0,G10,7,10,crops/glucose/glucose_01_c0/glucose_01_c0_wG10.png,71.135,88.564419,90.0,14.902285,11.0,104.609505,106.0,14.907106,11.0,123.175851,125.0,15.186963,12.0,0.287986,0.278431,0.065446,0.031373,0.483043,0.490196,0.059557,0.047059,211.91485,2.029187,0.999373,-0.528327,-0.848303,0.277613,0.280645,0.330591,0.330275,0.391796,0.388715,105.449925,107.0,201.0,206.0,209.0,-111.0,-100.0,-84.0,0.447761,0.514563,0.598086,7785,7785,0,0.0,1.0,0.0,3862,pass,
glucose_01_c0_wG11,glucose_01_c0,glucose,1,0.0,G11,7,11,crops/glucose/glucose_01_c0/glucose_01_c0_wG11.png,65.749,92.937331,93.0,6.693703,8.0,108.31575,108.0,6.650103,8.0,128.477908,129.0,7.032154,8.0,0.277267,0.278431,0.018222,0.023529,0.503835,0.505882,0.027577,0.031373,213.653681,1.785412,0.999515,-0.553903,-0.831998,0.281677,0.281609,0.328504,0.328904,0.389819,0.389881,109.91033,110.0,199.0,203.0,207.0,-106.0,-95.0,-78.0,0.467337,0.53202,0.623188,6654,6654,0,0.0,1.0,0.0,3289,pass,
glucose_01_c0_wG12,glucose_01_c0,glucose,1,0.0,G12,7,12,crops/glucose/glucose_01_c0/glucose_01_c0_wG12.png,65.525,96.318753,97.0,7.946399,9.0,111.563645,112.0,7.828889,9.0,131.419706,132.0,8.033993,9.0,0.268253,0.270588,0.017924,0.019608,0.515371,0.517647,0.031506,0.035294,213.459852,1.349786,0.999723,-0.5512,-0.834041,0.283622,0.283668,0.328804,0.327824,0.387573,0.387931,113.100701,113.333333,200.0,205.0,209.0,-103.0,-93.0,-77.0,0.485,0.546341,0.631579,6607,6607,0,0.0,1.0,0.0,3281,pass,
glucose_01_c0_wH01,glucose_01_c0,glucose,1,0.0,H01,8,1,crops/glucose/glucose_01_c0/glucose_01_c0_wH01.png,70.91,115.956477,119.0,18.334193,15.0,134.50988,138.0,19.296777,16.0,156.071161,160.0,19.103441,17.0,0.261527,0.254902,0.043722,0.023529,0.612044,0.627451,0.074915,0.066667,212.645927,2.905164,0.998715,-0.538753,-0.840939,0.284075,0.285057,0.330493,0.330612,0.385432,0.383033,135.512506,139.0,209.0,215.0,219.0,-90.0,-77.0,-59.0,0.569378,0.64186,0.730594,7743,7743,0,0.0,1.0,0.0,3850,pass,
glucose_01_c0_wH02,glucose_01_c0,glucose,1,0.0,H02,8,2,crops/glucose/glucose_01_c0/glucose_01_c0_wH02.png,68.218,83.089982,83.0,9.176594,12.0,98.957943,99.0,9.360541,12.0,120.108425,120.0,10.403175,13.0,0.309395,0.305882,0.024979,0.027451,0.471013,0.470588,0.040797,0.05098,214.135921,1.916795,0.999441,-0.560844,-0.827246,0.274597,0.275316,0.327526,0.32716,0.397877,0.397112,100.718783,101.0,206.0,212.0,215.0,-123.0,-113.0,-95.0,0.402913,0.466981,0.55814,7157,7157,0,0.0,1.0,0.0,3528,pass,
glucose_01_c0_wH03,glucose_01_c0,glucose,1,0.0,H03,8,3,crops/glucose/glucose_01_c0/glucose_01_c0_wH03.png,72.706,82.757245,83.0,8.571804,11.0,99.281434,99.0,8.535714,11.0,120.260314,120.0,9.319293,12.0,0.313098,0.313725,0.023693,0.031373,0.471609,0.470588,0.036546,0.047059,213.291955,2.840657,0.998772,-0.548231,-0.834858,0.273367,0.273723,0.32846,0.329073,0.398172,0.397959,100.766331,101.0,201.0,208.0,210.0,-118.0,-109.0,-90.0,0.412935,0.475962,0.571429,8144,8144,0,0.0,1.0,0.0,4035,pass,
glucose_01_c0_wH04,glucose_01_c0,glucose,1,0.0,H04,8,4,crops/glucose/glucose_01_c0/glucose_01_c0_wH04.png,71.584,80.211994,80.0,6.841812,9.0,96.145302,96.0,6.763324,9.0,117.165716,117.0,7.495237,10.0,0.316282,0.313725,0.019177,0.027451,0.459473,0.458824,0.029393,0.039216,213.939136,2.07957,0.999342,-0.557944,-0.829085,0.273003,0.273616,0.327591,0.326531,0.399406,0.399306,97.841004,98.0,202.0,207.0,211.0,-122.0,-111.0,-94.0,0.39604,0.463768,0.554502,7887,7887,0,0.0,1.0,0.0,3925,pass,
glucose_01_c0_wH05,glucose_01_c0,glucose,1,0.0,H05,8,5,crops/glucose/glucose_01_c0/glucose_01_c0_wH05.png,68.218,76.557945,76.0,7.621184,11.0,92.34697,92.0,7.932246,11.0,111.992321,112.0,8.343108,12.0,0.317531,0.317647,0.021555,0.027451,0.439186,0.439216,0.032718,0.047059,212.906771,1.75136,0.999533,-0.54302,-0.839164,0.272228,0.272727,0.328726,0.329268,0.399046,0.398524,93.632412,93.0,191.0,196.0,200.0,-115.0,-104.0,-88.0,0.397906,0.469388,0.56,7162,7162,0,0.0,1.0,0.0,3552,pass,
glucose_01_c0_wH06,glucose_01_c0,glucose,1,0.0,H06,8,6,crops/glucose/glucose_01_c0/glucose_01_c0_wH06.png,72.257,73.147319,73.0,6.37614,9.0,88.453652,89.0,6.609535,8.0,108.862262,109.0,7.086031,9.0,0.328968,0.32549,0.019918,0.023529,0.426911,0.427451,0.027788,0.035294,213.937733,1.818619,0.999496,-0.55801,-0.829227,0.270185,0.270548,0.327029,0.326316,0.402786,0.402344,90.154411,90.333333,198.0,203.0,206.0,-125.0,-114.0,-97.0,0.368687,0.438424,0.529126,8037,8037,0,0.0,1.0,0.0,3989,pass,
glucose_01_c0_wH07,glucose_01_c0,glucose,1,0.0,H07,8,7,crops/glucose/glucose_01_c0/glucose_01_c0_wH07.png,72.032,73.584344,74.0,7.452508,8.0,88.880955,89.0,7.56598,7.0,110.198449,111.0,8.356611,9.0,0.333402,0.333333,0.023132,0.027451,0.432151,0.435294,0.032771,0.035294,214.691215,2.030339,0.999372,-0.568796,-0.821715,0.269529,0.269784,0.325987,0.32491,0.404484,0.40493,90.887916,91.0,196.0,201.0,205.0,-122.0,-112.0,-94.0,0.377551,0.442786,0.541463,7997,7997,0,0.0,1.0,0.0,3973,pass,
glucose_01_c0_wH08,glucose_01_c0,glucose,1,0.0,H08,8,8,crops/glucose/glucose_01_c0/glucose_01_c0_wH08.png,61.037,78.133333,79.0,7.356233,8.0,93.720593,94.0,7.476078,9.0,115.471379,116.0,8.06284,10.0,0.324531,0.32549,0.02111,0.023529,0.452829,0.454902,0.031619,0.039216,214.843006,1.643325,0.999589,-0.571095,-0.820383,0.271603,0.271812,0.326175,0.325733,0.402222,0.402027,95.775102,96.0,14.0,20.0,30.0,65.0,74.0,86.0,5.642857,4.7,3.866667,5730,5730,0,0.0,1.0,0.0,2846,pass,
glucose_01_c0_wH09,glucose_01_c0,glucose,1,0.0,H09,8,9,crops/glucose/glucose_01_c0/glucose_01_c0_wH09.png,63.056,80.065718,79.0,9.123116,9.0,95.083211,94.0,9.236389,9.0,115.091385,114.0,9.204308,9.0,0.305974,0.305882,0.023705,0.023529,0.451339,0.447059,0.036095,0.035294,213.78231,1.515753,0.99965,-0.555844,-0.830865,0.275418,0.27551,0.327555,0.326797,0.397027,0.397306,96.746771,95.333333,91.0,97.0,102.0,-12.0,-3.0,12.0,0.868132,0.969072,1.117647,6117,6117,0,0.0,1.0,0.0,3035,pass,
glucose_01_c0_wH10,glucose_01_c0,glucose,1,0.0,H10,8,10,crops/glucose/glucose_01_c0/glucose_01_c0_wH10.png,65.974,86.044789,87.0,8.558099,9.0,102.564049,103.0,8.60249,8.0,120.867572,122.0,8.7012,9.0,0.289515,0.286275,0.022697,0.023529,0.47399,0.478431,0.034122,0.035294,211.062318,1.622929,0.999599,-0.515763,-0.856263,0.277642,0.277955,0.331396,0.332226,0.390961,0.390323,103.158804,104.0,188.0,194.0,198.0,-101.0,-91.0,-76.0,0.462766,0.530928,0.616162,6698,6698,0,0.0,1.0,0.0,3324,pass,
glucose_01_c0_wH11,glucose_01_c0,glucose,1,0.0,H11,8,11,crops/glucose/glucose_01_c0/glucose_01_c0_wH11.png,66.198,94.325537,95.0,11.176818,10.0,110.194671,111.0,11.207213,10.0,131.250629,131.0,11.411869,11.0,0.283627,0.282353,0.030231,0.023529,0.514708,0.513725,0.044752,0.043137,214.099441,2.004608,0.999388,-0.560288,-0.827559,0.280299,0.280802,0.328144,0.327381,0.391557,0.390879,111.923612,112.0,202.0,207.0,211.0,-107.0,-96.0,-80.0,0.470297,0.536232,0.620853,6755,6755,0,0.0,1.0,0.0,3331,pass,
glucose_01_c0_wH12,glucose_01_c0,glucose,1,0.0,H12,8,12,crops/glucose/glucose_01_c0/glucose_01_c0_wH12.png,71.359,98.380424,99.0,12.839195,10.0,113.765952,114.0,12.843726,10.0,136.278458,136.0,12.889884,11.0,0.281346,0.278431,0.045649,0.031373,0.534425,0.533333,0.050549,0.043137,215.573433,2.352305,0.999158,-0.581256,-0.812685,0.281343,0.282421,0.326328,0.326347,0.392329,0.391304,116.141611,116.333333,201.0,206.0,210.0,-102.0,-92.0,-74.0,0.492537,0.553398,0.647619,7836,7836,0,0.0,1.0,0.0,3884,pass,
glucose_02_c0.01_wA01,glucose_02_c0.01,glucose,2,0.01,A01,1,1,crops/glucose/glucose_02_c0.01/glucose_02_c0.01_wA01.png,63.73,98.201216,100.0,13.153292,13.0,113.071977,115.0,13.188454,13.0,137.505598,140.0,14.072366,15.0,0.288581,0.282353,0.037723,0.027451,0.539238,0.54902,0.055186,0.058824,217.49225,2.556467,0.999005,-0.608049,-0.792646,0.280723,0.282051,0.324095,0.3241,0.395182,0.393939,116.259597,118.666667,197.0,204.0,205.0,-97.0,-89.0,-65.0,0.507614,0.563725,0.682927,6252,6252,0,0.0,1.0,0.0,3107,pass,
glucose_02_c0.01_wA02,glucose_02_c0.01,glucose,2,0.01,A02,1,2,crops/glucose/glucose_02_c0.01/glucose_02_c0.01_wA02.png,69.34,94.572104,95.0,11.348068,14.0,109.397216,110.0,11.097326,12.0,132.504663,133.0,11.98211,15.0,0.288685,0.282353,0.035021,0.031373,0.519626,0.521569,0.046989,0.058824,216.666989,3.875421,0.997715,-0.595799,-0.800287,0.280312,0.28125,0.325103,0.324841,0.394585,0.393443,112.157994,112.666667,204.0,210.0,211.0,-109.0,-100.0,-78.0,0.465686,0.52381,0.630332,7399,7399,0,0.0,1.0,0.0,3667,pass,
glucose_02_c0.01_wA03,glucose_02_c0.01,glucose,2,0.01,A03,1,3,crops/glucose/glucose_02_c0.01/glucose_02_c0.01_wA03.png,63.056,94.772386,95.0,8.405141,12.0,109.085784,110.0,8.31885,11.0,132.487582,133.0,8.748268,12.0,0.28546,0.286275,0.025191,0.035294,0.519559,0.521569,0.034307,0.047059,217.27459,2.770543,0.998832,-0.604928,-0.794812,0.281498,0.281159,0.324302,0.324361,0.3942,0.394958,112.115251,112.666667,181.0,188.0,191.0,-86.0,-78.0,-58.0,0.524862,0.585106,0.696335,6120,6120,0,0.0,1.0,0.0,3043,pass,
glucose_02_c0.01_wA04,glucose_02_c0.01,glucose,2,0.01,A04,1,4,crops/glucose/glucose_02_c0.01/glucose_02_c0.01_wA04.png,62.608,93.550861,94.0,8.155885,11.0,107.145295,107.0,8.558917,11.0,130.528827,132.0,9.497392,12.0,0.28377,0.286275,0.025913,0.027451,0.511878,0.517647,0.037245,0.047059,218.169458,2.913833,0.998708,-0.617191,-0.78517,0.282253,0.281977,0.323443,0.322689,0.394304,0.394578,110.408328,111.0,180.0,185.0,188.0,-86.0,-78.0,-56.0,0.522222,0.578378,0.702128,6036,6036,0,0.0,1.0,0.0,2999,pass,
glucose_02_c0.01_wA05,glucose_02_c0.01,glucose,2,0.01,A05,1,5,crops/glucose/glucose_02_c0.01/glucose_02_c0.01_wA05.png,68.891,89.948932,90.0,9.424804,10.0,104.214677,104.0,9.390877,9.0,127.012322,127.0,10.56211,11.0,0.292997,0.290196,0.034981,0.035294,0.498088,0.498039,0.04142,0.043137,217.120239,3.224452,0.998418,-0.602535,-0.796109,0.27958,0.28013,0.324471,0.323718,0.395949,0.39604,107.058644,107.0,204.0,210.0,212.0,-114.0,-106.0,-85.0,0.441176,0.495238,0.599057,7304,7304,0,0.0,1.0,0.0,3620,pass,
glucose_02_c0.01_wA06,glucose_02_c0.01,glucose,2,0.01,A06,1,6,crops/glucose/glucose_02_c0.01/glucose_02_c0.01_wA06.png,65.525,94.047907,94.0,8.185637,10.0,109.223515,109.0,8.053756,10.0,131.750189,132.0,9.189458,11.0,0.286813,0.286275,0.021772,0.027451,0.516667,0.517647,0.036037,0.043137,215.77722,3.556531,0.998075,-0.58351,-0.809735,0.280474,0.280597,0.32607,0.325513,0.393456,0.393651,111.67387,112.0,203.0,211.0,212.0,-109.0,-102.0,-80.0,0.463054,0.516588,0.622642,6617,6617,0,0.0,1.0,0.0,3278,pass,
glucose_02_c0.01_wA07,glucose_02_c0.01,glucose,2,0.01,A07,1,7,crops/glucose/glucose_02_c0.01/glucose_02_c0.01_wA07.png,69.34,87.70682,87.0,8.68476,8.0,102.4474,102.0,8.750752,8.0,126.904929,127.0,9.301224,10.0,0.310339,0.309804,0.027692,0.023529,0.497666,0.498039,0.036475,0.039216,217.684297,3.029606,0.998603,-0.610456,-0.790286,0.276157,0.276398,0.323039,0.321637,0.400804,0.401235,105.686383,105.333333,203.0,210.0,212.0,-116.0,-108.0,-85.0,0.428571,0.485714,0.599057,7405,7405,0,0.0,1.0,0.0,3681,pass,
glucose_02_c0.01_wA08,glucose_02_c0.01,glucose,2,0.01,A08,1,8,crops/glucose/glucose_02_c0.01/glucose_02_c0.01_wA08.png,67.769,89.598186,90.0,8.938619,11.0,103.662794,104.0,8.696216,10.0,127.259847,128.0,9.650784,12.0,0.297125,0.298039,0.02528,0.031373,0.499058,0.501961,0.037846,0.047059,217.787508,3.466871,0.998171,-0.611614,-0.788843,0.279154,0.279279,0.323449,0.32197,0.397398,0.397183,106.840276,107.666667,205.0,213.0,215.0,-115.0,-109.0,-87.0,0.439024,0.488263,0.595349,7058,7058,0,0.0,1.0,0.0,3519,pass,
glucose_02_c0.01_wA09,glucose_02_c0.01,glucose,2,0.01,A09,1,9,crops/glucose/glucose_02_c0.01/glucose_02_c0.01_wA09.png,64.403,82.066259,83.0,13.303528,11.0,94.584117,96.0,13.829491,10.0,118.944862,120.0,13.460926,12.0,0.316173,0.309804,0.065836,0.043137,0.46645,0.470588,0.052788,0.047059,220.052404,4.016752,0.997546,-0.641909,-0.763577,0.275475,0.277397,0.318912,0.319865,0.405612,0.401869,98.531746,100.0,196.0,202.0,206.0,-113.0,-106.0,-86.0,0.423469,0.475248,0.582524,6384,6384,0,0.0,1.0,0.000157,3165,pass,
glucose_02_c0.01_wA10,glucose_02_c0.01,glucose,2,0.01,A10,1,10,crops/glucose/glucose_02_c0.01/glucose_02_c0.01_wA10.png,65.974,84.692951,86.0,13.070738,11.0,98.48402,100.0,13.233284,10.0,120.254032,122.0,13.108458,12.0,0.300599,0.294118,0.056872,0.035294,0.471584,0.478431,0.051406,0.047059,216.667609,3.346293,0.998296,-0.596154,-0.800747,0.277498,0.279635,0.324176,0.324841,0.398326,0.395973,101.143668,102.666667,201.0,208.0,210.0,-115.0,-108.0,-88.0,0.427861,0.480769,0.580952,6696,6696,0,0.0,1.0,0.0,3316,pass,
glucose_02_c0.01_wA11,glucose_02_c0.01,glucose,2,0.01,A11,1,11,crops/glucose/glucose_02_c0.01/glucose_02_c0.01_wA11.png,70.013,84.87205,85.0,9.258075,11.0,97.28401,97.0,9.250124,10.0,119.998409,120.0,9.117097,10.0,0.294115,0.294118,0.036068,0.047059,0.470582,0.470588,0.035753,0.039216,218.973062,3.109852,0.998528,-0.628029,-0.776297,0.280435,0.280757,0.321833,0.321053,0.397732,0.397436,100.718156,100.666667,200.0,207.0,210.0,-115.0,-110.0,-90.0,0.425,0.468599,0.571429,7542,7542,0,0.0,1.0,0.0,3750,pass,
glucose_02_c0.01_wA12,glucose_02_c0.01,glucose,2,0.01,A12,1,12,crops/glucose/glucose_02_c0.01/glucose_02_c0.01_wA12.png,60.812,90.153373,90.0,7.491775,11.0,104.17832,104.0,7.81052,11.0,128.056571,129.0,8.378034,11.0,0.29646,0.298039,0.025273,0.035294,0.502183,0.505882,0.032855,0.043137,218.050346,2.521014,0.999032,-0.615757,-0.786708,0.27945,0.279635,0.323094,0.322034,0.397455,0.397661,107.462755,107.666667,26.0,32.0,43.0,64.0,72.0,86.0,3.461538,3.25,3.0,5692,5692,0,0.0,1.0,0.0,2838,pass,
glucose_02_c0.01_wB01,glucose_02_c0.01,glucose,2,0.01,B01,2,1,crops/glucose/glucose_02_c0.01/glucose_02_c0.01_wB01.png,69.34,92.924564,93.0,9.926388,11.0,107.175071,108.0,9.827265,10.0,131.539137,132.0,10.671062,11.0,0.29499,0.290196,0.030401,0.027451,0.51584,0.517647,0.041847,0.043137,218.001534,2.995955,0.998634,-0.614841,-0.786918,0.27972,0.280597,0.323125,0.322314,0.397155,0.396285,110.546257,110.666667,203.0,209.0,212.0,-110.0,-101.0,-80.0,0.458128,0.516746,0.622642,7397,7397,0,0.0,1.0,0.0,3656,pass,
glucose_02_c0.01_wB02,glucose_02_c0.01,glucose,2,0.01,B02,2,2,crops/glucose/glucose_02_c0.01/glucose_02_c0.01_wB02.png,67.769,87.738122,89.0,11.60946,12.0,101.28931,103.0,12.070916,11.0,124.344598,125.0,11.264591,12.0,0.297739,0.294118,0.059019,0.05098,0.487626,0.490196,0.044175,0.047059,218.128637,4.372738,0.997092,-0.615634,-0.784339,0.278655,0.279883,0.32228,0.323529,0.399065,0.395733,104.457344,106.0,207.0,213.0,214.0,-118.0,-110.0,-89.0,0.429952,0.483568,0.584112,7072,7072,0,0.0,1.0,0.0,3508,pass,
glucose_02_c0.01_wB03,glucose_02_c0.01,glucose,2,0.01,B03,2,3,crops/glucose/glucose_02_c0.01/glucose_02_c0.01_wB03.png,60.588,91.470328,92.0,10.06514,12.0,106.186005,106.0,9.696298,11.0,128.46395,129.0,10.243812,12.0,0.289606,0.290196,0.028044,0.035294,0.50378,0.505882,0.040172,0.047059,216.059587,3.244723,0.998398,-0.587683,-0.80711,0.279989,0.28012,0.32562,0.325228,0.394391,0.394231,108.706761,109.0,53.0,58.0,65.0,39.0,48.0,64.0,1.735849,1.827586,1.984615,5645,5645,0,0.0,1.0,0.0,2797,pass,
glucose_02_c0.01_wB04,glucose_02_c0.01,glucose,2,0.01,B04,2,4,crops/glucose/glucose_02_c0.01/glucose_02_c0.01_wB04.png,63.056,93.27344,94.0,7.589241,11.0,106.22411,107.0,7.538256,10.0,130.834695,132.0,8.190926,11.0,0.28783,0.286275,0.020753,0.023529,0.513077,0.517647,0.032121,0.043137,219.718425,2.724598,0.99887,-0.638293,-0.768325,0.282145,0.282675,0.321553,0.320755,0.396302,0.39604,110.110748,110.666667,187.0,191.0,196.0,-93.0,-84.0,-64.0,0.502674,0.560209,0.673469,6122,6122,0,0.0,1.0,0.0,3035,pass,
glucose_02_c0.01_wB05,glucose_02_c0.01,glucose,2,0.01,B05,2,5,crops/glucose/glucose_02_c0.01/glucose_02_c0.01_wB05.png,60.139,90.544932,90.0,6.577222,7.0,104.403307,104.0,6.287404,6.0,127.994608,128.0,6.669402,7.0,0.29324,0.294118,0.019959,0.023529,0.50194,0.501961,0.026155,0.027451,217.948241,3.348608,0.998294,-0.6139,-0.787221,0.280169,0.280374,0.323299,0.321839,0.396533,0.396875,107.647616,107.0,27.0,31.0,41.0,63.0,73.0,87.0,3.333333,3.354839,3.121951,5564,5564,0,0.0,1.0,0.0,2767,pass,
glucose_02_c0.01_wB06,glucose_02_c0.01,glucose,2,0.01,B06,2,6,crops/glucose/glucose_02_c0.01/glucose_02_c0.01_wB06.png,59.69,94.197628,95.0,9.059142,10.0,105.487591,106.0,8.972618,10.0,130.336131,131.0,9.409605,11.0,0.278804,0.27451,0.031639,0.023529,0.511122,0.513725,0.0369,0.043137,221.3232,3.904561,0.997681,-0.658774,-0.749255,0.284941,0.286136,0.319564,0.319277,0.395494,0.395028,110.007117,110.666667,22.0,25.0,35.0,73.0,81.0,96.0,4.318182,4.24,3.742857,5480,5480,0,0.0,1.0,0.0,2731,pass,
glucose_02_c0.01_wB07,glucose_02_c0.01,glucose,2,0.01,B07,2,7,crops/glucose/glucose_02_c0.01/glucose_02_c0.01_wB07.png,64.852,87.33534,89.0,16.68931,15.0,100.163889,102.0,17.547686,16.0,122.471451,124.0,17.431766,16.0,0.295188,0.286275,0.074158,0.043137,0.48028,0.486275,0.06836,0.062745,218.441202,4.171296,0.997353,-0.620066,-0.781174,0.278985,0.282051,0.321474,0.323353,0.399541,0.394659,103.32356,105.0,204.0,210.0,212.0,-115.0,-108.0,-88.0,0.436275,0.485714,0.584906,6480,6480,0,0.0,1.0,0.0,3223,pass,
glucose_02_c0.01_wB08,glucose_02_c0.01,glucose,2,0.01,B08,2,8,crops/glucose/glucose_02_c0.01/glucose_02_c0.01_wB08.png,66.647,89.694087,89.0,8.221472,9.0,103.774297,104.0,8.059461,9.0,127.32055,128.0,8.657228,10.0,0.296351,0.298039,0.02554,0.031373,0.499296,0.501961,0.03395,0.039216,217.624771,2.554761,0.999006,-0.609881,-0.791239,0.27932,0.278788,0.323485,0.323615,0.397195,0.397476,106.929645,107.0,206.0,213.0,216.0,-117.0,-109.0,-88.0,0.432039,0.488263,0.592593,6832,6832,0,0.0,1.0,0.0,3402,pass,
glucose_02_c0.01_wB09,glucose_02_c0.01,glucose,2,0.01,B09,2,9,crops/glucose/glucose_02_c0.01/glucose_02_c0.01_wB09.png,65.076,90.248582,90.0,10.597761,12.0,103.294587,103.0,10.106571,11.0,125.411747,126.0,11.674885,15.0,0.281907,0.282353,0.026599,0.031373,0.491811,0.494118,0.045784,0.058824,217.634796,3.722252,0.997892,-0.609339,-0.79025,0.282468,0.283133,0.323972,0.323155,0.393561,0.393651,106.318305,106.333333,200.0,206.0,208.0,-110.0,-103.0,-82.0,0.45,0.5,0.605769,6521,6521,0,0.0,1.0,0.0,3225,pass,
glucose_02_c0.01_wB10,glucose_02_c0.01,glucose,2,0.01,B10,2,10,crops/glucose/glucose_02_c0.01/glucose_02_c0.01_wB10.png,70.91,88.830813,89.0,8.746953,10.0,102.980483,104.0,8.615192,9.0,124.70906,126.0,10.312965,11.0,0.288334,0.290196,0.026591,0.031373,0.489055,0.494118,0.040443,0.043137,216.365877,3.910244,0.997674,-0.59156,-0.803374,0.280347,0.280405,0.325447,0.325228,0.394207,0.394813,105.506786,106.0,205.0,213.0,215.0,-116.0,-109.0,-89.0,0.434146,0.488263,0.586047,7737,7737,0,0.0,1.0,0.0,3847,pass,
glucose_02_c0.01_wB11,glucose_02_c0.01,glucose,2,0.01,B11,2,11,crops/glucose/glucose_02_c0.01/glucose_02_c0.01_wB11.png,65.974,90.115522,90.0,7.974536,9.0,104.394776,105.0,7.638969,9.0,126.634925,127.0,8.903689,12.0,0.288822,0.290196,0.030905,0.043137,0.496608,0.498039,0.034916,0.047059,216.449799,2.81121,0.998797,-0.593404,-0.80341,0.280347,0.28,0.325118,0.324503,0.394535,0.39521,107.048408,107.333333,198.0,205.5,209.0,-108.0,-100.5,-82.0,0.454545,0.510949,0.607656,6700,6700,0,0.0,1.0,0.0,3316,pass,
glucose_02_c0.01_wB12,glucose_02_c0.01,glucose,2,0.01,B12,2,12,crops/glucose/glucose_02_c0.01/glucose_02_c0.01_wB12.png,70.686,93.812224,93.0,9.251077,12.0,105.963199,105.0,9.588155,12.0,127.253706,127.0,10.174332,13.0,0.263578,0.262745,0.027126,0.035294,0.499034,0.498039,0.039899,0.05098,218.130332,3.765978,0.997842,-0.61612,-0.784911,0.286603,0.286957,0.323957,0.323442,0.38944,0.388889,109.00971,108.333333,204.0,212.0,214.0,-111.0,-107.0,-87.0,0.455882,0.495283,0.593458,7690,7690,0,0.0,1.0,0.0,3827,pass,
glucose_02_c0.01_wC01,glucose_02_c0.01,glucose,2,0.01,C01,3,1,crops/glucose/glucose_02_c0.01/glucose_02_c0.01_wC01.png,60.588,99.640998,100.0,7.165,10.0,111.924057,113.0,6.917853,9.0,136.977518,138.0,7.435831,10.0,0.273223,0.270588,0.017321,0.019608,0.537167,0.541176,0.02916,0.039216,220.673803,2.429649,0.999101,-0.651166,-0.757751,0.285695,0.286517,0.321117,0.320819,0.393188,0.392758,116.180858,116.666667,55.0,61.0,68.0,45.0,52.0,70.0,1.818182,1.852459,2.029412,5649,5649,0,0.0,1.0,0.0,2823,pass,
glucose_02_c0.01_wC02,glucose_02_c0.01,glucose,2,0.01,C02,3,2,crops/glucose/glucose_02_c0.01/glucose_02_c0.01_wC02.png,59.915,95.04058,95.0,8.934959,12.0,107.958514,108.0,8.514369,11.0,131.989674,133.0,9.397699,12.0,0.28102,0.278431,0.022012,0.031373,0.517607,0.521569,0.036854,0.047059,219.120777,3.274404,0.998368,-0.629928,-0.774552,0.283401,0.283747,0.322305,0.321637,0.394295,0.394286,111.662923,112.0,31.0,36.0,44.0,64.0,72.0,89.0,3.064516,3.0,3.022727,5520,5520,0,0.0,1.0,0.0,2737,pass,
glucose_02_c0.01_wC03,glucose_02_c0.01,glucose,2,0.01,C03,3,3,crops/glucose/glucose_02_c0.01/glucose_02_c0.01_wC03.png,68.891,91.472797,91.0,9.787147,13.0,106.403316,106.0,9.500936,12.0,126.05331,126.0,10.373538,14.0,0.275781,0.27451,0.02549,0.027451,0.494327,0.494118,0.040681,0.054902,213.804182,2.602799,0.998969,-0.555783,-0.830087,0.281961,0.281818,0.328539,0.328671,0.389501,0.389241,107.976474,107.333333,207.0,215.0,217.0,-116.0,-109.0,-91.0,0.439614,0.493023,0.580645,7297,7297,0,0.0,1.0,0.0,3637,pass,
glucose_02_c0.01_wC04,glucose_02_c0.01,glucose,2,0.01,C04,3,4,crops/glucose/glucose_02_c0.01/glucose_02_c0.01_wC04.png,69.564,89.440494,89.0,7.88607,9.0,103.582853,103.0,7.534135,7.0,125.706964,126.0,8.299974,9.0,0.289312,0.294118,0.025356,0.031373,0.492968,0.494118,0.032549,0.035294,216.517957,3.237095,0.998405,-0.594126,-0.802389,0.280331,0.279365,0.325025,0.324921,0.394644,0.395137,106.243437,106.0,206.0,213.0,215.0,-117.0,-110.0,-89.0,0.432039,0.483568,0.586047,7453,7453,0,0.0,1.0,0.0,3696,pass,
glucose_02_c0.01_wC05,glucose_02_c0.01,glucose,2,0.01,C05,3,5,crops/glucose/glucose_02_c0.01/glucose_02_c0.01_wC05.png,64.403,88.270948,89.0,7.323076,9.0,102.222553,103.0,7.453818,9.0,124.166484,125.0,9.515696,11.0,0.289061,0.290196,0.023657,0.031373,0.486927,0.490196,0.037316,0.043137,216.84316,3.135958,0.998503,-0.598729,-0.799082,0.280405,0.280236,0.324961,0.325077,0.394634,0.395137,104.886661,105.0,197.0,204.0,206.0,-108.0,-101.0,-81.0,0.451777,0.504902,0.606796,6385,6385,0,0.0,1.0,0.0,3170,pass,
glucose_02_c0.01_wC06,glucose_02_c0.01,glucose,2,0.01,C06,3,6,crops/glucose/glucose_02_c0.01/glucose_02_c0.01_wC06.png,69.115,89.327621,89.0,7.794203,9.0,103.01428,103.0,7.609695,8.0,125.130151,125.0,8.604763,11.0,0.286697,0.286275,0.026993,0.031373,0.490706,0.490196,0.033744,0.043137,217.008039,3.161014,0.998479,-0.601012,-0.797337,0.28113,0.280702,0.324512,0.324675,0.394358,0.395062,105.824017,106.0,203.0,209.0,211.0,-114.0,-106.0,-86.0,0.438424,0.492823,0.592417,7353,7353,0,0.0,1.0,0.0,3650,pass,
glucose_02_c0.01_wC07,glucose_02_c0.01,glucose,2,0.01,C07,3,7,crops/glucose/glucose_02_c0.01/glucose_02_c0.01_wC07.png,68.442,87.851338,88.0,7.78428,9.0,99.733047,100.0,7.783393,9.0,120.553183,120.0,8.446249,9.0,0.27208,0.270588,0.020692,0.023529,0.472758,0.470588,0.033123,0.035294,217.979838,2.80869,0.998799,-0.614645,-0.787281,0.28486,0.285266,0.32366,0.322785,0.391479,0.391167,102.712523,102.666667,204.0,210.0,213.0,-116.0,-110.0,-93.0,0.431373,0.47619,0.56338,7211,7211,0,0.0,1.0,0.0,3578,pass,
glucose_02_c0.01_wC08,glucose_02_c0.01,glucose,2,0.01,C08,3,8,crops/glucose/glucose_02_c0.01/glucose_02_c0.01_wC08.png,62.832,85.327458,85.0,10.313925,12.0,99.043485,99.0,10.156643,12.0,121.299621,121.0,11.164277,14.0,0.298204,0.298039,0.029641,0.039216,0.475685,0.47451,0.043781,0.054902,217.021644,3.232705,0.99841,-0.601159,-0.797138,0.278634,0.278351,0.32403,0.324138,0.397336,0.397306,101.890188,101.666667,181.0,187.0,192.0,-96.0,-88.0,-71.0,0.469613,0.529412,0.630208,6071,6071,0,0.0,1.0,0.0,3020,pass,
glucose_02_c0.01_wC09,glucose_02_c0.01,glucose,2,0.01,C09,3,9,crops/glucose/glucose_02_c0.01/glucose_02_c0.01_wC09.png,66.198,90.513253,90.0,8.455606,11.0,103.340145,103.0,8.335815,11.0,125.03939,125.0,9.678449,13.0,0.27668,0.27451,0.026239,0.035294,0.490351,0.490196,0.037955,0.05098,217.67451,3.198076,0.998443,-0.610224,-0.790264,0.283589,0.283951,0.32411,0.322684,0.392301,0.392405,106.297596,106.0,201.0,208.0,211.0,-111.0,-105.0,-86.0,0.447761,0.495192,0.592417,6753,6753,0,0.0,1.0,0.0,3333,pass,
glucose_02_c0.01_wC10,glucose_02_c0.01,glucose,2,0.01,C10,3,10,crops/glucose/glucose_02_c0.01/glucose_02_c0.01_wC10.png,64.403,93.019718,93.0,9.424932,10.0,105.142879,105.0,8.948178,10.0,127.834429,128.0,9.775099,11.0,0.273684,0.27451,0.02698,0.027451,0.501311,0.501961,0.038334,0.043137,219.071085,3.836823,0.99776,-0.628872,-0.774626,0.284924,0.285266,0.322569,0.321637,0.392507,0.392971,108.665676,109.0,188.0,195.0,196.0,-95.0,-90.0,-68.0,0.494681,0.538462,0.653061,6390,6390,0,0.0,1.0,0.0,3163,pass,
glucose_02_c0.01_wC11,glucose_02_c0.01,glucose,2,0.01,C11,3,11,crops/glucose/glucose_02_c0.01/glucose_02_c0.01_wC11.png,65.076,91.936014,92.0,8.42108,11.0,105.976676,106.0,8.226188,10.0,128.729477,128.0,9.126934,12.0,0.286676,0.286275,0.023367,0.031373,0.504821,0.501961,0.035792,0.047059,217.134902,3.165324,0.998475,-0.602773,-0.796001,0.281181,0.281065,0.32447,0.324841,0.394349,0.39403,108.880722,108.333333,195.0,203.0,206.0,-103.0,-97.0,-78.0,0.471795,0.522167,0.621359,6517,6517,0,0.0,1.0,0.0,3236,pass,
glucose_02_c0.01_wC12,glucose_02_c0.01,glucose,2,0.01,C12,3,12,crops/glucose/glucose_02_c0.01/glucose_02_c0.01_wC12.png,71.135,97.212413,98.0,8.536585,11.0,111.782061,113.0,8.448191,10.0,135.258031,137.0,9.986356,12.0,0.281721,0.282353,0.025656,0.027451,0.530424,0.537255,0.039162,0.047059,217.063556,3.093386,0.998544,-0.601823,-0.796805,0.282166,0.282123,0.32477,0.324405,0.393063,0.39403,114.750835,116.333333,203.0,211.0,214.0,-105.0,-98.0,-77.0,0.482759,0.535545,0.640187,7782,7782,0,0.0,1.0,0.0,3869,pass,
glucose_02_c0.01_wD01,glucose_02_c0.01,glucose,2,0.01,D01,4,1,crops/glucose/glucose_02_c0.01/glucose_02_c0.01_wD01.png,64.852,102.081444,103.0,7.93807,8.0,116.876292,117.0,7.921359,8.0,140.496529,141.0,8.480087,9.0,0.274075,0.27451,0.016638,0.019608,0.550967,0.552941,0.033255,0.035294,217.011404,2.69788,0.998892,-0.601307,-0.797631,0.283786,0.284123,0.32515,0.325714,0.391064,0.390935,119.818088,120.0,201.0,210.0,212.0,-98.0,-93.0,-71.0,0.512438,0.557143,0.665094,6483,6483,0,0.0,1.0,0.0,3219,pass,
glucose_02_c0.01_wD02,glucose_02_c0.01,glucose,2,0.01,D02,4,2,crops/glucose/glucose_02_c0.01/glucose_02_c0.01_wD02.png,68.442,87.879922,88.0,7.30794,9.0,102.619662,103.0,7.548105,9.0,124.40391,125.0,8.795454,11.0,0.293806,0.294118,0.02558,0.031373,0.487858,0.490196,0.034492,0.043137,215.805339,3.31793,0.998325,-0.584053,-0.809651,0.278914,0.278689,0.325897,0.325581,0.39519,0.395706,104.967831,105.0,206.0,213.0,214.0,-118.0,-110.0,-89.0,0.427184,0.483568,0.584112,7212,7212,0,0.0,1.0,0.0,3571,pass,
glucose_02_c0.01_wD03,glucose_02_c0.01,glucose,2,0.01,D03,4,3,crops/glucose/glucose_02_c0.01/glucose_02_c0.01_wD03.png,64.627,86.699269,87.0,8.78854,9.0,99.34598,99.0,8.912393,9.0,120.423262,120.0,9.633026,11.0,0.280863,0.278431,0.029388,0.043137,0.472248,0.470588,0.037777,0.043137,217.463661,3.477222,0.99816,-0.607139,-0.792279,0.282606,0.282895,0.324113,0.324415,0.393281,0.393443,102.156171,102.0,199.0,205.0,208.0,-112.0,-106.0,-88.0,0.437186,0.482927,0.576923,6431,6431,0,0.0,1.0,0.0,3191,pass,
glucose_02_c0.01_wD04,glucose_02_c0.01,glucose,2,0.01,D04,4,4,crops/glucose/glucose_02_c0.01/glucose_02_c0.01_wD04.png,64.178,85.448058,86.0,8.199906,9.0,99.452479,100.0,8.350311,9.0,121.826808,123.0,9.188454,9.0,0.299614,0.298039,0.021967,0.023529,0.477752,0.482353,0.036033,0.035294,216.835143,3.678404,0.997941,-0.59828,-0.798716,0.278274,0.278638,0.324247,0.324675,0.397479,0.397476,102.242448,103.0,190.0,196.0,199.0,-104.0,-96.0,-76.0,0.452632,0.510204,0.61809,6334,6334,0,0.0,1.0,0.0,3150,pass,
glucose_02_c0.01_wD05,glucose_02_c0.01,glucose,2,0.01,D05,4,5,crops/glucose/glucose_02_c0.01/glucose_02_c0.01_wD05.png,59.017,82.092655,83.0,10.765473,11.0,96.036353,97.0,11.025121,12.0,116.428971,117.0,11.281894,12.0,0.29759,0.294118,0.039577,0.039216,0.456584,0.458824,0.044243,0.047059,215.369159,2.390753,0.99913,-0.578339,-0.81473,0.277881,0.278846,0.325884,0.326389,0.396235,0.394822,98.185993,99.333333,17.0,21.0,30.0,66.0,76.0,87.0,4.882353,4.619048,3.9,5364,5364,0,0.0,1.0,0.0,2653,pass,
glucose_02_c0.01_wD06,glucose_02_c0.01,glucose,2,0.01,D06,4,6,crops/glucose/glucose_02_c0.01/glucose_02_c0.01_wD06.png,68.218,81.46199,81.0,8.192457,8.0,94.921325,95.0,8.203316,8.0,117.761179,118.0,9.105392,9.0,0.309132,0.309804,0.026181,0.035294,0.461809,0.462745,0.035707,0.035294,217.911044,3.462899,0.998175,-0.613316,-0.787526,0.276623,0.276527,0.322709,0.321033,0.400668,0.401361,98.048165,98.0,206.0,213.0,215.0,-125.0,-118.0,-97.0,0.393204,0.446009,0.548837,7156,7156,0,0.0,1.0,0.0,3552,pass,
glucose_02_c0.01_wD07,glucose_02_c0.01,glucose,2,0.01,D07,4,7,crops/glucose/glucose_02_c0.01/glucose_02_c0.01_wD07.png,60.139,82.863628,82.0,9.444316,12.0,96.70375,96.0,9.676259,12.0,118.714516,119.0,9.859199,13.0,0.303677,0.301961,0.027469,0.031373,0.465547,0.466667,0.038664,0.05098,216.506605,2.088612,0.999336,-0.59452,-0.803254,0.277347,0.277397,0.324102,0.324415,0.398552,0.398601,99.427298,99.333333,20.0,23.0,32.0,62.0,73.0,87.0,4.1,4.173913,3.71875,5573,5573,0,0.0,1.0,0.0,2771,pass,
glucose_02_c0.01_wD08,glucose_02_c0.01,glucose,2,0.01,D08,4,8,crops/glucose/glucose_02_c0.01/glucose_02_c0.01_wD08.png,68.442,80.257738,79.0,9.53061,13.0,92.146842,91.0,9.45147,12.0,113.654545,113.0,9.730691,13.0,0.295706,0.294118,0.028984,0.039216,0.445704,0.443137,0.03816,0.05098,218.405711,3.677456,0.997942,-0.619948,-0.782019,0.280051,0.280142,0.322058,0.321429,0.397891,0.397849,95.353042,94.666667,205.0,212.0,215.0,-126.0,-121.0,-102.0,0.385366,0.429245,0.525581,7205,7205,0,0.0,1.0,0.0,3582,pass,
glucose_02_c0.01_wD09,glucose_02_c0.01,glucose,2,0.01,D09,4,9,crops/glucose/glucose_02_c0.01/glucose_02_c0.01_wD09.png,69.788,81.99347,82.0,9.364144,11.0,95.559701,96.0,9.290353,11.0,117.295442,118.0,10.203892,12.0,0.302566,0.301961,0.025332,0.031373,0.459982,0.462745,0.040015,0.047059,216.683567,3.367076,0.998275,-0.596364,-0.800563,0.277629,0.278317,0.324125,0.323843,0.398247,0.398524,98.282871,98.333333,202.0,209.0,212.0,-120.0,-113.0,-94.0,0.405941,0.45933,0.556604,7504,7504,0,0.0,1.0,0.0,3729,pass,
glucose_02_c0.01_wD10,glucose_02_c0.01,glucose,2,0.01,D10,4,10,crops/glucose/glucose_02_c0.01/glucose_02_c0.01_wD10.png,61.037,86.091305,87.0,8.156384,9.0,100.509148,102.0,8.305441,10.0,121.751176,123.0,8.933635,9.0,0.293939,0.294118,0.02264,0.027451,0.477456,0.482353,0.035034,0.035294,215.400363,1.95775,0.999416,-0.578948,-0.814648,0.278897,0.279141,0.325943,0.325758,0.39516,0.395137,102.783876,104.0,23.0,26.0,34.0,64.0,76.0,89.0,3.782609,3.923077,3.617647,5739,5739,0,0.0,1.0,0.0,2849,pass,
glucose_02_c0.01_wD11,glucose_02_c0.01,glucose,2,0.01,D11,4,11,crops/glucose/glucose_02_c0.01/glucose_02_c0.01_wD11.png,64.403,88.237745,89.0,7.988962,9.0,101.628348,102.0,7.987511,9.0,123.813939,124.0,8.56674,10.0,0.288263,0.286275,0.023803,0.027451,0.485545,0.486275,0.033595,0.039216,217.223073,2.997542,0.998632,-0.604093,-0.795197,0.281018,0.281553,0.323973,0.323944,0.395009,0.395062,104.56001,105.0,173.0,178.0,182.0,-84.0,-76.0,-58.0,0.514451,0.573034,0.681319,6385,6385,0,0.0,1.0,0.0,3169,pass,
glucose_02_c0.01_wD12,glucose_02_c0.01,glucose,2,0.01,D12,4,12,crops/glucose/glucose_02_c0.01/glucose_02_c0.01_wD12.png,70.462,96.820076,98.0,10.065751,12.0,110.562836,111.0,10.49583,13.0,132.425763,134.0,11.453539,14.0,0.269624,0.270588,0.027573,0.031373,0.519317,0.52549,0.044916,0.054902,216.840694,3.384541,0.998257,-0.598547,-0.798911,0.284677,0.28453,0.32532,0.325779,0.390003,0.389831,113.269558,114.0,202.0,210.0,213.0,-104.0,-99.0,-79.0,0.485149,0.528571,0.629108,7631,7631,0,0.0,1.0,0.0,3796,pass,
glucose_02_c0.01_wE01,glucose_02_c0.01,glucose,2,0.01,E01,5,1,crops/glucose/glucose_02_c0.01/glucose_02_c0.01_wE01.png,68.218,99.415342,101.0,8.887419,10.0,114.390377,115.0,9.319887,10.0,138.157741,139.0,9.552093,11.0,0.2813,0.282353,0.024948,0.031373,0.541795,0.545098,0.037459,0.043137,216.874816,2.408112,0.999117,-0.599539,-0.799242,0.282211,0.282258,0.324925,0.325069,0.392864,0.392954,117.321153,118.333333,203.0,212.0,214.0,-102.0,-97.0,-75.0,0.497537,0.542453,0.649533,7170,7170,0,0.0,1.0,0.0,3554,pass,
glucose_02_c0.01_wE02,glucose_02_c0.01,glucose,2,0.01,E02,5,2,crops/glucose/glucose_02_c0.01/glucose_02_c0.01_wE02.png,64.178,83.949795,84.0,9.266483,10.0,96.625671,97.0,9.520999,10.0,119.519261,120.0,8.729915,9.0,0.299348,0.301961,0.032745,0.043137,0.468703,0.470588,0.034235,0.035294,218.866357,3.502184,0.998134,-0.626335,-0.777159,0.279238,0.278689,0.321776,0.320388,0.398986,0.4,100.031576,100.333333,195.0,203.0,204.0,-111.0,-106.0,-84.0,0.430769,0.477833,0.588235,6334,6334,0,0.0,1.0,0.0,3150,pass,
glucose_02_c0.01_wE03,glucose_02_c0.01,glucose,2,0.01,E03,5,3,crops/glucose/glucose_02_c0.01/glucose_02_c0.01_wE03.png,59.915,79.261011,80.0,11.42624,13.0,91.065523,92.0,11.837477,13.0,115.215704,116.0,12.192434,15.0,0.314779,0.309804,0.04243,0.047059,0.451826,0.454902,0.047813,0.058824,220.620511,3.19083,0.99845,-0.650037,-0.757862,0.276776,0.278125,0.318583,0.318713,0.404642,0.402597,95.180746,96.0,19.0,23.0,31.0,61.0,69.0,85.0,4.210526,4.0,3.741935,5540,5540,0,0.0,1.0,0.0,2725,pass,
glucose_02_c0.01_wE04,glucose_02_c0.01,glucose,2,0.01,E04,5,4,crops/glucose/glucose_02_c0.01/glucose_02_c0.01_wE04.png,69.115,75.866376,76.0,10.226412,11.0,86.905157,87.0,10.722282,13.0,108.235678,108.0,10.490111,13.0,0.301288,0.298039,0.037457,0.05098,0.424454,0.423529,0.041138,0.05098,219.400337,4.198566,0.997319,-0.633033,-0.770658,0.279348,0.279851,0.320366,0.320144,0.400286,0.399293,90.335737,90.333333,203.0,209.0,211.0,-127.0,-122.0,-103.0,0.374384,0.416268,0.511848,7349,7349,0,0.0,1.0,0.0,3643,pass,
glucose_02_c0.01_wE05,glucose_02_c0.01,glucose,2,0.01,E05,5,5,crops/glucose/glucose_02_c0.01/glucose_02_c0.01_wE05.png,68.891,76.317858,76.0,10.313766,13.0,87.092303,87.0,10.2328,12.0,110.783758,111.0,10.508657,13.0,0.313422,0.313725,0.03623,0.047059,0.434446,0.435294,0.04121,0.05098,221.195085,4.17213,0.997352,-0.656881,-0.750479,0.277631,0.277778,0.317486,0.317949,0.404883,0.404904,91.397973,91.666667,204.0,212.0,214.0,-128.0,-125.0,-103.0,0.372549,0.410377,0.518692,7302,7302,0,0.0,1.0,0.0,3635,pass,
glucose_02_c0.01_wE06,glucose_02_c0.01,glucose,2,0.01,E06,5,6,crops/glucose/glucose_02_c0.01/glucose_02_c0.01_wE06.png,63.505,75.473599,76.0,8.877907,11.0,87.630393,89.0,9.533259,13.0,110.622183,111.0,9.209589,13.0,0.319187,0.321569,0.037045,0.047059,0.433812,0.435294,0.036116,0.05098,219.516419,3.767257,0.997841,-0.634925,-0.769777,0.275247,0.2749,0.319838,0.319444,0.404915,0.405229,91.242058,92.0,143.0,149.0,153.0,-67.0,-60.0,-42.0,0.531469,0.597315,0.72549,6212,6212,0,0.0,1.0,0.0,3073,pass,
glucose_02_c0.01_wE07,glucose_02_c0.01,glucose,2,0.01,E07,5,7,crops/glucose/glucose_02_c0.01/glucose_02_c0.01_wE07.png,69.115,70.840495,70.0,10.444421,12.0,80.81765,80.0,10.486004,12.0,101.307316,101.0,10.452344,11.0,0.304049,0.298039,0.042842,0.047059,0.397284,0.396078,0.04099,0.043137,220.273774,3.511712,0.998123,-0.645228,-0.761533,0.279074,0.279851,0.319201,0.318548,0.401725,0.4,84.32182,84.0,205.0,212.0,214.0,-135.0,-132.0,-113.0,0.341463,0.377358,0.471963,7354,7354,0,0.0,1.0,0.0,3652,pass,
glucose_02_c0.01_wE08,glucose_02_c0.01,glucose,2,0.01,E08,5,8,crops/glucose/glucose_02_c0.01/glucose_02_c0.01_wE08.png,64.403,73.16557,73.0,9.416082,12.0,85.091949,85.0,9.662175,12.0,107.590695,108.0,9.801296,13.0,0.322148,0.321569,0.031781,0.039216,0.421924,0.423529,0.038436,0.05098,219.070078,2.472051,0.99907,-0.629684,-0.775653,0.274616,0.274725,0.319886,0.319231,0.405498,0.405405,88.616071,89.0,195.0,202.0,205.0,-122.0,-117.0,-97.0,0.374359,0.420792,0.526829,6384,6384,0,0.0,1.0,0.0,3163,pass,
glucose_02_c0.01_wE09,glucose_02_c0.01,glucose,2,0.01,E09,5,9,crops/glucose/glucose_02_c0.01/glucose_02_c0.01_wE09.png,60.812,75.911853,77.0,10.895688,14.0,87.304302,88.0,11.282436,15.0,108.253205,109.0,11.740992,16.0,0.301133,0.298039,0.035263,0.043137,0.424522,0.427451,0.046043,0.062745,218.730893,3.256627,0.998386,-0.624654,-0.778834,0.278959,0.28,0.321405,0.321429,0.399636,0.398058,90.489786,91.0,26.0,29.0,36.0,51.0,59.0,73.0,2.961538,3.034483,3.027778,5695,5695,0,0.0,1.0,0.0,2826,pass,
glucose_02_c0.01_wE10,glucose_02_c0.01,glucose,2,0.01,E10,5,10,crops/glucose/glucose_02_c0.01/glucose_02_c0.01_wE10.png,65.749,77.245082,78.0,14.16217,16.0,88.971617,89.0,13.910898,15.0,109.276918,109.0,13.72662,15.0,0.298699,0.290196,0.053775,0.054902,0.428537,0.427451,0.05383,0.058824,217.858088,2.765217,0.998836,-0.612994,-0.788614,0.278734,0.280822,0.32269,0.322368,0.398576,0.396296,91.831206,92.0,197.0,206.0,208.0,-119.0,-117.0,-99.0,0.395939,0.432039,0.524038,6659,6659,0,0.0,1.0,0.0,3311,pass,
glucose_02_c0.01_wE11,glucose_02_c0.01,glucose,2,0.01,E11,5,11,crops/glucose/glucose_02_c0.01/glucose_02_c0.01_wE11.png,65.3,86.417226,87.0,11.366947,14.0,96.940396,98.0,11.52255,15.0,118.343293,119.0,11.852902,15.0,0.272044,0.270588,0.03129,0.035294,0.464091,0.466667,0.046482,0.058824,220.045966,3.541493,0.998092,-0.642174,-0.764068,0.285835,0.286604,0.321157,0.321543,0.393008,0.391753,100.566972,101.666667,195.0,203.0,205.0,-108.0,-105.0,-86.0,0.446154,0.482759,0.580488,6560,6560,0,0.0,1.0,0.0,3251,pass,
glucose_02_c0.01_wE12,glucose_02_c0.01,glucose,2,0.01,E12,5,12,crops/glucose/glucose_02_c0.01/glucose_02_c0.01_wE12.png,68.666,94.559763,95.0,9.687997,12.0,108.940788,110.0,10.431879,14.0,131.91545,133.0,11.680876,15.0,0.283654,0.282353,0.027909,0.035294,0.517315,0.521569,0.045807,0.058824,217.007003,3.414262,0.998226,-0.600845,-0.797145,0.281723,0.281843,0.324749,0.325,0.393527,0.393939,111.805334,113.0,204.0,212.0,215.0,-109.0,-102.0,-82.0,0.465686,0.518868,0.618605,7262,7262,0,0.0,1.0,0.0,3596,pass,
glucose_02_c0.01_wF01,glucose_02_c0.01,glucose,2,0.01,F01,6,1,crops/glucose/glucose_02_c0.01/glucose_02_c0.01_wF01.png,70.013,102.779708,104.0,7.968315,9.0,118.159019,119.0,8.31167,10.0,142.820955,144.0,8.774967,10.0,0.281084,0.278431,0.016129,0.019608,0.560082,0.564706,0.034412,0.039216,217.164943,2.562863,0.999,-0.603508,-0.796103,0.282371,0.282723,0.324799,0.324742,0.39283,0.393017,121.253227,122.333333,206.0,215.0,217.0,-102.0,-96.0,-73.0,0.504854,0.553488,0.663594,7540,7540,0,0.0,1.0,0.0,3745,pass,
glucose_02_c0.01_wF02,glucose_02_c0.01,glucose,2,0.01,F02,6,2,crops/glucose/glucose_02_c0.01/glucose_02_c0.01_wF02.png,66.198,86.966642,87.0,6.567746,8.0,100.424166,101.0,6.543343,9.0,124.442995,126.0,7.305758,9.0,0.301513,0.305882,0.023773,0.031373,0.488012,0.494118,0.02865,0.035294,218.772684,2.205629,0.999259,-0.625768,-0.779059,0.278717,0.278125,0.322034,0.321101,0.399249,0.4,103.944601,105.0,196.0,203.0,206.0,-109.0,-102.0,-80.0,0.443878,0.497537,0.61165,6745,6745,0,0.0,1.0,0.0,3346,pass,
glucose_02_c0.01_wF03,glucose_02_c0.01,glucose,2,0.01,F03,6,3,crops/glucose/glucose_02_c0.01/glucose_02_c0.01_wF03.png,69.564,86.310016,86.0,7.466297,9.0,101.225295,101.0,7.602398,9.0,123.716702,124.0,8.252447,11.0,0.30307,0.305882,0.023367,0.027451,0.485164,0.486275,0.032363,0.043137,215.922778,2.504756,0.999045,-0.586134,-0.809035,0.277062,0.27707,0.325205,0.325,0.397733,0.397959,103.750671,103.666667,203.0,212.0,213.0,-117.0,-111.0,-89.0,0.423645,0.476415,0.58216,7448,7448,0,0.0,1.0,0.0,3699,pass,
glucose_02_c0.01_wF04,glucose_02_c0.01,glucose,2,0.01,F04,6,4,crops/glucose/glucose_02_c0.01/glucose_02_c0.01_wF04.png,65.3,82.980344,83.0,8.003775,9.0,96.65016,97.0,7.855416,9.0,119.520341,120.0,8.275207,10.0,0.306833,0.305882,0.027119,0.031373,0.468707,0.470588,0.032452,0.039216,217.572603,3.005153,0.998625,-0.608928,-0.791492,0.277025,0.27673,0.323058,0.323308,0.399918,0.4,99.716949,100.333333,193.0,201.0,203.0,-110.0,-104.0,-83.0,0.430052,0.482587,0.591133,6563,6563,0,0.0,1.0,0.0,3262,pass,
glucose_02_c0.01_wF05,glucose_02_c0.01,glucose,2,0.01,F05,6,5,crops/glucose/glucose_02_c0.01/glucose_02_c0.01_wF05.png,65.3,79.938766,81.0,10.843057,10.0,92.795735,94.0,10.884711,10.0,113.890632,115.0,11.302552,10.0,0.30088,0.298039,0.040299,0.039216,0.44663,0.45098,0.044324,0.039216,217.106941,2.803442,0.998804,-0.602583,-0.796557,0.278048,0.279461,0.32362,0.323636,0.398332,0.397436,95.541711,97.0,197.0,205.0,208.0,-116.0,-111.0,-93.0,0.411168,0.458537,0.552885,6565,6565,0,0.0,1.0,0.0,3255,pass,
glucose_02_c0.01_wF06,glucose_02_c0.01,glucose,2,0.01,F06,6,6,crops/glucose/glucose_02_c0.01/glucose_02_c0.01_wF06.png,65.974,78.93521,79.0,9.656838,10.0,94.05779,94.0,9.982317,10.0,116.258564,116.0,10.993181,12.0,0.323016,0.321569,0.035564,0.027451,0.455916,0.454902,0.043111,0.047059,215.555078,2.932405,0.998691,-0.580724,-0.812492,0.2722,0.273016,0.325125,0.324365,0.402675,0.402516,96.417188,96.666667,201.0,209.0,212.0,-122.0,-115.0,-96.0,0.393035,0.449761,0.54717,6714,6714,0,0.0,1.0,0.0,3335,pass,
glucose_02_c0.01_wF07,glucose_02_c0.01,glucose,2,0.01,F07,6,7,crops/glucose/glucose_02_c0.01/glucose_02_c0.01_wF07.png,69.34,76.268945,76.0,11.279435,10.0,89.34513,90.0,11.473273,10.0,111.04174,112.0,12.279899,11.0,0.317889,0.313725,0.057996,0.035294,0.435458,0.439216,0.048156,0.043137,217.472885,3.518237,0.998116,-0.60724,-0.792147,0.273881,0.275472,0.32249,0.322148,0.403629,0.401606,92.218605,93.0,205.0,213.0,215.0,-129.0,-123.0,-103.0,0.370732,0.422535,0.52093,7403,7403,0,0.0,1.0,0.000946,3682,pass,
glucose_02_c0.01_wF08,glucose_02_c0.01,glucose,2,0.01,F08,6,8,crops/glucose/glucose_02_c0.01/glucose_02_c0.01_wF08.png,65.974,77.075878,77.0,6.58016,7.0,89.951456,90.0,6.571753,8.0,112.343391,112.0,7.173384,8.0,0.314834,0.317647,0.020834,0.023529,0.440562,0.439216,0.028131,0.031373,217.937229,2.941593,0.998683,-0.613988,-0.787646,0.275628,0.275986,0.321979,0.320388,0.402394,0.402778,93.123575,93.0,196.0,203.0,206.0,-119.0,-113.0,-94.0,0.392857,0.44335,0.543689,6695,6695,0,0.0,1.0,0.0,3316,pass,
glucose_02_c0.01_wF09,glucose_02_c0.01,glucose,2,0.01,F09,6,9,crops/glucose/glucose_02_c0.01/glucose_02_c0.01_wF09.png,60.588,79.782393,79.0,8.015862,9.0,91.391904,91.0,7.93475,8.0,113.683755,113.0,8.222718,9.0,0.299437,0.301961,0.024795,0.027451,0.445819,0.443137,0.032246,0.035294,219.141097,2.229773,0.999243,-0.630754,-0.775007,0.279716,0.279461,0.320776,0.320261,0.399508,0.4,94.952684,94.0,17.0,20.0,29.0,62.0,71.0,84.0,4.647059,4.55,3.896552,5657,5657,0,0.0,1.0,0.0,2812,pass,
glucose_02_c0.01_wF10,glucose_02_c0.01,glucose,2,0.01,F10,6,10,crops/glucose/glucose_02_c0.01/glucose_02_c0.01_wF10.png,68.442,81.942302,82.0,9.032412,10.0,93.751318,94.0,9.654123,11.0,115.002497,116.0,9.922221,11.0,0.288836,0.286275,0.026332,0.031373,0.45099,0.454902,0.038911,0.043137,218.47369,3.279835,0.998363,-0.621137,-0.781612,0.281525,0.282051,0.322354,0.321569,0.396121,0.39604,96.898706,97.333333,204.0,212.0,215.0,-122.0,-118.0,-99.0,0.401961,0.443396,0.539535,7210,7210,0,0.0,1.0,0.0,3579,pass,
glucose_02_c0.01_wF11,glucose_02_c0.01,glucose,2,0.01,F11,6,11,crops/glucose/glucose_02_c0.01/glucose_02_c0.01_wF11.png,65.525,80.695277,82.0,11.59179,14.0,94.959734,96.0,12.014683,15.0,117.249016,118.0,11.695341,14.0,0.314722,0.309804,0.038155,0.047059,0.4598,0.462745,0.045864,0.054902,216.743679,3.903639,0.997682,-0.596849,-0.799462,0.274652,0.276094,0.323934,0.324675,0.401415,0.4,97.634676,98.666667,194.0,202.0,204.0,-112.0,-106.0,-86.0,0.42268,0.475248,0.578431,6606,6606,0,0.0,1.0,0.0,3282,pass,
glucose_02_c0.01_wF12,glucose_02_c0.01,glucose,2,0.01,F12,6,12,crops/glucose/glucose_02_c0.01/glucose_02_c0.01_wF12.png,70.013,94.539603,96.0,9.368467,13.0,108.184238,109.0,10.135524,13.0,131.41245,133.0,11.16253,13.0,0.281075,0.282353,0.025221,0.031373,0.515343,0.521569,0.043775,0.05098,218.060129,3.032551,0.9986,-0.615625,-0.786262,0.282769,0.282857,0.323692,0.322493,0.393539,0.393443,111.378764,113.0,200.0,208.0,211.0,-104.0,-99.0,-78.0,0.48,0.524038,0.630332,7550,7550,0,0.0,1.0,0.0,3737,pass,
glucose_02_c0.01_wG01,glucose_02_c0.01,glucose,2,0.01,G01,7,1,crops/glucose/glucose_02_c0.01/glucose_02_c0.01_wG01.png,64.852,100.601546,102.0,9.908303,9.0,115.593818,117.0,10.032764,9.0,139.053787,141.0,10.468362,10.0,0.277868,0.278431,0.029037,0.023529,0.545309,0.552941,0.041052,0.039216,216.764991,2.572618,0.998992,-0.597931,-0.80029,0.28278,0.283333,0.325331,0.325397,0.39189,0.391753,118.416383,120.0,199.0,207.0,209.0,-97.0,-90.0,-68.0,0.512563,0.565217,0.674641,6470,6470,0,0.0,1.0,0.0,3210,pass,
glucose_02_c0.01_wG02,glucose_02_c0.01,glucose,2,0.01,G02,7,2,crops/glucose/glucose_02_c0.01/glucose_02_c0.01_wG02.png,68.891,87.958088,89.0,9.492139,12.0,103.59937,105.0,9.39244,12.0,126.700315,128.0,9.655228,13.0,0.307365,0.309804,0.028901,0.031373,0.496864,0.501961,0.037864,0.05098,215.624207,2.619928,0.998955,-0.581858,-0.812005,0.275889,0.27619,0.32548,0.324528,0.398631,0.39881,106.085924,107.0,204.0,213.0,214.0,-115.0,-108.0,-86.0,0.436275,0.492958,0.598131,7301,7301,0,0.0,1.0,0.0,3640,pass,
glucose_02_c0.01_wG03,glucose_02_c0.01,glucose,2,0.01,G03,7,3,crops/glucose/glucose_02_c0.01/glucose_02_c0.01_wG03.png,70.013,87.310523,87.0,7.592165,9.0,102.202383,102.0,7.868371,10.0,123.667108,124.0,8.824982,11.0,0.294571,0.298039,0.022314,0.031373,0.484969,0.486275,0.034608,0.043137,215.239278,2.407872,0.999117,-0.576483,-0.816029,0.278585,0.278317,0.326343,0.326284,0.395071,0.395706,104.393338,104.666667,203.0,210.0,213.0,-116.0,-108.0,-89.0,0.428571,0.485714,0.58216,7555,7555,0,0.0,1.0,0.0,3747,pass,
glucose_02_c0.01_wG04,glucose_02_c0.01,glucose,2,0.01,G04,7,4,crops/glucose/glucose_02_c0.01/glucose_02_c0.01_wG04.png,60.812,85.808754,85.0,8.433999,9.0,100.273862,100.0,8.482436,8.0,123.41923,123.0,8.650324,8.0,0.305891,0.309804,0.024289,0.031373,0.483997,0.482353,0.033923,0.031373,216.989252,2.814538,0.998794,-0.60094,-0.797785,0.276908,0.276527,0.323939,0.324415,0.399152,0.399381,103.167282,103.0,18.0,22.0,32.0,67.0,78.0,91.0,4.722222,4.545455,3.84375,5689,5689,0,0.0,1.0,0.0,2828,pass,
glucose_02_c0.01_wG05,glucose_02_c0.01,glucose,2,0.01,G05,7,5,crops/glucose/glucose_02_c0.01/glucose_02_c0.01_wG05.png,66.871,82.260901,82.0,8.135933,9.0,97.37282,97.0,8.297912,9.0,120.959302,121.0,8.683908,10.0,0.32121,0.321569,0.02359,0.027451,0.47435,0.47451,0.034055,0.039216,216.588381,2.418802,0.999109,-0.595531,-0.802223,0.273297,0.273616,0.323889,0.323988,0.402814,0.40273,100.197674,100.333333,202.0,210.0,213.0,-120.0,-113.0,-92.0,0.405941,0.461905,0.568075,6880,6880,0,0.0,1.0,0.0,3412,pass,
glucose_02_c0.01_wG06,glucose_02_c0.01,glucose,2,0.01,G06,7,6,crops/glucose/glucose_02_c0.01/glucose_02_c0.01_wG06.png,65.749,80.538982,81.0,8.602676,10.0,95.62085,96.0,8.365281,10.0,117.791798,118.0,9.894451,12.0,0.317423,0.317647,0.024034,0.027451,0.461929,0.462745,0.038802,0.047059,215.5773,3.207058,0.998435,-0.58089,-0.812058,0.273577,0.274247,0.325413,0.325,0.40101,0.400612,97.983877,98.666667,191.0,199.0,202.0,-110.0,-103.0,-84.0,0.424084,0.482412,0.584158,6657,6657,0,0.0,1.0,0.0,3306,pass,
glucose_02_c0.01_wG07,glucose_02_c0.01,glucose,2,0.01,G07,7,7,crops/glucose/glucose_02_c0.01/glucose_02_c0.01_wG07.png,64.852,82.933004,82.0,7.585643,9.0,95.822322,95.0,7.754218,9.0,118.8887,119.0,8.406531,10.0,0.303231,0.305882,0.024443,0.031373,0.46623,0.466667,0.032967,0.039216,218.509131,2.984541,0.998644,-0.621795,-0.781448,0.278381,0.278351,0.321899,0.321678,0.39972,0.4,99.214675,99.0,192.0,200.0,203.0,-110.0,-105.0,-84.0,0.427083,0.475,0.586207,6478,6478,0,0.0,1.0,0.0,3221,pass,
glucose_02_c0.01_wG08,glucose_02_c0.01,glucose,2,0.01,G08,7,8,crops/glucose/glucose_02_c0.01/glucose_02_c0.01_wG08.png,60.812,85.038252,85.0,11.238639,12.0,97.091946,97.0,11.797851,12.0,119.678189,119.0,11.851762,13.0,0.292627,0.290196,0.04641,0.035294,0.469326,0.466667,0.046477,0.05098,219.275264,3.001601,0.998629,-0.632179,-0.773052,0.280729,0.281734,0.321077,0.321429,0.398194,0.39645,100.602796,100.333333,25.0,28.0,37.0,60.0,69.0,82.0,3.4,3.464286,3.216216,5699,5699,0,0.0,1.0,0.0,2828,pass,
glucose_02_c0.01_wG09,glucose_02_c0.01,glucose,2,0.01,G09,7,9,crops/glucose/glucose_02_c0.01/glucose_02_c0.01_wG09.png,70.237,84.082455,84.0,8.566485,10.0,97.227608,97.0,8.548109,10.0,118.393045,119.0,9.045322,11.0,0.290903,0.290196,0.02754,0.031373,0.464286,0.466667,0.035472,0.043137,216.767607,2.300739,0.999194,-0.598088,-0.800424,0.28019,0.28125,0.324388,0.324232,0.395422,0.395349,99.901036,100.0,202.0,209.0,211.0,-118.0,-112.0,-92.0,0.415842,0.464115,0.563981,7592,7592,0,0.0,1.0,0.0,3758,pass,
glucose_02_c0.01_wG10,glucose_02_c0.01,glucose,2,0.01,G10,7,10,crops/glucose/glucose_02_c0.01/glucose_02_c0.01_wG10.png,66.871,87.643925,89.0,10.722401,10.0,101.681086,103.0,10.699734,10.0,124.542604,125.0,11.005137,11.0,0.298986,0.294118,0.040778,0.031373,0.488402,0.490196,0.043157,0.043137,217.034505,2.103423,0.999326,-0.60189,-0.797735,0.278362,0.279141,0.323828,0.32459,0.397811,0.396285,104.622538,105.666667,195.0,203.0,205.0,-106.0,-100.0,-80.0,0.45641,0.507389,0.609756,6889,6889,0,0.0,1.0,0.0,3423,pass,
glucose_02_c0.01_wG11,glucose_02_c0.01,glucose,2,0.01,G11,7,11,crops/glucose/glucose_02_c0.01/glucose_02_c0.01_wG11.png,61.934,94.920224,96.0,7.808465,10.0,109.507622,110.0,7.700324,11.0,133.305725,134.0,8.218324,11.0,0.288767,0.286275,0.019163,0.023529,0.522768,0.52549,0.032229,0.043137,217.358743,2.616609,0.998958,-0.606171,-0.794023,0.280802,0.28125,0.32424,0.324675,0.394958,0.394958,112.577857,113.0,27.0,32.0,40.0,69.0,78.0,94.0,3.555556,3.4375,3.35,5904,5904,0,0.0,1.0,0.0,2936,pass,
glucose_02_c0.01_wG12,glucose_02_c0.01,glucose,2,0.01,G12,7,12,crops/glucose/glucose_02_c0.01/glucose_02_c0.01_wG12.png,71.584,97.055929,99.0,11.116403,13.0,112.155612,113.0,11.004847,13.0,135.708687,137.0,11.993191,14.0,0.286566,0.282353,0.028523,0.027451,0.532191,0.537255,0.047032,0.054902,216.572682,2.997482,0.998632,-0.595027,-0.802003,0.28086,0.28169,0.325177,0.325,0.393962,0.393548,114.973409,116.0,200.0,207.0,210.0,-101.0,-94.0,-73.0,0.495,0.545894,0.652381,7885,7885,0,0.0,1.0,0.0,3914,pass,
glucose_02_c0.01_wH01,glucose_02_c0.01,glucose,2,0.01,H01,8,1,crops/glucose/glucose_02_c0.01/glucose_02_c0.01_wH01.png,61.934,92.474398,94.0,11.850105,13.0,106.349949,107.0,12.101286,12.0,131.589183,133.0,12.024218,13.0,0.300257,0.294118,0.039494,0.031373,0.516036,0.521569,0.047154,0.05098,219.060998,3.035122,0.998598,-0.629264,-0.775387,0.27899,0.280236,0.321618,0.321637,0.399392,0.39759,110.137843,111.0,34.0,39.5,50.0,60.0,67.5,83.0,2.764706,2.708861,2.66,5898,5898,0,0.0,1.0,0.0,2928,pass,
glucose_02_c0.01_wH02,glucose_02_c0.01,glucose,2,0.01,H02,8,2,crops/glucose/glucose_02_c0.01/glucose_02_c0.01_wH02.png,65.749,83.608206,84.0,9.897154,10.0,99.800571,100.0,10.174185,10.0,118.857229,120.0,10.207557,9.0,0.299197,0.294118,0.038646,0.027451,0.466107,0.470588,0.04003,0.035294,212.110054,2.357264,0.999154,-0.531098,-0.846312,0.275779,0.276873,0.33009,0.332103,0.39413,0.392027,100.755335,101.333333,191.0,198.0,201.0,-107.0,-98.0,-81.0,0.439791,0.505051,0.597015,6654,6654,0,0.0,1.0,0.0,3305,pass,
glucose_02_c0.01_wH03,glucose_02_c0.01,glucose,2,0.01,H03,8,3,crops/glucose/glucose_02_c0.01/glucose_02_c0.01_wH03.png,65.525,79.426066,82.0,12.498427,11.0,94.202903,96.0,12.573159,11.0,116.820835,120.0,14.425898,15.0,0.32449,0.321569,0.051949,0.027451,0.458121,0.470588,0.056572,0.058824,216.406865,3.776333,0.99783,-0.592228,-0.803076,0.271827,0.273927,0.324209,0.323718,0.403963,0.403175,96.816601,99.0,188.0,196.0,199.0,-106.0,-100.0,-79.0,0.43617,0.489796,0.603015,6614,6614,0,0.0,1.0,0.000454,3277,pass,
glucose_02_c0.01_wH04,glucose_02_c0.01,glucose,2,0.01,H04,8,4,crops/glucose/glucose_02_c0.01/glucose_02_c0.01_wH04.png,65.974,80.23892,82.0,12.352847,12.0,92.29906,94.0,12.380012,12.0,114.98642,117.0,12.647847,12.0,0.307052,0.301961,0.055984,0.039216,0.450927,0.458824,0.049599,0.047059,219.11357,2.539858,0.999018,-0.63024,-0.775135,0.277427,0.279693,0.320603,0.320513,0.40197,0.39934,95.841466,98.0,187.0,194.0,197.0,-105.0,-100.0,-80.0,0.438503,0.484536,0.593909,6701,6701,0,0.0,1.0,0.000448,3325,pass,
glucose_02_c0.01_wH05,glucose_02_c0.01,glucose,2,0.01,H05,8,5,crops/glucose/glucose_02_c0.01/glucose_02_c0.01_wH05.png,66.871,78.825803,79.0,7.940266,11.0,92.600029,93.0,7.733426,11.0,114.642598,115.0,8.93838,12.0,0.313099,0.317647,0.032772,0.043137,0.449579,0.45098,0.035052,0.047059,216.725628,3.305453,0.998337,-0.596989,-0.800176,0.275234,0.274131,0.323737,0.323843,0.401029,0.402027,95.356143,95.666667,201.0,209.0,211.0,-122.0,-116.0,-96.0,0.393035,0.444976,0.545024,6883,6883,0,0.0,1.0,0.0,3424,pass,
glucose_02_c0.01_wH06,glucose_02_c0.01,glucose,2,0.01,H06,8,6,crops/glucose/glucose_02_c0.01/glucose_02_c0.01_wH06.png,59.915,79.712505,80.0,9.769512,12.0,93.992591,94.0,9.591199,11.0,117.480123,118.0,10.297958,12.0,0.323356,0.321569,0.032207,0.039216,0.460706,0.462745,0.040384,0.047059,217.175642,2.280325,0.999208,-0.603782,-0.796156,0.273155,0.273333,0.322762,0.322835,0.404083,0.403448,97.06174,97.0,15.0,17.0,28.0,65.0,77.0,90.0,5.333333,5.529412,4.214286,5534,5534,0,0.0,1.0,0.0,2735,pass,
glucose_02_c0.01_wH07,glucose_02_c0.01,glucose,2,0.01,H07,8,7,crops/glucose/glucose_02_c0.01/glucose_02_c0.01_wH07.png,65.974,77.300299,79.0,11.322213,10.0,90.845075,92.0,11.717159,9.0,113.544328,115.0,12.052459,10.0,0.322791,0.317647,0.050313,0.039216,0.445272,0.45098,0.047265,0.039216,217.598067,2.886329,0.998732,-0.609345,-0.791306,0.273205,0.274247,0.322139,0.323741,0.404655,0.40273,93.896567,95.666667,194.0,201.0,204.0,-115.0,-109.0,-89.0,0.407216,0.457711,0.563725,6700,6700,0,0.0,1.0,0.0,3325,pass,
glucose_02_c0.01_wH08,glucose_02_c0.01,glucose,2,0.01,H08,8,8,crops/glucose/glucose_02_c0.01/glucose_02_c0.01_wH08.png,64.627,81.177861,81.0,11.371268,11.0,93.933147,94.0,11.373009,11.0,116.115361,116.0,12.039944,11.0,0.304861,0.301961,0.049825,0.035294,0.455354,0.454902,0.047215,0.043137,217.897642,2.344518,0.999163,-0.613739,-0.788449,0.277361,0.278912,0.322299,0.321918,0.400339,0.399293,97.075456,97.0,189.0,198.0,201.0,-108.0,-104.0,-85.0,0.428571,0.474747,0.577114,6432,6432,0,0.0,1.0,0.0,3188,pass,
glucose_02_c0.01_wH09,glucose_02_c0.01,glucose,2,0.01,H09,8,9,crops/glucose/glucose_02_c0.01/glucose_02_c0.01_wH09.png,65.974,83.631932,84.0,7.452195,9.0,97.170692,97.0,7.492886,10.0,119.134764,120.0,9.422646,13.0,0.29822,0.298039,0.023534,0.031373,0.467195,0.470588,0.036952,0.05098,217.044706,3.201806,0.99844,-0.601498,-0.79692,0.278657,0.278689,0.324076,0.324232,0.397268,0.397959,99.979129,100.333333,196.0,205.0,207.0,-112.0,-108.0,-87.0,0.428571,0.473171,0.57971,6708,6708,0,0.0,1.0,0.0,3327,pass,
glucose_02_c0.01_wH10,glucose_02_c0.01,glucose,2,0.01,H10,8,10,crops/glucose/glucose_02_c0.01/glucose_02_c0.01_wH10.png,62.832,82.164582,82.0,7.516642,8.0,96.457373,96.0,7.599526,9.0,116.11603,116.0,8.198745,10.0,0.293117,0.294118,0.024795,0.031373,0.455357,0.454902,0.032152,0.039216,214.508713,2.470193,0.999071,-0.566005,-0.823275,0.278508,0.278523,0.327271,0.326861,0.394221,0.394464,98.245995,97.666667,48.0,52.0,59.0,34.0,44.0,57.0,1.708333,1.846154,1.966102,6076,6076,0,0.0,1.0,0.0,3017,pass,
glucose_02_c0.01_wH11,glucose_02_c0.01,glucose,2,0.01,H11,8,11,crops/glucose/glucose_02_c0.01/glucose_02_c0.01_wH11.png,72.93,84.028701,85.0,9.994578,11.0,98.854177,100.0,10.557077,12.0,120.779922,122.0,10.466439,12.0,0.30608,0.301961,0.031358,0.035294,0.473647,0.478431,0.041045,0.047059,215.901414,3.326454,0.998316,-0.585405,-0.808663,0.276198,0.276753,0.325367,0.325658,0.398435,0.396875,101.220933,102.333333,200.0,208.0,210.0,-115.0,-108.0,-88.0,0.425,0.480769,0.580952,8188,8188,0,0.0,1.0,0.0,4070,pass,
glucose_02_c0.01_wH12,glucose_02_c0.01,glucose,2,0.01,H12,8,12,crops/glucose/glucose_02_c0.01/glucose_02_c0.01_wH12.png,72.257,88.221241,89.0,18.187896,13.0,102.352195,103.0,19.728976,13.0,126.06728,128.0,20.572791,14.0,0.312168,0.298039,0.091102,0.035294,0.494381,0.501961,0.080678,0.054902,218.517804,5.025697,0.99616,-0.620367,-0.779411,0.274144,0.278638,0.319599,0.323741,0.406257,0.397727,105.546905,106.666667,202.0,211.0,213.0,-113.0,-108.0,-85.0,0.440594,0.488152,0.600939,8041,8041,0,0.0,1.0,0.009078,3988,pass,
glucose_03_c0.05_wA01,glucose_03_c0.05,glucose,3,0.05,A01,1,1,crops/glucose/glucose_03_c0.05/glucose_03_c0.05_wA01.png,69.788,114.609362,115.0,6.130666,6.0,131.43825,132.0,6.081599,6.0,157.51147,159.0,7.971337,10.0,0.272383,0.27451,0.014193,0.019608,0.617692,0.623529,0.03126,0.039216,216.547021,2.269106,0.999216,-0.595015,-0.802739,0.283947,0.283654,0.325756,0.325183,0.390297,0.390995,134.519694,135.333333,215.0,220.0,224.0,-100.0,-88.0,-65.0,0.534884,0.6,0.709821,7498,7498,0,0.0,1.0,0.0,3709,pass,
glucose_03_c0.05_wA02,glucose_03_c0.05,glucose,3,0.05,A02,1,2,crops/glucose/glucose_03_c0.05/glucose_03_c0.05_wA02.png,68.442,116.962152,117.0,5.202334,6.0,133.753917,134.0,5.349509,6.0,160.411202,161.0,6.762005,8.0,0.270912,0.270588,0.012686,0.015686,0.629064,0.631373,0.026518,0.031373,216.909521,1.751411,0.999533,-0.600273,-0.799211,0.284464,0.284314,0.32536,0.325062,0.390176,0.390547,137.042423,137.666667,216.0,221.0,224.0,-99.0,-87.0,-63.0,0.541667,0.606335,0.71875,7213,7213,0,0.0,1.0,0.0,3572,pass,
glucose_03_c0.05_wA03,glucose_03_c0.05,glucose,3,0.05,A03,1,3,crops/glucose/glucose_03_c0.05/glucose_03_c0.05_wA03.png,68.442,121.442966,122.0,4.489246,5.0,138.719751,139.0,4.441743,4.0,166.690922,167.0,5.509278,5.0,0.27162,0.27451,0.010224,0.011765,0.65369,0.654902,0.021605,0.019608,217.021679,1.74212,0.999538,-0.601839,-0.798039,0.284476,0.28436,0.325002,0.324455,0.390523,0.391403,142.284546,142.333333,217.0,223.0,226.0,-95.0,-84.0,-59.0,0.562212,0.623318,0.738938,7215,7215,0,0.0,1.0,0.0,3572,pass,
glucose_03_c0.05_wA04,glucose_03_c0.05,glucose,3,0.05,A04,1,4,crops/glucose/glucose_03_c0.05/glucose_03_c0.05_wA04.png,69.115,115.12466,117.0,11.827222,6.0,132.261283,134.0,12.068286,7.0,159.397635,161.0,13.058366,8.0,0.279673,0.278431,0.029868,0.015686,0.625089,0.631373,0.051209,0.031373,216.837468,1.826872,0.999492,-0.599242,-0.799933,0.282466,0.283293,0.3251,0.324582,0.392434,0.392252,135.594526,137.333333,216.0,221.0,225.0,-99.0,-87.0,-64.0,0.541667,0.606335,0.715556,7356,7356,0,0.0,1.0,0.0,3636,pass,
glucose_03_c0.05_wA05,glucose_03_c0.05,glucose,3,0.05,A05,1,5,crops/glucose/glucose_03_c0.05/glucose_03_c0.05_wA05.png,67.993,111.612953,112.0,4.421471,5.0,128.505058,129.0,4.480286,5.0,156.608738,158.0,5.310575,6.0,0.287387,0.290196,0.010998,0.011765,0.614152,0.619608,0.020826,0.023529,217.565404,1.639053,0.999591,-0.609417,-0.792334,0.281296,0.281013,0.323923,0.32398,0.394781,0.394937,132.24225,133.0,218.0,222.0,226.0,-106.0,-93.0,-68.0,0.513761,0.581081,0.699115,7118,7118,0,0.0,1.0,0.0,3522,pass,
glucose_03_c0.05_wA06,glucose_03_c0.05,glucose,3,0.05,A06,1,6,crops/glucose/glucose_03_c0.05/glucose_03_c0.05_wA06.png,61.486,109.53378,110.0,5.318264,7.0,125.872099,126.0,5.548028,6.0,151.955132,152.0,6.790225,8.0,0.279274,0.278431,0.009655,0.011765,0.595902,0.596078,0.026628,0.031373,217.053414,1.762345,0.999527,-0.602274,-0.797697,0.282732,0.282776,0.324969,0.325,0.392299,0.392308,129.120337,129.333333,73.0,81.0,93.0,37.0,45.0,59.0,1.506849,1.555556,1.634409,5817,5817,0,0.0,1.0,0.0,2898,pass,
glucose_03_c0.05_wA07,glucose_03_c0.05,glucose,3,0.05,A07,1,7,crops/glucose/glucose_03_c0.05/glucose_03_c0.05_wA07.png,63.056,97.657138,99.0,8.972892,13.0,111.90869,113.0,9.253781,14.0,136.99706,138.0,8.914472,12.0,0.28832,0.286275,0.021354,0.027451,0.537243,0.541176,0.034959,0.047059,218.847485,2.119694,0.999316,-0.62682,-0.778286,0.281473,0.282421,0.322795,0.322287,0.395732,0.395095,115.520963,117.0,146.0,153.0,159.0,-47.0,-40.0,-21.0,0.678082,0.738562,0.867925,6122,6122,0,0.0,1.0,0.0,3034,pass,
glucose_03_c0.05_wA08,glucose_03_c0.05,glucose,3,0.05,A08,1,8,crops/glucose/glucose_03_c0.05/glucose_03_c0.05_wA08.png,64.403,101.971008,103.0,4.985257,6.0,116.387243,117.0,5.00337,5.0,141.381602,142.0,5.902326,7.0,0.278935,0.278431,0.011533,0.011765,0.554438,0.556863,0.023146,0.027451,218.361274,2.210483,0.999256,-0.620156,-0.78353,0.283397,0.283747,0.323548,0.322493,0.393055,0.393443,119.913284,121.0,191.0,196.0,202.0,-88.0,-79.0,-60.0,0.539267,0.596939,0.70297,6381,6381,0,0.0,1.0,0.0,3157,pass,
glucose_03_c0.05_wA09,glucose_03_c0.05,glucose,3,0.05,A09,1,9,crops/glucose/glucose_03_c0.05/glucose_03_c0.05_wA09.png,65.525,102.533041,103.0,9.39845,8.0,117.64101,118.0,9.457728,8.0,141.906396,143.0,10.581027,9.0,0.278501,0.278431,0.02615,0.019608,0.556496,0.560784,0.041494,0.035294,217.045437,2.557919,0.999004,-0.601848,-0.797363,0.28284,0.282967,0.3249,0.32493,0.392259,0.392954,120.693483,121.333333,212.0,216.0,218.0,-109.0,-98.0,-75.0,0.485849,0.546296,0.655963,6613,6613,0,0.0,1.0,0.0,3283,pass,
glucose_03_c0.05_wA10,glucose_03_c0.05,glucose,3,0.05,A10,1,10,crops/glucose/glucose_03_c0.05/glucose_03_c0.05_wA10.png,70.013,105.5,105.0,5.154995,5.0,120.736026,121.0,5.087771,6.0,144.928079,145.0,6.568276,8.0,0.272138,0.270588,0.011296,0.011765,0.568345,0.568627,0.025758,0.031373,216.893818,2.762871,0.998838,-0.599636,-0.79882,0.28419,0.284407,0.325336,0.325459,0.390473,0.390935,123.721369,123.333333,217.0,222.0,225.0,-112.0,-101.0,-80.0,0.483871,0.545045,0.644444,7550,7550,0,0.0,1.0,0.0,3738,pass,
glucose_03_c0.05_wA11,glucose_03_c0.05,glucose,3,0.05,A11,1,11,crops/glucose/glucose_03_c0.05/glucose_03_c0.05_wA11.png,70.462,102.505293,106.0,20.996525,14.0,117.249118,121.0,21.997734,13.0,138.297477,142.0,22.406683,15.0,0.267754,0.254902,0.066667,0.039216,0.542343,0.556863,0.087869,0.058824,215.466355,3.911766,0.997672,-0.578874,-0.81256,0.2838,0.286842,0.326656,0.327434,0.389543,0.385604,119.35063,123.333333,218.0,223.0,226.0,-112.0,-102.0,-84.0,0.486239,0.542601,0.628319,7651,7651,0,0.0,1.0,0.0,3787,pass,
glucose_03_c0.05_wA12,glucose_03_c0.05,glucose,3,0.05,A12,1,12,crops/glucose/glucose_03_c0.05/glucose_03_c0.05_wA12.png,66.647,122.791259,123.0,3.794262,4.0,139.646104,140.0,4.104116,4.0,164.709692,166.0,4.39953,5.0,0.254602,0.254902,0.010957,0.015686,0.64592,0.65098,0.017253,0.019608,216.180929,1.94483,0.999424,-0.589997,-0.806692,0.287448,0.287411,0.326921,0.326291,0.385632,0.386047,142.382352,143.0,211.0,217.0,219.0,-88.0,-77.0,-53.0,0.582938,0.645161,0.757991,6841,6841,0,0.0,1.0,0.0,3383,pass,
glucose_03_c0.05_wB01,glucose_03_c0.05,glucose,3,0.05,B01,2,1,crops/glucose/glucose_03_c0.05/glucose_03_c0.05_wB01.png,59.242,116.40396,117.0,5.852858,7.0,133.368246,134.0,6.047511,7.0,159.920059,161.0,7.228166,9.0,0.272301,0.270588,0.010889,0.015686,0.627137,0.631373,0.028346,0.035294,216.755034,1.550628,0.999634,-0.598176,-0.800908,0.284079,0.284264,0.325551,0.325431,0.390369,0.390547,136.564088,137.0,53.0,61.0,75.0,64.0,73.0,86.0,2.207547,2.196721,2.146667,5404,5404,0,0.0,1.0,0.0,2675,pass,
glucose_03_c0.05_wB02,glucose_03_c0.05,glucose,3,0.05,B02,2,2,crops/glucose/glucose_03_c0.05/glucose_03_c0.05_wB02.png,65.525,113.012708,113.0,5.86488,7.0,130.029955,131.0,6.102752,7.0,157.012103,158.0,7.248674,8.0,0.280422,0.278431,0.011246,0.011765,0.615734,0.619608,0.028426,0.031373,216.975291,1.922121,0.999437,-0.601132,-0.798446,0.28244,0.282555,0.325047,0.324519,0.392513,0.392683,133.351589,133.666667,216.0,221.0,224.0,-103.0,-90.0,-66.0,0.523148,0.59276,0.705357,6610,6610,0,0.0,1.0,0.0,3277,pass,
glucose_03_c0.05_wB03,glucose_03_c0.05,glucose,3,0.05,B03,2,3,crops/glucose/glucose_03_c0.05/glucose_03_c0.05_wB03.png,65.525,115.410768,116.0,5.4438,5.0,132.55732,133.0,5.410875,6.0,159.161525,160.0,6.457894,7.0,0.275085,0.27451,0.010124,0.011765,0.624163,0.627451,0.025325,0.027451,216.651876,1.723824,0.999548,-0.596681,-0.801914,0.283416,0.283505,0.325613,0.325123,0.390971,0.391403,135.709871,136.0,218.0,223.0,226.0,-102.0,-90.0,-66.0,0.53211,0.596413,0.707965,6612,6612,0,0.0,1.0,0.0,3277,pass,
glucose_03_c0.05_wB04,glucose_03_c0.05,glucose,3,0.05,B04,2,4,crops/glucose/glucose_03_c0.05/glucose_03_c0.05_wB04.png,65.076,108.748085,110.0,15.402665,14.0,124.337726,126.0,16.552916,15.0,149.464756,151.0,17.222105,16.0,0.276029,0.270588,0.039236,0.019608,0.586136,0.592157,0.067538,0.062745,217.378873,3.287231,0.998356,-0.606085,-0.793332,0.283351,0.284457,0.324582,0.325359,0.392067,0.390428,127.516856,129.0,213.0,218.0,221.0,-103.0,-92.0,-70.0,0.516432,0.577982,0.683258,6526,6526,0,0.0,1.0,0.0,3233,pass,
glucose_03_c0.05_wB05,glucose_03_c0.05,glucose,3,0.05,B05,2,5,crops/glucose/glucose_03_c0.05/glucose_03_c0.05_wB05.png,64.627,106.10442,107.0,9.809998,11.0,122.419079,123.0,10.462406,11.0,148.201214,149.0,11.381788,13.0,0.284979,0.282353,0.016073,0.015686,0.581181,0.584314,0.044634,0.05098,216.919508,2.250774,0.999229,-0.600229,-0.798864,0.281432,0.281796,0.324912,0.325,0.393656,0.393229,125.574904,126.333333,205.0,211.0,216.0,-98.0,-88.0,-67.0,0.521951,0.582938,0.689815,6426,6426,0,0.0,1.0,0.0,3187,pass,
glucose_03_c0.05_wB06,glucose_03_c0.05,glucose,3,0.05,B06,2,6,crops/glucose/glucose_03_c0.05/glucose_03_c0.05_wB06.png,67.096,99.908212,101.0,10.760018,12.0,114.159186,115.0,11.392089,13.0,138.37307,139.0,11.4812,13.0,0.279435,0.278431,0.023694,0.023529,0.542639,0.545098,0.045024,0.05098,218.141549,3.026564,0.998606,-0.616745,-0.785391,0.283118,0.283708,0.323766,0.323144,0.393116,0.392405,117.480156,118.0,219.0,223.0,227.0,-118.0,-108.0,-88.0,0.461187,0.515695,0.612335,6929,6929,0,0.0,1.0,0.0,3443,pass,
glucose_03_c0.05_wB07,glucose_03_c0.05,glucose,3,0.05,B07,2,7,crops/glucose/glucose_03_c0.05/glucose_03_c0.05_wB07.png,69.115,103.245103,104.0,6.998274,9.0,117.570185,119.0,7.023974,8.0,143.069233,144.0,8.258291,11.0,0.278716,0.278431,0.014422,0.015686,0.561056,0.564706,0.032385,0.043137,218.800452,2.422613,0.999106,-0.62605,-0.778637,0.28361,0.283784,0.323123,0.322222,0.393266,0.393258,121.29484,122.333333,223.0,228.0,231.0,-119.0,-109.0,-87.0,0.466368,0.52193,0.623377,7352,7352,0,0.0,1.0,0.0,3649,pass,
glucose_03_c0.05_wB08,glucose_03_c0.05,glucose,3,0.05,B08,2,8,crops/glucose/glucose_03_c0.05/glucose_03_c0.05_wB08.png,70.686,99.172194,99.0,7.597496,8.0,112.507088,112.0,7.948919,8.0,137.119782,137.0,9.405247,10.0,0.276929,0.278431,0.021809,0.019608,0.537725,0.537255,0.036883,0.039216,219.299902,2.293712,0.999199,-0.632872,-0.773221,0.284218,0.283951,0.322561,0.321839,0.393221,0.393939,116.266355,116.0,220.0,225.0,228.0,-121.0,-113.0,-91.0,0.45,0.497778,0.600877,7689,7689,0,0.0,1.0,0.0,3823,pass,
glucose_03_c0.05_wB09,glucose_03_c0.05,glucose,3,0.05,B09,2,9,crops/glucose/glucose_03_c0.05/glucose_03_c0.05_wB09.png,64.852,92.807823,94.0,11.83348,14.0,106.172542,107.0,11.762554,14.0,129.563234,131.0,11.933302,14.0,0.286527,0.282353,0.041193,0.031373,0.508091,0.513725,0.046797,0.054902,218.171352,2.554526,0.999007,-0.617401,-0.785385,0.281623,0.282857,0.32298,0.322785,0.395398,0.39403,109.514533,111.0,194.0,199.0,204.0,-100.0,-92.0,-73.0,0.484536,0.537688,0.642157,6468,6468,0,0.0,1.0,0.0,3202,pass,
glucose_03_c0.05_wB10,glucose_03_c0.05,glucose,3,0.05,B10,2,10,crops/glucose/glucose_03_c0.05/glucose_03_c0.05_wB10.png,67.096,103.533189,104.0,8.291191,8.0,118.412121,119.0,8.328301,7.0,143.85267,144.0,9.476778,9.0,0.281068,0.282353,0.018875,0.011765,0.564128,0.564706,0.037164,0.035294,217.96881,2.125295,0.999312,-0.614809,-0.787804,0.282802,0.282967,0.323724,0.324176,0.393474,0.393617,121.93266,122.0,216.0,221.0,224.0,-112.0,-102.0,-80.0,0.481481,0.538462,0.642857,6930,6930,0,0.0,1.0,0.0,3451,pass,
glucose_03_c0.05_wB11,glucose_03_c0.05,glucose,3,0.05,B11,2,11,crops/glucose/glucose_03_c0.05/glucose_03_c0.05_wB11.png,72.257,103.580637,104.0,6.968917,7.0,118.44114,119.0,7.007153,7.0,142.399204,144.0,7.698585,9.0,0.273052,0.27451,0.014416,0.015686,0.558428,0.564706,0.030191,0.035294,217.172907,2.649702,0.998931,-0.603577,-0.795964,0.284095,0.284182,0.325021,0.325373,0.390884,0.391549,121.47366,122.0,215.0,220.0,223.0,-111.0,-101.0,-79.0,0.483721,0.540909,0.64574,8036,8036,0,0.0,1.0,0.0,3989,pass,
glucose_03_c0.05_wB12,glucose_03_c0.05,glucose,3,0.05,B12,2,12,crops/glucose/glucose_03_c0.05/glucose_03_c0.05_wB12.png,62.159,125.212233,125.0,4.909515,5.0,141.402285,141.0,4.942433,5.0,168.658041,169.0,6.238888,8.0,0.257624,0.258824,0.012353,0.015686,0.661404,0.662745,0.024466,0.031373,217.712058,2.279438,0.999209,-0.61121,-0.790469,0.287636,0.287671,0.324884,0.324885,0.387481,0.388262,145.090853,145.333333,66.0,73.0,81.0,59.0,68.0,88.0,1.893939,1.931507,2.08642,5951,5951,0,0.0,1.0,0.0,2951,pass,
glucose_03_c0.05_wC01,glucose_03_c0.05,glucose,3,0.05,C01,3,1,crops/glucose/glucose_03_c0.05/glucose_03_c0.05_wC01.png,63.505,106.55475,107.0,9.415767,10.75,122.228824,123.0,9.528716,11.0,146.991304,147.0,10.133962,11.0,0.276119,0.27451,0.018499,0.023529,0.576436,0.576471,0.039741,0.043137,216.734557,1.908651,0.999445,-0.597777,-0.800971,0.283298,0.283747,0.325253,0.325269,0.391449,0.391304,125.258293,125.666667,187.0,191.0,198.0,-80.0,-68.0,-51.0,0.572193,0.643979,0.742424,6210,6210,0,0.0,1.0,0.0,3081,pass,
glucose_03_c0.05_wC02,glucose_03_c0.05,glucose,3,0.05,C02,3,2,crops/glucose/glucose_03_c0.05/glucose_03_c0.05_wC02.png,66.647,102.549949,103.0,10.11165,12.0,117.699283,118.0,10.164896,12.0,141.831798,142.0,10.589986,12.0,0.27815,0.278431,0.023229,0.027451,0.556203,0.556863,0.041529,0.047059,217.04355,2.509712,0.999041,-0.601844,-0.797412,0.282883,0.283333,0.325027,0.325069,0.39209,0.392208,120.693677,121.0,219.0,224.0,228.0,-116.0,-106.0,-86.0,0.47032,0.526786,0.622807,6837,6837,0,0.0,1.0,0.0,3387,pass,
glucose_03_c0.05_wC03,glucose_03_c0.05,glucose,3,0.05,C03,3,3,crops/glucose/glucose_03_c0.05/glucose_03_c0.05_wC03.png,65.3,102.075681,103.0,10.932893,12.0,117.630577,119.0,11.17976,12.0,141.929039,143.0,11.670525,13.0,0.282438,0.278431,0.023496,0.023529,0.556584,0.560784,0.045767,0.05098,216.735831,2.033341,0.99937,-0.59775,-0.800897,0.281849,0.282857,0.325213,0.325333,0.392938,0.391753,120.545099,122.0,212.0,217.0,221.0,-109.0,-98.0,-78.0,0.485849,0.548387,0.647059,6567,6567,0,0.0,1.0,0.0,3256,pass,
glucose_03_c0.05_wC04,glucose_03_c0.05,glucose,3,0.05,C04,3,4,crops/glucose/glucose_03_c0.05/glucose_03_c0.05_wC04.png,67.096,99.106592,100.0,11.65906,13.0,113.360594,114.0,11.878505,13.0,137.812203,138.0,12.218263,14.0,0.282727,0.278431,0.027994,0.027451,0.54044,0.541176,0.047915,0.054902,218.284058,2.362908,0.99915,-0.619034,-0.784282,0.28242,0.283286,0.323519,0.322751,0.394061,0.392954,116.759796,117.666667,216.0,221.0,225.0,-116.0,-107.0,-87.0,0.462963,0.515837,0.613333,6933,6933,0,0.0,1.0,0.0,3450,pass,
glucose_03_c0.05_wC05,glucose_03_c0.05,glucose,3,0.05,C05,3,5,crops/glucose/glucose_03_c0.05/glucose_03_c0.05_wC05.png,70.237,96.024753,96.0,13.121127,16.0,109.705464,110.0,13.431925,17.0,133.746939,134.0,13.243452,15.0,0.28476,0.282353,0.032049,0.039216,0.524498,0.52549,0.051935,0.058824,218.531295,2.763253,0.998838,-0.622218,-0.781359,0.282175,0.282967,0.322947,0.322222,0.394879,0.393768,113.159052,113.0,218.0,223.0,227.0,-122.0,-113.0,-93.0,0.440367,0.493274,0.590308,7595,7595,0,0.0,1.0,0.0,3769,pass,
glucose_03_c0.05_wC06,glucose_03_c0.05,glucose,3,0.05,C06,3,6,crops/glucose/glucose_03_c0.05/glucose_03_c0.05_wC06.png,69.564,92.838588,93.0,12.372505,14.0,106.62713,107.0,12.484101,14.0,129.802764,130.0,12.679835,14.0,0.287223,0.282353,0.035371,0.039216,0.50903,0.509804,0.049725,0.054902,217.70825,2.69743,0.998892,-0.610964,-0.790259,0.281266,0.281977,0.323681,0.323529,0.395053,0.39403,109.756161,110.333333,222.0,227.0,231.0,-129.0,-120.0,-101.0,0.418919,0.471366,0.562771,7453,7453,0,0.0,1.0,0.0,3690,pass,
glucose_03_c0.05_wC07,glucose_03_c0.05,glucose,3,0.05,C07,3,7,crops/glucose/glucose_03_c0.05/glucose_03_c0.05_wC07.png,65.3,90.754797,92.0,12.353677,15.0,104.680627,106.0,12.178458,15.0,127.729211,129.0,12.010026,15.0,0.292295,0.290196,0.038675,0.047059,0.500899,0.505882,0.047098,0.058824,217.544744,2.623205,0.998952,-0.608742,-0.792047,0.28001,0.280597,0.323774,0.323699,0.396216,0.39548,107.721545,109.0,182.0,186.0,190.5,-90.0,-80.0,-61.5,0.505495,0.569892,0.677165,6566,6566,0,0.0,1.0,0.0,3260,pass,
glucose_03_c0.05_wC08,glucose_03_c0.05,glucose,3,0.05,C08,3,8,crops/glucose/glucose_03_c0.05/glucose_03_c0.05_wC08.png,67.544,87.305425,91.0,19.173236,20.0,100.419052,104.0,19.791652,20.0,123.347857,126.0,19.699252,20.0,0.302243,0.282353,0.074822,0.05098,0.483717,0.494118,0.077252,0.078431,218.36822,3.227632,0.998415,-0.619729,-0.782795,0.277603,0.281977,0.321729,0.322884,0.400667,0.394265,103.690778,107.0,213.0,217.0,222.0,-122.0,-113.0,-96.0,0.42723,0.479263,0.567568,7023,7023,0,0.0,1.0,0.0,3472,pass,
glucose_03_c0.05_wC09,glucose_03_c0.05,glucose,3,0.05,C09,3,9,crops/glucose/glucose_03_c0.05/glucose_03_c0.05_wC09.png,65.749,97.994141,98.0,7.812411,10.0,112.709285,112.0,7.603932,9.0,136.23122,136.0,9.123248,11.0,0.281097,0.282353,0.015958,0.019608,0.53424,0.533333,0.035777,0.043137,217.007058,3.007731,0.998623,-0.601085,-0.797462,0.282274,0.282421,0.324947,0.325153,0.392778,0.392962,115.644882,115.666667,208.0,213.0,217.0,-110.0,-101.0,-81.0,0.471154,0.525822,0.626728,6656,6656,0,0.0,1.0,0.0,3292,pass,
glucose_03_c0.05_wC10,glucose_03_c0.05,glucose,3,0.05,C10,3,10,crops/glucose/glucose_03_c0.05/glucose_03_c0.05_wC10.png,64.852,99.670319,101.0,10.233889,12.0,114.269795,115.0,10.25041,13.0,137.796111,138.0,11.088453,14.0,0.277986,0.278431,0.023154,0.027451,0.540377,0.541176,0.043484,0.054902,216.911824,2.421564,0.999107,-0.600049,-0.798847,0.283008,0.283333,0.324866,0.325228,0.392126,0.392045,117.245408,118.0,178.0,183.0,187.0,-77.0,-68.0,-49.0,0.567416,0.628415,0.737968,6479,6479,0,0.0,1.0,0.0,3220,pass,
glucose_03_c0.05_wC11,glucose_03_c0.05,glucose,3,0.05,C11,3,11,crops/glucose/glucose_03_c0.05/glucose_03_c0.05_wC11.png,65.525,102.446599,103.0,7.925951,9.0,117.984245,119.0,8.083007,10.0,140.966672,142.0,9.177562,12.0,0.273874,0.27451,0.016589,0.015686,0.55281,0.556863,0.03599,0.047059,215.732386,2.260684,0.999222,-0.583546,-0.811122,0.283314,0.283379,0.326491,0.32622,0.390195,0.39039,120.465839,121.0,177.0,184.0,188.0,-74.0,-65.0,-46.0,0.581921,0.646739,0.755319,6601,6601,0,0.0,1.0,0.0,3280,pass,
glucose_03_c0.05_wC12,glucose_03_c0.05,glucose,3,0.05,C12,3,12,crops/glucose/glucose_03_c0.05/glucose_03_c0.05_wC12.png,71.359,118.490354,120.0,8.196295,10.0,134.538265,136.0,8.443193,9.0,160.026575,162.0,10.139266,10.0,0.259779,0.258824,0.014212,0.019608,0.627555,0.635294,0.039762,0.039216,216.988664,2.418366,0.99911,-0.601121,-0.798043,0.28678,0.286822,0.325762,0.325641,0.387458,0.387528,137.685065,139.333333,217.0,222.0,224.0,-97.0,-86.0,-62.0,0.552995,0.612613,0.723214,7827,7827,0,0.0,1.0,0.0,3895,pass,
glucose_03_c0.05_wD01,glucose_03_c0.05,glucose,3,0.05,D01,4,1,crops/glucose/glucose_03_c0.05/glucose_03_c0.05_wD01.png,69.564,103.935311,104.0,8.69874,10.0,119.46477,120.0,8.924725,9.0,143.295799,144.0,9.443388,11.0,0.275542,0.27451,0.018126,0.023529,0.561944,0.564706,0.037033,0.043137,216.407332,2.444992,0.99909,-0.592982,-0.804085,0.283222,0.283465,0.325763,0.325648,0.391016,0.391061,122.23196,123.0,215.0,220.0,224.0,-111.0,-100.0,-80.0,0.483721,0.545455,0.642857,7451,7451,0,0.0,1.0,0.0,3688,pass,
glucose_03_c0.05_wD02,glucose_03_c0.05,glucose,3,0.05,D02,4,2,crops/glucose/glucose_03_c0.05/glucose_03_c0.05_wD02.png,63.281,99.518416,100.0,9.891351,13.0,114.092487,115.0,10.392049,14.0,139.313484,140.0,10.401079,13.0,0.28705,0.282353,0.021804,0.023529,0.546327,0.54902,0.040789,0.05098,218.445014,2.295326,0.999198,-0.621265,-0.782577,0.281648,0.282421,0.323151,0.322418,0.395201,0.394299,117.641462,118.333333,152.0,156.5,165.0,-52.0,-41.5,-25.0,0.657895,0.734824,0.848485,6163,6163,0,0.0,1.0,0.0,3062,pass,
glucose_03_c0.05_wD03,glucose_03_c0.05,glucose,3,0.05,D03,4,3,crops/glucose/glucose_03_c0.05/glucose_03_c0.05_wD03.png,69.788,98.872567,100.0,9.87315,12.0,113.691016,114.0,10.11944,12.0,138.670488,139.0,10.363041,13.0,0.288307,0.286275,0.022381,0.023529,0.543806,0.545098,0.040639,0.05098,217.882371,2.420817,0.999108,-0.613495,-0.788569,0.281148,0.281977,0.32361,0.324074,0.395242,0.394578,117.078024,117.666667,219.0,224.0,228.5,-119.0,-110.0,-89.5,0.456621,0.508929,0.608315,7502,7502,0,0.0,1.0,0.0,3724,pass,
glucose_03_c0.05_wD04,glucose_03_c0.05,glucose,3,0.05,D04,4,4,crops/glucose/glucose_03_c0.05/glucose_03_c0.05_wD04.png,64.852,99.629773,101.0,9.307331,12.0,114.218736,115.0,9.520775,12.0,137.980832,139.0,10.076379,13.0,0.27897,0.27451,0.020496,0.023529,0.541101,0.545098,0.039515,0.05098,217.305218,2.487481,0.999058,-0.60549,-0.794669,0.282888,0.283626,0.324602,0.325373,0.392509,0.391931,117.276447,118.666667,188.0,192.5,198.0,-87.0,-77.5,-59.0,0.537234,0.597403,0.70202,6469,6469,0,0.0,1.0,0.0,3204,pass,
glucose_03_c0.05_wD05,glucose_03_c0.05,glucose,3,0.05,D05,4,5,crops/glucose/glucose_03_c0.05/glucose_03_c0.05_wD05.png,61.261,97.898249,99.0,10.232547,11.0,112.210435,113.0,10.50228,11.0,135.034668,136.0,10.469587,11.0,0.276655,0.270588,0.025748,0.027451,0.529548,0.533333,0.041057,0.043137,216.706888,2.457009,0.999081,-0.597172,-0.800967,0.283246,0.284058,0.324998,0.325714,0.391755,0.390123,115.047784,116.0,39.0,44.0,57.0,60.0,69.0,79.0,2.538462,2.568182,2.385965,5769,5769,0,0.0,1.0,0.0,2862,pass,
glucose_03_c0.05_wD06,glucose_03_c0.05,glucose,3,0.05,D06,4,6,crops/glucose/glucose_03_c0.05/glucose_03_c0.05_wD06.png,71.135,94.541099,95.0,10.00476,11.0,107.943231,108.0,10.235946,11.0,130.375289,131.0,10.475023,11.0,0.276348,0.27451,0.025466,0.031373,0.511276,0.513725,0.041079,0.043137,217.461133,3.123756,0.998515,-0.60732,-0.792587,0.283655,0.283951,0.324207,0.323699,0.392138,0.391753,110.953207,111.333333,219.0,223.0,228.0,-124.0,-115.0,-97.0,0.43379,0.484305,0.574561,7786,7786,0,0.0,1.0,0.0,3866,pass,
glucose_03_c0.05_wD07,glucose_03_c0.05,glucose,3,0.05,D07,4,7,crops/glucose/glucose_03_c0.05/glucose_03_c0.05_wD07.png,70.91,93.134901,93.0,11.186996,13.0,106.735625,107.0,11.179867,12.0,129.678253,130.0,11.642768,12.0,0.283811,0.282353,0.027715,0.031373,0.508542,0.509804,0.045658,0.047059,217.554396,2.911814,0.998709,-0.608728,-0.791752,0.282088,0.282895,0.323832,0.323333,0.39408,0.393082,109.849593,110.0,220.0,225.0,229.0,-127.0,-118.0,-99.0,0.422727,0.475556,0.567686,7739,7739,0,0.0,1.0,0.0,3838,pass,
glucose_03_c0.05_wD08,glucose_03_c0.05,glucose,3,0.05,D08,4,8,crops/glucose/glucose_03_c0.05/glucose_03_c0.05_wD08.png,70.91,96.257593,96.0,7.473616,10.0,110.644177,110.0,7.244412,9.0,133.580587,134.0,8.830458,11.0,0.279757,0.282353,0.018353,0.019608,0.523845,0.52549,0.034629,0.043137,216.905628,3.267209,0.998375,-0.599523,-0.798327,0.282547,0.282051,0.325043,0.325077,0.39241,0.392954,113.494119,113.0,219.0,224.0,228.0,-123.0,-114.0,-94.0,0.438356,0.491071,0.587719,7737,7737,0,0.0,1.0,0.0,3833,pass,
glucose_03_c0.05_wD09,glucose_03_c0.05,glucose,3,0.05,D09,4,9,crops/glucose/glucose_03_c0.05/glucose_03_c0.05_wD09.png,70.237,96.574835,96.0,12.545564,10.0,110.796047,111.0,12.980761,9.0,133.902635,134.0,13.736639,11.0,0.281956,0.278431,0.041009,0.027451,0.525108,0.52549,0.053869,0.043137,217.274937,3.250239,0.998392,-0.604667,-0.794459,0.282047,0.282486,0.324333,0.325153,0.393621,0.39233,113.757839,114.0,220.0,225.0,229.0,-124.0,-114.0,-95.0,0.436364,0.493333,0.585153,7590,7590,0,0.0,1.0,0.0,3770,pass,
glucose_03_c0.05_wD10,glucose_03_c0.05,glucose,3,0.05,D10,4,10,crops/glucose/glucose_03_c0.05/glucose_03_c0.05_wD10.png,71.359,103.983016,105.0,8.297085,7.0,119.583067,120.0,8.447119,8.0,144.297408,145.0,9.399302,9.0,0.280099,0.282353,0.016841,0.015686,0.565872,0.568627,0.03686,0.035294,216.894355,2.110599,0.999322,-0.599934,-0.799201,0.28247,0.282667,0.32508,0.325069,0.39245,0.392954,122.621164,123.333333,217.0,222.0,226.0,-112.0,-102.0,-81.0,0.483871,0.540541,0.641593,7831,7831,0,0.0,1.0,0.0,3887,pass,
glucose_03_c0.05_wD11,glucose_03_c0.05,glucose,3,0.05,D11,4,11,crops/glucose/glucose_03_c0.05/glucose_03_c0.05_wD11.png,65.076,103.332566,103.0,7.058485,9.0,118.163215,118.0,7.376538,10.0,142.249885,142.0,7.948136,10.0,0.274014,0.27451,0.014582,0.019608,0.557843,0.556863,0.031169,0.039216,217.224698,2.165636,0.999286,-0.60451,-0.795701,0.283958,0.283784,0.32483,0.325444,0.391212,0.391076,121.248556,121.0,169.0,175.0,180.0,-66.0,-57.0,-38.0,0.609467,0.674286,0.788889,6519,6519,0,0.0,1.0,0.0,3231,pass,
glucose_03_c0.05_wD12,glucose_03_c0.05,glucose,3,0.05,D12,4,12,crops/glucose/glucose_03_c0.05/glucose_03_c0.05_wD12.png,60.812,124.023872,124.0,8.153378,7.0,139.721608,140.0,8.165422,6.0,166.435668,167.0,9.392021,9.0,0.255355,0.254902,0.014733,0.015686,0.652689,0.654902,0.036831,0.035294,217.900136,2.037035,0.999368,-0.613899,-0.788584,0.288167,0.288248,0.32482,0.325581,0.387013,0.386463,143.393716,144.0,54.0,59.0,68.0,70.0,81.0,99.0,2.296296,2.372881,2.455882,5697,5697,0,0.0,1.0,0.0,2826,pass,
glucose_03_c0.05_wE01,glucose_03_c0.05,glucose,3,0.05,E01,5,1,crops/glucose/glucose_03_c0.05/glucose_03_c0.05_wE01.png,63.505,105.860709,106.0,6.895032,8.0,121.363285,122.0,7.042823,8.0,145.156361,145.0,8.153669,11.0,0.270969,0.27451,0.015992,0.019608,0.569241,0.568627,0.031975,0.043137,216.276045,2.177845,0.999278,-0.591249,-0.805594,0.284183,0.284153,0.325931,0.325641,0.389887,0.390428,124.126785,124.333333,141.0,147.0,152.5,-35.0,-25.0,-7.5,0.751773,0.829932,0.95082,6210,6210,0,0.0,1.0,0.0,3080,pass,
glucose_03_c0.05_wE02,glucose_03_c0.05,glucose,3,0.05,E02,5,2,crops/glucose/glucose_03_c0.05/glucose_03_c0.05_wE02.png,70.462,101.910541,102.0,5.502298,6.0,116.668585,117.0,5.499747,6.0,141.999084,142.0,6.049765,7.0,0.282634,0.282353,0.012587,0.011765,0.556859,0.556863,0.023725,0.027451,218.266086,2.187469,0.999271,-0.618863,-0.784571,0.282538,0.282667,0.323563,0.322581,0.393899,0.394444,120.192737,120.333333,212.0,217.0,221.0,-110.0,-100.0,-79.0,0.481132,0.539171,0.642534,7646,7646,0,0.0,1.0,0.0,3794,pass,
glucose_03_c0.05_wE03,glucose_03_c0.05,glucose,3,0.05,E03,5,3,crops/glucose/glucose_03_c0.05/glucose_03_c0.05_wE03.png,59.242,101.891461,102.0,6.258025,6.0,117.085571,117.0,6.305057,6.0,139.629931,140.0,6.464238,7.0,0.270961,0.270588,0.014748,0.015686,0.547568,0.54902,0.02535,0.027451,215.699299,1.643532,0.999589,-0.583291,-0.811757,0.284003,0.284123,0.326484,0.32626,0.389513,0.389503,119.535655,119.666667,43.0,49.0,60.0,59.0,68.0,80.0,2.372093,2.387755,2.333333,5399,5399,0,0.0,1.0,0.0,2690,pass,
glucose_03_c0.05_wE04,glucose_03_c0.05,glucose,3,0.05,E04,5,4,crops/glucose/glucose_03_c0.05/glucose_03_c0.05_wE04.png,68.442,101.697597,103.0,8.647571,7.0,116.359911,117.0,8.855231,8.0,140.340742,141.0,9.122579,9.0,0.27645,0.27451,0.026481,0.023529,0.550356,0.552941,0.035775,0.035294,217.337841,2.481221,0.999063,-0.605945,-0.794328,0.283433,0.284153,0.32458,0.324742,0.391987,0.391534,119.466083,120.666667,217.0,222.0,226.0,-114.0,-105.0,-85.0,0.474654,0.527027,0.623894,7199,7199,0,0.0,1.0,0.0,3611,pass,
glucose_03_c0.05_wE05,glucose_03_c0.05,glucose,3,0.05,E05,5,5,crops/glucose/glucose_03_c0.05/glucose_03_c0.05_wE05.png,66.198,102.091489,103.0,6.034654,6.0,116.763049,117.0,5.973366,7.0,140.93105,142.0,6.474273,8.0,0.275922,0.27451,0.014604,0.015686,0.552671,0.556863,0.025389,0.031373,217.558956,2.503907,0.999046,-0.608996,-0.79197,0.283637,0.283921,0.324538,0.324324,0.391825,0.392473,119.928529,120.333333,211.0,217.0,220.5,-108.0,-100.0,-78.5,0.488152,0.539171,0.643991,6744,6744,0,0.0,1.0,0.0,3350,pass,
glucose_03_c0.05_wE06,glucose_03_c0.05,glucose,3,0.05,E06,5,6,crops/glucose/glucose_03_c0.05/glucose_03_c0.05_wE06.png,72.032,98.428589,99.0,7.412715,9.0,113.134545,114.0,7.472437,9.0,137.448401,138.0,8.503796,10.0,0.284373,0.282353,0.016291,0.019608,0.539013,0.541176,0.033348,0.039216,217.637529,2.610054,0.998963,-0.610031,-0.791069,0.281854,0.282258,0.324178,0.323529,0.393968,0.394322,116.337179,117.0,215.0,220.0,224.0,-116.0,-106.0,-86.0,0.460465,0.518182,0.616071,7975,7975,0,0.0,1.0,0.0,3957,pass,
glucose_03_c0.05_wE07,glucose_03_c0.05,glucose,3,0.05,E07,5,7,crops/glucose/glucose_03_c0.05/glucose_03_c0.05_wE07.png,70.013,99.067453,99.0,9.075738,11.0,114.131063,114.0,9.147982,11.0,137.373575,137.0,10.445065,14.0,0.279677,0.278431,0.019177,0.015686,0.53872,0.537255,0.040961,0.054902,216.241392,2.34972,0.999159,-0.590692,-0.805855,0.282347,0.282738,0.32559,0.325714,0.392064,0.391931,116.857364,117.0,221.0,227.0,230.0,-122.0,-113.0,-93.0,0.447964,0.502203,0.595652,7546,7546,0,0.0,1.0,0.0,3740,pass,
glucose_03_c0.05_wE08,glucose_03_c0.05,glucose,3,0.05,E08,5,8,crops/glucose/glucose_03_c0.05/glucose_03_c0.05_wE08.png,67.993,83.670222,90.0,26.997492,24.0,95.662083,104.0,29.532298,25.0,116.003368,124.0,30.529488,29.0,0.309397,0.27451,0.137392,0.05098,0.454915,0.486275,0.119723,0.113725,220.17085,9.072096,0.987543,-0.637033,-0.754605,0.27453,0.283626,0.315157,0.325301,0.410314,0.391144,98.445224,106.0,221.0,226.0,229.0,-131.0,-122.0,-105.0,0.40724,0.460177,0.541485,7126,7126,0,0.0,1.0,0.023856,3525,pass,
glucose_03_c0.05_wE09,glucose_03_c0.05,glucose,3,0.05,E09,5,9,crops/glucose/glucose_03_c0.05/glucose_03_c0.05_wE09.png,65.3,98.691616,99.0,6.917073,9.0,113.178201,113.0,6.886456,10.0,137.578811,138.0,7.792793,11.0,0.283103,0.282353,0.014906,0.015686,0.539525,0.541176,0.03056,0.043137,217.847049,2.573871,0.998991,-0.612937,-0.788855,0.28227,0.282486,0.323895,0.322663,0.393835,0.393651,116.482876,117.0,196.0,200.0,204.0,-97.0,-87.0,-66.0,0.505102,0.565,0.676471,6560,6560,0,0.0,1.0,0.0,3245,pass,
glucose_03_c0.05_wE10,glucose_03_c0.05,glucose,3,0.05,E10,5,10,crops/glucose/glucose_03_c0.05/glucose_03_c0.05_wE10.png,61.71,102.521917,103.0,6.185116,7.0,116.713116,117.0,6.112308,6.0,142.464779,143.0,6.906239,8.0,0.280638,0.278431,0.011651,0.011765,0.558685,0.560784,0.027083,0.031373,219.286436,1.570576,0.999624,-0.63296,-0.773699,0.283331,0.283747,0.322691,0.322314,0.393978,0.393939,120.566604,121.0,45.0,50.0,60.0,58.0,67.0,83.0,2.288889,2.34,2.383333,5863,5863,0,0.0,1.0,0.0,2913,pass,
glucose_03_c0.05_wE11,glucose_03_c0.05,glucose,3,0.05,E11,5,11,crops/glucose/glucose_03_c0.05/glucose_03_c0.05_wE11.png,71.135,105.751187,107.0,9.878802,10.0,121.779161,123.0,9.896597,10.0,145.677274,147.0,10.625463,11.0,0.275713,0.27451,0.027571,0.019608,0.571283,0.576471,0.041668,0.043137,215.851623,1.732269,0.999543,-0.585421,-0.810166,0.282886,0.283784,0.32629,0.325758,0.390824,0.390181,124.402541,126.0,219.0,224.0,227.0,-112.0,-101.0,-80.0,0.488584,0.549107,0.647577,7793,7793,0,0.0,1.0,0.0,3865,pass,
glucose_03_c0.05_wE12,glucose_03_c0.05,glucose,3,0.05,E12,5,12,crops/glucose/glucose_03_c0.05/glucose_03_c0.05_wE12.png,65.974,119.695672,120.0,5.029888,6.0,135.480448,136.0,5.057054,6.0,161.225224,162.0,6.116934,7.0,0.257774,0.258824,0.009928,0.011765,0.632256,0.635294,0.023988,0.027451,217.520447,2.034912,0.99937,-0.608661,-0.792636,0.287414,0.287411,0.325381,0.325472,0.387205,0.387173,138.800448,139.666667,215.0,220.0,223.0,-95.0,-84.0,-61.0,0.55814,0.618182,0.726457,6700,6700,0,0.0,1.0,0.0,3319,pass,
glucose_03_c0.05_wF01,glucose_03_c0.05,glucose,3,0.05,F01,6,1,crops/glucose/glucose_03_c0.05/glucose_03_c0.05_wF01.png,63.505,104.66672,105.0,5.652898,7.0,120.846724,121.0,5.841519,6.0,146.014651,146.0,6.44726,7.0,0.283479,0.282353,0.0105,0.011765,0.572606,0.572549,0.025283,0.027451,216.65288,1.499202,0.999658,-0.596761,-0.801992,0.28164,0.281796,0.325267,0.325,0.393093,0.39314,123.842698,124.0,191.0,196.0,203.0,-86.0,-75.0,-57.0,0.549738,0.617347,0.719212,6211,6211,0,0.0,1.0,0.0,3079,pass,
glucose_03_c0.05_wF02,glucose_03_c0.05,glucose,3,0.05,F02,6,2,crops/glucose/glucose_03_c0.05/glucose_03_c0.05_wF02.png,69.788,99.097688,99.0,6.201003,8.0,114.269143,114.0,6.035353,7.0,137.602299,138.0,6.91985,8.0,0.2802,0.278431,0.015603,0.019608,0.539617,0.541176,0.027137,0.031373,216.365089,2.720139,0.998874,-0.592261,-0.804348,0.282225,0.282486,0.325614,0.325714,0.392161,0.392473,116.98971,117.0,212.0,216.0,220.0,-113.0,-102.0,-82.0,0.466981,0.527778,0.627273,7483,7483,0,0.0,1.0,0.0,3709,pass,
glucose_03_c0.05_wF03,glucose_03_c0.05,glucose,3,0.05,F03,6,3,crops/glucose/glucose_03_c0.05/glucose_03_c0.05_wF03.png,66.422,100.781834,101.0,5.776834,7.0,115.165023,116.0,6.049577,8.0,138.941557,139.0,6.397521,8.0,0.275027,0.27451,0.017824,0.023529,0.544869,0.545098,0.025088,0.031373,217.201044,2.012991,0.999383,-0.604241,-0.796027,0.283905,0.283465,0.324481,0.325,0.391614,0.391534,118.296138,119.0,204.0,209.0,213.0,-103.0,-93.0,-74.0,0.495098,0.555024,0.652582,6793,6793,0,0.0,1.0,0.0,3377,pass,
glucose_03_c0.05_wF04,glucose_03_c0.05,glucose,3,0.05,F04,6,4,crops/glucose/glucose_03_c0.05/glucose_03_c0.05_wF04.png,70.013,100.522471,101.0,5.875503,7.0,115.655177,116.0,5.800133,8.0,139.670555,140.0,6.779753,9.0,0.280636,0.282353,0.014046,0.015686,0.547728,0.54902,0.026587,0.035294,216.822094,2.710714,0.998881,-0.598662,-0.799605,0.282384,0.282667,0.325041,0.325137,0.392575,0.392954,118.616068,119.0,216.0,221.0,225.0,-115.0,-105.0,-85.0,0.467593,0.524887,0.622222,7543,7543,0,0.0,1.0,0.0,3741,pass,
glucose_03_c0.05_wF05,glucose_03_c0.05,glucose,3,0.05,F05,6,5,crops/glucose/glucose_03_c0.05/glucose_03_c0.05_wF05.png,61.486,102.416767,103.0,5.537474,7.0,117.47844,118.0,5.703921,7.0,141.437382,142.0,6.732813,9.0,0.276175,0.278431,0.011493,0.011765,0.554656,0.556863,0.026403,0.035294,216.791774,2.202201,0.999262,-0.598466,-0.800226,0.28338,0.283286,0.325142,0.325397,0.391478,0.391931,120.444196,120.666667,33.0,39.0,51.0,70.0,79.0,91.0,3.121212,3.025641,2.784314,5821,5821,0,0.0,1.0,0.0,2895,pass,
glucose_03_c0.05_wF06,glucose_03_c0.05,glucose,3,0.05,F06,6,6,crops/glucose/glucose_03_c0.05/glucose_03_c0.05_wF06.png,61.486,101.622356,102.0,7.153695,9.0,117.097334,118.0,7.254268,8.0,142.801548,143.0,7.732823,9.0,0.288992,0.286275,0.013777,0.019608,0.560006,0.560784,0.030325,0.035294,217.729692,1.647734,0.999587,-0.611684,-0.79058,0.280935,0.281081,0.323884,0.324397,0.395181,0.394595,120.507079,121.0,40.0,46.0,57.0,62.0,72.0,86.0,2.55,2.565217,2.508772,5815,5815,0,0.0,1.0,0.0,2872,pass,
glucose_03_c0.05_wF07,glucose_03_c0.05,glucose,3,0.05,F07,6,7,crops/glucose/glucose_03_c0.05/glucose_03_c0.05_wF07.png,62.159,100.384564,101.0,5.735811,7.0,114.793677,115.0,5.602731,8.0,139.951909,140.0,6.027071,8.0,0.283012,0.282353,0.013278,0.015686,0.548831,0.54902,0.023636,0.031373,218.637043,2.035576,0.999369,-0.623991,-0.780624,0.282551,0.282913,0.323245,0.322404,0.394204,0.394444,118.376717,119.0,39.0,43.0,53.0,62.0,72.0,87.0,2.589744,2.674419,2.641509,5947,5947,0,0.0,1.0,0.0,2944,pass,
glucose_03_c0.05_wF08,glucose_03_c0.05,glucose,3,0.05,F08,6,8,crops/glucose/glucose_03_c0.05/glucose_03_c0.05_wF08.png,70.462,95.168388,97.0,12.684291,10.0,108.686103,110.0,12.85194,10.0,131.829128,133.0,13.461554,11.0,0.281551,0.27451,0.040351,0.019608,0.516977,0.521569,0.05279,0.043137,217.892069,3.070031,0.998566,-0.613295,-0.788037,0.282538,0.283784,0.323564,0.322835,0.393898,0.392208,111.89454,113.333333,217.0,222.0,226.0,-120.0,-112.0,-93.0,0.447005,0.495495,0.588496,7649,7649,0,0.0,1.0,0.0,3786,pass,
glucose_03_c0.05_wF09,glucose_03_c0.05,glucose,3,0.05,F09,6,9,crops/glucose/glucose_03_c0.05/glucose_03_c0.05_wF09.png,70.462,89.181913,92.0,18.709494,16.0,103.96558,107.0,19.343437,17.0,125.851721,128.0,20.060173,17.0,0.300813,0.282353,0.069797,0.035294,0.493536,0.501961,0.078667,0.066667,215.784449,3.087135,0.998549,-0.583889,-0.810046,0.276693,0.280864,0.325149,0.326027,0.398158,0.392593,106.333072,109.0,218.0,223.0,226.0,-126.0,-116.0,-98.0,0.422018,0.479821,0.566372,7641,7641,0,0.0,1.0,0.0,3789,pass,
glucose_03_c0.05_wF10,glucose_03_c0.05,glucose,3,0.05,F10,6,10,crops/glucose/glucose_03_c0.05/glucose_03_c0.05_wF10.png,65.974,101.627164,102.0,7.451361,10.0,115.509104,116.0,7.377947,10.0,140.334925,141.0,8.379919,12.0,0.276381,0.27451,0.016011,0.019608,0.550333,0.552941,0.032862,0.047059,218.729871,2.518578,0.999034,-0.625045,-0.779351,0.284131,0.284553,0.323149,0.322165,0.39272,0.39267,119.157065,119.666667,214.0,219.0,223.0,-112.0,-103.0,-82.0,0.476636,0.52968,0.632287,6700,6700,0,0.0,1.0,0.0,3315,pass,
glucose_03_c0.05_wF11,glucose_03_c0.05,glucose,3,0.05,F11,6,11,crops/glucose/glucose_03_c0.05/glucose_03_c0.05_wF11.png,65.076,103.64631,105.0,7.394532,9.0,118.917907,120.0,7.442182,9.0,142.762621,144.0,8.666991,12.0,0.274503,0.27451,0.013087,0.015686,0.559853,0.564706,0.033988,0.047059,216.48051,2.040173,0.999366,-0.594173,-0.80355,0.283574,0.283854,0.325546,0.325581,0.39088,0.391076,121.775613,123.0,215.0,220.0,223.0,-110.0,-100.0,-79.0,0.488372,0.545455,0.64574,6517,6517,0,0.0,1.0,0.0,3232,pass,
glucose_03_c0.05_wF12,glucose_03_c0.05,glucose,3,0.05,F12,6,12,crops/glucose/glucose_03_c0.05/glucose_03_c0.05_wF12.png,70.237,117.715659,118.0,6.180428,7.0,133.379692,134.0,5.995173,6.0,158.86211,160.0,8.680165,10.0,0.2588,0.262745,0.015211,0.019608,0.622989,0.627451,0.03404,0.039216,217.237215,2.937996,0.998686,-0.604321,-0.795091,0.287113,0.286747,0.32545,0.325416,0.387437,0.38806,136.652487,137.333333,218.0,223.0,226.0,-100.0,-89.0,-66.0,0.541284,0.600897,0.707965,7593,7593,0,0.0,1.0,0.0,3770,pass,
glucose_03_c0.05_wG01,glucose_03_c0.05,glucose,3,0.05,G01,7,1,crops/glucose/glucose_03_c0.05/glucose_03_c0.05_wG01.png,68.218,87.557201,88.0,8.775198,11.0,102.622713,103.0,8.826745,11.0,125.892443,126.0,9.626429,12.0,0.305671,0.305882,0.023179,0.027451,0.493696,0.494118,0.037751,0.047059,216.270054,2.446451,0.999089,-0.591053,-0.805503,0.276655,0.276786,0.324676,0.324503,0.398669,0.39881,105.357452,106.0,205.0,211.0,214.0,-117.0,-108.0,-88.0,0.429268,0.488152,0.588785,7159,7159,0,0.0,1.0,0.0,3549,pass,
glucose_03_c0.05_wG02,glucose_03_c0.05,glucose,3,0.05,G02,7,2,crops/glucose/glucose_03_c0.05/glucose_03_c0.05_wG02.png,66.198,96.112559,96.0,5.073956,6.0,110.982968,111.0,5.042783,6.0,134.070498,135.0,5.634352,8.0,0.28335,0.282353,0.015307,0.019608,0.525767,0.529412,0.022095,0.031373,216.493795,2.842017,0.998771,-0.594005,-0.802933,0.281626,0.281609,0.325316,0.325581,0.393058,0.393443,113.722008,114.0,195.0,200.0,204.0,-99.0,-89.0,-69.0,0.492308,0.555,0.661765,6752,6752,0,0.0,1.0,0.0,3340,pass,
glucose_03_c0.05_wG03,glucose_03_c0.05,glucose,3,0.05,G03,7,3,crops/glucose/glucose_03_c0.05/glucose_03_c0.05_wG03.png,70.686,100.184381,101.0,6.310501,8.0,114.461798,115.0,6.220239,9.0,137.869413,138.0,7.171892,10.0,0.273652,0.27451,0.014731,0.019608,0.540664,0.541176,0.028125,0.039216,217.31726,2.755845,0.998844,-0.605527,-0.794371,0.284084,0.284123,0.324727,0.325228,0.391189,0.390935,117.505198,118.0,210.0,216.0,220.0,-109.0,-101.0,-82.0,0.480952,0.532407,0.627273,7696,7696,0,0.0,1.0,0.0,3808,pass,
glucose_03_c0.05_wG04,glucose_03_c0.05,glucose,3,0.05,G04,7,4,crops/glucose/glucose_03_c0.05/glucose_03_c0.05_wG04.png,70.462,103.454331,103.0,5.543676,5.75,118.470165,118.0,5.8079,6.0,143.397016,144.0,6.519789,7.0,0.278712,0.278431,0.011232,0.015686,0.562341,0.564706,0.025568,0.027451,217.739802,2.091359,0.999334,-0.611669,-0.790272,0.283122,0.28314,0.324288,0.324519,0.39259,0.392954,121.773838,122.0,215.0,221.0,225.0,-112.0,-103.0,-81.0,0.47907,0.533937,0.64,7642,7642,0,0.0,1.0,0.0,3792,pass,
glucose_03_c0.05_wG05,glucose_03_c0.05,glucose,3,0.05,G05,7,5,crops/glucose/glucose_03_c0.05/glucose_03_c0.05_wG05.png,67.993,101.362614,102.0,5.711505,7.0,115.947013,117.0,5.799981,8.0,139.620661,140.0,6.254895,8.0,0.274299,0.27451,0.014236,0.015686,0.547532,0.54902,0.024529,0.031373,217.1251,2.445455,0.99909,-0.603008,-0.796594,0.283888,0.284123,0.324839,0.325373,0.391273,0.391429,118.976763,120.0,212.0,217.0,221.0,-110.0,-100.0,-81.0,0.481132,0.539171,0.633484,7115,7115,0,0.0,1.0,0.0,3519,pass,
glucose_03_c0.05_wG06,glucose_03_c0.05,glucose,3,0.05,G06,7,6,crops/glucose/glucose_03_c0.05/glucose_03_c0.05_wG06.png,61.71,99.341176,99.0,5.68059,7.0,113.753623,114.0,5.7174,7.0,138.92873,139.0,5.94284,8.0,0.285246,0.282353,0.012224,0.015686,0.544819,0.545098,0.023305,0.031373,218.78205,1.991273,0.999396,-0.625981,-0.779064,0.282087,0.282486,0.323128,0.322314,0.394784,0.394958,117.341176,117.0,32.0,37.0,49.0,67.0,77.0,90.0,3.09375,3.081081,2.836735,5865,5865,0,0.0,1.0,0.0,2904,pass,
glucose_03_c0.05_wG07,glucose_03_c0.05,glucose,3,0.05,G07,7,7,crops/glucose/glucose_03_c0.05/glucose_03_c0.05_wG07.png,70.013,96.42115,97.0,7.419928,8.0,110.859263,111.0,7.390445,8.0,134.918367,135.0,8.277007,9.0,0.28594,0.282353,0.01654,0.019608,0.529092,0.529412,0.032459,0.035294,217.662553,2.570474,0.998994,-0.610395,-0.790827,0.28158,0.281977,0.323975,0.324159,0.394445,0.39403,114.06626,114.666667,215.0,220.0,224.0,-118.0,-109.0,-89.0,0.451163,0.504545,0.602679,7546,7546,0,0.0,1.0,0.0,3741,pass,
glucose_03_c0.05_wG08,glucose_03_c0.05,glucose,3,0.05,G08,7,8,crops/glucose/glucose_03_c0.05/glucose_03_c0.05_wG08.png,71.135,89.452772,92.0,14.831033,12.0,102.607161,105.0,15.094239,11.0,125.422613,128.0,16.131794,14.0,0.292262,0.282353,0.051082,0.031373,0.491853,0.501961,0.063262,0.054902,218.122417,3.678338,0.997941,-0.616073,-0.785074,0.280144,0.282421,0.322773,0.322222,0.397083,0.394813,105.827515,108.0,213.0,218.0,222.0,-121.0,-113.0,-94.0,0.431925,0.481651,0.576577,7792,7792,0,0.0,1.0,0.000257,3864,pass,
glucose_03_c0.05_wG09,glucose_03_c0.05,glucose,3,0.05,G09,7,9,crops/glucose/glucose_03_c0.05/glucose_03_c0.05_wG09.png,61.934,88.852787,91.0,16.16254,11.0,103.241233,105.0,16.520935,12.0,124.921904,127.0,16.594102,12.0,0.295594,0.282353,0.056556,0.027451,0.48989,0.498039,0.065075,0.047059,215.623602,2.498249,0.99905,-0.581904,-0.812089,0.27832,0.280864,0.325086,0.326633,0.396593,0.392523,105.671975,108.0,43.0,47.0,57.0,48.0,58.0,70.0,2.116279,2.234043,2.22807,5903,5903,0,0.0,1.0,0.0,2921,pass,
glucose_03_c0.05_wG10,glucose_03_c0.05,glucose,3,0.05,G10,7,10,crops/glucose/glucose_03_c0.05/glucose_03_c0.05_wG10.png,67.993,96.089862,97.0,9.673441,9.0,110.899607,111.0,9.82883,10.0,134.446504,135.0,10.497965,11.0,0.28688,0.282353,0.029669,0.019608,0.527241,0.529412,0.041168,0.043137,216.800323,2.432895,0.999099,-0.598488,-0.800006,0.280944,0.281818,0.324722,0.325077,0.394334,0.393651,113.811991,114.333333,217.0,222.0,225.0,-120.0,-111.0,-90.0,0.447005,0.5,0.6,7122,7122,0,0.0,1.0,0.0,3508,pass,
glucose_03_c0.05_wG11,glucose_03_c0.05,glucose,3,0.05,G11,7,11,crops/glucose/glucose_03_c0.05/glucose_03_c0.05_wG11.png,72.032,90.01452,90.0,11.247399,14.0,104.003505,104.0,11.956653,15.0,125.71999,125.0,11.928043,15.0,0.285998,0.282353,0.025901,0.031373,0.49302,0.490196,0.046777,0.058824,216.178917,2.930232,0.998693,-0.589537,-0.806123,0.281049,0.281437,0.32508,0.325513,0.393871,0.392857,106.579338,106.666667,212.0,217.0,221.0,-122.0,-113.0,-96.0,0.424528,0.479263,0.565611,7989,7989,0,0.0,1.0,0.0,3961,pass,
glucose_03_c0.05_wG12,glucose_03_c0.05,glucose,3,0.05,G12,7,12,crops/glucose/glucose_03_c0.05/glucose_03_c0.05_wG12.png,66.422,112.453194,114.0,7.122396,7.0,127.874448,130.0,7.23417,7.0,152.896379,155.0,9.067674,11.0,0.264674,0.266667,0.016635,0.019608,0.599594,0.607843,0.03556,0.043137,217.157746,2.277603,0.99921,-0.603534,-0.796346,0.285894,0.285714,0.325247,0.325459,0.388859,0.389163,131.074674,133.0,213.0,218.0,220.0,-99.0,-88.0,-65.0,0.535211,0.59633,0.704545,6794,6794,0,0.0,1.0,0.0,3363,pass,
glucose_03_c0.05_wH01,glucose_03_c0.05,glucose,3,0.05,H01,8,1,crops/glucose/glucose_03_c0.05/glucose_03_c0.05_wH01.png,66.647,83.651125,84.0,11.621454,14.0,98.168664,99.0,12.057735,15.0,119.958638,120.0,11.985761,16.0,0.305273,0.301961,0.03529,0.039216,0.470426,0.470588,0.047003,0.062745,215.916961,2.608128,0.998964,-0.586005,-0.809029,0.276476,0.277228,0.325091,0.325581,0.398433,0.397661,100.592809,101.0,192.0,197.0,203.0,-108.0,-98.0,-83.0,0.4375,0.502538,0.591133,6842,6842,0,0.0,1.0,0.0,3383,pass,
glucose_03_c0.05_wH02,glucose_03_c0.05,glucose,3,0.05,H02,8,2,crops/glucose/glucose_03_c0.05/glucose_03_c0.05_wH02.png,68.891,83.61391,84.0,8.837117,11.0,98.393072,99.0,9.024311,11.0,122.318593,123.0,8.692174,11.0,0.318039,0.317647,0.02845,0.031373,0.479681,0.482353,0.034087,0.043137,217.251634,2.437911,0.999095,-0.604769,-0.795265,0.274281,0.274691,0.323174,0.323899,0.402546,0.402027,101.441858,102.0,205.0,212.0,214.0,-121.0,-113.0,-91.0,0.409756,0.466981,0.574766,7304,7304,0,0.0,1.0,0.0,3633,pass,
glucose_03_c0.05_wH03,glucose_03_c0.05,glucose,3,0.05,H03,8,3,crops/glucose/glucose_03_c0.05/glucose_03_c0.05_wH03.png,62.832,90.45688,92.0,11.748067,11.0,105.336406,107.0,12.020763,12.0,129.514812,131.0,11.67399,11.0,0.304655,0.298039,0.038642,0.031373,0.507901,0.513725,0.04578,0.043137,217.396574,2.525601,0.999029,-0.606739,-0.793679,0.277172,0.278846,0.32354,0.324232,0.399289,0.397588,108.436032,110.0,39.0,45.0,55.0,53.0,62.0,76.0,2.358974,2.377778,2.381818,6076,6076,0,0.0,1.0,0.0,3005,pass,
glucose_03_c0.05_wH04,glucose_03_c0.05,glucose,3,0.05,H04,8,4,crops/glucose/glucose_03_c0.05/glucose_03_c0.05_wH04.png,72.032,95.873327,99.0,16.678014,12.0,110.432287,114.0,17.489097,12.0,134.355508,137.0,17.300608,12.0,0.29388,0.278431,0.066575,0.031373,0.526884,0.537255,0.067846,0.047059,217.775297,4.577154,0.996814,-0.610615,-0.787901,0.279123,0.282486,0.32262,0.324921,0.398256,0.392473,113.553708,116.666667,204.0,211.0,214.0,-105.0,-97.0,-77.0,0.485294,0.540284,0.640187,7997,7997,0,0.0,1.0,0.0,3966,pass,
glucose_03_c0.05_wH05,glucose_03_c0.05,glucose,3,0.05,H05,8,5,crops/glucose/glucose_03_c0.05/glucose_03_c0.05_wH05.png,62.608,100.148763,100.0,7.364141,6.0,115.552715,116.0,7.587543,7.0,139.817699,140.0,7.958382,7.0,0.284466,0.282353,0.015671,0.011765,0.548305,0.54902,0.031209,0.027451,216.653272,1.943487,0.999425,-0.596628,-0.801801,0.281535,0.281843,0.324999,0.325153,0.393466,0.393443,118.506392,119.0,49.0,55.0,67.0,51.0,61.0,73.0,2.040816,2.109091,2.089552,6023,6023,0,0.0,1.0,0.0,3001,pass,
glucose_03_c0.05_wH06,glucose_03_c0.05,glucose,3,0.05,H06,8,6,crops/glucose/glucose_03_c0.05/glucose_03_c0.05_wH06.png,66.647,95.584906,96.0,5.255001,7.0,110.283458,110.0,5.21068,6.0,134.416118,134.0,5.706732,6.0,0.289175,0.290196,0.015025,0.019608,0.527122,0.52549,0.022379,0.023529,217.519658,2.764108,0.998837,-0.608325,-0.792222,0.280794,0.280864,0.324096,0.322751,0.39511,0.396011,113.42816,113.0,208.0,214.0,218.0,-112.0,-104.0,-84.0,0.461538,0.514019,0.614679,6837,6837,0,0.0,1.0,0.0,3396,pass,
glucose_03_c0.05_wH07,glucose_03_c0.05,glucose,3,0.05,H07,8,7,crops/glucose/glucose_03_c0.05/glucose_03_c0.05_wH07.png,66.871,85.339971,86.0,9.228068,12.0,99.564971,101.0,9.570356,13.0,123.172238,124.0,9.958379,13.0,0.308617,0.305882,0.026184,0.035294,0.483028,0.486275,0.039052,0.05098,217.631268,2.878081,0.998739,-0.609808,-0.790958,0.276596,0.277259,0.323083,0.322464,0.400321,0.399399,102.692393,103.833333,204.0,209.0,213.0,-118.0,-108.0,-89.0,0.421569,0.483254,0.58216,6880,6880,0,0.0,1.0,0.0,3423,pass,
glucose_03_c0.05_wH08,glucose_03_c0.05,glucose,3,0.05,H08,8,8,crops/glucose/glucose_03_c0.05/glucose_03_c0.05_wH08.png,70.013,90.621485,91.0,7.02568,9.0,104.745225,105.0,7.128822,8.0,128.817507,130.0,8.180481,10.0,0.296997,0.298039,0.017548,0.019608,0.505167,0.509804,0.03208,0.039216,218.088492,2.559368,0.999003,-0.616263,-0.786274,0.279371,0.279279,0.323119,0.321799,0.39751,0.398089,108.061406,108.666667,213.0,219.0,222.0,-122.0,-114.0,-92.0,0.42723,0.479452,0.585586,7540,7540,0,0.0,1.0,0.0,3743,pass,
glucose_03_c0.05_wH09,glucose_03_c0.05,glucose,3,0.05,H09,8,9,crops/glucose/glucose_03_c0.05/glucose_03_c0.05_wH09.png,63.954,82.858278,85.0,11.965271,12.0,95.68605,98.0,12.693295,12.0,118.581983,121.0,13.042274,12.0,0.306171,0.298039,0.052361,0.035294,0.465027,0.47451,0.051146,0.047059,218.536257,3.581594,0.998048,-0.621794,-0.780687,0.277341,0.279221,0.320954,0.321212,0.401705,0.398693,99.042104,101.333333,161.5,167.5,175.0,-76.5,-69.5,-54.0,0.526316,0.585075,0.691429,6294,6294,0,0.0,1.0,0.002701,3120,pass,
glucose_03_c0.05_wH10,glucose_03_c0.05,glucose,3,0.05,H10,8,10,crops/glucose/glucose_03_c0.05/glucose_03_c0.05_wH10.png,65.749,89.288912,90.0,12.929354,13.0,102.848407,104.0,13.63254,13.0,126.673377,128.0,13.79771,13.0,0.299186,0.294118,0.043916,0.035294,0.496758,0.501961,0.054109,0.05098,218.48656,3.075727,0.99856,-0.621435,-0.781627,0.278929,0.280586,0.322098,0.321839,0.398973,0.396667,106.270232,107.666667,212.0,217.0,221.0,-122.0,-113.0,-93.0,0.424528,0.479263,0.579186,6656,6656,0,0.0,1.0,0.0,3312,pass,
glucose_03_c0.05_wH11,glucose_03_c0.05,glucose,3,0.05,H11,8,11,crops/glucose/glucose_03_c0.05/glucose_03_c0.05_wH11.png,71.359,88.163437,89.0,13.790533,17.0,100.81999,102.0,14.20279,18.0,121.540158,123.0,15.022185,18.0,0.277678,0.27451,0.031187,0.039216,0.476628,0.482353,0.058911,0.070588,217.032959,2.679794,0.998907,-0.601616,-0.797417,0.283138,0.283765,0.324551,0.324324,0.392312,0.39172,103.507862,104.666667,213.0,218.0,222.0,-124.0,-116.0,-99.0,0.41784,0.46789,0.554054,7844,7844,0,0.0,1.0,0.0,3884,pass,
glucose_03_c0.05_wH12,glucose_03_c0.05,glucose,3,0.05,H12,8,12,crops/glucose/glucose_03_c0.05/glucose_03_c0.05_wH12.png,65.3,108.269014,110.0,10.443629,7.0,121.511812,123.0,10.145605,6.0,146.742112,149.0,10.83724,8.0,0.263752,0.258824,0.02803,0.019608,0.575459,0.584314,0.042499,0.031373,219.639898,2.892524,0.998726,-0.637148,-0.769088,0.287083,0.287634,0.322698,0.322404,0.39022,0.389873,125.507646,127.666667,169.0,175.0,180.0,-59.0,-52.0,-31.0,0.650888,0.702857,0.827778,6561,6561,0,0.0,1.0,0.0,3253,pass,
glucose_04_c0.1_wA01,glucose_04_c0.1,glucose,4,0.1,A01,1,1,crops/glucose/glucose_04_c0.1/glucose_04_c0.1_wA01.png,67.769,107.146352,108.0,7.805609,9.0,124.41134,125.0,7.856123,10.0,148.441318,149.0,8.076799,10.0,0.278878,0.278431,0.017069,0.015686,0.582123,0.584314,0.031674,0.039216,214.753538,1.205584,0.999779,-0.569921,-0.82143,0.281774,0.282051,0.327383,0.327869,0.390844,0.390625,126.666337,127.333333,209.0,214.0,218.0,-101.0,-89.0,-69.0,0.516746,0.584112,0.683486,7072,7072,0,0.0,1.0,0.0,3514,pass,
glucose_04_c0.1_wA02,glucose_04_c0.1,glucose,4,0.1,A02,1,2,crops/glucose/glucose_04_c0.1/glucose_04_c0.1_wA02.png,67.544,108.408819,109.0,7.708958,9.0,125.700284,126.0,7.621668,9.0,149.359033,150.0,9.100324,10.0,0.274645,0.27451,0.015282,0.015686,0.585722,0.588235,0.035688,0.039216,214.561555,2.11387,0.99932,-0.566905,-0.822957,0.282544,0.282828,0.327872,0.327586,0.389584,0.389706,127.822712,128.333333,207.0,213.0,217.0,-98.0,-87.0,-67.0,0.52657,0.591549,0.691244,7030,7030,0,0.0,1.0,0.0,3497,pass,
glucose_04_c0.1_wA03,glucose_04_c0.1,glucose,4,0.1,A03,1,3,crops/glucose/glucose_04_c0.1/glucose_04_c0.1_wA03.png,65.3,111.424829,112.0,6.189249,7.0,128.536938,129.0,6.097935,7.0,153.356131,154.0,6.454473,7.0,0.273806,0.27451,0.012158,0.015686,0.601397,0.603922,0.025312,0.027451,215.335895,1.077328,0.999823,-0.578267,-0.815631,0.283187,0.283208,0.326804,0.32598,0.390008,0.390123,131.105966,131.333333,206.0,211.0,215.0,-94.0,-82.0,-61.0,0.543689,0.611374,0.716279,6565,6565,0,0.0,1.0,0.0,3256,pass,
glucose_04_c0.1_wA04,glucose_04_c0.1,glucose,4,0.1,A04,1,4,crops/glucose/glucose_04_c0.1/glucose_04_c0.1_wA04.png,69.34,110.2197,110.0,6.498301,8.0,127.470612,128.0,6.358963,7.0,151.229293,152.0,7.010077,8.0,0.271513,0.270588,0.014137,0.015686,0.593056,0.596078,0.02749,0.031373,214.771658,2.059927,0.999354,-0.569939,-0.820901,0.283284,0.283208,0.327775,0.328,0.388941,0.389189,129.639868,130.0,209.0,214.0,218.0,-99.0,-86.0,-66.0,0.526316,0.598131,0.697248,7401,7401,0,0.0,1.0,0.0,3673,pass,
glucose_04_c0.1_wA05,glucose_04_c0.1,glucose,4,0.1,A05,1,5,crops/glucose/glucose_04_c0.1/glucose_04_c0.1_wA05.png,70.237,110.068071,112.0,9.290044,8.0,127.742857,129.0,9.328098,8.0,151.95576,154.0,9.875,10.0,0.276876,0.27451,0.025662,0.015686,0.595905,0.603922,0.038725,0.039216,214.516253,2.082027,0.99934,-0.566266,-0.823422,0.282042,0.283208,0.327723,0.327078,0.390235,0.390123,129.92223,132.0,209.0,214.0,217.0,-97.0,-85.0,-63.0,0.535885,0.602804,0.709677,7595,7595,0,0.0,1.0,0.0,3769,pass,
glucose_04_c0.1_wA06,glucose_04_c0.1,glucose,4,0.1,A06,1,6,crops/glucose/glucose_04_c0.1/glucose_04_c0.1_wA06.png,65.3,112.481024,113.0,5.938309,7.0,129.357415,130.0,5.754051,7.0,154.471574,155.0,6.240529,7.0,0.272255,0.270588,0.011919,0.015686,0.605771,0.607843,0.024473,0.027451,216.071256,1.671787,0.999574,-0.58854,-0.807941,0.283722,0.283784,0.326416,0.3257,0.389863,0.389578,132.103338,132.0,199.0,203.0,208.0,-86.0,-73.0,-53.0,0.567839,0.640394,0.745192,6561,6561,0,0.0,1.0,0.0,3250,pass,
glucose_04_c0.1_wA07,glucose_04_c0.1,glucose,4,0.1,A07,1,7,crops/glucose/glucose_04_c0.1/glucose_04_c0.1_wA07.png,66.871,108.299768,110.0,10.996529,8.0,125.00712,127.0,12.018649,8.0,150.373147,153.0,12.898412,9.0,0.281229,0.278431,0.024146,0.019608,0.589699,0.6,0.050582,0.035294,216.378392,2.469418,0.999072,-0.592565,-0.80437,0.281914,0.282443,0.325637,0.325397,0.392449,0.391931,127.893345,129.666667,210.0,215.0,218.0,-100.0,-88.0,-65.0,0.52381,0.590698,0.701835,6882,6882,0,0.0,1.0,0.0,3416,pass,
glucose_04_c0.1_wA08,glucose_04_c0.1,glucose,4,0.1,A08,1,8,crops/glucose/glucose_04_c0.1/glucose_04_c0.1_wA08.png,65.974,121.093148,121.0,6.570457,6.0,138.961487,139.0,6.17315,6.0,164.287356,164.0,6.421571,5.0,0.263393,0.262745,0.01301,0.015686,0.644264,0.643137,0.025183,0.019608,215.076288,1.661844,0.999579,-0.574425,-0.818043,0.285247,0.286052,0.327489,0.326437,0.387264,0.387255,141.44733,141.666667,210.0,216.0,219.0,-89.0,-77.0,-55.0,0.57619,0.643519,0.748858,6699,6699,0,0.0,1.0,0.0,3329,pass,
glucose_04_c0.1_wA09,glucose_04_c0.1,glucose,4,0.1,A09,1,9,crops/glucose/glucose_04_c0.1/glucose_04_c0.1_wA09.png,61.934,99.289612,101.0,10.686122,7.0,115.475852,117.0,11.482647,8.0,139.400102,141.0,11.832477,8.0,0.289473,0.286275,0.022259,0.015686,0.546667,0.552941,0.046402,0.031373,215.731446,1.852435,0.999477,-0.583682,-0.811339,0.279972,0.280556,0.325895,0.325521,0.394133,0.393443,118.055188,120.0,49.0,55.0,66.0,52.0,62.0,75.0,2.061224,2.127273,2.136364,5901,5901,0,0.0,1.0,0.0,2928,pass,
glucose_04_c0.1_wA10,glucose_04_c0.1,glucose,4,0.1,A10,1,10,crops/glucose/glucose_04_c0.1/glucose_04_c0.1_wA10.png,65.076,109.504293,109.0,5.833612,7.0,125.633241,126.0,5.79702,6.0,150.543698,151.0,6.301775,7.0,0.272865,0.27451,0.010799,0.011765,0.590367,0.592157,0.024713,0.027451,216.725694,1.552998,0.999633,-0.597765,-0.801213,0.283834,0.283854,0.325749,0.325333,0.390417,0.390625,128.560411,128.333333,149.5,156.0,162.0,-40.5,-30.0,-11.0,0.729097,0.807692,0.932099,6522,6522,0,0.0,1.0,0.0,3230,pass,
glucose_04_c0.1_wA11,glucose_04_c0.1,glucose,4,0.1,A11,1,11,crops/glucose/glucose_04_c0.1/glucose_04_c0.1_wA11.png,67.096,104.060453,107.0,16.198067,11.0,120.530371,124.0,18.662623,12.0,141.748233,146.0,19.35412,13.0,0.268373,0.266667,0.02982,0.027451,0.555875,0.572549,0.075899,0.05098,214.34921,4.622984,0.99675,-0.562402,-0.822931,0.283609,0.28382,0.328341,0.32967,0.38805,0.386861,122.113019,125.333333,210.0,216.0,220.0,-103.0,-92.0,-74.0,0.509524,0.574074,0.663636,6931,6931,0,0.0,1.0,0.0,3430,pass,
glucose_04_c0.1_wA12,glucose_04_c0.1,glucose,4,0.1,A12,1,12,crops/glucose/glucose_04_c0.1/glucose_04_c0.1_wA12.png,70.91,93.48495,102.0,28.30325,37.0,107.063816,118.0,31.601385,44.0,126.988244,138.0,32.636568,46.0,0.276835,0.266667,0.070839,0.062745,0.497993,0.541176,0.127987,0.180392,216.95969,5.926524,0.994665,-0.598045,-0.794795,0.282509,0.284672,0.324693,0.327366,0.392798,0.387701,109.179004,119.333333,211.0,217.0,221.0,-109.0,-99.0,-83.0,0.483412,0.543779,0.624434,7741,7741,0,0.0,1.0,0.0,3841,pass,
glucose_04_c0.1_wB01,glucose_04_c0.1,glucose,4,0.1,B01,2,1,crops/glucose/glucose_04_c0.1/glucose_04_c0.1_wB01.png,70.462,101.803403,103.0,7.815633,7.0,117.765183,119.0,8.013542,8.0,141.665576,144.0,9.06452,9.0,0.282012,0.282353,0.01804,0.019608,0.555551,0.564706,0.035547,0.035294,215.978114,1.942987,0.999425,-0.587138,-0.808776,0.281643,0.281915,0.326019,0.325333,0.392338,0.392473,120.411387,122.0,210.0,215.0,219.0,-107.0,-96.0,-75.0,0.490476,0.553488,0.657534,7640,7640,0,0.0,1.0,0.0,3785,pass,
glucose_04_c0.1_wB02,glucose_04_c0.1,glucose,4,0.1,B02,2,2,crops/glucose/glucose_04_c0.1/glucose_04_c0.1_wB02.png,61.486,105.923698,105.0,7.01872,8.0,122.558343,122.0,7.062325,9.0,146.405568,146.0,7.234644,9.0,0.277189,0.278431,0.014127,0.019608,0.574139,0.572549,0.028371,0.035294,215.162318,1.390899,0.999705,-0.575725,-0.817283,0.282399,0.282486,0.326907,0.325758,0.390694,0.390625,124.962537,124.0,50.0,57.0,72.0,55.0,65.0,74.0,2.1,2.140351,2.027778,5819,5819,0,0.0,1.0,0.0,2891,pass,
glucose_04_c0.1_wB03,glucose_04_c0.1,glucose,4,0.1,B03,2,3,crops/glucose/glucose_04_c0.1/glucose_04_c0.1_wB03.png,60.812,108.275281,108.0,7.410377,8.0,124.829003,124.0,7.25331,7.0,148.785463,148.0,7.82895,9.0,0.272855,0.27451,0.015315,0.019608,0.583472,0.580392,0.030702,0.035294,215.370318,1.728542,0.999545,-0.578595,-0.815057,0.283367,0.283465,0.326885,0.326667,0.389748,0.390055,127.296582,127.0,41.0,47.0,60.0,67.0,77.0,88.0,2.634146,2.638298,2.466667,5696,5696,0,0.0,1.0,0.0,2833,pass,
glucose_04_c0.1_wB04,glucose_04_c0.1,glucose,4,0.1,B04,2,4,crops/glucose/glucose_04_c0.1/glucose_04_c0.1_wB04.png,70.91,108.348158,108.0,8.165732,10.0,125.107822,124.0,8.214529,9.0,148.63245,148.0,8.454923,9.0,0.271802,0.270588,0.015266,0.019608,0.582872,0.580392,0.033157,0.035294,215.029866,1.371502,0.999714,-0.573839,-0.818618,0.283383,0.283465,0.327419,0.327128,0.389199,0.389313,127.36281,127.0,211.0,216.0,220.0,-103.0,-92.0,-72.0,0.511848,0.574074,0.672727,7735,7735,0,0.0,1.0,0.0,3832,pass,
glucose_04_c0.1_wB05,glucose_04_c0.1,glucose,4,0.1,B05,2,5,crops/glucose/glucose_04_c0.1/glucose_04_c0.1_wB05.png,70.91,106.936862,108.0,6.385265,6.0,123.254616,124.0,6.350408,7.0,145.826598,147.0,7.275294,8.0,0.267111,0.270588,0.013695,0.015686,0.571869,0.576471,0.028531,0.031373,214.723904,2.844518,0.998768,-0.568921,-0.820894,0.284285,0.284238,0.327824,0.32687,0.387891,0.38874,125.339359,126.0,210.0,214.0,218.0,-102.0,-90.0,-71.0,0.514286,0.579439,0.674312,7745,7745,0,0.0,1.0,0.0,3847,pass,
glucose_04_c0.1_wB06,glucose_04_c0.1,glucose,4,0.1,B06,2,6,crops/glucose/glucose_04_c0.1/glucose_04_c0.1_wB06.png,69.788,106.558133,107.0,7.715851,9.0,123.256667,123.0,7.862679,10.0,146.161733,146.0,8.679607,12.0,0.271425,0.27451,0.01761,0.023529,0.573183,0.572549,0.034038,0.047059,214.719794,2.218879,0.99925,-0.569137,-0.821331,0.283275,0.283117,0.327843,0.32732,0.388883,0.389313,125.325511,125.333333,213.0,217.0,221.0,-106.0,-94.0,-75.0,0.502347,0.56682,0.660633,7500,7500,0,0.0,1.0,0.0,3728,pass,
glucose_04_c0.1_wB07,glucose_04_c0.1,glucose,4,0.1,B07,2,7,crops/glucose/glucose_04_c0.1/glucose_04_c0.1_wB07.png,67.544,103.675314,103.5,8.793643,9.0,119.662486,120.0,8.919496,9.0,143.64923,144.0,9.781316,10.0,0.279187,0.278431,0.017721,0.019608,0.56333,0.564706,0.038358,0.039216,216.123832,1.984518,0.9994,-0.589179,-0.80726,0.282279,0.282486,0.326072,0.325521,0.391649,0.391549,122.32901,122.333333,204.0,208.0,212.0,-100.5,-88.0,-68.0,0.507353,0.576923,0.679245,7016,7016,0,0.0,1.0,0.0,3459,pass,
glucose_04_c0.1_wB08,glucose_04_c0.1,glucose,4,0.1,B08,2,8,crops/glucose/glucose_04_c0.1/glucose_04_c0.1_wB08.png,62.383,116.144431,117.0,4.98778,5.0,133.507764,134.0,4.952924,5.0,158.418768,159.0,5.230179,5.0,0.267204,0.266667,0.009404,0.007843,0.62125,0.623529,0.020511,0.019608,215.145856,1.023955,0.99984,-0.575568,-0.817559,0.284555,0.284672,0.327169,0.326241,0.388276,0.388471,136.023654,137.0,54.0,64.0,73.0,63.0,70.0,86.0,2.166667,2.09375,2.178082,5989,5989,0,0.0,1.0,0.0,2969,pass,
glucose_04_c0.1_wB09,glucose_04_c0.1,glucose,4,0.1,B09,2,9,crops/glucose/glucose_04_c0.1/glucose_04_c0.1_wB09.png,72.257,98.466957,99.0,6.622321,7.0,114.637461,115.0,6.3933,7.0,137.442813,139.0,7.947075,10.0,0.283955,0.286275,0.016102,0.015686,0.538991,0.545098,0.031165,0.039216,214.870861,2.310969,0.999187,-0.571264,-0.819776,0.280771,0.280556,0.327102,0.326409,0.392127,0.392954,116.849077,118.0,213.0,219.0,222.0,-114.0,-104.0,-83.0,0.464789,0.525114,0.626126,8035,8035,0,0.0,1.0,0.0,3986,pass,
glucose_04_c0.1_wB10,glucose_04_c0.1,glucose,4,0.1,B10,2,10,crops/glucose/glucose_04_c0.1/glucose_04_c0.1_wB10.png,62.608,101.772494,108.0,21.674227,18.0,117.455344,124.0,23.131391,20.0,139.533554,146.0,23.981856,20.0,0.278254,0.266667,0.050584,0.031373,0.54719,0.572549,0.094046,0.078431,215.293773,3.047092,0.998587,-0.576952,-0.815047,0.281798,0.284553,0.32678,0.327381,0.391422,0.387863,119.587131,126.333333,51.0,58.0,70.0,57.0,66.0,76.0,2.117647,2.137931,2.085714,6035,6035,0,0.0,1.0,0.0,2983,pass,
glucose_04_c0.1_wB11,glucose_04_c0.1,glucose,4,0.1,B11,2,11,crops/glucose/glucose_04_c0.1/glucose_04_c0.1_wB11.png,67.769,105.730911,107.0,11.131178,9.0,122.487698,123.0,11.364593,10.0,145.722002,147.0,11.927699,11.0,0.276092,0.27451,0.025145,0.023529,0.571459,0.576471,0.046775,0.043137,214.895575,1.539476,0.999639,-0.571876,-0.8199,0.282303,0.282667,0.327537,0.327543,0.390161,0.390181,124.64687,125.333333,210.0,216.0,220.0,-103.0,-93.0,-73.0,0.509524,0.569444,0.668182,7072,7072,0,0.0,1.0,0.0,3503,pass,
glucose_04_c0.1_wB12,glucose_04_c0.1,glucose,4,0.1,B12,2,12,crops/glucose/glucose_04_c0.1/glucose_04_c0.1_wB12.png,66.647,104.813587,107.0,13.565975,8.0,121.544193,124.0,14.339084,8.0,144.927684,148.0,15.131878,9.0,0.279369,0.27451,0.030406,0.019608,0.568344,0.580392,0.059341,0.035294,215.102357,2.15763,0.999291,-0.574631,-0.817546,0.281624,0.282667,0.327217,0.327128,0.391159,0.390625,123.761821,127.0,198.0,203.0,208.5,-91.0,-79.0,-60.5,0.540404,0.610837,0.709832,6845,6845,0,0.0,1.0,0.0,3378,pass,
glucose_04_c0.1_wC01,glucose_04_c0.1,glucose,4,0.1,C01,3,1,crops/glucose/glucose_04_c0.1/glucose_04_c0.1_wC01.png,71.359,105.069753,106.0,7.74836,9.0,121.042209,121.0,7.495974,9.0,145.174318,146.0,8.149386,9.0,0.277039,0.278431,0.016952,0.019608,0.569311,0.572549,0.031958,0.035294,215.849365,1.647854,0.999587,-0.585414,-0.810224,0.282794,0.283069,0.32603,0.325521,0.391176,0.391076,123.762093,124.333333,210.0,215.0,218.0,-104.0,-94.0,-72.0,0.504762,0.562791,0.669725,7842,7842,0,0.0,1.0,0.0,3891,pass,
glucose_04_c0.1_wC02,glucose_04_c0.1,glucose,4,0.1,C02,3,2,crops/glucose/glucose_04_c0.1/glucose_04_c0.1_wC02.png,63.954,95.187699,96.0,7.078406,8.0,110.269549,110.0,6.669984,8.0,133.791799,135.0,7.838132,10.0,0.289045,0.290196,0.016761,0.019608,0.524674,0.529412,0.030738,0.039216,216.656636,3.090688,0.998546,-0.59615,-0.801061,0.280387,0.280597,0.325112,0.32493,0.394501,0.394958,113.083015,113.666667,139.0,144.0,152.0,-43.0,-34.0,-17.0,0.690647,0.763889,0.888158,6292,6292,0,0.0,1.0,0.0,3125,pass,
glucose_04_c0.1_wC03,glucose_04_c0.1,glucose,4,0.1,C03,3,3,crops/glucose/glucose_04_c0.1/glucose_04_c0.1_wC03.png,70.91,89.749968,90.0,6.402924,8.0,105.96705,106.0,6.368803,8.0,129.877891,130.0,6.530808,7.0,0.309599,0.309804,0.019132,0.023529,0.509325,0.509804,0.025611,0.027451,215.360348,1.629118,0.999596,-0.578483,-0.815199,0.275445,0.275229,0.325439,0.324405,0.399116,0.4,108.531636,109.0,210.0,215.0,219.0,-120.0,-109.0,-89.0,0.428571,0.493023,0.593607,7739,7739,0,0.0,1.0,0.0,3842,pass,
glucose_04_c0.1_wC04,glucose_04_c0.1,glucose,4,0.1,C04,3,4,crops/glucose/glucose_04_c0.1/glucose_04_c0.1_wC04.png,66.871,96.695122,97.0,6.829746,9.0,112.965738,113.0,6.666978,8.0,135.911005,136.0,7.480059,10.0,0.289145,0.290196,0.017506,0.019608,0.532984,0.533333,0.029334,0.039216,214.876223,2.50984,0.999041,-0.571257,-0.819603,0.279638,0.279661,0.326929,0.325521,0.393434,0.393939,115.190621,115.333333,208.0,213.0,217.0,-111.0,-100.0,-81.0,0.466346,0.530516,0.626728,6888,6888,0,0.0,1.0,0.0,3415,pass,
glucose_04_c0.1_wC05,glucose_04_c0.1,glucose,4,0.1,C05,3,5,crops/glucose/glucose_04_c0.1/glucose_04_c0.1_wC05.png,66.871,95.240622,96.0,7.086418,8.0,110.021954,111.0,7.088336,8.0,132.849811,134.0,7.643746,9.0,0.283813,0.282353,0.018497,0.023529,0.52098,0.52549,0.029975,0.035294,216.380122,2.460788,0.999078,-0.592593,-0.804357,0.281477,0.281734,0.325402,0.325581,0.393121,0.392962,112.704129,114.0,204.0,209.0,213.0,-108.0,-98.0,-79.0,0.470588,0.5311,0.629108,6878,6878,0,0.0,1.0,0.0,3411,pass,
glucose_04_c0.1_wC06,glucose_04_c0.1,glucose,4,0.1,C06,3,6,crops/glucose/glucose_04_c0.1/glucose_04_c0.1_wC06.png,62.383,86.795295,87.0,8.789818,12.0,102.103604,102.0,9.219569,12.0,125.111945,126.0,8.910951,11.0,0.307597,0.309804,0.025216,0.031373,0.490635,0.494118,0.034945,0.043137,215.91315,2.54839,0.999011,-0.585978,-0.809106,0.276039,0.276276,0.325029,0.32459,0.398932,0.399351,104.670281,105.0,40.0,44.0,55.0,47.0,58.0,71.0,2.175,2.318182,2.290909,5994,5994,0,0.0,1.0,0.0,2966,pass,
glucose_04_c0.1_wC07,glucose_04_c0.1,glucose,4,0.1,C07,3,7,crops/glucose/glucose_04_c0.1/glucose_04_c0.1_wC07.png,71.359,84.221457,85.0,9.701749,12.0,99.07603,100.0,10.087149,13.0,121.058936,122.0,9.999329,11.0,0.306045,0.301961,0.032841,0.035294,0.474741,0.478431,0.039213,0.043137,215.719318,3.192833,0.998449,-0.582909,-0.810627,0.276193,0.277397,0.325384,0.325153,0.398423,0.396667,101.452141,102.333333,210.0,215.0,218.0,-125.0,-115.0,-96.0,0.404762,0.465116,0.559633,7839,7839,0,0.0,1.0,0.0,3883,pass,
glucose_04_c0.1_wC08,glucose_04_c0.1,glucose,4,0.1,C08,3,8,crops/glucose/glucose_04_c0.1/glucose_04_c0.1_wC08.png,71.808,92.994708,93.0,10.208239,10.0,108.990171,109.0,10.365287,10.0,132.280998,133.0,10.047288,9.0,0.299135,0.301961,0.033846,0.031373,0.518749,0.521569,0.039401,0.035294,215.62964,2.715006,0.998878,-0.58189,-0.811887,0.277563,0.277778,0.325969,0.325424,0.396469,0.397101,111.421959,112.0,212.0,217.0,220.0,-119.0,-108.0,-87.0,0.438679,0.502304,0.604545,7936,7936,0,0.0,1.0,0.0,3937,pass,
glucose_04_c0.1_wC09,glucose_04_c0.1,glucose,4,0.1,C09,3,9,crops/glucose/glucose_04_c0.1/glucose_04_c0.1_wC09.png,61.71,76.281741,77.0,10.469571,12.0,91.390956,92.0,11.380401,14.0,112.813311,113.0,12.465131,16.0,0.3259,0.321569,0.031996,0.035294,0.442405,0.443137,0.048883,0.062745,215.028445,1.771465,0.999522,-0.573709,-0.818476,0.271358,0.272388,0.325706,0.325758,0.402936,0.40146,93.495336,94.333333,24.0,26.0,36.0,53.0,66.0,77.0,3.208333,3.538462,3.138889,5860,5860,0,0.0,1.0,0.0,2904,pass,
glucose_04_c0.1_wC10,glucose_04_c0.1,glucose,4,0.1,C10,3,10,crops/glucose/glucose_04_c0.1/glucose_04_c0.1_wC10.png,72.257,85.604923,87.0,11.588279,13.0,101.737941,103.0,11.948888,13.0,123.972277,125.0,12.212109,12.0,0.312277,0.309804,0.03557,0.031373,0.486166,0.490196,0.047891,0.047059,214.624358,2.28292,0.999207,-0.567743,-0.822242,0.274156,0.275316,0.326668,0.325806,0.399176,0.398089,103.771714,105.0,212.0,217.0,221.0,-125.0,-114.0,-96.0,0.410377,0.474654,0.565611,8044,8044,0,0.0,1.0,0.0,3986,pass,
glucose_04_c0.1_wC11,glucose_04_c0.1,glucose,4,0.1,C11,3,11,crops/glucose/glucose_04_c0.1/glucose_04_c0.1_wC11.png,71.584,86.692415,87.0,7.585784,9.0,102.014562,102.0,7.899836,9.0,123.33823,124.0,7.8755,9.0,0.298107,0.294118,0.021703,0.027451,0.483679,0.486275,0.030884,0.035294,214.537217,2.116816,0.999318,-0.566555,-0.823196,0.27756,0.278125,0.32685,0.326797,0.39559,0.394822,104.015069,104.333333,212.0,217.0,221.0,-125.0,-115.0,-97.0,0.410377,0.470046,0.561086,7897,7897,0,0.0,1.0,0.0,3914,pass,
glucose_04_c0.1_wC12,glucose_04_c0.1,glucose,4,0.1,C12,3,12,crops/glucose/glucose_04_c0.1/glucose_04_c0.1_wC12.png,62.383,90.111705,91.0,8.26672,9.0,104.795291,106.0,8.753875,9.0,129.011354,130.0,8.630823,9.0,0.302612,0.301961,0.021937,0.023529,0.505927,0.509804,0.033846,0.035294,217.551112,2.810266,0.998798,-0.608736,-0.791857,0.277891,0.278481,0.323397,0.323988,0.398712,0.39823,107.972783,109.0,40.0,44.0,55.0,51.0,62.0,75.0,2.275,2.409091,2.363636,5989,5989,0,0.0,1.0,0.0,2967,pass,
glucose_04_c0.1_wD01,glucose_04_c0.1,glucose,4,0.1,D01,4,1,crops/glucose/glucose_04_c0.1/glucose_04_c0.1_wD01.png,68.891,107.987276,109.0,9.540588,13.0,124.576139,126.0,9.80574,14.0,148.406212,150.0,10.503268,15.0,0.273255,0.270588,0.017122,0.023529,0.581985,0.588235,0.041189,0.058824,215.321104,2.099906,0.999329,-0.57777,-0.815377,0.283221,0.283784,0.326994,0.326816,0.389784,0.389706,126.989875,128.0,210.0,216.0,221.0,-101.0,-90.0,-71.0,0.519048,0.583333,0.678733,7309,7309,0,0.0,1.0,0.0,3629,pass,
glucose_04_c0.1_wD02,glucose_04_c0.1,glucose,4,0.1,D02,4,2,crops/glucose/glucose_04_c0.1/glucose_04_c0.1_wD02.png,64.852,88.231566,88.0,9.889989,11.0,101.74401,102.0,9.957368,12.0,125.697171,126.0,10.113514,12.0,0.299715,0.298039,0.028481,0.039216,0.49293,0.494118,0.039661,0.047059,218.668245,2.761591,0.998839,-0.624085,-0.77987,0.279037,0.279743,0.322199,0.321534,0.398764,0.398058,105.224249,105.0,206.0,212.0,214.0,-118.0,-110.0,-88.0,0.427184,0.481132,0.588785,6469,6469,0,0.0,1.0,0.0,3214,pass,
glucose_04_c0.1_wD03,glucose_04_c0.1,glucose,4,0.1,D03,4,3,crops/glucose/glucose_04_c0.1/glucose_04_c0.1_wD03.png,65.076,79.658376,83.0,16.588789,14.0,93.326424,99.0,20.523159,13.0,113.734838,120.0,22.470354,17.0,0.302342,0.301961,0.038479,0.031373,0.446019,0.470588,0.088119,0.066667,217.141333,8.034965,0.990215,-0.597875,-0.789349,0.278096,0.277228,0.323613,0.326531,0.398291,0.396429,95.573213,100.333333,172.0,178.0,183.0,-89.0,-79.0,-63.0,0.482558,0.55618,0.655738,6513,6513,0,0.0,1.0,0.000154,3237,pass,
glucose_04_c0.1_wD04,glucose_04_c0.1,glucose,4,0.1,D04,4,4,crops/glucose/glucose_04_c0.1/glucose_04_c0.1_wD04.png,62.832,82.856814,82.0,9.833601,13.0,97.678407,97.0,10.003749,13.0,121.418367,121.0,9.834932,13.0,0.319487,0.317647,0.030341,0.043137,0.47615,0.47451,0.038568,0.05098,217.181566,2.922318,0.9987,-0.603557,-0.795689,0.27385,0.273927,0.323362,0.323232,0.402788,0.402685,100.651196,100.0,56.0,61.0,69.0,26.0,36.0,52.0,1.464286,1.590164,1.753623,6076,6076,0,0.0,1.0,0.0,3018,pass,
glucose_04_c0.1_wD05,glucose_04_c0.1,glucose,4,0.1,D05,4,5,crops/glucose/glucose_04_c0.1/glucose_04_c0.1_wD05.png,67.096,84.878569,87.0,11.817205,9.0,100.654312,104.0,13.290797,10.0,120.805596,124.0,12.916373,11.0,0.301036,0.294118,0.039803,0.023529,0.473747,0.486275,0.050652,0.043137,213.652676,4.034834,0.997524,-0.552785,-0.830351,0.276163,0.277603,0.327941,0.330033,0.395896,0.393082,102.112826,105.0,207.0,211.0,215.0,-120.0,-107.0,-91.0,0.42029,0.492891,0.576744,6934,6934,0,0.0,1.0,0.0,3427,pass,
glucose_04_c0.1_wD06,glucose_04_c0.1,glucose,4,0.1,D06,4,6,crops/glucose/glucose_04_c0.1/glucose_04_c0.1_wD06.png,62.159,81.624349,82.0,8.474198,11.0,96.508312,98.0,8.805104,12.0,118.876574,120.0,8.793902,12.0,0.314913,0.309804,0.025382,0.031373,0.466183,0.470588,0.034486,0.047059,215.88488,2.518442,0.999034,-0.585593,-0.809414,0.27441,0.275362,0.324826,0.324759,0.400763,0.4,99.003079,99.666667,34.0,38.0,49.0,48.0,60.0,71.0,2.411765,2.578947,2.44898,5955,5955,0,0.0,1.0,0.0,2944,pass,
glucose_04_c0.1_wD07,glucose_04_c0.1,glucose,4,0.1,D07,4,7,crops/glucose/glucose_04_c0.1/glucose_04_c0.1_wD07.png,65.974,81.197047,82.0,17.562022,12.0,96.157667,97.0,18.722435,12.0,119.067572,121.0,18.941573,12.0,0.325432,0.317647,0.05769,0.035294,0.466932,0.47451,0.074281,0.047059,216.650924,3.39454,0.998247,-0.595891,-0.80088,0.271788,0.273927,0.323579,0.324759,0.404633,0.401869,98.807428,100.0,182.0,187.0,193.0,-100.0,-90.0,-72.0,0.450549,0.518717,0.626943,6704,6704,0,0.0,1.0,0.0,3323,pass,
glucose_04_c0.1_wD08,glucose_04_c0.1,glucose,4,0.1,D08,4,8,crops/glucose/glucose_04_c0.1/glucose_04_c0.1_wD08.png,65.749,88.608074,89.0,8.36201,10.0,104.905407,105.0,8.416792,9.0,127.886429,129.0,8.499722,10.0,0.30837,0.305882,0.023786,0.027451,0.501515,0.505882,0.033332,0.039216,215.10553,2.654531,0.998927,-0.574467,-0.817217,0.275326,0.275758,0.326359,0.325879,0.398315,0.39823,107.133303,108.0,162.0,167.0,172.0,-73.0,-62.0,-43.0,0.549383,0.628743,0.75,6639,6639,0,0.0,1.0,0.0,3311,pass,
glucose_04_c0.1_wD09,glucose_04_c0.1,glucose,4,0.1,D09,4,9,crops/glucose/glucose_04_c0.1/glucose_04_c0.1_wD09.png,67.769,72.969179,76.0,14.528634,15.0,84.180404,87.0,16.012489,16.0,104.853386,108.0,16.181072,17.0,0.310269,0.305882,0.051493,0.047059,0.41119,0.423529,0.063455,0.066667,219.140589,4.281252,0.997212,-0.629466,-0.773437,0.276979,0.278431,0.320222,0.32107,0.402799,0.4,87.334323,90.333333,205.0,210.0,213.0,-129.0,-123.0,-105.0,0.370732,0.414286,0.507042,7073,7073,0,0.0,1.0,0.0,3510,pass,
glucose_04_c0.1_wD10,glucose_04_c0.1,glucose,4,0.1,D10,4,10,crops/glucose/glucose_04_c0.1/glucose_04_c0.1_wD10.png,72.706,83.411953,83.0,8.070718,11.0,98.837678,98.0,8.571649,11.0,120.702779,120.0,8.683443,11.0,0.31002,0.309804,0.023519,0.031373,0.473344,0.470588,0.034053,0.043137,215.12858,2.667807,0.998917,-0.57479,-0.816977,0.275022,0.274914,0.326159,0.32622,0.398819,0.398734,100.984137,100.666667,210.0,216.0,220.0,-127.0,-118.0,-100.0,0.395238,0.453704,0.545455,8132,8132,0,0.0,1.0,0.0,4034,pass,
glucose_04_c0.1_wD11,glucose_04_c0.1,glucose,4,0.1,D11,4,11,crops/glucose/glucose_04_c0.1/glucose_04_c0.1_wD11.png,70.91,84.205453,86.0,8.458127,11.0,99.538312,101.0,8.532066,11.0,121.386096,123.0,9.220241,12.0,0.307488,0.305882,0.024567,0.031373,0.476024,0.482353,0.036158,0.047059,214.894463,2.199295,0.999264,-0.571645,-0.819603,0.275591,0.276276,0.326213,0.326007,0.398196,0.397306,101.709954,103.0,213.0,218.0,221.0,-127.0,-117.0,-98.0,0.403756,0.463303,0.556561,7739,7739,0,0.0,1.0,0.0,3847,pass,
glucose_04_c0.1_wD12,glucose_04_c0.1,glucose,4,0.1,D12,4,12,crops/glucose/glucose_04_c0.1/glucose_04_c0.1_wD12.png,66.871,91.903301,93.0,8.458477,10.0,106.198342,107.0,8.559345,9.0,130.16926,131.0,8.918931,9.0,0.295043,0.294118,0.021507,0.027451,0.510468,0.513725,0.034976,0.035294,217.845529,3.288706,0.998354,-0.612525,-0.788368,0.279667,0.279762,0.32347,0.322581,0.396863,0.397015,109.423634,110.0,197.0,203.0,208.0,-104.0,-96.0,-77.0,0.472081,0.527094,0.629808,6877,6877,0,0.0,1.0,0.0,3405,pass,
glucose_04_c0.1_wE01,glucose_04_c0.1,glucose,4,0.1,E01,5,1,crops/glucose/glucose_04_c0.1/glucose_04_c0.1_wE01.png,67.769,118.943431,120.0,10.259932,8.0,136.650827,137.0,10.017386,8.0,160.155565,161.0,10.024767,9.0,0.258313,0.258824,0.018714,0.015686,0.628061,0.631373,0.039313,0.035294,214.221214,1.531756,0.999643,-0.562189,-0.826577,0.285845,0.286052,0.328677,0.328605,0.385478,0.385488,138.583274,139.0,208.0,213.0,216.0,-88.0,-76.0,-55.0,0.576923,0.643192,0.74537,7071,7071,0,0.0,1.0,0.0,3504,pass,
glucose_04_c0.1_wE02,glucose_04_c0.1,glucose,4,0.1,E02,5,2,crops/glucose/glucose_04_c0.1/glucose_04_c0.1_wE02.png,71.135,98.277571,99.0,8.128051,10.0,114.420208,115.0,8.050327,10.0,137.658878,138.0,9.094422,11.0,0.28682,0.286275,0.017468,0.023529,0.539839,0.541176,0.035664,0.043137,215.305494,2.137481,0.999304,-0.577534,-0.815514,0.280302,0.280347,0.326622,0.326019,0.393075,0.393443,116.785552,117.0,209.0,214.0,219.0,-110.0,-99.0,-81.0,0.473684,0.537383,0.630137,7789,7789,0,0.0,1.0,0.0,3862,pass,
glucose_04_c0.1_wE03,glucose_04_c0.1,glucose,4,0.1,E03,5,3,crops/glucose/glucose_04_c0.1/glucose_04_c0.1_wE03.png,62.383,94.867669,95.0,6.39038,8.0,110.268505,110.0,6.319157,7.0,134.090226,134.0,6.879307,8.0,0.29301,0.294118,0.014527,0.015686,0.525844,0.52549,0.026978,0.031373,216.577266,2.632588,0.998945,-0.595278,-0.802207,0.279499,0.279762,0.325071,0.325137,0.395429,0.39548,113.075466,113.333333,35.0,40.0,53.0,60.0,70.0,81.0,2.714286,2.75,2.528302,5985,5985,0,0.0,1.0,0.0,2978,pass,
glucose_04_c0.1_wE04,glucose_04_c0.1,glucose,4,0.1,E04,5,4,crops/glucose/glucose_04_c0.1/glucose_04_c0.1_wE04.png,72.032,89.499312,90.0,9.096892,10.0,104.40065,105.0,9.129186,9.0,128.294485,129.0,10.083467,11.0,0.303529,0.301961,0.023763,0.023529,0.503116,0.505882,0.039543,0.043137,217.077362,2.842992,0.99877,-0.602151,-0.796841,0.277418,0.277286,0.324024,0.324074,0.398557,0.398734,107.398149,108.333333,208.0,214.0,217.0,-118.0,-109.0,-88.0,0.432692,0.490654,0.59447,7997,7997,0,0.0,1.0,0.0,3966,pass,
glucose_04_c0.1_wE05,glucose_04_c0.1,glucose,4,0.1,E05,5,5,crops/glucose/glucose_04_c0.1/glucose_04_c0.1_wE05.png,67.32,92.432932,92.0,6.274931,7.0,108.108054,108.0,6.017488,8.0,130.560762,131.0,6.811792,8.0,0.29241,0.294118,0.018729,0.027451,0.512003,0.513725,0.026713,0.031373,215.251763,2.878144,0.998739,-0.576443,-0.815594,0.278997,0.278997,0.32655,0.325843,0.394453,0.394822,110.367249,110.333333,203.0,209.0,213.0,-111.0,-101.0,-82.0,0.453202,0.516746,0.615023,6978,6978,0,0.0,1.0,0.0,3464,pass,
glucose_04_c0.1_wE06,glucose_04_c0.1,glucose,4,0.1,E06,5,6,crops/glucose/glucose_04_c0.1/glucose_04_c0.1_wE06.png,72.032,89.632211,90.0,6.830776,8.0,105.258165,106.0,6.786834,8.0,127.859091,129.0,8.658147,11.0,0.2992,0.301961,0.019409,0.027451,0.501408,0.505882,0.033954,0.043137,215.502068,3.115969,0.998522,-0.579874,-0.812892,0.277569,0.277259,0.326232,0.325153,0.396199,0.397476,107.583156,108.333333,207.0,212.0,215.0,-117.0,-106.0,-86.0,0.434783,0.5,0.6,7991,7991,0,0.0,1.0,0.0,3971,pass,
glucose_04_c0.1_wE07,glucose_04_c0.1,glucose,4,0.1,E07,5,7,crops/glucose/glucose_04_c0.1/glucose_04_c0.1_wE07.png,69.115,86.135374,87.0,8.713695,8.0,101.931701,103.0,8.805593,8.0,124.071565,125.0,10.00343,10.0,0.306884,0.309804,0.027613,0.027451,0.486555,0.490196,0.039229,0.039216,214.827187,2.125707,0.999312,-0.57071,-0.820314,0.275549,0.275748,0.326601,0.325733,0.397849,0.398625,104.046213,105.0,205.0,210.0,214.0,-118.0,-107.0,-89.0,0.42439,0.490476,0.584112,7350,7350,0,0.0,1.0,0.0,3649,pass,
glucose_04_c0.1_wE08,glucose_04_c0.1,glucose,4,0.1,E08,5,8,crops/glucose/glucose_04_c0.1/glucose_04_c0.1_wE08.png,71.359,95.987629,101.0,20.954088,15.0,111.030226,117.0,22.895475,16.0,132.330315,138.0,23.758962,17.0,0.283128,0.27451,0.055502,0.031373,0.518942,0.541176,0.093172,0.066667,215.651506,4.072497,0.997477,-0.581383,-0.810527,0.280842,0.283069,0.326041,0.327078,0.393117,0.389222,113.116057,118.333333,207.0,213.0,216.0,-106.0,-96.0,-78.0,0.487923,0.549296,0.638889,7841,7841,0,0.0,1.0,0.0,3884,pass,
glucose_04_c0.1_wE09,glucose_04_c0.1,glucose,4,0.1,E09,5,9,crops/glucose/glucose_04_c0.1/glucose_04_c0.1_wE09.png,62.832,80.279651,80.0,6.533885,8.0,95.246093,95.0,6.501697,8.0,118.404178,118.0,7.107011,9.0,0.322776,0.321569,0.017659,0.023529,0.46433,0.462745,0.027871,0.035294,216.467821,2.481824,0.999062,-0.593814,-0.803437,0.272881,0.273038,0.324051,0.324324,0.403068,0.40273,97.976641,97.666667,19.0,22.0,30.0,61.0,73.0,88.0,4.210526,4.318182,3.933333,6079,6079,0,0.0,1.0,0.0,3010,pass,
glucose_04_c0.1_wE10,glucose_04_c0.1,glucose,4,0.1,E10,5,10,crops/glucose/glucose_04_c0.1/glucose_04_c0.1_wE10.png,68.442,88.778871,89.0,10.756472,9.0,104.22404,105.0,11.735119,9.0,125.735616,126.0,11.600774,10.0,0.296586,0.298039,0.038394,0.031373,0.493081,0.494118,0.045493,0.039216,215.248739,3.163305,0.998477,-0.576248,-0.815411,0.277822,0.277946,0.326467,0.326347,0.395711,0.395137,106.246176,106.333333,205.0,211.0,214.0,-116.0,-106.0,-88.0,0.434146,0.49763,0.588785,7213,7213,0,0.0,1.0,0.0,3580,pass,
glucose_04_c0.1_wE11,glucose_04_c0.1,glucose,4,0.1,E11,5,11,crops/glucose/glucose_04_c0.1/glucose_04_c0.1_wE11.png,64.178,84.649992,87.0,9.984805,8.0,100.121351,103.0,10.762017,8.0,121.804639,125.0,11.142047,8.0,0.307035,0.305882,0.027334,0.027451,0.477665,0.490196,0.043694,0.031373,215.210707,1.931632,0.999432,-0.576257,-0.816573,0.275619,0.275862,0.326399,0.326019,0.397982,0.398089,102.191994,104.333333,62.0,66.0,75.0,25.0,37.0,50.0,1.403226,1.560606,1.666667,6337,6337,0,0.0,1.0,0.0,3143,pass,
glucose_04_c0.1_wE12,glucose_04_c0.1,glucose,4,0.1,E12,5,12,crops/glucose/glucose_04_c0.1/glucose_04_c0.1_wE12.png,72.706,90.014126,90.0,7.307295,9.0,105.145314,105.0,7.138264,9.0,129.256357,129.0,7.743429,10.0,0.304423,0.301961,0.019478,0.023529,0.506888,0.505882,0.030366,0.039216,217.041668,2.725654,0.998869,-0.601714,-0.797295,0.277212,0.277457,0.324119,0.323988,0.398669,0.398734,108.138599,108.0,214.0,218.0,223.0,-124.0,-113.0,-94.0,0.420561,0.481651,0.578475,8141,8141,0,0.0,1.0,0.0,4044,pass,
glucose_04_c0.1_wF01,glucose_04_c0.1,glucose,4,0.1,F01,6,1,crops/glucose/glucose_04_c0.1/glucose_04_c0.1_wF01.png,61.037,117.232822,118.0,6.116304,7.0,136.043774,136.0,6.279337,7.0,159.68835,160.0,6.710596,8.0,0.26617,0.266667,0.012798,0.015686,0.626229,0.627451,0.026316,0.031373,213.605633,1.031387,0.999838,-0.553384,-0.832732,0.283806,0.283951,0.329429,0.329412,0.386765,0.386792,137.654982,138.0,51.0,59.0,72.0,67.0,77.0,88.0,2.313725,2.305085,2.222222,5734,5734,0,0.0,1.0,0.0,2838,pass,
glucose_04_c0.1_wF02,glucose_04_c0.1,glucose,4,0.1,F02,6,2,crops/glucose/glucose_04_c0.1/glucose_04_c0.1_wF02.png,67.769,90.23428,90.0,7.435784,8.0,106.612265,106.0,7.518542,8.0,128.680656,128.0,7.451641,8.0,0.299704,0.298039,0.018956,0.023529,0.50463,0.501961,0.029222,0.031373,214.850038,2.269815,0.999216,-0.570982,-0.820007,0.27694,0.276923,0.32747,0.326284,0.39559,0.396341,108.509067,108.333333,202.0,207.0,211.0,-112.0,-101.0,-83.0,0.445545,0.512077,0.606635,7077,7077,0,0.0,1.0,0.0,3510,pass,
glucose_04_c0.1_wF03,glucose_04_c0.1,glucose,4,0.1,F03,6,3,crops/glucose/glucose_04_c0.1/glucose_04_c0.1_wF03.png,61.037,87.60746,88.0,5.405341,6.0,103.359247,104.0,5.29734,7.0,126.611121,127.0,6.586778,8.0,0.308244,0.309804,0.015069,0.019608,0.496514,0.498039,0.025831,0.031373,215.470873,2.165528,0.999286,-0.579875,-0.813829,0.27575,0.275618,0.325517,0.324561,0.398733,0.399361,105.859276,106.0,24.0,30.0,42.0,64.0,74.0,85.0,3.666667,3.466667,3.02381,5737,5737,0,0.0,1.0,0.0,2845,pass,
glucose_04_c0.1_wF04,glucose_04_c0.1,glucose,4,0.1,F04,6,4,crops/glucose/glucose_04_c0.1/glucose_04_c0.1_wF04.png,71.584,86.235914,86.0,6.99868,8.0,102.249112,102.0,6.923732,8.0,123.144162,123.0,8.249013,9.0,0.300205,0.301961,0.018463,0.027451,0.482918,0.482353,0.032349,0.035294,213.714595,2.47538,0.999067,-0.554539,-0.831037,0.276525,0.27673,0.328189,0.32852,0.395286,0.395425,103.876396,104.0,206.0,212.0,215.0,-120.0,-110.0,-92.0,0.417476,0.481132,0.572093,7880,7880,0,0.0,1.0,0.0,3905,pass,
glucose_04_c0.1_wF05,glucose_04_c0.1,glucose,4,0.1,F05,6,5,crops/glucose/glucose_04_c0.1/glucose_04_c0.1_wF05.png,62.383,85.656099,86.0,5.376004,6.0,101.812948,102.0,5.360635,6.0,124.687636,125.0,5.787857,7.0,0.31355,0.313725,0.015076,0.015686,0.488971,0.490196,0.022697,0.027451,215.20538,1.668618,0.999576,-0.576265,-0.816744,0.274249,0.27451,0.326164,0.325733,0.399587,0.4,104.052228,104.666667,32.0,36.0,47.0,54.0,66.0,78.0,2.6875,2.833333,2.659574,5993,5993,0,0.0,1.0,0.0,2970,pass,
glucose_04_c0.1_wF06,glucose_04_c0.1,glucose,4,0.1,F06,6,6,crops/glucose/glucose_04_c0.1/glucose_04_c0.1_wF06.png,72.032,86.29174,87.0,5.403297,7.0,102.345056,103.0,5.704023,7.0,124.413016,125.0,6.434021,8.0,0.306651,0.309804,0.017778,0.019608,0.487894,0.490196,0.025231,0.031373,214.884486,2.832587,0.998779,-0.571225,-0.819305,0.275543,0.275641,0.326932,0.325949,0.397525,0.398734,104.349937,105.0,205.0,210.0,213.0,-118.0,-107.0,-88.0,0.42439,0.490476,0.586854,7990,7990,0,0.0,1.0,0.0,3970,pass,
glucose_04_c0.1_wF07,glucose_04_c0.1,glucose,4,0.1,F07,6,7,crops/glucose/glucose_04_c0.1/glucose_04_c0.1_wF07.png,66.422,85.065793,86.0,5.988749,7.0,101.231528,102.0,6.060324,7.0,123.377392,125.0,7.382325,8.0,0.310845,0.313725,0.016074,0.019608,0.483833,0.490196,0.02895,0.031373,214.678589,2.131811,0.999308,-0.568579,-0.821788,0.274554,0.274691,0.326953,0.325949,0.398492,0.39881,103.224904,104.0,198.0,204.0,207.0,-112.0,-102.0,-82.0,0.434343,0.5,0.603865,6794,6794,0,0.0,1.0,0.0,3371,pass,
glucose_04_c0.1_wF08,glucose_04_c0.1,glucose,4,0.1,F08,6,8,crops/glucose/glucose_04_c0.1/glucose_04_c0.1_wF08.png,70.91,96.447977,96.0,6.649862,8.0,112.476283,112.0,6.589713,8.0,135.772263,136.0,7.368833,8.0,0.29016,0.290196,0.01725,0.019608,0.53244,0.533333,0.028897,0.031373,215.316632,1.796013,0.999509,-0.577811,-0.815569,0.27965,0.279661,0.326326,0.325424,0.394024,0.394444,114.898841,115.0,207.0,213.0,216.0,-111.0,-101.0,-80.0,0.463768,0.525822,0.62963,7737,7737,0,0.0,1.0,0.0,3847,pass,
glucose_04_c0.1_wF09,glucose_04_c0.1,glucose,4,0.1,F09,6,9,crops/glucose/glucose_04_c0.1/glucose_04_c0.1_wF09.png,70.91,82.212043,84.0,6.863849,9.0,97.731619,99.0,7.011772,9.0,119.958909,122.0,8.520348,11.0,0.315181,0.313725,0.019561,0.019608,0.470427,0.478431,0.033413,0.043137,215.193322,1.966543,0.999411,-0.575998,-0.816731,0.273939,0.274194,0.325946,0.325424,0.400116,0.400651,99.967524,101.666667,209.0,214.0,217.0,-125.0,-115.0,-95.0,0.401914,0.462617,0.562212,7739,7739,0,0.0,1.0,0.0,3835,pass,
glucose_04_c0.1_wF10,glucose_04_c0.1,glucose,4,0.1,F10,6,10,crops/glucose/glucose_04_c0.1/glucose_04_c0.1_wF10.png,72.93,87.070739,87.0,7.198758,7.0,103.319365,104.0,7.12305,7.0,126.465974,128.0,8.551535,8.0,0.312103,0.313725,0.018681,0.019608,0.495945,0.501961,0.033535,0.031373,215.241361,2.722869,0.998871,-0.576371,-0.815807,0.274568,0.27451,0.326158,0.324638,0.399273,0.4,105.618693,106.333333,208.0,214.0,217.0,-121.0,-110.0,-89.0,0.418269,0.485981,0.589862,8185,8185,0,0.0,1.0,0.0,4069,pass,
glucose_04_c0.1_wF11,glucose_04_c0.1,glucose,4,0.1,F11,6,11,crops/glucose/glucose_04_c0.1/glucose_04_c0.1_wF11.png,72.706,89.79513,90.0,5.802164,6.0,104.904943,105.0,5.751895,6.0,127.433842,128.0,6.719298,6.0,0.295695,0.298039,0.015754,0.019608,0.499741,0.501961,0.02635,0.023529,215.835129,2.801933,0.998805,-0.584755,-0.809736,0.278615,0.278638,0.325692,0.325444,0.395692,0.39577,107.377972,107.666667,210.0,215.0,219.0,-120.0,-110.0,-91.0,0.428571,0.488372,0.584475,8132,8132,0,0.0,1.0,0.0,4042,pass,
glucose_04_c0.1_wF12,glucose_04_c0.1,glucose,4,0.1,F12,6,12,crops/glucose/glucose_04_c0.1/glucose_04_c0.1_wF12.png,68.442,95.12441,95.0,6.623556,8.0,111.099,111.0,6.516895,8.0,136.185365,136.0,6.828904,8.0,0.302157,0.301961,0.016039,0.023529,0.53406,0.533333,0.02678,0.031373,216.890869,1.438062,0.999685,-0.600104,-0.799528,0.277629,0.277778,0.324455,0.324242,0.397916,0.39823,114.136258,114.0,201.0,207.0,212.0,-106.0,-96.0,-76.0,0.472637,0.536232,0.641509,7202,7202,0,0.0,1.0,0.0,3594,pass,
glucose_04_c0.1_wG01,glucose_04_c0.1,glucose,4,0.1,G01,7,1,crops/glucose/glucose_04_c0.1/glucose_04_c0.1_wG01.png,61.486,116.7,118.0,6.198523,8.0,135.047595,136.0,6.136559,8.0,159.227835,160.0,6.271326,8.0,0.267507,0.266667,0.013858,0.019608,0.624423,0.627451,0.024593,0.031373,214.103297,1.394849,0.999704,-0.560521,-0.827783,0.283859,0.284314,0.328598,0.328671,0.387542,0.388095,136.99181,138.0,52.0,60.0,70.0,66.0,76.0,90.0,2.269231,2.266667,2.285714,5820,5820,0,0.0,1.0,0.0,2880,pass,
glucose_04_c0.1_wG02,glucose_04_c0.1,glucose,4,0.1,G02,7,2,crops/glucose/glucose_04_c0.1/glucose_04_c0.1_wG02.png,70.013,93.593982,93.0,7.60882,10.0,109.814687,110.0,7.354266,9.0,133.216596,133.0,7.784478,9.0,0.298276,0.298039,0.019862,0.023529,0.522418,0.521569,0.030527,0.035294,215.288136,2.025174,0.999376,-0.577328,-0.815747,0.277776,0.277778,0.326238,0.325779,0.395987,0.396341,112.208422,112.0,206.0,211.0,215.0,-113.0,-101.0,-82.0,0.451456,0.521327,0.618605,7544,7544,0,0.0,1.0,0.0,3743,pass,
glucose_04_c0.1_wG03,glucose_04_c0.1,glucose,4,0.1,G03,7,3,crops/glucose/glucose_04_c0.1/glucose_04_c0.1_wG03.png,67.993,84.773513,85.0,6.529649,7.0,100.054829,100.0,6.236208,7.0,122.922536,124.0,7.377914,8.0,0.311048,0.309804,0.016257,0.019608,0.482049,0.486275,0.028933,0.031373,216.088664,2.85129,0.998763,-0.588308,-0.807106,0.275245,0.275641,0.32519,0.325,0.399565,0.399361,102.583626,103.0,203.0,209.0,212.0,-118.0,-109.0,-88.0,0.418719,0.478469,0.584906,7113,7113,0,0.0,1.0,0.0,3529,pass,
glucose_04_c0.1_wG04,glucose_04_c0.1,glucose,4,0.1,G04,7,4,crops/glucose/glucose_04_c0.1/glucose_04_c0.1_wG04.png,61.71,80.106637,80.0,5.840488,7.0,96.109196,96.0,5.939295,8.0,118.961952,120.0,6.648723,9.0,0.327245,0.32549,0.016503,0.019608,0.466517,0.470588,0.026073,0.035294,215.237138,2.177312,0.999278,-0.576545,-0.816182,0.271193,0.271242,0.325611,0.325175,0.403196,0.40339,98.392595,99.0,32.0,36.0,48.0,48.0,60.0,72.0,2.5,2.666667,2.5,5861,5861,0,0.0,1.0,0.0,2894,pass,
glucose_04_c0.1_wG05,glucose_04_c0.1,glucose,4,0.1,G05,7,5,crops/glucose/glucose_04_c0.1/glucose_04_c0.1_wG05.png,62.159,80.240545,80.0,5.337725,7.0,96.734577,97.0,5.403315,7.0,118.741637,119.0,5.666176,8.0,0.324894,0.32549,0.015821,0.019608,0.465653,0.466667,0.02222,0.031373,214.704507,2.005698,0.999387,-0.568995,-0.821596,0.271174,0.271186,0.327114,0.325733,0.401712,0.401993,98.572253,98.333333,33.0,37.0,46.0,47.0,60.0,73.0,2.424242,2.621622,2.586957,5949,5949,0,0.0,1.0,0.0,2967,pass,
glucose_04_c0.1_wG06,glucose_04_c0.1,glucose,4,0.1,G06,7,6,crops/glucose/glucose_04_c0.1/glucose_04_c0.1_wG06.png,72.032,77.596392,78.0,5.199533,7.0,93.321684,93.0,5.244157,6.0,113.395966,114.0,6.327539,8.0,0.315929,0.317647,0.017584,0.023529,0.44469,0.447059,0.024814,0.031373,213.426045,2.917904,0.998704,-0.550146,-0.833516,0.272787,0.272727,0.328291,0.328125,0.398922,0.399351,94.771347,95.0,198.0,203.0,206.0,-120.0,-110.0,-92.0,0.393939,0.458128,0.553398,7983,7983,0,0.0,1.0,0.0,3961,pass,
glucose_04_c0.1_wG07,glucose_04_c0.1,glucose,4,0.1,G07,7,7,crops/glucose/glucose_04_c0.1/glucose_04_c0.1_wG07.png,66.422,76.360407,78.0,9.712857,10.0,91.326946,93.0,9.648944,10.0,112.944281,115.0,10.320976,10.0,0.326393,0.321569,0.033769,0.031373,0.442919,0.45098,0.040474,0.039216,215.155828,2.463912,0.999076,-0.57527,-0.816833,0.271347,0.273038,0.32541,0.326007,0.403243,0.401544,93.543878,95.333333,195.0,201.0,204.5,-117.0,-108.0,-89.5,0.4,0.462687,0.562347,6784,6784,0,0.0,1.0,0.0,3378,pass,
glucose_04_c0.1_wG08,glucose_04_c0.1,glucose,4,0.1,G08,7,8,crops/glucose/glucose_04_c0.1/glucose_04_c0.1_wG08.png,71.359,89.018995,89.0,4.968952,6.0,105.421724,106.0,4.94927,6.0,127.810683,128.0,5.519123,6.0,0.303756,0.305882,0.014488,0.019608,0.501218,0.501961,0.021644,0.023529,214.60633,2.259639,0.999223,-0.567493,-0.822434,0.276127,0.27619,0.327157,0.326087,0.396716,0.397012,107.417134,107.666667,203.0,209.0,212.0,-114.0,-103.0,-84.0,0.438424,0.507177,0.603774,7844,7844,0,0.0,1.0,0.0,3878,pass,
glucose_04_c0.1_wG09,glucose_04_c0.1,glucose,4,0.1,G09,7,9,crops/glucose/glucose_04_c0.1/glucose_04_c0.1_wG09.png,71.808,76.41278,77.0,6.346033,7.0,90.301991,91.0,6.346463,7.0,111.085455,111.0,7.386841,9.0,0.312746,0.313725,0.019506,0.023529,0.435629,0.435294,0.028968,0.035294,215.507631,2.432011,0.9991,-0.580288,-0.813305,0.274854,0.274914,0.325108,0.325758,0.400038,0.4,92.600076,93.0,207.0,212.0,215.0,-130.0,-121.0,-104.0,0.371981,0.429245,0.516279,7934,7934,0,0.0,1.0,0.0,3928,pass,
glucose_04_c0.1_wG10,glucose_04_c0.1,glucose,4,0.1,G10,7,10,crops/glucose/glucose_04_c0.1/glucose_04_c0.1_wG10.png,63.73,85.023044,88.0,14.57513,11.0,100.533205,104.0,15.740471,12.0,123.300208,126.0,15.506681,12.0,0.31663,0.305882,0.054631,0.027451,0.48353,0.494118,0.060811,0.047059,216.075512,3.540737,0.998092,-0.587728,-0.8067,0.27353,0.276398,0.324582,0.325949,0.401888,0.397516,102.952152,106.333333,62.0,65.0,74.0,26.0,39.0,52.0,1.419355,1.6,1.702703,6249,6249,0,0.0,1.0,0.0,3098,pass,
glucose_04_c0.1_wG11,glucose_04_c0.1,glucose,4,0.1,G11,7,11,crops/glucose/glucose_04_c0.1/glucose_04_c0.1_wG11.png,70.462,90.315355,91.0,6.686981,7.0,105.168216,106.0,6.644143,7.0,126.943579,128.0,7.934051,9.0,0.288905,0.290196,0.018803,0.023529,0.497818,0.501961,0.031114,0.035294,215.599611,3.020548,0.998611,-0.581309,-0.811976,0.279951,0.279762,0.326235,0.326007,0.393814,0.394231,107.475717,108.333333,209.0,214.0,218.0,-118.0,-108.0,-90.0,0.435407,0.495327,0.587156,7639,7639,0,0.0,1.0,0.0,3804,pass,
glucose_04_c0.1_wG12,glucose_04_c0.1,glucose,4,0.1,G12,7,12,crops/glucose/glucose_04_c0.1/glucose_04_c0.1_wG12.png,72.032,95.783828,95.0,8.509275,7.0,111.944924,111.0,8.576661,8.0,136.830642,136.0,9.103031,9.0,0.300841,0.301961,0.018571,0.019608,0.536591,0.533333,0.035698,0.035294,216.650367,2.756451,0.998843,-0.59624,-0.801365,0.277755,0.277778,0.324885,0.324405,0.39736,0.397661,114.853131,114.333333,210.0,216.0,219.0,-115.0,-105.0,-83.0,0.452381,0.513889,0.621005,7989,7989,0,0.0,1.0,0.0,3969,pass,
glucose_04_c0.1_wH01,glucose_04_c0.1,glucose,4,0.1,H01,8,1,crops/glucose/glucose_04_c0.1/glucose_04_c0.1_wH01.png,62.608,112.823198,113.0,7.232353,8.0,131.06976,132.0,7.175393,8.0,155.790224,157.0,7.533503,8.0,0.276418,0.27451,0.014408,0.019608,0.610942,0.615686,0.029543,0.031373,214.486286,2.245375,0.999232,-0.565774,-0.823629,0.282136,0.282178,0.327939,0.327078,0.389925,0.389831,133.227727,134.0,85.0,94.5,104.0,28.0,37.5,53.0,1.329412,1.396825,1.509615,6035,6035,0,0.0,1.0,0.0,2996,pass,
glucose_04_c0.1_wH02,glucose_04_c0.1,glucose,4,0.1,H02,8,2,crops/glucose/glucose_04_c0.1/glucose_04_c0.1_wH02.png,67.32,86.089163,87.0,7.724846,9.0,102.473624,103.0,7.463051,8.0,126.088733,128.0,8.744576,10.0,0.318133,0.317647,0.018719,0.019608,0.494466,0.501961,0.034292,0.039216,215.126029,1.867679,0.999469,-0.575071,-0.817454,0.273297,0.274143,0.325759,0.324405,0.400944,0.400697,104.88384,106.0,201.0,207.0,211.0,-114.0,-104.0,-83.0,0.432836,0.497585,0.606635,6976,6976,0,0.0,1.0,0.0,3470,pass,
glucose_04_c0.1_wH03,glucose_04_c0.1,glucose,4,0.1,H03,8,3,crops/glucose/glucose_04_c0.1/glucose_04_c0.1_wH03.png,60.364,77.548485,77.0,5.736075,7.0,93.240642,93.0,5.796353,7.0,116.637611,117.0,7.059365,9.0,0.335563,0.337255,0.017389,0.027451,0.457402,0.458824,0.027684,0.035294,215.641939,2.122629,0.999314,-0.582318,-0.812117,0.269639,0.269841,0.32445,0.323529,0.405911,0.405941,95.808913,96.0,30.0,35.0,47.5,47.0,58.0,69.5,2.566667,2.657143,2.463158,5610,5610,0,0.0,1.0,0.0,2790,pass,
glucose_04_c0.1_wH04,glucose_04_c0.1,glucose,4,0.1,H04,8,4,crops/glucose/glucose_04_c0.1/glucose_04_c0.1_wH04.png,62.608,71.882041,73.0,9.520687,8.0,86.066269,88.0,10.047283,8.0,108.097416,111.0,11.454152,11.0,0.33668,0.341176,0.030245,0.035294,0.423911,0.435294,0.044918,0.043137,216.628878,3.235153,0.998407,-0.595679,-0.801239,0.269622,0.269091,0.323464,0.322957,0.406914,0.408163,88.681909,90.666667,83.0,90.0,97.0,-10.0,-2.0,14.0,0.879518,0.977778,1.14433,6036,6036,0,0.0,1.0,0.0,2996,pass,
glucose_04_c0.1_wH05,glucose_04_c0.1,glucose,4,0.1,H05,8,5,crops/glucose/glucose_04_c0.1/glucose_04_c0.1_wH05.png,62.832,70.570136,71.0,5.151293,5.0,85.732445,86.0,5.129689,6.0,107.126953,107.0,5.805882,7.0,0.341824,0.341176,0.019741,0.023529,0.420106,0.419608,0.022768,0.027451,214.823542,1.537779,0.99964,-0.570845,-0.820619,0.267697,0.267658,0.325464,0.32491,0.406839,0.407273,87.809845,88.0,84.5,90.0,95.0,-13.5,-4.0,12.0,0.840237,0.955556,1.126316,6081,6081,0,0.0,1.0,0.0,3018,pass,
glucose_04_c0.1_wH06,glucose_04_c0.1,glucose,4,0.1,H06,8,6,crops/glucose/glucose_04_c0.1/glucose_04_c0.1_wH06.png,67.096,70.394202,71.0,5.267292,7.0,85.601904,86.0,5.290293,7.0,107.026828,107.0,6.671356,9.0,0.342644,0.341176,0.017965,0.019608,0.419713,0.419608,0.026162,0.035294,214.957658,2.957763,0.998668,-0.572208,-0.818484,0.267462,0.267857,0.325536,0.32526,0.407002,0.406977,87.674311,88.0,194.0,200.0,203.0,-123.0,-114.0,-96.0,0.365979,0.43,0.527094,6933,6933,0,0.0,1.0,0.0,3429,pass,
glucose_04_c0.1_wH07,glucose_04_c0.1,glucose,4,0.1,H07,8,7,crops/glucose/glucose_04_c0.1/glucose_04_c0.1_wH07.png,68.218,69.202848,70.0,5.075533,7.0,84.441156,85.0,5.05273,7.0,105.314533,107.0,6.575694,9.0,0.343254,0.341176,0.017365,0.019608,0.412998,0.419608,0.025787,0.035294,214.259772,2.192686,0.999268,-0.562534,-0.825889,0.267082,0.26749,0.326177,0.325301,0.40674,0.407273,86.319512,87.666667,201.0,206.0,208.0,-131.0,-121.0,-101.0,0.348259,0.412621,0.514423,7163,7163,0,0.0,1.0,0.0,3549,pass,
glucose_04_c0.1_wH08,glucose_04_c0.1,glucose,4,0.1,H08,8,8,crops/glucose/glucose_04_c0.1/glucose_04_c0.1_wH08.png,71.584,82.102736,83.0,7.324396,8.0,99.192678,100.0,7.733216,9.0,120.648594,122.0,9.073924,11.0,0.319902,0.321569,0.022863,0.027451,0.473132,0.478431,0.035584,0.043137,213.411593,2.534231,0.999022,-0.550111,-0.83392,0.271726,0.271318,0.328554,0.327273,0.39972,0.400662,100.648003,101.333333,196.0,201.0,203.0,-113.0,-101.0,-81.0,0.423469,0.497512,0.600985,7894,7894,0,0.0,1.0,0.0,3910,pass,
glucose_04_c0.1_wH09,glucose_04_c0.1,glucose,4,0.1,H09,8,9,crops/glucose/glucose_04_c0.1/glucose_04_c0.1_wH09.png,62.159,68.822778,70.0,9.825472,8.0,81.874853,84.0,11.344415,8.0,101.109189,103.0,11.6862,8.0,0.322106,0.321569,0.03303,0.031373,0.396507,0.403922,0.045828,0.031373,216.087668,3.7703,0.997837,-0.587749,-0.806369,0.272711,0.273092,0.324518,0.325843,0.402771,0.400794,83.935607,86.0,37.0,41.0,47.0,33.0,43.0,56.0,1.891892,2.04878,2.191489,5953,5953,0,0.0,1.0,0.0,2939,pass,
glucose_04_c0.1_wH10,glucose_04_c0.1,glucose,4,0.1,H10,8,10,crops/glucose/glucose_04_c0.1/glucose_04_c0.1_wH10.png,66.198,81.771238,82.0,5.816773,7.0,97.198666,98.0,6.317798,7.0,119.870423,121.0,8.434712,11.0,0.317699,0.317647,0.01591,0.019608,0.47008,0.47451,0.033077,0.043137,215.551223,1.622506,0.999599,-0.581197,-0.81327,0.27359,0.273585,0.325335,0.324503,0.401076,0.401434,99.613442,100.666667,187.0,193.0,197.0,-105.0,-95.0,-76.0,0.438503,0.507772,0.614213,6745,6745,0,0.0,1.0,0.0,3346,pass,
glucose_04_c0.1_wH11,glucose_04_c0.1,glucose,4,0.1,H11,8,11,crops/glucose/glucose_04_c0.1/glucose_04_c0.1_wH11.png,66.198,78.731129,79.0,8.218988,10.0,92.275545,93.0,8.567379,9.0,115.647486,116.0,8.768253,10.0,0.320689,0.321569,0.024161,0.027451,0.45352,0.454902,0.034385,0.039216,217.92309,2.57786,0.998988,-0.613981,-0.788038,0.274269,0.274247,0.32179,0.320755,0.403941,0.403704,95.551387,96.0,200.0,206.0,210.0,-121.0,-113.0,-94.0,0.395,0.451456,0.552381,6743,6743,0,0.0,1.0,0.0,3346,pass,
glucose_04_c0.1_wH12,glucose_04_c0.1,glucose,4,0.1,H12,8,12,crops/glucose/glucose_04_c0.1/glucose_04_c0.1_wH12.png,62.159,83.47959,86.0,14.758335,14.0,97.131026,101.0,18.137805,14.0,120.648581,124.0,17.927036,15.0,0.312121,0.309804,0.034721,0.039216,0.473132,0.486275,0.070302,0.058824,218.791098,6.745177,0.993094,-0.622156,-0.774053,0.276705,0.276596,0.320692,0.324561,0.402603,0.4,100.419732,103.666667,40.0,43.0,53.0,46.0,58.0,71.0,2.15,2.348837,2.339623,5953,5953,0,0.0,1.0,0.0,2944,pass,
glucose_05_c0.5_wA01,glucose_05_c0.5,glucose,5,0.5,A01,1,1,crops/glucose/glucose_05_c0.5/glucose_05_c0.5_wA01.png,67.544,119.663155,121.0,6.655202,8.0,137.687215,139.0,6.653756,8.0,157.424402,159.0,7.461288,8.0,0.240122,0.239216,0.01175,0.015686,0.617351,0.623529,0.02926,0.031373,211.65521,2.340631,0.999166,-0.524369,-0.850512,0.288417,0.288372,0.331985,0.331719,0.379598,0.379808,138.258257,139.333333,218.0,222.0,223.0,-97.0,-83.0,-64.0,0.555046,0.626126,0.713004,7024,7024,0,0.0,1.0,0.0,3494,pass,
glucose_05_c0.5_wA02,glucose_05_c0.5,glucose,5,0.5,A02,1,2,crops/glucose/glucose_05_c0.5/glucose_05_c0.5_wA02.png,62.608,120.444003,121.0,7.104867,9.0,138.200961,139.0,7.021472,9.0,158.863651,159.0,7.39361,10.0,0.242234,0.239216,0.013521,0.019608,0.622995,0.623529,0.028995,0.039216,212.555762,2.363907,0.999149,-0.537662,-0.842151,0.288369,0.288765,0.331026,0.330864,0.380605,0.380734,139.169538,139.333333,182.0,187.0,189.0,-61.0,-48.0,-30.0,0.664835,0.743316,0.84127,6036,6036,0,0.0,1.0,0.0,2987,pass,
glucose_05_c0.5_wA03,glucose_05_c0.5,glucose,5,0.5,A03,1,3,crops/glucose/glucose_05_c0.5/glucose_05_c0.5_wA03.png,65.749,119.730319,120.0,6.125183,8.0,137.857272,138.0,5.826653,7.0,157.532001,158.0,6.896134,9.0,0.240213,0.239216,0.010846,0.015686,0.617773,0.619608,0.027044,0.035294,211.433624,2.689775,0.998899,-0.520936,-0.852305,0.288346,0.288372,0.332138,0.331695,0.379516,0.379808,138.373197,138.666667,215.0,219.0,222.0,-95.0,-81.0,-64.0,0.55814,0.630137,0.711712,6656,6656,0,0.0,1.0,0.0,3313,pass,
glucose_05_c0.5_wA04,glucose_05_c0.5,glucose,5,0.5,A04,1,4,crops/glucose/glucose_05_c0.5/glucose_05_c0.5_wA04.png,65.3,117.234523,117.0,7.644384,8.0,135.826014,136.0,7.460483,8.0,156.181763,156.0,7.758352,8.0,0.24989,0.247059,0.016034,0.019608,0.612478,0.611765,0.030425,0.031373,211.621136,2.333512,0.999171,-0.523865,-0.850828,0.286324,0.286822,0.331911,0.331683,0.381766,0.38191,136.4141,136.666667,218.0,222.0,224.0,-101.0,-86.0,-68.0,0.536697,0.612613,0.696429,6558,6558,0,0.0,1.0,0.0,3253,pass,
glucose_05_c0.5_wA05,glucose_05_c0.5,glucose,5,0.5,A05,1,5,crops/glucose/glucose_05_c0.5/glucose_05_c0.5_wA05.png,63.954,116.973621,118.0,6.884344,8.0,134.453679,136.0,6.926319,8.0,155.522644,157.0,8.486199,12.0,0.247991,0.247059,0.01378,0.019608,0.609893,0.615686,0.033279,0.047059,212.796318,2.746704,0.998852,-0.541032,-0.839636,0.28737,0.287234,0.330453,0.330049,0.382177,0.382682,135.649981,137.0,214.0,218.0,220.0,-96.0,-82.0,-63.0,0.551402,0.623853,0.713636,6293,6293,0,0.0,1.0,0.0,3127,pass,
glucose_05_c0.5_wA06,glucose_05_c0.5,glucose,5,0.5,A06,1,6,crops/glucose/glucose_05_c0.5/glucose_05_c0.5_wA06.png,57.464,117.017703,117.0,7.257385,10.0,133.597561,134.0,7.41687,10.0,154.616837,155.0,8.00668,10.0,0.243518,0.243137,0.012833,0.019608,0.606341,0.607843,0.031399,0.039216,213.65192,1.92369,0.999437,-0.553834,-0.83195,0.288668,0.288557,0.329688,0.330144,0.381644,0.381733,135.077367,135.333333,54.0,63.0,71.0,63.0,71.0,84.0,2.166667,2.126984,2.183099,5084,5084,0,0.0,1.0,0.0,2519,pass,
glucose_05_c0.5_wA07,glucose_05_c0.5,glucose,5,0.5,A07,1,7,crops/glucose/glucose_05_c0.5/glucose_05_c0.5_wA07.png,61.037,108.518912,108.0,10.0804,13.0,124.426704,124.0,10.151815,13.0,145.405787,145.0,10.333495,13.0,0.254724,0.254902,0.021887,0.031373,0.570219,0.568627,0.040524,0.05098,214.058605,2.772959,0.99883,-0.559385,-0.827495,0.28654,0.286445,0.328845,0.327907,0.384615,0.384824,126.117134,125.333333,178.0,181.0,184.0,-70.0,-57.0,-39.0,0.606742,0.685083,0.788043,5737,5737,0,0.0,1.0,0.0,2835,pass,
glucose_05_c0.5_wA08,glucose_05_c0.5,glucose,5,0.5,A08,1,8,crops/glucose/glucose_05_c0.5/glucose_05_c0.5_wA08.png,64.403,108.688743,109.0,7.389425,9.0,125.379208,126.0,7.200647,9.0,146.431971,147.0,7.973704,10.0,0.258308,0.258824,0.01565,0.019608,0.574243,0.576471,0.031269,0.039216,213.463981,2.972554,0.998655,-0.550671,-0.833111,0.285488,0.285714,0.329554,0.327982,0.384958,0.38539,126.833307,127.333333,216.0,219.0,221.0,-107.0,-93.0,-74.0,0.50463,0.575342,0.665158,6387,6387,0,0.0,1.0,0.0,3165,pass,
glucose_05_c0.5_wA09,glucose_05_c0.5,glucose,5,0.5,A09,1,9,crops/glucose/glucose_05_c0.5/glucose_05_c0.5_wA09.png,61.261,105.84216,106.0,9.530698,12.0,122.506231,123.0,9.626211,12.75,143.572516,144.0,9.720017,13.0,0.263949,0.262745,0.021121,0.027451,0.563029,0.564706,0.038118,0.05098,213.627949,2.639983,0.998939,-0.55321,-0.831768,0.284293,0.284574,0.32936,0.3297,0.386347,0.386189,123.973636,124.333333,161.0,166.5,169.0,-55.0,-43.5,-25.0,0.658385,0.738739,0.852071,5778,5778,0,0.0,1.0,0.0,2860,pass,
glucose_05_c0.5_wA10,glucose_05_c0.5,glucose,5,0.5,A10,1,10,crops/glucose/glucose_05_c0.5/glucose_05_c0.5_wA10.png,67.544,106.651219,107.0,10.793836,16.0,123.28932,123.0,10.748489,15.0,144.138742,144.0,11.367423,16.0,0.261385,0.258824,0.021377,0.027451,0.56525,0.564706,0.044578,0.062745,213.253978,2.77598,0.998827,-0.547708,-0.835267,0.284757,0.28496,0.329602,0.330556,0.385641,0.385,124.693094,125.0,216.0,220.0,222.0,-109.0,-97.0,-78.0,0.49537,0.559091,0.648649,7013,7013,0,0.0,1.0,0.0,3466,pass,
glucose_05_c0.5_wA11,glucose_05_c0.5,glucose,5,0.5,A11,1,11,crops/glucose/glucose_05_c0.5/glucose_05_c0.5_wA11.png,68.218,109.777391,110.0,7.138261,9.0,125.913995,126.0,7.05842,9.0,146.816839,148.0,8.651263,11.0,0.252492,0.254902,0.015055,0.019608,0.575752,0.580392,0.033927,0.043137,213.872435,2.801401,0.998805,-0.55668,-0.829289,0.286897,0.286802,0.329253,0.327711,0.38385,0.384615,127.502741,128.333333,215.0,220.0,221.0,-105.0,-94.0,-73.0,0.511628,0.572727,0.669683,7174,7174,0,0.0,1.0,0.0,3551,pass,
glucose_05_c0.5_wA12,glucose_05_c0.5,glucose,5,0.5,A12,1,12,crops/glucose/glucose_05_c0.5/glucose_05_c0.5_wA12.png,69.564,114.316729,115.0,7.749778,9.0,131.050081,132.0,7.702148,8.0,151.200725,152.0,8.254258,9.0,0.244348,0.243137,0.016301,0.019608,0.592944,0.596078,0.03237,0.035294,212.742853,2.57465,0.998991,-0.540324,-0.840258,0.28812,0.288221,0.330481,0.330808,0.381399,0.381313,132.189178,133.0,215.0,219.0,221.0,-100.0,-87.0,-69.0,0.534884,0.60274,0.687783,7448,7448,0,0.0,1.0,0.0,3696,pass,
glucose_05_c0.5_wB01,glucose_05_c0.5,glucose,5,0.5,B01,2,1,crops/glucose/glucose_05_c0.5/glucose_05_c0.5_wB01.png,68.891,126.5615,127.0,6.568494,7.0,144.726365,145.0,6.43103,7.0,163.341907,164.0,6.922974,7.0,0.225418,0.227451,0.012137,0.011765,0.640556,0.643137,0.027149,0.027451,210.273556,2.547325,0.999012,-0.503631,-0.862775,0.291112,0.291469,0.33301,0.331839,0.375878,0.376417,144.876591,145.666667,216.0,220.0,222.0,-89.0,-75.0,-58.0,0.587963,0.659091,0.738739,7309,7309,0,0.0,1.0,0.0,3594,pass,
glucose_05_c0.5_wB02,glucose_05_c0.5,glucose,5,0.5,B02,2,2,crops/glucose/glucose_05_c0.5/glucose_05_c0.5_wB02.png,61.261,119.082078,119.0,6.454115,9.0,136.964156,137.0,6.398939,9.0,155.948225,156.0,6.152936,8.0,0.236802,0.239216,0.014509,0.019608,0.611562,0.611765,0.024129,0.031373,210.99529,1.721576,0.999549,-0.514735,-0.856823,0.288929,0.288783,0.332431,0.331742,0.37864,0.379147,137.331486,137.666667,64.0,72.0,82.0,55.0,65.0,74.0,1.859375,1.902778,1.902439,5775,5775,0,0.0,1.0,0.0,2855,pass,
glucose_05_c0.5_wB03,glucose_05_c0.5,glucose,5,0.5,B03,2,3,crops/glucose/glucose_05_c0.5/glucose_05_c0.5_wB03.png,64.178,120.119634,121.0,7.992532,9.0,137.99274,138.0,7.823653,9.0,157.612847,158.0,8.474163,10.0,0.238333,0.239216,0.014015,0.019608,0.61809,0.619608,0.033232,0.039216,211.495667,2.568585,0.998996,-0.521909,-0.851823,0.288797,0.288889,0.331968,0.331579,0.379235,0.379227,138.575074,139.333333,208.0,214.0,216.0,-87.0,-76.0,-58.0,0.581731,0.64486,0.731481,6336,6336,0,0.0,1.0,0.0,3137,pass,
glucose_05_c0.5_wB04,glucose_05_c0.5,glucose,5,0.5,B04,2,4,crops/glucose/glucose_05_c0.5/glucose_05_c0.5_wB04.png,70.013,117.891494,118.0,6.819442,9.0,136.419714,137.0,6.609823,9.0,155.95416,156.0,7.453532,9.0,0.244408,0.243137,0.012354,0.015686,0.611585,0.611765,0.02923,0.035294,211.069176,2.881265,0.998736,-0.51542,-0.855463,0.287248,0.2875,0.332559,0.331731,0.380194,0.380383,136.755123,137.333333,214.0,218.0,219.0,-96.0,-81.0,-63.0,0.551402,0.62844,0.712329,7548,7548,0,0.0,1.0,0.0,3739,pass,
glucose_05_c0.5_wB05,glucose_05_c0.5,glucose,5,0.5,B05,2,5,crops/glucose/glucose_05_c0.5/glucose_05_c0.5_wB05.png,70.013,117.068079,118.0,7.309805,8.0,134.452583,135.0,7.139912,8.0,153.347417,154.0,8.134464,8.0,0.236812,0.235294,0.012648,0.015686,0.601362,0.603922,0.0319,0.031373,211.030098,2.343508,0.999164,-0.515057,-0.85618,0.289036,0.289216,0.332141,0.331646,0.378823,0.378897,134.956026,136.0,214.0,218.0,220.0,-96.0,-83.0,-66.0,0.551402,0.619266,0.7,7550,7550,0,0.0,1.0,0.0,3738,pass,
glucose_05_c0.5_wB06,glucose_05_c0.5,glucose,5,0.5,B06,2,6,crops/glucose/glucose_05_c0.5/glucose_05_c0.5_wB06.png,63.954,118.072745,118.0,7.094062,10.0,134.964581,135.0,7.052502,10.0,154.116582,154.0,8.156608,11.0,0.234035,0.235294,0.011467,0.015686,0.604379,0.603922,0.031987,0.043137,211.570108,2.183596,0.999274,-0.523161,-0.851382,0.289908,0.290094,0.331528,0.331002,0.378563,0.378571,135.717969,136.0,210.0,214.0,216.0,-92.0,-79.0,-62.0,0.561905,0.630841,0.712963,6296,6296,0,0.0,1.0,0.0,3117,pass,
glucose_05_c0.5_wB07,glucose_05_c0.5,glucose,5,0.5,B07,2,7,crops/glucose/glucose_05_c0.5/glucose_05_c0.5_wB07.png,59.915,116.28406,117.0,6.146749,6.0,133.226705,134.0,6.070673,6.0,152.626018,154.0,6.468053,6.0,0.238266,0.235294,0.011094,0.011765,0.598533,0.603922,0.025365,0.023529,211.557015,1.661988,0.999579,-0.523127,-0.851761,0.289074,0.289216,0.331311,0.330918,0.379615,0.379562,134.045594,135.0,54.0,62.0,68.0,63.0,72.0,86.0,2.166667,2.16129,2.264706,5527,5527,0,0.0,1.0,0.0,2740,pass,
glucose_05_c0.5_wB08,glucose_05_c0.5,glucose,5,0.5,B08,2,8,crops/glucose/glucose_05_c0.5/glucose_05_c0.5_wB08.png,64.852,116.03071,116.0,7.469701,8.0,132.678704,133.0,7.290225,8.0,152.541821,153.0,8.151144,9.0,0.239669,0.243137,0.015083,0.019608,0.598203,0.6,0.031965,0.035294,212.479615,2.470884,0.999071,-0.5365,-0.842798,0.289053,0.289157,0.330702,0.330846,0.380245,0.380597,133.750412,134.0,213.0,217.0,219.0,-97.0,-84.0,-66.0,0.544601,0.612903,0.69863,6480,6480,0,0.0,1.0,0.0,3227,pass,
glucose_05_c0.5_wB09,glucose_05_c0.5,glucose,5,0.5,B09,2,9,crops/glucose/glucose_05_c0.5/glucose_05_c0.5_wB09.png,68.218,113.442753,115.0,7.21332,9.0,131.002653,132.0,7.074413,8.0,150.273946,151.0,7.876743,9.0,0.245394,0.247059,0.015853,0.019608,0.58931,0.592157,0.030889,0.035294,211.419836,2.849508,0.998764,-0.520661,-0.852316,0.287272,0.287532,0.331928,0.331522,0.3808,0.380952,131.573117,133.0,219.0,222.0,224.0,-104.0,-90.0,-73.0,0.525114,0.594595,0.674107,7162,7162,0,0.0,1.0,0.0,3563,pass,
glucose_05_c0.5_wB10,glucose_05_c0.5,glucose,5,0.5,B10,2,10,crops/glucose/glucose_05_c0.5/glucose_05_c0.5_wB10.png,60.139,111.587316,112.0,7.096925,9.0,128.833273,129.0,7.244402,10.0,149.518685,151.0,7.312755,9.0,0.254173,0.254902,0.015246,0.019608,0.586348,0.592157,0.028677,0.035294,212.954722,2.226644,0.999245,-0.543565,-0.838467,0.286031,0.286082,0.33038,0.330623,0.383589,0.384,129.979758,130.666667,48.0,56.0,63.0,64.0,73.0,88.0,2.333333,2.303571,2.396825,5566,5566,0,0.0,1.0,0.0,2759,pass,
glucose_05_c0.5_wB11,glucose_05_c0.5,glucose,5,0.5,B11,2,11,crops/glucose/glucose_05_c0.5/glucose_05_c0.5_wB11.png,65.525,115.083144,116.0,6.649187,7.0,131.923205,133.0,6.558937,7.0,152.00907,153.0,7.417589,8.0,0.24307,0.243137,0.016748,0.023529,0.596114,0.6,0.029089,0.031373,212.853315,2.209444,0.999257,-0.542087,-0.839438,0.288327,0.288221,0.33065,0.330688,0.381023,0.381471,133.00514,133.666667,211.0,216.0,217.0,-95.0,-83.0,-64.0,0.549763,0.615741,0.705069,6615,6615,0,0.0,1.0,0.0,3280,pass,
glucose_05_c0.5_wB12,glucose_05_c0.5,glucose,5,0.5,B12,2,12,crops/glucose/glucose_05_c0.5/glucose_05_c0.5_wB12.png,65.749,119.251954,120.0,6.776406,8.0,136.948437,138.0,6.97135,9.0,158.278262,160.0,7.960629,11.0,0.246763,0.247059,0.015415,0.023529,0.620699,0.627451,0.031218,0.043137,212.870977,2.215004,0.999253,-0.542344,-0.839268,0.28764,0.287671,0.330431,0.330254,0.381929,0.382278,138.159551,139.333333,213.0,217.0,219.0,-93.0,-79.0,-59.0,0.56338,0.635945,0.730594,6652,6652,0,0.0,1.0,0.0,3306,pass,
glucose_05_c0.5_wC01,glucose_05_c0.5,glucose,5,0.5,C01,3,1,crops/glucose/glucose_05_c0.5/glucose_05_c0.5_wC01.png,61.037,121.785453,122.0,6.116465,6.0,139.881388,140.0,6.10835,6.0,160.008024,161.0,6.400599,7.0,0.2392,0.239216,0.011005,0.015686,0.627482,0.631373,0.0251,0.027451,211.974285,1.813274,0.999499,-0.529273,-0.847861,0.288734,0.288783,0.331736,0.331731,0.37953,0.379475,140.558288,140.666667,59.0,68.0,76.0,63.0,72.0,85.0,2.067797,2.058824,2.118421,5733,5733,0,0.0,1.0,0.0,2835,pass,
glucose_05_c0.5_wC02,glucose_05_c0.5,glucose,5,0.5,C02,3,2,crops/glucose/glucose_05_c0.5/glucose_05_c0.5_wC02.png,65.076,113.01996,114.0,6.678296,10.0,130.24858,131.0,6.72847,9.0,149.366037,151.0,7.209392,9.0,0.243567,0.243137,0.011853,0.015686,0.585749,0.592157,0.028272,0.035294,211.21484,1.704764,0.999557,-0.518019,-0.854852,0.28775,0.288221,0.331744,0.330952,0.380506,0.380488,130.878192,132.0,208.0,213.0,215.0,-94.0,-82.0,-64.0,0.548077,0.615023,0.702326,6513,6513,0,0.0,1.0,0.0,3239,pass,
glucose_05_c0.5_wC03,glucose_05_c0.5,glucose,5,0.5,C03,3,3,crops/glucose/glucose_05_c0.5/glucose_05_c0.5_wC03.png,67.32,110.615341,111.0,6.96744,9.0,127.618065,128.0,6.711917,9.0,147.884731,149.0,7.59939,10.0,0.252354,0.254902,0.014916,0.019608,0.57994,0.584314,0.029802,0.039216,212.77,2.863855,0.998752,-0.540592,-0.8398,0.286353,0.286458,0.330562,0.330749,0.383085,0.383495,128.706045,129.333333,215.0,219.0,220.0,-104.0,-91.0,-71.0,0.516279,0.584475,0.677273,6975,6975,0,0.0,1.0,0.0,3460,pass,
glucose_05_c0.5_wC04,glucose_05_c0.5,glucose,5,0.5,C04,3,4,crops/glucose/glucose_05_c0.5/glucose_05_c0.5_wC04.png,60.364,112.543672,113.0,7.142175,9.0,129.630838,130.0,7.107984,9.0,149.105704,150.0,7.152556,8.0,0.245597,0.243137,0.014615,0.019608,0.584728,0.588235,0.028049,0.031373,211.686538,1.349523,0.999723,-0.525126,-0.850699,0.287488,0.287879,0.331295,0.330864,0.381217,0.381251,130.426738,131.0,50.0,57.0,66.0,63.0,73.0,84.0,2.26,2.280702,2.272727,5610,5610,0,0.0,1.0,0.0,2773,pass,
glucose_05_c0.5_wC05,glucose_05_c0.5,glucose,5,0.5,C05,3,5,crops/glucose/glucose_05_c0.5/glucose_05_c0.5_wC05.png,64.627,111.470378,112.0,7.92609,11.0,128.500078,129.0,7.89363,11.0,147.700047,148.0,8.259385,11.0,0.245778,0.243137,0.014845,0.019608,0.579216,0.580392,0.03239,0.043137,211.398211,1.507425,0.999654,-0.520803,-0.853272,0.287374,0.287879,0.33148,0.330864,0.381146,0.380952,129.223501,129.333333,211.0,214.0,217.0,-99.0,-85.0,-69.0,0.530806,0.602804,0.682028,6431,6431,0,0.0,1.0,0.0,3186,pass,
glucose_05_c0.5_wC06,glucose_05_c0.5,glucose,5,0.5,C06,3,6,crops/glucose/glucose_05_c0.5/glucose_05_c0.5_wC06.png,70.237,106.198815,107.0,7.600022,8.0,122.78736,123.0,7.541865,8.0,142.164055,143.0,7.9144,9.0,0.253598,0.254902,0.017626,0.019608,0.557506,0.560784,0.031037,0.035294,212.029173,2.318473,0.999182,-0.529917,-0.847084,0.285951,0.286089,0.330839,0.330709,0.383209,0.383099,123.716743,124.0,214.0,217.0,219.0,-107.0,-94.0,-76.0,0.5,0.56682,0.652968,7595,7595,0,0.0,1.0,0.0,3768,pass,
glucose_05_c0.5_wC07,glucose_05_c0.5,glucose,5,0.5,C07,3,7,crops/glucose/glucose_05_c0.5/glucose_05_c0.5_wC07.png,69.564,108.987782,110.0,6.842048,9.0,126.069146,127.0,6.828038,9.0,145.025779,146.0,7.844822,10.0,0.248752,0.25098,0.014171,0.015686,0.568729,0.572549,0.030764,0.039216,211.399918,2.857348,0.998757,-0.520361,-0.852491,0.286638,0.286822,0.331738,0.330827,0.381624,0.382051,126.694236,127.333333,215.0,219.0,221.0,-105.0,-92.0,-75.0,0.511628,0.579909,0.660633,7448,7448,0,0.0,1.0,0.0,3693,pass,
glucose_05_c0.5_wC08,glucose_05_c0.5,glucose,5,0.5,C08,3,8,crops/glucose/glucose_05_c0.5/glucose_05_c0.5_wC08.png,69.34,108.385707,109.0,7.613855,7.0,125.110781,125.0,7.664746,7.0,143.783302,144.0,8.145184,8.0,0.246709,0.247059,0.015915,0.015686,0.563856,0.564706,0.031942,0.031373,211.232295,1.407457,0.999698,-0.518353,-0.854814,0.287123,0.287179,0.331626,0.3309,0.381251,0.381081,125.75993,126.0,216.0,220.0,221.0,-107.0,-95.0,-77.0,0.50463,0.568182,0.651584,7402,7402,0,0.0,1.0,0.0,3672,pass,
glucose_05_c0.5_wC09,glucose_05_c0.5,glucose,5,0.5,C09,3,9,crops/glucose/glucose_05_c0.5/glucose_05_c0.5_wC09.png,60.588,102.330439,104.0,10.011747,10.0,118.005493,119.0,10.050958,10.0,138.560773,140.0,9.659862,10.0,0.263036,0.258824,0.028967,0.027451,0.543376,0.54902,0.037882,0.039216,213.61045,2.636903,0.998942,-0.552958,-0.831939,0.28469,0.285714,0.32871,0.328205,0.3866,0.385246,119.632235,121.0,49.0,55.0,63.0,55.0,64.0,77.0,2.122449,2.163636,2.222222,5644,5644,0,0.0,1.0,0.0,2806,pass,
glucose_05_c0.5_wC10,glucose_05_c0.5,glucose,5,0.5,C10,3,10,crops/glucose/glucose_05_c0.5/glucose_05_c0.5_wC10.png,70.462,103.349692,104.0,9.590173,10.0,120.198272,121.0,9.749182,9.0,139.51119,140.0,9.765215,10.0,0.260344,0.258824,0.022395,0.023529,0.547103,0.54902,0.038295,0.039216,211.784433,2.468664,0.999072,-0.526236,-0.849247,0.284345,0.284884,0.331039,0.330688,0.384615,0.384,121.019718,122.0,215.0,219.0,222.0,-111.0,-98.0,-82.0,0.483721,0.552511,0.630631,7641,7641,0,0.0,1.0,0.0,3797,pass,
glucose_05_c0.5_wC11,glucose_05_c0.5,glucose,5,0.5,C11,3,11,crops/glucose/glucose_05_c0.5/glucose_05_c0.5_wC11.png,65.525,101.548812,102.0,9.415666,10.0,116.773725,118.0,9.861403,11.0,137.258968,138.0,9.977255,12.0,0.261235,0.258824,0.021919,0.023529,0.53827,0.541176,0.039126,0.047059,214.12953,2.58281,0.998984,-0.560496,-0.826931,0.285317,0.285714,0.328336,0.327957,0.386347,0.385675,118.527168,119.333333,207.0,211.0,214.0,-105.0,-93.0,-76.0,0.492754,0.559242,0.64486,6607,6607,0,0.0,1.0,0.0,3281,pass,
glucose_05_c0.5_wC12,glucose_05_c0.5,glucose,5,0.5,C12,3,12,crops/glucose/glucose_05_c0.5/glucose_05_c0.5_wC12.png,63.505,118.780515,120.0,6.605149,8.0,135.39211,136.0,6.346975,7.0,157.005153,158.0,7.093689,9.0,0.243814,0.243137,0.011806,0.015686,0.615706,0.619608,0.027818,0.035294,214.025485,2.473613,0.999068,-0.55904,-0.828017,0.288775,0.289157,0.329311,0.327945,0.381914,0.382075,137.059259,137.666667,107.5,113.0,117.0,12.5,23.0,41.0,1.116279,1.20354,1.350427,6210,6210,0,0.0,1.0,0.0,3076,pass,
glucose_05_c0.5_wD01,glucose_05_c0.5,glucose,5,0.5,D01,4,1,crops/glucose/glucose_05_c0.5/glucose_05_c0.5_wD01.png,66.647,124.890611,125.0,7.961576,8.0,143.083943,144.0,7.622777,8.0,162.038754,163.0,8.164501,8.0,0.229667,0.231373,0.016329,0.019608,0.635446,0.639216,0.032018,0.031373,210.638927,2.942771,0.998682,-0.508954,-0.859262,0.290293,0.290618,0.332778,0.331787,0.376929,0.377273,143.337769,143.666667,211.0,216.0,218.0,-86.0,-72.0,-55.0,0.592417,0.666667,0.747706,6838,6838,0,0.0,1.0,0.0,3421,pass,
glucose_05_c0.5_wD02,glucose_05_c0.5,glucose,5,0.5,D02,4,2,crops/glucose/glucose_05_c0.5/glucose_05_c0.5_wD02.png,69.34,112.226486,113.0,8.951101,9.0,128.653378,130.0,9.165446,10.0,147.586892,148.0,9.267658,10.0,0.240328,0.239216,0.019645,0.023529,0.578772,0.580392,0.036344,0.039216,211.9245,2.09477,0.999332,-0.528448,-0.848179,0.288681,0.289003,0.331153,0.330864,0.380166,0.379902,129.488919,130.333333,216.0,221.0,223.0,-103.0,-91.0,-75.0,0.523148,0.588235,0.663677,7400,7400,0,0.0,1.0,0.0,3655,pass,
glucose_05_c0.5_wD03,glucose_05_c0.5,glucose,5,0.5,D03,4,3,crops/glucose/glucose_05_c0.5/glucose_05_c0.5_wD03.png,60.364,106.968081,106.0,8.44126,9.0,122.963267,122.0,8.255833,9.0,143.974857,143.0,8.416467,9.0,0.25787,0.258824,0.018312,0.023529,0.564607,0.560784,0.033006,0.035294,213.799367,1.867171,0.999469,-0.555991,-0.830549,0.285868,0.285714,0.32886,0.328395,0.385273,0.385246,124.635402,124.0,39.0,45.0,56.0,67.0,77.0,87.0,2.717949,2.711111,2.553571,5608,5608,0,0.0,1.0,0.0,2775,pass,
glucose_05_c0.5_wD04,glucose_05_c0.5,glucose,5,0.5,D04,4,4,crops/glucose/glucose_05_c0.5/glucose_05_c0.5_wD04.png,64.852,105.221982,105.0,7.700222,8.0,121.736647,122.0,7.855408,9.0,141.587681,142.0,8.437022,9.0,0.257374,0.258824,0.01564,0.019608,0.555246,0.556863,0.033086,0.035294,212.528467,2.072397,0.999346,-0.537367,-0.842573,0.285355,0.285319,0.330328,0.330623,0.384317,0.384409,122.84877,123.0,202.0,207.0,210.0,-97.0,-85.0,-68.0,0.519802,0.589372,0.67619,6478,6478,0,0.0,1.0,0.0,3207,pass,
glucose_05_c0.5_wD05,glucose_05_c0.5,glucose,5,0.5,D05,4,5,crops/glucose/glucose_05_c0.5/glucose_05_c0.5_wD05.png,60.812,104.437456,105.0,6.423105,7.0,121.125088,121.0,6.390723,7.0,140.687456,141.0,7.05125,8.0,0.258052,0.258824,0.012601,0.011765,0.551716,0.552941,0.027652,0.031373,212.041235,1.73497,0.999542,-0.530286,-0.847278,0.28504,0.285303,0.330742,0.330645,0.384218,0.384,122.083333,122.333333,47.0,54.0,63.0,58.0,67.0,78.0,2.234043,2.240741,2.238095,5692,5692,0,0.0,1.0,0.0,2810,pass,
glucose_05_c0.5_wD06,glucose_05_c0.5,glucose,5,0.5,D06,4,6,crops/glucose/glucose_05_c0.5/glucose_05_c0.5_wD06.png,64.852,103.44575,103.0,6.309048,7.0,119.061978,119.0,6.103489,7.0,137.307264,137.0,6.903611,8.0,0.247,0.247059,0.012999,0.015686,0.53846,0.537255,0.027073,0.031373,212.194518,2.236936,0.999238,-0.532389,-0.845599,0.287381,0.287634,0.330941,0.32973,0.381679,0.382271,119.938331,119.333333,203.0,207.0,209.0,-100.0,-88.0,-72.0,0.507389,0.574879,0.655502,6470,6470,0,0.0,1.0,0.0,3211,pass,
glucose_05_c0.5_wD07,glucose_05_c0.5,glucose,5,0.5,D07,4,7,crops/glucose/glucose_05_c0.5/glucose_05_c0.5_wD07.png,69.564,94.456107,94.0,7.44256,9.0,110.792752,110.0,7.275979,9.0,128.51651,128.0,7.388077,9.0,0.265821,0.262745,0.019883,0.023529,0.503986,0.501961,0.028973,0.035294,211.177851,2.35723,0.999154,-0.517258,-0.854841,0.282759,0.283133,0.331958,0.332288,0.385283,0.38488,111.255123,110.666667,210.0,214.0,216.0,-116.0,-104.0,-88.0,0.447619,0.514019,0.592593,7450,7450,0,0.0,1.0,0.0,3689,pass,
glucose_05_c0.5_wD08,glucose_05_c0.5,glucose,5,0.5,D08,4,8,crops/glucose/glucose_05_c0.5/glucose_05_c0.5_wD08.png,60.588,93.159682,93.0,8.011804,10.0,109.160212,109.0,8.040688,10.0,128.515119,128.0,8.18256,10.0,0.276161,0.27451,0.018223,0.019608,0.503981,0.501961,0.032088,0.039216,212.315049,2.02909,0.999373,-0.534239,-0.844592,0.281331,0.281734,0.329947,0.329513,0.388723,0.388715,110.278338,110.333333,37.0,42.0,49.0,56.0,67.0,79.0,2.513514,2.595238,2.612245,5655,5655,0,0.0,1.0,0.0,2801,pass,
glucose_05_c0.5_wD09,glucose_05_c0.5,glucose,5,0.5,D09,4,9,crops/glucose/glucose_05_c0.5/glucose_05_c0.5_wD09.png,60.139,96.291689,96.0,10.529962,12.0,112.709567,113.0,10.540603,13.0,130.851373,131.0,10.476452,13.0,0.265767,0.266667,0.024746,0.027451,0.513143,0.513725,0.041084,0.05098,211.232504,1.706053,0.999557,-0.518282,-0.854691,0.282883,0.283237,0.331619,0.332308,0.385498,0.385294,113.28421,113.0,36.0,42.0,47.0,60.0,71.0,84.0,2.666667,2.690476,2.787234,5571,5571,0,0.0,1.0,0.0,2761,pass,
glucose_05_c0.5_wD10,glucose_05_c0.5,glucose,5,0.5,D10,4,10,crops/glucose/glucose_05_c0.5/glucose_05_c0.5_wD10.png,65.749,98.954184,100.0,10.18276,12.0,115.621,116.0,10.143915,12.0,133.58615,134.0,10.43128,13.0,0.26062,0.258824,0.023241,0.023529,0.523867,0.52549,0.040907,0.05098,211.00138,1.894344,0.999454,-0.514777,-0.856687,0.283817,0.284153,0.332109,0.332288,0.384075,0.383954,116.053778,116.666667,210.0,214.0,215.0,-110.0,-98.0,-81.0,0.47619,0.542056,0.623256,6657,6657,0,0.0,1.0,0.0,3289,pass,
glucose_05_c0.5_wD11,glucose_05_c0.5,glucose,5,0.5,D11,4,11,crops/glucose/glucose_05_c0.5/glucose_05_c0.5_wD11.png,69.115,100.748673,102.0,9.31307,12.0,117.063274,118.0,9.220331,11.0,136.333923,137.0,9.050564,11.0,0.262282,0.258824,0.024526,0.027451,0.534643,0.537255,0.035492,0.043137,212.295689,2.532772,0.999023,-0.533767,-0.844477,0.284139,0.284884,0.330522,0.330508,0.385339,0.384409,118.048623,118.666667,215.0,218.0,220.0,-113.0,-100.0,-83.0,0.474419,0.541284,0.622727,7349,7349,0,0.0,1.0,0.0,3643,pass,
glucose_05_c0.5_wD12,glucose_05_c0.5,glucose,5,0.5,D12,4,12,crops/glucose/glucose_05_c0.5/glucose_05_c0.5_wD12.png,71.808,110.3065,110.0,10.371284,9.0,126.627488,126.0,10.543384,10.0,147.443941,148.0,10.859577,10.0,0.25317,0.254902,0.024517,0.023529,0.578212,0.580392,0.042587,0.039216,213.702492,2.822654,0.998787,-0.554208,-0.830921,0.286605,0.286822,0.329429,0.328125,0.383965,0.384615,128.125976,128.333333,211.0,215.0,217.0,-101.0,-89.0,-69.0,0.521327,0.586047,0.682028,7938,7938,0,0.0,1.0,0.0,3941,pass,
glucose_05_c0.5_wE01,glucose_05_c0.5,glucose,5,0.5,E01,5,1,crops/glucose/glucose_05_c0.5/glucose_05_c0.5_wE01.png,70.237,124.10735,125.0,8.45098,11.0,142.465622,143.0,8.17093,11.0,161.975237,163.0,9.388069,13.0,0.234184,0.235294,0.012996,0.015686,0.635197,0.639216,0.036816,0.05098,211.109715,2.876461,0.998741,-0.516028,-0.855101,0.289464,0.28972,0.332507,0.331742,0.37803,0.378261,142.849403,144.0,215.0,220.0,221.0,-90.0,-77.0,-58.0,0.581395,0.65,0.737557,7592,7592,0,0.0,1.0,0.0,3769,pass,
glucose_05_c0.5_wE02,glucose_05_c0.5,glucose,5,0.5,E02,5,2,crops/glucose/glucose_05_c0.5/glucose_05_c0.5_wE02.png,63.281,108.002436,107.0,9.165426,12.0,124.709436,124.0,9.232186,12.0,144.570408,144.0,9.355873,13.0,0.253845,0.254902,0.019088,0.023529,0.566943,0.564706,0.03669,0.05098,212.433393,2.536392,0.999021,-0.535794,-0.843189,0.28603,0.286089,0.330531,0.330709,0.383438,0.383523,125.76076,125.333333,118.5,124.0,128.0,-11.5,0.0,16.0,0.902954,1.0,1.125,6157,6157,0,0.0,1.0,0.0,3060,pass,
glucose_05_c0.5_wE03,glucose_05_c0.5,glucose,5,0.5,E03,5,3,crops/glucose/glucose_05_c0.5/glucose_05_c0.5_wE03.png,60.588,101.602439,102.0,8.256119,9.0,117.584762,118.0,8.190757,10.0,136.731837,137.0,8.845383,11.0,0.257673,0.258824,0.01747,0.019608,0.536203,0.537255,0.034688,0.043137,212.386166,1.828053,0.999491,-0.53535,-0.844028,0.285251,0.285333,0.330401,0.33046,0.384348,0.384409,118.639679,118.666667,34.0,40.0,49.0,68.0,78.0,88.0,3.0,2.95,2.795918,5657,5657,0,0.0,1.0,0.0,2805,pass,
glucose_05_c0.5_wE04,glucose_05_c0.5,glucose,5,0.5,E04,5,4,crops/glucose/glucose_05_c0.5/glucose_05_c0.5_wE04.png,70.91,99.509434,99.0,7.945942,11.0,115.732877,115.0,8.016241,10.0,134.958129,134.0,8.896888,12.0,0.263251,0.262745,0.019071,0.023529,0.529248,0.52549,0.03489,0.047059,212.459864,2.63282,0.998945,-0.536142,-0.842877,0.283967,0.284182,0.330511,0.330435,0.385523,0.385294,116.73348,116.333333,209.0,213.0,215.0,-110.0,-98.0,-81.0,0.473684,0.539906,0.623256,7738,7738,0,0.0,1.0,0.0,3838,pass,
glucose_05_c0.5_wE05,glucose_05_c0.5,glucose,5,0.5,E05,5,5,crops/glucose/glucose_05_c0.5/glucose_05_c0.5_wE05.png,67.993,99.00014,99.0,7.936165,11.0,114.930318,115.0,8.029706,11.0,133.926946,134.0,8.163939,10.0,0.261536,0.262745,0.020205,0.031373,0.525204,0.52549,0.032015,0.039216,212.469049,2.681886,0.998905,-0.536256,-0.842758,0.284386,0.284431,0.330385,0.330128,0.385229,0.385621,115.952468,115.666667,211.0,215.0,217.0,-112.0,-100.0,-83.0,0.469194,0.534884,0.617512,7118,7118,0,0.0,1.0,0.0,3555,pass,
glucose_05_c0.5_wE06,glucose_05_c0.5,glucose,5,0.5,E06,5,6,crops/glucose/glucose_05_c0.5/glucose_05_c0.5_wE06.png,65.749,93.251165,93.0,6.045363,6.0,108.435443,108.0,5.96754,5.0,127.53179,128.0,6.27297,6.0,0.269366,0.270588,0.015887,0.019608,0.500125,0.501961,0.0246,0.023529,213.253437,1.671348,0.999575,-0.54811,-0.835898,0.283093,0.283077,0.329385,0.329231,0.387523,0.387692,109.739466,110.0,205.0,209.0,211.0,-112.0,-101.0,-83.0,0.453659,0.516746,0.606635,6653,6653,0,0.0,1.0,0.0,3310,pass,
glucose_05_c0.5_wE07,glucose_05_c0.5,glucose,5,0.5,E07,5,7,crops/glucose/glucose_05_c0.5/glucose_05_c0.5_wE07.png,64.403,97.040225,97.0,5.850042,7.0,112.848646,113.0,5.730563,7.0,132.048051,132.0,5.948575,7.0,0.265659,0.266667,0.015698,0.015686,0.517835,0.517647,0.023328,0.027451,212.506044,2.243527,0.999234,-0.536977,-0.842688,0.283667,0.283626,0.330038,0.329513,0.386295,0.387195,113.978974,114.0,199.0,204.0,205.0,-102.0,-91.0,-73.0,0.487437,0.553922,0.643902,6389,6389,0,0.0,1.0,0.0,3167,pass,
glucose_05_c0.5_wE08,glucose_05_c0.5,glucose,5,0.5,E08,5,8,crops/glucose/glucose_05_c0.5/glucose_05_c0.5_wE08.png,60.364,93.992866,94.0,7.014771,8.0,109.25807,110.0,6.892401,7.0,129.221866,130.0,6.924392,8.0,0.273673,0.27451,0.017986,0.019608,0.506752,0.509804,0.027154,0.031373,213.483075,1.32178,0.999734,-0.551544,-0.833827,0.282482,0.283077,0.328613,0.327684,0.388905,0.388715,110.824267,111.0,37.0,42.0,49.0,57.0,68.0,81.0,2.540541,2.619048,2.653061,5607,5607,0,0.0,1.0,0.0,2782,pass,
glucose_05_c0.5_wE09,glucose_05_c0.5,glucose,5,0.5,E09,5,9,crops/glucose/glucose_05_c0.5/glucose_05_c0.5_wE09.png,68.218,102.786243,104.0,6.821249,8.0,119.646016,120.0,6.81233,7.0,138.773685,140.0,7.447757,8.0,0.259674,0.258824,0.013336,0.011765,0.544211,0.54902,0.029207,0.031373,211.455826,1.483289,0.999665,-0.521666,-0.852757,0.284429,0.284553,0.331268,0.330645,0.384303,0.384824,120.401981,121.0,216.0,219.0,220.0,-112.0,-99.0,-80.0,0.481481,0.547945,0.636364,7167,7167,0,0.0,1.0,0.0,3548,pass,
glucose_05_c0.5_wE10,glucose_05_c0.5,glucose,5,0.5,E10,5,10,crops/glucose/glucose_05_c0.5/glucose_05_c0.5_wE10.png,69.564,102.096394,102.0,11.513078,11.0,118.107253,118.0,11.623433,11.0,136.395227,136.0,11.307941,11.0,0.253702,0.25098,0.029835,0.023529,0.534883,0.533333,0.044345,0.043137,211.791875,2.69171,0.998897,-0.526254,-0.84903,0.285732,0.286486,0.331121,0.332344,0.383147,0.382271,118.866291,119.0,213.0,216.0,218.0,-111.0,-98.0,-82.0,0.478873,0.546296,0.623853,7459,7459,0,0.0,1.0,0.0,3706,pass,
glucose_05_c0.5_wE11,glucose_05_c0.5,glucose,5,0.5,E11,5,11,crops/glucose/glucose_05_c0.5/glucose_05_c0.5_wE11.png,66.422,109.8534,109.0,7.461707,8.0,126.094201,126.0,7.633646,8.0,145.573447,145.0,8.340204,10.0,0.245731,0.247059,0.0172,0.019608,0.570876,0.568627,0.032707,0.039216,212.578199,2.104692,0.999326,-0.538087,-0.842089,0.287816,0.287599,0.330514,0.330688,0.38167,0.381679,127.173683,126.333333,206.0,210.0,213.0,-97.0,-84.0,-68.0,0.529126,0.6,0.680751,6794,6794,0,0.0,1.0,0.0,3373,pass,
glucose_05_c0.5_wE12,glucose_05_c0.5,glucose,5,0.5,E12,5,12,crops/glucose/glucose_05_c0.5/glucose_05_c0.5_wE12.png,61.261,111.29674,111.0,6.890367,9.0,127.276448,127.0,6.812276,9.0,147.913458,148.0,6.676872,8.0,0.248056,0.247059,0.016411,0.023529,0.580053,0.580392,0.026184,0.031373,213.574175,1.838468,0.999485,-0.552731,-0.832742,0.287831,0.288,0.329301,0.329545,0.382869,0.382429,128.828882,129.0,56.0,62.0,69.0,55.0,65.0,79.0,1.982143,2.048387,2.144928,5766,5766,0,0.0,1.0,0.0,2861,pass,
glucose_05_c0.5_wF01,glucose_05_c0.5,glucose,5,0.5,F01,6,1,crops/glucose/glucose_05_c0.5/glucose_05_c0.5_wF01.png,61.037,118.641848,119.0,5.717322,6.0,136.493984,137.0,5.631824,5.0,157.645859,158.0,5.815617,6.0,0.24775,0.247059,0.01136,0.011765,0.618219,0.619608,0.022806,0.023529,213.060618,2.065389,0.99935,-0.545172,-0.83755,0.28734,0.287411,0.330674,0.330189,0.381985,0.382423,137.593897,138.333333,57.0,64.0,74.0,62.0,73.0,84.0,2.087719,2.140625,2.135135,5735,5735,0,0.0,1.0,0.0,2836,pass,
glucose_05_c0.5_wF02,glucose_05_c0.5,glucose,5,0.5,F02,6,2,crops/glucose/glucose_05_c0.5/glucose_05_c0.5_wF02.png,70.237,104.46628,105.0,7.095886,8.0,121.330084,121.0,6.888132,8.0,140.534642,141.0,7.57054,9.0,0.257182,0.258824,0.016823,0.019608,0.551116,0.552941,0.029688,0.035294,211.799791,2.972199,0.998655,-0.526244,-0.848752,0.285012,0.28496,0.331244,0.330709,0.383744,0.384,122.110335,122.333333,212.0,216.0,218.0,-107.0,-95.0,-77.0,0.495283,0.560185,0.646789,7592,7592,0,0.0,1.0,0.0,3759,pass,
glucose_05_c0.5_wF03,glucose_05_c0.5,glucose,5,0.5,F03,6,3,crops/glucose/glucose_05_c0.5/glucose_05_c0.5_wF03.png,69.788,97.476273,97.0,7.275414,8.0,113.915489,114.0,7.158956,7.0,132.750333,133.0,7.829064,9.0,0.266322,0.266667,0.017224,0.023529,0.52059,0.521569,0.030702,0.035294,211.837518,2.68392,0.998903,-0.526934,-0.848616,0.283066,0.283133,0.331051,0.330579,0.385882,0.385757,114.714032,114.666667,211.0,216.0,217.0,-114.0,-102.0,-84.0,0.459716,0.527778,0.612903,7502,7502,0,0.0,1.0,0.0,3729,pass,
glucose_05_c0.5_wF04,glucose_05_c0.5,glucose,5,0.5,F04,6,4,crops/glucose/glucose_05_c0.5/glucose_05_c0.5_wF04.png,68.218,96.054348,96.0,7.450027,9.0,111.532469,112.0,7.315517,9.0,131.423077,132.0,7.785477,9.0,0.270034,0.270588,0.016888,0.015686,0.515385,0.517647,0.030531,0.035294,213.174775,1.981688,0.999402,-0.546868,-0.836505,0.283133,0.283186,0.329016,0.327778,0.387851,0.387931,113.003298,113.0,212.0,215.0,218.0,-116.0,-103.0,-86.0,0.45283,0.52093,0.605505,7176,7176,0,0.0,1.0,0.0,3544,pass,
glucose_05_c0.5_wF05,glucose_05_c0.5,glucose,5,0.5,F05,6,5,crops/glucose/glucose_05_c0.5/glucose_05_c0.5_wF05.png,69.564,87.893648,88.0,5.800378,6.0,103.701625,104.0,6.158126,7.0,119.59393,120.0,6.260965,7.0,0.26541,0.262745,0.014243,0.019608,0.468996,0.470588,0.024553,0.027451,210.196195,2.153102,0.999294,-0.502608,-0.863698,0.282322,0.28254,0.333226,0.333333,0.384452,0.384127,103.729735,104.0,206.0,210.0,212.0,-118.0,-106.0,-92.0,0.427184,0.495238,0.566038,7447,7447,0,0.0,1.0,0.0,3689,pass,
glucose_05_c0.5_wF06,glucose_05_c0.5,glucose,5,0.5,F06,6,6,crops/glucose/glucose_05_c0.5/glucose_05_c0.5_wF06.png,60.588,93.390619,93.0,6.902544,8.0,108.549204,108.0,6.894898,8.0,128.074336,127.0,7.249178,8.0,0.271477,0.270588,0.014568,0.019608,0.502252,0.498039,0.028428,0.031373,213.523486,1.43509,0.999686,-0.552106,-0.833398,0.282814,0.282609,0.328928,0.329073,0.388259,0.388316,110.00472,109.333333,28.0,34.0,41.0,65.0,74.0,86.0,3.321429,3.176471,3.097561,5650,5650,0,0.0,1.0,0.0,2791,pass,
glucose_05_c0.5_wF07,glucose_05_c0.5,glucose,5,0.5,F07,6,7,crops/glucose/glucose_05_c0.5/glucose_05_c0.5_wF07.png,65.3,92.028641,91.0,7.814487,8.0,107.71755,107.0,7.729057,9.0,126.47075,126.0,8.123132,9.0,0.273344,0.27451,0.021002,0.023529,0.495964,0.494118,0.031855,0.035294,212.302801,2.188775,0.999271,-0.534004,-0.844619,0.28182,0.281818,0.330222,0.329268,0.387958,0.38796,108.73898,108.0,197.0,202.0,203.0,-106.0,-95.0,-77.0,0.461929,0.529703,0.62069,6564,6564,0,0.0,1.0,0.0,3253,pass,
glucose_05_c0.5_wF08,glucose_05_c0.5,glucose,5,0.5,F08,6,8,crops/glucose/glucose_05_c0.5/glucose_05_c0.5_wF08.png,61.261,93.694598,93.0,7.017406,7.0,110.067694,109.0,6.971034,7.0,128.832583,128.0,7.589461,9.0,0.273159,0.27451,0.016542,0.023529,0.505226,0.501961,0.029763,0.035294,211.729325,1.609773,0.999605,-0.5257,-0.850206,0.281536,0.281437,0.330964,0.330409,0.3875,0.38796,110.864958,110.0,60.0,64.0,69.0,33.0,45.0,59.0,1.55,1.703125,1.855072,5776,5776,0,0.0,1.0,0.0,2862,pass,
glucose_05_c0.5_wF09,glucose_05_c0.5,glucose,5,0.5,F09,6,9,crops/glucose/glucose_05_c0.5/glucose_05_c0.5_wF09.png,68.442,94.571844,94.0,6.945172,11.0,111.203409,111.0,6.907446,10.0,128.622004,128.0,7.898631,12.0,0.265209,0.266667,0.012407,0.015686,0.5044,0.501961,0.030975,0.047059,210.597483,2.522828,0.999031,-0.50851,-0.85993,0.282657,0.282675,0.332615,0.332386,0.384728,0.384375,111.465752,110.666667,210.0,214.0,215.0,-116.0,-103.0,-87.0,0.447619,0.518692,0.595349,7217,7217,0,0.0,1.0,0.0,3570,pass,
glucose_05_c0.5_wF10,glucose_05_c0.5,glucose,5,0.5,F10,6,10,crops/glucose/glucose_05_c0.5/glucose_05_c0.5_wF10.png,69.115,99.207324,99.0,7.064493,8.0,115.642935,115.0,7.272537,9.0,134.756194,135.0,6.95335,8.0,0.264449,0.266667,0.018127,0.027451,0.528456,0.529412,0.027268,0.031373,211.942586,2.013807,0.999383,-0.528743,-0.848055,0.283593,0.283747,0.330741,0.33046,0.385666,0.386111,116.535484,116.333333,211.0,215.0,216.0,-112.0,-100.0,-81.0,0.469194,0.534884,0.625,7346,7346,0,0.0,1.0,0.0,3651,pass,
glucose_05_c0.5_wF11,glucose_05_c0.5,glucose,5,0.5,F11,6,11,crops/glucose/glucose_05_c0.5/glucose_05_c0.5_wF11.png,65.076,106.277199,106.0,6.358403,8.0,122.957554,123.0,6.479951,8.0,142.084738,142.0,6.903389,9.0,0.252318,0.254902,0.013643,0.015686,0.557195,0.556863,0.027072,0.035294,211.672084,1.412773,0.999696,-0.524897,-0.850808,0.286114,0.286089,0.331143,0.330709,0.382743,0.383202,123.773164,124.0,201.0,207.0,209.0,-95.0,-84.0,-67.0,0.527363,0.594203,0.679426,6526,6526,0,0.0,1.0,0.0,3231,pass,
glucose_05_c0.5_wF12,glucose_05_c0.5,glucose,5,0.5,F12,6,12,crops/glucose/glucose_05_c0.5/glucose_05_c0.5_wF12.png,70.462,113.561282,115.0,8.6116,7.0,129.961413,132.0,8.669739,7.0,150.238718,152.0,8.742994,8.0,0.244947,0.243137,0.020017,0.015686,0.589171,0.596078,0.034286,0.031373,212.860638,2.187471,0.999271,-0.542202,-0.839381,0.288154,0.288835,0.330032,0.330808,0.381815,0.381313,131.253804,133.0,211.0,215.0,217.0,-96.0,-83.0,-65.0,0.545024,0.613953,0.700461,7645,7645,0,0.0,1.0,0.0,3790,pass,
glucose_05_c0.5_wG01,glucose_05_c0.5,glucose,5,0.5,G01,7,1,crops/glucose/glucose_05_c0.5/glucose_05_c0.5_wG01.png,65.3,121.697057,122.0,7.407951,8.0,139.784418,140.0,7.336646,8.0,160.323677,161.0,7.501586,9.0,0.241378,0.243137,0.014812,0.019608,0.62872,0.631373,0.029418,0.035294,212.323911,2.328379,0.999175,-0.534264,-0.844341,0.288386,0.288684,0.331401,0.331565,0.380213,0.380488,140.601718,141.333333,207.0,213.0,215.0,-85.0,-73.0,-54.0,0.589372,0.657277,0.748837,6559,6559,0,0.0,1.0,0.0,3257,pass,
glucose_05_c0.5_wG02,glucose_05_c0.5,glucose,5,0.5,G02,7,2,crops/glucose/glucose_05_c0.5/glucose_05_c0.5_wG02.png,64.403,105.571227,105.0,8.078975,9.0,123.406833,123.0,8.098921,10.0,144.309513,144.0,8.570199,10.0,0.268934,0.270588,0.016992,0.019608,0.56592,0.564706,0.033609,0.039216,212.911729,2.132016,0.999308,-0.54297,-0.838928,0.282624,0.282548,0.330608,0.329923,0.386768,0.387013,124.429191,124.333333,198.0,205.0,209.0,-93.0,-82.0,-65.0,0.530303,0.6,0.688995,6381,6381,0,0.0,1.0,0.0,3163,pass,
glucose_05_c0.5_wG03,glucose_05_c0.5,glucose,5,0.5,G03,7,3,crops/glucose/glucose_05_c0.5/glucose_05_c0.5_wG03.png,70.013,97.226315,97.0,8.813209,11.0,113.794223,114.0,8.65536,11.0,132.957732,133.0,9.446813,11.0,0.269674,0.270588,0.018457,0.019608,0.521403,0.521569,0.037046,0.043137,211.750799,2.634328,0.998944,-0.52567,-0.849447,0.282385,0.282468,0.330871,0.330729,0.386744,0.386555,114.659423,114.333333,210.0,215.0,216.0,-113.0,-101.0,-83.0,0.461905,0.530233,0.615741,7547,7547,0,0.0,1.0,0.0,3730,pass,
glucose_05_c0.5_wG04,glucose_05_c0.5,glucose,5,0.5,G04,7,4,crops/glucose/glucose_05_c0.5/glucose_05_c0.5_wG04.png,64.178,91.175228,91.0,6.037794,6.0,107.932556,107.0,6.03688,7.0,126.374409,126.0,6.289682,7.0,0.278824,0.278431,0.019935,0.027451,0.495586,0.494118,0.024665,0.027451,211.294812,2.450694,0.999086,-0.518967,-0.853725,0.279974,0.279503,0.331613,0.332268,0.388413,0.388406,108.494065,108.0,160.0,165.0,170.0,-69.0,-58.0,-44.0,0.56875,0.648485,0.741176,6346,6346,0,0.0,1.0,0.0,3141,pass,
glucose_05_c0.5_wG05,glucose_05_c0.5,glucose,5,0.5,G05,7,5,crops/glucose/glucose_05_c0.5/glucose_05_c0.5_wG05.png,60.588,91.513533,91.0,5.376111,6.0,106.788608,107.0,5.32407,6.0,126.054661,126.0,6.006661,8.0,0.27433,0.27451,0.015743,0.015686,0.494332,0.494118,0.023556,0.031373,213.050111,2.053279,0.999358,-0.545022,-0.837656,0.28203,0.281967,0.329258,0.327586,0.388712,0.389381,108.118934,108.0,41.0,48.0,56.0,50.0,59.0,70.0,2.219512,2.229167,2.25,5653,5653,0,0.0,1.0,0.0,2791,pass,
glucose_05_c0.5_wG06,glucose_05_c0.5,glucose,5,0.5,G06,7,6,crops/glucose/glucose_05_c0.5/glucose_05_c0.5_wG06.png,65.076,83.825907,84.0,6.01925,7.0,99.845421,100.0,6.229632,7.0,119.293024,119.0,6.448775,8.0,0.297799,0.298039,0.017478,0.023529,0.467816,0.466667,0.025289,0.031373,212.549384,1.447546,0.999681,-0.537855,-0.842659,0.276519,0.276316,0.329543,0.329932,0.393937,0.394231,100.988117,101.0,200.0,205.0,207.0,-116.0,-105.0,-88.0,0.42,0.487805,0.574879,6508,6508,0,0.0,1.0,0.0,3235,pass,
glucose_05_c0.5_wG07,glucose_05_c0.5,glucose,5,0.5,G07,7,7,crops/glucose/glucose_05_c0.5/glucose_05_c0.5_wG07.png,69.788,86.161639,86.0,5.135267,6.0,102.252403,102.0,5.298431,7.0,121.338628,121.0,5.776421,7.0,0.290007,0.290196,0.020268,0.023529,0.475838,0.47451,0.022653,0.027451,212.326206,2.446107,0.999089,-0.534252,-0.844248,0.278062,0.277778,0.330109,0.330065,0.391829,0.392027,103.25089,103.0,203.0,207.0,209.0,-117.0,-105.0,-88.0,0.423645,0.492754,0.578947,7492,7492,0,0.0,1.0,0.0,3706,pass,
glucose_05_c0.5_wG08,glucose_05_c0.5,glucose,5,0.5,G08,7,8,crops/glucose/glucose_05_c0.5/glucose_05_c0.5_wG08.png,64.403,87.962882,87.0,5.930189,7.0,104.164135,103.0,6.125674,7.0,122.571182,122.0,6.129916,7.0,0.282741,0.286275,0.018261,0.023529,0.480671,0.478431,0.024039,0.027451,211.668233,2.107624,0.999324,-0.524645,-0.850527,0.279369,0.279221,0.330974,0.330218,0.389657,0.390323,104.8994,104.0,197.0,201.0,204.0,-110.0,-98.0,-82.0,0.441624,0.512438,0.598039,6385,6385,0,0.0,1.0,0.0,3166,pass,
glucose_05_c0.5_wG09,glucose_05_c0.5,glucose,5,0.5,G09,7,9,crops/glucose/glucose_05_c0.5/glucose_05_c0.5_wG09.png,64.403,86.70718,87.0,6.266687,5.0,102.355389,103.0,6.193634,5.0,119.893477,120.0,6.755576,7.0,0.277404,0.27451,0.019478,0.015686,0.47017,0.470588,0.026492,0.027451,211.724001,2.308325,0.999189,-0.525401,-0.849901,0.280439,0.281046,0.331322,0.332288,0.38824,0.387195,102.985349,103.0,197.0,201.5,203.0,-110.0,-98.5,-83.0,0.441624,0.511166,0.591133,6393,6393,0,0.0,1.0,0.0,3176,pass,
glucose_05_c0.5_wG10,glucose_05_c0.5,glucose,5,0.5,G10,7,10,crops/glucose/glucose_05_c0.5/glucose_05_c0.5_wG10.png,67.096,89.381585,90.0,6.558892,8.0,106.288786,107.0,6.665255,8.0,125.437148,126.0,6.460901,7.0,0.288101,0.290196,0.018256,0.019608,0.49191,0.494118,0.025337,0.027451,211.470854,1.519311,0.999648,-0.521881,-0.852606,0.278147,0.277966,0.330977,0.330303,0.390876,0.391437,107.03584,107.333333,212.0,216.0,218.0,-122.0,-109.0,-92.0,0.424528,0.49537,0.577982,6929,6929,0,0.0,1.0,0.0,3436,pass,
glucose_05_c0.5_wG11,glucose_05_c0.5,glucose,5,0.5,G11,7,11,crops/glucose/glucose_05_c0.5/glucose_05_c0.5_wG11.png,65.974,95.259767,96.0,7.99317,8.0,111.489412,112.0,7.844102,8.0,129.895467,131.0,8.876507,9.0,0.267565,0.266667,0.023436,0.023529,0.509394,0.513725,0.03481,0.035294,211.450341,3.42788,0.998212,-0.520826,-0.851567,0.282669,0.283186,0.331258,0.330532,0.386073,0.385852,112.214882,112.666667,208.0,212.0,214.0,-112.0,-100.0,-83.0,0.461538,0.528302,0.61215,6706,6706,0,0.0,1.0,0.0,3325,pass,
glucose_05_c0.5_wG12,glucose_05_c0.5,glucose,5,0.5,G12,7,12,crops/glucose/glucose_05_c0.5/glucose_05_c0.5_wG12.png,67.769,107.997454,108.0,6.800844,9.0,124.975389,125.0,6.734233,9.0,144.458274,145.0,7.078617,9.0,0.252832,0.254902,0.013895,0.019608,0.566503,0.568627,0.027759,0.035294,211.687428,2.139155,0.999303,-0.524919,-0.850334,0.286001,0.286089,0.331136,0.330769,0.382863,0.382812,125.810372,126.0,212.0,216.0,218.0,-104.0,-91.0,-73.0,0.509434,0.578704,0.665138,7070,7070,0,0.0,1.0,0.0,3505,pass,
glucose_05_c0.5_wH01,glucose_05_c0.5,glucose,5,0.5,H01,8,1,crops/glucose/glucose_05_c0.5/glucose_05_c0.5_wH01.png,65.076,122.619684,123.0,7.518777,8.0,142.516505,143.0,7.229608,8.0,164.686627,166.0,7.309728,8.0,0.255958,0.254902,0.017017,0.019608,0.64583,0.65098,0.028666,0.031373,211.4606,2.207243,0.999258,-0.521525,-0.852367,0.285133,0.285057,0.331579,0.330435,0.383288,0.383562,143.274272,144.0,206.0,211.0,214.0,-83.0,-68.0,-48.0,0.597087,0.677725,0.775701,6513,6513,0,0.0,1.0,0.0,3237,pass,
glucose_05_c0.5_wH02,glucose_05_c0.5,glucose,5,0.5,H02,8,2,crops/glucose/glucose_05_c0.5/glucose_05_c0.5_wH02.png,64.403,99.669381,100.0,7.555973,8.0,116.221926,117.0,7.81714,9.0,137.670478,139.0,8.246939,9.0,0.276677,0.278431,0.023493,0.023529,0.539884,0.545098,0.032341,0.035294,214.036479,2.77253,0.99883,-0.559066,-0.827712,0.281708,0.28169,0.328699,0.327225,0.389593,0.389646,117.853928,119.0,202.0,208.0,210.0,-102.0,-91.0,-71.0,0.49505,0.5625,0.661905,6385,6385,0,0.0,1.0,0.0,3162,pass,
glucose_05_c0.5_wH03,glucose_05_c0.5,glucose,5,0.5,H03,8,3,crops/glucose/glucose_05_c0.5/glucose_05_c0.5_wH03.png,64.627,92.257356,92.0,7.864943,9.0,109.116145,109.0,7.529808,8.0,129.984587,130.0,8.868804,9.0,0.290772,0.290196,0.022968,0.027451,0.509743,0.509804,0.03478,0.035294,213.093836,3.663066,0.997958,-0.544897,-0.836067,0.27819,0.278287,0.329397,0.327434,0.392413,0.393064,110.452696,110.0,194.0,199.0,202.0,-102.0,-90.0,-72.0,0.474227,0.547739,0.643564,6423,6423,0,0.0,1.0,0.0,3183,pass,
glucose_05_c0.5_wH04,glucose_05_c0.5,glucose,5,0.5,H04,8,4,crops/glucose/glucose_05_c0.5/glucose_05_c0.5_wH04.png,61.934,87.64896,88.0,5.442282,6.0,104.108273,104.0,5.203696,6.0,125.71054,126.0,6.022455,6.0,0.303135,0.305882,0.014424,0.019608,0.492983,0.494118,0.023617,0.023529,214.298421,2.672233,0.998913,-0.562891,-0.825216,0.275944,0.275862,0.327982,0.32622,0.396074,0.396667,105.822591,106.333333,87.5,96.0,103.0,0.5,8.0,23.0,1.005714,1.083333,1.223301,5911,5911,0,0.0,1.0,0.0,2928,pass,
glucose_05_c0.5_wH05,glucose_05_c0.5,glucose,5,0.5,H05,8,5,crops/glucose/glucose_05_c0.5/glucose_05_c0.5_wH05.png,65.076,81.411891,82.0,5.801825,7.0,99.312136,99.0,6.329898,9.0,119.800031,120.0,7.11966,10.0,0.320689,0.321569,0.019855,0.023529,0.469804,0.470588,0.02792,0.039216,212.440593,2.160128,0.99929,-0.536044,-0.843349,0.270781,0.270833,0.330458,0.329457,0.398761,0.399361,100.174686,100.333333,204.0,209.0,211.0,-122.0,-110.0,-91.0,0.401961,0.473684,0.56872,6526,6526,0,0.0,1.0,0.0,3234,pass,
glucose_05_c0.5_wH06,glucose_05_c0.5,glucose,5,0.5,H06,8,6,crops/glucose/glucose_05_c0.5/glucose_05_c0.5_wH06.png,63.505,77.772142,77.0,5.087679,7.0,93.791304,93.0,5.669671,7.0,114.823027,114.0,4.902011,6.0,0.32325,0.329412,0.02071,0.027451,0.450286,0.447059,0.019224,0.023529,214.04935,2.649042,0.998932,-0.559309,-0.827671,0.271402,0.270903,0.327398,0.325424,0.4012,0.40339,95.462158,94.666667,197.0,203.0,205.0,-120.0,-110.0,-91.0,0.390863,0.458128,0.556098,6210,6210,0,0.0,1.0,0.0,3087,pass,
glucose_05_c0.5_wH07,glucose_05_c0.5,glucose,5,0.5,H07,8,7,crops/glucose/glucose_05_c0.5/glucose_05_c0.5_wH07.png,62.383,82.203005,83.0,4.622532,7.0,98.737563,99.0,4.811461,6.0,117.622538,119.0,5.512341,8.0,0.301374,0.301961,0.015111,0.019608,0.461265,0.466667,0.021617,0.031373,211.81269,2.377082,0.99914,-0.526691,-0.849045,0.27524,0.275168,0.33073,0.330128,0.39403,0.394231,99.521035,100.333333,143.0,149.0,152.0,-60.0,-50.0,-33.0,0.58042,0.66443,0.782895,5990,5990,0,0.0,1.0,0.0,2965,pass,
glucose_05_c0.5_wH08,glucose_05_c0.5,glucose,5,0.5,H08,8,8,crops/glucose/glucose_05_c0.5/glucose_05_c0.5_wH08.png,68.891,83.433269,84.0,5.32771,6.0,99.750069,100.0,5.555595,6.0,118.324472,119.0,5.309078,6.0,0.295325,0.294118,0.020103,0.027451,0.464018,0.466667,0.02082,0.023529,211.582266,1.923096,0.999437,-0.523427,-0.851409,0.27657,0.276667,0.330796,0.330128,0.392634,0.392617,100.502603,101.0,201.0,205.0,206.0,-117.0,-105.0,-87.0,0.41791,0.487805,0.57767,7298,7298,0,0.0,1.0,0.0,3633,pass,
glucose_05_c0.5_wH09,glucose_05_c0.5,glucose,5,0.5,H09,8,9,crops/glucose/glucose_05_c0.5/glucose_05_c0.5_wH09.png,65.525,82.67821,83.0,7.050478,6.0,98.551036,100.0,7.454079,8.0,118.202934,119.0,7.370595,7.0,0.301485,0.301961,0.024436,0.027451,0.463541,0.466667,0.028904,0.027451,212.960146,2.773146,0.998829,-0.543419,-0.838067,0.275829,0.276094,0.329058,0.329032,0.395113,0.394464,99.810726,100.666667,207.0,212.0,214.0,-124.0,-112.0,-95.0,0.400966,0.471698,0.556075,6613,6613,0,0.0,1.0,0.0,3281,pass,
glucose_05_c0.5_wH10,glucose_05_c0.5,glucose,5,0.5,H10,8,10,crops/glucose/glucose_05_c0.5/glucose_05_c0.5_wH10.png,67.32,87.495771,87.0,9.173732,10.0,103.623082,103.0,9.025111,10.0,121.649606,122.0,8.845416,10.0,0.282515,0.282353,0.030996,0.035294,0.477057,0.478431,0.034688,0.039216,211.553251,2.107702,0.999324,-0.522937,-0.851578,0.279223,0.27931,0.33128,0.332226,0.389497,0.388489,104.256153,104.0,207.0,211.0,213.0,-120.0,-108.0,-91.0,0.42029,0.488152,0.57277,6975,6975,0,0.0,1.0,0.0,3460,pass,
glucose_05_c0.5_wH11,glucose_05_c0.5,glucose,5,0.5,H11,8,11,crops/glucose/glucose_05_c0.5/glucose_05_c0.5_wH11.png,66.647,88.442592,90.0,13.155135,10.0,103.70294,106.0,13.776649,9.0,122.029838,124.0,14.366735,11.0,0.280758,0.270588,0.057014,0.027451,0.478548,0.486275,0.05634,0.043137,212.94495,3.661171,0.997961,-0.542724,-0.837482,0.279682,0.282051,0.329247,0.329231,0.391071,0.387692,104.725123,106.666667,205.0,210.0,212.0,-115.0,-104.0,-88.0,0.439024,0.504762,0.584906,6837,6837,0,0.0,1.0,0.00351,3408,pass,
glucose_05_c0.5_wH12,glucose_05_c0.5,glucose,5,0.5,H12,8,12,crops/glucose/glucose_05_c0.5/glucose_05_c0.5_wH12.png,67.096,103.528868,104.0,6.703191,7.0,120.011692,120.0,6.77296,8.0,141.847142,142.0,6.937709,8.0,0.27081,0.270588,0.015994,0.019608,0.556263,0.556863,0.027207,0.031373,214.253123,2.211305,0.999256,-0.562431,-0.825944,0.283189,0.283465,0.328437,0.327225,0.388375,0.388298,121.795901,122.333333,209.0,214.0,217.0,-105.0,-94.0,-75.0,0.497608,0.560748,0.654378,6928,6928,0,0.0,1.0,0.0,3439,pass,
glucose_06_c1_wA01,glucose_06_c1,glucose,6,1.0,A01,1,1,crops/glucose/glucose_06_c1/glucose_06_c1_wA01.png,59.69,117.946946,118.0,9.543085,10.0,136.57247,136.0,9.223612,10.0,158.247584,158.0,9.608164,10.0,0.255559,0.254902,0.017187,0.019608,0.620579,0.619608,0.037679,0.039216,212.496908,2.190474,0.999269,-0.536862,-0.842804,0.285517,0.285372,0.330897,0.330211,0.383585,0.383632,137.589,137.333333,58.0,72.0,84.0,60.0,64.0,74.0,2.034483,1.888889,1.880952,5485,5485,0,0.0,1.0,0.0,2722,pass,
glucose_06_c1_wA02,glucose_06_c1,glucose,6,1.0,A02,1,2,crops/glucose/glucose_06_c1/glucose_06_c1_wA02.png,64.852,110.522485,111.0,8.472455,10.0,129.054397,129.0,8.204755,9.0,151.22114,152.0,9.277122,11.0,0.269766,0.270588,0.017127,0.019608,0.593024,0.596078,0.036381,0.043137,212.716484,2.764445,0.998837,-0.539854,-0.840377,0.282606,0.283117,0.330297,0.329923,0.387097,0.387013,130.266007,131.0,214.0,219.0,221.0,-103.0,-90.0,-69.0,0.518692,0.589041,0.687783,6471,6471,0,0.0,1.0,0.0,3208,pass,
glucose_06_c1_wA03,glucose_06_c1,glucose,6,1.0,A03,1,3,crops/glucose/glucose_06_c1/glucose_06_c1_wA03.png,67.096,108.297247,109.0,8.283755,10.0,126.494162,127.0,8.115499,10.0,148.206285,148.0,8.318666,10.0,0.269927,0.266667,0.020801,0.023529,0.581201,0.580392,0.032622,0.039216,212.949291,1.690635,0.999565,-0.54366,-0.838787,0.282541,0.283117,0.330276,0.329975,0.387184,0.386768,127.665898,128.0,214.0,219.0,223.0,-105.0,-92.0,-75.0,0.509346,0.579909,0.663677,6937,6937,0,0.0,1.0,0.0,3448,pass,
glucose_06_c1_wA04,glucose_06_c1,glucose,6,1.0,A04,1,4,crops/glucose/glucose_06_c1/glucose_06_c1_wA04.png,64.403,105.22224,108.0,17.758996,15.0,123.537197,128.0,19.040021,14.0,144.428974,149.0,19.199713,14.0,0.27617,0.270588,0.0444,0.039216,0.566388,0.584314,0.075293,0.054902,212.416141,4.15051,0.99738,-0.53466,-0.841965,0.280762,0.282322,0.330562,0.330073,0.388675,0.387013,124.396137,128.333333,161.0,168.5,175.0,-53.0,-40.5,-26.0,0.670807,0.759644,0.851429,6385,6385,0,0.0,1.0,0.0,3166,pass,
glucose_06_c1_wA05,glucose_06_c1,glucose,6,1.0,A05,1,5,crops/glucose/glucose_06_c1/glucose_06_c1_wA05.png,65.749,106.889106,107.0,8.49767,10.0,124.283696,125.0,8.116511,10.0,145.324117,146.0,8.55266,10.0,0.26542,0.266667,0.017781,0.019608,0.569898,0.572549,0.03354,0.039216,213.111669,3.413216,0.998227,-0.545304,-0.836123,0.283658,0.284182,0.330148,0.32967,0.386194,0.386598,125.498973,126.333333,209.0,214.0,218.0,-102.0,-89.0,-72.0,0.511962,0.584112,0.669725,6655,6655,0,0.0,1.0,0.0,3302,pass,
glucose_06_c1_wA06,glucose_06_c1,glucose,6,1.0,A06,1,6,crops/glucose/glucose_06_c1/glucose_06_c1_wA06.png,59.915,101.45131,106.0,18.904718,16.0,116.740921,123.0,21.095321,16.0,138.733695,144.0,21.334034,17.0,0.273431,0.266667,0.038539,0.039216,0.544054,0.564706,0.083663,0.066667,215.724555,4.189636,0.99733,-0.58233,-0.809666,0.283256,0.284615,0.326281,0.327434,0.390463,0.387863,118.975309,124.333333,45.0,56.0,67.0,61.0,67.0,77.0,2.355556,2.196429,2.149254,5535,5535,0,0.0,1.0,0.0,2738,pass,
glucose_06_c1_wA07,glucose_06_c1,glucose,6,1.0,A07,1,7,crops/glucose/glucose_06_c1/glucose_06_c1_wA07.png,65.3,99.701402,100.0,8.602137,9.0,115.927483,116.0,8.403605,10.0,139.577239,140.0,8.93454,11.0,0.286712,0.286275,0.019648,0.023529,0.547362,0.54902,0.035037,0.043137,215.519415,1.642082,0.999589,-0.58074,-0.813584,0.280405,0.280556,0.326378,0.325905,0.393217,0.392954,118.402041,118.333333,214.0,219.0,223.0,-114.0,-103.0,-83.0,0.46729,0.52968,0.627803,6564,6564,0,0.0,1.0,0.0,3252,pass,
glucose_06_c1_wA08,glucose_06_c1,glucose,6,1.0,A08,1,8,crops/glucose/glucose_06_c1/glucose_06_c1_wA08.png,68.442,97.508317,98.0,7.812299,10.0,113.941087,114.0,7.439302,9.0,137.216246,138.0,8.209101,11.0,0.290271,0.290196,0.019958,0.023529,0.538103,0.541176,0.032193,0.043137,215.115752,1.822503,0.999494,-0.574939,-0.817578,0.279424,0.279874,0.326834,0.32659,0.393742,0.393939,116.221883,116.333333,216.0,221.0,225.0,-118.0,-107.0,-87.0,0.453704,0.515837,0.613333,7214,7214,0,0.0,1.0,0.0,3560,pass,
glucose_06_c1_wA09,glucose_06_c1,glucose,6,1.0,A09,1,9,crops/glucose/glucose_06_c1/glucose_06_c1_wA09.png,67.769,93.211055,94.0,6.866203,7.0,109.426915,109.0,6.425413,7.0,132.52177,133.0,7.538002,9.0,0.297144,0.298039,0.017099,0.019608,0.519693,0.521569,0.029561,0.035294,215.1279,2.73855,0.998858,-0.574747,-0.816936,0.277901,0.278261,0.326568,0.325779,0.395531,0.396011,111.719913,112.0,215.0,220.0,223.0,-121.0,-111.0,-90.0,0.437209,0.495455,0.596413,7074,7074,0,0.0,1.0,0.0,3503,pass,
glucose_06_c1_wA10,glucose_06_c1,glucose,6,1.0,A10,1,10,crops/glucose/glucose_06_c1/glucose_06_c1_wA10.png,67.096,93.48997,94.0,6.556212,7.0,110.15832,111.0,6.418616,7.0,132.444653,134.0,7.3297,8.0,0.294656,0.294118,0.018364,0.023529,0.519391,0.52549,0.028744,0.031373,214.352402,2.92395,0.998699,-0.563547,-0.824508,0.277981,0.278409,0.327811,0.326705,0.394208,0.394118,112.030981,112.666667,211.0,216.0,219.0,-117.0,-105.0,-85.0,0.445498,0.513889,0.611872,6929,6929,0,0.0,1.0,0.0,3446,pass,
glucose_06_c1_wA11,glucose_06_c1,glucose,6,1.0,A11,1,11,crops/glucose/glucose_06_c1/glucose_06_c1_wA11.png,68.442,92.761409,93.0,7.19365,8.0,109.357747,109.0,7.011893,9.0,130.672354,131.0,8.24458,10.0,0.290607,0.290196,0.01737,0.019608,0.512441,0.513725,0.032332,0.039216,213.577835,2.89368,0.998725,-0.552364,-0.832073,0.278546,0.278788,0.328687,0.327536,0.392768,0.392954,110.930504,111.0,212.0,218.0,221.0,-119.0,-109.0,-90.0,0.438679,0.5,0.59276,7209,7209,0,0.0,1.0,0.0,3589,pass,
glucose_06_c1_wA12,glucose_06_c1,glucose,6,1.0,A12,1,12,crops/glucose/glucose_06_c1/glucose_06_c1_wA12.png,65.3,116.62801,118.0,8.637021,12.0,133.942091,135.0,8.823371,13.0,155.931119,157.0,9.331127,14.0,0.252704,0.254902,0.017811,0.019608,0.611495,0.615686,0.036593,0.054902,214.010374,1.697749,0.999561,-0.559097,-0.828572,0.286745,0.286802,0.329494,0.329759,0.383761,0.383908,135.500406,136.333333,199.0,206.0,209.0,-81.0,-71.0,-52.0,0.592965,0.65534,0.751196,6562,6562,0,0.0,1.0,0.0,3252,pass,
glucose_06_c1_wB01,glucose_06_c1,glucose,6,1.0,B01,2,1,crops/glucose/glucose_06_c1/glucose_06_c1_wB01.png,61.71,117.107545,117.0,7.901669,9.0,134.606521,134.0,7.889494,9.0,155.751792,156.0,8.618058,10.0,0.248612,0.247059,0.014489,0.019608,0.610791,0.611765,0.033796,0.039216,213.076771,2.470798,0.999071,-0.545255,-0.837161,0.287273,0.287411,0.330375,0.330166,0.382352,0.382423,135.821953,135.333333,56.0,69.0,81.0,61.0,65.0,75.0,2.089286,1.942029,1.925926,5858,5858,0,0.0,1.0,0.0,2909,pass,
glucose_06_c1_wB02,glucose_06_c1,glucose,6,1.0,B02,2,2,crops/glucose/glucose_06_c1/glucose_06_c1_wB02.png,69.788,106.734035,107.0,7.804917,9.0,124.580056,125.0,7.727229,9.0,144.479136,144.0,8.525939,11.0,0.261702,0.262745,0.017045,0.023529,0.566585,0.564706,0.033435,0.043137,211.803022,2.802688,0.998804,-0.52637,-0.848849,0.283856,0.28382,0.331553,0.331412,0.384591,0.385,125.264409,125.333333,216.0,221.0,224.0,-109.0,-96.0,-80.0,0.49537,0.565611,0.642857,7501,7501,0,0.0,1.0,0.0,3728,pass,
glucose_06_c1_wB03,glucose_06_c1,glucose,6,1.0,B03,2,3,crops/glucose/glucose_06_c1/glucose_06_c1_wB03.png,66.647,98.322066,100.0,13.713828,13.0,114.637987,117.0,14.53877,12.0,134.95259,137.0,14.909151,13.0,0.274435,0.270588,0.032623,0.027451,0.529226,0.537255,0.058467,0.05098,213.21819,3.145472,0.998494,-0.547004,-0.835331,0.281875,0.282967,0.329261,0.330124,0.388864,0.387195,115.970881,118.0,213.0,217.0,221.0,-113.0,-100.0,-84.0,0.469484,0.539171,0.61991,6834,6834,0,0.0,1.0,0.0,3393,pass,
glucose_06_c1_wB04,glucose_06_c1,glucose,6,1.0,B04,2,4,crops/glucose/glucose_06_c1/glucose_06_c1_wB04.png,65.749,101.563871,102.0,8.36071,9.0,118.098287,118.0,8.299997,8.0,138.865945,139.0,8.862969,10.0,0.269504,0.266667,0.016821,0.019608,0.544572,0.545098,0.034757,0.039216,213.311162,2.233059,0.999241,-0.548769,-0.835066,0.283054,0.283333,0.329417,0.330159,0.387529,0.387435,119.509368,119.333333,205.0,211.0,215.0,-103.0,-93.0,-76.0,0.497561,0.559242,0.646512,6654,6654,0,0.0,1.0,0.0,3310,pass,
glucose_06_c1_wB05,glucose_06_c1,glucose,6,1.0,B05,2,5,crops/glucose/glucose_06_c1/glucose_06_c1_wB05.png,64.403,91.087582,93.0,13.139378,12.0,107.701439,110.0,13.776394,12.0,129.389584,132.0,13.781635,12.0,0.299257,0.294118,0.038257,0.039216,0.50741,0.517647,0.054046,0.047059,213.861241,3.292635,0.99835,-0.556264,-0.829019,0.276669,0.277778,0.327945,0.327411,0.395386,0.393651,109.392868,111.333333,190.0,195.0,203.0,-97.0,-85.0,-71.0,0.489474,0.564103,0.650246,6394,6394,0,0.0,1.0,0.0,3174,pass,
glucose_06_c1_wB06,glucose_06_c1,glucose,6,1.0,B06,2,6,crops/glucose/glucose_06_c1/glucose_06_c1_wB06.png,67.096,88.053148,89.0,11.497598,15.0,104.636915,105.0,11.880794,15.0,127.096332,128.0,11.63447,15.0,0.309726,0.309804,0.032957,0.039216,0.498417,0.501961,0.045625,0.058824,214.45016,2.563253,0.999,-0.565123,-0.823794,0.274639,0.275641,0.32705,0.325949,0.39831,0.398119,106.595465,107.333333,210.0,215.0,219.0,-121.0,-110.0,-91.0,0.42381,0.488372,0.584475,6924,6924,0,0.0,1.0,0.0,3419,pass,
glucose_06_c1_wB07,glucose_06_c1,glucose,6,1.0,B07,2,7,crops/glucose/glucose_06_c1/glucose_06_c1_wB07.png,61.037,86.892571,88.0,11.584691,14.0,102.898151,104.0,11.879867,14.0,123.188176,125.0,11.612824,14.0,0.297281,0.294118,0.032619,0.035294,0.483091,0.490196,0.04554,0.054902,213.278307,2.656585,0.998926,-0.548117,-0.835117,0.276909,0.277778,0.32864,0.32964,0.394451,0.393082,104.326299,105.333333,40.0,49.0,60.0,48.0,55.0,65.0,2.2,2.122449,2.083333,5734,5734,0,0.0,1.0,0.0,2844,pass,
glucose_06_c1_wB08,glucose_06_c1,glucose,6,1.0,B08,2,8,crops/glucose/glucose_06_c1/glucose_06_c1_wB08.png,61.261,84.665165,88.0,19.945598,22.0,98.99636,104.0,21.665653,23.0,119.412998,124.0,21.884084,24.0,0.299568,0.286275,0.05442,0.047059,0.468286,0.486275,0.08582,0.094118,215.511961,6.799382,0.992983,-0.576797,-0.808283,0.277311,0.279412,0.325528,0.329032,0.397161,0.392523,101.024841,105.333333,35.0,45.0,57.0,53.0,59.0,67.0,2.514286,2.311111,2.175439,5770,5770,0,0.0,1.0,0.0,2859,pass,
glucose_06_c1_wB09,glucose_06_c1,glucose,6,1.0,B09,2,9,crops/glucose/glucose_06_c1/glucose_06_c1_wB09.png,65.525,87.06337,88.0,10.365189,12.0,103.759074,104.0,10.162318,12.0,125.684362,127.0,11.003603,14.0,0.309092,0.305882,0.028839,0.031373,0.49288,0.498039,0.043151,0.054902,213.920924,2.498232,0.99905,-0.557518,-0.82902,0.274507,0.275758,0.327877,0.326923,0.397616,0.397101,105.502269,106.333333,194.0,201.0,206.0,-106.0,-97.0,-79.0,0.453608,0.517413,0.616505,6612,6612,0,0.0,1.0,0.0,3283,pass,
glucose_06_c1_wB10,glucose_06_c1,glucose,6,1.0,B10,2,10,crops/glucose/glucose_06_c1/glucose_06_c1_wB10.png,64.627,86.660542,88.0,11.165469,12.0,104.460293,106.0,11.069452,12.0,125.099813,126.0,11.514652,13.0,0.309576,0.305882,0.033641,0.039216,0.490588,0.494118,0.045155,0.05098,212.252644,2.351766,0.999158,-0.533204,-0.844991,0.273332,0.27476,0.330346,0.330065,0.396323,0.39521,105.406883,107.0,167.0,175.0,179.0,-79.0,-69.0,-53.0,0.526946,0.605714,0.703911,6422,6422,0,0.0,1.0,0.0,3181,pass,
glucose_06_c1_wB11,glucose_06_c1,glucose,6,1.0,B11,2,11,crops/glucose/glucose_06_c1/glucose_06_c1_wB11.png,64.627,83.408243,84.0,10.133689,13.0,99.131571,100.0,10.733508,13.0,121.283359,121.0,10.509418,13.0,0.314274,0.313725,0.029262,0.035294,0.475621,0.47451,0.041213,0.05098,215.083053,2.925979,0.998697,-0.574014,-0.817253,0.273998,0.274336,0.326085,0.326389,0.399917,0.398714,101.274391,101.666667,182.0,189.5,193.0,-98.0,-89.5,-72.0,0.461538,0.527704,0.626943,6430,6430,0,0.0,1.0,0.0,3194,pass,
glucose_06_c1_wB12,glucose_06_c1,glucose,6,1.0,B12,2,12,crops/glucose/glucose_06_c1/glucose_06_c1_wB12.png,67.769,107.993074,109.0,11.479887,12.0,125.557456,127.0,12.376002,13.0,146.218375,148.0,13.757227,15.0,0.26215,0.262745,0.023328,0.023529,0.573405,0.580392,0.05395,0.058824,212.629112,2.723732,0.998871,-0.53859,-0.841227,0.28413,0.284264,0.330619,0.330049,0.385251,0.38539,126.589635,127.333333,208.0,214.0,217.0,-99.0,-87.0,-69.0,0.524038,0.593458,0.682028,7075,7075,0,0.0,1.0,0.0,3513,pass,
glucose_06_c1_wC01,glucose_06_c1,glucose,6,1.0,C01,3,1,crops/glucose/glucose_06_c1/glucose_06_c1_wC01.png,71.359,107.560362,110.0,15.747248,13.0,124.858984,128.0,16.857377,14.0,143.465033,146.0,16.739649,13.0,0.253931,0.25098,0.038024,0.027451,0.562608,0.572549,0.065646,0.05098,211.240307,3.651441,0.997971,-0.517576,-0.853265,0.285243,0.286445,0.331863,0.331787,0.382895,0.381679,125.294793,128.333333,215.0,220.0,224.0,-105.0,-92.0,-78.0,0.511628,0.581818,0.651786,7836,7836,0,0.0,1.0,0.0,3893,pass,
glucose_06_c1_wC02,glucose_06_c1,glucose,6,1.0,C02,3,2,crops/glucose/glucose_06_c1/glucose_06_c1_wC02.png,71.135,93.062291,94.0,12.205834,15.0,109.949268,110.0,12.152284,15.0,129.306062,130.0,12.183795,15.0,0.282887,0.278431,0.032067,0.035294,0.507083,0.509804,0.04778,0.058824,211.700557,2.933519,0.99869,-0.524792,-0.849692,0.279309,0.280236,0.330842,0.330484,0.389849,0.388889,110.77254,111.333333,214.0,219.0,222.0,-120.0,-109.0,-92.0,0.439252,0.502283,0.585586,7786,7786,0,0.0,1.0,0.0,3874,pass,
glucose_06_c1_wC03,glucose_06_c1,glucose,6,1.0,C03,3,3,crops/glucose/glucose_06_c1/glucose_06_c1_wC03.png,68.218,94.047074,94.0,12.948581,16.0,109.91144,109.0,13.124182,16.0,129.1327,129.0,13.030485,16.0,0.274457,0.27451,0.030442,0.035294,0.506403,0.505882,0.0511,0.062745,212.610549,2.307694,0.999189,-0.538489,-0.84167,0.281639,0.282282,0.329891,0.329412,0.38847,0.388102,111.030405,110.666667,212.0,217.0,220.0,-118.0,-108.0,-91.0,0.443396,0.502304,0.586364,7159,7159,0,0.0,1.0,0.0,3541,pass,
glucose_06_c1_wC04,glucose_06_c1,glucose,6,1.0,C04,3,4,crops/glucose/glucose_06_c1/glucose_06_c1_wC04.png,67.993,90.521336,91.0,11.702168,14.0,107.778074,109.0,11.463991,13.0,126.993262,127.0,11.040948,13.0,0.289722,0.286275,0.036818,0.043137,0.498013,0.498039,0.043298,0.05098,211.55385,2.878044,0.998739,-0.52264,-0.851074,0.277533,0.278788,0.331262,0.331395,0.391204,0.389381,108.430891,109.0,207.0,213.0,217.0,-116.0,-104.0,-90.0,0.439614,0.511737,0.585253,7124,7124,0,0.0,1.0,0.0,3520,pass,
glucose_06_c1_wC05,glucose_06_c1,glucose,6,1.0,C05,3,5,crops/glucose/glucose_06_c1/glucose_06_c1_wC05.png,65.3,88.52977,90.0,14.09739,17.0,105.287955,107.0,14.35615,16.0,125.942896,128.0,14.386672,17.0,0.301138,0.294118,0.041703,0.039216,0.493894,0.501961,0.056418,0.066667,213.122615,2.541301,0.999017,-0.545895,-0.83668,0.275715,0.277259,0.329111,0.329377,0.395174,0.393293,106.586874,108.333333,189.0,195.0,200.0,-99.0,-88.0,-72.0,0.47619,0.548718,0.64,6567,6567,0,0.0,1.0,0.0,3256,pass,
glucose_06_c1_wC06,glucose_06_c1,glucose,6,1.0,C06,3,6,crops/glucose/glucose_06_c1/glucose_06_c1_wC06.png,70.013,83.920938,83.0,13.779666,16.0,100.137863,99.0,13.772993,17.0,120.684678,119.0,14.065233,18.0,0.308449,0.305882,0.03935,0.039216,0.473273,0.466667,0.055158,0.070588,213.35766,2.930336,0.998693,-0.549145,-0.834163,0.274277,0.275081,0.328526,0.32852,0.397197,0.39576,101.581159,100.333333,215.0,220.0,223.0,-132.0,-121.0,-104.0,0.386047,0.45,0.533632,7551,7551,0,0.0,1.0,0.0,3743,pass,
glucose_06_c1_wC07,glucose_06_c1,glucose,6,1.0,C07,3,7,crops/glucose/glucose_06_c1/glucose_06_c1_wC07.png,66.871,82.864567,87.0,19.986316,20.0,96.866599,102.0,22.255652,21.0,115.376107,120.0,23.122471,22.0,0.291608,0.282353,0.063925,0.039216,0.452455,0.470588,0.090676,0.086275,214.899255,4.79891,0.996499,-0.570132,-0.817288,0.278272,0.280645,0.326693,0.328,0.395035,0.390879,98.369091,103.0,209.0,213.0,216.0,-122.0,-111.0,-96.0,0.416268,0.478873,0.555556,6889,6889,0,0.0,1.0,0.002177,3422,pass,
glucose_06_c1_wC08,glucose_06_c1,glucose,6,1.0,C08,3,8,crops/glucose/glucose_06_c1/glucose_06_c1_wC08.png,66.198,77.516832,78.0,16.287003,19.0,92.339463,93.0,17.591792,21.0,112.959069,113.0,18.124958,21.0,0.320133,0.309804,0.05133,0.054902,0.442977,0.443137,0.071078,0.082353,215.057806,2.890758,0.998728,-0.573672,-0.817532,0.272347,0.274834,0.325931,0.326409,0.401722,0.39823,94.271788,94.333333,209.0,214.0,218.0,-131.0,-121.0,-105.0,0.373206,0.434579,0.518349,6743,6743,0,0.0,1.0,0.0,3347,pass,
glucose_06_c1_wC09,glucose_06_c1,glucose,6,1.0,C09,3,9,crops/glucose/glucose_06_c1/glucose_06_c1_wC09.png,66.871,79.988821,80.0,14.626606,17.0,96.645906,97.0,14.942638,17.0,115.485772,116.0,14.608105,17.0,0.312995,0.305882,0.048506,0.043137,0.452885,0.454902,0.057287,0.066667,211.562738,3.392252,0.998249,-0.522515,-0.850575,0.272202,0.273973,0.330624,0.331058,0.397174,0.395105,97.3735,97.333333,211.0,217.0,220.0,-131.0,-120.0,-104.0,0.379147,0.447005,0.527273,6888,6888,0,0.0,1.0,0.0,3409,pass,
glucose_06_c1_wC10,glucose_06_c1,glucose,6,1.0,C10,3,10,crops/glucose/glucose_06_c1/glucose_06_c1_wC10.png,71.135,83.502503,83.0,15.036104,21.0,99.411629,99.0,15.586168,22.0,118.941599,119.0,15.10194,21.0,0.302704,0.301961,0.043895,0.054902,0.466438,0.466667,0.059223,0.082353,213.0078,3.020319,0.998612,-0.543997,-0.837432,0.275347,0.276316,0.329057,0.329032,0.395596,0.394464,100.618577,100.333333,212.0,217.0,220.0,-129.0,-118.0,-101.0,0.391509,0.456221,0.540909,7791,7791,0,0.0,1.0,0.0,3875,pass,
glucose_06_c1_wC11,glucose_06_c1,glucose,6,1.0,C11,3,11,crops/glucose/glucose_06_c1/glucose_06_c1_wC11.png,71.135,81.941018,82.0,13.053751,17.0,96.920246,97.0,13.343271,17.0,116.840749,117.0,13.687584,18.0,0.302159,0.298039,0.037049,0.043137,0.458199,0.458824,0.053677,0.070588,214.160786,3.325681,0.998317,-0.560572,-0.826072,0.276131,0.277372,0.327649,0.328185,0.396219,0.394464,98.567338,98.333333,213.0,219.0,222.0,-131.0,-122.0,-105.0,0.384977,0.442922,0.527027,7799,7799,0,0.0,1.0,0.0,3850,pass,
glucose_06_c1_wC12,glucose_06_c1,glucose,6,1.0,C12,3,12,crops/glucose/glucose_06_c1/glucose_06_c1_wC12.png,62.383,103.007688,104.0,11.103178,14.0,118.918603,119.0,11.393449,14.0,140.892027,142.0,12.029105,15.0,0.270311,0.270588,0.021255,0.023529,0.552518,0.556863,0.047173,0.058824,214.886124,3.142637,0.998497,-0.571088,-0.819057,0.283548,0.284091,0.327758,0.327411,0.388693,0.388715,120.93944,121.666667,41.0,49.0,55.0,63.0,70.0,87.0,2.536585,2.428571,2.581818,5983,5983,0,0.0,1.0,0.0,2985,pass,
glucose_06_c1_wD01,glucose_06_c1,glucose,6,1.0,D01,4,1,crops/glucose/glucose_06_c1/glucose_06_c1_wD01.png,67.993,107.05397,110.0,19.184034,15.0,124.673085,128.0,19.971954,15.0,141.348559,145.0,20.604476,14.5,0.250596,0.243137,0.063746,0.031373,0.554308,0.568627,0.080802,0.056863,209.022454,3.172605,0.998468,-0.484409,-0.87309,0.284566,0.287206,0.334138,0.334495,0.381297,0.378571,124.358538,127.666667,210.0,216.0,220.0,-100.0,-88.0,-75.0,0.52381,0.592593,0.659091,7115,7115,0,0.0,1.0,0.003233,3515,pass,
glucose_06_c1_wD02,glucose_06_c1,glucose,6,1.0,D02,4,2,crops/glucose/glucose_06_c1/glucose_06_c1_wD02.png,70.237,95.555029,96.0,13.897304,16.0,111.626777,112.0,13.751782,16.0,130.751975,131.0,13.578254,16.0,0.272575,0.266667,0.040142,0.039216,0.512753,0.513725,0.053248,0.062745,212.52837,3.359688,0.998282,-0.536794,-0.841677,0.281799,0.283077,0.330246,0.330097,0.387955,0.386364,112.644594,113.0,217.0,222.0,225.0,-121.0,-110.0,-94.0,0.442396,0.504505,0.582222,7596,7596,0,0.0,1.0,0.0,3772,pass,
glucose_06_c1_wD03,glucose_06_c1,glucose,6,1.0,D03,4,3,crops/glucose/glucose_06_c1/glucose_06_c1_wD03.png,67.544,100.320672,100.0,10.28141,13.0,117.664248,117.0,10.366369,13.0,136.909375,136.0,11.506728,15.0,0.268379,0.266667,0.018883,0.019608,0.5369,0.533333,0.045124,0.058824,211.469245,3.175895,0.998465,-0.521239,-0.851611,0.282369,0.282421,0.331618,0.33162,0.386014,0.385852,118.298098,117.666667,211.0,215.0,219.0,-111.0,-98.0,-83.0,0.473934,0.544186,0.621005,7029,7029,0,0.0,1.0,0.0,3501,pass,
glucose_06_c1_wD04,glucose_06_c1,glucose,6,1.0,D04,4,4,crops/glucose/glucose_06_c1/glucose_06_c1_wD04.png,66.422,90.417636,90.0,13.599041,13.0,108.057706,108.0,13.49861,13.0,128.438098,128.0,13.614848,14.0,0.299389,0.298039,0.039019,0.035294,0.503679,0.501961,0.053392,0.054902,212.205693,2.816631,0.998792,-0.532317,-0.845118,0.275587,0.276596,0.3305,0.330065,0.393913,0.393064,108.971147,108.666667,213.0,218.0,221.0,-123.0,-110.0,-93.0,0.422535,0.495413,0.579186,6793,6793,0,0.0,1.0,0.0,3380,pass,
glucose_06_c1_wD05,glucose_06_c1,glucose,6,1.0,D05,4,5,crops/glucose/glucose_06_c1/glucose_06_c1_wD05.png,65.749,87.78055,88.0,15.422043,17.0,103.857658,104.0,15.36779,17.0,124.910867,125.0,15.13875,17.0,0.302103,0.298039,0.044573,0.047059,0.489847,0.490196,0.059368,0.066667,213.985179,2.264029,0.99922,-0.558542,-0.828535,0.275932,0.277259,0.327939,0.327635,0.396129,0.395137,105.516359,106.0,198.0,204.0,208.0,-110.0,-100.0,-83.0,0.444444,0.509804,0.600962,6653,6653,0,0.0,1.0,0.0,3299,pass,
glucose_06_c1_wD06,glucose_06_c1,glucose,6,1.0,D06,4,6,crops/glucose/glucose_06_c1/glucose_06_c1_wD06.png,71.135,88.167715,88.0,11.631532,14.0,105.119558,105.0,11.82156,14.0,123.856042,124.0,11.838679,14.0,0.290463,0.286275,0.033959,0.043137,0.48571,0.486275,0.046426,0.054902,211.403358,2.974041,0.998654,-0.520358,-0.852371,0.277321,0.278146,0.331396,0.332203,0.391284,0.389241,105.714439,106.0,216.0,220.0,224.0,-128.0,-115.0,-100.0,0.407407,0.477273,0.553571,7787,7787,0,0.0,1.0,0.0,3868,pass,
glucose_06_c1_wD07,glucose_06_c1,glucose,6,1.0,D07,4,7,crops/glucose/glucose_06_c1/glucose_06_c1_wD07.png,66.871,82.314406,82.0,14.726011,17.0,98.953093,99.0,14.423634,17.0,118.241505,118.0,14.633182,17.0,0.308773,0.305882,0.044855,0.05098,0.463692,0.462745,0.057385,0.066667,211.838626,3.166184,0.998474,-0.526724,-0.848241,0.273383,0.274914,0.330396,0.32982,0.396221,0.394464,99.836335,99.333333,200.0,204.0,208.0,-118.0,-105.0,-90.0,0.41,0.485294,0.567308,6886,6886,0,0.0,1.0,0.0,3407,pass,
glucose_06_c1_wD08,glucose_06_c1,glucose,6,1.0,D08,4,8,crops/glucose/glucose_06_c1/glucose_06_c1_wD08.png,66.647,79.014626,79.0,14.074867,18.0,94.812345,95.0,14.225273,18.0,114.605382,115.0,14.630545,19.0,0.315107,0.309804,0.042778,0.05098,0.449433,0.45098,0.057375,0.07451,213.129412,3.672538,0.997948,-0.54541,-0.83572,0.272626,0.273927,0.328607,0.329545,0.398767,0.396429,96.144118,96.333333,207.0,213.0,217.0,-128.0,-118.0,-102.0,0.381643,0.446009,0.529954,6837,6837,0,0.0,1.0,0.0,3402,pass,
glucose_06_c1_wD09,glucose_06_c1,glucose,6,1.0,D09,4,9,crops/glucose/glucose_06_c1/glucose_06_c1_wD09.png,67.544,81.141454,82.0,11.09263,12.0,97.72748,98.0,11.317488,12.0,116.540344,118.0,12.189676,13.0,0.306166,0.301961,0.030194,0.031373,0.457021,0.462745,0.047803,0.05098,211.517607,2.407024,0.999118,-0.522299,-0.851728,0.273958,0.275081,0.33087,0.330189,0.395171,0.394822,98.469759,99.0,204.0,210.0,214.0,-122.0,-112.0,-96.0,0.401961,0.466667,0.551402,7027,7027,0,0.0,1.0,0.0,3488,pass,
glucose_06_c1_wD10,glucose_06_c1,glucose,6,1.0,D10,4,10,crops/glucose/glucose_06_c1/glucose_06_c1_wD10.png,68.666,80.0519,80.0,14.928258,18.0,96.066905,97.0,15.541065,19.0,115.802726,116.0,15.023221,18.0,0.31396,0.305882,0.052012,0.054902,0.454128,0.454902,0.058915,0.070588,213.117824,3.174054,0.998467,-0.545525,-0.836265,0.272688,0.274725,0.328702,0.32967,0.398609,0.39576,97.307177,97.666667,202.0,207.0,210.0,-122.0,-110.0,-94.0,0.39604,0.468599,0.552381,7264,7264,0,0.0,1.0,0.0,3600,pass,
glucose_06_c1_wD11,glucose_06_c1,glucose,6,1.0,D11,4,11,crops/glucose/glucose_06_c1/glucose_06_c1_wD11.png,66.422,89.73403,90.0,10.120603,10.0,105.946718,106.0,10.046482,10.0,126.467766,127.0,10.880567,12.0,0.29197,0.286275,0.032141,0.039216,0.495952,0.498039,0.042669,0.047059,213.233488,3.208878,0.998433,-0.547193,-0.835133,0.278028,0.278932,0.328905,0.327434,0.393067,0.391931,107.382838,107.666667,198.0,204.0,208.0,-108.0,-98.0,-81.0,0.454545,0.519608,0.610577,6794,6794,0,0.0,1.0,0.0,3372,pass,
glucose_06_c1_wD12,glucose_06_c1,glucose,6,1.0,D12,4,12,crops/glucose/glucose_06_c1/glucose_06_c1_wD12.png,69.115,94.023231,94.0,9.02031,10.0,110.678033,111.0,8.870079,10.0,131.632115,133.0,9.767017,12.0,0.286741,0.286275,0.021134,0.023529,0.516204,0.521569,0.038302,0.047059,213.194162,2.818242,0.998791,-0.546816,-0.835808,0.279236,0.279279,0.329134,0.32948,0.39163,0.391975,112.111126,112.666667,214.0,220.0,223.0,-120.0,-109.0,-90.0,0.439252,0.504545,0.596413,7361,7361,0,0.0,1.0,0.0,3651,pass,
glucose_06_c1_wE01,glucose_06_c1,glucose,6,1.0,E01,5,1,crops/glucose/glucose_06_c1/glucose_06_c1_wE01.png,65.749,103.799429,104.0,11.36831,13.0,121.258714,122.0,11.274896,13.0,141.946965,142.0,12.001266,14.0,0.270223,0.266667,0.025466,0.027451,0.556655,0.556863,0.047064,0.054902,212.69717,2.560628,0.999002,-0.53966,-0.840697,0.282396,0.282967,0.330431,0.329966,0.387173,0.386707,122.335036,122.333333,181.0,188.5,194.0,-77.0,-66.5,-52.0,0.574586,0.647215,0.731959,6656,6656,0,0.0,1.0,0.0,3300,pass,
glucose_06_c1_wE02,glucose_06_c1,glucose,6,1.0,E02,5,2,crops/glucose/glucose_06_c1/glucose_06_c1_wE02.png,69.788,94.743634,95.0,12.495246,15.0,111.890281,112.0,12.475058,16.0,128.89868,129.0,12.360206,16.0,0.267476,0.266667,0.028125,0.035294,0.505485,0.505882,0.048471,0.062745,209.857968,2.385678,0.999134,-0.49742,-0.866511,0.281712,0.282353,0.333465,0.334171,0.384823,0.384393,111.844199,112.333333,215.0,221.0,224.0,-120.0,-109.0,-95.0,0.44186,0.506787,0.575893,7501,7501,0,0.0,1.0,0.0,3730,pass,
glucose_06_c1_wE03,glucose_06_c1,glucose,6,1.0,E03,5,3,crops/glucose/glucose_06_c1/glucose_06_c1_wE03.png,64.178,94.692502,96.0,20.200522,15.0,111.894238,114.0,21.0082,15.0,130.85809,133.0,21.457152,17.0,0.287092,0.27451,0.077881,0.039216,0.513169,0.521569,0.084146,0.066667,211.862898,3.560393,0.998071,-0.52687,-0.847675,0.277261,0.281501,0.331066,0.331797,0.391673,0.387013,112.48161,114.333333,158.0,162.0,166.0,-62.0,-48.0,-33.0,0.607595,0.703704,0.801205,6335,6335,0,0.0,1.0,0.0,3141,pass,
glucose_06_c1_wE04,glucose_06_c1,glucose,6,1.0,E04,5,4,crops/glucose/glucose_06_c1/glucose_06_c1_wE04.png,67.769,97.510671,97.0,12.34307,15.0,114.562968,114.0,12.427262,15.0,133.94106,134.0,12.477476,16.0,0.274167,0.27451,0.029238,0.035294,0.525259,0.52549,0.048931,0.062745,211.84805,2.731317,0.998864,-0.527069,-0.848486,0.281219,0.28169,0.331058,0.331307,0.387723,0.387195,115.338233,115.333333,210.0,216.0,220.0,-113.0,-102.0,-86.0,0.461905,0.527778,0.609091,7075,7075,0,0.0,1.0,0.0,3498,pass,
glucose_06_c1_wE05,glucose_06_c1,glucose,6,1.0,E05,5,5,crops/glucose/glucose_06_c1/glucose_06_c1_wE05.png,72.257,94.910516,96.0,13.381617,14.0,111.818917,113.0,13.704407,14.0,131.906161,133.0,13.884685,14.0,0.283936,0.278431,0.038581,0.035294,0.517279,0.521569,0.05445,0.054902,212.526588,3.805767,0.997796,-0.536506,-0.841284,0.279282,0.280702,0.330162,0.330532,0.390556,0.389241,112.878531,114.0,212.0,217.0,221.0,-116.0,-104.0,-88.0,0.45283,0.520737,0.60181,8035,8035,0,0.0,1.0,0.0,3995,pass,
glucose_06_c1_wE06,glucose_06_c1,glucose,6,1.0,E06,5,6,crops/glucose/glucose_06_c1/glucose_06_c1_wE06.png,68.891,90.642535,91.0,12.933589,14.0,107.668948,108.0,13.064285,14.0,125.722047,126.0,13.017492,14.0,0.282102,0.278431,0.03144,0.035294,0.493028,0.494118,0.051049,0.054902,210.421421,1.48286,0.999665,-0.506187,-0.862036,0.278938,0.279503,0.332231,0.332288,0.388831,0.388199,108.011176,108.333333,215.0,220.0,223.0,-124.0,-112.0,-97.0,0.423256,0.490909,0.565022,7307,7307,0,0.0,1.0,0.0,3625,pass,
glucose_06_c1_wE07,glucose_06_c1,glucose,6,1.0,E07,5,7,crops/glucose/glucose_06_c1/glucose_06_c1_wE07.png,63.73,97.74496,97.0,9.830316,11.0,114.20352,113.0,9.991285,12.0,135.1792,134.0,10.269156,12.0,0.278144,0.278431,0.021891,0.023529,0.530115,0.52549,0.040271,0.047059,213.585061,2.667112,0.998917,-0.552575,-0.832163,0.281249,0.281159,0.328973,0.329377,0.389777,0.390029,115.709227,114.666667,89.0,96.0,102.0,8.0,17.0,32.0,1.089888,1.177083,1.313725,6250,6250,0,0.0,1.0,0.0,3107,pass,
glucose_06_c1_wE08,glucose_06_c1,glucose,6,1.0,E08,5,8,crops/glucose/glucose_06_c1/glucose_06_c1_wE08.png,66.871,93.955878,99.0,26.730219,20.0,108.840493,115.5,30.151171,20.0,127.486502,135.0,31.303698,21.0,0.278973,0.262745,0.091067,0.043137,0.499947,0.529412,0.12276,0.082353,215.005882,8.617789,0.988752,-0.567208,-0.80988,0.280469,0.283988,0.326096,0.330144,0.393435,0.38539,110.094291,116.333333,202.0,207.0,212.0,-103.0,-91.5,-77.0,0.490099,0.557971,0.636792,6890,6890,0,0.0,1.0,0.011466,3420,pass,
glucose_06_c1_wE09,glucose_06_c1,glucose,6,1.0,E09,5,9,crops/glucose/glucose_06_c1/glucose_06_c1_wE09.png,71.359,92.611678,92.0,10.042942,11.0,109.228582,109.0,9.953943,10.0,128.909102,129.0,10.975648,12.0,0.282818,0.286275,0.022821,0.023529,0.505526,0.505882,0.043042,0.047059,212.511578,3.022697,0.998609,-0.536723,-0.84211,0.279627,0.279412,0.33032,0.33033,0.390053,0.390323,110.249788,110.0,214.0,219.0,223.0,-122.0,-110.0,-94.0,0.429907,0.497717,0.578475,7844,7844,0,0.0,1.0,0.0,3877,pass,
glucose_06_c1_wE10,glucose_06_c1,glucose,6,1.0,E10,5,10,crops/glucose/glucose_06_c1/glucose_06_c1_wE10.png,68.218,88.023873,92.0,19.079578,16.0,104.192657,109.0,20.447705,15.0,122.007678,126.0,20.618526,17.0,0.288514,0.27451,0.069248,0.035294,0.478461,0.494118,0.080857,0.066667,211.83569,5.32858,0.995685,-0.525209,-0.845898,0.277269,0.281081,0.33047,0.332326,0.392261,0.387195,104.741403,109.0,213.0,218.0,221.0,-121.0,-109.0,-95.0,0.431925,0.5,0.570136,7163,7163,0,0.0,1.0,0.001396,3550,pass,
glucose_06_c1_wE11,glucose_06_c1,glucose,6,1.0,E11,5,11,crops/glucose/glucose_06_c1/glucose_06_c1_wE11.png,67.544,89.883542,91.0,9.14835,9.0,106.322608,107.0,9.139446,9.0,126.63283,127.0,10.184209,11.0,0.291258,0.290196,0.026084,0.031373,0.496599,0.498039,0.039938,0.043137,213.002338,2.648242,0.998932,-0.544092,-0.837753,0.278047,0.278481,0.329398,0.329305,0.392556,0.392617,107.612994,108.333333,211.0,216.0,220.0,-120.0,-109.0,-93.0,0.43128,0.49537,0.577273,7024,7024,0,0.0,1.0,0.0,3489,pass,
glucose_06_c1_wE12,glucose_06_c1,glucose,6,1.0,E12,5,12,crops/glucose/glucose_06_c1/glucose_06_c1_wE12.png,65.3,95.928985,96.0,8.006578,9.0,112.825663,113.0,7.94436,9.0,131.712435,132.0,8.581736,10.0,0.272441,0.270588,0.017137,0.019608,0.516519,0.517647,0.033654,0.039216,211.352077,2.09232,0.999333,-0.519949,-0.853417,0.281519,0.281818,0.331431,0.330579,0.387051,0.387006,113.489028,113.666667,199.0,204.0,208.0,-103.0,-91.0,-76.0,0.482412,0.553922,0.634615,6562,6562,0,0.0,1.0,0.0,3258,pass,
glucose_06_c1_wF01,glucose_06_c1,glucose,6,1.0,F01,6,1,crops/glucose/glucose_06_c1/glucose_06_c1_wF01.png,71.584,107.740806,114.0,22.08489,14.0,127.302308,134.0,23.659264,14.0,145.206442,152.0,24.627686,14.0,0.265787,0.254902,0.053419,0.035294,0.569437,0.596078,0.096579,0.054902,208.711398,3.721526,0.997893,-0.479386,-0.875202,0.281293,0.284038,0.33457,0.334975,0.384137,0.381418,126.749852,133.0,214.0,220.0,224.0,-100.0,-86.0,-72.0,0.53271,0.609091,0.678571,7886,7886,0,0.0,1.0,0.0,3919,pass,
glucose_06_c1_wF02,glucose_06_c1,glucose,6,1.0,F02,6,2,crops/glucose/glucose_06_c1/glucose_06_c1_wF02.png,66.422,107.993373,108.0,9.654295,11.0,125.044624,125.0,9.538724,10.0,144.311046,144.0,10.052477,12.0,0.252565,0.254902,0.018932,0.027451,0.565926,0.564706,0.039421,0.047059,211.652185,2.772551,0.99883,-0.524147,-0.850253,0.285929,0.285714,0.331408,0.330789,0.382664,0.382812,125.783014,125.333333,200.0,207.0,210.0,-92.0,-82.0,-66.0,0.54,0.603865,0.685714,6790,6790,0,0.0,1.0,0.0,3379,pass,
glucose_06_c1_wF03,glucose_06_c1,glucose,6,1.0,F03,6,3,crops/glucose/glucose_06_c1/glucose_06_c1_wF03.png,62.159,109.793381,110.0,11.676082,13.0,126.82429,127.0,11.823,13.0,146.602217,147.0,11.923676,13.0,0.252579,0.25098,0.023833,0.023529,0.574911,0.576471,0.04676,0.05098,212.17608,1.676335,0.999572,-0.532295,-0.846053,0.286099,0.286408,0.330908,0.330789,0.382993,0.382775,127.739963,128.0,44.0,53.0,63.0,66.0,74.0,84.0,2.5,2.396226,2.333333,5953,5953,0,0.0,1.0,0.0,2941,pass,
glucose_06_c1_wF04,glucose_06_c1,glucose,6,1.0,F04,6,4,crops/glucose/glucose_06_c1/glucose_06_c1_wF04.png,67.544,109.002989,109.0,10.461694,14.0,126.063052,126.0,10.393052,14.0,146.136066,146.0,10.891423,15.0,0.255206,0.254902,0.021088,0.023529,0.573083,0.572549,0.042711,0.058824,212.499051,2.28707,0.999204,-0.536858,-0.842729,0.285631,0.285714,0.330721,0.330667,0.383648,0.38356,127.067369,127.333333,211.0,216.0,220.0,-102.0,-90.0,-74.0,0.516588,0.583333,0.663636,7026,7026,0,0.0,1.0,0.0,3486,pass,
glucose_06_c1_wF05,glucose_06_c1,glucose,6,1.0,F05,6,5,crops/glucose/glucose_06_c1/glucose_06_c1_wF05.png,73.379,102.777134,102.0,10.635832,12.0,120.663045,120.0,10.594251,12.0,139.466135,139.0,11.230345,12.0,0.264187,0.262745,0.022137,0.027451,0.546926,0.545098,0.044041,0.047059,210.748612,2.350997,0.999159,-0.510842,-0.858696,0.282862,0.283019,0.332534,0.331593,0.384604,0.384409,120.968771,120.666667,211.0,216.0,219.0,-109.0,-96.0,-80.0,0.483412,0.555556,0.634703,8283,8283,0,0.0,1.0,0.0,4106,pass,
glucose_06_c1_wF06,glucose_06_c1,glucose,6,1.0,F06,6,6,crops/glucose/glucose_06_c1/glucose_06_c1_wF06.png,62.608,101.926797,101.0,12.214868,12.0,119.153031,118.0,12.15417,12.0,138.256211,137.0,12.388025,12.0,0.264569,0.266667,0.022658,0.023529,0.542181,0.537255,0.04858,0.047059,211.162084,1.938148,0.999428,-0.517165,-0.855217,0.283173,0.282913,0.331602,0.330729,0.385225,0.385445,119.778679,118.333333,35.0,43.0,53.0,66.0,75.0,84.0,2.885714,2.744186,2.584906,6038,6038,0,0.0,1.0,0.0,3002,pass,
glucose_06_c1_wF07,glucose_06_c1,glucose,6,1.0,F07,6,7,crops/glucose/glucose_06_c1/glucose_06_c1_wF07.png,67.544,96.796782,96.0,9.356183,11.0,113.710624,113.0,9.400182,11.0,133.930077,134.0,9.991556,12.0,0.278389,0.278431,0.021728,0.023529,0.525216,0.52549,0.039183,0.047059,212.837882,2.598167,0.998972,-0.541707,-0.839345,0.280715,0.280802,0.330156,0.330218,0.389129,0.389381,114.812494,114.333333,206.0,211.0,215.0,-110.0,-98.0,-81.0,0.466019,0.535545,0.623256,7022,7022,0,0.0,1.0,0.0,3492,pass,
glucose_06_c1_wF08,glucose_06_c1,glucose,6,1.0,F08,6,8,crops/glucose/glucose_06_c1/glucose_06_c1_wF08.png,66.422,93.357701,93.0,9.309917,12.0,110.262638,110.0,8.967952,10.0,130.391894,130.0,9.777276,12.0,0.285235,0.286275,0.021392,0.023529,0.511341,0.509804,0.038342,0.047059,212.497321,3.139978,0.998499,-0.536454,-0.842151,0.279133,0.279279,0.330195,0.330247,0.390673,0.390909,111.337411,111.0,205.0,210.0,214.0,-112.0,-100.0,-84.0,0.453659,0.52381,0.607477,6785,6785,0,0.0,1.0,0.0,3360,pass,
glucose_06_c1_wF09,glucose_06_c1,glucose,6,1.0,F09,6,9,crops/glucose/glucose_06_c1/glucose_06_c1_wF09.png,67.096,92.077334,92.0,10.967881,13.0,108.597605,108.0,10.888959,13.0,128.272544,128.0,11.387751,14.0,0.283911,0.282353,0.026757,0.031373,0.50303,0.501961,0.044658,0.054902,212.597506,2.543485,0.999015,-0.538204,-0.841646,0.279414,0.279762,0.330163,0.330159,0.390423,0.390323,109.649161,109.333333,213.0,218.0,222.0,-121.0,-110.0,-94.0,0.431925,0.495413,0.576577,6931,6931,0,0.0,1.0,0.0,3434,pass,
glucose_06_c1_wF10,glucose_06_c1,glucose,6,1.0,F10,6,10,crops/glucose/glucose_06_c1/glucose_06_c1_wF10.png,69.34,86.754087,89.0,14.739005,12.0,103.58384,106.0,14.790179,12.0,122.58938,126.0,15.759282,13.0,0.298339,0.290196,0.055803,0.031373,0.480743,0.494118,0.061801,0.05098,211.619099,2.680492,0.998906,-0.523696,-0.850621,0.275287,0.277778,0.331127,0.330472,0.393586,0.391437,104.309102,107.0,211.0,216.0,220.0,-122.0,-110.0,-94.0,0.421801,0.490741,0.572727,7401,7401,0,0.0,1.0,0.0,3667,pass,
glucose_06_c1_wF11,glucose_06_c1,glucose,6,1.0,F11,6,11,crops/glucose/glucose_06_c1/glucose_06_c1_wF11.png,62.383,88.509778,90.0,11.275671,11.0,104.468828,106.0,11.235896,11.0,124.046465,126.0,12.890175,12.0,0.28847,0.286275,0.024297,0.023529,0.486457,0.494118,0.05055,0.047059,212.541006,3.057215,0.998577,-0.537138,-0.841807,0.278577,0.279221,0.329728,0.329457,0.391694,0.391931,105.675024,107.333333,32.0,38.0,46.0,58.0,68.0,80.0,2.8125,2.789474,2.73913,5983,5983,0,0.0,1.0,0.0,2982,pass,
glucose_06_c1_wF12,glucose_06_c1,glucose,6,1.0,F12,6,12,crops/glucose/glucose_06_c1/glucose_06_c1_wF12.png,67.993,97.306449,98.0,8.274012,10.0,113.327245,114.0,8.366456,11.0,134.858367,136.0,9.461912,11.0,0.279198,0.278431,0.017376,0.019608,0.528856,0.533333,0.037106,0.043137,214.347874,2.589738,0.998979,-0.56364,-0.824784,0.281438,0.281437,0.328065,0.326816,0.390496,0.390625,115.16402,115.666667,206.0,212.0,216.0,-108.0,-98.0,-80.0,0.475728,0.537736,0.62963,7117,7117,0,0.0,1.0,0.0,3534,pass,
glucose_06_c1_wG01,glucose_06_c1,glucose,6,1.0,G01,7,1,crops/glucose/glucose_06_c1/glucose_06_c1_wG01.png,66.422,112.608178,113.0,10.182654,11.0,131.371966,131.0,10.016462,11.0,151.236211,151.0,10.382752,12.0,0.256417,0.254902,0.020871,0.02549,0.593083,0.592157,0.040717,0.047059,211.06306,2.294835,0.999198,-0.515567,-0.855913,0.28464,0.285347,0.332433,0.331731,0.382927,0.382775,131.738785,131.666667,215.0,220.0,224.0,-102.0,-89.0,-73.0,0.525581,0.595455,0.674107,6799,6799,0,0.0,1.0,0.0,3369,pass,
glucose_06_c1_wG02,glucose_06_c1,glucose,6,1.0,G02,7,2,crops/glucose/glucose_06_c1/glucose_06_c1_wG02.png,70.91,105.049432,105.0,9.402545,11.0,123.235287,123.0,9.355096,11.0,141.442695,142.0,9.559325,12.0,0.258238,0.258824,0.021301,0.027451,0.554677,0.556863,0.037488,0.047059,210.077452,2.621967,0.998953,-0.500646,-0.864443,0.283849,0.283784,0.33333,0.332443,0.382821,0.383099,123.242471,123.333333,214.0,220.0,223.0,-109.0,-97.0,-81.0,0.490654,0.559091,0.636771,7748,7748,0,0.0,1.0,0.0,3848,pass,
glucose_06_c1_wG03,glucose_06_c1,glucose,6,1.0,G03,7,3,crops/glucose/glucose_06_c1/glucose_06_c1_wG03.png,67.993,103.876474,104.0,11.014113,13.0,121.034812,121.0,11.062031,12.0,138.020354,138.0,11.276824,13.0,0.248858,0.247059,0.019848,0.019608,0.541256,0.541176,0.044223,0.05098,209.691032,0.997992,0.999848,-0.495248,-0.868577,0.285855,0.286104,0.333506,0.333333,0.380639,0.380697,120.977213,120.666667,213.0,218.0,221.0,-109.0,-97.0,-83.0,0.488263,0.555046,0.624434,7124,7124,0,0.0,1.0,0.0,3519,pass,
glucose_06_c1_wG04,glucose_06_c1,glucose,6,1.0,G04,7,4,crops/glucose/glucose_06_c1/glucose_06_c1_wG04.png,67.993,104.072955,104.0,11.635749,14.0,121.248946,121.0,11.585208,14.0,140.321479,140.0,11.658961,14.0,0.259968,0.258824,0.023367,0.031373,0.55028,0.54902,0.045721,0.054902,211.172988,1.457853,0.999676,-0.517456,-0.855331,0.284175,0.284553,0.3316,0.330827,0.384226,0.384,121.881126,122.0,210.0,215.0,219.0,-106.0,-94.0,-79.0,0.495238,0.562791,0.639269,7114,7114,0,0.0,1.0,0.0,3515,pass,
glucose_06_c1_wG05,glucose_06_c1,glucose,6,1.0,G05,7,5,crops/glucose/glucose_06_c1/glucose_06_c1_wG05.png,61.486,103.593127,105.0,13.966298,13.0,119.633162,121.0,14.590656,14.0,140.166151,141.0,14.706863,14.0,0.263797,0.258824,0.032135,0.027451,0.549671,0.552941,0.057674,0.054902,213.679609,2.943944,0.998681,-0.553817,-0.831054,0.284357,0.285333,0.329029,0.32967,0.386614,0.38484,121.130813,122.333333,53.0,61.0,70.0,52.0,60.0,71.0,1.981132,1.983607,2.014286,5820,5820,0,0.0,1.0,0.0,2878,pass,
glucose_06_c1_wG06,glucose_06_c1,glucose,6,1.0,G06,7,6,crops/glucose/glucose_06_c1/glucose_06_c1_wG06.png,62.608,98.440239,99.0,9.269594,12.0,115.194721,115.0,9.193062,12.0,134.801793,135.0,9.925363,13.0,0.270707,0.270588,0.021086,0.027451,0.528634,0.529412,0.038923,0.05098,212.420824,2.483751,0.999061,-0.53563,-0.84334,0.282225,0.282353,0.330645,0.330601,0.38713,0.387006,116.145584,116.333333,46.0,53.0,63.0,53.0,62.0,72.0,2.152174,2.169811,2.142857,6024,6024,0,0.0,1.0,0.0,3001,pass,
glucose_06_c1_wG07,glucose_06_c1,glucose,6,1.0,G07,7,7,crops/glucose/glucose_06_c1/glucose_06_c1_wG07.png,71.584,95.570758,96.0,11.448957,13.0,112.008242,112.0,11.418283,12.0,131.985417,133.0,12.097391,13.0,0.277653,0.278431,0.027815,0.031373,0.51759,0.521569,0.047441,0.05098,212.922328,2.828623,0.998782,-0.54284,-0.838386,0.280944,0.28125,0.329886,0.329949,0.389169,0.389381,113.188139,113.666667,212.0,216.0,221.0,-116.0,-104.0,-88.0,0.45283,0.518519,0.60181,7886,7886,0,0.0,1.0,0.0,3921,pass,
glucose_06_c1_wG08,glucose_06_c1,glucose,6,1.0,G08,7,8,crops/glucose/glucose_06_c1/glucose_06_c1_wG08.png,63.73,87.04158,87.0,9.545377,11.0,104.009276,104.0,9.546468,10.0,123.284663,125.0,10.469922,12.0,0.295323,0.294118,0.024673,0.031373,0.483469,0.490196,0.041059,0.047059,211.960389,2.888593,0.99873,-0.528661,-0.847337,0.276485,0.27673,0.330961,0.330303,0.392554,0.392617,104.778506,105.333333,193.0,200.0,203.0,-106.0,-96.0,-78.0,0.450777,0.52,0.615764,6253,6253,0,0.0,1.0,0.0,3106,pass,
glucose_06_c1_wG09,glucose_06_c1,glucose,6,1.0,G09,7,9,crops/glucose/glucose_06_c1/glucose_06_c1_wG09.png,70.91,88.319938,91.0,17.335198,16.0,104.160615,108.0,18.098913,16.0,123.016281,126.0,18.399986,17.5,0.290315,0.278431,0.065911,0.035294,0.482417,0.494118,0.072157,0.068627,212.640051,3.876515,0.997714,-0.538126,-0.84015,0.277414,0.280757,0.32944,0.330097,0.393145,0.388889,105.165611,108.0,211.0,217.0,220.0,-120.0,-109.0,-94.0,0.43128,0.497696,0.572727,7739,7739,0,0.0,1.0,0.0,3851,pass,
glucose_06_c1_wG10,glucose_06_c1,glucose,6,1.0,G10,7,10,crops/glucose/glucose_06_c1/glucose_06_c1_wG10.png,70.013,91.181565,91.0,8.818841,10.0,107.575156,108.0,8.857688,10.0,126.426169,127.0,9.764059,12.0,0.279705,0.282353,0.022201,0.027451,0.495789,0.498039,0.03829,0.047059,211.839323,2.628133,0.998949,-0.526984,-0.848638,0.280105,0.28,0.330867,0.330435,0.389027,0.389241,108.394297,108.666667,212.0,217.0,221.0,-121.0,-109.0,-94.0,0.429245,0.497696,0.574661,7551,7551,0,0.0,1.0,0.0,3741,pass,
glucose_06_c1_wG11,glucose_06_c1,glucose,6,1.0,G11,7,11,crops/glucose/glucose_06_c1/glucose_06_c1_wG11.png,67.544,91.050221,94.0,16.254604,14.0,107.305307,111.0,17.268505,14.0,124.785318,129.0,18.761174,16.0,0.275537,0.270588,0.045468,0.031373,0.489354,0.505882,0.073573,0.062745,210.973405,2.940976,0.998683,-0.513963,-0.856277,0.280284,0.281734,0.331947,0.332353,0.387769,0.386228,107.713615,111.333333,203.0,208.0,212.0,-109.0,-97.0,-83.0,0.463054,0.533654,0.608491,7029,7029,0,0.0,1.0,0.000285,3489,pass,
glucose_06_c1_wG12,glucose_06_c1,glucose,6,1.0,G12,7,12,crops/glucose/glucose_06_c1/glucose_06_c1_wG12.png,68.666,96.720072,97.0,8.750063,10.0,114.4305,115.0,8.739654,11.0,134.501171,136.0,9.648447,11.5,0.281645,0.282353,0.023402,0.031373,0.527456,0.533333,0.037837,0.045098,212.203978,2.772854,0.99883,-0.532311,-0.845166,0.279542,0.279883,0.331117,0.329787,0.389341,0.389776,115.217248,115.666667,202.0,208.0,212.0,-105.0,-93.0,-76.0,0.480198,0.552885,0.641509,7259,7259,0,0.0,1.0,0.0,3611,pass,
glucose_06_c1_wH01,glucose_06_c1,glucose,6,1.0,H01,8,1,crops/glucose/glucose_06_c1/glucose_06_c1_wH01.png,62.159,113.06567,113.0,9.169432,11.0,132.330198,132.0,9.250215,10.0,152.908633,153.0,9.540891,11.0,0.261285,0.262745,0.018192,0.023529,0.599642,0.6,0.037415,0.043137,211.164156,2.229627,0.999243,-0.5171,-0.855041,0.283664,0.283505,0.332236,0.331933,0.3841,0.384331,132.768167,132.333333,47.0,58.0,70.0,66.0,74.0,83.0,2.404255,2.275862,2.185714,5954,5954,0,0.0,1.0,0.0,2940,pass,
glucose_06_c1_wH02,glucose_06_c1,glucose,6,1.0,H02,8,2,crops/glucose/glucose_06_c1/glucose_06_c1_wH02.png,64.852,105.032746,104.0,9.967456,12.0,123.247451,123.0,9.58441,12.0,142.339666,142.0,10.042373,12.0,0.263215,0.262745,0.022567,0.023529,0.558195,0.556863,0.039382,0.047059,210.770056,2.640083,0.998939,-0.511051,-0.858316,0.283059,0.283237,0.332599,0.33162,0.384342,0.384375,123.539955,123.333333,163.0,172.0,176.0,-59.0,-49.0,-34.0,0.638037,0.715116,0.806818,6474,6474,0,0.0,1.0,0.0,3209,pass,
glucose_06_c1_wH03,glucose_06_c1,glucose,6,1.0,H03,8,3,crops/glucose/glucose_06_c1/glucose_06_c1_wH03.png,63.954,106.548571,106.0,9.018466,11.0,123.582857,124.0,9.006398,11.0,143.739841,144.0,9.906296,12.0,0.259355,0.258824,0.017752,0.023529,0.563686,0.564706,0.038848,0.047059,212.732382,2.361574,0.999151,-0.540257,-0.840491,0.284786,0.284595,0.330592,0.33033,0.384622,0.385,124.623757,124.666667,136.0,143.5,148.0,-30.0,-19.5,-4.0,0.779412,0.864111,0.972973,6300,6300,0,0.0,1.0,0.0,3120,pass,
glucose_06_c1_wH04,glucose_06_c1,glucose,6,1.0,H04,8,4,crops/glucose/glucose_06_c1/glucose_06_c1_wH04.png,68.442,103.357074,103.0,11.321402,12.0,120.430788,120.0,11.615746,14.0,140.150894,140.0,12.148717,14.0,0.263887,0.266667,0.022307,0.027451,0.549611,0.54902,0.047642,0.054902,212.225358,2.891549,0.998727,-0.532572,-0.844881,0.283634,0.283784,0.330913,0.330579,0.385453,0.385787,121.312919,121.333333,209.0,215.0,219.0,-106.0,-95.0,-79.0,0.492823,0.55814,0.639269,7217,7217,0,0.0,1.0,0.0,3560,pass,
glucose_06_c1_wH05,glucose_06_c1,glucose,6,1.0,H05,8,5,crops/glucose/glucose_06_c1/glucose_06_c1_wH05.png,71.808,103.264372,103.0,9.802735,12.0,120.059758,119.0,10.549189,13.0,141.269037,141.0,10.96908,13.0,0.269814,0.270588,0.019976,0.027451,0.553996,0.552941,0.043016,0.05098,213.637163,4.443981,0.996997,-0.552268,-0.830062,0.283011,0.283333,0.329261,0.329609,0.387727,0.387701,121.531056,121.333333,211.0,215.0,219.0,-108.0,-96.0,-78.0,0.488152,0.553488,0.643836,7932,7932,0,0.0,1.0,0.0,3935,pass,
glucose_06_c1_wH06,glucose_06_c1,glucose,6,1.0,H06,8,6,crops/glucose/glucose_06_c1/glucose_06_c1_wH06.png,63.954,101.152136,101.0,10.405517,13.0,117.820232,117.0,10.271466,13.0,139.263459,139.0,10.87701,13.0,0.275095,0.27451,0.02072,0.023529,0.546131,0.545098,0.042655,0.05098,213.878032,2.535721,0.999021,-0.556881,-0.829413,0.282,0.282123,0.328916,0.327711,0.389083,0.389189,119.411942,119.333333,139.0,148.0,154.0,-38.0,-31.0,-15.0,0.726619,0.790541,0.902597,6297,6297,0,0.0,1.0,0.0,3127,pass,
glucose_06_c1_wH07,glucose_06_c1,glucose,6,1.0,H07,8,7,crops/glucose/glucose_06_c1/glucose_06_c1_wH07.png,65.525,97.575964,97.0,9.204682,11.0,114.573545,114.0,8.820336,11.0,135.35223,136.0,9.548106,13.0,0.280321,0.278431,0.020714,0.027451,0.530793,0.533333,0.037444,0.05098,212.993467,3.141805,0.998498,-0.543725,-0.837473,0.280452,0.280802,0.329778,0.330218,0.38977,0.389881,115.833913,115.333333,212.0,216.0,221.0,-115.0,-102.0,-85.0,0.457547,0.527778,0.615385,6615,6615,0,0.0,1.0,0.0,3290,pass,
glucose_06_c1_wH08,glucose_06_c1,glucose,6,1.0,H08,8,8,crops/glucose/glucose_06_c1/glucose_06_c1_wH08.png,65.749,93.175207,94.0,14.095679,12.0,110.166792,111.0,14.420417,12.0,129.470323,130.0,15.203394,13.0,0.285015,0.278431,0.050949,0.027451,0.507727,0.509804,0.059621,0.05098,211.945269,3.099235,0.998538,-0.528335,-0.847313,0.278414,0.28,0.330813,0.330556,0.390773,0.388889,110.937441,111.333333,207.0,212.0,216.0,-113.0,-101.0,-86.0,0.454106,0.523585,0.601852,6655,6655,0,0.0,1.0,0.000301,3301,pass,
glucose_06_c1_wH09,glucose_06_c1,glucose,6,1.0,H09,8,9,crops/glucose/glucose_06_c1/glucose_06_c1_wH09.png,67.544,93.200085,94.0,9.662518,12.0,110.425341,111.0,9.516084,11.0,129.767634,130.0,10.638987,14.0,0.282922,0.282353,0.02058,0.023529,0.508893,0.509804,0.041722,0.054902,211.658293,3.206135,0.998436,-0.524031,-0.849862,0.279188,0.279635,0.331317,0.330484,0.389495,0.389381,111.13102,111.666667,206.0,211.0,215.0,-112.0,-100.0,-85.0,0.456311,0.526066,0.604651,7032,7032,0,0.0,1.0,0.0,3494,pass,
glucose_06_c1_wH10,glucose_06_c1,glucose,6,1.0,H10,8,10,crops/glucose/glucose_06_c1/glucose_06_c1_wH10.png,65.3,99.842177,100.0,9.118946,11.0,116.805886,117.0,8.925925,11.0,135.966453,137.0,9.547146,12.0,0.266596,0.266667,0.018395,0.015686,0.533202,0.537255,0.03744,0.047059,211.383105,2.037511,0.999368,-0.520429,-0.853165,0.282855,0.283237,0.331308,0.330645,0.385837,0.385675,117.538172,118.0,205.0,212.0,215.0,-105.0,-95.0,-78.0,0.487805,0.551887,0.637209,6558,6558,0,0.0,1.0,0.0,3250,pass,
glucose_06_c1_wH11,glucose_06_c1,glucose,6,1.0,H11,8,11,crops/glucose/glucose_06_c1/glucose_06_c1_wH11.png,60.812,85.972056,92.0,31.151172,42.0,98.965202,106.0,33.217966,45.0,116.268893,124.0,33.087679,44.0,0.287711,0.254902,0.109402,0.082353,0.455956,0.486275,0.129756,0.172549,215.512315,7.11758,0.992314,-0.576413,-0.807734,0.278155,0.286219,0.325651,0.329412,0.396194,0.383954,100.40205,107.333333,45.0,53.0,62.0,47.0,53.0,62.0,2.044444,2.0,2.0,5690,5690,0,0.0,1.0,0.000351,2820,pass,
glucose_06_c1_wH12,glucose_06_c1,glucose,6,1.0,H12,8,12,crops/glucose/glucose_06_c1/glucose_06_c1_wH12.png,66.422,102.677116,103.0,9.225868,11.0,119.143341,119.0,9.176404,10.0,140.715673,141.0,9.573146,11.0,0.27155,0.270588,0.019758,0.019608,0.551826,0.552941,0.037542,0.043137,214.277451,2.290641,0.999201,-0.562751,-0.82566,0.282927,0.283237,0.328638,0.327456,0.388435,0.388406,120.845377,121.333333,206.0,212.0,216.0,-103.0,-93.0,-75.0,0.5,0.561321,0.652778,6795,6795,0,0.0,1.0,0.0,3368,pass,
glucose_07_c2.5_wA01,glucose_07_c2.5,glucose,7,2.5,A01,1,1,crops/glucose/glucose_07_c2.5/glucose_07_c2.5_wA01.png,70.91,119.575859,119.0,5.829444,7.0,140.18687,140.0,5.366652,6.0,149.122254,150.0,6.120551,6.0,0.198298,0.196078,0.013103,0.019608,0.584793,0.588235,0.024002,0.023529,198.227167,3.55438,0.998078,-0.312184,-0.947998,0.292368,0.292746,0.34291,0.342298,0.364723,0.364764,136.294994,136.333333,204.0,208.0,210.0,-85.0,-68.0,-60.0,0.583333,0.673077,0.714286,7738,7738,0,0.0,1.0,0.0,3844,pass,
glucose_07_c2.5_wA02,glucose_07_c2.5,glucose,7,2.5,A02,1,2,crops/glucose/glucose_07_c2.5/glucose_07_c2.5_wA02.png,60.812,115.405937,115.0,5.396567,7.0,136.065168,136.0,5.220903,6.0,145.589145,145.0,5.393525,7.0,0.207503,0.207843,0.012036,0.015686,0.570938,0.568627,0.021151,0.027451,198.961254,2.437595,0.999095,-0.324635,-0.944883,0.290577,0.291045,0.342707,0.342432,0.366716,0.366412,132.353416,132.333333,59.0,71.0,77.0,56.0,65.0,68.0,1.949153,1.915493,1.883117,5693,5693,0,0.0,1.0,0.0,2829,pass,
glucose_07_c2.5_wA03,glucose_07_c2.5,glucose,7,2.5,A03,1,3,crops/glucose/glucose_07_c2.5/glucose_07_c2.5_wA03.png,67.32,115.55769,116.0,6.399609,7.0,134.048445,134.0,6.103024,7.0,146.361903,147.0,6.68434,9.0,0.2107,0.207843,0.014418,0.015686,0.573968,0.576471,0.026213,0.035294,203.944256,2.698247,0.998892,-0.405398,-0.912928,0.291736,0.292383,0.338579,0.338272,0.369685,0.369509,131.989346,132.333333,204.0,208.0,210.0,-88.0,-74.0,-63.0,0.568627,0.644231,0.7,6977,6977,0,0.0,1.0,0.0,3464,pass,
glucose_07_c2.5_wA04,glucose_07_c2.5,glucose,7,2.5,A04,1,4,crops/glucose/glucose_07_c2.5/glucose_07_c2.5_wA04.png,67.993,111.495642,113.0,12.89784,10.0,131.648018,133.0,12.021012,8.0,141.586028,143.0,12.411836,11.0,0.215297,0.207843,0.041305,0.027451,0.555239,0.560784,0.048674,0.043137,199.810681,4.688894,0.996657,-0.33778,-0.937672,0.288921,0.291105,0.342433,0.340852,0.368646,0.366667,128.243229,130.333333,205.0,209.0,211.0,-92.0,-76.0,-68.0,0.55122,0.636364,0.677725,7114,7114,0,0.0,1.0,0.0,3520,pass,
glucose_07_c2.5_wA05,glucose_07_c2.5,glucose,7,2.5,A05,1,5,crops/glucose/glucose_07_c2.5/glucose_07_c2.5_wA05.png,65.525,111.807838,112.0,6.993068,8.0,131.794371,132.0,6.906653,8.0,141.600847,142.0,7.328624,9.0,0.210848,0.211765,0.011867,0.011765,0.555297,0.556863,0.02874,0.035294,199.831882,2.400772,0.999123,-0.338964,-0.939867,0.290136,0.290404,0.342193,0.34186,0.367671,0.367647,128.401019,129.0,204.0,209.0,212.0,-92.0,-77.0,-70.0,0.54902,0.631579,0.669811,6609,6609,0,0.0,1.0,0.0,3275,pass,
glucose_07_c2.5_wA06,glucose_07_c2.5,glucose,7,2.5,A06,1,6,crops/glucose/glucose_07_c2.5/glucose_07_c2.5_wA06.png,62.608,114.509784,115.0,11.53487,11.0,133.725373,134.0,11.004727,10.0,145.117413,146.0,11.086221,11.0,0.21264,0.207843,0.027061,0.019608,0.569088,0.572549,0.043475,0.043137,202.403862,3.458851,0.998179,-0.380439,-0.922837,0.290624,0.291139,0.340064,0.34058,0.369313,0.368421,131.117523,132.0,151.0,158.0,165.0,-36.0,-24.0,-19.0,0.761589,0.848101,0.884848,6030,6030,0,0.0,1.0,0.0,2998,pass,
glucose_07_c2.5_wA07,glucose_07_c2.5,glucose,7,2.5,A07,1,7,crops/glucose/glucose_07_c2.5/glucose_07_c2.5_wA07.png,64.627,115.089394,116.0,9.45212,10.0,134.678243,136.0,9.404172,9.0,145.753465,147.0,9.686945,9.0,0.211027,0.211765,0.023142,0.023529,0.571582,0.576471,0.037988,0.035294,201.854815,4.374181,0.99709,-0.371173,-0.925429,0.290743,0.291262,0.340561,0.34058,0.368696,0.369727,131.840368,133.0,166.0,172.0,178.0,-50.0,-36.0,-31.0,0.698795,0.790698,0.825843,6421,6421,0,0.0,1.0,0.0,3194,pass,
glucose_07_c2.5_wA08,glucose_07_c2.5,glucose,7,2.5,A08,1,8,crops/glucose/glucose_07_c2.5/glucose_07_c2.5_wA08.png,63.505,114.163554,118.0,20.159002,15.0,133.738571,138.0,20.124138,15.0,145.143432,149.0,20.393052,15.0,0.218723,0.207843,0.041711,0.031373,0.56919,0.584314,0.079973,0.058824,202.287927,3.062907,0.998572,-0.37872,-0.923968,0.289049,0.29156,0.340542,0.340476,0.370409,0.368687,131.015186,135.0,154.0,161.0,164.5,-36.0,-23.0,-15.5,0.766234,0.857143,0.905775,6212,6212,0,0.0,1.0,0.0,3072,pass,
glucose_07_c2.5_wA09,glucose_07_c2.5,glucose,7,2.5,A09,1,9,crops/glucose/glucose_07_c2.5/glucose_07_c2.5_wA09.png,66.198,112.017469,112.0,6.928374,8.0,133.298594,134.0,7.249888,9.0,145.427091,146.0,7.74672,9.0,0.229875,0.231373,0.016607,0.027451,0.570302,0.572549,0.030379,0.035294,201.934338,2.292557,0.9992,-0.373245,-0.92687,0.286597,0.286765,0.341166,0.340967,0.372236,0.372549,130.247718,131.0,209.0,213.0,217.0,-97.0,-79.0,-71.0,0.535885,0.629108,0.672811,6755,6755,0,0.0,1.0,0.0,3314,pass,
glucose_07_c2.5_wA10,glucose_07_c2.5,glucose,7,2.5,A10,1,10,crops/glucose/glucose_07_c2.5/glucose_07_c2.5_wA10.png,66.647,116.941968,117.0,7.692907,8.0,139.011694,139.0,7.449337,8.0,152.231984,152.0,7.678004,7.0,0.23231,0.235294,0.015136,0.015686,0.596988,0.596078,0.03011,0.027451,202.609245,2.327305,0.999175,-0.384127,-0.922387,0.286337,0.28607,0.340605,0.340369,0.373058,0.373134,136.061882,136.0,214.0,218.0,221.0,-97.0,-79.0,-69.0,0.546729,0.637615,0.687783,6841,6841,0,0.0,1.0,0.0,3377,pass,
glucose_07_c2.5_wA11,glucose_07_c2.5,glucose,7,2.5,A11,1,11,crops/glucose/glucose_07_c2.5/glucose_07_c2.5_wA11.png,65.525,122.699214,124.0,12.620205,9.0,143.418833,144.0,12.65972,11.0,155.592654,157.0,12.951129,10.0,0.212748,0.211765,0.022117,0.015686,0.610167,0.615686,0.050789,0.039216,202.318828,2.509857,0.999041,-0.379396,-0.924198,0.290581,0.290828,0.340172,0.340278,0.369247,0.369615,140.570234,141.333333,202.0,208.0,212.0,-78.0,-64.0,-55.0,0.613861,0.692308,0.740566,6616,6616,0,0.0,1.0,0.0,3278,pass,
glucose_07_c2.5_wA12,glucose_07_c2.5,glucose,7,2.5,A12,1,12,crops/glucose/glucose_07_c2.5/glucose_07_c2.5_wA12.png,62.383,134.133267,134.0,6.659603,8.0,155.91149,156.0,6.106644,6.0,169.111055,169.0,6.412053,8.0,0.207154,0.207843,0.011759,0.015686,0.663181,0.662745,0.025145,0.031373,202.81453,2.072979,0.999346,-0.387496,-0.921162,0.292034,0.291667,0.339598,0.339394,0.368368,0.368653,153.051937,153.0,79.0,94.0,98.0,55.0,62.0,71.0,1.696203,1.659574,1.72449,5988,5988,0,0.0,1.0,0.0,2971,pass,
glucose_07_c2.5_wB01,glucose_07_c2.5,glucose,7,2.5,B01,2,1,crops/glucose/glucose_07_c2.5/glucose_07_c2.5_wB01.png,65.525,115.591047,116.0,8.364848,9.0,134.781307,136.0,8.376896,9.0,144.533122,145.0,8.811151,9.0,0.200784,0.2,0.015088,0.019608,0.566797,0.568627,0.034554,0.035294,200.288961,2.898184,0.998722,-0.346312,-0.936757,0.29255,0.293151,0.341359,0.341146,0.366091,0.365979,131.635158,132.333333,171.0,179.0,182.0,-55.0,-43.0,-37.0,0.678363,0.759777,0.796703,6612,6612,0,0.0,1.0,0.0,3268,pass,
glucose_07_c2.5_wB02,glucose_07_c2.5,glucose,7,2.5,B02,2,2,crops/glucose/glucose_07_c2.5/glucose_07_c2.5_wB02.png,65.525,118.250681,119.0,5.664893,6.0,138.013464,138.0,5.626684,6.0,146.295764,147.0,6.325665,7.0,0.191787,0.192157,0.012766,0.015686,0.573709,0.576471,0.024807,0.027451,197.640902,4.012552,0.997551,-0.302308,-0.95064,0.293689,0.293689,0.342884,0.342432,0.363427,0.363855,134.186636,134.333333,178.0,187.0,190.0,-59.0,-49.0,-43.0,0.668539,0.737968,0.773684,6610,6610,0,0.0,1.0,0.0,3278,pass,
glucose_07_c2.5_wB03,glucose_07_c2.5,glucose,7,2.5,B03,2,3,crops/glucose/glucose_07_c2.5/glucose_07_c2.5_wB03.png,66.647,118.741855,119.0,7.190072,8.0,139.917166,140.0,6.581489,6.0,149.420891,150.0,7.364123,8.0,0.205687,0.203922,0.013253,0.019608,0.585964,0.588235,0.028879,0.031373,198.719455,3.849893,0.997745,-0.320211,-0.944966,0.29084,0.291358,0.342956,0.342233,0.366204,0.366412,136.026637,136.333333,202.0,207.0,211.0,-83.0,-67.0,-61.0,0.589109,0.676329,0.7109,6845,6845,0,0.0,1.0,0.0,3379,pass,
glucose_07_c2.5_wB04,glucose_07_c2.5,glucose,7,2.5,B04,2,4,crops/glucose/glucose_07_c2.5/glucose_07_c2.5_wB04.png,67.993,119.058567,119.0,6.937933,8.0,138.832022,139.0,6.702518,7.0,149.092837,149.0,7.020872,8.0,0.201775,0.2,0.013517,0.015686,0.584678,0.584314,0.027533,0.031373,200.650333,3.017431,0.998614,-0.352175,-0.934453,0.292428,0.292566,0.341167,0.340741,0.366405,0.366755,135.661142,136.0,205.0,209.0,213.0,-86.0,-70.0,-64.0,0.580488,0.665072,0.699531,7120,7120,0,0.0,1.0,0.0,3570,pass,
glucose_07_c2.5_wB05,glucose_07_c2.5,glucose,7,2.5,B05,2,5,crops/glucose/glucose_07_c2.5/glucose_07_c2.5_wB05.png,67.096,118.096151,119.0,7.560823,7.0,136.881937,137.0,7.23872,6.0,146.147326,147.0,7.498858,7.0,0.192442,0.192157,0.014442,0.015686,0.573127,0.576471,0.029407,0.027451,199.888844,3.317874,0.998325,-0.339627,-0.938779,0.294266,0.294686,0.341298,0.340314,0.364435,0.364532,133.708471,134.333333,203.0,207.0,210.0,-84.0,-70.0,-63.0,0.586207,0.661836,0.7,6937,6937,0,0.0,1.0,0.0,3453,pass,
glucose_07_c2.5_wB06,glucose_07_c2.5,glucose,7,2.5,B06,2,6,crops/glucose/glucose_07_c2.5/glucose_07_c2.5_wB06.png,66.871,116.518943,119.0,17.587761,11.0,136.418638,139.0,18.027489,10.0,145.91813,149.0,19.399648,12.0,0.205328,0.2,0.035079,0.015686,0.572281,0.584314,0.075815,0.047059,199.24829,5.220731,0.995857,-0.328297,-0.940188,0.291018,0.292566,0.34261,0.340909,0.366372,0.366197,132.951904,136.0,207.0,211.0,214.0,-88.0,-72.0,-65.0,0.574879,0.658768,0.696262,6889,6889,0,0.0,1.0,0.0,3415,pass,
glucose_07_c2.5_wB07,glucose_07_c2.5,glucose,7,2.5,B07,2,7,crops/glucose/glucose_07_c2.5/glucose_07_c2.5_wB07.png,61.934,115.534734,120.0,21.081229,12.0,134.593189,140.0,22.860235,12.0,145.811589,150.0,21.550601,11.0,0.214105,0.203922,0.0487,0.027451,0.57181,0.588235,0.084512,0.043137,203.116338,7.110256,0.992329,-0.389588,-0.912655,0.290393,0.292743,0.339266,0.340426,0.370341,0.366963,131.979837,136.666667,69.0,82.0,85.5,51.0,58.0,64.5,1.73913,1.707317,1.754386,5902,5902,0,0.0,1.0,0.0,2928,pass,
glucose_07_c2.5_wB08,glucose_07_c2.5,glucose,7,2.5,B08,2,8,crops/glucose/glucose_07_c2.5/glucose_07_c2.5_wB08.png,70.237,115.724769,119.0,16.304061,10.0,137.822003,141.0,17.852258,9.0,147.263109,151.0,18.197509,10.0,0.217645,0.215686,0.036686,0.023529,0.577523,0.592157,0.071365,0.039216,198.366693,5.218976,0.99586,-0.313793,-0.94513,0.287856,0.288732,0.34377,0.342569,0.368373,0.368171,133.603294,137.333333,214.0,218.0,221.0,-95.0,-77.0,-70.0,0.556075,0.646789,0.683258,7590,7590,0,0.0,1.0,0.0,3774,pass,
glucose_07_c2.5_wB09,glucose_07_c2.5,glucose,7,2.5,B09,2,9,crops/glucose/glucose_07_c2.5/glucose_07_c2.5_wB09.png,64.852,121.831325,122.0,8.83461,10.0,141.364844,141.0,8.577782,9.0,153.337195,153.0,9.024739,11.0,0.206049,0.203922,0.01419,0.019608,0.601322,0.6,0.035391,0.043137,203.048163,2.90026,0.99872,-0.391004,-0.918998,0.292318,0.292566,0.339444,0.340045,0.368238,0.368159,138.844455,139.0,184.0,192.0,194.0,-62.0,-51.0,-41.0,0.663043,0.734375,0.78866,6474,6474,0,0.0,1.0,0.0,3215,pass,
glucose_07_c2.5_wB10,glucose_07_c2.5,glucose,7,2.5,B10,2,10,crops/glucose/glucose_07_c2.5/glucose_07_c2.5_wB10.png,69.115,120.224806,120.0,8.295618,8.0,141.964504,142.0,8.269907,8.0,153.684347,154.0,8.916772,10.0,0.217997,0.219608,0.016761,0.019608,0.602684,0.603922,0.034968,0.039216,200.97297,2.854196,0.99876,-0.357484,-0.932592,0.288954,0.288732,0.341426,0.340633,0.36962,0.370115,138.624552,139.0,209.0,213.0,216.0,-89.0,-71.0,-62.0,0.574163,0.666667,0.712963,7353,7353,0,0.0,1.0,0.0,3651,pass,
glucose_07_c2.5_wB11,glucose_07_c2.5,glucose,7,2.5,B11,2,11,crops/glucose/glucose_07_c2.5/glucose_07_c2.5_wB11.png,70.237,124.30258,125.0,9.772615,11.0,145.218742,146.0,9.17193,11.0,156.535009,157.0,9.322045,10.0,0.206725,0.203922,0.020831,0.027451,0.613863,0.615686,0.036557,0.039216,201.214355,3.616277,0.99801,-0.361138,-0.930378,0.291507,0.292135,0.340919,0.340741,0.367574,0.367647,142.018777,142.666667,218.0,222.0,225.0,-93.0,-76.0,-68.0,0.573394,0.657658,0.697778,7598,7598,0,0.0,1.0,0.0,3765,pass,
glucose_07_c2.5_wB12,glucose_07_c2.5,glucose,7,2.5,B12,2,12,crops/glucose/glucose_07_c2.5/glucose_07_c2.5_wB12.png,70.686,131.30264,131.0,6.761769,7.0,154.038887,154.0,6.380726,6.0,166.503707,167.0,6.971806,7.0,0.211668,0.211765,0.010632,0.011765,0.652956,0.654902,0.02734,0.027451,201.474611,3.630487,0.997995,-0.365355,-0.928714,0.290499,0.290749,0.340962,0.339662,0.368539,0.368932,150.615078,150.333333,217.5,222.0,225.0,-86.5,-68.0,-58.0,0.602299,0.693694,0.742222,7689,7689,0,0.0,1.0,0.0,3812,pass,
glucose_07_c2.5_wC01,glucose_07_c2.5,glucose,7,2.5,C01,3,1,crops/glucose/glucose_07_c2.5/glucose_07_c2.5_wC01.png,66.198,120.091246,122.0,16.539534,9.0,139.575767,142.0,17.127684,8.0,148.490594,151.0,17.040191,8.0,0.195119,0.188235,0.038569,0.019608,0.582316,0.592157,0.066824,0.031373,199.117039,3.799229,0.997804,-0.32678,-0.942777,0.293225,0.294811,0.342077,0.341981,0.364698,0.363636,136.052535,138.333333,191.0,198.0,199.5,-69.0,-56.0,-48.5,0.638743,0.717172,0.756892,6751,6751,0,0.0,1.0,0.0,3342,pass,
glucose_07_c2.5_wC02,glucose_07_c2.5,glucose,7,2.5,C02,3,2,crops/glucose/glucose_07_c2.5/glucose_07_c2.5_wC02.png,71.808,118.728957,120.0,11.383615,9.0,137.879284,139.0,11.582172,8.0,148.114667,149.0,11.56453,8.0,0.199869,0.2,0.022818,0.019608,0.580842,0.584314,0.045351,0.031373,201.048804,2.632894,0.998945,-0.358784,-0.93229,0.292979,0.293399,0.340722,0.340633,0.366299,0.365967,134.907636,136.0,206.0,210.0,213.0,-86.0,-71.0,-64.0,0.582524,0.661905,0.699531,7936,7936,0,0.0,1.0,0.0,3932,pass,
glucose_07_c2.5_wC03,glucose_07_c2.5,glucose,7,2.5,C03,3,3,crops/glucose/glucose_07_c2.5/glucose_07_c2.5_wC03.png,62.159,120.549941,120.0,7.011423,7.0,142.238039,142.0,6.605333,6.0,152.304516,152.0,6.788782,7.0,0.208902,0.207843,0.014321,0.015686,0.597273,0.596078,0.026623,0.027451,199.244016,2.796667,0.998809,-0.3292,-0.942999,0.29029,0.290094,0.342711,0.342169,0.366999,0.367442,138.364165,138.333333,59.0,72.0,76.0,61.0,70.0,76.0,2.033898,1.972222,2.0,5957,5957,0,0.0,1.0,0.0,2939,pass,
glucose_07_c2.5_wC04,glucose_07_c2.5,glucose,7,2.5,C04,3,4,crops/glucose/glucose_07_c2.5/glucose_07_c2.5_wC04.png,62.383,117.652922,118.0,8.46406,8.0,138.774791,139.0,8.265737,8.0,148.172955,149.0,8.728332,8.0,0.206476,0.203922,0.016064,0.023529,0.58107,0.584314,0.034229,0.031373,198.39128,2.373294,0.999142,-0.315234,-0.94811,0.290622,0.290576,0.343062,0.3425,0.366316,0.365729,134.866889,135.333333,71.0,83.0,86.0,47.0,56.0,63.0,1.661972,1.674699,1.732558,5990,5990,0,0.0,1.0,0.0,2970,pass,
glucose_07_c2.5_wC05,glucose_07_c2.5,glucose,7,2.5,C05,3,5,crops/glucose/glucose_07_c2.5/glucose_07_c2.5_wC05.png,61.71,119.268601,119.0,7.866606,8.0,140.425939,140.0,7.641686,8.0,149.600683,149.0,8.116595,9.0,0.203163,0.2,0.017007,0.023529,0.586669,0.584314,0.03183,0.035294,197.995241,2.276579,0.999211,-0.308694,-0.950332,0.291263,0.292135,0.34315,0.3425,0.365586,0.365239,136.431741,136.333333,66.0,78.0,82.0,53.0,62.0,67.0,1.80303,1.794872,1.817073,5860,5860,0,0.0,1.0,0.0,2908,pass,
glucose_07_c2.5_wC06,glucose_07_c2.5,glucose,7,2.5,C06,3,6,crops/glucose/glucose_07_c2.5/glucose_07_c2.5_wC06.png,70.686,119.690538,120.0,10.089425,11.0,139.995581,141.0,9.508659,10.0,148.857941,150.0,10.160882,11.0,0.196696,0.192157,0.021357,0.019608,0.58376,0.588235,0.039843,0.043137,198.240131,4.280139,0.997214,-0.312128,-0.947107,0.292723,0.29397,0.342787,0.342432,0.364491,0.364362,136.181353,137.0,212.0,216.0,219.0,-92.0,-75.0,-69.0,0.566038,0.652778,0.684932,7694,7694,0,0.0,1.0,0.0,3798,pass,
glucose_07_c2.5_wC07,glucose_07_c2.5,glucose,7,2.5,C07,3,7,crops/glucose/glucose_07_c2.5/glucose_07_c2.5_wC07.png,67.096,116.491992,117.0,9.062427,10.0,138.177031,138.0,8.530051,8.0,147.920502,148.0,8.998543,10.0,0.21318,0.211765,0.01743,0.023529,0.58008,0.580392,0.035288,0.039216,198.743936,2.468633,0.999072,-0.321041,-0.946086,0.289135,0.289474,0.343317,0.342569,0.367549,0.367292,134.196508,134.333333,210.0,214.0,217.0,-93.0,-76.0,-69.0,0.557143,0.64486,0.682028,6931,6931,0,0.0,1.0,0.0,3434,pass,
glucose_07_c2.5_wC08,glucose_07_c2.5,glucose,7,2.5,C08,3,8,crops/glucose/glucose_07_c2.5/glucose_07_c2.5_wC08.png,66.198,110.442319,119.0,28.020639,23.0,130.377966,140.0,29.602796,23.25,139.090154,149.0,28.828144,23.0,0.218765,0.203922,0.070291,0.039216,0.545452,0.584314,0.113052,0.090196,199.176384,5.267363,0.995783,-0.327092,-0.940529,0.287455,0.29078,0.343126,0.342932,0.36942,0.364764,126.636813,136.0,202.0,206.0,210.0,-83.0,-66.0,-61.0,0.589109,0.679612,0.709524,6744,6744,0,0.0,1.0,0.0,3353,pass,
glucose_07_c2.5_wC09,glucose_07_c2.5,glucose,7,2.5,C09,3,9,crops/glucose/glucose_07_c2.5/glucose_07_c2.5_wC09.png,71.584,117.501585,118.0,8.874788,11.0,137.711097,138.0,8.475904,10.0,149.566519,150.0,8.852776,11.0,0.215068,0.211765,0.017387,0.023529,0.586535,0.588235,0.034717,0.043137,202.406485,3.323978,0.998319,-0.380534,-0.922948,0.290075,0.291045,0.340289,0.340426,0.369636,0.369615,134.9264,135.333333,214.0,219.0,222.0,-96.0,-81.0,-72.0,0.551402,0.630137,0.675676,7885,7885,0,0.0,1.0,0.0,3908,pass,
glucose_07_c2.5_wC10,glucose_07_c2.5,glucose,7,2.5,C10,3,10,crops/glucose/glucose_07_c2.5/glucose_07_c2.5_wC10.png,70.91,118.422148,119.0,9.435192,10.0,139.43326,140.0,9.387498,9.0,150.286342,151.0,9.80659,11.0,0.212576,0.211765,0.019861,0.031373,0.589358,0.592157,0.038457,0.043137,200.440425,3.426099,0.998214,-0.348609,-0.935362,0.289951,0.290249,0.34169,0.340796,0.368359,0.367725,136.04725,137.0,217.0,221.0,224.0,-98.0,-81.0,-73.0,0.548387,0.633484,0.674107,7739,7739,0,0.0,1.0,0.0,3834,pass,
glucose_07_c2.5_wC11,glucose_07_c2.5,glucose,7,2.5,C11,3,11,crops/glucose/glucose_07_c2.5/glucose_07_c2.5_wC11.png,64.403,122.248043,122.0,10.380629,11.0,142.482931,143.0,10.109134,11.0,156.058879,156.0,10.407135,11.0,0.217598,0.215686,0.018601,0.019608,0.611996,0.611765,0.040812,0.043137,204.229482,2.383588,0.999135,-0.410037,-0.91112,0.29027,0.290749,0.338671,0.337662,0.371059,0.371084,140.263284,140.333333,207.0,211.0,214.0,-85.0,-68.0,-58.0,0.589372,0.677725,0.728972,6386,6386,0,0.0,1.0,0.0,3167,pass,
glucose_07_c2.5_wC12,glucose_07_c2.5,glucose,7,2.5,C12,3,12,crops/glucose/glucose_07_c2.5/glucose_07_c2.5_wC12.png,63.056,132.025008,132.0,8.791185,9.0,152.812194,153.0,8.656244,8.0,165.758091,166.0,8.948766,8.0,0.204042,0.203922,0.014057,0.015686,0.650032,0.65098,0.035093,0.031373,203.217461,2.369618,0.999145,-0.393885,-0.91823,0.292858,0.292887,0.339174,0.339506,0.367968,0.368071,150.198431,150.333333,85.0,97.0,101.0,47.0,56.0,65.0,1.552941,1.57732,1.643564,6118,6118,0,0.0,1.0,0.0,3036,pass,
glucose_07_c2.5_wD01,glucose_07_c2.5,glucose,7,2.5,D01,4,1,crops/glucose/glucose_07_c2.5/glucose_07_c2.5_wD01.png,72.257,117.877599,119.0,6.189096,7.0,137.494085,138.0,5.968471,6.0,146.119661,147.0,6.625793,7.0,0.193523,0.196078,0.011419,0.011765,0.573018,0.576471,0.025984,0.027451,198.098017,2.964574,0.998662,-0.310228,-0.949255,0.293518,0.293399,0.342512,0.342432,0.36397,0.364303,133.830449,135.0,205.0,209.0,211.0,-86.0,-71.0,-64.0,0.580488,0.660287,0.696682,8031,8031,0,0.0,1.0,0.0,3984,pass,
glucose_07_c2.5_wD02,glucose_07_c2.5,glucose,7,2.5,D02,4,2,crops/glucose/glucose_07_c2.5/glucose_07_c2.5_wD02.png,65.974,109.042382,109.0,9.170246,11.0,129.114461,129.0,9.045205,11.0,137.060588,137.0,9.228381,11.0,0.205327,0.203922,0.016362,0.019608,0.537493,0.537255,0.03619,0.043137,196.848935,2.172287,0.999282,-0.289641,-0.956385,0.290367,0.290761,0.344186,0.34384,0.365446,0.365482,125.072477,125.333333,188.0,197.0,200.0,-79.0,-68.0,-63.0,0.579787,0.654822,0.685,6701,6701,0,0.0,1.0,0.0,3325,pass,
glucose_07_c2.5_wD03,glucose_07_c2.5,glucose,7,2.5,D03,4,3,crops/glucose/glucose_07_c2.5/glucose_07_c2.5_wD03.png,65.525,105.835703,105.0,13.02633,15.0,124.497428,123.0,12.98349,15.0,135.067927,134.0,12.578808,14.0,0.218604,0.215686,0.026695,0.035294,0.529678,0.52549,0.049329,0.054902,201.89092,2.922168,0.9987,-0.372356,-0.926689,0.289096,0.289474,0.340758,0.340483,0.370146,0.369509,121.800353,120.333333,183.0,191.0,195.0,-78.0,-68.0,-61.0,0.57377,0.643979,0.687179,6610,6610,0,0.0,1.0,0.0,3280,pass,
glucose_07_c2.5_wD04,glucose_07_c2.5,glucose,7,2.5,D04,4,4,crops/glucose/glucose_07_c2.5/glucose_07_c2.5_wD04.png,63.954,106.057851,107.0,12.299575,12.0,126.106802,127.0,12.307644,12.0,136.173236,137.0,12.262837,12.0,0.223342,0.219608,0.028636,0.023529,0.534013,0.537255,0.04809,0.047059,200.335841,2.392532,0.999129,-0.347219,-0.936855,0.287351,0.288,0.34247,0.342029,0.37018,0.369628,122.779296,123.333333,124.0,133.0,137.0,-17.0,-6.0,0.0,0.862903,0.954887,1.0,6292,6292,0,0.0,1.0,0.0,3125,pass,
glucose_07_c2.5_wD05,glucose_07_c2.5,glucose,7,2.5,D05,4,5,crops/glucose/glucose_07_c2.5/glucose_07_c2.5_wD05.png,66.198,100.201097,100.0,15.096646,16.0,118.525785,119.0,14.973809,16.0,128.500148,128.0,15.247956,16.0,0.223453,0.219608,0.02889,0.031373,0.503922,0.501961,0.059796,0.062745,201.280876,2.805225,0.998802,-0.362505,-0.930696,0.287763,0.288828,0.34154,0.340974,0.370697,0.369942,115.742343,115.666667,203.0,207.0,210.0,-103.0,-88.0,-82.0,0.492611,0.574879,0.609524,6748,6748,0,0.0,1.0,0.0,3378,pass,
glucose_07_c2.5_wD06,glucose_07_c2.5,glucose,7,2.5,D06,4,6,crops/glucose/glucose_07_c2.5/glucose_07_c2.5_wD06.png,67.544,100.111254,100.0,13.449336,16.0,118.570228,119.0,13.52932,16.0,129.314957,129.0,14.139953,17.0,0.227806,0.223529,0.026498,0.031373,0.507117,0.505882,0.055451,0.066667,202.06551,3.800522,0.997802,-0.374841,-0.924718,0.287111,0.287749,0.340876,0.340116,0.372013,0.371549,115.998813,116.0,207.0,212.0,214.0,-107.0,-93.0,-85.0,0.483092,0.561321,0.602804,7020,7020,0,0.0,1.0,0.0,3479,pass,
glucose_07_c2.5_wD07,glucose_07_c2.5,glucose,7,2.5,D07,4,7,crops/glucose/glucose_07_c2.5/glucose_07_c2.5_wD07.png,70.462,99.795392,100.0,15.432395,17.0,118.264694,119.0,15.561712,16.0,129.131954,130.0,16.066098,17.0,0.230507,0.227451,0.03259,0.033333,0.5064,0.509804,0.063004,0.066667,202.27269,3.467483,0.99817,-0.378322,-0.923697,0.286528,0.287462,0.340842,0.34026,0.37263,0.371901,115.73068,116.333333,214.0,218.0,221.0,-114.0,-99.0,-91.0,0.46729,0.545872,0.588235,7639,7639,0,0.0,1.0,0.0,3784,pass,
glucose_07_c2.5_wD08,glucose_07_c2.5,glucose,7,2.5,D08,4,8,crops/glucose/glucose_07_c2.5/glucose_07_c2.5_wD08.png,66.422,96.214275,97.0,14.633849,18.0,115.257101,116.0,14.831077,18.0,126.639294,127.0,14.73067,17.0,0.243529,0.239216,0.03241,0.035294,0.496625,0.498039,0.057767,0.066667,202.643901,2.669312,0.998915,-0.384585,-0.921914,0.283708,0.284553,0.340967,0.340686,0.375325,0.374631,112.703557,113.0,206.0,211.0,214.0,-109.0,-95.0,-87.0,0.470874,0.549763,0.593458,6795,6795,0,0.0,1.0,0.0,3368,pass,
glucose_07_c2.5_wD09,glucose_07_c2.5,glucose,7,2.5,D09,4,9,crops/glucose/glucose_07_c2.5/glucose_07_c2.5_wD09.png,71.359,97.99017,97.0,14.801406,18.0,118.305885,118.0,14.710149,18.0,129.652241,129.0,14.625801,17.0,0.247472,0.247059,0.034606,0.043137,0.50844,0.505882,0.057356,0.066667,201.704086,3.155045,0.998485,-0.369253,-0.927699,0.282353,0.282967,0.342117,0.342043,0.375531,0.375,115.316099,115.0,215.0,219.0,222.0,-118.0,-101.0,-93.0,0.451163,0.538813,0.581081,7833,7833,0,0.0,1.0,0.0,3891,pass,
glucose_07_c2.5_wD10,glucose_07_c2.5,glucose,7,2.5,D10,4,10,crops/glucose/glucose_07_c2.5/glucose_07_c2.5_wD10.png,68.666,102.058021,105.0,18.271001,16.0,121.703831,124.0,18.681913,16.0,133.002205,136.0,19.373035,17.0,0.23834,0.231373,0.04538,0.031373,0.521577,0.533333,0.075973,0.066667,202.035167,3.334385,0.998308,-0.374541,-0.925385,0.284451,0.286501,0.341524,0.341463,0.374025,0.3725,118.921352,121.333333,216.0,221.0,224.0,-111.0,-97.0,-88.0,0.486111,0.561086,0.607143,7256,7256,0,0.0,1.0,0.0,3607,pass,
glucose_07_c2.5_wD11,glucose_07_c2.5,glucose,7,2.5,D11,4,11,crops/glucose/glucose_07_c2.5/glucose_07_c2.5_wD11.png,66.422,108.453274,110.0,13.832254,18.0,128.816336,130.0,13.592746,18.0,141.596174,143.0,13.795937,18.0,0.236405,0.231373,0.027487,0.031373,0.555279,0.560784,0.054102,0.070588,203.263489,2.744222,0.998854,-0.394507,-0.917645,0.285617,0.286517,0.34014,0.340426,0.374243,0.373434,126.288595,127.333333,200.0,207.0,211.5,-90.0,-77.0,-68.5,0.55,0.628019,0.676123,6795,6795,0,0.0,1.0,0.0,3370,pass,
glucose_07_c2.5_wD12,glucose_07_c2.5,glucose,7,2.5,D12,4,12,crops/glucose/glucose_07_c2.5/glucose_07_c2.5_wD12.png,70.91,118.424493,120.0,13.793292,14.0,140.375145,142.0,14.032933,14.0,152.072342,153.0,14.029936,15.0,0.223039,0.219608,0.027505,0.027451,0.596362,0.6,0.055019,0.058824,200.996402,3.025835,0.998606,-0.35781,-0.932302,0.287755,0.288136,0.341708,0.341801,0.370536,0.369863,136.957327,138.333333,219.0,223.0,226.0,-99.0,-81.0,-73.0,0.547945,0.636771,0.676991,7741,7741,0,0.0,1.0,0.0,3832,pass,
glucose_07_c2.5_wE01,glucose_07_c2.5,glucose,7,2.5,E01,5,1,crops/glucose/glucose_07_c2.5/glucose_07_c2.5_wE01.png,70.91,110.493735,111.0,9.821735,13.0,130.777548,131.0,9.408765,11.0,141.25914,141.0,9.491463,12.0,0.218853,0.215686,0.02209,0.027451,0.553957,0.552941,0.037221,0.047059,200.653304,3.455992,0.998182,-0.352071,-0.934031,0.288541,0.289062,0.341951,0.341398,0.369509,0.368957,127.510141,127.666667,207.0,211.0,214.0,-96.0,-80.0,-73.0,0.536232,0.620853,0.658879,7741,7741,0,0.0,1.0,0.0,3835,pass,
glucose_07_c2.5_wE02,glucose_07_c2.5,glucose,7,2.5,E02,5,2,crops/glucose/glucose_07_c2.5/glucose_07_c2.5_wE02.png,71.808,98.495332,99.0,10.89211,12.0,118.154807,119.0,10.757466,11.0,129.043528,130.0,10.655787,11.0,0.238582,0.231373,0.029758,0.031373,0.506053,0.509804,0.041787,0.043137,201.525032,3.22555,0.998417,-0.366327,-0.928784,0.2844,0.285714,0.341855,0.341689,0.373745,0.372881,115.231222,116.0,207.0,211.0,214.0,-108.0,-92.0,-84.0,0.478261,0.563981,0.607477,7926,7926,0,0.0,1.0,0.0,3919,pass,
glucose_07_c2.5_wE03,glucose_07_c2.5,glucose,7,2.5,E03,5,3,crops/glucose/glucose_07_c2.5/glucose_07_c2.5_wE03.png,62.159,92.850227,99.0,24.535563,19.0,110.559758,118.0,27.23503,20.0,120.435535,128.0,26.852863,19.0,0.241862,0.227451,0.07602,0.039216,0.472296,0.501961,0.105305,0.07451,202.672298,5.991054,0.994548,-0.383358,-0.917694,0.283359,0.287263,0.340758,0.341737,0.375883,0.371585,107.948507,114.666667,43.0,55.0,62.0,56.0,63.0,66.0,2.302326,2.145455,2.064516,5949,5949,0,0.0,1.0,0.000672,2959,pass,
glucose_07_c2.5_wE04,glucose_07_c2.5,glucose,7,2.5,E04,5,4,crops/glucose/glucose_07_c2.5/glucose_07_c2.5_wE04.png,66.198,91.515861,91.0,15.071806,18.0,111.337682,111.0,15.574552,18.0,122.33783,122.0,15.323573,18.0,0.255897,0.254902,0.035448,0.043137,0.479756,0.478431,0.060092,0.070588,201.664764,3.962567,0.997611,-0.368293,-0.92714,0.280392,0.281553,0.342464,0.341808,0.377144,0.376667,108.397124,108.0,198.0,204.0,208.0,-107.0,-93.0,-86.0,0.459596,0.544118,0.586538,6746,6746,0,0.0,1.0,0.0,3351,pass,
glucose_07_c2.5_wE05,glucose_07_c2.5,glucose,7,2.5,E05,5,5,crops/glucose/glucose_07_c2.5/glucose_07_c2.5_wE05.png,61.037,90.549546,91.0,14.017715,15.0,108.501745,109.0,14.223756,15.0,119.663643,120.0,13.81171,15.0,0.246937,0.247059,0.035313,0.035294,0.469269,0.470588,0.054164,0.058824,203.002489,3.073593,0.998562,-0.390209,-0.919164,0.283158,0.283951,0.340482,0.339833,0.37636,0.376147,106.238311,107.0,39.0,50.0,57.0,52.0,59.0,63.0,2.333333,2.18,2.105263,5732,5732,0,0.0,1.0,0.0,2838,pass,
glucose_07_c2.5_wE06,glucose_07_c2.5,glucose,7,2.5,E06,5,6,crops/glucose/glucose_07_c2.5/glucose_07_c2.5_wE06.png,67.769,92.626078,93.0,13.600765,15.0,111.645029,112.0,13.556896,15.0,122.017819,122.0,13.536114,14.0,0.244327,0.243137,0.037664,0.035294,0.478501,0.478431,0.053083,0.054902,201.413639,3.319534,0.998323,-0.364486,-0.929408,0.282917,0.283912,0.342323,0.341935,0.374759,0.374582,108.762976,109.0,204.0,208.0,211.0,-111.0,-96.0,-89.0,0.455882,0.538462,0.578199,7071,7071,0,0.0,1.0,0.0,3499,pass,
glucose_07_c2.5_wE07,glucose_07_c2.5,glucose,7,2.5,E07,5,7,crops/glucose/glucose_07_c2.5/glucose_07_c2.5_wE07.png,66.647,88.92831,90.0,16.074419,17.0,106.947623,108.0,16.361414,17.0,116.946159,118.0,16.530587,17.0,0.244384,0.243137,0.036908,0.035294,0.458612,0.462745,0.064826,0.066667,201.472501,3.124077,0.998515,-0.365511,-0.929211,0.283013,0.284314,0.34213,0.341463,0.374858,0.374194,104.274031,105.0,205.0,210.0,213.0,-115.0,-102.0,-95.0,0.439024,0.514286,0.553991,6835,6835,0,0.0,1.0,0.0,3395,pass,
glucose_07_c2.5_wE08,glucose_07_c2.5,glucose,7,2.5,E08,5,8,crops/glucose/glucose_07_c2.5/glucose_07_c2.5_wE08.png,66.647,87.793774,89.0,20.053364,20.75,106.007308,107.0,20.205679,21.0,116.381467,117.0,20.08551,21.0,0.254712,0.247059,0.058153,0.047059,0.456398,0.458824,0.078767,0.082353,201.938844,3.0884,0.998548,-0.373074,-0.926237,0.280534,0.283186,0.342123,0.341538,0.377342,0.375375,103.394183,104.333333,203.0,208.0,211.0,-114.0,-101.0,-94.0,0.438424,0.514423,0.554502,6842,6842,0,0.0,1.0,0.0,3378,pass,
glucose_07_c2.5_wE09,glucose_07_c2.5,glucose,7,2.5,E09,5,9,crops/glucose/glucose_07_c2.5/glucose_07_c2.5_wE09.png,66.198,91.462554,92.0,16.409777,18.0,109.741361,110.0,16.554392,18.0,121.678778,122.0,16.939154,18.0,0.252993,0.247059,0.043109,0.043137,0.477172,0.478431,0.066428,0.070588,203.716074,3.341212,0.998301,-0.401521,-0.913994,0.281935,0.283489,0.340091,0.339181,0.377974,0.376947,107.627564,108.0,208.0,214.0,217.0,-116.0,-104.0,-95.0,0.442308,0.514019,0.562212,6743,6743,0,0.0,1.0,0.0,3364,pass,
glucose_07_c2.5_wE10,glucose_07_c2.5,glucose,7,2.5,E10,5,10,crops/glucose/glucose_07_c2.5/glucose_07_c2.5_wE10.png,71.135,95.952503,96.0,16.757879,20.0,114.441592,115.0,16.813669,19.0,126.047625,126.0,17.271224,20.0,0.242893,0.239216,0.038859,0.039216,0.494304,0.494118,0.06773,0.078431,203.202843,3.622084,0.998004,-0.393201,-0.917281,0.284035,0.285315,0.34039,0.339506,0.375575,0.375335,112.14724,112.333333,214.0,219.0,222.0,-118.0,-104.0,-96.0,0.448598,0.525114,0.567568,7790,7790,0,0.0,1.0,0.0,3867,pass,
glucose_07_c2.5_wE11,glucose_07_c2.5,glucose,7,2.5,E11,5,11,crops/glucose/glucose_07_c2.5/glucose_07_c2.5_wE11.png,69.34,100.231019,100.0,14.067421,15.0,118.84923,119.0,14.457177,16.0,130.71224,131.0,14.37353,15.0,0.235717,0.235294,0.031633,0.035294,0.512597,0.513725,0.056367,0.058824,203.564238,3.844169,0.997752,-0.398878,-0.914552,0.285866,0.286445,0.339802,0.338936,0.374332,0.373737,116.597496,116.666667,216.0,221.0,224.0,-116.0,-102.0,-93.0,0.462963,0.538462,0.584821,7402,7402,0,0.0,1.0,0.0,3683,pass,
glucose_07_c2.5_wE12,glucose_07_c2.5,glucose,7,2.5,E12,5,12,crops/glucose/glucose_07_c2.5/glucose_07_c2.5_wE12.png,60.588,116.137821,121.0,21.364933,18.0,136.51674,142.0,23.29314,18.0,148.947033,155.0,24.858341,18.0,0.222963,0.219608,0.028506,0.027451,0.584116,0.607843,0.097451,0.070588,202.624327,4.188534,0.997331,-0.383661,-0.920584,0.288455,0.289003,0.340127,0.340136,0.371417,0.371041,133.867198,139.0,127.0,146.0,152.0,-6.0,-4.0,3.0,0.952756,0.972603,1.019737,5645,5645,0,0.0,1.0,0.0,2799,pass,
glucose_07_c2.5_wF01,glucose_07_c2.5,glucose,7,2.5,F01,6,1,crops/glucose/glucose_07_c2.5/glucose_07_c2.5_wF01.png,68.666,113.408177,113.0,7.973566,9.0,133.430754,133.0,7.785597,9.0,143.523816,144.0,8.300555,9.0,0.210303,0.207843,0.012895,0.015686,0.562838,0.564706,0.032551,0.035294,200.365506,2.437513,0.999095,-0.347693,-0.936644,0.290371,0.290727,0.34188,0.341085,0.367749,0.367847,130.120916,130.0,200.0,206.0,209.0,-87.0,-73.0,-65.0,0.565,0.645631,0.688995,7264,7264,0,0.0,1.0,0.0,3602,pass,
glucose_07_c2.5_wF02,glucose_07_c2.5,glucose,7,2.5,F02,6,2,crops/glucose/glucose_07_c2.5/glucose_07_c2.5_wF02.png,66.422,104.675907,105.0,7.390064,9.0,123.445886,123.0,7.618905,10.0,133.06473,133.0,7.52817,10.0,0.213991,0.211765,0.015576,0.019608,0.521822,0.521569,0.029522,0.039216,200.379157,2.813222,0.998795,-0.347812,-0.936279,0.289663,0.289773,0.341793,0.34127,0.368544,0.368421,120.395508,120.333333,199.0,204.0,206.0,-94.0,-81.0,-73.0,0.527638,0.602941,0.645631,6782,6782,0,0.0,1.0,0.0,3376,pass,
glucose_07_c2.5_wF03,glucose_07_c2.5,glucose,7,2.5,F03,6,3,crops/glucose/glucose_07_c2.5/glucose_07_c2.5_wF03.png,71.808,99.850806,100.0,11.332345,10.0,118.098286,118.0,11.216074,10.0,128.81187,129.0,11.703366,11.0,0.226487,0.227451,0.023432,0.023529,0.505145,0.505882,0.045896,0.043137,202.155014,3.426499,0.998213,-0.37644,-0.924512,0.2875,0.287791,0.340702,0.33945,0.371798,0.371601,115.586988,115.333333,208.0,213.0,216.0,-108.0,-95.0,-87.0,0.480769,0.553991,0.597222,7936,7936,0,0.0,1.0,0.0,3935,pass,
glucose_07_c2.5_wF04,glucose_07_c2.5,glucose,7,2.5,F04,6,4,crops/glucose/glucose_07_c2.5/glucose_07_c2.5_wF04.png,71.135,102.144268,102.0,9.814519,11.0,121.277892,121.0,10.073001,11.0,131.876635,131.0,10.224884,12.0,0.226498,0.227451,0.017637,0.023529,0.517163,0.513725,0.040098,0.047059,201.670926,2.816277,0.998793,-0.368829,-0.928198,0.287226,0.287356,0.341386,0.341246,0.371388,0.371585,118.432932,118.0,209.0,212.0,216.0,-107.0,-91.0,-85.0,0.488038,0.570755,0.606481,7798,7798,0,0.0,1.0,0.0,3863,pass,
glucose_07_c2.5_wF05,glucose_07_c2.5,glucose,7,2.5,F05,6,5,crops/glucose/glucose_07_c2.5/glucose_07_c2.5_wF05.png,66.198,99.721613,100.0,14.389438,15.0,117.840646,118.0,14.593441,15.0,128.940854,130.0,14.618974,15.0,0.229699,0.227451,0.03299,0.031373,0.50565,0.509804,0.057329,0.058824,202.748714,3.624963,0.998001,-0.385917,-0.920366,0.286964,0.288136,0.34021,0.339523,0.372825,0.372308,115.501038,116.0,196.0,201.0,205.0,-96.0,-83.0,-75.0,0.510204,0.587065,0.634146,6746,6746,0,0.0,1.0,0.0,3368,pass,
glucose_07_c2.5_wF06,glucose_07_c2.5,glucose,7,2.5,F06,6,6,crops/glucose/glucose_07_c2.5/glucose_07_c2.5_wF06.png,67.32,98.760826,99.0,11.514228,13.0,116.690995,117.0,11.403786,12.0,126.708632,127.0,11.784899,14.0,0.222426,0.219608,0.023487,0.023529,0.496897,0.498039,0.046215,0.054902,201.591325,2.708601,0.998883,-0.367573,-0.928794,0.288154,0.288889,0.341171,0.340909,0.370675,0.370149,114.053484,114.333333,209.0,213.0,216.0,-110.0,-96.0,-89.0,0.473684,0.549296,0.587963,6974,6974,0,0.0,1.0,0.0,3460,pass,
glucose_07_c2.5_wF07,glucose_07_c2.5,glucose,7,2.5,F07,6,7,crops/glucose/glucose_07_c2.5/glucose_07_c2.5_wF07.png,70.686,98.514561,98.0,10.468183,12.0,118.895476,118.0,10.453099,12.0,129.673037,129.0,10.614864,13.0,0.241663,0.239216,0.022203,0.027451,0.508522,0.505882,0.041627,0.05098,200.988699,3.555326,0.998077,-0.357495,-0.931855,0.28344,0.283626,0.34265,0.342262,0.37391,0.373802,115.694358,115.333333,214.0,218.0,222.0,-116.0,-100.0,-93.0,0.457944,0.541284,0.581081,7692,7692,0,0.0,1.0,0.0,3804,pass,
glucose_07_c2.5_wF08,glucose_07_c2.5,glucose,7,2.5,F08,6,8,crops/glucose/glucose_07_c2.5/glucose_07_c2.5_wF08.png,66.647,101.222515,102.0,9.885405,12.0,121.747475,122.0,9.62361,11.0,134.210657,135.0,10.022927,12.0,0.247075,0.243137,0.021387,0.027451,0.526316,0.529412,0.039306,0.047059,202.92509,3.099435,0.998538,-0.388958,-0.919668,0.283035,0.283784,0.340962,0.34104,0.376003,0.375959,119.060216,119.333333,203.0,208.0,211.0,-101.0,-86.0,-76.0,0.502463,0.586538,0.63981,6831,6831,0,0.0,1.0,0.0,3395,pass,
glucose_07_c2.5_wF09,glucose_07_c2.5,glucose,7,2.5,F09,6,9,crops/glucose/glucose_07_c2.5/glucose_07_c2.5_wF09.png,67.32,105.064174,105.0,12.557795,13.0,124.044693,124.0,12.359893,13.0,135.258702,135.0,12.799708,15.0,0.224976,0.223529,0.022402,0.023529,0.530426,0.529412,0.050195,0.058824,202.455476,2.651872,0.998929,-0.381556,-0.923187,0.287873,0.28836,0.340575,0.340741,0.371552,0.371274,121.455856,121.333333,210.0,216.0,219.0,-105.0,-92.0,-84.0,0.5,0.574074,0.616438,6981,6981,0,0.0,1.0,0.0,3455,pass,
glucose_07_c2.5_wF10,glucose_07_c2.5,glucose,7,2.5,F10,6,10,crops/glucose/glucose_07_c2.5/glucose_07_c2.5_wF10.png,66.198,107.211874,106.0,12.48097,14.0,128.494226,128.0,12.274765,14.0,140.703435,140.0,12.609573,15.0,0.239759,0.239216,0.023598,0.031373,0.551778,0.54902,0.049449,0.058824,201.927645,2.907672,0.998713,-0.372955,-0.926462,0.284352,0.284238,0.341494,0.341398,0.374154,0.374302,125.469845,125.0,206.0,213.0,215.0,-100.0,-85.0,-75.0,0.514563,0.600939,0.651163,6754,6754,0,0.0,1.0,0.0,3344,pass,
glucose_07_c2.5_wF11,glucose_07_c2.5,glucose,7,2.5,F11,6,11,crops/glucose/glucose_07_c2.5/glucose_07_c2.5_wF11.png,65.076,111.803098,112.0,11.908814,14.0,133.085263,134.0,11.632349,13.0,146.106732,147.0,12.609062,15.0,0.235986,0.239216,0.02338,0.031373,0.572968,0.576471,0.049447,0.058824,202.689304,2.987779,0.998641,-0.38521,-0.921357,0.285556,0.28536,0.340543,0.340326,0.373902,0.374384,130.331698,131.0,180.5,188.5,190.0,-68.5,-54.5,-43.0,0.620499,0.710875,0.773684,6521,6521,0,0.0,1.0,0.0,3230,pass,
glucose_07_c2.5_wF12,glucose_07_c2.5,glucose,7,2.5,F12,6,12,crops/glucose/glucose_07_c2.5/glucose_07_c2.5_wF12.png,71.135,121.775039,122.0,14.132689,12.0,143.184001,143.5,13.73768,11.0,154.980868,156.0,14.435688,13.0,0.216008,0.215686,0.025164,0.023529,0.607768,0.611765,0.056611,0.05098,201.315856,4.061751,0.99749,-0.362597,-0.929253,0.28947,0.289593,0.341142,0.340528,0.369389,0.36971,139.979969,140.333333,216.0,221.0,224.0,-94.0,-77.5,-68.0,0.564815,0.649321,0.696429,7788,7788,0,0.0,1.0,0.0,3871,pass,
glucose_07_c2.5_wG01,glucose_07_c2.5,glucose,7,2.5,G01,7,1,crops/glucose/glucose_07_c2.5/glucose_07_c2.5_wG01.png,67.769,112.45709,113.0,8.299355,10.0,132.486074,133.0,7.751175,10.0,143.37933,143.0,8.699804,12.0,0.216049,0.211765,0.022323,0.027451,0.562273,0.560784,0.034116,0.047059,201.072327,4.084401,0.997462,-0.358634,-0.930759,0.289419,0.29064,0.34128,0.340852,0.369301,0.369318,129.440831,129.666667,201.0,207.0,209.0,-88.0,-74.0,-66.0,0.562189,0.642512,0.684211,7073,7073,0,0.0,1.0,0.0,3502,pass,
glucose_07_c2.5_wG02,glucose_07_c2.5,glucose,7,2.5,G02,7,2,crops/glucose/glucose_07_c2.5/glucose_07_c2.5_wG02.png,72.706,106.77419,107.0,9.100169,10.0,125.415766,125.0,8.868779,10.0,136.09025,136.0,9.3806,10.0,0.216193,0.215686,0.018654,0.023529,0.533687,0.533333,0.036787,0.039216,201.969544,3.318854,0.998324,-0.373487,-0.925828,0.289686,0.290141,0.340631,0.34058,0.369683,0.369509,122.760069,122.333333,205.0,210.0,213.0,-98.0,-85.0,-77.0,0.521951,0.595238,0.638498,8144,8144,0,0.0,1.0,0.0,4031,pass,
glucose_07_c2.5_wG03,glucose_07_c2.5,glucose,7,2.5,G03,7,3,crops/glucose/glucose_07_c2.5/glucose_07_c2.5_wG03.png,71.359,105.584747,106.0,11.104183,13.0,125.207499,125.0,10.867742,12.0,135.895804,136.0,11.340921,14.0,0.224337,0.223529,0.023101,0.031373,0.532925,0.533333,0.044474,0.054902,201.398012,2.76899,0.998833,-0.364419,-0.929982,0.287568,0.288,0.341574,0.341398,0.370858,0.370667,122.22935,122.333333,209.0,212.0,216.0,-103.0,-87.0,-80.0,0.507177,0.589623,0.62963,7841,7841,0,0.0,1.0,0.0,3895,pass,
glucose_07_c2.5_wG04,glucose_07_c2.5,glucose,7,2.5,G04,7,4,crops/glucose/glucose_07_c2.5/glucose_07_c2.5_wG04.png,63.056,104.080561,103.0,10.686118,12.0,125.077462,124.0,10.497042,12.0,136.159165,136.0,10.635642,12.0,0.23693,0.239216,0.021354,0.027451,0.533958,0.533333,0.041708,0.047059,201.014742,3.437564,0.998202,-0.357963,-0.93181,0.284525,0.284574,0.342477,0.342183,0.372999,0.372973,121.772396,121.333333,43.0,54.0,57.0,60.0,70.0,79.0,2.395349,2.296296,2.385965,6132,6132,0,0.0,1.0,0.0,3040,pass,
glucose_07_c2.5_wG05,glucose_07_c2.5,glucose,7,2.5,G05,7,5,crops/glucose/glucose_07_c2.5/glucose_07_c2.5_wG05.png,70.013,104.156788,103.0,10.691847,11.0,124.698465,124.0,10.769014,12.0,135.689071,135.0,11.241858,12.0,0.233414,0.231373,0.021801,0.027451,0.532114,0.529412,0.044086,0.047059,201.034118,2.817595,0.998792,-0.35849,-0.932239,0.285403,0.285714,0.342161,0.34188,0.372436,0.372222,121.514775,121.0,207.0,212.0,216.0,-104.0,-88.0,-81.0,0.497585,0.584906,0.625,7558,7558,0,0.0,1.0,0.0,3768,pass,
glucose_07_c2.5_wG06,glucose_07_c2.5,glucose,7,2.5,G06,7,6,crops/glucose/glucose_07_c2.5/glucose_07_c2.5_wG06.png,69.34,105.270124,105.0,10.191413,12.0,124.834819,125.0,10.444891,12.0,135.639924,136.0,11.137809,13.0,0.224648,0.223529,0.020378,0.027451,0.531921,0.533333,0.043678,0.05098,201.423093,4.130998,0.997404,-0.364304,-0.928492,0.287574,0.287841,0.341408,0.341463,0.371018,0.370968,121.914956,122.0,210.0,214.0,218.0,-105.0,-89.0,-82.0,0.5,0.584112,0.623853,7404,7404,0,0.0,1.0,0.0,3680,pass,
glucose_07_c2.5_wG07,glucose_07_c2.5,glucose,7,2.5,G07,7,7,crops/glucose/glucose_07_c2.5/glucose_07_c2.5_wG07.png,72.032,104.990986,106.0,13.059652,13.0,125.329494,126.0,12.984866,14.0,136.873435,138.0,13.32954,14.25,0.235212,0.231373,0.030194,0.027451,0.536759,0.541176,0.052273,0.055882,201.816796,4.592081,0.996793,-0.370448,-0.9254,0.285268,0.286486,0.341451,0.341207,0.373281,0.373134,122.397972,123.333333,209.0,213.0,216.0,-103.0,-87.0,-78.0,0.507177,0.591549,0.638889,7988,7988,0,0.0,1.0,0.0,3981,pass,
glucose_07_c2.5_wG08,glucose_07_c2.5,glucose,7,2.5,G08,7,8,crops/glucose/glucose_07_c2.5/glucose_07_c2.5_wG08.png,61.486,108.362451,109.0,11.413673,13.0,129.089068,129.0,11.616378,14.0,140.724386,141.0,11.429696,13.0,0.231383,0.231373,0.0207,0.023529,0.55186,0.552941,0.044822,0.05098,201.871708,3.859185,0.997734,-0.371685,-0.925918,0.28616,0.286802,0.341393,0.341463,0.372447,0.372208,126.058635,126.333333,42.0,53.0,57.0,67.0,76.0,84.0,2.595238,2.433962,2.473684,5827,5827,0,0.0,1.0,0.0,2892,pass,
glucose_07_c2.5_wG09,glucose_07_c2.5,glucose,7,2.5,G09,7,9,crops/glucose/glucose_07_c2.5/glucose_07_c2.5_wG09.png,65.749,111.288568,112.0,14.064759,14.0,132.266036,133.0,13.659653,13.0,143.60703,144.0,13.995922,14.0,0.227596,0.223529,0.033938,0.031373,0.563165,0.564706,0.054886,0.054902,201.11031,3.700208,0.997917,-0.359414,-0.930945,0.286676,0.2875,0.341841,0.341085,0.371483,0.370968,129.053878,130.0,208.0,213.0,216.0,-96.0,-80.0,-72.0,0.538462,0.624413,0.666667,6657,6657,0,0.0,1.0,0.0,3310,pass,
glucose_07_c2.5_wG10,glucose_07_c2.5,glucose,7,2.5,G10,7,10,crops/glucose/glucose_07_c2.5/glucose_07_c2.5_wG10.png,67.32,111.261181,112.0,12.28991,13.0,131.874713,132.0,12.114092,12.0,142.796445,143.0,12.226251,12.0,0.222642,0.219608,0.024479,0.027451,0.559986,0.560784,0.047946,0.047059,201.062462,2.728164,0.998867,-0.358978,-0.932132,0.287802,0.288714,0.341809,0.34127,0.37039,0.369727,128.644113,129.333333,211.0,215.0,219.0,-99.0,-83.0,-76.0,0.530806,0.613953,0.652968,6976,6976,0,0.0,1.0,0.0,3470,pass,
glucose_07_c2.5_wG11,glucose_07_c2.5,glucose,7,2.5,G11,7,11,crops/glucose/glucose_07_c2.5/glucose_07_c2.5_wG11.png,70.237,115.04616,116.0,12.15982,15.0,135.959627,137.0,12.282311,16.0,148.523672,149.0,12.258465,16.0,0.226788,0.227451,0.020707,0.023529,0.582446,0.584314,0.048072,0.062745,202.55929,3.110795,0.998527,-0.383074,-0.922123,0.287587,0.287599,0.340344,0.34058,0.372069,0.371921,133.176486,134.0,214.0,219.0,222.0,-98.0,-82.0,-73.0,0.542056,0.625571,0.671171,7604,7604,0,0.0,1.0,0.0,3740,pass,
glucose_07_c2.5_wG12,glucose_07_c2.5,glucose,7,2.5,G12,7,12,crops/glucose/glucose_07_c2.5/glucose_07_c2.5_wG12.png,65.076,117.803497,117.0,11.373987,12.0,139.961651,140.0,11.146134,12.0,154.228716,154.0,11.429623,12.0,0.237437,0.235294,0.02023,0.019608,0.604818,0.603922,0.044822,0.047059,203.231264,3.099035,0.998538,-0.393867,-0.917577,0.285579,0.286058,0.339799,0.34,0.374623,0.374396,137.331288,137.0,146.0,155.0,156.0,-29.0,-15.0,-2.0,0.80137,0.903226,0.987179,6519,6519,0,0.0,1.0,0.0,3236,pass,
glucose_07_c2.5_wH01,glucose_07_c2.5,glucose,7,2.5,H01,8,1,crops/glucose/glucose_07_c2.5/glucose_07_c2.5_wH01.png,70.013,101.641362,104.0,19.065287,14.0,120.804054,124.0,20.437067,15.0,132.101484,135.0,19.694481,15.0,0.236712,0.227451,0.0469,0.027451,0.518045,0.529412,0.077233,0.058824,202.851582,4.580353,0.99681,-0.387106,-0.918574,0.285187,0.287293,0.340438,0.340782,0.374375,0.371274,118.1823,121.0,205.0,210.0,212.0,-101.0,-86.0,-77.0,0.507317,0.590476,0.636792,7548,7548,0,0.0,1.0,0.0,3745,pass,
glucose_07_c2.5_wH02,glucose_07_c2.5,glucose,7,2.5,H02,8,2,crops/glucose/glucose_07_c2.5/glucose_07_c2.5_wH02.png,62.159,100.24084,100.0,7.615728,8.0,119.749916,119.0,7.512051,7.0,132.29563,132.0,7.981038,8.0,0.242823,0.243137,0.015235,0.015686,0.518806,0.517647,0.031298,0.031373,203.912098,2.502055,0.999047,-0.404948,-0.913297,0.284357,0.284507,0.339985,0.338369,0.375658,0.376022,117.428796,117.333333,41.0,53.0,58.5,59.0,66.0,73.5,2.439024,2.245283,2.25641,5950,5950,0,0.0,1.0,0.0,2950,pass,
glucose_07_c2.5_wH03,glucose_07_c2.5,glucose,7,2.5,H03,8,3,crops/glucose/glucose_07_c2.5/glucose_07_c2.5_wH03.png,62.383,101.267991,102.0,14.318788,14.0,121.464852,122.0,14.468128,13.0,132.295876,133.0,15.527373,14.0,0.237276,0.235294,0.032428,0.035294,0.518807,0.521569,0.060892,0.054902,200.858263,4.145783,0.997386,-0.355127,-0.932021,0.2844,0.285714,0.342477,0.34188,0.373123,0.372032,118.342906,119.0,33.0,46.0,52.0,69.0,76.0,81.0,3.090909,2.652174,2.557692,5989,5989,0,0.0,1.0,0.0,2966,pass,
glucose_07_c2.5_wH04,glucose_07_c2.5,glucose,7,2.5,H04,8,4,crops/glucose/glucose_07_c2.5/glucose_07_c2.5_wH04.png,69.115,93.98327,103.0,28.819452,27.0,112.690968,123.0,31.890719,25.0,124.081746,135.0,32.634517,27.0,0.26233,0.235294,0.095011,0.05098,0.486595,0.529412,0.127978,0.105882,204.20853,8.218916,0.989764,-0.405862,-0.902723,0.278582,0.285714,0.339235,0.34072,0.382183,0.374269,110.251995,120.333333,202.0,208.0,210.0,-99.0,-85.0,-75.0,0.509901,0.591346,0.642857,7352,7352,0,0.0,1.0,0.013058,3644,pass,
glucose_07_c2.5_wH05,glucose_07_c2.5,glucose,7,2.5,H05,8,5,crops/glucose/glucose_07_c2.5/glucose_07_c2.5_wH05.png,63.281,95.419873,97.0,16.530872,14.0,114.081507,116.0,17.447647,13.0,125.738432,127.0,17.089117,14.0,0.248239,0.239216,0.061344,0.031373,0.493092,0.498039,0.067016,0.054902,203.683447,3.540643,0.998092,-0.400917,-0.914032,0.282604,0.2849,0.340007,0.340625,0.377388,0.374346,111.746604,113.333333,95.0,100.0,104.0,2.0,16.0,23.0,1.021053,1.16,1.221154,6159,6159,0,0.0,1.0,0.000325,3057,pass,
glucose_07_c2.5_wH06,glucose_07_c2.5,glucose,7,2.5,H06,8,6,crops/glucose/glucose_07_c2.5/glucose_07_c2.5_wH06.png,64.627,95.039527,96.0,10.318504,13.0,114.73685,116.0,10.223658,12.0,126.320884,128.0,10.63047,12.0,0.249095,0.247059,0.02212,0.031373,0.495376,0.501961,0.041688,0.047059,202.480972,2.978938,0.998649,-0.38186,-0.922759,0.282346,0.283186,0.341497,0.34188,0.376157,0.375358,112.03242,113.333333,177.0,184.0,188.0,-81.0,-68.0,-60.0,0.542373,0.630435,0.680851,6426,6426,0,0.0,1.0,0.0,3196,pass,
glucose_07_c2.5_wH07,glucose_07_c2.5,glucose,7,2.5,H07,8,7,crops/glucose/glucose_07_c2.5/glucose_07_c2.5_wH07.png,70.013,98.117507,98.0,11.14316,14.0,116.281565,116.0,11.096342,14.0,128.907294,129.0,11.852913,15.0,0.240148,0.239216,0.022129,0.023529,0.505519,0.505882,0.046482,0.058824,204.59048,3.246115,0.998396,-0.415462,-0.907847,0.285394,0.285714,0.338842,0.338068,0.375764,0.375758,114.435455,114.666667,208.0,213.0,216.0,-110.0,-97.0,-87.0,0.471154,0.544601,0.597222,7540,7540,0,0.0,1.0,0.0,3746,pass,
glucose_07_c2.5_wH08,glucose_07_c2.5,glucose,7,2.5,H08,8,8,crops/glucose/glucose_07_c2.5/glucose_07_c2.5_wH08.png,67.993,99.022047,100.0,11.599962,14.0,118.343351,120.0,11.869247,15.0,130.816458,132.0,11.425188,14.0,0.245011,0.239216,0.027315,0.031373,0.513006,0.517647,0.044805,0.054902,203.751218,3.492766,0.998144,-0.402018,-0.913604,0.283878,0.284848,0.339885,0.338983,0.376237,0.37467,116.060619,117.333333,212.0,216.0,220.0,-112.0,-96.0,-88.0,0.471698,0.555556,0.6,7121,7121,0,0.0,1.0,0.0,3540,pass,
glucose_07_c2.5_wH09,glucose_07_c2.5,glucose,7,2.5,H09,8,9,crops/glucose/glucose_07_c2.5/glucose_07_c2.5_wH09.png,69.115,102.090699,103.0,14.106633,16.0,122.228789,123.0,13.753524,15.0,135.330383,136.0,14.207565,17.0,0.248335,0.243137,0.031462,0.031373,0.530707,0.533333,0.055716,0.066667,203.841679,3.360682,0.998281,-0.403516,-0.913094,0.283093,0.284264,0.34005,0.34,0.376857,0.376316,119.88329,120.333333,214.0,219.0,222.0,-111.0,-96.0,-86.0,0.481308,0.561644,0.612613,7343,7343,0,0.0,1.0,0.0,3654,pass,
glucose_07_c2.5_wH10,glucose_07_c2.5,glucose,7,2.5,H10,8,10,crops/glucose/glucose_07_c2.5/glucose_07_c2.5_wH10.png,67.769,102.16306,106.0,23.82467,21.0,121.14609,126.0,25.454117,21.0,133.831,138.0,24.920672,21.0,0.246444,0.231373,0.061426,0.043137,0.524827,0.541176,0.097728,0.082353,204.856547,5.992653,0.994545,-0.418055,-0.902414,0.283618,0.286863,0.338654,0.3391,0.377728,0.373402,119.046717,123.0,212.0,217.0,220.0,-106.0,-91.0,-82.0,0.5,0.580645,0.627273,7071,7071,0,0.0,1.0,0.0,3514,pass,
glucose_07_c2.5_wH11,glucose_07_c2.5,glucose,7,2.5,H11,8,11,crops/glucose/glucose_07_c2.5/glucose_07_c2.5_wH11.png,68.218,106.560128,107.0,11.117123,14.0,126.535017,127.0,10.884125,13.0,139.719308,141.0,11.924271,14.0,0.238369,0.235294,0.024317,0.027451,0.547919,0.552941,0.046762,0.054902,203.737197,3.683468,0.997936,-0.401711,-0.913512,0.285468,0.28642,0.33956,0.33908,0.374972,0.375321,124.271484,125.0,210.0,216.0,218.0,-103.0,-89.0,-77.0,0.509524,0.587963,0.646789,7168,7168,0,0.0,1.0,0.0,3549,pass,
glucose_07_c2.5_wH12,glucose_07_c2.5,glucose,7,2.5,H12,8,12,crops/glucose/glucose_07_c2.5/glucose_07_c2.5_wH12.png,72.032,99.421777,99.0,15.081218,18.0,119.762578,119.0,14.995304,18.0,132.726658,132.0,14.774877,17.0,0.254371,0.254902,0.03622,0.043137,0.520497,0.517647,0.057941,0.066667,203.512655,2.727328,0.998868,-0.3985,-0.915934,0.281584,0.282087,0.340418,0.340612,0.377998,0.378065,117.303671,116.666667,212.0,217.0,220.0,-113.0,-98.0,-88.0,0.466981,0.548387,0.6,7990,7990,0,0.0,1.0,0.0,3966,pass,
glucose_08_c5_wA01,glucose_08_c5,glucose,8,5.0,A01,1,1,crops/glucose/glucose_08_c5/glucose_08_c5_wA01.png,62.159,108.159771,109.0,6.308583,6.0,131.40111,132.0,6.01652,7.0,136.273629,137.0,7.363785,8.0,0.207333,0.207843,0.016314,0.015686,0.53498,0.537255,0.028144,0.031373,190.108757,6.321106,0.993933,-0.174452,-0.978503,0.287683,0.287879,0.349751,0.348837,0.362566,0.363402,125.27817,126.333333,195.0,202.0,205.0,-86.0,-70.0,-68.0,0.558974,0.653465,0.668293,5946,5946,0,0.0,1.0,0.0,2962,pass,
glucose_08_c5_wA02,glucose_08_c5,glucose,8,5.0,A02,1,2,crops/glucose/glucose_08_c5/glucose_08_c5_wA02.png,57.222,101.98334,102.0,5.960344,8.0,123.081912,123.0,5.199266,6.0,131.382983,132.0,5.716346,7.0,0.224153,0.219608,0.019239,0.027451,0.515248,0.517647,0.022355,0.027451,196.834407,3.7182,0.997897,-0.288997,-0.955132,0.285964,0.286982,0.345381,0.344118,0.368654,0.368421,118.816078,119.0,39.0,53.0,57.0,63.0,70.0,75.0,2.615385,2.320755,2.315789,5042,5042,0,0.0,1.0,0.0,2504,pass,
glucose_08_c5_wA03,glucose_08_c5,glucose,8,5.0,A03,1,3,crops/glucose/glucose_08_c5/glucose_08_c5_wA03.png,66.198,99.961464,101.0,7.250376,8.0,122.07218,122.0,6.211907,7.0,126.887061,128.0,7.518841,10.0,0.212853,0.211765,0.015631,0.015686,0.497623,0.501961,0.029453,0.039216,190.368839,5.617545,0.995205,-0.179121,-0.978953,0.286266,0.286908,0.35006,0.349711,0.363674,0.363881,116.306902,117.0,205.0,210.0,212.0,-104.0,-88.0,-84.0,0.492683,0.580952,0.603774,6747,6747,0,0.0,1.0,0.0,3349,pass,
glucose_08_c5_wA04,glucose_08_c5,glucose,8,5.0,A04,1,4,crops/glucose/glucose_08_c5/glucose_08_c5_wA04.png,56.324,99.386382,100.0,6.386609,5.0,122.608491,123.0,5.796374,5.0,127.127358,128.0,6.212862,5.0,0.218956,0.215686,0.017465,0.015686,0.498544,0.501961,0.024359,0.019608,189.418751,4.269633,0.997227,-0.163195,-0.983783,0.284471,0.284552,0.351309,0.351964,0.36422,0.364706,116.374077,116.666667,39.0,52.0,53.0,61.0,71.0,75.0,2.564103,2.365385,2.415094,4876,4876,0,0.0,1.0,0.0,2419,pass,
glucose_08_c5_wA05,glucose_08_c5,glucose,8,5.0,A05,1,5,crops/glucose/glucose_08_c5/glucose_08_c5_wA05.png,60.812,102.740871,104.0,5.522387,6.0,126.761412,128.0,5.600254,6.0,130.314958,131.0,6.768324,8.0,0.211995,0.211765,0.011073,0.011765,0.511255,0.513725,0.026124,0.031373,187.24131,4.20271,0.997313,-0.12571,-0.989359,0.285479,0.285714,0.352394,0.351955,0.362127,0.362881,119.93908,120.666667,200.0,206.0,209.0,-96.0,-78.0,-78.0,0.52,0.621359,0.626794,5696,5696,0,0.0,1.0,0.0,2828,pass,
glucose_08_c5_wA06,glucose_08_c5,glucose,8,5.0,A06,1,6,crops/glucose/glucose_08_c5/glucose_08_c5_wA06.png,65.749,99.587979,100.0,7.478376,8.0,125.215327,125.0,7.194731,9.0,128.314651,128.0,7.918643,11.0,0.225308,0.219608,0.023251,0.027451,0.503746,0.505882,0.03075,0.043137,186.256877,4.51914,0.996894,-0.108648,-0.990956,0.281794,0.283133,0.354746,0.35503,0.36346,0.363889,117.705985,117.666667,208.0,214.0,217.0,-108.0,-89.0,-89.0,0.480769,0.584112,0.589862,6655,6655,0,0.0,1.0,0.0,3308,pass,
glucose_08_c5_wA07,glucose_08_c5,glucose,8,5.0,A07,1,7,crops/glucose/glucose_08_c5/glucose_08_c5_wA07.png,66.422,102.713634,102.0,7.186416,9.0,128.158111,128.0,7.183382,8.0,129.78791,130.0,8.521865,11.0,0.213216,0.211765,0.018332,0.019608,0.511774,0.509804,0.031362,0.037255,183.228438,6.272722,0.994025,-0.055981,-0.992447,0.284672,0.28496,0.355507,0.354651,0.359822,0.361244,120.219885,120.0,209.0,213.0,217.0,-107.0,-85.0,-87.0,0.488038,0.600939,0.599078,6799,6799,0,0.0,1.0,0.0,3364,pass,
glucose_08_c5_wA08,glucose_08_c5,glucose,8,5.0,A08,1,8,crops/glucose/glucose_08_c5/glucose_08_c5_wA08.png,57.446,102.524936,103.0,8.463475,6.0,126.926868,127.0,8.560148,7.0,129.611473,130.0,8.675016,8.0,0.210328,0.207843,0.021243,0.015686,0.508426,0.509804,0.033982,0.031373,185.513488,3.109255,0.998529,-0.095939,-0.993909,0.285219,0.285714,0.353628,0.353107,0.361153,0.360947,119.687759,119.666667,43.0,57.0,57.0,60.0,70.0,73.0,2.395349,2.22807,2.280702,5073,5073,0,0.0,1.0,0.0,2525,pass,
glucose_08_c5_wA09,glucose_08_c5,glucose,8,5.0,A09,1,9,crops/glucose/glucose_08_c5/glucose_08_c5_wA09.png,66.198,104.46632,105.0,7.210582,9.0,127.404006,127.0,6.694177,7.0,130.719139,132.0,8.175117,11.0,0.203844,0.203922,0.015748,0.015686,0.51428,0.517647,0.030237,0.039216,187.167023,7.714183,0.990977,-0.123636,-0.983234,0.28796,0.288184,0.351567,0.350685,0.360472,0.361478,120.863155,121.333333,212.0,217.0,220.0,-107.0,-90.0,-88.0,0.495283,0.585253,0.6,6740,6740,0,0.0,1.0,0.0,3356,pass,
glucose_08_c5_wA10,glucose_08_c5,glucose,8,5.0,A10,1,10,crops/glucose/glucose_08_c5/glucose_08_c5_wA10.png,67.32,105.08571,105.0,6.869812,7.0,128.755052,129.0,6.821843,8.0,132.394439,133.0,8.807502,10.0,0.208369,0.207843,0.012441,0.015686,0.520465,0.521569,0.032331,0.039216,187.346076,6.425124,0.993732,-0.127061,-0.985575,0.286863,0.286863,0.351755,0.351206,0.361381,0.362398,122.0784,122.333333,209.0,214.0,218.0,-104.0,-85.0,-85.0,0.502392,0.602804,0.610092,6977,6977,0,0.0,1.0,0.0,3463,pass,
glucose_08_c5_wA11,glucose_08_c5,glucose,8,5.0,A11,1,11,crops/glucose/glucose_08_c5/glucose_08_c5_wA11.png,57.446,107.707547,108.0,7.863028,9.0,132.426887,133.0,8.2818,10.0,137.215998,138.0,9.308455,12.0,0.215374,0.215686,0.014207,0.015686,0.538187,0.541176,0.036349,0.047059,189.492895,3.872507,0.997719,-0.164549,-0.984056,0.285323,0.285714,0.351053,0.350785,0.363625,0.363636,125.783477,126.333333,46.0,58.0,59.0,62.0,75.0,79.0,2.347826,2.293103,2.338983,5088,5088,0,0.0,1.0,0.0,2526,pass,
glucose_08_c5_wA12,glucose_08_c5,glucose,8,5.0,A12,1,12,crops/glucose/glucose_08_c5/glucose_08_c5_wA12.png,58.12,113.422855,114.0,11.051077,11.0,139.287418,140.0,11.981747,11.0,147.67526,149.0,12.244117,11.0,0.232697,0.235294,0.031025,0.047059,0.579154,0.584314,0.048002,0.043137,194.559385,5.263051,0.99579,-0.250325,-0.963813,0.282995,0.283333,0.34794,0.347932,0.369065,0.370558,133.461844,134.333333,57.0,71.0,72.0,57.0,69.0,77.0,2.0,1.971831,2.069444,5198,5198,0,0.0,1.0,0.0,2580,pass,
glucose_08_c5_wB01,glucose_08_c5,glucose,8,5.0,B01,2,1,crops/glucose/glucose_08_c5/glucose_08_c5_wB01.png,63.281,107.22269,107.0,6.449304,7.0,132.519611,133.0,6.14047,7.0,134.557212,134.0,6.960415,9.0,0.205014,0.203922,0.012341,0.011765,0.528639,0.529412,0.026469,0.031373,184.054928,4.550918,0.996851,-0.07049,-0.994355,0.286341,0.286472,0.354155,0.354756,0.359504,0.359551,124.766505,124.666667,210.0,216.0,218.0,-103.0,-83.0,-84.0,0.509524,0.615741,0.614679,6170,6170,0,0.0,1.0,0.0,3063,pass,
glucose_08_c5_wB02,glucose_08_c5,glucose,8,5.0,B02,2,2,crops/glucose/glucose_08_c5/glucose_08_c5_wB02.png,61.934,101.193499,101.0,6.400253,7.0,125.768072,126.0,6.730592,8.0,127.519045,128.0,6.900887,8.0,0.207387,0.207843,0.014899,0.015686,0.500422,0.501961,0.026696,0.031373,183.573163,2.98568,0.998643,-0.062238,-0.996702,0.285362,0.285326,0.354854,0.354839,0.359784,0.359551,118.160205,118.333333,194.0,200.0,203.0,-93.0,-74.0,-75.0,0.520619,0.63,0.630542,5907,5907,0,0.0,1.0,0.0,2931,pass,
glucose_08_c5_wB03,glucose_08_c5,glucose,8,5.0,B03,2,3,crops/glucose/glucose_08_c5/glucose_08_c5_wB03.png,66.198,105.948843,106.0,10.339129,9.0,132.370996,133.0,10.063454,9.0,131.572361,132.0,10.586344,11.0,0.204882,0.203922,0.027702,0.035294,0.521734,0.521569,0.039828,0.035294,178.106434,5.268189,0.995782,0.032904,-0.995238,0.286048,0.286822,0.358116,0.357527,0.355836,0.355091,123.2974,123.666667,205.0,211.0,213.0,-99.0,-78.0,-81.0,0.517073,0.630332,0.619718,6744,6744,0,0.0,1.0,0.0,3349,pass,
glucose_08_c5_wB04,glucose_08_c5,glucose,8,5.0,B04,2,4,crops/glucose/glucose_08_c5/glucose_08_c5_wB04.png,62.159,103.102301,104.0,6.541635,7.0,128.22644,129.0,6.827391,7.0,130.253654,131.0,7.281171,8.0,0.212379,0.211765,0.016022,0.019608,0.513045,0.513725,0.026474,0.031373,184.185363,6.836543,0.992907,-0.072466,-0.990259,0.28502,0.285714,0.354721,0.354286,0.360259,0.360494,120.527465,121.0,203.0,208.0,211.0,-99.0,-79.0,-80.0,0.512315,0.620192,0.620853,5953,5953,0,0.0,1.0,0.0,2961,pass,
glucose_08_c5_wB05,glucose_08_c5,glucose,8,5.0,B05,2,5,crops/glucose/glucose_08_c5/glucose_08_c5_wB05.png,65.525,105.861657,107.0,7.540982,9.0,132.011491,133.0,7.227827,8.0,131.348352,133.0,8.554132,11.0,0.203699,0.2,0.016719,0.019608,0.520945,0.52549,0.029398,0.035294,178.257326,6.065658,0.994412,0.030241,-0.993952,0.286558,0.287206,0.357739,0.356322,0.355703,0.356608,123.073833,124.0,212.0,217.0,221.0,-105.0,-84.0,-88.0,0.504717,0.612903,0.60181,6614,6614,0,0.0,1.0,0.0,3281,pass,
glucose_08_c5_wB06,glucose_08_c5,glucose,8,5.0,B06,2,6,crops/glucose/glucose_08_c5/glucose_08_c5_wB06.png,60.364,103.72711,104.0,6.736675,8.0,130.156523,131.0,6.431114,8.0,129.46725,130.0,7.188032,9.0,0.205936,0.203922,0.016195,0.015686,0.511934,0.513725,0.025858,0.031373,178.45531,3.516998,0.998118,0.026906,-0.997755,0.285324,0.285714,0.358353,0.357333,0.356323,0.356354,121.116961,121.666667,154.0,161.5,163.5,-50.0,-30.5,-33.5,0.675325,0.811146,0.795107,5603,5603,0,0.0,1.0,0.0,2792,pass,
glucose_08_c5_wB07,glucose_08_c5,glucose,8,5.0,B07,2,7,crops/glucose/glucose_08_c5/glucose_08_c5_wB07.png,65.974,102.449388,102.0,7.335591,9.0,128.121678,127.0,6.84868,8.0,127.449239,127.0,8.120043,11.0,0.206255,0.203922,0.018947,0.023529,0.505778,0.501961,0.027997,0.035294,178.168288,6.635056,0.993317,0.03175,-0.99281,0.285985,0.286517,0.358061,0.356546,0.355954,0.356608,119.340102,118.666667,210.0,215.0,218.0,-108.0,-88.0,-91.0,0.485714,0.590698,0.582569,6698,6698,0,0.0,1.0,0.0,3333,pass,
glucose_08_c5_wB08,glucose_08_c5,glucose,8,5.0,B08,2,8,crops/glucose/glucose_08_c5/glucose_08_c5_wB08.png,67.32,101.452995,101.0,11.287439,12.0,128.235168,128.0,11.101689,11.0,126.390083,126.0,11.864346,13.0,0.21231,0.207843,0.02544,0.030392,0.50399,0.501961,0.043696,0.047059,175.786844,5.452602,0.995482,0.073135,-0.992792,0.284448,0.285714,0.36048,0.359551,0.355072,0.35514,118.692749,118.666667,209.0,213.0,217.0,-108.0,-85.0,-91.0,0.483254,0.600939,0.580645,6978,6978,0,0.0,1.0,0.0,3467,pass,
glucose_08_c5_wB09,glucose_08_c5,glucose,8,5.0,B09,2,9,crops/glucose/glucose_08_c5/glucose_08_c5_wB09.png,66.647,104.546438,105.0,6.756386,9.0,128.60041,129.0,6.779076,9.0,133.048121,133.0,8.187998,12.0,0.215316,0.215686,0.017319,0.023529,0.522462,0.521569,0.031288,0.047059,189.038094,6.435055,0.993713,-0.156103,-0.981375,0.285399,0.285714,0.351314,0.351064,0.363287,0.363636,122.06499,122.0,209.0,214.0,218.0,-104.0,-85.0,-85.0,0.502392,0.602804,0.610092,6837,6837,0,0.0,1.0,0.0,3392,pass,
glucose_08_c5_wB10,glucose_08_c5,glucose,8,5.0,B10,2,10,crops/glucose/glucose_08_c5/glucose_08_c5_wB10.png,63.73,104.056115,105.0,11.276237,12.0,130.369305,132.0,11.089455,11.0,130.847802,132.0,12.353099,15.0,0.215325,0.211765,0.025978,0.027451,0.518843,0.52549,0.04542,0.05098,180.7648,8.130646,0.989982,-0.013214,-0.989894,0.284364,0.285333,0.357283,0.356061,0.358353,0.359173,121.75774,123.0,202.0,206.0,211.0,-97.0,-74.0,-79.0,0.519802,0.640777,0.625592,6255,6255,0,0.0,1.0,0.0,3105,pass,
glucose_08_c5_wB11,glucose_08_c5,glucose,8,5.0,B11,2,11,crops/glucose/glucose_08_c5/glucose_08_c5_wB11.png,62.159,107.428643,107.0,8.607297,10.0,131.696251,131.0,8.817781,11.0,134.057152,134.0,9.795596,13.0,0.200935,0.2,0.016943,0.019608,0.526972,0.52549,0.037424,0.047059,184.807584,5.441015,0.995501,-0.083433,-0.991999,0.287726,0.287599,0.353058,0.351955,0.359216,0.359712,124.394016,124.0,213.0,219.0,221.0,-106.0,-88.0,-87.0,0.502347,0.598174,0.606335,5949,5949,0,0.0,1.0,0.0,2946,pass,
glucose_08_c5_wB12,glucose_08_c5,glucose,8,5.0,B12,2,12,crops/glucose/glucose_08_c5/glucose_08_c5_wB12.png,61.71,114.880826,115.0,9.510531,9.0,139.906437,140.0,10.389172,11.0,145.739286,146.0,10.564508,11.0,0.212849,0.211765,0.016318,0.019608,0.571985,0.572549,0.041144,0.039216,191.356308,5.943443,0.994634,-0.195853,-0.975161,0.286666,0.286863,0.349357,0.349169,0.363978,0.363868,133.50885,133.333333,211.0,217.0,220.0,-96.0,-77.0,-74.0,0.545024,0.645161,0.663636,5857,5857,0,0.0,1.0,0.0,2894,pass,
glucose_08_c5_wC01,glucose_08_c5,glucose,8,5.0,C01,3,1,crops/glucose/glucose_08_c5/glucose_08_c5_wC01.png,57.895,109.403492,109.0,5.641621,7.0,134.08031,134.0,5.457441,6.0,136.83453,137.0,6.039795,7.0,0.201034,0.2,0.009754,0.011765,0.536733,0.537255,0.023596,0.027451,185.552104,3.250881,0.998392,-0.096595,-0.993708,0.287577,0.287671,0.352618,0.351351,0.359806,0.360465,126.772777,126.666667,53.0,68.0,70.0,56.0,66.0,67.0,2.056604,1.970588,1.957143,5155,5155,0,0.0,1.0,0.0,2560,pass,
glucose_08_c5_wC02,glucose_08_c5,glucose,8,5.0,C02,3,2,crops/glucose/glucose_08_c5/glucose_08_c5_wC02.png,65.749,101.298844,102.0,6.24642,7.0,123.926415,125.0,6.384628,7.0,129.371978,131.0,7.176215,8.0,0.217166,0.219608,0.016656,0.019608,0.507358,0.513725,0.028107,0.031373,191.402402,4.015507,0.997547,-0.197214,-0.977858,0.285589,0.284946,0.349566,0.34903,0.364845,0.365269,118.199079,119.333333,207.0,212.0,215.0,-105.0,-87.0,-84.0,0.492754,0.589623,0.609302,6659,6659,0,0.0,1.0,0.0,3296,pass,
glucose_08_c5_wC03,glucose_08_c5,glucose,8,5.0,C03,3,3,crops/glucose/glucose_08_c5/glucose_08_c5_wC03.png,61.486,97.621603,98.0,9.888991,11.0,121.299622,123.0,10.264477,11.0,123.507396,124.0,9.154121,11.0,0.21355,0.211765,0.026252,0.031373,0.485807,0.490196,0.036493,0.039216,184.929959,6.273321,0.994024,-0.085424,-0.990346,0.284677,0.284884,0.354255,0.354167,0.361068,0.360231,114.142874,115.0,193.0,198.0,202.0,-95.0,-75.0,-78.0,0.507772,0.621212,0.613861,5814,5814,0,0.0,1.0,0.0,2870,pass,
glucose_08_c5_wC04,glucose_08_c5,glucose,8,5.0,C04,3,4,crops/glucose/glucose_08_c5/glucose_08_c5_wC04.png,65.525,103.177227,105.0,9.301024,9.0,126.336761,128.0,9.574187,8.0,129.866173,133.0,10.432957,12.0,0.207222,0.207843,0.022915,0.015686,0.509743,0.521569,0.040631,0.043137,187.449461,5.280103,0.995763,-0.129102,-0.987358,0.286772,0.286863,0.35175,0.351064,0.361479,0.36193,119.793387,121.666667,209.0,214.0,217.0,-104.0,-86.0,-84.0,0.502392,0.598131,0.612903,6613,6613,0,0.0,1.0,0.0,3281,pass,
glucose_08_c5_wC05,glucose_08_c5,glucose,8,5.0,C05,3,5,crops/glucose/glucose_08_c5/glucose_08_c5_wC05.png,66.647,98.767959,99.0,7.377321,8.0,122.982736,123.0,7.343868,7.0,124.518654,125.0,8.001978,9.0,0.210883,0.211765,0.017379,0.019608,0.490458,0.490196,0.030159,0.031373,183.073558,6.000831,0.99453,-0.053325,-0.9931,0.285037,0.285285,0.35531,0.354467,0.359653,0.36,115.423116,115.666667,202.0,207.0,211.0,-103.0,-84.0,-86.0,0.490099,0.594203,0.592417,6835,6835,0,0.0,1.0,0.0,3393,pass,
glucose_08_c5_wC06,glucose_08_c5,glucose,8,5.0,C06,3,6,crops/glucose/glucose_08_c5/glucose_08_c5_wC06.png,56.773,100.225806,100.0,8.056468,7.0,123.464113,123.0,8.263986,7.0,127.155645,127.0,8.323134,8.0,0.213532,0.211765,0.018119,0.023529,0.499222,0.498039,0.032274,0.031373,187.934272,6.139639,0.994275,-0.137247,-0.984757,0.285434,0.285326,0.351997,0.352113,0.362569,0.36338,116.948522,116.666667,38.0,49.0,52.0,62.0,74.0,75.0,2.631579,2.510204,2.442308,4960,4960,0,0.0,1.0,0.0,2462,pass,
glucose_08_c5_wC07,glucose_08_c5,glucose,8,5.0,C07,3,7,crops/glucose/glucose_08_c5/glucose_08_c5_wC07.png,61.934,100.352742,105.0,18.076845,17.0,125.308057,130.0,19.33561,17.0,125.209885,130.0,20.010338,20.0,0.212409,0.203922,0.036826,0.023529,0.496833,0.513725,0.077328,0.070588,179.498874,7.420392,0.991649,0.008673,-0.991611,0.28472,0.286501,0.357897,0.357143,0.357384,0.356322,116.956895,121.666667,203.0,208.0,212.0,-98.0,-78.0,-82.0,0.517241,0.625,0.613208,5908,5908,0,0.0,1.0,0.0,2927,pass,
glucose_08_c5_wC08,glucose_08_c5,glucose,8,5.0,C08,3,8,crops/glucose/glucose_08_c5/glucose_08_c5_wC08.png,61.934,103.485618,104.0,9.34679,10.0,128.47665,129.0,9.484088,10.0,127.52335,128.0,9.929415,10.0,0.196527,0.196078,0.019465,0.023529,0.504435,0.505882,0.037183,0.039216,177.637205,4.036126,0.997522,0.041125,-0.996674,0.287596,0.288136,0.357589,0.356955,0.354815,0.355014,119.828539,120.0,194.0,199.0,202.0,-90.0,-70.0,-74.0,0.536082,0.648241,0.633663,5910,5910,0,0.0,1.0,0.0,2927,pass,
glucose_08_c5_wC09,glucose_08_c5,glucose,8,5.0,C09,3,9,crops/glucose/glucose_08_c5/glucose_08_c5_wC09.png,62.608,96.600996,97.0,11.819253,10.0,121.366307,122.0,12.214328,11.0,122.654772,123.0,11.670937,10.0,0.218492,0.215686,0.031664,0.035294,0.483282,0.482353,0.045993,0.035294,182.837362,5.550168,0.995319,-0.049269,-0.994099,0.282938,0.284024,0.356495,0.355623,0.360567,0.360231,113.540692,113.666667,202.0,207.0,210.0,-105.0,-85.0,-87.0,0.480198,0.589372,0.585714,6025,6025,0,0.0,1.0,0.0,3008,pass,
glucose_08_c5_wC10,glucose_08_c5,glucose,8,5.0,C10,3,10,crops/glucose/glucose_08_c5/glucose_08_c5_wC10.png,61.486,105.468224,106.0,8.537504,12.0,130.1618,131.0,8.54615,12.0,132.580728,134.0,9.597817,15.0,0.207033,0.203922,0.016155,0.019608,0.52122,0.52549,0.036357,0.054902,184.851619,4.973657,0.996239,-0.084258,-0.99267,0.28626,0.286863,0.353671,0.352304,0.360069,0.360825,122.736917,123.666667,200.0,205.0,209.0,-94.0,-74.0,-75.0,0.53,0.639024,0.641148,5822,5822,0,0.0,1.0,0.0,2879,pass,
glucose_08_c5_wC11,glucose_08_c5,glucose,8,5.0,C11,3,11,crops/glucose/glucose_08_c5/glucose_08_c5_wC11.png,63.281,106.67105,106.0,7.30823,7.0,132.589544,133.0,7.849125,8.0,132.060399,132.0,8.20519,8.0,0.19884,0.2,0.014932,0.019608,0.52196,0.521569,0.030966,0.031373,178.753617,3.878483,0.997711,0.021702,-0.997475,0.287182,0.286842,0.357155,0.35641,0.355663,0.355795,123.773665,123.666667,207.0,212.0,215.0,-101.0,-79.0,-83.0,0.512077,0.627358,0.613953,6159,6159,0,0.0,1.0,0.0,3050,pass,
glucose_08_c5_wC12,glucose_08_c5,glucose,8,5.0,C12,3,12,crops/glucose/glucose_08_c5/glucose_08_c5_wC12.png,62.383,112.523516,113.0,11.833257,12.0,139.051201,139.0,12.449252,13.0,142.908939,144.0,13.174385,14.0,0.215891,0.215686,0.020102,0.023529,0.562039,0.568627,0.050638,0.054902,187.439033,6.466463,0.993651,-0.128649,-0.985288,0.284929,0.285319,0.35268,0.351351,0.362391,0.362944,131.494552,132.333333,213.0,218.0,220.0,-100.0,-79.0,-76.0,0.530516,0.637615,0.654545,5996,5996,0,0.0,1.0,0.0,2987,pass,
glucose_08_c5_wD01,glucose_08_c5,glucose,8,5.0,D01,4,1,crops/glucose/glucose_08_c5/glucose_08_c5_wD01.png,61.261,103.712029,105.0,9.208602,10.0,128.994098,130.0,8.760599,10.0,130.62871,132.0,9.907407,12.0,0.210693,0.207843,0.017839,0.015686,0.514568,0.521569,0.036881,0.043137,183.143864,5.56314,0.995297,-0.054585,-0.993799,0.285148,0.286096,0.355291,0.35396,0.359561,0.360097,121.111613,122.333333,176.0,186.0,184.0,-71.0,-56.0,-52.0,0.596591,0.698925,0.717391,5761,5761,0,0.0,1.0,0.0,2866,pass,
glucose_08_c5_wD02,glucose_08_c5,glucose,8,5.0,D02,4,2,crops/glucose/glucose_08_c5/glucose_08_c5_wD02.png,63.281,103.583347,105.0,7.653016,8.0,128.976627,130.0,7.783516,7.0,131.032625,132.0,7.917634,7.0,0.211551,0.207843,0.016413,0.019608,0.51469,0.517647,0.030617,0.027451,184.232324,4.198941,0.997318,-0.073603,-0.994599,0.284695,0.285326,0.354822,0.355438,0.360484,0.360231,121.197533,122.0,202.0,208.0,212.0,-97.0,-78.0,-80.0,0.519802,0.625,0.622642,6161,6161,0,0.0,1.0,0.0,3067,pass,
glucose_08_c5_wD03,glucose_08_c5,glucose,8,5.0,D03,4,3,crops/glucose/glucose_08_c5/glucose_08_c5_wD03.png,67.32,89.951433,91.0,13.289473,17.0,115.162607,117.0,13.730221,17.0,115.705731,117.0,13.106614,16.0,0.232425,0.227451,0.035927,0.039216,0.457589,0.462745,0.051596,0.062745,181.370487,7.057912,0.992442,-0.023736,-0.992158,0.279448,0.280864,0.359248,0.359249,0.361303,0.358904,106.939924,108.333333,202.0,207.0,210.0,-111.0,-90.0,-93.0,0.450495,0.565217,0.557143,6980,6980,0,0.0,1.0,0.0,3458,pass,
glucose_08_c5_wD04,glucose_08_c5,glucose,8,5.0,D04,4,4,crops/glucose/glucose_08_c5/glucose_08_c5_wD04.png,60.588,94.999292,97.0,13.958383,11.0,119.45292,121.0,13.778346,9.0,120.771327,122.0,13.722242,11.0,0.220819,0.211765,0.044822,0.031373,0.475432,0.482353,0.053694,0.039216,182.899257,5.016772,0.996174,-0.050386,-0.994899,0.282077,0.284058,0.356873,0.355932,0.361049,0.359882,111.74118,113.333333,165.0,173.0,173.0,-68.0,-52.0,-51.0,0.587879,0.699422,0.705202,5650,5650,0,0.0,1.0,0.0,2801,pass,
glucose_08_c5_wD05,glucose_08_c5,glucose,8,5.0,D05,4,5,crops/glucose/glucose_08_c5/glucose_08_c5_wD05.png,65.525,88.813275,90.0,13.084906,15.0,112.928334,114.0,13.62364,17.0,112.265195,114.0,13.04883,16.0,0.220518,0.215686,0.030507,0.035294,0.445159,0.45098,0.052551,0.062745,178.332372,5.458785,0.995472,0.02897,-0.99505,0.28199,0.283439,0.359958,0.359673,0.358052,0.357487,104.668935,106.0,206.0,211.0,215.0,-116.0,-97.0,-101.0,0.436893,0.540284,0.530233,6614,6614,0,0.0,1.0,0.0,3282,pass,
glucose_08_c5_wD06,glucose_08_c5,glucose,8,5.0,D06,4,6,crops/glucose/glucose_08_c5/glucose_08_c5_wD06.png,65.3,86.600609,86.0,11.287335,15.0,110.440823,110.0,11.980883,15.0,110.839909,111.0,11.108814,14.0,0.229752,0.227451,0.026965,0.035294,0.439708,0.439216,0.045071,0.054902,180.824052,7.806278,0.990762,-0.014249,-0.990659,0.280668,0.281046,0.35885,0.358621,0.360482,0.360825,102.627113,102.333333,210.0,215.0,218.0,-124.0,-105.0,-107.0,0.409524,0.511628,0.509174,6565,6565,0,0.0,1.0,0.0,3259,pass,
glucose_08_c5_wD07,glucose_08_c5,glucose,8,5.0,D07,4,7,crops/glucose/glucose_08_c5/glucose_08_c5_wD07.png,56.998,96.6416,96.0,9.296255,10.0,120.5636,120.0,8.38682,8.0,121.0874,120.0,9.84458,11.0,0.208493,0.207843,0.018537,0.023529,0.478156,0.47451,0.036133,0.035294,180.794893,6.361237,0.993856,-0.013788,-0.99376,0.285341,0.284884,0.356727,0.356932,0.357932,0.358025,112.7642,112.0,24.0,33.0,33.0,72.0,87.0,87.0,4.0,3.636364,3.636364,5000,5000,0,0.0,1.0,0.0,2483,pass,
glucose_08_c5_wD08,glucose_08_c5,glucose,8,5.0,D08,4,8,crops/glucose/glucose_08_c5/glucose_08_c5_wD08.png,66.647,97.195261,97.0,10.742633,13.0,121.982595,122.0,10.325668,12.0,121.447126,120.0,11.288575,15.0,0.210899,0.207843,0.026758,0.023529,0.482031,0.478431,0.041406,0.05098,178.356794,6.60578,0.993376,0.028485,-0.992967,0.284884,0.285326,0.35846,0.35786,0.356656,0.356125,113.541661,112.666667,208.0,212.0,215.0,-111.0,-90.0,-95.0,0.466346,0.575472,0.55814,6837,6837,0,0.0,1.0,0.0,3401,pass,
glucose_08_c5_wD09,glucose_08_c5,glucose,8,5.0,D09,4,9,crops/glucose/glucose_08_c5/glucose_08_c5_wD09.png,65.076,88.909202,89.0,10.295558,12.0,111.95,112.0,10.480465,13.0,115.628681,115.0,10.279827,12.0,0.233623,0.231373,0.030157,0.039216,0.45385,0.45098,0.040252,0.047059,187.960557,6.164929,0.994228,-0.137692,-0.984647,0.280383,0.280757,0.35388,0.354232,0.365737,0.364865,105.495961,105.333333,215.0,219.0,222.0,-126.0,-107.0,-107.0,0.413953,0.511416,0.518018,6520,6520,0,0.0,1.0,0.0,3235,pass,
glucose_08_c5_wD10,glucose_08_c5,glucose,8,5.0,D10,4,10,crops/glucose/glucose_08_c5/glucose_08_c5_wD10.png,58.344,92.316743,92.0,14.244011,16.0,116.754767,117.0,14.939023,17.0,116.855263,116.0,14.343325,15.0,0.220574,0.211765,0.0459,0.031373,0.462022,0.462745,0.057066,0.066667,180.38376,6.035421,0.994467,-0.006661,-0.994445,0.281975,0.284024,0.358651,0.358333,0.359374,0.35873,108.642258,108.333333,49.0,58.0,58.0,43.0,59.0,58.0,1.877551,2.017241,2.0,5244,5244,0,0.0,1.0,0.0,2608,pass,
glucose_08_c5_wD11,glucose_08_c5,glucose,8,5.0,D11,4,11,crops/glucose/glucose_08_c5/glucose_08_c5_wD11.png,57.446,106.409118,107.0,13.449367,13.0,132.896443,134.0,13.403589,12.0,134.002555,136.0,13.92989,13.0,0.214428,0.211765,0.034052,0.023529,0.529383,0.533333,0.054015,0.05098,182.211896,6.680262,0.993226,-0.038334,-0.992486,0.284214,0.285714,0.356466,0.355438,0.359321,0.360544,124.436039,125.666667,35.0,45.0,45.0,72.0,89.0,91.0,3.057143,2.977778,3.022222,5089,5089,0,0.0,1.0,0.0,2524,pass,
glucose_08_c5_wD12,glucose_08_c5,glucose,8,5.0,D12,4,12,crops/glucose/glucose_08_c5/glucose_08_c5_wD12.png,58.12,111.096886,111.0,10.045085,12.0,135.688581,135.0,10.103801,10.0,141.508458,141.0,10.808477,12.0,0.215686,0.215686,0.018414,0.019608,0.554937,0.552941,0.042383,0.047059,191.406051,4.456626,0.996979,-0.197164,-0.977289,0.28586,0.286089,0.349589,0.349876,0.36455,0.364116,129.431308,129.0,59.0,69.0,70.0,52.0,66.0,71.0,1.881356,1.956522,2.014286,5202,5202,0,0.0,1.0,0.0,2595,pass,
glucose_08_c5_wE01,glucose_08_c5,glucose,8,5.0,E01,5,1,crops/glucose/glucose_08_c5/glucose_08_c5_wE01.png,66.422,95.285399,96.0,10.119463,10.0,119.135266,120.0,10.747762,11.0,120.831911,122.0,10.293343,11.0,0.215289,0.211765,0.023051,0.027451,0.47537,0.478431,0.040762,0.039216,183.602686,5.101995,0.996043,-0.062589,-0.994075,0.28385,0.284091,0.355448,0.354839,0.360702,0.360606,111.750859,112.666667,203.0,208.0,212.0,-107.0,-88.0,-90.0,0.472906,0.576923,0.575472,6794,6794,0,0.0,1.0,0.0,3376,pass,
glucose_08_c5_wE02,glucose_08_c5,glucose,8,5.0,E02,5,2,crops/glucose/glucose_08_c5/glucose_08_c5_wE02.png,66.198,84.84645,86.0,10.74733,14.0,108.255817,109.0,10.917835,13.0,109.030829,110.0,11.048471,14.0,0.227436,0.223529,0.027376,0.035294,0.42948,0.431373,0.042688,0.054902,181.588567,4.925887,0.996311,-0.02762,-0.995928,0.280214,0.280757,0.358601,0.358362,0.361185,0.360606,100.711032,101.333333,204.0,209.0,212.0,-118.0,-100.0,-102.0,0.421569,0.521531,0.518868,6747,6747,0,0.0,1.0,0.0,3342,pass,
glucose_08_c5_wE03,glucose_08_c5,glucose,8,5.0,E03,5,3,crops/glucose/glucose_08_c5/glucose_08_c5_wE03.png,63.281,82.6852,84.0,13.750366,16.0,107.461015,109.0,13.781043,16.0,108.548711,110.0,13.479075,16.0,0.245335,0.235294,0.042227,0.039216,0.427023,0.435294,0.05281,0.058824,182.286671,4.276364,0.997219,-0.039788,-0.996424,0.275449,0.277603,0.360327,0.359223,0.364224,0.363057,99.564975,101.666667,195.0,200.0,204.0,-111.0,-91.0,-94.0,0.430769,0.545,0.539216,6169,6169,0,0.0,1.0,0.0,3060,pass,
glucose_08_c5_wE04,glucose_08_c5,glucose,8,5.0,E04,5,4,crops/glucose/glucose_08_c5/glucose_08_c5_wE04.png,62.383,86.114004,86.0,8.771256,11.0,109.68653,110.0,8.815789,11.0,110.542313,110.0,8.816714,10.0,0.225238,0.223529,0.026101,0.035294,0.435168,0.435294,0.034252,0.039216,181.803474,4.414849,0.997036,-0.031378,-0.996542,0.280731,0.28125,0.35823,0.357934,0.36104,0.360947,102.114283,102.0,196.0,200.0,205.0,-110.0,-90.0,-95.0,0.438776,0.55,0.536585,5991,5991,0,0.0,1.0,0.0,2976,pass,
glucose_08_c5_wE05,glucose_08_c5,glucose,8,5.0,E05,5,5,crops/glucose/glucose_08_c5/glucose_08_c5_wE05.png,60.139,81.871072,83.0,15.893847,17.0,104.075417,105.0,16.650842,18.0,105.946849,107.0,16.367043,16.0,0.236088,0.227451,0.063224,0.043137,0.416194,0.419608,0.063998,0.062745,184.651282,5.024699,0.996162,-0.08078,-0.992881,0.278131,0.280702,0.357233,0.356401,0.364636,0.362934,97.297779,98.0,156.0,164.0,166.0,-73.0,-59.0,-59.0,0.532051,0.640244,0.644578,5569,5569,0,0.0,1.0,0.002873,2768,pass,
glucose_08_c5_wE06,glucose_08_c5,glucose,8,5.0,E06,5,6,crops/glucose/glucose_08_c5/glucose_08_c5_wE06.png,61.261,84.764869,85.0,10.524177,10.0,107.88018,108.0,10.476759,10.0,110.642102,111.0,10.692928,10.0,0.237391,0.231373,0.036108,0.027451,0.434272,0.435294,0.041703,0.035294,186.066684,4.277979,0.997216,-0.105392,-0.991632,0.278643,0.279743,0.356079,0.355828,0.365278,0.364548,101.095717,101.666667,181.0,187.0,191.0,-96.0,-79.0,-80.0,0.469613,0.57754,0.581152,5767,5767,0,0.0,1.0,0.0,2857,pass,
glucose_08_c5_wE07,glucose_08_c5,glucose,8,5.0,E07,5,7,crops/glucose/glucose_08_c5/glucose_08_c5_wE07.png,60.364,85.459276,86.0,11.544536,13.0,108.339512,109.0,11.043313,12.0,112.000535,113.0,11.994704,14.0,0.240038,0.239216,0.035294,0.043137,0.439626,0.443137,0.046667,0.054902,187.858758,4.915056,0.996327,-0.136229,-0.98697,0.278673,0.27957,0.354769,0.353474,0.366559,0.366242,101.933108,102.333333,155.0,162.0,162.0,-69.0,-53.0,-49.0,0.554839,0.67284,0.697531,5611,5611,0,0.0,1.0,0.0,2767,pass,
glucose_08_c5_wE08,glucose_08_c5,glucose,8,5.0,E08,5,8,crops/glucose/glucose_08_c5/glucose_08_c5_wE08.png,65.3,88.442126,89.0,8.712411,11.0,113.146208,113.0,8.28856,11.0,113.352878,113.0,9.890024,14.0,0.228947,0.227451,0.023102,0.023529,0.449158,0.447059,0.0358,0.047059,180.034445,6.769731,0.993044,-0.000597,-0.993044,0.280493,0.28115,0.359652,0.35873,0.359855,0.359736,104.980404,105.0,212.0,217.0,220.0,-123.0,-104.0,-107.0,0.419811,0.520737,0.513636,6566,6566,0,0.0,1.0,0.0,3260,pass,
glucose_08_c5_wE09,glucose_08_c5,glucose,8,5.0,E09,5,9,crops/glucose/glucose_08_c5/glucose_08_c5_wE09.png,65.974,83.943824,84.0,12.390867,14.0,106.007301,107.0,12.760466,14.0,107.736403,108.0,12.934303,16.0,0.225406,0.219608,0.031179,0.039216,0.423523,0.427451,0.050587,0.058824,183.962144,5.124251,0.996009,-0.068822,-0.993628,0.281212,0.282468,0.356476,0.355705,0.362312,0.361702,99.229176,100.0,212.0,217.0,220.0,-128.0,-110.0,-112.0,0.396226,0.493088,0.490909,6711,6711,0,0.0,1.0,0.0,3329,pass,
glucose_08_c5_wE10,glucose_08_c5,glucose,8,5.0,E10,5,10,crops/glucose/glucose_08_c5/glucose_08_c5_wE10.png,66.871,89.307804,89.0,14.746948,16.0,114.651795,115.0,15.411319,15.0,116.737974,117.0,15.85311,17.0,0.241706,0.235294,0.044142,0.031373,0.459238,0.458824,0.062035,0.066667,184.235123,4.922095,0.996317,-0.073578,-0.993596,0.277132,0.278846,0.358194,0.35689,0.364674,0.364238,106.899191,106.666667,205.0,210.0,213.0,-116.0,-95.0,-96.0,0.434146,0.547619,0.549296,6881,6881,0,0.0,1.0,0.000727,3415,pass,
glucose_08_c5_wE11,glucose_08_c5,glucose,8,5.0,E11,5,11,crops/glucose/glucose_08_c5/glucose_08_c5_wE11.png,62.832,102.907761,104.0,13.059115,16.0,128.73808,130.0,12.956176,15.0,129.478625,130.0,13.847016,17.0,0.212417,0.207843,0.024663,0.023529,0.51107,0.513725,0.052876,0.066667,181.360028,5.878733,0.99475,-0.02361,-0.99447,0.284381,0.285714,0.356899,0.356725,0.35872,0.358491,120.374822,121.333333,213.0,219.0,221.0,-109.0,-89.0,-91.0,0.488263,0.593607,0.588235,6082,6082,0,0.0,1.0,0.0,3007,pass,
glucose_08_c5_wE12,glucose_08_c5,glucose,8,5.0,E12,5,12,crops/glucose/glucose_08_c5/glucose_08_c5_wE12.png,56.998,114.048619,114.0,8.9064,10.0,139.473189,139.0,9.75982,12.0,145.216086,145.0,10.456379,14.0,0.214983,0.215686,0.018413,0.027451,0.569581,0.568627,0.040801,0.054902,190.831029,4.278053,0.997216,-0.18739,-0.979452,0.285923,0.286061,0.349863,0.349462,0.364213,0.364253,132.912632,133.0,45.0,56.0,56.0,69.0,83.0,89.0,2.533333,2.482143,2.589286,4998,4998,0,0.0,1.0,0.0,2491,pass,
glucose_08_c5_wF01,glucose_08_c5,glucose,8,5.0,F01,6,1,crops/glucose/glucose_08_c5/glucose_08_c5_wF01.png,66.422,103.493286,104.0,6.68075,7.0,128.940682,130.0,6.423775,8.0,130.923565,132.0,6.762507,8.0,0.211471,0.207843,0.01742,0.023529,0.514351,0.517647,0.02592,0.031373,184.040052,4.367886,0.997098,-0.070249,-0.994621,0.284667,0.285714,0.354954,0.354938,0.36038,0.361039,121.119178,122.0,210.0,216.0,220.0,-106.0,-86.0,-88.0,0.495238,0.601852,0.6,6777,6777,0,0.0,1.0,0.0,3350,pass,
glucose_08_c5_wF02,glucose_08_c5,glucose,8,5.0,F02,6,2,crops/glucose/glucose_08_c5/glucose_08_c5_wF02.png,66.198,80.722568,81.0,9.362335,13.0,104.832888,105.0,9.626019,13.0,107.824585,108.0,9.837089,13.0,0.253048,0.25098,0.024096,0.027451,0.42289,0.423529,0.038571,0.05098,186.18626,3.051218,0.998583,-0.107608,-0.992768,0.274673,0.275261,0.357548,0.357143,0.367779,0.367742,97.793347,97.666667,206.0,212.0,216.0,-125.0,-107.0,-108.0,0.393204,0.495283,0.5,6744,6744,0,0.0,1.0,0.0,3343,pass,
glucose_08_c5_wF03,glucose_08_c5,glucose,8,5.0,F03,6,3,crops/glucose/glucose_08_c5/glucose_08_c5_wF03.png,66.871,81.985036,83.0,7.45224,8.0,106.321371,108.0,7.231193,8.0,107.84222,110.0,7.498682,8.0,0.243075,0.239216,0.023233,0.023529,0.424048,0.431373,0.028673,0.031373,183.188718,4.487862,0.996937,-0.055455,-0.995394,0.276471,0.277027,0.359223,0.358362,0.364306,0.364238,98.716209,100.333333,206.0,211.0,215.0,-123.0,-103.0,-105.0,0.402913,0.511848,0.511628,6883,6883,0,0.0,1.0,0.0,3425,pass,
glucose_08_c5_wF04,glucose_08_c5,glucose,8,5.0,F04,6,4,crops/glucose/glucose_08_c5/glucose_08_c5_wF04.png,62.159,74.951838,75.0,12.741002,17.0,97.995301,99.0,13.923049,19.0,99.707501,101.0,13.428043,18.0,0.254054,0.247059,0.036685,0.039216,0.392134,0.396078,0.053241,0.07451,184.030174,4.994776,0.996207,-0.070015,-0.993744,0.273857,0.275194,0.359722,0.359184,0.366422,0.365188,90.88488,91.666667,191.0,196.0,199.0,-116.0,-97.0,-98.0,0.39267,0.505102,0.507538,5959,5959,0,0.0,1.0,0.0,2941,pass,
glucose_08_c5_wF05,glucose_08_c5,glucose,8,5.0,F05,6,5,crops/glucose/glucose_08_c5/glucose_08_c5_wF05.png,61.261,73.763658,74.0,14.070497,19.0,96.77749,98.0,14.5708,20.0,100.061376,100.0,14.1435,19.0,0.268463,0.258824,0.046562,0.058824,0.392709,0.396078,0.055462,0.07451,187.43981,5.376213,0.995607,-0.128916,-0.987226,0.271096,0.273092,0.358062,0.357988,0.370842,0.368821,90.200841,91.0,186.0,191.0,194.0,-112.0,-93.0,-94.0,0.397849,0.513089,0.515464,5784,5784,0,0.0,1.0,0.0,2871,pass,
glucose_08_c5_wF06,glucose_08_c5,glucose,8,5.0,F06,6,6,crops/glucose/glucose_08_c5/glucose_08_c5_wF06.png,59.915,75.903366,76.0,12.510903,17.0,97.404452,98.0,13.79403,20.0,100.619073,100.0,11.711695,15.0,0.25352,0.25098,0.042462,0.062745,0.396728,0.396078,0.047048,0.062745,188.025959,10.366146,0.983767,-0.137355,-0.97413,0.276047,0.276423,0.355448,0.356125,0.368504,0.366071,91.308964,91.0,121.0,128.0,128.0,-45.0,-30.0,-28.0,0.628099,0.765625,0.78125,5526,5526,0,0.0,1.0,0.0,2743,pass,
glucose_08_c5_wF07,glucose_08_c5,glucose,8,5.0,F07,6,7,crops/glucose/glucose_08_c5/glucose_08_c5_wF07.png,67.769,85.092323,85.0,9.876236,11.0,106.752297,106.0,9.973229,11.0,108.77916,108.0,10.474755,12.0,0.220305,0.215686,0.027437,0.035294,0.427192,0.423529,0.040821,0.043137,184.603272,4.685977,0.996661,-0.079988,-0.993446,0.28261,0.284173,0.355358,0.354949,0.362033,0.361635,100.207927,99.666667,207.0,211.0,215.0,-122.0,-105.0,-107.0,0.410628,0.50237,0.502326,7073,7073,0,0.0,1.0,0.0,3512,pass,
glucose_08_c5_wF08,glucose_08_c5,glucose,8,5.0,F08,6,8,crops/glucose/glucose_08_c5/glucose_08_c5_wF08.png,62.608,78.897563,79.0,13.443762,15.0,102.446047,103.0,13.54943,15.0,104.225593,105.0,12.869089,13.0,0.251741,0.243137,0.055457,0.047059,0.410497,0.411765,0.050981,0.054902,184.100609,6.670676,0.993245,-0.071025,-0.990703,0.274542,0.276515,0.35936,0.358974,0.366098,0.364238,95.189734,95.666667,196.0,201.0,205.0,-117.0,-98.0,-100.0,0.403061,0.512438,0.512195,6033,6033,0,0.0,1.0,0.000166,2993,pass,
glucose_08_c5_wF09,glucose_08_c5,glucose,8,5.0,F09,6,9,crops/glucose/glucose_08_c5/glucose_08_c5_wF09.png,62.159,83.654674,83.0,7.860018,9.0,106.289845,106.0,7.422184,8.0,108.810188,109.0,7.704101,7.0,0.232964,0.231373,0.02381,0.031373,0.42706,0.427451,0.0301,0.027451,185.607117,4.362355,0.997106,-0.097424,-0.992335,0.279659,0.279503,0.355971,0.356643,0.36437,0.364548,99.584902,99.333333,200.0,205.0,209.0,-117.0,-99.0,-100.0,0.415,0.517073,0.521531,5948,5948,0,0.0,1.0,0.0,2946,pass,
glucose_08_c5_wF10,glucose_08_c5,glucose,8,5.0,F10,6,10,crops/glucose/glucose_08_c5/glucose_08_c5_wF10.png,61.71,85.139078,86.0,14.23249,16.0,108.377816,109.0,14.393516,17.0,111.903072,113.0,14.318458,17.0,0.243736,0.239216,0.040943,0.047059,0.439121,0.443137,0.056263,0.066667,187.633357,4.702883,0.996637,-0.132387,-0.987805,0.277563,0.278746,0.355264,0.354839,0.367173,0.367052,101.806655,103.0,191.0,196.0,198.0,-105.0,-87.0,-85.0,0.450262,0.556122,0.570707,5860,5860,0,0.0,1.0,0.0,2906,pass,
glucose_08_c5_wF11,glucose_08_c5,glucose,8,5.0,F11,6,11,crops/glucose/glucose_08_c5/glucose_08_c5_wF11.png,56.773,96.826745,96.0,11.177292,10.0,121.363655,121.0,10.779496,9.0,123.628883,124.0,11.626804,11.0,0.223875,0.223529,0.029374,0.027451,0.487865,0.486275,0.043932,0.039216,184.54354,7.77744,0.990829,-0.07849,-0.987716,0.282635,0.283333,0.355449,0.35376,0.361916,0.363171,113.939761,113.333333,23.0,35.0,34.0,73.0,86.0,90.0,4.173913,3.457143,3.647059,4958,4958,0,0.0,1.0,0.0,2463,pass,
glucose_08_c5_wF12,glucose_08_c5,glucose,8,5.0,F12,6,12,crops/glucose/glucose_08_c5/glucose_08_c5_wF12.png,62.383,110.719152,111.0,8.739926,11.0,135.954082,136.0,9.024709,11.0,142.675071,143.0,10.044813,13.0,0.224288,0.223529,0.02253,0.023529,0.559576,0.560784,0.03929,0.05098,192.35139,4.253222,0.997249,-0.213318,-0.974166,0.28423,0.285,0.349297,0.349345,0.366473,0.366412,129.782768,129.333333,204.0,209.0,213.0,-93.0,-73.0,-70.0,0.544118,0.650718,0.671362,5989,5989,0,0.0,1.0,0.0,2973,pass,
glucose_08_c5_wG01,glucose_08_c5,glucose,8,5.0,G01,7,1,crops/glucose/glucose_08_c5/glucose_08_c5_wG01.png,62.159,99.316294,99.0,6.858046,8.0,123.250715,123.0,6.758178,8.0,127.307046,127.0,7.142539,8.0,0.220604,0.219608,0.015497,0.019608,0.499315,0.498039,0.027904,0.031373,188.28014,3.160599,0.99848,-0.143794,-0.988071,0.283704,0.284091,0.352364,0.352436,0.363932,0.364362,116.624685,116.666667,193.0,198.0,202.0,-94.0,-75.0,-75.0,0.512953,0.621212,0.628713,5947,5947,0,0.0,1.0,0.0,2936,pass,
glucose_08_c5_wG02,glucose_08_c5,glucose,8,5.0,G02,7,2,crops/glucose/glucose_08_c5/glucose_08_c5_wG02.png,62.608,93.201888,93.0,7.418843,8.0,117.899139,118.0,7.077595,8.0,121.39268,121.0,7.978316,10.0,0.233359,0.235294,0.018213,0.019608,0.47635,0.47451,0.030961,0.039216,187.129912,4.179687,0.997343,-0.12379,-0.989631,0.280103,0.28,0.354763,0.354286,0.365133,0.365922,110.831236,110.333333,190.0,196.0,201.0,-97.0,-78.0,-80.0,0.489474,0.602041,0.60199,6038,6038,0,0.0,1.0,0.0,2985,pass,
glucose_08_c5_wG03,glucose_08_c5,glucose,8,5.0,G03,7,3,crops/glucose/glucose_08_c5/glucose_08_c5_wG03.png,63.281,92.88564,93.0,7.303829,9.0,119.104776,119.0,7.380711,8.0,120.192008,121.0,7.549265,8.0,0.229787,0.227451,0.017057,0.019608,0.472459,0.47451,0.029366,0.035294,182.166253,3.534905,0.998099,-0.037727,-0.997385,0.279405,0.279762,0.358673,0.358209,0.361921,0.361702,110.727475,111.0,197.0,203.0,206.0,-104.0,-84.0,-85.0,0.472081,0.586207,0.587379,6156,6156,0,0.0,1.0,0.0,3056,pass,
glucose_08_c5_wG04,glucose_08_c5,glucose,8,5.0,G04,7,4,crops/glucose/glucose_08_c5/glucose_08_c5_wG04.png,62.383,90.933089,91.0,8.168795,8.0,115.252127,115.0,7.904043,7.0,116.439179,116.0,8.941791,9.0,0.223471,0.223529,0.018944,0.019608,0.45856,0.458824,0.033398,0.031373,182.297098,5.009212,0.996186,-0.039928,-0.995385,0.28156,0.282209,0.3575,0.356322,0.36094,0.361702,107.541465,107.666667,193.0,199.0,203.0,-102.0,-84.0,-87.0,0.471503,0.577889,0.571429,5993,5993,0,0.0,1.0,0.0,2984,pass,
glucose_08_c5_wG05,glucose_08_c5,glucose,8,5.0,G05,7,5,crops/glucose/glucose_08_c5/glucose_08_c5_wG05.png,64.403,88.478778,89.0,7.947098,9.0,112.099452,113.0,8.298917,10.0,113.791699,114.0,9.009287,11.0,0.225008,0.223529,0.020309,0.023529,0.447246,0.45098,0.034515,0.043137,183.463651,4.459573,0.996975,-0.060233,-0.995154,0.281208,0.281437,0.356771,0.356037,0.362021,0.362229,104.789977,105.333333,196.0,201.5,205.0,-107.0,-88.5,-91.0,0.454082,0.560794,0.556098,6385,6385,0,0.0,1.0,0.0,3168,pass,
glucose_08_c5_wG06,glucose_08_c5,glucose,8,5.0,G06,7,6,crops/glucose/glucose_08_c5/glucose_08_c5_wG06.png,63.73,85.351567,85.0,9.222712,9.0,109.981126,109.0,9.164381,10.0,111.337652,111.0,10.210909,11.0,0.238201,0.239216,0.026829,0.023529,0.438484,0.435294,0.037998,0.043137,182.569025,5.450883,0.995485,-0.044621,-0.994484,0.277871,0.278146,0.359024,0.358108,0.363104,0.363344,102.223448,101.666667,190.0,195.0,199.0,-105.0,-86.0,-88.0,0.447368,0.558974,0.557789,6252,6252,0,0.0,1.0,0.0,3102,pass,
glucose_08_c5_wG07,glucose_08_c5,glucose,8,5.0,G07,7,7,crops/glucose/glucose_08_c5/glucose_08_c5_wG07.png,66.647,86.932855,87.0,8.515554,10.0,111.94646,111.0,8.263829,9.0,113.283207,113.0,9.299104,11.0,0.238498,0.239216,0.026183,0.027451,0.447001,0.447059,0.034479,0.039216,182.570181,6.486191,0.993613,-0.044557,-0.992613,0.278124,0.278638,0.358938,0.357988,0.362938,0.362776,104.054174,103.666667,205.0,210.0,213.0,-118.0,-99.0,-100.0,0.42439,0.528571,0.530516,6836,6836,0,0.0,1.0,0.0,3402,pass,
glucose_08_c5_wG08,glucose_08_c5,glucose,8,5.0,G08,7,8,crops/glucose/glucose_08_c5/glucose_08_c5_wG08.png,62.383,87.35303,87.0,7.477271,8.0,112.233016,112.0,7.710207,9.0,113.164413,113.0,7.917019,9.0,0.231618,0.231373,0.015987,0.015686,0.445323,0.447059,0.031125,0.031373,181.85977,3.76433,0.997844,-0.032383,-0.997318,0.279053,0.279141,0.359001,0.358757,0.361946,0.362229,104.250153,104.333333,194.0,199.0,204.0,-107.0,-87.0,-91.0,0.448454,0.562814,0.553922,5991,5991,0,0.0,1.0,0.0,2967,pass,
glucose_08_c5_wG09,glucose_08_c5,glucose,8,5.0,G09,7,9,crops/glucose/glucose_08_c5/glucose_08_c5_wG09.png,58.344,93.189395,93.0,11.404639,12.0,118.710471,119.0,11.237424,12.0,120.688728,121.0,12.094847,12.0,0.231683,0.231373,0.026806,0.031373,0.474424,0.47451,0.046291,0.047059,183.877594,4.780761,0.996525,-0.06739,-0.994244,0.279611,0.280236,0.357348,0.357349,0.363041,0.36338,110.862865,111.0,36.0,47.0,45.0,57.0,72.0,76.0,2.583333,2.531915,2.688889,5243,5243,0,0.0,1.0,0.0,2602,pass,
glucose_08_c5_wG10,glucose_08_c5,glucose,8,5.0,G10,7,10,crops/glucose/glucose_08_c5/glucose_08_c5_wG10.png,61.71,96.793621,96.0,12.915569,14.0,122.627153,122.0,12.776106,13.0,123.052703,122.0,13.248917,16.0,0.223955,0.219608,0.043478,0.023529,0.486959,0.482353,0.05048,0.054902,180.875558,6.84475,0.99289,-0.015172,-0.992774,0.281561,0.282609,0.358531,0.357988,0.359909,0.358974,114.157826,113.0,193.0,198.5,201.0,-97.0,-76.5,-79.0,0.497409,0.61461,0.606965,5863,5863,0,0.0,1.0,0.0,2916,pass,
glucose_08_c5_wG11,glucose_08_c5,glucose,8,5.0,G11,7,11,crops/glucose/glucose_08_c5/glucose_08_c5_wG11.png,64.403,103.780961,104.0,12.543274,14.0,130.22812,131.0,12.861979,14.0,132.189447,133.0,13.658938,16.0,0.221422,0.219608,0.025171,0.031373,0.521707,0.52549,0.05185,0.060784,183.935782,7.530962,0.991399,-0.068048,-0.989061,0.282935,0.283784,0.355937,0.355049,0.361128,0.361702,122.066176,122.666667,202.0,209.0,212.0,-98.0,-78.0,-79.0,0.514851,0.626794,0.627358,6387,6387,0,0.0,1.0,0.0,3166,pass,
glucose_08_c5_wG12,glucose_08_c5,glucose,8,5.0,G12,7,12,crops/glucose/glucose_08_c5/glucose_08_c5_wG12.png,66.871,107.553473,107.0,10.77898,13.0,133.87678,133.0,11.403229,14.0,139.48823,139.0,12.318166,15.0,0.230447,0.231373,0.023291,0.027451,0.547626,0.545098,0.047711,0.058824,190.234506,5.208696,0.995876,-0.176945,-0.980031,0.282101,0.282353,0.351625,0.350679,0.366275,0.366477,126.972828,126.333333,215.0,221.0,223.0,-108.0,-88.0,-84.0,0.497674,0.60181,0.623318,6882,6882,0,0.0,1.0,0.0,3413,pass,
glucose_08_c5_wH01,glucose_08_c5,glucose,8,5.0,H01,8,1,crops/glucose/glucose_08_c5/glucose_08_c5_wH01.png,66.871,92.933256,94.0,10.373882,9.0,115.800058,116.0,10.312025,9.0,123.54614,124.0,11.083733,10.0,0.250108,0.247059,0.036658,0.027451,0.484495,0.486275,0.043466,0.039216,195.22406,4.078451,0.99747,-0.26193,-0.962465,0.278891,0.279883,0.348837,0.348348,0.372272,0.372024,110.759818,111.333333,201.0,208.0,211.0,-107.0,-92.0,-87.0,0.467662,0.557692,0.587678,6892,6892,0,0.0,1.0,0.000871,3419,pass,
glucose_08_c5_wH02,glucose_08_c5,glucose,8,5.0,H02,8,2,crops/glucose/glucose_08_c5/glucose_08_c5_wH02.png,67.544,92.516023,93.0,9.458667,10.0,116.216636,117.0,9.456709,9.0,122.410198,123.0,9.722123,11.0,0.245734,0.243137,0.024382,0.027451,0.480099,0.482353,0.038063,0.043137,192.495357,4.661192,0.996696,-0.215646,-0.973088,0.278964,0.279883,0.351105,0.350299,0.36993,0.370056,110.380952,111.0,202.0,209.0,213.0,-109.0,-92.0,-90.0,0.460396,0.559809,0.577465,7021,7021,0,0.0,1.0,0.0,3476,pass,
glucose_08_c5_wH03,glucose_08_c5,glucose,8,5.0,H03,8,3,crops/glucose/glucose_08_c5/glucose_08_c5_wH03.png,67.096,92.81536,93.0,6.54128,8.0,118.115779,118.0,6.553873,8.0,122.546846,124.0,7.26333,9.0,0.243322,0.243137,0.017477,0.023529,0.480755,0.486275,0.028377,0.035294,188.981626,4.587289,0.9968,-0.155618,-0.984578,0.278165,0.278261,0.354315,0.353474,0.367521,0.367953,111.159328,112.0,207.0,213.0,216.0,-114.0,-95.0,-92.0,0.449275,0.553991,0.574074,6927,6927,0,0.0,1.0,0.0,3443,pass,
glucose_08_c5_wH04,glucose_08_c5,glucose,8,5.0,H04,8,4,crops/glucose/glucose_08_c5/glucose_08_c5_wH04.png,61.934,87.525702,89.0,15.458239,14.0,110.820257,113.0,15.706192,14.0,114.70257,116.0,16.05152,15.0,0.243308,0.235294,0.053621,0.031373,0.449937,0.454902,0.062834,0.058824,188.205065,4.625145,0.996747,-0.142252,-0.986544,0.277729,0.28,0.35474,0.354232,0.367531,0.365854,104.34951,106.333333,193.0,199.0,202.0,-104.0,-86.0,-86.0,0.46114,0.567839,0.574257,5914,5914,0,0.0,1.0,0.0,2931,pass,
glucose_08_c5_wH05,glucose_08_c5,glucose,8,5.0,H05,8,5,crops/glucose/glucose_08_c5/glucose_08_c5_wH05.png,66.647,87.291526,88.0,12.697803,12.0,110.48617,111.0,12.782095,12.0,116.93268,119.0,13.167192,13.0,0.257246,0.254902,0.044024,0.027451,0.458576,0.466667,0.051612,0.05098,193.117851,4.281491,0.997212,-0.226322,-0.97119,0.276183,0.277439,0.351515,0.350806,0.372302,0.371951,104.903459,106.0,204.0,210.0,214.0,-116.0,-99.0,-95.0,0.431373,0.528571,0.556075,6833,6833,0,0.0,1.0,0.0,3401,pass,
glucose_08_c5_wH06,glucose_08_c5,glucose,8,5.0,H06,8,6,crops/glucose/glucose_08_c5/glucose_08_c5_wH06.png,66.422,88.496758,89.0,9.391385,10.0,111.886531,112.0,9.168597,10.0,115.791335,116.0,10.450271,13.0,0.237914,0.239216,0.025434,0.031373,0.454778,0.458824,0.040326,0.047059,188.150591,6.210501,0.994143,-0.140945,-0.984101,0.279516,0.278997,0.354194,0.353796,0.36629,0.367089,105.391541,105.333333,205.0,210.0,214.0,-116.0,-98.0,-98.0,0.434146,0.533333,0.542056,6786,6786,0,0.0,1.0,0.0,3382,pass,
glucose_08_c5_wH07,glucose_08_c5,glucose,8,5.0,H07,8,7,crops/glucose/glucose_08_c5/glucose_08_c5_wH07.png,62.383,90.985306,91.0,8.152953,10.0,115.69444,116.0,8.333995,9.0,119.166973,119.0,8.976705,10.0,0.237735,0.235294,0.025606,0.035294,0.467745,0.466667,0.034778,0.039216,187.116395,4.761506,0.996553,-0.123458,-0.988876,0.279001,0.279762,0.355202,0.354633,0.365797,0.365854,108.615573,108.333333,194.0,199.0,203.0,-103.0,-83.0,-84.0,0.469072,0.582915,0.586207,5989,5989,0,0.0,1.0,0.0,2976,pass,
glucose_08_c5_wH08,glucose_08_c5,glucose,8,5.0,H08,8,8,crops/glucose/glucose_08_c5/glucose_08_c5_wH08.png,61.037,93.992321,93.0,9.487161,11.0,118.620593,117.0,9.225195,10.0,122.128796,121.0,9.738652,11.0,0.2323,0.231373,0.020908,0.027451,0.479317,0.47451,0.037817,0.043137,187.069857,4.305437,0.997181,-0.122732,-0.989599,0.280419,0.280488,0.354577,0.354354,0.365004,0.365385,111.58057,110.333333,186.0,192.0,196.0,-93.0,-75.0,-75.0,0.5,0.609375,0.617347,5730,5730,0,0.0,1.0,0.0,2849,pass,
glucose_08_c5_wH09,glucose_08_c5,glucose,8,5.0,H09,8,9,crops/glucose/glucose_08_c5/glucose_08_c5_wH09.png,57.222,93.300278,93.0,10.847464,14.0,118.330623,118.0,11.24901,14.0,122.925426,123.0,11.617755,15.0,0.242608,0.243137,0.025352,0.031373,0.482187,0.482353,0.045446,0.058824,189.201408,4.017005,0.997545,-0.159513,-0.984709,0.278438,0.278552,0.353904,0.353276,0.367658,0.367816,111.518776,111.333333,28.0,39.0,38.0,65.0,79.0,85.0,3.321429,3.025641,3.236842,5042,5042,0,0.0,1.0,0.0,2484,pass,
glucose_08_c5_wH10,glucose_08_c5,glucose,8,5.0,H10,8,10,crops/glucose/glucose_08_c5/glucose_08_c5_wH10.png,63.056,101.698267,102.0,11.611654,14.0,128.082707,128.0,12.160137,15.0,131.782936,132.0,13.149179,16.0,0.230696,0.231373,0.022452,0.027451,0.517728,0.521569,0.051051,0.062745,187.196788,5.378073,0.995604,-0.124727,-0.987761,0.280916,0.281159,0.354511,0.353982,0.364573,0.364985,120.521303,120.666667,193.0,200.0,203.0,-91.0,-72.0,-71.0,0.528497,0.64,0.650246,6118,6118,0,0.0,1.0,0.0,3031,pass,
glucose_08_c5_wH11,glucose_08_c5,glucose,8,5.0,H11,8,11,crops/glucose/glucose_08_c5/glucose_08_c5_wH11.png,63.056,103.488805,104.0,12.044973,14.0,127.96993,128.0,12.530078,15.0,135.336983,136.0,13.402229,17.0,0.236685,0.235294,0.024454,0.023529,0.530769,0.533333,0.052534,0.066667,193.724099,4.482863,0.996944,-0.236522,-0.968481,0.281724,0.282123,0.349096,0.348958,0.36918,0.368852,122.265239,122.333333,209.0,215.0,218.0,-105.0,-87.0,-82.0,0.497608,0.595349,0.623853,6119,6119,0,0.0,1.0,0.0,3036,pass,
glucose_08_c5_wH12,glucose_08_c5,glucose,8,5.0,H12,8,12,crops/glucose/glucose_08_c5/glucose_08_c5_wH12.png,63.954,107.746468,108.0,13.589812,13.0,131.846007,132.0,14.734948,14.0,141.002223,141.0,14.820126,14.0,0.237693,0.235294,0.028081,0.027451,0.552955,0.552941,0.058112,0.054902,196.566475,5.689722,0.995081,-0.283725,-0.953775,0.282584,0.283784,0.346495,0.346756,0.370921,0.370572,126.864899,127.0,211.0,218.0,220.0,-103.0,-86.0,-79.0,0.511848,0.605505,0.640909,6299,6299,0,0.0,1.0,0.0,3119,pass,
glucose_09_c10_wA01,glucose_09_c10,glucose,9,10.0,A01,1,1,crops/glucose/glucose_09_c10/glucose_09_c10_wA01.png,64.627,123.640299,124.0,5.534033,6.0,150.864995,151.0,4.925416,4.0,134.190283,135.0,5.528211,5.0,0.180814,0.180392,0.015528,0.015686,0.591627,0.592157,0.019315,0.015686,143.031249,3.128167,0.998511,0.600484,-0.797774,0.302457,0.302267,0.369235,0.368932,0.328308,0.327751,136.231859,136.666667,204.0,208.0,210.0,-80.0,-57.0,-75.0,0.607843,0.725962,0.642857,6422,6422,0,0.0,1.0,0.0,3186,pass,
glucose_09_c10_wA02,glucose_09_c10,glucose,9,10.0,A02,1,2,crops/glucose/glucose_09_c10/glucose_09_c10_wA02.png,66.647,114.348582,115.0,6.331203,7.0,142.046916,143.0,5.712542,6.0,125.729027,126.0,6.210071,8.0,0.195403,0.192157,0.016024,0.015686,0.557047,0.560784,0.022402,0.023529,144.353168,2.869129,0.998747,0.582057,-0.811606,0.299132,0.299742,0.371868,0.370732,0.329,0.330508,127.374842,128.0,204.0,207.0,210.0,-89.0,-64.0,-84.0,0.563725,0.690821,0.6,6842,6842,0,0.0,1.0,0.0,3381,pass,
glucose_09_c10_wA03,glucose_09_c10,glucose,9,10.0,A03,1,3,crops/glucose/glucose_09_c10/glucose_09_c10_wA03.png,60.364,112.434107,112.0,6.341694,8.0,140.433393,140.0,6.14287,8.0,124.299821,124.0,6.056956,8.0,0.199762,0.2,0.014246,0.019608,0.550719,0.54902,0.02409,0.031373,145.364075,3.531724,0.998102,0.567281,-0.821219,0.297997,0.297927,0.372433,0.372283,0.32957,0.330579,125.72244,125.666667,155.0,166.5,166.0,-43.0,-26.5,-42.0,0.722581,0.840841,0.746988,5600,5600,0,0.0,1.0,0.0,2794,pass,
glucose_09_c10_wA04,glucose_09_c10,glucose,9,10.0,A04,1,4,crops/glucose/glucose_09_c10/glucose_09_c10_wA04.png,61.934,111.685119,113.0,5.978324,7.0,140.123413,141.0,5.298201,5.0,126.064838,127.0,6.243116,7.0,0.203465,0.2,0.01597,0.015686,0.549504,0.552941,0.020777,0.019608,150.214834,3.911958,0.997672,0.495593,-0.865874,0.29546,0.29589,0.370973,0.369792,0.333567,0.333333,125.95779,127.0,198.5,203.0,206.0,-85.5,-62.0,-79.0,0.56927,0.694581,0.616505,5907,5907,0,0.0,1.0,0.0,2924,pass,
glucose_09_c10_wA05,glucose_09_c10,glucose,9,10.0,A05,1,5,crops/glucose/glucose_09_c10/glucose_09_c10_wA05.png,65.076,116.519804,117.0,7.128324,9.0,145.64584,146.0,7.019578,8.0,128.774639,129.0,7.278498,8.0,0.200495,0.2,0.013641,0.015686,0.57116,0.572549,0.027528,0.031373,145.173128,3.755331,0.997854,0.569873,-0.81912,0.297949,0.298701,0.372682,0.372881,0.329369,0.329016,130.313427,130.333333,206.0,211.0,214.0,-89.0,-65.0,-85.0,0.567961,0.691943,0.602804,6514,6514,0,0.0,1.0,0.0,3236,pass,
glucose_09_c10_wA06,glucose_09_c10,glucose,9,10.0,A06,1,6,crops/glucose/glucose_09_c10/glucose_09_c10_wA06.png,66.422,116.976275,118.0,9.37237,11.0,144.401415,146.0,8.458011,9.0,131.346596,132.0,7.487339,9.0,0.19091,0.188235,0.02192,0.027451,0.56628,0.572549,0.033169,0.035294,151.630513,6.742097,0.993101,0.471877,-0.873831,0.297541,0.29927,0.367818,0.367521,0.334641,0.333333,130.908095,132.0,209.0,213.0,216.0,-91.0,-67.0,-84.0,0.564593,0.685446,0.611111,6786,6786,0,0.0,1.0,0.0,3362,pass,
glucose_09_c10_wA07,glucose_09_c10,glucose,9,10.0,A07,1,7,crops/glucose/glucose_09_c10/glucose_09_c10_wA07.png,62.159,121.34416,123.0,10.687438,12.0,148.861326,150.0,9.906902,11.0,136.098452,137.0,10.215677,11.0,0.186059,0.184314,0.022996,0.023529,0.58377,0.588235,0.038851,0.043137,152.083689,4.016317,0.997546,0.467033,-0.881464,0.298341,0.299479,0.366664,0.366337,0.334996,0.333333,135.434646,136.666667,176.5,184.0,184.0,-53.5,-34.0,-47.0,0.696884,0.815217,0.744565,5942,5942,0,0.0,1.0,0.0,2954,pass,
glucose_09_c10_wA08,glucose_09_c10,glucose,9,10.0,A08,1,8,crops/glucose/glucose_09_c10/glucose_09_c10_wA08.png,64.178,121.283281,122.0,7.46408,9.0,149.045584,150.0,7.22537,9.0,134.276498,135.0,7.93346,9.0,0.186701,0.184314,0.014517,0.015686,0.584492,0.588235,0.028335,0.035294,147.860422,3.308245,0.998334,0.531098,-0.845344,0.29966,0.300236,0.368529,0.367925,0.331811,0.331646,134.868454,135.333333,201.0,205.0,208.0,-79.0,-55.0,-73.0,0.606965,0.731707,0.649038,6340,6340,0,0.0,1.0,0.0,3145,pass,
glucose_09_c10_wA09,glucose_09_c10,glucose,9,10.0,A09,1,9,crops/glucose/glucose_09_c10/glucose_09_c10_wA09.png,67.544,124.516828,125.0,7.545063,9.0,151.412008,152.0,6.695188,7.0,134.144181,135.0,7.451605,8.0,0.178163,0.176471,0.017763,0.023529,0.593773,0.596078,0.026256,0.027451,141.220614,3.247883,0.998395,0.625318,-0.778312,0.30352,0.303398,0.369406,0.368932,0.327074,0.327549,136.691006,137.333333,208.0,212.0,216.0,-83.0,-60.0,-81.0,0.600962,0.716981,0.625,7012,7012,0,0.0,1.0,0.0,3473,pass,
glucose_09_c10_wA10,glucose_09_c10,glucose,9,10.0,A10,1,10,crops/glucose/glucose_09_c10/glucose_09_c10_wA10.png,62.832,125.525761,126.0,6.801292,7.0,151.991111,152.0,6.481776,7.0,134.777119,135.0,7.451751,9.0,0.174486,0.176471,0.012664,0.011765,0.596044,0.596078,0.025419,0.027451,140.669029,4.729831,0.996598,0.631643,-0.770867,0.304397,0.304038,0.368786,0.368421,0.326817,0.327456,137.431331,138.0,192.0,200.0,198.0,-66.0,-48.0,-63.0,0.65625,0.76,0.681818,6075,6075,0,0.0,1.0,0.0,3015,pass,
glucose_09_c10_wA11,glucose_09_c10,glucose,9,10.0,A11,1,11,crops/glucose/glucose_09_c10/glucose_09_c10_wA11.png,62.832,126.653447,127.0,6.797188,9.0,152.190884,152.0,6.081891,6.0,135.379793,135.0,6.548454,7.0,0.168162,0.164706,0.015364,0.023529,0.596827,0.596078,0.023851,0.023529,140.354599,3.09214,0.998545,0.637106,-0.768887,0.305668,0.306604,0.367529,0.367206,0.326803,0.327103,138.074708,137.666667,200.0,206.0,207.0,-73.0,-54.0,-72.0,0.635,0.737864,0.652174,6077,6077,0,0.0,1.0,0.0,3017,pass,
glucose_09_c10_wA12,glucose_09_c10,glucose,9,10.0,A12,1,12,crops/glucose/glucose_09_c10/glucose_09_c10_wA12.png,63.281,130.46074,130.0,8.532085,9.0,156.679429,156.0,7.921178,9.0,137.137573,137.0,9.243737,10.0,0.167863,0.164706,0.015791,0.019608,0.614429,0.611765,0.031063,0.035294,135.22089,5.337051,0.995671,0.701326,-0.706755,0.307398,0.30735,0.369504,0.369412,0.323098,0.323596,141.425914,141.333333,209.0,211.0,210.0,-79.0,-55.0,-73.0,0.62201,0.739336,0.652381,6164,6164,0,0.0,1.0,0.0,3055,pass,
glucose_09_c10_wB01,glucose_09_c10,glucose,9,10.0,B01,2,1,crops/glucose/glucose_09_c10/glucose_09_c10_wB01.png,60.588,129.707839,130.0,5.628766,7.0,157.250929,158.0,5.532935,7.0,140.010618,141.0,6.149344,9.0,0.175293,0.176471,0.010473,0.011765,0.61667,0.619608,0.021698,0.027451,142.013303,3.746276,0.997865,0.614164,-0.786471,0.30375,0.303653,0.368375,0.368421,0.327875,0.327907,142.323129,143.0,117.0,129.0,126.0,13.0,29.0,15.0,1.111111,1.224806,1.119048,5651,5651,0,0.0,1.0,0.0,2817,pass,
glucose_09_c10_wB02,glucose_09_c10,glucose,9,10.0,B02,2,2,crops/glucose/glucose_09_c10/glucose_09_c10_wB02.png,61.261,127.079854,127.0,5.762554,6.0,153.228997,153.0,4.783468,5.0,138.488481,138.0,5.320403,5.0,0.170851,0.176471,0.016907,0.023529,0.600898,0.6,0.018759,0.019608,146.095679,2.633758,0.998944,0.557219,-0.829094,0.303357,0.3026,0.365972,0.366667,0.330671,0.330952,139.599111,139.666667,185.0,194.0,194.0,-58.0,-41.0,-56.0,0.686486,0.78866,0.71134,5773,5773,0,0.0,1.0,0.0,2857,pass,
glucose_09_c10_wB03,glucose_09_c10,glucose,9,10.0,B03,2,3,crops/glucose/glucose_09_c10/glucose_09_c10_wB03.png,57.222,123.741955,124.0,5.181562,6.0,150.22646,151.0,5.086573,5.0,134.868494,135.0,5.213574,6.0,0.176573,0.176471,0.010616,0.011765,0.589123,0.592157,0.019947,0.019608,144.93897,2.174951,0.99928,0.574035,-0.817951,0.302623,0.302158,0.367505,0.367397,0.329872,0.330827,136.27897,137.0,62.0,80.0,73.0,62.0,71.0,62.0,2.0,1.8875,1.849315,5034,5034,0,0.0,1.0,0.0,2506,pass,
glucose_09_c10_wB04,glucose_09_c10,glucose,9,10.0,B04,2,4,crops/glucose/glucose_09_c10/glucose_09_c10_wB04.png,64.627,119.941616,120.0,5.958196,8.0,147.376927,148.0,5.517194,7.0,132.410712,133.0,5.583813,7.0,0.186636,0.184314,0.013294,0.011765,0.577949,0.580392,0.021636,0.027451,147.12858,1.58639,0.999617,0.542548,-0.839569,0.299969,0.300248,0.368775,0.36855,0.331257,0.331019,133.243085,133.666667,204.0,208.0,211.0,-84.0,-60.0,-78.0,0.588235,0.711538,0.630332,6423,6423,0,0.0,1.0,0.0,3186,pass,
glucose_09_c10_wB05,glucose_09_c10,glucose,9,10.0,B05,2,5,crops/glucose/glucose_09_c10/glucose_09_c10_wB05.png,62.608,123.002322,123.0,5.654625,6.0,149.072483,150.0,5.522873,6.0,135.629126,136.0,5.574251,6.0,0.174976,0.172549,0.01014,0.011765,0.584598,0.588235,0.021658,0.023529,149.029441,1.841657,0.999484,0.514332,-0.856989,0.301635,0.301471,0.3657,0.365285,0.332665,0.333333,135.90131,136.0,200.0,204.0,207.0,-77.0,-54.0,-71.0,0.615,0.735294,0.657005,6029,6029,0,0.0,1.0,0.0,2997,pass,
glucose_09_c10_wB06,glucose_09_c10,glucose,9,10.0,B06,2,6,crops/glucose/glucose_09_c10/glucose_09_c10_wB06.png,57.895,129.439814,130.0,5.67292,7.0,153.839504,154.0,5.156311,6.0,138.633844,139.0,5.373784,5.0,0.158844,0.156863,0.013851,0.019608,0.603292,0.603922,0.020221,0.023529,142.819781,3.634103,0.997991,0.60311,-0.795138,0.306729,0.306604,0.364692,0.36385,0.328579,0.330049,140.63772,140.333333,59.0,76.0,68.0,71.0,78.0,71.0,2.20339,2.026316,2.044118,5159,5159,0,0.0,1.0,0.0,2563,pass,
glucose_09_c10_wB07,glucose_09_c10,glucose,9,10.0,B07,2,7,crops/glucose/glucose_09_c10/glucose_09_c10_wB07.png,68.218,130.56353,130.0,5.803176,8.0,155.960765,156.0,5.306627,6.0,141.96649,142.0,5.367582,6.0,0.162932,0.164706,0.012042,0.019608,0.611611,0.611765,0.02081,0.023529,147.135115,2.327971,0.999175,0.542212,-0.83926,0.304637,0.304251,0.364037,0.363636,0.331326,0.330952,142.830262,142.666667,211.0,214.0,218.0,-81.0,-58.0,-76.0,0.616114,0.728972,0.651376,7162,7162,0,0.0,1.0,0.0,3547,pass,
glucose_09_c10_wB08,glucose_09_c10,glucose,9,10.0,B08,2,8,crops/glucose/glucose_09_c10/glucose_09_c10_wB08.png,63.505,130.235825,129.0,6.751584,9.0,155.375161,155.0,6.106672,7.0,140.736147,140.0,6.380769,8.0,0.162093,0.160784,0.014207,0.019608,0.609314,0.607843,0.023948,0.027451,145.249356,2.64489,0.998935,0.569399,-0.820766,0.305379,0.30622,0.364528,0.364269,0.330093,0.330377,142.115711,141.333333,199.5,204.0,207.0,-70.5,-49.0,-67.0,0.646617,0.759804,0.676329,6208,6208,0,0.0,1.0,0.0,3078,pass,
glucose_09_c10_wB09,glucose_09_c10,glucose,9,10.0,B09,2,9,crops/glucose/glucose_09_c10/glucose_09_c10_wB09.png,67.769,129.855285,131.0,8.176455,9.0,156.023742,157.0,8.104828,9.0,141.191775,143.0,8.443263,9.0,0.168045,0.164706,0.013662,0.011765,0.611858,0.615686,0.031784,0.035294,145.80009,3.123172,0.998515,0.561248,-0.825854,0.303967,0.303855,0.365467,0.365079,0.330566,0.331019,142.356934,143.666667,209.0,213.0,217.0,-78.0,-56.0,-74.0,0.626794,0.737089,0.658986,7076,7076,0,0.0,1.0,0.0,3506,pass,
glucose_09_c10_wB10,glucose_09_c10,glucose,9,10.0,B10,2,10,crops/glucose/glucose_09_c10/glucose_09_c10_wB10.png,61.037,127.39135,127.0,7.47879,10.0,154.41001,154.0,6.740248,8.0,140.126962,140.0,7.133189,9.0,0.17542,0.172549,0.015573,0.015686,0.605529,0.603922,0.026432,0.031373,148.145901,2.036098,0.999369,0.527425,-0.848859,0.301801,0.302381,0.366095,0.365741,0.332104,0.331818,140.642774,140.666667,132.0,147.0,134.0,-5.0,7.0,6.0,0.962121,1.047619,1.044776,5734,5734,0,0.0,1.0,0.0,2843,pass,
glucose_09_c10_wB11,glucose_09_c10,glucose,9,10.0,B11,2,11,crops/glucose/glucose_09_c10/glucose_09_c10_wB11.png,69.34,127.998784,128.0,7.601557,9.0,154.249696,154.0,7.079171,9.0,137.89623,139.0,7.416957,9.0,0.170597,0.168627,0.016049,0.023529,0.604901,0.603922,0.027761,0.035294,142.447887,4.839516,0.996439,0.607312,-0.789976,0.304549,0.303855,0.36726,0.366667,0.328191,0.327711,140.048237,140.333333,207.0,210.0,212.0,-79.0,-56.0,-73.0,0.618357,0.733333,0.65566,7401,7401,0,0.0,1.0,0.0,3689,pass,
glucose_09_c10_wB12,glucose_09_c10,glucose,9,10.0,B12,2,12,crops/glucose/glucose_09_c10/glucose_09_c10_wB12.png,66.647,127.400234,128.0,7.728795,9.0,152.619792,153.0,7.573912,8.0,135.196901,135.0,7.633715,9.0,0.165644,0.160784,0.013559,0.019608,0.598509,0.6,0.029702,0.031373,138.50581,3.67707,0.997943,0.661181,-0.747482,0.306734,0.307317,0.367683,0.367257,0.325583,0.326683,138.405642,138.666667,208.0,212.0,212.0,-80.0,-59.0,-77.0,0.615385,0.721698,0.636792,6841,6841,0,0.0,1.0,0.0,3384,pass,
glucose_09_c10_wC01,glucose_09_c10,glucose,9,10.0,C01,3,1,crops/glucose/glucose_09_c10/glucose_09_c10_wC01.png,66.422,131.525099,132.0,5.225885,7.0,157.609598,158.0,4.57598,7.0,140.143825,141.0,5.304069,7.0,0.16561,0.168627,0.013664,0.023529,0.618077,0.619608,0.017945,0.027451,139.602515,5.513564,0.995381,0.645093,-0.758049,0.306335,0.306413,0.367226,0.366667,0.326439,0.327354,143.092841,143.666667,204.0,208.0,210.0,-72.0,-50.0,-69.0,0.647059,0.759615,0.671429,6793,6793,0,0.0,1.0,0.0,3374,pass,
glucose_09_c10_wC02,glucose_09_c10,glucose,9,10.0,C02,3,2,crops/glucose/glucose_09_c10/glucose_09_c10_wC02.png,61.934,126.024047,126.0,4.408955,4.0,153.351905,153.0,4.375529,4.0,137.467231,137.0,4.739227,5.0,0.178391,0.176471,0.007356,0.011765,0.60138,0.6,0.017159,0.015686,144.872836,3.207626,0.998434,0.574492,-0.816596,0.302306,0.302381,0.367931,0.367788,0.329762,0.330952,138.947728,139.0,183.0,191.0,190.0,-57.0,-38.0,-53.0,0.688525,0.801047,0.721053,5905,5905,0,0.0,1.0,0.0,2927,pass,
glucose_09_c10_wC03,glucose_09_c10,glucose,9,10.0,C03,3,3,crops/glucose/glucose_09_c10/glucose_09_c10_wC03.png,62.159,126.709412,127.0,5.949487,7.0,152.783697,153.0,5.730775,6.0,138.125042,138.0,5.843433,6.0,0.170901,0.172549,0.01178,0.015686,0.599152,0.6,0.022474,0.023529,146.103205,2.424494,0.999105,0.5572,-0.829301,0.303348,0.302817,0.365913,0.366197,0.330739,0.330918,139.20605,139.333333,177.0,185.0,185.0,-50.0,-32.0,-47.0,0.717514,0.827027,0.745946,5950,5950,0,0.0,1.0,0.0,2947,pass,
glucose_09_c10_wC04,glucose_09_c10,glucose,9,10.0,C04,3,4,crops/glucose/glucose_09_c10/glucose_09_c10_wC04.png,56.998,126.168131,126.0,4.460745,5.0,151.134185,151.0,4.240801,4.0,136.150359,136.0,4.673351,6.0,0.16542,0.160784,0.010604,0.019608,0.592683,0.592157,0.016631,0.015686,144.361267,2.779249,0.998824,0.581987,-0.811751,0.305128,0.305825,0.365593,0.364532,0.329279,0.330097,137.817559,138.0,58.0,76.0,67.0,68.0,75.0,69.0,2.172414,1.986842,2.029851,5008,5008,0,0.0,1.0,0.0,2481,pass,
glucose_09_c10_wC05,glucose_09_c10,glucose,9,10.0,C05,3,5,crops/glucose/glucose_09_c10/glucose_09_c10_wC05.png,61.261,126.943426,127.0,5.938766,7.0,153.583218,154.0,5.5675,6.0,137.563841,138.0,6.129618,7.0,0.173726,0.172549,0.013293,0.015686,0.602287,0.603922,0.021833,0.023529,143.619282,3.307117,0.998336,0.592161,-0.803753,0.303569,0.303398,0.367437,0.366834,0.328994,0.327945,139.363495,139.666667,197.0,203.0,205.0,-70.0,-49.0,-67.0,0.64467,0.758621,0.673171,5780,5780,0,0.0,1.0,0.0,2871,pass,
glucose_09_c10_wC06,glucose_09_c10,glucose,9,10.0,C06,3,6,crops/glucose/glucose_09_c10/glucose_09_c10_wC06.png,58.793,132.248215,134.0,7.386459,9.0,156.887636,158.0,6.794244,8.0,141.944758,144.0,7.347571,10.0,0.157371,0.152941,0.015348,0.015686,0.615246,0.619608,0.026644,0.031373,143.890488,3.481338,0.998156,0.588244,-0.806402,0.306688,0.307339,0.364067,0.362998,0.329245,0.330254,143.693536,145.333333,59.0,77.0,67.0,75.0,81.0,77.0,2.271186,2.051948,2.149254,5322,5322,0,0.0,1.0,0.0,2630,pass,
glucose_09_c10_wC07,glucose_09_c10,glucose,9,10.0,C07,3,7,crops/glucose/glucose_09_c10/glucose_09_c10_wC07.png,68.666,133.564912,133.0,6.277041,8.0,157.270121,157.0,6.124451,9.0,141.941014,142.0,6.301926,8.0,0.150918,0.14902,0.00858,0.007843,0.616746,0.615686,0.024017,0.035294,141.36936,3.610895,0.998016,0.623059,-0.779637,0.308573,0.308824,0.363464,0.363426,0.327963,0.327231,144.258682,144.0,212.0,214.0,218.0,-79.0,-57.0,-76.0,0.627358,0.733645,0.651376,7256,7256,0,0.0,1.0,0.0,3603,pass,
glucose_09_c10_wC08,glucose_09_c10,glucose,9,10.0,C08,3,8,crops/glucose/glucose_09_c10/glucose_09_c10_wC08.png,62.608,130.495281,131.0,8.229785,10.0,156.137109,157.0,7.565954,10.0,141.5539,142.0,7.855123,10.0,0.164666,0.164706,0.016129,0.019608,0.612302,0.615686,0.02967,0.039216,145.902407,2.552319,0.999008,0.560048,-0.827263,0.304628,0.304251,0.36479,0.364486,0.330583,0.330808,142.728763,143.333333,199.0,205.0,205.0,-68.0,-48.0,-63.0,0.658291,0.765854,0.692683,6039,6039,0,0.0,1.0,0.0,2984,pass,
glucose_09_c10_wC09,glucose_09_c10,glucose,9,10.0,C09,3,9,crops/glucose/glucose_09_c10/glucose_09_c10_wC09.png,63.281,130.846478,131.0,7.463323,8.0,157.884453,158.0,7.146605,8.0,143.121551,143.0,7.220728,9.0,0.171545,0.172549,0.012087,0.011765,0.619155,0.619608,0.028026,0.031373,147.022946,4.01945,0.997542,0.542965,-0.836827,0.302888,0.303241,0.365693,0.365517,0.331419,0.331155,143.950828,143.666667,209.0,212.0,216.0,-78.0,-54.0,-73.0,0.626794,0.745283,0.662037,6162,6162,0,0.0,1.0,0.0,3056,pass,
glucose_09_c10_wC10,glucose_09_c10,glucose,9,10.0,C10,3,10,crops/glucose/glucose_09_c10/glucose_09_c10_wC10.png,57.895,130.563725,131.0,8.383923,10.0,156.65645,157.0,7.967472,9.0,140.665179,141.0,8.340314,10.0,0.166996,0.168627,0.014261,0.023529,0.614339,0.615686,0.031245,0.035294,143.115545,3.124895,0.998514,0.599311,-0.798659,0.305021,0.30445,0.366264,0.366197,0.328715,0.328125,142.628451,143.333333,54.0,69.0,61.0,77.0,88.0,80.0,2.425926,2.275362,2.311475,5155,5155,0,0.0,1.0,0.0,2567,pass,
glucose_09_c10_wC11,glucose_09_c10,glucose,9,10.0,C11,3,11,crops/glucose/glucose_09_c10/glucose_09_c10_wC11.png,62.832,129.791584,131.0,7.315378,10.0,155.104043,155.5,7.134326,9.0,139.495398,140.0,7.35161,9.0,0.163439,0.160784,0.014035,0.019608,0.608251,0.609804,0.027978,0.035294,143.131045,4.094899,0.997449,0.598456,-0.797969,0.305751,0.306024,0.365575,0.365196,0.328674,0.33,141.463675,142.333333,204.0,207.0,209.0,-73.0,-51.5,-69.0,0.642157,0.751208,0.669856,6084,6084,0,0.0,1.0,0.0,3016,pass,
glucose_09_c10_wC12,glucose_09_c10,glucose,9,10.0,C12,3,12,crops/glucose/glucose_09_c10/glucose_09_c10_wC12.png,63.954,137.121169,138.0,6.042759,7.0,161.564396,162.0,5.564214,5.0,143.991901,145.0,6.338759,7.0,0.151484,0.14902,0.012219,0.015686,0.633586,0.635294,0.02182,0.019608,136.839233,4.588102,0.996799,0.681858,-0.727102,0.309709,0.309735,0.36506,0.363844,0.32523,0.326622,147.559155,148.666667,206.0,210.0,211.0,-68.0,-48.0,-66.0,0.669903,0.771429,0.687204,6297,6297,0,0.0,1.0,0.0,3128,pass,
glucose_09_c10_wD01,glucose_09_c10,glucose,9,10.0,D01,4,1,crops/glucose/glucose_09_c10/glucose_09_c10_wD01.png,62.383,114.811655,115.0,7.71884,10.0,142.282351,143.0,7.022203,9.0,125.540157,126.0,7.218319,9.0,0.193781,0.192157,0.017434,0.019608,0.55797,0.560784,0.027538,0.035294,143.317965,4.439333,0.997003,0.595583,-0.799559,0.299885,0.299479,0.372016,0.371353,0.328099,0.327456,127.544721,128.333333,196.0,199.0,201.0,-81.0,-56.0,-75.0,0.586735,0.718593,0.626866,5989,5989,0,0.0,1.0,0.0,2961,pass,
glucose_09_c10_wD02,glucose_09_c10,glucose,9,10.0,D02,4,2,crops/glucose/glucose_09_c10/glucose_09_c10_wD02.png,62.159,115.61015,116.0,7.997432,10.0,143.135103,144.0,7.293559,9.0,127.697194,128.0,7.749701,10.0,0.193022,0.188235,0.01752,0.019608,0.561314,0.564706,0.028602,0.035294,146.120852,3.068966,0.998567,0.556644,-0.829025,0.298986,0.3,0.370589,0.370079,0.330425,0.330827,128.814149,129.333333,194.0,199.0,202.0,-78.0,-55.0,-74.0,0.597938,0.723618,0.633663,5951,5951,0,0.0,1.0,0.0,2941,pass,
glucose_09_c10_wD03,glucose_09_c10,glucose,9,10.0,D03,4,3,crops/glucose/glucose_09_c10/glucose_09_c10_wD03.png,67.32,105.883551,106.0,9.264424,12.0,133.08031,133.0,9.370851,12.0,118.785458,119.0,9.222235,12.0,0.205357,0.203922,0.017864,0.023529,0.521884,0.521569,0.036748,0.047059,148.378449,3.085576,0.998551,0.523546,-0.850296,0.295749,0.29589,0.372216,0.371901,0.332036,0.333333,119.249773,119.666667,205.0,208.0,212.0,-99.0,-75.0,-93.0,0.517073,0.639423,0.561321,6973,6973,0,0.0,1.0,0.0,3458,pass,
glucose_09_c10_wD04,glucose_09_c10,glucose,9,10.0,D04,4,4,crops/glucose/glucose_09_c10/glucose_09_c10_wD04.png,64.178,107.759817,108.0,8.166046,11.0,133.054408,134.0,8.349999,12.0,117.982022,119.0,8.559853,12.0,0.190707,0.192157,0.017535,0.027451,0.521782,0.52549,0.032745,0.047059,144.205226,4.3813,0.997081,0.583176,-0.808749,0.300222,0.3,0.371018,0.37092,0.32876,0.329759,119.598749,120.0,207.0,210.0,213.0,-99.0,-76.0,-94.0,0.521739,0.638095,0.558685,6341,6341,0,0.0,1.0,0.0,3145,pass,
glucose_09_c10_wD05,glucose_09_c10,glucose,9,10.0,D05,4,5,crops/glucose/glucose_09_c10/glucose_09_c10_wD05.png,57.446,111.584188,113.0,11.515146,13.0,138.081625,140.0,11.53359,12.0,124.926262,127.0,11.841724,13.0,0.193348,0.192157,0.021456,0.023529,0.541497,0.54902,0.04523,0.047059,150.036963,2.919313,0.998703,0.498793,-0.865224,0.297557,0.29765,0.369001,0.368687,0.333442,0.333333,124.864025,126.666667,48.0,64.0,59.0,65.0,76.0,68.0,2.354167,2.1875,2.152542,5072,5072,0,0.0,1.0,0.0,2525,pass,
glucose_09_c10_wD06,glucose_09_c10,glucose,9,10.0,D06,4,6,crops/glucose/glucose_09_c10/glucose_09_c10_wD06.png,61.486,115.534684,117.0,10.010923,13.0,141.970982,144.0,9.842197,13.0,127.604224,129.0,9.757066,12.0,0.187171,0.188235,0.017731,0.023529,0.556749,0.564706,0.038597,0.05098,147.334842,4.058655,0.997494,0.538376,-0.83973,0.299773,0.299304,0.368867,0.368421,0.33136,0.330952,128.369963,130.0,192.0,199.0,203.0,-75.0,-55.0,-74.0,0.609375,0.723618,0.635468,5824,5824,0,0.0,1.0,0.0,2889,pass,
glucose_09_c10_wD07,glucose_09_c10,glucose,9,10.0,D07,4,7,crops/glucose/glucose_09_c10/glucose_09_c10_wD07.png,64.178,114.644444,116.0,9.96691,12.0,141.275808,142.0,9.962699,11.0,125.405674,126.0,9.979963,11.0,0.1894,0.188235,0.017433,0.019608,0.554023,0.556863,0.039069,0.043137,143.983594,2.937228,0.998687,0.587245,-0.807787,0.300435,0.300752,0.370728,0.37037,0.328837,0.327945,127.108642,128.333333,206.0,209.0,213.0,-90.0,-67.0,-87.0,0.563107,0.679426,0.591549,6345,6345,0,0.0,1.0,0.0,3143,pass,
glucose_09_c10_wD08,glucose_09_c10,glucose,9,10.0,D08,4,8,crops/glucose/glucose_09_c10/glucose_09_c10_wD08.png,66.422,119.714307,121.0,10.822129,11.0,144.636216,145.0,10.584125,11.0,129.669515,131.0,10.967663,11.0,0.17336,0.168627,0.019107,0.019608,0.567201,0.568627,0.041506,0.043137,144.106085,4.713598,0.996622,0.584306,-0.807367,0.303588,0.304651,0.367387,0.366667,0.329025,0.330049,131.340013,132.333333,218.0,220.0,224.0,-97.0,-75.0,-93.0,0.555046,0.659091,0.584821,6787,6787,0,0.0,1.0,0.0,3365,pass,
glucose_09_c10_wD09,glucose_09_c10,glucose,9,10.0,D09,4,9,crops/glucose/glucose_09_c10/glucose_09_c10_wD09.png,68.218,122.789415,124.0,9.063928,10.0,149.124424,150.0,9.230815,11.0,134.136154,135.0,9.289689,11.0,0.177164,0.176471,0.014822,0.015686,0.584802,0.588235,0.036199,0.043137,145.63936,3.43815,0.998201,0.563385,-0.824017,0.302277,0.302158,0.36741,0.36715,0.330313,0.330935,135.349998,136.333333,215.0,218.0,221.0,-91.0,-68.0,-86.0,0.576744,0.688073,0.61086,7161,7161,0,0.0,1.0,0.0,3556,pass,
glucose_09_c10_wD10,glucose_09_c10,glucose,9,10.0,D10,4,10,crops/glucose/glucose_09_c10/glucose_09_c10_wD10.png,66.647,118.612606,119.0,11.003142,14.0,146.722287,148.0,10.497577,13.0,132.024715,133.0,11.103905,14.0,0.192818,0.188235,0.021243,0.023529,0.575382,0.580392,0.041167,0.05098,148.547475,2.886152,0.998732,0.52113,-0.851991,0.298236,0.298995,0.369572,0.368421,0.332191,0.333333,132.453203,133.0,212.0,215.0,217.0,-93.0,-67.0,-84.0,0.561321,0.688372,0.612903,6838,6838,0,0.0,1.0,0.0,3412,pass,
glucose_09_c10_wD11,glucose_09_c10,glucose,9,10.0,D11,4,11,crops/glucose/glucose_09_c10/glucose_09_c10_wD11.png,58.344,129.439038,130.0,9.377055,12.0,154.687273,155.0,8.731821,12.0,138.580424,139.0,9.098817,12.0,0.163871,0.160784,0.017134,0.027451,0.606617,0.607843,0.034242,0.047059,141.645256,3.278946,0.998364,0.619513,-0.782901,0.306051,0.306931,0.366135,0.365617,0.327813,0.327411,140.902245,141.666667,55.0,70.0,61.0,75.0,85.0,78.0,2.363636,2.214286,2.278689,5241,5241,0,0.0,1.0,0.0,2596,pass,
glucose_09_c10_wD12,glucose_09_c10,glucose,9,10.0,D12,4,12,crops/glucose/glucose_09_c10/glucose_09_c10_wD12.png,61.261,124.339619,124.0,8.805829,11.0,149.770934,150.0,8.510005,11.0,133.663668,134.0,8.962708,12.0,0.170361,0.168627,0.015894,0.023529,0.587337,0.588235,0.033373,0.043137,141.873276,5.441026,0.995501,0.614625,-0.783108,0.304804,0.305825,0.367461,0.367347,0.327736,0.327456,135.92474,136.0,187.0,193.0,192.0,-63.0,-43.0,-58.0,0.663102,0.777202,0.697917,5780,5780,0,0.0,1.0,0.0,2875,pass,
glucose_09_c10_wE01,glucose_09_c10,glucose,9,10.0,E01,5,1,crops/glucose/glucose_09_c10/glucose_09_c10_wE01.png,61.261,118.86318,119.0,6.560844,8.0,145.377728,146.0,5.760326,7.0,128.515241,129.0,6.002455,7.0,0.182744,0.184314,0.018809,0.031373,0.570109,0.572549,0.02259,0.027451,141.577805,2.013384,0.999383,0.621068,-0.782969,0.302523,0.30203,0.370271,0.370277,0.327206,0.327177,130.918716,131.333333,142.0,153.0,152.0,-23.0,-7.0,-23.0,0.838028,0.954248,0.848684,5774,5774,0,0.0,1.0,0.0,2870,pass,
glucose_09_c10_wE02,glucose_09_c10,glucose,9,10.0,E02,5,2,crops/glucose/glucose_09_c10/glucose_09_c10_wE02.png,62.608,104.784236,105.0,7.298656,9.0,132.987084,133.0,7.438872,9.0,117.200695,117.0,7.650448,9.0,0.212818,0.211765,0.014042,0.015686,0.521518,0.521569,0.029172,0.035294,146.459658,3.268363,0.998374,0.551626,-0.832142,0.295071,0.294944,0.374808,0.37464,0.330121,0.331395,118.324005,118.333333,198.0,202.0,204.5,-93.0,-69.0,-87.5,0.530303,0.658416,0.572127,6039,6039,0,0.0,1.0,0.0,2986,pass,
glucose_09_c10_wE03,glucose_09_c10,glucose,9,10.0,E03,5,3,crops/glucose/glucose_09_c10/glucose_09_c10_wE03.png,65.076,95.361937,95.0,10.031112,13.0,122.501073,122.0,9.611273,12.0,109.003678,109.0,9.002331,11.0,0.223212,0.219608,0.023876,0.027451,0.480396,0.478431,0.037691,0.047059,150.122795,4.778743,0.996528,0.496413,-0.864084,0.291292,0.292453,0.375064,0.374631,0.333644,0.333333,108.955562,109.0,208.0,211.0,214.0,-113.0,-89.0,-105.0,0.456731,0.578199,0.509346,6526,6526,0,0.0,1.0,0.0,3233,pass,
glucose_09_c10_wE04,glucose_09_c10,glucose,9,10.0,E04,5,4,crops/glucose/glucose_09_c10/glucose_09_c10_wE04.png,61.934,94.376568,94.0,12.55873,16.0,122.510682,122.0,12.264519,15.0,107.148186,107.0,12.231106,15.0,0.232313,0.231373,0.029211,0.035294,0.480434,0.478431,0.048096,0.058824,147.299313,3.0371,0.998596,0.539492,-0.840323,0.290617,0.29085,0.378716,0.378472,0.330667,0.33119,108.011812,107.666667,202.0,206.0,209.0,-108.0,-84.0,-102.0,0.465347,0.592233,0.511962,5898,5898,0,0.0,1.0,0.0,2934,pass,
glucose_09_c10_wE05,glucose_09_c10,glucose,9,10.0,E05,5,5,crops/glucose/glucose_09_c10/glucose_09_c10_wE05.png,65.749,93.895868,93.0,11.75728,16.0,122.510594,122.0,11.459641,15.0,107.645229,107.0,10.92365,14.0,0.23577,0.235294,0.028792,0.043137,0.480434,0.478431,0.04494,0.058824,148.988391,3.985885,0.997583,0.513967,-0.854992,0.289162,0.289116,0.37852,0.378007,0.332318,0.332061,108.01723,107.333333,209.0,213.0,215.0,-116.0,-91.0,-108.0,0.444976,0.57277,0.497674,6655,6655,0,0.0,1.0,0.0,3301,pass,
glucose_09_c10_wE06,glucose_09_c10,glucose,9,10.0,E06,5,6,crops/glucose/glucose_09_c10/glucose_09_c10_wE06.png,64.178,99.706782,100.0,12.556496,16.25,125.322397,125.0,12.774389,16.0,111.777129,112.0,12.40436,16.0,0.206289,0.203922,0.022846,0.031373,0.49146,0.490196,0.050096,0.062745,148.307553,2.896598,0.998723,0.524689,-0.849794,0.295563,0.295977,0.372521,0.37224,0.331917,0.331343,112.26877,112.0,214.0,218.0,221.0,-114.0,-93.0,-109.0,0.46729,0.573394,0.506787,6340,6340,0,0.0,1.0,0.0,3144,pass,
glucose_09_c10_wE07,glucose_09_c10,glucose,9,10.0,E07,5,7,crops/glucose/glucose_09_c10/glucose_09_c10_wE07.png,63.281,101.284554,102.0,11.931055,15.0,128.251259,129.0,11.895028,15.0,113.254832,114.0,11.834899,15.0,0.212253,0.207843,0.022591,0.027451,0.502946,0.505882,0.046647,0.058824,146.375812,2.713197,0.998879,0.553123,-0.831754,0.295023,0.295652,0.374601,0.373913,0.330376,0.330579,114.263548,115.0,214.0,217.0,220.0,-112.0,-88.0,-106.0,0.476636,0.59447,0.518182,6157,6157,0,0.0,1.0,0.0,3051,pass,
glucose_09_c10_wE08,glucose_09_c10,glucose,9,10.0,E08,5,8,crops/glucose/glucose_09_c10/glucose_09_c10_wE08.png,66.871,108.360157,109.0,12.21481,15.0,133.53632,133.0,12.707316,16.0,117.811947,118.0,12.503635,15.0,0.189842,0.188235,0.021106,0.023529,0.523672,0.521569,0.049833,0.062745,142.689227,3.930911,0.997649,0.604713,-0.79349,0.300953,0.301408,0.371612,0.37092,0.327436,0.32816,119.902808,120.333333,218.0,222.0,225.0,-109.0,-89.0,-107.0,0.5,0.599099,0.524444,6897,6897,0,0.0,1.0,0.0,3402,pass,
glucose_09_c10_wE09,glucose_09_c10,glucose,9,10.0,E09,5,9,crops/glucose/glucose_09_c10/glucose_09_c10_wE09.png,67.769,109.15265,110.0,10.438926,11.0,135.450883,136.0,10.645722,13.0,121.124523,122.0,10.629363,12.0,0.195238,0.196078,0.01869,0.019608,0.53118,0.533333,0.041748,0.05098,147.270374,2.253726,0.999227,0.540257,-0.840581,0.298213,0.298469,0.370633,0.37037,0.331154,0.33114,121.909352,122.666667,216.0,219.0,223.0,-106.0,-83.0,-101.0,0.509259,0.621005,0.547085,7075,7075,0,0.0,1.0,0.0,3508,pass,
glucose_09_c10_wE10,glucose_09_c10,glucose,9,10.0,E10,5,10,crops/glucose/glucose_09_c10/glucose_09_c10_wE10.png,63.056,112.202352,113.0,12.852727,18.0,138.154499,139.0,12.193563,17.0,122.548587,123.0,11.805533,16.0,0.189679,0.184314,0.027367,0.039216,0.541782,0.545098,0.047818,0.066667,144.115876,7.160921,0.99222,0.581588,-0.803901,0.300396,0.302387,0.370872,0.370166,0.328732,0.329513,124.301813,125.0,207.0,211.0,214.0,-94.0,-72.0,-91.0,0.545894,0.658768,0.574766,6123,6123,0,0.0,1.0,0.0,3035,pass,
glucose_09_c10_wE11,glucose_09_c10,glucose,9,10.0,E11,5,11,crops/glucose/glucose_09_c10/glucose_09_c10_wE11.png,63.954,123.563463,124.0,10.452908,13.0,150.47228,151.0,9.972121,12.0,135.906275,136.0,10.46163,13.0,0.179847,0.180392,0.017638,0.023529,0.590087,0.592157,0.039106,0.047059,147.359014,4.50777,0.99691,0.537707,-0.839465,0.301199,0.301402,0.367315,0.36715,0.331486,0.331593,136.647339,137.0,209.0,211.0,214.0,-85.0,-60.0,-78.0,0.593301,0.71564,0.635514,6295,6295,0,0.0,1.0,0.0,3124,pass,
glucose_09_c10_wE12,glucose_09_c10,glucose,9,10.0,E12,5,12,crops/glucose/glucose_09_c10/glucose_09_c10_wE12.png,58.344,123.084639,124.0,9.983053,11.0,149.426251,151.0,9.936328,10.0,133.879824,135.0,10.163259,11.0,0.177108,0.176471,0.016131,0.015686,0.585985,0.592157,0.038966,0.039216,144.284648,3.3848,0.998257,0.582741,-0.810512,0.302697,0.30273,0.367919,0.367542,0.329384,0.330729,135.463572,137.0,57.0,73.0,60.0,67.0,78.0,75.0,2.175439,2.068493,2.25,5234,5234,0,0.0,1.0,0.0,2588,pass,
glucose_09_c10_wF01,glucose_09_c10,glucose,9,10.0,F01,6,1,crops/glucose/glucose_09_c10/glucose_09_c10_wF01.png,67.544,115.841514,116.0,6.098371,6.0,143.930004,144.0,5.988579,7.0,124.221795,125.0,6.23814,7.0,0.195452,0.196078,0.013127,0.011765,0.564431,0.564706,0.023485,0.027451,137.543436,2.862103,0.998753,0.674189,-0.736869,0.301607,0.30163,0.374933,0.374663,0.32346,0.323834,127.997771,128.666667,205.0,209.0,212.0,-89.0,-65.0,-87.0,0.565854,0.688995,0.589623,7029,7029,0,0.0,1.0,0.0,3496,pass,
glucose_09_c10_wF02,glucose_09_c10,glucose,9,10.0,F02,6,2,crops/glucose/glucose_09_c10/glucose_09_c10_wF02.png,67.993,112.069232,115.0,10.715709,15.0,138.047887,140.0,9.85554,14.0,123.487853,126.0,10.051735,13.0,0.189558,0.184314,0.023603,0.035294,0.541364,0.54902,0.038649,0.054902,146.508205,3.582332,0.998047,0.55074,-0.832336,0.299606,0.300254,0.369844,0.368687,0.330549,0.330789,124.53499,127.0,205.0,209.0,212.0,-90.0,-69.0,-86.0,0.560976,0.669856,0.59434,7121,7121,0,0.0,1.0,0.0,3519,pass,
glucose_09_c10_wF03,glucose_09_c10,glucose,9,10.0,F03,6,3,crops/glucose/glucose_09_c10/glucose_09_c10_wF03.png,61.934,109.327738,109.0,8.619529,11.0,135.842489,136.0,8.132035,10.0,120.367243,120.0,9.203444,11.0,0.195987,0.196078,0.019832,0.027451,0.532716,0.533333,0.03189,0.039216,144.719612,3.97421,0.997597,0.57619,-0.814374,0.298917,0.298667,0.37193,0.371353,0.329153,0.330556,121.845823,121.666667,200.0,204.0,209.0,-91.0,-68.0,-89.0,0.545,0.666667,0.574163,5898,5898,0,0.0,1.0,0.0,2924,pass,
glucose_09_c10_wF04,glucose_09_c10,glucose,9,10.0,F04,6,4,crops/glucose/glucose_09_c10/glucose_09_c10_wF04.png,60.139,103.695207,104.0,9.09706,12.0,131.639203,132.0,8.998781,13.0,116.849219,117.0,9.091799,13.0,0.213274,0.211765,0.020943,0.027451,0.516232,0.517647,0.035289,0.05098,148.147131,2.651139,0.99893,0.527175,-0.848497,0.294213,0.294944,0.374024,0.373711,0.331763,0.331731,117.394543,117.666667,196.0,201.0,203.0,-92.0,-69.0,-86.0,0.530612,0.656716,0.576355,5571,5571,0,0.0,1.0,0.0,2772,pass,
glucose_09_c10_wF05,glucose_09_c10,glucose,9,10.0,F05,6,5,crops/glucose/glucose_09_c10/glucose_09_c10_wF05.png,61.261,107.087747,107.0,11.183764,14.0,134.199896,134.0,10.817311,13.0,119.699031,120.0,11.258961,14.0,0.203646,0.2,0.022213,0.027451,0.526274,0.52549,0.042421,0.05098,147.774796,2.75417,0.998845,0.532633,-0.844982,0.296309,0.29661,0.372166,0.371901,0.331525,0.331544,120.328891,120.333333,200.0,204.0,207.0,-93.0,-70.0,-87.0,0.535,0.656863,0.57971,5778,5778,0,0.0,1.0,0.0,2865,pass,
glucose_09_c10_wF06,glucose_09_c10,glucose,9,10.0,F06,6,6,crops/glucose/glucose_09_c10/glucose_09_c10_wF06.png,66.647,107.900893,108.0,9.848359,13.0,135.814668,136.0,9.841128,13.0,120.375201,121.0,9.782972,13.0,0.206722,0.203922,0.017346,0.019608,0.532607,0.533333,0.038593,0.05098,146.678618,3.599069,0.998029,0.548252,-0.833955,0.2961,0.296588,0.373282,0.372603,0.330617,0.331395,121.363588,121.666667,211.0,215.0,219.0,-103.0,-79.0,-98.0,0.511848,0.632558,0.552511,6831,6831,0,0.0,1.0,0.0,3401,pass,
glucose_09_c10_wF07,glucose_09_c10,glucose,9,10.0,F07,6,7,crops/glucose/glucose_09_c10/glucose_09_c10_wF07.png,67.769,107.256011,108.0,11.300378,13.0,134.916973,135.0,11.249129,14.0,119.508487,120.0,11.349202,13.0,0.206706,0.203922,0.020621,0.019608,0.529086,0.529412,0.044114,0.054902,146.495382,3.24107,0.998401,0.551122,-0.832508,0.296203,0.296791,0.373409,0.372603,0.330388,0.331378,120.56049,121.0,213.0,216.0,220.0,-105.0,-81.0,-100.0,0.507042,0.625,0.545455,7070,7070,0,0.0,1.0,0.0,3506,pass,
glucose_09_c10_wF08,glucose_09_c10,glucose,9,10.0,F08,6,8,crops/glucose/glucose_09_c10/glucose_09_c10_wF08.png,63.505,110.545747,111.0,11.796649,15.0,136.447165,137.0,11.296758,13.0,121.285599,122.0,11.545536,13.0,0.19138,0.188235,0.024949,0.035294,0.535087,0.537255,0.044301,0.05098,144.950533,2.99789,0.998632,0.573498,-0.817537,0.299793,0.300532,0.37092,0.370056,0.329287,0.329949,122.759504,123.333333,209.0,213.0,216.0,-98.0,-76.0,-94.0,0.5311,0.643192,0.564815,6208,6208,0,0.0,1.0,0.0,3079,pass,
glucose_09_c10_wF09,glucose_09_c10,glucose,9,10.0,F09,6,9,crops/glucose/glucose_09_c10/glucose_09_c10_wF09.png,62.832,106.892105,107.0,12.481758,16.0,134.713158,135.0,12.837905,17.0,122.030592,122.0,12.709626,16.0,0.208279,0.207843,0.021438,0.023529,0.528287,0.529412,0.050345,0.066667,152.474332,3.373281,0.998268,0.461346,-0.885268,0.293552,0.29397,0.370848,0.370149,0.335601,0.336449,121.211952,121.666667,212.0,216.0,219.0,-105.0,-81.0,-97.0,0.504717,0.625,0.557078,6080,6080,0,0.0,1.0,0.0,3018,pass,
glucose_09_c10_wF10,glucose_09_c10,glucose,9,10.0,F10,6,10,crops/glucose/glucose_09_c10/glucose_09_c10_wF10.png,65.525,110.941648,112.0,11.685184,14.0,139.850189,141.0,11.138926,14.0,125.72003,127.0,11.266922,14.0,0.208479,0.203922,0.024597,0.031373,0.548432,0.552941,0.043682,0.054902,150.597193,2.50626,0.999044,0.490477,-0.870357,0.294234,0.295337,0.37183,0.371007,0.333936,0.333333,125.503956,126.333333,212.0,215.0,217.0,-100.0,-74.0,-90.0,0.528302,0.655814,0.585253,6615,6615,0,0.0,1.0,0.0,3273,pass,
glucose_09_c10_wF11,glucose_09_c10,glucose,9,10.0,F11,6,11,crops/glucose/glucose_09_c10/glucose_09_c10_wF11.png,65.749,118.196394,119.0,10.97223,13.0,146.347708,147.0,10.53473,12.0,130.876935,132.0,10.751368,13.0,0.193701,0.192157,0.019391,0.023529,0.573913,0.576471,0.041313,0.047059,146.926429,2.852747,0.998761,0.545039,-0.836932,0.298621,0.299492,0.37041,0.369347,0.330968,0.331565,131.807012,132.666667,209.0,213.0,216.0,-90.0,-66.0,-84.0,0.569378,0.690141,0.611111,6655,6655,0,0.0,1.0,0.0,3305,pass,
glucose_09_c10_wF12,glucose_09_c10,glucose,9,10.0,F12,6,12,crops/glucose/glucose_09_c10/glucose_09_c10_wF12.png,63.505,123.52302,124.0,9.46153,9.0,149.725531,150.0,9.226762,10.0,132.401964,133.0,10.242278,11.0,0.175904,0.176471,0.016578,0.019608,0.587159,0.588235,0.036183,0.039216,140.112228,5.452092,0.995483,0.638389,-0.763836,0.304391,0.304124,0.369362,0.369193,0.326248,0.327366,135.216838,136.333333,202.0,206.0,208.0,-78.0,-56.0,-75.0,0.613861,0.728155,0.639423,6212,6212,0,0.0,1.0,0.0,3079,pass,
glucose_09_c10_wG01,glucose_09_c10,glucose,9,10.0,G01,7,1,crops/glucose/glucose_09_c10/glucose_09_c10_wG01.png,64.178,118.480985,119.0,7.268319,7.0,145.217769,145.0,7.09768,7.0,128.426543,129.0,7.633407,9.0,0.184515,0.184314,0.013431,0.011765,0.569481,0.568627,0.027834,0.027451,141.974937,2.573031,0.998992,0.615385,-0.786947,0.302063,0.301703,0.370484,0.370277,0.327452,0.32732,130.708432,131.0,201.0,207.0,209.0,-82.0,-62.0,-80.0,0.59204,0.700483,0.617225,6337,6337,0,0.0,1.0,0.0,3149,pass,
glucose_09_c10_wG02,glucose_09_c10,glucose,9,10.0,G02,7,2,crops/glucose/glucose_09_c10/glucose_09_c10_wG02.png,62.608,116.290948,116.0,7.819906,9.0,143.018568,143.0,6.912199,8.0,127.060842,128.0,7.250362,9.0,0.187564,0.188235,0.018724,0.02451,0.560857,0.560784,0.027107,0.031373,144.052994,3.73952,0.997872,0.585788,-0.807838,0.300809,0.300505,0.370339,0.370079,0.328852,0.32767,128.790119,129.0,184.0,189.0,187.5,-68.0,-46.0,-59.5,0.630435,0.756614,0.682667,6032,6032,0,0.0,1.0,0.0,2990,pass,
glucose_09_c10_wG03,glucose_09_c10,glucose,9,10.0,G03,7,3,crops/glucose/glucose_09_c10/glucose_09_c10_wG03.png,63.954,115.049253,116.0,8.073096,10.0,141.030187,142.0,7.970276,10.0,125.832698,127.0,8.001398,10.0,0.184746,0.184314,0.016065,0.023529,0.55306,0.556863,0.031256,0.039216,144.895203,2.793521,0.998812,0.574391,-0.81713,0.301103,0.301047,0.369428,0.368957,0.329469,0.329975,127.304046,128.333333,201.0,205.0,208.0,-85.0,-63.0,-81.0,0.577114,0.692683,0.610577,6294,6294,0,0.0,1.0,0.0,3129,pass,
glucose_09_c10_wG04,glucose_09_c10,glucose,9,10.0,G04,7,4,crops/glucose/glucose_09_c10/glucose_09_c10_wG04.png,62.608,115.007475,116.0,9.507373,12.0,140.522093,141.0,9.415246,11.0,125.20814,126.0,9.51219,12.0,0.182317,0.180392,0.01788,0.023529,0.551067,0.552941,0.036923,0.043137,143.966065,3.219802,0.998422,0.587336,-0.807393,0.301879,0.302158,0.369295,0.368687,0.328825,0.329843,126.912569,128.0,204.0,209.0,212.0,-88.0,-68.0,-86.0,0.568627,0.674641,0.59434,6020,6020,0,0.0,1.0,0.0,3006,pass,
glucose_09_c10_wG05,glucose_09_c10,glucose,9,10.0,G05,7,5,crops/glucose/glucose_09_c10/glucose_09_c10_wG05.png,61.261,114.646194,116.0,8.622449,10.0,143.134083,144.0,8.889509,11.0,129.02301,130.0,8.915171,11.0,0.199817,0.196078,0.014514,0.019608,0.56131,0.564706,0.034861,0.043137,150.100898,3.450084,0.998189,0.497571,-0.865334,0.296246,0.29703,0.370205,0.369863,0.333549,0.333333,128.934429,130.0,205.0,209.0,212.0,-89.0,-65.0,-82.0,0.565854,0.688995,0.613208,5780,5780,0,0.0,1.0,0.0,2863,pass,
glucose_09_c10_wG06,glucose_09_c10,glucose,9,10.0,G06,7,6,crops/glucose/glucose_09_c10/glucose_09_c10_wG06.png,67.096,117.635577,117.0,10.252434,11.0,145.086637,145.0,9.791048,10.0,130.337177,130.0,9.766706,10.0,0.190258,0.188235,0.017886,0.019608,0.568967,0.568627,0.038396,0.039216,147.605795,3.714916,0.9979,0.534616,-0.842609,0.29903,0.299505,0.369345,0.369077,0.331625,0.331551,131.019797,130.666667,212.0,217.0,220.0,-95.0,-72.0,-90.0,0.551887,0.668203,0.590909,6937,6937,0,0.0,1.0,0.0,3448,pass,
glucose_09_c10_wG07,glucose_09_c10,glucose,9,10.0,G07,7,7,crops/glucose/glucose_09_c10/glucose_09_c10_wG07.png,68.666,120.612543,121.0,9.725792,12.0,147.785803,148.0,9.25899,10.0,133.911371,134.0,9.634134,12.0,0.184746,0.184314,0.018725,0.023529,0.579552,0.580392,0.03631,0.039216,149.351174,2.39916,0.999124,0.509328,-0.859554,0.299598,0.299517,0.367568,0.367647,0.332835,0.333333,134.103239,134.666667,213.0,217.0,221.0,-92.0,-69.0,-87.0,0.568075,0.682028,0.606335,7255,7255,0,0.0,1.0,0.0,3609,pass,
glucose_09_c10_wG08,glucose_09_c10,glucose,9,10.0,G08,7,8,crops/glucose/glucose_09_c10/glucose_09_c10_wG08.png,65.076,120.407771,121.0,8.874129,9.0,148.529719,149.0,8.590462,9.0,132.75119,134.0,9.028351,10.0,0.190136,0.188235,0.015113,0.015686,0.582469,0.584314,0.033688,0.035294,146.128076,3.004396,0.998626,0.556573,-0.829145,0.299593,0.3,0.36997,0.368957,0.330436,0.331579,133.896227,134.666667,210.0,215.0,217.0,-89.0,-66.0,-83.0,0.57619,0.693023,0.617512,6511,6511,0,0.0,1.0,0.0,3237,pass,
glucose_09_c10_wG09,glucose_09_c10,glucose,9,10.0,G09,7,9,crops/glucose/glucose_09_c10/glucose_09_c10_wG09.png,62.159,118.858489,121.0,10.693912,13.0,147.176174,149.0,10.242562,12.0,133.633182,135.0,10.532326,12.0,0.193664,0.188235,0.01996,0.019608,0.577161,0.584314,0.040167,0.047059,151.221025,2.324044,0.999178,0.481036,-0.875763,0.297104,0.298246,0.368536,0.367647,0.33436,0.333333,133.222615,135.0,199.5,204.0,206.5,-78.5,-55.0,-71.5,0.606516,0.730392,0.653753,5943,5943,0,0.0,1.0,0.0,2960,pass,
glucose_09_c10_wG10,glucose_09_c10,glucose,9,10.0,G10,7,10,crops/glucose/glucose_09_c10/glucose_09_c10_wG10.png,63.056,125.418411,126.0,9.713727,11.0,152.714192,153.0,9.352294,10.0,137.529922,138.0,9.709579,11.0,0.179536,0.176471,0.015036,0.015686,0.598879,0.6,0.036676,0.039216,146.265182,2.768156,0.998834,0.554702,-0.830647,0.301555,0.301823,0.367606,0.36715,0.330838,0.331034,138.554175,138.666667,207.0,210.0,214.0,-81.0,-57.0,-76.0,0.608696,0.728571,0.64486,6116,6116,0,0.0,1.0,0.0,3037,pass,
glucose_09_c10_wG11,glucose_09_c10,glucose,9,10.0,G11,7,11,crops/glucose/glucose_09_c10/glucose_09_c10_wG11.png,63.505,125.711362,126.0,9.034057,10.0,153.454795,154.0,9.166844,10.0,138.471878,139.0,9.289145,10.0,0.181337,0.180392,0.014129,0.015686,0.601784,0.603922,0.035948,0.039216,147.553629,2.822682,0.998787,0.535859,-0.842871,0.300884,0.300926,0.367587,0.367299,0.331529,0.331731,139.212678,139.666667,207.0,212.0,214.0,-81.0,-58.0,-75.0,0.608696,0.726415,0.649533,6205,6205,0,0.0,1.0,0.0,3074,pass,
glucose_09_c10_wG12,glucose_09_c10,glucose,9,10.0,G12,7,12,crops/glucose/glucose_09_c10/glucose_09_c10_wG12.png,66.871,122.526453,124.0,13.686647,12.0,150.232122,152.0,13.035664,12.0,130.672384,132.0,12.778989,10.0,0.186943,0.184314,0.033619,0.023529,0.589146,0.596078,0.05112,0.047059,137.681861,7.323314,0.991865,0.66777,-0.733403,0.30305,0.30445,0.372963,0.372315,0.323987,0.32419,134.476986,135.666667,208.0,212.0,214.0,-84.0,-60.0,-82.0,0.596154,0.716981,0.616822,6880,6880,0,0.0,1.0,0.0,3409,pass,
glucose_09_c10_wH01,glucose_09_c10,glucose,9,10.0,H01,8,1,crops/glucose/glucose_09_c10/glucose_09_c10_wH01.png,63.73,119.398178,120.0,15.798671,11.0,146.541081,148.0,15.880183,8.0,130.787084,132.0,16.139549,10.0,0.188672,0.188235,0.037755,0.023529,0.574671,0.580392,0.062275,0.031373,144.94674,4.412938,0.997038,0.572637,-0.816194,0.300144,0.3,0.370367,0.368932,0.329489,0.330463,132.242114,133.666667,197.0,203.0,205.0,-77.0,-55.0,-73.0,0.609137,0.729064,0.643902,6256,6256,0,0.0,1.0,0.0,3106,pass,
glucose_09_c10_wH02,glucose_09_c10,glucose,9,10.0,H02,8,2,crops/glucose/glucose_09_c10/glucose_09_c10_wH02.png,67.993,119.020663,119.0,7.69484,8.0,146.53964,146.0,7.516389,9.0,130.848749,130.0,7.950448,9.0,0.188416,0.188235,0.013479,0.015686,0.574665,0.572549,0.029476,0.035294,145.682723,4.244955,0.997259,0.56223,-0.823665,0.300136,0.29976,0.369817,0.36962,0.330047,0.331551,132.136351,131.666667,203.0,208.0,209.0,-84.0,-62.0,-79.0,0.586207,0.701923,0.62201,7114,7114,0,0.0,1.0,0.0,3518,pass,
glucose_09_c10_wH03,glucose_09_c10,glucose,9,10.0,H03,8,3,crops/glucose/glucose_09_c10/glucose_09_c10_wH03.png,66.871,117.934417,119.0,9.174348,12.0,144.284098,145.0,8.486185,10.0,127.266831,128.0,9.311579,13.0,0.183452,0.180392,0.020727,0.031373,0.56582,0.568627,0.033279,0.039216,141.008485,3.868218,0.997724,0.627773,-0.77547,0.302611,0.302956,0.370723,0.369727,0.326666,0.326829,129.828448,130.666667,205.0,209.0,211.0,-86.0,-64.0,-83.0,0.580488,0.69378,0.606635,6892,6892,0,0.0,1.0,0.0,3403,pass,
glucose_09_c10_wH04,glucose_09_c10,glucose,9,10.0,H04,8,4,crops/glucose/glucose_09_c10/glucose_09_c10_wH04.png,66.198,116.505635,117.0,8.604667,10.0,143.736803,144.0,8.191436,9.0,126.971085,127.0,8.794876,9.0,0.19013,0.188235,0.018713,0.023529,0.563674,0.564706,0.032123,0.035294,142.853687,4.093664,0.997451,0.602313,-0.795064,0.300724,0.300752,0.371435,0.370844,0.327841,0.32732,129.071174,129.333333,208.0,212.0,215.0,-91.0,-68.0,-88.0,0.5625,0.679245,0.590698,6744,6744,0,0.0,1.0,0.0,3348,pass,
glucose_09_c10_wH05,glucose_09_c10,glucose,9,10.0,H05,8,5,crops/glucose/glucose_09_c10/glucose_09_c10_wH05.png,62.159,118.872333,119.0,10.292456,13.0,145.741979,146.0,9.404168,12.0,130.316647,130.0,9.836169,12.0,0.1855,0.184314,0.020895,0.023529,0.571537,0.572549,0.036879,0.047059,145.391577,3.636903,0.997987,0.566822,-0.821396,0.300726,0.300254,0.369326,0.368687,0.329948,0.330827,131.643653,131.666667,204.0,208.0,211.0,-85.0,-62.0,-81.0,0.583333,0.701923,0.616114,5953,5953,0,0.0,1.0,0.0,2945,pass,
glucose_09_c10_wH06,glucose_09_c10,glucose,9,10.0,H06,8,6,crops/glucose/glucose_09_c10/glucose_09_c10_wH06.png,63.056,119.990863,121.0,10.950127,12.0,147.545766,149.0,10.429818,12.0,131.441834,133.0,11.156824,12.0,0.188022,0.184314,0.02106,0.019608,0.578611,0.584314,0.040901,0.047059,144.58305,3.211989,0.99843,0.578612,-0.813677,0.30048,0.301047,0.370171,0.369077,0.329349,0.330846,132.992821,134.333333,203.0,207.0,211.0,-82.0,-58.0,-78.0,0.596059,0.719807,0.630332,6129,6129,0,0.0,1.0,0.0,3035,pass,
glucose_09_c10_wH07,glucose_09_c10,glucose,9,10.0,H07,8,7,crops/glucose/glucose_09_c10/glucose_09_c10_wH07.png,67.544,125.033599,125.0,8.453478,9.0,151.600655,152.0,8.392093,10.0,136.944191,137.0,8.590203,10.0,0.175701,0.176471,0.013951,0.019608,0.594512,0.596078,0.03291,0.039216,146.852729,3.273802,0.998369,0.545901,-0.835902,0.302207,0.302158,0.366699,0.366667,0.331094,0.331034,137.859482,138.333333,214.0,218.0,221.0,-89.0,-66.0,-84.0,0.584112,0.697248,0.61991,7024,7024,0,0.0,1.0,0.0,3502,pass,
glucose_09_c10_wH08,glucose_09_c10,glucose,9,10.0,H08,8,8,crops/glucose/glucose_09_c10/glucose_09_c10_wH08.png,63.281,125.740879,126.0,8.809829,11.0,153.073618,153.0,8.402037,11.0,137.865899,138.0,9.204011,11.0,0.179196,0.176471,0.01438,0.019608,0.600289,0.6,0.032949,0.043137,146.364117,3.681603,0.997938,0.552771,-0.830857,0.301636,0.301932,0.367566,0.367299,0.330798,0.331646,138.893465,139.0,194.0,199.0,199.0,-68.0,-46.0,-61.0,0.649485,0.768844,0.693467,6167,6167,0,0.0,1.0,0.0,3057,pass,
glucose_09_c10_wH09,glucose_09_c10,glucose,9,10.0,H09,8,9,crops/glucose/glucose_09_c10/glucose_09_c10_wH09.png,61.934,126.397293,127.0,9.501119,11.0,153.049408,154.0,9.094406,10.0,136.453469,137.0,9.772806,12.0,0.174831,0.172549,0.017107,0.023529,0.600194,0.603922,0.035664,0.039216,142.365809,3.577983,0.998052,0.609428,-0.790383,0.30376,0.303828,0.368224,0.367397,0.328016,0.32783,138.63339,139.333333,195.0,202.0,201.0,-68.0,-48.0,-64.0,0.651282,0.762376,0.681592,5910,5910,0,0.0,1.0,0.0,2931,pass,
glucose_09_c10_wH10,glucose_09_c10,glucose,9,10.0,H10,8,10,crops/glucose/glucose_09_c10/glucose_09_c10_wH10.png,66.871,125.619933,125.0,10.487117,12.0,152.494261,153.0,9.631497,10.0,136.528258,137.0,10.446165,12.0,0.177227,0.180392,0.020541,0.031373,0.598017,0.6,0.037771,0.039216,144.137789,4.413824,0.997037,0.584102,-0.808027,0.30274,0.302381,0.368062,0.367681,0.329197,0.328512,138.214151,138.0,210.0,214.0,217.0,-85.0,-61.0,-80.0,0.595238,0.714953,0.631336,6883,6883,0,0.0,1.0,0.0,3418,pass,
glucose_09_c10_wH11,glucose_09_c10,glucose,9,10.0,H11,8,11,crops/glucose/glucose_09_c10/glucose_09_c10_wH11.png,58.793,117.64843,121.0,23.141978,21.0,145.095883,149.0,23.164603,20.0,129.311337,133.0,23.639369,21.0,0.19733,0.188235,0.059533,0.039216,0.569003,0.584314,0.090842,0.078431,144.61554,8.003956,0.99029,0.573437,-0.807369,0.298767,0.300236,0.37253,0.369077,0.328703,0.330909,130.685217,134.666667,46.0,59.0,53.0,75.0,90.0,80.0,2.630435,2.525424,2.509434,5319,5319,0,0.0,1.0,0.003948,2642,pass,
glucose_09_c10_wH12,glucose_09_c10,glucose,9,10.0,H12,8,12,crops/glucose/glucose_09_c10/glucose_09_c10_wH12.png,68.218,112.791399,115.0,21.038987,21.0,140.919436,144.0,20.908367,21.0,127.122312,130.0,21.09721,21.0,0.20522,0.196078,0.043779,0.031373,0.552625,0.564706,0.081994,0.082353,150.404596,4.239389,0.997266,0.492522,-0.867158,0.294802,0.296651,0.371463,0.36962,0.333735,0.333333,126.944382,129.666667,207.0,211.0,213.0,-92.0,-67.0,-83.0,0.555556,0.682464,0.610329,7162,7162,0,0.0,1.0,0.0,3559,pass,
glucose_10_c15_wA01,glucose_10_c15,glucose,10,15.0,A01,1,1,crops/glucose/glucose_10_c15/glucose_10_c15_wA01.png,65.076,134.689581,135.0,4.781958,5.0,162.277428,163.0,4.878553,5.0,148.037134,149.0,5.135497,6.0,0.170237,0.172549,0.009063,0.003922,0.636382,0.639216,0.019132,0.019608,148.967517,2.974819,0.998653,0.51483,-0.855721,0.302651,0.302428,0.3647,0.364653,0.332649,0.331924,148.334714,149.0,204.0,210.0,211.0,-69.0,-47.0,-62.0,0.661765,0.77619,0.706161,6517,6517,0,0.0,1.0,0.0,3231,pass,
glucose_10_c15_wA02,glucose_10_c15,glucose,10,15.0,A02,1,2,crops/glucose/glucose_10_c15/glucose_10_c15_wA02.png,70.237,124.328986,125.0,5.05732,5.0,152.175889,152.0,5.107903,5.0,139.072596,140.0,5.639604,6.0,0.183111,0.184314,0.007918,0.003922,0.596768,0.596078,0.020031,0.019608,151.558846,3.278151,0.998365,0.475477,-0.877869,0.299141,0.29902,0.366241,0.365741,0.334619,0.336343,138.525823,138.666667,208.0,213.0,215.0,-83.0,-61.0,-75.0,0.600962,0.713615,0.651163,7590,7590,0,0.0,1.0,0.0,3770,pass,
glucose_10_c15_wA03,glucose_10_c15,glucose,10,15.0,A03,1,3,crops/glucose/glucose_10_c15/glucose_10_c15_wA03.png,69.564,121.811594,122.0,6.163124,6.0,149.0208,150.0,5.901452,6.0,136.075684,137.0,6.311358,8.0,0.182857,0.184314,0.012253,0.015686,0.584395,0.588235,0.023143,0.023529,151.289586,2.456903,0.999081,0.479941,-0.876253,0.299282,0.299517,0.366322,0.366093,0.334396,0.333333,135.636026,136.0,207.0,211.0,215.0,-85.0,-61.0,-78.0,0.589372,0.7109,0.637209,7452,7452,0,0.0,1.0,0.0,3691,pass,
glucose_10_c15_wA04,glucose_10_c15,glucose,10,15.0,A04,1,4,crops/glucose/glucose_10_c15/glucose_10_c15_wA04.png,68.666,118.414164,120.0,7.695814,9.0,146.944751,148.0,7.31868,9.0,133.255304,134.0,7.472167,8.0,0.194911,0.192157,0.015306,0.015686,0.576254,0.580392,0.028701,0.035294,151.22575,2.896066,0.998723,0.480745,-0.875404,0.296906,0.297821,0.368789,0.368159,0.334305,0.333333,132.871406,134.0,207.0,212.0,215.0,-87.0,-64.0,-81.0,0.57971,0.698113,0.623256,7258,7258,0,0.0,1.0,0.0,3598,pass,
glucose_10_c15_wA05,glucose_10_c15,glucose,10,15.0,A05,1,5,crops/glucose/glucose_10_c15/glucose_10_c15_wA05.png,59.915,118.25722,118.0,5.213362,7.0,145.983574,146.0,5.250915,6.0,133.933935,134.0,5.180772,6.0,0.190396,0.192157,0.00884,0.011765,0.572485,0.572549,0.020592,0.023529,153.646525,1.251182,0.999762,0.443802,-0.895859,0.296942,0.296791,0.36668,0.366584,0.336377,0.336658,132.72491,132.666667,59.0,77.0,74.0,59.0,69.0,60.0,2.0,1.896104,1.810811,5540,5540,0,0.0,1.0,0.0,2724,pass,
glucose_10_c15_wA06,glucose_10_c15,glucose,10,15.0,A06,1,6,crops/glucose/glucose_10_c15/glucose_10_c15_wA06.png,60.812,119.748507,120.0,5.733483,7.0,146.864419,147.0,5.213249,6.0,135.036178,135.0,5.311024,6.0,0.184978,0.188235,0.012151,0.019608,0.575939,0.576471,0.020444,0.023529,153.520056,1.698675,0.999561,0.445689,-0.894697,0.298054,0.297561,0.365726,0.366048,0.33622,0.336634,133.883035,134.0,54.0,70.0,67.0,66.0,77.0,68.0,2.222222,2.1,2.014925,5694,5694,0,0.0,1.0,0.0,2805,pass,
glucose_10_c15_wA07,glucose_10_c15,glucose,10,15.0,A07,1,7,crops/glucose/glucose_10_c15/glucose_10_c15_wA07.png,60.588,122.493976,122.0,4.491049,4.25,150.018072,150.0,4.127018,4.0,138.326541,138.0,4.348342,4.0,0.183819,0.188235,0.008882,0.007843,0.588306,0.588235,0.016184,0.015686,154.178748,1.386383,0.999707,0.435438,-0.899894,0.298109,0.297561,0.365197,0.365854,0.336694,0.336585,136.946197,136.666667,65.0,81.0,75.0,57.0,69.0,63.0,1.876923,1.851852,1.84,5644,5644,0,0.0,1.0,0.0,2799,pass,
glucose_10_c15_wA08,glucose_10_c15,glucose,10,15.0,A08,1,8,crops/glucose/glucose_10_c15/glucose_10_c15_wA08.png,68.442,124.946755,125.0,5.01561,4.0,152.821131,153.0,4.910447,5.0,140.20147,141.0,5.333787,6.0,0.18256,0.184314,0.008195,0.003922,0.599299,0.6,0.019257,0.019608,152.60445,1.985572,0.9994,0.459855,-0.887318,0.298896,0.298824,0.365687,0.365155,0.335417,0.336449,139.323119,139.666667,212.0,217.0,220.0,-87.0,-64.0,-79.0,0.589623,0.705069,0.640909,7212,7212,0,0.0,1.0,0.0,3569,pass,
glucose_10_c15_wA09,glucose_10_c15,glucose,10,15.0,A09,1,9,crops/glucose/glucose_10_c15/glucose_10_c15_wA09.png,60.812,127.593426,128.0,6.293917,8.0,154.312533,155.0,5.937838,7.0,142.060116,143.0,6.240922,7.0,0.173336,0.168627,0.011202,0.015686,0.605147,0.607843,0.023286,0.027451,152.19697,2.234202,0.99924,0.466079,-0.883884,0.300873,0.301402,0.364056,0.363636,0.335071,0.336343,141.322025,141.666667,69.0,86.5,77.0,59.0,68.5,66.0,1.855072,1.791908,1.857143,5689,5689,0,0.0,1.0,0.0,2832,pass,
glucose_10_c15_wA10,glucose_10_c15,glucose,10,15.0,A10,1,10,crops/glucose/glucose_10_c15/glucose_10_c15_wA10.png,70.013,126.692593,127.0,5.819292,8.0,154.227773,154.0,5.217509,7.0,140.280509,140.0,5.533271,7.0,0.178717,0.180392,0.012751,0.015686,0.604815,0.603922,0.020461,0.027451,149.478781,2.211949,0.999255,0.507479,-0.860799,0.300711,0.300699,0.366242,0.366197,0.333047,0.333333,140.400292,140.333333,212.0,218.0,219.0,-85.0,-64.0,-79.0,0.599057,0.706422,0.639269,7547,7547,0,0.0,1.0,0.0,3734,pass,
glucose_10_c15_wA11,glucose_10_c15,glucose,10,15.0,A11,1,11,crops/glucose/glucose_10_c15/glucose_10_c15_wA11.png,67.096,125.93796,126.0,6.341657,7.0,154.603232,155.0,5.997581,7.0,139.789785,140.0,6.145599,7.0,0.185673,0.184314,0.012806,0.019608,0.606287,0.607843,0.02352,0.027451,148.928494,1.653843,0.999583,0.515892,-0.856167,0.299535,0.3,0.367897,0.367397,0.332568,0.332536,140.110326,140.0,202.0,208.0,208.0,-76.0,-53.0,-68.0,0.623762,0.745192,0.673077,6931,6931,0,0.0,1.0,0.0,3438,pass,
glucose_10_c15_wA12,glucose_10_c15,glucose,10,15.0,A12,1,12,crops/glucose/glucose_10_c15/glucose_10_c15_wA12.png,70.013,119.001458,119.0,9.345894,8.0,148.597005,148.0,8.625874,8.0,137.579512,137.0,8.642537,9.0,0.199946,0.2,0.017934,0.015686,0.582733,0.580392,0.033827,0.031373,157.689767,4.054243,0.9975,0.378672,-0.922829,0.293472,0.292978,0.366918,0.366834,0.33961,0.340858,135.059325,134.666667,220.0,225.0,226.0,-101.0,-77.0,-89.0,0.540909,0.657778,0.606195,7546,7546,0,0.0,1.0,0.0,3748,pass,
glucose_10_c15_wB01,glucose_10_c15,glucose,10,15.0,B01,2,1,crops/glucose/glucose_10_c15/glucose_10_c15_wB01.png,65.3,134.859232,135.0,4.804748,4.0,160.967855,161.0,4.569495,4.0,147.914077,148.0,4.752554,5.0,0.162149,0.160784,0.00905,0.007843,0.631246,0.631373,0.01792,0.015686,149.975219,2.550903,0.999009,0.499879,-0.864951,0.303879,0.304054,0.362789,0.362613,0.333332,0.333333,147.913721,148.0,202.0,207.0,210.0,-67.0,-46.0,-62.0,0.668317,0.777778,0.704762,6564,6564,0,0.0,1.0,0.0,3256,pass,
glucose_10_c15_wB02,glucose_10_c15,glucose,10,15.0,B02,2,2,crops/glucose/glucose_10_c15/glucose_10_c15_wB02.png,69.788,123.715791,124.0,5.957475,7.0,150.431182,150.0,5.85509,7.0,137.739397,138.0,5.975463,8.0,0.177713,0.176471,0.010628,0.011765,0.589926,0.588235,0.022961,0.027451,151.319999,2.453323,0.999084,0.479478,-0.87651,0.3003,0.3,0.365292,0.364929,0.334408,0.333333,137.295457,137.666667,210.0,215.0,217.0,-86.0,-65.0,-79.0,0.590476,0.697674,0.635945,7498,7498,0,0.0,1.0,0.0,3715,pass,
glucose_10_c15_wB03,glucose_10_c15,glucose,10,15.0,B03,2,3,crops/glucose/glucose_10_c15/glucose_10_c15_wB03.png,64.178,122.380997,122.0,5.667506,8.0,148.969223,149.0,5.534513,7.0,137.467645,137.0,5.581345,7.0,0.17861,0.176471,0.009888,0.011765,0.584193,0.584314,0.021704,0.027451,153.759139,3.16725,0.998473,0.441471,-0.895574,0.299289,0.299505,0.364447,0.363861,0.336264,0.336562,136.272622,136.0,187.0,197.0,196.0,-65.0,-48.0,-59.0,0.652406,0.756345,0.69898,6336,6336,0,0.0,1.0,0.0,3139,pass,
glucose_10_c15_wB04,glucose_10_c15,glucose,10,15.0,B04,2,4,crops/glucose/glucose_10_c15/glucose_10_c15_wB04.png,69.788,117.279045,117.0,7.909066,9.0,144.713352,144.0,7.649144,10.0,133.152995,133.0,8.483643,11.0,0.190284,0.188235,0.013837,0.015686,0.567503,0.564706,0.029997,0.039216,154.459896,3.641551,0.997982,0.430273,-0.900463,0.296678,0.296758,0.366406,0.366584,0.336915,0.336735,131.71513,131.666667,204.0,209.0,213.0,-87.0,-65.0,-80.0,0.573529,0.688995,0.624413,7497,7497,0,0.0,1.0,0.0,3715,pass,
glucose_10_c15_wB05,glucose_10_c15,glucose,10,15.0,B05,2,5,crops/glucose/glucose_10_c15/glucose_10_c15_wB05.png,60.812,118.368939,117.0,7.251375,8.0,145.023015,144.0,7.09738,7.0,133.623507,133.0,7.215075,7.0,0.184176,0.184314,0.011955,0.015686,0.568718,0.564706,0.027833,0.027451,153.855789,0.838513,0.999893,0.440585,-0.897592,0.298036,0.298201,0.36539,0.365039,0.336575,0.336709,132.338487,131.666667,60.0,75.0,71.0,57.0,69.0,62.0,1.95,1.92,1.873239,5692,5692,0,0.0,1.0,0.0,2818,pass,
glucose_10_c15_wB06,glucose_10_c15,glucose,10,15.0,B06,2,6,crops/glucose/glucose_10_c15/glucose_10_c15_wB06.png,69.788,117.726073,117.0,7.267264,9.0,144.903093,144.0,7.083466,9.0,133.178219,133.0,7.108658,9.0,0.188173,0.188235,0.013843,0.015686,0.568247,0.564706,0.027778,0.035294,153.87154,2.061443,0.999353,0.4401,-0.897228,0.297313,0.29703,0.3662,0.366337,0.336487,0.336683,131.935795,131.666667,210.0,214.0,219.0,-93.0,-70.0,-86.0,0.557143,0.672897,0.607306,7502,7502,0,0.0,1.0,0.0,3725,pass,
glucose_10_c15_wB07,glucose_10_c15,glucose,10,15.0,B07,2,7,crops/glucose/glucose_10_c15/glucose_10_c15_wB07.png,69.564,119.657162,120.0,6.854969,7.0,146.085003,146.0,6.76945,7.0,135.862811,136.0,6.938233,8.0,0.181195,0.180392,0.011307,0.015686,0.572882,0.572549,0.026547,0.027451,156.95806,3.646132,0.997977,0.390613,-0.918357,0.297849,0.29765,0.363845,0.363184,0.338306,0.339667,133.868325,133.666667,213.0,217.0,220.5,-93.0,-71.0,-84.5,0.56338,0.672811,0.61678,7435,7435,0,0.0,1.0,0.0,3704,pass,
glucose_10_c15_wB08,glucose_10_c15,glucose,10,15.0,B08,2,8,crops/glucose/glucose_10_c15/glucose_10_c15_wB08.png,66.647,120.618762,121.0,8.445865,8.0,147.356652,148.0,8.391104,8.0,136.041563,137.0,8.556081,7.0,0.182077,0.180392,0.015452,0.015686,0.577869,0.580392,0.032906,0.031373,154.426718,3.074944,0.998561,0.431044,-0.900736,0.298385,0.298469,0.364883,0.364706,0.336732,0.336609,134.672325,135.666667,203.0,208.0,212.0,-82.0,-60.0,-75.0,0.596059,0.711538,0.646226,6833,6833,0,0.0,1.0,0.0,3388,pass,
glucose_10_c15_wB09,glucose_10_c15,glucose,10,15.0,B09,2,9,crops/glucose/glucose_10_c15/glucose_10_c15_wB09.png,61.037,123.478898,124.0,6.132574,6.0,151.241018,151.0,6.099954,6.0,138.709452,139.0,6.285804,6.0,0.183958,0.184314,0.00911,0.007843,0.593102,0.592157,0.023921,0.023529,152.693761,1.988678,0.999398,0.45847,-0.888032,0.298604,0.298329,0.365895,0.365617,0.335501,0.336493,137.80979,137.666667,59.0,74.0,68.0,65.0,77.0,71.0,2.101695,2.040541,2.044118,5734,5734,0,0.0,1.0,0.0,2837,pass,
glucose_10_c15_wB10,glucose_10_c15,glucose,10,15.0,B10,2,10,crops/glucose/glucose_10_c15/glucose_10_c15_wB10.png,62.159,126.097257,126.0,6.454331,7.0,151.909473,152.0,6.024563,6.0,139.375904,140.0,6.302437,7.0,0.170144,0.172549,0.012346,0.015686,0.595723,0.596078,0.023626,0.023529,150.769148,2.703109,0.998888,0.487786,-0.871689,0.302032,0.301624,0.364043,0.363636,0.333924,0.333333,139.127545,139.333333,73.0,88.0,80.0,53.0,64.0,60.0,1.726027,1.727273,1.75,5943,5943,0,0.0,1.0,0.0,2958,pass,
glucose_10_c15_wB11,glucose_10_c15,glucose,10,15.0,B11,2,11,crops/glucose/glucose_10_c15/glucose_10_c15_wB11.png,66.198,125.611243,125.0,6.46844,8.0,153.995995,154.0,6.386156,8.0,140.789232,140.0,6.887875,9.0,0.184634,0.184314,0.01036,0.011765,0.603906,0.603922,0.025044,0.031373,151.922084,2.732849,0.998863,0.470137,-0.881305,0.298729,0.29927,0.366403,0.366584,0.334868,0.334158,140.132157,140.0,201.0,207.0,209.0,-76.0,-53.0,-69.0,0.621891,0.743961,0.669856,6742,6742,0,0.0,1.0,0.0,3349,pass,
glucose_10_c15_wB12,glucose_10_c15,glucose,10,15.0,B12,2,12,crops/glucose/glucose_10_c15/glucose_10_c15_wB12.png,70.462,126.509105,127.0,6.104398,7.0,153.748461,154.0,5.801614,5.0,140.032753,140.0,6.16556,6.0,0.177383,0.180392,0.011704,0.015686,0.602935,0.603922,0.022751,0.019608,149.680219,3.144542,0.998495,0.504066,-0.861922,0.300937,0.300699,0.365896,0.365967,0.333166,0.333333,140.096773,140.0,213.0,219.0,222.0,-86.0,-65.0,-82.0,0.596244,0.703196,0.630631,7633,7633,0,0.0,1.0,0.0,3789,pass,
glucose_10_c15_wC01,glucose_10_c15,glucose,10,15.0,C01,3,1,crops/glucose/glucose_10_c15/glucose_10_c15_wC01.png,59.69,136.772429,137.0,3.974297,4.0,162.328957,163.0,3.975365,4.0,149.013311,149.0,3.914803,4.0,0.157321,0.156863,0.0084,0.011765,0.636584,0.639216,0.01559,0.015686,148.869903,1.528725,0.999644,0.516799,-0.855691,0.305199,0.304636,0.362267,0.362222,0.332534,0.333333,149.371566,150.0,63.0,78.0,71.0,74.0,85.0,78.0,2.174603,2.089744,2.098592,5484,5484,0,0.0,1.0,0.0,2724,pass,
glucose_10_c15_wC02,glucose_10_c15,glucose,10,15.0,C02,3,2,crops/glucose/glucose_10_c15/glucose_10_c15_wC02.png,64.627,120.443079,120.0,6.029434,7.0,145.986936,145.0,5.125287,6.0,133.293002,133.0,5.253481,6.0,0.175156,0.176471,0.015496,0.019608,0.572498,0.568627,0.020099,0.023529,150.277913,2.608061,0.998965,0.49528,-0.867541,0.301208,0.300752,0.365306,0.365535,0.333486,0.333333,133.241006,132.666667,196.0,200.0,203.0,-76.0,-55.0,-70.0,0.612245,0.725,0.655172,6430,6430,0,0.0,1.0,0.0,3187,pass,
glucose_10_c15_wC03,glucose_10_c15,glucose,10,15.0,C03,3,3,crops/glucose/glucose_10_c15/glucose_10_c15_wC03.png,64.852,117.684389,118.0,6.071133,6.0,143.965688,144.0,6.313774,6.0,132.254405,132.0,6.830553,7.0,0.182664,0.180392,0.008911,0.011765,0.564571,0.564706,0.02476,0.023529,153.017304,3.205445,0.998436,0.453012,-0.88975,0.298724,0.298795,0.365571,0.365617,0.335705,0.336609,131.301494,131.0,196.0,201.0,204.0,-78.0,-57.0,-72.0,0.602041,0.716418,0.647059,6470,6470,0,0.0,1.0,0.0,3212,pass,
glucose_10_c15_wC04,glucose_10_c15,glucose,10,15.0,C04,3,4,crops/glucose/glucose_10_c15/glucose_10_c15_wC04.png,68.218,114.859235,115.0,7.802323,8.0,141.051618,142.0,7.859989,8.0,128.901367,130.0,7.801772,8.0,0.186125,0.184314,0.013409,0.019608,0.553144,0.556863,0.030823,0.031373,151.971367,2.52241,0.999031,0.469458,-0.881858,0.298356,0.298103,0.366662,0.366577,0.334983,0.336585,128.27074,128.666667,212.0,215.0,219.0,-97.0,-73.0,-89.0,0.542453,0.660465,0.593607,7168,7168,0,0.0,1.0,0.0,3550,pass,
glucose_10_c15_wC05,glucose_10_c15,glucose,10,15.0,C05,3,5,crops/glucose/glucose_10_c15/glucose_10_c15_wC05.png,68.218,112.835475,113.0,6.38178,8.0,138.336034,138.0,6.273531,8.0,126.346369,127.0,6.380586,8.0,0.184582,0.184314,0.013791,0.015686,0.542494,0.541176,0.024602,0.031373,151.639079,2.462719,0.999077,0.474586,-0.87916,0.298794,0.298469,0.366532,0.366577,0.334673,0.334135,125.839292,126.0,213.0,216.0,220.0,-100.0,-78.0,-93.0,0.530516,0.638889,0.577273,7160,7160,0,0.0,1.0,0.0,3555,pass,
glucose_10_c15_wC06,glucose_10_c15,glucose,10,15.0,C06,3,6,crops/glucose/glucose_10_c15/glucose_10_c15_wC06.png,65.3,112.546951,113.0,6.761683,9.0,138.793902,140.0,6.694161,8.0,126.991768,128.0,6.876896,9.0,0.189432,0.188235,0.012242,0.015686,0.54429,0.54902,0.026252,0.031373,152.673547,2.148872,0.999297,0.458737,-0.887781,0.29738,0.29765,0.366966,0.366667,0.335654,0.336761,126.110874,126.666667,203.0,207.0,211.0,-90.0,-67.0,-83.0,0.55665,0.676329,0.606635,6560,6560,0,0.0,1.0,0.0,3256,pass,
glucose_10_c15_wC07,glucose_10_c15,glucose,10,15.0,C07,3,7,crops/glucose/glucose_10_c15/glucose_10_c15_wC07.png,60.812,113.296647,113.0,7.016576,8.0,139.401439,140.0,6.991443,7.0,128.172196,128.0,7.045404,8.0,0.18752,0.188235,0.010625,0.011765,0.546672,0.54902,0.027417,0.027451,153.658921,1.262821,0.999757,0.443606,-0.895951,0.297357,0.29765,0.366112,0.365789,0.33653,0.336815,126.956761,126.666667,60.0,70.0,67.0,53.0,70.0,61.0,1.883333,2.0,1.910448,5697,5697,0,0.0,1.0,0.0,2830,pass,
glucose_10_c15_wC08,glucose_10_c15,glucose,10,15.0,C08,3,8,crops/glucose/glucose_10_c15/glucose_10_c15_wC08.png,69.788,113.454363,114.0,8.36135,9.0,139.543635,140.0,8.353346,9.0,128.865893,130.0,8.738454,10.0,0.187516,0.184314,0.014557,0.011765,0.54723,0.54902,0.032758,0.035294,155.287167,3.402208,0.998239,0.417334,-0.906814,0.296944,0.297229,0.365619,0.365039,0.337438,0.33687,127.287964,128.333333,212.0,215.0,219.0,-98.0,-75.0,-89.0,0.537736,0.651163,0.593607,7494,7494,0,0.0,1.0,0.0,3701,pass,
glucose_10_c15_wC09,glucose_10_c15,glucose,10,15.0,C09,3,9,crops/glucose/glucose_10_c15/glucose_10_c15_wC09.png,63.73,115.393605,116.0,6.439151,6.0,142.693046,143.0,6.274645,6.0,130.81199,132.0,6.75364,6.0,0.191775,0.192157,0.012241,0.015686,0.559581,0.560784,0.024606,0.023529,153.559897,2.633279,0.998944,0.444792,-0.894455,0.296632,0.296296,0.36703,0.367089,0.336338,0.336709,129.63288,130.666667,184.0,191.0,188.0,-68.0,-48.0,-56.0,0.630435,0.748691,0.702128,6255,6255,0,0.0,1.0,0.0,3101,pass,
glucose_10_c15_wC10,glucose_10_c15,glucose,10,15.0,C10,3,10,crops/glucose/glucose_10_c15/glucose_10_c15_wC10.png,69.34,115.206729,115.0,7.274063,7.0,142.459262,143.0,7.024442,7.0,130.74017,131.0,7.302258,6.0,0.19187,0.192157,0.013856,0.019608,0.558664,0.560784,0.027547,0.027451,153.869946,1.962954,0.999413,0.440152,-0.89727,0.296487,0.296203,0.366912,0.367347,0.336601,0.336761,129.46872,129.666667,211.0,215.0,218.0,-96.0,-72.0,-87.0,0.545024,0.665116,0.600917,7401,7401,0,0.0,1.0,0.0,3666,pass,
glucose_10_c15_wC11,glucose_10_c15,glucose,10,15.0,C11,3,11,crops/glucose/glucose_10_c15/glucose_10_c15_wC11.png,65.525,115.561234,116.0,7.642792,9.0,143.85818,144.0,7.428634,8.0,130.456607,131.0,7.529913,9.0,0.197486,0.196078,0.014022,0.015686,0.56415,0.564706,0.029132,0.031373,151.514783,2.908191,0.998713,0.476318,-0.877809,0.29626,0.297056,0.369122,0.3687,0.334618,0.333333,129.958674,130.0,215.0,219.0,222.0,-99.0,-75.0,-91.0,0.539535,0.657534,0.59009,6614,6614,0,0.0,1.0,0.0,3275,pass,
glucose_10_c15_wC12,glucose_10_c15,glucose,10,15.0,C12,3,12,crops/glucose/glucose_10_c15/glucose_10_c15_wC12.png,68.666,120.615893,121.0,7.347998,9.0,149.656108,150.0,7.368947,10.0,135.607492,136.0,7.321106,9.0,0.194412,0.196078,0.015045,0.023529,0.586887,0.588235,0.028898,0.039216,150.647131,2.882693,0.998735,0.489567,-0.870515,0.297072,0.296588,0.368818,0.368687,0.33411,0.334123,135.293164,135.666667,215.0,221.0,223.0,-94.0,-71.0,-87.0,0.562791,0.678733,0.609865,7261,7261,0,0.0,1.0,0.0,3597,pass,
glucose_10_c15_wD01,glucose_10_c15,glucose,10,15.0,D01,4,1,crops/glucose/glucose_10_c15/glucose_10_c15_wD01.png,67.769,136.938261,137.0,6.373878,6.0,161.923818,162.0,6.07984,6.0,148.589635,149.0,6.205405,7.0,0.154488,0.152941,0.011504,0.015686,0.634995,0.635294,0.023843,0.023529,148.227465,2.012219,0.999383,0.526224,-0.849621,0.305979,0.306413,0.361944,0.361656,0.332078,0.331868,149.150571,149.666667,213.0,217.0,220.0,-76.0,-55.0,-71.0,0.643192,0.746544,0.677273,7062,7062,0,0.0,1.0,0.0,3508,pass,
glucose_10_c15_wD02,glucose_10_c15,glucose,10,15.0,D02,4,2,crops/glucose/glucose_10_c15/glucose_10_c15_wD02.png,65.525,115.550152,116.0,7.060103,8.0,142.160455,142.0,7.044352,7.0,128.663333,129.0,6.834315,8.0,0.187547,0.188235,0.012139,0.011765,0.557492,0.556863,0.027625,0.027451,149.413489,2.73036,0.998865,0.508261,-0.859885,0.29895,0.299213,0.368028,0.367888,0.333023,0.333333,128.791313,129.0,204.0,208.0,212.0,-88.0,-66.0,-83.0,0.568627,0.682692,0.608491,6600,6600,0,0.0,1.0,0.0,3279,pass,
glucose_10_c15_wD03,glucose_10_c15,glucose,10,15.0,D03,4,3,crops/glucose/glucose_10_c15/glucose_10_c15_wD03.png,64.403,109.733772,109.0,6.513511,8.0,135.869865,135.0,6.682233,8.0,123.750706,123.0,6.613526,8.0,0.192575,0.192157,0.011739,0.015686,0.532823,0.529412,0.026205,0.031373,151.934622,2.219089,0.99925,0.470126,-0.88175,0.297007,0.296919,0.367943,0.367688,0.33505,0.336219,123.118114,122.666667,195.0,199.0,202.0,-86.0,-64.0,-79.0,0.558974,0.678392,0.608911,6378,6378,0,0.0,1.0,0.0,3161,pass,
glucose_10_c15_wD04,glucose_10_c15,glucose,10,15.0,D04,4,4,crops/glucose/glucose_10_c15/glucose_10_c15_wD04.png,64.178,109.223169,109.0,8.637246,12.0,135.205808,135.0,8.091507,10.0,123.817551,123.0,8.419883,11.0,0.193054,0.196078,0.020214,0.031373,0.530219,0.529412,0.031731,0.039216,153.619922,3.417909,0.998222,0.443534,-0.894274,0.296392,0.29558,0.367368,0.367403,0.33624,0.336927,122.748843,122.0,199.0,204.0,208.0,-90.0,-69.0,-85.0,0.547739,0.661765,0.591346,6336,6336,0,0.0,1.0,0.0,3140,pass,
glucose_10_c15_wD05,glucose_10_c15,glucose,10,15.0,D05,4,5,crops/glucose/glucose_10_c15/glucose_10_c15_wD05.png,60.812,109.205758,109.0,10.216759,11.0,133.894136,134.0,10.217724,9.0,121.573209,122.0,10.066802,10.0,0.185299,0.184314,0.017187,0.023529,0.525075,0.52549,0.04007,0.035294,150.21832,2.781097,0.998823,0.496112,-0.866902,0.299209,0.299145,0.367392,0.367454,0.333399,0.333333,121.557701,122.0,48.0,62.0,60.0,61.0,72.0,62.0,2.270833,2.16129,2.033333,5696,5696,0,0.0,1.0,0.0,2834,pass,
glucose_10_c15_wD06,glucose_10_c15,glucose,10,15.0,D06,4,6,crops/glucose/glucose_10_c15/glucose_10_c15_wD06.png,69.34,107.022822,107.0,7.331259,8.0,131.671708,132.0,7.683624,9.0,120.212289,120.0,7.69849,10.0,0.187495,0.188235,0.013113,0.019608,0.51636,0.517647,0.030132,0.035294,152.06616,3.008838,0.998622,0.467806,-0.882272,0.298092,0.298246,0.366985,0.366925,0.334923,0.336088,119.635607,119.666667,207.0,209.0,214.0,-100.0,-77.0,-94.0,0.516908,0.631579,0.560748,7405,7405,0,0.0,1.0,0.0,3686,pass,
glucose_10_c15_wD07,glucose_10_c15,glucose,10,15.0,D07,4,7,crops/glucose/glucose_10_c15/glucose_10_c15_wD07.png,65.525,104.408444,104.0,7.905451,7.0,127.719128,128.0,7.94614,8.0,117.279358,117.0,7.838722,8.0,0.183105,0.180392,0.013398,0.011765,0.500859,0.501961,0.031161,0.031373,153.274416,2.580724,0.998986,0.449262,-0.892265,0.298653,0.299065,0.365672,0.365217,0.335675,0.336182,116.468977,116.0,199.0,202.0,206.0,-95.0,-74.0,-89.0,0.522613,0.633663,0.567961,6608,6608,0,0.0,1.0,0.0,3283,pass,
glucose_10_c15_wD08,glucose_10_c15,glucose,10,15.0,D08,4,8,crops/glucose/glucose_10_c15/glucose_10_c15_wD08.png,69.115,100.705978,101.0,12.696209,14.0,126.190082,127.0,12.712237,15.0,115.652038,116.0,12.386308,14.0,0.204038,0.2,0.02524,0.031373,0.494863,0.498039,0.049852,0.058824,155.217484,4.129981,0.997405,0.418087,-0.90555,0.293432,0.294286,0.36881,0.368272,0.337758,0.337143,114.182699,114.666667,211.0,214.0,219.0,-110.0,-87.0,-103.0,0.478673,0.593458,0.52968,7360,7360,0,0.0,1.0,0.0,3643,pass,
glucose_10_c15_wD09,glucose_10_c15,glucose,10,15.0,D09,4,9,crops/glucose/glucose_10_c15/glucose_10_c15_wD09.png,61.037,101.076869,102.0,10.279374,11.0,126.316716,127.0,9.957637,11.0,115.510546,117.0,10.064249,11.0,0.201209,0.2,0.022775,0.027451,0.49536,0.498039,0.03905,0.043137,154.230599,3.105302,0.998532,0.434112,-0.899229,0.294403,0.294595,0.368708,0.367925,0.33689,0.337047,114.301377,115.333333,59.0,72.0,68.0,43.0,55.0,49.0,1.728814,1.763889,1.720588,5737,5737,0,0.0,1.0,0.0,2847,pass,
glucose_10_c15_wD10,glucose_10_c15,glucose,10,15.0,D10,4,10,crops/glucose/glucose_10_c15/glucose_10_c15_wD10.png,65.525,98.621175,98.0,11.50767,14.0,124.710845,125.0,11.602114,14.0,113.776886,114.0,11.143594,14.0,0.210959,0.207843,0.02197,0.027451,0.489062,0.490196,0.045498,0.054902,154.976138,4.008587,0.997556,0.421962,-0.903917,0.292073,0.292537,0.37028,0.369863,0.337647,0.337278,112.369635,112.333333,203.0,207.0,212.0,-105.0,-82.0,-98.0,0.482759,0.603865,0.537736,6602,6602,0,0.0,1.0,0.0,3284,pass,
glucose_10_c15_wD11,glucose_10_c15,glucose,10,15.0,D11,4,11,crops/glucose/glucose_10_c15/glucose_10_c15_wD11.png,64.403,105.207922,106.0,12.333931,14.0,132.652889,133.0,12.334144,14.0,122.418506,123.0,11.951603,14.0,0.208896,0.207843,0.02282,0.023529,0.520207,0.521569,0.048369,0.054902,157.619318,4.525739,0.996885,0.379573,-0.921794,0.291504,0.292169,0.368543,0.368132,0.339953,0.340974,120.093106,120.666667,207.0,210.0,214.0,-101.0,-77.0,-91.0,0.512077,0.633333,0.574766,6387,6387,0,0.0,1.0,0.0,3165,pass,
glucose_10_c15_wD12,glucose_10_c15,glucose,10,15.0,D12,4,12,crops/glucose/glucose_10_c15/glucose_10_c15_wD12.png,71.359,115.243461,117.0,12.635351,18.0,142.872273,145.0,13.096929,18.0,128.578793,130.0,12.53548,17.0,0.194809,0.192157,0.018922,0.027451,0.560283,0.568627,0.051361,0.070588,148.984069,2.708199,0.998884,0.514701,-0.856067,0.297683,0.298201,0.36976,0.368957,0.332557,0.333333,128.898175,130.666667,213.0,218.0,222.0,-96.0,-73.0,-92.0,0.549296,0.665138,0.585586,7837,7837,0,0.0,1.0,0.0,3890,pass,
glucose_10_c15_wE01,glucose_10_c15,glucose,10,15.0,E01,5,1,crops/glucose/glucose_10_c15/glucose_10_c15_wE01.png,69.115,139.677507,140.0,4.909879,7.0,163.109947,163.0,4.442603,6.0,149.690978,150.0,4.995538,7.0,0.143807,0.145098,0.00981,0.011765,0.639647,0.639216,0.017422,0.023529,146.161139,2.441498,0.999093,0.556354,-0.829853,0.308661,0.30819,0.360533,0.360619,0.330806,0.330508,150.826144,150.666667,205.0,209.0,212.0,-65.0,-46.0,-62.0,0.682927,0.779904,0.707547,7349,7349,0,0.0,1.0,0.0,3644,pass,
glucose_10_c15_wE02,glucose_10_c15,glucose,10,15.0,E02,5,2,crops/glucose/glucose_10_c15/glucose_10_c15_wE02.png,67.993,115.662029,116.0,9.504771,11.0,141.884626,142.0,9.361804,12.0,129.981169,130.0,9.264275,11.0,0.185547,0.184314,0.014766,0.015686,0.55641,0.556863,0.036713,0.047059,152.385296,3.296899,0.998346,0.462757,-0.884619,0.298247,0.298667,0.366302,0.365915,0.33545,0.336683,129.175942,129.666667,208.0,213.0,216.0,-92.0,-71.0,-86.0,0.557692,0.666667,0.601852,7116,7116,0,0.0,1.0,0.0,3539,pass,
glucose_10_c15_wE03,glucose_10_c15,glucose,10,15.0,E03,5,3,crops/glucose/glucose_10_c15/glucose_10_c15_wE03.png,68.442,107.980684,108.0,8.926918,11.0,134.005281,134.0,8.849852,11.0,122.080183,122.0,8.756358,11.0,0.194973,0.196078,0.015271,0.019608,0.525511,0.52549,0.034705,0.043137,152.171962,2.694388,0.998895,0.466304,-0.883375,0.296376,0.296196,0.368273,0.367688,0.335352,0.336842,121.355383,121.666667,210.0,214.0,218.0,-102.0,-80.0,-96.0,0.514286,0.626168,0.559633,7196,7196,0,0.0,1.0,0.0,3608,pass,
glucose_10_c15_wE04,glucose_10_c15,glucose,10,15.0,E04,5,4,crops/glucose/glucose_10_c15/glucose_10_c15_wE04.png,65.076,110.316886,110.0,7.830614,10.0,133.966135,133.0,8.08046,10.0,122.815048,122.0,7.9144,9.0,0.176937,0.176471,0.012145,0.015686,0.525357,0.521569,0.031688,0.039216,151.846543,2.95496,0.998671,0.471208,-0.880515,0.300394,0.300813,0.365038,0.364796,0.334567,0.336,122.366023,122.0,196.0,200.0,204.0,-86.0,-67.0,-82.0,0.561224,0.665,0.598039,6526,6526,0,0.0,1.0,0.0,3232,pass,
glucose_10_c15_wE05,glucose_10_c15,glucose,10,15.0,E05,5,5,crops/glucose/glucose_10_c15/glucose_10_c15_wE05.png,65.525,106.367952,107.0,11.153179,11.0,131.401965,132.0,11.291989,11.0,120.499622,121.0,11.161806,11.0,0.191846,0.192157,0.021495,0.019608,0.515302,0.517647,0.044282,0.043137,153.588647,1.830159,0.99949,0.444586,-0.895167,0.296527,0.29697,0.367097,0.366848,0.336376,0.336815,119.42318,119.666667,198.0,202.0,207.0,-91.0,-70.0,-86.0,0.540404,0.653465,0.584541,6615,6615,0,0.0,1.0,0.0,3280,pass,
glucose_10_c15_wE06,glucose_10_c15,glucose,10,15.0,E06,5,6,crops/glucose/glucose_10_c15/glucose_10_c15_wE06.png,70.462,107.583911,108.0,9.937828,12.0,133.413342,134.0,9.808005,12.0,121.24225,122.0,9.856268,12.0,0.194633,0.192157,0.017441,0.019608,0.52319,0.52549,0.038463,0.047059,151.490694,2.738322,0.998859,0.476757,-0.877737,0.296724,0.296791,0.368561,0.368,0.334715,0.333333,120.746501,121.0,210.0,213.0,218.0,-102.0,-79.0,-96.0,0.514286,0.629108,0.559633,7645,7645,0,0.0,1.0,0.0,3793,pass,
glucose_10_c15_wE07,glucose_10_c15,glucose,10,15.0,E07,5,7,crops/glucose/glucose_10_c15/glucose_10_c15_wE07.png,66.647,105.274203,106.0,9.578533,9.0,131.246271,132.0,9.294201,9.0,119.715268,120.0,9.376346,10.0,0.198979,0.196078,0.01978,0.019608,0.514691,0.517647,0.036448,0.035294,153.041089,2.19112,0.999269,0.45302,-0.89068,0.295224,0.29558,0.368691,0.367978,0.336086,0.336927,118.745247,119.666667,204.0,207.0,212.0,-98.0,-75.0,-92.0,0.519608,0.637681,0.566038,6838,6838,0,0.0,1.0,0.0,3386,pass,
glucose_10_c15_wE08,glucose_10_c15,glucose,10,15.0,E08,5,8,crops/glucose/glucose_10_c15/glucose_10_c15_wE08.png,62.159,102.484039,103.0,10.137549,12.0,128.555948,129.0,10.26688,12.0,117.68498,118.0,10.123667,12.0,0.204043,0.203922,0.018739,0.019608,0.504141,0.505882,0.040262,0.047059,154.771987,2.649989,0.998931,0.425766,-0.903652,0.293563,0.293948,0.368918,0.368421,0.337519,0.337143,116.241655,116.666667,99.0,108.0,111.0,4.0,21.0,7.0,1.040404,1.194444,1.063063,5952,5952,0,0.0,1.0,0.0,2945,pass,
glucose_10_c15_wE09,glucose_10_c15,glucose,10,15.0,E09,5,9,crops/glucose/glucose_10_c15/glucose_10_c15_wE09.png,64.852,103.791171,106.0,12.879596,14.5,130.36271,132.0,12.815933,15.0,118.656274,121.0,12.744594,15.0,0.206072,0.2,0.025288,0.027451,0.511226,0.517647,0.050259,0.058824,153.230505,1.797297,0.999508,0.450181,-0.892387,0.293627,0.294944,0.36999,0.368957,0.336384,0.336957,117.603385,119.666667,204.0,208.5,211.0,-98.0,-76.5,-90.0,0.519608,0.633094,0.57346,6479,6479,0,0.0,1.0,0.0,3226,pass,
glucose_10_c15_wE10,glucose_10_c15,glucose,10,15.0,E10,5,10,crops/glucose/glucose_10_c15/glucose_10_c15_wE10.png,66.198,108.631704,109.0,11.991654,14.0,135.464889,136.0,11.913846,14.0,123.284741,124.0,12.069937,14.0,0.19983,0.196078,0.02119,0.027451,0.531235,0.533333,0.046721,0.054902,152.524171,2.649674,0.998931,0.460881,-0.886257,0.295294,0.295918,0.369129,0.3687,0.335577,0.336634,122.460444,123.0,210.0,215.0,217.0,-101.0,-79.0,-93.0,0.519048,0.632558,0.571429,6750,6750,0,0.0,1.0,0.0,3338,pass,
glucose_10_c15_wE11,glucose_10_c15,glucose,10,15.0,E11,5,11,crops/glucose/glucose_10_c15/glucose_10_c15_wE11.png,65.974,107.790448,109.0,12.903221,15.0,135.872985,137.0,12.199834,14.0,124.163881,125.0,12.360928,14.0,0.208981,0.207843,0.028807,0.035294,0.532835,0.537255,0.047842,0.054902,154.870585,3.141458,0.998498,0.424026,-0.903991,0.29246,0.292978,0.369899,0.369272,0.33764,0.337176,122.609104,123.666667,210.0,214.0,218.0,-101.0,-77.0,-93.0,0.519048,0.640187,0.573394,6700,6700,0,0.0,1.0,0.0,3316,pass,
glucose_10_c15_wE12,glucose_10_c15,glucose,10,15.0,E12,5,12,crops/glucose/glucose_10_c15/glucose_10_c15_wE12.png,70.686,118.013775,120.0,14.071573,16.0,146.663158,149.0,13.538849,14.0,132.548408,135.0,13.888743,15.0,0.197537,0.192157,0.026316,0.031373,0.57515,0.584314,0.053094,0.054902,150.284642,3.374767,0.998267,0.494832,-0.866993,0.296579,0.297436,0.369746,0.368159,0.333675,0.333333,132.408447,134.666667,215.0,220.0,224.0,-95.0,-71.0,-89.0,0.55814,0.677273,0.602679,7695,7695,0,0.0,1.0,0.0,3827,pass,
glucose_10_c15_wF01,glucose_10_c15,glucose,10,15.0,F01,6,1,crops/glucose/glucose_10_c15/glucose_10_c15_wF01.png,64.178,132.677491,133.0,7.100945,10.0,158.032629,159.0,6.370574,9.0,144.567465,145.0,6.683735,9.0,0.160701,0.160784,0.01309,0.023529,0.619736,0.623529,0.024983,0.035294,148.254364,2.120811,0.999315,0.525789,-0.84981,0.304711,0.304054,0.363162,0.363014,0.332127,0.331878,145.092528,145.666667,195.0,200.0,202.0,-62.0,-41.0,-57.0,0.682051,0.795,0.717822,6344,6344,0,0.0,1.0,0.0,3154,pass,
glucose_10_c15_wF02,glucose_10_c15,glucose,10,15.0,F02,6,2,crops/glucose/glucose_10_c15/glucose_10_c15_wF02.png,65.749,120.094572,120.0,5.516334,5.0,146.270937,146.0,5.458194,5.0,133.448203,134.0,5.35588,5.0,0.178989,0.176471,0.009189,0.011765,0.573612,0.572549,0.021405,0.019608,150.520574,1.856758,0.999475,0.491853,-0.870075,0.300312,0.300505,0.365902,0.365672,0.333786,0.333333,133.271237,133.0,196.0,200.0,204.0,-76.0,-54.0,-70.0,0.612245,0.73,0.656863,6651,6651,0,0.0,1.0,0.0,3307,pass,
glucose_10_c15_wF03,glucose_10_c15,glucose,10,15.0,F03,6,3,crops/glucose/glucose_10_c15/glucose_10_c15_wF03.png,62.608,112.593838,114.0,9.443766,9.0,138.893656,140.0,9.432126,9.0,126.735299,128.0,9.434525,9.0,0.190237,0.188235,0.017049,0.015686,0.544681,0.54902,0.036989,0.035294,152.011096,2.419386,0.999109,0.468882,-0.882252,0.297459,0.297927,0.367447,0.366925,0.335094,0.336562,126.074264,127.666667,114.0,121.0,122.0,0.0,19.0,6.0,1.0,1.157025,1.04918,6037,6037,0,0.0,1.0,0.0,2998,pass,
glucose_10_c15_wF04,glucose_10_c15,glucose,10,15.0,F04,6,4,crops/glucose/glucose_10_c15/glucose_10_c15_wF04.png,69.564,116.454863,118.0,7.406717,7.0,141.844841,143.0,7.225487,7.0,130.519747,132.0,7.435574,7.0,0.179378,0.180392,0.014684,0.019608,0.556254,0.560784,0.028335,0.027451,152.952858,2.389152,0.999131,0.454328,-0.889859,0.299384,0.299213,0.36494,0.364796,0.335676,0.336538,129.606484,130.666667,204.0,208.0,212.0,-86.0,-65.0,-80.0,0.578431,0.6875,0.622642,7444,7444,0,0.0,1.0,0.0,3686,pass,
glucose_10_c15_wF05,glucose_10_c15,glucose,10,15.0,F05,6,5,crops/glucose/glucose_10_c15/glucose_10_c15_wF05.png,60.812,111.549236,112.0,9.740178,10.0,138.460067,139.0,9.549325,9.0,127.240829,128.0,9.709015,9.0,0.195489,0.196078,0.017779,0.019608,0.542981,0.545098,0.037448,0.035294,154.650663,2.1554,0.999293,0.427833,-0.903075,0.295434,0.295039,0.367262,0.367609,0.337304,0.336898,125.750044,126.666667,41.0,54.5,53.0,71.0,84.5,75.0,2.731707,2.550459,2.415094,5697,5697,0,0.0,1.0,0.0,2830,pass,
glucose_10_c15_wF06,glucose_10_c15,glucose,10,15.0,F06,6,6,crops/glucose/glucose_10_c15/glucose_10_c15_wF06.png,65.749,112.615234,114.0,9.411592,9.0,138.809645,140.0,9.553382,9.0,128.426082,130.0,9.832962,10.0,0.189458,0.188235,0.015235,0.015686,0.544352,0.54902,0.037464,0.035294,156.234723,3.835368,0.997762,0.402089,-0.913156,0.296279,0.296675,0.365652,0.364865,0.33807,0.337209,126.616987,128.0,204.0,209.0,212.0,-90.0,-69.0,-82.0,0.558824,0.669856,0.613208,6656,6656,0,0.0,1.0,0.0,3297,pass,
glucose_10_c15_wF07,glucose_10_c15,glucose,10,15.0,F07,6,7,crops/glucose/glucose_10_c15/glucose_10_c15_wF07.png,69.788,113.226418,113.0,7.38703,8.0,140.124083,140.0,7.2045,8.0,128.931688,129.0,7.281539,8.0,0.192475,0.192157,0.013959,0.015686,0.549506,0.54902,0.028253,0.031373,154.721009,2.844541,0.998768,0.4265,-0.903125,0.296049,0.295918,0.366668,0.36631,0.337283,0.336815,127.427396,127.666667,212.0,217.0,221.0,-99.0,-77.0,-92.0,0.533019,0.645161,0.58371,7495,7495,0,0.0,1.0,0.0,3716,pass,
glucose_10_c15_wF08,glucose_10_c15,glucose,10,15.0,F08,6,8,crops/glucose/glucose_10_c15/glucose_10_c15_wF08.png,65.974,114.441242,115.0,7.735291,8.0,141.227565,142.0,7.420609,7.0,129.702105,130.0,7.363802,8.0,0.19026,0.184314,0.015347,0.019608,0.553834,0.556863,0.0291,0.027451,153.844835,2.026145,0.999375,0.440528,-0.897043,0.296793,0.297814,0.366606,0.365915,0.336601,0.336761,128.456971,128.666667,203.0,208.0,212.0,-88.0,-66.0,-82.0,0.566502,0.682692,0.613208,6697,6697,0,0.0,1.0,0.0,3334,pass,
glucose_10_c15_wF09,glucose_10_c15,glucose,10,15.0,F09,6,9,crops/glucose/glucose_10_c15/glucose_10_c15_wF09.png,64.403,115.642018,117.0,8.045354,8.0,142.624471,144.0,7.922257,8.0,131.380072,133.0,8.158522,8.0,0.189882,0.188235,0.014247,0.015686,0.559312,0.564706,0.031068,0.031373,154.813336,3.776863,0.99783,0.424645,-0.902962,0.29663,0.29703,0.366197,0.365385,0.337173,0.336709,129.882187,131.666667,203.0,208.0,211.0,-86.0,-64.0,-78.0,0.576355,0.692308,0.630332,6383,6383,0,0.0,1.0,0.0,3163,pass,
glucose_10_c15_wF10,glucose_10_c15,glucose,10,15.0,F10,6,10,crops/glucose/glucose_10_c15/glucose_10_c15_wF10.png,69.788,120.027618,120.0,8.005546,9.0,146.928085,147.0,7.745573,8.0,134.880587,135.0,8.348578,10.0,0.183596,0.180392,0.014233,0.019608,0.576189,0.576471,0.030375,0.031373,152.771551,3.14808,0.998492,0.456849,-0.887848,0.298571,0.298795,0.365809,0.364929,0.33562,0.336538,133.94543,134.0,216.0,219.0,224.0,-96.0,-72.0,-89.0,0.555556,0.671233,0.602679,7495,7495,0,0.0,1.0,0.0,3722,pass,
glucose_10_c15_wF11,glucose_10_c15,glucose,10,15.0,F11,6,11,crops/glucose/glucose_10_c15/glucose_10_c15_wF11.png,65.3,126.369095,127.0,8.562819,8.0,153.658031,155.0,8.343423,7.0,142.096769,143.0,8.51579,8.0,0.178155,0.176471,0.01558,0.015686,0.602581,0.607843,0.032719,0.027451,154.316829,2.253869,0.999227,0.433059,-0.900507,0.299215,0.299505,0.364157,0.363865,0.336628,0.336449,140.707965,141.666667,207.0,211.0,216.0,-80.0,-56.0,-73.0,0.613527,0.734597,0.662037,6562,6562,0,0.0,1.0,0.0,3251,pass,
glucose_10_c15_wF12,glucose_10_c15,glucose,10,15.0,F12,6,12,crops/glucose/glucose_10_c15/glucose_10_c15_wF12.png,70.462,130.772906,131.0,5.909339,6.0,157.376832,157.0,5.574086,7.0,146.930497,147.0,5.861469,7.0,0.169125,0.168627,0.009789,0.007843,0.617164,0.615686,0.021859,0.027451,156.412143,4.517527,0.996897,0.398913,-0.913603,0.300506,0.3,0.361783,0.361305,0.337711,0.339326,145.026745,145.0,216.0,221.0,224.0,-85.0,-64.0,-77.0,0.606481,0.710407,0.65625,7640,7640,0,0.0,1.0,0.0,3787,pass,
glucose_10_c15_wG01,glucose_10_c15,glucose,10,15.0,G01,7,1,crops/glucose/glucose_10_c15/glucose_10_c15_wG01.png,67.32,136.734299,137.0,5.026866,5.0,162.168483,163.0,4.620018,4.0,149.727129,150.0,4.497454,4.0,0.156859,0.156863,0.009345,0.011765,0.635955,0.639216,0.018118,0.015686,150.62217,2.937982,0.998686,0.489922,-0.870259,0.304735,0.304444,0.361505,0.36129,0.33376,0.333333,149.543304,150.0,208.0,213.0,216.0,-71.0,-50.0,-66.0,0.658654,0.765258,0.694444,6974,6974,0,0.0,1.0,0.0,3454,pass,
glucose_10_c15_wG02,glucose_10_c15,glucose,10,15.0,G02,7,2,crops/glucose/glucose_10_c15/glucose_10_c15_wG02.png,61.71,125.249104,125.0,4.516953,5.0,152.645723,153.0,4.461125,5.0,140.927267,141.0,4.448883,4.0,0.179512,0.180392,0.008085,0.011765,0.598611,0.6,0.017495,0.019608,153.994731,1.145546,0.9998,0.438366,-0.898574,0.299013,0.298824,0.364498,0.364706,0.336489,0.336516,139.607364,139.666667,72.0,85.0,79.0,53.0,68.0,62.0,1.736111,1.8,1.78481,5857,5857,0,0.0,1.0,0.0,2898,pass,
glucose_10_c15_wG03,glucose_10_c15,glucose,10,15.0,G03,7,3,crops/glucose/glucose_10_c15/glucose_10_c15_wG03.png,70.013,119.717823,120.0,6.526203,8.0,146.33223,147.0,5.963579,7.0,133.723914,134.0,5.852682,6.0,0.182264,0.180392,0.013903,0.019608,0.573852,0.576471,0.023387,0.027451,151.424354,3.161583,0.998479,0.477591,-0.87685,0.299346,0.299505,0.366122,0.365854,0.334533,0.333333,133.257989,134.0,207.0,211.0,216.0,-87.0,-64.0,-82.0,0.57971,0.696682,0.62037,7552,7552,0,0.0,1.0,0.0,3747,pass,
glucose_10_c15_wG04,glucose_10_c15,glucose,10,15.0,G04,7,4,crops/glucose/glucose_10_c15/glucose_10_c15_wG04.png,67.096,127.863453,128.0,5.759003,6.0,151.936057,152.0,5.508034,6.0,140.461028,140.0,5.779626,6.0,0.158591,0.156863,0.011309,0.011765,0.595828,0.596078,0.0216,0.023529,151.505111,2.862938,0.998752,0.476485,-0.877763,0.30419,0.304762,0.361594,0.361174,0.334216,0.335616,140.086846,140.0,206.0,210.0,214.0,-78.0,-58.0,-74.0,0.621359,0.72381,0.654206,6928,6928,0,0.0,1.0,0.0,3446,pass,
glucose_10_c15_wG05,glucose_10_c15,glucose,10,15.0,G05,7,5,crops/glucose/glucose_10_c15/glucose_10_c15_wG05.png,65.974,118.5,119.0,5.530247,6.0,144.474462,145.0,5.352782,6.0,132.856332,133.0,5.603189,7.0,0.17985,0.180392,0.009489,0.007843,0.566567,0.568627,0.020991,0.023529,152.778219,2.27234,0.999214,0.457076,-0.888543,0.299307,0.299252,0.36506,0.364557,0.335633,0.336609,131.943598,132.0,205.0,209.0,211.0,-86.0,-64.0,-78.0,0.580488,0.69378,0.630332,6696,6696,0,0.0,1.0,0.0,3327,pass,
glucose_10_c15_wG06,glucose_10_c15,glucose,10,15.0,G06,7,6,crops/glucose/glucose_10_c15/glucose_10_c15_wG06.png,66.198,116.68507,117.0,7.396799,8.0,142.931285,143.0,6.937015,7.0,131.634907,132.0,7.176028,8.0,0.184098,0.184314,0.015098,0.015686,0.560515,0.560784,0.027204,0.027451,153.962076,2.844468,0.998768,0.438425,-0.897397,0.298093,0.298201,0.365452,0.365285,0.336455,0.336709,130.417087,130.666667,204.0,208.0,212.0,-87.0,-65.0,-80.0,0.573529,0.6875,0.622642,6738,6738,0,0.0,1.0,0.0,3350,pass,
glucose_10_c15_wG07,glucose_10_c15,glucose,10,15.0,G07,7,7,crops/glucose/glucose_10_c15/glucose_10_c15_wG07.png,67.993,118.863406,118.0,6.86468,6.0,144.562114,144.0,6.710817,7.0,134.438027,135.0,7.061678,7.0,0.178008,0.180392,0.013103,0.011765,0.56691,0.564706,0.026317,0.027451,156.411435,3.739514,0.997872,0.399315,-0.914493,0.298666,0.29803,0.363446,0.363196,0.337888,0.336927,132.621182,132.333333,201.0,205.0,210.0,-83.0,-61.0,-75.0,0.587065,0.702439,0.642857,7116,7116,0,0.0,1.0,0.0,3526,pass,
glucose_10_c15_wG08,glucose_10_c15,glucose,10,15.0,G08,7,8,crops/glucose/glucose_10_c15/glucose_10_c15_wG08.png,64.627,123.269942,124.0,6.031269,6.0,149.942155,150.0,5.915048,6.0,138.654175,139.0,6.332355,7.0,0.17811,0.176471,0.011232,0.015686,0.588008,0.588235,0.023196,0.023529,154.336862,2.861654,0.998754,0.432539,-0.900232,0.299234,0.29927,0.364136,0.363636,0.33663,0.336585,137.288758,137.666667,154.0,161.0,161.0,-30.0,-11.0,-22.0,0.805195,0.931677,0.863354,6431,6431,0,0.0,1.0,0.0,3191,pass,
glucose_10_c15_wG09,glucose_10_c15,glucose,10,15.0,G09,7,9,crops/glucose/glucose_10_c15/glucose_10_c15_wG09.png,66.422,123.923315,125.0,6.973931,8.0,150.386223,152.0,6.770476,7.0,138.125846,139.0,7.382934,7.0,0.176273,0.172549,0.011052,0.015686,0.58975,0.596078,0.026551,0.027451,151.911267,4.377076,0.997086,0.469466,-0.879649,0.300386,0.300716,0.364748,0.364066,0.334865,0.336216,137.478461,138.666667,204.0,208.0,213.0,-79.0,-56.0,-74.0,0.612745,0.730769,0.652582,6794,6794,0,0.0,1.0,0.0,3363,pass,
glucose_10_c15_wG10,glucose_10_c15,glucose,10,15.0,G10,7,10,crops/glucose/glucose_10_c15/glucose_10_c15_wG10.png,65.974,126.368916,127.0,7.182967,7.0,152.695879,153.0,6.616928,6.0,140.756047,141.0,7.169173,7.0,0.172807,0.172549,0.014515,0.019608,0.598807,0.6,0.025949,0.023529,152.459275,2.151506,0.999295,0.462053,-0.886057,0.300899,0.301099,0.363844,0.362981,0.335257,0.336343,139.940281,140.666667,208.0,213.0,217.0,-81.0,-60.0,-76.0,0.610577,0.71831,0.64977,6698,6698,0,0.0,1.0,0.0,3336,pass,
glucose_10_c15_wG11,glucose_10_c15,glucose,10,15.0,G11,7,11,crops/glucose/glucose_10_c15/glucose_10_c15_wG11.png,65.3,127.279488,127.0,6.352557,7.0,153.0637,153.0,6.396973,7.0,140.950625,141.0,6.61019,8.0,0.168546,0.168627,0.011075,0.015686,0.60025,0.6,0.025086,0.027451,151.592065,3.045282,0.998589,0.475075,-0.878341,0.302061,0.301843,0.363386,0.363196,0.334553,0.335917,140.431271,140.666667,201.0,205.0,209.0,-74.0,-52.0,-68.0,0.631841,0.746341,0.674641,6562,6562,0,0.0,1.0,0.0,3251,pass,
glucose_10_c15_wG12,glucose_10_c15,glucose,10,15.0,G12,7,12,crops/glucose/glucose_10_c15/glucose_10_c15_wG12.png,65.749,135.711689,136.0,6.71854,4.0,162.269982,163.0,6.589001,5.0,149.820463,150.0,6.761169,6.0,0.163922,0.160784,0.010899,0.007843,0.636353,0.639216,0.025839,0.019608,151.603008,2.616184,0.998958,0.475083,-0.878757,0.302983,0.303297,0.36245,0.362222,0.334567,0.333333,149.267378,149.666667,207.0,213.0,216.0,-71.0,-50.0,-66.0,0.657005,0.765258,0.694444,6656,6656,0,0.0,1.0,0.0,3291,pass,
glucose_10_c15_wH01,glucose_10_c15,glucose,10,15.0,H01,8,1,crops/glucose/glucose_10_c15/glucose_10_c15_wH01.png,67.096,134.377813,134.0,4.786761,5.0,160.792845,161.0,4.462166,4.0,146.224466,146.0,4.489083,3.0,0.164136,0.164706,0.009938,0.003922,0.63056,0.631373,0.017499,0.015686,146.518258,1.735906,0.999541,0.551418,-0.833679,0.304395,0.303855,0.364324,0.364865,0.33128,0.331081,147.131708,147.0,199.0,203.0,207.0,-65.0,-42.0,-61.0,0.673367,0.793103,0.705314,6932,6932,0,0.0,1.0,0.0,3429,pass,
glucose_10_c15_wH02,glucose_10_c15,glucose,10,15.0,H02,8,2,crops/glucose/glucose_10_c15/glucose_10_c15_wH02.png,62.383,126.099883,126.0,5.718701,6.0,152.397365,152.0,5.721513,6.0,140.041521,140.0,5.532578,6.0,0.17255,0.172549,0.008308,0.007843,0.597637,0.596078,0.022437,0.023529,151.587193,2.276899,0.999211,0.475445,-0.878848,0.301228,0.301176,0.364161,0.364066,0.334611,0.333333,139.512923,139.0,77.0,89.0,85.0,49.0,63.0,55.0,1.636364,1.707865,1.647059,5997,5997,0,0.0,1.0,0.0,2968,pass,
glucose_10_c15_wH03,glucose_10_c15,glucose,10,15.0,H03,8,3,crops/glucose/glucose_10_c15/glucose_10_c15_wH03.png,67.544,118.496654,118.0,8.181217,7.0,144.682899,144.0,7.806236,6.0,131.608429,132.0,8.000384,7.0,0.181616,0.180392,0.016398,0.019608,0.567384,0.564706,0.030613,0.023529,150.03437,1.991349,0.999396,0.499179,-0.865802,0.299983,0.3,0.366655,0.366162,0.333362,0.333333,131.595994,131.666667,203.0,208.0,212.5,-85.0,-64.0,-80.5,0.581281,0.692308,0.621176,7023,7023,0,0.0,1.0,0.0,3484,pass,
glucose_10_c15_wH04,glucose_10_c15,glucose,10,15.0,H04,8,4,crops/glucose/glucose_10_c15/glucose_10_c15_wH04.png,67.096,123.167003,123.0,6.153646,7.0,149.379971,150.0,6.120865,7.0,137.264265,138.0,6.474193,7.0,0.175602,0.172549,0.010861,0.011765,0.585804,0.588235,0.024003,0.027451,151.933691,2.538159,0.999019,0.470032,-0.881538,0.300487,0.300254,0.364592,0.363636,0.334921,0.336449,136.603746,136.666667,197.0,200.0,205.0,-74.0,-50.0,-67.0,0.624365,0.75,0.673171,6940,6940,0,0.0,1.0,0.0,3451,pass,
glucose_10_c15_wH05,glucose_10_c15,glucose,10,15.0,H05,8,5,crops/glucose/glucose_10_c15/glucose_10_c15_wH05.png,66.871,118.482353,118.0,7.857547,7.0,145.147858,145.0,7.582818,6.0,132.600871,133.0,7.680278,7.0,0.184347,0.184314,0.015386,0.019608,0.569207,0.568627,0.029737,0.023529,151.617888,2.66965,0.998915,0.474834,-0.878843,0.298875,0.298507,0.366459,0.366584,0.334666,0.335586,132.077027,131.666667,202.0,206.0,211.0,-84.0,-61.0,-78.0,0.584158,0.703883,0.630332,6885,6885,0,0.0,1.0,0.0,3417,pass,
glucose_10_c15_wH06,glucose_10_c15,glucose,10,15.0,H06,8,6,crops/glucose/glucose_10_c15/glucose_10_c15_wH06.png,70.686,117.581546,118.0,7.904322,8.0,145.127225,145.0,7.742614,7.0,132.330214,133.0,8.231463,8.0,0.190546,0.192157,0.014006,0.011765,0.569126,0.568627,0.030363,0.027451,151.870493,2.757483,0.998843,0.47092,-0.880863,0.297511,0.297297,0.367547,0.367089,0.334942,0.336471,131.679662,131.666667,209.0,213.0,218.0,-91.0,-68.0,-85.0,0.564593,0.680751,0.610092,7695,7695,0,0.0,1.0,0.0,3815,pass,
glucose_10_c15_wH07,glucose_10_c15,glucose,10,15.0,H07,8,7,crops/glucose/glucose_10_c15/glucose_10_c15_wH07.png,61.261,124.065639,124.0,4.45969,4.0,150.210772,150.0,4.379719,3.0,138.926741,139.0,4.474846,4.0,0.17401,0.172549,0.006647,0.003922,0.589062,0.588235,0.017175,0.011765,153.570784,1.282025,0.99975,0.44498,-0.895261,0.300217,0.300242,0.363564,0.363196,0.336219,0.336538,137.734384,137.666667,64.0,78.0,70.0,60.0,72.0,69.0,1.9375,1.923077,1.985714,5774,5774,0,0.0,1.0,0.0,2851,pass,
glucose_10_c15_wH08,glucose_10_c15,glucose,10,15.0,H08,8,8,crops/glucose/glucose_10_c15/glucose_10_c15_wH08.png,70.462,129.46016,129.0,5.504493,7.0,155.764883,155.0,5.429993,6.0,143.826246,144.0,5.754055,6.0,0.168838,0.168627,0.008073,0.007843,0.610843,0.607843,0.021294,0.023529,152.379319,2.419141,0.999109,0.463203,-0.885247,0.301693,0.301703,0.363101,0.362613,0.335206,0.336364,143.017096,142.666667,210.0,215.0,219.0,-81.0,-60.0,-75.0,0.614286,0.72093,0.657534,7643,7643,0,0.0,1.0,0.0,3791,pass,
glucose_10_c15_wH09,glucose_10_c15,glucose,10,15.0,H09,8,9,crops/glucose/glucose_10_c15/glucose_10_c15_wH09.png,68.891,127.37252,128.0,18.961176,7.0,153.894895,155.0,19.18622,8.0,142.290406,143.0,18.921618,8.0,0.180323,0.168627,0.074064,0.015686,0.603519,0.607843,0.075212,0.031373,153.769824,5.109834,0.996031,0.440224,-0.893465,0.298082,0.301176,0.36555,0.362832,0.336368,0.336384,141.18594,142.0,214.0,218.0,222.0,-86.0,-63.0,-79.0,0.598131,0.711009,0.644144,7307,7307,0,0.0,1.0,0.004516,3636,pass,
glucose_10_c15_wH10,glucose_10_c15,glucose,10,15.0,H10,8,10,crops/glucose/glucose_10_c15/glucose_10_c15_wH10.png,64.627,123.013362,128.0,30.757757,11.0,148.17371,155.0,34.488367,10.0,137.025171,143.0,32.750497,12.0,0.195322,0.168627,0.131411,0.019608,0.581476,0.607843,0.133958,0.039216,153.369091,23.159665,0.921554,0.413079,-0.823789,0.296681,0.301402,0.368047,0.363218,0.335117,0.336226,136.070748,142.0,202.0,209.0,211.0,-74.0,-54.0,-68.0,0.633663,0.741627,0.677725,6436,6436,0,0.0,1.0,0.032318,3196,pass,
glucose_10_c15_wH11,glucose_10_c15,glucose,10,15.0,H11,8,11,crops/glucose/glucose_10_c15/glucose_10_c15_wH11.png,70.237,129.949928,131.0,6.839644,5.0,156.410199,157.0,6.522876,6.0,145.41099,146.0,7.07324,6.0,0.169355,0.164706,0.012337,0.007843,0.613373,0.615686,0.02558,0.023529,154.992818,3.754835,0.997855,0.421825,-0.904311,0.300878,0.301149,0.362363,0.361556,0.336759,0.336449,143.923705,144.666667,217.0,222.0,226.0,-86.0,-65.0,-80.0,0.603687,0.707207,0.646018,7589,7589,0,0.0,1.0,0.0,3768,pass,
glucose_10_c15_wH12,glucose_10_c15,glucose,10,15.0,H12,8,12,crops/glucose/glucose_10_c15/glucose_10_c15_wH12.png,70.013,132.724261,134.0,7.510667,8.0,160.206175,161.0,6.989659,7.0,150.520604,152.0,7.044912,8.0,0.171837,0.168627,0.013415,0.011765,0.62826,0.631373,0.02741,0.027451,158.90516,2.36639,0.999147,0.359606,-0.932191,0.299176,0.299776,0.361363,0.360544,0.339461,0.34,147.817013,149.0,217.0,222.0,227.0,-83.0,-61.0,-75.0,0.617512,0.725225,0.669604,7547,7547,0,0.0,1.0,0.0,3750,pass,
glucose_11_c20_wA01,glucose_11_c20,glucose,11,20.0,A01,1,1,crops/glucose/glucose_11_c20/glucose_11_c20_wA01.png,64.403,139.551103,139.0,8.907523,9.0,168.276413,169.0,7.999001,8.0,155.232118,155.0,8.342646,9.0,0.171309,0.172549,0.016442,0.019608,0.659908,0.662745,0.031369,0.031373,152.576542,2.957719,0.998668,0.45995,-0.886445,0.30122,0.30042,0.363537,0.363441,0.335244,0.336049,154.353211,154.666667,209.0,214.0,217.0,-70.0,-45.0,-62.0,0.665072,0.78972,0.714286,6389,6389,0,0.0,1.0,0.0,3180,pass,
glucose_11_c20_wA02,glucose_11_c20,glucose,11,20.0,A02,1,2,crops/glucose/glucose_11_c20/glucose_11_c20_wA02.png,60.139,145.526495,145.0,7.255256,5.0,172.026944,172.0,7.048957,6.0,160.063769,160.0,7.49512,7.0,0.154354,0.152941,0.010951,0.011765,0.674615,0.67451,0.027643,0.023529,152.570178,2.617691,0.998957,0.460181,-0.88665,0.304627,0.304979,0.360258,0.359914,0.335115,0.336066,159.205736,158.666667,84.0,98.0,91.0,61.0,74.0,69.0,1.72619,1.755102,1.758242,5567,5567,0,0.0,1.0,0.0,2769,pass,
glucose_11_c20_wA03,glucose_11_c20,glucose,11,20.0,A03,1,3,crops/glucose/glucose_11_c20/glucose_11_c20_wA03.png,67.993,137.091726,137.0,4.184519,4.0,165.1437,165.0,4.199479,4.0,152.717095,153.0,4.589547,5.0,0.16998,0.168627,0.008087,0.007843,0.647622,0.647059,0.016469,0.015686,153.184403,2.55292,0.999008,0.450673,-0.891578,0.301317,0.301518,0.363021,0.362637,0.335662,0.336226,151.65084,152.0,220.0,224.0,227.0,-83.0,-59.0,-74.0,0.622727,0.736607,0.674009,7119,7119,0,0.0,1.0,0.0,3539,pass,
glucose_11_c20_wA04,glucose_11_c20,glucose,11,20.0,A04,1,4,crops/glucose/glucose_11_c20/glucose_11_c20_wA04.png,63.505,133.644273,134.0,4.978584,6.0,161.250685,162.0,4.492263,5.0,150.55373,151.0,5.386254,7.0,0.171304,0.172549,0.010205,0.011765,0.632356,0.635294,0.017617,0.019608,156.690135,3.560855,0.998071,0.39494,-0.916606,0.299981,0.300221,0.362062,0.362637,0.337956,0.339019,148.482896,149.0,206.0,211.0,214.0,-72.0,-49.0,-63.0,0.650485,0.767773,0.705607,6207,6207,0,0.0,1.0,0.0,3082,pass,
glucose_11_c20_wA05,glucose_11_c20,glucose,11,20.0,A05,1,5,crops/glucose/glucose_11_c20/glucose_11_c20_wA05.png,66.647,128.826895,130.0,8.149738,9.0,156.561311,158.0,7.723196,8.0,145.096283,146.0,8.10251,9.0,0.177779,0.176471,0.016805,0.015686,0.613966,0.619608,0.030287,0.031373,155.120391,4.146325,0.997385,0.419613,-0.904821,0.299093,0.299771,0.363839,0.363431,0.337069,0.336384,143.49483,145.0,220.0,223.0,226.0,-90.0,-65.0,-80.0,0.590909,0.70852,0.646018,6834,6834,0,0.0,1.0,0.0,3396,pass,
glucose_11_c20_wA06,glucose_11_c20,glucose,11,20.0,A06,1,6,crops/glucose/glucose_11_c20/glucose_11_c20_wA06.png,64.403,130.682545,134.0,15.595556,10.0,157.245534,160.0,15.166703,8.0,146.078032,149.0,15.165416,8.0,0.171605,0.164706,0.03256,0.015686,0.616649,0.627451,0.059477,0.031373,154.554976,3.303569,0.998339,0.428931,-0.901498,0.300374,0.302059,0.362898,0.361364,0.336728,0.336343,144.668704,147.666667,211.0,215.0,218.0,-77.0,-55.0,-69.0,0.635071,0.744186,0.683486,6382,6382,0,0.0,1.0,0.0,3162,pass,
glucose_11_c20_wA07,glucose_11_c20,glucose,11,20.0,A07,1,7,crops/glucose/glucose_11_c20/glucose_11_c20_wA07.png,64.403,110.315534,115.0,25.248143,23.0,139.109302,144.0,25.248678,23.0,127.986063,132.0,24.131062,22.0,0.218524,0.2,0.070434,0.035294,0.545536,0.564706,0.09898,0.090196,157.707014,6.733669,0.993118,0.376732,-0.918888,0.28885,0.294118,0.37062,0.368159,0.34053,0.3382,125.803633,130.666667,208.0,212.0,214.0,-93.0,-68.0,-82.0,0.552885,0.679245,0.616822,6386,6386,0,0.0,1.0,0.0,3169,pass,
glucose_11_c20_wA08,glucose_11_c20,glucose,11,20.0,A08,1,8,crops/glucose/glucose_11_c20/glucose_11_c20_wA08.png,62.608,113.181863,115.0,14.963026,17.0,141.419264,144.0,14.994842,17.0,130.315484,132.0,14.402597,15.0,0.202201,0.196078,0.026682,0.027451,0.554585,0.564706,0.058803,0.066667,156.381206,4.856646,0.996414,0.399213,-0.912946,0.293368,0.294618,0.367855,0.367232,0.338777,0.337838,128.305537,130.666667,188.0,194.0,192.5,-73.0,-50.0,-60.5,0.611702,0.742268,0.685714,6032,6032,0,0.0,1.0,0.0,2994,pass,
glucose_11_c20_wA09,glucose_11_c20,glucose,11,20.0,A09,1,9,crops/glucose/glucose_11_c20/glucose_11_c20_wA09.png,63.954,115.312262,117.0,16.688824,20.0,144.693615,146.0,16.2848,20.0,131.10864,132.0,16.308755,19.0,0.206281,0.2,0.030817,0.031373,0.567426,0.572549,0.063862,0.078431,152.102253,2.788559,0.998816,0.467341,-0.882738,0.294033,0.2954,0.37067,0.369668,0.335298,0.334225,130.371506,131.333333,212.0,216.0,218.0,-95.0,-70.0,-86.0,0.551887,0.675926,0.605505,6296,6296,0,0.0,1.0,0.0,3132,pass,
glucose_11_c20_wA10,glucose_11_c20,glucose,11,20.0,A10,1,10,crops/glucose/glucose_11_c20/glucose_11_c20_wA10.png,63.281,123.394968,125.0,15.159991,18.0,152.988961,155.0,14.555621,17.0,138.596753,140.0,14.464333,16.0,0.195758,0.192157,0.026831,0.031373,0.599957,0.607843,0.057081,0.066667,150.827288,3.185901,0.998455,0.486691,-0.871806,0.296759,0.297436,0.369165,0.368539,0.334076,0.333333,138.326894,140.0,206.0,209.0,211.0,-81.0,-54.0,-71.0,0.606796,0.741627,0.663507,6160,6160,0,0.0,1.0,0.0,3055,pass,
glucose_11_c20_wA11,glucose_11_c20,glucose,11,20.0,A11,1,11,crops/glucose/glucose_11_c20/glucose_11_c20_wA11.png,60.588,144.331031,144.0,5.005847,5.0,170.574743,170.0,4.692114,5.0,157.388417,157.0,5.207647,6.0,0.153982,0.152941,0.007636,0.007843,0.668921,0.666667,0.0184,0.019608,149.614129,3.004074,0.998626,0.505126,-0.861454,0.305567,0.305499,0.361206,0.360934,0.333227,0.333333,157.431397,157.333333,69.0,82.0,71.0,75.0,88.0,86.0,2.086957,2.073171,2.211268,5646,5646,0,0.0,1.0,0.0,2800,pass,
glucose_11_c20_wA12,glucose_11_c20,glucose,11,20.0,A12,1,12,crops/glucose/glucose_11_c20/glucose_11_c20_wA12.png,69.564,153.226638,153.0,6.250171,7.0,178.18797,179.0,5.600954,6.0,165.390977,166.0,5.655614,6.0,0.14031,0.137255,0.010753,0.015686,0.698776,0.701961,0.021965,0.023529,149.514598,3.900905,0.997685,0.506144,-0.859763,0.308364,0.309572,0.358713,0.3583,0.332923,0.332024,165.601862,166.0,216.0,220.0,222.0,-63.0,-41.0,-56.0,0.708333,0.813636,0.747748,7448,7448,0,0.0,1.0,0.0,3696,pass,
glucose_11_c20_wB01,glucose_11_c20,glucose,11,20.0,B01,2,1,crops/glucose/glucose_11_c20/glucose_11_c20_wB01.png,59.69,134.591937,139.0,18.99351,15.0,162.744072,167.0,18.949827,14.0,149.427581,153.0,18.317768,13.0,0.176637,0.168627,0.034928,0.027451,0.638212,0.654902,0.074313,0.054902,151.751031,5.231585,0.99584,0.471335,-0.877235,0.300306,0.302013,0.365006,0.363825,0.334689,0.334066,148.921197,153.0,76.0,91.0,85.0,63.0,76.0,68.0,1.828947,1.835165,1.8,5482,5482,0,0.0,1.0,0.0,2727,pass,
glucose_11_c20_wB02,glucose_11_c20,glucose,11,20.0,B02,2,2,crops/glucose/glucose_11_c20/glucose_11_c20_wB02.png,59.242,127.672468,129.0,12.942781,16.0,157.383262,159.0,12.240029,15.0,146.115164,148.0,11.982014,15.0,0.190313,0.188235,0.022801,0.031373,0.617189,0.623529,0.048,0.058824,157.354959,3.807534,0.997794,0.384172,-0.920872,0.295695,0.29646,0.365293,0.364706,0.339012,0.339827,143.723631,145.666667,67.0,81.0,76.0,62.0,78.0,72.0,1.925373,1.962963,1.947368,5401,5401,0,0.0,1.0,0.0,2677,pass,
glucose_11_c20_wB03,glucose_11_c20,glucose,11,20.0,B03,2,3,crops/glucose/glucose_11_c20/glucose_11_c20_wB03.png,68.442,133.891738,134.0,5.258555,6.0,162.377876,163.0,4.940538,5.0,150.262684,151.0,5.135443,7.0,0.175614,0.172549,0.010622,0.011765,0.636776,0.639216,0.019375,0.019608,154.255675,2.878779,0.998739,0.433808,-0.899605,0.299797,0.300448,0.363691,0.363029,0.336512,0.336283,148.844099,149.0,215.0,219.0,222.0,-81.0,-56.0,-71.0,0.623256,0.744292,0.68018,7214,7214,0,0.0,1.0,0.0,3571,pass,
glucose_11_c20_wB04,glucose_11_c20,glucose,11,20.0,B04,2,4,crops/glucose/glucose_11_c20/glucose_11_c20_wB04.png,59.69,132.441364,133.0,5.225289,7.0,160.489331,161.0,4.835015,6.0,149.588911,150.0,4.928291,6.0,0.174943,0.172549,0.011098,0.011765,0.62937,0.631373,0.018961,0.023529,156.541627,2.779922,0.998824,0.397614,-0.91627,0.299233,0.3,0.362717,0.362832,0.33805,0.337662,147.506535,148.0,59.0,72.0,68.0,74.0,89.0,82.0,2.254237,2.236111,2.205882,5483,5483,0,0.0,1.0,0.0,2725,pass,
glucose_11_c20_wB05,glucose_11_c20,glucose,11,20.0,B05,2,5,crops/glucose/glucose_11_c20/glucose_11_c20_wB05.png,68.218,129.841922,131.0,9.476664,8.0,156.693898,158.0,9.40534,7.0,146.01578,147.0,9.798438,9.0,0.172123,0.168627,0.018094,0.011765,0.614486,0.619608,0.036884,0.027451,155.994983,3.165651,0.998475,0.406196,-0.912117,0.299966,0.300439,0.362476,0.361858,0.337558,0.336538,144.183866,145.666667,215.0,218.0,222.0,-84.0,-60.0,-75.0,0.609302,0.724771,0.662162,7161,7161,0,0.0,1.0,0.0,3560,pass,
glucose_11_c20_wB06,glucose_11_c20,glucose,11,20.0,B06,2,6,crops/glucose/glucose_11_c20/glucose_11_c20_wB06.png,59.69,129.314964,130.0,5.078083,6.0,155.648905,156.0,4.81623,6.0,145.774635,146.0,5.197288,6.0,0.169212,0.164706,0.00831,0.007843,0.610388,0.611765,0.018887,0.023529,157.727217,3.083342,0.998553,0.378468,-0.924051,0.300171,0.300459,0.361406,0.360849,0.338423,0.339367,143.579501,144.333333,55.0,67.0,61.0,75.0,89.0,85.0,2.363636,2.328358,2.393443,5480,5480,0,0.0,1.0,0.0,2729,pass,
glucose_11_c20_wB07,glucose_11_c20,glucose,11,20.0,B07,2,7,crops/glucose/glucose_11_c20/glucose_11_c20_wB07.png,64.178,124.679766,125.0,8.2737,10.0,152.252841,153.0,8.209602,10.0,141.665562,143.0,8.589035,10.0,0.181647,0.180392,0.012532,0.015686,0.59707,0.6,0.032195,0.039216,156.806232,3.472954,0.998165,0.393119,-0.917491,0.297731,0.298122,0.363857,0.363636,0.338412,0.339703,139.532723,140.666667,213.0,216.0,219.0,-88.0,-63.0,-76.0,0.586854,0.708333,0.652968,6336,6336,0,0.0,1.0,0.0,3140,pass,
glucose_11_c20_wB08,glucose_11_c20,glucose,11,20.0,B08,2,8,crops/glucose/glucose_11_c20/glucose_11_c20_wB08.png,68.891,110.306452,111.0,15.695037,18.0,139.261482,140.0,15.583172,18.0,127.734691,129.0,15.542135,18.0,0.210839,0.207843,0.028835,0.031373,0.546123,0.54902,0.06111,0.070588,156.048314,2.829739,0.998781,0.405471,-0.912774,0.291625,0.292621,0.369713,0.368984,0.338661,0.338308,125.767541,126.666667,215.0,218.0,221.0,-104.0,-78.0,-92.0,0.516279,0.642202,0.58371,7316,7316,0,0.0,1.0,0.0,3594,pass,
glucose_11_c20_wB09,glucose_11_c20,glucose,11,20.0,B09,2,9,crops/glucose/glucose_11_c20/glucose_11_c20_wB09.png,67.769,108.398868,110.0,20.215779,28.0,137.156122,139.0,19.735967,27.0,125.567728,128.0,19.599601,26.0,0.21494,0.207843,0.040157,0.05098,0.537867,0.545098,0.077396,0.105882,155.865358,3.913704,0.99767,0.40793,-0.910461,0.290705,0.292428,0.370678,0.368984,0.338617,0.338583,123.707573,125.666667,222.0,226.0,228.0,-112.0,-87.0,-100.0,0.495495,0.615044,0.561404,7065,7065,0,0.0,1.0,0.0,3504,pass,
glucose_11_c20_wB10,glucose_11_c20,glucose,11,20.0,B10,2,10,crops/glucose/glucose_11_c20/glucose_11_c20_wB10.png,67.544,111.273904,113.0,17.670914,22.0,139.964286,142.0,17.559412,21.0,128.923876,131.0,17.473438,21.0,0.208869,0.203922,0.033751,0.035294,0.54888,0.556863,0.06886,0.082353,156.84601,4.426761,0.99702,0.392032,-0.916711,0.291713,0.292978,0.368976,0.367876,0.33931,0.338422,126.720689,129.0,219.0,224.0,225.0,-106.0,-82.0,-94.0,0.515982,0.633929,0.582222,7028,7028,0,0.0,1.0,0.0,3491,pass,
glucose_11_c20_wB11,glucose_11_c20,glucose,11,20.0,B11,2,11,crops/glucose/glucose_11_c20/glucose_11_c20_wB11.png,59.915,114.020456,116.0,23.663136,27.0,144.263939,146.0,23.3591,27.0,131.285663,133.0,23.442016,27.0,0.216696,0.207843,0.046635,0.043137,0.565741,0.572549,0.091604,0.105882,154.129687,2.644564,0.998935,0.435871,-0.898826,0.290892,0.293233,0.371924,0.369792,0.337184,0.337719,129.856686,131.666667,61.0,74.0,66.0,55.0,72.0,67.0,1.901639,1.972973,2.015152,5524,5524,0,0.0,1.0,0.0,2761,pass,
glucose_11_c20_wB12,glucose_11_c20,glucose,11,20.0,B12,2,12,crops/glucose/glucose_11_c20/glucose_11_c20_wB12.png,60.139,139.556653,142.0,14.472594,16.0,166.930149,169.0,13.914883,15.0,153.70641,155.0,13.989459,15.0,0.165537,0.160784,0.020993,0.023529,0.654628,0.662745,0.054568,0.058824,150.922842,2.63743,0.998941,0.485472,-0.873041,0.302883,0.303609,0.363072,0.362319,0.334045,0.333333,153.397737,155.0,79.0,92.0,80.0,63.0,77.0,75.0,1.797468,1.836957,1.9375,5569,5569,0,0.0,1.0,0.0,2759,pass,
glucose_11_c20_wC01,glucose_11_c20,glucose,11,20.0,C01,3,1,crops/glucose/glucose_11_c20/glucose_11_c20_wC01.png,67.32,134.242794,136.0,10.156328,12.0,163.054639,164.0,9.568237,11.0,149.908791,151.0,9.538016,11.0,0.177634,0.172549,0.016189,0.023529,0.63943,0.643137,0.037522,0.043137,152.585148,3.035427,0.998598,0.459784,-0.886451,0.299967,0.300885,0.364778,0.364035,0.335255,0.336152,149.068741,150.666667,219.0,224.0,227.0,-83.0,-60.0,-76.0,0.621005,0.732143,0.665198,6973,6973,0,0.0,1.0,0.0,3473,pass,
glucose_11_c20_wC02,glucose_11_c20,glucose,11,20.0,C02,3,2,crops/glucose/glucose_11_c20/glucose_11_c20_wC02.png,63.954,133.810394,134.0,6.37288,7.0,161.938811,162.0,5.653727,6.0,150.856643,151.0,5.924438,7.0,0.173964,0.172549,0.013294,0.019608,0.635054,0.635294,0.022171,0.023529,156.256918,3.84966,0.997745,0.401728,-0.913296,0.299529,0.3,0.362672,0.362637,0.3378,0.337838,148.868616,149.0,208.0,213.0,215.0,-74.0,-51.0,-64.0,0.644231,0.760563,0.702326,6292,6292,0,0.0,1.0,0.0,3124,pass,
glucose_11_c20_wC03,glucose_11_c20,glucose,11,20.0,C03,3,3,crops/glucose/glucose_11_c20/glucose_11_c20_wC03.png,59.69,123.836278,125.0,7.768409,9.0,153.815152,155.0,7.905071,9.0,141.237844,142.0,7.948356,10.0,0.195384,0.196078,0.012308,0.015686,0.603197,0.607843,0.031,0.035294,154.771719,2.28925,0.999202,0.425886,-0.903895,0.295515,0.295508,0.367308,0.36715,0.337177,0.337963,139.629758,140.666667,66.0,78.0,74.0,59.0,77.0,68.0,1.893939,1.987179,1.918919,5491,5491,0,0.0,1.0,0.0,2715,pass,
glucose_11_c20_wC04,glucose_11_c20,glucose,11,20.0,C04,3,4,crops/glucose/glucose_11_c20/glucose_11_c20_wC04.png,63.73,129.721183,131.0,6.276875,8.0,157.727898,159.0,6.171242,8.0,145.194404,146.0,6.434166,9.0,0.177887,0.176471,0.008744,0.007843,0.618541,0.623529,0.024201,0.031373,152.919099,2.288262,0.999203,0.454885,-0.889655,0.29977,0.3,0.36464,0.364269,0.33559,0.336323,144.214495,145.0,205.0,209.0,212.0,-74.0,-50.0,-66.0,0.639024,0.760766,0.688679,6255,6255,0,0.0,1.0,0.0,3089,pass,
glucose_11_c20_wC05,glucose_11_c20,glucose,11,20.0,C05,3,5,crops/glucose/glucose_11_c20/glucose_11_c20_wC05.png,63.281,126.764677,127.0,9.132193,9.0,154.282679,155.0,8.894855,8.0,144.150503,145.0,9.464774,10.0,0.179102,0.176471,0.015576,0.011765,0.60503,0.607843,0.034882,0.031373,157.807395,3.311162,0.998332,0.377091,-0.924374,0.297955,0.298368,0.363047,0.361905,0.338998,0.34009,141.73262,142.0,188.0,193.0,192.0,-61.0,-38.0,-47.0,0.675532,0.803109,0.755208,6166,6166,0,0.0,1.0,0.0,3063,pass,
glucose_11_c20_wC06,glucose_11_c20,glucose,11,20.0,C06,3,6,crops/glucose/glucose_11_c20/glucose_11_c20_wC06.png,63.056,127.094102,129.0,8.931841,7.0,153.61967,155.0,8.273275,7.0,142.892338,144.0,8.88037,8.0,0.173368,0.168627,0.019299,0.015686,0.60243,0.607843,0.032444,0.027451,155.700128,3.416776,0.998223,0.410781,-0.909785,0.299818,0.300459,0.362869,0.361949,0.337313,0.336585,141.202037,142.666667,203.5,207.0,210.0,-74.5,-52.0,-66.0,0.633907,0.748792,0.685714,6121,6121,0,0.0,1.0,0.0,3036,pass,
glucose_11_c20_wC07,glucose_11_c20,glucose,11,20.0,C07,3,7,crops/glucose/glucose_11_c20/glucose_11_c20_wC07.png,68.891,125.666439,127.0,12.161171,9.0,152.956783,154.0,11.738549,8.0,141.548687,142.0,12.200216,9.0,0.180713,0.176471,0.037811,0.015686,0.599831,0.603922,0.046034,0.031373,154.812236,4.100442,0.997442,0.424498,-0.902604,0.29839,0.29927,0.364676,0.36385,0.336935,0.336516,140.057303,140.666667,209.0,212.0,216.0,-82.0,-58.0,-74.0,0.607656,0.726415,0.657407,7312,7312,0,0.0,1.0,0.0,3627,pass,
glucose_11_c20_wC08,glucose_11_c20,glucose,11,20.0,C08,3,8,crops/glucose/glucose_11_c20/glucose_11_c20_wC08.png,67.993,123.210201,123.0,7.299833,8.0,151.671912,152.0,6.813633,7.0,139.244766,140.0,7.166751,8.0,0.188134,0.188235,0.013991,0.015686,0.594792,0.596078,0.02672,0.027451,153.538741,2.523944,0.99903,0.44516,-0.894368,0.297399,0.297821,0.366367,0.365854,0.336235,0.336493,138.042293,138.0,218.0,221.0,224.0,-95.0,-69.0,-84.0,0.56422,0.687783,0.625,7117,7117,0,0.0,1.0,0.0,3518,pass,
glucose_11_c20_wC09,glucose_11_c20,glucose,11,20.0,C09,3,9,crops/glucose/glucose_11_c20/glucose_11_c20_wC09.png,63.281,119.822557,121.0,9.538931,10.0,147.688219,149.0,8.85238,10.0,137.037271,138.0,9.00517,10.0,0.189655,0.184314,0.019219,0.019608,0.579169,0.584314,0.034715,0.039216,157.130846,3.42647,0.998213,0.387934,-0.919749,0.295936,0.29703,0.365271,0.364929,0.338793,0.339578,134.849349,135.666667,207.0,212.0,214.0,-86.0,-63.0,-76.0,0.584541,0.70283,0.64486,6171,6171,0,0.0,1.0,0.0,3062,pass,
glucose_11_c20_wC10,glucose_11_c20,glucose,11,20.0,C10,3,10,crops/glucose/glucose_11_c20/glucose_11_c20_wC10.png,59.915,109.293788,112.0,17.649997,20.0,138.621524,141.0,17.000397,19.75,128.192488,130.0,16.916631,20.0,0.215868,0.207843,0.037801,0.039216,0.543614,0.552941,0.066668,0.077451,158.796181,2.802743,0.998804,0.361254,-0.931185,0.289438,0.291317,0.369432,0.367876,0.34113,0.341523,125.369267,127.666667,51.0,62.0,56.0,61.0,79.0,74.0,2.196078,2.274194,2.321429,5538,5538,0,0.0,1.0,0.0,2728,pass,
glucose_11_c20_wC11,glucose_11_c20,glucose,11,20.0,C11,3,11,crops/glucose/glucose_11_c20/glucose_11_c20_wC11.png,59.69,113.911824,118.0,20.388553,21.0,143.439606,147.0,20.328403,21.0,131.340499,135.0,20.073633,20.0,0.210976,0.2,0.038416,0.031373,0.562508,0.576471,0.079719,0.082353,155.450436,2.981343,0.998647,0.414918,-0.908372,0.291751,0.294118,0.370097,0.368159,0.338153,0.337995,129.563976,133.0,56.0,68.0,61.0,62.0,79.0,74.0,2.107143,2.161765,2.213115,5489,5489,0,0.0,1.0,0.0,2719,pass,
glucose_11_c20_wC12,glucose_11_c20,glucose,11,20.0,C12,3,12,crops/glucose/glucose_11_c20/glucose_11_c20_wC12.png,65.3,135.114225,137.0,14.647198,16.0,162.919433,164.0,14.367699,15.0,149.738044,152.0,14.552003,16.0,0.172612,0.168627,0.025123,0.019608,0.6389,0.643137,0.056344,0.058824,151.449098,2.796359,0.99881,0.47737,-0.877347,0.301284,0.302128,0.364288,0.363636,0.334427,0.333333,149.257234,151.0,225.0,230.0,231.0,-88.0,-66.0,-79.0,0.608889,0.713043,0.658009,6566,6566,0,0.0,1.0,0.0,3267,pass,
glucose_11_c20_wD01,glucose_11_c20,glucose,11,20.0,D01,4,1,crops/glucose/glucose_11_c20/glucose_11_c20_wD01.png,63.954,140.264697,140.0,6.731292,9.0,167.109469,168.0,6.076668,8.0,154.868446,155.0,6.729877,8.0,0.161001,0.160784,0.012679,0.019608,0.655331,0.658824,0.02383,0.031373,152.377456,2.37647,0.99914,0.463246,-0.885259,0.303372,0.303097,0.361609,0.361884,0.335019,0.3361,154.080871,154.666667,210.0,214.0,216.0,-70.0,-46.0,-61.0,0.666667,0.785047,0.717593,6294,6294,0,0.0,1.0,0.0,3118,pass,
glucose_11_c20_wD02,glucose_11_c20,glucose,11,20.0,D02,4,2,crops/glucose/glucose_11_c20/glucose_11_c20_wD02.png,64.178,120.408697,121.0,11.841542,14.0,148.997637,150.0,11.442825,13.0,139.204821,140.0,11.130432,12.0,0.193247,0.192157,0.020621,0.027451,0.584304,0.588235,0.044874,0.05098,159.507018,3.164415,0.998476,0.349559,-0.935288,0.294301,0.295039,0.364885,0.364706,0.340813,0.340909,136.203718,137.0,212.0,216.0,217.0,-91.0,-66.0,-77.0,0.570755,0.694444,0.645161,6347,6347,0,0.0,1.0,0.0,3153,pass,
glucose_11_c20_wD03,glucose_11_c20,glucose,11,20.0,D03,4,3,crops/glucose/glucose_11_c20/glucose_11_c20_wD03.png,68.666,111.497863,111.0,14.405471,19.0,140.592582,141.0,14.331046,19.0,129.102302,129.0,14.187805,18.0,0.209171,0.207843,0.024345,0.031373,0.551343,0.552941,0.0562,0.07451,156.28441,3.223973,0.998418,0.401561,-0.914105,0.291938,0.29235,0.369274,0.368957,0.338788,0.338624,127.064249,127.0,218.0,222.0,225.5,-107.0,-81.0,-96.5,0.509174,0.635135,0.572062,7253,7253,0,0.0,1.0,0.0,3606,pass,
glucose_11_c20_wD04,glucose_11_c20,glucose,11,20.0,D04,4,4,crops/glucose/glucose_11_c20/glucose_11_c20_wD04.png,67.769,120.926005,121.0,6.547596,8.0,150.118563,150.0,6.082235,7.0,138.487832,139.0,6.216181,8.0,0.194833,0.196078,0.01302,0.019608,0.5887,0.588235,0.023852,0.027451,155.975801,3.766114,0.997842,0.406244,-0.911403,0.295167,0.294554,0.36665,0.366093,0.338184,0.338235,136.5108,136.666667,217.0,221.0,224.0,-96.0,-71.0,-85.0,0.557604,0.678733,0.620536,7068,7068,0,0.0,1.0,0.0,3498,pass,
glucose_11_c20_wD05,glucose_11_c20,glucose,11,20.0,D05,4,5,crops/glucose/glucose_11_c20/glucose_11_c20_wD05.png,63.73,123.593855,124.0,6.879076,7.0,151.201152,152.0,6.729748,7.0,140.767163,141.0,7.349647,8.0,0.183014,0.180392,0.011687,0.011765,0.592946,0.596078,0.026391,0.027451,157.208231,3.055251,0.998579,0.386833,-0.920609,0.297331,0.297619,0.36396,0.363409,0.338709,0.339744,138.520723,139.0,212.0,216.0,218.0,-88.0,-64.0,-77.0,0.584906,0.703704,0.646789,6249,6249,0,0.0,1.0,0.0,3098,pass,
glucose_11_c20_wD06,glucose_11_c20,glucose,11,20.0,D06,4,6,crops/glucose/glucose_11_c20/glucose_11_c20_wD06.png,69.115,126.583481,127.0,9.282213,8.0,153.386855,153.0,9.098134,8.0,143.28412,143.0,9.272612,9.0,0.175505,0.172549,0.016168,0.011765,0.601517,0.6,0.035679,0.031373,157.232315,3.211509,0.99843,0.386388,-0.920634,0.298863,0.299087,0.362579,0.362069,0.338559,0.339667,141.084819,141.0,215.0,218.0,222.0,-88.0,-65.0,-79.0,0.590698,0.701835,0.644144,7349,7349,0,0.0,1.0,0.0,3651,pass,
glucose_11_c20_wD07,glucose_11_c20,glucose,11,20.0,D07,4,7,crops/glucose/glucose_11_c20/glucose_11_c20_wD07.png,64.627,121.320796,122.0,14.961259,11.0,150.027355,152.0,14.743255,10.0,138.811626,140.0,14.907036,11.0,0.194469,0.188235,0.036309,0.023529,0.588343,0.596078,0.057817,0.039216,156.526263,3.394008,0.998247,0.39763,-0.915635,0.294951,0.296552,0.366479,0.365854,0.33857,0.338235,136.719925,138.0,210.0,214.0,218.0,-88.0,-62.0,-78.0,0.580952,0.71028,0.642202,6434,6434,0,0.0,1.0,0.0,3187,pass,
glucose_11_c20_wD08,glucose_11_c20,glucose,11,20.0,D08,4,8,crops/glucose/glucose_11_c20/glucose_11_c20_wD08.png,67.993,121.283104,122.0,6.635578,7.0,150.724206,151.0,6.92458,8.0,140.478353,141.0,7.077617,7.0,0.195584,0.196078,0.010624,0.011765,0.591075,0.592157,0.027155,0.031373,159.086647,2.361236,0.999151,0.356653,-0.933328,0.293961,0.293839,0.365481,0.365155,0.340558,0.341121,137.495221,138.0,221.0,225.0,227.0,-99.0,-74.0,-86.0,0.552036,0.671111,0.621145,7114,7114,0,0.0,1.0,0.0,3516,pass,
glucose_11_c20_wD09,glucose_11_c20,glucose,11,20.0,D09,4,9,crops/glucose/glucose_11_c20/glucose_11_c20_wD09.png,64.178,125.127129,125.0,6.175247,7.25,154.761199,155.0,5.919497,8.0,142.907413,143.0,5.861582,8.0,0.191752,0.192157,0.012446,0.015686,0.606907,0.607843,0.023214,0.031373,155.953208,2.922447,0.9987,0.406953,-0.912026,0.295867,0.296037,0.366106,0.365854,0.338027,0.337995,140.931914,140.666667,212.0,217.0,218.0,-87.0,-62.0,-75.0,0.589623,0.714286,0.655963,6340,6340,0,0.0,1.0,0.0,3147,pass,
glucose_11_c20_wD10,glucose_11_c20,glucose,11,20.0,D10,4,10,crops/glucose/glucose_11_c20/glucose_11_c20_wD10.png,69.34,123.939849,124.0,7.539678,8.0,152.249257,152.0,7.244041,8.0,140.049473,140.0,7.602858,9.0,0.186443,0.184314,0.013023,0.015686,0.597056,0.596078,0.028408,0.031373,153.917378,2.604793,0.998967,0.439213,-0.897233,0.297648,0.298246,0.365897,0.365517,0.336455,0.336493,138.746193,139.0,221.0,224.0,228.0,-97.0,-72.0,-88.0,0.561086,0.678571,0.614035,7398,7398,0,0.0,1.0,0.0,3676,pass,
glucose_11_c20_wD11,glucose_11_c20,glucose,11,20.0,D11,4,11,crops/glucose/glucose_11_c20/glucose_11_c20_wD11.png,59.466,134.263874,134.0,5.874735,6.0,162.771591,163.0,5.770241,5.0,150.821757,151.0,5.772374,5.0,0.175547,0.172549,0.008804,0.015686,0.63832,0.639216,0.022628,0.019608,154.659254,1.405265,0.999699,0.427872,-0.903507,0.299737,0.300226,0.363493,0.363431,0.33677,0.336343,149.285741,149.666667,56.0,69.0,61.0,78.0,94.0,90.0,2.392857,2.362319,2.47541,5442,5442,0,0.0,1.0,0.0,2719,pass,
glucose_11_c20_wD12,glucose_11_c20,glucose,11,20.0,D12,4,12,crops/glucose/glucose_11_c20/glucose_11_c20_wD12.png,64.627,146.410256,147.0,7.248706,9.0,173.339239,173.0,6.461895,9.0,161.684071,162.0,7.303252,9.0,0.155652,0.152941,0.013284,0.015686,0.679762,0.678431,0.025341,0.035294,153.609817,2.476054,0.999067,0.444067,-0.894952,0.304034,0.304622,0.360151,0.359244,0.335815,0.336066,160.477855,160.666667,215.0,220.0,224.0,-68.0,-47.0,-62.0,0.683721,0.786364,0.723214,6435,6435,0,0.0,1.0,0.0,3190,pass,
glucose_11_c20_wE01,glucose_11_c20,glucose,11,20.0,E01,5,1,crops/glucose/glucose_11_c20/glucose_11_c20_wE01.png,64.627,137.010585,138.0,6.760413,8.0,164.51759,165.0,6.490797,7.0,152.199408,153.0,6.847607,7.0,0.167407,0.168627,0.01043,0.011765,0.645167,0.647059,0.025454,0.027451,152.822621,2.187194,0.999272,0.456414,-0.888949,0.301899,0.301724,0.362671,0.362256,0.335431,0.336207,151.242528,151.666667,210.0,216.0,220.0,-72.0,-51.0,-67.0,0.657143,0.763889,0.695455,6424,6424,0,0.0,1.0,0.0,3197,pass,
glucose_11_c20_wE02,glucose_11_c20,glucose,11,20.0,E02,5,2,crops/glucose/glucose_11_c20/glucose_11_c20_wE02.png,68.666,120.266676,121.0,9.519557,10.0,148.133407,149.0,9.254151,9.0,137.63134,138.0,9.500644,10.0,0.188955,0.184314,0.017518,0.019608,0.580915,0.584314,0.036291,0.035294,157.271576,3.387928,0.998253,0.385689,-0.920735,0.295994,0.296837,0.365019,0.364929,0.338987,0.34023,135.343807,136.0,216.0,220.0,223.0,-95.0,-71.0,-85.0,0.560185,0.677273,0.618834,7256,7256,0,0.0,1.0,0.0,3598,pass,
glucose_11_c20_wE03,glucose_11_c20,glucose,11,20.0,E03,5,3,crops/glucose/glucose_11_c20/glucose_11_c20_wE03.png,68.442,121.576123,122.0,6.359244,7.0,149.235441,150.0,6.251503,7.0,138.524126,139.0,6.518318,7.0,0.185777,0.184314,0.010735,0.007843,0.585237,0.588235,0.024516,0.027451,156.656549,2.997216,0.998633,0.3957,-0.916891,0.296927,0.297362,0.364665,0.364865,0.338408,0.337808,136.44523,137.0,219.0,223.0,227.0,-97.0,-73.0,-88.0,0.557078,0.672646,0.612335,7212,7212,0,0.0,1.0,0.0,3571,pass,
glucose_11_c20_wE04,glucose_11_c20,glucose,11,20.0,E04,5,4,crops/glucose/glucose_11_c20/glucose_11_c20_wE04.png,67.993,119.36462,120.0,6.950383,7.0,147.783898,149.0,6.677307,8.0,136.380076,137.0,7.109779,7.0,0.192775,0.192157,0.013038,0.015686,0.579545,0.584314,0.026186,0.031373,155.768103,3.685089,0.997934,0.409583,-0.910008,0.295696,0.296203,0.366346,0.366667,0.337958,0.338095,134.509531,135.0,218.0,221.0,225.0,-98.0,-72.0,-88.0,0.550459,0.674208,0.608889,7117,7117,0,0.0,1.0,0.0,3537,pass,
glucose_11_c20_wE05,glucose_11_c20,glucose,11,20.0,E05,5,5,crops/glucose/glucose_11_c20/glucose_11_c20_wE05.png,60.588,124.279526,124.0,8.594934,7.0,151.606436,152.0,8.377454,6.0,139.698904,140.0,8.554967,8.0,0.181055,0.180392,0.017624,0.015686,0.594535,0.596078,0.032853,0.023529,153.574678,2.475059,0.999067,0.444616,-0.89468,0.298832,0.298824,0.364993,0.364929,0.336175,0.336471,138.528289,138.666667,68.0,75.0,74.0,56.0,77.0,66.0,1.823529,2.026667,1.891892,5656,5656,0,0.0,1.0,0.0,2805,pass,
glucose_11_c20_wE06,glucose_11_c20,glucose,11,20.0,E06,5,6,crops/glucose/glucose_11_c20/glucose_11_c20_wE06.png,63.954,120.362192,122.0,8.84623,8.0,148.173948,149.0,8.838957,8.0,138.844797,140.0,9.356715,9.0,0.18866,0.184314,0.018433,0.011765,0.581074,0.584314,0.034663,0.031373,159.682904,3.508804,0.998127,0.346565,-0.936029,0.295239,0.29602,0.36396,0.362963,0.340801,0.340852,135.793646,137.0,211.0,215.0,218.0,-89.0,-66.0,-78.0,0.578199,0.693023,0.642202,6295,6295,0,0.0,1.0,0.0,3120,pass,
glucose_11_c20_wE07,glucose_11_c20,glucose,11,20.0,E07,5,7,crops/glucose/glucose_11_c20/glucose_11_c20_wE07.png,65.3,102.299026,104.0,20.327273,21.0,132.555877,134.0,20.496619,20.0,122.672199,124.0,20.203612,20.0,0.236013,0.227451,0.056545,0.039216,0.519827,0.52549,0.080379,0.078431,160.629459,3.599082,0.998029,0.331022,-0.941534,0.283874,0.286842,0.372366,0.370647,0.34376,0.342697,119.1757,120.666667,217.0,221.0,224.0,-113.0,-87.0,-100.0,0.479263,0.606335,0.553571,6568,6568,0,0.0,1.0,0.0,3258,pass,
glucose_11_c20_wE08,glucose_11_c20,glucose,11,20.0,E08,5,8,crops/glucose/glucose_11_c20/glucose_11_c20_wE08.png,68.442,114.93594,116.0,7.194647,9.0,143.806018,144.0,7.420382,9.0,134.570854,135.0,7.973462,10.0,0.201089,0.2,0.013672,0.015686,0.563945,0.564706,0.0291,0.035294,160.682619,3.754458,0.997855,0.330091,-0.941677,0.292141,0.291667,0.365748,0.364829,0.342111,0.34188,131.104271,132.0,217.5,222.0,225.0,-101.5,-78.0,-90.0,0.533333,0.648649,0.6,7212,7212,0,0.0,1.0,0.0,3580,pass,
glucose_11_c20_wE09,glucose_11_c20,glucose,11,20.0,E09,5,9,crops/glucose/glucose_11_c20/glucose_11_c20_wE09.png,68.442,117.150812,117.0,9.067831,9.0,145.220386,145.0,8.76461,9.0,134.466046,134.0,9.369574,9.0,0.19417,0.192157,0.01609,0.019608,0.569492,0.568627,0.034371,0.035294,156.851743,3.477482,0.99816,0.392388,-0.917799,0.295031,0.295455,0.36615,0.36612,0.338819,0.340045,132.279082,132.0,222.0,227.0,230.0,-105.0,-82.0,-96.0,0.527027,0.638767,0.582609,7201,7201,0,0.0,1.0,0.0,3605,pass,
glucose_11_c20_wE10,glucose_11_c20,glucose,11,20.0,E10,5,10,crops/glucose/glucose_11_c20/glucose_11_c20_wE10.png,63.056,119.056508,120.0,8.155424,8.0,148.569329,149.0,7.90877,8.0,138.473787,139.0,8.520206,8.0,0.199238,0.2,0.016576,0.015686,0.582625,0.584314,0.031015,0.031373,159.412911,3.346303,0.998296,0.351032,-0.934544,0.293011,0.292978,0.366021,0.365432,0.340968,0.341176,135.366541,135.666667,208.0,213.0,215.0,-88.0,-64.0,-76.0,0.576923,0.699531,0.646512,6123,6123,0,0.0,1.0,0.0,3042,pass,
glucose_11_c20_wE11,glucose_11_c20,glucose,11,20.0,E11,5,11,crops/glucose/glucose_11_c20/glucose_11_c20_wE11.png,61.486,127.631208,128.0,14.033217,11.0,156.762846,158.0,13.937582,9.0,146.764736,147.0,14.141716,11.0,0.188268,0.188235,0.032123,0.023529,0.614756,0.619608,0.054657,0.035294,159.456838,3.319975,0.998323,0.350324,-0.934837,0.295358,0.295455,0.364122,0.363431,0.34052,0.340708,143.719597,144.666667,104.0,110.0,108.0,24.0,48.0,39.0,1.230769,1.436364,1.361111,5819,5819,0,0.0,1.0,0.0,2894,pass,
glucose_11_c20_wE12,glucose_11_c20,glucose,11,20.0,E12,5,12,crops/glucose/glucose_11_c20/glucose_11_c20_wE12.png,67.544,146.742703,148.0,5.827655,8.0,173.048697,174.0,5.770707,8.0,161.397978,163.0,6.253425,8.0,0.151995,0.14902,0.006945,0.011765,0.678622,0.682353,0.02263,0.031373,152.961359,2.545185,0.999014,0.454143,-0.889822,0.304928,0.305155,0.359678,0.359081,0.335394,0.336032,160.396459,161.666667,228.0,232.0,235.0,-80.0,-58.0,-72.0,0.649123,0.75,0.693617,7023,7023,0,0.0,1.0,0.0,3476,pass,
glucose_11_c20_wF01,glucose_11_c20,glucose,11,20.0,F01,6,1,crops/glucose/glucose_11_c20/glucose_11_c20_wF01.png,60.364,132.625913,134.0,7.554068,5.0,160.699519,162.0,6.898963,5.0,147.206915,149.0,7.286469,7.0,0.175407,0.172549,0.013879,0.007843,0.630194,0.635294,0.027055,0.019608,151.086114,3.57251,0.998058,0.482556,-0.873647,0.300935,0.301518,0.364904,0.364653,0.334161,0.333333,146.844116,148.0,68.0,81.0,75.0,66.0,81.0,74.0,1.970588,2.0,1.986667,5611,5611,0,0.0,1.0,0.0,2782,pass,
glucose_11_c20_wF02,glucose_11_c20,glucose,11,20.0,F02,6,2,crops/glucose/glucose_11_c20/glucose_11_c20_wF02.png,58.568,129.129545,129.0,5.684432,6.0,156.87822,157.0,5.574507,6.0,145.299053,145.0,5.57298,6.0,0.177059,0.176471,0.008181,0.007843,0.615209,0.615686,0.021861,0.023529,154.751482,2.7311,0.998865,0.426061,-0.903439,0.29933,0.299304,0.363777,0.364055,0.336893,0.336449,143.768939,143.666667,56.0,71.0,65.0,73.0,86.0,80.0,2.303571,2.211268,2.230769,5280,5280,0,0.0,1.0,0.0,2639,pass,
glucose_11_c20_wF03,glucose_11_c20,glucose,11,20.0,F03,6,3,crops/glucose/glucose_11_c20/glucose_11_c20_wF03.png,64.403,124.186619,124.0,5.826849,6.0,151.910216,152.0,5.500514,5.0,140.843466,141.0,5.995698,6.0,0.18279,0.180392,0.010355,0.011765,0.595726,0.596078,0.021571,0.019608,155.854769,3.193425,0.998448,0.408416,-0.911095,0.297786,0.298077,0.364424,0.364929,0.33779,0.336609,138.9801,139.0,209.0,213.0,215.0,-85.0,-61.0,-74.0,0.593301,0.713615,0.655814,6382,6382,0,0.0,1.0,0.0,3160,pass,
glucose_11_c20_wF04,glucose_11_c20,glucose,11,20.0,F04,6,4,crops/glucose/glucose_11_c20/glucose_11_c20_wF04.png,64.403,120.439831,121.0,6.385363,9.0,148.606393,150.0,6.361502,9.0,138.588844,139.0,6.611471,9.0,0.189864,0.188235,0.011999,0.015686,0.58277,0.588235,0.024947,0.035294,158.590671,2.714286,0.998879,0.364619,-0.929952,0.295383,0.295739,0.364638,0.364706,0.339979,0.340686,135.878356,136.666667,210.0,215.0,217.0,-89.0,-65.0,-78.0,0.57619,0.697674,0.640553,6382,6382,0,0.0,1.0,0.0,3162,pass,
glucose_11_c20_wF05,glucose_11_c20,glucose,11,20.0,F05,6,5,crops/glucose/glucose_11_c20/glucose_11_c20_wF05.png,68.442,116.421147,117.0,8.113568,8.0,144.539911,145.0,7.705954,8.0,133.819013,135.0,8.283081,9.0,0.195281,0.192157,0.01633,0.019608,0.566823,0.568627,0.030219,0.031373,156.994731,3.53403,0.9981,0.390073,-0.91872,0.294737,0.295455,0.366308,0.365854,0.338955,0.339891,131.593357,132.666667,215.0,218.0,222.0,-98.0,-73.0,-87.0,0.544186,0.665138,0.608108,7216,7216,0,0.0,1.0,0.0,3565,pass,
glucose_11_c20_wF06,glucose_11_c20,glucose,11,20.0,F06,6,6,crops/glucose/glucose_11_c20/glucose_11_c20_wF06.png,59.242,120.163337,120.0,6.092893,7.0,149.379948,150.0,6.128866,6.0,139.911765,140.0,6.472642,7.0,0.195809,0.196078,0.011621,0.015686,0.585804,0.588235,0.024035,0.023529,160.531449,2.492369,0.999054,0.332974,-0.941933,0.293407,0.292978,0.3649,0.364706,0.341692,0.341404,136.485017,137.0,38.0,49.0,45.0,82.0,101.0,95.0,3.157895,3.061224,3.111111,5406,5406,0,0.0,1.0,0.0,2675,pass,
glucose_11_c20_wF07,glucose_11_c20,glucose,11,20.0,F07,6,7,crops/glucose/glucose_11_c20/glucose_11_c20_wF07.png,63.73,113.809509,115.0,8.701232,9.0,143.178166,144.0,8.553663,8.0,133.226669,134.0,8.668476,10.0,0.205846,0.203922,0.017346,0.015686,0.561483,0.564706,0.033544,0.031373,159.632721,2.69939,0.998891,0.347651,-0.936441,0.291442,0.291771,0.367102,0.366667,0.341457,0.341523,130.071448,131.0,213.0,217.0,221.0,-98.0,-73.0,-87.0,0.539906,0.663594,0.606335,6247,6247,0,0.0,1.0,0.0,3104,pass,
glucose_11_c20_wF08,glucose_11_c20,glucose,11,20.0,F08,6,8,crops/glucose/glucose_11_c20/glucose_11_c20_wF08.png,64.403,117.508687,118.0,7.815056,9.0,146.796369,147.0,7.177054,8.0,137.182188,138.0,8.106081,10.0,0.200147,0.2,0.017215,0.019608,0.575672,0.576471,0.028145,0.031373,160.200459,3.553965,0.998078,0.338079,-0.939075,0.292532,0.292453,0.365812,0.365854,0.341656,0.341772,133.829081,134.666667,217.0,221.0,225.0,-99.0,-74.0,-87.0,0.543779,0.665158,0.613333,6389,6389,0,0.0,1.0,0.0,3165,pass,
glucose_11_c20_wF09,glucose_11_c20,glucose,11,20.0,F09,6,9,crops/glucose/glucose_11_c20/glucose_11_c20_wF09.png,62.159,113.950538,116.0,15.236568,11.25,143.919919,146.0,14.976259,11.0,133.961306,136.0,15.116701,11.0,0.212003,0.203922,0.040228,0.023529,0.564392,0.572549,0.05873,0.043137,160.117232,2.687449,0.998901,0.339723,-0.939357,0.289747,0.291457,0.368145,0.366667,0.342108,0.341646,130.610588,132.666667,157.0,163.0,163.0,-41.0,-17.0,-27.0,0.738854,0.895706,0.834356,5944,5944,0,0.0,1.0,0.0,2962,pass,
glucose_11_c20_wF10,glucose_11_c20,glucose,11,20.0,F10,6,10,crops/glucose/glucose_11_c20/glucose_11_c20_wF10.png,59.69,122.431512,122.0,7.430145,9.0,151.130601,151.0,6.824623,7.0,142.007832,142.0,7.255733,8.0,0.190326,0.196078,0.015013,0.023529,0.592669,0.592157,0.026763,0.027451,160.845205,1.961725,0.999414,0.327929,-0.944082,0.294478,0.293839,0.363794,0.364341,0.341728,0.341463,138.523315,138.0,44.0,54.0,51.0,78.0,97.0,91.0,2.772727,2.796296,2.784314,5490,5490,0,0.0,1.0,0.0,2717,pass,
glucose_11_c20_wF11,glucose_11_c20,glucose,11,20.0,F11,6,11,crops/glucose/glucose_11_c20/glucose_11_c20_wF11.png,68.891,129.144108,130.0,6.976267,8.0,159.067333,160.0,7.042724,8.0,147.890242,148.0,7.941606,10.0,0.188499,0.188235,0.010696,0.015686,0.623793,0.627451,0.027619,0.031373,157.53217,3.705339,0.997911,0.381366,-0.922164,0.296079,0.296137,0.364857,0.364706,0.339064,0.338384,145.367228,146.0,220.0,224.0,228.0,-90.0,-64.0,-80.0,0.590909,0.714286,0.649123,7307,7307,0,0.0,1.0,0.0,3616,pass,
glucose_11_c20_wF12,glucose_11_c20,glucose,11,20.0,F12,6,12,crops/glucose/glucose_11_c20/glucose_11_c20_wF12.png,63.505,143.565098,144.0,5.974206,9.0,172.325814,173.0,5.536263,8.0,159.441186,160.0,6.035266,9.0,0.16716,0.164706,0.010114,0.015686,0.675788,0.678431,0.021711,0.031373,152.969676,2.98619,0.998643,0.453845,-0.889557,0.301979,0.302714,0.3626,0.362319,0.335421,0.336066,158.444033,159.0,208.0,215.0,218.0,-64.0,-42.0,-58.0,0.692308,0.804651,0.733945,6206,6206,0,0.0,1.0,0.0,3080,pass,
glucose_11_c20_wG01,glucose_11_c20,glucose,11,20.0,G01,7,1,crops/glucose/glucose_11_c20/glucose_11_c20_wG01.png,66.422,132.133765,135.0,16.541623,9.0,159.595463,162.0,16.107171,9.0,145.750737,149.0,16.145407,9.0,0.174756,0.164706,0.032332,0.019608,0.625865,0.635294,0.063165,0.035294,149.702281,4.299479,0.997188,0.503075,-0.860988,0.301342,0.303653,0.365441,0.363834,0.333217,0.333333,145.826655,149.0,209.0,214.0,217.0,-74.0,-52.0,-68.0,0.645933,0.757009,0.686636,6788,6788,0,0.0,1.0,0.0,3352,pass,
glucose_11_c20_wG02,glucose_11_c20,glucose,11,20.0,G02,7,2,crops/glucose/glucose_11_c20/glucose_11_c20_wG02.png,64.403,126.677217,127.0,4.527521,5.0,155.86885,156.0,4.464092,6.0,143.242401,143.0,4.789685,7.0,0.187313,0.188235,0.009294,0.011765,0.61125,0.611765,0.017506,0.023529,153.88545,2.508805,0.999042,0.439745,-0.897055,0.297482,0.297052,0.366113,0.365741,0.336405,0.336562,141.929489,142.0,195.0,201.0,201.0,-68.0,-45.0,-58.0,0.651282,0.776119,0.711443,6382,6382,0,0.0,1.0,0.0,3159,pass,
glucose_11_c20_wG03,glucose_11_c20,glucose,11,20.0,G03,7,3,crops/glucose/glucose_11_c20/glucose_11_c20_wG03.png,64.627,124.559863,125.0,5.508923,6.0,151.999689,152.0,5.002475,5.0,141.745757,142.0,5.619407,6.0,0.180799,0.180392,0.0118,0.015686,0.596077,0.596078,0.019618,0.019608,157.499613,3.35527,0.998287,0.382034,-0.922294,0.297709,0.297872,0.363447,0.362559,0.338843,0.340183,139.435103,139.666667,200.0,204.0,207.0,-75.0,-52.0,-65.0,0.625,0.745098,0.68599,6423,6423,0,0.0,1.0,0.0,3193,pass,
glucose_11_c20_wG04,glucose_11_c20,glucose,11,20.0,G04,7,4,crops/glucose/glucose_11_c20/glucose_11_c20_wG04.png,61.486,121.023024,121.0,6.342771,8.0,150.315636,150.0,5.846066,7.0,140.292955,141.0,6.346841,7.0,0.195215,0.196078,0.014587,0.019608,0.589473,0.588235,0.022926,0.027451,159.482134,2.439,0.999094,0.350182,-0.935715,0.293914,0.293827,0.36527,0.365385,0.340816,0.341121,137.210538,137.666667,87.0,94.5,91.0,34.0,55.5,50.0,1.390805,1.587302,1.549451,5820,5820,0,0.0,1.0,0.0,2874,pass,
glucose_11_c20_wG05,glucose_11_c20,glucose,11,20.0,G05,7,5,crops/glucose/glucose_11_c20/glucose_11_c20_wG05.png,65.974,114.753472,116.0,8.179796,10.0,143.550246,145.0,7.893548,9.0,133.396297,135.0,8.394255,10.0,0.201294,0.2,0.016812,0.027451,0.562942,0.568627,0.030955,0.035294,158.731086,3.331963,0.998311,0.362133,-0.930314,0.292784,0.292683,0.366665,0.366584,0.34055,0.341176,130.566672,131.666667,205.0,209.0,214.0,-89.0,-64.0,-79.0,0.565854,0.69378,0.630841,6697,6697,0,0.0,1.0,0.0,3317,pass,
glucose_11_c20_wG06,glucose_11_c20,glucose,11,20.0,G06,7,6,crops/glucose/glucose_11_c20/glucose_11_c20_wG06.png,64.178,115.49692,117.0,12.229061,11.0,144.746644,146.0,12.224766,9.0,135.586795,137.0,12.879078,11.0,0.204039,0.2,0.028592,0.023529,0.567634,0.572549,0.04794,0.035294,161.048349,4.633735,0.996735,0.32371,-0.942705,0.291279,0.291667,0.366171,0.364764,0.342551,0.344037,131.943453,133.666667,209.0,213.0,217.0,-92.0,-67.0,-80.0,0.559809,0.685446,0.631336,6331,6331,0,0.0,1.0,0.0,3155,pass,
glucose_11_c20_wG07,glucose_11_c20,glucose,11,20.0,G07,7,7,crops/glucose/glucose_11_c20/glucose_11_c20_wG07.png,64.403,113.479418,115.0,12.292163,10.0,143.046173,144.0,12.419554,9.0,132.931601,134.0,12.841273,10.0,0.20906,0.207843,0.03288,0.019608,0.560965,0.564706,0.048704,0.035294,159.291588,3.568092,0.998063,0.352927,-0.93358,0.290743,0.291457,0.368032,0.367089,0.341225,0.341646,129.819064,131.0,209.0,215.0,219.0,-94.0,-71.0,-85.0,0.550239,0.669767,0.611872,6389,6389,0,0.0,1.0,0.0,3169,pass,
glucose_11_c20_wG08,glucose_11_c20,glucose,11,20.0,G08,7,8,crops/glucose/glucose_11_c20/glucose_11_c20_wG08.png,68.442,112.514488,114.0,12.713709,11.0,142.019409,143.0,12.695625,11.0,133.325801,135.0,13.251925,11.0,0.210018,0.207843,0.030913,0.019608,0.556939,0.560784,0.049787,0.043137,162.147456,3.1455,0.998494,0.306107,-0.950415,0.28947,0.29,0.366739,0.365729,0.343791,0.344388,129.286566,130.666667,215.0,220.0,223.0,-101.0,-77.0,-88.0,0.530233,0.65,0.605381,7213,7213,0,0.0,1.0,0.0,3578,pass,
glucose_11_c20_wG09,glucose_11_c20,glucose,11,20.0,G09,7,9,crops/glucose/glucose_11_c20/glucose_11_c20_wG09.png,57.895,115.550581,119.0,25.765425,15.0,145.366667,149.0,26.579157,13.0,135.451938,139.0,26.174297,16.0,0.221119,0.203922,0.102187,0.027451,0.570065,0.584314,0.104232,0.05098,160.192578,4.554225,0.996846,0.337791,-0.937869,0.286138,0.291866,0.370918,0.366093,0.342944,0.341523,132.123062,136.0,50.0,62.0,59.0,69.0,87.0,80.0,2.38,2.403226,2.355932,5160,5160,0,0.0,1.0,0.007752,2550,pass,
glucose_11_c20_wG10,glucose_11_c20,glucose,11,20.0,G10,7,10,crops/glucose/glucose_11_c20/glucose_11_c20_wG10.png,59.69,125.717233,126.0,6.796029,9.0,155.879153,156.0,7.057346,10.0,145.52793,146.0,7.044754,10.0,0.193803,0.192157,0.009245,0.011765,0.611291,0.611765,0.027676,0.039216,159.471452,2.151752,0.999295,0.350427,-0.935837,0.294257,0.294404,0.365018,0.364486,0.340725,0.340961,142.374772,143.0,47.0,56.0,53.0,79.0,100.0,93.0,2.680851,2.785714,2.754717,5478,5478,0,0.0,1.0,0.0,2729,pass,
glucose_11_c20_wG11,glucose_11_c20,glucose,11,20.0,G11,7,11,crops/glucose/glucose_11_c20/glucose_11_c20_wG11.png,60.139,128.181883,131.0,13.807034,11.0,158.617758,161.0,12.900756,9.0,146.142422,148.0,13.364318,10.0,0.194431,0.188235,0.034003,0.023529,0.62203,0.631373,0.050591,0.035294,155.454814,2.985627,0.998643,0.414847,-0.9084,0.295398,0.29646,0.366992,0.365591,0.33761,0.337868,144.314021,146.666667,51.0,60.0,57.0,80.0,101.0,91.0,2.568627,2.683333,2.596491,5575,5575,0,0.0,1.0,0.0,2730,pass,
glucose_11_c20_wG12,glucose_11_c20,glucose,11,20.0,G12,7,12,crops/glucose/glucose_11_c20/glucose_11_c20_wG12.png,68.891,129.702999,130.0,13.50835,17.0,160.32562,161.0,13.149108,16.0,147.430782,148.0,13.295691,17.0,0.192507,0.188235,0.020794,0.027451,0.628728,0.631373,0.051565,0.062745,154.774143,3.409824,0.998231,0.425434,-0.903034,0.296119,0.296804,0.366822,0.366359,0.337059,0.337748,145.8198,146.333333,224.0,230.0,233.0,-94.0,-69.0,-85.0,0.580357,0.7,0.635193,7303,7303,0,0.0,1.0,0.0,3620,pass,
glucose_11_c20_wH01,glucose_11_c20,glucose,11,20.0,H01,8,1,crops/glucose/glucose_11_c20/glucose_11_c20_wH01.png,69.115,129.047204,132.0,11.880387,14.0,157.526187,160.0,11.321381,13.0,142.426881,145.0,11.171073,13.0,0.18206,0.176471,0.020574,0.023529,0.61775,0.627451,0.044398,0.05098,147.999875,2.944692,0.99868,0.529222,-0.846928,0.300485,0.301624,0.367467,0.36643,0.332048,0.333333,143.000091,145.666667,208.0,214.0,216.0,-76.0,-54.0,-71.0,0.634615,0.747664,0.671296,7351,7351,0,0.0,1.0,0.0,3644,pass,
glucose_11_c20_wH02,glucose_11_c20,glucose,11,20.0,H02,8,2,crops/glucose/glucose_11_c20/glucose_11_c20_wH02.png,65.3,114.111331,116.0,14.677348,15.0,142.839324,144.0,14.670311,14.0,127.840694,129.0,14.165987,14.0,0.204165,0.2,0.032325,0.023529,0.560154,0.564706,0.057531,0.054902,148.646809,4.023542,0.997537,0.519031,-0.851873,0.295764,0.297235,0.371858,0.371053,0.332379,0.332362,128.263783,129.666667,200.0,205.0,207.0,-84.0,-61.0,-78.0,0.58,0.702439,0.623188,6566,6566,0,0.0,1.0,0.0,3274,pass,
glucose_11_c20_wH03,glucose_11_c20,glucose,11,20.0,H03,8,3,crops/glucose/glucose_11_c20/glucose_11_c20_wH03.png,64.852,123.79966,124.0,5.606733,6.0,151.758727,152.0,5.53517,6.0,137.791937,138.0,6.053295,6.0,0.18446,0.184314,0.010633,0.007843,0.595132,0.596078,0.021707,0.023529,149.835873,2.986918,0.998642,0.501796,-0.863416,0.29946,0.29976,0.36722,0.366906,0.33332,0.333333,137.783441,138.0,204.0,208.0,212.0,-80.0,-56.0,-74.0,0.607843,0.730769,0.650943,6474,6474,0,0.0,1.0,0.0,3214,pass,
glucose_11_c20_wH04,glucose_11_c20,glucose,11,20.0,H04,8,4,crops/glucose/glucose_11_c20/glucose_11_c20_wH04.png,63.954,128.469841,130.0,8.194474,8.0,156.402381,157.0,7.943341,8.0,144.50127,146.0,8.096844,8.0,0.179261,0.176471,0.015263,0.011765,0.613343,0.615686,0.03115,0.031373,154.160831,2.320311,0.99918,0.435489,-0.899283,0.299043,0.299771,0.364406,0.363844,0.336551,0.336384,143.124497,144.0,198.0,203.0,206.0,-68.0,-46.0,-60.0,0.656566,0.773399,0.708738,6300,6300,0,0.0,1.0,0.0,3121,pass,
glucose_11_c20_wH05,glucose_11_c20,glucose,11,20.0,H05,8,5,crops/glucose/glucose_11_c20/glucose_11_c20_wH05.png,59.466,119.216241,120.0,9.920134,10.0,148.632739,150.0,9.903399,9.5,136.213118,138.0,10.052341,10.0,0.198989,0.196078,0.018425,0.019608,0.582873,0.588235,0.038837,0.037255,154.468979,2.124841,0.999313,0.430703,-0.901732,0.294781,0.294964,0.3681,0.367397,0.337119,0.337963,134.687366,136.0,45.0,55.0,51.0,75.0,95.0,87.0,2.666667,2.727273,2.705882,5443,5443,0,0.0,1.0,0.0,2698,pass,
glucose_11_c20_wH06,glucose_11_c20,glucose,11,20.0,H06,8,6,crops/glucose/glucose_11_c20/glucose_11_c20_wH06.png,63.73,118.28288,119.0,6.989865,7.0,148.38624,149.0,7.085079,8.0,138.08992,139.0,7.726147,10.0,0.203187,0.2,0.013378,0.015686,0.581907,0.584314,0.027785,0.031373,159.488669,3.14661,0.998493,0.349865,-0.935192,0.292152,0.292383,0.366722,0.366093,0.341126,0.341463,134.91968,135.666667,202.0,206.0,211.0,-83.0,-57.0,-72.0,0.589109,0.723301,0.658768,6250,6250,0,0.0,1.0,0.0,3102,pass,
glucose_11_c20_wH07,glucose_11_c20,glucose,11,20.0,H07,8,7,crops/glucose/glucose_11_c20/glucose_11_c20_wH07.png,68.891,95.172569,101.0,29.102967,34.0,123.996171,131.0,30.165454,34.0,114.611924,121.0,29.440929,33.0,0.252603,0.227451,0.095637,0.058824,0.486275,0.513725,0.118258,0.133333,161.009635,5.61962,0.995202,0.323848,-0.941036,0.279023,0.286111,0.375669,0.370717,0.345308,0.343137,111.260222,117.666667,214.0,219.0,222.0,-113.0,-88.0,-101.0,0.471963,0.598174,0.545045,7313,7313,0,0.0,1.0,0.003829,3621,pass,
glucose_11_c20_wH08,glucose_11_c20,glucose,11,20.0,H08,8,8,crops/glucose/glucose_11_c20/glucose_11_c20_wH08.png,59.69,124.83224,125.0,9.824549,9.0,155.642623,156.0,9.684164,9.0,144.872678,145.0,10.221268,11.0,0.199056,0.196078,0.021003,0.011765,0.610363,0.611765,0.037977,0.035294,159.080692,2.969044,0.998658,0.356574,-0.932831,0.293197,0.293556,0.366197,0.365688,0.340605,0.340909,141.782514,141.666667,50.0,59.0,53.0,75.0,97.0,92.0,2.5,2.644068,2.735849,5490,5490,0,0.0,1.0,0.0,2717,pass,
glucose_11_c20_wH09,glucose_11_c20,glucose,11,20.0,H09,8,9,crops/glucose/glucose_11_c20/glucose_11_c20_wH09.png,63.73,125.81251,129.0,14.953211,14.0,155.631099,159.0,14.493106,13.0,144.044793,147.0,14.985171,15.0,0.194083,0.188235,0.029323,0.023529,0.610318,0.623529,0.056836,0.05098,156.61282,3.576926,0.998053,0.39617,-0.916057,0.295065,0.296296,0.366348,0.365517,0.338587,0.338462,141.829467,145.0,206.0,211.0,216.0,-77.0,-52.0,-69.0,0.626214,0.753555,0.680556,6251,6251,0,0.0,1.0,0.0,3099,pass,
glucose_11_c20_wH10,glucose_11_c20,glucose,11,20.0,H10,8,10,crops/glucose/glucose_11_c20/glucose_11_c20_wH10.png,62.608,119.837363,121.0,9.356173,10.0,150.52004,152.0,9.248431,9.0,138.042729,140.0,9.29457,10.0,0.204631,0.203922,0.015817,0.015686,0.590275,0.596078,0.036268,0.035294,155.744137,1.998329,0.999392,0.410562,-0.911166,0.293224,0.293532,0.368742,0.368545,0.338034,0.338164,136.133377,138.0,166.0,174.0,170.0,-45.0,-22.0,-30.0,0.728916,0.873563,0.823529,6038,6038,0,0.0,1.0,0.0,2988,pass,
glucose_11_c20_wH11,glucose_11_c20,glucose,11,20.0,H11,8,11,crops/glucose/glucose_11_c20/glucose_11_c20_wH11.png,60.588,113.131672,120.0,29.390873,28.0,143.165253,151.0,30.321374,28.0,132.437964,139.0,29.642356,28.0,0.224618,0.203922,0.079948,0.043137,0.561435,0.592157,0.118898,0.109804,159.069091,5.941885,0.994637,0.355326,-0.929003,0.286702,0.292343,0.371374,0.367454,0.341925,0.341121,129.578296,136.666667,64.0,74.0,66.0,56.0,77.0,73.0,1.875,2.040541,2.106061,5658,5658,0,0.0,1.0,0.004949,2811,pass,
glucose_11_c20_wH12,glucose_11_c20,glucose,11,20.0,H12,8,12,crops/glucose/glucose_11_c20/glucose_11_c20_wH12.png,67.993,134.946865,135.0,12.375145,15.0,165.41594,166.0,12.048726,14.0,152.212539,152.0,12.416313,15.0,0.185321,0.184314,0.017361,0.019608,0.64869,0.65098,0.04725,0.054902,154.012157,2.979404,0.998649,0.437588,-0.897673,0.297916,0.298475,0.36576,0.365344,0.336324,0.337526,150.858448,151.0,219.0,225.0,230.0,-84.0,-59.0,-78.0,0.616438,0.737778,0.66087,7114,7114,0,0.0,1.0,0.0,3536,pass,
ketone_01_c0_wA01,ketone_01_c0,ketone,1,0.0,A01,1,1,crops/ketone/ketone_01_c0/ketone_01_c0_wA01.png,78.3,182.276956,182.0,4.02343,4.0,132.746829,133.0,6.61674,8.0,108.594926,109.0,6.920309,9.0,0.404538,0.4,0.030489,0.043137,0.714812,0.713725,0.015778,0.015686,19.65424,2.407158,0.999118,0.336047,0.940909,0.430616,0.429234,0.313245,0.314732,0.256139,0.258741,141.206237,141.333333,201.0,196.0,197.0,-19.0,-63.0,-88.0,0.905473,0.678571,0.553299,9460,9460,0,0.0,1.0,0.0,4680,pass,
ketone_01_c0_wA02,ketone_01_c0,ketone,1,0.0,A02,1,2,crops/ketone/ketone_01_c0/ketone_01_c0_wA02.png,80.4,185.039119,185.0,4.170634,4.0,130.456255,131.0,6.029701,7.0,96.434835,97.0,7.434129,10.0,0.478953,0.47451,0.036705,0.05098,0.725644,0.72549,0.016355,0.015686,22.879324,3.106641,0.998531,0.38822,0.919972,0.449494,0.447433,0.316635,0.31829,0.233871,0.234719,137.31007,137.333333,204.0,201.0,201.0,-19.0,-70.0,-104.0,0.906863,0.651741,0.482587,9944,9944,0,0.0,1.0,0.0,4928,pass,
ketone_01_c0_wA03,ketone_01_c0,ketone,1,0.0,A03,1,3,crops/ketone/ketone_01_c0/ketone_01_c0_wA03.png,79.5,186.202347,186.0,6.069179,7.0,130.841087,130.0,8.072162,12.0,102.916118,102.0,9.249351,13.0,0.447895,0.447059,0.038105,0.054902,0.730205,0.729412,0.023801,0.027451,20.18351,2.378108,0.999139,0.344731,0.937784,0.44392,0.443396,0.31143,0.3125,0.24465,0.244186,139.986517,139.333333,206.0,201.0,202.0,-20.0,-71.0,-100.0,0.902913,0.646766,0.50495,9716,9716,0,0.0,1.0,0.0,4856,pass,
ketone_01_c0_wA04,ketone_01_c0,ketone,1,0.0,A04,1,4,crops/ketone/ketone_01_c0/ketone_01_c0_wA04.png,78.9,187.963853,188.0,6.386947,8.0,133.152528,134.0,7.647896,9.0,99.558817,100.0,8.15201,11.0,0.470888,0.466667,0.030859,0.043137,0.737113,0.737255,0.025047,0.031373,22.773458,2.112778,0.99932,0.386825,0.921416,0.447224,0.445545,0.316427,0.317536,0.236349,0.237443,140.225066,140.333333,207.0,202.0,203.0,-19.0,-68.0,-103.0,0.908213,0.663366,0.492611,9572,9572,0,0.0,1.0,0.0,4744,pass,
ketone_01_c0_wA05,ketone_01_c0,ketone,1,0.0,A05,1,5,crops/ketone/ketone_01_c0/ketone_01_c0_wA05.png,78.0,183.146714,183.0,7.650547,8.0,131.20988,131.0,9.562061,12.0,112.066688,112.0,8.398609,10.0,0.388895,0.388235,0.021767,0.027451,0.718222,0.717647,0.030002,0.031373,16.173642,2.465296,0.999075,0.278292,0.959533,0.429959,0.429561,0.30747,0.309002,0.262571,0.262673,142.141094,142.0,207.0,199.0,201.0,-24.0,-68.0,-89.0,0.884058,0.658291,0.557214,9372,9372,0,0.0,1.0,0.0,4616,pass,
ketone_01_c0_wA06,ketone_01_c0,ketone,1,0.0,A06,1,6,crops/ketone/ketone_01_c0/ketone_01_c0_wA06.png,76.8,189.183921,189.0,8.882151,10.0,142.529846,143.0,9.711839,11.0,133.025881,133.0,9.466606,11.0,0.29762,0.298039,0.018926,0.023529,0.741898,0.741176,0.034832,0.039216,9.98417,2.257506,0.999224,0.173242,0.984092,0.407409,0.407002,0.306542,0.306695,0.286048,0.286344,154.913216,155.0,204.0,189.0,190.0,-15.0,-46.0,-57.0,0.926471,0.756614,0.7,9080,9080,0,0.0,1.0,0.0,4480,pass,
ketone_01_c0_wA07,ketone_01_c0,ketone,1,0.0,A07,1,7,crops/ketone/ketone_01_c0/ketone_01_c0_wA07.png,76.8,190.673238,191.0,6.955978,8.0,144.514868,145.0,8.26626,10.0,138.946035,139.0,7.636075,10.0,0.271829,0.270588,0.016394,0.023529,0.747738,0.74902,0.027278,0.031373,6.438739,2.171257,0.999282,0.11206,0.992979,0.402385,0.401709,0.304664,0.305195,0.292952,0.293303,158.044714,158.666667,201.0,185.0,188.0,-10.0,-40.0,-49.0,0.950249,0.783784,0.739362,9080,9080,0,0.0,1.0,0.0,4480,pass,
ketone_01_c0_wA08,ketone_01_c0,ketone,1,0.0,A08,1,8,crops/ketone/ketone_01_c0/ketone_01_c0_wA08.png,80.7,182.5071,183.0,6.082479,8.0,130.2055,131.0,8.172531,11.0,111.9064,112.0,7.546697,10.0,0.387411,0.384314,0.023562,0.031373,0.715714,0.717647,0.023853,0.031373,15.640922,2.58408,0.998983,0.269334,0.961991,0.430205,0.428904,0.306465,0.308341,0.26333,0.263959,141.539667,142.0,208.0,204.0,206.0,-25.0,-73.0,-94.0,0.879808,0.642157,0.543689,10000,10000,0,0.0,1.0,0.0,5008,pass,
ketone_01_c0_wA09,ketone_01_c0,ketone,1,0.0,A09,1,9,crops/ketone/ketone_01_c0/ketone_01_c0_wA09.png,81.0,181.1667,181.0,5.756108,7.0,129.335375,129.0,7.396865,9.0,110.236858,110.0,6.867717,9.0,0.39196,0.390196,0.021533,0.031373,0.710458,0.709804,0.022573,0.027451,16.30254,1.920848,0.999438,0.280552,0.959254,0.430914,0.430288,0.307263,0.308585,0.261823,0.26253,140.246311,140.333333,206.0,203.0,204.0,-25.0,-74.0,-94.0,0.878641,0.635468,0.539216,10120,10120,0,0.0,1.0,0.0,5008,pass,
ketone_01_c0_wA10,ketone_01_c0,ketone,1,0.0,A10,1,10,crops/ketone/ketone_01_c0/ketone_01_c0_wA10.png,80.4,179.465507,180.0,5.293404,5.0,128.737128,129.0,6.729733,7.0,103.91965,104.0,6.151013,6.0,0.421353,0.419608,0.019377,0.027451,0.703786,0.705882,0.020758,0.019608,19.69566,2.335252,0.99917,0.336744,0.940714,0.435723,0.435407,0.312274,0.313397,0.252003,0.252538,137.374095,137.333333,204.0,200.0,201.0,-24.0,-71.0,-97.0,0.882353,0.645,0.517413,9944,9944,0,0.0,1.0,0.0,4928,pass,
ketone_01_c0_wA11,ketone_01_c0,ketone,1,0.0,A11,1,11,crops/ketone/ketone_01_c0/ketone_01_c0_wA11.png,81.9,183.712708,183.0,10.151658,13.0,138.782836,139.0,11.942671,16.0,124.854901,124.0,11.1596,15.0,0.321618,0.321569,0.025341,0.031373,0.720442,0.717647,0.03981,0.05098,13.966086,2.870966,0.998745,0.241045,0.969221,0.411245,0.410431,0.309966,0.311751,0.27879,0.278761,149.116815,148.333333,204.0,201.0,202.0,-21.0,-62.0,-78.0,0.897059,0.691542,0.613861,10324,10324,0,0.0,1.0,0.0,5136,pass,
ketone_01_c0_wA12,ketone_01_c0,ketone,1,0.0,A12,1,12,crops/ketone/ketone_01_c0/ketone_01_c0_wA12.png,75.0,187.65809,187.0,9.419937,11.0,146.532684,146.0,10.170212,12.0,144.539175,144.0,10.534431,13.0,0.231837,0.231373,0.020131,0.027451,0.735914,0.733333,0.036941,0.043137,2.643156,2.998627,0.998631,0.046052,0.997569,0.392306,0.392034,0.305959,0.306554,0.301735,0.301724,159.57665,159.333333,192.0,179.0,183.0,-5.0,-33.0,-39.0,0.973958,0.815642,0.786885,8628,8628,0,0.0,1.0,0.0,4280,pass,
ketone_01_c0_wB01,ketone_01_c0,ketone,1,0.0,B01,2,1,crops/ketone/ketone_01_c0/ketone_01_c0_wB01.png,77.4,184.150585,184.0,5.108407,6.0,129.706635,129.0,7.612941,9.0,91.657307,91.0,7.088202,9.0,0.502785,0.505882,0.028082,0.043137,0.722159,0.721569,0.020033,0.023529,24.555267,2.259314,0.999223,0.415248,0.908854,0.454539,0.455224,0.319708,0.320802,0.225753,0.22542,135.171509,134.333333,203.0,197.0,197.0,-19.0,-68.0,-106.0,0.906404,0.654822,0.461929,9224,9224,0,0.0,1.0,0.0,4600,pass,
ketone_01_c0_wB02,ketone_01_c0,ketone,1,0.0,B02,2,2,crops/ketone/ketone_01_c0/ketone_01_c0_wB02.png,77.7,185.866156,186.0,5.839296,7.0,129.006795,129.0,7.596308,10.0,90.024698,90.0,7.672543,11.0,0.51625,0.513725,0.030048,0.047059,0.728887,0.729412,0.022899,0.027451,24.250196,1.538262,0.99964,0.410574,0.911432,0.459515,0.458549,0.318496,0.318878,0.221989,0.2225,134.965883,134.333333,205.0,199.0,200.0,-19.0,-70.0,-110.0,0.907317,0.648241,0.45,9272,9272,0,0.0,1.0,0.0,4632,pass,
ketone_01_c0_wB03,ketone_01_c0,ketone,1,0.0,B03,2,3,crops/ketone/ketone_01_c0/ketone_01_c0_wB03.png,76.2,188.238351,189.0,7.090515,9.0,131.457213,132.0,8.403959,11.0,86.549731,87.0,9.542984,13.0,0.541125,0.537255,0.038883,0.058824,0.73819,0.741176,0.027806,0.035294,26.57403,1.848897,0.999479,0.447121,0.893892,0.464021,0.461728,0.323519,0.324675,0.21246,0.213235,135.415099,135.666667,206.0,200.0,200.0,-17.0,-68.0,-113.0,0.917476,0.66,0.435,8928,8928,0,0.0,1.0,0.0,4432,pass,
ketone_01_c0_wB04,ketone_01_c0,ketone,1,0.0,B04,2,4,crops/ketone/ketone_01_c0/ketone_01_c0_wB04.png,77.4,189.925737,190.0,7.121484,9.0,134.03003,134.0,8.119184,11.0,92.205659,92.0,8.838871,12.0,0.515373,0.513725,0.033231,0.05098,0.744807,0.745098,0.027927,0.035294,25.568792,1.719484,0.99955,0.4314,0.901662,0.456898,0.455422,0.321996,0.323308,0.221106,0.220903,138.720476,138.666667,209.0,202.0,203.0,-19.0,-68.0,-111.0,0.909091,0.663366,0.453202,9224,9224,0,0.0,1.0,0.0,4600,pass,
ketone_01_c0_wB05,ketone_01_c0,ketone,1,0.0,B05,2,5,crops/ketone/ketone_01_c0/ketone_01_c0_wB05.png,78.6,189.152188,189.0,6.813959,9.0,131.801956,132.0,8.383266,10.0,97.171645,98.0,8.463487,11.0,0.487019,0.482353,0.030892,0.043137,0.741773,0.741176,0.026721,0.035294,22.564747,1.561477,0.999629,0.383585,0.923104,0.45291,0.451163,0.315081,0.315421,0.232009,0.232911,139.375263,139.666667,208.0,203.0,205.0,-19.0,-71.0,-107.0,0.908654,0.650246,0.478049,9508,9508,0,0.0,1.0,0.0,4744,pass,
ketone_01_c0_wB06,ketone_01_c0,ketone,1,0.0,B06,2,6,crops/ketone/ketone_01_c0/ketone_01_c0_wB06.png,79.8,189.137403,190.0,7.444672,9.0,136.961311,138.0,9.107152,12.0,101.800735,102.0,10.095234,14.0,0.462782,0.458824,0.037212,0.054902,0.741715,0.745098,0.029195,0.035294,24.03375,2.032719,0.999371,0.407018,0.912731,0.442639,0.441176,0.319977,0.321101,0.237384,0.238095,142.63315,143.0,208.0,203.0,203.5,-18.0,-65.0,-101.5,0.913462,0.679803,0.501229,9796,9796,0,0.0,1.0,0.0,4864,pass,
ketone_01_c0_wB07,ketone_01_c0,ketone,1,0.0,B07,2,7,crops/ketone/ketone_01_c0/ketone_01_c0_wB07.png,71.1,192.446071,193.0,6.931764,9.0,139.949153,141.0,9.16253,12.0,107.084617,108.0,10.22071,14.0,0.444488,0.439216,0.036551,0.05098,0.75469,0.756863,0.027183,0.035294,23.195958,1.385097,0.999708,0.393762,0.918895,0.438525,0.436242,0.318321,0.319058,0.243154,0.244706,146.49328,147.0,178.0,141.0,140.0,15.0,0.0,-32.0,1.08427,1.0,0.771429,7788,7788,0,0.0,1.0,0.0,3812,pass,
ketone_01_c0_wB08,ketone_01_c0,ketone,1,0.0,B08,2,8,crops/ketone/ketone_01_c0/ketone_01_c0_wB08.png,78.3,191.522622,192.0,7.00127,9.0,139.000529,139.0,8.474916,11.0,98.885941,99.0,9.184576,13.0,0.48444,0.482353,0.03352,0.05098,0.751069,0.752941,0.027456,0.035294,25.935182,2.126114,0.999312,0.437053,0.89867,0.446517,0.446188,0.323626,0.324263,0.229857,0.230248,143.136364,143.333333,209.0,204.0,204.0,-17.0,-65.0,-105.0,0.91866,0.681373,0.485294,9460,9460,0,0.0,1.0,0.0,4680,pass,
ketone_01_c0_wB09,ketone_01_c0,ketone,1,0.0,B09,2,9,crops/ketone/ketone_01_c0/ketone_01_c0_wB09.png,76.8,190.80837,191.0,6.50473,8.0,136.662004,136.0,7.461071,10.0,97.837665,97.0,7.460179,10.0,0.487891,0.486275,0.024465,0.035294,0.748268,0.74902,0.025509,0.031373,24.981546,1.571905,0.999624,0.422167,0.906103,0.448985,0.448598,0.321255,0.322296,0.22976,0.229545,141.769347,141.666667,208.0,199.0,200.0,-17.0,-63.0,-103.0,0.918269,0.683417,0.485,9080,9080,0,0.0,1.0,0.0,4480,pass,
ketone_01_c0_wB10,ketone_01_c0,ketone,1,0.0,B10,2,10,crops/ketone/ketone_01_c0/ketone_01_c0_wB10.png,83.4,188.416293,189.0,7.1847,10.0,134.963898,136.0,9.215608,13.0,97.11691,97.0,7.181443,9.0,0.485163,0.482353,0.020352,0.027451,0.738887,0.741176,0.028175,0.039216,24.911943,2.60136,0.99897,0.420791,0.906022,0.448503,0.447619,0.320752,0.323462,0.230745,0.231144,140.1657,140.0,207.0,205.0,206.0,-18.0,-69.0,-109.0,0.913043,0.663415,0.470874,10692,10692,0,0.0,1.0,0.0,5304,pass,
ketone_01_c0_wB11,ketone_01_c0,ketone,1,0.0,B11,2,11,crops/ketone/ketone_01_c0/ketone_01_c0_wB11.png,81.0,186.707708,186.0,5.319212,7.0,135.600296,136.0,6.942068,10.0,93.825296,94.0,5.69178,8.0,0.497907,0.498039,0.01844,0.023529,0.732187,0.729412,0.02086,0.027451,27.117501,2.229741,0.999243,0.455472,0.8894,0.448937,0.448687,0.325752,0.326969,0.225311,0.225641,138.7111,138.333333,206.0,204.0,205.0,-20.0,-68.0,-111.0,0.902913,0.666667,0.458537,10120,10120,0,0.0,1.0,0.0,5008,pass,
ketone_01_c0_wB12,ketone_01_c0,ketone,1,0.0,B12,2,12,crops/ketone/ketone_01_c0/ketone_01_c0_wB12.png,81.9,183.475978,183.0,4.642999,4.0,130.809957,131.0,5.425173,6.0,100.098315,100.0,5.3548,6.0,0.454631,0.454902,0.020906,0.027451,0.719514,0.717647,0.018208,0.015686,21.989484,1.790427,0.999512,0.374254,0.9268,0.442946,0.441805,0.315617,0.316547,0.241438,0.241463,138.128083,138.0,206.0,204.0,204.0,-23.0,-73.0,-104.0,0.88835,0.642157,0.490196,10324,10324,0,0.0,1.0,0.0,5136,pass,
ketone_01_c0_wC01,ketone_01_c0,ketone,1,0.0,C01,3,1,crops/ketone/ketone_01_c0/ketone_01_c0_wC01.png,79.5,184.101482,184.0,6.670014,9.0,129.917867,130.0,8.83746,12.0,92.254837,92.0,7.074728,9.0,0.499587,0.501961,0.021393,0.027451,0.721967,0.721569,0.026157,0.035294,24.64181,2.202122,0.999262,0.416636,0.908261,0.453615,0.453202,0.319568,0.321995,0.226816,0.227154,135.424729,135.333333,203.0,199.0,199.0,-19.0,-69.0,-107.0,0.906404,0.653266,0.462312,9716,9716,0,0.0,1.0,0.0,4856,pass,
ketone_01_c0_wC02,ketone_01_c0,ketone,1,0.0,C02,3,2,crops/ketone/ketone_01_c0/ketone_01_c0_wC02.png,74.7,187.320746,187.0,6.850496,9.0,133.784382,134.0,7.98293,10.0,88.323077,88.0,7.290736,9.0,0.529168,0.529412,0.02465,0.035294,0.734591,0.733333,0.026865,0.035294,27.491405,1.685693,0.999567,0.461416,0.886696,0.457934,0.457213,0.326657,0.327103,0.215409,0.215385,136.476068,136.333333,204.0,195.0,195.0,-17.0,-61.0,-107.0,0.916667,0.687179,0.451282,8580,8580,0,0.0,1.0,0.0,4304,pass,
ketone_01_c0_wC03,ketone_01_c0,ketone,1,0.0,C03,3,3,crops/ketone/ketone_01_c0/ketone_01_c0_wC03.png,77.1,190.347537,191.0,6.973411,9.0,136.381212,137.0,8.623308,12.0,89.332062,90.0,10.037914,15.0,0.531735,0.529412,0.039769,0.066667,0.746461,0.74902,0.027347,0.035294,27.909699,2.047796,0.999362,0.467781,0.883122,0.458172,0.455847,0.327744,0.329327,0.214084,0.214953,138.686937,139.0,208.0,202.0,203.0,-17.0,-65.0,-113.0,0.918269,0.678218,0.44335,9176,9176,0,0.0,1.0,0.0,4520,pass,
ketone_01_c0_wC04,ketone_01_c0,ketone,1,0.0,C04,3,4,crops/ketone/ketone_01_c0/ketone_01_c0_wC04.png,78.9,191.42593,192.0,6.783396,9.0,136.02758,137.0,8.243517,11.0,95.940033,95.0,8.93002,12.0,0.499572,0.501961,0.032921,0.043137,0.75069,0.752941,0.026602,0.035294,25.081199,1.687961,0.999566,0.423718,0.905315,0.452645,0.452436,0.321189,0.322353,0.226166,0.225734,141.131181,141.333333,209.0,205.0,206.0,-17.0,-68.0,-111.0,0.91866,0.668293,0.461165,9572,9572,0,0.0,1.0,0.0,4744,pass,
ketone_01_c0_wC05,ketone_01_c0,ketone,1,0.0,C05,3,5,crops/ketone/ketone_01_c0/ketone_01_c0_wC05.png,79.2,190.796273,192.0,7.77251,9.0,135.458178,136.0,9.155637,12.0,94.323188,94.0,8.897885,11.0,0.50657,0.505882,0.030429,0.039216,0.748221,0.752941,0.03048,0.035294,25.462537,2.018817,0.999379,0.429654,0.902306,0.454221,0.454321,0.321946,0.323529,0.223833,0.224256,140.192547,140.666667,209.0,205.0,206.0,-17.0,-69.0,-112.0,0.91866,0.663415,0.456311,9660,9660,0,0.0,1.0,0.0,4784,pass,
ketone_01_c0_wC06,ketone_01_c0,ketone,1,0.0,C06,3,6,crops/ketone/ketone_01_c0/ketone_01_c0_wC06.png,78.6,189.209297,189.0,7.00237,9.0,136.027661,136.0,8.360827,11.0,95.102545,95.0,8.076146,11.0,0.498113,0.498039,0.027768,0.039216,0.741997,0.741176,0.02746,0.035294,26.170959,1.897764,0.999452,0.440809,0.89699,0.450583,0.450839,0.323506,0.324519,0.225911,0.225882,140.113168,139.666667,207.0,200.0,201.0,-18.0,-64.0,-106.0,0.913043,0.68,0.472637,9508,9508,0,0.0,1.0,0.0,4744,pass,
ketone_01_c0_wC07,ketone_01_c0,ketone,1,0.0,C07,3,7,crops/ketone/ketone_01_c0/ketone_01_c0_wC07.png,72.9,192.336632,193.0,7.729303,11.0,138.43585,139.0,8.860411,12.0,101.334555,102.0,8.107582,11.0,0.473865,0.47451,0.022813,0.031373,0.754261,0.756863,0.030311,0.043137,24.400207,1.649294,0.999586,0.412937,0.910305,0.445544,0.444954,0.32025,0.321185,0.234206,0.234375,144.035679,144.333333,198.0,177.0,177.0,-5.0,-38.0,-75.0,0.974747,0.785311,0.576271,8184,8184,0,0.0,1.0,0.0,4048,pass,
ketone_01_c0_wC08,ketone_01_c0,ketone,1,0.0,C08,3,8,crops/ketone/ketone_01_c0/ketone_01_c0_wC08.png,82.5,191.058279,192.0,7.914228,9.0,136.009348,136.0,9.353945,11.0,93.817531,94.0,8.593306,10.0,0.509749,0.509804,0.029967,0.035294,0.749248,0.752941,0.031036,0.035294,25.940232,2.668629,0.998916,0.436959,0.898276,0.454455,0.453917,0.323005,0.325301,0.22254,0.222222,140.295053,140.666667,210.0,209.0,210.0,-18.0,-73.0,-116.0,0.914286,0.650718,0.447619,10484,10484,0,0.0,1.0,0.0,5196,pass,
ketone_01_c0_wC09,ketone_01_c0,ketone,1,0.0,C09,3,9,crops/ketone/ketone_01_c0/ketone_01_c0_wC09.png,78.6,193.683109,194.0,6.856868,9.0,137.378944,138.0,7.977327,11.0,96.20204,97.0,6.776923,9.0,0.503899,0.501961,0.019733,0.027451,0.759542,0.760784,0.02689,0.035294,25.075192,1.974829,0.999406,0.423556,0.905215,0.453632,0.452874,0.321416,0.322353,0.224952,0.225182,142.421364,142.666667,211.0,207.0,207.0,-17.0,-69.0,-110.0,0.919431,0.666667,0.468599,9508,9508,0,0.0,1.0,0.0,4744,pass,
ketone_01_c0_wC10,ketone_01_c0,ketone,1,0.0,C10,3,10,crops/ketone/ketone_01_c0/ketone_01_c0_wC10.png,74.1,193.197518,193.0,6.388348,8.0,139.243144,140.0,7.761614,9.0,97.847636,98.0,6.848035,8.0,0.494129,0.494118,0.02064,0.027451,0.757637,0.756863,0.025052,0.031373,25.977848,1.864043,0.999471,0.437792,0.898488,0.449331,0.448441,0.323497,0.324766,0.227172,0.227679,143.429433,143.666667,204.0,186.0,186.0,-11.0,-46.0,-88.0,0.946078,0.752688,0.526882,8460,8460,0,0.0,1.0,0.0,4192,pass,
ketone_01_c0_wC11,ketone_01_c0,ketone,1,0.0,C11,3,11,crops/ketone/ketone_01_c0/ketone_01_c0_wC11.png,78.6,189.157446,189.0,6.360004,9.0,136.242112,136.0,7.574054,11.0,91.974968,92.0,7.407117,11.0,0.514352,0.513725,0.027174,0.039216,0.741794,0.741176,0.024941,0.035294,27.271668,1.786626,0.999514,0.457987,0.888412,0.453582,0.453202,0.326343,0.327411,0.220075,0.220297,139.124842,139.0,208.0,204.0,203.0,-19.0,-68.0,-111.0,0.908654,0.666667,0.453202,9508,9508,0,0.0,1.0,0.0,4744,pass,
ketone_01_c0_wC12,ketone_01_c0,ketone,1,0.0,C12,3,12,crops/ketone/ketone_01_c0/ketone_01_c0_wC12.png,78.0,185.821703,185.0,4.629636,5.0,133.371105,133.0,5.49282,7.0,97.781263,97.0,5.791729,9.0,0.474098,0.47451,0.021968,0.035294,0.728713,0.72549,0.018155,0.019608,23.98152,1.560546,0.999629,0.406291,0.913338,0.445844,0.446043,0.319814,0.320755,0.234343,0.234043,138.991357,138.333333,208.0,202.0,202.0,-23.0,-69.0,-105.0,0.889423,0.658416,0.480198,9372,9372,0,0.0,1.0,0.0,4616,pass,
ketone_01_c0_wD01,ketone_01_c0,ketone,1,0.0,D01,4,1,crops/ketone/ketone_01_c0/ketone_01_c0_wD01.png,76.5,183.358141,184.0,6.153866,7.0,127.437001,128.0,8.3723,11.0,87.14929,87.0,7.011344,9.0,0.525351,0.52549,0.02532,0.039216,0.719052,0.721569,0.024133,0.027451,25.024134,2.436007,0.999097,0.422618,0.905311,0.461232,0.460048,0.320044,0.321782,0.218724,0.219451,132.648144,133.0,203.0,198.0,198.0,-19.0,-70.0,-111.0,0.906404,0.646465,0.439394,9016,9016,0,0.0,1.0,0.0,4512,pass,
ketone_01_c0_wD02,ketone_01_c0,ketone,1,0.0,D02,4,2,crops/ketone/ketone_01_c0/ketone_01_c0_wD02.png,75.9,186.313401,186.0,7.534895,8.0,132.646734,133.0,8.701538,11.0,84.721509,85.0,7.561179,9.0,0.546076,0.545098,0.025068,0.031373,0.730641,0.729412,0.029549,0.031373,28.206311,2.125701,0.999312,0.472323,0.880645,0.462001,0.461538,0.32847,0.330025,0.209528,0.209877,134.560548,134.333333,203.0,196.0,197.0,-17.0,-63.0,-112.0,0.916256,0.678571,0.431472,8880,8880,0,0.0,1.0,0.0,4408,pass,
ketone_01_c0_wD03,ketone_01_c0,ketone,1,0.0,D03,4,3,crops/ketone/ketone_01_c0/ketone_01_c0_wD03.png,76.2,187.903562,188.0,6.699633,8.0,132.129592,133.0,8.118764,10.0,90.221326,90.0,7.747952,9.0,0.520595,0.521569,0.027571,0.035294,0.736877,0.737255,0.026273,0.031373,25.647773,2.007966,0.999386,0.432572,0.900919,0.45848,0.457746,0.321953,0.323232,0.219567,0.219626,136.751493,137.0,207.0,201.0,202.0,-19.0,-68.0,-112.0,0.908213,0.661692,0.445545,8928,8928,0,0.0,1.0,0.0,4432,pass,
ketone_01_c0_wD04,ketone_01_c0,ketone,1,0.0,D04,4,4,crops/ketone/ketone_01_c0/ketone_01_c0_wD04.png,77.4,190.653187,191.0,6.941691,8.0,134.435928,135.0,8.040917,10.0,92.598222,93.0,7.43205,9.0,0.514941,0.513725,0.024952,0.035294,0.74766,0.74902,0.027222,0.031373,25.55885,1.974595,0.999406,0.431182,0.901607,0.456844,0.456019,0.321749,0.322738,0.221407,0.221411,139.229112,139.333333,210.0,205.0,207.0,-19.0,-70.0,-114.0,0.909524,0.658537,0.449275,9224,9224,0,0.0,1.0,0.0,4600,pass,
ketone_01_c0_wD05,ketone_01_c0,ketone,1,0.0,D05,4,5,crops/ketone/ketone_01_c0/ketone_01_c0_wD05.png,77.7,190.730587,191.0,7.64319,10.0,136.199094,136.0,9.35297,13.0,95.155306,95.0,9.322547,13.0,0.502058,0.501961,0.033187,0.047059,0.747963,0.74902,0.029973,0.039216,25.704936,1.972967,0.999407,0.43348,0.900506,0.452499,0.451613,0.322544,0.323596,0.224957,0.225882,140.694996,140.666667,210.0,204.0,205.0,-19.0,-68.0,-110.0,0.909524,0.666667,0.463415,9272,9272,0,0.0,1.0,0.0,4632,pass,
ketone_01_c0_wD06,ketone_01_c0,ketone,1,0.0,D06,4,6,crops/ketone/ketone_01_c0/ketone_01_c0_wD06.png,78.6,191.181111,191.0,7.512576,9.0,136.643984,137.0,8.652429,12.0,98.766512,99.0,8.299592,10.0,0.484219,0.486275,0.025696,0.031373,0.74973,0.74902,0.029461,0.035294,24.536557,1.667707,0.999576,0.415098,0.909311,0.448614,0.448113,0.320206,0.321513,0.23118,0.230947,142.197202,142.333333,208.0,202.0,202.0,-17.0,-65.0,-103.0,0.918269,0.678218,0.490099,9508,9508,0,0.0,1.0,0.0,4744,pass,
ketone_01_c0_wD07,ketone_01_c0,ketone,1,0.0,D07,4,7,crops/ketone/ketone_01_c0/ketone_01_c0_wD07.png,79.8,193.192732,194.0,7.18508,9.0,139.768477,140.0,8.607278,12.0,98.491221,99.0,7.735616,10.0,0.490883,0.490196,0.024402,0.031373,0.757619,0.760784,0.028177,0.035294,26.131013,2.209064,0.999257,0.440098,0.897122,0.448169,0.447489,0.323831,0.325243,0.228,0.228774,143.817477,144.333333,210.0,206.0,207.0,-16.0,-66.0,-108.0,0.92381,0.679612,0.478261,9796,9796,0,0.0,1.0,0.0,4864,pass,
ketone_01_c0_wD08,ketone_01_c0,ketone,1,0.0,D08,4,8,crops/ketone/ketone_01_c0/ketone_01_c0_wD08.png,76.2,193.278674,194.0,7.790884,10.0,138.300515,139.0,9.10729,12.0,92.93974,93.0,7.782735,10.0,0.519863,0.517647,0.023106,0.027451,0.757956,0.760784,0.030552,0.039216,27.010169,2.077217,0.999343,0.45385,0.890341,0.45576,0.455172,0.325634,0.32684,0.218606,0.218962,141.50631,142.0,212.0,203.0,203.0,-18.0,-64.0,-110.0,0.915094,0.684729,0.458128,8928,8928,0,0.0,1.0,0.0,4432,pass,
ketone_01_c0_wD09,ketone_01_c0,ketone,1,0.0,D09,4,9,crops/ketone/ketone_01_c0/ketone_01_c0_wD09.png,73.2,195.596657,196.0,6.599023,9.0,138.876817,140.0,7.979547,10.0,96.5625,97.0,6.876891,9.0,0.50679,0.505882,0.022167,0.031373,0.767046,0.768627,0.025879,0.035294,25.521957,2.016045,0.999381,0.43059,0.901862,0.454129,0.453515,0.322069,0.322581,0.223802,0.224256,143.678658,144.666667,208.0,192.0,192.0,-12.0,-52.0,-95.0,0.942308,0.729167,0.505208,8256,8256,0,0.0,1.0,0.0,4096,pass,
ketone_01_c0_wD10,ketone_01_c0,ketone,1,0.0,D10,4,10,crops/ketone/ketone_01_c0/ketone_01_c0_wD10.png,75.6,195.175716,196.0,6.119059,8.0,138.876533,140.0,7.565095,10.0,97.593367,98.0,7.799657,11.0,0.500551,0.501961,0.028144,0.043137,0.765395,0.768627,0.023996,0.031373,25.279205,1.573262,0.999623,0.426869,0.903897,0.452568,0.452273,0.321654,0.322353,0.225778,0.225951,143.881872,144.666667,211.0,201.0,201.0,-15.0,-61.0,-103.0,0.92891,0.696517,0.487562,8804,8804,0,0.0,1.0,0.0,4384,pass,
ketone_01_c0_wD11,ketone_01_c0,ketone,1,0.0,D11,4,11,crops/ketone/ketone_01_c0/ketone_01_c0_wD11.png,78.9,191.135917,191.0,7.085238,9.0,137.834622,138.0,8.445118,12.0,90.061952,90.0,8.33045,12.0,0.529588,0.529412,0.030202,0.039216,0.749553,0.74902,0.027785,0.035294,28.348248,1.84999,0.999479,0.474582,0.879619,0.456616,0.456019,0.328848,0.329941,0.214536,0.214112,139.677497,139.666667,210.0,207.0,207.0,-19.0,-69.0,-117.0,0.909524,0.666667,0.434783,9572,9572,0,0.0,1.0,0.0,4744,pass,
ketone_01_c0_wD12,ketone_01_c0,ketone,1,0.0,D12,4,12,crops/ketone/ketone_01_c0/ketone_01_c0_wD12.png,79.2,186.402174,186.0,5.414674,6.0,134.554969,134.0,6.580587,9.0,97.472257,97.0,6.305651,8.0,0.477471,0.478431,0.022443,0.031373,0.730989,0.729412,0.021234,0.023529,24.914798,1.822016,0.999495,0.421057,0.906477,0.445739,0.445255,0.321498,0.322738,0.232763,0.2325,139.476467,138.666667,209.0,207.0,206.0,-23.0,-73.0,-109.0,0.889952,0.647343,0.470874,9660,9660,0,0.0,1.0,0.0,4784,pass,
ketone_01_c0_wE01,ketone_01_c0,ketone,1,0.0,E01,5,1,crops/ketone/ketone_01_c0/ketone_01_c0_wE01.png,75.9,180.402703,182.0,7.100469,9.0,125.902027,127.0,8.380699,10.0,82.552703,83.0,8.021096,9.0,0.543385,0.545098,0.029673,0.035294,0.707462,0.713725,0.027845,0.035294,26.531679,1.861377,0.999472,0.446457,0.894216,0.464503,0.463476,0.323651,0.325062,0.211846,0.21197,129.619144,130.666667,199.0,192.0,192.0,-17.0,-65.0,-109.0,0.914573,0.661458,0.432292,8880,8880,0,0.0,1.0,0.0,4408,pass,
ketone_01_c0_wE02,ketone_01_c0,ketone,1,0.0,E02,5,2,crops/ketone/ketone_01_c0/ketone_01_c0_wE02.png,74.1,185.383215,186.0,8.123148,9.0,131.016194,132.0,10.64978,13.0,90.914894,91.0,9.944234,12.0,0.510875,0.509804,0.035618,0.047059,0.726993,0.729412,0.031855,0.035294,25.377275,2.372414,0.999143,0.42821,0.902731,0.45598,0.454545,0.321405,0.322997,0.222615,0.224138,135.771434,136.333333,199.0,191.5,192.0,-13.0,-59.5,-101.0,0.934673,0.689295,0.473958,8460,8460,0,0.0,1.0,0.0,4192,pass,
ketone_01_c0_wE03,ketone_01_c0,ketone,1,0.0,E03,5,3,crops/ketone/ketone_01_c0/ketone_01_c0_wE03.png,71.4,186.434733,187.0,7.152408,8.0,129.50916,130.0,8.08193,9.0,86.187913,86.0,6.828706,8.0,0.53834,0.537255,0.02303,0.027451,0.731117,0.733333,0.028049,0.031373,25.970526,2.382312,0.999136,0.43753,0.898243,0.463994,0.463291,0.321925,0.323741,0.214081,0.213592,134.043936,134.333333,194.0,184.0,186.0,-7.0,-54.0,-100.0,0.963918,0.706522,0.462366,7860,7860,0,0.0,1.0,0.0,3888,pass,
ketone_01_c0_wE04,ketone_01_c0,ketone,1,0.0,E04,5,4,crops/ketone/ketone_01_c0/ketone_01_c0_wE04.png,72.0,188.649574,189.0,6.886051,8.0,132.368857,133.0,7.683845,9.0,92.302407,93.0,6.910742,7.0,0.51157,0.509804,0.020807,0.023529,0.739802,0.741176,0.027004,0.031373,24.759694,1.530492,0.999643,0.418664,0.907748,0.45678,0.456265,0.320164,0.321597,0.223057,0.223439,137.773613,138.0,193.0,171.0,172.0,-4.0,-38.0,-79.0,0.979275,0.777778,0.540698,7976,7976,0,0.0,1.0,0.0,3968,pass,
ketone_01_c0_wE05,ketone_01_c0,ketone,1,0.0,E05,5,5,crops/ketone/ketone_01_c0/ketone_01_c0_wE05.png,69.9,192.627728,193.0,7.15422,9.0,136.297366,137.0,7.96323,10.0,92.610963,93.0,7.626043,10.0,0.519906,0.517647,0.02356,0.027451,0.755403,0.756863,0.028056,0.035294,26.129061,1.702136,0.999559,0.4402,0.897408,0.457377,0.456731,0.323261,0.324201,0.219363,0.220049,140.512019,140.666667,177.0,142.5,143.0,16.0,-5.5,-50.0,1.090395,0.961404,0.65035,7516,7516,0,0.0,1.0,0.0,3748,pass,
ketone_01_c0_wE06,ketone_01_c0,ketone,1,0.0,E06,5,6,crops/ketone/ketone_01_c0/ketone_01_c0_wE06.png,78.3,191.871564,193.0,8.372871,11.0,136.339323,137.0,10.078732,13.25,95.59482,96.0,8.676595,11.0,0.502788,0.501961,0.02607,0.031373,0.752438,0.756863,0.032835,0.043137,25.320492,2.274374,0.999212,0.427344,0.903218,0.45332,0.451691,0.321498,0.322581,0.225183,0.225664,141.268569,142.0,210.0,204.0,204.0,-17.0,-67.0,-108.0,0.919048,0.671569,0.470588,9460,9460,0,0.0,1.0,0.0,4680,pass,
ketone_01_c0_wE07,ketone_01_c0,ketone,1,0.0,E07,5,7,crops/ketone/ketone_01_c0/ketone_01_c0_wE07.png,79.2,192.857039,193.0,6.685013,9.0,136.862629,137.0,7.972473,11.0,99.395238,100.0,7.716113,10.0,0.485265,0.486275,0.025872,0.035294,0.756302,0.756863,0.026216,0.035294,23.910732,1.663642,0.999579,0.405142,0.913793,0.449836,0.448931,0.318835,0.319444,0.231329,0.231651,143.038302,143.333333,210.0,205.0,205.0,-17.0,-68.0,-105.0,0.919048,0.668293,0.487805,9660,9660,0,0.0,1.0,0.0,4784,pass,
ketone_01_c0_wE08,ketone_01_c0,ketone,1,0.0,E08,5,8,crops/ketone/ketone_01_c0/ketone_01_c0_wE08.png,79.5,193.574105,194.0,7.218475,9.0,137.792096,138.0,8.404698,10.0,90.083162,91.0,8.73408,11.0,0.535392,0.533333,0.034124,0.047059,0.759114,0.760784,0.028308,0.035294,27.60813,2.464993,0.999075,0.462993,0.885318,0.45978,0.458716,0.326884,0.329519,0.213337,0.213398,140.483121,140.666667,212.0,209.0,209.0,-18.0,-71.0,-118.0,0.915094,0.660287,0.435407,9716,9716,0,0.0,1.0,0.0,4856,pass,
ketone_01_c0_wE09,ketone_01_c0,ketone,1,0.0,E09,5,9,crops/ketone/ketone_01_c0/ketone_01_c0_wE09.png,75.6,195.735234,196.0,7.605504,10.0,139.779873,141.0,9.737685,14.0,89.429691,89.0,10.230829,14.0,0.544219,0.545098,0.038951,0.058824,0.767589,0.768627,0.029826,0.039216,28.402634,1.909198,0.999445,0.475401,0.879138,0.461372,0.460465,0.328818,0.329741,0.20981,0.209444,141.648266,142.333333,212.0,206.0,207.0,-16.0,-65.0,-118.0,0.924528,0.684466,0.429952,8804,8804,0,0.0,1.0,0.0,4384,pass,
ketone_01_c0_wE10,ketone_01_c0,ketone,1,0.0,E10,5,10,crops/ketone/ketone_01_c0/ketone_01_c0_wE10.png,76.8,193.636674,194.0,6.883041,9.0,139.215198,140.0,8.221905,11.0,87.668612,88.0,9.260866,12.0,0.548109,0.54902,0.037056,0.05098,0.75936,0.760784,0.026992,0.035294,29.169493,1.960332,0.999415,0.48711,0.872671,0.46103,0.459524,0.331017,0.332555,0.207953,0.207852,140.173495,140.666667,211.0,206.0,206.0,-17.0,-66.0,-118.0,0.919431,0.679612,0.427184,9080,9080,0,0.0,1.0,0.0,4480,pass,
ketone_01_c0_wE11,ketone_01_c0,ketone,1,0.0,E11,5,11,crops/ketone/ketone_01_c0/ketone_01_c0_wE11.png,72.0,193.327106,194.0,6.387044,9.0,138.992854,139.0,8.427731,12.0,88.821088,89.0,9.844488,16.0,0.541397,0.541176,0.040449,0.066667,0.758146,0.760784,0.025047,0.035294,28.909084,2.038481,0.999367,0.483115,0.874834,0.459699,0.458537,0.329983,0.331765,0.210317,0.211538,140.380349,140.333333,203.0,190.0,190.0,-9.0,-51.0,-101.0,0.955665,0.731579,0.468421,7976,7976,0,0.0,1.0,0.0,3968,pass,
ketone_01_c0_wE12,ketone_01_c0,ketone,1,0.0,E12,5,12,crops/ketone/ketone_01_c0/ketone_01_c0_wE12.png,79.2,186.537785,186.0,5.374516,7.0,135.432195,135.0,7.066796,10.0,99.827226,100.0,7.263045,10.0,0.46521,0.462745,0.029327,0.047059,0.731521,0.729412,0.021077,0.027451,24.591184,2.227043,0.999245,0.415827,0.908614,0.442574,0.441247,0.320992,0.322738,0.236434,0.236534,140.599068,140.333333,208.0,207.0,206.0,-22.0,-72.0,-106.0,0.894231,0.652174,0.485437,9660,9660,0,0.0,1.0,0.0,4784,pass,
ketone_01_c0_wF01,ketone_01_c0,ketone,1,0.0,F01,6,1,crops/ketone/ketone_01_c0/ketone_01_c0_wF01.png,77.4,180.552905,182.0,6.921441,9.0,125.258673,127.0,9.385793,13.0,84.132589,85.0,8.944107,13.0,0.535073,0.529412,0.035419,0.054902,0.708051,0.713725,0.027143,0.035294,25.58025,2.223311,0.999247,0.43145,0.901303,0.463786,0.461735,0.320997,0.322751,0.215217,0.216837,129.981389,131.0,198.0,195.0,195.0,-16.0,-68.0,-110.0,0.919192,0.651282,0.435897,9224,9224,0,0.0,1.0,0.0,4600,pass,
ketone_01_c0_wF02,ketone_01_c0,ketone,1,0.0,F02,6,2,crops/ketone/ketone_01_c0/ketone_01_c0_wF02.png,75.9,186.396509,186.0,5.995314,7.0,133.463964,134.0,8.088046,11.0,89.568243,90.0,7.361336,10.0,0.520173,0.517647,0.02705,0.035294,0.730967,0.729412,0.023511,0.027451,27.066478,2.164527,0.999287,0.454699,0.889844,0.455714,0.454768,0.32584,0.327225,0.218446,0.218978,136.476239,136.333333,201.0,195.0,196.0,-15.0,-61.0,-106.0,0.925373,0.687179,0.459184,8880,8880,0,0.0,1.0,0.0,4408,pass,
ketone_01_c0_wF03,ketone_01_c0,ketone,1,0.0,F03,6,3,crops/ketone/ketone_01_c0/ketone_01_c0_wF03.png,76.5,189.183784,189.0,6.282488,7.0,135.175355,136.0,7.856407,9.0,86.082853,86.0,6.731683,8.0,0.545574,0.545098,0.02331,0.027451,0.741897,0.741176,0.024637,0.027451,28.471884,2.052962,0.999358,0.476422,0.878487,0.46131,0.459658,0.329224,0.331683,0.209466,0.209756,136.813997,137.333333,204.0,200.0,201.0,-15.0,-64.0,-115.0,0.926471,0.68,0.427861,9016,9016,0,0.0,1.0,0.0,4512,pass,
ketone_01_c0_wF04,ketone_01_c0,ketone,1,0.0,F04,6,4,crops/ketone/ketone_01_c0/ketone_01_c0_wF04.png,78.0,191.903542,192.0,7.115434,9.0,138.066581,138.0,8.524941,11.0,91.379428,91.0,7.906442,11.0,0.524568,0.52549,0.02657,0.035294,0.752563,0.752941,0.027904,0.035294,27.895123,2.269743,0.999216,0.467488,0.883112,0.4559,0.455206,0.327578,0.330025,0.216522,0.216625,140.449851,140.333333,208.0,204.0,205.0,-16.0,-66.0,-114.0,0.923077,0.676471,0.443902,9372,9372,0,0.0,1.0,0.0,4616,pass,
ketone_01_c0_wF05,ketone_01_c0,ketone,1,0.0,F05,6,5,crops/ketone/ketone_01_c0/ketone_01_c0_wF05.png,75.6,194.971604,196.0,6.721693,9.0,140.829396,142.0,8.947406,11.0,94.083371,95.0,8.923464,12.0,0.5182,0.513725,0.033841,0.047059,0.764595,0.768627,0.02636,0.035294,27.762459,1.921879,0.999438,0.465545,0.884389,0.454128,0.451902,0.327461,0.328918,0.218411,0.220183,143.29479,144.666667,210.0,200.0,200.0,-14.0,-58.0,-105.0,0.933333,0.71,0.475,8804,8804,0,0.0,1.0,0.0,4384,pass,
ketone_01_c0_wF06,ketone_01_c0,ketone,1,0.0,F06,6,6,crops/ketone/ketone_01_c0/ketone_01_c0_wF06.png,72.6,196.149729,197.0,6.863517,9.0,142.507136,143.0,8.363038,11.0,98.54626,99.0,8.741324,12.0,0.498238,0.494118,0.032641,0.047059,0.769215,0.772549,0.026916,0.035294,27.020682,2.107646,0.999324,0.454005,0.89024,0.449113,0.447964,0.325869,0.326577,0.225018,0.225225,145.734375,146.333333,199.0,182.0,182.0,-2.0,-39.0,-83.0,0.98995,0.785714,0.543956,8128,8128,0,0.0,1.0,0.0,4032,pass,
ketone_01_c0_wF07,ketone_01_c0,ketone,1,0.0,F07,6,7,crops/ketone/ketone_01_c0/ketone_01_c0_wF07.png,78.6,194.65366,195.0,8.2944,10.0,140.39777,141.0,9.885289,13.0,95.108645,96.0,10.090903,13.0,0.51231,0.509804,0.038815,0.054902,0.763348,0.764706,0.032527,0.039216,27.307184,2.489694,0.999056,0.458328,0.887721,0.453171,0.451074,0.326259,0.327586,0.22057,0.220903,143.386692,144.333333,211.0,206.0,207.0,-16.0,-65.0,-111.0,0.924171,0.684466,0.463768,9508,9508,0,0.0,1.0,0.0,4744,pass,
ketone_01_c0_wF08,ketone_01_c0,ketone,1,0.0,F08,6,8,crops/ketone/ketone_01_c0/ketone_01_c0_wF08.png,72.6,198.757505,199.0,6.462957,8.0,143.071112,144.0,7.807799,10.0,94.854085,95.0,9.467236,14.0,0.523394,0.521569,0.03883,0.058824,0.779441,0.780392,0.025345,0.031373,27.871549,1.840115,0.999484,0.46725,0.883542,0.455665,0.453933,0.327594,0.328228,0.216741,0.216931,145.560901,146.0,208.0,194.0,195.0,-9.0,-50.0,-100.0,0.956731,0.742268,0.487179,8128,8128,0,0.0,1.0,0.0,4032,pass,
ketone_01_c0_wF09,ketone_01_c0,ketone,1,0.0,F09,6,9,crops/ketone/ketone_01_c0/ketone_01_c0_wF09.png,67.584,198.790028,199.0,6.920061,8.0,143.296581,145.0,8.796112,11.0,90.177066,91.0,10.750452,15.0,0.54734,0.545098,0.043517,0.062745,0.779569,0.780392,0.027137,0.031373,29.28935,1.321424,0.999734,0.48909,0.871928,0.460621,0.458427,0.33146,0.331942,0.207919,0.208426,144.087892,145.0,173.0,130.0,130.0,26.0,15.0,-39.0,1.150289,1.115385,0.7,7020,7020,0,0.0,1.0,0.0,3444,pass,
ketone_01_c0_wF10,ketone_01_c0,ketone,1,0.0,F10,6,10,crops/ketone/ketone_01_c0/ketone_01_c0_wF10.png,75.9,195.901914,197.0,7.141425,8.0,141.059347,142.0,9.445182,13.0,84.659122,84.0,9.137052,11.0,0.568618,0.572549,0.036797,0.054902,0.768243,0.772549,0.028006,0.031373,30.367287,2.320157,0.99918,0.505127,0.862095,0.465295,0.464977,0.334423,0.335664,0.200283,0.199074,140.540128,141.0,210.0,206.0,207.0,-13.0,-64.0,-123.0,0.938095,0.68932,0.405797,8880,8880,0,0.0,1.0,0.0,4408,pass,
ketone_01_c0_wF11,ketone_01_c0,ketone,1,0.0,F11,6,11,crops/ketone/ketone_01_c0/ketone_01_c0_wF11.png,77.7,195.563093,196.0,6.315964,8.0,141.218615,142.0,8.601271,11.0,90.226273,91.0,8.707209,12.0,0.539213,0.541176,0.035968,0.05098,0.766914,0.768627,0.024768,0.031373,29.04465,2.333322,0.999171,0.485089,0.873517,0.458515,0.456938,0.330592,0.332542,0.210892,0.210526,142.335994,143.0,209.0,207.0,208.0,-13.0,-65.0,-117.0,0.937799,0.68599,0.4375,9272,9272,0,0.0,1.0,0.0,4632,pass,
ketone_01_c0_wF12,ketone_01_c0,ketone,1,0.0,F12,6,12,crops/ketone/ketone_01_c0/ketone_01_c0_wF12.png,78.9,190.731509,191.0,6.697917,10.0,138.276954,139.0,8.276452,11.0,97.631634,98.0,8.66172,11.0,0.488742,0.486275,0.03357,0.05098,0.747967,0.74902,0.026266,0.039216,26.187714,2.087489,0.999337,0.441021,0.896758,0.447526,0.446556,0.324009,0.325871,0.228465,0.229545,142.213365,142.333333,209.0,207.0,206.0,-18.0,-68.0,-108.0,0.913876,0.671498,0.475728,9572,9572,0,0.0,1.0,0.0,4744,pass,
ketone_01_c0_wG01,ketone_01_c0,ketone,1,0.0,G01,7,1,crops/ketone/ketone_01_c0/ketone_01_c0_wG01.png,69.9,183.827169,184.0,4.83221,6.0,128.630522,129.0,5.708795,6.0,91.424029,91.0,6.248274,7.0,0.503099,0.501961,0.025225,0.031373,0.720891,0.721569,0.01895,0.023529,23.954774,1.24323,0.999765,0.40592,0.913651,0.455426,0.455,0.318437,0.318841,0.226138,0.226506,134.62724,135.0,180.0,154.0,152.0,4.0,-25.0,-61.0,1.022222,0.837662,0.598684,7516,7516,0,0.0,1.0,0.0,3748,pass,
ketone_01_c0_wG02,ketone_01_c0,ketone,1,0.0,G02,7,2,crops/ketone/ketone_01_c0/ketone_01_c0_wG02.png,78.9,186.698391,187.0,5.611781,7.0,132.461241,133.0,8.602584,11.0,88.101024,88.0,8.976517,14.0,0.528824,0.529412,0.038575,0.062745,0.732151,0.733333,0.022007,0.027451,27.001325,2.431427,0.9991,0.453602,0.890194,0.459068,0.457627,0.325087,0.327314,0.215846,0.215311,135.753552,135.666667,200.0,198.0,198.0,-13.0,-65.0,-110.0,0.935,0.671717,0.444444,9572,9572,0,0.0,1.0,0.0,4744,pass,
ketone_01_c0_wG03,ketone_01_c0,ketone,1,0.0,G03,7,3,crops/ketone/ketone_01_c0/ketone_01_c0_wG03.png,76.2,189.225582,189.0,5.73363,7.0,133.43862,134.0,7.889074,11.0,86.234991,86.0,9.634756,15.0,0.544992,0.545098,0.042167,0.070588,0.742061,0.741176,0.022485,0.027451,27.491575,1.887155,0.999458,0.461368,0.886598,0.463425,0.461725,0.326267,0.326877,0.210308,0.210526,136.299731,136.666667,204.0,199.0,199.0,-15.0,-65.0,-113.0,0.926471,0.673367,0.432161,8928,8928,0,0.0,1.0,0.0,4432,pass,
ketone_01_c0_wG04,ketone_01_c0,ketone,1,0.0,G04,7,4,crops/ketone/ketone_01_c0/ketone_01_c0_wG04.png,78.9,191.742269,192.0,6.8977,8.0,135.986105,136.0,9.488843,13.0,91.042729,92.0,11.114604,17.0,0.526023,0.521569,0.048138,0.07451,0.75193,0.752941,0.02705,0.031373,26.803309,2.598411,0.998972,0.450466,0.891642,0.458689,0.455446,0.324602,0.326139,0.216709,0.218447,139.590368,139.666667,206.0,203.0,204.0,-14.0,-67.0,-112.0,0.932039,0.669951,0.45098,9572,9572,0,0.0,1.0,0.0,4744,pass,
ketone_01_c0_wG05,ketone_01_c0,ketone,1,0.0,G05,7,5,crops/ketone/ketone_01_c0/ketone_01_c0_wG05.png,74.7,191.615268,192.0,6.802791,8.0,135.209441,136.0,9.084764,11.0,88.357809,89.0,11.269704,17.0,0.539784,0.533333,0.048914,0.078431,0.751432,0.752941,0.026678,0.031373,27.138027,2.031769,0.999371,0.455849,0.889351,0.462396,0.458738,0.325578,0.327146,0.212026,0.213759,138.394172,138.666667,206.0,195.0,195.0,-14.0,-59.0,-106.0,0.932039,0.697436,0.45641,8580,8580,0,0.0,1.0,0.0,4304,pass,
ketone_01_c0_wG06,ketone_01_c0,ketone,1,0.0,G06,7,6,crops/ketone/ketone_01_c0/ketone_01_c0_wG06.png,67.584,194.311538,195.0,6.954345,9.0,140.315954,141.0,9.594954,13.0,94.95641,96.0,11.670602,18.0,0.512465,0.509804,0.04715,0.078431,0.762006,0.764706,0.027272,0.035294,27.425884,1.231897,0.999769,0.460494,0.887402,0.453232,0.450839,0.326539,0.327273,0.220229,0.220957,143.194634,144.0,167.0,111.0,106.0,28.0,30.0,-10.0,1.167665,1.27027,0.90566,7020,7020,0,0.0,1.0,0.0,3444,pass,
ketone_01_c0_wG07,ketone_01_c0,ketone,1,0.0,G07,7,7,crops/ketone/ketone_01_c0/ketone_01_c0_wG07.png,78.0,194.278382,195.0,5.943204,7.0,137.893619,139.0,9.202823,12.0,99.981541,100.0,11.410163,17.0,0.486253,0.486275,0.048479,0.078431,0.761876,0.764706,0.023307,0.027451,24.04153,1.68049,0.99957,0.407224,0.912858,0.450409,0.448837,0.318942,0.319958,0.230649,0.230233,144.051181,144.666667,211.0,205.0,206.0,-16.0,-66.0,-106.0,0.924171,0.678049,0.485437,9372,9372,0,0.0,1.0,0.0,4616,pass,
ketone_01_c0_wG08,ketone_01_c0,ketone,1,0.0,G08,7,8,crops/ketone/ketone_01_c0/ketone_01_c0_wG08.png,70.8,196.309616,197.0,5.911054,7.0,139.649171,140.0,8.440099,10.0,95.574261,96.0,10.595076,16.0,0.513976,0.513725,0.044363,0.07451,0.769842,0.772549,0.023181,0.027451,26.292518,1.426514,0.99969,0.442817,0.896266,0.455655,0.453682,0.323525,0.324094,0.22082,0.220903,143.844349,144.333333,195.0,166.0,167.0,2.0,-26.0,-71.0,1.010256,0.843373,0.57485,7716,7716,0,0.0,1.0,0.0,3852,pass,
ketone_01_c0_wG09,ketone_01_c0,ketone,1,0.0,G09,7,9,crops/ketone/ketone_01_c0/ketone_01_c0_wG09.png,76.5,197.576642,198.0,5.611983,6.0,139.598048,140.0,7.286151,10.0,97.892746,98.0,9.969125,16.0,0.505033,0.498039,0.043912,0.07451,0.77481,0.776471,0.022008,0.023529,25.096022,1.504765,0.999655,0.42399,0.905286,0.45469,0.452703,0.320822,0.321586,0.224487,0.226457,145.022479,145.333333,211.0,206.0,206.0,-13.0,-66.0,-108.0,0.938389,0.679612,0.475728,9016,9016,0,0.0,1.0,0.0,4512,pass,
ketone_01_c0_wG10,ketone_01_c0,ketone,1,0.0,G10,7,10,crops/ketone/ketone_01_c0/ketone_01_c0_wG10.png,75.3,197.23913,198.0,5.123735,7.0,141.494165,142.0,6.861866,9.0,94.379291,95.0,9.035435,14.0,0.521935,0.517647,0.039258,0.062745,0.773487,0.776471,0.020093,0.027451,27.415011,1.538079,0.99964,0.460266,0.887375,0.455876,0.453125,0.326658,0.327231,0.217466,0.218605,144.370862,144.666667,210.0,203.0,202.0,-12.0,-61.0,-107.0,0.942857,0.699507,0.470297,8740,8740,0,0.0,1.0,0.0,4328,pass,
ketone_01_c0_wG11,ketone_01_c0,ketone,1,0.0,G11,7,11,crops/ketone/ketone_01_c0/ketone_01_c0_wG11.png,74.1,196.690898,197.0,5.058811,6.0,142.407329,143.0,6.878912,9.0,96.150118,96.0,9.966749,15.0,0.511683,0.509804,0.043907,0.07451,0.771337,0.772549,0.019838,0.023529,27.665508,1.854877,0.999476,0.464066,0.885209,0.45243,0.451178,0.327184,0.327586,0.220385,0.220957,145.082782,145.333333,208.0,200.0,199.0,-11.0,-57.0,-103.0,0.947115,0.715,0.482412,8460,8460,0,0.0,1.0,0.0,4192,pass,
ketone_01_c0_wG12,ketone_01_c0,ketone,1,0.0,G12,7,12,crops/ketone/ketone_01_c0/ketone_01_c0_wG12.png,77.4,192.173135,193.0,5.165459,7.0,140.864484,141.0,7.01393,10.0,99.234822,99.0,8.636445,13.0,0.48403,0.484314,0.036962,0.058824,0.75362,0.756863,0.020257,0.027451,26.85365,1.899664,0.999451,0.451465,0.891673,0.44499,0.444695,0.325819,0.327231,0.229191,0.229545,144.090814,144.333333,208.0,204.0,204.0,-15.0,-63.0,-105.0,0.927885,0.691176,0.485294,9224,9224,0,0.0,1.0,0.0,4600,pass,
ketone_01_c0_wH01,ketone_01_c0,ketone,1,0.0,H01,8,1,crops/ketone/ketone_01_c0/ketone_01_c0_wH01.png,76.2,185.386537,185.0,4.416579,5.0,130.479167,131.0,7.034112,9.0,95.313844,95.0,6.288418,9.0,0.486184,0.486275,0.025564,0.039216,0.727006,0.72549,0.01732,0.019608,23.365941,2.119786,0.999316,0.396331,0.917362,0.451224,0.450249,0.317182,0.317422,0.231593,0.231144,137.059849,137.0,198.0,192.0,190.0,-13.0,-61.0,-95.0,0.934343,0.682292,0.5,8928,8928,0,0.0,1.0,0.0,4432,pass,
ketone_01_c0_wH02,ketone_01_c0,ketone,1,0.0,H02,8,2,crops/ketone/ketone_01_c0/ketone_01_c0_wH02.png,76.8,187.312665,187.0,4.900029,7.0,133.354846,134.0,8.77345,12.0,88.927093,90.0,11.314992,16.0,0.526041,0.521569,0.052864,0.082353,0.734559,0.733333,0.019216,0.027451,27.096899,1.981937,0.999402,0.455224,0.889705,0.458261,0.456098,0.325449,0.326781,0.21629,0.217722,136.531535,137.0,200.0,196.0,195.0,-13.0,-62.0,-105.0,0.935,0.683673,0.461538,9080,9080,0,0.0,1.0,0.0,4480,pass,
ketone_01_c0_wH03,ketone_01_c0,ketone,1,0.0,H03,8,3,crops/ketone/ketone_01_c0/ketone_01_c0_wH03.png,72.3,189.614801,190.0,4.482748,6.0,134.989552,135.0,7.190506,9.0,90.388184,92.0,11.53918,18.0,0.523861,0.513725,0.055205,0.094118,0.743587,0.745098,0.017579,0.023529,26.971089,1.646934,0.999587,0.453354,0.890867,0.457721,0.454106,0.325278,0.326291,0.217002,0.219807,138.330846,138.666667,199.0,191.0,190.0,-9.0,-56.0,-98.0,0.954774,0.706806,0.484211,8040,8040,0,0.0,1.0,0.0,3972,pass,
ketone_01_c0_wH04,ketone_01_c0,ketone,1,0.0,H04,8,4,crops/ketone/ketone_01_c0/ketone_01_c0_wH04.png,76.8,191.712445,192.0,5.172404,6.0,137.346476,138.0,8.2794,12.0,89.624339,91.0,13.473729,23.0,0.53301,0.52549,0.066055,0.113725,0.751814,0.752941,0.020284,0.023529,28.022557,2.249755,0.999229,0.469457,0.882082,0.458932,0.455215,0.328037,0.329327,0.213031,0.215461,139.561087,139.666667,205.0,203.0,203.0,-13.0,-65.0,-112.0,0.936585,0.679803,0.448276,9080,9080,0,0.0,1.0,0.0,4480,pass,
ketone_01_c0_wH05,ketone_01_c0,ketone,1,0.0,H05,8,5,crops/ketone/ketone_01_c0/ketone_01_c0_wH05.png,71.7,196.749747,197.0,4.945888,6.0,163.478481,165.0,7.549276,10.0,118.811519,122.0,11.954727,17.0,0.396492,0.380392,0.055261,0.078431,0.771568,0.772549,0.019396,0.023529,34.373867,2.430238,0.999101,0.564083,0.824629,0.411257,0.407254,0.341293,0.341615,0.24745,0.253036,159.679916,161.0,197.0,183.0,182.0,0.0,-18.0,-60.0,1.0,0.901639,0.67033,7900,7900,0,0.0,1.0,0.0,3952,pass,
ketone_01_c0_wH06,ketone_01_c0,ketone,1,0.0,H06,8,6,crops/ketone/ketone_01_c0/ketone_01_c0_wH06.png,72.0,197.454363,198.0,4.565793,6.0,162.700978,166.0,9.054387,11.0,118.805416,123.0,13.121739,21.0,0.398731,0.372549,0.061088,0.105882,0.774331,0.776471,0.017905,0.023529,33.43444,2.600983,0.99897,0.550415,0.833657,0.413048,0.405323,0.339638,0.340637,0.247315,0.25355,159.653586,162.0,196.0,174.0,172.5,2.0,-8.0,-49.5,1.010204,0.954023,0.713043,7976,7976,0,0.0,1.0,0.0,3968,pass,
ketone_01_c0_wH07,ketone_01_c0,ketone,1,0.0,H07,8,7,crops/ketone/ketone_01_c0/ketone_01_c0_wH07.png,76.8,201.412885,202.0,4.989428,6.0,164.377423,167.0,9.232661,11.0,122.192181,126.0,14.330414,20.0,0.394076,0.372549,0.063878,0.090196,0.789854,0.792157,0.019566,0.023529,31.873131,2.44029,0.999093,0.527561,0.84845,0.413585,0.408367,0.336847,0.337325,0.249568,0.255407,162.66083,164.666667,210.0,207.0,207.0,-8.0,-40.0,-81.0,0.961905,0.806763,0.608696,9080,9080,0,0.0,1.0,0.0,4480,pass,
ketone_01_c0_wH08,ketone_01_c0,ketone,1,0.0,H08,8,8,crops/ketone/ketone_01_c0/ketone_01_c0_wH08.png,67.584,204.572243,205.0,8.947743,10.0,168.889427,169.0,10.627828,12.0,159.010829,159.0,10.981676,13.0,0.223481,0.223529,0.024779,0.031373,0.802244,0.803922,0.035089,0.039216,13.164773,2.490679,0.999056,0.227537,0.9728,0.384508,0.384191,0.317072,0.317844,0.29842,0.298701,177.490833,177.333333,196.0,160.0,163.0,9.0,9.0,-4.0,1.045918,1.05625,0.97546,7020,7018,2,0.000285,0.999715,0.0,3444,pass,
ketone_01_c0_wH09,ketone_01_c0,ketone,1,0.0,H09,8,9,crops/ketone/ketone_01_c0/ketone_01_c0_wH09.png,71.1,205.186184,206.0,4.52145,6.0,176.522599,177.0,6.369376,8.0,137.302517,139.0,10.621924,13.0,0.331057,0.313725,0.047296,0.062745,0.804652,0.807843,0.017731,0.023529,34.730881,1.862773,0.999472,0.569422,0.821403,0.39567,0.391919,0.340143,0.340265,0.264187,0.268102,173.003766,173.333333,205.0,189.0,187.0,1.0,-12.0,-48.0,1.004878,0.936508,0.743316,7788,7788,0,0.0,1.0,0.0,3812,pass,
ketone_01_c0_wH10,ketone_01_c0,ketone,1,0.0,H10,8,10,crops/ketone/ketone_01_c0/ketone_01_c0_wH10.png,77.7,197.725626,198.0,4.795269,6.0,143.570211,144.0,7.299434,10.0,100.818486,102.0,11.196185,18.0,0.490597,0.486275,0.051219,0.086275,0.775395,0.776471,0.018805,0.023529,26.498696,2.001036,0.99939,0.445905,0.894399,0.44787,0.44519,0.324718,0.325688,0.227412,0.228833,147.371441,148.0,209.0,206.0,206.0,-11.0,-62.0,-104.0,0.947368,0.699029,0.495146,9272,9272,0,0.0,1.0,0.0,4632,pass,
ketone_01_c0_wH11,ketone_01_c0,ketone,1,0.0,H11,8,11,crops/ketone/ketone_01_c0/ketone_01_c0_wH11.png,69.9,198.042443,198.0,4.802422,6.0,145.314795,145.0,7.417052,9.0,102.312932,102.0,10.35051,15.0,0.48386,0.486275,0.045981,0.07451,0.776637,0.776471,0.018833,0.023529,26.993156,1.717353,0.999551,0.45368,0.890661,0.444937,0.44523,0.326015,0.327314,0.229048,0.22807,148.556723,148.333333,197.0,173.0,173.0,1.0,-28.0,-71.0,1.005076,0.83815,0.589595,7516,7516,0,0.0,1.0,0.0,3748,pass,
ketone_01_c0_wH12,ketone_01_c0,ketone,1,0.0,H12,8,12,crops/ketone/ketone_01_c0/ketone_01_c0_wH12.png,74.7,192.475291,193.0,5.581602,7.0,142.44627,143.0,9.12654,13.0,104.298252,104.0,10.515721,17.0,0.45879,0.458824,0.044811,0.082353,0.754805,0.756863,0.021889,0.027451,25.867325,1.963351,0.999413,0.436033,0.899279,0.438935,0.438356,0.32416,0.325301,0.236905,0.236486,146.406605,146.333333,206.0,200.0,199.0,-13.0,-57.0,-95.0,0.936893,0.715,0.522613,8580,8580,0,0.0,1.0,0.0,4304,pass,
ketone_02_c0.01_wA01,ketone_02_c0.01,ketone,2,0.01,A01,1,1,crops/ketone/ketone_02_c0.01/ketone_02_c0.01_wA01.png,68.112,185.660884,186.0,7.502596,6.0,133.443196,133.0,10.612693,9.0,88.22821,87.0,15.193434,16.0,0.525275,0.533333,0.070908,0.082353,0.728082,0.729412,0.029422,0.023529,27.86734,4.518505,0.996895,0.465975,0.881287,0.456777,0.456938,0.327558,0.331606,0.215666,0.212658,135.77743,135.333333,188.0,175.0,176.0,-2.0,-42.0,-89.0,0.989362,0.76,0.494318,7152,7033,119,0.016639,0.983361,0.0,3532,pass,
ketone_02_c0.01_wA02,ketone_02_c0.01,ketone,2,0.01,A02,1,2,crops/ketone/ketone_02_c0.01/ketone_02_c0.01_wA02.png,75.3,183.362342,184.0,6.956646,6.0,128.297998,129.0,10.039822,9.0,86.419975,86.0,11.432239,7.0,0.529358,0.533333,0.048207,0.031373,0.719068,0.721569,0.027281,0.023529,25.850011,2.909577,0.998711,0.435455,0.898779,0.461389,0.460957,0.322084,0.324257,0.216527,0.214634,132.693438,133.0,198.0,195.0,197.0,-14.0,-66.0,-111.0,0.929293,0.661538,0.436548,8740,8641,99,0.011327,0.988673,0.0,4328,pass,
ketone_02_c0.01_wA03,ketone_02_c0.01,ketone,2,0.01,A03,1,3,crops/ketone/ketone_02_c0.01/ketone_02_c0.01_wA03.png,75.0,182.229601,182.0,5.20616,6.0,124.44089,125.0,6.800069,9.0,86.468822,87.0,5.017154,7.0,0.525938,0.52549,0.016981,0.019608,0.714626,0.713725,0.020416,0.023529,23.601459,2.212606,0.999255,0.400074,0.91567,0.463779,0.463104,0.316386,0.317042,0.219835,0.219577,131.046438,131.0,202.0,198.0,198.0,-20.0,-73.0,-111.0,0.90099,0.631313,0.439394,8628,8628,0,0.0,1.0,0.0,4280,pass,
ketone_02_c0.01_wA04,ketone_02_c0.01,ketone,2,0.01,A04,1,4,crops/ketone/ketone_02_c0.01/ketone_02_c0.01_wA04.png,70.2,185.102709,185.0,5.827644,7.0,127.518148,129.0,7.408734,10.0,91.229221,92.0,6.525992,9.0,0.507703,0.505882,0.023028,0.031373,0.725893,0.72549,0.022854,0.027451,22.970674,2.025553,0.999375,0.390016,0.92013,0.458708,0.457286,0.315617,0.31713,0.225674,0.225962,134.616693,135.333333,192.0,175.0,179.0,-7.0,-46.0,-87.0,0.963542,0.737143,0.513966,7604,7604,0,0.0,1.0,0.0,3728,pass,
ketone_02_c0.01_wA05,ketone_02_c0.01,ketone,2,0.01,A05,1,5,crops/ketone/ketone_02_c0.01/ketone_02_c0.01_wA05.png,74.7,185.131002,185.0,6.309174,8.0,124.862121,125.0,8.16595,12.0,86.395804,86.0,7.443618,10.0,0.533865,0.537255,0.029586,0.043137,0.726004,0.72549,0.024742,0.031373,23.350105,2.442779,0.999092,0.395988,0.917266,0.467514,0.468031,0.314813,0.316708,0.217673,0.217073,132.129643,131.666667,202.0,199.0,200.0,-17.0,-74.0,-114.0,0.915842,0.628141,0.43,8580,8580,0,0.0,1.0,0.0,4304,pass,
ketone_02_c0.01_wA06,ketone_02_c0.01,ketone,2,0.01,A06,1,6,crops/ketone/ketone_02_c0.01/ketone_02_c0.01_wA06.png,76.2,182.962142,184.0,7.4766,9.0,124.38004,126.0,10.89929,17.0,81.84151,83.0,8.81159,12.0,0.55336,0.54902,0.038259,0.054902,0.717499,0.721569,0.02932,0.035294,25.149993,3.924848,0.997657,0.423993,0.903077,0.470911,0.47,0.319193,0.322738,0.209896,0.211055,129.727897,130.333333,198.0,196.0,199.0,-14.0,-70.0,-116.0,0.929293,0.642857,0.417085,8928,8928,0,0.0,1.0,0.0,4432,pass,
ketone_02_c0.01_wA07,ketone_02_c0.01,ketone,2,0.01,A07,1,7,crops/ketone/ketone_02_c0.01/ketone_02_c0.01_wA07.png,75.6,182.979668,184.0,7.007277,8.0,126.63562,128.0,9.505343,12.0,88.558269,89.0,8.357684,11.0,0.516661,0.513725,0.034467,0.047059,0.717567,0.721569,0.02748,0.031373,24.030263,3.295193,0.998348,0.406546,0.911821,0.460131,0.458629,0.317779,0.321002,0.22209,0.222482,132.724519,133.666667,199.0,194.0,196.0,-15.0,-66.0,-107.0,0.924623,0.659794,0.454082,8804,8804,0,0.0,1.0,0.0,4384,pass,
ketone_02_c0.01_wA08,ketone_02_c0.01,ketone,2,0.01,A08,1,8,crops/ketone/ketone_02_c0.01/ketone_02_c0.01_wA08.png,78.3,183.289958,184.0,6.565153,8.0,126.422727,128.0,8.91519,12.0,92.407188,93.0,7.670318,11.0,0.496508,0.494118,0.02818,0.043137,0.718784,0.721569,0.025746,0.031373,22.361315,2.531991,0.999024,0.380075,0.923901,0.456349,0.454545,0.31415,0.316832,0.2295,0.229665,134.039958,135.0,201.0,198.0,198.0,-17.0,-70.0,-105.0,0.915423,0.646465,0.469697,9460,9460,0,0.0,1.0,0.0,4680,pass,
ketone_02_c0.01_wA09,ketone_02_c0.01,ketone,2,0.01,A09,1,9,crops/ketone/ketone_02_c0.01/ketone_02_c0.01_wA09.png,75.9,182.588964,183.0,6.024403,8.0,126.356419,127.0,7.941544,11.0,90.591216,91.0,6.770931,10.0,0.504287,0.501961,0.026806,0.035294,0.716035,0.717647,0.023625,0.031373,23.093603,2.605763,0.998966,0.391829,0.918914,0.457393,0.455919,0.316075,0.318627,0.226532,0.227384,133.178866,133.333333,199.0,195.0,195.0,-16.0,-68.0,-104.0,0.919598,0.651282,0.466667,8880,8880,0,0.0,1.0,0.0,4408,pass,
ketone_02_c0.01_wA10,ketone_02_c0.01,ketone,2,0.01,A10,1,10,crops/ketone/ketone_02_c0.01/ketone_02_c0.01_wA10.png,79.8,181.485198,182.0,5.539834,7.0,124.46815,125.0,8.372559,12.0,91.466007,91.0,6.101192,8.0,0.49645,0.494118,0.021839,0.027451,0.711707,0.713725,0.021725,0.027451,21.856577,2.981888,0.998647,0.371781,0.926863,0.45707,0.455696,0.31294,0.315271,0.229991,0.230179,132.473118,132.333333,198.0,197.0,196.0,-16.0,-72.0,-105.0,0.919192,0.634518,0.464286,9796,9796,0,0.0,1.0,0.0,4864,pass,
ketone_02_c0.01_wA11,ketone_02_c0.01,ketone,2,0.01,A11,1,11,crops/ketone/ketone_02_c0.01/ketone_02_c0.01_wA11.png,79.5,177.15634,178.0,7.727565,8.0,125.639769,128.0,12.993915,15.0,100.143578,101.0,7.563228,10.0,0.435829,0.435294,0.023189,0.031373,0.694731,0.698039,0.030304,0.031373,19.714295,5.783172,0.994919,0.335616,0.936603,0.440496,0.438424,0.31101,0.316623,0.248494,0.24821,134.313229,135.333333,197.0,194.0,194.0,-19.0,-66.0,-93.0,0.903553,0.659794,0.520619,9716,9716,0,0.0,1.0,0.0,4856,pass,
ketone_02_c0.01_wA12,ketone_02_c0.01,ketone,2,0.01,A12,1,12,crops/ketone/ketone_02_c0.01/ketone_02_c0.01_wA12.png,79.8,179.597387,182.0,9.219988,9.0,130.412924,136.0,16.553163,14.0,125.31472,127.0,9.724244,12.0,0.315181,0.301961,0.05086,0.039216,0.704303,0.713725,0.036157,0.035294,5.015235,8.899724,0.988009,0.086372,0.984226,0.413714,0.409978,0.298256,0.305046,0.28803,0.287912,145.108344,148.166667,200.0,198.0,198.0,-18.0,-62.0,-71.0,0.91,0.686869,0.641414,9796,9796,0,0.0,1.0,0.0,4864,pass,
ketone_02_c0.01_wB01,ketone_02_c0.01,ketone,2,0.01,B01,2,1,crops/ketone/ketone_02_c0.01/ketone_02_c0.01_wB01.png,73.8,184.385101,184.0,9.003994,5.0,130.173359,129.0,13.405538,10.0,85.03346,82.0,18.106134,11.0,0.540386,0.552941,0.077419,0.062745,0.723079,0.721569,0.03531,0.019608,27.270613,3.694197,0.997924,0.457242,0.887007,0.463111,0.467172,0.325586,0.328321,0.211302,0.208333,133.197306,131.666667,199.0,195.0,196.0,-15.0,-66.0,-114.0,0.924623,0.661538,0.418367,8388,7920,468,0.055794,0.944206,0.0,4200,pass,
ketone_02_c0.01_wB02,ketone_02_c0.01,ketone,2,0.01,B02,2,2,crops/ketone/ketone_02_c0.01/ketone_02_c0.01_wB02.png,75.6,182.472257,183.0,7.06118,7.0,125.68087,126.0,9.723892,10.0,82.747408,82.0,9.435986,10.0,0.547164,0.552941,0.039896,0.047059,0.715577,0.717647,0.027691,0.027451,25.844662,3.669168,0.997952,0.43504,0.898136,0.467445,0.4677,0.321268,0.32419,0.211287,0.209246,130.300178,130.0,200.0,197.0,198.0,-17.0,-71.0,-116.0,0.915,0.639594,0.414141,8804,8777,27,0.003067,0.996933,0.0,4384,pass,
ketone_02_c0.01_wB03,ketone_02_c0.01,ketone,2,0.01,B03,2,3,crops/ketone/ketone_02_c0.01/ketone_02_c0.01_wB03.png,76.2,182.734543,183.0,6.908118,8.0,122.883177,123.0,7.800701,10.0,78.818996,79.0,7.030651,8.0,0.569359,0.568627,0.027451,0.031373,0.716606,0.717647,0.027091,0.031373,25.611526,2.526842,0.999028,0.431847,0.900869,0.475754,0.47541,0.319526,0.320548,0.20472,0.204604,128.145572,128.0,201.0,198.0,199.0,-18.0,-75.0,-120.0,0.910448,0.621212,0.396985,8928,8928,0,0.0,1.0,0.0,4432,pass,
ketone_02_c0.01_wB04,ketone_02_c0.01,ketone,2,0.01,B04,2,4,crops/ketone/ketone_02_c0.01/ketone_02_c0.01_wB04.png,77.4,183.288812,184.0,8.297879,10.0,122.905139,124.0,10.308174,12.0,82.80876,83.0,8.285445,10.0,0.549149,0.54902,0.031171,0.039216,0.71878,0.721569,0.032541,0.039216,23.904329,3.051279,0.998583,0.404636,0.912928,0.471894,0.470738,0.315619,0.317935,0.212487,0.212121,129.66757,130.333333,201.0,199.0,200.0,-17.0,-75.0,-117.0,0.915423,0.623116,0.415,9224,9224,0,0.0,1.0,0.0,4600,pass,
ketone_02_c0.01_wB05,ketone_02_c0.01,ketone,2,0.01,B05,2,5,crops/ketone/ketone_02_c0.01/ketone_02_c0.01_wB05.png,75.0,185.665855,186.0,6.145392,8.0,124.272833,125.0,8.077006,10.0,80.902758,80.0,8.239148,12.0,0.564911,0.568627,0.035713,0.054902,0.728101,0.729412,0.0241,0.031373,24.847266,2.273475,0.999213,0.41987,0.906717,0.475633,0.475248,0.317804,0.319809,0.206563,0.205584,130.280482,130.333333,202.0,198.0,200.0,-16.0,-73.0,-120.0,0.920792,0.631313,0.4,8628,8628,0,0.0,1.0,0.0,4280,pass,
ketone_02_c0.01_wB06,ketone_02_c0.01,ketone,2,0.01,B06,2,6,crops/ketone/ketone_02_c0.01/ketone_02_c0.01_wB06.png,75.6,183.631531,184.0,6.663154,8.0,125.977169,127.0,8.808506,11.0,83.953998,85.0,9.240922,14.0,0.543634,0.545098,0.040213,0.062745,0.720124,0.721569,0.02613,0.031373,25.257254,2.215156,0.999253,0.426364,0.903725,0.467331,0.465174,0.31992,0.321867,0.212749,0.212617,131.187566,132.333333,200.0,194.0,196.0,-16.0,-67.0,-111.0,0.92,0.654639,0.433673,8804,8804,0,0.0,1.0,0.0,4384,pass,
ketone_02_c0.01_wB07,ketone_02_c0.01,ketone,2,0.01,B07,2,7,crops/ketone/ketone_02_c0.01/ketone_02_c0.01_wB07.png,78.9,182.333368,183.0,7.105212,8.0,124.573861,125.0,9.091566,12.0,83.28552,84.0,9.33194,13.0,0.544126,0.537255,0.04007,0.058824,0.715033,0.717647,0.027864,0.031373,25.039215,2.532365,0.999024,0.422825,0.905134,0.468045,0.466307,0.319083,0.32109,0.212871,0.21519,130.06425,131.0,198.0,196.0,197.0,-15.0,-71.0,-113.0,0.924242,0.637755,0.426396,9572,9572,0,0.0,1.0,0.0,4744,pass,
ketone_02_c0.01_wB08,ketone_02_c0.01,ketone,2,0.01,B08,2,8,crops/ketone/ketone_02_c0.01/ketone_02_c0.01_wB08.png,78.0,183.235915,184.0,7.605184,9.0,124.025928,125.0,9.984873,13.0,82.066475,82.0,9.170328,12.0,0.553152,0.552941,0.036935,0.05098,0.718572,0.721569,0.029824,0.035294,24.775443,2.534687,0.999022,0.418653,0.907069,0.471482,0.469697,0.318291,0.320611,0.210227,0.210959,129.776106,130.0,199.0,196.0,197.0,-15.0,-71.0,-115.0,0.924623,0.637755,0.416244,9372,9372,0,0.0,1.0,0.0,4616,pass,
ketone_02_c0.01_wB09,ketone_02_c0.01,ketone,2,0.01,B09,2,9,crops/ketone/ketone_02_c0.01/ketone_02_c0.01_wB09.png,77.7,183.296053,184.0,6.081755,8.0,122.821721,124.0,7.479266,10.0,83.809211,85.0,7.430448,10.0,0.543555,0.537255,0.028453,0.043137,0.718808,0.721569,0.02385,0.031373,23.373346,1.815672,0.999498,0.396522,0.917478,0.470576,0.468672,0.314864,0.316754,0.21456,0.216285,129.975661,131.0,201.0,197.0,198.0,-17.0,-73.0,-113.0,0.915423,0.629442,0.429293,9272,9272,0,0.0,1.0,0.0,4632,pass,
ketone_02_c0.01_wB10,ketone_02_c0.01,ketone,2,0.01,B10,2,10,crops/ketone/ketone_02_c0.01/ketone_02_c0.01_wB10.png,78.6,187.002524,187.0,7.139764,9.0,129.013673,130.0,9.434428,13.0,85.83435,86.0,6.867703,9.0,0.541659,0.541176,0.021539,0.031373,0.733343,0.733333,0.027999,0.035294,25.604426,2.630153,0.998947,0.4317,0.900849,0.465865,0.464824,0.320779,0.323232,0.213357,0.213542,133.950182,134.333333,200.0,196.0,196.0,-13.0,-66.0,-110.0,0.935,0.663265,0.438776,9508,9508,0,0.0,1.0,0.0,4744,pass,
ketone_02_c0.01_wB11,ketone_02_c0.01,ketone,2,0.01,B11,2,11,crops/ketone/ketone_02_c0.01/ketone_02_c0.01_wB11.png,78.3,184.735518,185.0,6.214372,9.0,128.861522,129.0,8.168059,13.0,85.783404,86.0,6.486848,9.0,0.536212,0.533333,0.021775,0.027451,0.724453,0.72549,0.02437,0.035294,25.936917,2.24781,0.999231,0.437045,0.898584,0.462969,0.461929,0.322479,0.323529,0.214552,0.214634,133.126815,133.333333,200.0,195.0,195.0,-15.0,-66.0,-109.0,0.925,0.661538,0.441026,9460,9460,0,0.0,1.0,0.0,4680,pass,
ketone_02_c0.01_wB12,ketone_02_c0.01,ketone,2,0.01,B12,2,12,crops/ketone/ketone_02_c0.01/ketone_02_c0.01_wB12.png,76.5,179.454525,180.0,9.153244,11.0,131.616571,132.0,10.265894,13.0,126.160936,127.0,9.885174,12.0,0.298041,0.298039,0.020708,0.027451,0.703743,0.705882,0.035895,0.043137,6.103487,2.158321,0.999291,0.106249,0.993626,0.410874,0.410138,0.300803,0.301099,0.288323,0.288503,145.744011,146.0,200.0,195.0,194.0,-20.0,-63.0,-67.0,0.9,0.676923,0.654639,9016,9016,0,0.0,1.0,0.0,4512,pass,
ketone_02_c0.01_wC01,ketone_02_c0.01,ketone,2,0.01,C01,3,1,crops/ketone/ketone_02_c0.01/ketone_02_c0.01_wC01.png,74.4,182.296121,182.0,6.851776,7.0,126.295053,126.0,8.943325,10.0,84.910784,84.0,9.764804,10.0,0.534808,0.537255,0.041874,0.05098,0.714887,0.713725,0.02687,0.027451,25.518168,2.621996,0.998953,0.430346,0.901504,0.463872,0.465174,0.320787,0.322892,0.21534,0.214834,131.167319,130.333333,202.0,198.0,198.0,-20.0,-72.0,-114.0,0.90099,0.636364,0.424242,8516,8429,87,0.010216,0.989784,0.0,4208,pass,
ketone_02_c0.01_wC02,ketone_02_c0.01,ketone,2,0.01,C02,3,2,crops/ketone/ketone_02_c0.01/ketone_02_c0.01_wC02.png,77.7,179.991149,181.0,9.045471,9.0,123.251052,125.0,13.162606,13.0,82.20626,82.0,10.064363,10.0,0.54433,0.545098,0.037443,0.039216,0.705848,0.709804,0.035472,0.035294,25.026966,4.895142,0.996357,0.421504,0.902808,0.468044,0.465296,0.319069,0.324121,0.212887,0.212209,128.482821,128.666667,200.0,197.0,198.0,-19.0,-72.0,-116.0,0.905,0.634518,0.414141,9272,9265,7,0.000755,0.999245,0.0,4632,pass,
ketone_02_c0.01_wC03,ketone_02_c0.01,ketone,2,0.01,C03,3,3,crops/ketone/ketone_02_c0.01/ketone_02_c0.01_wC03.png,76.2,181.208333,182.0,7.451745,9.0,123.115479,124.0,9.126328,11.0,77.982863,78.0,7.737752,9.0,0.570621,0.568627,0.02952,0.035294,0.710621,0.713725,0.029223,0.035294,26.319135,2.623987,0.998952,0.442906,0.895399,0.474636,0.474359,0.321812,0.324176,0.203552,0.203931,127.435559,127.666667,200.0,197.0,197.0,-18.0,-73.0,-119.0,0.91,0.629442,0.395939,8928,8928,0,0.0,1.0,0.0,4432,pass,
ketone_02_c0.01_wC04,ketone_02_c0.01,ketone,2,0.01,C04,3,4,crops/ketone/ketone_02_c0.01/ketone_02_c0.01_wC04.png,77.4,183.705659,184.0,7.362176,9.0,122.95013,124.0,9.227261,10.0,81.056483,81.0,7.138404,10.0,0.559529,0.560784,0.025683,0.035294,0.720414,0.721569,0.028871,0.035294,24.464884,2.758155,0.998842,0.413656,0.909161,0.474372,0.473552,0.316843,0.319481,0.208785,0.208955,129.237424,129.666667,201.0,199.0,200.0,-17.0,-75.0,-119.0,0.915423,0.623116,0.405,9224,9224,0,0.0,1.0,0.0,4600,pass,
ketone_02_c0.01_wC05,ketone_02_c0.01,ketone,2,0.01,C05,3,5,crops/ketone/ketone_02_c0.01/ketone_02_c0.01_wC05.png,76.8,184.259141,185.0,7.6209,8.0,123.098568,124.0,9.14179,10.0,83.190198,84.0,7.522452,9.0,0.549318,0.545098,0.02666,0.031373,0.722585,0.72549,0.029886,0.031373,23.703412,2.632057,0.998945,0.401578,0.914673,0.472372,0.470738,0.314952,0.318182,0.212676,0.213075,130.182636,131.0,201.0,199.0,200.0,-16.0,-75.0,-116.0,0.920398,0.623116,0.42,9080,9080,0,0.0,1.0,0.0,4480,pass,
ketone_02_c0.01_wC06,ketone_02_c0.01,ketone,2,0.01,C06,3,6,crops/ketone/ketone_02_c0.01/ketone_02_c0.01_wC06.png,79.2,182.433954,183.0,7.605877,9.0,125.893996,127.0,8.936407,11.0,88.019772,89.0,8.375759,11.0,0.518538,0.517647,0.028871,0.039216,0.715427,0.717647,0.029827,0.035294,24.005954,2.235132,0.999239,0.406522,0.912808,0.46088,0.45974,0.317481,0.319261,0.221639,0.222506,132.115908,133.0,199.0,196.0,196.0,-16.0,-69.0,-107.0,0.919598,0.647959,0.454082,9660,9660,0,0.0,1.0,0.0,4784,pass,
ketone_02_c0.01_wC07,ketone_02_c0.01,ketone,2,0.01,C07,3,7,crops/ketone/ketone_02_c0.01/ketone_02_c0.01_wC07.png,79.5,184.414986,185.0,6.92913,8.0,125.832544,127.0,8.718875,12.0,83.924043,85.0,7.737072,10.0,0.545694,0.541176,0.030746,0.039216,0.723196,0.72549,0.027173,0.031373,25.111284,2.817298,0.998792,0.423865,0.904391,0.468401,0.466837,0.319044,0.321149,0.212556,0.213514,131.390524,132.0,199.0,197.0,197.0,-14.0,-70.0,-112.0,0.929648,0.64467,0.431472,9716,9716,0,0.0,1.0,0.0,4856,pass,
ketone_02_c0.01_wC08,ketone_02_c0.01,ketone,2,0.01,C08,3,8,crops/ketone/ketone_02_c0.01/ketone_02_c0.01_wC08.png,78.3,185.507188,186.0,6.23855,8.0,125.389006,126.0,7.456388,8.0,86.383721,87.0,6.393716,8.0,0.534907,0.533333,0.022278,0.027451,0.727479,0.729412,0.024465,0.031373,23.372621,1.991236,0.999396,0.39647,0.91739,0.467319,0.466334,0.315476,0.317259,0.217205,0.217617,132.426638,133.0,201.0,197.0,197.0,-15.0,-71.0,-110.0,0.925373,0.639594,0.441624,9460,9460,0,0.0,1.0,0.0,4680,pass,
ketone_02_c0.01_wC09,ketone_02_c0.01,ketone,2,0.01,C09,3,9,crops/ketone/ketone_02_c0.01/ketone_02_c0.01_wC09.png,76.2,185.923947,186.0,6.148908,8.0,125.576501,126.0,7.496757,10.0,88.515233,89.0,6.215117,8.0,0.524502,0.52549,0.019563,0.027451,0.729114,0.729412,0.024113,0.031373,22.622174,1.811046,0.999501,0.38446,0.9226,0.46516,0.46402,0.313777,0.315036,0.221062,0.221411,133.33856,134.0,201.0,193.0,193.0,-15.0,-67.0,-104.0,0.925373,0.65285,0.46114,8928,8928,0,0.0,1.0,0.0,4432,pass,
ketone_02_c0.01_wC10,ketone_02_c0.01,ketone,2,0.01,C10,3,10,crops/ketone/ketone_02_c0.01/ketone_02_c0.01_wC10.png,75.6,184.541231,185.0,5.576347,7.0,124.08905,125.0,6.723393,8.0,88.886415,89.0,5.557171,8.0,0.518997,0.517647,0.016541,0.019608,0.723691,0.72549,0.021868,0.027451,21.89689,1.753559,0.999532,0.372763,0.927422,0.464532,0.46384,0.312036,0.313316,0.223432,0.223587,132.505566,132.666667,200.0,192.0,192.0,-15.0,-67.0,-103.0,0.925,0.651042,0.463542,8804,8804,0,0.0,1.0,0.0,4384,pass,
ketone_02_c0.01_wC11,ketone_02_c0.01,ketone,2,0.01,C11,3,11,crops/ketone/ketone_02_c0.01/ketone_02_c0.01_wC11.png,78.3,181.909831,182.0,5.381945,8.0,123.749789,124.0,6.9438,10.0,88.951691,89.0,6.775023,10.0,0.5116,0.509804,0.025216,0.039216,0.713372,0.713725,0.021106,0.031373,22.652768,1.665914,0.999577,0.384983,0.922466,0.461393,0.460938,0.313481,0.315104,0.225126,0.224868,131.537104,132.0,201.0,195.0,195.0,-19.0,-71.0,-106.0,0.905473,0.635897,0.45641,9460,9460,0,0.0,1.0,0.0,4680,pass,
ketone_02_c0.01_wC12,ketone_02_c0.01,ketone,2,0.01,C12,3,12,crops/ketone/ketone_02_c0.01/ketone_02_c0.01_wC12.png,79.2,178.462215,179.0,6.546309,9.0,128.211905,129.0,8.053774,13.0,117.011801,117.0,7.396103,10.0,0.344892,0.345098,0.019531,0.027451,0.699852,0.701961,0.025672,0.035294,11.026893,3.134654,0.998505,0.190984,0.98007,0.421536,0.420561,0.30245,0.304668,0.276014,0.276018,141.22864,141.666667,200.0,197.0,197.0,-21.0,-68.0,-80.0,0.895,0.654822,0.593909,9660,9660,0,0.0,1.0,0.0,4784,pass,
ketone_02_c0.01_wD01,ketone_02_c0.01,ketone,2,0.01,D01,4,1,crops/ketone/ketone_02_c0.01/ketone_02_c0.01_wD01.png,76.5,182.274473,183.0,7.75881,8.0,127.14495,129.0,10.118338,12.0,87.569256,88.0,8.074399,9.0,0.520152,0.517647,0.031364,0.035294,0.714802,0.717647,0.030427,0.031373,24.981671,3.971267,0.997601,0.421315,0.904268,0.459684,0.458549,0.319949,0.32381,0.220367,0.220297,132.32956,133.333333,202.0,198.5,199.0,-19.0,-69.5,-111.0,0.905941,0.649874,0.442211,9016,9010,6,0.000665,0.999335,0.0,4512,pass,
ketone_02_c0.01_wD02,ketone_02_c0.01,ketone,2,0.01,D02,4,2,crops/ketone/ketone_02_c0.01/ketone_02_c0.01_wD02.png,75.0,181.049722,181.0,6.773247,9.0,125.447033,127.0,9.397859,14.0,81.133403,82.0,7.787359,11.0,0.552526,0.54902,0.032101,0.043137,0.709999,0.709804,0.026562,0.035294,26.536464,2.983172,0.998645,0.446162,0.893438,0.467685,0.464935,0.323362,0.326241,0.208954,0.209845,129.210053,130.0,200.0,196.0,198.0,-19.0,-69.0,-116.0,0.905,0.647959,0.414141,8628,8628,0,0.0,1.0,0.0,4280,pass,
ketone_02_c0.01_wD03,ketone_02_c0.01,ketone,2,0.01,D03,4,3,crops/ketone/ketone_02_c0.01/ketone_02_c0.01_wD03.png,74.7,181.168065,181.0,6.458525,8.0,122.828438,123.0,7.476221,10.0,82.470629,83.0,6.759157,9.0,0.545495,0.545098,0.02387,0.031373,0.710463,0.709804,0.025328,0.031373,24.367366,1.801465,0.999506,0.412382,0.910469,0.469198,0.46875,0.317702,0.318182,0.2131,0.213198,128.822378,128.666667,201.0,196.0,197.0,-20.0,-73.0,-114.0,0.900498,0.627551,0.42132,8580,8580,0,0.0,1.0,0.0,4304,pass,
ketone_02_c0.01_wD04,ketone_02_c0.01,ketone,2,0.01,D04,4,4,crops/ketone/ketone_02_c0.01/ketone_02_c0.01_wD04.png,75.9,182.307658,183.0,6.994138,9.0,121.871171,122.0,8.33825,11.0,79.919032,80.0,7.746801,10.0,0.56237,0.560784,0.031395,0.040196,0.714932,0.717647,0.027428,0.035294,24.547639,2.369057,0.999146,0.415095,0.908839,0.475203,0.473958,0.317124,0.318919,0.207673,0.207756,128.03262,128.333333,201.0,198.0,200.0,-18.0,-76.0,-120.0,0.910448,0.616162,0.4,8880,8880,0,0.0,1.0,0.0,4408,pass,
ketone_02_c0.01_wD05,ketone_02_c0.01,ketone,2,0.01,D05,4,5,crops/ketone/ketone_02_c0.01/ketone_02_c0.01_wD05.png,77.7,182.924612,183.0,7.265075,8.0,122.675043,123.0,8.912078,12.0,84.685613,85.0,7.630138,9.0,0.537872,0.537255,0.027471,0.035294,0.717351,0.717647,0.02849,0.031373,23.114576,2.774192,0.998828,0.392111,0.918644,0.469235,0.468354,0.31411,0.316754,0.216655,0.217073,130.095089,130.0,202.0,199.0,201.0,-19.0,-76.0,-116.0,0.905941,0.61809,0.422886,9272,9272,0,0.0,1.0,0.0,4632,pass,
ketone_02_c0.01_wD06,ketone_02_c0.01,ketone,2,0.01,D06,4,6,crops/ketone/ketone_02_c0.01/ketone_02_c0.01_wD06.png,80.7,182.3945,183.0,6.536839,8.0,122.7246,124.0,7.954116,10.0,93.2617,94.0,6.750719,8.0,0.489322,0.490196,0.020771,0.027451,0.715273,0.717647,0.025635,0.031373,19.963591,2.070728,0.999347,0.3412,0.939296,0.458262,0.457286,0.307874,0.309582,0.233865,0.234146,132.7936,133.666667,201.0,198.0,198.0,-18.0,-74.0,-104.0,0.910448,0.626263,0.474747,10000,10000,0,0.0,1.0,0.0,5008,pass,
ketone_02_c0.01_wD07,ketone_02_c0.01,ketone,2,0.01,D07,4,7,crops/ketone/ketone_02_c0.01/ketone_02_c0.01_wD07.png,79.2,185.75,186.0,6.649953,8.0,129.301449,130.0,9.201956,11.0,91.044617,91.0,7.805462,10.0,0.510594,0.509804,0.028004,0.039216,0.728431,0.729412,0.026078,0.031373,24.120801,2.629188,0.998948,0.408232,0.911725,0.457965,0.457213,0.318165,0.320843,0.22387,0.224367,135.365355,135.666667,201.0,198.0,198.0,-15.0,-68.0,-107.0,0.925373,0.656566,0.459596,9660,9660,0,0.0,1.0,0.0,4784,pass,
ketone_02_c0.01_wD08,ketone_02_c0.01,ketone,2,0.01,D08,4,8,crops/ketone/ketone_02_c0.01/ketone_02_c0.01_wD08.png,76.5,186.067325,186.0,5.906681,7.0,125.273846,126.0,6.962608,9.0,90.002773,90.0,6.010721,8.0,0.516914,0.517647,0.018154,0.023529,0.729676,0.729412,0.023163,0.027451,21.685579,1.589254,0.999615,0.369371,0.928868,0.463928,0.462871,0.312015,0.31358,0.224057,0.22439,133.781315,134.0,202.0,194.0,195.0,-16.0,-68.0,-105.0,0.920792,0.649485,0.461538,9016,9016,0,0.0,1.0,0.0,4512,pass,
ketone_02_c0.01_wD09,ketone_02_c0.01,ketone,2,0.01,D09,4,9,crops/ketone/ketone_02_c0.01/ketone_02_c0.01_wD09.png,84.3,184.453832,185.0,6.598044,8.0,123.806113,124.0,8.823725,11.0,88.832026,89.0,6.612307,8.0,0.519049,0.517647,0.021963,0.031373,0.723348,0.72549,0.025875,0.031373,21.76048,3.038923,0.998594,0.370206,0.927436,0.46496,0.464646,0.311525,0.313869,0.223514,0.223587,132.36399,132.333333,203.0,202.0,202.0,-18.0,-78.0,-113.0,0.91133,0.613861,0.440594,10960,10960,0,0.0,1.0,0.0,5432,pass,
ketone_02_c0.01_wD10,ketone_02_c0.01,ketone,2,0.01,D10,4,10,crops/ketone/ketone_02_c0.01/ketone_02_c0.01_wD10.png,78.6,186.922171,187.0,6.8747,8.0,127.848864,128.0,9.563374,13.0,88.777661,89.0,6.877252,9.0,0.525705,0.52549,0.021352,0.027451,0.733028,0.733333,0.02696,0.031373,23.739284,2.847178,0.998766,0.402079,0.914257,0.463709,0.463445,0.316516,0.317536,0.219775,0.219653,134.516232,134.666667,202.0,198.0,198.0,-15.0,-70.0,-109.0,0.925743,0.646465,0.449495,9508,9508,0,0.0,1.0,0.0,4744,pass,
ketone_02_c0.01_wD11,ketone_02_c0.01,ketone,2,0.01,D11,4,11,crops/ketone/ketone_02_c0.01/ketone_02_c0.01_wD11.png,78.9,184.121709,184.0,6.833608,9.0,127.816862,129.0,9.497762,13.0,85.268491,85.0,7.881341,11.0,0.537719,0.537255,0.02901,0.039216,0.722046,0.721569,0.026798,0.035294,25.759521,2.734771,0.998862,0.4341,0.899601,0.464158,0.463291,0.321536,0.323308,0.214306,0.214458,132.402354,132.666667,200.0,197.0,197.0,-16.0,-68.0,-112.0,0.92,0.654822,0.431472,9572,9572,0,0.0,1.0,0.0,4744,pass,
ketone_02_c0.01_wD12,ketone_02_c0.01,ketone,2,0.01,D12,4,12,crops/ketone/ketone_02_c0.01/ketone_02_c0.01_wD12.png,81.3,175.868612,175.0,6.371826,7.0,120.141215,120.0,9.535075,11.0,101.805916,101.0,7.430705,9.0,0.421826,0.419608,0.023141,0.027451,0.689681,0.686275,0.024988,0.027451,15.091287,3.290639,0.998352,0.259929,0.963921,0.442635,0.441463,0.301653,0.303944,0.255712,0.255696,132.605248,132.333333,200.0,198.0,198.0,-25.0,-78.0,-97.0,0.875,0.606061,0.510101,10176,10176,0,0.0,1.0,0.0,5060,pass,
ketone_02_c0.01_wE01,ketone_02_c0.01,ketone,2,0.01,E01,5,1,crops/ketone/ketone_02_c0.01/ketone_02_c0.01_wE01.png,76.5,182.494343,183.0,6.612414,8.0,127.78516,129.0,8.542672,12.0,94.607254,95.0,7.107695,9.0,0.482209,0.482353,0.02375,0.027451,0.715664,0.717647,0.025931,0.031373,22.603379,2.47039,0.999071,0.383993,0.92233,0.451171,0.449383,0.315405,0.317536,0.233423,0.23399,134.962252,136.0,203.0,199.0,200.0,-20.0,-70.0,-105.0,0.901478,0.648241,0.475,9016,9016,0,0.0,1.0,0.0,4512,pass,
ketone_02_c0.01_wE02,ketone_02_c0.01,ketone,2,0.01,E02,5,2,crops/ketone/ketone_02_c0.01/ketone_02_c0.01_wE02.png,80.4,183.109513,184.0,6.542221,7.0,126.732804,128.0,8.940646,11.0,87.225261,88.0,7.368582,9.0,0.524399,0.521569,0.027006,0.035294,0.718077,0.721569,0.025656,0.027451,24.566549,2.260794,0.999222,0.415426,0.908771,0.461717,0.459057,0.318926,0.321149,0.219357,0.220297,132.355859,133.333333,200.0,199.0,200.0,-16.0,-71.0,-112.0,0.92,0.643216,0.44,9944,9944,0,0.0,1.0,0.0,4928,pass,
ketone_02_c0.01_wE03,ketone_02_c0.01,ketone,2,0.01,E03,5,3,crops/ketone/ketone_02_c0.01/ketone_02_c0.01_wE03.png,73.2,183.128149,183.0,6.722925,8.0,123.481105,124.0,7.816273,10.0,80.939801,81.0,7.608207,10.0,0.55885,0.556863,0.029529,0.039216,0.71815,0.717647,0.026364,0.031373,25.053937,2.012336,0.999383,0.42321,0.905351,0.473044,0.4725,0.318503,0.32,0.208452,0.208877,129.183018,129.333333,201.0,195.0,197.0,-18.0,-71.0,-116.0,0.910448,0.635897,0.411168,8256,8256,0,0.0,1.0,0.0,4096,pass,
ketone_02_c0.01_wE04,ketone_02_c0.01,ketone,2,0.01,E04,5,4,crops/ketone/ketone_02_c0.01/ketone_02_c0.01_wE04.png,76.8,183.115639,184.0,7.055027,8.0,123.510352,124.0,9.596766,12.0,81.665749,82.0,9.306034,14.0,0.554994,0.556863,0.039179,0.062745,0.718101,0.721569,0.027667,0.031373,24.734933,2.559896,0.999002,0.418003,0.907347,0.472439,0.472362,0.317829,0.319797,0.209732,0.208791,129.43058,130.0,202.0,201.0,202.0,-18.0,-77.0,-120.0,0.910891,0.616915,0.405941,9080,9080,0,0.0,1.0,0.0,4480,pass,
ketone_02_c0.01_wE05,ketone_02_c0.01,ketone,2,0.01,E05,5,5,crops/ketone/ketone_02_c0.01/ketone_02_c0.01_wE05.png,72.0,185.868982,186.0,7.365342,8.0,126.139794,127.0,9.599732,13.0,86.440822,87.0,9.786359,14.0,0.536084,0.533333,0.038714,0.058824,0.728898,0.729412,0.028884,0.031373,23.835808,1.765406,0.999525,0.403925,0.914273,0.467356,0.464824,0.316361,0.317618,0.216283,0.217073,132.816533,133.666667,200.0,186.0,187.0,-14.0,-59.0,-100.0,0.93,0.682796,0.465241,7976,7976,0,0.0,1.0,0.0,3968,pass,
ketone_02_c0.01_wE06,ketone_02_c0.01,ketone,2,0.01,E06,5,6,crops/ketone/ketone_02_c0.01/ketone_02_c0.01_wE06.png,84.6,182.659611,183.0,8.236211,10.0,121.749455,123.0,11.456697,15.0,88.805687,89.0,9.967194,14.0,0.515047,0.513725,0.037542,0.054902,0.716312,0.717647,0.032299,0.039216,20.987479,3.220431,0.998422,0.357599,0.932185,0.46555,0.465116,0.309189,0.311751,0.22526,0.226221,131.071584,131.333333,202.0,201.0,201.0,-19.0,-78.0,-112.0,0.905941,0.61194,0.442786,11008,11008,0,0.0,1.0,0.0,5448,pass,
ketone_02_c0.01_wE07,ketone_02_c0.01,ketone,2,0.01,E07,5,7,crops/ketone/ketone_02_c0.01/ketone_02_c0.01_wE07.png,77.7,186.531169,187.0,7.215013,8.0,128.676877,129.0,9.920629,13.0,93.954702,94.0,8.53575,11.0,0.497264,0.498039,0.029599,0.039216,0.731495,0.733333,0.028294,0.031373,22.331735,2.277446,0.99921,0.379669,0.924269,0.456574,0.455847,0.3142,0.315217,0.229226,0.228916,136.387583,136.666667,202.0,197.0,198.0,-15.0,-68.0,-104.0,0.925743,0.654822,0.474747,9272,9272,0,0.0,1.0,0.0,4632,pass,
ketone_02_c0.01_wE08,ketone_02_c0.01,ketone,2,0.01,E08,5,8,crops/ketone/ketone_02_c0.01/ketone_02_c0.01_wE08.png,74.1,186.070686,186.0,6.017604,7.0,127.341489,128.0,7.097251,9.0,90.392317,90.0,6.518866,9.0,0.514786,0.513725,0.021923,0.027451,0.729689,0.729412,0.023598,0.027451,23.039231,1.477312,0.999668,0.391231,0.919931,0.461144,0.460957,0.315246,0.316583,0.22361,0.224138,134.601497,134.666667,202.0,188.0,190.0,-16.0,-60.0,-100.0,0.920792,0.680851,0.473684,8460,8460,0,0.0,1.0,0.0,4192,pass,
ketone_02_c0.01_wE09,ketone_02_c0.01,ketone,2,0.01,E09,5,9,crops/ketone/ketone_02_c0.01/ketone_02_c0.01_wE09.png,80.4,186.154163,186.0,6.342043,8.0,126.096842,127.0,8.357663,11.0,90.884956,91.0,7.678569,10.0,0.512419,0.509804,0.029301,0.043137,0.730016,0.729412,0.024871,0.031373,22.144598,2.697984,0.998892,0.376528,0.925209,0.462259,0.460976,0.312606,0.314421,0.225135,0.225182,134.378654,134.666667,206.0,204.0,204.0,-20.0,-77.0,-113.0,0.902913,0.622549,0.446078,9944,9944,0,0.0,1.0,0.0,4928,pass,
ketone_02_c0.01_wE10,ketone_02_c0.01,ketone,2,0.01,E10,5,10,crops/ketone/ketone_02_c0.01/ketone_02_c0.01_wE10.png,80.7,184.8661,185.0,6.469171,8.0,124.2544,125.0,8.045177,10.0,92.117,92.0,6.095811,8.0,0.502228,0.501961,0.017415,0.023529,0.724965,0.72549,0.025369,0.031373,20.88405,2.525656,0.999029,0.356132,0.933396,0.461105,0.460048,0.30947,0.311856,0.229425,0.229798,133.745833,134.333333,204.0,201.0,202.0,-19.0,-76.0,-110.0,0.906863,0.621891,0.455446,10000,10000,0,0.0,1.0,0.0,5008,pass,
ketone_02_c0.01_wE11,ketone_02_c0.01,ketone,2,0.01,E11,5,11,crops/ketone/ketone_02_c0.01/ketone_02_c0.01_wE11.png,78.0,182.181071,183.0,6.67414,8.0,126.093043,127.0,8.014424,10.25,94.400555,95.0,6.982604,9.0,0.482566,0.482353,0.0212,0.027451,0.714436,0.717647,0.026173,0.031373,21.959979,2.419103,0.999109,0.373626,0.926619,0.452827,0.451372,0.312987,0.314634,0.234187,0.234742,134.22489,135.0,201.0,196.0,196.0,-18.0,-69.0,-101.0,0.910448,0.647959,0.484694,9372,9372,0,0.0,1.0,0.0,4616,pass,
ketone_02_c0.01_wE12,ketone_02_c0.01,ketone,2,0.01,E12,5,12,crops/ketone/ketone_02_c0.01/ketone_02_c0.01_wE12.png,79.8,183.763067,181.0,15.860319,17.0,135.416803,134.0,18.325605,21.0,120.359432,118.0,18.330017,20.0,0.348394,0.34902,0.044481,0.05098,0.720639,0.709804,0.062197,0.066667,14.291617,2.484253,0.99906,0.246625,0.968141,0.419661,0.418655,0.307522,0.309133,0.272817,0.272523,146.513101,144.333333,203.0,200.0,200.0,-22.0,-66.0,-82.0,0.891626,0.67,0.59,9796,9796,0,0.0,1.0,0.0,4864,pass,
ketone_02_c0.01_wF01,ketone_02_c0.01,ketone,2,0.01,F01,6,1,crops/ketone/ketone_02_c0.01/ketone_02_c0.01_wF01.png,77.1,185.023649,186.0,6.275409,7.0,129.055362,130.0,8.63896,11.0,90.663688,91.0,8.299668,12.0,0.510675,0.505882,0.033565,0.054902,0.725583,0.729412,0.024609,0.027451,24.29559,2.230157,0.999243,0.411133,0.910745,0.457736,0.455446,0.318669,0.321016,0.223595,0.224939,134.914233,135.333333,200.0,198.0,198.0,-14.0,-68.0,-107.0,0.93,0.656566,0.459596,9176,9176,0,0.0,1.0,0.0,4520,pass,
ketone_02_c0.01_wF02,ketone_02_c0.01,ketone,2,0.01,F02,6,2,crops/ketone/ketone_02_c0.01/ketone_02_c0.01_wF02.png,77.4,185.38595,186.0,7.336938,8.0,127.925087,130.0,11.158653,12.0,87.149501,87.0,7.895861,10.0,0.53066,0.529412,0.031841,0.043137,0.727004,0.729412,0.028772,0.031373,24.798074,4.569615,0.996825,0.41809,0.904909,0.463627,0.461538,0.318949,0.322997,0.217423,0.21671,133.486846,134.333333,200.0,198.0,199.0,-14.0,-68.0,-112.0,0.93,0.656566,0.437186,9224,9224,0,0.0,1.0,0.0,4600,pass,
ketone_02_c0.01_wF03,ketone_02_c0.01,ketone,2,0.01,F03,6,3,crops/ketone/ketone_02_c0.01/ketone_02_c0.01_wF03.png,75.0,184.602109,186.0,8.218681,9.0,131.293,135.0,13.540335,17.0,95.972184,96.0,6.801232,9.0,0.480424,0.482353,0.022549,0.027451,0.72393,0.729412,0.03223,0.035294,23.780879,6.001374,0.994529,0.401034,0.910088,0.448897,0.447689,0.317995,0.322825,0.233108,0.232019,137.289098,138.666667,201.0,198.0,200.0,-15.0,-63.0,-104.0,0.925373,0.681818,0.48,8628,8628,0,0.0,1.0,0.0,4280,pass,
ketone_02_c0.01_wF04,ketone_02_c0.01,ketone,2,0.01,F04,6,4,crops/ketone/ketone_02_c0.01/ketone_02_c0.01_wF04.png,75.3,186.241076,187.0,6.365337,7.0,126.491991,128.0,8.345585,10.0,83.929519,85.0,8.437606,11.0,0.550158,0.545098,0.034874,0.05098,0.730357,0.733333,0.024962,0.027451,24.926702,1.896528,0.999452,0.421228,0.906351,0.470168,0.468193,0.31873,0.320312,0.211101,0.212346,132.220862,133.0,202.0,199.0,199.0,-15.0,-71.0,-114.0,0.925743,0.643216,0.427136,8740,8740,0,0.0,1.0,0.0,4328,pass,
ketone_02_c0.01_wF05,ketone_02_c0.01,ketone,2,0.01,F05,6,5,crops/ketone/ketone_02_c0.01/ketone_02_c0.01_wF05.png,72.9,187.077224,187.0,6.229102,8.0,126.721896,127.0,7.693488,11.0,87.499267,88.0,8.709412,13.0,0.532992,0.533333,0.036355,0.058824,0.733636,0.733333,0.024428,0.031373,23.52153,1.582455,0.999619,0.398941,0.916561,0.46677,0.465347,0.315679,0.316953,0.217551,0.217918,133.766129,134.0,201.0,189.0,190.0,-14.0,-62.0,-102.0,0.930348,0.671958,0.463158,8184,8184,0,0.0,1.0,0.0,4048,pass,
ketone_02_c0.01_wF06,ketone_02_c0.01,ketone,2,0.01,F06,6,6,crops/ketone/ketone_02_c0.01/ketone_02_c0.01_wF06.png,81.9,186.594924,187.0,6.445326,8.0,127.935974,128.0,7.840654,10.0,96.125436,96.0,7.921059,11.0,0.485453,0.482353,0.030242,0.043137,0.731745,0.733333,0.025276,0.031373,21.278611,2.333635,0.999171,0.362603,0.931054,0.454836,0.454216,0.311412,0.312785,0.233753,0.234146,136.885445,137.333333,203.0,200.0,200.0,-16.0,-72.0,-104.0,0.921182,0.64,0.48,10324,10324,0,0.0,1.0,0.0,5136,pass,
ketone_02_c0.01_wF07,ketone_02_c0.01,ketone,2,0.01,F07,6,7,crops/ketone/ketone_02_c0.01/ketone_02_c0.01_wF07.png,74.1,186.295154,187.0,6.915156,7.0,129.353073,130.0,8.665292,11.0,92.491844,93.0,9.469101,13.0,0.504423,0.498039,0.037613,0.058824,0.730569,0.733333,0.027118,0.027451,23.480204,1.497766,0.999658,0.398296,0.916884,0.45713,0.454094,0.3168,0.317647,0.22607,0.228029,136.04669,136.333333,199.0,189.0,189.0,-12.0,-59.0,-96.0,0.939698,0.687831,0.492063,8460,8460,0,0.0,1.0,0.0,4192,pass,
ketone_02_c0.01_wF08,ketone_02_c0.01,ketone,2,0.01,F08,6,8,crops/ketone/ketone_02_c0.01/ketone_02_c0.01_wF08.png,75.3,188.200801,189.0,5.599512,7.0,130.890732,132.0,7.230313,9.0,90.883982,92.0,7.555806,10.0,0.51765,0.513725,0.030717,0.043137,0.738042,0.741176,0.021959,0.027451,24.652102,1.70036,0.99956,0.416924,0.908457,0.459498,0.458034,0.319161,0.320574,0.221341,0.221951,136.658505,137.666667,201.0,195.0,197.0,-12.0,-63.0,-105.0,0.940299,0.676923,0.467005,8740,8740,0,0.0,1.0,0.0,4328,pass,
ketone_02_c0.01_wF09,ketone_02_c0.01,ketone,2,0.01,F09,6,9,crops/ketone/ketone_02_c0.01/ketone_02_c0.01_wF09.png,75.6,188.139936,189.0,5.389356,7.0,130.144366,131.0,7.078257,9.0,93.041572,93.0,6.655975,9.0,0.505967,0.501961,0.024378,0.031373,0.737804,0.741176,0.021135,0.027451,23.257679,1.625892,0.999597,0.394708,0.918368,0.457766,0.456576,0.316284,0.317848,0.22595,0.226601,137.108625,137.333333,202.0,194.0,195.0,-13.0,-63.0,-102.0,0.935644,0.675258,0.476923,8804,8804,0,0.0,1.0,0.0,4384,pass,
ketone_02_c0.01_wF10,ketone_02_c0.01,ketone,2,0.01,F10,6,10,crops/ketone/ketone_02_c0.01/ketone_02_c0.01_wF10.png,78.3,187.496617,188.0,6.630037,8.0,128.980867,130.0,8.163068,9.0,92.186152,93.0,7.16489,9.0,0.5089,0.505882,0.027741,0.035294,0.735281,0.737255,0.026,0.031373,23.090901,2.484857,0.99906,0.391822,0.919019,0.459227,0.458034,0.315441,0.3175,0.225332,0.225352,136.221212,136.833333,204.0,200.0,201.0,-16.0,-70.0,-108.0,0.921569,0.65,0.462687,9460,9460,0,0.0,1.0,0.0,4680,pass,
ketone_02_c0.01_wF11,ketone_02_c0.01,ketone,2,0.01,F11,6,11,crops/ketone/ketone_02_c0.01/ketone_02_c0.01_wF11.png,78.3,186.584144,187.0,5.152269,6.0,128.733192,129.0,6.059,8.0,94.549894,95.0,5.97027,8.0,0.493627,0.490196,0.020282,0.031373,0.731703,0.733333,0.020205,0.023529,22.565664,1.787435,0.999514,0.383555,0.922991,0.455487,0.455224,0.314019,0.315789,0.230494,0.231132,136.62241,136.666667,202.0,198.0,197.0,-15.0,-69.0,-102.0,0.925743,0.651515,0.482234,9460,9460,0,0.0,1.0,0.0,4680,pass,
ketone_02_c0.01_wF12,ketone_02_c0.01,ketone,2,0.01,F12,6,12,crops/ketone/ketone_02_c0.01/ketone_02_c0.01_wF12.png,78.0,183.377828,184.0,5.85973,7.0,129.370252,130.0,7.010747,7.0,110.861076,111.0,7.235868,8.0,0.395912,0.396078,0.023165,0.031373,0.719129,0.721569,0.022979,0.027451,15.573188,1.867513,0.999469,0.268326,0.962777,0.433209,0.431925,0.305301,0.306069,0.26149,0.261468,141.203052,141.666667,203.0,200.0,199.0,-19.0,-70.0,-88.0,0.906404,0.65,0.557789,9372,9372,0,0.0,1.0,0.0,4616,pass,
ketone_02_c0.01_wG01,ketone_02_c0.01,ketone,2,0.01,G01,7,1,crops/ketone/ketone_02_c0.01/ketone_02_c0.01_wG01.png,76.5,192.920586,194.0,4.750416,6.0,160.037045,161.0,7.186139,9.0,117.920586,119.0,7.66887,10.0,0.388949,0.388235,0.032102,0.05098,0.756551,0.760784,0.018629,0.023529,33.726806,2.809517,0.998798,0.554566,0.830695,0.409993,0.408333,0.339806,0.341357,0.250201,0.251546,156.959406,157.666667,199.0,197.0,195.0,-5.0,-36.0,-76.0,0.974874,0.817259,0.610256,9016,9016,0,0.0,1.0,0.0,4512,pass,
ketone_02_c0.01_wG02,ketone_02_c0.01,ketone,2,0.01,G02,7,2,crops/ketone/ketone_02_c0.01/ketone_02_c0.01_wG02.png,77.4,191.688638,192.0,5.09372,6.0,151.473981,153.0,8.132613,11.0,110.508673,111.0,8.736998,12.0,0.423887,0.419608,0.037457,0.054902,0.75172,0.752941,0.019975,0.023529,30.268887,2.459609,0.999079,0.503594,0.862874,0.422987,0.42094,0.333774,0.335456,0.243239,0.244344,151.223764,152.333333,202.0,198.0,198.0,-10.0,-45.0,-87.0,0.950495,0.772727,0.560606,9224,9224,0,0.0,1.0,0.0,4600,pass,
ketone_02_c0.01_wG03,ketone_02_c0.01,ketone,2,0.01,G03,7,3,crops/ketone/ketone_02_c0.01/ketone_02_c0.01_wG03.png,75.0,194.125174,195.0,6.060034,8.0,156.792536,160.0,11.233006,14.0,116.616134,118.0,8.763761,12.0,0.399535,0.392157,0.036568,0.047059,0.761275,0.764706,0.023765,0.031373,31.09506,5.421396,0.995533,0.514153,0.852487,0.415689,0.412632,0.335043,0.339093,0.249268,0.252049,155.844614,157.333333,203.0,197.0,197.0,-8.0,-37.0,-79.0,0.960591,0.812183,0.598985,8628,8628,0,0.0,1.0,0.0,4280,pass,
ketone_02_c0.01_wG04,ketone_02_c0.01,ketone,2,0.01,G04,7,4,crops/ketone/ketone_02_c0.01/ketone_02_c0.01_wG04.png,76.2,187.181564,188.0,5.573703,7.0,128.901546,130.0,7.183218,10.0,88.282818,89.0,7.915484,11.0,0.528899,0.521569,0.034251,0.047059,0.734045,0.737255,0.021858,0.027451,24.603527,1.841991,0.999483,0.416122,0.908741,0.463372,0.460759,0.318677,0.320099,0.217952,0.219277,134.788642,135.333333,204.0,201.0,201.0,-16.0,-71.0,-112.0,0.921569,0.646766,0.442786,8928,8928,0,0.0,1.0,0.0,4432,pass,
ketone_02_c0.01_wG05,ketone_02_c0.01,ketone,2,0.01,G05,7,5,crops/ketone/ketone_02_c0.01/ketone_02_c0.01_wG05.png,76.8,188.727974,189.0,6.021932,8.0,128.552093,129.0,8.38176,12.0,90.294493,92.0,11.480123,18.0,0.52237,0.513725,0.052789,0.087255,0.74011,0.741176,0.023615,0.031373,23.417583,2.073172,0.999346,0.397169,0.917032,0.463955,0.460199,0.315321,0.316883,0.220724,0.22439,135.858186,136.333333,205.0,201.0,202.0,-16.0,-72.0,-110.0,0.921951,0.641791,0.455446,9080,9080,0,0.0,1.0,0.0,4480,pass,
ketone_02_c0.01_wG06,ketone_02_c0.01,ketone,2,0.01,G06,7,6,crops/ketone/ketone_02_c0.01/ketone_02_c0.01_wG06.png,68.112,189.718261,190.0,6.08921,8.0,133.975391,135.0,7.250257,9.0,92.708613,93.0,8.262868,12.0,0.511939,0.509804,0.033805,0.05098,0.743993,0.745098,0.023879,0.031373,25.440437,1.988912,0.999398,0.429314,0.902488,0.45604,0.454976,0.321689,0.323232,0.222271,0.221963,138.800755,139.0,183.0,123.5,112.0,7.0,11.5,-19.0,1.038251,1.093117,0.830357,7152,7152,0,0.0,1.0,0.0,3532,pass,
ketone_02_c0.01_wG07,ketone_02_c0.01,ketone,2,0.01,G07,7,7,crops/ketone/ketone_02_c0.01/ketone_02_c0.01_wG07.png,80.1,187.79747,188.0,6.321656,8.0,131.785324,133.0,7.63275,10.0,92.696559,93.0,8.212538,12.0,0.506756,0.505882,0.036373,0.054902,0.736461,0.737255,0.024791,0.031373,24.612743,2.845171,0.998768,0.41597,0.908023,0.455914,0.454327,0.319553,0.321696,0.224532,0.224344,137.426451,137.666667,202.0,200.0,201.0,-14.0,-67.0,-108.0,0.930693,0.665,0.462687,9880,9880,0,0.0,1.0,0.0,4940,pass,
ketone_02_c0.01_wG08,ketone_02_c0.01,ketone,2,0.01,G08,7,8,crops/ketone/ketone_02_c0.01/ketone_02_c0.01_wG08.png,79.2,189.083954,190.0,5.233343,7.0,131.401967,132.0,6.99398,9.0,95.469151,96.0,8.721121,12.0,0.495453,0.490196,0.039952,0.062745,0.741506,0.745098,0.020523,0.027451,23.031216,1.957698,0.999416,0.391004,0.919755,0.455066,0.452153,0.315822,0.317422,0.229111,0.230415,138.651691,139.333333,204.0,200.0,201.0,-14.0,-68.0,-105.0,0.931373,0.66,0.477612,9660,9660,0,0.0,1.0,0.0,4784,pass,
ketone_02_c0.01_wG09,ketone_02_c0.01,ketone,2,0.01,G09,7,9,crops/ketone/ketone_02_c0.01/ketone_02_c0.01_wG09.png,81.0,189.350593,190.0,5.49459,7.0,130.484881,131.0,7.171072,9.0,97.772431,98.0,8.191923,12.0,0.484043,0.47451,0.034938,0.054902,0.742551,0.745098,0.021547,0.027451,21.541715,2.079482,0.999342,0.366937,0.929538,0.453864,0.451389,0.312356,0.313817,0.23378,0.235577,139.202635,139.666667,206.0,204.0,204.0,-16.0,-73.0,-106.0,0.92233,0.642157,0.480392,10120,10120,0,0.0,1.0,0.0,5008,pass,
ketone_02_c0.01_wG10,ketone_02_c0.01,ketone,2,0.01,G10,7,10,crops/ketone/ketone_02_c0.01/ketone_02_c0.01_wG10.png,79.5,188.845718,189.0,5.508291,8.0,130.232297,131.0,8.396322,11.0,93.238987,94.0,9.666086,14.0,0.506961,0.501961,0.041934,0.066667,0.740571,0.741176,0.021601,0.031373,23.128541,1.615205,0.999603,0.392639,0.919261,0.458739,0.456576,0.315695,0.317136,0.225566,0.22673,137.439001,138.0,204.0,201.0,202.0,-15.0,-70.0,-108.0,0.926471,0.651741,0.465347,9716,9716,0,0.0,1.0,0.0,4856,pass,
ketone_02_c0.01_wG11,ketone_02_c0.01,ketone,2,0.01,G11,7,11,crops/ketone/ketone_02_c0.01/ketone_02_c0.01_wG11.png,81.6,187.368375,188.0,5.015236,7.0,129.14585,130.0,6.61986,9.0,94.953624,95.0,5.839433,8.0,0.493556,0.490196,0.02078,0.027451,0.734778,0.737255,0.019668,0.027451,22.410152,1.904067,0.999448,0.381024,0.923968,0.455662,0.454118,0.313746,0.315545,0.230592,0.231132,137.15595,137.666667,201.0,199.0,198.0,-13.0,-69.0,-103.0,0.935323,0.653266,0.479798,10264,10264,0,0.0,1.0,0.0,5072,pass,
ketone_02_c0.01_wG12,ketone_02_c0.01,ketone,2,0.01,G12,7,12,crops/ketone/ketone_02_c0.01/ketone_02_c0.01_wG12.png,78.3,185.461416,185.0,8.181005,7.0,133.927484,134.0,9.379402,9.0,118.103911,118.0,9.153835,9.0,0.363957,0.360784,0.023089,0.023529,0.7273,0.72549,0.032082,0.027451,14.028005,1.875491,0.999464,0.242266,0.969658,0.424341,0.423077,0.305962,0.307339,0.269697,0.269663,145.830937,145.333333,202.0,197.0,197.0,-17.0,-63.0,-79.0,0.915842,0.680203,0.598985,9460,9460,0,0.0,1.0,0.0,4680,pass,
ketone_02_c0.01_wH01,ketone_02_c0.01,ketone,2,0.01,H01,8,1,crops/ketone/ketone_02_c0.01/ketone_02_c0.01_wH01.png,78.3,193.441226,194.0,5.087525,6.0,149.883615,153.0,10.371813,12.0,112.901268,114.0,7.341214,9.0,0.41666,0.411765,0.029216,0.035294,0.758593,0.760784,0.019951,0.023529,27.446376,5.177279,0.995926,0.45904,0.883827,0.424436,0.421978,0.328206,0.331725,0.247358,0.249383,152.07537,153.666667,199.0,198.0,196.0,-5.0,-45.0,-82.0,0.974874,0.772727,0.581633,9460,9460,0,0.0,1.0,0.0,4680,pass,
ketone_02_c0.01_wH02,ketone_02_c0.01,ketone,2,0.01,H02,8,2,crops/ketone/ketone_02_c0.01/ketone_02_c0.01_wH02.png,77.4,193.844536,194.0,4.329665,6.0,157.259649,158.0,7.552771,10.0,116.866761,119.0,8.982138,12.0,0.39747,0.384314,0.038579,0.047059,0.760175,0.760784,0.016979,0.023529,31.417239,2.417653,0.99911,0.520803,0.852635,0.414638,0.411642,0.335978,0.33713,0.249384,0.2527,155.990315,157.0,201.0,198.0,197.0,-7.0,-40.0,-78.0,0.965174,0.79798,0.604061,9224,9224,0,0.0,1.0,0.0,4600,pass,
ketone_02_c0.01_wH03,ketone_02_c0.01,ketone,2,0.01,H03,8,3,crops/ketone/ketone_02_c0.01/ketone_02_c0.01_wH03.png,72.3,197.689179,198.0,4.325705,5.0,162.465174,164.0,8.144194,10.0,118.396144,121.0,14.04053,18.0,0.401632,0.388235,0.065622,0.090196,0.775252,0.776471,0.016964,0.019608,33.345353,2.083165,0.999339,0.549321,0.834821,0.4139,0.409326,0.339536,0.340249,0.246564,0.250522,159.516833,161.0,200.0,189.0,187.5,-2.0,-25.0,-66.5,0.99,0.867725,0.645333,8040,8040,0,0.0,1.0,0.0,3972,pass,
ketone_02_c0.01_wH04,ketone_02_c0.01,ketone,2,0.01,H04,8,4,crops/ketone/ketone_02_c0.01/ketone_02_c0.01_wH04.png,75.9,188.745721,189.0,4.897253,6.0,131.858221,133.0,7.429295,11.0,93.726577,95.0,10.769891,18.0,0.504028,0.494118,0.050394,0.090196,0.740179,0.741176,0.019205,0.023529,23.995224,1.657861,0.999581,0.40649,0.913197,0.456292,0.452153,0.318189,0.318807,0.225519,0.228029,138.110173,139.0,204.0,200.0,201.0,-15.0,-67.0,-106.0,0.926471,0.665,0.472637,8880,8880,0,0.0,1.0,0.0,4408,pass,
ketone_02_c0.01_wH05,ketone_02_c0.01,ketone,2,0.01,H05,8,5,crops/ketone/ketone_02_c0.01/ketone_02_c0.01_wH05.png,71.1,197.401515,198.0,5.111563,6.0,164.965716,166.0,6.869518,9.0,125.700565,128.0,9.438783,12.0,0.363681,0.352941,0.038642,0.047059,0.774124,0.776471,0.020045,0.023529,32.721091,2.236996,0.999238,0.540138,0.840671,0.404774,0.40239,0.33801,0.338742,0.257216,0.260163,162.689266,163.666667,200.0,191.0,190.0,-2.0,-25.0,-62.0,0.99,0.86911,0.673684,7788,7788,0,0.0,1.0,0.0,3812,pass,
ketone_02_c0.01_wH06,ketone_02_c0.01,ketone,2,0.01,H06,8,6,crops/ketone/ketone_02_c0.01/ketone_02_c0.01_wH06.png,71.1,190.721751,191.0,5.530487,6.0,136.314715,137.0,6.769422,8.0,95.570621,96.0,7.926911,11.0,0.499381,0.494118,0.032965,0.05098,0.747928,0.74902,0.021688,0.023529,25.673183,1.923589,0.999437,0.432993,0.900772,0.451681,0.449412,0.322505,0.323462,0.225815,0.227378,140.869029,141.333333,192.0,174.5,174.0,-1.0,-37.5,-78.0,0.994792,0.7851,0.551724,7788,7788,0,0.0,1.0,0.0,3812,pass,
ketone_02_c0.01_wH07,ketone_02_c0.01,ketone,2,0.01,H07,8,7,crops/ketone/ketone_02_c0.01/ketone_02_c0.01_wH07.png,78.6,189.759361,190.0,6.678895,7.0,140.443626,142.0,8.893664,7.0,106.648507,106.0,8.15084,9.0,0.438077,0.443137,0.038466,0.043137,0.744154,0.745098,0.026192,0.027451,24.348546,5.174275,0.995931,0.410609,0.907347,0.434679,0.434298,0.321288,0.324444,0.244034,0.241218,145.617164,145.666667,204.0,200.0,201.0,-14.0,-58.0,-95.0,0.931373,0.71,0.527363,9508,9508,0,0.0,1.0,0.0,4744,pass,
ketone_02_c0.01_wH08,ketone_02_c0.01,ketone,2,0.01,H08,8,8,crops/ketone/ketone_02_c0.01/ketone_02_c0.01_wH08.png,81.3,191.078027,191.0,4.848349,6.0,138.846993,140.0,6.897446,8.0,108.324784,110.0,9.560228,12.0,0.433355,0.419608,0.044751,0.062745,0.749326,0.74902,0.019013,0.023529,22.129875,2.265963,0.999218,0.376413,0.925608,0.436481,0.432071,0.316763,0.31746,0.246757,0.250569,146.083268,146.666667,204.0,204.0,204.0,-13.0,-64.0,-94.0,0.936275,0.686275,0.539216,10176,10176,0,0.0,1.0,0.0,5060,pass,
ketone_02_c0.01_wH09,ketone_02_c0.01,ketone,2,0.01,H09,8,9,crops/ketone/ketone_02_c0.01/ketone_02_c0.01_wH09.png,80.7,191.35,192.0,5.532784,7.0,140.0973,141.0,7.5523,9.0,112.5663,114.0,9.092569,12.0,0.411976,0.4,0.040133,0.05098,0.750392,0.752941,0.021697,0.027451,21.033184,2.938675,0.998686,0.358437,0.932146,0.431373,0.428894,0.315433,0.317568,0.253194,0.257212,148.004533,148.666667,206.0,204.0,204.0,-14.0,-63.0,-90.0,0.932039,0.691176,0.558824,10000,10000,0,0.0,1.0,0.0,5008,pass,
ketone_02_c0.01_wH10,ketone_02_c0.01,ketone,2,0.01,H10,8,10,crops/ketone/ketone_02_c0.01/ketone_02_c0.01_wH10.png,76.5,191.03161,191.0,4.702885,6.0,137.87866,138.0,6.059481,8.0,107.717169,110.0,8.810378,12.0,0.436278,0.419608,0.041986,0.062745,0.749144,0.74902,0.018443,0.023529,21.847232,2.009984,0.999385,0.371904,0.927608,0.437899,0.433921,0.315745,0.316484,0.246356,0.250569,145.54248,145.666667,204.0,198.0,198.0,-13.0,-60.0,-88.0,0.936275,0.69697,0.555556,9016,9016,0,0.0,1.0,0.0,4512,pass,
ketone_02_c0.01_wH11,ketone_02_c0.01,ketone,2,0.01,H11,8,11,crops/ketone/ketone_02_c0.01/ketone_02_c0.01_wH11.png,78.6,190.140829,190.0,4.838216,6.0,136.049222,136.0,7.987876,11.0,102.632415,104.0,10.14737,15.0,0.460885,0.45098,0.044339,0.066667,0.74565,0.745098,0.018973,0.023529,22.932809,1.730746,0.999544,0.389474,0.920542,0.444068,0.441315,0.317152,0.317757,0.23878,0.241379,142.940822,143.0,202.0,197.0,196.0,-12.0,-61.0,-92.0,0.940594,0.690355,0.530612,9508,9508,0,0.0,1.0,0.0,4744,pass,
ketone_02_c0.01_wH12,ketone_02_c0.01,ketone,2,0.01,H12,8,12,crops/ketone/ketone_02_c0.01/ketone_02_c0.01_wH12.png,81.3,194.381879,195.0,4.035198,5.0,152.928852,154.0,5.429404,7.0,144.762775,145.0,4.788935,6.0,0.255322,0.25098,0.013287,0.019608,0.762282,0.764706,0.015824,0.019608,9.909827,2.385232,0.999134,0.171949,0.984227,0.395122,0.393574,0.310727,0.311741,0.294151,0.294715,164.024502,164.333333,204.0,201.0,201.0,-9.0,-47.0,-56.0,0.955882,0.766169,0.721393,10176,10176,0,0.0,1.0,0.0,5060,pass,
ketone_03_c0.05_wA01,ketone_03_c0.05,ketone,3,0.05,A01,1,1,crops/ketone/ketone_03_c0.05/ketone_03_c0.05_wA01.png,81.6,159.752338,160.0,4.119754,4.0,105.935698,106.0,5.418006,6.0,86.633379,87.0,4.365548,5.0,0.457978,0.454902,0.015726,0.023529,0.62648,0.627451,0.016156,0.015686,16.139832,1.645753,0.999588,0.277868,0.96019,0.453664,0.45245,0.300544,0.300562,0.245792,0.24581,117.440472,117.666667,181.0,178.0,180.0,-21.0,-72.0,-93.0,0.883978,0.595506,0.483333,10264,10264,0,0.0,1.0,0.0,5072,pass,
ketone_03_c0.05_wA02,ketone_03_c0.05,ketone,3,0.05,A02,1,2,crops/ketone/ketone_03_c0.05/ketone_03_c0.05_wA02.png,72.3,159.533209,160.0,4.425097,5.0,106.293781,108.0,6.026538,7.0,90.862189,92.0,5.719406,7.0,0.430924,0.427451,0.02199,0.031373,0.62562,0.627451,0.017353,0.019608,13.06007,1.598561,0.999611,0.225885,0.973755,0.44762,0.44507,0.297843,0.298913,0.254537,0.254848,118.896393,119.666667,147.0,112.0,118.0,13.0,-4.0,-26.0,1.088435,0.964286,0.779661,8040,8040,0,0.0,1.0,0.0,3972,pass,
ketone_03_c0.05_wA03,ketone_03_c0.05,ketone,3,0.05,A03,1,3,crops/ketone/ketone_03_c0.05/ketone_03_c0.05_wA03.png,79.2,164.634679,164.0,4.405175,5.0,105.603623,106.0,5.61672,7.0,78.91501,79.0,5.640537,7.0,0.521136,0.521569,0.024039,0.035294,0.645626,0.643137,0.017275,0.019608,18.915528,1.496335,0.999659,0.324063,0.945675,0.471883,0.47191,0.30234,0.303258,0.225777,0.225352,116.384438,116.0,184.0,181.0,182.0,-20.0,-75.0,-103.0,0.891304,0.585635,0.434066,9660,9660,0,0.0,1.0,0.0,4784,pass,
ketone_03_c0.05_wA04,ketone_03_c0.05,ketone,3,0.05,A04,1,4,crops/ketone/ketone_03_c0.05/ketone_03_c0.05_wA04.png,79.2,165.371014,165.0,5.007223,5.0,106.299275,106.0,6.835359,9.0,80.07205,80.0,8.265696,12.0,0.516626,0.513725,0.038642,0.062745,0.648514,0.647059,0.019636,0.019608,18.544104,1.593181,0.999613,0.317912,0.947713,0.47085,0.468391,0.302068,0.302857,0.227082,0.228814,117.247447,117.0,185.0,182.0,185.0,-20.0,-76.0,-105.0,0.891892,0.582418,0.432432,9660,9660,0,0.0,1.0,0.0,4784,pass,
ketone_03_c0.05_wA05,ketone_03_c0.05,ketone,3,0.05,A05,1,5,crops/ketone/ketone_03_c0.05/ketone_03_c0.05_wA05.png,82.2,162.590804,163.0,5.747972,5.0,102.826856,103.0,8.390172,9.0,80.814736,81.0,7.045455,8.0,0.503675,0.498039,0.030718,0.043137,0.637611,0.639216,0.022541,0.019608,16.217998,2.616256,0.998958,0.279002,0.959205,0.470306,0.467049,0.2966,0.298592,0.233093,0.233803,115.410799,115.666667,184.0,183.0,186.0,-21.0,-80.0,-105.0,0.88587,0.562842,0.435484,10396,10396,0,0.0,1.0,0.0,5144,pass,
ketone_03_c0.05_wA06,ketone_03_c0.05,ketone,3,0.05,A06,1,6,crops/ketone/ketone_03_c0.05/ketone_03_c0.05_wA06.png,72.3,161.575,162.0,4.609297,5.0,102.12301,103.0,6.446887,7.0,82.335075,83.0,6.622359,8.0,0.490965,0.482353,0.030994,0.047059,0.633627,0.635294,0.018076,0.019608,15.271967,1.682283,0.999569,0.263288,0.964271,0.46747,0.463557,0.294925,0.296512,0.237605,0.239884,115.344362,115.666667,166.0,145.0,150.0,-4.0,-42.0,-67.0,0.975904,0.710345,0.553333,8040,8040,0,0.0,1.0,0.0,3972,pass,
ketone_03_c0.05_wA07,ketone_03_c0.05,ketone,3,0.05,A07,1,7,crops/ketone/ketone_03_c0.05/ketone_03_c0.05_wA07.png,78.3,165.280338,165.0,4.864752,6.0,106.694926,106.0,6.649545,10.0,84.34482,85.0,6.384005,9.0,0.490199,0.486275,0.028763,0.047059,0.648158,0.647059,0.019077,0.023529,16.734361,2.081485,0.99934,0.287745,0.957018,0.464301,0.461326,0.299247,0.29972,0.236452,0.237838,118.773362,118.333333,186.0,183.0,186.0,-21.0,-77.0,-101.0,0.887097,0.579235,0.456989,9460,9460,0,0.0,1.0,0.0,4680,pass,
ketone_03_c0.05_wA08,ketone_03_c0.05,ketone,3,0.05,A08,1,8,crops/ketone/ketone_03_c0.05/ketone_03_c0.05_wA08.png,78.0,162.867264,163.0,5.639842,6.0,104.300043,104.0,7.179682,8.0,87.10382,87.0,6.107918,7.0,0.465721,0.462745,0.02045,0.027451,0.638695,0.639216,0.022117,0.023529,13.958228,2.114855,0.999319,0.24105,0.969811,0.460167,0.458924,0.294172,0.295652,0.245661,0.245856,118.090376,117.666667,187.0,182.0,184.0,-24.0,-78.0,-97.0,0.871658,0.571429,0.472826,9372,9372,0,0.0,1.0,0.0,4616,pass,
ketone_03_c0.05_wA09,ketone_03_c0.05,ketone,3,0.05,A09,1,9,crops/ketone/ketone_03_c0.05/ketone_03_c0.05_wA09.png,74.1,166.720804,167.0,5.143181,5.0,105.384161,105.0,7.862211,10.0,85.519858,85.0,6.439073,9.0,0.487596,0.486275,0.026651,0.043137,0.653807,0.654902,0.020169,0.019608,14.895928,2.542684,0.999016,0.256811,0.965443,0.46676,0.466102,0.294347,0.295265,0.238893,0.239669,119.208274,119.0,174.0,156.0,159.0,-7.0,-51.0,-74.0,0.95977,0.673077,0.534591,8460,8460,0,0.0,1.0,0.0,4192,pass,
ketone_03_c0.05_wA10,ketone_03_c0.05,ketone,3,0.05,A10,1,10,crops/ketone/ketone_03_c0.05/ketone_03_c0.05_wA10.png,80.1,166.76832,167.0,3.653913,5.0,104.428745,105.0,4.324465,6.0,88.33664,88.0,3.828938,5.0,0.470589,0.470588,0.014105,0.015686,0.653993,0.654902,0.014329,0.019608,12.444847,1.92894,0.999433,0.215378,0.975951,0.463987,0.463483,0.290384,0.291908,0.245629,0.245232,119.844568,120.0,189.0,184.0,185.0,-22.0,-79.0,-97.0,0.883598,0.570652,0.475676,9880,9880,0,0.0,1.0,0.0,4940,pass,
ketone_03_c0.05_wA11,ketone_03_c0.05,ketone,3,0.05,A11,1,11,crops/ketone/ketone_03_c0.05/ketone_03_c0.05_wA11.png,79.2,166.02236,166.0,4.02702,6.0,102.430435,102.0,6.218654,9.0,88.87381,89.0,4.662981,6.0,0.465139,0.462745,0.016884,0.019608,0.651068,0.65098,0.015792,0.023529,10.631498,1.996347,0.999393,0.18438,0.982238,0.464943,0.464789,0.28644,0.287749,0.248618,0.248634,119.108868,118.666667,186.0,180.0,181.0,-20.0,-78.0,-92.0,0.892473,0.566667,0.491713,9660,9660,0,0.0,1.0,0.0,4784,pass,
ketone_03_c0.05_wA12,ketone_03_c0.05,ketone,3,0.05,A12,1,12,crops/ketone/ketone_03_c0.05/ketone_03_c0.05_wA12.png,86.1,162.355328,163.0,4.331777,5.0,98.996758,100.0,6.263247,8.0,86.152734,87.0,4.055724,5.0,0.469636,0.470588,0.0135,0.019608,0.636688,0.639216,0.016987,0.019608,10.314742,2.731336,0.998864,0.178852,0.982722,0.467486,0.466102,0.284633,0.286136,0.247882,0.247813,115.83494,116.666667,187.0,188.0,190.0,-24.0,-88.0,-103.0,0.871658,0.531915,0.457895,11412,11412,0,0.0,1.0,0.0,5700,pass,
ketone_03_c0.05_wB01,ketone_03_c0.05,ketone,3,0.05,B01,2,1,crops/ketone/ketone_03_c0.05/ketone_03_c0.05_wB01.png,77.1,163.238557,163.0,4.094231,4.0,108.715562,109.0,5.428958,7.0,86.01177,86.0,4.404448,4.0,0.473398,0.47451,0.015781,0.019608,0.640151,0.639216,0.016056,0.015686,17.406923,1.698702,0.999561,0.299025,0.953785,0.456239,0.456091,0.303581,0.303207,0.24018,0.240437,119.321963,119.333333,180.0,172.0,174.0,-17.0,-63.0,-88.0,0.905556,0.633721,0.494253,9176,9176,0,0.0,1.0,0.0,4520,pass,
ketone_03_c0.05_wB02,ketone_03_c0.05,ketone,3,0.05,B02,2,2,crops/ketone/ketone_03_c0.05/ketone_03_c0.05_wB02.png,85.8,163.636749,163.0,6.444259,6.0,107.467756,107.0,7.948433,7.0,87.193463,87.0,5.949822,6.0,0.467685,0.470588,0.017723,0.019608,0.641713,0.639216,0.025272,0.023529,15.913473,2.840987,0.998771,0.273849,0.960495,0.457106,0.457143,0.299653,0.30117,0.243241,0.243017,119.432656,119.0,187.0,186.0,189.0,-24.0,-79.0,-102.0,0.871658,0.575269,0.460317,11320,11320,0,0.0,1.0,0.0,5616,pass,
ketone_03_c0.05_wB03,ketone_03_c0.05,ketone,3,0.05,B03,2,3,crops/ketone/ketone_03_c0.05/ketone_03_c0.05_wB03.png,82.5,172.070393,173.0,7.578057,10.0,114.161198,114.0,8.527687,12.0,81.659958,82.0,6.267172,9.0,0.526055,0.52549,0.019525,0.023529,0.674786,0.678431,0.029718,0.039216,21.630895,2.137406,0.999304,0.368369,0.928931,0.468155,0.467742,0.310051,0.309896,0.221795,0.221557,122.630516,123.0,187.0,186.0,188.0,-14.0,-72.0,-106.0,0.925134,0.612903,0.43617,10484,10484,0,0.0,1.0,0.0,5196,pass,
ketone_03_c0.05_wB04,ketone_03_c0.05,ketone,3,0.05,B04,2,4,crops/ketone/ketone_03_c0.05/ketone_03_c0.05_wB04.png,77.1,172.398104,173.0,6.415118,9.0,113.737576,115.0,7.66777,11.0,80.723736,81.0,6.096405,8.0,0.532363,0.533333,0.021662,0.027451,0.676071,0.678431,0.025157,0.035294,21.813693,2.121897,0.999314,0.371335,0.927761,0.470357,0.469333,0.309813,0.31044,0.21983,0.219638,122.286472,123.0,188.0,183.0,185.0,-15.0,-68.0,-104.0,0.920213,0.628415,0.437838,9176,9176,0,0.0,1.0,0.0,4520,pass,
ketone_03_c0.05_wB05,ketone_03_c0.05,ketone,3,0.05,B05,2,5,crops/ketone/ketone_03_c0.05/ketone_03_c0.05_wB05.png,78.0,167.111289,167.0,5.712796,7.0,105.211374,106.0,7.18142,10.0,79.129108,79.0,5.892241,8.0,0.527068,0.52549,0.021918,0.027451,0.655338,0.654902,0.022403,0.027451,17.83909,2.188592,0.999271,0.306121,0.951226,0.475932,0.474719,0.299133,0.300885,0.224935,0.224658,117.15059,117.333333,187.0,183.0,187.0,-20.0,-77.0,-108.0,0.893048,0.579235,0.42246,9372,9372,0,0.0,1.0,0.0,4616,pass,
ketone_03_c0.05_wB06,ketone_03_c0.05,ketone,3,0.05,B06,2,6,crops/ketone/ketone_03_c0.05/ketone_03_c0.05_wB06.png,80.7,170.5459,171.0,7.602466,11.0,112.7411,114.0,10.202572,16.0,82.4543,83.0,7.381091,11.0,0.517417,0.513725,0.025261,0.035294,0.668807,0.670588,0.029814,0.043137,20.737325,2.866057,0.99875,0.353641,0.934044,0.467051,0.464935,0.307786,0.309659,0.225162,0.225464,121.913767,122.666667,189.0,187.0,191.0,-18.0,-73.0,-108.0,0.904762,0.609626,0.434555,10000,10000,0,0.0,1.0,0.0,5008,pass,
ketone_03_c0.05_wB07,ketone_03_c0.05,ketone,3,0.05,B07,2,7,crops/ketone/ketone_03_c0.05/ketone_03_c0.05_wB07.png,75.6,172.616879,174.0,7.468628,10.0,118.336779,120.0,9.891279,14.0,89.515561,90.0,8.094757,12.0,0.48212,0.478431,0.032964,0.05098,0.676929,0.682353,0.029289,0.039216,20.692428,3.726501,0.997887,0.352605,0.933514,0.454327,0.453083,0.310662,0.313316,0.235011,0.236181,126.823073,128.0,187.0,180.0,184.0,-13.0,-60.0,-94.0,0.930481,0.666667,0.48913,8804,8804,0,0.0,1.0,0.0,4384,pass,
ketone_03_c0.05_wB08,ketone_03_c0.05,ketone,3,0.05,B08,2,8,crops/ketone/ketone_03_c0.05/ketone_03_c0.05_wB08.png,82.2,169.654963,171.0,7.346527,10.0,111.823394,113.0,10.030723,15.0,91.816853,92.0,8.044552,12.0,0.459627,0.458824,0.028837,0.047059,0.665314,0.670588,0.02881,0.039216,15.459545,3.140299,0.998499,0.266158,0.962372,0.455223,0.453782,0.299101,0.300813,0.245676,0.246154,124.431737,125.333333,191.0,189.0,192.0,-20.0,-76.0,-100.0,0.895288,0.597884,0.479167,10396,10396,0,0.0,1.0,0.0,5144,pass,
ketone_03_c0.05_wB09,ketone_03_c0.05,ketone,3,0.05,B09,2,9,crops/ketone/ketone_03_c0.05/ketone_03_c0.05_wB09.png,82.5,174.148703,176.0,7.000008,10.0,115.784624,118.0,9.046415,14.0,87.858356,88.0,6.822382,9.0,0.496079,0.498039,0.024842,0.031373,0.682936,0.690196,0.027451,0.039216,19.549018,3.292618,0.99835,0.334061,0.940801,0.461468,0.459948,0.306144,0.308123,0.232388,0.231608,125.930561,127.0,193.5,190.0,192.0,-17.5,-72.0,-104.0,0.909561,0.621053,0.458333,10484,10484,0,0.0,1.0,0.0,5196,pass,
ketone_03_c0.05_wB10,ketone_03_c0.05,ketone,3,0.05,B10,2,10,crops/ketone/ketone_03_c0.05/ketone_03_c0.05_wB10.png,82.2,166.238169,166.0,4.340725,4.0,100.101674,100.0,5.335525,6.0,79.582436,79.0,4.553541,5.0,0.52158,0.521569,0.017354,0.019608,0.651914,0.65098,0.017022,0.015686,14.489973,1.88545,0.999459,0.250075,0.967667,0.480823,0.48105,0.289238,0.290598,0.229939,0.230114,115.307426,115.0,193.0,191.0,192.0,-27.0,-91.0,-113.0,0.860104,0.52356,0.411458,10396,10396,0,0.0,1.0,0.0,5144,pass,
ketone_03_c0.05_wB11,ketone_03_c0.05,ketone,3,0.05,B11,2,11,crops/ketone/ketone_03_c0.05/ketone_03_c0.05_wB11.png,76.8,166.869128,166.0,11.901901,7.0,92.172986,91.0,17.419829,11.0,82.402343,74.0,24.848113,8.0,0.526483,0.54902,0.07828,0.054902,0.654389,0.65098,0.046674,0.027451,6.860273,9.354683,0.98676,0.117867,0.979695,0.493095,0.501587,0.268998,0.271605,0.237907,0.226471,113.814819,110.0,192.0,186.0,190.0,-26.0,-95.0,-116.0,0.864583,0.489247,0.389474,9080,9047,33,0.003634,0.996366,0.0,4480,pass,
ketone_03_c0.05_wB12,ketone_03_c0.05,ketone,3,0.05,B12,2,12,crops/ketone/ketone_03_c0.05/ketone_03_c0.05_wB12.png,80.1,167.370243,167.0,3.890397,4.0,107.490891,107.0,5.046777,6.0,90.723988,91.0,4.615305,6.0,0.458251,0.458824,0.019028,0.027451,0.656354,0.654902,0.015256,0.015686,13.242536,2.201441,0.999262,0.228905,0.972691,0.458018,0.4573,0.293921,0.294278,0.248062,0.247978,121.861707,121.666667,190.0,187.0,190.0,-23.0,-80.0,-99.0,0.878947,0.572193,0.478947,9880,9880,0,0.0,1.0,0.0,4940,pass,
ketone_03_c0.05_wC01,ketone_03_c0.05,ketone,3,0.05,C01,3,1,crops/ketone/ketone_03_c0.05/ketone_03_c0.05_wC01.png,81.0,169.241403,169.0,6.191886,9.0,117.639229,118.0,7.852254,11.0,89.589526,90.0,7.119692,11.0,0.471356,0.466667,0.025725,0.039216,0.663692,0.662745,0.024282,0.035294,20.85384,2.011916,0.999384,0.355766,0.933916,0.450022,0.449086,0.312293,0.313514,0.237685,0.23822,125.490053,125.333333,188.0,187.0,190.0,-19.0,-69.0,-100.0,0.898936,0.631016,0.473684,10120,10120,0,0.0,1.0,0.0,5008,pass,
ketone_03_c0.05_wC02,ketone_03_c0.05,ketone,3,0.05,C02,3,2,crops/ketone/ketone_03_c0.05/ketone_03_c0.05_wC02.png,80.4,168.719027,170.0,6.554746,10.0,113.763576,115.0,7.31281,10.0,90.331054,91.0,6.601748,9.0,0.46531,0.462745,0.019787,0.027451,0.661643,0.666667,0.025705,0.039216,17.998413,1.547533,0.999635,0.308878,0.950718,0.452949,0.451613,0.304991,0.306452,0.24206,0.242268,124.271219,125.0,190.0,188.0,190.0,-20.0,-73.0,-99.0,0.894737,0.611702,0.478947,9944,9944,0,0.0,1.0,0.0,4928,pass,
ketone_03_c0.05_wC03,ketone_03_c0.05,ketone,3,0.05,C03,3,3,crops/ketone/ketone_03_c0.05/ketone_03_c0.05_wC03.png,78.6,179.713084,180.0,6.770793,8.0,126.201515,128.0,8.912135,12.0,92.651662,93.0,7.011097,8.0,0.485172,0.482353,0.022339,0.027451,0.704757,0.705882,0.026552,0.031373,23.010899,2.04163,0.999365,0.390658,0.919846,0.451395,0.450249,0.316385,0.317136,0.23222,0.232558,132.85542,134.0,193.0,189.0,193.0,-13.0,-61.0,-100.0,0.932642,0.677249,0.481865,9508,9508,0,0.0,1.0,0.0,4744,pass,
ketone_03_c0.05_wC04,ketone_03_c0.05,ketone,3,0.05,C04,3,4,crops/ketone/ketone_03_c0.05/ketone_03_c0.05_wC04.png,78.9,178.011178,179.0,5.74316,7.0,120.685646,121.0,7.075049,9.0,89.919662,90.0,6.389529,8.0,0.495474,0.494118,0.022936,0.031373,0.698083,0.701961,0.022522,0.027451,21.253463,1.948666,0.999422,0.362285,0.931447,0.458436,0.457213,0.310409,0.310433,0.231155,0.231362,129.538829,130.0,193.0,190.0,194.0,-14.0,-69.0,-104.0,0.927461,0.636842,0.463918,9572,9572,0,0.0,1.0,0.0,4744,pass,
ketone_03_c0.05_wC05,ketone_03_c0.05,ketone,3,0.05,C05,3,5,crops/ketone/ketone_03_c0.05/ketone_03_c0.05_wC05.png,78.0,174.835574,176.0,6.765157,10.0,115.170721,116.0,8.847096,14.0,87.149168,88.0,6.935772,10.0,0.502429,0.501961,0.021611,0.031373,0.68563,0.690196,0.02653,0.039216,19.122365,2.197043,0.999265,0.327346,0.944127,0.464129,0.463542,0.305064,0.305699,0.230807,0.230986,125.718488,126.333333,192.0,190.0,194.0,-16.0,-74.0,-106.0,0.916667,0.610526,0.453608,9372,9372,0,0.0,1.0,0.0,4616,pass,
ketone_03_c0.05_wC06,ketone_03_c0.05,ketone,3,0.05,C06,3,6,crops/ketone/ketone_03_c0.05/ketone_03_c0.05_wC06.png,78.3,175.834461,177.0,7.617666,10.0,121.961205,123.0,10.23654,13.0,88.184884,89.0,7.263084,9.0,0.499339,0.498039,0.02283,0.031373,0.689547,0.694118,0.029873,0.039216,23.012226,3.106427,0.998531,0.390353,0.91907,0.456156,0.455,0.315598,0.316456,0.228246,0.22807,128.660183,130.0,191.0,189.0,192.0,-14.0,-66.0,-103.0,0.926702,0.650794,0.463542,9460,9460,0,0.0,1.0,0.0,4680,pass,
ketone_03_c0.05_wC07,ketone_03_c0.05,ketone,3,0.05,C07,3,7,crops/ketone/ketone_03_c0.05/ketone_03_c0.05_wC07.png,80.1,172.003138,173.0,7.576619,10.0,113.607591,115.0,10.338774,15.0,86.253036,87.0,7.583806,11.0,0.499565,0.498039,0.023987,0.031373,0.674522,0.678431,0.029712,0.039216,19.303154,2.895702,0.998724,0.330144,0.942578,0.463315,0.461741,0.305041,0.307087,0.231645,0.232558,123.954588,124.666667,192.0,191.0,194.0,-19.0,-76.0,-107.0,0.901042,0.602094,0.448454,9880,9880,0,0.0,1.0,0.0,4940,pass,
ketone_03_c0.05_wC08,ketone_03_c0.05,ketone,3,0.05,C08,3,8,crops/ketone/ketone_03_c0.05/ketone_03_c0.05_wC08.png,74.4,169.520667,170.0,7.373494,10.0,105.940348,106.0,8.66036,11.0,92.131047,92.0,7.085051,11.0,0.457319,0.454902,0.019832,0.027451,0.664787,0.666667,0.028916,0.039216,10.970156,2.559686,0.999003,0.190108,0.980747,0.461711,0.460705,0.287861,0.288889,0.250428,0.250667,122.530687,122.333333,188.0,175.0,178.0,-18.0,-69.0,-86.0,0.904255,0.605714,0.516854,8516,8516,0,0.0,1.0,0.0,4208,pass,
ketone_03_c0.05_wC09,ketone_03_c0.05,ketone,3,0.05,C09,3,9,crops/ketone/ketone_03_c0.05/ketone_03_c0.05_wC09.png,79.5,173.957699,175.0,6.384255,9.0,111.687834,113.0,8.117373,13.0,84.063709,85.0,5.945958,8.0,0.51743,0.513725,0.017987,0.023529,0.682187,0.686275,0.025036,0.035294,18.555324,2.465762,0.999074,0.317926,0.947139,0.470988,0.469945,0.301813,0.303621,0.227199,0.22739,123.236414,124.0,194.0,191.0,194.0,-19.0,-78.0,-109.0,0.902062,0.591623,0.438144,9716,9716,0,0.0,1.0,0.0,4856,pass,
ketone_03_c0.05_wC10,ketone_03_c0.05,ketone,3,0.05,C10,3,10,crops/ketone/ketone_03_c0.05/ketone_03_c0.05_wC10.png,79.2,176.285507,177.0,5.997209,7.0,116.75383,118.0,7.779895,10.0,92.288716,93.0,5.865096,7.0,0.476975,0.478431,0.01734,0.023529,0.691316,0.694118,0.023518,0.027451,17.857582,2.32361,0.999178,0.3064,0.951039,0.457874,0.457143,0.302761,0.303665,0.239365,0.239583,128.442685,129.0,196.0,193.0,195.0,-19.0,-75.0,-102.0,0.903061,0.611399,0.476923,9660,9660,0,0.0,1.0,0.0,4784,pass,
ketone_03_c0.05_wC11,ketone_03_c0.05,ketone,3,0.05,C11,3,11,crops/ketone/ketone_03_c0.05/ketone_03_c0.05_wC11.png,76.5,172.995674,173.0,6.055614,9.0,113.081411,113.0,7.720985,12.0,87.558341,88.0,5.970418,9.0,0.494525,0.494118,0.018157,0.023529,0.678414,0.678431,0.023748,0.035294,18.12971,2.155374,0.999293,0.310949,0.949682,0.463417,0.463158,0.302418,0.302799,0.234164,0.234463,124.545142,124.666667,191.0,184.0,186.0,-18.0,-71.0,-98.0,0.905759,0.61413,0.473118,9016,9016,0,0.0,1.0,0.0,4512,pass,
ketone_03_c0.05_wC12,ketone_03_c0.05,ketone,3,0.05,C12,3,12,crops/ketone/ketone_03_c0.05/ketone_03_c0.05_wC12.png,81.6,170.798519,171.0,5.770076,6.0,113.336224,114.0,7.958759,10.0,91.109314,91.0,6.274736,7.0,0.467067,0.466667,0.020606,0.019608,0.669798,0.670588,0.022628,0.023529,16.772837,2.588875,0.99898,0.288283,0.95648,0.455585,0.45491,0.301772,0.303477,0.242643,0.242667,125.081352,125.333333,193.0,193.0,196.0,-22.0,-79.0,-105.0,0.88601,0.590674,0.464286,10264,10264,0,0.0,1.0,0.0,5072,pass,
ketone_03_c0.05_wD01,ketone_03_c0.05,ketone,3,0.05,D01,4,1,crops/ketone/ketone_03_c0.05/ketone_03_c0.05_wD01.png,74.1,173.483688,174.0,5.994292,7.0,121.566194,122.0,6.67703,8.0,92.305201,93.0,6.037334,7.0,0.468396,0.466667,0.018803,0.023529,0.680328,0.682353,0.023507,0.027451,21.4316,1.306312,0.99974,0.365295,0.930613,0.448163,0.447301,0.313734,0.314286,0.238103,0.238693,129.118361,129.666667,182.0,174.0,178.0,-8.0,-52.0,-85.0,0.956044,0.701149,0.522472,8460,8460,0,0.0,1.0,0.0,4192,pass,
ketone_03_c0.05_wD02,ketone_03_c0.05,ketone,3,0.05,D02,4,2,crops/ketone/ketone_03_c0.05/ketone_03_c0.05_wD02.png,78.3,170.229915,170.0,6.588742,9.0,118.357611,119.0,7.547616,9.0,91.612474,92.0,6.705472,8.0,0.462521,0.462745,0.02051,0.027451,0.667568,0.666667,0.025838,0.035294,20.078693,1.842911,0.999483,0.343133,0.938736,0.448123,0.447028,0.311152,0.312169,0.240725,0.240741,126.733333,127.333333,192.0,188.0,192.0,-22.0,-69.0,-100.0,0.885417,0.632979,0.479167,9460,9460,0,0.0,1.0,0.0,4680,pass,
ketone_03_c0.05_wD03,ketone_03_c0.05,ketone,3,0.05,D03,4,3,crops/ketone/ketone_03_c0.05/ketone_03_c0.05_wD03.png,79.2,179.230538,180.0,6.13286,7.0,124.765735,125.0,7.27232,10.0,90.180538,90.0,6.355294,8.0,0.497389,0.498039,0.022066,0.027451,0.702865,0.705882,0.02405,0.027451,23.210406,1.574799,0.999622,0.39396,0.918717,0.455037,0.454082,0.316388,0.317191,0.228576,0.228155,131.392271,131.666667,193.0,192.0,196.0,-13.0,-67.0,-106.0,0.932642,0.651042,0.459184,9660,9660,0,0.0,1.0,0.0,4784,pass,
ketone_03_c0.05_wD04,ketone_03_c0.05,ketone,3,0.05,D04,4,4,crops/ketone/ketone_03_c0.05/ketone_03_c0.05_wD04.png,84.3,174.462591,176.0,7.750434,11.0,114.768978,117.0,10.077605,14.0,88.144526,89.0,7.557161,10.0,0.495696,0.490196,0.024516,0.031373,0.684167,0.690196,0.030394,0.043137,18.611873,2.871597,0.998745,0.318755,0.946513,0.463009,0.460838,0.303693,0.305913,0.233298,0.233766,125.792032,127.333333,193.0,195.0,200.0,-17.0,-78.0,-111.0,0.911917,0.6,0.445,10960,10960,0,0.0,1.0,0.0,5432,pass,
ketone_03_c0.05_wD05,ketone_03_c0.05,ketone,3,0.05,D05,4,5,crops/ketone/ketone_03_c0.05/ketone_03_c0.05_wD05.png,75.3,178.774943,179.0,6.369104,7.0,124.218421,125.0,7.590416,8.0,90.149199,91.0,6.535097,7.0,0.496388,0.494118,0.022209,0.027451,0.701078,0.701961,0.024977,0.027451,23.093505,2.133356,0.999307,0.391961,0.919229,0.455097,0.453846,0.315816,0.316804,0.229087,0.228916,131.047521,131.666667,191.0,182.0,186.0,-12.0,-57.0,-95.0,0.937173,0.686813,0.489247,8740,8740,0,0.0,1.0,0.0,4328,pass,
ketone_03_c0.05_wD06,ketone_03_c0.05,ketone,3,0.05,D06,4,6,crops/ketone/ketone_03_c0.05/ketone_03_c0.05_wD06.png,79.2,177.971014,178.0,6.377934,7.0,121.345445,122.0,8.382338,10.0,92.165631,92.0,6.099969,8.0,0.482679,0.482353,0.019134,0.023529,0.697926,0.698039,0.025012,0.027451,20.553908,3.077094,0.998559,0.350583,0.934993,0.454987,0.453865,0.309713,0.311758,0.2353,0.234848,130.49403,131.0,195.0,192.0,197.0,-17.0,-70.0,-105.0,0.912821,0.635417,0.467005,9660,9660,0,0.0,1.0,0.0,4784,pass,
ketone_03_c0.05_wD07,ketone_03_c0.05,ketone,3,0.05,D07,4,7,crops/ketone/ketone_03_c0.05/ketone_03_c0.05_wD07.png,78.6,178.12379,179.0,6.735861,9.0,117.112958,119.0,9.480327,14.0,86.021771,86.0,8.267334,11.0,0.517995,0.517647,0.031694,0.047059,0.698525,0.701961,0.026415,0.035294,20.227889,2.694609,0.998895,0.345373,0.937288,0.467957,0.466667,0.306845,0.308707,0.225198,0.225564,127.086173,128.0,194.0,190.0,194.0,-15.0,-71.0,-108.0,0.92268,0.626316,0.443299,9508,9508,0,0.0,1.0,0.0,4744,pass,
ketone_03_c0.05_wD08,ketone_03_c0.05,ketone,3,0.05,D08,4,8,crops/ketone/ketone_03_c0.05/ketone_03_c0.05_wD08.png,79.5,172.09438,172.0,7.000312,9.0,104.94226,105.0,8.466755,12.0,88.777583,89.0,6.787414,9.0,0.484909,0.486275,0.019705,0.027451,0.67488,0.67451,0.027452,0.035294,11.843796,2.441812,0.999092,0.205058,0.977822,0.471011,0.470752,0.28653,0.287671,0.242458,0.242588,121.938075,121.666667,197.0,194.0,198.0,-25.0,-89.0,-109.0,0.873096,0.541237,0.449495,9716,9716,0,0.0,1.0,0.0,4856,pass,
ketone_03_c0.05_wD09,ketone_03_c0.05,ketone,3,0.05,D09,4,9,crops/ketone/ketone_03_c0.05/ketone_03_c0.05_wD09.png,78.3,180.4963,181.0,6.130874,6.0,120.805285,121.0,8.087584,10.0,88.345137,89.0,5.695554,6.0,0.511058,0.509804,0.017444,0.019608,0.707829,0.709804,0.024043,0.023529,21.158518,2.565577,0.998998,0.360588,0.931651,0.463606,0.462725,0.309795,0.310433,0.226599,0.226601,129.882241,130.333333,198.0,194.0,198.0,-17.0,-73.0,-109.0,0.914141,0.623711,0.449495,9460,9460,0,0.0,1.0,0.0,4680,pass,
ketone_03_c0.05_wD10,ketone_03_c0.05,ketone,3,0.05,D10,4,10,crops/ketone/ketone_03_c0.05/ketone_03_c0.05_wD10.png,78.6,178.612958,180.0,6.439091,8.0,120.93353,122.0,8.506562,11.0,87.537968,88.0,6.038435,8.0,0.510403,0.509804,0.020546,0.023529,0.700443,0.705882,0.025251,0.031373,22.081295,2.649329,0.998932,0.37552,0.925661,0.461848,0.460358,0.31215,0.312668,0.226002,0.225641,129.028152,130.0,195.0,193.0,197.0,-15.0,-71.0,-109.0,0.923077,0.632124,0.446701,9508,9508,0,0.0,1.0,0.0,4744,pass,
ketone_03_c0.05_wD11,ketone_03_c0.05,ketone,3,0.05,D11,4,11,crops/ketone/ketone_03_c0.05/ketone_03_c0.05_wD11.png,73.5,177.199012,178.0,6.236156,7.0,121.338959,122.0,8.088565,10.0,91.787488,92.0,6.648373,8.0,0.482592,0.482353,0.022113,0.027451,0.694898,0.698039,0.024456,0.027451,21.003786,3.059261,0.998576,0.357919,0.932227,0.45437,0.453634,0.310667,0.313283,0.234963,0.234719,130.108486,130.666667,186.0,175.0,179.0,-8.0,-53.0,-87.0,0.956989,0.697143,0.513966,8296,8296,0,0.0,1.0,0.0,4124,pass,
ketone_03_c0.05_wD12,ketone_03_c0.05,ketone,3,0.05,D12,4,12,crops/ketone/ketone_03_c0.05/ketone_03_c0.05_wD12.png,80.1,173.937854,174.0,4.933278,6.0,119.020648,120.0,6.978798,10.0,89.296154,89.0,4.763022,6.0,0.486951,0.490196,0.017092,0.023529,0.682109,0.682353,0.019346,0.023529,21.142811,2.693704,0.998895,0.360295,0.931654,0.455294,0.455026,0.311168,0.313099,0.233538,0.233062,127.418219,127.666667,194.0,194.0,199.0,-20.0,-74.0,-110.0,0.896907,0.618557,0.447236,9880,9880,0,0.0,1.0,0.0,4940,pass,
ketone_03_c0.05_wE01,ketone_03_c0.05,ketone,3,0.05,E01,5,1,crops/ketone/ketone_03_c0.05/ketone_03_c0.05_wE01.png,81.9,172.837272,174.0,7.161302,8.0,122.602189,123.0,8.929484,12.0,90.231015,91.0,8.38612,11.0,0.478987,0.478431,0.030863,0.047059,0.677793,0.682353,0.028084,0.031373,23.664506,1.921801,0.999438,0.401155,0.915396,0.448788,0.447721,0.317691,0.318182,0.233521,0.233831,128.556826,129.333333,190.0,190.0,194.0,-16.0,-67.0,-103.0,0.915789,0.647368,0.469072,10324,10324,0,0.0,1.0,0.0,5136,pass,
ketone_03_c0.05_wE02,ketone_03_c0.05,ketone,3,0.05,E02,5,2,crops/ketone/ketone_03_c0.05/ketone_03_c0.05_wE02.png,80.1,174.226822,175.0,7.010307,9.0,122.249393,123.0,9.297357,12.0,96.835931,97.0,7.636312,10.0,0.445001,0.443137,0.023654,0.031373,0.683242,0.686275,0.027491,0.035294,19.563162,2.42191,0.999107,0.334547,0.941431,0.443526,0.44335,0.310532,0.311392,0.245942,0.246154,131.104049,132.0,192.0,191.0,195.0,-17.0,-68.0,-98.0,0.911458,0.643979,0.497436,9880,9880,0,0.0,1.0,0.0,4940,pass,
ketone_03_c0.05_wE03,ketone_03_c0.05,ketone,3,0.05,E03,5,3,crops/ketone/ketone_03_c0.05/ketone_03_c0.05_wE03.png,78.9,179.003865,180.0,7.069124,9.0,126.588905,127.0,8.669763,11.0,90.966883,91.0,7.733944,10.0,0.492718,0.490196,0.026135,0.035294,0.701976,0.705882,0.027722,0.035294,24.125118,1.888806,0.999457,0.408509,0.912159,0.451903,0.451984,0.319037,0.32,0.22906,0.22963,132.186551,132.333333,194.0,192.0,196.0,-14.0,-65.0,-105.0,0.927835,0.661458,0.464286,9572,9572,0,0.0,1.0,0.0,4744,pass,
ketone_03_c0.05_wE04,ketone_03_c0.05,ketone,3,0.05,E04,5,4,crops/ketone/ketone_03_c0.05/ketone_03_c0.05_wE04.png,80.7,179.3002,180.0,7.193739,8.0,124.4563,125.0,9.145408,11.0,94.296,95.0,7.427879,9.0,0.474907,0.47451,0.022606,0.031373,0.703138,0.705882,0.028211,0.031373,21.383587,2.394186,0.999127,0.364292,0.930348,0.450969,0.45,0.3124,0.313539,0.236631,0.236364,132.684167,133.333333,196.0,195.0,200.0,-16.0,-70.0,-105.0,0.918367,0.641026,0.475,10000,10000,0,0.0,1.0,0.0,5008,pass,
ketone_03_c0.05_wE05,ketone_03_c0.05,ketone,3,0.05,E05,5,5,crops/ketone/ketone_03_c0.05/ketone_03_c0.05_wE05.png,81.3,179.837166,180.0,6.513254,7.0,126.714721,128.0,8.109054,10.0,96.932193,97.0,7.024855,8.0,0.461614,0.458824,0.021604,0.027451,0.705244,0.705882,0.025542,0.027451,21.595822,2.323306,0.999178,0.367754,0.929039,0.446113,0.444988,0.313887,0.315522,0.24,0.240099,134.494693,135.0,197.0,196.0,201.0,-17.0,-68.0,-104.0,0.913706,0.653061,0.482587,10176,10176,0,0.0,1.0,0.0,5060,pass,
ketone_03_c0.05_wE06,ketone_03_c0.05,ketone,3,0.05,E06,5,6,crops/ketone/ketone_03_c0.05/ketone_03_c0.05_wE06.png,79.2,180.110766,181.0,8.104286,9.0,124.030745,126.0,10.098838,11.0,91.70383,93.0,7.668991,8.0,0.491667,0.490196,0.023818,0.027451,0.706317,0.709804,0.031782,0.035294,21.954675,2.844571,0.998768,0.373413,0.926338,0.455591,0.454094,0.312997,0.315657,0.231412,0.231771,131.948447,133.0,195.0,193.0,197.0,-14.0,-67.0,-104.0,0.928205,0.65285,0.472081,9660,9660,0,0.0,1.0,0.0,4784,pass,
ketone_03_c0.05_wE07,ketone_03_c0.05,ketone,3,0.05,E07,5,7,crops/ketone/ketone_03_c0.05/ketone_03_c0.05_wE07.png,80.4,184.18031,185.0,6.79489,7.0,130.740547,132.0,9.300617,11.0,95.748894,96.0,7.135371,8.0,0.480842,0.478431,0.021998,0.023529,0.722276,0.72549,0.026647,0.027451,23.55202,2.660142,0.998923,0.399151,0.91571,0.448982,0.447368,0.318099,0.320513,0.232919,0.233333,136.889917,137.666667,198.0,196.0,201.0,-13.0,-64.0,-105.0,0.934343,0.673469,0.477612,9944,9944,0,0.0,1.0,0.0,4928,pass,
ketone_03_c0.05_wE08,ketone_03_c0.05,ketone,3,0.05,E08,5,8,crops/ketone/ketone_03_c0.05/ketone_03_c0.05_wE08.png,76.2,179.366375,180.0,6.932766,7.0,125.292787,127.0,8.789763,10.0,103.635417,105.0,7.408842,8.0,0.42293,0.419608,0.021466,0.019608,0.703398,0.705882,0.027187,0.027451,16.967013,2.198848,0.999264,0.291606,0.955769,0.439778,0.437799,0.306629,0.308271,0.253593,0.254157,136.098193,137.333333,199.0,193.0,198.0,-19.0,-66.0,-93.0,0.904523,0.658031,0.530303,8928,8928,0,0.0,1.0,0.0,4432,pass,
ketone_03_c0.05_wE09,ketone_03_c0.05,ketone,3,0.05,E09,5,9,crops/ketone/ketone_03_c0.05/ketone_03_c0.05_wE09.png,81.6,185.420889,186.0,6.020358,7.0,129.66592,131.0,8.647394,11.0,94.443784,95.0,5.984339,7.0,0.491037,0.490196,0.017471,0.023529,0.727141,0.729412,0.023609,0.027451,23.240266,2.673027,0.998912,0.394159,0.917859,0.453163,0.451852,0.316365,0.31829,0.230472,0.230404,136.510197,136.666667,200.0,199.0,202.0,-14.0,-68.0,-107.0,0.93,0.658291,0.470297,10264,10264,0,0.0,1.0,0.0,5072,pass,
ketone_03_c0.05_wE10,ketone_03_c0.05,ketone,3,0.05,E10,5,10,crops/ketone/ketone_03_c0.05/ketone_03_c0.05_wE10.png,80.1,182.022874,182.0,6.511364,7.0,125.357591,126.0,8.822953,11.0,90.08583,90.0,6.48036,7.0,0.505661,0.505882,0.020459,0.023529,0.713815,0.713725,0.025535,0.027451,22.963897,2.891476,0.998727,0.389655,0.919579,0.4584,0.4575,0.315136,0.317073,0.226464,0.226144,132.488765,133.0,196.0,196.0,201.0,-14.0,-70.0,-111.0,0.928571,0.642857,0.447761,9880,9880,0,0.0,1.0,0.0,4940,pass,
ketone_03_c0.05_wE11,ketone_03_c0.05,ketone,3,0.05,E11,5,11,crops/ketone/ketone_03_c0.05/ketone_03_c0.05_wE11.png,80.1,179.5833,180.0,5.914775,8.0,125.511336,127.0,7.966762,11.0,92.368522,93.0,5.576276,7.0,0.486115,0.486275,0.017094,0.023529,0.704248,0.705882,0.023195,0.031373,22.778199,2.637593,0.998941,0.386755,0.921034,0.45214,0.451128,0.315566,0.316832,0.232294,0.232432,132.487719,133.333333,195.0,195.0,200.0,-15.0,-68.0,-107.0,0.923077,0.651282,0.465,9880,9880,0,0.0,1.0,0.0,4940,pass,
ketone_03_c0.05_wE12,ketone_03_c0.05,ketone,3,0.05,E12,5,12,crops/ketone/ketone_03_c0.05/ketone_03_c0.05_wE12.png,79.8,177.461617,177.0,4.97561,5.0,124.152103,124.0,7.315412,10.0,94.821866,95.0,5.328473,7.0,0.466039,0.466667,0.016821,0.023529,0.695928,0.694118,0.019512,0.019608,21.277909,2.578169,0.998988,0.362525,0.930888,0.447941,0.448363,0.31298,0.315,0.239079,0.239075,132.145195,132.0,195.0,196.0,201.0,-18.0,-72.0,-106.0,0.907692,0.632653,0.472637,9796,9796,0,0.0,1.0,0.0,4864,pass,
ketone_03_c0.05_wF01,ketone_03_c0.05,ketone,3,0.05,F01,6,1,crops/ketone/ketone_03_c0.05/ketone_03_c0.05_wF01.png,80.1,177.869433,178.0,6.140754,7.0,124.008198,125.0,7.696181,9.0,91.555466,92.0,7.689769,10.0,0.486122,0.482353,0.02793,0.035294,0.697527,0.698039,0.024081,0.027451,22.667459,1.353082,0.999721,0.385275,0.9225,0.4526,0.451572,0.315062,0.31592,0.232337,0.232673,131.144366,131.666667,193.0,191.0,194.0,-15.0,-66.0,-102.0,0.92228,0.65445,0.474227,9880,9880,0,0.0,1.0,0.0,4940,pass,
ketone_03_c0.05_wF02,ketone_03_c0.05,ketone,3,0.05,F02,6,2,crops/ketone/ketone_03_c0.05/ketone_03_c0.05_wF02.png,81.0,175.740711,177.0,6.649687,8.0,123.199407,125.0,8.313518,10.0,99.929051,101.0,7.410687,9.0,0.432128,0.427451,0.022376,0.027451,0.689179,0.694118,0.026077,0.031373,18.137362,1.730391,0.999544,0.311154,0.94988,0.441059,0.439206,0.308669,0.309824,0.250272,0.251232,132.95639,134.333333,195.0,193.0,197.0,-18.0,-68.0,-96.0,0.907692,0.647668,0.51269,10120,10120,0,0.0,1.0,0.0,5008,pass,
ketone_03_c0.05_wF03,ketone_03_c0.05,ketone,3,0.05,F03,6,3,crops/ketone/ketone_03_c0.05/ketone_03_c0.05_wF03.png,78.6,184.990324,185.0,5.382597,6.0,132.505259,132.0,6.467588,7.0,99.435212,99.0,6.151699,8.0,0.462978,0.462745,0.019433,0.027451,0.725452,0.72549,0.021108,0.023529,23.179276,1.506027,0.999655,0.393473,0.91896,0.443946,0.444976,0.317736,0.317848,0.238318,0.238208,138.976932,138.333333,198.0,194.0,198.0,-13.0,-62.0,-99.0,0.934343,0.680412,0.5,9508,9508,0,0.0,1.0,0.0,4744,pass,
ketone_03_c0.05_wF04,ketone_03_c0.05,ketone,3,0.05,F04,6,4,crops/ketone/ketone_03_c0.05/ketone_03_c0.05_wF04.png,79.2,184.385404,185.0,5.944273,6.0,130.67236,131.0,6.891273,8.0,99.25911,99.0,5.792017,7.0,0.462136,0.462745,0.01663,0.019608,0.72308,0.72549,0.023311,0.023529,22.158635,1.853836,0.999477,0.376975,0.925658,0.445276,0.444976,0.315284,0.316547,0.239439,0.239437,138.105625,138.333333,198.0,194.0,199.0,-13.0,-63.0,-100.0,0.934343,0.675258,0.497487,9660,9660,0,0.0,1.0,0.0,4784,pass,
ketone_03_c0.05_wF05,ketone_03_c0.05,ketone,3,0.05,F05,6,5,crops/ketone/ketone_03_c0.05/ketone_03_c0.05_wF05.png,81.0,182.342688,183.0,7.184824,7.0,128.685079,129.0,8.637297,10.0,97.254644,98.0,7.933174,9.0,0.467489,0.466667,0.025241,0.031373,0.715069,0.717647,0.028176,0.027451,22.140531,2.062332,0.999352,0.376636,0.925662,0.447089,0.445813,0.315021,0.316425,0.237889,0.238342,136.094137,136.333333,198.0,198.0,203.0,-15.0,-69.0,-105.0,0.924242,0.651515,0.482759,10120,10120,0,0.0,1.0,0.0,5008,pass,
ketone_03_c0.05_wF06,ketone_03_c0.05,ketone,3,0.05,F06,6,6,crops/ketone/ketone_03_c0.05/ketone_03_c0.05_wF06.png,69.432,185.061288,185.0,7.432156,9.0,132.695717,134.0,9.064986,11.0,101.523303,102.0,7.836128,9.0,0.452142,0.447059,0.023351,0.031373,0.725731,0.72549,0.029146,0.035294,22.229454,2.29309,0.999199,0.378014,0.924935,0.441835,0.44,0.316291,0.317961,0.241874,0.242682,139.760102,140.333333,179.0,121.0,120.0,6.0,13.0,-18.0,1.03352,1.107438,0.85,7424,7424,0,0.0,1.0,0.0,3644,pass,
ketone_03_c0.05_wF07,ketone_03_c0.05,ketone,3,0.05,F07,6,7,crops/ketone/ketone_03_c0.05/ketone_03_c0.05_wF07.png,76.5,189.233252,189.0,6.671152,9.0,135.989241,136.0,9.144664,13.0,102.370563,103.0,7.340049,9.0,0.459648,0.458824,0.021924,0.023529,0.742091,0.741176,0.026161,0.035294,23.202096,2.476652,0.999066,0.393608,0.918263,0.442991,0.44213,0.317817,0.318945,0.239192,0.239631,142.531019,142.666667,200.0,195.0,199.0,-11.0,-59.0,-96.0,0.945,0.697436,0.517588,9016,9016,0,0.0,1.0,0.0,4512,pass,
ketone_03_c0.05_wF08,ketone_03_c0.05,ketone,3,0.05,F08,6,8,crops/ketone/ketone_03_c0.05/ketone_03_c0.05_wF08.png,77.4,185.559735,187.0,10.045576,10.0,135.061578,139.0,15.44175,14.0,133.527645,135.0,11.301441,12.0,0.293122,0.282353,0.04604,0.035294,0.727685,0.733333,0.039394,0.039216,1.576089,7.031293,0.992498,0.027298,0.992123,0.40957,0.406383,0.296501,0.301176,0.293928,0.293454,151.382986,153.333333,201.0,197.0,201.0,-14.0,-58.0,-66.0,0.930348,0.705584,0.671642,9224,9224,0,0.0,1.0,0.0,4600,pass,
ketone_03_c0.05_wF09,ketone_03_c0.05,ketone,3,0.05,F09,6,9,crops/ketone/ketone_03_c0.05/ketone_03_c0.05_wF09.png,72.3,189.9801,190.0,5.349441,8.0,136.696642,137.0,6.441288,10.0,99.227488,99.0,5.102152,7.0,0.477884,0.478431,0.015971,0.019608,0.74502,0.745098,0.020978,0.031373,24.770611,2.249373,0.99923,0.418664,0.907293,0.446235,0.446009,0.320867,0.322816,0.232898,0.232614,141.968076,142.0,191.0,174.0,177.0,-1.0,-37.0,-78.0,0.994764,0.787356,0.559322,8040,8040,0,0.0,1.0,0.0,3972,pass,
ketone_03_c0.05_wF10,ketone_03_c0.05,ketone,3,0.05,F10,6,10,crops/ketone/ketone_03_c0.05/ketone_03_c0.05_wF10.png,77.4,187.468886,188.0,6.296338,7.0,132.640069,133.0,8.210803,10.0,98.180291,98.0,6.760501,9.0,0.476727,0.47451,0.021223,0.027451,0.735172,0.737255,0.024692,0.027451,23.208798,2.041842,0.999365,0.393833,0.918491,0.448559,0.447433,0.316923,0.317757,0.234519,0.2343,139.429748,140.0,200.0,195.0,200.0,-12.0,-62.0,-102.0,0.94,0.682051,0.49,9224,9224,0,0.0,1.0,0.0,4600,pass,
ketone_03_c0.05_wF11,ketone_03_c0.05,ketone,3,0.05,F11,6,11,crops/ketone/ketone_03_c0.05/ketone_03_c0.05_wF11.png,76.5,184.088066,184.0,5.704437,7.0,128.758097,129.0,7.114956,8.0,93.689996,94.0,5.471659,6.0,0.491414,0.490196,0.016693,0.019608,0.721914,0.721569,0.02237,0.027451,23.269154,2.178821,0.999277,0.394765,0.917995,0.453081,0.452323,0.316579,0.317848,0.230341,0.230392,135.512053,135.666667,196.0,191.0,197.0,-12.0,-62.0,-103.0,0.938776,0.675393,0.477157,9016,9016,0,0.0,1.0,0.0,4512,pass,
ketone_03_c0.05_wF12,ketone_03_c0.05,ketone,3,0.05,F12,6,12,crops/ketone/ketone_03_c0.05/ketone_03_c0.05_wF12.png,78.0,181.440034,182.0,5.113639,6.0,128.705079,130.0,7.40604,10.0,100.0637,100.0,6.193985,8.0,0.448892,0.447059,0.021484,0.027451,0.71153,0.713725,0.020053,0.023529,21.071515,2.265361,0.999219,0.359252,0.932403,0.442646,0.440887,0.313586,0.315231,0.243768,0.244076,136.736271,137.333333,197.0,196.0,201.0,-15.0,-66.0,-101.0,0.923858,0.663265,0.497512,9372,9372,0,0.0,1.0,0.0,4616,pass,
ketone_03_c0.05_wG01,ketone_03_c0.05,ketone,3,0.05,G01,7,1,crops/ketone/ketone_03_c0.05/ketone_03_c0.05_wG01.png,78.9,181.370455,182.0,5.608039,7.0,129.126933,130.0,7.444703,11.0,99.48224,99.0,7.599816,11.0,0.452055,0.454902,0.029766,0.047059,0.711257,0.713725,0.021992,0.027451,21.816028,1.901887,0.999449,0.371423,0.927871,0.442807,0.443645,0.314828,0.315789,0.242365,0.241135,136.659876,137.0,195.0,192.0,195.0,-13.0,-62.0,-96.0,0.933333,0.677083,0.507692,9572,9572,0,0.0,1.0,0.0,4744,pass,
ketone_03_c0.05_wG02,ketone_03_c0.05,ketone,3,0.05,G02,7,2,crops/ketone/ketone_03_c0.05/ketone_03_c0.05_wG02.png,79.2,182.078882,183.0,5.755993,6.0,128.330745,129.0,7.4119,10.0,103.08882,104.0,6.916343,9.0,0.434434,0.431373,0.022311,0.027451,0.714035,0.717647,0.022573,0.023529,18.95065,1.951688,0.99942,0.324565,0.94525,0.440688,0.43932,0.310217,0.311005,0.249096,0.25,137.832816,138.333333,197.0,194.0,197.0,-14.0,-65.0,-93.0,0.928934,0.664948,0.527919,9660,9660,0,0.0,1.0,0.0,4784,pass,
ketone_03_c0.05_wG03,ketone_03_c0.05,ketone,3,0.05,G03,7,3,crops/ketone/ketone_03_c0.05/ketone_03_c0.05_wG03.png,78.0,184.668694,184.0,6.537151,7.0,133.237516,133.0,9.142114,11.0,94.736769,94.0,8.866232,12.0,0.487897,0.490196,0.033163,0.05098,0.724191,0.721569,0.025636,0.027451,25.561885,1.902972,0.999449,0.431248,0.901622,0.448169,0.447689,0.322705,0.322816,0.229126,0.228916,137.54766,137.0,200.0,194.0,198.0,-16.0,-61.0,-104.0,0.92,0.685567,0.474747,9372,9372,0,0.0,1.0,0.0,4616,pass,
ketone_03_c0.05_wG04,ketone_03_c0.05,ketone,3,0.05,G04,7,4,crops/ketone/ketone_03_c0.05/ketone_03_c0.05_wG04.png,73.8,189.095851,189.0,5.259174,7.0,134.856104,135.0,6.860811,9.0,104.521817,105.0,6.457788,8.0,0.447675,0.443137,0.022233,0.031373,0.741552,0.741176,0.020624,0.027451,21.454132,1.537708,0.99964,0.365625,0.930376,0.441624,0.440559,0.314628,0.314904,0.243748,0.24424,142.824591,143.0,195.0,176.0,182.0,-6.0,-41.0,-77.0,0.969231,0.767045,0.576923,8388,8388,0,0.0,1.0,0.0,4200,pass,
ketone_03_c0.05_wG05,ketone_03_c0.05,ketone,3,0.05,G05,7,5,crops/ketone/ketone_03_c0.05/ketone_03_c0.05_wG05.png,81.6,189.054657,189.0,5.549065,8.0,135.247077,136.0,6.823343,9.0,99.799591,100.0,6.11252,8.0,0.47244,0.470588,0.020683,0.027451,0.741391,0.741176,0.021761,0.031373,23.760441,1.856306,0.999475,0.402702,0.914758,0.446035,0.444965,0.318806,0.320197,0.235159,0.235431,141.367108,141.333333,203.0,203.0,208.0,-14.0,-67.0,-108.0,0.931034,0.669951,0.480769,10264,10264,0,0.0,1.0,0.0,5072,pass,
ketone_03_c0.05_wG06,ketone_03_c0.05,ketone,3,0.05,G06,7,6,crops/ketone/ketone_03_c0.05/ketone_03_c0.05_wG06.png,74.1,188.850591,189.0,6.944062,9.0,135.089835,135.0,9.106136,12.0,100.025059,101.0,9.249322,13.0,0.471005,0.466667,0.037361,0.058824,0.740591,0.741176,0.027232,0.035294,23.554906,2.957364,0.998669,0.399096,0.915457,0.445984,0.444191,0.318468,0.320293,0.235548,0.236607,141.321828,141.333333,198.0,190.0,196.0,-9.0,-55.0,-95.0,0.954545,0.710526,0.515306,8460,8460,0,0.0,1.0,0.0,4192,pass,
ketone_03_c0.05_wG07,ketone_03_c0.05,ketone,3,0.05,G07,7,7,crops/ketone/ketone_03_c0.05/ketone_03_c0.05_wG07.png,82.2,190.844075,191.0,6.732338,8.0,134.455752,135.0,9.155631,12.0,102.878511,103.0,8.781044,14.0,0.461615,0.458824,0.032601,0.054902,0.748408,0.74902,0.026401,0.031373,21.489915,2.34307,0.999164,0.366031,0.929704,0.446268,0.444444,0.313808,0.315166,0.239924,0.240964,142.726113,142.666667,204.0,204.0,208.0,-13.0,-69.0,-105.0,0.936275,0.661765,0.495192,10396,10396,0,0.0,1.0,0.0,5144,pass,
ketone_03_c0.05_wG08,ketone_03_c0.05,ketone,3,0.05,G08,7,8,crops/ketone/ketone_03_c0.05/ketone_03_c0.05_wG08.png,71.1,193.458654,194.0,8.61752,9.0,144.211736,146.0,11.643082,13.0,141.503724,142.0,10.477646,11.0,0.271639,0.270588,0.027603,0.027451,0.758661,0.760784,0.033794,0.035294,3.03865,3.150793,0.998489,0.052929,0.997085,0.404256,0.40249,0.300632,0.302521,0.295112,0.294845,159.724705,160.333333,200.0,186.0,193.0,-6.0,-40.0,-51.0,0.97,0.784946,0.735751,7788,7788,0,0.0,1.0,0.0,3812,pass,
ketone_03_c0.05_wG09,ketone_03_c0.05,ketone,3,0.05,G09,7,9,crops/ketone/ketone_03_c0.05/ketone_03_c0.05_wG09.png,79.2,194.981573,195.0,6.016959,8.0,140.248861,141.0,8.887343,12.0,101.986749,102.0,8.028587,12.0,0.477486,0.47451,0.028967,0.047059,0.764634,0.764706,0.023596,0.031373,24.598095,2.165197,0.999286,0.415953,0.908601,0.446445,0.444954,0.320586,0.321678,0.232969,0.233708,145.739061,146.333333,204.0,202.0,205.0,-9.0,-61.0,-103.0,0.955882,0.69802,0.497561,9660,9660,0,0.0,1.0,0.0,4784,pass,
ketone_03_c0.05_wG10,ketone_03_c0.05,ketone,3,0.05,G10,7,10,crops/ketone/ketone_03_c0.05/ketone_03_c0.05_wG10.png,78.3,191.589746,192.0,5.780817,8.0,136.682452,137.0,8.244148,12.0,98.995455,99.0,6.330309,9.0,0.483676,0.482353,0.022093,0.035294,0.751332,0.752941,0.02267,0.031373,24.41437,2.787911,0.998817,0.412844,0.909503,0.448733,0.448747,0.319712,0.320482,0.231555,0.231982,142.422551,142.333333,202.0,199.0,204.0,-10.0,-62.0,-105.0,0.950495,0.688442,0.485294,9460,9460,0,0.0,1.0,0.0,4680,pass,
ketone_03_c0.05_wG11,ketone_03_c0.05,ketone,3,0.05,G11,7,11,crops/ketone/ketone_03_c0.05/ketone_03_c0.05_wG11.png,78.3,187.863953,188.0,5.619036,7.0,133.763953,134.0,7.140762,9.0,97.116596,97.0,5.497476,7.0,0.483323,0.482353,0.016981,0.019608,0.736721,0.737255,0.022035,0.027451,24.320627,2.012678,0.999383,0.411588,0.910693,0.448887,0.447942,0.319308,0.32,0.231806,0.23185,139.581501,140.0,199.0,197.0,202.0,-11.0,-63.0,-105.0,0.944724,0.680203,0.480198,9460,9460,0,0.0,1.0,0.0,4680,pass,
ketone_03_c0.05_wG12,ketone_03_c0.05,ketone,3,0.05,G12,7,12,crops/ketone/ketone_03_c0.05/ketone_03_c0.05_wG12.png,76.8,186.7663,187.0,4.522388,6.0,134.639097,135.0,5.96975,8.0,108.702533,109.0,5.52457,7.0,0.418221,0.415686,0.019782,0.027451,0.732417,0.733333,0.017735,0.023529,19.875133,1.810341,0.999501,0.339802,0.939966,0.43443,0.43287,0.31295,0.313539,0.25262,0.252772,143.36931,143.333333,198.0,196.0,201.0,-11.0,-61.0,-92.0,0.944444,0.688776,0.542289,9080,9080,0,0.0,1.0,0.0,4480,pass,
ketone_03_c0.05_wH01,ketone_03_c0.05,ketone,3,0.05,H01,8,1,crops/ketone/ketone_03_c0.05/ketone_03_c0.05_wH01.png,81.3,184.676494,185.0,5.691052,7.0,133.231918,132.0,8.901025,13.0,109.377653,108.0,9.375014,15.0,0.408536,0.411765,0.036118,0.062745,0.724222,0.72549,0.022318,0.027451,19.005533,2.038127,0.999368,0.325453,0.944889,0.432811,0.434272,0.31161,0.312649,0.255579,0.255528,142.428688,141.333333,199.0,197.0,200.0,-14.0,-65.0,-92.0,0.929648,0.670051,0.54,10176,10176,0,0.0,1.0,0.0,5060,pass,
ketone_03_c0.05_wH02,ketone_03_c0.05,ketone,3,0.05,H02,8,2,crops/ketone/ketone_03_c0.05/ketone_03_c0.05_wH02.png,81.0,188.447475,189.0,7.346069,7.0,139.119829,140.0,9.638106,10.0,121.154846,121.0,9.817961,9.0,0.357903,0.356863,0.027281,0.027451,0.73901,0.741176,0.028808,0.027451,16.008011,1.952469,0.99942,0.275612,0.960665,0.420417,0.419283,0.309874,0.310345,0.269709,0.269565,149.57405,149.666667,204.0,200.0,202.0,-15.0,-60.0,-81.0,0.926471,0.7,0.59901,10120,10081,39,0.003854,0.996146,0.0,5008,pass,
ketone_03_c0.05_wH03,ketone_03_c0.05,ketone,3,0.05,H03,8,3,crops/ketone/ketone_03_c0.05/ketone_03_c0.05_wH03.png,76.5,192.014328,191.0,11.30223,7.0,144.276708,142.0,17.990936,9.0,119.365658,116.0,21.434041,8.0,0.381657,0.392157,0.065418,0.027451,0.752997,0.74902,0.044322,0.027451,20.584786,2.676906,0.998909,0.35121,0.935132,0.423133,0.42511,0.316278,0.316703,0.260589,0.258696,151.885565,149.666667,201.0,194.0,196.0,-10.0,-52.0,-80.0,0.950249,0.731959,0.591837,9016,8724,292,0.032387,0.967613,0.0,4512,pass,
ketone_03_c0.05_wH04,ketone_03_c0.05,ketone,3,0.05,H04,8,4,crops/ketone/ketone_03_c0.05/ketone_03_c0.05_wH04.png,76.2,193.9425,194.0,9.865359,6.0,144.174738,144.0,15.994262,8.0,121.997054,120.0,18.377356,6.0,0.37334,0.380392,0.056393,0.015686,0.760559,0.760784,0.038688,0.023529,18.538214,3.16016,0.99848,0.317454,0.946671,0.422807,0.423913,0.312987,0.314978,0.264206,0.262366,153.371431,152.666667,204.0,196.0,201.0,-10.0,-52.0,-81.0,0.95098,0.734694,0.597015,8928,8487,441,0.049395,0.950605,0.0,4432,pass,
ketone_03_c0.05_wH05,ketone_03_c0.05,ketone,3,0.05,H05,8,5,crops/ketone/ketone_03_c0.05/ketone_03_c0.05_wH05.png,76.5,195.188103,194.0,10.907431,6.0,146.048217,144.0,18.163999,7.0,120.17997,116.0,22.52793,7.0,0.387534,0.4,0.072938,0.039216,0.765444,0.760784,0.042774,0.023529,20.567293,3.162109,0.998478,0.350773,0.934835,0.424881,0.427313,0.316165,0.316964,0.258955,0.256125,153.80543,151.666667,205.0,201.0,205.0,-11.0,-57.0,-89.0,0.946341,0.716418,0.565854,9016,8607,409,0.045364,0.954636,0.0,4512,pass,
ketone_03_c0.05_wH06,ketone_03_c0.05,ketone,3,0.05,H06,8,6,crops/ketone/ketone_03_c0.05/ketone_03_c0.05_wH06.png,78.9,194.799892,195.0,8.952912,6.0,144.811171,145.0,13.170977,7.0,115.831996,115.0,16.431257,7.0,0.406941,0.411765,0.056342,0.035294,0.763921,0.764706,0.035109,0.023529,21.811713,2.976324,0.998652,0.371057,0.927158,0.428724,0.428879,0.31779,0.319101,0.253486,0.252772,151.814353,151.666667,206.0,205.0,209.0,-11.0,-60.0,-94.0,0.946602,0.707317,0.550239,9572,9220,352,0.036774,0.963226,0.0,4744,pass,
ketone_03_c0.05_wH07,ketone_03_c0.05,ketone,3,0.05,H07,8,7,crops/ketone/ketone_03_c0.05/ketone_03_c0.05_wH07.png,75.6,198.990499,199.0,8.608875,6.0,148.88171,148.0,13.474971,6.0,115.104157,114.0,17.477334,8.0,0.423165,0.427451,0.061147,0.035294,0.780355,0.780392,0.03376,0.023529,24.044625,2.773561,0.998829,0.406971,0.912159,0.430941,0.430769,0.321436,0.322511,0.247623,0.246316,154.325455,153.666667,206.0,201.0,203.0,-7.0,-53.0,-89.0,0.966019,0.736318,0.561576,8804,8420,384,0.043617,0.956383,0.0,4384,pass,
ketone_03_c0.05_wH08,ketone_03_c0.05,ketone,3,0.05,H08,8,8,crops/ketone/ketone_03_c0.05/ketone_03_c0.05_wH08.png,77.4,199.212164,200.0,6.711918,7.0,152.160885,154.0,11.02088,12.0,149.289679,151.0,8.369165,9.0,0.254624,0.247059,0.027961,0.023529,0.781224,0.784314,0.026321,0.027451,3.474854,4.72198,0.99661,0.060405,0.994777,0.398312,0.396414,0.30357,0.305882,0.298118,0.297913,166.887576,168.333333,208.0,205.0,207.0,-8.0,-51.0,-56.0,0.961538,0.75122,0.729469,9224,9224,0,0.0,1.0,0.0,4600,pass,
ketone_03_c0.05_wH09,ketone_03_c0.05,ketone,3,0.05,H09,8,9,crops/ketone/ketone_03_c0.05/ketone_03_c0.05_wH09.png,80.7,198.365951,199.0,6.620775,6.0,145.812814,147.0,8.650353,9.0,111.802855,112.0,8.710914,7.0,0.436614,0.439216,0.032931,0.031373,0.777906,0.780392,0.025964,0.023529,23.388258,3.070458,0.998565,0.39639,0.916519,0.435361,0.434879,0.319646,0.32244,0.244993,0.244161,151.993873,153.0,206.0,205.0,207.0,-7.0,-58.0,-95.0,0.966019,0.717073,0.541063,10000,9739,261,0.0261,0.9739,0.0,5008,pass,
ketone_03_c0.05_wH10,ketone_03_c0.05,ketone,3,0.05,H10,8,10,crops/ketone/ketone_03_c0.05/ketone_03_c0.05_wH10.png,74.4,197.393964,198.0,4.669707,5.0,145.267262,146.0,5.723159,6.0,110.639502,111.0,5.565542,6.0,0.439542,0.435294,0.022347,0.027451,0.774094,0.776471,0.018313,0.019608,23.842445,2.130106,0.999309,0.403944,0.914029,0.435607,0.434783,0.320409,0.322148,0.243985,0.244635,151.100243,151.666667,202.0,193.0,197.0,-4.0,-47.0,-86.0,0.980198,0.756477,0.563452,8516,8516,0,0.0,1.0,0.0,4208,pass,
ketone_03_c0.05_wH11,ketone_03_c0.05,ketone,3,0.05,H11,8,11,crops/ketone/ketone_03_c0.05/ketone_03_c0.05_wH11.png,78.9,194.079712,195.0,5.348922,5.0,142.108023,143.0,6.66604,7.0,106.352904,107.0,6.657789,9.0,0.452297,0.45098,0.024981,0.039216,0.761097,0.764706,0.020976,0.019608,24.343181,2.055857,0.999356,0.411936,0.910507,0.438807,0.438178,0.321045,0.322148,0.240148,0.24,147.513546,148.333333,202.0,200.0,205.0,-7.0,-57.0,-98.0,0.965347,0.715,0.521951,9572,9572,0,0.0,1.0,0.0,4744,pass,
ketone_03_c0.05_wH12,ketone_03_c0.05,ketone,3,0.05,H12,8,12,crops/ketone/ketone_03_c0.05/ketone_03_c0.05_wH12.png,72.9,193.395283,194.0,3.938342,5.0,142.281891,143.0,5.68326,8.0,107.630987,108.0,3.867799,5.0,0.443554,0.443137,0.010911,0.015686,0.758413,0.760784,0.015444,0.019608,24.188612,1.971306,0.999408,0.409499,0.911662,0.436378,0.435955,0.320865,0.321839,0.242757,0.242424,147.769387,148.333333,192.0,179.0,185.0,2.0,-36.0,-77.0,1.010417,0.798883,0.583784,8184,8184,0,0.0,1.0,0.0,4048,pass,
ketone_04_c0.1_wA01,ketone_04_c0.1,ketone,4,0.1,A01,1,1,crops/ketone/ketone_04_c0.1/ketone_04_c0.1_wA01.png,77.7,160.359146,161.0,5.39547,6.0,103.807485,105.0,6.741269,7.0,92.231126,93.0,6.954165,11.0,0.426302,0.419608,0.045021,0.082353,0.628859,0.631373,0.021159,0.023529,10.107652,6.46934,0.993646,0.174383,0.978224,0.450199,0.449864,0.29105,0.295082,0.258751,0.259887,118.799252,119.333333,177.0,172.0,176.0,-16.0,-67.0,-83.0,0.909605,0.610465,0.528409,9272,9272,0,0.0,1.0,0.0,4632,pass,
ketone_04_c0.1_wA02,ketone_04_c0.1,ketone,4,0.1,A02,1,2,crops/ketone/ketone_04_c0.1/ketone_04_c0.1_wA02.png,73.2,163.381177,164.0,4.732928,5.0,106.790455,108.0,7.309677,7.0,92.503028,93.0,9.054475,13.0,0.436479,0.431373,0.054245,0.090196,0.64071,0.643137,0.018561,0.019608,11.990842,7.742424,0.990911,0.205867,0.969291,0.450908,0.450581,0.294288,0.297814,0.254804,0.256721,120.891554,121.0,166.0,142.0,151.0,-2.0,-34.0,-58.0,0.987952,0.760563,0.615894,8256,8256,0,0.0,1.0,0.0,4096,pass,
ketone_04_c0.1_wA03,ketone_04_c0.1,ketone,4,0.1,A03,1,3,crops/ketone/ketone_04_c0.1/ketone_04_c0.1_wA03.png,81.6,159.92196,160.0,5.04385,6.0,101.287412,102.0,7.369759,8.0,95.413679,95.0,6.525473,9.0,0.406167,0.403922,0.030124,0.043137,0.627145,0.627451,0.01978,0.023529,5.490027,4.458503,0.996977,0.095383,0.992404,0.448879,0.448179,0.283731,0.286111,0.26739,0.269444,118.87435,119.333333,185.0,184.0,188.0,-25.0,-82.0,-93.0,0.864865,0.554348,0.505319,10264,10264,0,0.0,1.0,0.0,5072,pass,
ketone_04_c0.1_wA04,ketone_04_c0.1,ketone,4,0.1,A04,1,4,crops/ketone/ketone_04_c0.1/ketone_04_c0.1_wA04.png,78.6,163.905448,164.0,5.852844,8.0,106.896719,108.0,7.308418,9.0,89.705196,89.0,7.877458,12.0,0.453324,0.458824,0.04693,0.078431,0.642766,0.643137,0.022952,0.031373,13.899548,6.947881,0.992675,0.238461,0.963607,0.454931,0.455041,0.296342,0.3,0.248726,0.245856,120.169121,120.333333,187.0,184.0,188.0,-23.0,-76.0,-99.0,0.877005,0.586957,0.473404,9508,9508,0,0.0,1.0,0.0,4744,pass,
ketone_04_c0.1_wA05,ketone_04_c0.1,ketone,4,0.1,A05,1,5,crops/ketone/ketone_04_c0.1/ketone_04_c0.1_wA05.png,77.1,162.13568,163.0,5.524279,7.0,106.047733,107.0,6.668537,9.0,92.677855,93.0,5.764729,8.0,0.428607,0.427451,0.035843,0.062745,0.635826,0.639216,0.021664,0.027451,11.576371,5.76612,0.994949,0.19966,0.97471,0.449479,0.449568,0.293664,0.296791,0.256857,0.25656,120.28709,120.666667,187.0,182.0,187.0,-24.0,-75.0,-94.0,0.871658,0.587912,0.497326,9176,9176,0,0.0,1.0,0.0,4520,pass,
ketone_04_c0.1_wA06,ketone_04_c0.1,ketone,4,0.1,A06,1,6,crops/ketone/ketone_04_c0.1/ketone_04_c0.1_wA06.png,76.2,166.219086,167.0,5.145785,7.0,108.829637,110.0,6.079851,8.0,90.974462,91.0,6.032229,9.0,0.452452,0.454902,0.036791,0.058824,0.65184,0.654902,0.02018,0.027451,14.326638,4.982787,0.996226,0.246516,0.965244,0.4543,0.454286,0.297183,0.29972,0.248517,0.24734,122.007728,122.0,186.0,179.0,184.0,-19.0,-69.0,-93.0,0.897849,0.614525,0.494565,8928,8928,0,0.0,1.0,0.0,4432,pass,
ketone_04_c0.1_wA07,ketone_04_c0.1,ketone,4,0.1,A07,1,7,crops/ketone/ketone_04_c0.1/ketone_04_c0.1_wA07.png,78.3,170.339746,171.0,7.313691,10.0,114.78277,116.0,9.194795,12.0,92.834989,93.0,6.224478,9.0,0.454992,0.458824,0.041663,0.070588,0.667999,0.670588,0.028681,0.039216,16.799498,7.023666,0.992514,0.28686,0.950156,0.450832,0.450777,0.303293,0.306452,0.245875,0.243767,125.985835,126.0,188.0,185.0,190.0,-17.0,-69.0,-97.0,0.909574,0.627027,0.489474,9460,9460,0,0.0,1.0,0.0,4680,pass,
ketone_04_c0.1_wA08,ketone_04_c0.1,ketone,4,0.1,A08,1,8,crops/ketone/ketone_04_c0.1/ketone_04_c0.1_wA08.png,80.7,168.8654,170.0,6.840357,9.0,111.3122,113.0,9.262005,11.0,93.1505,93.0,6.998703,10.0,0.449396,0.45098,0.044322,0.078431,0.662217,0.666667,0.026825,0.035294,14.167152,7.600047,0.991241,0.242608,0.961093,0.452563,0.453804,0.297746,0.302521,0.249691,0.24734,124.4427,125.0,188.0,187.0,191.0,-18.0,-74.0,-98.0,0.904255,0.604278,0.486911,10000,10000,0,0.0,1.0,0.0,5008,pass,
ketone_04_c0.1_wA09,ketone_04_c0.1,ketone,4,0.1,A09,1,9,crops/ketone/ketone_04_c0.1/ketone_04_c0.1_wA09.png,76.8,170.428524,171.0,6.138684,9.0,114.788877,116.0,6.761923,8.0,92.342401,92.0,6.334703,9.0,0.457521,0.466667,0.04509,0.07451,0.668347,0.670588,0.024073,0.035294,17.074828,5.834689,0.994828,0.292102,0.950978,0.451474,0.452381,0.303845,0.307692,0.244681,0.240793,125.853267,126.0,187.0,180.0,185.0,-16.0,-64.0,-93.0,0.914439,0.644444,0.497297,9080,9080,0,0.0,1.0,0.0,4480,pass,
ketone_04_c0.1_wA10,ketone_04_c0.1,ketone,4,0.1,A10,1,10,crops/ketone/ketone_04_c0.1/ketone_04_c0.1_wA10.png,79.2,166.282091,167.0,6.406408,6.0,110.057453,112.0,10.195111,6.0,91.578364,91.0,7.252569,11.0,0.45466,0.466667,0.050524,0.082353,0.652087,0.654902,0.025123,0.023529,14.49512,9.158908,0.987305,0.24712,0.955878,0.452304,0.452685,0.298502,0.305483,0.249194,0.243655,122.639303,123.333333,187.0,184.0,188.0,-20.0,-72.0,-97.0,0.893048,0.608696,0.484043,9660,9660,0,0.0,1.0,0.0,4784,pass,
ketone_04_c0.1_wA11,ketone_04_c0.1,ketone,4,0.1,A11,1,11,crops/ketone/ketone_04_c0.1/ketone_04_c0.1_wA11.png,79.8,166.483258,167.0,3.185119,4.0,110.637199,111.0,4.123212,4.0,91.425276,91.0,5.129064,8.0,0.450713,0.458824,0.036873,0.066667,0.652876,0.654902,0.012491,0.015686,15.445184,5.105808,0.996037,0.265261,0.960066,0.451773,0.452316,0.300149,0.30299,0.248079,0.245902,122.848578,122.666667,184.0,180.0,185.0,-17.0,-69.0,-94.0,0.907609,0.616667,0.491892,9796,9796,0,0.0,1.0,0.0,4864,pass,
ketone_04_c0.1_wA12,ketone_04_c0.1,ketone,4,0.1,A12,1,12,crops/ketone/ketone_04_c0.1/ketone_04_c0.1_wA12.png,82.8,165.920614,167.0,4.411754,3.0,112.203581,114.0,7.261918,5.0,100.068113,100.0,4.769627,7.0,0.399432,0.403922,0.030973,0.047059,0.650669,0.654902,0.017301,0.011765,10.961025,6.133763,0.994286,0.189055,0.976147,0.438937,0.439353,0.296376,0.300518,0.264687,0.261965,126.064103,126.666667,184.0,182.0,186.0,-17.0,-68.0,-86.0,0.907609,0.626374,0.537634,10556,10556,0,0.0,1.0,0.0,5252,pass,
ketone_04_c0.1_wB01,ketone_04_c0.1,ketone,4,0.1,B01,2,1,crops/ketone/ketone_04_c0.1/ketone_04_c0.1_wB01.png,79.5,167.353952,167.0,9.91819,9.0,113.060725,116.0,16.039263,15.0,94.183306,94.0,11.497698,14.0,0.444298,0.439216,0.062294,0.105882,0.65629,0.654902,0.038895,0.035294,14.895443,11.345685,0.980585,0.252065,0.947634,0.447925,0.446575,0.30051,0.307292,0.251564,0.257225,124.865994,125.333333,187.0,184.0,186.0,-20.0,-68.0,-92.0,0.893048,0.630435,0.505376,9716,9716,0,0.0,1.0,0.0,4856,pass,
ketone_04_c0.1_wB02,ketone_04_c0.1,ketone,4,0.1,B02,2,2,crops/ketone/ketone_04_c0.1/ketone_04_c0.1_wB02.png,80.1,167.620648,168.0,8.48892,11.0,112.96417,116.0,12.644002,15.0,93.498785,93.0,8.772507,11.0,0.4448,0.45098,0.042947,0.066667,0.657336,0.658824,0.03329,0.043137,15.233744,8.452542,0.989177,0.259914,0.954419,0.448776,0.448187,0.301222,0.307895,0.250002,0.246819,124.694534,125.333333,187.0,184.0,187.0,-19.0,-68.0,-94.0,0.898396,0.630435,0.497326,9880,9880,0,0.0,1.0,0.0,4940,pass,
ketone_04_c0.1_wB03,ketone_04_c0.1,ketone,4,0.1,B03,2,3,crops/ketone/ketone_04_c0.1/ketone_04_c0.1_wB03.png,82.2,168.858696,170.0,10.806037,12.0,111.871489,116.0,17.39291,16.0,93.333205,93.0,13.699918,17.0,0.456852,0.45098,0.073771,0.129412,0.662191,0.666667,0.042377,0.047059,13.922942,12.114355,0.977896,0.235298,0.949165,0.452874,0.453202,0.297524,0.304828,0.249602,0.25816,124.687797,125.333333,191.0,189.0,193.0,-21.0,-73.0,-100.0,0.890052,0.613757,0.481865,10396,10396,0,0.0,1.0,0.0,5144,pass,
ketone_04_c0.1_wB04,ketone_04_c0.1,ketone,4,0.1,B04,2,4,crops/ketone/ketone_04_c0.1/ketone_04_c0.1_wB04.png,80.1,172.699777,173.0,10.511654,12.0,118.704042,120.0,13.766817,13.0,94.787325,94.0,13.732325,15.0,0.452006,0.447059,0.066869,0.113725,0.677254,0.678431,0.041222,0.047059,18.025307,8.679639,0.988591,0.305907,0.940071,0.448056,0.449004,0.306783,0.312057,0.245161,0.246269,128.730381,128.0,190.0,187.0,191.0,-17.0,-67.0,-97.0,0.910526,0.641711,0.492147,9880,9846,34,0.003441,0.996559,0.0,4940,pass,
ketone_04_c0.1_wB05,ketone_04_c0.1,ketone,4,0.1,B05,2,5,crops/ketone/ketone_04_c0.1/ketone_04_c0.1_wB05.png,85.8,170.539753,172.0,9.995291,12.0,113.163958,117.0,15.110464,16.0,89.506184,89.0,10.95253,12.0,0.479618,0.486275,0.056764,0.090196,0.668783,0.67451,0.039197,0.047059,16.981829,10.164565,0.984387,0.287508,0.941465,0.457829,0.457801,0.302103,0.310389,0.240067,0.236201,124.403298,125.0,189.0,191.0,195.0,-17.0,-74.0,-106.0,0.910053,0.612565,0.45641,11320,11320,0,0.0,1.0,0.0,5616,pass,
ketone_04_c0.1_wB06,ketone_04_c0.1,ketone,4,0.1,B06,2,6,crops/ketone/ketone_04_c0.1/ketone_04_c0.1_wB06.png,82.5,171.290119,170.0,11.406983,12.0,116.303389,116.0,15.949987,15.0,98.709881,97.0,15.557691,12.0,0.425635,0.419608,0.062465,0.086275,0.671726,0.666667,0.044733,0.047059,14.311904,7.879381,0.990589,0.244874,0.959845,0.444726,0.446281,0.300291,0.303797,0.254983,0.258427,128.767796,127.666667,190.0,191.0,196.0,-20.0,-75.0,-99.0,0.894737,0.60733,0.494898,10484,10475,9,0.000858,0.999142,0.0,5196,pass,
ketone_04_c0.1_wB07,ketone_04_c0.1,ketone,4,0.1,B07,2,7,crops/ketone/ketone_04_c0.1/ketone_04_c0.1_wB07.png,81.9,177.621561,178.0,10.622108,13.0,125.143065,129.0,16.184941,19.0,107.249516,105.0,13.166266,12.0,0.397555,0.403922,0.059369,0.094118,0.696555,0.698039,0.041655,0.05098,14.78352,10.02361,0.984814,0.251293,0.952213,0.434194,0.436145,0.304235,0.306998,0.261571,0.264484,136.671381,137.666667,193.0,191.0,197.0,-15.0,-62.0,-92.0,0.92228,0.675393,0.532995,10324,10324,0,0.0,1.0,0.0,5136,pass,
ketone_04_c0.1_wB08,ketone_04_c0.1,ketone,4,0.1,B08,2,8,crops/ketone/ketone_04_c0.1/ketone_04_c0.1_wB08.png,81.0,176.343083,178.0,11.740503,14.0,120.408893,124.0,18.61553,19.0,105.580435,103.0,14.551831,10.0,0.408217,0.411765,0.056805,0.070588,0.691542,0.698039,0.046041,0.054902,11.862442,9.974176,0.984962,0.202471,0.963927,0.43984,0.440389,0.297836,0.304878,0.262324,0.264916,134.110804,135.0,194.0,191.0,197.0,-16.0,-67.0,-94.0,0.917526,0.649215,0.522843,10120,10120,0,0.0,1.0,0.0,5008,pass,
ketone_04_c0.1_wB09,ketone_04_c0.1,ketone,4,0.1,B09,2,9,crops/ketone/ketone_04_c0.1/ketone_04_c0.1_wB09.png,79.5,176.998456,179.0,10.366558,12.0,121.280465,126.0,16.164407,15.0,102.699979,100.0,14.241204,21.0,0.424868,0.419608,0.07558,0.141176,0.694112,0.701961,0.040653,0.047059,14.259869,11.498684,0.980063,0.241409,0.949866,0.442535,0.44591,0.301389,0.306494,0.256076,0.266968,133.659634,134.0,193.0,189.0,194.0,-14.0,-63.0,-94.0,0.927461,0.666667,0.515464,9716,9716,0,0.0,1.0,0.0,4856,pass,
ketone_04_c0.1_wB10,ketone_04_c0.1,ketone,4,0.1,B10,2,10,crops/ketone/ketone_04_c0.1/ketone_04_c0.1_wB10.png,80.4,174.276046,173.0,12.14565,12.0,121.107502,120.0,18.09949,15.0,103.222345,101.0,19.987434,17.0,0.41025,0.392157,0.085704,0.129412,0.683435,0.678431,0.04763,0.047059,14.773783,9.322875,0.986849,0.25165,0.954224,0.439197,0.441096,0.30303,0.304147,0.257773,0.268229,132.868631,129.666667,192.0,188.0,193.0,-19.0,-68.0,-92.0,0.901042,0.638298,0.523316,9944,9944,0,0.0,1.0,0.0,4928,pass,
ketone_04_c0.1_wB11,ketone_04_c0.1,ketone,4,0.1,B11,2,11,crops/ketone/ketone_04_c0.1/ketone_04_c0.1_wB11.png,80.7,171.5148,171.0,5.288628,7.0,115.485,115.0,5.979898,7.0,88.4752,88.0,6.303157,8.0,0.483929,0.490196,0.037381,0.058824,0.672607,0.670588,0.02074,0.027451,19.639634,4.195406,0.997323,0.335203,0.939304,0.456931,0.457584,0.307466,0.308861,0.235603,0.233333,125.158333,124.666667,189.0,186.0,190.0,-18.0,-71.0,-102.0,0.904762,0.61828,0.463158,10000,10000,0,0.0,1.0,0.0,5008,pass,
ketone_04_c0.1_wB12,ketone_04_c0.1,ketone,4,0.1,B12,2,12,crops/ketone/ketone_04_c0.1/ketone_04_c0.1_wB12.png,82.5,169.621519,169.0,7.720102,5.0,115.304369,114.0,12.808072,7.0,102.475391,99.0,14.482378,6.0,0.397543,0.407843,0.058085,0.054902,0.665182,0.662745,0.030275,0.019608,11.416187,4.759828,0.996555,0.197252,0.976839,0.439045,0.443285,0.297203,0.29765,0.263752,0.262599,129.133759,127.333333,189.0,187.0,191.0,-20.0,-73.0,-92.0,0.89418,0.609626,0.518325,10484,10484,0,0.0,1.0,0.0,5196,pass,
ketone_04_c0.1_wC01,ketone_04_c0.1,ketone,4,0.1,C01,3,1,crops/ketone/ketone_04_c0.1/ketone_04_c0.1_wC01.png,81.9,171.143162,171.0,11.34285,14.0,116.717358,119.0,16.1033,18.0,96.002518,95.0,11.370823,11.0,0.443484,0.45098,0.053171,0.082353,0.67115,0.670588,0.044482,0.054902,15.924346,9.649656,0.985918,0.270504,0.948083,0.446935,0.445983,0.302845,0.309589,0.25022,0.247525,127.954346,128.333333,192.0,191.0,193.0,-21.0,-72.0,-98.0,0.890625,0.623037,0.492228,10324,10324,0,0.0,1.0,0.0,5136,pass,
ketone_04_c0.1_wC02,ketone_04_c0.1,ketone,4,0.1,C02,3,2,crops/ketone/ketone_04_c0.1/ketone_04_c0.1_wC02.png,79.2,168.916339,172.0,16.125544,17.0,111.18948,120.0,27.758949,27.0,96.982812,96.0,15.648371,19.0,0.456209,0.447059,0.094223,0.133333,0.662417,0.67451,0.063237,0.066667,9.949195,16.584923,0.958971,0.165686,0.94455,0.452014,0.446524,0.289596,0.307517,0.25839,0.267016,125.69621,129.0,192.0,188.0,191.0,-20.0,-68.0,-95.0,0.895833,0.638298,0.502618,9660,9658,2,0.000207,0.999793,0.0,4784,pass,
ketone_04_c0.1_wC03,ketone_04_c0.1,ketone,4,0.1,C03,3,3,crops/ketone/ketone_04_c0.1/ketone_04_c0.1_wC03.png,85.8,170.831548,172.0,12.077603,16.0,112.457821,115.0,15.698677,17.0,87.862264,86.0,13.934824,15.0,0.486903,0.486275,0.071272,0.12549,0.669928,0.67451,0.047363,0.062745,17.363512,9.220726,0.987134,0.294593,0.942151,0.461385,0.462338,0.301932,0.308668,0.236683,0.238606,123.717211,124.666667,194.0,195.0,199.0,-22.0,-80.0,-113.0,0.886598,0.589744,0.432161,11320,11297,23,0.002032,0.997968,0.0,5616,pass,
ketone_04_c0.1_wC04,ketone_04_c0.1,ketone,4,0.1,C04,3,4,crops/ketone/ketone_04_c0.1/ketone_04_c0.1_wC04.png,78.0,175.808684,176.0,10.416114,11.0,117.801305,117.0,12.599457,11.0,89.179553,85.0,16.162822,17.0,0.493252,0.517647,0.077941,0.12549,0.689446,0.690196,0.040848,0.043137,19.722966,6.903553,0.992767,0.335032,0.934527,0.460422,0.465116,0.307501,0.311653,0.232077,0.223881,127.596514,126.0,194.0,191.0,196.0,-18.0,-74.0,-111.0,0.907216,0.612565,0.433673,9372,9351,21,0.002241,0.997759,0.0,4616,pass,
ketone_04_c0.1_wC05,ketone_04_c0.1,ketone,4,0.1,C05,3,5,crops/ketone/ketone_04_c0.1/ketone_04_c0.1_wC05.png,77.1,178.067141,179.0,11.023354,10.0,122.481051,123.0,13.413049,12.0,91.357503,88.0,16.482754,14.0,0.487952,0.501961,0.072085,0.098039,0.698303,0.701961,0.043229,0.039216,21.402083,5.818872,0.994856,0.363034,0.926253,0.455594,0.458549,0.312252,0.315657,0.232154,0.2275,130.635232,129.666667,194.0,190.0,195.0,-15.0,-67.0,-107.0,0.92268,0.647368,0.451282,9176,9130,46,0.005013,0.994987,0.0,4520,pass,
ketone_04_c0.1_wC06,ketone_04_c0.1,ketone,4,0.1,C06,3,6,crops/ketone/ketone_04_c0.1/ketone_04_c0.1_wC06.png,76.2,176.986783,178.0,9.866007,11.0,121.338038,123.0,12.798067,12.0,95.998432,93.0,14.62265,17.0,0.457493,0.458824,0.072408,0.12549,0.694066,0.698039,0.03869,0.043137,18.49189,8.301902,0.989558,0.313858,0.938465,0.449623,0.452128,0.307343,0.312039,0.243033,0.242176,131.441084,130.333333,193.0,187.0,193.0,-15.0,-64.0,-100.0,0.92228,0.657754,0.481865,8928,8928,0,0.0,1.0,0.0,4432,pass,
ketone_04_c0.1_wC07,ketone_04_c0.1,ketone,4,0.1,C07,3,7,crops/ketone/ketone_04_c0.1/ketone_04_c0.1_wC07.png,75.9,179.572673,180.0,13.289668,16.0,125.697206,128.0,19.64245,17.0,97.760774,95.0,20.270591,19.0,0.458123,0.462745,0.093182,0.152941,0.704207,0.705882,0.052116,0.062745,19.889764,11.197778,0.981083,0.333776,0.922561,0.447286,0.451444,0.310766,0.316195,0.241949,0.24359,134.343551,133.333333,193.0,188.0,193.0,-13.0,-60.0,-98.0,0.932642,0.680851,0.492228,8880,8841,39,0.004392,0.995608,0.0,4408,pass,
ketone_04_c0.1_wC08,ketone_04_c0.1,ketone,4,0.1,C08,3,8,crops/ketone/ketone_04_c0.1/ketone_04_c0.1_wC08.png,79.8,179.869845,181.0,8.216367,10.0,122.983463,125.0,9.618898,10.0,97.949163,97.0,10.081491,13.0,0.454668,0.458824,0.058241,0.105882,0.705372,0.709804,0.032221,0.039216,18.206851,6.589834,0.993408,0.310389,0.943672,0.449126,0.44878,0.306545,0.310427,0.244329,0.240964,133.600823,134.0,195.0,193.0,198.0,-14.0,-68.0,-101.0,0.928205,0.647668,0.489899,9796,9796,0,0.0,1.0,0.0,4864,pass,
ketone_04_c0.1_wC09,ketone_04_c0.1,ketone,4,0.1,C09,3,9,crops/ketone/ketone_04_c0.1/ketone_04_c0.1_wC09.png,75.9,179.339977,180.0,8.396874,9.0,121.137387,123.0,10.824388,10.0,97.764302,97.0,12.109586,18.0,0.454978,0.454902,0.069284,0.133333,0.703294,0.705882,0.032929,0.035294,16.816017,8.488806,0.989085,0.286142,0.94679,0.450811,0.452088,0.303823,0.309068,0.245365,0.245192,132.747222,132.666667,195.0,187.0,192.0,-15.0,-64.0,-95.0,0.923077,0.657754,0.505208,8880,8880,0,0.0,1.0,0.0,4408,pass,
ketone_04_c0.1_wC10,ketone_04_c0.1,ketone,4,0.1,C10,3,10,crops/ketone/ketone_04_c0.1/ketone_04_c0.1_wC10.png,78.3,177.460042,178.0,7.33711,8.0,119.133087,120.0,10.044938,9.0,99.653488,99.0,10.68375,12.0,0.438438,0.435294,0.05419,0.090196,0.695922,0.698039,0.028773,0.031373,15.066573,7.31157,0.991891,0.257833,0.957794,0.448277,0.448101,0.300376,0.302211,0.251347,0.252551,132.082206,132.0,195.0,191.0,195.0,-17.0,-71.0,-96.0,0.912821,0.628272,0.507692,9460,9460,0,0.0,1.0,0.0,4680,pass,
ketone_04_c0.1_wC11,ketone_04_c0.1,ketone,4,0.1,C11,3,11,crops/ketone/ketone_04_c0.1/ketone_04_c0.1_wC11.png,78.9,175.467823,176.0,9.395015,10.0,119.22242,120.0,13.212531,13.0,99.450481,97.0,14.118697,10.0,0.43419,0.435294,0.059649,0.082353,0.688109,0.690196,0.036843,0.039216,15.53655,6.730551,0.993124,0.266011,0.956835,0.446222,0.44837,0.302027,0.305376,0.251751,0.251799,131.380241,130.0,193.0,188.0,193.0,-17.0,-68.0,-96.0,0.911917,0.638298,0.502591,9572,9572,0,0.0,1.0,0.0,4744,pass,
ketone_04_c0.1_wC12,ketone_04_c0.1,ketone,4,0.1,C12,3,12,crops/ketone/ketone_04_c0.1/ketone_04_c0.1_wC12.png,78.3,171.812051,172.0,3.868748,5.0,116.576321,117.0,4.893192,5.0,103.985201,103.0,5.705733,7.0,0.39495,0.396078,0.028619,0.047059,0.673773,0.67451,0.015172,0.019608,11.015409,3.902083,0.997684,0.19063,0.979302,0.438031,0.439276,0.29705,0.298469,0.264919,0.264631,130.791191,130.666667,190.0,184.0,188.0,-18.0,-67.0,-85.0,0.905263,0.63587,0.547872,9460,9460,0,0.0,1.0,0.0,4680,pass,
ketone_04_c0.1_wD01,ketone_04_c0.1,ketone,4,0.1,D01,4,1,crops/ketone/ketone_04_c0.1/ketone_04_c0.1_wD01.png,80.1,171.805769,172.0,9.800491,11.0,116.764271,118.0,13.250178,12.0,94.027935,91.0,16.223915,22.0,0.455979,0.466667,0.083017,0.152941,0.673748,0.67451,0.038433,0.043137,17.252138,9.282976,0.986961,0.29271,0.942556,0.450328,0.455497,0.304774,0.308081,0.244898,0.247312,127.532659,126.333333,192.0,189.0,191.5,-20.0,-71.0,-100.5,0.895833,0.624339,0.475196,9880,9880,0,0.0,1.0,0.0,4940,pass,
ketone_04_c0.1_wD02,ketone_04_c0.1,ketone,4,0.1,D02,4,2,crops/ketone/ketone_04_c0.1/ketone_04_c0.1_wD02.png,73.2,173.748789,175.0,9.174642,12.0,118.067587,120.0,11.014065,13.0,87.680596,87.0,9.350859,13.0,0.495102,0.509804,0.052992,0.086275,0.681368,0.686275,0.035979,0.047059,20.964659,6.795169,0.992992,0.355285,0.927257,0.458259,0.459799,0.310676,0.316583,0.231066,0.224939,126.498991,126.333333,183.0,174.0,178.0,-8.0,-54.0,-91.0,0.956284,0.689655,0.488764,8256,8256,0,0.0,1.0,0.0,4096,pass,
ketone_04_c0.1_wD03,ketone_04_c0.1,ketone,4,0.1,D03,4,3,crops/ketone/ketone_04_c0.1/ketone_04_c0.1_wD03.png,71.4,178.900426,180.0,11.400607,12.0,123.047465,123.0,13.993312,12.0,91.454921,88.0,17.539219,15.0,0.489344,0.513725,0.081444,0.105882,0.70157,0.705882,0.044708,0.047059,21.569819,6.232913,0.9941,0.365466,0.924484,0.456087,0.459948,0.312487,0.316883,0.231425,0.223325,131.134271,130.333333,170.0,140.5,146.0,10.0,-17.5,-58.0,1.058824,0.875445,0.60274,7860,7753,107,0.013613,0.986387,0.0,3888,pass,
ketone_04_c0.1_wD04,ketone_04_c0.1,ketone,4,0.1,D04,4,4,crops/ketone/ketone_04_c0.1/ketone_04_c0.1_wD04.png,75.6,179.788575,180.0,12.149577,13.0,124.984674,124.0,15.447893,12.0,96.779171,93.0,19.408333,19.0,0.462313,0.482353,0.089573,0.133333,0.705053,0.705882,0.047645,0.05098,20.219087,7.618837,0.991198,0.342569,0.930118,0.449281,0.453804,0.310878,0.31565,0.239842,0.234043,133.850807,132.666667,196.0,189.0,194.0,-16.0,-65.0,-101.0,0.918367,0.656085,0.479381,8804,8613,191,0.021695,0.978305,0.0,4384,pass,
ketone_04_c0.1_wD05,ketone_04_c0.1,ketone,4,0.1,D05,4,5,crops/ketone/ketone_04_c0.1/ketone_04_c0.1_wD05.png,68.4,179.58879,181.0,11.272992,16.0,123.943674,127.0,14.504636,18.0,91.880549,91.0,11.49801,16.0,0.488723,0.498039,0.074686,0.137255,0.70427,0.709804,0.044208,0.062745,21.330844,10.397352,0.983669,0.357812,0.916284,0.454528,0.455189,0.312546,0.320736,0.232926,0.227273,131.804338,132.666667,161.0,117.0,115.0,20.0,10.0,-24.0,1.124224,1.08547,0.791304,7208,7208,0,0.0,1.0,0.0,3532,pass,
ketone_04_c0.1_wD06,ketone_04_c0.1,ketone,4,0.1,D06,4,6,crops/ketone/ketone_04_c0.1/ketone_04_c0.1_wD06.png,77.4,180.36979,180.0,11.735288,12.0,123.770595,124.0,15.841185,13.0,99.551855,95.0,19.5401,23.0,0.450236,0.47451,0.089473,0.152941,0.707333,0.705882,0.046021,0.047059,17.685647,9.328535,0.986833,0.299794,0.940193,0.448347,0.453039,0.306149,0.311195,0.245503,0.238426,134.56408,132.666667,197.0,195.0,200.0,-17.0,-71.0,-105.0,0.913706,0.635897,0.475,9224,9189,35,0.003794,0.996206,0.0,4600,pass,
ketone_04_c0.1_wD07,ketone_04_c0.1,ketone,4,0.1,D07,4,7,crops/ketone/ketone_04_c0.1/ketone_04_c0.1_wD07.png,76.5,180.097604,182.0,12.337561,15.0,123.76941,130.0,19.28979,19.0,104.850488,103.0,13.73433,22.0,0.426923,0.427451,0.080543,0.156863,0.706265,0.713725,0.048383,0.058824,13.958705,13.812951,0.971358,0.234313,0.942674,0.441837,0.442408,0.301041,0.305048,0.257122,0.270677,136.239167,138.666667,196.0,191.0,197.0,-14.0,-61.0,-94.0,0.928571,0.680628,0.522843,9016,9016,0,0.0,1.0,0.0,4512,pass,
ketone_04_c0.1_wD08,ketone_04_c0.1,ketone,4,0.1,D08,4,8,crops/ketone/ketone_04_c0.1/ketone_04_c0.1_wD08.png,75.3,180.69283,182.0,11.512307,11.0,125.611233,128.0,16.98869,14.0,99.083094,97.0,16.383004,15.0,0.45387,0.454902,0.074805,0.117647,0.708599,0.713725,0.045146,0.043137,19.053941,10.189976,0.984309,0.321336,0.930381,0.44687,0.449239,0.308952,0.315657,0.244178,0.243902,135.129052,135.0,195.0,187.0,193.0,-13.0,-59.0,-96.0,0.933333,0.684492,0.502591,8740,8689,51,0.005835,0.994165,0.0,4328,pass,
ketone_04_c0.1_wD09,ketone_04_c0.1,ketone,4,0.1,D09,4,9,crops/ketone/ketone_04_c0.1/ketone_04_c0.1_wD09.png,76.2,180.866667,183.0,18.160251,16.0,124.295447,128.0,30.55099,17.0,102.345587,94.0,28.055377,27.0,0.454355,0.478431,0.119601,0.184314,0.709281,0.717647,0.071217,0.062745,15.205498,15.4668,0.96422,0.252897,0.930464,0.448715,0.457213,0.301349,0.315104,0.249936,0.265,135.8359,134.333333,195.0,189.0,194.0,-12.0,-61.0,-100.0,0.938462,0.677249,0.484536,8928,8895,33,0.003696,0.996304,0.0,4432,pass,
ketone_04_c0.1_wD10,ketone_04_c0.1,ketone,4,0.1,D10,4,10,crops/ketone/ketone_04_c0.1/ketone_04_c0.1_wD10.png,78.9,181.763218,182.0,10.230027,10.0,128.802926,129.0,14.806584,12.0,100.378892,97.0,17.70175,20.0,0.448495,0.458824,0.082481,0.145098,0.712797,0.713725,0.040118,0.039216,20.663093,8.418536,0.989264,0.349084,0.925626,0.443556,0.448718,0.313017,0.317125,0.243427,0.240476,136.981679,135.0,197.0,194.0,200.0,-15.0,-65.0,-103.0,0.923858,0.664948,0.485,9572,9570,2,0.000209,0.999791,0.0,4744,pass,
ketone_04_c0.1_wD11,ketone_04_c0.1,ketone,4,0.1,D11,4,11,crops/ketone/ketone_04_c0.1/ketone_04_c0.1_wD11.png,77.7,179.237058,180.0,10.323023,12.0,123.100194,125.0,16.561908,16.0,104.839517,104.0,16.147198,17.0,0.418681,0.403922,0.080761,0.117647,0.70289,0.705882,0.040482,0.047059,14.165058,10.513944,0.983304,0.24063,0.953407,0.441587,0.441799,0.301331,0.30531,0.257082,0.270073,135.72559,135.0,194.0,190.0,195.0,-14.0,-65.0,-91.0,0.927835,0.657895,0.533333,9272,9272,0,0.0,1.0,0.0,4632,pass,
ketone_04_c0.1_wD12,ketone_04_c0.1,ketone,4,0.1,D12,4,12,crops/ketone/ketone_04_c0.1/ketone_04_c0.1_wD12.png,78.0,175.651195,176.0,6.448082,5.0,120.088455,122.0,10.969731,7.0,98.489543,98.0,13.094896,21.0,0.44322,0.447059,0.070291,0.129412,0.688828,0.690196,0.025287,0.019608,16.441084,9.736139,0.985666,0.278972,0.945363,0.446269,0.447301,0.304318,0.309302,0.249413,0.248175,131.409731,131.0,193.0,189.0,193.0,-17.0,-67.0,-95.0,0.911917,0.645503,0.507772,9372,9372,0,0.0,1.0,0.0,4616,pass,
ketone_04_c0.1_wE01,ketone_04_c0.1,ketone,4,0.1,E01,5,1,crops/ketone/ketone_04_c0.1/ketone_04_c0.1_wE01.png,79.2,175.671411,176.0,10.582513,12.0,119.487014,121.0,13.729083,13.0,94.385934,91.0,15.908727,18.0,0.463583,0.47451,0.077697,0.133333,0.688907,0.690196,0.0415,0.047059,18.255146,8.326414,0.989496,0.309959,0.939696,0.452067,0.455274,0.306296,0.309463,0.241637,0.239669,129.84812,128.666667,195.0,193.0,196.0,-19.0,-72.0,-105.0,0.902564,0.626943,0.464286,9660,9626,34,0.00352,0.99648,0.0,4784,pass,
ketone_04_c0.1_wE02,ketone_04_c0.1,ketone,4,0.1,E02,5,2,crops/ketone/ketone_04_c0.1/ketone_04_c0.1_wE02.png,73.5,179.194311,180.0,10.860188,10.0,121.451422,122.0,12.400357,12.0,92.436716,90.0,14.430221,14.0,0.485128,0.498039,0.062745,0.090196,0.702723,0.705882,0.042589,0.039216,20.000919,5.793248,0.994901,0.340291,0.934896,0.45691,0.459259,0.308695,0.311868,0.234396,0.229941,131.027483,130.0,191.0,181.0,186.0,-11.0,-59.0,-96.0,0.942408,0.674033,0.483871,8296,8296,0,0.0,1.0,0.0,4124,pass,
ketone_04_c0.1_wE03,ketone_04_c0.1,ketone,4,0.1,E03,5,3,crops/ketone/ketone_04_c0.1/ketone_04_c0.1_wE03.png,77.7,178.72476,179.0,10.585206,12.0,121.82842,123.0,12.443373,14.0,90.672606,88.0,15.507104,17.0,0.493228,0.509804,0.074039,0.113725,0.700881,0.701961,0.041511,0.047059,21.13449,6.547373,0.993492,0.358212,0.926666,0.45792,0.460591,0.311173,0.315522,0.230907,0.224939,130.408595,130.333333,196.0,193.0,197.0,-17.0,-70.0,-109.0,0.913265,0.637306,0.446701,9272,9261,11,0.001186,0.998814,0.0,4632,pass,
ketone_04_c0.1_wE04,ketone_04_c0.1,ketone,4,0.1,E04,5,4,crops/ketone/ketone_04_c0.1/ketone_04_c0.1_wE04.png,79.5,180.77734,182.0,12.19899,13.0,124.024049,125.0,15.742296,14.0,94.760962,90.0,18.00907,23.0,0.477591,0.501961,0.09095,0.160784,0.708931,0.713725,0.047839,0.05098,20.070864,9.733747,0.985673,0.338265,0.925812,0.453806,0.458333,0.309748,0.31592,0.236446,0.228029,133.18745,133.0,197.0,196.0,201.0,-15.0,-71.0,-111.0,0.923858,0.637755,0.447761,9716,9647,69,0.007102,0.992898,0.0,4856,pass,
ketone_04_c0.1_wE05,ketone_04_c0.1,ketone,4,0.1,E05,5,5,crops/ketone/ketone_04_c0.1/ketone_04_c0.1_wE05.png,75.9,181.923775,183.0,11.394258,12.0,126.015383,128.0,15.505029,14.0,97.132247,95.0,17.611718,20.0,0.466776,0.470588,0.086764,0.14902,0.713427,0.717647,0.044683,0.047059,20.110366,9.556428,0.986187,0.33908,0.926061,0.4503,0.453271,0.310527,0.314149,0.239172,0.238329,135.023801,134.666667,199.0,194.0,199.0,-16.0,-66.0,-104.0,0.919598,0.659794,0.477387,8880,8711,169,0.019032,0.980968,0.0,4408,pass,
ketone_04_c0.1_wE06,ketone_04_c0.1,ketone,4,0.1,E06,5,6,crops/ketone/ketone_04_c0.1/ketone_04_c0.1_wE06.png,76.8,185.324433,186.0,13.399734,14.0,131.31516,131.0,17.588317,17.0,104.9123,101.0,19.90795,18.0,0.434914,0.435294,0.08318,0.129412,0.726762,0.729412,0.052548,0.054902,19.494086,8.07742,0.990112,0.33041,0.933355,0.441217,0.445293,0.310932,0.314496,0.247851,0.25,140.517298,138.666667,200.0,196.0,202.0,-14.0,-65.0,-101.0,0.93,0.668367,0.5,9080,8951,129,0.014207,0.985793,0.0,4480,pass,
ketone_04_c0.1_wE07,ketone_04_c0.1,ketone,4,0.1,E07,5,7,crops/ketone/ketone_04_c0.1/ketone_04_c0.1_wE07.png,78.0,186.27851,186.0,11.574543,10.0,133.124082,133.0,17.20693,11.0,103.156371,100.0,20.635774,16.0,0.447968,0.462745,0.086225,0.121569,0.730504,0.729412,0.04539,0.039216,21.428744,8.083014,0.990098,0.361726,0.921655,0.442458,0.445476,0.31453,0.319613,0.243012,0.237443,140.852988,139.333333,200.0,198.0,203.0,-14.0,-65.0,-103.0,0.93,0.671717,0.492611,9372,9260,112,0.01195,0.98805,0.0,4616,pass,
ketone_04_c0.1_wE08,ketone_04_c0.1,ketone,4,0.1,E08,5,8,crops/ketone/ketone_04_c0.1/ketone_04_c0.1_wE08.png,77.4,184.529271,187.0,9.516943,8.0,126.702298,132.0,16.071105,11.0,105.550737,103.0,11.039432,18.0,0.435683,0.447059,0.066788,0.121569,0.723644,0.733333,0.037321,0.031373,15.236336,12.354376,0.977021,0.256762,0.942679,0.443497,0.444444,0.302757,0.310023,0.253746,0.252847,138.927436,141.333333,199.0,196.0,201.0,-12.0,-64.0,-98.0,0.939698,0.673469,0.512438,9224,9224,0,0.0,1.0,0.0,4600,pass,
ketone_04_c0.1_wE09,ketone_04_c0.1,ketone,4,0.1,E09,5,9,crops/ketone/ketone_04_c0.1/ketone_04_c0.1_wE09.png,72.9,184.313711,185.0,12.989238,11.0,131.642231,134.0,20.731173,11.0,106.405652,105.0,23.548159,33.0,0.428675,0.411765,0.111307,0.2,0.722799,0.72549,0.050938,0.043137,18.731598,13.083494,0.974265,0.312871,0.922661,0.43865,0.439206,0.310591,0.311804,0.250759,0.270886,140.787198,139.0,194.0,182.0,189.0,-9.0,-48.0,-84.0,0.953608,0.736264,0.555556,8184,8103,81,0.009897,0.990103,0.0,4048,pass,
ketone_04_c0.1_wE10,ketone_04_c0.1,ketone,4,0.1,E10,5,10,crops/ketone/ketone_04_c0.1/ketone_04_c0.1_wE10.png,79.8,184.197406,184.0,9.789499,8.0,129.920547,131.0,15.282478,10.0,104.61203,101.0,18.866699,20.0,0.433954,0.45098,0.085091,0.141176,0.722343,0.721569,0.03839,0.031373,18.759165,9.661028,0.985885,0.317052,0.933513,0.441184,0.445238,0.309858,0.315036,0.248959,0.24356,139.576661,138.0,197.0,196.0,202.0,-13.0,-65.0,-101.0,0.93401,0.668367,0.5,9796,9792,4,0.000408,0.999592,0.0,4864,pass,
ketone_04_c0.1_wE11,ketone_04_c0.1,ketone,4,0.1,E11,5,11,crops/ketone/ketone_04_c0.1/ketone_04_c0.1_wE11.png,76.8,183.537555,183.0,11.790056,8.0,130.532599,128.0,17.16239,8.0,101.659581,95.0,22.786755,22.0,0.448223,0.47451,0.09711,0.156863,0.719755,0.717647,0.046236,0.031373,20.95706,7.067512,0.992421,0.354957,0.926771,0.443686,0.449816,0.313656,0.31738,0.242658,0.236041,138.576579,134.666667,196.0,192.0,196.0,-13.0,-64.0,-101.0,0.933673,0.666667,0.484694,9080,9080,0,0.0,1.0,0.0,4480,pass,
ketone_04_c0.1_wE12,ketone_04_c0.1,ketone,4,0.1,E12,5,12,crops/ketone/ketone_04_c0.1/ketone_04_c0.1_wE12.png,77.7,178.803063,178.0,8.532688,8.0,125.961066,125.0,13.534727,11.0,101.808995,99.0,15.554743,11.0,0.431631,0.435294,0.066344,0.086275,0.701188,0.698039,0.033462,0.031373,18.626538,6.390823,0.993799,0.317418,0.941744,0.440906,0.443864,0.309436,0.312655,0.249658,0.25,135.524374,133.333333,194.0,193.0,196.0,-16.0,-68.0,-97.0,0.917526,0.647668,0.505102,9272,9272,0,0.0,1.0,0.0,4632,pass,
ketone_04_c0.1_wF01,ketone_04_c0.1,ketone,4,0.1,F01,6,1,crops/ketone/ketone_04_c0.1/ketone_04_c0.1_wF01.png,75.9,180.070054,182.0,12.584196,11.0,125.373847,128.0,18.972396,12.0,100.031666,96.0,19.625034,25.0,0.450481,0.466667,0.09353,0.164706,0.706157,0.713725,0.04935,0.043137,18.445723,11.187663,0.981117,0.310431,0.930711,0.44612,0.45098,0.308014,0.3147,0.245866,0.246819,135.158522,134.0,197.0,190.0,193.0,-15.0,-62.0,-97.0,0.923858,0.673684,0.497409,8880,8779,101,0.011374,0.988626,0.0,4408,pass,
ketone_04_c0.1_wF02,ketone_04_c0.1,ketone,4,0.1,F02,6,2,crops/ketone/ketone_04_c0.1/ketone_04_c0.1_wF02.png,84.0,179.100811,181.0,15.794994,19.0,121.323463,125.0,23.124739,19.0,98.042154,93.0,21.121503,20.0,0.462512,0.470588,0.094165,0.145098,0.702356,0.709804,0.061941,0.07451,16.347906,12.055845,0.978106,0.275307,0.938562,0.452266,0.456311,0.302332,0.310945,0.245401,0.251295,132.822143,132.666667,197.0,197.0,200.0,-16.0,-72.0,-107.0,0.918782,0.634518,0.465,10856,10604,252,0.023213,0.976787,0.0,5388,pass,
ketone_04_c0.1_wF03,ketone_04_c0.1,ketone,4,0.1,F03,6,3,crops/ketone/ketone_04_c0.1/ketone_04_c0.1_wF03.png,72.0,183.734769,184.0,11.123442,11.0,127.697043,127.0,13.74481,12.0,95.150013,90.0,19.202194,20.75,0.482771,0.513725,0.090935,0.145098,0.720529,0.721569,0.043621,0.043137,21.975816,6.777008,0.993029,0.371607,0.920878,0.453447,0.459057,0.313907,0.31701,0.232646,0.223572,135.527275,134.0,190.0,175.0,180.0,-6.0,-48.0,-90.0,0.968421,0.725714,0.5,7976,7846,130,0.016299,0.983701,0.0,3968,pass,
ketone_04_c0.1_wF04,ketone_04_c0.1,ketone,4,0.1,F04,6,4,crops/ketone/ketone_04_c0.1/ketone_04_c0.1_wF04.png,75.0,185.625221,186.0,11.787345,13.0,130.376428,131.0,14.775543,12.0,101.34499,97.0,20.180071,26.0,0.454473,0.470588,0.097435,0.164706,0.727942,0.729412,0.046225,0.05098,20.55038,8.484151,0.989097,0.347203,0.926154,0.446332,0.450331,0.312128,0.316667,0.241539,0.236967,139.115546,137.666667,200.0,192.0,197.0,-14.0,-61.0,-100.0,0.93,0.682292,0.492386,8628,8493,135,0.015647,0.984353,0.0,4280,pass,
ketone_04_c0.1_wF05,ketone_04_c0.1,ketone,4,0.1,F05,6,5,crops/ketone/ketone_04_c0.1/ketone_04_c0.1_wF05.png,77.1,187.212209,188.0,12.486411,14.0,132.021579,132.0,16.622966,14.0,100.087433,96.0,21.623247,22.0,0.466073,0.486275,0.100332,0.156863,0.734166,0.737255,0.048966,0.054902,21.774761,8.743489,0.988424,0.366664,0.917899,0.448213,0.453401,0.314439,0.319816,0.237348,0.232019,139.77374,138.333333,201.0,197.0,202.0,-13.0,-65.0,-106.0,0.935323,0.670051,0.475248,9176,8944,232,0.025283,0.974717,0.0,4520,pass,
ketone_04_c0.1_wF06,ketone_04_c0.1,ketone,4,0.1,F06,6,6,crops/ketone/ketone_04_c0.1/ketone_04_c0.1_wF06.png,72.0,188.735316,189.0,11.101771,13.0,134.41757,135.0,13.512365,14.0,103.375473,101.0,17.199333,21.0,0.452464,0.462745,0.079027,0.141176,0.740138,0.741176,0.043536,0.05098,21.652111,7.684846,0.991045,0.365666,0.921119,0.443481,0.445727,0.314937,0.3175,0.241582,0.238916,142.17612,141.0,189.0,169.0,175.0,0.0,-34.0,-74.0,1.0,0.798817,0.577143,7976,7934,42,0.005266,0.994734,0.0,3968,pass,
ketone_04_c0.1_wF07,ketone_04_c0.1,ketone,4,0.1,F07,6,7,crops/ketone/ketone_04_c0.1/ketone_04_c0.1_wF07.png,77.4,189.832067,192.0,12.228385,13.0,136.133245,139.0,17.420326,15.0,107.675366,106.0,15.107233,16.0,0.435114,0.443137,0.071449,0.117647,0.744439,0.752941,0.047954,0.05098,20.22367,10.525461,0.983268,0.339902,0.92265,0.438774,0.439153,0.312939,0.320186,0.248287,0.245495,144.546893,145.333333,203.0,199.0,204.0,-11.0,-60.0,-98.0,0.945813,0.698492,0.519608,9224,9081,143,0.015503,0.984497,0.0,4600,pass,
ketone_04_c0.1_wF08,ketone_04_c0.1,ketone,4,0.1,F08,6,8,crops/ketone/ketone_04_c0.1/ketone_04_c0.1_wF08.png,79.8,187.25837,189.0,13.796091,15.0,131.082106,137.0,20.020031,19.5,108.463377,107.0,15.455682,23.0,0.426191,0.419608,0.078636,0.145098,0.734347,0.741176,0.054102,0.058824,16.271453,12.674228,0.975831,0.273416,0.936744,0.440023,0.439732,0.305502,0.309168,0.254475,0.265,142.267951,144.0,202.0,201.0,205.0,-13.0,-64.0,-98.0,0.935644,0.681592,0.521951,9796,9707,89,0.009085,0.990915,0.0,4864,pass,
ketone_04_c0.1_wF09,ketone_04_c0.1,ketone,4,0.1,F09,6,9,crops/ketone/ketone_04_c0.1/ketone_04_c0.1_wF09.png,76.8,191.912815,191.0,12.409777,11.0,140.340478,138.0,17.76831,12.0,111.847622,106.0,23.415634,21.0,0.419173,0.427451,0.093883,0.137255,0.752599,0.74902,0.048666,0.043137,21.282079,7.197,0.992142,0.360108,0.924483,0.434114,0.439189,0.315706,0.317241,0.25018,0.250597,148.033638,144.333333,202.0,197.0,203.0,-11.0,-59.0,-97.0,0.945545,0.700508,0.522167,9080,8958,122,0.013436,0.986564,0.0,4480,pass,
ketone_04_c0.1_wF10,ketone_04_c0.1,ketone,4,0.1,F10,6,10,crops/ketone/ketone_04_c0.1/ketone_04_c0.1_wF10.png,78.6,188.968605,189.0,10.339755,11.0,137.109197,137.0,15.093739,13.0,108.897463,105.0,17.592085,15.0,0.424337,0.431373,0.075519,0.109804,0.741053,0.741176,0.040548,0.043137,20.86671,7.65162,0.991122,0.353033,0.926116,0.435587,0.438702,0.31481,0.317881,0.249603,0.247573,144.991755,143.333333,199.0,197.0,202.0,-10.0,-60.0,-97.0,0.949749,0.695431,0.519802,9508,9460,48,0.005048,0.994952,0.0,4744,pass,
ketone_04_c0.1_wF11,ketone_04_c0.1,ketone,4,0.1,F11,6,11,crops/ketone/ketone_04_c0.1/ketone_04_c0.1_wF11.png,76.5,186.080967,186.0,10.861397,10.0,133.167391,133.0,16.428109,10.0,107.099677,103.0,17.788175,13.0,0.426374,0.443137,0.074376,0.105882,0.729729,0.729412,0.042594,0.039216,19.468956,8.604336,0.988787,0.329559,0.932251,0.437728,0.441687,0.311724,0.316832,0.250548,0.245455,142.116011,140.666667,198.0,194.0,198.0,-12.0,-61.0,-95.0,0.939394,0.685567,0.520202,9016,8979,37,0.004104,0.995896,0.0,4512,pass,
ketone_04_c0.1_wF12,ketone_04_c0.1,ketone,4,0.1,F12,6,12,crops/ketone/ketone_04_c0.1/ketone_04_c0.1_wF12.png,77.4,183.26366,184.0,5.538096,7.0,132.411318,134.0,7.442956,7.0,110.391804,109.0,8.342672,14.0,0.396968,0.403922,0.05295,0.101961,0.718681,0.721569,0.021718,0.027451,17.937607,7.370347,0.99176,0.305444,0.943553,0.430273,0.431871,0.310623,0.313063,0.259105,0.257403,142.022261,142.333333,196.0,195.0,198.0,-12.0,-61.0,-89.0,0.938776,0.687179,0.550505,9224,9224,0,0.0,1.0,0.0,4600,pass,
ketone_04_c0.1_wG01,ketone_04_c0.1,ketone,4,0.1,G01,7,1,crops/ketone/ketone_04_c0.1/ketone_04_c0.1_wG01.png,76.5,184.523574,185.0,11.233364,9.0,130.061776,131.0,14.869187,10.0,103.062226,97.0,18.344412,18.0,0.442657,0.47451,0.082055,0.12549,0.723622,0.72549,0.044052,0.035294,19.635586,7.855468,0.990645,0.332893,0.933038,0.443229,0.449309,0.311014,0.316708,0.245757,0.235431,139.215858,137.666667,198.0,195.0,198.0,-13.0,-64.0,-101.0,0.934343,0.671795,0.489899,9016,8887,129,0.014308,0.985692,0.0,4512,pass,
ketone_04_c0.1_wG02,ketone_04_c0.1,ketone,4,0.1,G02,7,2,crops/ketone/ketone_04_c0.1/ketone_04_c0.1_wG02.png,73.5,184.146772,186.0,12.989118,15.0,126.393423,130.0,18.285352,16.0,98.933496,95.0,18.181738,17.0,0.465623,0.482353,0.083677,0.121569,0.722144,0.729412,0.050938,0.058824,18.862236,10.636409,0.982916,0.317771,0.930132,0.451202,0.454327,0.307595,0.316302,0.241202,0.234624,136.49123,137.0,199.0,189.0,192.0,-13.0,-59.0,-97.0,0.934673,0.687831,0.494792,8296,8210,86,0.010366,0.989634,0.0,4124,pass,
ketone_04_c0.1_wG03,ketone_04_c0.1,ketone,4,0.1,G03,7,3,crops/ketone/ketone_04_c0.1/ketone_04_c0.1_wG03.png,75.0,188.390215,189.0,12.616966,13.0,134.642482,135.0,15.371381,13.0,99.763723,94.0,20.181616,20.0,0.471228,0.494118,0.090062,0.137255,0.738785,0.741176,0.049478,0.05098,23.453126,6.605128,0.993377,0.395363,0.91131,0.447169,0.453682,0.318225,0.320665,0.234606,0.228299,140.93214,139.666667,201.0,196.0,199.0,-12.0,-61.0,-105.0,0.940299,0.688776,0.472362,8628,8380,248,0.028744,0.971256,0.0,4280,pass,
ketone_04_c0.1_wG04,ketone_04_c0.1,ketone,4,0.1,G04,7,4,crops/ketone/ketone_04_c0.1/ketone_04_c0.1_wG04.png,74.1,186.078184,189.0,16.206756,16.0,127.634697,130.0,19.604477,16.0,94.521671,89.0,21.682046,22.0,0.495741,0.517647,0.096104,0.141176,0.729718,0.741176,0.063556,0.062745,21.212752,10.295541,0.983985,0.356037,0.917314,0.457931,0.461916,0.311648,0.318182,0.23042,0.222222,136.078184,136.333333,204.0,199.0,203.0,-15.0,-69.0,-114.0,0.926471,0.653266,0.438424,8460,8237,223,0.026359,0.973641,0.0,4192,pass,
ketone_04_c0.1_wG05,ketone_04_c0.1,ketone,4,0.1,G05,7,5,crops/ketone/ketone_04_c0.1/ketone_04_c0.1_wG05.png,77.1,190.153889,192.0,13.408838,15.0,136.829347,139.0,16.863558,15.0,107.424005,105.0,18.878388,19.0,0.436389,0.443137,0.083549,0.129412,0.745702,0.752941,0.052584,0.058824,20.937812,8.849555,0.988143,0.353117,0.922895,0.439103,0.439535,0.314387,0.318182,0.24651,0.244898,144.802414,145.0,204.0,201.0,205.0,-12.0,-62.0,-100.0,0.941176,0.691542,0.512195,9176,8948,228,0.024847,0.975153,0.0,4520,pass,
ketone_04_c0.1_wG06,ketone_04_c0.1,ketone,4,0.1,G06,7,6,crops/ketone/ketone_04_c0.1/ketone_04_c0.1_wG06.png,72.3,193.898917,194.0,10.698277,13.0,140.263735,140.0,12.939292,13.0,109.840663,107.0,20.45313,27.0,0.433334,0.439216,0.098216,0.172549,0.760388,0.760784,0.041954,0.05098,21.541678,8.665414,0.988628,0.363003,0.919573,0.437885,0.439636,0.315916,0.317495,0.246199,0.245977,148.001105,146.0,203.0,195.0,200.0,-9.0,-55.0,-93.0,0.955665,0.717949,0.535,8040,7845,195,0.024254,0.975746,0.0,3972,pass,
ketone_04_c0.1_wG07,ketone_04_c0.1,ketone,4,0.1,G07,7,7,crops/ketone/ketone_04_c0.1/ketone_04_c0.1_wG07.png,76.5,194.39167,196.0,15.468903,17.0,139.512655,143.0,22.263788,23.0,125.095562,124.0,18.200405,24.0,0.369653,0.360784,0.082582,0.137255,0.76232,0.768627,0.060662,0.066667,11.345129,15.094989,0.96589,0.190008,0.947017,0.42503,0.424242,0.302307,0.302857,0.272663,0.284946,152.999962,155.333333,209.0,205.0,208.0,-13.0,-62.0,-84.0,0.937799,0.697561,0.596154,9016,8811,205,0.022737,0.977263,0.0,4512,pass,
ketone_04_c0.1_wG08,ketone_04_c0.1,ketone,4,0.1,G08,7,8,crops/ketone/ketone_04_c0.1/ketone_04_c0.1_wG08.png,75.6,196.781833,197.0,9.741982,8.0,140.304158,141.0,13.617249,10.0,120.404087,119.0,16.460501,19.0,0.390181,0.388235,0.071367,0.109804,0.771693,0.772549,0.038204,0.031373,15.44864,9.294391,0.986929,0.262893,0.951271,0.431019,0.431034,0.306358,0.308612,0.262623,0.264642,152.496693,151.666667,207.0,201.0,206.0,-10.0,-60.0,-87.0,0.951691,0.701493,0.57767,8804,8466,338,0.038392,0.961608,0.0,4384,pass,
ketone_04_c0.1_wG09,ketone_04_c0.1,ketone,4,0.1,G09,7,9,crops/ketone/ketone_04_c0.1/ketone_04_c0.1_wG09.png,75.0,195.138167,194.0,10.836998,10.0,141.051134,139.0,14.716518,11.0,113.359117,109.0,20.065384,19.0,0.420695,0.431373,0.081103,0.113725,0.765248,0.760784,0.042498,0.039216,20.244868,7.450314,0.991581,0.34312,0.930324,0.435416,0.438479,0.31363,0.315545,0.250953,0.248848,149.849473,147.333333,205.0,201.0,206.0,-11.0,-62.0,-97.0,0.946341,0.691542,0.529126,8628,8468,160,0.018544,0.981456,0.0,4280,pass,
ketone_04_c0.1_wG10,ketone_04_c0.1,ketone,4,0.1,G10,7,10,crops/ketone/ketone_04_c0.1/ketone_04_c0.1_wG10.png,78.9,193.375825,193.0,10.320356,11.0,141.602469,141.0,15.36397,13.0,114.281017,111.0,20.071008,21.0,0.40998,0.415686,0.085593,0.137255,0.758337,0.756863,0.040472,0.043137,20.530811,8.869995,0.988088,0.346533,0.925329,0.431727,0.434574,0.31496,0.317352,0.253313,0.253642,149.753103,147.333333,203.0,203.0,207.0,-10.0,-62.0,-96.0,0.950739,0.694581,0.536232,9572,9398,174,0.018178,0.981822,0.0,4744,pass,
ketone_04_c0.1_wG11,ketone_04_c0.1,ketone,4,0.1,G11,7,11,crops/ketone/ketone_04_c0.1/ketone_04_c0.1_wG11.png,74.4,193.055721,193.0,10.943592,10.0,143.241141,142.0,17.000437,11.0,113.665314,108.0,21.55938,19.0,0.412795,0.431373,0.087204,0.12549,0.757081,0.756863,0.042916,0.039216,22.105176,7.474766,0.991526,0.373119,0.918644,0.430709,0.435897,0.318004,0.321888,0.251287,0.247664,149.987392,146.666667,200.0,194.0,199.0,-7.0,-52.0,-91.0,0.965,0.731959,0.542714,8516,8381,135,0.015853,0.984147,0.0,4208,pass,
ketone_04_c0.1_wG12,ketone_04_c0.1,ketone,4,0.1,G12,7,12,crops/ketone/ketone_04_c0.1/ketone_04_c0.1_wG12.png,77.4,190.893304,191.0,13.297732,10.0,142.140285,142.0,21.923034,10.0,121.436663,116.0,24.549797,27.0,0.370723,0.368627,0.097579,0.156863,0.748601,0.74902,0.052148,0.039216,17.456202,11.171804,0.98117,0.294328,0.935984,0.42256,0.42617,0.311743,0.316562,0.265697,0.276458,151.490084,147.666667,200.0,199.0,203.0,-9.0,-57.0,-87.0,0.955,0.713568,0.571429,9224,9110,114,0.012359,0.987641,0.0,4600,pass,
ketone_04_c0.1_wH01,ketone_04_c0.1,ketone,4,0.1,H01,8,1,crops/ketone/ketone_04_c0.1/ketone_04_c0.1_wH01.png,75.6,189.797897,191.0,9.256179,7.0,135.752716,139.0,15.64573,10.0,118.211925,118.0,13.071683,15.0,0.382191,0.380392,0.058468,0.090196,0.744305,0.74902,0.036299,0.027451,14.226784,9.542774,0.986226,0.242375,0.955979,0.428739,0.427918,0.305035,0.30989,0.266226,0.268132,147.920846,148.666667,200.0,192.0,194.0,-9.0,-53.0,-76.0,0.955,0.723958,0.608247,8804,8654,150,0.017038,0.982962,0.0,4384,pass,
ketone_04_c0.1_wH02,ketone_04_c0.1,ketone,4,0.1,H02,8,2,crops/ketone/ketone_04_c0.1/ketone_04_c0.1_wH02.png,76.5,192.733326,195.0,14.871316,10.0,138.224776,142.0,21.934014,14.0,122.566187,120.0,22.462584,31.0,0.378903,0.376471,0.094778,0.14902,0.755817,0.764706,0.058319,0.039216,12.470405,13.781844,0.971485,0.209778,0.948565,0.427347,0.425837,0.303283,0.310536,0.269371,0.277389,151.174763,151.666667,206.0,202.0,204.0,-11.0,-60.0,-84.0,0.946602,0.70297,0.588235,9016,8831,185,0.020519,0.979481,0.0,4512,pass,
ketone_04_c0.1_wH03,ketone_04_c0.1,ketone,4,0.1,H03,8,3,crops/ketone/ketone_04_c0.1/ketone_04_c0.1_wH03.png,76.5,194.882206,196.0,12.19282,11.0,142.510823,142.0,14.164446,10.0,116.51162,113.0,20.827557,25.0,0.403381,0.411765,0.088947,0.152941,0.764244,0.768627,0.047815,0.043137,19.790612,7.470726,0.991535,0.335718,0.932972,0.43075,0.432314,0.3139,0.314607,0.25535,0.254008,151.301549,149.333333,207.0,206.0,208.0,-11.0,-64.0,-95.0,0.94686,0.68932,0.543269,9016,8778,238,0.026398,0.973602,0.0,4512,pass,
ketone_04_c0.1_wH04,ketone_04_c0.1,ketone,4,0.1,H04,8,4,crops/ketone/ketone_04_c0.1/ketone_04_c0.1_wH04.png,78.0,196.565839,197.0,14.816342,14.0,148.353566,147.0,17.832588,11.0,121.01129,115.0,26.719506,28.0,0.388012,0.411765,0.107376,0.172549,0.770846,0.772549,0.058103,0.054902,21.570178,9.36679,0.986726,0.36276,0.917623,0.42401,0.428571,0.318394,0.319899,0.257596,0.252677,155.310232,152.333333,208.0,209.0,212.0,-11.0,-62.0,-97.0,0.947115,0.703349,0.542453,9372,8946,426,0.045455,0.954545,0.0,4616,pass,
ketone_04_c0.1_wH05,ketone_04_c0.1,ketone,4,0.1,H05,8,5,crops/ketone/ketone_04_c0.1/ketone_04_c0.1_wH05.png,75.9,197.225228,199.0,15.973737,13.0,149.942305,151.0,20.774239,13.0,123.684935,119.0,27.538087,36.0,0.37902,0.392157,0.118998,0.207843,0.773432,0.780392,0.062642,0.05098,20.850771,12.014483,0.978254,0.348195,0.914189,0.421367,0.422819,0.31776,0.320388,0.260873,0.261134,156.950823,154.666667,210.0,207.0,211.0,-11.0,-56.0,-92.0,0.947619,0.729469,0.563981,8880,8649,231,0.026014,0.973986,0.0,4408,pass,
ketone_04_c0.1_wH06,ketone_04_c0.1,ketone,4,0.1,H06,8,6,crops/ketone/ketone_04_c0.1/ketone_04_c0.1_wH06.png,80.7,200.106914,201.0,15.176382,13.0,152.346719,152.0,18.549465,13.0,128.246533,121.0,26.934845,37.0,0.364159,0.372549,0.110994,0.203922,0.784733,0.788235,0.059515,0.05098,19.729938,12.02904,0.978202,0.330229,0.920776,0.418248,0.422449,0.316754,0.317671,0.264998,0.264271,160.233389,157.0,210.0,210.0,213.0,-9.0,-58.0,-92.0,0.957143,0.72381,0.568075,10000,9662,338,0.0338,0.9662,0.0,5008,pass,
ketone_04_c0.1_wH07,ketone_04_c0.1,ketone,4,0.1,H07,8,7,crops/ketone/ketone_04_c0.1/ketone_04_c0.1_wH07.png,70.8,202.955218,203.0,9.565444,7.0,151.584087,150.0,11.973619,8.0,121.759929,116.0,20.748095,23.0,0.400811,0.423529,0.089519,0.14902,0.795903,0.796078,0.037512,0.027451,21.941262,7.279391,0.991962,0.370652,0.920111,0.427277,0.431624,0.31837,0.319915,0.254353,0.248945,158.766411,156.0,208.0,199.0,203.0,-5.0,-49.0,-87.0,0.975962,0.753769,0.571429,7716,7302,414,0.053655,0.946345,0.0,3852,pass,
ketone_04_c0.1_wH08,ketone_04_c0.1,ketone,4,0.1,H08,8,8,crops/ketone/ketone_04_c0.1/ketone_04_c0.1_wH08.png,69.9,203.748477,204.0,9.878965,9.0,155.399603,153.0,13.025341,10.0,133.040952,126.0,19.7187,26.0,0.348064,0.368627,0.080446,0.137255,0.799014,0.8,0.038741,0.035294,18.974678,6.766569,0.993051,0.322891,0.939091,0.415077,0.419958,0.315691,0.315789,0.269232,0.265306,164.063011,161.0,208.0,199.0,203.0,-4.0,-46.0,-77.0,0.980769,0.768844,0.62069,7516,7057,459,0.06107,0.93893,0.0,3748,pass,
ketone_04_c0.1_wH09,ketone_04_c0.1,ketone,4,0.1,H09,8,9,crops/ketone/ketone_04_c0.1/ketone_04_c0.1_wH09.png,77.1,200.864149,201.0,10.668772,9.0,150.782638,150.0,14.742101,10.0,131.108681,125.0,22.293247,37.0,0.352314,0.360784,0.094759,0.180392,0.787703,0.788235,0.041838,0.035294,16.593161,11.403035,0.98039,0.279974,0.939564,0.417484,0.420206,0.312223,0.313653,0.270294,0.271672,160.918489,157.666667,210.0,209.0,212.0,-9.0,-59.0,-87.0,0.957143,0.717703,0.589623,9176,8870,306,0.033348,0.966652,0.0,4520,pass,
ketone_04_c0.1_wH10,ketone_04_c0.1,ketone,4,0.1,H10,8,10,crops/ketone/ketone_04_c0.1/ketone_04_c0.1_wH10.png,75.0,200.68648,200.0,9.057495,9.0,153.489815,152.0,11.999801,8.0,131.454437,128.0,19.629539,31.0,0.346678,0.34902,0.087974,0.156863,0.787006,0.784314,0.03552,0.035294,18.941211,9.984416,0.984931,0.319707,0.931599,0.41421,0.414737,0.316092,0.31681,0.269698,0.269978,161.876911,159.0,208.0,205.0,209.0,-8.0,-53.0,-81.0,0.961538,0.741463,0.61244,8628,8395,233,0.027005,0.972995,0.0,4280,pass,
ketone_04_c0.1_wH11,ketone_04_c0.1,ketone,4,0.1,H11,8,11,crops/ketone/ketone_04_c0.1/ketone_04_c0.1_wH11.png,72.6,198.436829,199.0,8.755742,8.0,151.179351,151.0,13.574669,8.0,126.524675,123.0,18.505686,22.0,0.364245,0.368627,0.078787,0.129412,0.778184,0.780392,0.034336,0.031373,20.506577,9.164093,0.98729,0.345863,0.924728,0.417716,0.419283,0.317366,0.320084,0.264918,0.264463,158.713619,156.0,204.0,198.0,201.0,-5.0,-47.0,-78.0,0.97549,0.762626,0.61194,8128,7923,205,0.025221,0.974779,0.0,4032,pass,
ketone_04_c0.1_wH12,ketone_04_c0.1,ketone,4,0.1,H12,8,12,crops/ketone/ketone_04_c0.1/ketone_04_c0.1_wH12.png,78.0,195.912662,198.0,12.393558,7.0,148.818398,153.0,22.130084,8.0,132.686797,130.0,18.814421,28.0,0.335982,0.337255,0.08125,0.145098,0.768285,0.776471,0.048602,0.027451,14.231745,14.623579,0.967954,0.237966,0.938246,0.412108,0.414163,0.310193,0.315682,0.277699,0.286902,159.139286,158.666667,204.0,205.0,209.0,-6.0,-52.0,-79.0,0.970588,0.746341,0.62201,9372,9240,132,0.014085,0.985915,0.0,4616,pass,
ketone_05_c0.5_wA01,ketone_05_c0.5,ketone,5,0.5,A01,1,1,crops/ketone/ketone_05_c0.5/ketone_05_c0.5_wA01.png,84.6,157.340116,157.0,6.051233,9.0,107.919422,108.0,8.001042,11.0,114.231014,114.0,6.645711,9.0,0.314952,0.309804,0.02853,0.035294,0.61702,0.615686,0.02373,0.035294,352.222423,2.702257,0.998888,-0.135177,0.9897,0.414968,0.414169,0.284081,0.28534,0.30095,0.301047,126.496851,126.333333,173.0,169.0,172.0,-16.0,-61.0,-58.0,0.907514,0.639053,0.662791,11008,11008,0,0.0,1.0,0.0,5448,pass,
ketone_05_c0.5_wA02,ketone_05_c0.5,ketone,5,0.5,A02,1,2,crops/ketone/ketone_05_c0.5/ketone_05_c0.5_wA02.png,89.4,151.472385,153.0,6.059408,4.0,98.188921,102.0,11.185426,7.0,100.619477,101.0,6.67541,6.0,0.360582,0.345098,0.052836,0.035294,0.594009,0.6,0.023762,0.015686,357.117408,6.379826,0.99382,-0.049979,0.992562,0.433336,0.429752,0.279316,0.285714,0.287348,0.288136,116.760261,118.666667,176.0,174.0,178.0,-23.0,-72.0,-77.0,0.869318,0.586207,0.567416,12312,12312,0,0.0,1.0,0.0,6124,pass,
ketone_05_c0.5_wA03,ketone_05_c0.5,ketone,5,0.5,A03,1,3,crops/ketone/ketone_05_c0.5/ketone_05_c0.5_wA03.png,81.3,156.618219,156.0,5.125046,7.0,104.366156,104.0,6.350123,9.0,103.169123,103.0,5.088292,6.0,0.349821,0.34902,0.017744,0.023529,0.614189,0.611765,0.020098,0.027451,1.302725,4.657192,0.996702,0.02266,0.996444,0.430294,0.430108,0.286425,0.288571,0.283281,0.282776,121.384499,121.0,171.0,157.0,162.0,-15.0,-53.0,-59.0,0.912281,0.66242,0.635802,10176,10176,0,0.0,1.0,0.0,5060,pass,
ketone_05_c0.5_wA04,ketone_05_c0.5,ketone,5,0.5,A04,1,4,crops/ketone/ketone_05_c0.5/ketone_05_c0.5_wA04.png,85.5,157.03267,157.0,5.6202,8.0,102.569691,103.0,7.633177,10.0,103.510476,103.0,5.977889,8.0,0.354788,0.34902,0.027254,0.031373,0.615814,0.615686,0.02204,0.031373,359.126381,4.470202,0.996961,-0.015201,0.996845,0.432822,0.432099,0.282171,0.284916,0.285007,0.284417,121.037612,121.0,181.0,174.0,178.0,-24.0,-71.0,-75.0,0.867403,0.591954,0.578652,11264,11264,0,0.0,1.0,0.0,5604,pass,
ketone_05_c0.5_wA05,ketone_05_c0.5,ketone,5,0.5,A05,1,5,crops/ketone/ketone_05_c0.5/ketone_05_c0.5_wA05.png,83.4,158.434437,158.0,5.525178,8.0,104.765526,104.0,7.134177,10.0,108.605219,108.0,6.73273,9.0,0.339368,0.341176,0.026015,0.035294,0.621312,0.619608,0.021667,0.031373,355.548907,1.945401,0.999424,-0.077563,0.996409,0.426497,0.427419,0.281552,0.282051,0.291951,0.291785,123.93506,123.333333,178.0,166.0,169.0,-20.0,-62.0,-61.0,0.88764,0.626506,0.639053,10692,10692,0,0.0,1.0,0.0,5304,pass,
ketone_05_c0.5_wA06,ketone_05_c0.5,ketone,5,0.5,A06,1,6,crops/ketone/ketone_05_c0.5/ketone_05_c0.5_wA06.png,91.896,164.390129,165.0,6.826529,8.0,117.603249,121.0,11.621662,11.0,124.5328,127.0,9.308122,11.0,0.28622,0.270588,0.048507,0.043137,0.644667,0.647059,0.026771,0.031373,351.040326,3.106483,0.998531,-0.155511,0.986347,0.405199,0.400943,0.288624,0.292453,0.306178,0.306413,135.508726,137.666667,178.0,165.0,169.0,-13.0,-44.0,-42.0,0.926966,0.733333,0.751479,12988,12988,0,0.0,1.0,0.0,6468,pass,
ketone_05_c0.5_wA07,ketone_05_c0.5,ketone,5,0.5,A07,1,7,crops/ketone/ketone_05_c0.5/ketone_05_c0.5_wA07.png,91.896,162.707961,166.0,10.617076,10.0,112.952187,118.0,15.897436,19.0,123.1332,126.0,12.200516,14.0,0.309211,0.286275,0.062485,0.070588,0.63807,0.65098,0.041636,0.039216,347.453964,3.931033,0.997649,-0.216713,0.973827,0.409446,0.403423,0.281848,0.288509,0.308706,0.308612,132.931116,136.666667,178.0,166.0,170.0,-12.0,-48.0,-44.0,0.932584,0.710843,0.741176,12988,12988,0,0.0,1.0,0.0,6468,pass,
ketone_05_c0.5_wA08,ketone_05_c0.5,ketone,5,0.5,A08,1,8,crops/ketone/ketone_05_c0.5/ketone_05_c0.5_wA08.png,86.7,161.547183,161.0,5.527336,7.0,106.514777,107.0,8.543167,12.0,107.37729,107.0,8.242305,12.0,0.3545,0.352941,0.037881,0.054902,0.633518,0.631373,0.021676,0.027451,359.094591,6.241752,0.994084,-0.015708,0.99396,0.430832,0.430079,0.283385,0.286517,0.285783,0.288515,125.146417,124.666667,184.0,179.0,183.0,-23.0,-72.0,-76.0,0.875,0.597765,0.584699,11572,11572,0,0.0,1.0,0.0,5764,pass,
ketone_05_c0.5_wA09,ketone_05_c0.5,ketone,5,0.5,A09,1,9,crops/ketone/ketone_05_c0.5/ketone_05_c0.5_wA09.png,81.0,163.527767,164.0,5.370283,7.0,110.687945,111.0,7.149011,10.0,108.315119,108.0,6.159893,9.0,0.344823,0.345098,0.025047,0.035294,0.641285,0.643137,0.02106,0.027451,2.543656,4.854682,0.996417,0.044222,0.995435,0.427774,0.426702,0.289148,0.29156,0.283078,0.283333,127.510277,127.666667,180.0,169.0,174.0,-16.0,-58.0,-66.0,0.911111,0.656805,0.62069,10120,10120,0,0.0,1.0,0.0,5008,pass,
ketone_05_c0.5_wA10,ketone_05_c0.5,ketone,5,0.5,A10,1,10,crops/ketone/ketone_05_c0.5/ketone_05_c0.5_wA10.png,77.4,165.32448,165.0,4.868499,6.0,112.106678,113.0,6.667752,8.0,110.144731,110.0,5.999221,8.0,0.339644,0.341176,0.024354,0.035294,0.648331,0.647059,0.019092,0.023529,2.129222,4.131943,0.997403,0.037057,0.996714,0.426833,0.426396,0.289073,0.290816,0.284094,0.284153,129.191963,129.333333,162.0,139.0,147.0,3.0,-26.0,-37.0,1.018519,0.81295,0.748299,9224,9224,0,0.0,1.0,0.0,4600,pass,
ketone_05_c0.5_wA11,ketone_05_c0.5,ketone,5,0.5,A11,1,11,crops/ketone/ketone_05_c0.5/ketone_05_c0.5_wA11.png,85.5,162.194247,162.0,5.297799,5.0,108.937944,110.0,7.660995,8.0,109.296254,109.0,6.113135,6.0,0.342057,0.341176,0.025604,0.027451,0.636056,0.635294,0.020776,0.019608,359.771141,5.932854,0.994653,-0.003973,0.994645,0.426621,0.425926,0.286116,0.289256,0.287263,0.287532,126.809482,127.0,183.0,180.0,184.0,-21.0,-70.0,-75.0,0.885246,0.611111,0.592391,11264,11264,0,0.0,1.0,0.0,5604,pass,
ketone_05_c0.5_wA12,ketone_05_c0.5,ketone,5,0.5,A12,1,12,crops/ketone/ketone_05_c0.5/ketone_05_c0.5_wA12.png,75.0,167.131677,166.0,9.701219,4.0,116.698212,115.0,13.643156,5.0,116.770901,115.0,13.639182,5.0,0.312632,0.313725,0.034938,0.019608,0.655418,0.65098,0.038044,0.015686,0.050698,4.494975,0.996927,0.000882,0.996927,0.418056,0.418953,0.290869,0.292191,0.291074,0.29,133.533597,132.0,165.0,142.0,151.0,1.0,-27.0,-36.0,1.006061,0.809859,0.761589,8628,8612,16,0.001854,0.998146,0.0,4280,pass,
ketone_05_c0.5_wB01,ketone_05_c0.5,ketone,5,0.5,B01,2,1,crops/ketone/ketone_05_c0.5/ketone_05_c0.5_wB01.png,82.5,160.309329,160.0,4.360013,5.0,105.00372,105.0,5.730472,6.0,101.72024,102.0,6.500143,9.0,0.36796,0.364706,0.031553,0.047059,0.628664,0.627451,0.017098,0.019608,3.61258,3.579373,0.998051,0.062887,0.996067,0.437095,0.435967,0.285961,0.287154,0.276944,0.278873,122.34443,122.333333,177.0,170.0,173.0,-17.0,-65.0,-71.0,0.903955,0.617647,0.589595,10484,10484,0,0.0,1.0,0.0,5196,pass,
ketone_05_c0.5_wB02,ketone_05_c0.5,ketone,5,0.5,B02,2,2,crops/ketone/ketone_05_c0.5/ketone_05_c0.5_wB02.png,84.9,160.330564,160.0,5.131984,7.0,103.682442,104.0,5.91719,7.0,96.368858,96.0,5.901923,8.0,0.400012,0.403922,0.027279,0.043137,0.628747,0.627451,0.020125,0.027451,6.944621,4.218868,0.997293,0.120583,0.989976,0.445131,0.445378,0.287568,0.288889,0.267301,0.266082,120.127288,120.0,181.0,175.0,178.0,-21.0,-71.0,-82.0,0.883978,0.594286,0.539326,11072,11072,0,0.0,1.0,0.0,5500,pass,
ketone_05_c0.5_wB03,ketone_05_c0.5,ketone,5,0.5,B03,2,3,crops/ketone/ketone_05_c0.5/ketone_05_c0.5_wB03.png,85.5,165.199485,166.0,6.089799,8.0,110.277344,111.0,7.137073,9.0,105.754705,106.0,5.713829,7.0,0.363046,0.364706,0.019103,0.027451,0.647841,0.65098,0.023882,0.031373,4.761382,4.416497,0.997034,0.08276,0.993593,0.433562,0.433673,0.289056,0.291005,0.277382,0.277778,127.077178,127.666667,182.0,175.0,179.0,-16.0,-64.0,-73.0,0.912088,0.634286,0.592179,11264,11264,0,0.0,1.0,0.0,5604,pass,
ketone_05_c0.5_wB04,ketone_05_c0.5,ketone,5,0.5,B04,2,4,crops/ketone/ketone_05_c0.5/ketone_05_c0.5_wB04.png,90.3,165.551323,166.0,6.408921,8.0,107.818298,109.0,8.214673,11.0,106.315508,107.0,6.266107,8.0,0.36544,0.364706,0.023721,0.027451,0.649221,0.65098,0.025133,0.031373,1.643342,4.142194,0.99739,0.028603,0.99698,0.43639,0.436031,0.283631,0.285714,0.279979,0.279703,126.56171,127.0,187.0,183.0,187.0,-21.0,-74.0,-80.0,0.887701,0.595628,0.572193,12548,12548,0,0.0,1.0,0.0,6236,pass,
ketone_05_c0.5_wB05,ketone_05_c0.5,ketone,5,0.5,B05,2,5,crops/ketone/ketone_05_c0.5/ketone_05_c0.5_wB05.png,83.1,168.090542,168.0,5.919367,8.0,113.472358,114.0,7.985042,11.0,111.632757,111.0,7.827719,11.0,0.340796,0.345098,0.030658,0.05098,0.659179,0.658824,0.023213,0.031373,2.072419,3.543855,0.998089,0.036094,0.997436,0.427949,0.428928,0.288345,0.29,0.283707,0.284238,131.065219,131.0,183.0,169.0,173.0,-15.0,-55.0,-62.0,0.918033,0.674556,0.641618,10636,10636,0,0.0,1.0,0.0,5272,pass,
ketone_05_c0.5_wB06,ketone_05_c0.5,ketone,5,0.5,B06,2,6,crops/ketone/ketone_05_c0.5/ketone_05_c0.5_wB06.png,72.204,169.428963,172.0,11.181006,11.0,118.356805,124.0,20.823408,22.0,123.854063,125.0,13.753474,19.0,0.309994,0.290196,0.088033,0.090196,0.664427,0.67451,0.043847,0.043137,353.094181,8.729929,0.988459,-0.11885,0.981288,0.41393,0.410431,0.285047,0.295508,0.301023,0.30203,137.213277,140.333333,167.0,119.0,126.0,5.0,5.0,-1.0,1.02994,1.042017,0.992063,8024,8024,0,0.0,1.0,0.0,3980,pass,
ketone_05_c0.5_wB07,ketone_05_c0.5,ketone,5,0.5,B07,2,7,crops/ketone/ketone_05_c0.5/ketone_05_c0.5_wB07.png,85.5,170.487393,171.0,7.028416,8.0,115.193892,117.0,9.406172,11.0,115.647905,116.0,7.270577,9.0,0.337812,0.337255,0.030996,0.035294,0.668578,0.670588,0.027562,0.031373,359.594361,6.159874,0.994237,-0.007039,0.994213,0.425208,0.425974,0.286626,0.29,0.288166,0.287129,133.776397,134.333333,187.0,178.0,182.0,-16.0,-61.0,-66.0,0.914439,0.657303,0.637363,11264,11264,0,0.0,1.0,0.0,5604,pass,
ketone_05_c0.5_wB08,ketone_05_c0.5,ketone,5,0.5,B08,2,8,crops/ketone/ketone_05_c0.5/ketone_05_c0.5_wB08.png,85.8,171.040283,171.0,6.017654,7.0,116.974735,118.0,8.134985,9.0,114.307332,114.0,8.075799,12.0,0.341812,0.345098,0.033314,0.047059,0.670746,0.670588,0.023599,0.027451,2.716293,6.471069,0.993642,0.047089,0.992526,0.425517,0.42615,0.290516,0.293399,0.283967,0.282878,134.10745,134.333333,189.0,183.0,187.0,-18.0,-65.0,-73.0,0.904762,0.644809,0.609626,11320,11320,0,0.0,1.0,0.0,5616,pass,
ketone_05_c0.5_wB09,ketone_05_c0.5,ketone,5,0.5,B09,2,9,crops/ketone/ketone_05_c0.5/ketone_05_c0.5_wB09.png,84.3,172.031022,173.0,6.521284,7.0,116.384307,117.0,8.578232,10.0,112.117427,112.0,8.367897,12.0,0.356371,0.356863,0.03482,0.054902,0.674631,0.678431,0.025574,0.027451,4.219832,6.37746,0.993824,0.073129,0.99113,0.429923,0.42973,0.290306,0.293194,0.279771,0.278894,133.510918,134.0,188.0,182.0,186.0,-15.0,-65.0,-74.0,0.920213,0.642857,0.602151,10960,10960,0,0.0,1.0,0.0,5432,pass,
ketone_05_c0.5_wB10,ketone_05_c0.5,ketone,5,0.5,B10,2,10,crops/ketone/ketone_05_c0.5/ketone_05_c0.5_wB10.png,81.0,170.752569,171.0,6.323262,8.0,115.311067,116.0,8.101059,9.0,114.24417,114.0,8.156363,10.0,0.340551,0.341176,0.031589,0.047059,0.669618,0.670588,0.024797,0.031373,1.250082,5.042508,0.996135,0.021732,0.995898,0.426974,0.426829,0.287815,0.289855,0.28521,0.285347,133.435935,133.666667,187.0,175.0,179.0,-16.0,-59.0,-65.0,0.914439,0.662857,0.636872,10120,10120,0,0.0,1.0,0.0,5008,pass,
ketone_05_c0.5_wB11,ketone_05_c0.5,ketone,5,0.5,B11,2,11,crops/ketone/ketone_05_c0.5/ketone_05_c0.5_wB11.png,83.1,169.793531,170.0,6.14953,8.0,114.293813,114.0,7.478959,9.0,111.045224,110.0,7.71073,9.0,0.349919,0.356863,0.02992,0.043137,0.665857,0.666667,0.024116,0.031373,3.218225,3.956818,0.997618,0.056005,0.996045,0.43008,0.432,0.289068,0.29064,0.280852,0.280423,131.710856,131.666667,188.0,181.0,184.0,-18.0,-67.0,-74.0,0.904255,0.629834,0.597826,10636,10636,0,0.0,1.0,0.0,5272,pass,
ketone_05_c0.5_wB12,ketone_05_c0.5,ketone,5,0.5,B12,2,12,crops/ketone/ketone_05_c0.5/ketone_05_c0.5_wB12.png,84.0,169.681318,168.0,11.413145,7.0,115.911539,114.0,16.368957,9.0,115.454983,112.0,16.624561,10.0,0.335715,0.345098,0.049042,0.043137,0.665417,0.658824,0.044757,0.027451,0.554649,6.516263,0.993554,0.009618,0.993507,0.424461,0.427518,0.288307,0.290488,0.287232,0.284264,133.682613,131.333333,188.0,184.0,187.0,-20.0,-70.0,-75.0,0.893617,0.619565,0.59893,10856,10807,49,0.004514,0.995486,0.0,5388,pass,
ketone_05_c0.5_wC01,ketone_05_c0.5,ketone,5,0.5,C01,3,1,crops/ketone/ketone_05_c0.5/ketone_05_c0.5_wC01.png,84.6,163.016715,164.0,5.60736,7.0,108.406432,110.0,8.13262,10.0,105.892896,106.0,6.837243,10.0,0.35691,0.352941,0.032663,0.047059,0.639281,0.643137,0.02199,0.027451,2.687941,4.568165,0.996827,0.046747,0.99573,0.432485,0.431122,0.286984,0.290323,0.28053,0.281843,125.772014,126.666667,183.0,176.0,178.0,-19.0,-66.0,-72.0,0.896175,0.625,0.595506,11008,11008,0,0.0,1.0,0.0,5448,pass,
ketone_05_c0.5_wC02,ketone_05_c0.5,ketone,5,0.5,C02,3,2,crops/ketone/ketone_05_c0.5/ketone_05_c0.5_wC02.png,87.6,167.514317,168.0,5.825447,8.0,110.256862,111.0,6.878312,9.0,106.00449,106.0,5.489036,8.0,0.371561,0.372549,0.019679,0.027451,0.656919,0.658824,0.022845,0.031373,4.211159,4.535377,0.996872,0.073203,0.994181,0.436702,0.436224,0.287092,0.288889,0.276206,0.275689,127.925223,128.666667,185.0,181.0,184.0,-17.0,-70.0,-78.0,0.908108,0.61326,0.576087,11804,11804,0,0.0,1.0,0.0,5868,pass,
ketone_05_c0.5_wC03,ketone_05_c0.5,ketone,5,0.5,C03,3,3,crops/ketone/ketone_05_c0.5/ketone_05_c0.5_wC03.png,82.5,170.237123,170.0,5.014292,6.0,112.030904,112.0,5.522646,8.0,109.351679,109.0,6.021584,8.0,0.362617,0.360784,0.022282,0.035294,0.667597,0.666667,0.019664,0.023529,2.763312,4.080472,0.997467,0.048088,0.996307,0.434897,0.435115,0.285981,0.286802,0.279123,0.278802,130.539902,130.666667,185.0,174.0,178.0,-15.0,-62.0,-69.0,0.918919,0.643678,0.61236,10484,10484,0,0.0,1.0,0.0,5196,pass,
ketone_05_c0.5_wC04,ketone_05_c0.5,ketone,5,0.5,C04,3,4,crops/ketone/ketone_05_c0.5/ketone_05_c0.5_wC04.png,85.2,171.981402,173.0,5.87997,8.0,113.320279,114.0,7.14649,9.0,111.728451,112.0,7.453878,10.0,0.359743,0.360784,0.031079,0.05098,0.674437,0.678431,0.023059,0.031373,1.604354,5.448625,0.995489,0.027871,0.995098,0.43349,0.433862,0.285239,0.287411,0.281271,0.283019,132.343377,132.666667,189.0,182.0,186.0,-16.0,-68.0,-74.0,0.915344,0.626374,0.602151,11184,11184,0,0.0,1.0,0.0,5556,pass,
ketone_05_c0.5_wC05,ketone_05_c0.5,ketone,5,0.5,C05,3,5,crops/ketone/ketone_05_c0.5/ketone_05_c0.5_wC05.png,83.1,173.93522,174.0,5.42339,8.0,118.710605,119.0,7.114859,10.0,118.694622,119.0,7.605434,11.0,0.32665,0.329412,0.02745,0.043137,0.682099,0.682353,0.021268,0.031373,0.04034,3.883811,0.997705,0.000702,0.997705,0.423201,0.423445,0.288434,0.288783,0.288365,0.288136,137.113483,137.333333,187.0,174.0,178.0,-13.0,-55.0,-59.0,0.930481,0.683908,0.668539,10636,10636,0,0.0,1.0,0.0,5272,pass,
ketone_05_c0.5_wC06,ketone_05_c0.5,ketone,5,0.5,C06,3,6,crops/ketone/ketone_05_c0.5/ketone_05_c0.5_wC06.png,86.1,175.885734,177.0,7.208714,7.0,119.744742,121.0,10.992635,10.0,120.089467,119.0,9.787452,12.0,0.333355,0.333333,0.045165,0.047059,0.689748,0.694118,0.028269,0.027451,359.785158,6.60615,0.993375,-0.003725,0.993368,0.423811,0.424821,0.287492,0.290476,0.288697,0.286408,138.573315,138.666667,191.0,184.0,188.0,-14.0,-63.0,-69.0,0.926702,0.657609,0.632979,11412,11412,0,0.0,1.0,0.0,5700,pass,
ketone_05_c0.5_wC07,ketone_05_c0.5,ketone,5,0.5,C07,3,7,crops/ketone/ketone_05_c0.5/ketone_05_c0.5_wC07.png,87.3,176.995148,177.0,5.100828,6.0,120.614998,121.0,6.295171,8.0,119.956844,120.0,6.806329,9.0,0.330887,0.329412,0.022738,0.031373,0.694099,0.694118,0.020003,0.023529,0.791764,4.430741,0.997014,0.013777,0.996919,0.424118,0.423174,0.288744,0.28972,0.287139,0.287081,139.188997,139.666667,194.0,188.0,191.0,-17.0,-67.0,-71.0,0.912371,0.643617,0.628272,11748,11748,0,0.0,1.0,0.0,5796,pass,
ketone_05_c0.5_wC08,ketone_05_c0.5,ketone,5,0.5,C08,3,8,crops/ketone/ketone_05_c0.5/ketone_05_c0.5_wC08.png,75.3,176.999657,177.0,5.532151,6.0,122.571167,123.0,6.769486,8.0,115.454119,116.0,7.356022,10.0,0.348327,0.34902,0.027629,0.047059,0.694116,0.694118,0.021695,0.023529,7.026709,2.940554,0.998684,0.122171,0.991183,0.426793,0.426523,0.295214,0.296117,0.277993,0.278177,138.341648,138.666667,170.0,132.0,143.0,7.0,-9.0,-27.0,1.041176,0.931818,0.811189,8740,8740,0,0.0,1.0,0.0,4328,pass,
ketone_05_c0.5_wC09,ketone_05_c0.5,ketone,5,0.5,C09,3,9,crops/ketone/ketone_05_c0.5/ketone_05_c0.5_wC09.png,82.5,178.039298,179.0,5.921251,6.0,121.376002,122.0,6.97246,9.0,115.471576,115.0,8.362601,12.0,0.353905,0.356863,0.035051,0.062745,0.698193,0.701961,0.023221,0.023529,5.706239,4.676763,0.996674,0.099097,0.991735,0.429475,0.430657,0.292437,0.293303,0.278088,0.277251,138.295625,138.666667,192.0,184.5,188.0,-13.0,-62.5,-73.0,0.932292,0.661247,0.611702,10484,10484,0,0.0,1.0,0.0,5196,pass,
ketone_05_c0.5_wC10,ketone_05_c0.5,ketone,5,0.5,C10,3,10,crops/ketone/ketone_05_c0.5/ketone_05_c0.5_wC10.png,81.0,177.336067,178.0,6.642212,7.0,120.220553,121.0,7.875286,8.0,112.563439,112.0,7.750719,8.0,0.366799,0.372549,0.026143,0.031373,0.695436,0.698039,0.026048,0.027451,7.124781,4.148776,0.997382,0.123706,0.98968,0.432708,0.43309,0.292958,0.294416,0.274334,0.272494,136.706686,137.0,192.0,182.0,186.0,-14.0,-61.0,-74.0,0.927083,0.664835,0.602151,10120,10120,0,0.0,1.0,0.0,5008,pass,
ketone_05_c0.5_wC11,ketone_05_c0.5,ketone,5,0.5,C11,3,11,crops/ketone/ketone_05_c0.5/ketone_05_c0.5_wC11.png,82.8,173.974919,174.0,8.535846,8.0,117.018906,117.0,11.090353,8.0,107.299069,106.0,11.43635,6.0,0.385108,0.392157,0.035449,0.031373,0.682255,0.682353,0.033474,0.031373,8.68577,4.424621,0.997023,0.150566,0.985588,0.437434,0.438503,0.293487,0.295285,0.269079,0.266169,132.764298,132.333333,190.0,184.0,188.0,-16.0,-67.0,-82.0,0.915789,0.63587,0.56383,10556,10526,30,0.002842,0.997158,0.0,5252,pass,
ketone_05_c0.5_wC12,ketone_05_c0.5,ketone,5,0.5,C12,3,12,crops/ketone/ketone_05_c0.5/ketone_05_c0.5_wC12.png,78.3,173.850037,174.0,9.03611,8.0,119.131403,118.0,12.205275,10.0,117.373847,115.0,13.028368,11.0,0.335597,0.341176,0.041701,0.05098,0.681765,0.682353,0.035436,0.031373,1.76635,5.742945,0.994989,0.030669,0.994516,0.42448,0.427184,0.289925,0.291971,0.285595,0.285377,136.785096,135.333333,181.0,164.0,171.0,-7.0,-46.0,-56.0,0.961326,0.719512,0.672515,9460,9429,31,0.003277,0.996723,0.0,4680,pass,
ketone_05_c0.5_wD01,ketone_05_c0.5,ketone,5,0.5,D01,4,1,crops/ketone/ketone_05_c0.5/ketone_05_c0.5_wD01.png,85.2,163.665773,164.0,5.246862,7.0,107.993473,108.0,6.783783,9.0,106.261803,106.0,5.62437,8.0,0.355703,0.356863,0.019797,0.027451,0.641827,0.643137,0.020576,0.027451,1.960906,3.446357,0.998193,0.034156,0.997608,0.433347,0.433155,0.285548,0.286822,0.281105,0.280654,125.973683,125.666667,184.0,178.0,181.0,-20.0,-70.0,-75.0,0.891304,0.606742,0.585635,11184,11184,0,0.0,1.0,0.0,5556,pass,
ketone_05_c0.5_wD02,ketone_05_c0.5,ketone,5,0.5,D02,4,2,crops/ketone/ketone_05_c0.5/ketone_05_c0.5_wD02.png,84.6,171.651526,172.0,5.686863,8.0,116.552689,117.0,7.949682,10.0,113.44286,114.0,9.438198,13.0,0.345711,0.341176,0.040218,0.058824,0.673143,0.67451,0.022301,0.031373,3.323636,5.20886,0.995876,0.057737,0.994201,0.427925,0.426829,0.289994,0.291457,0.282081,0.283019,133.882358,134.333333,187.0,180.0,183.0,-15.0,-63.0,-69.0,0.919786,0.65,0.622951,11008,11008,0,0.0,1.0,0.0,5448,pass,
ketone_05_c0.5_wD03,ketone_05_c0.5,ketone,5,0.5,D03,4,3,crops/ketone/ketone_05_c0.5/ketone_05_c0.5_wD03.png,81.9,173.391031,174.0,5.906711,7.0,115.353545,116.0,6.4397,7.0,109.814607,109.0,6.675297,9.0,0.370554,0.372549,0.026068,0.043137,0.679965,0.682353,0.023164,0.027451,5.34917,4.987811,0.996218,0.092872,0.99188,0.435254,0.436314,0.289304,0.290323,0.275442,0.273936,132.853061,133.333333,188.0,177.0,181.0,-14.0,-61.0,-72.0,0.925532,0.655367,0.60221,10324,10324,0,0.0,1.0,0.0,5136,pass,
ketone_05_c0.5_wD04,ketone_05_c0.5,ketone,5,0.5,D04,4,4,crops/ketone/ketone_05_c0.5/ketone_05_c0.5_wD04.png,82.8,175.486927,176.0,6.286479,8.0,116.838102,118.0,8.335975,8.25,114.011936,113.0,7.802013,10.0,0.360188,0.364706,0.034571,0.047059,0.688184,0.690196,0.024653,0.031373,2.703581,6.288697,0.993995,0.046886,0.992888,0.43225,0.433584,0.287259,0.28963,0.280491,0.279126,135.445655,135.666667,191.0,181.0,185.0,-15.0,-63.0,-72.0,0.921466,0.651934,0.610811,10556,10556,0,0.0,1.0,0.0,5252,pass,
ketone_05_c0.5_wD05,ketone_05_c0.5,ketone,5,0.5,D05,4,5,crops/ketone/ketone_05_c0.5/ketone_05_c0.5_wD05.png,82.5,176.852537,177.0,5.530016,6.0,120.526135,121.0,6.437264,7.0,117.995803,118.0,7.196841,9.0,0.339307,0.337255,0.026801,0.035294,0.693539,0.694118,0.021686,0.023529,2.738168,4.85231,0.99642,0.047601,0.995283,0.426022,0.426108,0.290055,0.291469,0.283923,0.283582,138.458158,138.666667,190.0,180.0,185.0,-13.0,-59.0,-67.0,0.931579,0.672222,0.637838,10484,10484,0,0.0,1.0,0.0,5196,pass,
ketone_05_c0.5_wD06,ketone_05_c0.5,ketone,5,0.5,D06,4,6,crops/ketone/ketone_05_c0.5/ketone_05_c0.5_wD06.png,82.8,178.325313,179.0,6.11898,7.0,121.880352,123.0,7.28344,9.0,118.493085,118.0,6.967244,8.0,0.342686,0.345098,0.025806,0.031373,0.699315,0.701961,0.023996,0.027451,3.321752,5.490661,0.995419,0.057678,0.993746,0.426141,0.42716,0.290921,0.292978,0.282938,0.28125,139.56625,140.0,192.0,183.0,188.0,-13.0,-60.0,-70.0,0.932292,0.672131,0.62766,10556,10556,0,0.0,1.0,0.0,5252,pass,
ketone_05_c0.5_wD07,ketone_05_c0.5,ketone,5,0.5,D07,4,7,crops/ketone/ketone_05_c0.5/ketone_05_c0.5_wD07.png,83.7,179.745643,180.0,6.268614,7.0,125.861513,126.0,7.589224,9.0,120.849555,120.0,9.16739,12.0,0.332663,0.333333,0.036583,0.054902,0.704885,0.705882,0.024583,0.027451,4.936178,5.656895,0.995138,0.085628,0.991447,0.421862,0.422535,0.295018,0.29638,0.28312,0.283063,142.152237,142.0,194.0,186.0,191.0,-14.0,-60.0,-71.0,0.927835,0.677419,0.628272,10788,10788,0,0.0,1.0,0.0,5364,pass,
ketone_05_c0.5_wD08,ketone_05_c0.5,ketone,5,0.5,D08,4,8,crops/ketone/ketone_05_c0.5/ketone_05_c0.5_wD08.png,84.6,180.642169,181.0,6.429639,7.0,125.226926,126.0,7.65173,8.0,117.984738,118.0,6.748193,8.0,0.34946,0.352941,0.023013,0.031373,0.708401,0.709804,0.025214,0.027451,6.886439,4.846495,0.996429,0.119474,0.98924,0.426414,0.42619,0.295281,0.297539,0.278305,0.276498,141.284611,141.666667,195.0,189.0,194.0,-14.0,-63.0,-76.0,0.928205,0.666667,0.608247,11008,11008,0,0.0,1.0,0.0,5448,pass,
ketone_05_c0.5_wD09,ketone_05_c0.5,ketone,5,0.5,D09,4,9,crops/ketone/ketone_05_c0.5/ketone_05_c0.5_wD09.png,82.8,181.461349,182.0,6.049775,6.0,125.018473,126.0,7.264357,7.0,117.661235,117.0,7.64023,9.0,0.353926,0.360784,0.028694,0.043137,0.711613,0.713725,0.023725,0.023529,7.063366,4.556523,0.996843,0.122579,0.989278,0.428103,0.429561,0.294626,0.296296,0.27727,0.275522,141.380352,141.666667,196.0,189.0,193.0,-14.0,-63.0,-76.0,0.928571,0.666667,0.606218,10556,10556,0,0.0,1.0,0.0,5252,pass,
ketone_05_c0.5_wD10,ketone_05_c0.5,ketone,5,0.5,D10,4,10,crops/ketone/ketone_05_c0.5/ketone_05_c0.5_wD10.png,80.1,180.046964,181.0,6.157154,7.0,122.595142,123.0,6.87768,8.0,113.925101,114.0,6.790015,8.0,0.369598,0.372549,0.026991,0.039216,0.706067,0.709804,0.024146,0.027451,7.948596,5.133553,0.995994,0.137731,0.986425,0.432403,0.432941,0.294175,0.296117,0.273422,0.270642,138.855735,139.333333,193.0,182.0,187.0,-12.0,-59.0,-73.0,0.937824,0.675824,0.609626,9880,9880,0,0.0,1.0,0.0,4940,pass,
ketone_05_c0.5_wD11,ketone_05_c0.5,ketone,5,0.5,D11,4,11,crops/ketone/ketone_05_c0.5/ketone_05_c0.5_wD11.png,83.1,177.230256,178.0,7.042897,7.0,120.143569,121.0,8.318092,8.0,112.976965,112.0,7.834213,7.0,0.366468,0.372549,0.02622,0.031373,0.695021,0.698039,0.027619,0.027451,6.819714,5.608604,0.99522,0.118178,0.988179,0.432175,0.433014,0.292582,0.29484,0.275242,0.27191,136.783597,137.0,193.0,189.0,193.0,-15.0,-68.0,-81.0,0.92228,0.640212,0.580311,10636,10636,0,0.0,1.0,0.0,5272,pass,
ketone_05_c0.5_wD12,ketone_05_c0.5,ketone,5,0.5,D12,4,12,crops/ketone/ketone_05_c0.5/ketone_05_c0.5_wD12.png,83.1,176.220194,176.0,11.637149,8.0,122.158747,120.0,16.994415,10.0,118.046109,115.0,17.284814,7.0,0.338735,0.34902,0.047444,0.027451,0.69106,0.690196,0.045636,0.031373,4.193103,5.906304,0.994701,0.072731,0.992038,0.424526,0.42716,0.292686,0.293233,0.282788,0.280093,138.80835,137.0,190.0,186.0,189.0,-14.0,-66.0,-74.0,0.926316,0.645161,0.608466,10636,10627,9,0.000846,0.999154,0.0,5272,pass,
ketone_05_c0.5_wE01,ketone_05_c0.5,ketone,5,0.5,E01,5,1,crops/ketone/ketone_05_c0.5/ketone_05_c0.5_wE01.png,80.4,167.919248,168.0,4.963201,6.0,113.211685,114.0,6.166497,7.0,113.193785,114.0,5.371212,7.0,0.333838,0.329412,0.018913,0.023529,0.658507,0.658824,0.019464,0.023529,0.099259,3.39584,0.998245,0.001729,0.998244,0.426047,0.425,0.286953,0.28866,0.286999,0.286747,131.441573,132.0,182.0,168.0,172.0,-14.0,-54.0,-58.0,0.923077,0.678571,0.662791,9944,9944,0,0.0,1.0,0.0,4928,pass,
ketone_05_c0.5_wE02,ketone_05_c0.5,ketone,5,0.5,E02,5,2,crops/ketone/ketone_05_c0.5/ketone_05_c0.5_wE02.png,80.1,173.571255,174.0,5.749105,7.0,120.466498,120.0,6.749366,9.0,114.940688,115.0,7.33534,10.0,0.340289,0.337255,0.031446,0.054902,0.680672,0.682353,0.022546,0.027451,5.607998,4.521583,0.996891,0.097418,0.99212,0.424681,0.424883,0.294428,0.294964,0.280891,0.281106,136.326147,136.333333,183.0,170.0,175.0,-9.0,-50.0,-60.0,0.95082,0.705882,0.657143,9880,9880,0,0.0,1.0,0.0,4940,pass,
ketone_05_c0.5_wE03,ketone_05_c0.5,ketone,5,0.5,E03,5,3,crops/ketone/ketone_05_c0.5/ketone_05_c0.5_wE03.png,81.6,175.748636,176.5,5.956384,7.0,118.831547,119.0,7.172532,8.0,112.886204,113.0,5.719961,8.0,0.361193,0.360784,0.02081,0.031373,0.68921,0.692157,0.023358,0.027451,5.654919,4.88327,0.996375,0.09818,0.991526,0.431513,0.431472,0.291442,0.293233,0.277045,0.275184,135.822129,136.333333,189.0,179.0,183.0,-12.5,-60.0,-70.0,0.933862,0.664804,0.617486,10264,10264,0,0.0,1.0,0.0,5072,pass,
ketone_05_c0.5_wE04,ketone_05_c0.5,ketone,5,0.5,E04,5,4,crops/ketone/ketone_05_c0.5/ketone_05_c0.5_wE04.png,81.9,178.659337,179.0,6.303807,6.0,122.189752,123.0,7.992243,9.0,119.373305,119.0,9.153578,13.0,0.339543,0.337255,0.036785,0.058824,0.700625,0.701961,0.024721,0.023529,2.866485,5.713023,0.995041,0.049761,0.993796,0.425591,0.425481,0.290591,0.292079,0.283818,0.284199,140.074131,140.666667,192.0,182.0,187.0,-13.0,-59.0,-68.0,0.932292,0.675824,0.636364,10324,10324,0,0.0,1.0,0.0,5136,pass,
ketone_05_c0.5_wE05,ketone_05_c0.5,ketone,5,0.5,E05,5,5,crops/ketone/ketone_05_c0.5/ketone_05_c0.5_wE05.png,85.8,178.102208,179.0,7.035453,8.0,120.927739,123.0,9.496023,10.0,119.548852,120.0,7.458501,10.0,0.340319,0.337255,0.028581,0.035294,0.69844,0.701961,0.02759,0.031373,1.413059,6.080848,0.994384,0.024522,0.994082,0.425884,0.42446,0.288535,0.292079,0.285581,0.28436,139.526266,140.666667,195.0,192.0,197.0,-16.0,-69.0,-77.0,0.917949,0.640625,0.609137,11320,11320,0,0.0,1.0,0.0,5616,pass,
ketone_05_c0.5_wE06,ketone_05_c0.5,ketone,5,0.5,E06,5,6,crops/ketone/ketone_05_c0.5/ketone_05_c0.5_wE06.png,81.6,180.011886,181.0,6.326824,7.0,124.699337,126.0,7.688107,8.0,119.72574,120.0,8.900851,11.0,0.339585,0.341176,0.036709,0.054902,0.705929,0.709804,0.024811,0.027451,4.879001,5.249943,0.995811,0.084695,0.992203,0.424511,0.424883,0.293648,0.295285,0.281841,0.280822,141.478988,142.0,193.0,185.0,190.0,-12.0,-59.0,-70.0,0.937824,0.681081,0.631579,10264,10264,0,0.0,1.0,0.0,5072,pass,
ketone_05_c0.5_wE07,ketone_05_c0.5,ketone,5,0.5,E07,5,7,crops/ketone/ketone_05_c0.5/ketone_05_c0.5_wE07.png,83.4,179.031893,180.0,6.072592,7.0,122.137205,123.0,7.622449,9.0,118.116068,118.0,6.103798,7.0,0.346425,0.345098,0.020505,0.023529,0.702086,0.705882,0.023814,0.027451,3.983552,5.452602,0.995482,0.069156,0.993077,0.427206,0.426799,0.291093,0.293303,0.281701,0.280952,139.761722,140.666667,197.0,192.0,197.0,-17.0,-69.0,-79.0,0.913706,0.640625,0.598985,10692,10692,0,0.0,1.0,0.0,5304,pass,
ketone_05_c0.5_wE08,ketone_05_c0.5,ketone,5,0.5,E08,5,8,crops/ketone/ketone_05_c0.5/ketone_05_c0.5_wE08.png,82.2,181.916314,182.0,5.553832,6.0,127.823586,128.0,6.405921,8.0,124.083878,124.0,6.247807,7.0,0.321684,0.321569,0.020362,0.031373,0.713397,0.713725,0.02178,0.023529,3.857413,4.372424,0.997092,0.067078,0.994834,0.419506,0.41958,0.294541,0.296037,0.285953,0.285377,144.607926,145.0,196.0,188.0,193.0,-14.0,-60.0,-69.0,0.928571,0.680851,0.642487,10396,10396,0,0.0,1.0,0.0,5144,pass,
ketone_05_c0.5_wE09,ketone_05_c0.5,ketone,5,0.5,E09,5,9,crops/ketone/ketone_05_c0.5/ketone_05_c0.5_wE09.png,79.8,184.035218,184.0,5.073619,5.0,130.323397,131.0,5.767826,7.0,126.420988,126.0,5.482775,5.0,0.314967,0.313725,0.015072,0.019608,0.721707,0.721569,0.019897,0.019608,4.338221,3.248365,0.998394,0.075522,0.995534,0.417654,0.417978,0.295588,0.296037,0.286759,0.285714,146.926535,147.333333,195.0,184.0,190.0,-11.0,-53.0,-64.0,0.94359,0.711957,0.663158,9796,9796,0,0.0,1.0,0.0,4864,pass,
ketone_05_c0.5_wE10,ketone_05_c0.5,ketone,5,0.5,E10,5,10,crops/ketone/ketone_05_c0.5/ketone_05_c0.5_wE10.png,79.8,184.45243,184.0,4.630628,5.0,132.333912,133.0,5.531295,6.0,126.667109,126.0,5.508239,7.0,0.314037,0.313725,0.016471,0.019608,0.723343,0.721569,0.018159,0.019608,6.103291,3.160606,0.99848,0.10616,0.99282,0.416081,0.416481,0.298351,0.298441,0.285568,0.285068,147.817817,147.666667,195.0,185.0,190.0,-11.0,-52.0,-64.0,0.94359,0.718919,0.663158,9796,9796,0,0.0,1.0,0.0,4864,pass,
ketone_05_c0.5_wE11,ketone_05_c0.5,ketone,5,0.5,E11,5,11,crops/ketone/ketone_05_c0.5/ketone_05_c0.5_wE11.png,82.2,181.1995,182.0,5.901724,5.0,126.224221,127.0,7.102343,7.0,119.136783,118.0,6.616781,6.0,0.344676,0.34902,0.020866,0.027451,0.710586,0.713725,0.023144,0.019608,6.533536,4.472276,0.996958,0.113439,0.990483,0.424989,0.425882,0.295779,0.298329,0.279233,0.277778,142.186835,142.666667,194.0,189.0,193.0,-12.0,-62.0,-75.0,0.938144,0.671958,0.611399,10396,10396,0,0.0,1.0,0.0,5144,pass,
ketone_05_c0.5_wE12,ketone_05_c0.5,ketone,5,0.5,E12,5,12,crops/ketone/ketone_05_c0.5/ketone_05_c0.5_wE12.png,83.4,173.377666,173.0,6.864905,8.0,121.290591,121.0,8.471592,10.0,114.261691,114.0,8.022647,7.0,0.343715,0.34902,0.028507,0.039216,0.679912,0.678431,0.026921,0.031373,7.069679,5.376304,0.995607,0.122536,0.988038,0.424267,0.425121,0.296415,0.297561,0.279318,0.277778,136.309983,136.0,191.0,187.0,190.0,-18.0,-66.0,-76.0,0.905759,0.647059,0.6,10692,10692,0,0.0,1.0,0.0,5304,pass,
ketone_05_c0.5_wF01,ketone_05_c0.5,ketone,5,0.5,F01,6,1,crops/ketone/ketone_05_c0.5/ketone_05_c0.5_wF01.png,79.5,170.241766,171.0,5.500899,7.0,114.017291,115.0,6.836028,7.0,112.734047,113.0,7.142702,9.0,0.345768,0.345098,0.027308,0.035294,0.667615,0.670588,0.021572,0.027451,1.457734,4.541003,0.996864,0.02536,0.996542,0.429144,0.428403,0.287042,0.288889,0.283815,0.283981,132.331035,132.666667,184.0,174.0,178.0,-13.0,-59.0,-65.0,0.929348,0.66092,0.634831,9716,9716,0,0.0,1.0,0.0,4856,pass,
ketone_05_c0.5_wF02,ketone_05_c0.5,ketone,5,0.5,F02,6,2,crops/ketone/ketone_05_c0.5/ketone_05_c0.5_wF02.png,84.9,175.050217,176.0,5.261943,6.0,118.666185,120.0,7.871003,10.0,115.911217,117.0,7.685235,11.0,0.343788,0.337255,0.031086,0.047059,0.686471,0.690196,0.020635,0.023529,2.803284,4.771344,0.996539,0.048738,0.995346,0.427754,0.425428,0.28946,0.291262,0.282787,0.283887,136.54254,137.333333,190.0,185.0,188.0,-14.0,-65.0,-71.0,0.926316,0.648649,0.62234,11072,11072,0,0.0,1.0,0.0,5500,pass,
ketone_05_c0.5_wF03,ketone_05_c0.5,ketone,5,0.5,F03,6,3,crops/ketone/ketone_05_c0.5/ketone_05_c0.5_wF03.png,73.5,179.144648,180.0,5.331969,6.0,121.958655,122.0,5.659143,6.0,116.28568,116.0,6.370823,7.0,0.351444,0.352941,0.023426,0.035294,0.702528,0.705882,0.02091,0.023529,5.602759,3.05496,0.99858,0.097492,0.993809,0.429388,0.429594,0.292127,0.292683,0.278485,0.278037,139.129661,139.333333,172.0,140.0,148.0,8.0,-18.0,-32.0,1.046512,0.871429,0.783784,8296,8296,0,0.0,1.0,0.0,4124,pass,
ketone_05_c0.5_wF04,ketone_05_c0.5,ketone,5,0.5,F04,6,4,crops/ketone/ketone_05_c0.5/ketone_05_c0.5_wF04.png,81.9,178.547172,179.0,7.166044,8.0,118.069644,119.0,8.262692,9.0,112.359454,112.0,7.596423,8.0,0.377499,0.384314,0.025075,0.035294,0.700185,0.701961,0.028102,0.031373,5.240914,6.165944,0.994226,0.090816,0.99007,0.436856,0.437346,0.288473,0.291667,0.274671,0.270588,136.325423,136.666667,195.0,189.0,193.0,-16.0,-70.0,-81.0,0.917949,0.62963,0.580311,10324,10324,0,0.0,1.0,0.0,5136,pass,
ketone_05_c0.5_wF05,ketone_05_c0.5,ketone,5,0.5,F05,6,5,crops/ketone/ketone_05_c0.5/ketone_05_c0.5_wF05.png,74.4,181.918389,182.0,5.365091,6.0,123.584782,124.0,6.252306,7.0,118.143495,118.0,6.395846,7.0,0.352041,0.356863,0.021709,0.023529,0.713405,0.713725,0.02104,0.023529,5.363649,3.365982,0.998276,0.093315,0.993905,0.429623,0.430556,0.291612,0.292566,0.278764,0.277251,141.215555,141.666667,180.0,155.0,161.0,2.0,-31.0,-43.0,1.011111,0.8,0.732919,8516,8516,0,0.0,1.0,0.0,4208,pass,
ketone_05_c0.5_wF06,ketone_05_c0.5,ketone,5,0.5,F06,6,6,crops/ketone/ketone_05_c0.5/ketone_05_c0.5_wF06.png,81.3,182.620676,183.0,6.82357,7.0,123.455877,124.0,7.971415,7.0,117.897013,116.0,9.529281,11.0,0.361385,0.368627,0.034823,0.054902,0.71616,0.717647,0.026759,0.027451,5.317307,6.368097,0.993843,0.092101,0.989566,0.431114,0.432941,0.291059,0.293269,0.277827,0.273913,141.324522,141.0,197.0,191.0,196.0,-14.0,-67.0,-80.0,0.928934,0.649215,0.591837,10176,10176,0,0.0,1.0,0.0,5060,pass,
ketone_05_c0.5_wF07,ketone_05_c0.5,ketone,5,0.5,F07,6,7,crops/ketone/ketone_05_c0.5/ketone_05_c0.5_wF07.png,80.1,182.692915,183.0,5.434877,6.0,124.101417,124.0,6.249683,7.0,121.513462,121.0,6.195664,7.0,0.339705,0.337255,0.018322,0.023529,0.716443,0.717647,0.021313,0.023529,2.468962,3.717444,0.997897,0.042988,0.996971,0.426729,0.426267,0.289644,0.29078,0.283627,0.28246,142.769265,142.666667,197.0,185.0,192.0,-14.0,-61.0,-71.0,0.928934,0.67027,0.630208,9880,9880,0,0.0,1.0,0.0,4940,pass,
ketone_05_c0.5_wF08,ketone_05_c0.5,ketone,5,0.5,F08,6,8,crops/ketone/ketone_05_c0.5/ketone_05_c0.5_wF08.png,84.0,181.897937,183.0,5.852137,6.0,123.299005,124.0,6.628078,7.0,119.403279,120.0,5.851456,7.0,0.347041,0.34902,0.017385,0.023529,0.713325,0.717647,0.02295,0.023529,3.848917,4.03826,0.997519,0.066959,0.995269,0.428568,0.428571,0.290257,0.291765,0.281175,0.27991,141.533407,142.0,198.0,194.0,199.0,-15.0,-70.0,-79.0,0.924242,0.639175,0.603015,10856,10856,0,0.0,1.0,0.0,5388,pass,
ketone_05_c0.5_wF09,ketone_05_c0.5,ketone,5,0.5,F09,6,9,crops/ketone/ketone_05_c0.5/ketone_05_c0.5_wF09.png,76.2,182.770497,183.0,5.029447,6.0,124.326053,125.0,5.563537,6.0,117.610439,117.0,5.869465,7.0,0.358918,0.360784,0.020734,0.027451,0.716747,0.717647,0.019723,0.023529,6.36896,4.368687,0.997097,0.110609,0.990943,0.430488,0.430913,0.292664,0.293839,0.276848,0.275058,141.568996,142.0,185.0,162.0,171.0,-2.0,-37.0,-54.0,0.989189,0.771605,0.684211,8928,8928,0,0.0,1.0,0.0,4432,pass,
ketone_05_c0.5_wF10,ketone_05_c0.5,ketone,5,0.5,F10,6,10,crops/ketone/ketone_05_c0.5/ketone_05_c0.5_wF10.png,82.8,181.613869,182.0,5.227925,6.0,122.394468,123.0,6.312797,6.0,113.21116,112.0,6.413297,8.0,0.379995,0.384314,0.0283,0.035294,0.712211,0.713725,0.020502,0.023529,7.952682,5.618717,0.995203,0.137692,0.985632,0.435461,0.43662,0.293241,0.295844,0.271298,0.268409,139.073165,139.333333,197.0,192.0,196.0,-15.0,-69.0,-84.0,0.923858,0.640625,0.571429,10556,10556,0,0.0,1.0,0.0,5252,pass,
ketone_05_c0.5_wF11,ketone_05_c0.5,ketone,5,0.5,F11,6,11,crops/ketone/ketone_05_c0.5/ketone_05_c0.5_wF11.png,82.5,183.543495,184.0,5.511262,5.0,127.438764,128.0,7.065627,7.0,120.472625,118.0,8.74759,11.0,0.347806,0.360784,0.036742,0.054902,0.719778,0.721569,0.021613,0.019608,6.687021,5.856279,0.99479,0.115839,0.988023,0.425724,0.428571,0.295266,0.296912,0.279011,0.275058,143.818295,143.666667,196.0,190.5,195.0,-12.0,-62.5,-77.0,0.938776,0.671916,0.605128,10484,10484,0,0.0,1.0,0.0,5196,pass,
ketone_05_c0.5_wF12,ketone_05_c0.5,ketone,5,0.5,F12,6,12,crops/ketone/ketone_05_c0.5/ketone_05_c0.5_wF12.png,80.7,178.7576,179.0,5.83519,6.0,126.5713,127.0,7.400643,7.0,119.3622,118.0,8.664572,10.0,0.334514,0.34902,0.037066,0.058824,0.70101,0.701961,0.022883,0.023529,7.111811,4.946545,0.99628,0.123346,0.988615,0.421261,0.423611,0.297908,0.299539,0.280831,0.277389,141.5637,141.666667,193.0,185.0,188.0,-14.0,-58.0,-70.0,0.927461,0.686486,0.62766,10000,10000,0,0.0,1.0,0.0,5008,pass,
ketone_05_c0.5_wG01,ketone_05_c0.5,ketone,5,0.5,G01,7,1,crops/ketone/ketone_05_c0.5/ketone_05_c0.5_wG01.png,81.3,174.141903,175.0,4.273854,6.0,121.511891,122.0,5.257954,7.0,120.784002,121.0,4.311423,6.0,0.311391,0.309804,0.013593,0.015686,0.682909,0.686275,0.01676,0.023529,0.925709,3.170843,0.99847,0.016131,0.99834,0.418283,0.417874,0.291696,0.292566,0.290021,0.289352,138.812598,139.333333,187.0,179.0,183.0,-12.0,-57.0,-62.0,0.935829,0.681564,0.661202,10176,10176,0,0.0,1.0,0.0,5060,pass,
ketone_05_c0.5_wG02,ketone_05_c0.5,ketone,5,0.5,G02,7,2,crops/ketone/ketone_05_c0.5/ketone_05_c0.5_wG02.png,72.6,179.776329,180.0,5.604977,6.0,125.689715,126.0,7.065406,7.0,118.383612,118.0,7.807744,9.0,0.342143,0.34902,0.030015,0.047059,0.705005,0.705882,0.02198,0.023529,7.41019,3.059481,0.998575,0.128788,0.990235,0.424479,0.424821,0.296422,0.297297,0.279099,0.277273,141.283219,141.333333,168.0,139.0,146.0,12.0,-13.0,-28.0,1.071429,0.906475,0.808219,8128,8128,0,0.0,1.0,0.0,4032,pass,
ketone_05_c0.5_wG03,ketone_05_c0.5,ketone,5,0.5,G03,7,3,crops/ketone/ketone_05_c0.5/ketone_05_c0.5_wG03.png,77.1,180.097166,180.0,8.563721,7.0,123.80709,123.0,10.848321,9.0,115.355728,114.0,11.422668,8.0,0.362937,0.368627,0.03737,0.039216,0.706263,0.705882,0.033583,0.027451,7.745778,5.253248,0.995806,0.134213,0.98672,0.430146,0.430952,0.295032,0.296117,0.274822,0.271264,139.753328,139.333333,190.0,175.0,182.0,-10.0,-52.0,-68.0,0.947368,0.702857,0.626374,9176,9139,37,0.004032,0.995968,0.0,4520,pass,
ketone_05_c0.5_wG04,ketone_05_c0.5,ketone,5,0.5,G04,7,4,crops/ketone/ketone_05_c0.5/ketone_05_c0.5_wG04.png,79.8,182.893744,183.0,7.955,5.0,126.36432,126.0,10.199934,6.0,120.302999,119.0,10.795749,6.0,0.344566,0.352941,0.032161,0.027451,0.71723,0.717647,0.031196,0.019608,5.857022,3.617267,0.998009,0.101843,0.992799,0.426272,0.427928,0.293946,0.294664,0.279782,0.277273,143.187021,143.0,196.0,187.0,192.0,-13.0,-61.0,-73.0,0.933673,0.673797,0.619792,9796,9703,93,0.009494,0.990506,0.0,4864,pass,
ketone_05_c0.5_wG05,ketone_05_c0.5,ketone,5,0.5,G05,7,5,crops/ketone/ketone_05_c0.5/ketone_05_c0.5_wG05.png,72.204,185.398452,185.0,8.542404,6.0,130.51795,129.0,11.44185,7.0,123.758848,122.0,12.60826,8.0,0.335957,0.341176,0.039783,0.031373,0.727053,0.72549,0.0335,0.023529,6.604619,4.694753,0.996649,0.114632,0.990034,0.422319,0.424444,0.296593,0.297424,0.281089,0.278761,146.558417,145.333333,179.0,132.0,149.0,6.0,-3.0,-27.0,1.03352,0.977273,0.818792,8024,7883,141,0.017572,0.982428,0.0,3980,pass,
ketone_05_c0.5_wG06,ketone_05_c0.5,ketone,5,0.5,G06,7,6,crops/ketone/ketone_05_c0.5/ketone_05_c0.5_wG06.png,80.7,187.102227,186.0,9.545516,8.0,132.757996,131.0,12.044983,9.0,127.152024,124.0,13.976447,13.0,0.326954,0.337255,0.046729,0.063725,0.733734,0.729412,0.037433,0.031373,5.511439,6.474237,0.993636,0.095433,0.989043,0.41929,0.421659,0.296742,0.297968,0.283968,0.280262,149.004082,147.333333,201.0,196.0,200.0,-15.0,-65.0,-76.0,0.925373,0.668367,0.62,10000,9880,120,0.012,0.988,0.0,5008,pass,
ketone_05_c0.5_wG07,ketone_05_c0.5,ketone,5,0.5,G07,7,7,crops/ketone/ketone_05_c0.5/ketone_05_c0.5_wG07.png,80.4,186.206858,186.0,6.085287,6.0,131.006939,131.0,7.011258,8.0,124.506838,124.0,7.574154,8.0,0.332538,0.333333,0.025944,0.039216,0.730223,0.729412,0.023864,0.023529,6.435021,3.564528,0.998067,0.11186,0.991778,0.42179,0.421525,0.296484,0.296984,0.281726,0.280742,147.240212,147.0,200.0,194.0,199.0,-14.0,-63.0,-75.0,0.93,0.675258,0.623116,9944,9944,0,0.0,1.0,0.0,4928,pass,
ketone_05_c0.5_wG08,ketone_05_c0.5,ketone,5,0.5,G08,7,8,crops/ketone/ketone_05_c0.5/ketone_05_c0.5_wG08.png,80.7,185.8612,186.0,5.499394,6.0,130.5099,131.0,6.693079,7.0,123.922,124.0,7.19053,9.0,0.336997,0.337255,0.029026,0.043137,0.728867,0.729412,0.021566,0.023529,6.28167,5.589658,0.995253,0.108897,0.989277,0.42233,0.421634,0.296314,0.29718,0.281356,0.279476,146.764367,147.0,200.0,193.0,198.0,-14.0,-62.0,-74.0,0.93,0.678756,0.626263,10000,10000,0,0.0,1.0,0.0,5008,pass,
ketone_05_c0.5_wG09,ketone_05_c0.5,ketone,5,0.5,G09,7,9,crops/ketone/ketone_05_c0.5/ketone_05_c0.5_wG09.png,81.0,187.250025,187.0,7.080209,7.0,131.627004,132.0,8.907195,7.0,124.750075,124.0,9.52188,9.0,0.337333,0.341176,0.031633,0.043137,0.734314,0.733333,0.027766,0.027451,6.668553,5.256123,0.995801,0.115638,0.989064,0.422443,0.423341,0.296543,0.298165,0.281013,0.278761,147.875701,147.333333,200.0,194.0,199.0,-13.0,-62.0,-75.0,0.935,0.680412,0.623116,10120,10043,77,0.007609,0.992391,0.0,5008,pass,
ketone_05_c0.5_wG10,ketone_05_c0.5,ketone,5,0.5,G10,7,10,crops/ketone/ketone_05_c0.5/ketone_05_c0.5_wG10.png,82.2,188.047601,188.0,7.253607,7.0,132.920987,133.0,9.962365,9.0,127.841203,128.0,8.58607,10.0,0.327751,0.329412,0.031197,0.043137,0.737442,0.737255,0.028446,0.027451,4.813138,6.935185,0.992701,0.083294,0.989201,0.419356,0.419134,0.295863,0.297235,0.28478,0.284424,149.603263,149.666667,200.0,196.0,200.0,-12.0,-63.0,-72.0,0.94,0.678571,0.64,10396,10378,18,0.001731,0.998269,0.0,5144,pass,
ketone_05_c0.5_wG11,ketone_05_c0.5,ketone,5,0.5,G11,7,11,crops/ketone/ketone_05_c0.5/ketone_05_c0.5_wG11.png,79.2,187.956625,188.0,8.172853,7.0,133.49793,134.0,9.598778,8.0,125.840269,125.0,10.46854,11.0,0.335243,0.337255,0.037783,0.062745,0.737085,0.737255,0.03205,0.027451,7.161959,6.724936,0.993136,0.123819,0.985387,0.420587,0.420582,0.298289,0.300493,0.281124,0.280172,149.098275,149.0,198.0,188.0,193.0,-10.0,-54.0,-68.0,0.949495,0.712766,0.647668,9660,9660,0,0.0,1.0,0.0,4784,pass,
ketone_05_c0.5_wG12,ketone_05_c0.5,ketone,5,0.5,G12,7,12,crops/ketone/ketone_05_c0.5/ketone_05_c0.5_wG12.png,80.1,184.630113,184.0,6.975931,5.0,129.293439,129.0,8.642837,6.0,123.471648,122.0,9.681852,7.0,0.335615,0.341176,0.029112,0.035294,0.72404,0.721569,0.027357,0.019608,5.601183,5.364474,0.995627,0.097177,0.990873,0.422467,0.423341,0.295462,0.29717,0.282071,0.279594,145.7984,145.0,196.0,189.0,193.0,-12.0,-60.0,-71.0,0.938776,0.68254,0.632124,9880,9876,4,0.000405,0.999595,0.0,4940,pass,
ketone_05_c0.5_wH01,ketone_05_c0.5,ketone,5,0.5,H01,8,1,crops/ketone/ketone_05_c0.5/ketone_05_c0.5_wH01.png,79.5,179.022971,179.0,9.905652,7.0,126.958694,127.0,14.289982,7.0,127.411928,126.0,13.402011,6.0,0.30135,0.301961,0.041604,0.023529,0.702051,0.701961,0.038846,0.027451,359.548631,5.489699,0.99542,-0.007842,0.99539,0.413975,0.414188,0.292345,0.294785,0.29368,0.292453,144.464531,144.0,192.0,187.0,191.0,-13.0,-60.0,-65.0,0.932292,0.679144,0.659686,9716,9708,8,0.000823,0.999177,0.0,4856,pass,
ketone_05_c0.5_wH02,ketone_05_c0.5,ketone,5,0.5,H02,8,2,crops/ketone/ketone_05_c0.5/ketone_05_c0.5_wH02.png,78.3,184.250027,183.0,13.800454,7.0,135.33287,132.0,20.084156,7.0,130.238788,125.0,22.111668,13.0,0.299814,0.309804,0.064248,0.062745,0.722549,0.717647,0.054119,0.027451,5.624904,5.621647,0.995198,0.097545,0.990406,0.411501,0.415385,0.300168,0.299539,0.288331,0.28642,149.940562,146.333333,194.0,187.0,191.0,-11.0,-55.0,-66.0,0.943299,0.705882,0.65445,9460,9343,117,0.012368,0.987632,0.0,4680,pass,
ketone_05_c0.5_wH03,ketone_05_c0.5,ketone,5,0.5,H03,8,3,crops/ketone/ketone_05_c0.5/ketone_05_c0.5_wH03.png,82.2,187.538206,186.0,14.106706,7.0,136.466882,134.0,20.245388,10.0,133.770766,131.0,20.865792,18.0,0.301484,0.298039,0.066816,0.082353,0.735444,0.729412,0.05532,0.027451,2.815398,8.428258,0.989239,0.04859,0.988045,0.411488,0.411504,0.2972,0.3,0.291311,0.293617,152.591951,150.0,200.0,197.0,201.0,-14.0,-63.0,-70.0,0.93,0.680203,0.651741,10396,10221,175,0.016833,0.983167,0.0,5144,pass,
ketone_05_c0.5_wH04,ketone_05_c0.5,ketone,5,0.5,H04,8,4,crops/ketone/ketone_05_c0.5/ketone_05_c0.5_wH04.png,78.6,188.49583,187.0,17.236711,9.0,139.457133,134.0,24.281664,11.0,134.787168,126.0,27.849304,14.0,0.29754,0.321569,0.078593,0.070588,0.739199,0.733333,0.067595,0.035294,5.160014,7.882235,0.990582,0.08909,0.986567,0.410152,0.417582,0.300421,0.3,0.289426,0.28355,154.24671,148.333333,201.0,196.0,200.0,-14.0,-62.0,-74.0,0.930348,0.683673,0.63,9508,8993,515,0.054165,0.945835,0.0,4744,pass,
ketone_05_c0.5_wH05,ketone_05_c0.5,ketone,5,0.5,H05,8,5,crops/ketone/ketone_05_c0.5/ketone_05_c0.5_wH05.png,80.1,190.399263,189.0,16.557505,11.0,142.609584,137.0,20.898626,13.0,141.809268,133.0,24.440584,22.0,0.273317,0.286275,0.063591,0.094118,0.746669,0.741176,0.064943,0.043137,1.107084,9.266651,0.987006,0.01907,0.986822,0.40289,0.408072,0.299715,0.299539,0.297395,0.293722,158.272705,153.0,203.0,199.0,203.0,-14.0,-62.0,-70.0,0.931034,0.688442,0.655172,9880,9495,385,0.038968,0.961032,0.0,4940,pass,
ketone_05_c0.5_wH06,ketone_05_c0.5,ketone,5,0.5,H06,8,6,crops/ketone/ketone_05_c0.5/ketone_05_c0.5_wH06.png,79.5,190.631842,190.0,16.166928,12.0,142.069223,138.0,21.111497,11.0,138.715442,130.0,23.525939,19.0,0.287154,0.309804,0.066193,0.090196,0.747576,0.745098,0.0634,0.047059,3.605683,8.973619,0.98781,0.062123,0.985855,0.406201,0.413361,0.300665,0.301486,0.293134,0.289285,157.138836,152.666667,204.0,200.0,205.0,-14.0,-62.0,-75.0,0.931373,0.69,0.634146,9716,9390,326,0.033553,0.966447,0.0,4856,pass,
ketone_05_c0.5_wH07,ketone_05_c0.5,ketone,5,0.5,H07,8,7,crops/ketone/ketone_05_c0.5/ketone_05_c0.5_wH07.png,78.6,190.601739,190.0,9.230448,7.0,141.472283,141.0,11.787,8.0,135.34087,134.0,14.423596,13.0,0.294271,0.290196,0.048126,0.054902,0.747458,0.745098,0.036198,0.027451,6.566404,6.18438,0.994192,0.11369,0.98767,0.408496,0.40812,0.302495,0.303167,0.289009,0.290672,155.804964,154.666667,202.0,198.0,203.0,-12.0,-57.0,-69.0,0.940594,0.712121,0.660099,9508,9200,308,0.032394,0.967606,0.0,4744,pass,
ketone_05_c0.5_wH08,ketone_05_c0.5,ketone,5,0.5,H08,8,8,crops/ketone/ketone_05_c0.5/ketone_05_c0.5_wH08.png,78.9,191.504665,191.0,10.820957,8.0,139.529941,138.0,13.717591,10.0,135.552072,132.0,15.047749,9.75,0.299935,0.309804,0.042978,0.035294,0.750999,0.74902,0.042435,0.031373,4.129563,6.518942,0.993548,0.071547,0.990969,0.411221,0.414079,0.29872,0.299376,0.29006,0.287234,155.528893,153.666667,203.0,198.0,203.0,-12.0,-60.0,-71.0,0.940887,0.69697,0.650246,9572,9218,354,0.036983,0.963017,0.0,4744,pass,
ketone_05_c0.5_wH09,ketone_05_c0.5,ketone,5,0.5,H09,8,9,crops/ketone/ketone_05_c0.5/ketone_05_c0.5_wH09.png,78.6,190.916193,190.0,10.069144,9.0,138.788711,137.0,13.939828,9.0,130.187788,127.0,15.991538,13.0,0.322921,0.333333,0.055572,0.070588,0.748691,0.745098,0.039487,0.035294,8.362541,7.046134,0.992467,0.144341,0.981914,0.416071,0.41844,0.301448,0.30303,0.282481,0.27907,153.297564,151.666667,203.0,199.0,203.0,-13.0,-62.0,-76.0,0.935961,0.688442,0.625616,9508,9319,189,0.019878,0.980122,0.0,4744,pass,
ketone_05_c0.5_wH10,ketone_05_c0.5,ketone,5,0.5,H10,8,10,crops/ketone/ketone_05_c0.5/ketone_05_c0.5_wH10.png,75.6,191.642549,192.0,6.256211,6.0,139.63687,140.0,7.73342,7.0,129.652771,128.0,9.806983,12.0,0.324813,0.333333,0.037996,0.058824,0.751539,0.752941,0.024534,0.023529,9.545404,4.749767,0.99657,0.16526,0.982772,0.41612,0.417204,0.302866,0.304444,0.281014,0.278037,153.644063,153.0,198.0,186.0,190.0,-6.0,-46.0,-62.0,0.969697,0.752688,0.673684,8804,8804,0,0.0,1.0,0.0,4384,pass,
ketone_05_c0.5_wH11,ketone_05_c0.5,ketone,5,0.5,H11,8,11,crops/ketone/ketone_05_c0.5/ketone_05_c0.5_wH11.png,79.5,192.140948,192.0,7.604288,6.0,141.161412,140.0,10.514348,7.0,135.699729,135.0,13.233942,16.0,0.299606,0.294118,0.05111,0.078431,0.753494,0.752941,0.029821,0.023529,5.613676,7.413874,0.991663,0.097005,0.986907,0.410262,0.410088,0.300836,0.301075,0.288902,0.292735,156.334029,155.0,201.0,196.0,199.0,-9.0,-56.0,-64.0,0.955224,0.714286,0.678392,9716,9578,138,0.014203,0.985797,0.0,4856,pass,
ketone_05_c0.5_wH12,ketone_05_c0.5,ketone,5,0.5,H12,8,12,crops/ketone/ketone_05_c0.5/ketone_05_c0.5_wH12.png,75.6,189.386426,189.0,7.15397,7.0,135.796161,135.0,10.5334,8.0,127.182473,124.0,13.830786,18.0,0.334473,0.345098,0.057437,0.094118,0.742692,0.741176,0.028055,0.027451,8.279978,7.836785,0.99069,0.14267,0.980363,0.419366,0.422803,0.300021,0.302128,0.280612,0.277652,150.788353,149.666667,197.0,187.0,190.0,-8.0,-52.0,-66.0,0.959391,0.721925,0.652632,8804,8752,52,0.005906,0.994094,0.0,4384,pass,
ketone_06_c1_wA01,ketone_06_c1,ketone,6,1.0,A01,1,1,crops/ketone/ketone_06_c1/ketone_06_c1_wA01.png,78.0,136.466923,137.0,5.95549,8.0,67.224819,68.0,8.79255,12.0,100.766325,101.0,6.520416,10.0,0.509059,0.505882,0.046454,0.066667,0.535164,0.537255,0.023355,0.031373,330.757854,3.75194,0.997858,-0.487455,0.870694,0.448974,0.447368,0.219865,0.222222,0.331161,0.328313,101.486022,101.666667,169.0,166.0,172.0,-32.0,-98.0,-71.0,0.810651,0.409639,0.587209,9372,9372,0,0.0,1.0,0.0,4616,pass,
ketone_06_c1_wA02,ketone_06_c1,ketone,6,1.0,A02,1,2,crops/ketone/ketone_06_c1/ketone_06_c1_wA02.png,78.9,142.940869,144.0,5.724163,6.0,70.525909,71.0,7.127082,8.0,103.517551,102.0,6.474838,9.0,0.507677,0.509804,0.035342,0.047059,0.560552,0.564706,0.022448,0.023529,332.541598,4.355897,0.997114,-0.459774,0.884785,0.451426,0.452736,0.22195,0.22327,0.326624,0.323401,105.661443,105.333333,174.0,167.0,174.0,-30.0,-96.0,-72.0,0.827586,0.42515,0.586207,9572,9572,0,0.0,1.0,0.0,4744,pass,
ketone_06_c1_wA03,ketone_06_c1,ketone,6,1.0,A03,1,3,crops/ketone/ketone_06_c1/ketone_06_c1_wA03.png,81.3,153.212854,153.0,10.893933,14.0,89.163424,89.0,12.327223,16.0,129.37559,129.0,11.214297,15.0,0.420691,0.415686,0.0425,0.05098,0.600835,0.6,0.042721,0.054902,322.531131,2.784532,0.99882,-0.607612,0.792747,0.412948,0.412073,0.238832,0.240741,0.34822,0.346995,123.917289,123.666667,180.0,175.0,182.0,-27.0,-86.0,-53.0,0.85,0.508571,0.708791,10176,10176,0,0.0,1.0,0.0,5060,pass,
ketone_06_c1_wA04,ketone_06_c1,ketone,6,1.0,A04,1,4,crops/ketone/ketone_06_c1/ketone_06_c1_wA04.png,78.3,146.846089,148.0,7.626092,8.0,74.273679,75.0,7.771937,8.0,106.913742,107.0,5.8159,8.0,0.49552,0.494118,0.03192,0.035294,0.575867,0.580392,0.029906,0.031373,332.851323,4.475988,0.996953,-0.454911,0.887114,0.447954,0.447368,0.225804,0.227545,0.326242,0.322086,109.344503,109.666667,180.0,170.0,179.0,-32.0,-95.0,-72.0,0.822222,0.441176,0.597765,9460,9460,0,0.0,1.0,0.0,4680,pass,
ketone_06_c1_wA05,ketone_06_c1,ketone,6,1.0,A05,1,5,crops/ketone/ketone_06_c1/ketone_06_c1_wA05.png,79.2,148.947516,150.0,7.977105,9.0,76.570186,77.0,8.421513,9.0,109.582091,109.0,7.298458,9.0,0.487253,0.486275,0.030591,0.035294,0.584108,0.588235,0.031283,0.035294,332.611218,4.385727,0.997075,-0.45868,0.885308,0.4449,0.444795,0.2279,0.229167,0.3272,0.326087,111.699931,111.666667,182.0,177.0,185.0,-32.0,-100.0,-76.0,0.824176,0.435028,0.589189,9660,9660,0,0.0,1.0,0.0,4784,pass,
ketone_06_c1_wA06,ketone_06_c1,ketone,6,1.0,A06,1,6,crops/ketone/ketone_06_c1/ketone_06_c1_wA06.png,78.6,151.672276,153.0,9.226049,9.0,79.543437,79.0,13.3067,16.0,116.235486,115.0,10.910244,16.0,0.478371,0.482353,0.061959,0.086275,0.594793,0.6,0.036181,0.035294,329.445844,5.335487,0.995674,-0.506153,0.857423,0.437889,0.4377,0.227383,0.228228,0.334728,0.334204,115.817066,115.333333,184.0,179.0,187.0,-31.0,-100.0,-72.0,0.831522,0.441341,0.614973,9508,9508,0,0.0,1.0,0.0,4744,pass,
ketone_06_c1_wA07,ketone_06_c1,ketone,6,1.0,A07,1,7,crops/ketone/ketone_06_c1/ketone_06_c1_wA07.png,77.7,151.818015,153.0,11.53159,10.0,77.841855,79.0,13.400664,11.0,112.096332,112.0,10.258887,10.0,0.490772,0.482353,0.053007,0.047059,0.595365,0.6,0.045222,0.039216,331.971177,5.988119,0.994553,-0.467356,0.877904,0.445184,0.444134,0.226152,0.229651,0.328664,0.324242,113.918734,114.666667,184.0,180.0,188.0,-31.0,-101.0,-76.0,0.831522,0.438889,0.595745,9272,9270,2,0.000216,0.999784,0.0,4632,pass,
ketone_06_c1_wA08,ketone_06_c1,ketone,6,1.0,A08,1,8,crops/ketone/ketone_06_c1/ketone_06_c1_wA08.png,78.3,155.573467,157.0,10.219576,10.0,81.639852,83.0,12.27607,10.0,117.471776,118.0,8.061979,9.0,0.478179,0.470588,0.05039,0.039216,0.610092,0.615686,0.040077,0.039216,330.872428,5.568411,0.995288,-0.484462,0.869422,0.439311,0.43956,0.228811,0.233516,0.331878,0.326648,118.228365,119.333333,187.0,182.0,190.0,-30.0,-99.0,-72.0,0.839572,0.456044,0.621053,9460,9460,0,0.0,1.0,0.0,4680,pass,
ketone_06_c1_wA09,ketone_06_c1,ketone,6,1.0,A09,1,9,crops/ketone/ketone_06_c1/ketone_06_c1_wA09.png,79.8,156.296243,157.0,7.490243,7.0,79.60096,81.0,8.702698,9.0,116.982136,117.0,6.412156,8.0,0.491971,0.482353,0.038308,0.039216,0.612926,0.615686,0.029374,0.027451,330.781531,4.877264,0.996383,-0.486376,0.869608,0.443306,0.441341,0.224877,0.228169,0.331817,0.329513,117.626446,118.333333,190.0,187.0,194.0,-33.0,-106.0,-77.0,0.826316,0.433155,0.603093,9796,9796,0,0.0,1.0,0.0,4864,pass,
ketone_06_c1_wA10,ketone_06_c1,ketone,6,1.0,A10,1,10,crops/ketone/ketone_06_c1/ketone_06_c1_wA10.png,80.1,158.600304,160.0,6.197236,8.0,82.939676,83.0,6.717944,7.0,117.683704,118.0,5.080372,7.0,0.477714,0.478431,0.028041,0.035294,0.621962,0.627451,0.024303,0.031373,332.373591,4.819875,0.996468,-0.462067,0.882861,0.441664,0.44127,0.230528,0.231429,0.327807,0.323607,119.741228,120.0,190.0,187.0,194.0,-30.0,-104.0,-76.0,0.842105,0.44385,0.608247,9880,9880,0,0.0,1.0,0.0,4940,pass,
ketone_06_c1_wA11,ketone_06_c1,ketone,6,1.0,A11,1,11,crops/ketone/ketone_06_c1/ketone_06_c1_wA11.png,77.4,160.4768,162.0,7.67583,7.0,82.742411,83.0,8.984785,9.0,119.283391,119.0,6.217485,9.0,0.485653,0.486275,0.039736,0.047059,0.629321,0.635294,0.030101,0.027451,331.698303,5.491478,0.995417,-0.471942,0.876429,0.443035,0.444142,0.227558,0.22865,0.329408,0.324176,120.834201,121.0,191.0,186.0,193.0,-29.0,-103.0,-74.0,0.848168,0.446237,0.61658,9224,9224,0,0.0,1.0,0.0,4600,pass,
ketone_06_c1_wA12,ketone_06_c1,ketone,6,1.0,A12,1,12,crops/ketone/ketone_06_c1/ketone_06_c1_wA12.png,77.4,168.083478,168.0,7.928396,7.0,92.617086,93.0,10.178692,8.0,127.362316,126.0,8.277803,9.0,0.450471,0.45098,0.035841,0.031373,0.659151,0.658824,0.031092,0.027451,332.420371,4.820151,0.996468,-0.461345,0.883237,0.43358,0.434783,0.238049,0.239362,0.32837,0.324582,129.354293,129.0,192.0,185.0,195.0,-24.0,-92.0,-69.0,0.875,0.502703,0.646154,9224,9224,0,0.0,1.0,0.0,4600,pass,
ketone_06_c1_wB01,ketone_06_c1,ketone,6,1.0,B01,2,1,crops/ketone/ketone_06_c1/ketone_06_c1_wB01.png,77.1,140.822581,143.0,8.492337,7.0,65.970139,68.0,8.630895,6.0,100.523213,100.0,5.432444,7.0,0.533464,0.529412,0.042183,0.039216,0.552245,0.560784,0.033303,0.027451,331.92478,5.77231,0.994938,-0.468248,0.877864,0.458561,0.4608,0.21365,0.217666,0.327789,0.32,102.438644,103.666667,177.0,170.0,177.0,-34.0,-102.0,-77.0,0.80791,0.4,0.564972,9176,9176,0,0.0,1.0,0.0,4520,pass,
ketone_06_c1_wB02,ketone_06_c1,ketone,6,1.0,B02,2,2,crops/ketone/ketone_06_c1/ketone_06_c1_wB02.png,75.3,144.26865,146.0,9.725907,8.0,68.828032,70.0,10.437931,7.0,100.385812,99.0,9.169801,10.0,0.525342,0.52549,0.045399,0.047059,0.565759,0.572549,0.038141,0.031373,334.760123,5.907312,0.994699,-0.424149,0.899736,0.46108,0.464396,0.218371,0.22082,0.320549,0.315436,104.494165,104.666667,173.0,160.5,170.0,-27.0,-90.5,-71.0,0.843931,0.436137,0.582353,8740,8740,0,0.0,1.0,0.0,4328,pass,
ketone_06_c1_wB03,ketone_06_c1,ketone,6,1.0,B03,2,3,crops/ketone/ketone_06_c1/ketone_06_c1_wB03.png,77.4,149.078599,150.0,9.470546,11.0,72.149284,73.0,9.413109,10.0,104.143213,104.0,7.617864,11.0,0.518042,0.517647,0.037665,0.043137,0.584622,0.588235,0.037139,0.043137,334.972149,5.265537,0.995786,-0.421276,0.902284,0.458733,0.46,0.220783,0.223214,0.320483,0.317073,108.457032,108.666667,183.0,173.0,181.0,-33.0,-100.0,-77.0,0.819672,0.421965,0.574586,9224,9224,0,0.0,1.0,0.0,4600,pass,
ketone_06_c1_wB04,ketone_06_c1,ketone,6,1.0,B04,2,4,crops/ketone/ketone_06_c1/ketone_06_c1_wB04.png,78.0,150.808152,152.0,10.265973,13.0,72.202518,73.0,10.65005,11.0,104.416773,104.0,7.68091,10.0,0.523435,0.52549,0.046369,0.047059,0.591405,0.596078,0.040259,0.05098,335.272836,6.419052,0.993744,-0.415681,0.902627,0.461199,0.462462,0.219294,0.221212,0.319507,0.314935,109.142481,109.0,187.0,179.0,187.0,-35.0,-106.0,-83.0,0.812834,0.407821,0.55615,9372,9372,0,0.0,1.0,0.0,4616,pass,
ketone_06_c1_wB05,ketone_06_c1,ketone,6,1.0,B05,2,5,crops/ketone/ketone_06_c1/ketone_06_c1_wB05.png,77.1,149.824542,154.0,12.84825,12.0,74.535418,77.0,15.92705,16.0,112.488339,113.0,10.499277,14.0,0.508204,0.501961,0.074987,0.07451,0.587547,0.603922,0.050385,0.047059,329.410445,5.814598,0.994864,-0.506271,0.856413,0.446493,0.446991,0.218354,0.224719,0.335153,0.33122,112.282767,115.0,188.0,181.0,189.0,-34.0,-104.0,-76.0,0.819149,0.425414,0.597884,9176,9176,0,0.0,1.0,0.0,4520,pass,
ketone_06_c1_wB06,ketone_06_c1,ketone,6,1.0,B06,2,6,crops/ketone/ketone_06_c1/ketone_06_c1_wB06.png,75.3,155.931252,158.0,16.337637,18.0,82.233444,86.0,19.789507,21.0,119.296683,120.0,13.724069,16.0,0.479721,0.458824,0.080275,0.078431,0.611495,0.619608,0.064069,0.070588,329.247125,7.280157,0.99196,-0.507225,0.852471,0.438173,0.435159,0.22666,0.235795,0.335167,0.335878,119.153793,121.333333,189.0,180.0,189.0,-31.0,-94.0,-69.0,0.835979,0.477778,0.634921,8740,8713,27,0.003089,0.996911,0.0,4328,pass,
ketone_06_c1_wB07,ketone_06_c1,ketone,6,1.0,B07,2,7,crops/ketone/ketone_06_c1/ketone_06_c1_wB07.png,80.1,159.76336,162.0,12.55986,15.0,81.426215,83.0,15.32598,16.0,118.34919,118.0,11.068033,11.0,0.494393,0.486275,0.058344,0.058824,0.626523,0.635294,0.049254,0.058824,331.46627,5.673282,0.99511,-0.47534,0.87424,0.445518,0.44591,0.224579,0.229932,0.329903,0.326633,119.846255,120.666667,192.0,189.0,195.0,-30.0,-106.0,-77.0,0.84375,0.439153,0.605128,9880,9880,0,0.0,1.0,0.0,4940,pass,
ketone_06_c1_wB08,ketone_06_c1,ketone,6,1.0,B08,2,8,crops/ketone/ketone_06_c1/ketone_06_c1_wB08.png,77.7,162.825928,164.0,11.759237,10.0,84.499137,84.0,14.077991,12.0,119.71538,118.0,12.205601,11.0,0.483855,0.482353,0.051372,0.054902,0.638533,0.643137,0.046115,0.039216,332.983816,5.015261,0.996176,-0.452505,0.887472,0.444753,0.445333,0.228848,0.230986,0.326399,0.323782,122.346815,121.666667,194.0,188.0,195.0,-30.0,-104.0,-77.0,0.845361,0.446809,0.605128,9272,9272,0,0.0,1.0,0.0,4632,pass,
ketone_06_c1_wB09,ketone_06_c1,ketone,6,1.0,B09,2,9,crops/ketone/ketone_06_c1/ketone_06_c1_wB09.png,79.2,162.700312,164.0,13.632141,14.0,83.642248,83.0,17.686635,14.0,119.372945,118.0,14.483782,12.0,0.49014,0.498039,0.062929,0.062745,0.63804,0.643137,0.053459,0.054902,332.661445,6.14026,0.994274,-0.456618,0.883222,0.446489,0.446927,0.22672,0.22792,0.326791,0.322418,121.905168,121.0,194.0,190.0,198.0,-30.0,-107.0,-80.0,0.845361,0.436842,0.59596,9660,9610,50,0.005176,0.994824,0.0,4784,pass,
ketone_06_c1_wB10,ketone_06_c1,ketone,6,1.0,B10,2,10,crops/ketone/ketone_06_c1/ketone_06_c1_wB10.png,77.1,166.44037,166.0,15.999614,14.0,91.612157,88.0,23.96492,17.0,126.756855,124.0,19.515176,18.0,0.455929,0.466667,0.083592,0.090196,0.652707,0.65098,0.062744,0.054902,331.584791,7.122852,0.992302,-0.472195,0.872752,0.435273,0.435159,0.235089,0.234375,0.329639,0.329082,128.269794,125.0,194.0,188.0,197.0,-28.0,-100.0,-73.0,0.85567,0.468085,0.629442,9176,9081,95,0.010353,0.989647,0.0,4520,pass,
ketone_06_c1_wB11,ketone_06_c1,ketone,6,1.0,B11,2,11,crops/ketone/ketone_06_c1/ketone_06_c1_wB11.png,78.6,165.516266,167.0,15.385841,15.0,92.554008,93.0,21.129181,19.0,127.05741,126.0,16.192853,17.0,0.446502,0.439216,0.08061,0.098039,0.649083,0.654902,0.060337,0.058824,331.216576,8.896528,0.988017,-0.475731,0.865944,0.431774,0.429612,0.237547,0.2425,0.330679,0.329412,128.375895,127.666667,195.0,191.0,198.0,-28.0,-98.0,-72.0,0.85641,0.486911,0.636364,9508,9406,102,0.010728,0.989272,0.0,4744,pass,
ketone_06_c1_wB12,ketone_06_c1,ketone,6,1.0,B12,2,12,crops/ketone/ketone_06_c1/ketone_06_c1_wB12.png,77.7,176.475704,176.0,13.498496,7.0,111.21024,108.0,23.010926,15.0,143.509512,141.0,18.502706,15.0,0.374408,0.384314,0.07754,0.086275,0.692066,0.690196,0.052953,0.027451,330.215954,6.522745,0.993541,-0.493524,0.862298,0.41126,0.410891,0.25588,0.254364,0.33286,0.331818,143.731819,141.333333,196.0,191.0,199.0,-20.0,-83.0,-58.0,0.897959,0.565445,0.708543,9272,9199,73,0.007873,0.992127,0.0,4632,pass,
ketone_06_c1_wC01,ketone_06_c1,ketone,6,1.0,C01,3,1,crops/ketone/ketone_06_c1/ketone_06_c1_wC01.png,73.2,144.746366,145.0,9.232613,7.0,71.726502,72.0,10.064331,6.0,97.927083,97.0,9.358119,6.0,0.506354,0.501961,0.034329,0.023529,0.567633,0.568627,0.036206,0.027451,338.641633,5.261262,0.995793,-0.362668,0.927402,0.461093,0.461783,0.227327,0.229773,0.31158,0.306667,104.799984,104.666667,169.0,153.0,165.0,-24.0,-81.0,-68.0,0.857988,0.470588,0.587879,8256,8256,0,0.0,1.0,0.0,4096,pass,
ketone_06_c1_wC02,ketone_06_c1,ketone,6,1.0,C02,3,2,crops/ketone/ketone_06_c1/ketone_06_c1_wC02.png,80.1,150.848583,152.0,8.873695,9.0,75.15334,76.0,10.320466,13.0,106.016599,106.0,8.770761,12.0,0.503978,0.501961,0.043301,0.054902,0.591563,0.596078,0.034799,0.035294,335.526249,5.303948,0.995724,-0.412505,0.90626,0.455166,0.454545,0.225315,0.228013,0.319518,0.316265,110.672841,111.0,184.0,180.0,186.0,-32.0,-104.0,-80.0,0.826087,0.422222,0.569892,9880,9880,0,0.0,1.0,0.0,4940,pass,
ketone_06_c1_wC03,ketone_06_c1,ketone,6,1.0,C03,3,3,crops/ketone/ketone_06_c1/ketone_06_c1_wC03.png,79.2,154.000414,155.0,9.858134,11.0,75.598344,77.0,10.171081,10.0,109.991201,110.0,9.366023,10.0,0.511242,0.505882,0.037802,0.035294,0.603923,0.607843,0.038659,0.043137,333.603339,4.290362,0.9972,-0.443338,0.89323,0.454328,0.455108,0.221644,0.224138,0.324028,0.320359,113.196653,114.0,185.0,178.0,186.0,-30.0,-101.0,-76.0,0.837838,0.432584,0.591398,9660,9660,0,0.0,1.0,0.0,4784,pass,
ketone_06_c1_wC04,ketone_06_c1,ketone,6,1.0,C04,3,4,crops/ketone/ketone_06_c1/ketone_06_c1_wC04.png,78.3,160.966913,161.0,9.215431,8.0,82.183087,82.0,10.99616,12.0,118.410677,117.0,10.588285,12.0,0.491121,0.494118,0.043978,0.054902,0.631243,0.631373,0.036139,0.031373,332.478757,3.830815,0.997767,-0.461046,0.88486,0.446163,0.445122,0.226399,0.226776,0.327438,0.326995,120.520226,120.0,192.0,183.0,192.0,-31.0,-101.0,-75.0,0.838542,0.448087,0.609375,9460,9460,0,0.0,1.0,0.0,4680,pass,
ketone_06_c1_wC05,ketone_06_c1,ketone,6,1.0,C05,3,5,crops/ketone/ketone_06_c1/ketone_06_c1_wC05.png,87.0,157.209005,159.0,11.155719,11.0,77.884906,80.0,12.877799,12.0,115.325386,115.0,9.610143,10.0,0.507763,0.501961,0.051763,0.047059,0.616506,0.623529,0.043748,0.043137,331.501174,4.726629,0.996603,-0.47552,0.875842,0.449606,0.449704,0.220721,0.22449,0.329673,0.327217,116.806432,118.0,194.0,192.0,197.0,-35.0,-112.0,-82.0,0.819588,0.416667,0.583756,11660,11660,0,0.0,1.0,0.0,5824,pass,
ketone_06_c1_wC06,ketone_06_c1,ketone,6,1.0,C06,3,6,crops/ketone/ketone_06_c1/ketone_06_c1_wC06.png,79.8,161.428059,163.0,12.085264,13.0,81.427034,81.0,14.46644,10.0,115.493749,115.0,12.254672,9.0,0.49847,0.501961,0.050029,0.035294,0.633051,0.639216,0.047393,0.05098,334.292937,4.247171,0.997256,-0.43258,0.898551,0.451643,0.453581,0.225871,0.226629,0.322485,0.319088,119.449614,119.666667,194.0,189.0,196.0,-31.0,-108.0,-81.0,0.840206,0.428571,0.586735,9796,9758,38,0.003879,0.996121,0.0,4864,pass,
ketone_06_c1_wC07,ketone_06_c1,ketone,6,1.0,C07,3,7,crops/ketone/ketone_06_c1/ketone_06_c1_wC07.png,81.9,162.057553,164.0,13.142345,13.0,81.893131,83.0,16.937563,16.0,119.728999,118.0,13.022571,16.0,0.499296,0.498039,0.068489,0.07451,0.63552,0.643137,0.051539,0.05098,331.420804,6.216618,0.994131,-0.475566,0.873003,0.447281,0.450276,0.222851,0.228022,0.329868,0.330049,121.226561,122.0,195.0,193.0,199.0,-31.0,-110.0,-81.0,0.841026,0.430052,0.592965,10324,10321,3,0.000291,0.999709,0.0,5136,pass,
ketone_06_c1_wC08,ketone_06_c1,ketone,6,1.0,C08,3,8,crops/ketone/ketone_06_c1/ketone_06_c1_wC08.png,76.8,164.516129,166.0,12.225558,10.0,84.552143,84.0,15.018167,11.0,119.993261,118.0,13.048215,13.0,0.489061,0.494118,0.052296,0.047059,0.645161,0.65098,0.047943,0.039216,333.289609,5.767453,0.994946,-0.44721,0.888776,0.446986,0.450508,0.227685,0.229111,0.325329,0.320475,123.020511,123.0,197.0,189.0,198.0,-31.0,-105.0,-80.0,0.84264,0.444444,0.59596,9080,9052,28,0.003084,0.996916,0.0,4480,pass,
ketone_06_c1_wC09,ketone_06_c1,ketone,6,1.0,C09,3,9,crops/ketone/ketone_06_c1/ketone_06_c1_wC09.png,78.6,167.321236,168.0,15.151186,14.0,88.066448,87.0,20.49907,20.0,127.875145,126.0,17.418099,22.0,0.479435,0.482353,0.077046,0.094118,0.656162,0.658824,0.059416,0.054902,329.550487,6.056884,0.994428,-0.503955,0.857273,0.439032,0.43865,0.227027,0.228947,0.333941,0.335681,127.754276,126.666667,198.0,192.0,200.0,-30.0,-105.0,-74.0,0.848485,0.453125,0.63,9508,9451,57,0.005995,0.994005,0.0,4744,pass,
ketone_06_c1_wC10,ketone_06_c1,ketone,6,1.0,C10,3,10,crops/ketone/ketone_06_c1/ketone_06_c1_wC10.png,76.8,169.984469,169.0,14.391745,13.0,91.894078,88.0,20.741623,16.0,124.471508,121.0,17.820477,14.0,0.463977,0.478431,0.07232,0.070588,0.666606,0.662745,0.056438,0.05098,334.949433,6.718438,0.993149,-0.420517,0.899728,0.442238,0.443243,0.235651,0.233871,0.322111,0.318182,128.783352,126.0,198.0,190.0,199.0,-29.0,-102.0,-78.0,0.853535,0.463158,0.60804,9080,8950,130,0.014317,0.985683,0.0,4480,pass,
ketone_06_c1_wC11,ketone_06_c1,ketone,6,1.0,C11,3,11,crops/ketone/ketone_06_c1/ketone_06_c1_wC11.png,79.5,169.895137,170.0,14.132344,12.0,93.521712,92.0,20.213487,19.0,128.50151,125.0,17.526608,21.0,0.454312,0.458824,0.073114,0.090196,0.666255,0.666667,0.055421,0.047059,332.424277,7.900031,0.990539,-0.458541,0.878014,0.435679,0.43804,0.23638,0.23822,0.327942,0.329466,130.639453,129.333333,197.0,193.0,200.0,-27.0,-101.0,-75.0,0.862944,0.476684,0.625,9716,9603,113,0.01163,0.98837,0.0,4856,pass,
ketone_06_c1_wC12,ketone_06_c1,ketone,6,1.0,C12,3,12,crops/ketone/ketone_06_c1/ketone_06_c1_wC12.png,77.7,177.638088,178.0,11.853844,9.0,108.273575,106.0,17.794859,16.0,142.015391,139.0,14.847764,18.0,0.393638,0.403922,0.061456,0.070588,0.69662,0.698039,0.046486,0.035294,330.810674,6.09007,0.994367,-0.48495,0.868095,0.416454,0.41769,0.251603,0.251765,0.331943,0.333333,142.642351,141.333333,200.0,195.0,203.0,-22.0,-89.0,-64.0,0.89,0.54359,0.684729,9272,9226,46,0.004961,0.995039,0.0,4632,pass,
ketone_06_c1_wD01,ketone_06_c1,ketone,6,1.0,D01,4,1,crops/ketone/ketone_06_c1/ketone_06_c1_wD01.png,78.0,147.346031,148.0,5.8331,7.0,73.030303,73.0,6.730795,7.0,104.633376,103.0,6.429982,8.0,0.505215,0.501961,0.029549,0.027451,0.577828,0.580392,0.022875,0.027451,334.465541,4.561325,0.996836,-0.42969,0.899471,0.453731,0.454829,0.224265,0.2263,0.322005,0.318452,108.33657,108.0,181.0,177.0,183.0,-33.0,-104.0,-80.0,0.81768,0.412429,0.562842,9372,9372,0,0.0,1.0,0.0,4616,pass,
ketone_06_c1_wD02,ketone_06_c1,ketone,6,1.0,D02,4,2,crops/ketone/ketone_06_c1/ketone_06_c1_wD02.png,78.3,152.460994,153.0,9.643325,10.0,75.41797,76.0,11.281359,13.0,107.437632,107.0,10.318942,14.0,0.507365,0.509804,0.049004,0.066667,0.597886,0.6,0.037817,0.039216,335.036454,5.197618,0.995894,-0.420309,0.902854,0.455787,0.454819,0.223761,0.225071,0.320452,0.318713,111.772199,112.0,186.0,179.0,187.0,-33.0,-103.0,-80.0,0.822581,0.424581,0.572193,9460,9460,0,0.0,1.0,0.0,4680,pass,
ketone_06_c1_wD03,ketone_06_c1,ketone,6,1.0,D03,4,3,crops/ketone/ketone_06_c1/ketone_06_c1_wD03.png,78.0,156.925728,159.0,11.439868,12.0,79.368691,80.0,13.69923,12.0,113.962544,113.0,10.662375,11.0,0.497257,0.498039,0.053842,0.054902,0.615395,0.623529,0.044862,0.047059,333.01836,5.066394,0.996098,-0.451935,0.887675,0.449123,0.451977,0.225065,0.22792,0.325813,0.323782,116.752321,117.666667,190.0,182.0,191.0,-31.0,-102.0,-78.0,0.836842,0.43956,0.591623,9372,9371,1,0.000107,0.999893,0.0,4616,pass,
ketone_06_c1_wD04,ketone_06_c1,ketone,6,1.0,D04,4,4,crops/ketone/ketone_06_c1/ketone_06_c1_wD04.png,81.3,157.487814,159.0,13.355491,15.0,77.012972,78.0,14.923008,14.0,111.176101,110.0,12.361832,12.0,0.514951,0.509804,0.055099,0.05098,0.617599,0.623529,0.052374,0.058824,334.421329,6.691697,0.993203,-0.428815,0.895862,0.456902,0.459459,0.220928,0.225146,0.32217,0.317647,115.225629,115.666667,193.0,190.0,197.0,-34.0,-112.0,-87.0,0.823834,0.410526,0.558376,10176,10176,0,0.0,1.0,0.0,5060,pass,
ketone_06_c1_wD05,ketone_06_c1,ketone,6,1.0,D05,4,5,crops/ketone/ketone_06_c1/ketone_06_c1_wD05.png,82.2,161.275587,163.0,9.849929,9.0,80.021932,81.0,12.620047,13.0,116.603886,116.0,9.899664,13.0,0.50656,0.505882,0.053446,0.062745,0.632453,0.639216,0.038627,0.035294,332.909564,5.433116,0.995514,-0.453353,0.886295,0.451654,0.45098,0.222188,0.225627,0.326158,0.323944,119.300468,120.0,196.0,192.0,198.0,-33.0,-111.0,-82.0,0.831633,0.421875,0.585859,10396,10396,0,0.0,1.0,0.0,5144,pass,
ketone_06_c1_wD06,ketone_06_c1,ketone,6,1.0,D06,4,6,crops/ketone/ketone_06_c1/ketone_06_c1_wD06.png,73.2,166.032825,166.0,10.800798,10.0,83.634448,84.0,11.415475,10.0,117.238009,117.0,10.659931,9.0,0.49832,0.498039,0.03745,0.035294,0.651109,0.65098,0.042356,0.039216,335.479951,4.086965,0.997459,-0.413957,0.907504,0.453356,0.455285,0.227045,0.228261,0.319599,0.316883,122.30176,122.0,190.0,164.0,182.0,-24.0,-80.0,-65.0,0.873684,0.512195,0.642857,8256,8256,0,0.0,1.0,0.0,4096,pass,
ketone_06_c1_wD07,ketone_06_c1,ketone,6,1.0,D07,4,7,crops/ketone/ketone_06_c1/ketone_06_c1_wD07.png,78.3,167.622162,168.0,13.028405,13.0,87.925229,87.0,17.43848,12.0,123.172351,122.0,14.341017,13.0,0.478984,0.482353,0.063008,0.054902,0.657342,0.658824,0.051092,0.05098,333.267187,4.723109,0.996608,-0.448305,0.890085,0.44419,0.446483,0.230403,0.230769,0.325407,0.323782,126.239914,125.333333,199.0,192.0,200.0,-31.0,-105.0,-78.0,0.844221,0.453125,0.61,9460,9295,165,0.017442,0.982558,0.0,4680,pass,
ketone_06_c1_wD08,ketone_06_c1,ketone,6,1.0,D08,4,8,crops/ketone/ketone_06_c1/ketone_06_c1_wD08.png,79.8,165.951715,168.0,11.448913,11.0,81.114639,83.0,12.932277,13.0,118.952532,119.0,9.652977,12.0,0.514175,0.505882,0.050304,0.054902,0.650791,0.658824,0.044898,0.043137,332.815315,5.240166,0.995826,-0.454953,0.885826,0.454307,0.455013,0.220156,0.224377,0.325537,0.319444,122.006295,123.333333,199.0,195.0,202.0,-31.0,-112.0,-83.0,0.844221,0.425641,0.589109,9796,9796,0,0.0,1.0,0.0,4864,pass,
ketone_06_c1_wD09,ketone_06_c1,ketone,6,1.0,D09,4,9,crops/ketone/ketone_06_c1/ketone_06_c1_wD09.png,79.2,169.357391,169.0,16.386356,16.0,90.238611,88.0,21.811427,14.0,125.518359,122.0,18.861306,14.0,0.472662,0.482353,0.070336,0.047059,0.664147,0.662745,0.06426,0.062745,333.143855,5.692889,0.995076,-0.449528,0.887751,0.442174,0.446064,0.231871,0.231738,0.325955,0.324713,128.371454,126.0,201.0,195.0,203.0,-32.0,-107.0,-81.0,0.840796,0.451282,0.600985,9660,9505,155,0.016046,0.983954,0.0,4784,pass,
ketone_06_c1_wD10,ketone_06_c1,ketone,6,1.0,D10,4,10,crops/ketone/ketone_06_c1/ketone_06_c1_wD10.png,76.8,172.741711,174.0,14.669356,15.0,94.87108,94.0,19.64835,15.0,128.999328,127.0,16.407406,13.0,0.455119,0.458824,0.065362,0.054902,0.677418,0.682353,0.057527,0.058824,333.602632,5.459945,0.99547,-0.44258,0.891674,0.437335,0.439024,0.237235,0.238095,0.32543,0.322581,132.20404,131.333333,201.0,191.0,201.0,-27.0,-97.0,-74.0,0.865672,0.492147,0.631841,9080,8928,152,0.01674,0.98326,0.0,4480,pass,
ketone_06_c1_wD11,ketone_06_c1,ketone,6,1.0,D11,4,11,crops/ketone/ketone_06_c1/ketone_06_c1_wD11.png,77.7,174.020275,177.0,14.705579,14.0,97.505692,100.0,21.031447,15.0,133.910224,131.0,15.1995,17.0,0.445503,0.435294,0.080635,0.070588,0.682432,0.694118,0.057669,0.054902,331.135766,7.775394,0.990834,-0.478311,0.867739,0.431154,0.43299,0.237697,0.245146,0.331149,0.327907,135.145397,136.333333,201.0,194.0,202.0,-24.0,-94.0,-71.0,0.880597,0.515464,0.648515,9272,9223,49,0.005285,0.994715,0.0,4632,pass,
ketone_06_c1_wD12,ketone_06_c1,ketone,6,1.0,D12,4,12,crops/ketone/ketone_06_c1/ketone_06_c1_wD12.png,78.9,180.307871,182.0,11.396344,8.0,112.439907,113.0,17.870777,10.0,146.08485,144.0,13.024059,11.0,0.379588,0.376471,0.063086,0.05098,0.70709,0.713725,0.044692,0.031373,330.063321,5.819072,0.994856,-0.496475,0.86212,0.411958,0.413534,0.254799,0.258581,0.333243,0.332589,146.277543,146.333333,202.0,197.0,204.0,-20.0,-84.0,-60.0,0.90099,0.573604,0.705882,9572,9452,120,0.012537,0.987463,0.0,4744,pass,
ketone_06_c1_wE01,ketone_06_c1,ketone,6,1.0,E01,5,1,crops/ketone/ketone_06_c1/ketone_06_c1_wE01.png,79.2,150.136853,150.0,11.067079,8.0,75.713665,75.0,15.63092,9.0,107.040269,105.0,13.544747,8.0,0.499279,0.501961,0.054921,0.039216,0.588772,0.588235,0.0434,0.031373,334.855141,4.993448,0.996209,-0.423298,0.901805,0.452561,0.454268,0.225869,0.227811,0.32157,0.318452,110.963596,110.333333,183.0,180.0,187.0,-33.0,-105.0,-82.0,0.819672,0.416667,0.561497,9660,9660,0,0.0,1.0,0.0,4784,pass,
ketone_06_c1_wE02,ketone_06_c1,ketone,6,1.0,E02,5,2,crops/ketone/ketone_06_c1/ketone_06_c1_wE02.png,77.7,156.189603,157.0,10.102669,9.0,80.14657,79.0,12.018787,12.0,110.659513,109.0,11.724246,14.0,0.488975,0.498039,0.046768,0.066667,0.612508,0.615686,0.039618,0.035294,335.994678,5.019742,0.99617,-0.405263,0.910008,0.451301,0.450794,0.229914,0.229254,0.318785,0.317143,115.665229,115.333333,185.0,177.0,186.0,-28.0,-98.0,-77.0,0.848649,0.446328,0.586022,9272,9272,0,0.0,1.0,0.0,4632,pass,
ketone_06_c1_wE03,ketone_06_c1,ketone,6,1.0,E03,5,3,crops/ketone/ketone_06_c1/ketone_06_c1_wE03.png,77.1,158.571927,160.0,7.875575,9.0,79.416303,80.0,8.48203,9.0,110.354294,110.0,8.168434,9.0,0.500238,0.501961,0.03243,0.035294,0.621851,0.627451,0.030885,0.035294,336.636293,4.282192,0.997211,-0.39546,0.915446,0.455758,0.457779,0.227426,0.228324,0.316816,0.313725,116.114175,116.333333,191.0,181.0,191.0,-31.0,-101.0,-81.0,0.837696,0.441989,0.575916,9176,9176,0,0.0,1.0,0.0,4520,pass,
ketone_06_c1_wE04,ketone_06_c1,ketone,6,1.0,E04,5,4,crops/ketone/ketone_06_c1/ketone_06_c1_wE04.png,77.4,162.844801,164.0,10.2746,8.0,83.009442,82.0,13.81953,12.0,116.815281,115.0,12.699528,12.0,0.492327,0.498039,0.05429,0.066667,0.638607,0.643137,0.040293,0.031373,334.486552,4.193397,0.997325,-0.429571,0.90007,0.450374,0.452316,0.227689,0.227642,0.321937,0.318452,120.889842,120.333333,194.0,185.0,194.0,-30.0,-103.0,-79.0,0.845361,0.443243,0.592784,9224,9214,10,0.001084,0.998916,0.0,4600,pass,
ketone_06_c1_wE05,ketone_06_c1,ketone,6,1.0,E05,5,5,crops/ketone/ketone_06_c1/ketone_06_c1_wE05.png,87.696,160.508127,164.0,13.280232,14.0,79.309431,83.0,16.313057,14.0,115.071114,115.0,11.308478,11.0,0.510711,0.498039,0.065406,0.05098,0.629444,0.643137,0.052079,0.054902,333.257393,5.963214,0.994599,-0.447553,0.888213,0.453718,0.455056,0.221122,0.228412,0.32516,0.32,118.296224,120.666667,197.0,196.0,202.0,-33.0,-113.0,-87.0,0.832487,0.423469,0.569307,11812,11812,0,0.0,1.0,0.0,5852,pass,
ketone_06_c1_wE06,ketone_06_c1,ketone,6,1.0,E06,5,6,crops/ketone/ketone_06_c1/ketone_06_c1_wE06.png,77.4,169.858822,170.0,11.50975,10.0,91.399802,90.0,15.451763,11.0,127.110745,125.0,13.952112,13.0,0.464385,0.470588,0.055283,0.054902,0.666113,0.666667,0.045136,0.039216,332.53008,4.614023,0.996763,-0.45979,0.884381,0.438676,0.439227,0.234109,0.233596,0.327214,0.326531,129.456456,128.333333,198.0,189.0,197.0,-28.0,-99.0,-72.0,0.858586,0.47619,0.634518,9224,9102,122,0.013226,0.986774,0.0,4600,pass,
ketone_06_c1_wE07,ketone_06_c1,ketone,6,1.0,E07,5,7,crops/ketone/ketone_06_c1/ketone_06_c1_wE07.png,75.6,172.269592,174.0,14.702748,15.0,98.971242,99.0,20.335166,17.0,134.480064,133.0,15.946809,16.0,0.430623,0.427451,0.072674,0.070588,0.675567,0.682353,0.057658,0.058824,330.733422,5.377355,0.995606,-0.486725,0.868521,0.426514,0.426735,0.241612,0.244604,0.331874,0.333333,135.240299,135.333333,196.0,184.0,194.0,-22.0,-85.0,-61.0,0.887755,0.538043,0.685567,8804,8728,76,0.008632,0.991368,0.0,4384,pass,
ketone_06_c1_wE08,ketone_06_c1,ketone,6,1.0,E08,5,8,crops/ketone/ketone_06_c1/ketone_06_c1_wE08.png,81.0,171.477582,173.0,15.713082,16.0,93.340231,95.0,21.530704,15.0,131.002536,130.0,16.792985,13.0,0.461381,0.462745,0.077427,0.062745,0.672461,0.678431,0.06162,0.062745,330.810398,5.238019,0.99583,-0.485667,0.86937,0.435416,0.437956,0.2331,0.237037,0.331484,0.331551,131.940116,132.666667,201.0,197.0,204.0,-28.0,-102.0,-74.0,0.860697,0.482234,0.637255,10120,9858,262,0.025889,0.974111,0.0,5008,pass,
ketone_06_c1_wE09,ketone_06_c1,ketone,6,1.0,E09,5,9,crops/ketone/ketone_06_c1/ketone_06_c1_wE09.png,76.8,175.208873,177.0,15.103209,16.0,98.5916,99.0,21.644406,16.0,135.55737,133.0,17.036688,16.0,0.442293,0.447059,0.078434,0.07451,0.687094,0.694118,0.059228,0.062745,330.857113,6.06163,0.994419,-0.484272,0.868534,0.430065,0.432225,0.238394,0.240876,0.331541,0.332494,136.452614,136.0,202.0,192.0,202.0,-25.0,-93.0,-69.0,0.876238,0.515625,0.658416,9080,8881,199,0.021916,0.978084,0.0,4480,pass,
ketone_06_c1_wE10,ketone_06_c1,ketone,6,1.0,E10,5,10,crops/ketone/ketone_06_c1/ketone_06_c1_wE10.png,77.7,175.275854,177.0,14.450927,16.0,100.870755,100.0,20.220854,19.0,135.322673,133.0,16.945957,21.0,0.428913,0.431373,0.071314,0.078431,0.687356,0.694118,0.05667,0.062745,332.107464,6.906804,0.992761,-0.464428,0.877428,0.427876,0.428934,0.243085,0.245283,0.32904,0.32981,137.156427,136.666667,203.0,195.0,203.0,-26.0,-95.0,-70.0,0.871921,0.512821,0.655172,9272,9099,173,0.018658,0.981342,0.0,4632,pass,
ketone_06_c1_wE11,ketone_06_c1,ketone,6,1.0,E11,5,11,crops/ketone/ketone_06_c1/ketone_06_c1_wE11.png,76.2,177.309801,177.0,15.066996,14.0,104.495659,101.0,24.404866,17.0,138.465616,135.0,19.692798,15.0,0.416066,0.431373,0.081818,0.07451,0.695333,0.694118,0.05909,0.054902,331.855439,6.906012,0.992762,-0.468284,0.875378,0.424296,0.427252,0.246156,0.245658,0.329548,0.327869,140.090359,137.333333,201.0,192.0,201.0,-24.0,-91.0,-66.0,0.880597,0.526042,0.671642,8928,8754,174,0.019489,0.980511,0.0,4432,pass,
ketone_06_c1_wE12,ketone_06_c1,ketone,6,1.0,E12,5,12,crops/ketone/ketone_06_c1/ketone_06_c1_wE12.png,77.1,180.687793,180.0,12.516592,8.0,111.42736,108.0,19.460777,17.0,144.591832,142.0,16.655564,18.0,0.386354,0.396078,0.067405,0.086275,0.70858,0.705882,0.049085,0.031373,331.264753,5.682154,0.995094,-0.478405,0.872549,0.415338,0.415094,0.253669,0.251781,0.330994,0.331839,145.568995,143.0,203.0,194.0,203.0,-23.0,-86.0,-61.0,0.8867,0.556701,0.699507,9176,8962,214,0.023322,0.976678,0.0,4520,pass,
ketone_06_c1_wF01,ketone_06_c1,ketone,6,1.0,F01,6,1,crops/ketone/ketone_06_c1/ketone_06_c1_wF01.png,78.3,152.734672,154.0,7.993113,9.0,78.125581,79.0,8.711253,8.0,110.891543,110.0,6.892613,9.0,0.489967,0.486275,0.035147,0.031373,0.598959,0.603922,0.031346,0.035294,333.528344,5.198729,0.995892,-0.443924,0.891478,0.447317,0.448052,0.227915,0.230321,0.324768,0.320588,113.917266,114.333333,185.0,181.0,188.0,-31.0,-102.0,-78.0,0.832432,0.436464,0.585106,9460,9460,0,0.0,1.0,0.0,4680,pass,
ketone_06_c1_wF02,ketone_06_c1,ketone,6,1.0,F02,6,2,crops/ketone/ketone_06_c1/ketone_06_c1_wF02.png,71.1,156.699795,159.0,9.35041,7.0,78.556497,80.0,11.675769,10.0,113.496918,113.0,8.670352,12.0,0.501201,0.494118,0.052492,0.054902,0.614509,0.623529,0.036668,0.027451,333.047913,5.953528,0.994616,-0.450805,0.886587,0.450161,0.449861,0.22391,0.228814,0.325929,0.321429,116.25107,117.333333,154.0,109.0,136.0,5.0,-29.0,-23.0,1.032468,0.733945,0.830882,7788,7788,0,0.0,1.0,0.0,3812,pass,
ketone_06_c1_wF03,ketone_06_c1,ketone,6,1.0,F03,6,3,crops/ketone/ketone_06_c1/ketone_06_c1_wF03.png,79.8,163.797366,165.0,11.511959,10.0,87.415986,87.0,15.24864,15.0,125.369947,124.0,13.123854,16.0,0.46954,0.47451,0.058298,0.070588,0.642343,0.647059,0.045145,0.039216,330.203096,4.720145,0.996612,-0.495244,0.864853,0.436374,0.435754,0.230568,0.231169,0.333059,0.335065,125.527766,125.333333,194.0,187.0,196.0,-29.0,-100.0,-72.0,0.850515,0.465241,0.632653,9796,9796,0,0.0,1.0,0.0,4864,pass,
ketone_06_c1_wF04,ketone_06_c1,ketone,6,1.0,F04,6,4,crops/ketone/ketone_06_c1/ketone_06_c1_wF04.png,78.3,165.008245,165.0,8.596236,8.0,83.967125,84.0,9.375121,9.0,120.320507,120.0,9.645373,12.0,0.492346,0.494118,0.034547,0.043137,0.647091,0.647059,0.033711,0.031373,333.03763,3.896023,0.997691,-0.452358,0.889246,0.447502,0.447368,0.226756,0.226913,0.325741,0.325333,123.098626,122.666667,196.0,187.0,196.0,-31.0,-103.0,-76.0,0.841837,0.449198,0.612245,9460,9460,0,0.0,1.0,0.0,4680,pass,
ketone_06_c1_wF05,ketone_06_c1,ketone,6,1.0,F05,6,5,crops/ketone/ketone_06_c1/ketone_06_c1_wF05.png,79.5,167.175049,167.0,13.080247,11.0,86.870041,84.0,17.279703,12.0,121.519421,119.0,15.526335,13.0,0.483822,0.494118,0.058605,0.054902,0.655588,0.654902,0.051295,0.043137,334.000214,4.767972,0.996543,-0.436853,0.895689,0.446833,0.448,0.229701,0.228261,0.323467,0.32021,125.18817,123.333333,198.0,191.0,199.0,-31.0,-107.0,-80.0,0.843434,0.439791,0.59799,9716,9603,113,0.01163,0.98837,0.0,4856,pass,
ketone_06_c1_wF06,ketone_06_c1,ketone,6,1.0,F06,6,6,crops/ketone/ketone_06_c1/ketone_06_c1_wF06.png,79.8,170.784576,171.0,12.93009,13.25,90.280745,90.0,16.855686,15.0,125.970911,125.0,14.647617,14.0,0.474651,0.47451,0.059864,0.062745,0.669743,0.670588,0.050706,0.051961,333.341334,4.719462,0.996613,-0.447155,0.890669,0.442831,0.444737,0.231674,0.232911,0.325495,0.326478,129.012077,128.666667,199.0,194.0,201.0,-28.0,-104.0,-76.0,0.859296,0.463918,0.621891,9796,9660,136,0.013883,0.986117,0.0,4864,pass,
ketone_06_c1_wF07,ketone_06_c1,ketone,6,1.0,F07,6,7,crops/ketone/ketone_06_c1/ketone_06_c1_wF07.png,79.2,174.103344,174.0,11.560331,10.0,96.288819,95.0,14.720232,12.0,131.80512,130.0,13.047096,12.0,0.44936,0.45098,0.04874,0.047059,0.682758,0.682353,0.045335,0.039216,332.664432,3.499353,0.998137,-0.458345,0.886677,0.433975,0.434053,0.238317,0.238095,0.327708,0.325926,134.065761,133.0,202.0,194.0,203.0,-28.0,-99.0,-73.0,0.861386,0.489691,0.640394,9660,9570,90,0.009317,0.990683,0.0,4784,pass,
ketone_06_c1_wF08,ketone_06_c1,ketone,6,1.0,F08,6,8,crops/ketone/ketone_06_c1/ketone_06_c1_wF08.png,80.4,175.806352,177.0,15.916311,16.0,102.334708,101.0,22.42727,19.0,137.724789,136.0,18.391395,19.0,0.4234,0.427451,0.077881,0.086275,0.689437,0.694118,0.062417,0.062745,330.976003,5.656438,0.995139,-0.482817,0.870166,0.425031,0.425121,0.243579,0.24505,0.331389,0.333333,138.62195,138.0,204.0,199.0,207.0,-27.0,-98.0,-71.0,0.867647,0.507538,0.657005,9944,9698,246,0.024739,0.975261,0.0,4928,pass,
ketone_06_c1_wF09,ketone_06_c1,ketone,6,1.0,F09,6,9,crops/ketone/ketone_06_c1/ketone_06_c1_wF09.png,76.8,177.890155,178.0,14.719669,14.0,103.284859,101.0,22.558008,21.0,138.937824,136.0,18.597449,21.0,0.424156,0.423529,0.081149,0.098039,0.697608,0.698039,0.057724,0.054902,331.124938,5.898205,0.994715,-0.480349,0.871047,0.425748,0.425532,0.24351,0.244344,0.330742,0.329975,140.037613,138.333333,204.0,192.0,203.0,-26.0,-91.0,-67.0,0.872549,0.526042,0.669951,9080,8685,395,0.043502,0.956498,0.0,4480,pass,
ketone_06_c1_wF10,ketone_06_c1,ketone,6,1.0,F10,6,10,crops/ketone/ketone_06_c1/ketone_06_c1_wF10.png,79.2,181.122626,181.0,14.958215,12.0,107.619569,103.0,22.767731,17.0,140.960305,137.0,19.650457,17.0,0.410148,0.423529,0.073941,0.07451,0.710285,0.709804,0.05866,0.047059,332.668901,4.591068,0.996795,-0.45766,0.885521,0.423733,0.425693,0.248455,0.245455,0.327812,0.327957,143.234167,140.333333,205.0,196.0,205.0,-24.0,-93.0,-68.0,0.882927,0.52551,0.668293,9660,9321,339,0.035093,0.964907,0.0,4784,pass,
ketone_06_c1_wF11,ketone_06_c1,ketone,6,1.0,F11,6,11,crops/ketone/ketone_06_c1/ketone_06_c1_wF11.png,76.2,182.844409,182.0,11.880933,10.0,109.640621,107.0,18.174509,19.0,143.173622,141.0,16.244647,19.0,0.402966,0.403922,0.06491,0.094118,0.717037,0.713725,0.046592,0.039216,332.420453,4.402472,0.997052,-0.461615,0.883756,0.421329,0.419954,0.250296,0.25,0.328375,0.326371,145.219551,143.0,204.0,190.0,201.0,-22.0,-83.0,-60.0,0.892157,0.563158,0.701493,8928,8818,110,0.012321,0.987679,0.0,4432,pass,
ketone_06_c1_wF12,ketone_06_c1,ketone,6,1.0,F12,6,12,crops/ketone/ketone_06_c1/ketone_06_c1_wF12.png,79.8,180.351087,182.0,10.288331,8.0,106.591326,106.0,16.142598,17.0,143.284125,141.0,13.120627,18.0,0.411193,0.415686,0.062562,0.094118,0.707259,0.713725,0.040346,0.031373,330.021471,6.542976,0.993501,-0.496428,0.860583,0.42035,0.421594,0.246492,0.248193,0.333158,0.332474,143.408846,142.666667,205.0,200.0,206.0,-23.0,-94.0,-65.0,0.887805,0.53,0.684466,9796,9707,89,0.009085,0.990915,0.0,4864,pass,
ketone_06_c1_wG01,ketone_06_c1,ketone,6,1.0,G01,7,1,crops/ketone/ketone_06_c1/ketone_06_c1_wG01.png,78.9,155.426661,157.0,7.716045,8.0,78.713017,80.0,9.282675,10.0,115.557668,115.0,7.799603,11.0,0.495222,0.490196,0.039435,0.039216,0.609516,0.615686,0.030259,0.031373,331.260083,4.56889,0.996826,-0.479308,0.874028,0.445062,0.445483,0.224281,0.227666,0.330658,0.329577,116.565782,117.333333,189.0,185.0,192.0,-32.0,-105.0,-77.0,0.830688,0.432432,0.598958,9572,9572,0,0.0,1.0,0.0,4744,pass,
ketone_06_c1_wG02,ketone_06_c1,ketone,6,1.0,G02,7,2,crops/ketone/ketone_06_c1/ketone_06_c1_wG02.png,81.9,160.7253,162.0,8.033655,7.0,82.915343,83.0,11.84866,11.0,119.693142,118.0,9.444078,13.0,0.486192,0.490196,0.053937,0.054902,0.630295,0.635294,0.031505,0.027451,331.52195,4.717951,0.996615,-0.475208,0.876025,0.443369,0.44504,0.227022,0.228379,0.32961,0.328877,121.111262,121.0,192.0,189.0,196.0,-30.0,-106.0,-78.0,0.84375,0.439153,0.602041,10324,10324,0,0.0,1.0,0.0,5136,pass,
ketone_06_c1_wG03,ketone_06_c1,ketone,6,1.0,G03,7,3,crops/ketone/ketone_06_c1/ketone_06_c1_wG03.png,84.0,161.831798,165.0,12.520885,10.0,82.184506,85.0,16.507879,12.0,121.70689,121.0,11.309007,14.0,0.497251,0.486275,0.073206,0.062745,0.634635,0.647059,0.049102,0.039216,329.93724,5.831243,0.994834,-0.498361,0.861006,0.44413,0.444444,0.222132,0.229333,0.333738,0.330166,121.907732,123.333333,195.0,193.0,199.0,-30.0,-108.0,-78.0,0.846154,0.440415,0.60804,10856,10856,0,0.0,1.0,0.0,5388,pass,
ketone_06_c1_wG04,ketone_06_c1,ketone,6,1.0,G04,7,4,crops/ketone/ketone_06_c1/ketone_06_c1_wG04.png,79.8,169.981829,170.0,8.537901,9.0,90.565537,90.0,10.396238,10.0,128.867089,128.0,9.838752,11.0,0.468662,0.470588,0.038098,0.047059,0.666595,0.666667,0.033482,0.035294,331.010463,3.934217,0.997645,-0.483509,0.872649,0.437197,0.438056,0.23188,0.23219,0.330924,0.330073,129.804818,129.666667,199.0,190.0,199.0,-29.0,-100.0,-71.0,0.854271,0.473684,0.643216,9796,9796,0,0.0,1.0,0.0,4864,pass,
ketone_06_c1_wG05,ketone_06_c1,ketone,6,1.0,G05,7,5,crops/ketone/ketone_06_c1/ketone_06_c1_wG05.png,78.6,171.84275,172.0,10.750617,10.0,92.424754,92.0,13.331297,13.0,128.387686,127.0,12.56388,12.0,0.464278,0.466667,0.046187,0.058824,0.673893,0.67451,0.042159,0.039216,332.751892,3.684465,0.997935,-0.456899,0.887196,0.438699,0.439474,0.234402,0.234536,0.3269,0.326478,130.885064,130.333333,201.0,188.0,199.0,-29.0,-96.0,-72.0,0.855721,0.489362,0.638191,9508,9469,39,0.004102,0.995898,0.0,4744,pass,
ketone_06_c1_wG06,ketone_06_c1,ketone,6,1.0,G06,7,6,crops/ketone/ketone_06_c1/ketone_06_c1_wG06.png,77.1,172.111563,174.0,13.4227,12.0,93.510837,94.0,18.556617,18.0,131.553306,130.0,15.008328,19.0,0.46107,0.458824,0.071763,0.086275,0.674947,0.682353,0.052638,0.047059,330.746616,5.017237,0.996173,-0.486803,0.869128,0.435243,0.434783,0.233242,0.237113,0.331515,0.332574,132.391902,132.666667,201.0,190.0,200.0,-27.0,-96.0,-70.0,0.865672,0.494737,0.65,9176,9089,87,0.009481,0.990519,0.0,4520,pass,
ketone_06_c1_wG07,ketone_06_c1,ketone,6,1.0,G07,7,7,crops/ketone/ketone_06_c1/ketone_06_c1_wG07.png,79.5,176.001465,177.0,11.800904,12.0,98.515018,99.0,16.566977,16.0,135.764103,135.0,13.87987,17.0,0.443456,0.439216,0.061424,0.066667,0.690202,0.694118,0.046278,0.047059,331.097342,4.729465,0.996599,-0.481679,0.872465,0.430414,0.430318,0.23857,0.24105,0.331017,0.33121,136.760195,137.0,205.0,199.0,207.0,-28.0,-100.0,-72.0,0.863415,0.497487,0.652174,9716,9555,161,0.016571,0.983429,0.0,4856,pass,
ketone_06_c1_wG08,ketone_06_c1,ketone,6,1.0,G08,7,8,crops/ketone/ketone_06_c1/ketone_06_c1_wG08.png,78.3,178.890664,180.0,12.615595,11.0,103.800407,104.0,18.397332,17.0,139.72205,139.0,14.598688,18.0,0.423397,0.423529,0.066889,0.07451,0.701532,0.705882,0.049473,0.043137,331.154766,5.406573,0.995558,-0.480302,0.872035,0.425035,0.424936,0.243967,0.245413,0.330998,0.330166,140.804373,141.0,206.0,198.0,207.0,-26.0,-94.0,-68.0,0.873786,0.525253,0.671498,9460,9329,131,0.013848,0.986152,0.0,4680,pass,
ketone_06_c1_wG09,ketone_06_c1,ketone,6,1.0,G09,7,9,crops/ketone/ketone_06_c1/ketone_06_c1_wG09.png,78.3,182.867519,183.0,9.530855,8.0,109.636422,110.0,13.589786,15.0,145.268051,145.0,12.253518,16.0,0.402059,0.4,0.048519,0.066667,0.717128,0.717647,0.037376,0.031373,330.875521,4.443724,0.996997,-0.485247,0.870941,0.418624,0.416867,0.249613,0.250552,0.331763,0.332599,145.923997,146.0,208.0,199.0,208.0,-25.0,-89.0,-63.0,0.879808,0.552764,0.697115,9460,9390,70,0.0074,0.9926,0.0,4680,pass,
ketone_06_c1_wG10,ketone_06_c1,ketone,6,1.0,G10,7,10,crops/ketone/ketone_06_c1/ketone_06_c1_wG10.png,79.2,186.297759,187.0,11.441187,12.0,115.312212,114.0,17.689966,19.0,153.046816,152.0,14.151168,20.0,0.383841,0.388235,0.063157,0.082353,0.730579,0.733333,0.044867,0.047059,328.155543,5.408675,0.995554,-0.525269,0.845707,0.410983,0.410023,0.252263,0.2527,0.336754,0.33682,151.552262,151.0,209.0,200.0,209.0,-22.0,-86.0,-57.0,0.894737,0.57,0.727273,9660,9548,112,0.011594,0.988406,0.0,4784,pass,
ketone_06_c1_wG11,ketone_06_c1,ketone,6,1.0,G11,7,11,crops/ketone/ketone_06_c1/ketone_06_c1_wG11.png,78.3,188.562453,189.0,10.796477,9.0,118.635718,117.0,14.904641,13.0,153.369554,151.0,13.713042,15.0,0.372557,0.380392,0.046466,0.054902,0.739461,0.741176,0.042339,0.035294,330.438182,4.604867,0.996776,-0.491771,0.867019,0.410269,0.41055,0.256828,0.25618,0.332903,0.332636,153.522575,152.333333,207.0,197.0,206.0,-18.0,-80.0,-55.0,0.913043,0.593909,0.73301,9460,9295,165,0.017442,0.982558,0.0,4680,pass,
ketone_06_c1_wG12,ketone_06_c1,ketone,6,1.0,G12,7,12,crops/ketone/ketone_06_c1/ketone_06_c1_wG12.png,79.2,189.964496,189.0,10.292872,7.0,121.651601,119.0,15.20349,13.0,157.77107,155.0,13.896476,15.0,0.361309,0.372549,0.047456,0.058824,0.744959,0.741176,0.040364,0.027451,328.517269,4.195453,0.997323,-0.520843,0.850514,0.405571,0.407323,0.258423,0.256959,0.336007,0.337283,156.462389,154.0,207.0,199.0,207.0,-18.0,-80.0,-52.0,0.913043,0.59799,0.748792,9660,9492,168,0.017391,0.982609,0.0,4784,pass,
ketone_06_c1_wH01,ketone_06_c1,ketone,6,1.0,H01,8,1,crops/ketone/ketone_06_c1/ketone_06_c1_wH01.png,78.0,164.996052,166.0,5.707526,7.0,88.380922,89.0,8.541207,13.0,123.823837,124.0,7.62293,12.0,0.465296,0.458824,0.03768,0.062745,0.647043,0.65098,0.022382,0.027451,332.322001,3.52539,0.998109,-0.463624,0.883897,0.437987,0.435897,0.233784,0.235135,0.328229,0.32732,125.733604,126.0,193.0,187.0,194.0,-27.0,-98.0,-70.0,0.860104,0.475936,0.639175,9372,9372,0,0.0,1.0,0.0,4616,pass,
ketone_06_c1_wH02,ketone_06_c1,ketone,6,1.0,H02,8,2,crops/ketone/ketone_06_c1/ketone_06_c1_wH02.png,78.6,169.068083,168.0,10.862888,9.0,93.511999,91.0,15.827465,14.0,127.874088,125.0,13.81938,15.0,0.449859,0.458824,0.059169,0.066667,0.663012,0.658824,0.0426,0.035294,332.588059,4.268808,0.997228,-0.459109,0.885259,0.434477,0.437333,0.238078,0.237569,0.327445,0.326203,130.15139,128.333333,198.0,190.0,199.0,-30.0,-99.0,-74.0,0.848485,0.478947,0.628141,9508,9459,49,0.005154,0.994846,0.0,4744,pass,
ketone_06_c1_wH03,ketone_06_c1,ketone,6,1.0,H03,8,3,crops/ketone/ketone_06_c1/ketone_06_c1_wH03.png,79.5,172.516765,172.0,14.005039,11.0,98.203712,94.0,19.822138,17.0,132.229755,127.0,18.048433,19.0,0.43465,0.447059,0.069887,0.086275,0.676536,0.67451,0.054922,0.043137,332.44949,5.071866,0.99609,-0.460722,0.883137,0.430247,0.432816,0.241854,0.239186,0.327899,0.327273,134.316744,131.0,201.0,197.0,204.0,-29.0,-103.0,-77.0,0.855721,0.477157,0.622549,9716,9484,232,0.023878,0.976122,0.0,4856,pass,
ketone_06_c1_wH04,ketone_06_c1,ketone,6,1.0,H04,8,4,crops/ketone/ketone_06_c1/ketone_06_c1_wH04.png,78.3,175.687589,175.0,15.87914,14.0,104.378037,97.0,22.983605,21.0,136.673189,130.0,21.189782,21.0,0.410535,0.427451,0.079128,0.105882,0.688971,0.686275,0.062271,0.054902,332.830967,5.292333,0.995743,-0.454673,0.885876,0.424257,0.426506,0.248264,0.244389,0.327479,0.327225,138.912938,133.666667,204.0,198.0,206.0,-29.0,-101.0,-76.0,0.857843,0.489899,0.631068,9460,9097,363,0.038372,0.961628,0.0,4680,pass,
ketone_06_c1_wH05,ketone_06_c1,ketone,6,1.0,H05,8,5,crops/ketone/ketone_06_c1/ketone_06_c1_wH05.png,73.5,178.919445,178.0,15.835572,14.0,105.218243,100.0,21.092784,17.0,138.090718,133.0,19.60021,15.0,0.415874,0.431373,0.068818,0.078431,0.701645,0.698039,0.0621,0.054902,333.246117,4.271423,0.997225,-0.44891,0.89047,0.425865,0.428934,0.247394,0.24505,0.326741,0.325942,140.742802,136.666667,202.0,185.0,199.0,-24.0,-85.0,-66.0,0.881188,0.540541,0.668342,8296,8069,227,0.027363,0.972637,0.0,4124,pass,
ketone_06_c1_wH06,ketone_06_c1,ketone,6,1.0,H06,8,6,crops/ketone/ketone_06_c1/ketone_06_c1_wH06.png,77.1,179.254651,179.0,15.076014,15.0,105.016028,101.0,20.063072,19.0,139.015131,135.0,18.51433,18.0,0.41795,0.427451,0.065848,0.078431,0.702959,0.701961,0.059122,0.058824,332.500808,5.022135,0.996166,-0.459966,0.883616,0.425411,0.426667,0.246401,0.245327,0.328187,0.326683,141.09527,138.333333,209.0,204.0,212.0,-30.0,-103.0,-77.0,0.856459,0.495098,0.636792,9176,8922,254,0.027681,0.972319,0.0,4520,pass,
ketone_06_c1_wH07,ketone_06_c1,ketone,6,1.0,H07,8,7,crops/ketone/ketone_06_c1/ketone_06_c1_wH07.png,77.1,182.233686,183.0,14.839005,14.0,111.228056,109.0,20.12455,15.0,144.303768,141.0,17.896554,16.0,0.393171,0.403922,0.063153,0.05098,0.714642,0.717647,0.058192,0.054902,332.180667,4.931497,0.996303,-0.46496,0.881154,0.417879,0.420225,0.252579,0.251196,0.329542,0.329208,145.921837,144.0,209.0,204.0,212.0,-26.0,-95.0,-71.0,0.875598,0.534314,0.665094,9176,8704,472,0.051439,0.948561,0.0,4520,pass,
ketone_06_c1_wH08,ketone_06_c1,ketone,6,1.0,H08,8,8,crops/ketone/ketone_06_c1/ketone_06_c1_wH08.png,75.9,185.119472,185.0,17.163376,14.0,114.8906,112.0,23.243747,22.0,150.256888,146.0,19.825282,23.0,0.384694,0.392157,0.076579,0.098039,0.725959,0.72549,0.067307,0.054902,329.657473,6.481924,0.993621,-0.501946,0.857516,0.41323,0.415617,0.252829,0.253521,0.333941,0.33414,150.088987,148.0,210.0,203.0,212.0,-25.0,-91.0,-66.0,0.880952,0.551724,0.688679,8880,8638,242,0.027252,0.972748,0.0,4408,pass,
ketone_06_c1_wH09,ketone_06_c1,ketone,6,1.0,H09,8,9,crops/ketone/ketone_06_c1/ketone_06_c1_wH09.png,77.7,186.493849,187.0,13.332303,13.0,114.267725,114.0,18.490288,13.0,150.888727,149.5,14.966937,13.0,0.390566,0.392157,0.059518,0.047059,0.731348,0.733333,0.052284,0.05098,329.554161,4.773918,0.996535,-0.504968,0.859121,0.414107,0.415138,0.251591,0.253425,0.334302,0.334094,150.550101,150.333333,212.0,207.0,215.0,-25.0,-93.0,-65.5,0.882075,0.550725,0.695349,9272,8942,330,0.035591,0.964409,0.0,4632,pass,
ketone_06_c1_wH10,ketone_06_c1,ketone,6,1.0,H10,8,10,crops/ketone/ketone_06_c1/ketone_06_c1_wH10.png,78.9,191.938705,193.0,12.729522,12.0,123.792739,122.0,19.589835,21.0,163.088549,161.0,14.526589,19.0,0.358397,0.368627,0.067837,0.078431,0.752701,0.756863,0.04992,0.047059,325.421731,4.526907,0.996884,-0.565763,0.820786,0.40207,0.403397,0.256987,0.257202,0.340942,0.339015,159.606665,159.0,212.0,204.0,212.0,-19.0,-82.0,-51.0,0.910377,0.598039,0.759434,9572,9283,289,0.030192,0.969808,0.0,4744,pass,
ketone_06_c1_wH11,ketone_06_c1,ketone,6,1.0,H11,8,11,crops/ketone/ketone_06_c1/ketone_06_c1_wH11.png,77.4,194.175184,194.0,11.024769,11.0,127.203638,126.0,19.148841,25.0,164.394778,165.0,14.620893,20.0,0.347675,0.345098,0.06851,0.105882,0.761471,0.760784,0.043234,0.043137,326.759523,4.531569,0.996877,-0.546442,0.833765,0.401001,0.397638,0.260476,0.261328,0.338523,0.337917,161.924533,161.333333,210.0,198.0,208.0,-16.0,-72.0,-43.0,0.92381,0.636364,0.793269,9224,8962,262,0.028404,0.971596,0.0,4600,pass,
ketone_06_c1_wH12,ketone_06_c1,ketone,6,1.0,H12,8,12,crops/ketone/ketone_06_c1/ketone_06_c1_wH12.png,78.0,190.869556,191.0,9.256084,9.0,119.882816,119.0,12.775914,10.0,157.848534,157.0,10.572692,10.0,0.373177,0.376471,0.039051,0.035294,0.748508,0.74902,0.036298,0.035294,328.025525,3.834147,0.997763,-0.528357,0.846387,0.407819,0.408791,0.255259,0.255365,0.336922,0.335648,156.200302,155.333333,211.0,202.0,210.0,-20.0,-83.0,-53.0,0.905213,0.589109,0.747619,9372,9276,96,0.010243,0.989757,0.0,4616,pass,
ketone_07_c5_wA01,ketone_07_c5,ketone,7,5.0,A01,1,1,crops/ketone/ketone_07_c5/ketone_07_c5_wA01.png,86.4,145.108662,146.0,8.984997,13.0,68.354915,71.0,13.615914,20.0,126.212879,127.0,6.37498,7.0,0.532911,0.509804,0.068525,0.098039,0.569054,0.572549,0.035235,0.05098,314.580461,3.988572,0.99758,-0.710542,0.700212,0.428053,0.423977,0.199197,0.207493,0.37275,0.369748,113.225485,115.0,184.0,186.0,189.0,-38.0,-115.0,-62.0,0.793478,0.38172,0.671958,11476,11476,0,0.0,1.0,0.0,5684,pass,
ketone_07_c5_wA02,ketone_07_c5,ketone,7,5.0,A02,1,2,crops/ketone/ketone_07_c5/ketone_07_c5_wA02.png,78.6,151.507888,152.0,6.06363,8.0,83.879049,85.0,8.261775,11.0,136.23191,136.0,4.618897,6.0,0.447308,0.447059,0.039088,0.05098,0.594149,0.596078,0.023779,0.031373,313.537638,2.708829,0.998883,-0.724112,0.688062,0.407893,0.408587,0.225219,0.225131,0.366889,0.366755,123.872949,124.666667,187.0,179.0,186.0,-35.0,-94.0,-50.0,0.812834,0.47486,0.731183,9508,9508,0,0.0,1.0,0.0,4744,pass,
ketone_07_c5_wA03,ketone_07_c5,ketone,7,5.0,A03,1,3,crops/ketone/ketone_07_c5/ketone_07_c5_wA03.png,79.2,151.163251,151.0,4.978957,6.0,74.420083,75.0,6.497677,8.0,130.867598,131.0,4.564305,6.0,0.508389,0.501961,0.028551,0.031373,0.592797,0.592157,0.019525,0.023529,315.970031,1.78401,0.999515,-0.694698,0.718628,0.424286,0.423823,0.208402,0.209809,0.367312,0.366197,118.816977,118.666667,188.0,178.0,187.0,-37.0,-103.0,-56.0,0.803191,0.421348,0.700535,9660,9660,0,0.0,1.0,0.0,4784,pass,
ketone_07_c5_wA04,ketone_07_c5,ketone,7,5.0,A04,1,4,crops/ketone/ketone_07_c5/ketone_07_c5_wA04.png,84.3,150.370985,150.0,6.094268,7.0,71.539872,73.0,8.230987,10.0,130.42792,130.0,4.947655,6.0,0.525475,0.517647,0.037696,0.047059,0.58969,0.588235,0.023899,0.027451,314.991685,2.141861,0.999302,-0.706715,0.70651,0.427084,0.426136,0.202379,0.206395,0.370536,0.366762,117.446259,117.666667,193.0,192.0,197.0,-43.0,-119.0,-67.0,0.777202,0.380208,0.659898,10960,10960,0,0.0,1.0,0.0,5432,pass,
ketone_07_c5_wA05,ketone_07_c5,ketone,7,5.0,A05,1,5,crops/ketone/ketone_07_c5/ketone_07_c5_wA05.png,77.1,156.006539,156.0,6.072664,10.0,75.908239,77.0,8.875512,14.0,134.600806,135.0,6.10987,9.0,0.514782,0.505882,0.03939,0.062745,0.61179,0.611765,0.023814,0.039216,315.956183,1.561449,0.999629,-0.69495,0.718541,0.426089,0.424403,0.206408,0.209677,0.367503,0.366234,122.171861,122.666667,194.0,187.0,197.0,-38.0,-110.0,-62.0,0.804124,0.411765,0.685279,9176,9176,0,0.0,1.0,0.0,4520,pass,
ketone_07_c5_wA06,ketone_07_c5,ketone,7,5.0,A06,1,6,crops/ketone/ketone_07_c5/ketone_07_c5_wA06.png,78.3,150.526533,151.0,5.665895,7.0,65.995877,66.0,7.517203,11.0,128.946723,128.0,4.671663,6.0,0.562475,0.560784,0.034411,0.054902,0.5903,0.592157,0.022219,0.027451,315.410925,2.410913,0.999115,-0.701396,0.71153,0.435994,0.436975,0.190447,0.19174,0.373559,0.372781,115.156378,115.0,194.0,191.0,199.0,-43.0,-125.0,-71.0,0.778351,0.34555,0.643216,9460,9460,0,0.0,1.0,0.0,4680,pass,
ketone_07_c5_wA07,ketone_07_c5,ketone,7,5.0,A07,1,7,crops/ketone/ketone_07_c5/ketone_07_c5_wA07.png,78.6,158.475389,159.0,7.234279,11.0,76.119268,76.0,11.089146,19.0,135.52419,135.0,6.422505,9.0,0.52155,0.529412,0.04895,0.082353,0.621472,0.623529,0.02837,0.043137,316.717781,2.370929,0.999144,-0.685006,0.727363,0.428745,0.430939,0.20461,0.204244,0.366645,0.364903,123.372949,123.333333,196.0,193.0,202.0,-37.0,-117.0,-67.0,0.811224,0.393782,0.668317,9508,9508,0,0.0,1.0,0.0,4744,pass,
ketone_07_c5_wA08,ketone_07_c5,ketone,7,5.0,A08,1,8,crops/ketone/ketone_07_c5/ketone_07_c5_wA08.png,77.4,158.681266,159.0,6.568431,10.0,75.22539,76.0,10.180027,16.0,138.839657,138.0,6.127298,9.0,0.527674,0.52549,0.045677,0.07451,0.622279,0.623529,0.025759,0.039216,314.364169,1.779824,0.999518,-0.714565,0.698879,0.426206,0.426316,0.200919,0.202128,0.372875,0.372449,124.248771,124.666667,197.0,192.0,202.0,-38.0,-116.0,-64.0,0.807107,0.395833,0.683168,9224,9224,0,0.0,1.0,0.0,4600,pass,
ketone_07_c5_wA09,ketone_07_c5,ketone,7,5.0,A09,1,9,crops/ketone/ketone_07_c5/ketone_07_c5_wA09.png,74.1,159.110402,160.0,4.767439,7.0,75.690544,76.0,6.654456,10.0,137.410402,137.0,4.085393,5.0,0.525002,0.52549,0.02883,0.047059,0.623962,0.627451,0.018696,0.027451,315.677833,1.819636,0.999496,-0.69834,0.715062,0.427667,0.428571,0.202976,0.203252,0.369357,0.368146,124.070449,124.333333,192.0,175.0,193.0,-32.0,-99.0,-56.0,0.833333,0.434286,0.709845,8460,8460,0,0.0,1.0,0.0,4192,pass,
ketone_07_c5_wA10,ketone_07_c5,ketone,7,5.0,A10,1,10,crops/ketone/ketone_07_c5/ketone_07_c5_wA10.png,78.9,156.926975,157.0,4.789902,6.0,72.833159,74.0,6.583948,10.0,136.806728,137.0,4.288202,6.0,0.536661,0.533333,0.028909,0.043137,0.6154,0.615686,0.018784,0.023529,314.353461,1.838318,0.999485,-0.714673,0.698723,0.428301,0.428571,0.198299,0.2,0.3734,0.373333,122.188954,122.666667,196.0,191.0,200.0,-39.0,-117.0,-63.0,0.80102,0.387435,0.685,9572,9572,0,0.0,1.0,0.0,4744,pass,
ketone_07_c5_wA11,ketone_07_c5,ketone,7,5.0,A11,1,11,crops/ketone/ketone_07_c5/ketone_07_c5_wA11.png,76.5,155.619676,156.0,6.020768,9.0,71.775954,74.0,9.207575,15.0,135.588509,136.0,4.70639,6.0,0.540278,0.52549,0.042958,0.066667,0.610273,0.611765,0.023611,0.035294,314.368095,2.68031,0.998906,-0.71408,0.698501,0.429059,0.427793,0.196969,0.202156,0.373972,0.370787,120.994713,122.0,193.0,185.0,196.0,-37.0,-111.0,-60.0,0.80829,0.4,0.693878,9016,9016,0,0.0,1.0,0.0,4512,pass,
ketone_07_c5_wA12,ketone_07_c5,ketone,7,5.0,A12,1,12,crops/ketone/ketone_07_c5/ketone_07_c5_wA12.png,78.3,158.485322,159.0,8.920016,8.0,76.032141,77.0,13.379106,10.0,139.532891,139.0,8.416172,5.0,0.522595,0.517647,0.049638,0.043137,0.621511,0.623529,0.03498,0.031373,313.708265,2.656381,0.998926,-0.722091,0.690244,0.424256,0.425068,0.202219,0.204134,0.373525,0.372152,124.683451,125.0,195.0,192.0,201.0,-36.0,-115.0,-62.0,0.815385,0.401042,0.691542,9460,9334,126,0.013319,0.986681,0.0,4680,pass,
ketone_07_c5_wB01,ketone_07_c5,ketone,7,5.0,B01,2,1,crops/ketone/ketone_07_c5/ketone_07_c5_wB01.png,78.9,150.705913,151.0,4.281628,6.0,66.048475,67.0,4.618291,6.0,125.583995,126.0,2.917114,3.0,0.562198,0.560784,0.020824,0.023529,0.591004,0.592157,0.016791,0.023529,317.826507,2.471102,0.99907,-0.670754,0.740426,0.440279,0.440341,0.192722,0.194767,0.366999,0.365169,114.112794,114.333333,188.0,181.0,189.0,-37.0,-114.0,-63.0,0.803191,0.370166,0.666667,9572,9572,0,0.0,1.0,0.0,4744,pass,
ketone_07_c5_wB02,ketone_07_c5,ketone,7,5.0,B02,2,2,crops/ketone/ketone_07_c5/ketone_07_c5_wB02.png,78.0,155.286385,155.0,4.115482,6.0,67.04268,67.0,4.941818,8.0,124.086108,124.0,3.152401,4.0,0.568739,0.568627,0.02129,0.031373,0.608966,0.607843,0.016139,0.023529,321.067722,2.611136,0.998962,-0.627749,0.777082,0.44834,0.448571,0.193305,0.193642,0.358355,0.357143,115.471724,115.333333,189.0,180.0,189.0,-34.0,-113.0,-65.0,0.820106,0.372222,0.656085,9372,9372,0,0.0,1.0,0.0,4616,pass,
ketone_07_c5_wB03,ketone_07_c5,ketone,7,5.0,B03,2,3,crops/ketone/ketone_07_c5/ketone_07_c5_wB03.png,82.5,156.019458,156.0,4.432783,6.0,68.157383,68.0,5.136967,7.0,124.208985,124.0,3.665334,5.0,0.563658,0.560784,0.022363,0.027451,0.611841,0.611765,0.017383,0.023529,321.634485,2.542266,0.999016,-0.620065,0.783296,0.447938,0.447761,0.195397,0.197143,0.356666,0.35493,116.128609,116.0,197.0,194.0,200.0,-41.0,-126.0,-76.0,0.791878,0.350515,0.62,10484,10484,0,0.0,1.0,0.0,5196,pass,
ketone_07_c5_wB04,ketone_07_c5,ketone,7,5.0,B04,2,4,crops/ketone/ketone_07_c5/ketone_07_c5_wB04.png,75.9,154.962275,155.0,4.816385,8.0,68.568131,69.0,5.391693,7.0,128.848761,129.0,3.665119,5.0,0.557979,0.556863,0.022122,0.031373,0.607695,0.607843,0.018888,0.031373,318.085622,2.119014,0.999316,-0.667563,0.743635,0.439879,0.439655,0.1943,0.195467,0.365821,0.364943,117.459722,117.333333,194.0,182.0,195.0,-39.0,-113.0,-66.0,0.798969,0.379121,0.661538,8880,8880,0,0.0,1.0,0.0,4408,pass,
ketone_07_c5_wB05,ketone_07_c5,ketone,7,5.0,B05,2,5,crops/ketone/ketone_07_c5/ketone_07_c5_wB05.png,74.1,161.090898,161.0,7.0045,10.0,89.924586,89.0,8.943729,13.0,147.700355,148.0,6.352169,8.0,0.443065,0.447059,0.03278,0.05098,0.631729,0.631373,0.027469,0.039216,311.066516,1.790802,0.999512,-0.753579,0.656614,0.404291,0.404523,0.225005,0.223077,0.370705,0.372263,132.90528,132.666667,194.0,178.0,194.0,-33.0,-89.0,-46.0,0.829897,0.5,0.762887,8460,8460,0,0.0,1.0,0.0,4192,pass,
ketone_07_c5_wB06,ketone_07_c5,ketone,7,5.0,B06,2,6,crops/ketone/ketone_07_c5/ketone_07_c5_wB06.png,77.7,154.952977,154.0,5.695781,8.0,66.009275,66.0,6.812423,10.0,130.622412,130.0,4.386266,6.0,0.575073,0.576471,0.029159,0.047059,0.607659,0.603922,0.022336,0.031373,316.446138,2.422179,0.999107,-0.688421,0.72408,0.440931,0.441261,0.187272,0.18732,0.371796,0.371743,117.194888,116.666667,198.0,191.0,202.0,-44.0,-125.0,-72.0,0.777778,0.34555,0.643564,9272,9272,0,0.0,1.0,0.0,4632,pass,
ketone_07_c5_wB07,ketone_07_c5,ketone,7,5.0,B07,2,7,crops/ketone/ketone_07_c5/ketone_07_c5_wB07.png,75.0,157.694483,158.0,5.293809,8.0,68.95503,69.0,5.964453,10.0,131.096662,131.0,4.41519,6.0,0.563477,0.560784,0.024117,0.035294,0.61841,0.619608,0.02076,0.031373,318.200303,1.973471,0.999407,-0.666133,0.745037,0.440978,0.441096,0.192399,0.19337,0.366623,0.364431,119.248725,119.333333,196.0,184.0,199.0,-38.0,-115.0,-68.0,0.806122,0.375,0.658291,8628,8628,0,0.0,1.0,0.0,4280,pass,
ketone_07_c5_wB08,ketone_07_c5,ketone,7,5.0,B08,2,8,crops/ketone/ketone_07_c5/ketone_07_c5_wB08.png,74.4,159.429427,160.0,5.553326,9.0,72.420972,75.0,7.427636,11.0,134.046618,134.0,4.522691,7.0,0.546878,0.537255,0.032361,0.047059,0.625213,0.627451,0.021778,0.035294,317.450667,2.100864,0.999328,-0.67577,0.7362,0.435971,0.435135,0.197415,0.201592,0.366614,0.364103,121.965672,123.0,197.0,183.0,199.0,-37.0,-108.0,-65.0,0.812183,0.409836,0.673367,8516,8516,0,0.0,1.0,0.0,4208,pass,
ketone_07_c5_wB09,ketone_07_c5,ketone,7,5.0,B09,2,9,crops/ketone/ketone_07_c5/ketone_07_c5_wB09.png,85.5,157.626154,159.0,9.02645,10.0,69.540217,71.0,10.60146,11.0,131.967063,132.0,7.361197,6.0,0.561091,0.552941,0.0409,0.043137,0.618142,0.623529,0.035398,0.039216,317.30837,3.171685,0.998469,-0.677014,0.733888,0.439362,0.439353,0.192615,0.196676,0.368023,0.363636,119.711145,120.333333,197.0,199.0,206.0,-38.0,-128.0,-74.0,0.807107,0.356784,0.640777,11264,11264,0,0.0,1.0,0.0,5604,pass,
ketone_07_c5_wB10,ketone_07_c5,ketone,7,5.0,B10,2,10,crops/ketone/ketone_07_c5/ketone_07_c5_wB10.png,76.5,160.623004,161.0,3.956053,6.0,72.861912,74.0,4.077677,6.0,134.664818,135.0,3.142347,5.0,0.546806,0.545098,0.015149,0.015686,0.629894,0.631373,0.015514,0.023529,317.65622,1.442958,0.999683,-0.673364,0.738882,0.436367,0.435829,0.197762,0.199461,0.36587,0.36413,122.716578,123.666667,199.0,191.0,202.0,-38.0,-117.0,-67.0,0.809045,0.387435,0.668317,9016,9016,0,0.0,1.0,0.0,4512,pass,
ketone_07_c5_wB11,ketone_07_c5,ketone,7,5.0,B11,2,11,crops/ketone/ketone_07_c5/ketone_07_c5_wB11.png,75.6,158.628919,160.0,4.151475,7.0,72.508065,74.0,5.11799,7.0,134.447297,135.0,2.83782,3.0,0.543248,0.537255,0.021838,0.027451,0.622074,0.627451,0.01628,0.027451,316.926393,2.374907,0.999141,-0.682351,0.72985,0.433971,0.433702,0.198107,0.2,0.367922,0.365591,121.861427,122.333333,195.0,187.0,199.0,-35.0,-113.0,-64.0,0.820513,0.395722,0.678392,8804,8804,0,0.0,1.0,0.0,4384,pass,
ketone_07_c5_wB12,ketone_07_c5,ketone,7,5.0,B12,2,12,crops/ketone/ketone_07_c5/ketone_07_c5_wB12.png,74.7,162.068168,162.0,8.855297,4.0,76.899059,76.0,14.467531,6.0,139.019783,139.0,9.462486,3.0,0.52777,0.529412,0.050697,0.027451,0.635561,0.635294,0.034727,0.015686,316.313355,2.251617,0.999228,-0.690181,0.72257,0.429475,0.430446,0.202388,0.202186,0.368137,0.367876,125.99567,125.666667,196.0,188.0,200.0,-34.0,-112.0,-61.0,0.826531,0.404255,0.695,8580,8391,189,0.022028,0.977972,0.0,4304,pass,
ketone_07_c5_wC01,ketone_07_c5,ketone,7,5.0,C01,3,1,crops/ketone/ketone_07_c5/ketone_07_c5_wC01.png,79.2,152.922774,153.0,5.600359,8.0,63.912526,64.0,7.170918,10.0,126.547516,126.0,4.147153,5.0,0.582895,0.584314,0.032688,0.047059,0.599697,0.6,0.021962,0.031373,317.746396,2.751246,0.998848,-0.671639,0.739323,0.44556,0.446023,0.185585,0.186246,0.368855,0.366667,114.460939,114.333333,192.0,185.0,193.0,-39.0,-121.0,-67.0,0.796875,0.345946,0.65285,9660,9660,0,0.0,1.0,0.0,4784,pass,
ketone_07_c5_wC02,ketone_07_c5,ketone,7,5.0,C02,3,2,crops/ketone/ketone_07_c5/ketone_07_c5_wC02.png,77.7,156.231989,156.0,4.718934,6.0,74.968939,75.0,6.295576,10.0,127.054142,127.0,4.410367,6.0,0.520776,0.517647,0.029733,0.043137,0.612674,0.611765,0.018506,0.023529,321.47608,2.636744,0.998942,-0.622182,0.78152,0.436284,0.435294,0.208937,0.210383,0.354779,0.3531,119.418356,119.0,193.0,181.0,192.0,-37.0,-106.0,-65.0,0.80829,0.414365,0.661458,9272,9272,0,0.0,1.0,0.0,4632,pass,
ketone_07_c5_wC03,ketone_07_c5,ketone,7,5.0,C03,3,3,crops/ketone/ketone_07_c5/ketone_07_c5_wC03.png,75.6,160.234893,161.0,6.653034,10.0,72.472626,73.0,9.086554,15.0,128.356656,128.0,5.289163,8.0,0.549187,0.545098,0.039299,0.062745,0.628372,0.631373,0.02609,0.039216,321.582013,2.683888,0.998903,-0.620712,0.782639,0.444171,0.444444,0.199957,0.202247,0.355872,0.354571,120.354725,120.666667,191.0,171.0,187.0,-30.0,-98.0,-59.0,0.842932,0.426901,0.684492,8804,8804,0,0.0,1.0,0.0,4384,pass,
ketone_07_c5_wC04,ketone_07_c5,ketone,7,5.0,C04,3,4,crops/ketone/ketone_07_c5/ketone_07_c5_wC04.png,75.6,162.496479,163.0,5.474932,7.0,74.964562,75.0,6.619785,8.0,133.634939,134.0,4.659787,5.0,0.539468,0.537255,0.026749,0.035294,0.637241,0.639216,0.02147,0.027451,319.741643,2.30162,0.999193,-0.645714,0.762523,0.438078,0.43883,0.201629,0.202186,0.360293,0.359116,123.69866,124.333333,198.0,183.0,198.0,-35.0,-108.0,-64.0,0.823232,0.409836,0.676768,8804,8804,0,0.0,1.0,0.0,4384,pass,
ketone_07_c5_wC05,ketone_07_c5,ketone,7,5.0,C05,3,5,crops/ketone/ketone_07_c5/ketone_07_c5_wC05.png,68.244,160.340896,161.0,6.909535,9.0,71.160774,72.0,7.375727,10.0,129.03132,129.0,5.258967,8.0,0.557408,0.552941,0.027802,0.039216,0.628788,0.631373,0.027096,0.035294,321.037297,2.728317,0.998867,-0.628102,0.776674,0.444966,0.444767,0.19685,0.199446,0.358184,0.354749,120.177663,120.666667,160.0,111.0,150.0,1.0,-39.0,-21.0,1.00625,0.648649,0.86,7184,7184,0,0.0,1.0,0.0,3532,pass,
ketone_07_c5_wC06,ketone_07_c5,ketone,7,5.0,C06,3,6,crops/ketone/ketone_07_c5/ketone_07_c5_wC06.png,78.3,161.230761,163.0,8.096532,11.0,69.694503,72.0,10.234528,14.0,134.782241,135.0,5.444273,8.0,0.569814,0.560784,0.043424,0.062745,0.632277,0.639216,0.031751,0.043137,317.102719,3.127119,0.998512,-0.679673,0.731485,0.441252,0.440217,0.189559,0.19346,0.36919,0.367021,121.902502,123.333333,201.0,196.0,205.0,-38.0,-124.0,-70.0,0.810945,0.367347,0.658537,9460,9460,0,0.0,1.0,0.0,4680,pass,
ketone_07_c5_wC07,ketone_07_c5,ketone,7,5.0,C07,3,7,crops/ketone/ketone_07_c5/ketone_07_c5_wC07.png,77.4,159.108196,160.0,6.413174,10.0,70.145815,71.0,6.909391,10.0,131.947311,132.0,4.517701,6.0,0.560078,0.556863,0.026463,0.035294,0.623954,0.627451,0.02515,0.039216,318.151009,2.913743,0.998708,-0.666307,0.743943,0.440641,0.440443,0.193753,0.194915,0.365606,0.36413,120.400441,120.666667,201.0,195.0,205.0,-41.0,-124.0,-73.0,0.79602,0.364103,0.643902,9224,9224,0,0.0,1.0,0.0,4600,pass,
ketone_07_c5_wC08,ketone_07_c5,ketone,7,5.0,C08,3,8,crops/ketone/ketone_07_c5/ketone_07_c5_wC08.png,76.8,159.148568,160.0,6.467409,9.0,70.277093,71.0,7.19735,10.0,133.423018,134.0,5.413499,7.0,0.559513,0.552941,0.028045,0.035294,0.624112,0.627451,0.025362,0.035294,317.360457,2.167171,0.999285,-0.676899,0.735104,0.438853,0.438547,0.19319,0.195531,0.367957,0.365439,120.949559,121.333333,201.0,195.0,205.0,-41.0,-124.0,-71.0,0.79602,0.364103,0.653659,9080,9080,0,0.0,1.0,0.0,4480,pass,
ketone_07_c5_wC09,ketone_07_c5,ketone,7,5.0,C09,3,9,crops/ketone/ketone_07_c5/ketone_07_c5_wC09.png,74.1,162.649173,163.0,5.199981,7.0,75.886998,77.0,5.257978,7.0,131.967494,132.0,4.50453,6.0,0.533974,0.529412,0.018504,0.023529,0.63784,0.639216,0.020392,0.027451,321.253594,2.163101,0.999288,-0.625429,0.779368,0.439123,0.43883,0.204587,0.205479,0.35629,0.354223,123.501221,124.0,197.0,182.0,197.0,-34.0,-105.0,-65.0,0.827411,0.423077,0.670051,8460,8460,0,0.0,1.0,0.0,4192,pass,
ketone_07_c5_wC10,ketone_07_c5,ketone,7,5.0,C10,3,10,crops/ketone/ketone_07_c5/ketone_07_c5_wC10.png,75.0,159.926287,160.0,4.896697,8.0,71.139546,71.0,5.823374,8.0,132.578234,133.0,3.207371,5.0,0.555964,0.552941,0.023738,0.031373,0.627162,0.627451,0.019203,0.031373,318.451597,2.551553,0.999009,-0.662595,0.747654,0.439881,0.44,0.195322,0.196433,0.364797,0.363395,121.214689,121.333333,197.0,189.0,200.0,-37.0,-118.0,-67.0,0.812183,0.375661,0.665,8628,8628,0,0.0,1.0,0.0,4280,pass,
ketone_07_c5_wC11,ketone_07_c5,ketone,7,5.0,C11,3,11,crops/ketone/ketone_07_c5/ketone_07_c5_wC11.png,74.4,163.692931,164.0,4.208795,5.0,77.628464,77.0,5.004442,5.0,136.092767,136.0,3.754389,4.0,0.526176,0.529412,0.020073,0.019608,0.641933,0.643137,0.016505,0.019608,319.176472,2.123535,0.999313,-0.653283,0.756207,0.433819,0.434659,0.205499,0.205263,0.360681,0.358839,125.804721,125.666667,196.0,182.0,198.0,-32.0,-105.0,-62.0,0.836735,0.423077,0.686869,8516,8516,0,0.0,1.0,0.0,4208,pass,
ketone_07_c5_wC12,ketone_07_c5,ketone,7,5.0,C12,3,12,crops/ketone/ketone_07_c5/ketone_07_c5_wC12.png,77.4,164.368851,164.0,10.812385,4.0,82.12131,81.0,18.776137,5.0,139.077035,138.0,12.045753,5.0,0.503892,0.505882,0.06187,0.023529,0.644584,0.643137,0.042402,0.015686,318.552709,3.025793,0.998607,-0.661008,0.74852,0.427423,0.428571,0.211369,0.211488,0.361207,0.359043,128.522399,127.666667,200.0,198.0,206.0,-36.0,-117.0,-68.0,0.82,0.409091,0.669903,9224,8944,280,0.030356,0.969644,0.0,4600,pass,
ketone_07_c5_wD01,ketone_07_c5,ketone,7,5.0,D01,4,1,crops/ketone/ketone_07_c5/ketone_07_c5_wD01.png,79.5,156.630918,157.0,4.223804,6.0,74.236414,75.0,6.116291,9.0,130.091807,130.0,3.108013,4.0,0.526677,0.52549,0.027779,0.043137,0.614239,0.615686,0.016564,0.023529,319.331189,3.248324,0.998394,-0.650639,0.757271,0.434024,0.433333,0.205358,0.206128,0.360617,0.359673,120.319713,120.666667,195.0,190.0,197.0,-38.0,-115.0,-67.0,0.805128,0.394737,0.659898,9716,9716,0,0.0,1.0,0.0,4856,pass,
ketone_07_c5_wD02,ketone_07_c5,ketone,7,5.0,D02,4,2,crops/ketone/ketone_07_c5/ketone_07_c5_wD02.png,77.4,157.029163,157.0,5.527048,8.0,74.656982,75.0,6.965849,10.0,126.994471,127.0,4.134485,6.0,0.525554,0.521569,0.030117,0.039216,0.615801,0.615686,0.021675,0.031373,321.552681,3.01255,0.998619,-0.620936,0.782098,0.43797,0.437838,0.207718,0.209945,0.354312,0.349415,119.560205,119.666667,195.0,185.0,195.0,-38.0,-110.0,-68.0,0.805128,0.405405,0.651282,9224,9224,0,0.0,1.0,0.0,4600,pass,
ketone_07_c5_wD03,ketone_07_c5,ketone,7,5.0,D03,4,3,crops/ketone/ketone_07_c5/ketone_07_c5_wD03.png,75.6,157.069173,157.0,6.092492,10.0,67.927306,68.0,6.537206,10.0,127.391527,127.0,4.42851,6.0,0.568497,0.564706,0.025567,0.035294,0.615958,0.615686,0.023892,0.039216,319.795912,2.812666,0.998796,-0.644735,0.76283,0.445881,0.445983,0.19234,0.194286,0.36178,0.35942,117.462668,117.333333,194.0,180.0,195.0,-37.0,-112.0,-68.0,0.809278,0.377778,0.651282,8804,8804,0,0.0,1.0,0.0,4384,pass,
ketone_07_c5_wD04,ketone_07_c5,ketone,7,5.0,D04,4,4,crops/ketone/ketone_07_c5/ketone_07_c5_wD04.png,77.7,161.302955,162.0,7.115557,11.0,72.352567,74.0,7.629218,11.0,131.525777,132.0,4.893603,7.0,0.552526,0.545098,0.030116,0.043137,0.632561,0.635294,0.027904,0.043137,320.048174,3.037056,0.998596,-0.641242,0.765508,0.441908,0.44186,0.197586,0.2,0.360506,0.358247,121.7271,122.666667,201.0,196.0,205.0,-39.0,-122.0,-73.0,0.80597,0.377551,0.643902,9272,9272,0,0.0,1.0,0.0,4632,pass,
ketone_07_c5_wD05,ketone_07_c5,ketone,7,5.0,D05,4,5,crops/ketone/ketone_07_c5/ketone_07_c5_wD05.png,78.9,157.964271,158.0,6.473642,10.0,61.533431,62.0,6.388916,9.0,127.830965,128.0,4.999608,6.0,0.611287,0.607843,0.026958,0.039216,0.619468,0.619608,0.025387,0.039216,318.6696,2.22482,0.999246,-0.659902,0.750348,0.454996,0.454545,0.176723,0.17765,0.368281,0.367781,115.776222,116.0,201.0,198.0,207.0,-43.0,-136.0,-79.0,0.78607,0.313131,0.618357,9572,9572,0,0.0,1.0,0.0,4744,pass,
ketone_07_c5_wD06,ketone_07_c5,ketone,7,5.0,D06,4,6,crops/ketone/ketone_07_c5/ketone_07_c5_wD06.png,76.8,165.279405,166.0,7.147488,9.0,75.14967,76.0,8.644009,11.0,137.435022,137.0,5.287231,7.0,0.546751,0.541176,0.033603,0.043137,0.648155,0.65098,0.028029,0.035294,318.303765,2.79307,0.998813,-0.664391,0.745795,0.437666,0.4375,0.198237,0.2,0.364097,0.362468,125.954699,126.666667,201.0,193.0,205.0,-35.0,-117.0,-68.0,0.825871,0.393782,0.668293,9080,9080,0,0.0,1.0,0.0,4480,pass,
ketone_07_c5_wD07,ketone_07_c5,ketone,7,5.0,D07,4,7,crops/ketone/ketone_07_c5/ketone_07_c5_wD07.png,70.8,167.586833,168.0,6.617256,8.0,78.889062,80.0,7.149455,9.0,136.809098,137.0,4.966839,7.0,0.530353,0.52549,0.025127,0.027451,0.657203,0.658824,0.02595,0.031373,320.815638,2.983248,0.998645,-0.630962,0.774067,0.4374,0.437158,0.205408,0.207254,0.357192,0.35589,127.761664,128.333333,184.0,151.0,181.0,-16.0,-71.0,-44.0,0.913043,0.529801,0.756906,7716,7716,0,0.0,1.0,0.0,3852,pass,
ketone_07_c5_wD08,ketone_07_c5,ketone,7,5.0,D08,4,8,crops/ketone/ketone_07_c5/ketone_07_c5_wD08.png,76.2,164.596214,165.0,5.938297,7.0,76.94478,78.0,6.528746,7.0,136.673723,137.0,5.036588,6.0,0.533414,0.529412,0.024166,0.027451,0.645475,0.647059,0.023287,0.027451,318.952778,2.112617,0.99932,-0.656235,0.753656,0.435377,0.435375,0.203081,0.204663,0.361542,0.359551,126.071573,126.666667,201.0,192.0,205.0,-36.0,-114.0,-68.0,0.820896,0.40625,0.668293,8928,8928,0,0.0,1.0,0.0,4432,pass,
ketone_07_c5_wD09,ketone_07_c5,ketone,7,5.0,D09,4,9,crops/ketone/ketone_07_c5/ketone_07_c5_wD09.png,77.4,168.160017,168.0,6.057167,9.0,80.727667,81.0,6.513612,8.0,139.587056,140.0,4.506646,6.0,0.520868,0.517647,0.022462,0.031373,0.659451,0.658824,0.023754,0.035294,319.534292,2.266311,0.999218,-0.648485,0.7602,0.433002,0.432718,0.207476,0.208226,0.359521,0.358056,129.49158,129.666667,202.0,194.0,206.0,-34.0,-113.0,-66.0,0.831683,0.417526,0.679612,9224,9224,0,0.0,1.0,0.0,4600,pass,
ketone_07_c5_wD10,ketone_07_c5,ketone,7,5.0,D10,4,10,crops/ketone/ketone_07_c5/ketone_07_c5_wD10.png,75.3,166.09714,167.0,4.980265,7.0,78.168535,79.0,6.201597,9.0,137.180778,137.0,4.109519,4.0,0.530195,0.52549,0.024356,0.031373,0.651361,0.654902,0.01953,0.027451,319.681588,2.461293,0.999078,-0.646438,0.761757,0.435577,0.435829,0.204623,0.205479,0.3598,0.359673,127.148818,127.333333,199.0,188.0,202.0,-32.0,-109.0,-65.0,0.839196,0.420213,0.678218,8740,8740,0,0.0,1.0,0.0,4328,pass,
ketone_07_c5_wD11,ketone_07_c5,ketone,7,5.0,D11,4,11,crops/ketone/ketone_07_c5/ketone_07_c5_wD11.png,75.9,164.322523,165.0,4.052197,5.0,76.649887,77.0,4.650469,6.0,138.683671,139.0,3.196007,4.0,0.534025,0.529412,0.01836,0.015686,0.644402,0.647059,0.015891,0.019608,317.523776,2.296428,0.999197,-0.674742,0.736965,0.432885,0.43342,0.201717,0.202667,0.365398,0.363636,126.552027,127.0,199.0,192.0,202.0,-34.0,-115.0,-63.0,0.829146,0.401042,0.688119,8880,8880,0,0.0,1.0,0.0,4408,pass,
ketone_07_c5_wD12,ketone_07_c5,ketone,7,5.0,D12,4,12,crops/ketone/ketone_07_c5/ketone_07_c5_wD12.png,77.7,166.511824,167.0,7.310888,5.0,87.610949,87.0,9.185048,7.0,140.126444,139.0,7.864601,5.0,0.474864,0.47451,0.032352,0.023529,0.652988,0.654902,0.02867,0.019608,320.137121,3.286801,0.998356,-0.639899,0.766319,0.422702,0.423858,0.221742,0.222222,0.355556,0.352185,131.416406,131.333333,200.0,197.0,205.0,-33.0,-110.0,-66.0,0.835,0.441624,0.678049,9272,9261,11,0.001186,0.998814,0.0,4632,pass,
ketone_07_c5_wE01,ketone_07_c5,ketone,7,5.0,E01,5,1,crops/ketone/ketone_07_c5/ketone_07_c5_wE01.png,78.0,159.13615,160.0,4.441687,5.0,78.748079,79.0,5.212925,6.0,134.987836,135.0,3.547294,4.0,0.505622,0.505882,0.020217,0.027451,0.624063,0.627451,0.017418,0.019608,317.85848,2.234372,0.99924,-0.670454,0.740926,0.426864,0.427027,0.210985,0.21123,0.362151,0.360963,124.290689,124.666667,192.0,180.0,192.0,-32.0,-101.0,-57.0,0.833333,0.438889,0.703125,9372,9372,0,0.0,1.0,0.0,4616,pass,
ketone_07_c5_wE02,ketone_07_c5,ketone,7,5.0,E02,5,2,crops/ketone/ketone_07_c5/ketone_07_c5_wE02.png,79.8,160.301654,161.0,5.370849,7.0,79.733871,80.0,6.444895,8.0,135.304206,135.0,4.341669,6.0,0.503295,0.501961,0.025032,0.031373,0.628634,0.631373,0.021062,0.027451,318.546189,2.369831,0.999145,-0.66145,0.748849,0.427234,0.427461,0.212095,0.213514,0.360671,0.358442,125.113244,125.666667,197.0,189.0,199.0,-36.0,-109.0,-64.0,0.817259,0.42328,0.678392,9796,9796,0,0.0,1.0,0.0,4864,pass,
ketone_07_c5_wE03,ketone_07_c5,ketone,7,5.0,E03,5,3,crops/ketone/ketone_07_c5/ketone_07_c5_wE03.png,80.1,164.038259,165.0,6.316641,7.0,83.004453,84.0,7.869352,9.0,133.266296,133.0,5.502358,6.0,0.495058,0.490196,0.031182,0.043137,0.643287,0.647059,0.024771,0.027451,322.653415,2.959545,0.998667,-0.605826,0.793921,0.431585,0.431525,0.217783,0.219949,0.350632,0.34748,126.769669,127.333333,199.0,194.0,203.0,-34.0,-110.0,-70.0,0.829146,0.43299,0.655172,9880,9880,0,0.0,1.0,0.0,4940,pass,
ketone_07_c5_wE04,ketone_07_c5,ketone,7,5.0,E04,5,4,crops/ketone/ketone_07_c5/ketone_07_c5_wE04.png,77.4,165.889744,166.0,5.460126,6.0,77.294558,78.0,5.66098,7.0,136.235147,136.0,4.745324,6.0,0.534746,0.533333,0.019464,0.019608,0.650548,0.65098,0.021412,0.023529,319.832117,1.938351,0.999428,-0.64466,0.763721,0.437365,0.437173,0.203453,0.204244,0.359182,0.357702,126.47315,127.0,201.0,193.0,205.0,-35.0,-115.0,-69.0,0.825871,0.404145,0.663415,9224,9224,0,0.0,1.0,0.0,4600,pass,
ketone_07_c5_wE05,ketone_07_c5,ketone,7,5.0,E05,5,5,crops/ketone/ketone_07_c5/ketone_07_c5_wE05.png,78.6,164.550273,165.0,5.673887,6.0,73.395982,74.0,6.616216,8.0,134.200883,134.0,4.759623,5.0,0.554801,0.552941,0.027364,0.031373,0.645295,0.647059,0.022251,0.023529,320.108376,2.21538,0.999253,-0.640858,0.766686,0.442364,0.442667,0.196841,0.198925,0.360795,0.357724,124.049046,124.666667,203.0,197.0,207.0,-38.0,-123.0,-73.0,0.812808,0.375635,0.647343,9508,9508,0,0.0,1.0,0.0,4744,pass,
ketone_07_c5_wE06,ketone_07_c5,ketone,7,5.0,E06,5,6,crops/ketone/ketone_07_c5/ketone_07_c5_wE06.png,77.1,163.568875,164.0,6.083018,8.0,73.173387,74.0,6.642551,8.0,136.914233,137.0,4.861817,6.0,0.553458,0.54902,0.024861,0.027451,0.641447,0.643137,0.023855,0.031373,317.738756,2.360197,0.999152,-0.671942,0.739459,0.437928,0.437824,0.195432,0.197297,0.36664,0.363636,124.552165,125.333333,203.0,195.0,207.0,-39.0,-121.0,-70.0,0.807882,0.379487,0.661836,9176,9176,0,0.0,1.0,0.0,4520,pass,
ketone_07_c5_wE07,ketone_07_c5,ketone,7,5.0,E07,5,7,crops/ketone/ketone_07_c5/ketone_07_c5_wE07.png,78.3,163.34482,164.0,6.678633,9.0,74.803911,76.0,7.898131,11.0,136.155497,137.0,4.794512,6.0,0.543352,0.537255,0.030929,0.043137,0.640568,0.643137,0.026191,0.035294,318.304876,2.786786,0.998818,-0.66438,0.745812,0.436604,0.43617,0.1993,0.201117,0.364095,0.362903,124.768076,125.666667,203.0,198.0,208.0,-39.0,-122.0,-71.0,0.807882,0.383838,0.658654,9460,9460,0,0.0,1.0,0.0,4680,pass,
ketone_07_c5_wE08,ketone_07_c5,ketone,7,5.0,E08,5,8,crops/ketone/ketone_07_c5/ketone_07_c5_wE08.png,75.9,166.90045,167.0,6.193956,7.0,79.508333,80.0,7.972951,10.0,140.197523,140.0,5.361856,7.0,0.524765,0.52549,0.031894,0.039216,0.654512,0.654902,0.02429,0.027451,318.275489,2.661727,0.998922,-0.664832,0.745549,0.431959,0.432292,0.205155,0.206266,0.362886,0.361478,128.868769,128.666667,201.0,187.0,202.0,-34.0,-107.0,-62.0,0.830846,0.427807,0.693069,8880,8880,0,0.0,1.0,0.0,4408,pass,
ketone_07_c5_wE09,ketone_07_c5,ketone,7,5.0,E09,5,9,crops/ketone/ketone_07_c5/ketone_07_c5_wE09.png,75.6,166.023626,166.0,5.8412,7.0,78.286347,79.0,6.441407,7.0,137.590981,138.0,4.870076,6.0,0.529393,0.52549,0.023136,0.027451,0.651073,0.65098,0.022907,0.027451,319.353887,2.142608,0.999301,-0.65093,0.758217,0.434899,0.434555,0.204651,0.205656,0.36045,0.360825,127.300318,127.666667,201.0,190.0,204.0,-35.0,-111.0,-66.0,0.825871,0.415789,0.676471,8804,8804,0,0.0,1.0,0.0,4384,pass,
ketone_07_c5_wE10,ketone_07_c5,ketone,7,5.0,E10,5,10,crops/ketone/ketone_07_c5/ketone_07_c5_wE10.png,76.5,166.244787,167.0,5.403698,7.0,78.897072,80.0,6.311551,8.0,139.995342,140.0,4.624903,6.0,0.526168,0.521569,0.024417,0.031373,0.65194,0.654902,0.021191,0.027451,318.098087,1.927448,0.999434,-0.66748,0.743868,0.431816,0.432,0.204537,0.206266,0.363647,0.362025,128.379067,128.666667,200.0,187.0,202.0,-33.0,-107.0,-62.0,0.835,0.427807,0.693069,9016,9016,0,0.0,1.0,0.0,4512,pass,
ketone_07_c5_wE11,ketone_07_c5,ketone,7,5.0,E11,5,11,crops/ketone/ketone_07_c5/ketone_07_c5_wE11.png,79.2,162.93354,163.0,4.780712,6.0,77.436542,78.0,5.871467,7.0,139.504762,140.0,3.970632,5.0,0.525344,0.52549,0.022896,0.027451,0.638955,0.639216,0.018748,0.023529,316.471671,2.363842,0.999149,-0.688127,0.724417,0.429036,0.428941,0.203569,0.203704,0.367395,0.366667,126.624948,127.0,201.0,199.0,207.0,-38.0,-121.0,-67.0,0.810945,0.39196,0.676329,9660,9660,0,0.0,1.0,0.0,4784,pass,
ketone_07_c5_wE12,ketone_07_c5,ketone,7,5.0,E12,5,12,crops/ketone/ketone_07_c5/ketone_07_c5_wE12.png,77.7,166.323104,167.0,7.746836,5.0,85.966373,85.0,11.773577,8.0,141.820437,142.0,7.856198,4.0,0.484452,0.490196,0.044789,0.027451,0.652247,0.654902,0.03038,0.019608,318.307574,2.273509,0.999213,-0.664608,0.746138,0.422458,0.42328,0.21745,0.215938,0.360091,0.359882,131.369971,131.333333,202.0,199.0,207.0,-35.0,-114.0,-65.0,0.826733,0.427136,0.68599,9272,9189,83,0.008952,0.991048,0.0,4632,pass,
ketone_07_c5_wF01,ketone_07_c5,ketone,7,5.0,F01,6,1,crops/ketone/ketone_07_c5/ketone_07_c5_wF01.png,84.0,162.145357,163.0,5.425405,6.0,84.052782,85.0,6.97872,9.0,138.983419,139.0,4.45386,6.0,0.48247,0.478431,0.027398,0.035294,0.635864,0.639216,0.021276,0.023529,317.820835,2.569852,0.998995,-0.670776,0.740304,0.421123,0.421189,0.217845,0.219949,0.361032,0.359195,128.393853,129.0,196.0,193.0,199.0,-33.0,-108.0,-60.0,0.831633,0.440415,0.698492,10856,10856,0,0.0,1.0,0.0,5388,pass,
ketone_07_c5_wF02,ketone_07_c5,ketone,7,5.0,F02,6,2,crops/ketone/ketone_07_c5/ketone_07_c5_wF02.png,78.3,165.210254,165.0,4.987477,6.0,86.288372,86.0,5.900347,7.0,140.073362,140.0,4.403356,6.0,0.478239,0.47451,0.02093,0.031373,0.647883,0.647059,0.019559,0.023529,319.113497,2.019697,0.999379,-0.654156,0.755538,0.42204,0.422111,0.220124,0.220812,0.357836,0.355844,130.523996,130.333333,193.0,175.0,191.0,-28.0,-89.0,-51.0,0.854922,0.491429,0.732984,9460,9460,0,0.0,1.0,0.0,4680,pass,
ketone_07_c5_wF03,ketone_07_c5,ketone,7,5.0,F03,6,3,crops/ketone/ketone_07_c5/ketone_07_c5_wF03.png,78.9,165.258462,165.0,6.074982,6.0,81.998224,82.0,6.805419,6.0,137.455077,137.0,5.94277,6.0,0.504589,0.505882,0.024369,0.027451,0.648072,0.647059,0.023823,0.023529,320.264472,1.576192,0.999622,-0.639003,0.768712,0.429802,0.430412,0.212805,0.212435,0.357394,0.355978,128.237254,128.333333,197.0,183.0,198.0,-32.0,-101.0,-61.0,0.837563,0.448087,0.691919,9572,9572,0,0.0,1.0,0.0,4744,pass,
ketone_07_c5_wF04,ketone_07_c5,ketone,7,5.0,F04,6,4,crops/ketone/ketone_07_c5/ketone_07_c5_wF04.png,83.1,164.130312,165.0,6.758844,9.0,77.647518,79.0,8.254642,10.0,134.309327,134.0,5.844644,7.0,0.528204,0.521569,0.032443,0.043137,0.643648,0.647059,0.026505,0.035294,320.599445,2.908073,0.998713,-0.633921,0.771733,0.436715,0.43617,0.205887,0.208556,0.357398,0.354592,125.362386,126.0,203.0,199.0,208.0,-38.0,-120.0,-74.0,0.812808,0.396985,0.644231,10636,10636,0,0.0,1.0,0.0,5272,pass,
ketone_07_c5_wF05,ketone_07_c5,ketone,7,5.0,F05,6,5,crops/ketone/ketone_07_c5/ketone_07_c5_wF05.png,78.0,169.334507,169.0,5.582007,7.0,79.135617,79.0,6.091182,7.25,139.649381,139.0,5.521288,7.0,0.533394,0.533333,0.0212,0.023529,0.664057,0.662745,0.02189,0.027451,319.780138,1.769565,0.999523,-0.645415,0.763208,0.436496,0.436364,0.20361,0.203704,0.359894,0.359897,129.373168,129.333333,203.0,192.0,204.0,-34.0,-113.0,-65.0,0.832512,0.411458,0.681373,9372,9372,0,0.0,1.0,0.0,4616,pass,
ketone_07_c5_wF06,ketone_07_c5,ketone,7,5.0,F06,6,6,crops/ketone/ketone_07_c5/ketone_07_c5_wF06.png,79.5,167.121552,168.0,6.534163,7.0,78.609716,79.0,7.659435,9.0,138.363833,138.0,5.667024,7.0,0.530793,0.52549,0.028949,0.035294,0.655379,0.658824,0.025624,0.027451,319.228564,2.249861,0.999229,-0.65254,0.756737,0.435366,0.435356,0.204177,0.205729,0.360457,0.357702,128.0317,128.333333,203.0,198.0,208.0,-35.0,-119.0,-70.0,0.827586,0.39899,0.663462,9716,9716,0,0.0,1.0,0.0,4856,pass,
ketone_07_c5_wF07,ketone_07_c5,ketone,7,5.0,F07,6,7,crops/ketone/ketone_07_c5/ketone_07_c5_wF07.png,73.5,170.358607,171.0,5.983868,7.0,82.772541,83.0,7.03915,8.0,142.172252,142.0,5.217761,6.0,0.515016,0.509804,0.026273,0.023529,0.668073,0.670588,0.023466,0.027451,319.1459,2.005517,0.999388,-0.653734,0.755915,0.431155,0.431169,0.20902,0.210918,0.359825,0.35732,131.7678,131.666667,192.0,162.0,189.0,-21.0,-79.0,-47.0,0.890625,0.512346,0.751323,8296,8296,0,0.0,1.0,0.0,4124,pass,
ketone_07_c5_wF08,ketone_07_c5,ketone,7,5.0,F08,6,8,crops/ketone/ketone_07_c5/ketone_07_c5_wF08.png,80.1,167.726316,168.0,5.810677,7.0,81.747166,82.0,6.736558,8.0,143.67166,144.0,5.009857,6.0,0.513598,0.509804,0.024687,0.027451,0.65775,0.658824,0.022787,0.027451,316.71069,2.196766,0.999265,-0.685179,0.727366,0.426792,0.426735,0.207589,0.209424,0.365619,0.363636,131.048381,131.166667,205.0,200.0,210.0,-37.0,-118.0,-66.0,0.819512,0.41,0.685714,9880,9880,0,0.0,1.0,0.0,4940,pass,
ketone_07_c5_wF09,ketone_07_c5,ketone,7,5.0,F09,6,9,crops/ketone/ketone_07_c5/ketone_07_c5_wF09.png,74.7,170.239394,170.0,5.66571,7.0,84.615851,85.0,6.709922,8.0,145.082401,145.0,5.130928,6.0,0.503829,0.501961,0.024871,0.023529,0.667605,0.666667,0.022218,0.027451,317.540987,1.950167,0.999421,-0.674672,0.737333,0.425842,0.42602,0.211245,0.212195,0.362913,0.361179,133.312549,133.0,196.0,173.0,196.0,-26.0,-88.0,-51.0,0.867347,0.491329,0.739796,8580,8580,0,0.0,1.0,0.0,4304,pass,
ketone_07_c5_wF10,ketone_07_c5,ketone,7,5.0,F10,6,10,crops/ketone/ketone_07_c5/ketone_07_c5_wF10.png,76.8,169.326211,169.0,5.90139,7.0,83.062665,83.0,7.669748,10.0,143.902203,144.0,5.218013,7.0,0.510468,0.505882,0.029677,0.039216,0.664024,0.662745,0.023143,0.027451,317.749655,2.022625,0.999377,-0.671952,0.739753,0.427507,0.427481,0.209171,0.210526,0.363322,0.361905,132.097026,132.0,200.0,186.0,202.0,-31.0,-103.0,-58.0,0.845,0.446237,0.712871,9080,9080,0,0.0,1.0,0.0,4480,pass,
ketone_07_c5_wF11,ketone_07_c5,ketone,7,5.0,F11,6,11,crops/ketone/ketone_07_c5/ketone_07_c5_wF11.png,79.2,164.555797,165.0,5.289457,7.0,77.804451,79.0,7.6459,11.0,141.493582,141.0,3.877426,5.0,0.528111,0.521569,0.032827,0.05098,0.645317,0.647059,0.020743,0.027451,315.955859,2.51559,0.999037,-0.694543,0.718112,0.428881,0.428205,0.202227,0.205263,0.368892,0.366162,127.951277,128.0,203.0,198.0,208.0,-38.0,-119.0,-67.0,0.812808,0.39899,0.677885,9660,9660,0,0.0,1.0,0.0,4784,pass,
ketone_07_c5_wF12,ketone_07_c5,ketone,7,5.0,F12,6,12,crops/ketone/ketone_07_c5/ketone_07_c5_wF12.png,73.8,168.905818,169.0,4.329557,6.0,87.879709,89.0,7.040143,10.0,143.45422,143.0,3.250425,5.0,0.480438,0.47451,0.03008,0.043137,0.662376,0.662745,0.016979,0.023529,318.843786,2.495618,0.999052,-0.65749,0.752204,0.422147,0.421446,0.219242,0.22113,0.358611,0.357868,133.413249,133.333333,193.0,171.0,191.0,-24.0,-82.0,-48.0,0.875648,0.520468,0.748691,8388,8388,0,0.0,1.0,0.0,4200,pass,
ketone_07_c5_wG01,ketone_07_c5,ketone,7,5.0,G01,7,1,crops/ketone/ketone_07_c5/ketone_07_c5_wG01.png,73.8,166.127802,166.0,6.855594,6.0,90.228302,91.0,8.639606,10.0,144.797806,144.0,6.839682,7.0,0.457989,0.454902,0.030428,0.035294,0.651482,0.65098,0.026885,0.023529,316.908441,1.418179,0.999694,-0.682957,0.730039,0.414417,0.413882,0.224466,0.225564,0.361117,0.36,133.71797,133.666667,182.0,146.0,176.0,-16.0,-55.0,-32.0,0.912088,0.623288,0.818182,8388,8388,0,0.0,1.0,0.0,4200,pass,
ketone_07_c5_wG02,ketone_07_c5,ketone,7,5.0,G02,7,2,crops/ketone/ketone_07_c5/ketone_07_c5_wG02.png,83.1,164.476307,165.0,5.990975,6.0,86.196032,86.0,7.593855,8.0,142.373073,142.0,5.287127,5.0,0.476909,0.47451,0.028937,0.027451,0.645005,0.647059,0.023494,0.023529,316.771628,1.927028,0.999435,-0.684521,0.728218,0.418678,0.418953,0.218895,0.219388,0.362426,0.361878,131.015137,131.333333,198.0,193.0,201.0,-33.0,-107.0,-59.0,0.833333,0.445596,0.706468,10636,10636,0,0.0,1.0,0.0,5272,pass,
ketone_07_c5_wG03,ketone_07_c5,ketone,7,5.0,G03,7,3,crops/ketone/ketone_07_c5/ketone_07_c5_wG03.png,86.856,166.876506,169.0,9.771705,9.0,88.642513,91.0,11.907999,13.0,140.725818,142.0,7.499389,9.0,0.471215,0.462745,0.045485,0.05098,0.654418,0.662745,0.03832,0.035294,320.000963,4.459376,0.996976,-0.640831,0.763739,0.421585,0.42029,0.222628,0.227273,0.355787,0.350467,132.081612,133.333333,201.0,194.0,203.0,-32.0,-103.0,-61.0,0.840796,0.469072,0.699507,11620,11620,0,0.0,1.0,0.0,5772,pass,
ketone_07_c5_wG04,ketone_07_c5,ketone,7,5.0,G04,7,4,crops/ketone/ketone_07_c5/ketone_07_c5_wG04.png,79.8,172.718763,173.0,5.80335,7.0,90.667211,91.0,6.734654,9.0,144.077174,144.0,6.242984,8.0,0.475764,0.47451,0.024454,0.031373,0.677328,0.678431,0.022758,0.027451,320.816509,1.744736,0.999536,-0.631513,0.774767,0.424132,0.423858,0.222227,0.223278,0.353641,0.353222,135.821049,136.333333,202.0,192.0,204.0,-29.0,-101.0,-60.0,0.856436,0.473958,0.705882,9796,9796,0,0.0,1.0,0.0,4864,pass,
ketone_07_c5_wG05,ketone_07_c5,ketone,7,5.0,G05,7,5,crops/ketone/ketone_07_c5/ketone_07_c5_wG05.png,81.3,174.591097,175.0,5.96074,7.0,88.745185,89.0,7.231245,10.0,146.861832,147.0,5.729727,8.0,0.492514,0.490196,0.025929,0.039216,0.684671,0.686275,0.023375,0.027451,319.405432,2.082707,0.99934,-0.650272,0.758832,0.425839,0.425481,0.216008,0.216667,0.358153,0.356295,136.732704,137.0,204.0,198.0,207.0,-29.0,-109.0,-60.0,0.857843,0.449495,0.710145,10176,10176,0,0.0,1.0,0.0,5060,pass,
ketone_07_c5_wG06,ketone_07_c5,ketone,7,5.0,G06,7,6,crops/ketone/ketone_07_c5/ketone_07_c5_wG06.png,79.2,171.011594,171.0,5.898948,7.0,82.23913,82.0,6.167533,7.0,144.26087,144.0,5.473885,7.0,0.519796,0.521569,0.021671,0.027451,0.670634,0.670588,0.023133,0.027451,318.314063,2.352622,0.999157,-0.664487,0.746172,0.430368,0.431122,0.206612,0.207407,0.36302,0.360825,132.503865,132.666667,205.0,197.0,208.0,-34.0,-115.0,-64.0,0.834146,0.416244,0.692308,9660,9660,0,0.0,1.0,0.0,4784,pass,
ketone_07_c5_wG07,ketone_07_c5,ketone,7,5.0,G07,7,7,crops/ketone/ketone_07_c5/ketone_07_c5_wG07.png,79.2,170.656524,171.0,7.22375,8.0,85.574823,85.0,9.669698,11.0,144.359316,145.0,7.626924,9.0,0.49975,0.501961,0.036663,0.047059,0.669241,0.670588,0.028328,0.031373,318.464994,2.217783,0.999251,-0.662581,0.74799,0.426425,0.426108,0.213056,0.212871,0.360519,0.359213,133.530221,133.666667,206.0,201.0,211.0,-35.0,-116.0,-66.0,0.830097,0.422886,0.687204,9660,9596,64,0.006625,0.993375,0.0,4784,pass,
ketone_07_c5_wG08,ketone_07_c5,ketone,7,5.0,G08,7,8,crops/ketone/ketone_07_c5/ketone_07_c5_wG08.png,75.9,171.11723,171.0,5.029585,6.0,82.590315,83.0,5.575945,7.0,146.450901,146.0,4.492293,5.0,0.517947,0.517647,0.019575,0.023529,0.671048,0.670588,0.019724,0.023529,316.67852,1.650743,0.999585,-0.685806,0.727214,0.427741,0.427861,0.206173,0.206897,0.366086,0.365,133.386149,133.5,201.0,184.0,202.0,-30.0,-101.0,-56.0,0.850746,0.451087,0.722772,8880,8880,0,0.0,1.0,0.0,4408,pass,
ketone_07_c5_wG09,ketone_07_c5,ketone,7,5.0,G09,7,9,crops/ketone/ketone_07_c5/ketone_07_c5_wG09.png,74.7,171.408275,171.0,5.118398,7.0,85.28683,85.0,6.194696,8.0,144.988462,145.0,4.86582,6.0,0.503065,0.501961,0.023469,0.035294,0.672189,0.670588,0.020072,0.027451,318.512628,1.798702,0.999507,-0.662129,0.748733,0.426886,0.426768,0.212066,0.212378,0.361048,0.360406,133.894522,133.666667,199.0,177.0,198.0,-28.0,-92.0,-53.0,0.859296,0.480226,0.732323,8580,8580,0,0.0,1.0,0.0,4304,pass,
ketone_07_c5_wG10,ketone_07_c5,ketone,7,5.0,G10,7,10,crops/ketone/ketone_07_c5/ketone_07_c5_wG10.png,76.5,172.215506,173.0,5.352444,7.0,84.989241,86.0,6.00255,8.0,146.999224,147.0,4.018356,6.0,0.507179,0.501961,0.021058,0.027451,0.675355,0.678431,0.02099,0.027451,317.434962,2.333761,0.999171,-0.675866,0.735899,0.426155,0.426065,0.210007,0.211823,0.363838,0.360976,134.734657,135.333333,203.0,188.0,204.0,-30.0,-102.0,-57.0,0.852217,0.457447,0.720588,9016,9016,0,0.0,1.0,0.0,4512,pass,
ketone_07_c5_wG11,ketone_07_c5,ketone,7,5.0,G11,7,11,crops/ketone/ketone_07_c5/ketone_07_c5_wG11.png,78.9,169.675094,170.0,6.322305,9.0,83.423527,84.0,7.993096,12.0,146.213017,146.0,4.923789,7.0,0.509478,0.505882,0.029937,0.043137,0.665393,0.666667,0.024793,0.035294,316.313805,2.018211,0.99938,-0.69028,0.722685,0.425124,0.42487,0.208447,0.210396,0.36643,0.364583,133.103879,133.0,204.0,196.0,207.0,-34.0,-112.0,-61.0,0.833333,0.428571,0.705314,9572,9572,0,0.0,1.0,0.0,4744,pass,
ketone_07_c5_wG12,ketone_07_c5,ketone,7,5.0,G12,7,12,crops/ketone/ketone_07_c5/ketone_07_c5_wG12.png,70.8,172.700492,174.0,5.03995,7.0,91.859772,93.0,6.023221,8.0,148.082297,149.0,4.465593,6.0,0.468646,0.466667,0.020923,0.027451,0.677257,0.682353,0.019765,0.027451,318.180742,1.584175,0.999618,-0.666528,0.744967,0.418648,0.418203,0.222383,0.223558,0.358969,0.357995,137.54752,138.333333,184.0,148.0,178.0,-10.0,-55.0,-29.0,0.945652,0.628378,0.837079,7716,7716,0,0.0,1.0,0.0,3852,pass,
ketone_07_c5_wH01,ketone_07_c5,ketone,7,5.0,H01,8,1,crops/ketone/ketone_07_c5/ketone_07_c5_wH01.png,78.6,173.503599,174.0,7.867956,6.0,97.542972,97.0,11.882266,8.0,148.197079,148.0,8.398905,5.0,0.439065,0.439216,0.038249,0.027451,0.680406,0.682353,0.030855,0.023529,320.196606,2.327808,0.999175,-0.639627,0.767612,0.414256,0.414868,0.232078,0.232446,0.353666,0.351981,139.747883,139.666667,198.0,190.0,199.0,-24.0,-93.0,-51.0,0.878788,0.510526,0.743719,9508,9448,60,0.00631,0.99369,0.0,4744,pass,
ketone_07_c5_wH02,ketone_07_c5,ketone,7,5.0,H02,8,2,crops/ketone/ketone_07_c5/ketone_07_c5_wH02.png,80.1,173.566873,175.0,7.027978,6.0,96.946786,98.0,9.210227,7.0,146.921397,147.0,6.245341,4.0,0.442237,0.439216,0.032077,0.023529,0.680654,0.686275,0.027561,0.023529,320.818726,2.888677,0.99873,-0.630974,0.774166,0.416002,0.416471,0.231836,0.234043,0.352163,0.349206,139.145019,140.0,202.0,196.0,205.0,-27.0,-98.0,-58.0,0.866337,0.5,0.717073,9880,9847,33,0.00334,0.99666,0.0,4940,pass,
ketone_07_c5_wH03,ketone_07_c5,ketone,7,5.0,H03,8,3,crops/ketone/ketone_07_c5/ketone_07_c5_wH03.png,80.1,172.253285,172.0,10.867912,8.0,96.436756,95.0,15.348451,10.0,144.574333,144.0,11.769925,8.0,0.442573,0.447059,0.047338,0.031373,0.675503,0.67451,0.042619,0.031373,322.049672,2.701181,0.998889,-0.614295,0.787668,0.417588,0.41844,0.232333,0.23192,0.350079,0.348039,137.754791,137.0,201.0,195.0,204.0,-29.0,-100.0,-60.0,0.855721,0.487179,0.705882,9880,9740,140,0.01417,0.98583,0.0,4940,pass,
ketone_07_c5_wH04,ketone_07_c5,ketone,7,5.0,H04,8,4,crops/ketone/ketone_07_c5/ketone_07_c5_wH04.png,74.1,177.391753,178.0,7.718136,6.0,99.949413,100.0,10.265936,7.0,152.969192,153.0,8.281194,7.0,0.437532,0.439216,0.034899,0.023529,0.695654,0.698039,0.030267,0.023529,318.963365,2.027269,0.999374,-0.656131,0.753818,0.412574,0.412844,0.231835,0.232143,0.355591,0.354167,143.436786,143.333333,194.0,167.0,191.0,-16.0,-67.0,-38.0,0.917526,0.598802,0.801047,8460,8342,118,0.013948,0.986052,0.0,4192,pass,
ketone_07_c5_wH05,ketone_07_c5,ketone,7,5.0,H05,8,5,crops/ketone/ketone_07_c5/ketone_07_c5_wH05.png,77.7,179.153129,179.0,9.984688,8.0,105.471295,104.0,13.998066,10.0,157.372205,157.0,10.892082,9.0,0.412922,0.415686,0.047062,0.031373,0.702562,0.701961,0.039158,0.031373,317.71498,2.048335,0.999361,-0.672389,0.739334,0.40589,0.406467,0.237872,0.237327,0.356237,0.354916,147.33221,146.666667,205.0,192.0,206.0,-26.0,-88.0,-49.0,0.873171,0.541667,0.762136,9272,8901,371,0.040013,0.959987,0.0,4632,pass,
ketone_07_c5_wH06,ketone_07_c5,ketone,7,5.0,H06,8,6,crops/ketone/ketone_07_c5/ketone_07_c5_wH06.png,74.7,177.418324,178.0,10.001943,9.0,100.504762,99.0,13.753779,12.0,155.110187,155.0,10.718691,9.0,0.43534,0.443137,0.047691,0.047059,0.695758,0.698039,0.039223,0.035294,317.263062,3.144327,0.998495,-0.677612,0.733372,0.410295,0.411628,0.231254,0.230233,0.35845,0.357647,144.344424,144.0,203.0,187.0,204.0,-25.0,-88.0,-49.0,0.876847,0.529412,0.759804,8580,8295,285,0.033217,0.966783,0.0,4304,pass,
ketone_07_c5_wH07,ketone_07_c5,ketone,7,5.0,H07,8,7,crops/ketone/ketone_07_c5/ketone_07_c5_wH07.png,72.0,177.686455,179.0,13.598422,10.0,103.899171,104.0,18.008389,12.0,155.58352,155.0,14.502528,10.0,0.418569,0.415686,0.057914,0.039216,0.69681,0.701961,0.053327,0.039216,317.987534,3.059646,0.998575,-0.668339,0.741941,0.407473,0.408163,0.23625,0.237986,0.356278,0.354402,145.723049,146.0,201.0,184.0,203.0,-22.0,-80.0,-48.0,0.890547,0.565217,0.763547,7976,7597,379,0.047518,0.952482,0.0,3968,pass,
ketone_07_c5_wH08,ketone_07_c5,ketone,7,5.0,H08,8,8,crops/ketone/ketone_07_c5/ketone_07_c5_wH08.png,73.8,181.291154,181.0,15.303828,11.0,110.884896,109.0,21.013323,17.0,163.850339,162.0,16.779249,10.0,0.39221,0.392157,0.066864,0.062745,0.710949,0.709804,0.060025,0.043137,315.009949,2.888537,0.99873,-0.706086,0.706331,0.398724,0.399538,0.24152,0.242291,0.359756,0.358407,152.008796,150.333333,204.0,187.0,206.0,-23.0,-78.0,-44.0,0.887255,0.582888,0.786408,8388,7958,430,0.051264,0.948736,0.0,4200,pass,
ketone_07_c5_wH09,ketone_07_c5,ketone,7,5.0,H09,8,9,crops/ketone/ketone_07_c5/ketone_07_c5_wH09.png,80.4,180.253985,182.0,13.886315,10.0,106.839046,109.0,19.176706,16.0,159.995625,160.0,14.583247,12.0,0.411198,0.403922,0.068114,0.058824,0.706878,0.713725,0.054456,0.039216,316.560981,3.748567,0.997862,-0.686112,0.724554,0.404332,0.403263,0.237192,0.240909,0.358476,0.355408,149.029552,150.333333,208.0,205.0,214.0,-26.0,-96.0,-54.0,0.875,0.531707,0.747664,9944,9599,345,0.034694,0.965306,0.0,4928,pass,
ketone_07_c5_wH10,ketone_07_c5,ketone,7,5.0,H10,8,10,crops/ketone/ketone_07_c5/ketone_07_c5_wH10.png,77.1,178.43552,179.0,9.460666,9.0,102.194333,102.0,13.36588,9.0,155.364012,155.0,10.153162,9.0,0.428966,0.431373,0.045473,0.027451,0.699747,0.701961,0.037101,0.035294,318.190886,2.717988,0.998875,-0.665901,0.744532,0.409797,0.410926,0.233625,0.23341,0.356578,0.356659,145.331288,145.333333,206.0,197.0,210.0,-27.0,-95.0,-55.0,0.868932,0.517766,0.738095,9176,8964,212,0.023104,0.976896,0.0,4520,pass,
ketone_07_c5_wH11,ketone_07_c5,ketone,7,5.0,H11,8,11,crops/ketone/ketone_07_c5/ketone_07_c5_wH11.png,75.3,176.344851,176.0,7.964902,11.0,99.874828,100.0,13.856882,22.0,157.134325,157.0,7.679822,10.0,0.435827,0.431373,0.054824,0.094118,0.691548,0.690196,0.031235,0.043137,315.008992,2.362675,0.99915,-0.706395,0.706617,0.407504,0.406742,0.229432,0.231116,0.363064,0.362187,144.451335,144.666667,201.0,182.0,199.0,-25.0,-82.0,-42.0,0.875622,0.549451,0.788945,8740,8740,0,0.0,1.0,0.0,4328,pass,
ketone_07_c5_wH12,ketone_07_c5,ketone,7,5.0,H12,8,12,crops/ketone/ketone_07_c5/ketone_07_c5_wH12.png,82.2,178.486341,179.0,5.586452,6.0,100.748846,102.0,8.682901,11.0,157.034148,157.0,4.780995,6.0,0.436436,0.431373,0.0335,0.05098,0.699946,0.701961,0.021908,0.023529,316.409667,2.182951,0.999274,-0.688997,0.723763,0.409324,0.409091,0.230514,0.232143,0.360162,0.359729,145.423111,146.333333,204.0,197.0,206.0,-25.0,-95.0,-49.0,0.877451,0.517766,0.762136,10396,10396,0,0.0,1.0,0.0,5144,pass,
ketone_08_c10_wA01,ketone_08_c10,ketone,8,10.0,A01,1,1,crops/ketone/ketone_08_c10/ketone_08_c10_wA01.png,75.6,155.3311,156.0,12.262194,16.0,92.877896,93.0,15.786224,21.0,162.460018,164.0,12.452704,17.0,0.432132,0.431373,0.057343,0.070588,0.637099,0.643137,0.048831,0.066667,294.120683,1.858771,0.999474,-0.912207,0.408445,0.378962,0.377834,0.224599,0.225352,0.396439,0.396509,136.889671,137.666667,189.0,186.0,195.0,-33.0,-93.0,-31.0,0.825397,0.5,0.841026,8804,8804,0,0.0,1.0,0.0,4384,pass,
ketone_08_c10_wA02,ketone_08_c10,ketone,8,10.0,A02,1,2,crops/ketone/ketone_08_c10/ketone_08_c10_wA02.png,76.5,134.422471,135.0,3.46144,5.0,47.203194,48.0,3.564524,4.0,125.595275,126.0,3.116991,4.0,0.64932,0.647059,0.018214,0.019608,0.527147,0.529412,0.013574,0.019608,306.030542,0.833039,0.999894,-0.808618,0.588154,0.437643,0.437299,0.153433,0.154839,0.408924,0.408497,102.40698,103.0,188.0,186.0,194.0,-53.0,-138.0,-68.0,0.718085,0.258065,0.649485,9016,9016,0,0.0,1.0,0.0,4512,pass,
ketone_08_c10_wA03,ketone_08_c10,ketone,8,10.0,A03,1,3,crops/ketone/ketone_08_c10/ketone_08_c10_wA03.png,74.7,136.059674,136.0,3.068781,4.0,46.195921,46.0,3.391572,5.0,129.606993,130.0,3.430373,5.0,0.660737,0.658824,0.018493,0.023529,0.533567,0.533333,0.012034,0.015686,304.177655,0.781996,0.999907,-0.827223,0.561708,0.436404,0.435897,0.147941,0.148867,0.415655,0.415625,103.954196,104.0,190.0,184.0,195.0,-54.0,-138.0,-65.0,0.715789,0.25,0.666667,8580,8580,0,0.0,1.0,0.0,4304,pass,
ketone_08_c10_wA04,ketone_08_c10,ketone,8,10.0,A04,1,4,crops/ketone/ketone_08_c10/ketone_08_c10_wA04.png,73.8,143.536242,144.0,4.331379,6.0,59.053648,60.0,5.374438,8.0,132.483548,132.0,3.878224,5.0,0.589162,0.584314,0.02628,0.043137,0.562887,0.564706,0.016986,0.023529,308.013448,1.451275,0.999679,-0.787614,0.615649,0.428539,0.427729,0.175893,0.177711,0.395567,0.39403,111.691146,111.666667,190.0,181.0,194.0,-46.0,-121.0,-62.0,0.757895,0.331492,0.680412,8388,8388,0,0.0,1.0,0.0,4200,pass,
ketone_08_c10_wA05,ketone_08_c10,ketone,8,10.0,A05,1,5,crops/ketone/ketone_08_c10/ketone_08_c10_wA05.png,75.0,138.177098,139.0,3.420116,5.0,51.258229,52.0,3.479103,5.0,128.55656,129.0,3.321119,5.0,0.629301,0.627451,0.016953,0.019608,0.541871,0.545098,0.013412,0.019608,306.6668,1.326132,0.999732,-0.801907,0.597001,0.434615,0.434505,0.161022,0.16242,0.404363,0.40367,105.997296,106.333333,191.0,183.0,195.0,-52.0,-131.0,-66.0,0.727749,0.284153,0.661538,8628,8628,0,0.0,1.0,0.0,4280,pass,
ketone_08_c10_wA06,ketone_08_c10,ketone,8,10.0,A06,1,6,crops/ketone/ketone_08_c10/ketone_08_c10_wA06.png,79.2,146.948344,145.0,13.299595,17.0,82.018737,81.0,15.686148,19.0,149.440269,148.0,13.85903,16.0,0.456544,0.454902,0.05641,0.07451,0.586761,0.580392,0.053574,0.066667,297.921082,2.103447,0.999326,-0.882998,0.46794,0.389326,0.388175,0.214876,0.215847,0.395798,0.395833,126.135783,125.0,190.0,188.0,195.0,-45.0,-107.0,-47.0,0.763158,0.430851,0.758974,9660,9660,0,0.0,1.0,0.0,4784,pass,
ketone_08_c10_wA07,ketone_08_c10,ketone,8,10.0,A07,1,7,crops/ketone/ketone_08_c10/ketone_08_c10_wA07.png,76.2,136.536402,136.0,5.12835,7.0,54.079301,53.0,6.385431,10.0,127.999104,128.0,4.26665,6.0,0.605328,0.607843,0.032345,0.05098,0.535437,0.533333,0.020111,0.027451,305.934836,1.685525,0.999567,-0.809335,0.586611,0.428759,0.429448,0.169183,0.168224,0.402058,0.403175,106.204936,106.0,190.0,187.0,196.0,-54.0,-134.0,-68.0,0.715789,0.283422,0.653061,8928,8928,0,0.0,1.0,0.0,4432,pass,
ketone_08_c10_wA08,ketone_08_c10,ketone,8,10.0,A08,1,8,crops/ketone/ketone_08_c10/ketone_08_c10_wA08.png,75.9,152.375225,155.0,13.624062,23.0,75.909122,79.0,18.626248,32.0,137.491216,139.0,9.475236,15.0,0.509013,0.494118,0.082278,0.137255,0.59755,0.607843,0.053428,0.090196,311.223166,5.150087,0.995968,-0.749116,0.656337,0.417757,0.415761,0.204266,0.210667,0.377977,0.374332,121.925188,124.333333,188.0,184.0,193.0,-33.0,-105.0,-54.0,0.824468,0.429348,0.720207,8880,8880,0,0.0,1.0,0.0,4408,pass,
ketone_08_c10_wA09,ketone_08_c10,ketone,8,10.0,A09,1,9,crops/ketone/ketone_08_c10/ketone_08_c10_wA09.png,79.8,144.208555,145.0,15.453089,25.0,64.852797,63.0,18.033978,30.0,129.649959,131.0,10.26507,13.0,0.558632,0.560784,0.079571,0.129412,0.565524,0.568627,0.0606,0.098039,310.442445,5.326875,0.995687,-0.757776,0.645886,0.426935,0.426332,0.187705,0.186589,0.38536,0.386293,112.90377,113.0,183.0,184.0,191.0,-38.0,-121.0,-60.0,0.79235,0.342391,0.685864,9796,9796,0,0.0,1.0,0.0,4864,pass,
ketone_08_c10_wA10,ketone_08_c10,ketone,8,10.0,A10,1,10,crops/ketone/ketone_08_c10/ketone_08_c10_wA10.png,75.6,141.190709,141.0,10.964809,17.0,64.009428,63.0,13.838903,23.0,126.329282,126.0,7.939231,11.0,0.551445,0.556863,0.064059,0.101961,0.553689,0.552941,0.042999,0.066667,311.172115,3.936928,0.997642,-0.750961,0.656771,0.426723,0.427184,0.190844,0.190031,0.382433,0.384615,110.509806,110.333333,182.0,180.0,189.0,-41.0,-117.0,-63.0,0.774725,0.35,0.666667,8804,8804,0,0.0,1.0,0.0,4384,pass,
ketone_08_c10_wA11,ketone_08_c10,ketone,8,10.0,A11,1,11,crops/ketone/ketone_08_c10/ketone_08_c10_wA11.png,77.1,139.9017,141.0,9.373831,13.0,62.320837,62.0,10.257918,17.0,125.436683,126.0,6.328218,8.0,0.557237,0.560784,0.045921,0.078431,0.548634,0.552941,0.03676,0.05098,311.027462,3.612268,0.998015,-0.752897,0.655117,0.427342,0.427215,0.188939,0.187879,0.383719,0.383941,109.21974,109.666667,178.0,178.0,186.0,-37.0,-116.0,-60.0,0.792135,0.348315,0.677419,9176,9176,0,0.0,1.0,0.0,4520,pass,
ketone_08_c10_wA12,ketone_08_c10,ketone,8,10.0,A12,1,12,crops/ketone/ketone_08_c10/ketone_08_c10_wA12.png,75.3,136.772654,137.0,5.99467,8.0,59.189474,60.0,7.645943,11.0,126.978146,127.0,5.234532,7.0,0.568885,0.564706,0.038486,0.058824,0.536363,0.537255,0.023509,0.031373,307.435539,1.715429,0.999552,-0.793682,0.607596,0.423863,0.424196,0.182544,0.184615,0.393594,0.392097,107.646758,107.666667,178.0,177.0,185.0,-41.0,-117.0,-58.0,0.769663,0.338983,0.686486,8740,8740,0,0.0,1.0,0.0,4328,pass,
ketone_08_c10_wB01,ketone_08_c10,ketone,8,10.0,B01,2,1,crops/ketone/ketone_08_c10/ketone_08_c10_wB01.png,76.2,142.02789,142.0,4.840027,6.0,55.09151,55.0,6.127585,10.0,134.119624,134.0,4.772586,6.0,0.612975,0.615686,0.031014,0.048039,0.556972,0.556863,0.01898,0.023529,305.254306,1.319404,0.999735,-0.816382,0.577054,0.429029,0.429429,0.165853,0.165625,0.405118,0.404321,110.413008,110.0,193.0,192.0,199.0,-51.0,-137.0,-65.0,0.735751,0.286458,0.673367,8928,8928,0,0.0,1.0,0.0,4432,pass,
ketone_08_c10_wB02,ketone_08_c10,ketone,8,10.0,B02,2,2,crops/ketone/ketone_08_c10/ketone_08_c10_wB02.png,76.8,141.152423,141.0,4.093955,5.0,50.921586,51.0,4.230112,6.0,129.359361,130.0,3.401613,5.0,0.639694,0.639216,0.020991,0.027451,0.553539,0.552941,0.016055,0.019608,308.040457,1.616601,0.999602,-0.787262,0.615973,0.439249,0.439394,0.158156,0.158879,0.402596,0.402477,107.144457,107.333333,192.0,191.0,198.0,-51.0,-140.0,-68.0,0.734375,0.267016,0.656566,9080,9080,0,0.0,1.0,0.0,4480,pass,
ketone_08_c10_wB03,ketone_08_c10,ketone,8,10.0,B03,2,3,crops/ketone/ketone_08_c10/ketone_08_c10_wB03.png,76.2,138.706541,139.0,4.637958,6.0,48.443548,49.0,4.362155,5.0,127.130824,127.0,4.371641,6.0,0.651326,0.65098,0.021121,0.023529,0.543947,0.545098,0.018188,0.023529,307.841326,1.39797,0.999702,-0.789478,0.613294,0.441509,0.44164,0.153839,0.154574,0.404652,0.404321,104.760305,105.0,194.0,192.0,199.0,-55.0,-143.0,-72.0,0.716495,0.255208,0.638191,8928,8928,0,0.0,1.0,0.0,4432,pass,
ketone_08_c10_wB04,ketone_08_c10,ketone,8,10.0,B04,2,4,crops/ketone/ketone_08_c10/ketone_08_c10_wB04.png,76.2,140.661066,141.0,3.607669,4.0,48.153338,48.0,3.673794,5.0,129.158042,129.0,2.958305,4.0,0.658094,0.654902,0.018217,0.019608,0.551612,0.552941,0.014148,0.015686,307.437633,0.965146,0.999858,-0.793903,0.607811,0.442456,0.442724,0.151228,0.152174,0.406317,0.404984,105.990815,106.0,195.0,192.0,201.0,-54.0,-144.0,-72.0,0.723077,0.25,0.641791,8928,8928,0,0.0,1.0,0.0,4432,pass,
ketone_08_c10_wB05,ketone_08_c10,ketone,8,10.0,B05,2,5,crops/ketone/ketone_08_c10/ketone_08_c10_wB05.png,76.2,135.288194,136.0,4.843606,5.0,48.584229,49.0,5.073349,6.0,127.68414,128.0,4.517579,4.0,0.641785,0.639216,0.026604,0.027451,0.530542,0.533333,0.018995,0.019608,305.224642,1.186184,0.999786,-0.816722,0.57666,0.434448,0.434505,0.155508,0.15655,0.410045,0.408946,103.852188,104.333333,195.0,190.0,200.0,-59.0,-141.0,-72.0,0.697436,0.257895,0.64,8928,8928,0,0.0,1.0,0.0,4432,pass,
ketone_08_c10_wB06,ketone_08_c10,ketone,8,10.0,B06,2,6,crops/ketone/ketone_08_c10/ketone_08_c10_wB06.png,79.8,133.898428,135.0,6.369364,7.0,46.684259,47.0,6.155402,7.0,122.157003,123.0,5.442117,5.0,0.652713,0.647059,0.032065,0.035294,0.525092,0.529412,0.024978,0.027451,308.106557,2.079868,0.999341,-0.786346,0.616719,0.442603,0.44186,0.153506,0.155629,0.403891,0.403279,100.91323,101.666667,191.0,192.0,198.0,-56.0,-145.0,-75.0,0.706806,0.244792,0.621212,9796,9796,0,0.0,1.0,0.0,4864,pass,
ketone_08_c10_wB07,ketone_08_c10,ketone,8,10.0,B07,2,7,crops/ketone/ketone_08_c10/ketone_08_c10_wB07.png,74.7,133.195688,134.0,4.515403,5.0,49.422494,50.0,4.653187,5.0,124.601632,125.0,4.281967,4.0,0.629878,0.627451,0.024395,0.027451,0.522336,0.52549,0.017707,0.019608,305.91257,0.892135,0.999879,-0.809815,0.586479,0.433731,0.433657,0.160527,0.161812,0.405741,0.405229,102.406605,103.0,191.0,188.0,196.0,-57.0,-138.0,-71.0,0.701571,0.265957,0.637755,8580,8580,0,0.0,1.0,0.0,4304,pass,
ketone_08_c10_wB08,ketone_08_c10,ketone,8,10.0,B08,2,8,crops/ketone/ketone_08_c10/ketone_08_c10_wB08.png,72.6,137.067544,137.0,5.240335,5.0,50.217028,50.0,4.826558,5.0,124.76341,125.0,4.381113,6.0,0.634352,0.631373,0.022846,0.027451,0.53752,0.537255,0.02055,0.019608,308.671834,1.910117,0.999444,-0.780304,0.624512,0.439408,0.439252,0.16055,0.160883,0.400042,0.4,104.015994,104.0,189.0,180.0,194.0,-52.0,-130.0,-69.0,0.724868,0.277778,0.64433,8128,8128,0,0.0,1.0,0.0,4032,pass,
ketone_08_c10_wB09,ketone_08_c10,ketone,8,10.0,B09,2,9,crops/ketone/ketone_08_c10/ketone_08_c10_wB09.png,72.0,137.127884,137.0,4.010511,4.0,48.585005,48.0,3.426554,4.0,123.342026,123.0,3.073958,4.0,0.646007,0.647059,0.015847,0.015686,0.537756,0.537255,0.015727,0.015686,309.234607,1.277652,0.999751,-0.77437,0.63234,0.443766,0.44375,0.157018,0.157377,0.399216,0.398649,103.018305,102.666667,187.0,176.0,192.0,-50.0,-128.0,-69.0,0.73262,0.272727,0.640625,7976,7976,0,0.0,1.0,0.0,3968,pass,
ketone_08_c10_wB10,ketone_08_c10,ketone,8,10.0,B10,2,10,crops/ketone/ketone_08_c10/ketone_08_c10_wB10.png,75.6,132.995457,133.0,4.15108,6.0,46.732508,47.0,3.861221,5.0,122.273398,123.0,3.315887,5.0,0.649078,0.647059,0.019312,0.027451,0.521551,0.521569,0.016279,0.023529,307.546834,1.69412,0.999563,-0.792509,0.609143,0.440475,0.440141,0.154489,0.15534,0.405036,0.403974,100.667121,101.0,186.0,184.0,192.0,-53.0,-137.0,-69.0,0.715054,0.255435,0.640625,8804,8804,0,0.0,1.0,0.0,4384,pass,
ketone_08_c10_wB11,ketone_08_c10,ketone,8,10.0,B11,2,11,crops/ketone/ketone_08_c10/ketone_08_c10_wB11.png,75.0,131.43579,132.0,4.674666,7.0,48.534191,49.0,4.047741,5.0,117.400904,117.0,4.3908,5.0,0.631357,0.631373,0.019024,0.023529,0.515434,0.517647,0.018332,0.027451,309.887372,1.268112,0.999755,-0.767119,0.641123,0.442153,0.442029,0.162935,0.163333,0.394912,0.394464,99.123628,99.333333,184.0,180.0,189.0,-52.0,-131.0,-72.0,0.717391,0.272222,0.619048,8628,8628,0,0.0,1.0,0.0,4280,pass,
ketone_08_c10_wB12,ketone_08_c10,ketone,8,10.0,B12,2,12,crops/ketone/ketone_08_c10/ketone_08_c10_wB12.png,76.8,133.579626,134.0,6.815621,5.0,51.32522,51.0,8.366683,5.0,123.864097,124.0,6.901656,6.0,0.617546,0.615686,0.034751,0.027451,0.523842,0.52549,0.026728,0.019608,307.175144,1.643655,0.999589,-0.796464,0.604005,0.433082,0.433225,0.165455,0.165584,0.401462,0.400662,102.922981,103.0,183.0,182.0,190.0,-49.0,-131.0,-66.0,0.73224,0.28022,0.652632,9080,9080,0,0.0,1.0,0.0,4480,pass,
ketone_08_c10_wC01,ketone_08_c10,ketone,8,10.0,C01,3,1,crops/ketone/ketone_08_c10/ketone_08_c10_wC01.png,80.4,149.152957,150.0,6.152251,7.0,64.32864,64.0,8.6016,12.0,141.609614,142.0,4.514263,6.0,0.570315,0.568627,0.041797,0.058824,0.584914,0.588235,0.024125,0.027451,305.140856,2.179776,0.999277,-0.817148,0.575172,0.420313,0.419619,0.180402,0.180791,0.399285,0.399433,118.363737,118.666667,194.0,196.0,201.0,-44.0,-132.0,-59.0,0.773196,0.326531,0.706468,9944,9944,0,0.0,1.0,0.0,4928,pass,
ketone_08_c10_wC02,ketone_08_c10,ketone,8,10.0,C02,3,2,crops/ketone/ketone_08_c10/ketone_08_c10_wC02.png,73.2,146.499031,147.0,4.269988,6.0,55.933382,57.0,4.02095,6.0,134.182171,135.0,3.826165,5.0,0.619095,0.615686,0.016968,0.019608,0.574506,0.576471,0.016745,0.023529,308.402679,1.483648,0.999665,-0.783402,0.620976,0.435317,0.435045,0.165951,0.167155,0.398732,0.398256,112.204861,113.0,192.0,187.0,197.0,-45.0,-130.0,-62.0,0.765625,0.304813,0.685279,8256,8256,0,0.0,1.0,0.0,4096,pass,
ketone_08_c10_wC03,ketone_08_c10,ketone,8,10.0,C03,3,3,crops/ketone/ketone_08_c10/ketone_08_c10_wC03.png,75.6,142.659246,143.0,4.313369,6.0,52.869945,53.0,4.640018,6.0,131.976488,132.0,4.050793,6.0,0.630112,0.627451,0.023001,0.023529,0.559448,0.560784,0.016915,0.023529,307.101117,1.358097,0.999719,-0.797348,0.603054,0.435739,0.435435,0.161144,0.162651,0.403117,0.402439,109.16856,109.333333,197.0,194.0,203.0,-54.0,-141.0,-71.0,0.725888,0.273196,0.650246,8804,8804,0,0.0,1.0,0.0,4384,pass,
ketone_08_c10_wC04,ketone_08_c10,ketone,8,10.0,C04,3,4,crops/ketone/ketone_08_c10/ketone_08_c10_wC04.png,74.4,143.824918,143.0,5.003779,6.0,53.987083,53.0,5.411166,6.0,130.826679,130.0,4.394692,6.0,0.625482,0.627451,0.024898,0.031373,0.564019,0.560784,0.019623,0.023529,308.820773,1.347056,0.999724,-0.778895,0.626713,0.437826,0.43769,0.163887,0.163636,0.398287,0.398176,109.546227,109.0,196.0,190.0,200.0,-53.0,-137.0,-70.0,0.729592,0.278947,0.65,8516,8516,0,0.0,1.0,0.0,4208,pass,
ketone_08_c10_wC05,ketone_08_c10,ketone,8,10.0,C05,3,5,crops/ketone/ketone_08_c10/ketone_08_c10_wC05.png,75.6,139.824739,140.0,4.147669,5.0,51.062017,50.0,4.818445,6.0,129.774307,129.0,3.902034,5.0,0.635427,0.639216,0.024725,0.031373,0.548332,0.54902,0.016265,0.019608,306.769285,1.262755,0.999757,-0.800858,0.598449,0.436212,0.436709,0.158923,0.158385,0.404865,0.404389,106.887021,106.333333,196.0,193.0,200.0,-56.0,-143.0,-71.0,0.714286,0.259067,0.645,8804,8804,0,0.0,1.0,0.0,4384,pass,
ketone_08_c10_wC06,ketone_08_c10,ketone,8,10.0,C06,3,6,crops/ketone/ketone_08_c10/ketone_08_c10_wC06.png,73.2,133.693072,134.0,3.714696,4.0,48.571584,49.0,4.50672,5.0,126.45797,127.0,3.98315,5.0,0.637528,0.635294,0.024712,0.031373,0.524287,0.52549,0.014567,0.015686,304.778423,0.976174,0.999855,-0.821245,0.570322,0.433253,0.431818,0.15701,0.158239,0.409737,0.409677,102.907542,103.0,193.0,185.0,198.0,-59.0,-136.0,-71.0,0.694301,0.264865,0.641414,8256,8256,0,0.0,1.0,0.0,4096,pass,
ketone_08_c10_wC07,ketone_08_c10,ketone,8,10.0,C07,3,7,crops/ketone/ketone_08_c10/ketone_08_c10_wC07.png,77.1,134.338274,134.0,3.188567,4.0,49.532367,49.0,3.186556,3.0,127.043374,127.0,3.076097,4.0,0.631838,0.631373,0.016012,0.019608,0.526817,0.52549,0.012504,0.015686,304.552202,0.90307,0.999876,-0.823507,0.567086,0.432161,0.431818,0.159157,0.159091,0.408682,0.408946,103.638005,103.666667,194.0,194.0,201.0,-60.0,-145.0,-74.0,0.690722,0.252577,0.631841,9176,9176,0,0.0,1.0,0.0,4520,pass,
ketone_08_c10_wC08,ketone_08_c10,ketone,8,10.0,C08,3,8,crops/ketone/ketone_08_c10/ketone_08_c10_wC08.png,75.3,142.143593,141.0,6.597888,8.0,54.173684,53.0,6.874291,8.0,129.820366,129.0,5.202556,7.0,0.620415,0.619608,0.029982,0.035294,0.557426,0.552941,0.025874,0.031373,308.341558,1.993318,0.999395,-0.783852,0.619973,0.436085,0.435821,0.165476,0.165109,0.398439,0.398754,108.712548,108.0,194.0,191.0,200.0,-53.0,-138.0,-71.0,0.726804,0.277487,0.645,8740,8740,0,0.0,1.0,0.0,4328,pass,
ketone_08_c10_wC09,ketone_08_c10,ketone,8,10.0,C09,3,9,crops/ketone/ketone_08_c10/ketone_08_c10_wC09.png,75.3,136.749085,136.0,4.458591,6.0,47.87254,48.0,4.594893,6.0,122.608581,122.0,4.318736,6.0,0.650487,0.65098,0.023229,0.031373,0.536271,0.533333,0.017485,0.023529,309.493492,1.786895,0.999514,-0.771322,0.635681,0.445287,0.445545,0.15549,0.155844,0.399223,0.398693,102.410069,102.0,192.5,189.0,198.0,-56.5,-141.0,-76.0,0.706494,0.253968,0.616162,8740,8740,0,0.0,1.0,0.0,4328,pass,
ketone_08_c10_wC10,ketone_08_c10,ketone,8,10.0,C10,3,10,crops/ketone/ketone_08_c10/ketone_08_c10_wC10.png,76.2,135.438172,136.0,3.766479,5.0,46.506944,47.0,4.202421,5.0,123.15289,123.0,3.252796,4.0,0.657002,0.654902,0.022394,0.031373,0.53113,0.533333,0.014771,0.019608,308.410603,1.431798,0.999688,-0.783334,0.621099,0.444048,0.444068,0.152152,0.152381,0.4038,0.403279,101.699335,101.666667,191.0,189.0,197.0,-55.0,-142.0,-74.0,0.712042,0.248677,0.624365,8928,8928,0,0.0,1.0,0.0,4432,pass,
ketone_08_c10_wC11,ketone_08_c10,ketone,8,10.0,C11,3,11,crops/ketone/ketone_08_c10/ketone_08_c10_wC11.png,76.5,135.273957,135.0,4.007775,6.0,49.037711,49.0,3.980921,5.0,122.482697,122.0,4.030404,5.0,0.637854,0.635294,0.019243,0.023529,0.530486,0.529412,0.015717,0.023529,309.033464,1.693654,0.999563,-0.776439,0.629499,0.441069,0.441472,0.159593,0.159468,0.399338,0.398058,102.264789,102.0,188.0,186.0,194.0,-53.0,-137.0,-72.0,0.718085,0.263441,0.628866,9016,9016,0,0.0,1.0,0.0,4512,pass,
ketone_08_c10_wC12,ketone_08_c10,ketone,8,10.0,C12,3,12,crops/ketone/ketone_08_c10/ketone_08_c10_wC12.png,76.2,134.625784,134.0,4.405859,5.0,53.564292,54.0,5.376225,7.0,127.966286,128.0,4.417666,6.0,0.603139,0.6,0.02762,0.043137,0.527944,0.52549,0.017278,0.019608,305.058561,1.241008,0.999765,-0.818373,0.574279,0.426045,0.425431,0.169014,0.169872,0.404941,0.403846,105.385454,105.0,186.0,184.0,193.0,-52.0,-130.0,-65.0,0.72043,0.293478,0.663212,8928,8928,0,0.0,1.0,0.0,4432,pass,
ketone_08_c10_wD01,ketone_08_c10,ketone,8,10.0,D01,4,1,crops/ketone/ketone_08_c10/ketone_08_c10_wD01.png,76.2,149.350918,150.0,3.160711,3.0,61.43582,62.0,3.365091,4.0,141.065188,141.0,3.234074,4.0,0.589014,0.588235,0.014536,0.015686,0.58569,0.588235,0.012395,0.011765,305.474209,1.021764,0.999841,-0.814247,0.580244,0.424541,0.424501,0.174482,0.175141,0.400978,0.4,117.283976,117.333333,199.0,195.0,203.0,-49.0,-133.0,-62.0,0.753769,0.317949,0.694581,8928,8928,0,0.0,1.0,0.0,4432,pass,
ketone_08_c10_wD02,ketone_08_c10,ketone,8,10.0,D02,4,2,crops/ketone/ketone_08_c10/ketone_08_c10_wD02.png,78.0,148.119185,149.0,3.409676,4.0,56.152796,57.0,4.558872,6.0,137.062527,137.0,2.950932,4.0,0.62172,0.615686,0.022541,0.027451,0.58086,0.584314,0.013371,0.015686,307.353294,1.011371,0.999844,-0.794786,0.606634,0.434056,0.433628,0.164259,0.166667,0.401685,0.4,113.778169,114.666667,199.0,197.0,204.0,-50.0,-140.0,-67.0,0.748744,0.28934,0.671569,9372,9372,0,0.0,1.0,0.0,4616,pass,
ketone_08_c10_wD03,ketone_08_c10,ketone,8,10.0,D03,4,3,crops/ketone/ketone_08_c10/ketone_08_c10_wD03.png,72.0,149.724925,150.0,5.450453,7.0,57.43819,57.0,6.085395,9.0,139.179037,139.0,4.901773,6.0,0.617373,0.615686,0.026835,0.039216,0.587157,0.588235,0.021374,0.027451,306.939826,1.332701,0.99973,-0.799051,0.600813,0.432511,0.432665,0.165402,0.166189,0.402087,0.400585,115.447384,115.333333,195.0,180.0,197.0,-45.0,-123.0,-58.0,0.769231,0.316667,0.705584,7976,7976,0,0.0,1.0,0.0,3968,pass,
ketone_08_c10_wD04,ketone_08_c10,ketone,8,10.0,D04,4,4,crops/ketone/ketone_08_c10/ketone_08_c10_wD04.png,75.0,147.837622,148.0,5.702397,9.0,57.680923,57.0,7.415937,12.0,135.740496,135.0,5.932767,9.0,0.611306,0.611765,0.03551,0.058824,0.579755,0.580392,0.022362,0.035294,308.119888,1.22718,0.999771,-0.78654,0.617167,0.433605,0.434018,0.168373,0.168142,0.398022,0.398827,113.753013,113.666667,199.0,193.0,203.0,-51.0,-136.0,-68.0,0.743719,0.295337,0.665025,8628,8628,0,0.0,1.0,0.0,4280,pass,
ketone_08_c10_wD05,ketone_08_c10,ketone,8,10.0,D05,4,5,crops/ketone/ketone_08_c10/ketone_08_c10_wD05.png,75.9,145.04527,145.0,5.622267,10.0,54.776577,54.0,5.866118,9.0,131.961712,132.0,6.050082,10.0,0.623499,0.627451,0.026182,0.043137,0.568805,0.568627,0.022048,0.039216,308.905156,1.58182,0.999619,-0.77789,0.627794,0.437483,0.438235,0.164639,0.164087,0.397878,0.398119,110.59452,110.0,199.0,198.0,205.0,-54.0,-144.0,-73.0,0.728643,0.272727,0.643902,8880,8880,0,0.0,1.0,0.0,4408,pass,
ketone_08_c10_wD06,ketone_08_c10,ketone,8,10.0,D06,4,6,crops/ketone/ketone_08_c10/ketone_08_c10_wD06.png,75.9,140.38277,139.0,6.658514,10.0,52.322072,51.0,7.920487,12.0,127.712387,126.0,7.792534,12.0,0.628977,0.631373,0.039733,0.066667,0.550521,0.545098,0.026112,0.039216,308.866313,1.94605,0.999423,-0.778163,0.627144,0.43879,0.439344,0.162391,0.161905,0.398819,0.398734,106.805743,105.666667,195.0,195.0,202.0,-56.0,-144.0,-76.0,0.712821,0.261538,0.623762,8880,8880,0,0.0,1.0,0.0,4408,pass,
ketone_08_c10_wD07,ketone_08_c10,ketone,8,10.0,D07,4,7,crops/ketone/ketone_08_c10/ketone_08_c10_wD07.png,77.4,138.469753,138.0,5.734737,7.0,49.682459,49.0,6.652678,9.0,124.687554,123.0,5.902848,8.0,0.642383,0.643137,0.034456,0.047059,0.543019,0.541176,0.022489,0.027451,309.451219,1.884992,0.999459,-0.771748,0.635077,0.443037,0.444444,0.15815,0.158576,0.398813,0.398649,104.279922,103.333333,193.0,195.0,201.0,-55.0,-146.0,-78.0,0.715026,0.251282,0.61194,9224,9224,0,0.0,1.0,0.0,4600,pass,
ketone_08_c10_wD08,ketone_08_c10,ketone,8,10.0,D08,4,8,crops/ketone/ketone_08_c10/ketone_08_c10_wD08.png,77.1,139.112685,139.0,5.24381,8.0,49.331953,49.0,5.846899,8.0,126.591652,126.0,5.258353,7.0,0.646389,0.647059,0.028788,0.047059,0.54554,0.545098,0.020564,0.031373,308.459875,1.533797,0.999642,-0.782763,0.621744,0.441886,0.442724,0.156069,0.155556,0.402044,0.401961,105.012097,104.333333,195.0,195.0,202.0,-56.0,-146.0,-76.0,0.712821,0.251282,0.623762,9176,9176,0,0.0,1.0,0.0,4520,pass,
ketone_08_c10_wD09,ketone_08_c10,ketone,8,10.0,D09,4,9,crops/ketone/ketone_08_c10/ketone_08_c10_wD09.png,76.2,141.177083,141.0,5.989659,7.0,49.446013,49.0,7.826867,10.0,128.509185,128.0,6.195563,8.0,0.651211,0.65098,0.039134,0.05098,0.553636,0.552941,0.023489,0.027451,308.235363,1.448361,0.999681,-0.785224,0.618696,0.44287,0.44375,0.154126,0.154098,0.403004,0.403727,106.377427,105.666667,195.0,194.0,202.0,-54.0,-145.0,-74.0,0.723077,0.252577,0.633663,8928,8928,0,0.0,1.0,0.0,4432,pass,
ketone_08_c10_wD10,ketone_08_c10,ketone,8,10.0,D10,4,10,crops/ketone/ketone_08_c10/ketone_08_c10_wD10.png,72.6,136.223179,136.0,3.966629,6.0,45.628691,45.0,4.198322,7.0,123.006275,123.0,3.766968,5.0,0.665476,0.666667,0.021714,0.031373,0.534209,0.533333,0.015555,0.023529,308.798724,1.423572,0.999691,-0.779111,0.626393,0.447006,0.447284,0.149375,0.149351,0.403619,0.403785,101.619382,101.333333,191.0,182.0,196.0,-55.0,-137.0,-73.0,0.712042,0.247253,0.627551,8128,8128,0,0.0,1.0,0.0,4032,pass,
ketone_08_c10_wD11,ketone_08_c10,ketone,8,10.0,D11,4,11,crops/ketone/ketone_08_c10/ketone_08_c10_wD11.png,75.3,135.954691,136.0,3.326202,4.0,47.479176,47.0,3.017933,3.0,122.478146,122.0,3.524982,5.0,0.650904,0.65098,0.016182,0.019608,0.533156,0.533333,0.013044,0.015686,309.350063,1.418621,0.999694,-0.77305,0.633862,0.444517,0.444444,0.155074,0.155405,0.400409,0.4,101.970671,102.0,190.0,187.0,196.0,-54.0,-140.0,-74.0,0.715789,0.251337,0.622449,8740,8740,0,0.0,1.0,0.0,4328,pass,
ketone_08_c10_wD12,ketone_08_c10,ketone,8,10.0,D12,4,12,crops/ketone/ketone_08_c10/ketone_08_c10_wD12.png,73.2,137.536701,137.0,4.436908,7.0,57.397287,57.0,4.791017,7.0,129.155523,129.0,3.56865,5.0,0.583701,0.584314,0.021926,0.035294,0.53936,0.537255,0.0174,0.027451,306.296465,1.333203,0.999729,-0.805747,0.591803,0.424487,0.424528,0.176806,0.177019,0.398707,0.399361,108.029837,108.0,182.0,171.0,187.0,-45.0,-114.0,-58.0,0.752747,0.333333,0.68984,8256,8256,0,0.0,1.0,0.0,4096,pass,
ketone_08_c10_wE01,ketone_08_c10,ketone,8,10.0,E01,5,1,crops/ketone/ketone_08_c10/ketone_08_c10_wE01.png,75.6,150.348478,151.0,4.130879,5.0,61.76647,63.0,5.889447,8.0,142.560313,143.0,3.903874,5.0,0.589716,0.580392,0.029549,0.039216,0.589602,0.592157,0.0162,0.019608,305.30043,1.133179,0.999804,-0.815974,0.577751,0.424089,0.422619,0.173778,0.176638,0.402133,0.400538,118.225087,119.0,200.0,196.0,205.0,-49.0,-133.0,-62.0,0.755,0.321429,0.697561,8804,8804,0,0.0,1.0,0.0,4384,pass,
ketone_08_c10_wE02,ketone_08_c10,ketone,8,10.0,E02,5,2,crops/ketone/ketone_08_c10/ketone_08_c10_wE02.png,74.7,150.961189,151.0,3.769651,4.0,58.867366,59.0,4.636797,6.0,140.86958,141.0,3.262256,4.0,0.610679,0.611765,0.022463,0.027451,0.592005,0.592157,0.014783,0.015686,306.697251,1.338788,0.999727,-0.801585,0.597424,0.430558,0.431034,0.167628,0.168091,0.401815,0.4,116.899378,117.0,200.0,192.0,204.0,-49.0,-133.0,-63.0,0.755,0.307292,0.691176,8580,8580,0,0.0,1.0,0.0,4304,pass,
ketone_08_c10_wE03,ketone_08_c10,ketone,8,10.0,E03,5,3,crops/ketone/ketone_08_c10/ketone_08_c10_wE03.png,73.2,151.210998,151.0,5.277824,7.0,58.822553,58.0,6.535783,10.0,137.306202,137.0,4.724917,6.0,0.611878,0.611765,0.030176,0.047059,0.592984,0.592157,0.020697,0.027451,309.01823,1.871225,0.999467,-0.776531,0.629232,0.435566,0.435673,0.168872,0.169591,0.395562,0.394118,115.779918,115.0,199.0,191.0,203.0,-48.0,-133.0,-66.0,0.758794,0.303665,0.674877,8256,8256,0,0.0,1.0,0.0,4096,pass,
ketone_08_c10_wE04,ketone_08_c10,ketone,8,10.0,E04,5,4,crops/ketone/ketone_08_c10/ketone_08_c10_wE04.png,74.4,154.50822,155.0,5.515536,8.0,61.652419,62.0,6.072592,9.0,142.837248,143.0,4.904806,8.0,0.601671,0.6,0.025994,0.039216,0.605915,0.607843,0.02163,0.031373,307.512522,1.274708,0.999753,-0.793024,0.608784,0.43058,0.430168,0.171327,0.172222,0.398093,0.397222,119.665962,119.666667,202.0,197.0,207.0,-47.0,-135.0,-64.0,0.767327,0.314721,0.690821,8516,8516,0,0.0,1.0,0.0,4208,pass,
ketone_08_c10_wE05,ketone_08_c10,ketone,8,10.0,E05,5,5,crops/ketone/ketone_08_c10/ketone_08_c10_wE05.png,73.5,147.10933,147.0,5.404513,8.0,53.898626,55.0,5.864507,9.0,135.339802,136.0,5.096337,8.0,0.634511,0.627451,0.02688,0.039216,0.576899,0.576471,0.021194,0.031373,307.485859,0.900351,0.999877,-0.793406,0.60849,0.437617,0.43695,0.159786,0.161383,0.402597,0.401786,112.115919,112.666667,201.0,195.0,205.0,-54.0,-140.0,-69.0,0.731343,0.282051,0.663415,8296,8296,0,0.0,1.0,0.0,4124,pass,
ketone_08_c10_wE06,ketone_08_c10,ketone,8,10.0,E06,5,6,crops/ketone/ketone_08_c10/ketone_08_c10_wE06.png,74.7,150.458392,151.0,7.227135,10.0,61.922494,62.0,7.991104,12.0,135.463287,135.0,5.075002,7.0,0.590046,0.588235,0.034819,0.054902,0.590033,0.592157,0.028342,0.039216,310.155916,2.523641,0.99903,-0.763551,0.644245,0.432779,0.432507,0.177306,0.178161,0.389915,0.389356,115.948057,116.0,199.0,197.0,206.0,-48.0,-135.0,-71.0,0.758794,0.314721,0.65534,8580,8580,0,0.0,1.0,0.0,4304,pass,
ketone_08_c10_wE07,ketone_08_c10,ketone,8,10.0,E07,5,7,crops/ketone/ketone_08_c10/ketone_08_c10_wE07.png,77.4,146.203816,147.0,5.662379,8.0,53.210971,54.0,6.045447,9.0,135.453491,136.0,5.426938,7.0,0.637111,0.631373,0.028119,0.043137,0.573348,0.576471,0.022205,0.031373,307.020698,1.21032,0.999777,-0.79824,0.601969,0.436871,0.436202,0.158396,0.160714,0.404733,0.40367,111.622759,113.0,199.0,200.0,206.0,-52.0,-146.0,-70.0,0.738693,0.27,0.660194,9224,9224,0,0.0,1.0,0.0,4600,pass,
ketone_08_c10_wE08,ketone_08_c10,ketone,8,10.0,E08,5,8,crops/ketone/ketone_08_c10/ketone_08_c10_wE08.png,71.4,140.459796,141.0,5.535133,7.0,48.4743,49.0,6.15987,8.0,127.762087,128.0,4.42059,6.0,0.656041,0.65098,0.031076,0.039216,0.550823,0.552941,0.021706,0.027451,308.344403,1.572691,0.999623,-0.784,0.620153,0.443748,0.44373,0.152486,0.154321,0.403765,0.403125,105.565394,105.666667,194.0,185.0,200.0,-53.0,-136.0,-72.0,0.726804,0.264865,0.64,7860,7860,0,0.0,1.0,0.0,3888,pass,
ketone_08_c10_wE09,ketone_08_c10,ketone,8,10.0,E09,5,9,crops/ketone/ketone_08_c10/ketone_08_c10_wE09.png,77.4,139.65438,139.0,5.21259,7.0,47.173135,48.0,5.772769,8.0,127.575672,127.0,4.705061,6.0,0.663239,0.658824,0.029492,0.039216,0.547664,0.545098,0.020442,0.027451,307.676603,1.160248,0.999795,-0.791311,0.611079,0.444451,0.444444,0.149517,0.15142,0.406032,0.404459,104.801062,104.666667,197.0,197.0,205.0,-58.0,-149.0,-78.0,0.705584,0.243655,0.619512,9224,9224,0,0.0,1.0,0.0,4600,pass,
ketone_08_c10_wE10,ketone_08_c10,ketone,8,10.0,E10,5,10,crops/ketone/ketone_08_c10/ketone_08_c10_wE10.png,73.8,137.001669,137.0,2.946794,4.0,44.602766,45.0,3.77715,5.0,125.638531,126.0,2.34068,3.0,0.674831,0.67451,0.021539,0.031373,0.537261,0.537255,0.011556,0.015686,307.452135,1.007961,0.999845,-0.793739,0.608004,0.445994,0.446254,0.144955,0.145695,0.409051,0.407767,102.414322,102.333333,193.0,188.0,200.0,-56.0,-143.0,-74.0,0.709845,0.239362,0.63,8388,8388,0,0.0,1.0,0.0,4200,pass,
ketone_08_c10_wE11,ketone_08_c10,ketone,8,10.0,E11,5,11,crops/ketone/ketone_08_c10/ketone_08_c10_wE11.png,75.6,136.547251,137.0,3.371806,5.0,47.695252,48.0,4.843664,6.0,123.29373,123.0,3.019933,4.0,0.651111,0.65098,0.029163,0.039216,0.535479,0.537255,0.013223,0.019608,309.127441,1.175088,0.99979,-0.775581,0.630915,0.444173,0.445513,0.154759,0.155116,0.401068,0.4,102.512078,102.666667,191.0,189.0,198.0,-54.0,-141.0,-75.0,0.717277,0.253968,0.621212,8804,8804,0,0.0,1.0,0.0,4384,pass,
ketone_08_c10_wE12,ketone_08_c10,ketone,8,10.0,E12,5,12,crops/ketone/ketone_08_c10/ketone_08_c10_wE12.png,73.5,136.692141,137.0,3.881684,4.0,52.02013,53.0,4.279918,5.0,124.062199,124.0,3.473899,4.0,0.619903,0.619608,0.022803,0.027451,0.536048,0.537255,0.015222,0.015686,309.151775,1.291277,0.999746,-0.775279,0.631216,0.437161,0.437888,0.166056,0.167183,0.396782,0.395973,104.258157,104.666667,184.0,177.0,189.0,-47.0,-124.0,-65.0,0.744565,0.299435,0.656085,8296,8296,0,0.0,1.0,0.0,4124,pass,
ketone_08_c10_wF01,ketone_08_c10,ketone,8,10.0,F01,6,1,crops/ketone/ketone_08_c10/ketone_08_c10_wF01.png,73.8,153.710181,154.0,3.95782,5.0,63.226037,64.0,4.467167,5.0,146.334049,146.0,3.31533,5.0,0.588448,0.584314,0.019777,0.027451,0.602785,0.603922,0.015521,0.019608,304.843499,1.425608,0.999691,-0.820462,0.57116,0.423211,0.422872,0.173838,0.175,0.402951,0.402667,121.090089,121.333333,202.0,194.0,206.0,-48.0,-130.0,-60.0,0.762376,0.329897,0.708738,8388,8388,0,0.0,1.0,0.0,4200,pass,
ketone_08_c10_wF02,ketone_08_c10,ketone,8,10.0,F02,6,2,crops/ketone/ketone_08_c10/ketone_08_c10_wF02.png,74.1,153.04409,153.0,3.21706,4.0,58.720804,59.0,3.622404,5.0,141.79078,142.0,2.925669,3.0,0.616175,0.615686,0.016106,0.023529,0.600173,0.6,0.012616,0.015686,306.909269,1.017593,0.999842,-0.799461,0.600455,0.432937,0.433048,0.165941,0.166197,0.401121,0.401099,117.851891,118.0,204.0,196.0,207.0,-51.0,-137.0,-65.0,0.75,0.30102,0.68599,8460,8460,0,0.0,1.0,0.0,4192,pass,
ketone_08_c10_wF03,ketone_08_c10,ketone,8,10.0,F03,6,3,crops/ketone/ketone_08_c10/ketone_08_c10_wF03.png,78.6,151.585297,151.0,3.723,5.0,57.03639,57.0,3.709806,4.0,139.557636,139.0,3.327095,4.0,0.623361,0.623529,0.015876,0.015686,0.594452,0.592157,0.0146,0.019608,307.315233,0.972432,0.999856,-0.795198,0.606113,0.435443,0.435393,0.163649,0.163793,0.400908,0.4,116.059774,116.0,205.0,203.0,211.0,-54.0,-146.0,-72.0,0.736585,0.280788,0.658768,9508,9508,0,0.0,1.0,0.0,4744,pass,
ketone_08_c10_wF04,ketone_08_c10,ketone,8,10.0,F04,6,4,crops/ketone/ketone_08_c10/ketone_08_c10_wF04.png,73.8,152.644969,152.0,4.492705,5.0,59.121006,59.0,4.733531,6.0,140.028493,140.0,4.510072,6.0,0.612823,0.615686,0.020113,0.023529,0.598608,0.596078,0.017618,0.019608,308.023218,0.962143,0.999859,-0.78765,0.615894,0.434054,0.434286,0.167802,0.167147,0.398144,0.398305,117.264823,117.0,206.0,199.0,210.0,-54.0,-140.0,-70.0,0.737864,0.296482,0.666667,8388,8388,0,0.0,1.0,0.0,4200,pass,
ketone_08_c10_wF05,ketone_08_c10,ketone,8,10.0,F05,6,5,crops/ketone/ketone_08_c10/ketone_08_c10_wF05.png,76.2,152.224462,152.0,5.253819,6.0,57.366151,57.0,5.454706,7.0,139.857751,140.0,4.805786,6.0,0.623361,0.623529,0.023422,0.031373,0.596959,0.596078,0.020603,0.023529,307.528953,1.130196,0.999805,-0.792891,0.609044,0.435796,0.435393,0.163801,0.163793,0.400403,0.399425,116.482788,116.333333,205.0,204.0,211.0,-53.0,-147.0,-71.0,0.741463,0.279412,0.663507,8928,8928,0,0.0,1.0,0.0,4432,pass,
ketone_08_c10_wF06,ketone_08_c10,ketone,8,10.0,F06,6,6,crops/ketone/ketone_08_c10/ketone_08_c10_wF06.png,79.8,147.786648,149.0,6.794106,8.0,53.545223,55.0,7.111268,9.0,135.901899,137.0,6.31335,8.0,0.638889,0.631373,0.033962,0.039216,0.579555,0.584314,0.026644,0.031373,307.381929,1.020382,0.999841,-0.79448,0.607029,0.438625,0.437681,0.158032,0.160819,0.403344,0.40118,112.411256,114.0,200.0,202.0,209.0,-51.0,-147.0,-72.0,0.745,0.272277,0.655502,9796,9796,0,0.0,1.0,0.0,4864,pass,
ketone_08_c10_wF07,ketone_08_c10,ketone,8,10.0,F07,6,7,crops/ketone/ketone_08_c10/ketone_08_c10_wF07.png,74.7,148.063753,148.0,5.0288,7.0,53.913753,54.0,5.795145,8.0,136.501632,136.0,4.415365,6.0,0.636569,0.639216,0.026986,0.039216,0.580642,0.580392,0.019721,0.027451,307.025122,1.229968,0.99977,-0.798188,0.602026,0.437637,0.43787,0.158856,0.158358,0.403507,0.403509,112.826379,112.666667,203.0,200.0,209.0,-55.0,-146.0,-73.0,0.729064,0.27,0.650718,8580,8580,0,0.0,1.0,0.0,4304,pass,
ketone_08_c10_wF08,ketone_08_c10,ketone,8,10.0,F08,6,8,crops/ketone/ketone_08_c10/ketone_08_c10_wF08.png,72.6,143.942298,143.0,5.368415,8.0,50.023868,49.0,5.404565,8.0,132.645054,132.0,4.962395,7.0,0.653235,0.654902,0.024766,0.035294,0.56448,0.560784,0.021053,0.031373,307.090683,1.000277,0.999848,-0.79756,0.602986,0.440932,0.441358,0.152734,0.152439,0.406334,0.40566,108.870407,108.0,200.0,191.0,206.0,-57.0,-142.0,-74.0,0.715,0.256545,0.640777,8128,8128,0,0.0,1.0,0.0,4032,pass,
ketone_08_c10_wF09,ketone_08_c10,ketone,8,10.0,F09,6,9,crops/ketone/ketone_08_c10/ketone_08_c10_wF09.png,73.5,143.663814,143.0,4.167297,5.0,49.243009,49.0,4.246334,6.0,131.575217,131.0,4.079919,5.0,0.657683,0.658824,0.020056,0.023529,0.563388,0.560784,0.016342,0.019608,307.45488,1.022846,0.999841,-0.793706,0.60804,0.442902,0.443396,0.151491,0.151057,0.405606,0.405325,108.16068,108.0,199.0,193.0,205.0,-56.0,-144.0,-74.0,0.718593,0.253886,0.639024,8296,8296,0,0.0,1.0,0.0,4124,pass,
ketone_08_c10_wF10,ketone_08_c10,ketone,8,10.0,F10,6,10,crops/ketone/ketone_08_c10/ketone_08_c10_wF10.png,77.4,139.841284,140.0,3.451806,5.0,48.25477,49.0,3.702998,5.0,126.468994,127.0,3.136583,5.0,0.655245,0.65098,0.019555,0.023529,0.548397,0.54902,0.013536,0.019608,308.737832,1.15039,0.999798,-0.77986,0.625632,0.44466,0.444795,0.1532,0.154088,0.40214,0.402477,104.855016,105.333333,196.0,195.0,203.0,-56.0,-146.0,-76.0,0.714286,0.251282,0.625616,9224,9224,0,0.0,1.0,0.0,4600,pass,
ketone_08_c10_wF11,ketone_08_c10,ketone,8,10.0,F11,6,11,crops/ketone/ketone_08_c10/ketone_08_c10_wF11.png,73.5,141.814851,142.0,4.31252,6.0,50.972396,51.0,4.668632,6.0,129.14067,129.0,3.994585,6.0,0.641169,0.639216,0.023643,0.035294,0.556137,0.556863,0.016912,0.023529,308.386028,1.413896,0.999696,-0.783606,0.620768,0.440687,0.440729,0.158024,0.158385,0.401289,0.401316,107.309306,107.333333,193.0,188.0,198.0,-51.0,-137.0,-69.0,0.735751,0.271277,0.651515,8296,8296,0,0.0,1.0,0.0,4124,pass,
ketone_08_c10_wF12,ketone_08_c10,ketone,8,10.0,F12,6,12,crops/ketone/ketone_08_c10/ketone_08_c10_wF12.png,78.9,138.886335,139.0,3.34211,4.0,53.771835,54.0,3.632595,5.0,126.024864,126.0,3.322606,4.0,0.613039,0.615686,0.019408,0.027451,0.544652,0.545098,0.013106,0.015686,309.276537,1.496527,0.999659,-0.773836,0.632848,0.435923,0.436364,0.168556,0.16875,0.395522,0.395639,106.227678,106.0,189.0,191.0,198.0,-50.0,-137.0,-72.0,0.73545,0.282723,0.636364,9572,9572,0,0.0,1.0,0.0,4744,pass,
ketone_08_c10_wG01,ketone_08_c10,ketone,8,10.0,G01,7,1,crops/ketone/ketone_08_c10/ketone_08_c10_wG01.png,75.9,153.223874,153.0,3.911506,5.0,63.534797,64.0,5.971962,9.0,145.552027,145.0,3.779717,5.0,0.585639,0.580392,0.029859,0.039216,0.600878,0.6,0.015339,0.019608,305.115889,1.437583,0.999685,-0.817733,0.575051,0.423071,0.422343,0.175017,0.176309,0.401913,0.401146,120.770233,121.0,204.0,201.0,210.0,-51.0,-137.0,-65.0,0.75,0.318408,0.690476,8880,8880,0,0.0,1.0,0.0,4408,pass,
ketone_08_c10_wG02,ketone_08_c10,ketone,8,10.0,G02,7,2,crops/ketone/ketone_08_c10/ketone_08_c10_wG02.png,68.4,153.527747,153.0,3.619654,5.0,60.035655,60.0,5.105788,7.0,143.34545,143.0,3.315533,4.25,0.609436,0.611765,0.02518,0.035294,0.60207,0.6,0.014195,0.019608,306.44434,1.217042,0.999774,-0.804253,0.593908,0.430288,0.430939,0.167942,0.167598,0.40177,0.401662,118.969617,118.666667,195.0,166.0,195.0,-42.0,-106.0,-52.0,0.784615,0.361446,0.733333,7208,7208,0,0.0,1.0,0.0,3532,pass,
ketone_08_c10_wG03,ketone_08_c10,ketone,8,10.0,G03,7,3,crops/ketone/ketone_08_c10/ketone_08_c10_wG03.png,75.3,154.716362,154.0,4.412016,5.0,60.541419,60.0,5.963735,7.0,143.560526,143.0,4.051146,5.0,0.60922,0.611765,0.0278,0.027451,0.606731,0.603922,0.017302,0.019608,307.078633,1.30849,0.999739,-0.797601,0.602753,0.431355,0.431373,0.168363,0.168091,0.400282,0.399425,119.606102,119.0,208.0,204.0,214.0,-54.0,-144.0,-71.0,0.740385,0.294118,0.668224,8740,8740,0,0.0,1.0,0.0,4328,pass,
ketone_08_c10_wG04,ketone_08_c10,ketone,8,10.0,G04,7,4,crops/ketone/ketone_08_c10/ketone_08_c10_wG04.png,75.6,156.205361,156.0,6.085607,9.0,62.524307,61.0,7.646419,11.0,144.662199,144.0,6.184478,7.0,0.600317,0.607843,0.035968,0.05098,0.61257,0.611765,0.023865,0.035294,307.280061,1.774737,0.99952,-0.795303,0.605421,0.430167,0.431139,0.17151,0.169492,0.398324,0.397906,121.130622,120.0,208.0,204.0,214.0,-52.0,-143.0,-70.0,0.75,0.29902,0.672897,8804,8804,0,0.0,1.0,0.0,4384,pass,
ketone_08_c10_wG05,ketone_08_c10,ketone,8,10.0,G05,7,5,crops/ketone/ketone_08_c10/ketone_08_c10_wG05.png,66.264,157.578005,158.0,5.986341,9.0,61.532268,61.0,7.474349,11.0,145.968324,146.0,5.501725,8.0,0.610206,0.611765,0.033835,0.047059,0.617953,0.619608,0.023476,0.035294,307.141589,1.24007,0.999766,-0.796959,0.603645,0.431924,0.432796,0.167963,0.167116,0.400113,0.399425,121.692866,121.666667,172.0,124.0,167.5,-14.0,-63.0,-21.5,0.918605,0.491935,0.871642,6756,6756,0,0.0,1.0,0.0,3364,pass,
ketone_08_c10_wG06,ketone_08_c10,ketone,8,10.0,G06,7,6,crops/ketone/ketone_08_c10/ketone_08_c10_wG06.png,72.9,152.735093,153.0,5.61603,6.0,57.784824,58.0,6.30695,6.0,141.469819,141.0,4.583836,5.0,0.622019,0.619608,0.028443,0.027451,0.598961,0.6,0.022024,0.023529,306.96923,1.653726,0.999584,-0.798626,0.601136,0.434108,0.434286,0.1637,0.165217,0.402192,0.4,117.329912,117.0,205.0,200.0,211.0,-52.0,-142.0,-70.0,0.746341,0.29,0.668246,8184,8184,0,0.0,1.0,0.0,4048,pass,
ketone_08_c10_wG07,ketone_08_c10,ketone,8,10.0,G07,7,7,crops/ketone/ketone_08_c10/ketone_08_c10_wG07.png,72.3,149.569154,149.0,5.792403,8.0,54.828358,54.0,6.969239,8.0,136.968781,137.0,5.368268,7.0,0.634229,0.639216,0.032519,0.039216,0.586546,0.584314,0.022715,0.031373,307.947083,1.448208,0.999681,-0.788327,0.614737,0.438456,0.438806,0.160024,0.159292,0.40152,0.40118,113.788765,113.333333,205.0,197.0,211.0,-56.0,-143.0,-74.0,0.726829,0.274112,0.649289,8040,8040,0,0.0,1.0,0.0,3972,pass,
ketone_08_c10_wG08,ketone_08_c10,ketone,8,10.0,G08,7,8,crops/ketone/ketone_08_c10/ketone_08_c10_wG08.png,76.2,147.308692,146.0,5.812899,6.0,51.272065,49.0,6.975926,7.0,136.397289,135.0,5.202441,7.0,0.653036,0.662745,0.033293,0.035294,0.577681,0.572549,0.022796,0.023529,306.670389,1.462614,0.999674,-0.801823,0.597016,0.440057,0.440729,0.152449,0.149847,0.407494,0.407975,111.659349,110.0,204.0,201.0,212.0,-58.0,-152.0,-77.0,0.715686,0.243781,0.636792,8928,8928,0,0.0,1.0,0.0,4432,pass,
ketone_08_c10_wG09,ketone_08_c10,ketone,8,10.0,G09,7,9,crops/ketone/ketone_08_c10/ketone_08_c10_wG09.png,74.1,146.918085,145.0,5.66475,7.0,53.215721,51.0,7.299368,8.0,133.550355,132.0,5.446707,8.0,0.638944,0.65098,0.035623,0.039216,0.576149,0.568627,0.022215,0.027451,308.430574,1.128624,0.999806,-0.78321,0.621445,0.440658,0.442006,0.158824,0.155015,0.400518,0.402266,111.228054,109.333333,200.0,196.0,207.0,-55.0,-145.0,-75.0,0.725,0.260204,0.637681,8460,8460,0,0.0,1.0,0.0,4192,pass,
ketone_08_c10_wG10,ketone_08_c10,ketone,8,10.0,G10,7,10,crops/ketone/ketone_08_c10/ketone_08_c10_wG10.png,77.4,142.343994,142.0,5.656715,5.0,51.023526,50.0,6.465063,5.0,128.951431,129.0,5.058057,5.0,0.642713,0.647059,0.031104,0.027451,0.558212,0.556863,0.022183,0.019608,308.86134,1.434216,0.999687,-0.778423,0.627241,0.441919,0.442724,0.157723,0.156442,0.400359,0.400641,107.43965,107.0,197.0,198.0,205.0,-55.0,-148.0,-76.0,0.720812,0.252525,0.629268,9224,9224,0,0.0,1.0,0.0,4600,pass,
ketone_08_c10_wG11,ketone_08_c10,ketone,8,10.0,G11,7,11,crops/ketone/ketone_08_c10/ketone_08_c10_wG11.png,73.5,148.441297,148.0,4.965617,8.0,56.999638,56.0,6.335533,8.0,136.802073,137.0,4.835942,7.0,0.617007,0.619608,0.030589,0.035294,0.582123,0.580392,0.019473,0.031373,307.736171,1.302248,0.999742,-0.790633,0.611868,0.433989,0.433908,0.166085,0.164223,0.399926,0.400585,114.081003,113.666667,197.0,190.0,203.0,-49.0,-134.0,-66.0,0.751269,0.294737,0.674877,8296,8296,0,0.0,1.0,0.0,4124,pass,
ketone_08_c10_wG12,ketone_08_c10,ketone,8,10.0,G12,7,12,crops/ketone/ketone_08_c10/ketone_08_c10_wG12.png,74.7,148.78951,149.0,4.704284,7.0,61.134499,61.0,5.880004,7.0,137.061072,137.0,4.536077,6.0,0.59025,0.592157,0.028608,0.035294,0.583488,0.584314,0.018448,0.027451,308.199501,1.562107,0.999628,-0.78557,0.618172,0.429004,0.429012,0.17582,0.176471,0.395177,0.394286,115.661694,115.666667,195.0,192.0,201.0,-46.0,-131.0,-64.0,0.764103,0.317708,0.681592,8580,8580,0,0.0,1.0,0.0,4304,pass,
ketone_08_c10_wH01,ketone_08_c10,ketone,8,10.0,H01,8,1,crops/ketone/ketone_08_c10/ketone_08_c10_wH01.png,72.3,159.012065,159.0,4.280202,6.0,67.3949,68.0,5.420148,7.0,153.083085,153.0,4.076454,6.0,0.576755,0.576471,0.02439,0.031373,0.623577,0.623529,0.016785,0.023529,304.074857,1.051001,0.999832,-0.828167,0.560181,0.419153,0.419271,0.177317,0.178295,0.40353,0.403061,126.496683,126.666667,205.0,197.0,208.5,-46.0,-129.0,-55.5,0.77561,0.345178,0.733813,8040,8040,0,0.0,1.0,0.0,3972,pass,
ketone_08_c10_wH02,ketone_08_c10,ketone,8,10.0,H02,8,2,crops/ketone/ketone_08_c10/ketone_08_c10_wH02.png,75.6,158.697786,159.0,10.050929,8.0,70.339557,69.0,16.703647,11.0,147.191502,147.0,10.292349,8.0,0.559948,0.564706,0.065088,0.047059,0.622344,0.623529,0.039415,0.031373,307.71009,2.331682,0.999172,-0.790461,0.61116,0.422735,0.423684,0.185335,0.184211,0.39193,0.393048,125.409615,125.333333,209.0,206.0,214.0,-50.0,-137.0,-67.0,0.760766,0.334951,0.686916,8804,8355,449,0.051,0.949,0.0,4384,pass,
ketone_08_c10_wH03,ketone_08_c10,ketone,8,10.0,H03,8,3,crops/ketone/ketone_08_c10/ketone_08_c10_wH03.png,76.8,160.726639,161.0,9.424731,10.0,68.781129,68.0,13.822617,11.0,151.153416,151.0,9.026507,8.0,0.574598,0.580392,0.05556,0.043137,0.630301,0.631373,0.03696,0.039216,306.253344,2.475497,0.999067,-0.805658,0.590805,0.422901,0.423077,0.179366,0.178191,0.397732,0.397183,126.887061,126.333333,212.0,209.0,218.0,-51.0,-141.0,-67.0,0.759434,0.325359,0.692661,9080,8754,326,0.035903,0.964097,0.0,4480,pass,
ketone_08_c10_wH04,ketone_08_c10,ketone,8,10.0,H04,8,4,crops/ketone/ketone_08_c10/ketone_08_c10_wH04.png,73.8,159.055639,158.0,11.939261,8.0,68.11526,64.0,19.77312,12.0,146.813294,146.0,12.166415,8.0,0.576102,0.592157,0.080695,0.05098,0.623748,0.619608,0.046821,0.031373,308.098211,2.647458,0.998933,-0.786115,0.616353,0.426649,0.427419,0.179746,0.174863,0.393605,0.395664,124.661397,122.0,211.0,209.0,218.0,-53.0,-145.0,-72.0,0.748815,0.30622,0.669725,8388,8034,354,0.042203,0.957797,0.0,4200,pass,
ketone_08_c10_wH05,ketone_08_c10,ketone,8,10.0,H05,8,5,crops/ketone/ketone_08_c10/ketone_08_c10_wH05.png,69.6,159.222362,158.0,9.397652,9.0,65.471385,62.0,15.424277,14.0,146.984925,147.0,9.64445,9.0,0.591903,0.603922,0.065281,0.070588,0.624401,0.619608,0.036854,0.035294,307.829658,2.544583,0.999014,-0.789059,0.612711,0.429317,0.428947,0.174511,0.169863,0.396173,0.4,123.89289,122.333333,210.0,201.0,215.0,-52.0,-139.0,-68.0,0.752381,0.308458,0.683721,7472,7164,308,0.041221,0.958779,0.0,3724,pass,
ketone_08_c10_wH06,ketone_08_c10,ketone,8,10.0,H06,8,6,crops/ketone/ketone_08_c10/ketone_08_c10_wH06.png,72.0,155.801042,154.0,9.767892,9.0,62.540755,58.0,16.030948,14.0,144.628646,144.0,9.456334,8.0,0.602158,0.619608,0.068427,0.07451,0.610984,0.603922,0.038305,0.035294,307.144901,2.564901,0.998999,-0.796313,0.603228,0.430217,0.430595,0.170435,0.164306,0.399348,0.402266,120.990148,118.666667,208.0,204.0,215.0,-54.0,-146.0,-71.0,0.740385,0.284314,0.669767,7976,7680,296,0.037111,0.962889,0.0,3968,pass,
ketone_08_c10_wH07,ketone_08_c10,ketone,8,10.0,H07,8,7,crops/ketone/ketone_08_c10/ketone_08_c10_wH07.png,70.8,155.573574,155.0,8.505817,8.0,61.127388,59.0,12.872334,11.0,143.152417,143.0,8.208364,6.0,0.609409,0.619608,0.054541,0.05098,0.610092,0.607843,0.033356,0.031373,307.89054,2.179833,0.999277,-0.788615,0.613711,0.43301,0.432665,0.168581,0.163934,0.398409,0.40056,119.951126,119.0,208.0,200.0,215.0,-53.0,-141.0,-72.0,0.745192,0.295,0.665116,7716,7591,125,0.0162,0.9838,0.0,3852,pass,
ketone_08_c10_wH08,ketone_08_c10,ketone,8,10.0,H08,8,8,crops/ketone/ketone_08_c10/ketone_08_c10_wH08.png,72.6,153.961961,154.0,8.808878,10.0,60.244076,59.0,12.253137,12.0,141.255425,142.0,8.289888,8.0,0.611309,0.615686,0.051762,0.062745,0.603772,0.603922,0.034545,0.039216,308.169363,2.619074,0.998956,-0.785366,0.617343,0.43377,0.432584,0.168213,0.166172,0.398017,0.400258,118.487154,118.333333,206.0,202.0,214.0,-52.0,-143.0,-72.0,0.747573,0.292079,0.663551,8128,8018,110,0.013533,0.986467,0.0,4032,pass,
ketone_08_c10_wH09,ketone_08_c10,ketone,8,10.0,H09,8,9,crops/ketone/ketone_08_c10/ketone_08_c10_wH09.png,73.8,153.851658,154.0,8.566622,9.0,61.237181,60.0,11.086467,13.0,140.79752,141.0,8.299143,9.0,0.604068,0.607843,0.046723,0.054902,0.60334,0.603922,0.033595,0.035294,308.412773,2.000994,0.99939,-0.783077,0.620944,0.432919,0.432203,0.170951,0.169444,0.396131,0.398305,118.628786,118.666667,204.0,203.0,211.0,-50.0,-143.0,-70.0,0.754902,0.295567,0.668246,8388,8386,2,0.000238,0.999762,0.0,4200,pass,
ketone_08_c10_wH10,ketone_08_c10,ketone,8,10.0,H10,8,10,crops/ketone/ketone_08_c10/ketone_08_c10_wH10.png,70.8,149.62675,148.0,10.079782,12.0,60.769311,58.0,12.764513,16.0,136.255573,135.0,8.725421,9.0,0.597204,0.603922,0.052482,0.07451,0.586772,0.580392,0.039529,0.047059,309.088754,2.66789,0.998917,-0.775329,0.62984,0.432342,0.432353,0.173741,0.170149,0.393917,0.397759,115.550544,114.333333,201.0,194.0,207.0,-53.0,-136.0,-72.0,0.736318,0.298969,0.652174,7716,7716,0,0.0,1.0,0.0,3852,pass,
ketone_08_c10_wH11,ketone_08_c10,ketone,8,10.0,H11,8,11,crops/ketone/ketone_08_c10/ketone_08_c10_wH11.png,75.0,149.693374,149.0,9.317415,10.0,61.926866,60.0,12.353221,12.0,140.248748,140.0,8.443061,8.0,0.588823,0.596078,0.047436,0.054902,0.587033,0.584314,0.036539,0.039216,306.307109,3.08048,0.998556,-0.804691,0.591258,0.425971,0.426036,0.174745,0.171745,0.399283,0.40303,117.289663,116.666667,199.0,197.0,206.0,-50.0,-137.0,-66.0,0.748744,0.304569,0.679612,8628,8587,41,0.004752,0.995248,0.0,4280,pass,
ketone_08_c10_wH12,ketone_08_c10,ketone,8,10.0,H12,8,12,crops/ketone/ketone_08_c10/ketone_08_c10_wH12.png,69.9,149.438398,150.0,6.65796,9.0,65.766631,66.0,7.672798,12.0,140.829431,141.0,5.130123,6.0,0.561394,0.560784,0.033338,0.05098,0.586033,0.588235,0.02611,0.035294,305.87358,2.487587,0.999058,-0.809549,0.585447,0.419924,0.41989,0.184116,0.184438,0.39596,0.396552,118.678153,119.0,193.0,185.0,200.0,-43.0,-119.0,-59.0,0.777202,0.356757,0.705,7516,7516,0,0.0,1.0,0.0,3748,pass,
