analyte,feature_set,model,outer_fold,concentration_order,actual_concentration,prediction_raw,prediction,patch_count
glucose,Baseline,DummyMean,1,1,0.0,4.923636363636364,4.923636363636364,20
glucose,Baseline,DummyMean,1,2,0.01,4.923636363636364,4.923636363636364,20
glucose,Baseline,DummyMean,1,3,0.05,4.923636363636364,4.923636363636364,20
glucose,Baseline,DummyMean,1,4,0.1,4.923636363636364,4.923636363636364,20
glucose,Baseline,DummyMean,1,5,0.5,4.923636363636364,4.923636363636364,20
glucose,Baseline,DummyMean,1,6,1.0,4.923636363636364,4.923636363636364,20
glucose,Baseline,DummyMean,1,7,2.5,4.923636363636364,4.923636363636364,20
glucose,Baseline,DummyMean,1,8,5.0,4.923636363636364,4.923636363636364,20
glucose,Baseline,DummyMean,1,9,10.0,4.923636363636364,4.923636363636364,20
glucose,Baseline,DummyMean,1,10,15.0,4.923636363636364,4.923636363636364,20
glucose,Baseline,DummyMean,1,11,20.0,4.923636363636364,4.923636363636364,20
glucose,RGB_primary,Ridge,1,1,0.0,0.41846465178414116,0.41846465178414116,20
glucose,RGB_primary,Ridge,1,2,0.01,-0.024666667021571036,0.0,20
glucose,RGB_primary,Ridge,1,3,0.05,0.14174316441850973,0.14174316441850973,20
glucose,RGB_primary,Ridge,1,4,0.1,0.22219280134532055,0.22219280134532055,20
glucose,RGB_primary,Ridge,1,5,0.5,0.5257918309708898,0.5257918309708898,20
glucose,RGB_primary,Ridge,1,6,1.0,0.5466233136012776,0.5466233136012776,20
glucose,RGB_primary,Ridge,1,7,2.5,1.9346841449605396,1.9346841449605396,20
glucose,RGB_primary,Ridge,1,8,5.0,5.569573648551085,5.569573648551085,20
glucose,RGB_primary,Ridge,1,9,10.0,15.868473550684348,15.868473550684348,20
glucose,RGB_primary,Ridge,1,10,15.0,13.060019332179984,13.060019332179984,20
glucose,RGB_primary,Ridge,1,11,20.0,15.208651300976694,15.208651300976694,20
glucose,RGB_primary,ElasticNet,1,1,0.0,0.42904460438980985,0.42904460438980985,20
glucose,RGB_primary,ElasticNet,1,2,0.01,-0.00038118837447971825,0.006545125587749096,20
glucose,RGB_primary,ElasticNet,1,3,0.05,0.15193592862890634,0.15193592862890634,20
glucose,RGB_primary,ElasticNet,1,4,0.1,0.2230986740421955,0.2230986740421955,20
glucose,RGB_primary,ElasticNet,1,5,0.5,0.5361287661725935,0.5361287661725935,20
glucose,RGB_primary,ElasticNet,1,6,1.0,0.5411132470462685,0.5411132470462685,20
glucose,RGB_primary,ElasticNet,1,7,2.5,1.9211152010224586,1.9211152010224586,20
glucose,RGB_primary,ElasticNet,1,8,5.0,5.421827989840693,5.421827989840693,20
glucose,RGB_primary,ElasticNet,1,9,10.0,16.06677042232396,16.06677042232396,20
glucose,RGB_primary,ElasticNet,1,10,15.0,13.080625704806124,13.080625704806124,20
glucose,RGB_primary,ElasticNet,1,11,20.0,15.018480111542896,15.018480111542896,20
glucose,RGB_primary,SVR,1,1,0.0,0.4038919628239984,0.4038919628239984,20
glucose,RGB_primary,SVR,1,2,0.01,0.003613028314715305,0.004214238451897143,20
glucose,RGB_primary,SVR,1,3,0.05,0.08979424185474194,0.08979424185474194,20
glucose,RGB_primary,SVR,1,4,0.1,0.10619957295463783,0.10619957295463783,20
glucose,RGB_primary,SVR,1,5,0.5,0.4567331455198296,0.4567331455198296,20
glucose,RGB_primary,SVR,1,6,1.0,0.5797990653411565,0.5797990653411565,20
glucose,RGB_primary,SVR,1,7,2.5,2.325496903346549,2.325496903346549,20
glucose,RGB_primary,SVR,1,8,5.0,5.452966062169734,5.452966062169734,20
glucose,RGB_primary,SVR,1,9,10.0,10.504368125554276,10.504368125554276,20
glucose,RGB_primary,SVR,1,10,15.0,14.46494647443372,14.46494647443372,20
glucose,RGB_primary,SVR,1,11,20.0,18.669312718496112,18.669312718496112,20
glucose,RGB_primary,RandomForest,1,1,0.0,0.3797847375380318,0.3797847375380318,20
glucose,RGB_primary,RandomForest,1,2,0.01,0.05729412937797301,0.05729412937797301,20
glucose,RGB_primary,RandomForest,1,3,0.05,0.08756896097826958,0.08756896097826958,20
glucose,RGB_primary,RandomForest,1,4,0.1,0.09861552216015937,0.09861552216015937,20
glucose,RGB_primary,RandomForest,1,5,0.5,0.5171210544844882,0.5171210544844882,20
glucose,RGB_primary,RandomForest,1,6,1.0,0.5598108556143316,0.5598108556143316,20
glucose,RGB_primary,RandomForest,1,7,2.5,2.5648181035203064,2.5648181035203064,20
glucose,RGB_primary,RandomForest,1,8,5.0,5.0,5.0,20
glucose,RGB_primary,RandomForest,1,9,10.0,11.03644196999937,11.03644196999937,20
glucose,RGB_primary,RandomForest,1,10,15.0,14.647100563573751,14.647100563573751,20
glucose,RGB_primary,RandomForest,1,11,20.0,18.794644122187723,18.794644122187723,20
glucose,RGB_primary,ExtraTrees,1,1,0.0,0.4094238948430335,0.4094238948430335,20
glucose,RGB_primary,ExtraTrees,1,2,0.01,0.050000000000000114,0.050000000000000114,20
glucose,RGB_primary,ExtraTrees,1,3,0.05,0.06687957268996678,0.06687957268996678,20
glucose,RGB_primary,ExtraTrees,1,4,0.1,0.10000000000000035,0.10000000000000035,20
glucose,RGB_primary,ExtraTrees,1,5,0.5,0.5000000000000018,0.5000000000000018,20
glucose,RGB_primary,ExtraTrees,1,6,1.0,0.530945557353438,0.530945557353438,20
glucose,RGB_primary,ExtraTrees,1,7,2.5,2.4801004308733843,2.4801004308733843,20
glucose,RGB_primary,ExtraTrees,1,8,5.0,5.0,5.0,20
glucose,RGB_primary,ExtraTrees,1,9,10.0,10.534606351275752,10.534606351275752,20
glucose,RGB_primary,ExtraTrees,1,10,15.0,15.000000000000064,15.000000000000064,20
glucose,RGB_primary,ExtraTrees,1,11,20.0,19.088252176173356,19.088252176173356,20
glucose,HSV_primary,Ridge,1,1,0.0,0.4014207741006043,0.4014207741006043,20
glucose,HSV_primary,Ridge,1,2,0.01,-0.05402212379450345,0.0,20
glucose,HSV_primary,Ridge,1,3,0.05,0.11328504873945316,0.11328504873945316,20
glucose,HSV_primary,Ridge,1,4,0.1,0.1864975930932317,0.1864975930932317,20
glucose,HSV_primary,Ridge,1,5,0.5,0.49729666541935214,0.49729666541935214,20
glucose,HSV_primary,Ridge,1,6,1.0,0.4566339236425442,0.4566339236425442,20
glucose,HSV_primary,Ridge,1,7,2.5,2.0818740868246306,2.0818740868246306,20
glucose,HSV_primary,Ridge,1,8,5.0,6.811064318181029,6.811064318181029,20
glucose,HSV_primary,Ridge,1,9,10.0,12.85133729259281,12.85133729259281,20
glucose,HSV_primary,Ridge,1,10,15.0,14.0759893500755,14.0759893500755,20
glucose,HSV_primary,Ridge,1,11,20.0,15.008824617771584,15.008824617771584,20
glucose,HSV_primary,ElasticNet,1,1,0.0,0.3984205355847823,0.3984205355847823,20
glucose,HSV_primary,ElasticNet,1,2,0.01,-0.05225898891783157,0.0,20
glucose,HSV_primary,ElasticNet,1,3,0.05,0.11382451810164607,0.11382451810164607,20
glucose,HSV_primary,ElasticNet,1,4,0.1,0.18290529871487465,0.18290529871487465,20
glucose,HSV_primary,ElasticNet,1,5,0.5,0.5033043411229301,0.5033043411229301,20
glucose,HSV_primary,ElasticNet,1,6,1.0,0.45828507413110275,0.45828507413110275,20
glucose,HSV_primary,ElasticNet,1,7,2.5,2.0862807046262066,2.0862807046262066,20
glucose,HSV_primary,ElasticNet,1,8,5.0,6.8005355011317,6.8005355011317,20
glucose,HSV_primary,ElasticNet,1,9,10.0,12.807914000224581,12.807914000224581,20
glucose,HSV_primary,ElasticNet,1,10,15.0,14.068932743752661,14.068932743752661,20
glucose,HSV_primary,ElasticNet,1,11,20.0,14.943121405852487,14.943121405852487,20
glucose,HSV_primary,SVR,1,1,0.0,0.25189249141822473,0.25189249141822473,20
glucose,HSV_primary,SVR,1,2,0.01,0.033352642727003536,0.033352642727003536,20
glucose,HSV_primary,SVR,1,3,0.05,0.044956654866962494,0.044956654866962494,20
glucose,HSV_primary,SVR,1,4,0.1,0.08299384085775019,0.08299384085775019,20
glucose,HSV_primary,SVR,1,5,0.5,0.3221788726860727,0.3221788726860727,20
glucose,HSV_primary,SVR,1,6,1.0,0.46952500440152023,0.46952500440152023,20
glucose,HSV_primary,SVR,1,7,2.5,2.439259501144948,2.439259501144948,20
glucose,HSV_primary,SVR,1,8,5.0,4.987555637411157,4.987555637411157,20
glucose,HSV_primary,SVR,1,9,10.0,10.058277746302423,10.058277746302423,20
glucose,HSV_primary,SVR,1,10,15.0,14.902854397428317,14.902854397428317,20
glucose,HSV_primary,SVR,1,11,20.0,19.606993272782418,19.606993272782418,20
glucose,HSV_primary,RandomForest,1,1,0.0,0.3466666666666667,0.3466666666666667,20
glucose,HSV_primary,RandomForest,1,2,0.01,0.03483333333333323,0.03483333333333323,20
glucose,HSV_primary,RandomForest,1,3,0.05,0.04973333333333321,0.04973333333333321,20
glucose,HSV_primary,RandomForest,1,4,0.1,0.08493333333333325,0.08493333333333325,20
glucose,HSV_primary,RandomForest,1,5,0.5,0.5,0.5,20
glucose,HSV_primary,RandomForest,1,6,1.0,0.6183333333333334,0.6183333333333334,20
glucose,HSV_primary,RandomForest,1,7,2.5,2.5,2.5,20
glucose,HSV_primary,RandomForest,1,8,5.0,5.0,5.0,20
glucose,HSV_primary,RandomForest,1,9,10.0,10.0,10.0,20
glucose,HSV_primary,RandomForest,1,10,15.0,15.0,15.0,20
glucose,HSV_primary,RandomForest,1,11,20.0,19.85,19.85,20
glucose,HSV_primary,ExtraTrees,1,1,0.0,0.27976666666666683,0.27976666666666683,20
glucose,HSV_primary,ExtraTrees,1,2,0.01,0.03576666666666656,0.03576666666666656,20
glucose,HSV_primary,ExtraTrees,1,3,0.05,0.05289999999999988,0.05289999999999988,20
glucose,HSV_primary,ExtraTrees,1,4,0.1,0.08816666666666653,0.08816666666666653,20
glucose,HSV_primary,ExtraTrees,1,5,0.5,0.5078,0.5078,20
glucose,HSV_primary,ExtraTrees,1,6,1.0,0.6250333333333333,0.6250333333333333,20
glucose,HSV_primary,ExtraTrees,1,7,2.5,2.5,2.5,20
glucose,HSV_primary,ExtraTrees,1,8,5.0,5.0,5.0,20
glucose,HSV_primary,ExtraTrees,1,9,10.0,10.033333333333333,10.033333333333333,20
glucose,HSV_primary,ExtraTrees,1,10,15.0,15.116666666666667,15.116666666666667,20
glucose,HSV_primary,ExtraTrees,1,11,20.0,19.35,19.35,20
glucose,RGB_HSV_combined,Ridge,1,1,0.0,0.44726044256482644,0.44726044256482644,20
glucose,RGB_HSV_combined,Ridge,1,2,0.01,-0.04120752193254536,0.0,20
glucose,RGB_HSV_combined,Ridge,1,3,0.05,0.03435120135780123,0.03435120135780123,20
glucose,RGB_HSV_combined,Ridge,1,4,0.1,0.20219554576966164,0.20219554576966164,20
glucose,RGB_HSV_combined,Ridge,1,5,0.5,0.5015184546888382,0.5015184546888382,20
glucose,RGB_HSV_combined,Ridge,1,6,1.0,0.514183998460757,0.514183998460757,20
glucose,RGB_HSV_combined,Ridge,1,7,2.5,2.2474334719988303,2.2474334719988303,20
glucose,RGB_HSV_combined,Ridge,1,8,5.0,5.693025642017514,5.693025642017514,20
glucose,RGB_HSV_combined,Ridge,1,9,10.0,13.031624990602092,13.031624990602092,20
glucose,RGB_HSV_combined,Ridge,1,10,15.0,14.174216332360636,14.174216332360636,20
glucose,RGB_HSV_combined,Ridge,1,11,20.0,15.856134745979425,15.856134745979425,20
glucose,RGB_HSV_combined,ElasticNet,1,1,0.0,0.43034321049002555,0.43034321049002555,20
glucose,RGB_HSV_combined,ElasticNet,1,2,0.01,-0.05291810588793604,0.0,20
glucose,RGB_HSV_combined,ElasticNet,1,3,0.05,0.057062350231995275,0.057062350231995275,20
glucose,RGB_HSV_combined,ElasticNet,1,4,0.1,0.2019096374639548,0.2019096374639548,20
glucose,RGB_HSV_combined,ElasticNet,1,5,0.5,0.5140319221952871,0.5140319221952871,20
glucose,RGB_HSV_combined,ElasticNet,1,6,1.0,0.4958739848586057,0.4958739848586057,20
glucose,RGB_HSV_combined,ElasticNet,1,7,2.5,2.176731200900383,2.176731200900383,20
glucose,RGB_HSV_combined,ElasticNet,1,8,5.0,6.034260511840765,6.034260511840765,20
glucose,RGB_HSV_combined,ElasticNet,1,9,10.0,12.956507997232087,12.956507997232087,20
glucose,RGB_HSV_combined,ElasticNet,1,10,15.0,13.892746379620888,13.892746379620888,20
glucose,RGB_HSV_combined,ElasticNet,1,11,20.0,15.589183928470968,15.589183928470968,20
glucose,RGB_HSV_combined,SVR,1,1,0.0,0.2638185595452456,0.2638185595452456,20
glucose,RGB_HSV_combined,SVR,1,2,0.01,0.03047692803003573,0.03047692803003573,20
glucose,RGB_HSV_combined,SVR,1,3,0.05,0.04562925018776784,0.04562925018776784,20
glucose,RGB_HSV_combined,SVR,1,4,0.1,0.08968170042868256,0.08968170042868256,20
glucose,RGB_HSV_combined,SVR,1,5,0.5,0.3718715290374103,0.3718715290374103,20
glucose,RGB_HSV_combined,SVR,1,6,1.0,0.5119590063729278,0.5119590063729278,20
glucose,RGB_HSV_combined,SVR,1,7,2.5,2.402197601590801,2.402197601590801,20
glucose,RGB_HSV_combined,SVR,1,8,5.0,4.991628115517208,4.991628115517208,20
glucose,RGB_HSV_combined,SVR,1,9,10.0,10.303174049585394,10.303174049585394,20
glucose,RGB_HSV_combined,SVR,1,10,15.0,14.847834225753507,14.847834225753507,20
glucose,RGB_HSV_combined,SVR,1,11,20.0,19.50588827536717,19.50588827536717,20
glucose,RGB_HSV_combined,RandomForest,1,1,0.0,0.3403666666666667,0.3403666666666667,20
glucose,RGB_HSV_combined,RandomForest,1,2,0.01,0.037533333333333224,0.037533333333333224,20
glucose,RGB_HSV_combined,RandomForest,1,3,0.05,0.04973333333333321,0.04973333333333321,20
glucose,RGB_HSV_combined,RandomForest,1,4,0.1,0.0895999999999999,0.0895999999999999,20
glucose,RGB_HSV_combined,RandomForest,1,5,0.5,0.5149999999999999,0.5149999999999999,20
glucose,RGB_HSV_combined,RandomForest,1,6,1.0,0.6283333333333333,0.6283333333333333,20
glucose,RGB_HSV_combined,RandomForest,1,7,2.5,2.5,2.5,20
glucose,RGB_HSV_combined,RandomForest,1,8,5.0,5.0,5.0,20
glucose,RGB_HSV_combined,RandomForest,1,9,10.0,10.0,10.0,20
glucose,RGB_HSV_combined,RandomForest,1,10,15.0,15.016666666666666,15.016666666666666,20
glucose,RGB_HSV_combined,RandomForest,1,11,20.0,19.733333333333334,19.733333333333334,20
glucose,RGB_HSV_combined,ExtraTrees,1,1,0.0,0.26466666666666666,0.26466666666666666,20
glucose,RGB_HSV_combined,ExtraTrees,1,2,0.01,0.04016666666666655,0.04016666666666655,20
glucose,RGB_HSV_combined,ExtraTrees,1,3,0.05,0.051499999999999865,0.051499999999999865,20
glucose,RGB_HSV_combined,ExtraTrees,1,4,0.1,0.08586666666666651,0.08586666666666651,20
glucose,RGB_HSV_combined,ExtraTrees,1,5,0.5,0.495,0.495,20
glucose,RGB_HSV_combined,ExtraTrees,1,6,1.0,0.6036666666666667,0.6036666666666667,20
glucose,RGB_HSV_combined,ExtraTrees,1,7,2.5,2.5,2.5,20
glucose,RGB_HSV_combined,ExtraTrees,1,8,5.0,5.0,5.0,20
glucose,RGB_HSV_combined,ExtraTrees,1,9,10.0,10.066666666666666,10.066666666666666,20
glucose,RGB_HSV_combined,ExtraTrees,1,10,15.0,15.083333333333332,15.083333333333332,20
glucose,RGB_HSV_combined,ExtraTrees,1,11,20.0,19.5,19.5,20
glucose,Chromaticity_secondary,ExtraTrees,1,1,0.0,0.2751362818162537,0.2751362818162537,20
glucose,Chromaticity_secondary,ExtraTrees,1,2,0.01,0.03234286462111711,0.03234286462111711,20
glucose,Chromaticity_secondary,ExtraTrees,1,3,0.05,0.05150978226821169,0.05150978226821169,20
glucose,Chromaticity_secondary,ExtraTrees,1,4,0.1,0.07665516421142107,0.07665516421142107,20
glucose,Chromaticity_secondary,ExtraTrees,1,5,0.5,0.4843885250307267,0.4843885250307267,20
glucose,Chromaticity_secondary,ExtraTrees,1,6,1.0,0.5148727864271486,0.5148727864271486,20
glucose,Chromaticity_secondary,ExtraTrees,1,7,2.5,2.5000000000000173,2.5000000000000173,20
glucose,Chromaticity_secondary,ExtraTrees,1,8,5.0,5.0,5.0,20
glucose,Chromaticity_secondary,ExtraTrees,1,9,10.0,10.02376084060084,10.02376084060084,20
glucose,Chromaticity_secondary,ExtraTrees,1,10,15.0,15.451435683085931,15.451435683085931,20
glucose,Chromaticity_secondary,ExtraTrees,1,11,20.0,16.92018467881376,16.92018467881376,20
glucose,Background_adjusted_secondary,ExtraTrees,1,1,0.0,0.6013525102475941,0.6013525102475941,20
glucose,Background_adjusted_secondary,ExtraTrees,1,2,0.01,0.024795944939230426,0.024795944939230426,20
glucose,Background_adjusted_secondary,ExtraTrees,1,3,0.05,0.147233873242194,0.147233873242194,20
glucose,Background_adjusted_secondary,ExtraTrees,1,4,0.1,0.16306896445023478,0.16306896445023478,20
glucose,Background_adjusted_secondary,ExtraTrees,1,5,0.5,0.45402016174772974,0.45402016174772974,20
glucose,Background_adjusted_secondary,ExtraTrees,1,6,1.0,0.6519973885561661,0.6519973885561661,20
glucose,Background_adjusted_secondary,ExtraTrees,1,7,2.5,2.368242001195904,2.368242001195904,20
glucose,Background_adjusted_secondary,ExtraTrees,1,8,5.0,4.93570611159886,4.93570611159886,20
glucose,Background_adjusted_secondary,ExtraTrees,1,9,10.0,10.770457420121694,10.770457420121694,20
glucose,Background_adjusted_secondary,ExtraTrees,1,10,15.0,14.019701352670738,14.019701352670738,20
glucose,Background_adjusted_secondary,ExtraTrees,1,11,20.0,15.249615489168663,15.249615489168663,20
glucose,Background_negative_control,ExtraTrees,1,1,0.0,1.7994344082546474,1.7994344082546474,20
glucose,Background_negative_control,ExtraTrees,1,2,0.01,0.7523495579995537,0.7523495579995537,20
glucose,Background_negative_control,ExtraTrees,1,3,0.05,0.8167787428502364,0.8167787428502364,20
glucose,Background_negative_control,ExtraTrees,1,4,0.1,1.0324959761682748,1.0324959761682748,20
glucose,Background_negative_control,ExtraTrees,1,5,0.5,0.5965377686305189,0.5965377686305189,20
glucose,Background_negative_control,ExtraTrees,1,6,1.0,1.6353361240546713,1.6353361240546713,20
glucose,Background_negative_control,ExtraTrees,1,7,2.5,1.6477851471288232,1.6477851471288232,20
glucose,Background_negative_control,ExtraTrees,1,8,5.0,2.4558340513028014,2.4558340513028014,20
glucose,Background_negative_control,ExtraTrees,1,9,10.0,5.058955795729963,5.058955795729963,20
glucose,Background_negative_control,ExtraTrees,1,10,15.0,4.634970277759703,4.634970277759703,20
glucose,Background_negative_control,ExtraTrees,1,11,20.0,4.565231266624917,4.565231266624917,20
glucose,Baseline,DummyMean,2,1,0.0,4.923636363636363,4.923636363636363,19
glucose,Baseline,DummyMean,2,2,0.01,4.923636363636363,4.923636363636363,19
glucose,Baseline,DummyMean,2,3,0.05,4.923636363636363,4.923636363636363,19
glucose,Baseline,DummyMean,2,4,0.1,4.923636363636363,4.923636363636363,19
glucose,Baseline,DummyMean,2,5,0.5,4.923636363636363,4.923636363636363,19
glucose,Baseline,DummyMean,2,6,1.0,4.923636363636363,4.923636363636363,19
glucose,Baseline,DummyMean,2,7,2.5,4.923636363636363,4.923636363636363,19
glucose,Baseline,DummyMean,2,8,5.0,4.923636363636363,4.923636363636363,19
glucose,Baseline,DummyMean,2,9,10.0,4.923636363636363,4.923636363636363,19
glucose,Baseline,DummyMean,2,10,15.0,4.923636363636363,4.923636363636363,19
glucose,Baseline,DummyMean,2,11,20.0,4.923636363636363,4.923636363636363,19
glucose,RGB_primary,Ridge,2,1,0.0,0.404554058817109,0.404554058817109,19
glucose,RGB_primary,Ridge,2,2,0.01,0.018328947841474198,0.018328947841474198,19
glucose,RGB_primary,Ridge,2,3,0.05,0.07755502694362905,0.07755502694362905,19
glucose,RGB_primary,Ridge,2,4,0.1,0.24665257406754598,0.24665257406754598,19
glucose,RGB_primary,Ridge,2,5,0.5,0.4923998668479918,0.4923998668479918,19
glucose,RGB_primary,Ridge,2,6,1.0,0.6135706670624883,0.6135706670624883,19
glucose,RGB_primary,Ridge,2,7,2.5,1.933733039461213,1.933733039461213,19
glucose,RGB_primary,Ridge,2,8,5.0,4.679966079008212,4.679966079008212,19
glucose,RGB_primary,Ridge,2,9,10.0,14.678574691113988,14.678574691113988,19
glucose,RGB_primary,Ridge,2,10,15.0,12.751385756936923,12.751385756936923,19
glucose,RGB_primary,Ridge,2,11,20.0,15.19725649382453,15.19725649382453,19
glucose,RGB_primary,ElasticNet,2,1,0.0,0.3862168665268681,0.3862168665268681,19
glucose,RGB_primary,ElasticNet,2,2,0.01,0.03206555874824334,0.03206555874824334,19
glucose,RGB_primary,ElasticNet,2,3,0.05,0.07372449423121301,0.07372449423121301,19
glucose,RGB_primary,ElasticNet,2,4,0.1,0.24376935138703779,0.24376935138703779,19
glucose,RGB_primary,ElasticNet,2,5,0.5,0.5138533085082151,0.5138533085082151,19
glucose,RGB_primary,ElasticNet,2,6,1.0,0.6152241614390754,0.6152241614390754,19
glucose,RGB_primary,ElasticNet,2,7,2.5,1.922546162312364,1.922546162312364,19
glucose,RGB_primary,ElasticNet,2,8,5.0,4.519634775529629,4.519634775529629,19
glucose,RGB_primary,ElasticNet,2,9,10.0,14.82689196048948,14.82689196048948,19
glucose,RGB_primary,ElasticNet,2,10,15.0,12.733503615838487,12.733503615838487,19
glucose,RGB_primary,ElasticNet,2,11,20.0,14.865818137223746,14.865818137223746,19
glucose,RGB_primary,SVR,2,1,0.0,0.3444340831756775,0.3444340831756775,19
glucose,RGB_primary,SVR,2,2,0.01,0.030609754811268756,0.030609754811268756,19
glucose,RGB_primary,SVR,2,3,0.05,0.05898647435803267,0.05898647435803267,19
glucose,RGB_primary,SVR,2,4,0.1,0.14532909791558318,0.14532909791558318,19
glucose,RGB_primary,SVR,2,5,0.5,0.474838936675486,0.474838936675486,19
glucose,RGB_primary,SVR,2,6,1.0,0.5289279211963078,0.5289279211963078,19
glucose,RGB_primary,SVR,2,7,2.5,2.329903293851341,2.329903293851341,19
glucose,RGB_primary,SVR,2,8,5.0,4.840051645780887,4.840051645780887,19
glucose,RGB_primary,SVR,2,9,10.0,11.052787274305915,11.052787274305915,19
glucose,RGB_primary,SVR,2,10,15.0,14.96329660769493,14.96329660769493,19
glucose,RGB_primary,SVR,2,11,20.0,17.386745057653872,17.386745057653872,19
glucose,RGB_primary,RandomForest,2,1,0.0,0.3133015873015874,0.3133015873015874,19
glucose,RGB_primary,RandomForest,2,2,0.01,0.07440333333333317,0.07440333333333317,19
glucose,RGB_primary,RandomForest,2,3,0.05,0.0683111111111111,0.0683111111111111,19
glucose,RGB_primary,RandomForest,2,4,0.1,0.12928333333333344,0.12928333333333344,19
glucose,RGB_primary,RandomForest,2,5,0.5,0.4897777777777778,0.4897777777777778,19
glucose,RGB_primary,RandomForest,2,6,1.0,0.6176666666666665,0.6176666666666665,19
glucose,RGB_primary,RandomForest,2,7,2.5,2.5166666666666666,2.5166666666666666,19
glucose,RGB_primary,RandomForest,2,8,5.0,4.816666666666666,4.816666666666666,19
glucose,RGB_primary,RandomForest,2,9,10.0,11.433333333333334,11.433333333333334,19
glucose,RGB_primary,RandomForest,2,10,15.0,14.783333333333333,14.783333333333333,19
glucose,RGB_primary,RandomForest,2,11,20.0,18.966666666666665,18.966666666666665,19
glucose,RGB_primary,ExtraTrees,2,1,0.0,0.1892666666666667,0.1892666666666667,19
glucose,RGB_primary,ExtraTrees,2,2,0.01,0.08108888888888872,0.08108888888888872,19
glucose,RGB_primary,ExtraTrees,2,3,0.05,0.04999999999999988,0.04999999999999988,19
glucose,RGB_primary,ExtraTrees,2,4,0.1,0.09999999999999976,0.09999999999999976,19
glucose,RGB_primary,ExtraTrees,2,5,0.5,0.45666666666666667,0.45666666666666667,19
glucose,RGB_primary,ExtraTrees,2,6,1.0,0.5633333333333331,0.5633333333333331,19
glucose,RGB_primary,ExtraTrees,2,7,2.5,2.5,2.5,19
glucose,RGB_primary,ExtraTrees,2,8,5.0,4.883333333333334,4.883333333333334,19
glucose,RGB_primary,ExtraTrees,2,9,10.0,10.9,10.9,19
glucose,RGB_primary,ExtraTrees,2,10,15.0,15.0,15.0,19
glucose,RGB_primary,ExtraTrees,2,11,20.0,18.8,18.8,19
glucose,HSV_primary,Ridge,2,1,0.0,0.3827160147567668,0.3827160147567668,19
glucose,HSV_primary,Ridge,2,2,0.01,-0.0136629610712126,0.0,19
glucose,HSV_primary,Ridge,2,3,0.05,0.034374660301933466,0.034374660301933466,19
glucose,HSV_primary,Ridge,2,4,0.1,0.25404075345617116,0.25404075345617116,19
glucose,HSV_primary,Ridge,2,5,0.5,0.5533071633552415,0.5533071633552415,19
glucose,HSV_primary,Ridge,2,6,1.0,0.5650046857384277,0.5650046857384277,19
glucose,HSV_primary,Ridge,2,7,2.5,2.135304773120156,2.135304773120156,19
glucose,HSV_primary,Ridge,2,8,5.0,5.224565282629494,5.224565282629494,19
glucose,HSV_primary,Ridge,2,9,10.0,12.869190446022047,12.869190446022047,19
glucose,HSV_primary,Ridge,2,10,15.0,14.120340127657395,14.120340127657395,19
glucose,HSV_primary,Ridge,2,11,20.0,15.095249737438351,15.095249737438351,19
glucose,HSV_primary,ElasticNet,2,1,0.0,0.3799661190439346,0.3799661190439346,19
glucose,HSV_primary,ElasticNet,2,2,0.01,-0.014001453352336742,0.0,19
glucose,HSV_primary,ElasticNet,2,3,0.05,0.029278627282459363,0.029278627282459363,19
glucose,HSV_primary,ElasticNet,2,4,0.1,0.24758689702744824,0.24758689702744824,19
glucose,HSV_primary,ElasticNet,2,5,0.5,0.5543667373049783,0.5543667373049783,19
glucose,HSV_primary,ElasticNet,2,6,1.0,0.5634699531835972,0.5634699531835972,19
glucose,HSV_primary,ElasticNet,2,7,2.5,2.1440103510939816,2.1440103510939816,19
glucose,HSV_primary,ElasticNet,2,8,5.0,5.218642649007793,5.218642649007793,19
glucose,HSV_primary,ElasticNet,2,9,10.0,12.849858590841448,12.849858590841448,19
glucose,HSV_primary,ElasticNet,2,10,15.0,14.105129488790757,14.105129488790757,19
glucose,HSV_primary,ElasticNet,2,11,20.0,15.007109923411019,15.007109923411019,19
glucose,HSV_primary,SVR,2,1,0.0,0.27890038958862906,0.27890038958862906,19
glucose,HSV_primary,SVR,2,2,0.01,0.03687123554954841,0.03687123554954841,19
glucose,HSV_primary,SVR,2,3,0.05,0.04193082606128318,0.04193082606128318,19
glucose,HSV_primary,SVR,2,4,0.1,0.13822984412206107,0.13822984412206107,19
glucose,HSV_primary,SVR,2,5,0.5,0.46799244444985977,0.46799244444985977,19
glucose,HSV_primary,SVR,2,6,1.0,0.5698499413049545,0.5698499413049545,19
glucose,HSV_primary,SVR,2,7,2.5,2.533213943012913,2.533213943012913,19
glucose,HSV_primary,SVR,2,8,5.0,4.971872674504835,4.971872674504835,19
glucose,HSV_primary,SVR,2,9,10.0,10.016602177672016,10.016602177672016,19
glucose,HSV_primary,SVR,2,10,15.0,14.514365910435256,14.514365910435256,19
glucose,HSV_primary,SVR,2,11,20.0,19.178789504914125,19.178789504914125,19
glucose,HSV_primary,RandomForest,2,1,0.0,0.36303086419824565,0.36303086419824565,19
glucose,HSV_primary,RandomForest,2,2,0.01,0.03797206588783016,0.03797206588783016,19
glucose,HSV_primary,RandomForest,2,3,0.05,0.04400600663085639,0.04400600663085639,19
glucose,HSV_primary,RandomForest,2,4,0.1,0.08132866663637191,0.08132866663637191,19
glucose,HSV_primary,RandomForest,2,5,0.5,0.5447008356560576,0.5447008356560576,19
glucose,HSV_primary,RandomForest,2,6,1.0,0.6210156922811663,0.6210156922811663,19
glucose,HSV_primary,RandomForest,2,7,2.5,2.5,2.5,19
glucose,HSV_primary,RandomForest,2,8,5.0,5.0,5.0,19
glucose,HSV_primary,RandomForest,2,9,10.0,10.0,10.0,19
glucose,HSV_primary,RandomForest,2,10,15.0,14.954835526878341,14.954835526878341,19
glucose,HSV_primary,RandomForest,2,11,20.0,19.011111111111113,19.011111111111113,19
glucose,HSV_primary,ExtraTrees,2,1,0.0,0.32940000000000036,0.32940000000000036,19
glucose,HSV_primary,ExtraTrees,2,2,0.01,0.029999999999999905,0.029999999999999905,19
glucose,HSV_primary,ExtraTrees,2,3,0.05,0.048133333333333216,0.048133333333333216,19
glucose,HSV_primary,ExtraTrees,2,4,0.1,0.0901333333333332,0.0901333333333332,19
glucose,HSV_primary,ExtraTrees,2,5,0.5,0.52,0.52,19
glucose,HSV_primary,ExtraTrees,2,6,1.0,0.66,0.66,19
glucose,HSV_primary,ExtraTrees,2,7,2.5,2.5,2.5,19
glucose,HSV_primary,ExtraTrees,2,8,5.0,5.0,5.0,19
glucose,HSV_primary,ExtraTrees,2,9,10.0,10.0,10.0,19
glucose,HSV_primary,ExtraTrees,2,10,15.0,14.933333333333334,14.933333333333334,19
glucose,HSV_primary,ExtraTrees,2,11,20.0,19.366666666666667,19.366666666666667,19
glucose,RGB_HSV_combined,Ridge,2,1,0.0,0.4276033555462388,0.4276033555462388,19
glucose,RGB_HSV_combined,Ridge,2,2,0.01,-0.0032828369257346837,0.0,19
glucose,RGB_HSV_combined,Ridge,2,3,0.05,0.007028954184535622,0.007028954184535622,19
glucose,RGB_HSV_combined,Ridge,2,4,0.1,0.2376464070698471,0.2376464070698471,19
glucose,RGB_HSV_combined,Ridge,2,5,0.5,0.5742942641441857,0.5742942641441857,19
glucose,RGB_HSV_combined,Ridge,2,6,1.0,0.5929825909119208,0.5929825909119208,19
glucose,RGB_HSV_combined,Ridge,2,7,2.5,2.3282085264838424,2.3282085264838424,19
glucose,RGB_HSV_combined,Ridge,2,8,5.0,5.226646386801001,5.226646386801001,19
glucose,RGB_HSV_combined,Ridge,2,9,10.0,12.345875056188676,12.345875056188676,19
glucose,RGB_HSV_combined,Ridge,2,10,15.0,13.769735825600467,13.769735825600467,19
glucose,RGB_HSV_combined,Ridge,2,11,20.0,15.650095507803332,15.650095507803332,19
glucose,RGB_HSV_combined,ElasticNet,2,1,0.0,0.41120676514517795,0.41120676514517795,19
glucose,RGB_HSV_combined,ElasticNet,2,2,0.01,0.002458026501344923,0.002458026501344923,19
glucose,RGB_HSV_combined,ElasticNet,2,3,0.05,0.02117494035704385,0.02117494035704385,19
glucose,RGB_HSV_combined,ElasticNet,2,4,0.1,0.24692236591331862,0.24692236591331862,19
glucose,RGB_HSV_combined,ElasticNet,2,5,0.5,0.5748635382663916,0.5748635382663916,19
glucose,RGB_HSV_combined,ElasticNet,2,6,1.0,0.5708806864014346,0.5708806864014346,19
glucose,RGB_HSV_combined,ElasticNet,2,7,2.5,2.2671758700637015,2.2671758700637015,19
glucose,RGB_HSV_combined,ElasticNet,2,8,5.0,5.184682632427556,5.184682632427556,19
glucose,RGB_HSV_combined,ElasticNet,2,9,10.0,12.426216361609706,12.426216361609706,19
glucose,RGB_HSV_combined,ElasticNet,2,10,15.0,13.725529591013158,13.725529591013158,19
glucose,RGB_HSV_combined,ElasticNet,2,11,20.0,15.44162458587006,15.44162458587006,19
glucose,RGB_HSV_combined,SVR,2,1,0.0,0.28346694254660015,0.28346694254660015,19
glucose,RGB_HSV_combined,SVR,2,2,0.01,0.02790367228681995,0.02790367228681995,19
glucose,RGB_HSV_combined,SVR,2,3,0.05,0.04218100791156228,0.04218100791156228,19
glucose,RGB_HSV_combined,SVR,2,4,0.1,0.1112403352204908,0.1112403352204908,19
glucose,RGB_HSV_combined,SVR,2,5,0.5,0.4953112003878616,0.4953112003878616,19
glucose,RGB_HSV_combined,SVR,2,6,1.0,0.5827505024341781,0.5827505024341781,19
glucose,RGB_HSV_combined,SVR,2,7,2.5,2.592029606954728,2.592029606954728,19
glucose,RGB_HSV_combined,SVR,2,8,5.0,4.964018021179791,4.964018021179791,19
glucose,RGB_HSV_combined,SVR,2,9,10.0,10.074619563070547,10.074619563070547,19
glucose,RGB_HSV_combined,SVR,2,10,15.0,13.89802364509432,13.89802364509432,19
glucose,RGB_HSV_combined,SVR,2,11,20.0,19.250798220270955,19.250798220270955,19
glucose,RGB_HSV_combined,RandomForest,2,1,0.0,0.2955333333333334,0.2955333333333334,19
glucose,RGB_HSV_combined,RandomForest,2,2,0.01,0.029733333333333258,0.029733333333333258,19
glucose,RGB_HSV_combined,RandomForest,2,3,0.05,0.04859999999999988,0.04859999999999988,19
glucose,RGB_HSV_combined,RandomForest,2,4,0.1,0.08666666666666646,0.08666666666666646,19
glucose,RGB_HSV_combined,RandomForest,2,5,0.5,0.5381333333333334,0.5381333333333334,19
glucose,RGB_HSV_combined,RandomForest,2,6,1.0,0.6633333333333333,0.6633333333333333,19
glucose,RGB_HSV_combined,RandomForest,2,7,2.5,2.5,2.5,19
glucose,RGB_HSV_combined,RandomForest,2,8,5.0,5.0,5.0,19
glucose,RGB_HSV_combined,RandomForest,2,9,10.0,10.0,10.0,19
glucose,RGB_HSV_combined,RandomForest,2,10,15.0,14.966666666666667,14.966666666666667,19
glucose,RGB_HSV_combined,RandomForest,2,11,20.0,19.033333333333335,19.033333333333335,19
glucose,RGB_HSV_combined,ExtraTrees,2,1,0.0,0.3317333333333337,0.3317333333333337,19
glucose,RGB_HSV_combined,ExtraTrees,2,2,0.01,0.021866666666666607,0.021866666666666607,19
glucose,RGB_HSV_combined,ExtraTrees,2,3,0.05,0.04946666666666655,0.04946666666666655,19
glucose,RGB_HSV_combined,ExtraTrees,2,4,0.1,0.11499999999999994,0.11499999999999994,19
glucose,RGB_HSV_combined,ExtraTrees,2,5,0.5,0.49666666666666676,0.49666666666666676,19
glucose,RGB_HSV_combined,ExtraTrees,2,6,1.0,0.6933333333333334,0.6933333333333334,19
glucose,RGB_HSV_combined,ExtraTrees,2,7,2.5,2.5,2.5,19
glucose,RGB_HSV_combined,ExtraTrees,2,8,5.0,5.0,5.0,19
glucose,RGB_HSV_combined,ExtraTrees,2,9,10.0,10.033333333333333,10.033333333333333,19
glucose,RGB_HSV_combined,ExtraTrees,2,10,15.0,14.933333333333334,14.933333333333334,19
glucose,RGB_HSV_combined,ExtraTrees,2,11,20.0,19.266666666666666,19.266666666666666,19
glucose,Chromaticity_secondary,ExtraTrees,2,1,0.0,0.36727737230311464,0.36727737230311464,19
glucose,Chromaticity_secondary,ExtraTrees,2,2,0.01,0.036493677545812904,0.036493677545812904,19
glucose,Chromaticity_secondary,ExtraTrees,2,3,0.05,0.040837219042139994,0.040837219042139994,19
glucose,Chromaticity_secondary,ExtraTrees,2,4,0.1,0.07863527219709038,0.07863527219709038,19
glucose,Chromaticity_secondary,ExtraTrees,2,5,0.5,0.4418988882806262,0.4418988882806262,19
glucose,Chromaticity_secondary,ExtraTrees,2,6,1.0,0.650193759965181,0.650193759965181,19
glucose,Chromaticity_secondary,ExtraTrees,2,7,2.5,2.5000000000000173,2.5000000000000173,19
glucose,Chromaticity_secondary,ExtraTrees,2,8,5.0,5.0,5.0,19
glucose,Chromaticity_secondary,ExtraTrees,2,9,10.0,10.027511867041277,10.027511867041277,19
glucose,Chromaticity_secondary,ExtraTrees,2,10,15.0,15.116446752298934,15.116446752298934,19
glucose,Chromaticity_secondary,ExtraTrees,2,11,20.0,17.4637092940337,17.4637092940337,19
glucose,Background_adjusted_secondary,ExtraTrees,2,1,0.0,0.2838666666666667,0.2838666666666667,19
glucose,Background_adjusted_secondary,ExtraTrees,2,2,0.01,0.06306666666666653,0.06306666666666653,19
glucose,Background_adjusted_secondary,ExtraTrees,2,3,0.05,0.10853333333333325,0.10853333333333325,19
glucose,Background_adjusted_secondary,ExtraTrees,2,4,0.1,0.21233333333333373,0.21233333333333373,19
glucose,Background_adjusted_secondary,ExtraTrees,2,5,0.5,0.4466666666666669,0.4466666666666669,19
glucose,Background_adjusted_secondary,ExtraTrees,2,6,1.0,0.7989999999999998,0.7989999999999998,19
glucose,Background_adjusted_secondary,ExtraTrees,2,7,2.5,2.533333333333333,2.533333333333333,19
glucose,Background_adjusted_secondary,ExtraTrees,2,8,5.0,4.983333333333333,4.983333333333333,19
glucose,Background_adjusted_secondary,ExtraTrees,2,9,10.0,12.3,12.3,19
glucose,Background_adjusted_secondary,ExtraTrees,2,10,15.0,14.400066666666667,14.400066666666667,19
glucose,Background_adjusted_secondary,ExtraTrees,2,11,20.0,17.75,17.75,19
glucose,Background_negative_control,ExtraTrees,2,1,0.0,0.8869718995626388,0.8869718995626388,19
glucose,Background_negative_control,ExtraTrees,2,2,0.01,0.10785273759870735,0.10785273759870735,19
glucose,Background_negative_control,ExtraTrees,2,3,0.05,0.7248151913569265,0.7248151913569265,19
glucose,Background_negative_control,ExtraTrees,2,4,0.1,1.0000000000000018,1.0000000000000018,19
glucose,Background_negative_control,ExtraTrees,2,5,0.5,1.6072242967419825,1.6072242967419825,19
glucose,Background_negative_control,ExtraTrees,2,6,1.0,0.6386425412012904,0.6386425412012904,19
glucose,Background_negative_control,ExtraTrees,2,7,2.5,3.536421015211948,3.536421015211948,19
glucose,Background_negative_control,ExtraTrees,2,8,5.0,2.0470941248795094,2.0470941248795094,19
glucose,Background_negative_control,ExtraTrees,2,9,10.0,6.395265159791636,6.395265159791636,19
glucose,Background_negative_control,ExtraTrees,2,10,15.0,3.0953450221584298,3.0953450221584298,19
glucose,Background_negative_control,ExtraTrees,2,11,20.0,8.78053520534473,8.78053520534473,19
glucose,Baseline,DummyMean,3,1,0.0,4.923636363636363,4.923636363636363,19
glucose,Baseline,DummyMean,3,2,0.01,4.923636363636363,4.923636363636363,19
glucose,Baseline,DummyMean,3,3,0.05,4.923636363636363,4.923636363636363,19
glucose,Baseline,DummyMean,3,4,0.1,4.923636363636363,4.923636363636363,19
glucose,Baseline,DummyMean,3,5,0.5,4.923636363636363,4.923636363636363,19
glucose,Baseline,DummyMean,3,6,1.0,4.923636363636363,4.923636363636363,19
glucose,Baseline,DummyMean,3,7,2.5,4.923636363636363,4.923636363636363,19
glucose,Baseline,DummyMean,3,8,5.0,4.923636363636363,4.923636363636363,19
glucose,Baseline,DummyMean,3,9,10.0,4.923636363636363,4.923636363636363,19
glucose,Baseline,DummyMean,3,10,15.0,4.923636363636363,4.923636363636363,19
glucose,Baseline,DummyMean,3,11,20.0,4.923636363636363,4.923636363636363,19
glucose,RGB_primary,Ridge,3,1,0.0,0.3590560753168618,0.3590560753168618,19
glucose,RGB_primary,Ridge,3,2,0.01,0.07194164316449438,0.07194164316449438,19
glucose,RGB_primary,Ridge,3,3,0.05,0.04818938792655787,0.04818938792655787,19
glucose,RGB_primary,Ridge,3,4,0.1,0.19983238408258577,0.19983238408258577,19
glucose,RGB_primary,Ridge,3,5,0.5,0.48672703561352254,0.48672703561352254,19
glucose,RGB_primary,Ridge,3,6,1.0,0.40175863086197067,0.40175863086197067,19
glucose,RGB_primary,Ridge,3,7,2.5,1.9167529223338353,1.9167529223338353,19
glucose,RGB_primary,Ridge,3,8,5.0,4.986945210288085,4.986945210288085,19
glucose,RGB_primary,Ridge,3,9,10.0,16.283867955736017,16.283867955736017,19
glucose,RGB_primary,Ridge,3,10,15.0,12.464280685646289,12.464280685646289,19
glucose,RGB_primary,Ridge,3,11,20.0,15.96693258620078,15.96693258620078,19
glucose,RGB_primary,ElasticNet,3,1,0.0,0.3684887048551988,0.3684887048551988,19
glucose,RGB_primary,ElasticNet,3,2,0.01,0.08138352111302763,0.08138352111302763,19
glucose,RGB_primary,ElasticNet,3,3,0.05,0.058360498414126674,0.058360498414126674,19
glucose,RGB_primary,ElasticNet,3,4,0.1,0.20066251751439973,0.20066251751439973,19
glucose,RGB_primary,ElasticNet,3,5,0.5,0.488893336944968,0.488893336944968,19
glucose,RGB_primary,ElasticNet,3,6,1.0,0.4067119196255821,0.4067119196255821,19
glucose,RGB_primary,ElasticNet,3,7,2.5,1.9374027469982664,1.9374027469982664,19
glucose,RGB_primary,ElasticNet,3,8,5.0,4.873927162758281,4.873927162758281,19
glucose,RGB_primary,ElasticNet,3,9,10.0,16.336035348127215,16.336035348127215,19
glucose,RGB_primary,ElasticNet,3,10,15.0,12.26451668015432,12.26451668015432,19
glucose,RGB_primary,ElasticNet,3,11,20.0,15.637086248731851,15.637086248731851,19
glucose,RGB_primary,SVR,3,1,0.0,0.3232314093536609,0.3232314093536609,19
glucose,RGB_primary,SVR,3,2,0.01,0.032631406307213444,0.032631406307213444,19
glucose,RGB_primary,SVR,3,3,0.05,0.03498630924029648,0.03498630924029648,19
glucose,RGB_primary,SVR,3,4,0.1,0.10616985174911317,0.10616985174911317,19
glucose,RGB_primary,SVR,3,5,0.5,0.4506799325554321,0.4506799325554321,19
glucose,RGB_primary,SVR,3,6,1.0,0.288246238113583,0.288246238113583,19
glucose,RGB_primary,SVR,3,7,2.5,2.1904799968136337,2.1904799968136337,19
glucose,RGB_primary,SVR,3,8,5.0,5.071400281525608,5.071400281525608,19
glucose,RGB_primary,SVR,3,9,10.0,11.52832504470037,11.52832504470037,19
glucose,RGB_primary,SVR,3,10,15.0,15.287669945469322,15.287669945469322,19
glucose,RGB_primary,SVR,3,11,20.0,18.00624332852902,18.00624332852902,19
glucose,RGB_primary,RandomForest,3,1,0.0,0.25969808886012774,0.25969808886012774,19
glucose,RGB_primary,RandomForest,3,2,0.01,0.039393256132673464,0.039393256132673464,19
glucose,RGB_primary,RandomForest,3,3,0.05,0.05251973955124299,0.05251973955124299,19
glucose,RGB_primary,RandomForest,3,4,0.1,0.07485879245660551,0.07485879245660551,19
glucose,RGB_primary,RandomForest,3,5,0.5,0.44679448463422616,0.44679448463422616,19
glucose,RGB_primary,RandomForest,3,6,1.0,0.5105851487650621,0.5105851487650621,19
glucose,RGB_primary,RandomForest,3,7,2.5,2.434956012278814,2.434956012278814,19
glucose,RGB_primary,RandomForest,3,8,5.0,4.935667791252031,4.935667791252031,19
glucose,RGB_primary,RandomForest,3,9,10.0,10.700822238690428,10.700822238690428,19
glucose,RGB_primary,RandomForest,3,10,15.0,15.280660766410634,15.280660766410634,19
glucose,RGB_primary,RandomForest,3,11,20.0,18.983147713766066,18.983147713766066,19
glucose,RGB_primary,ExtraTrees,3,1,0.0,0.28038175587626074,0.28038175587626074,19
glucose,RGB_primary,ExtraTrees,3,2,0.01,0.03807615268378477,0.03807615268378477,19
glucose,RGB_primary,ExtraTrees,3,3,0.05,0.050000000000000114,0.050000000000000114,19
glucose,RGB_primary,ExtraTrees,3,4,0.1,0.057570981532502896,0.057570981532502896,19
glucose,RGB_primary,ExtraTrees,3,5,0.5,0.4399347566492186,0.4399347566492186,19
glucose,RGB_primary,ExtraTrees,3,6,1.0,0.5000000000000018,0.5000000000000018,19
glucose,RGB_primary,ExtraTrees,3,7,2.5,2.460681945382053,2.460681945382053,19
glucose,RGB_primary,ExtraTrees,3,8,5.0,4.935667791252031,4.935667791252031,19
glucose,RGB_primary,ExtraTrees,3,9,10.0,10.278235833447203,10.278235833447203,19
glucose,RGB_primary,ExtraTrees,3,10,15.0,15.000000000000064,15.000000000000064,19
glucose,RGB_primary,ExtraTrees,3,11,20.0,19.16460430397221,19.16460430397221,19
glucose,HSV_primary,Ridge,3,1,0.0,0.31027357925587995,0.31027357925587995,19
glucose,HSV_primary,Ridge,3,2,0.01,-0.012496123745949085,0.0,19
glucose,HSV_primary,Ridge,3,3,0.05,0.02280861811792435,0.02280861811792435,19
glucose,HSV_primary,Ridge,3,4,0.1,0.19106258373405002,0.19106258373405002,19
glucose,HSV_primary,Ridge,3,5,0.5,0.5127790592526627,0.5127790592526627,19
glucose,HSV_primary,Ridge,3,6,1.0,0.42963999561960764,0.42963999561960764,19
glucose,HSV_primary,Ridge,3,7,2.5,2.0714292314231533,2.0714292314231533,19
glucose,HSV_primary,Ridge,3,8,5.0,6.506972145182897,6.506972145182897,19
glucose,HSV_primary,Ridge,3,9,10.0,13.110843589476406,13.110843589476406,19
glucose,HSV_primary,Ridge,3,10,15.0,14.325616785104726,14.325616785104726,19
glucose,HSV_primary,Ridge,3,11,20.0,14.880125637156786,14.880125637156786,19
glucose,HSV_primary,ElasticNet,3,1,0.0,0.3059822702304471,0.3059822702304471,19
glucose,HSV_primary,ElasticNet,3,2,0.01,-0.012452534979510987,0.0,19
glucose,HSV_primary,ElasticNet,3,3,0.05,0.023340382306868458,0.023340382306868458,19
glucose,HSV_primary,ElasticNet,3,4,0.1,0.18886747081177419,0.18886747081177419,19
glucose,HSV_primary,ElasticNet,3,5,0.5,0.5134217761991631,0.5134217761991631,19
glucose,HSV_primary,ElasticNet,3,6,1.0,0.42915974250746747,0.42915974250746747,19
glucose,HSV_primary,ElasticNet,3,7,2.5,2.0782400517878887,2.0782400517878887,19
glucose,HSV_primary,ElasticNet,3,8,5.0,6.523868165409968,6.523868165409968,19
glucose,HSV_primary,ElasticNet,3,9,10.0,13.119850744905584,13.119850744905584,19
glucose,HSV_primary,ElasticNet,3,10,15.0,14.281406242043278,14.281406242043278,19
glucose,HSV_primary,ElasticNet,3,11,20.0,14.803230682686904,14.803230682686904,19
glucose,HSV_primary,SVR,3,1,0.0,0.23792777894017902,0.23792777894017902,19
glucose,HSV_primary,SVR,3,2,0.01,0.02577255251390209,0.02577255251390209,19
glucose,HSV_primary,SVR,3,3,0.05,0.03612400397765647,0.03612400397765647,19
glucose,HSV_primary,SVR,3,4,0.1,0.05369265225786446,0.05369265225786446,19
glucose,HSV_primary,SVR,3,5,0.5,0.5589397313135454,0.5589397313135454,19
glucose,HSV_primary,SVR,3,6,1.0,0.4335921110407259,0.4335921110407259,19
glucose,HSV_primary,SVR,3,7,2.5,2.5583723509699485,2.5583723509699485,19
glucose,HSV_primary,SVR,3,8,5.0,4.984482594644156,4.984482594644156,19
glucose,HSV_primary,SVR,3,9,10.0,10.352849781338554,10.352849781338554,19
glucose,HSV_primary,SVR,3,10,15.0,16.345934926873866,16.345934926873866,19
glucose,HSV_primary,SVR,3,11,20.0,19.88194409979068,19.88194409979068,19
glucose,HSV_primary,RandomForest,3,1,0.0,0.32200000000000006,0.32200000000000006,19
glucose,HSV_primary,RandomForest,3,2,0.01,0.02979999999999991,0.02979999999999991,19
glucose,HSV_primary,RandomForest,3,3,0.05,0.04253333333333322,0.04253333333333322,19
glucose,HSV_primary,RandomForest,3,4,0.1,0.06853333333333315,0.06853333333333315,19
glucose,HSV_primary,RandomForest,3,5,0.5,0.5166666666666667,0.5166666666666667,19
glucose,HSV_primary,RandomForest,3,6,1.0,0.6366666666666667,0.6366666666666667,19
glucose,HSV_primary,RandomForest,3,7,2.5,2.5,2.5,19
glucose,HSV_primary,RandomForest,3,8,5.0,5.0,5.0,19
glucose,HSV_primary,RandomForest,3,9,10.0,10.0,10.0,19
glucose,HSV_primary,RandomForest,3,10,15.0,15.433333333333334,15.433333333333334,19
glucose,HSV_primary,RandomForest,3,11,20.0,19.866666666666667,19.866666666666667,19
glucose,HSV_primary,ExtraTrees,3,1,0.0,0.29126255470452317,0.29126255470452317,19
glucose,HSV_primary,ExtraTrees,3,2,0.01,0.030872959104921913,0.030872959104921913,19
glucose,HSV_primary,ExtraTrees,3,3,0.05,0.03572316941921222,0.03572316941921222,19
glucose,HSV_primary,ExtraTrees,3,4,0.1,0.08573878451637588,0.08573878451637588,19
glucose,HSV_primary,ExtraTrees,3,5,0.5,0.4947766342471295,0.4947766342471295,19
glucose,HSV_primary,ExtraTrees,3,6,1.0,0.5925607613483528,0.5925607613483528,19
glucose,HSV_primary,ExtraTrees,3,7,2.5,2.5000000000000173,2.5000000000000173,19
glucose,HSV_primary,ExtraTrees,3,8,5.0,5.0,5.0,19
glucose,HSV_primary,ExtraTrees,3,9,10.0,10.000000000000046,10.000000000000046,19
glucose,HSV_primary,ExtraTrees,3,10,15.0,15.116446752298934,15.116446752298934,19
glucose,HSV_primary,ExtraTrees,3,11,20.0,19.62272294290856,19.62272294290856,19
glucose,RGB_HSV_combined,Ridge,3,1,0.0,0.4443266322542788,0.4443266322542788,19
glucose,RGB_HSV_combined,Ridge,3,2,0.01,0.0030389723586962034,0.0030389723586962034,19
glucose,RGB_HSV_combined,Ridge,3,3,0.05,-0.04449614786836761,0.0,19
glucose,RGB_HSV_combined,Ridge,3,4,0.1,0.16112574105499683,0.16112574105499683,19
glucose,RGB_HSV_combined,Ridge,3,5,0.5,0.5794131405807141,0.5794131405807141,19
glucose,RGB_HSV_combined,Ridge,3,6,1.0,0.44689839256964065,0.44689839256964065,19
glucose,RGB_HSV_combined,Ridge,3,7,2.5,2.3393095061901708,2.3393095061901708,19
glucose,RGB_HSV_combined,Ridge,3,8,5.0,5.513669699979225,5.513669699979225,19
glucose,RGB_HSV_combined,Ridge,3,9,10.0,12.930062783853215,12.930062783853215,19
glucose,RGB_HSV_combined,Ridge,3,10,15.0,14.417034298413212,14.417034298413212,19
glucose,RGB_HSV_combined,Ridge,3,11,20.0,16.690553867517565,16.690553867517565,19
glucose,RGB_HSV_combined,ElasticNet,3,1,0.0,0.4031652366200381,0.4031652366200381,19
glucose,RGB_HSV_combined,ElasticNet,3,2,0.01,-0.009410657417164483,0.0,19
glucose,RGB_HSV_combined,ElasticNet,3,3,0.05,-0.032422219080457636,0.0,19
glucose,RGB_HSV_combined,ElasticNet,3,4,0.1,0.15467582849213557,0.15467582849213557,19
glucose,RGB_HSV_combined,ElasticNet,3,5,0.5,0.5429737159180112,0.5429737159180112,19
glucose,RGB_HSV_combined,ElasticNet,3,6,1.0,0.4257985067594571,0.4257985067594571,19
glucose,RGB_HSV_combined,ElasticNet,3,7,2.5,2.294084583864704,2.294084583864704,19
glucose,RGB_HSV_combined,ElasticNet,3,8,5.0,5.838988939327233,5.838988939327233,19
glucose,RGB_HSV_combined,ElasticNet,3,9,10.0,13.025380779233519,13.025380779233519,19
glucose,RGB_HSV_combined,ElasticNet,3,10,15.0,14.182418894952946,14.182418894952946,19
glucose,RGB_HSV_combined,ElasticNet,3,11,20.0,15.71949534042404,15.71949534042404,19
glucose,RGB_HSV_combined,SVR,3,1,0.0,0.27099647033341445,0.27099647033341445,19
glucose,RGB_HSV_combined,SVR,3,2,0.01,0.02579641624999973,0.02579641624999973,19
glucose,RGB_HSV_combined,SVR,3,3,0.05,0.039192466726683306,0.039192466726683306,19
glucose,RGB_HSV_combined,SVR,3,4,0.1,0.052856703212884014,0.052856703212884014,19
glucose,RGB_HSV_combined,SVR,3,5,0.5,0.4721171276620014,0.4721171276620014,19
glucose,RGB_HSV_combined,SVR,3,6,1.0,0.4338372167565565,0.4338372167565565,19
glucose,RGB_HSV_combined,SVR,3,7,2.5,2.5070304006331754,2.5070304006331754,19
glucose,RGB_HSV_combined,SVR,3,8,5.0,4.996222521253383,4.996222521253383,19
glucose,RGB_HSV_combined,SVR,3,9,10.0,10.009486900157746,10.009486900157746,19
glucose,RGB_HSV_combined,SVR,3,10,15.0,15.871735872583361,15.871735872583361,19
glucose,RGB_HSV_combined,SVR,3,11,20.0,19.950870962750255,19.950870962750255,19
glucose,RGB_HSV_combined,RandomForest,3,1,0.0,0.2621106383675926,0.2621106383675926,19
glucose,RGB_HSV_combined,RandomForest,3,2,0.01,0.028414743747952047,0.028414743747952047,19
glucose,RGB_HSV_combined,RandomForest,3,3,0.05,0.03998851721345654,0.03998851721345654,19
glucose,RGB_HSV_combined,RandomForest,3,4,0.1,0.07829129054376638,0.07829129054376638,19
glucose,RGB_HSV_combined,RandomForest,3,5,0.5,0.4718842799663243,0.4718842799663243,19
glucose,RGB_HSV_combined,RandomForest,3,6,1.0,0.5685740811872224,0.5685740811872224,19
glucose,RGB_HSV_combined,RandomForest,3,7,2.5,2.5000000000000155,2.5000000000000155,19
glucose,RGB_HSV_combined,RandomForest,3,8,5.0,5.0,5.0,19
glucose,RGB_HSV_combined,RandomForest,3,9,10.0,10.000000000000046,10.000000000000046,19
glucose,RGB_HSV_combined,RandomForest,3,10,15.0,15.23374099498037,15.23374099498037,19
glucose,RGB_HSV_combined,RandomForest,3,11,20.0,19.660143610285168,19.660143610285168,19
glucose,RGB_HSV_combined,ExtraTrees,3,1,0.0,0.307,0.307,19
glucose,RGB_HSV_combined,ExtraTrees,3,2,0.01,0.0321999999999999,0.0321999999999999,19
glucose,RGB_HSV_combined,ExtraTrees,3,3,0.05,0.04206666666666655,0.04206666666666655,19
glucose,RGB_HSV_combined,ExtraTrees,3,4,0.1,0.08099999999999984,0.08099999999999984,19
glucose,RGB_HSV_combined,ExtraTrees,3,5,0.5,0.5133333333333333,0.5133333333333333,19
glucose,RGB_HSV_combined,ExtraTrees,3,6,1.0,0.6539999999999999,0.6539999999999999,19
glucose,RGB_HSV_combined,ExtraTrees,3,7,2.5,2.5,2.5,19
glucose,RGB_HSV_combined,ExtraTrees,3,8,5.0,5.0,5.0,19
glucose,RGB_HSV_combined,ExtraTrees,3,9,10.0,10.0,10.0,19
glucose,RGB_HSV_combined,ExtraTrees,3,10,15.0,15.033333333333333,15.033333333333333,19
glucose,RGB_HSV_combined,ExtraTrees,3,11,20.0,19.7,19.7,19
glucose,Chromaticity_secondary,ExtraTrees,3,1,0.0,0.3116260707388883,0.3116260707388883,19
glucose,Chromaticity_secondary,ExtraTrees,3,2,0.01,0.038196338993988374,0.038196338993988374,19
glucose,Chromaticity_secondary,ExtraTrees,3,3,0.05,0.04187523232070771,0.04187523232070771,19
glucose,Chromaticity_secondary,ExtraTrees,3,4,0.1,0.07559527404734523,0.07559527404734523,19
glucose,Chromaticity_secondary,ExtraTrees,3,5,0.5,0.47870156870862973,0.47870156870862973,19
glucose,Chromaticity_secondary,ExtraTrees,3,6,1.0,0.5554475247992079,0.5554475247992079,19
glucose,Chromaticity_secondary,ExtraTrees,3,7,2.5,2.5000000000000173,2.5000000000000173,19
glucose,Chromaticity_secondary,ExtraTrees,3,8,5.0,5.0,5.0,19
glucose,Chromaticity_secondary,ExtraTrees,3,9,10.0,10.05509254343052,10.05509254343052,19
glucose,Chromaticity_secondary,ExtraTrees,3,10,15.0,15.756672404456236,15.756672404456236,19
glucose,Chromaticity_secondary,ExtraTrees,3,11,20.0,18.214991032655398,18.214991032655398,19
glucose,Background_adjusted_secondary,ExtraTrees,3,1,0.0,0.32666666666666666,0.32666666666666666,19
glucose,Background_adjusted_secondary,ExtraTrees,3,2,0.01,0.052199999999999885,0.052199999999999885,19
glucose,Background_adjusted_secondary,ExtraTrees,3,3,0.05,0.09099999999999983,0.09099999999999983,19
glucose,Background_adjusted_secondary,ExtraTrees,3,4,0.1,0.14460000000000023,0.14460000000000023,19
glucose,Background_adjusted_secondary,ExtraTrees,3,5,0.5,0.53,0.53,19
glucose,Background_adjusted_secondary,ExtraTrees,3,6,1.0,0.4473333333333328,0.4473333333333328,19
glucose,Background_adjusted_secondary,ExtraTrees,3,7,2.5,2.485,2.485,19
glucose,Background_adjusted_secondary,ExtraTrees,3,8,5.0,5.0,5.0,19
glucose,Background_adjusted_secondary,ExtraTrees,3,9,10.0,11.6,11.6,19
glucose,Background_adjusted_secondary,ExtraTrees,3,10,15.0,15.0,15.0,19
glucose,Background_adjusted_secondary,ExtraTrees,3,11,20.0,16.066666666666666,16.066666666666666,19
glucose,Background_negative_control,ExtraTrees,3,1,0.0,1.9310945887139561,1.9310945887139561,19
glucose,Background_negative_control,ExtraTrees,3,2,0.01,0.4245025213121965,0.4245025213121965,19
glucose,Background_negative_control,ExtraTrees,3,3,0.05,1.2192696571875663,1.2192696571875663,19
glucose,Background_negative_control,ExtraTrees,3,4,0.1,1.0192862222346624,1.0192862222346624,19
glucose,Background_negative_control,ExtraTrees,3,5,0.5,3.14587703464068,3.14587703464068,19
glucose,Background_negative_control,ExtraTrees,3,6,1.0,1.0780880485566278,1.0780880485566278,19
glucose,Background_negative_control,ExtraTrees,3,7,2.5,3.5384215899258677,3.5384215899258677,19
glucose,Background_negative_control,ExtraTrees,3,8,5.0,1.623020261980522,1.623020261980522,19
glucose,Background_negative_control,ExtraTrees,3,9,10.0,3.0647869517471724,3.0647869517471724,19
glucose,Background_negative_control,ExtraTrees,3,10,15.0,4.051054534768775,4.051054534768775,19
glucose,Background_negative_control,ExtraTrees,3,11,20.0,2.897802673287069,2.897802673287069,19
glucose,Baseline,DummyMean,4,1,0.0,4.923636363636363,4.923636363636363,19
glucose,Baseline,DummyMean,4,2,0.01,4.923636363636363,4.923636363636363,19
glucose,Baseline,DummyMean,4,3,0.05,4.923636363636363,4.923636363636363,19
glucose,Baseline,DummyMean,4,4,0.1,4.923636363636363,4.923636363636363,19
glucose,Baseline,DummyMean,4,5,0.5,4.923636363636363,4.923636363636363,19
glucose,Baseline,DummyMean,4,6,1.0,4.923636363636363,4.923636363636363,19
glucose,Baseline,DummyMean,4,7,2.5,4.923636363636363,4.923636363636363,19
glucose,Baseline,DummyMean,4,8,5.0,4.923636363636363,4.923636363636363,19
glucose,Baseline,DummyMean,4,9,10.0,4.923636363636363,4.923636363636363,19
glucose,Baseline,DummyMean,4,10,15.0,4.923636363636363,4.923636363636363,19
glucose,Baseline,DummyMean,4,11,20.0,4.923636363636363,4.923636363636363,19
glucose,RGB_primary,Ridge,4,1,0.0,0.2911716989944258,0.2911716989944258,19
glucose,RGB_primary,Ridge,4,2,0.01,0.0356617102826197,0.0356617102826197,19
glucose,RGB_primary,Ridge,4,3,0.05,0.10298494755295128,0.10298494755295128,19
glucose,RGB_primary,Ridge,4,4,0.1,0.1916147700549379,0.1916147700549379,19
glucose,RGB_primary,Ridge,4,5,0.5,0.5748481609539478,0.5748481609539478,19
glucose,RGB_primary,Ridge,4,6,1.0,0.42075055428968705,0.42075055428968705,19
glucose,RGB_primary,Ridge,4,7,2.5,2.107027214155633,2.107027214155633,19
glucose,RGB_primary,Ridge,4,8,5.0,4.857177792970126,4.857177792970126,19
glucose,RGB_primary,Ridge,4,9,10.0,15.01230272503939,15.01230272503939,19
glucose,RGB_primary,Ridge,4,10,15.0,13.170776024561714,13.170776024561714,19
glucose,RGB_primary,Ridge,4,11,20.0,14.608058877921666,14.608058877921666,19
glucose,RGB_primary,ElasticNet,4,1,0.0,0.30811734175725836,0.30811734175725836,19
glucose,RGB_primary,ElasticNet,4,2,0.01,0.04862065645542989,0.04862065645542989,19
glucose,RGB_primary,ElasticNet,4,3,0.05,0.11292856863749955,0.11292856863749955,19
glucose,RGB_primary,ElasticNet,4,4,0.1,0.18609517642047615,0.18609517642047615,19
glucose,RGB_primary,ElasticNet,4,5,0.5,0.5879523647993012,0.5879523647993012,19
glucose,RGB_primary,ElasticNet,4,6,1.0,0.4349561858562013,0.4349561858562013,19
glucose,RGB_primary,ElasticNet,4,7,2.5,2.1307733309029593,2.1307733309029593,19
glucose,RGB_primary,ElasticNet,4,8,5.0,4.6829499891431885,4.6829499891431885,19
glucose,RGB_primary,ElasticNet,4,9,10.0,14.955246313136012,14.955246313136012,19
glucose,RGB_primary,ElasticNet,4,10,15.0,13.125716585114258,13.125716585114258,19
glucose,RGB_primary,ElasticNet,4,11,20.0,14.268798195545129,14.268798195545129,19
glucose,RGB_primary,SVR,4,1,0.0,0.3014502405030813,0.3014502405030813,19
glucose,RGB_primary,SVR,4,2,0.01,0.022105276007545995,0.022105276007545995,19
glucose,RGB_primary,SVR,4,3,0.05,0.053150096678516744,0.053150096678516744,19
glucose,RGB_primary,SVR,4,4,0.1,0.0778746391662091,0.0778746391662091,19
glucose,RGB_primary,SVR,4,5,0.5,0.5111261583980462,0.5111261583980462,19
glucose,RGB_primary,SVR,4,6,1.0,0.41342445465747524,0.41342445465747524,19
glucose,RGB_primary,SVR,4,7,2.5,2.4764791116423543,2.4764791116423543,19
glucose,RGB_primary,SVR,4,8,5.0,5.011206700270428,5.011206700270428,19
glucose,RGB_primary,SVR,4,9,10.0,11.465957736319053,11.465957736319053,19
glucose,RGB_primary,SVR,4,10,15.0,15.217757588211832,15.217757588211832,19
glucose,RGB_primary,SVR,4,11,20.0,19.540314628446403,19.540314628446403,19
glucose,RGB_primary,RandomForest,4,1,0.0,0.23493333333333344,0.23493333333333344,19
glucose,RGB_primary,RandomForest,4,2,0.01,0.09353333333333311,0.09353333333333311,19
glucose,RGB_primary,RandomForest,4,3,0.05,0.06262222222222223,0.06262222222222223,19
glucose,RGB_primary,RandomForest,4,4,0.1,0.09199999999999987,0.09199999999999987,19
glucose,RGB_primary,RandomForest,4,5,0.5,0.5136666666666666,0.5136666666666666,19
glucose,RGB_primary,RandomForest,4,6,1.0,0.610133333333333,0.610133333333333,19
glucose,RGB_primary,RandomForest,4,7,2.5,2.5,2.5,19
glucose,RGB_primary,RandomForest,4,8,5.0,4.8,4.8,19
glucose,RGB_primary,RandomForest,4,9,10.0,10.2,10.2,19
glucose,RGB_primary,RandomForest,4,10,15.0,15.2,15.2,19
glucose,RGB_primary,RandomForest,4,11,20.0,18.8,18.8,19
glucose,RGB_primary,ExtraTrees,4,1,0.0,0.20736804525640545,0.20736804525640545,19
glucose,RGB_primary,ExtraTrees,4,2,0.01,0.05879194342367719,0.05879194342367719,19
glucose,RGB_primary,ExtraTrees,4,3,0.05,0.050000000000000114,0.050000000000000114,19
glucose,RGB_primary,ExtraTrees,4,4,0.1,0.10000000000000035,0.10000000000000035,19
glucose,RGB_primary,ExtraTrees,4,5,0.5,0.5000000000000018,0.5000000000000018,19
glucose,RGB_primary,ExtraTrees,4,6,1.0,0.5766936071332995,0.5766936071332995,19
glucose,RGB_primary,ExtraTrees,4,7,2.5,2.5000000000000164,2.5000000000000164,19
glucose,RGB_primary,ExtraTrees,4,8,5.0,4.831735831549885,4.831735831549885,19
glucose,RGB_primary,ExtraTrees,4,9,10.0,10.166106790882539,10.166106790882539,19
glucose,RGB_primary,ExtraTrees,4,10,15.0,15.000000000000064,15.000000000000064,19
glucose,RGB_primary,ExtraTrees,4,11,20.0,19.20902284100217,19.20902284100217,19
glucose,HSV_primary,Ridge,4,1,0.0,0.3107103793623081,0.3107103793623081,19
glucose,HSV_primary,Ridge,4,2,0.01,-0.009391649341056477,0.0,19
glucose,HSV_primary,Ridge,4,3,0.05,0.057957992416419586,0.057957992416419586,19
glucose,HSV_primary,Ridge,4,4,0.1,0.23728605826763804,0.23728605826763804,19
glucose,HSV_primary,Ridge,4,5,0.5,0.6034848480964743,0.6034848480964743,19
glucose,HSV_primary,Ridge,4,6,1.0,0.44288196563542864,0.44288196563542864,19
glucose,HSV_primary,Ridge,4,7,2.5,2.1528976024773856,2.1528976024773856,19
glucose,HSV_primary,Ridge,4,8,5.0,5.628783895353012,5.628783895353012,19
glucose,HSV_primary,Ridge,4,9,10.0,12.669233018858845,12.669233018858845,19
glucose,HSV_primary,Ridge,4,10,15.0,14.239509824815412,14.239509824815412,19
glucose,HSV_primary,Ridge,4,11,20.0,14.898081794413049,14.898081794413049,19
glucose,HSV_primary,ElasticNet,4,1,0.0,0.3137769862247079,0.3137769862247079,19
glucose,HSV_primary,ElasticNet,4,2,0.01,-0.005901624276275749,0.0,19
glucose,HSV_primary,ElasticNet,4,3,0.05,0.05987089037798892,0.05987089037798892,19
glucose,HSV_primary,ElasticNet,4,4,0.1,0.23414515065125546,0.23414515065125546,19
glucose,HSV_primary,ElasticNet,4,5,0.5,0.6073302395002689,0.6073302395002689,19
glucose,HSV_primary,ElasticNet,4,6,1.0,0.4425108340012415,0.4425108340012415,19
glucose,HSV_primary,ElasticNet,4,7,2.5,2.156917615905803,2.156917615905803,19
glucose,HSV_primary,ElasticNet,4,8,5.0,5.669287327829472,5.669287327829472,19
glucose,HSV_primary,ElasticNet,4,9,10.0,12.670192760355905,12.670192760355905,19
glucose,HSV_primary,ElasticNet,4,10,15.0,14.204656766854988,14.204656766854988,19
glucose,HSV_primary,ElasticNet,4,11,20.0,14.817448286453711,14.817448286453711,19
glucose,HSV_primary,SVR,4,1,0.0,0.20457577411047367,0.20457577411047367,19
glucose,HSV_primary,SVR,4,2,0.01,0.037119025284320095,0.037119025284320095,19
glucose,HSV_primary,SVR,4,3,0.05,0.02984511886614083,0.02984511886614083,19
glucose,HSV_primary,SVR,4,4,0.1,0.07276661746865987,0.07276661746865987,19
glucose,HSV_primary,SVR,4,5,0.5,0.5140831625482667,0.5140831625482667,19
glucose,HSV_primary,SVR,4,6,1.0,0.45715459622532517,0.45715459622532517,19
glucose,HSV_primary,SVR,4,7,2.5,2.580285129733208,2.580285129733208,19
glucose,HSV_primary,SVR,4,8,5.0,5.029633644248511,5.029633644248511,19
glucose,HSV_primary,SVR,4,9,10.0,9.97913656097019,9.97913656097019,19
glucose,HSV_primary,SVR,4,10,15.0,16.641932192469163,16.641932192469163,19
glucose,HSV_primary,SVR,4,11,20.0,19.942575799912746,19.942575799912746,19
glucose,HSV_primary,RandomForest,4,1,0.0,0.28400000000000003,0.28400000000000003,19
glucose,HSV_primary,RandomForest,4,2,0.01,0.0327999999999999,0.0327999999999999,19
glucose,HSV_primary,RandomForest,4,3,0.05,0.04919999999999988,0.04919999999999988,19
glucose,HSV_primary,RandomForest,4,4,0.1,0.08933333333333314,0.08933333333333314,19
glucose,HSV_primary,RandomForest,4,5,0.5,0.4902000000000001,0.4902000000000001,19
glucose,HSV_primary,RandomForest,4,6,1.0,0.5266666666666666,0.5266666666666666,19
glucose,HSV_primary,RandomForest,4,7,2.5,2.5,2.5,19
glucose,HSV_primary,RandomForest,4,8,5.0,5.0,5.0,19
glucose,HSV_primary,RandomForest,4,9,10.0,10.0,10.0,19
glucose,HSV_primary,RandomForest,4,10,15.0,15.4,15.4,19
glucose,HSV_primary,RandomForest,4,11,20.0,19.6,19.6,19
glucose,HSV_primary,ExtraTrees,4,1,0.0,0.37333333333333335,0.37333333333333335,19
glucose,HSV_primary,ExtraTrees,4,2,0.01,0.03846666666666656,0.03846666666666656,19
glucose,HSV_primary,ExtraTrees,4,3,0.05,0.04919999999999988,0.04919999999999988,19
glucose,HSV_primary,ExtraTrees,4,4,0.1,0.0825333333333332,0.0825333333333332,19
glucose,HSV_primary,ExtraTrees,4,5,0.5,0.49666666666666665,0.49666666666666665,19
glucose,HSV_primary,ExtraTrees,4,6,1.0,0.57,0.57,19
glucose,HSV_primary,ExtraTrees,4,7,2.5,2.5,2.5,19
glucose,HSV_primary,ExtraTrees,4,8,5.0,5.0,5.0,19
glucose,HSV_primary,ExtraTrees,4,9,10.0,10.033333333333333,10.033333333333333,19
glucose,HSV_primary,ExtraTrees,4,10,15.0,15.066666666666666,15.066666666666666,19
glucose,HSV_primary,ExtraTrees,4,11,20.0,19.666666666666668,19.666666666666668,19
glucose,RGB_HSV_combined,Ridge,4,1,0.0,0.3236259744807442,0.3236259744807442,19
glucose,RGB_HSV_combined,Ridge,4,2,0.01,-0.005748711148730591,0.0,19
glucose,RGB_HSV_combined,Ridge,4,3,0.05,0.02173955662367572,0.02173955662367572,19
glucose,RGB_HSV_combined,Ridge,4,4,0.1,0.23540067824768296,0.23540067824768296,19
glucose,RGB_HSV_combined,Ridge,4,5,0.5,0.6077755498725199,0.6077755498725199,19
glucose,RGB_HSV_combined,Ridge,4,6,1.0,0.43218844270152673,0.43218844270152673,19
glucose,RGB_HSV_combined,Ridge,4,7,2.5,2.279361836610386,2.279361836610386,19
glucose,RGB_HSV_combined,Ridge,4,8,5.0,5.0832478857210655,5.0832478857210655,19
glucose,RGB_HSV_combined,Ridge,4,9,10.0,12.778496619932314,12.778496619932314,19
glucose,RGB_HSV_combined,Ridge,4,10,15.0,14.141252611019297,14.141252611019297,19
glucose,RGB_HSV_combined,Ridge,4,11,20.0,15.922527589075521,15.922527589075521,19
glucose,RGB_HSV_combined,ElasticNet,4,1,0.0,0.30621544677728785,0.30621544677728785,19
glucose,RGB_HSV_combined,ElasticNet,4,2,0.01,-0.0034173401583602104,0.0,19
glucose,RGB_HSV_combined,ElasticNet,4,3,0.05,0.02547845166914201,0.02547845166914201,19
glucose,RGB_HSV_combined,ElasticNet,4,4,0.1,0.23960500406246862,0.23960500406246862,19
glucose,RGB_HSV_combined,ElasticNet,4,5,0.5,0.6160703535901613,0.6160703535901613,19
glucose,RGB_HSV_combined,ElasticNet,4,6,1.0,0.4257868273522805,0.4257868273522805,19
glucose,RGB_HSV_combined,ElasticNet,4,7,2.5,2.2604786199443825,2.2604786199443825,19
glucose,RGB_HSV_combined,ElasticNet,4,8,5.0,5.300124589662495,5.300124589662495,19
glucose,RGB_HSV_combined,ElasticNet,4,9,10.0,12.74406911970776,12.74406911970776,19
glucose,RGB_HSV_combined,ElasticNet,4,10,15.0,13.911526435898343,13.911526435898343,19
glucose,RGB_HSV_combined,ElasticNet,4,11,20.0,15.635739546873811,15.635739546873811,19
glucose,RGB_HSV_combined,SVR,4,1,0.0,0.21148033431921842,0.21148033431921842,19
glucose,RGB_HSV_combined,SVR,4,2,0.01,0.026821237823943633,0.026821237823943633,19
glucose,RGB_HSV_combined,SVR,4,3,0.05,0.03367568502152096,0.03367568502152096,19
glucose,RGB_HSV_combined,SVR,4,4,0.1,0.04493452312990076,0.04493452312990076,19
glucose,RGB_HSV_combined,SVR,4,5,0.5,0.5004665642984714,0.5004665642984714,19
glucose,RGB_HSV_combined,SVR,4,6,1.0,0.4455206446638451,0.4455206446638451,19
glucose,RGB_HSV_combined,SVR,4,7,2.5,2.6329537168199773,2.6329537168199773,19
glucose,RGB_HSV_combined,SVR,4,8,5.0,4.991395962787069,4.991395962787069,19
glucose,RGB_HSV_combined,SVR,4,9,10.0,10.055041778923574,10.055041778923574,19
glucose,RGB_HSV_combined,SVR,4,10,15.0,16.40714860263597,16.40714860263597,19
glucose,RGB_HSV_combined,SVR,4,11,20.0,19.953629711808027,19.953629711808027,19
glucose,RGB_HSV_combined,RandomForest,4,1,0.0,0.304,0.304,19
glucose,RGB_HSV_combined,RandomForest,4,2,0.01,0.038666666666666544,0.038666666666666544,19
glucose,RGB_HSV_combined,RandomForest,4,3,0.05,0.04873333333333321,0.04873333333333321,19
glucose,RGB_HSV_combined,RandomForest,4,4,0.1,0.08866666666666648,0.08866666666666648,19
glucose,RGB_HSV_combined,RandomForest,4,5,0.5,0.49,0.49,19
glucose,RGB_HSV_combined,RandomForest,4,6,1.0,0.5633333333333334,0.5633333333333334,19
glucose,RGB_HSV_combined,RandomForest,4,7,2.5,2.5,2.5,19
glucose,RGB_HSV_combined,RandomForest,4,8,5.0,5.0,5.0,19
glucose,RGB_HSV_combined,RandomForest,4,9,10.0,10.0,10.0,19
glucose,RGB_HSV_combined,RandomForest,4,10,15.0,15.133333333333333,15.133333333333333,19
glucose,RGB_HSV_combined,RandomForest,4,11,20.0,19.7,19.7,19
glucose,RGB_HSV_combined,ExtraTrees,4,1,0.0,0.35259999999999997,0.35259999999999997,19
glucose,RGB_HSV_combined,ExtraTrees,4,2,0.01,0.04446666666666655,0.04446666666666655,19
glucose,RGB_HSV_combined,ExtraTrees,4,3,0.05,0.048133333333333216,0.048133333333333216,19
glucose,RGB_HSV_combined,ExtraTrees,4,4,0.1,0.08733333333333312,0.08733333333333312,19
glucose,RGB_HSV_combined,ExtraTrees,4,5,0.5,0.49666666666666665,0.49666666666666665,19
glucose,RGB_HSV_combined,ExtraTrees,4,6,1.0,0.5466666666666666,0.5466666666666666,19
glucose,RGB_HSV_combined,ExtraTrees,4,7,2.5,2.5,2.5,19
glucose,RGB_HSV_combined,ExtraTrees,4,8,5.0,5.0,5.0,19
glucose,RGB_HSV_combined,ExtraTrees,4,9,10.0,10.033333333333333,10.033333333333333,19
glucose,RGB_HSV_combined,ExtraTrees,4,10,15.0,15.1,15.1,19
glucose,RGB_HSV_combined,ExtraTrees,4,11,20.0,19.766666666666666,19.766666666666666,19
glucose,Chromaticity_secondary,ExtraTrees,4,1,0.0,0.23336544661164738,0.23336544661164738,19
glucose,Chromaticity_secondary,ExtraTrees,4,2,0.01,0.02851103255367361,0.02851103255367361,19
glucose,Chromaticity_secondary,ExtraTrees,4,3,0.05,0.049456383105651945,0.049456383105651945,19
glucose,Chromaticity_secondary,ExtraTrees,4,4,0.1,0.09398528603355048,0.09398528603355048,19
glucose,Chromaticity_secondary,ExtraTrees,4,5,0.5,0.45212485276616443,0.45212485276616443,19
glucose,Chromaticity_secondary,ExtraTrees,4,6,1.0,0.372076495904534,0.372076495904534,19
glucose,Chromaticity_secondary,ExtraTrees,4,7,2.5,2.5000000000000173,2.5000000000000173,19
glucose,Chromaticity_secondary,ExtraTrees,4,8,5.0,5.0,5.0,19
glucose,Chromaticity_secondary,ExtraTrees,4,9,10.0,10.435160951263509,10.435160951263509,19
glucose,Chromaticity_secondary,ExtraTrees,4,10,15.0,17.03365180243629,17.03365180243629,19
glucose,Chromaticity_secondary,ExtraTrees,4,11,20.0,17.23088083984972,17.23088083984972,19
glucose,Background_adjusted_secondary,ExtraTrees,4,1,0.0,0.2974744545629759,0.2974744545629759,19
glucose,Background_adjusted_secondary,ExtraTrees,4,2,0.01,0.052268262617625474,0.052268262617625474,19
glucose,Background_adjusted_secondary,ExtraTrees,4,3,0.05,0.12969899268432433,0.12969899268432433,19
glucose,Background_adjusted_secondary,ExtraTrees,4,4,0.1,0.09002990238940053,0.09002990238940053,19
glucose,Background_adjusted_secondary,ExtraTrees,4,5,0.5,0.29420151590349763,0.29420151590349763,19
glucose,Background_adjusted_secondary,ExtraTrees,4,6,1.0,0.484369536428408,0.484369536428408,19
glucose,Background_adjusted_secondary,ExtraTrees,4,7,2.5,2.4673254884674307,2.4673254884674307,19
glucose,Background_adjusted_secondary,ExtraTrees,4,8,5.0,5.0,5.0,19
glucose,Background_adjusted_secondary,ExtraTrees,4,9,10.0,11.969946274739883,11.969946274739883,19
glucose,Background_adjusted_secondary,ExtraTrees,4,10,15.0,14.664308643926434,14.664308643926434,19
glucose,Background_adjusted_secondary,ExtraTrees,4,11,20.0,17.432004004415557,17.432004004415557,19
glucose,Background_negative_control,ExtraTrees,4,1,0.0,1.5643106936513362,1.5643106936513362,19
glucose,Background_negative_control,ExtraTrees,4,2,0.01,0.5385146080128949,0.5385146080128949,19
glucose,Background_negative_control,ExtraTrees,4,3,0.05,1.5643106936513362,1.5643106936513362,19
glucose,Background_negative_control,ExtraTrees,4,4,0.1,1.0000000000000018,1.0000000000000018,19
glucose,Background_negative_control,ExtraTrees,4,5,0.5,0.8115521117588422,0.8115521117588422,19
glucose,Background_negative_control,ExtraTrees,4,6,1.0,1.0000000000000018,1.0000000000000018,19
glucose,Background_negative_control,ExtraTrees,4,7,2.5,1.9870820826652413,1.9870820826652413,19
glucose,Background_negative_control,ExtraTrees,4,8,5.0,2.5000000000000164,2.5000000000000164,19
glucose,Background_negative_control,ExtraTrees,4,9,10.0,10.000000000000046,10.000000000000046,19
glucose,Background_negative_control,ExtraTrees,4,10,15.0,3.575431498775192,3.575431498775192,19
glucose,Background_negative_control,ExtraTrees,4,11,20.0,4.126759261188079,4.126759261188079,19
glucose,Baseline,DummyMean,5,1,0.0,4.923636363636363,4.923636363636363,19
glucose,Baseline,DummyMean,5,2,0.01,4.923636363636363,4.923636363636363,19
glucose,Baseline,DummyMean,5,3,0.05,4.923636363636363,4.923636363636363,19
glucose,Baseline,DummyMean,5,4,0.1,4.923636363636363,4.923636363636363,19
glucose,Baseline,DummyMean,5,5,0.5,4.923636363636363,4.923636363636363,19
glucose,Baseline,DummyMean,5,6,1.0,4.923636363636363,4.923636363636363,19
glucose,Baseline,DummyMean,5,7,2.5,4.923636363636363,4.923636363636363,19
glucose,Baseline,DummyMean,5,8,5.0,4.923636363636363,4.923636363636363,19
glucose,Baseline,DummyMean,5,9,10.0,4.923636363636363,4.923636363636363,19
glucose,Baseline,DummyMean,5,10,15.0,4.923636363636363,4.923636363636363,19
glucose,Baseline,DummyMean,5,11,20.0,4.923636363636363,4.923636363636363,19
glucose,RGB_primary,Ridge,5,1,0.0,0.40871613982721045,0.40871613982721045,19
glucose,RGB_primary,Ridge,5,2,0.01,0.005742271456475016,0.005742271456475016,19
glucose,RGB_primary,Ridge,5,3,0.05,0.059172284476147696,0.059172284476147696,19
glucose,RGB_primary,Ridge,5,4,0.1,0.23543813153422927,0.23543813153422927,19
glucose,RGB_primary,Ridge,5,5,0.5,0.5389467053782873,0.5389467053782873,19
glucose,RGB_primary,Ridge,5,6,1.0,0.5852933050672753,0.5852933050672753,19
glucose,RGB_primary,Ridge,5,7,2.5,1.7994170427747762,1.7994170427747762,19
glucose,RGB_primary,Ridge,5,8,5.0,4.981362978961513,4.981362978961513,19
glucose,RGB_primary,Ridge,5,9,10.0,15.031325553513629,15.031325553513629,19
glucose,RGB_primary,Ridge,5,10,15.0,11.842529826043872,11.842529826043872,19
glucose,RGB_primary,Ridge,5,11,20.0,15.16199661031478,15.16199661031478,19
glucose,RGB_primary,ElasticNet,5,1,0.0,0.43283878102482043,0.43283878102482043,19
glucose,RGB_primary,ElasticNet,5,2,0.01,0.02087110645708048,0.02087110645708048,19
glucose,RGB_primary,ElasticNet,5,3,0.05,0.06477729663604054,0.06477729663604054,19
glucose,RGB_primary,ElasticNet,5,4,0.1,0.22827522596937141,0.22827522596937141,19
glucose,RGB_primary,ElasticNet,5,5,0.5,0.558318605476789,0.558318605476789,19
glucose,RGB_primary,ElasticNet,5,6,1.0,0.5758519006056035,0.5758519006056035,19
glucose,RGB_primary,ElasticNet,5,7,2.5,1.7896813522625177,1.7896813522625177,19
glucose,RGB_primary,ElasticNet,5,8,5.0,4.860026321496421,4.860026321496421,19
glucose,RGB_primary,ElasticNet,5,9,10.0,15.262921558271369,15.262921558271369,19
glucose,RGB_primary,ElasticNet,5,10,15.0,12.000912279005531,12.000912279005531,19
glucose,RGB_primary,ElasticNet,5,11,20.0,14.776238570535979,14.776238570535979,19
glucose,RGB_primary,SVR,5,1,0.0,0.35672351136301994,0.35672351136301994,19
glucose,RGB_primary,SVR,5,2,0.01,0.014687493008296427,0.014687493008296427,19
glucose,RGB_primary,SVR,5,3,0.05,0.010993702408008222,0.010993702408008222,19
glucose,RGB_primary,SVR,5,4,0.1,0.1572620922764216,0.1572620922764216,19
glucose,RGB_primary,SVR,5,5,0.5,0.5036157256264995,0.5036157256264995,19
glucose,RGB_primary,SVR,5,6,1.0,0.5400326747383604,0.5400326747383604,19
glucose,RGB_primary,SVR,5,7,2.5,2.3770218782614982,2.3770218782614982,19
glucose,RGB_primary,SVR,5,8,5.0,5.310917926661783,5.310917926661783,19
glucose,RGB_primary,SVR,5,9,10.0,10.89807167513447,10.89807167513447,19
glucose,RGB_primary,SVR,5,10,15.0,14.334804376198512,14.334804376198512,19
glucose,RGB_primary,SVR,5,11,20.0,17.877815809355436,17.877815809355436,19
glucose,RGB_primary,RandomForest,5,1,0.0,0.34568600833776797,0.34568600833776797,19
glucose,RGB_primary,RandomForest,5,2,0.01,0.040257466110745904,0.040257466110745904,19
glucose,RGB_primary,RandomForest,5,3,0.05,0.060754459629801943,0.060754459629801943,19
glucose,RGB_primary,RandomForest,5,4,0.1,0.1454788007616151,0.1454788007616151,19
glucose,RGB_primary,RandomForest,5,5,0.5,0.531681978834444,0.531681978834444,19
glucose,RGB_primary,RandomForest,5,6,1.0,0.5486452230638381,0.5486452230638381,19
glucose,RGB_primary,RandomForest,5,7,2.5,2.5125992078903803,2.5125992078903803,19
glucose,RGB_primary,RandomForest,5,8,5.0,4.87202535468446,4.87202535468446,19
glucose,RGB_primary,RandomForest,5,9,10.0,10.749456303249202,10.749456303249202,19
glucose,RGB_primary,RandomForest,5,10,15.0,14.661306198999846,14.661306198999846,19
glucose,RGB_primary,RandomForest,5,11,20.0,19.403707675734108,19.403707675734108,19
glucose,RGB_primary,ExtraTrees,5,1,0.0,0.2224888423750887,0.2224888423750887,19
glucose,RGB_primary,ExtraTrees,5,2,0.01,0.029805806936434025,0.029805806936434025,19
glucose,RGB_primary,ExtraTrees,5,3,0.05,0.050000000000000114,0.050000000000000114,19
glucose,RGB_primary,ExtraTrees,5,4,0.1,0.10000000000000035,0.10000000000000035,19
glucose,RGB_primary,ExtraTrees,5,5,0.5,0.5000000000000018,0.5000000000000018,19
glucose,RGB_primary,ExtraTrees,5,6,1.0,0.5146241250373391,0.5146241250373391,19
glucose,RGB_primary,ExtraTrees,5,7,2.5,2.5501815626936013,2.5501815626936013,19
glucose,RGB_primary,ExtraTrees,5,8,5.0,4.9562160428200075,4.9562160428200075,19
glucose,RGB_primary,ExtraTrees,5,9,10.0,10.166106790882539,10.166106790882539,19
glucose,RGB_primary,ExtraTrees,5,10,15.0,15.000000000000064,15.000000000000064,19
glucose,RGB_primary,ExtraTrees,5,11,20.0,19.392377198703446,19.392377198703446,19
glucose,HSV_primary,Ridge,5,1,0.0,0.3857794647308524,0.3857794647308524,19
glucose,HSV_primary,Ridge,5,2,0.01,-0.055055598536033444,0.0,19
glucose,HSV_primary,Ridge,5,3,0.05,0.03863519128940647,0.03863519128940647,19
glucose,HSV_primary,Ridge,5,4,0.1,0.22270249653622248,0.22270249653622248,19
glucose,HSV_primary,Ridge,5,5,0.5,0.5179126043801046,0.5179126043801046,19
glucose,HSV_primary,Ridge,5,6,1.0,0.5022431023345013,0.5022431023345013,19
glucose,HSV_primary,Ridge,5,7,2.5,1.9474876069528686,1.9474876069528686,19
glucose,HSV_primary,Ridge,5,8,5.0,6.514810356549691,6.514810356549691,19
glucose,HSV_primary,Ridge,5,9,10.0,12.396812970375786,12.396812970375786,19
glucose,HSV_primary,Ridge,5,10,15.0,14.081162464604903,14.081162464604903,19
glucose,HSV_primary,Ridge,5,11,20.0,15.058409465613941,15.058409465613941,19
glucose,HSV_primary,ElasticNet,5,1,0.0,0.38340989981207035,0.38340989981207035,19
glucose,HSV_primary,ElasticNet,5,2,0.01,-0.05398926197311557,0.0,19
glucose,HSV_primary,ElasticNet,5,3,0.05,0.0412965371116491,0.0412965371116491,19
glucose,HSV_primary,ElasticNet,5,4,0.1,0.21946950571091223,0.21946950571091223,19
glucose,HSV_primary,ElasticNet,5,5,0.5,0.5152950852425964,0.5152950852425964,19
glucose,HSV_primary,ElasticNet,5,6,1.0,0.5045412989754932,0.5045412989754932,19
glucose,HSV_primary,ElasticNet,5,7,2.5,1.9667471036374944,1.9667471036374944,19
glucose,HSV_primary,ElasticNet,5,8,5.0,6.534440908879652,6.534440908879652,19
glucose,HSV_primary,ElasticNet,5,9,10.0,12.379365393481962,12.379365393481962,19
glucose,HSV_primary,ElasticNet,5,10,15.0,14.128574501246307,14.128574501246307,19
glucose,HSV_primary,ElasticNet,5,11,20.0,15.010286727388117,15.010286727388117,19
glucose,HSV_primary,SVR,5,1,0.0,0.28157616329142215,0.28157616329142215,19
glucose,HSV_primary,SVR,5,2,0.01,0.020863966148291863,0.020863966148291863,19
glucose,HSV_primary,SVR,5,3,0.05,0.03149136044213189,0.03149136044213189,19
glucose,HSV_primary,SVR,5,4,0.1,0.13368585299134056,0.13368585299134056,19
glucose,HSV_primary,SVR,5,5,0.5,0.465800393026361,0.465800393026361,19
glucose,HSV_primary,SVR,5,6,1.0,0.5355098129162694,0.5355098129162694,19
glucose,HSV_primary,SVR,5,7,2.5,2.476903508674217,2.476903508674217,19
glucose,HSV_primary,SVR,5,8,5.0,5.007112949458402,5.007112949458402,19
glucose,HSV_primary,SVR,5,9,10.0,10.384506213674001,10.384506213674001,19
glucose,HSV_primary,SVR,5,10,15.0,14.956745530758099,14.956745530758099,19
glucose,HSV_primary,SVR,5,11,20.0,19.552009839240707,19.552009839240707,19
glucose,HSV_primary,RandomForest,5,1,0.0,0.1800000000000001,0.1800000000000001,19
glucose,HSV_primary,RandomForest,5,2,0.01,0.026599999999999912,0.026599999999999912,19
glucose,HSV_primary,RandomForest,5,3,0.05,0.048666666666666546,0.048666666666666546,19
glucose,HSV_primary,RandomForest,5,4,0.1,0.09399999999999978,0.09399999999999978,19
glucose,HSV_primary,RandomForest,5,5,0.5,0.5266666666666666,0.5266666666666666,19
glucose,HSV_primary,RandomForest,5,6,1.0,0.5500666666666667,0.5500666666666667,19
glucose,HSV_primary,RandomForest,5,7,2.5,2.5,2.5,19
glucose,HSV_primary,RandomForest,5,8,5.0,5.0,5.0,19
glucose,HSV_primary,RandomForest,5,9,10.0,10.0,10.0,19
glucose,HSV_primary,RandomForest,5,10,15.0,15.066666666666666,15.066666666666666,19
glucose,HSV_primary,RandomForest,5,11,20.0,19.766666666666666,19.766666666666666,19
glucose,HSV_primary,ExtraTrees,5,1,0.0,0.18666666666666668,0.18666666666666668,19
glucose,HSV_primary,ExtraTrees,5,2,0.01,0.02759999999999991,0.02759999999999991,19
glucose,HSV_primary,ExtraTrees,5,3,0.05,0.0457333333333332,0.0457333333333332,19
glucose,HSV_primary,ExtraTrees,5,4,0.1,0.09033333333333315,0.09033333333333315,19
glucose,HSV_primary,ExtraTrees,5,5,0.5,0.5,0.5,19
glucose,HSV_primary,ExtraTrees,5,6,1.0,0.5833333333333334,0.5833333333333334,19
glucose,HSV_primary,ExtraTrees,5,7,2.5,2.5,2.5,19
glucose,HSV_primary,ExtraTrees,5,8,5.0,5.0,5.0,19
glucose,HSV_primary,ExtraTrees,5,9,10.0,10.0,10.0,19
glucose,HSV_primary,ExtraTrees,5,10,15.0,15.033333333333333,15.033333333333333,19
glucose,HSV_primary,ExtraTrees,5,11,20.0,19.633333333333333,19.633333333333333,19
glucose,RGB_HSV_combined,Ridge,5,1,0.0,0.44804081410065255,0.44804081410065255,19
glucose,RGB_HSV_combined,Ridge,5,2,0.01,-0.0658738604404315,0.0,19
glucose,RGB_HSV_combined,Ridge,5,3,0.05,-0.0009528368857255008,0.0,19
glucose,RGB_HSV_combined,Ridge,5,4,0.1,0.18746560688336647,0.18746560688336647,19
glucose,RGB_HSV_combined,Ridge,5,5,0.5,0.5339781702032378,0.5339781702032378,19
glucose,RGB_HSV_combined,Ridge,5,6,1.0,0.4891766350557618,0.4891766350557618,19
glucose,RGB_HSV_combined,Ridge,5,7,2.5,2.280334924452096,2.280334924452096,19
glucose,RGB_HSV_combined,Ridge,5,8,5.0,5.450624093215887,5.450624093215887,19
glucose,RGB_HSV_combined,Ridge,5,9,10.0,12.20011104667777,12.20011104667777,19
glucose,RGB_HSV_combined,Ridge,5,10,15.0,13.559140689205023,13.559140689205023,19
glucose,RGB_HSV_combined,Ridge,5,11,20.0,16.270865798512517,16.270865798512517,19
glucose,RGB_HSV_combined,ElasticNet,5,1,0.0,0.4415908041491124,0.4415908041491124,19
glucose,RGB_HSV_combined,ElasticNet,5,2,0.01,-0.05576600767433572,0.0,19
glucose,RGB_HSV_combined,ElasticNet,5,3,0.05,0.012946481108457562,0.012946481108457562,19
glucose,RGB_HSV_combined,ElasticNet,5,4,0.1,0.18513114424239924,0.18513114424239924,19
glucose,RGB_HSV_combined,ElasticNet,5,5,0.5,0.5322342408821616,0.5322342408821616,19
glucose,RGB_HSV_combined,ElasticNet,5,6,1.0,0.4861461070252712,0.4861461070252712,19
glucose,RGB_HSV_combined,ElasticNet,5,7,2.5,2.187753471711363,2.187753471711363,19
glucose,RGB_HSV_combined,ElasticNet,5,8,5.0,5.731115791700791,5.731115791700791,19
glucose,RGB_HSV_combined,ElasticNet,5,9,10.0,12.31685453314652,12.31685453314652,19
glucose,RGB_HSV_combined,ElasticNet,5,10,15.0,13.613824852612375,13.613824852612375,19
glucose,RGB_HSV_combined,ElasticNet,5,11,20.0,15.867575306881545,15.867575306881545,19
glucose,RGB_HSV_combined,SVR,5,1,0.0,0.26857801858743474,0.26857801858743474,19
glucose,RGB_HSV_combined,SVR,5,2,0.01,0.022556325547292293,0.022556325547292293,19
glucose,RGB_HSV_combined,SVR,5,3,0.05,0.031959846423192786,0.031959846423192786,19
glucose,RGB_HSV_combined,SVR,5,4,0.1,0.11781310245569322,0.11781310245569322,19
glucose,RGB_HSV_combined,SVR,5,5,0.5,0.4685937501643306,0.4685937501643306,19
glucose,RGB_HSV_combined,SVR,5,6,1.0,0.5806271900236808,0.5806271900236808,19
glucose,RGB_HSV_combined,SVR,5,7,2.5,2.4984632705480716,2.4984632705480716,19
glucose,RGB_HSV_combined,SVR,5,8,5.0,5.017607697366325,5.017607697366325,19
glucose,RGB_HSV_combined,SVR,5,9,10.0,10.210532917435694,10.210532917435694,19
glucose,RGB_HSV_combined,SVR,5,10,15.0,14.637994433585035,14.637994433585035,19
glucose,RGB_HSV_combined,SVR,5,11,20.0,19.397990722566448,19.397990722566448,19
glucose,RGB_HSV_combined,RandomForest,5,1,0.0,0.2,0.2,19
glucose,RGB_HSV_combined,RandomForest,5,2,0.01,0.027599999999999916,0.027599999999999916,19
glucose,RGB_HSV_combined,RandomForest,5,3,0.05,0.04793333333333322,0.04793333333333322,19
glucose,RGB_HSV_combined,RandomForest,5,4,0.1,0.09399999999999978,0.09399999999999978,19
glucose,RGB_HSV_combined,RandomForest,5,5,0.5,0.5266666666666666,0.5266666666666666,19
glucose,RGB_HSV_combined,RandomForest,5,6,1.0,0.5533333333333333,0.5533333333333333,19
glucose,RGB_HSV_combined,RandomForest,5,7,2.5,2.5,2.5,19
glucose,RGB_HSV_combined,RandomForest,5,8,5.0,5.0,5.0,19
glucose,RGB_HSV_combined,RandomForest,5,9,10.0,10.0,10.0,19
glucose,RGB_HSV_combined,RandomForest,5,10,15.0,14.866666666666667,14.866666666666667,19
glucose,RGB_HSV_combined,RandomForest,5,11,20.0,19.866666666666667,19.866666666666667,19
glucose,RGB_HSV_combined,ExtraTrees,5,1,0.0,0.14400000000000002,0.14400000000000002,19
glucose,RGB_HSV_combined,ExtraTrees,5,2,0.01,0.026399999999999917,0.026399999999999917,19
glucose,RGB_HSV_combined,ExtraTrees,5,3,0.05,0.04706666666666655,0.04706666666666655,19
glucose,RGB_HSV_combined,ExtraTrees,5,4,0.1,0.09606666666666643,0.09606666666666643,19
glucose,RGB_HSV_combined,ExtraTrees,5,5,0.5,0.49,0.49,19
glucose,RGB_HSV_combined,ExtraTrees,5,6,1.0,0.6434,0.6434,19
glucose,RGB_HSV_combined,ExtraTrees,5,7,2.5,2.5,2.5,19
glucose,RGB_HSV_combined,ExtraTrees,5,8,5.0,5.0,5.0,19
glucose,RGB_HSV_combined,ExtraTrees,5,9,10.0,10.0,10.0,19
glucose,RGB_HSV_combined,ExtraTrees,5,10,15.0,14.966666666666667,14.966666666666667,19
glucose,RGB_HSV_combined,ExtraTrees,5,11,20.0,19.733333333333334,19.733333333333334,19
glucose,Chromaticity_secondary,ExtraTrees,5,1,0.0,0.46,0.46,19
glucose,Chromaticity_secondary,ExtraTrees,5,2,0.01,0.0327999999999999,0.0327999999999999,19
glucose,Chromaticity_secondary,ExtraTrees,5,3,0.05,0.03999999999999989,0.03999999999999989,19
glucose,Chromaticity_secondary,ExtraTrees,5,4,0.1,0.09186666666666649,0.09186666666666649,19
glucose,Chromaticity_secondary,ExtraTrees,5,5,0.5,0.47333333333333333,0.47333333333333333,19
glucose,Chromaticity_secondary,ExtraTrees,5,6,1.0,0.5,0.5,19
glucose,Chromaticity_secondary,ExtraTrees,5,7,2.5,2.5,2.5,19
glucose,Chromaticity_secondary,ExtraTrees,5,8,5.0,5.0,5.0,19
glucose,Chromaticity_secondary,ExtraTrees,5,9,10.0,10.4,10.4,19
glucose,Chromaticity_secondary,ExtraTrees,5,10,15.0,15.566666666666666,15.566666666666666,19
glucose,Chromaticity_secondary,ExtraTrees,5,11,20.0,18.866666666666667,18.866666666666667,19
glucose,Background_adjusted_secondary,ExtraTrees,5,1,0.0,0.41133333333333333,0.41133333333333333,19
glucose,Background_adjusted_secondary,ExtraTrees,5,2,0.01,0.05346666666666656,0.05346666666666656,19
glucose,Background_adjusted_secondary,ExtraTrees,5,3,0.05,0.0826,0.0826,19
glucose,Background_adjusted_secondary,ExtraTrees,5,4,0.1,0.2026666666666671,0.2026666666666671,19
glucose,Background_adjusted_secondary,ExtraTrees,5,5,0.5,0.5006666666666663,0.5006666666666663,19
glucose,Background_adjusted_secondary,ExtraTrees,5,6,1.0,0.7337333333333333,0.7337333333333333,19
glucose,Background_adjusted_secondary,ExtraTrees,5,7,2.5,2.6666666666666665,2.6666666666666665,19
glucose,Background_adjusted_secondary,ExtraTrees,5,8,5.0,5.016666666666667,5.016666666666667,19
glucose,Background_adjusted_secondary,ExtraTrees,5,9,10.0,11.7,11.7,19
glucose,Background_adjusted_secondary,ExtraTrees,5,10,15.0,13.566666666666666,13.566666666666666,19
glucose,Background_adjusted_secondary,ExtraTrees,5,11,20.0,17.866666666666667,17.866666666666667,19
glucose,Background_negative_control,ExtraTrees,5,1,0.0,0.4498009594036008,0.4498009594036008,19
glucose,Background_negative_control,ExtraTrees,5,2,0.01,0.3029056066513026,0.3029056066513026,19
glucose,Background_negative_control,ExtraTrees,5,3,0.05,2.018448605715214,2.018448605715214,19
glucose,Background_negative_control,ExtraTrees,5,4,0.1,0.4802985770560355,0.4802985770560355,19
glucose,Background_negative_control,ExtraTrees,5,5,0.5,2.4070789198731415,2.4070789198731415,19
glucose,Background_negative_control,ExtraTrees,5,6,1.0,0.6166209226160493,0.6166209226160493,19
glucose,Background_negative_control,ExtraTrees,5,7,2.5,2.4070789198731415,2.4070789198731415,19
glucose,Background_negative_control,ExtraTrees,5,8,5.0,2.5000000000000164,2.5000000000000164,19
glucose,Background_negative_control,ExtraTrees,5,9,10.0,6.483314773547875,6.483314773547875,19
glucose,Background_negative_control,ExtraTrees,5,10,15.0,4.673634009512225,4.673634009512225,19
glucose,Background_negative_control,ExtraTrees,5,11,20.0,7.192909512675561,7.192909512675561,19
ketone,Baseline,DummyMean,1,1,0.0,2.0825,2.0825,20
ketone,Baseline,DummyMean,1,2,0.01,2.0825,2.0825,20
ketone,Baseline,DummyMean,1,3,0.05,2.0825,2.0825,20
ketone,Baseline,DummyMean,1,4,0.1,2.0825,2.0825,20
ketone,Baseline,DummyMean,1,5,0.5,2.0825,2.0825,20
ketone,Baseline,DummyMean,1,6,1.0,2.0825,2.0825,20
ketone,Baseline,DummyMean,1,7,5.0,2.0825,2.0825,20
ketone,Baseline,DummyMean,1,8,10.0,2.0825,2.0825,20
ketone,RGB_primary,Ridge,1,1,0.0,-0.15839909284435458,0.0,20
ketone,RGB_primary,Ridge,1,2,0.01,-0.07539138934793274,0.0,20
ketone,RGB_primary,Ridge,1,3,0.05,0.022992350640336057,0.022992350640336057,20
ketone,RGB_primary,Ridge,1,4,0.1,0.03558030842551953,0.03558030842551953,20
ketone,RGB_primary,Ridge,1,5,0.5,0.5720563957807413,0.5720563957807413,20
ketone,RGB_primary,Ridge,1,6,1.0,2.3848646676278227,2.3848646676278227,20
ketone,RGB_primary,Ridge,1,7,5.0,4.590567975396917,4.590567975396917,20
ketone,RGB_primary,Ridge,1,8,10.0,7.281008821691567,7.281008821691567,20
ketone,RGB_primary,ElasticNet,1,1,0.0,-0.15983969845198964,0.0,20
ketone,RGB_primary,ElasticNet,1,2,0.01,-0.07688248151068987,0.0,20
ketone,RGB_primary,ElasticNet,1,3,0.05,0.024405138535422456,0.024405138535422456,20
ketone,RGB_primary,ElasticNet,1,4,0.1,0.0358449918756937,0.0358449918756937,20
ketone,RGB_primary,ElasticNet,1,5,0.5,0.5760388109873791,0.5760388109873791,20
ketone,RGB_primary,ElasticNet,1,6,1.0,2.3767509431099674,2.3767509431099674,20
ketone,RGB_primary,ElasticNet,1,7,5.0,4.567360860994307,4.567360860994307,20
ketone,RGB_primary,ElasticNet,1,8,10.0,7.261723842053791,7.261723842053791,20
ketone,RGB_primary,SVR,1,1,0.0,0.0038860690926001418,0.0038860690926001418,20
ketone,RGB_primary,SVR,1,2,0.01,0.021073854521404867,0.021073854521404867,20
ketone,RGB_primary,SVR,1,3,0.05,0.048405365691559954,0.048405365691559954,20
ketone,RGB_primary,SVR,1,4,0.1,0.06034689885432343,0.06034689885432343,20
ketone,RGB_primary,SVR,1,5,0.5,0.49300854114761306,0.49300854114761306,20
ketone,RGB_primary,SVR,1,6,1.0,1.021921661648693,1.021921661648693,20
ketone,RGB_primary,SVR,1,7,5.0,5.153963325778885,5.153963325778885,20
ketone,RGB_primary,SVR,1,8,10.0,9.96075774113146,9.96075774113146,20
ketone,RGB_primary,RandomForest,1,1,0.0,0.004773265187791272,0.004773265187791272,20
ketone,RGB_primary,RandomForest,1,2,0.01,0.02028712936210746,0.02028712936210746,20
ketone,RGB_primary,RandomForest,1,3,0.05,0.06627432557113147,0.06627432557113147,20
ketone,RGB_primary,RandomForest,1,4,0.1,0.07666776239018869,0.07666776239018869,20
ketone,RGB_primary,RandomForest,1,5,0.5,0.4984508275220205,0.4984508275220205,20
ketone,RGB_primary,RandomForest,1,6,1.0,1.0143520039907246,1.0143520039907246,20
ketone,RGB_primary,RandomForest,1,7,5.0,5.0,5.0,20
ketone,RGB_primary,RandomForest,1,8,10.0,10.00000000000004,10.0,20
ketone,RGB_primary,ExtraTrees,1,1,0.0,0.003123608953943947,0.003123608953943947,20
ketone,RGB_primary,ExtraTrees,1,2,0.01,0.011118969471476654,0.011118969471476654,20
ketone,RGB_primary,ExtraTrees,1,3,0.05,0.07344066760622862,0.07344066760622862,20
ketone,RGB_primary,ExtraTrees,1,4,0.1,0.07827803723964208,0.07827803723964208,20
ketone,RGB_primary,ExtraTrees,1,5,0.5,0.4942238774992908,0.4942238774992908,20
ketone,RGB_primary,ExtraTrees,1,6,1.0,1.0000000000000018,1.0000000000000018,20
ketone,RGB_primary,ExtraTrees,1,7,5.0,5.0,5.0,20
ketone,RGB_primary,ExtraTrees,1,8,10.0,10.000000000000046,10.0,20
ketone,HSV_primary,Ridge,1,1,0.0,0.05763349161124654,0.05763349161124654,20
ketone,HSV_primary,Ridge,1,2,0.01,0.04483243944667972,0.04483243944667972,20
ketone,HSV_primary,Ridge,1,3,0.05,0.07837778460936941,0.07837778460936941,20
ketone,HSV_primary,Ridge,1,4,0.1,0.08815845611063032,0.08815845611063032,20
ketone,HSV_primary,Ridge,1,5,0.5,0.16538050921757308,0.16538050921757308,20
ketone,HSV_primary,Ridge,1,6,1.0,1.6401592855350278,1.6401592855350278,20
ketone,HSV_primary,Ridge,1,7,5.0,4.044467746220358,4.044467746220358,20
ketone,HSV_primary,Ridge,1,8,10.0,8.864991076099134,8.864991076099134,20
ketone,HSV_primary,ElasticNet,1,1,0.0,0.07221476919230493,0.07221476919230493,20
ketone,HSV_primary,ElasticNet,1,2,0.01,0.05627705813322019,0.05627705813322019,20
ketone,HSV_primary,ElasticNet,1,3,0.05,0.07944716427660148,0.07944716427660148,20
ketone,HSV_primary,ElasticNet,1,4,0.1,0.08797299482725615,0.08797299482725615,20
ketone,HSV_primary,ElasticNet,1,5,0.5,0.14490288094173207,0.14490288094173207,20
ketone,HSV_primary,ElasticNet,1,6,1.0,1.6707646311063296,1.6707646311063296,20
ketone,HSV_primary,ElasticNet,1,7,5.0,4.095335715028458,4.095335715028458,20
ketone,HSV_primary,ElasticNet,1,8,10.0,8.837898065473567,8.837898065473567,20
ketone,HSV_primary,SVR,1,1,0.0,0.002248743189015478,0.002248743189015478,20
ketone,HSV_primary,SVR,1,2,0.01,0.010628162742591638,0.010628162742591638,20
ketone,HSV_primary,SVR,1,3,0.05,0.040096803409620574,0.040096803409620574,20
ketone,HSV_primary,SVR,1,4,0.1,0.07113575666967153,0.07113575666967153,20
ketone,HSV_primary,SVR,1,5,0.5,0.4887839822851445,0.4887839822851445,20
ketone,HSV_primary,SVR,1,6,1.0,0.9934482140523229,0.9934482140523229,20
ketone,HSV_primary,SVR,1,7,5.0,5.051731696361589,5.051731696361589,20
ketone,HSV_primary,SVR,1,8,10.0,10.031433284987797,10.0,20
ketone,HSV_primary,RandomForest,1,1,0.0,0.0028000000000000013,0.0028000000000000013,20
ketone,HSV_primary,RandomForest,1,2,0.01,0.010466666666666673,0.010466666666666673,20
ketone,HSV_primary,RandomForest,1,3,0.05,0.04083333333333322,0.04083333333333322,20
ketone,HSV_primary,RandomForest,1,4,0.1,0.09186666666666651,0.09186666666666651,20
ketone,HSV_primary,RandomForest,1,5,0.5,0.5,0.5,20
ketone,HSV_primary,RandomForest,1,6,1.0,1.0,1.0,20
ketone,HSV_primary,RandomForest,1,7,5.0,5.0,5.0,20
ketone,HSV_primary,RandomForest,1,8,10.0,10.0,10.0,20
ketone,HSV_primary,ExtraTrees,1,1,0.0,0.0035063767343748043,0.0035063767343748043,20
ketone,HSV_primary,ExtraTrees,1,2,0.01,0.011455562411040558,0.011455562411040558,20
ketone,HSV_primary,ExtraTrees,1,3,0.05,0.04579891066115586,0.04579891066115586,20
ketone,HSV_primary,ExtraTrees,1,4,0.1,0.08741013173562924,0.08741013173562924,20
ketone,HSV_primary,ExtraTrees,1,5,0.5,0.5000000000000018,0.5000000000000018,20
ketone,HSV_primary,ExtraTrees,1,6,1.0,1.0000000000000022,1.0000000000000022,20
ketone,HSV_primary,ExtraTrees,1,7,5.0,5.0,5.0,20
ketone,HSV_primary,ExtraTrees,1,8,10.0,10.000000000000046,10.0,20
ketone,RGB_HSV_combined,Ridge,1,1,0.0,0.0050473134313089646,0.005184112901060148,20
ketone,RGB_HSV_combined,Ridge,1,2,0.01,0.009437768325927465,0.009437768325927465,20
ketone,RGB_HSV_combined,Ridge,1,3,0.05,0.09191010608212061,0.09191010608212061,20
ketone,RGB_HSV_combined,Ridge,1,4,0.1,0.0670695339427618,0.0670695339427618,20
ketone,RGB_HSV_combined,Ridge,1,5,0.5,0.2153920726283859,0.2153920726283859,20
ketone,RGB_HSV_combined,Ridge,1,6,1.0,1.5863720152298129,1.5863720152298129,20
ketone,RGB_HSV_combined,Ridge,1,7,5.0,4.148958624065284,4.148958624065284,20
ketone,RGB_HSV_combined,Ridge,1,8,10.0,9.590471084842381,9.590471084842381,20
ketone,RGB_HSV_combined,ElasticNet,1,1,0.0,0.006790997167942818,0.006790997167942818,20
ketone,RGB_HSV_combined,ElasticNet,1,2,0.01,0.010974181590254827,0.010974181590254827,20
ketone,RGB_HSV_combined,ElasticNet,1,3,0.05,0.0873518601237733,0.0873518601237733,20
ketone,RGB_HSV_combined,ElasticNet,1,4,0.1,0.06804428458102796,0.06804428458102796,20
ketone,RGB_HSV_combined,ElasticNet,1,5,0.5,0.2121138282862635,0.2121138282862635,20
ketone,RGB_HSV_combined,ElasticNet,1,6,1.0,1.5917167574998237,1.5917167574998237,20
ketone,RGB_HSV_combined,ElasticNet,1,7,5.0,4.184163985687899,4.184163985687899,20
ketone,RGB_HSV_combined,ElasticNet,1,8,10.0,9.541188515109095,9.541188515109095,20
ketone,RGB_HSV_combined,SVR,1,1,0.0,-0.0008762432961177957,0.0,20
ketone,RGB_HSV_combined,SVR,1,2,0.01,0.013398394157772664,0.013398394157772664,20
ketone,RGB_HSV_combined,SVR,1,3,0.05,0.038243023641332474,0.038243023641332474,20
ketone,RGB_HSV_combined,SVR,1,4,0.1,0.07669897480976062,0.07669897480976062,20
ketone,RGB_HSV_combined,SVR,1,5,0.5,0.49130876502913845,0.49130876502913845,20
ketone,RGB_HSV_combined,SVR,1,6,1.0,0.9848138270878932,0.9848138270878932,20
ketone,RGB_HSV_combined,SVR,1,7,5.0,5.041951740013502,5.041951740013502,20
ketone,RGB_HSV_combined,SVR,1,8,10.0,9.960112796617299,9.960112796617299,20
ketone,RGB_HSV_combined,RandomForest,1,1,0.0,0.0024666666666666674,0.0024666666666666674,20
ketone,RGB_HSV_combined,RandomForest,1,2,0.01,0.011466666666666674,0.011466666666666674,20
ketone,RGB_HSV_combined,RandomForest,1,3,0.05,0.04146666666666657,0.04146666666666657,20
ketone,RGB_HSV_combined,RandomForest,1,4,0.1,0.08963333333333318,0.08963333333333318,20
ketone,RGB_HSV_combined,RandomForest,1,5,0.5,0.5,0.5,20
ketone,RGB_HSV_combined,RandomForest,1,6,1.0,1.0,1.0,20
ketone,RGB_HSV_combined,RandomForest,1,7,5.0,5.0,5.0,20
ketone,RGB_HSV_combined,RandomForest,1,8,10.0,10.0,10.0,20
ketone,RGB_HSV_combined,ExtraTrees,1,1,0.0,0.0046763024116444184,0.0046763024116444184,20
ketone,RGB_HSV_combined,ExtraTrees,1,2,0.01,0.011671716834335103,0.011671716834335103,20
ketone,RGB_HSV_combined,ExtraTrees,1,3,0.05,0.046375195704372464,0.046375195704372464,20
ketone,RGB_HSV_combined,ExtraTrees,1,4,0.1,0.08136681118611053,0.08136681118611053,20
ketone,RGB_HSV_combined,ExtraTrees,1,5,0.5,0.5000000000000018,0.5000000000000018,20
ketone,RGB_HSV_combined,ExtraTrees,1,6,1.0,1.0000000000000022,1.0000000000000022,20
ketone,RGB_HSV_combined,ExtraTrees,1,7,5.0,5.0,5.0,20
ketone,RGB_HSV_combined,ExtraTrees,1,8,10.0,10.000000000000046,10.0,20
ketone,Chromaticity_secondary,ExtraTrees,1,1,0.0,0.0014274304675755331,0.0014274304675755331,20
ketone,Chromaticity_secondary,ExtraTrees,1,2,0.01,0.014852436796793059,0.014852436796793059,20
ketone,Chromaticity_secondary,ExtraTrees,1,3,0.05,0.05212299094248815,0.05212299094248815,20
ketone,Chromaticity_secondary,ExtraTrees,1,4,0.1,0.06208866043665613,0.06208866043665613,20
ketone,Chromaticity_secondary,ExtraTrees,1,5,0.5,0.5000000000000018,0.5000000000000018,20
ketone,Chromaticity_secondary,ExtraTrees,1,6,1.0,1.0000000000000018,1.0000000000000018,20
ketone,Chromaticity_secondary,ExtraTrees,1,7,5.0,5.0,5.0,20
ketone,Chromaticity_secondary,ExtraTrees,1,8,10.0,10.000000000000046,10.0,20
ketone,Background_adjusted_secondary,ExtraTrees,1,1,0.0,0.012600000000000002,0.012600000000000002,20
ketone,Background_adjusted_secondary,ExtraTrees,1,2,0.01,0.04163333333333322,0.04163333333333322,20
ketone,Background_adjusted_secondary,ExtraTrees,1,3,0.05,0.04853333333333322,0.04853333333333322,20
ketone,Background_adjusted_secondary,ExtraTrees,1,4,0.1,0.0759999999999999,0.0759999999999999,20
ketone,Background_adjusted_secondary,ExtraTrees,1,5,0.5,0.4918,0.4918,20
ketone,Background_adjusted_secondary,ExtraTrees,1,6,1.0,1.0266666666666666,1.0266666666666666,20
ketone,Background_adjusted_secondary,ExtraTrees,1,7,5.0,5.0,5.0,20
ketone,Background_adjusted_secondary,ExtraTrees,1,8,10.0,10.0,10.0,20
ketone,Background_negative_control,ExtraTrees,1,1,0.0,0.007827223597481902,0.007827223597481902,20
ketone,Background_negative_control,ExtraTrees,1,2,0.01,0.010000000000000009,0.010000000000000009,20
ketone,Background_negative_control,ExtraTrees,1,3,0.05,0.13917659123441586,0.13917659123441586,20
ketone,Background_negative_control,ExtraTrees,1,4,0.1,0.3411381829490542,0.3411381829490542,20
ketone,Background_negative_control,ExtraTrees,1,5,0.5,0.45667096422414444,0.45667096422414444,20
ketone,Background_negative_control,ExtraTrees,1,6,1.0,1.3532302954313018,1.3532302954313018,20
ketone,Background_negative_control,ExtraTrees,1,7,5.0,4.492979883741248,4.492979883741248,20
ketone,Background_negative_control,ExtraTrees,1,8,10.0,5.995459302934821,5.995459302934821,20
ketone,Baseline,DummyMean,2,1,0.0,2.0825000000000005,2.0825000000000005,19
ketone,Baseline,DummyMean,2,2,0.01,2.0825000000000005,2.0825000000000005,19
ketone,Baseline,DummyMean,2,3,0.05,2.0825000000000005,2.0825000000000005,19
ketone,Baseline,DummyMean,2,4,0.1,2.0825000000000005,2.0825000000000005,19
ketone,Baseline,DummyMean,2,5,0.5,2.0825000000000005,2.0825000000000005,19
ketone,Baseline,DummyMean,2,6,1.0,2.0825000000000005,2.0825000000000005,19
ketone,Baseline,DummyMean,2,7,5.0,2.0825000000000005,2.0825000000000005,19
ketone,Baseline,DummyMean,2,8,10.0,2.0825000000000005,2.0825000000000005,19
ketone,RGB_primary,Ridge,2,1,0.0,-0.14975844737217364,0.0,19
ketone,RGB_primary,Ridge,2,2,0.01,-0.0837334152074805,0.0,19
ketone,RGB_primary,Ridge,2,3,0.05,0.07159244919061387,0.07159244919061387,19
ketone,RGB_primary,Ridge,2,4,0.1,0.0747249936541532,0.0747249936541532,19
ketone,RGB_primary,Ridge,2,5,0.5,0.5783218484489052,0.5783218484489052,19
ketone,RGB_primary,Ridge,2,6,1.0,2.5577292988648326,2.5577292988648326,19
ketone,RGB_primary,Ridge,2,7,5.0,4.578351448310379,4.578351448310379,19
ketone,RGB_primary,Ridge,2,8,10.0,7.290897612530015,7.290897612530015,19
ketone,RGB_primary,ElasticNet,2,1,0.0,-0.15118999154684112,0.0,19
ketone,RGB_primary,ElasticNet,2,2,0.01,-0.086119435954151,0.0,19
ketone,RGB_primary,ElasticNet,2,3,0.05,0.0727804660253629,0.0727804660253629,19
ketone,RGB_primary,ElasticNet,2,4,0.1,0.07678770203816825,0.07678770203816825,19
ketone,RGB_primary,ElasticNet,2,5,0.5,0.5809850111648576,0.5809850111648576,19
ketone,RGB_primary,ElasticNet,2,6,1.0,2.5520255586241976,2.5520255586241976,19
ketone,RGB_primary,ElasticNet,2,7,5.0,4.565463228095374,4.565463228095374,19
ketone,RGB_primary,ElasticNet,2,8,10.0,7.287481215578067,7.287481215578067,19
ketone,RGB_primary,SVR,2,1,0.0,0.00879795627836577,0.00879795627836577,19
ketone,RGB_primary,SVR,2,2,0.01,0.0046796670302069465,0.0046796670302069465,19
ketone,RGB_primary,SVR,2,3,0.05,0.07637901172043371,0.07637901172043371,19
ketone,RGB_primary,SVR,2,4,0.1,0.07227550900323942,0.07227550900323942,19
ketone,RGB_primary,SVR,2,5,0.5,0.4784615539850665,0.4784615539850665,19
ketone,RGB_primary,SVR,2,6,1.0,1.0503286975064987,1.0503286975064987,19
ketone,RGB_primary,SVR,2,7,5.0,4.762625942872345,4.762625942872345,19
ketone,RGB_primary,SVR,2,8,10.0,10.011351619681973,10.0,19
ketone,RGB_primary,RandomForest,2,1,0.0,0.004666666666666668,0.004666666666666668,19
ketone,RGB_primary,RandomForest,2,2,0.01,0.010000000000000007,0.010000000000000007,19
ketone,RGB_primary,RandomForest,2,3,0.05,0.06527222222222215,0.06527222222222215,19
ketone,RGB_primary,RandomForest,2,4,0.1,0.06093333333333321,0.06093333333333321,19
ketone,RGB_primary,RandomForest,2,5,0.5,0.5,0.5,19
ketone,RGB_primary,RandomForest,2,6,1.0,1.0366666666666666,1.0366666666666666,19
ketone,RGB_primary,RandomForest,2,7,5.0,5.0,5.0,19
ketone,RGB_primary,RandomForest,2,8,10.0,10.0,10.0,19
ketone,RGB_primary,ExtraTrees,2,1,0.0,0.0030666666666666676,0.0030666666666666676,19
ketone,RGB_primary,ExtraTrees,2,2,0.01,0.010000000000000007,0.010000000000000007,19
ketone,RGB_primary,ExtraTrees,2,3,0.05,0.05993333333333318,0.05993333333333318,19
ketone,RGB_primary,ExtraTrees,2,4,0.1,0.06306666666666652,0.06306666666666652,19
ketone,RGB_primary,ExtraTrees,2,5,0.5,0.497,0.497,19
ketone,RGB_primary,ExtraTrees,2,6,1.0,1.0166666666666666,1.0166666666666666,19
ketone,RGB_primary,ExtraTrees,2,7,5.0,5.0,5.0,19
ketone,RGB_primary,ExtraTrees,2,8,10.0,10.0,10.0,19
ketone,HSV_primary,Ridge,2,1,0.0,0.04864409999050176,0.04864409999050176,19
ketone,HSV_primary,Ridge,2,2,0.01,0.031034417558425776,0.031034417558425776,19
ketone,HSV_primary,Ridge,2,3,0.05,0.06799495639294127,0.06799495639294127,19
ketone,HSV_primary,Ridge,2,4,0.1,0.07422812075447557,0.07422812075447557,19
ketone,HSV_primary,Ridge,2,5,0.5,0.15968039673206824,0.15968039673206824,19
ketone,HSV_primary,Ridge,2,6,1.0,1.5932692366581152,1.5932692366581152,19
ketone,HSV_primary,Ridge,2,7,5.0,4.021375546373979,4.021375546373979,19
ketone,HSV_primary,Ridge,2,8,10.0,8.840870897406464,8.840870897406464,19
ketone,HSV_primary,ElasticNet,2,1,0.0,0.060580623670666016,0.060580623670666016,19
ketone,HSV_primary,ElasticNet,2,2,0.01,0.055716679737209146,0.055716679737209146,19
ketone,HSV_primary,ElasticNet,2,3,0.05,0.06805272213299522,0.06805272213299522,19
ketone,HSV_primary,ElasticNet,2,4,0.1,0.08432271895144372,0.08432271895144372,19
ketone,HSV_primary,ElasticNet,2,5,0.5,0.14050552093123245,0.14050552093123245,19
ketone,HSV_primary,ElasticNet,2,6,1.0,1.628000771000011,1.628000771000011,19
ketone,HSV_primary,ElasticNet,2,7,5.0,4.095218764064162,4.095218764064162,19
ketone,HSV_primary,ElasticNet,2,8,10.0,8.772975374534846,8.772975374534846,19
ketone,HSV_primary,SVR,2,1,0.0,0.00669872236535296,0.00669872236535296,19
ketone,HSV_primary,SVR,2,2,0.01,0.014292927580440207,0.014292927580440207,19
ketone,HSV_primary,SVR,2,3,0.05,0.04711685099092122,0.04711685099092122,19
ketone,HSV_primary,SVR,2,4,0.1,0.08062943865227101,0.08062943865227101,19
ketone,HSV_primary,SVR,2,5,0.5,0.49919185916425723,0.49919185916425723,19
ketone,HSV_primary,SVR,2,6,1.0,0.9477966662734225,0.9477966662734225,19
ketone,HSV_primary,SVR,2,7,5.0,5.015674273096895,5.015674273096895,19
ketone,HSV_primary,SVR,2,8,10.0,10.02399615675279,10.0,19
ketone,HSV_primary,RandomForest,2,1,0.0,0.0026666666666666666,0.0026666666666666666,19
ketone,HSV_primary,RandomForest,2,2,0.01,0.010000000000000007,0.010000000000000007,19
ketone,HSV_primary,RandomForest,2,3,0.05,0.05166666666666654,0.05166666666666654,19
ketone,HSV_primary,RandomForest,2,4,0.1,0.09159999999999979,0.09159999999999979,19
ketone,HSV_primary,RandomForest,2,5,0.5,0.5,0.5,19
ketone,HSV_primary,RandomForest,2,6,1.0,1.0,1.0,19
ketone,HSV_primary,RandomForest,2,7,5.0,5.0,5.0,19
ketone,HSV_primary,RandomForest,2,8,10.0,10.0,10.0,19
ketone,HSV_primary,ExtraTrees,2,1,0.0,0.0020864512613476484,0.0020864512613476484,19
ketone,HSV_primary,ExtraTrees,2,2,0.01,0.010315621677205584,0.010315621677205584,19
ketone,HSV_primary,ExtraTrees,2,3,0.05,0.05079859420907418,0.05079859420907418,19
ketone,HSV_primary,ExtraTrees,2,4,0.1,0.09019041866542689,0.09019041866542689,19
ketone,HSV_primary,ExtraTrees,2,5,0.5,0.5000000000000018,0.5000000000000018,19
ketone,HSV_primary,ExtraTrees,2,6,1.0,1.0000000000000022,1.0000000000000022,19
ketone,HSV_primary,ExtraTrees,2,7,5.0,5.0,5.0,19
ketone,HSV_primary,ExtraTrees,2,8,10.0,10.000000000000046,10.0,19
ketone,RGB_HSV_combined,Ridge,2,1,0.0,0.019712125687963555,0.019712125687963555,19
ketone,RGB_HSV_combined,Ridge,2,2,0.01,0.012839463051345897,0.012839463051345897,19
ketone,RGB_HSV_combined,Ridge,2,3,0.05,0.09075134023279394,0.09075134023279394,19
ketone,RGB_HSV_combined,Ridge,2,4,0.1,0.07785103813149154,0.07785103813149154,19
ketone,RGB_HSV_combined,Ridge,2,5,0.5,0.20592704700526962,0.20592704700526962,19
ketone,RGB_HSV_combined,Ridge,2,6,1.0,1.5571999040882907,1.5571999040882907,19
ketone,RGB_HSV_combined,Ridge,2,7,5.0,4.08752203455781,4.08752203455781,19
ketone,RGB_HSV_combined,Ridge,2,8,10.0,9.750111042345388,9.750111042345388,19
ketone,RGB_HSV_combined,ElasticNet,2,1,0.0,0.021627134398465527,0.021627134398465527,19
ketone,RGB_HSV_combined,ElasticNet,2,2,0.01,0.013271857575493942,0.013271857575493942,19
ketone,RGB_HSV_combined,ElasticNet,2,3,0.05,0.08565731230541046,0.08565731230541046,19
ketone,RGB_HSV_combined,ElasticNet,2,4,0.1,0.07601851113165137,0.07601851113165137,19
ketone,RGB_HSV_combined,ElasticNet,2,5,0.5,0.20291952105438493,0.20291952105438493,19
ketone,RGB_HSV_combined,ElasticNet,2,6,1.0,1.5690444872451486,1.5690444872451486,19
ketone,RGB_HSV_combined,ElasticNet,2,7,5.0,4.111833434181266,4.111833434181266,19
ketone,RGB_HSV_combined,ElasticNet,2,8,10.0,9.650433348107008,9.650433348107008,19
ketone,RGB_HSV_combined,SVR,2,1,0.0,0.0077286020630649155,0.0077286020630649155,19
ketone,RGB_HSV_combined,SVR,2,2,0.01,0.0087318064257218,0.0087318064257218,19
ketone,RGB_HSV_combined,SVR,2,3,0.05,0.050051630828340965,0.050051630828340965,19
ketone,RGB_HSV_combined,SVR,2,4,0.1,0.08591208838463515,0.08591208838463515,19
ketone,RGB_HSV_combined,SVR,2,5,0.5,0.4956085109960622,0.4956085109960622,19
ketone,RGB_HSV_combined,SVR,2,6,1.0,1.0254759709257315,1.0254759709257315,19
ketone,RGB_HSV_combined,SVR,2,7,5.0,4.9849887297569655,4.9849887297569655,19
ketone,RGB_HSV_combined,SVR,2,8,10.0,10.04338851700098,10.0,19
ketone,RGB_HSV_combined,RandomForest,2,1,0.0,0.0018000000000000004,0.0018000000000000004,19
ketone,RGB_HSV_combined,RandomForest,2,2,0.01,0.009933333333333341,0.009933333333333341,19
ketone,RGB_HSV_combined,RandomForest,2,3,0.05,0.051133333333333204,0.051133333333333204,19
ketone,RGB_HSV_combined,RandomForest,2,4,0.1,0.09199999999999979,0.09199999999999979,19
ketone,RGB_HSV_combined,RandomForest,2,5,0.5,0.5,0.5,19
ketone,RGB_HSV_combined,RandomForest,2,6,1.0,1.0,1.0,19
ketone,RGB_HSV_combined,RandomForest,2,7,5.0,5.0,5.0,19
ketone,RGB_HSV_combined,RandomForest,2,8,10.0,10.0,10.0,19
ketone,RGB_HSV_combined,ExtraTrees,2,1,0.0,0.0030000000000000014,0.0030000000000000014,19
ketone,RGB_HSV_combined,ExtraTrees,2,2,0.01,0.011066666666666674,0.011066666666666674,19
ketone,RGB_HSV_combined,ExtraTrees,2,3,0.05,0.05499999999999987,0.05499999999999987,19
ketone,RGB_HSV_combined,ExtraTrees,2,4,0.1,0.0883999999999998,0.0883999999999998,19
ketone,RGB_HSV_combined,ExtraTrees,2,5,0.5,0.5,0.5,19
ketone,RGB_HSV_combined,ExtraTrees,2,6,1.0,1.0,1.0,19
ketone,RGB_HSV_combined,ExtraTrees,2,7,5.0,5.0,5.0,19
ketone,RGB_HSV_combined,ExtraTrees,2,8,10.0,10.0,10.0,19
ketone,Chromaticity_secondary,ExtraTrees,2,1,0.0,0.005054230714955665,0.005054230714955665,19
ketone,Chromaticity_secondary,ExtraTrees,2,2,0.01,0.012197987002521594,0.012197987002521594,19
ketone,Chromaticity_secondary,ExtraTrees,2,3,0.05,0.05976010215220097,0.05976010215220097,19
ketone,Chromaticity_secondary,ExtraTrees,2,4,0.1,0.06637338648980014,0.06637338648980014,19
ketone,Chromaticity_secondary,ExtraTrees,2,5,0.5,0.5000000000000018,0.5000000000000018,19
ketone,Chromaticity_secondary,ExtraTrees,2,6,1.0,1.0000000000000018,1.0000000000000018,19
ketone,Chromaticity_secondary,ExtraTrees,2,7,5.0,5.0,5.0,19
ketone,Chromaticity_secondary,ExtraTrees,2,8,10.0,10.000000000000046,10.0,19
ketone,Background_adjusted_secondary,ExtraTrees,2,1,0.0,0.013000000000000008,0.013000000000000008,19
ketone,Background_adjusted_secondary,ExtraTrees,2,2,0.01,0.027399999999999942,0.027399999999999942,19
ketone,Background_adjusted_secondary,ExtraTrees,2,3,0.05,0.06199999999999996,0.06199999999999996,19
ketone,Background_adjusted_secondary,ExtraTrees,2,4,0.1,0.08046666666666652,0.08046666666666652,19
ketone,Background_adjusted_secondary,ExtraTrees,2,5,0.5,0.49666666666666665,0.49666666666666665,19
ketone,Background_adjusted_secondary,ExtraTrees,2,6,1.0,1.0,1.0,19
ketone,Background_adjusted_secondary,ExtraTrees,2,7,5.0,5.0,5.0,19
ketone,Background_adjusted_secondary,ExtraTrees,2,8,10.0,10.0,10.0,19
ketone,Background_negative_control,ExtraTrees,2,1,0.0,0.010000000000000009,0.010000000000000009,19
ketone,Background_negative_control,ExtraTrees,2,2,0.01,0.010000000000000009,0.010000000000000009,19
ketone,Background_negative_control,ExtraTrees,2,3,0.05,0.1667961757336201,0.1667961757336201,19
ketone,Background_negative_control,ExtraTrees,2,4,0.1,0.18010340036113706,0.18010340036113706,19
ketone,Background_negative_control,ExtraTrees,2,5,0.5,0.22076232858299064,0.22076232858299064,19
ketone,Background_negative_control,ExtraTrees,2,6,1.0,2.0022446901233866,2.0022446901233866,19
ketone,Background_negative_control,ExtraTrees,2,7,5.0,4.921718908751786,4.921718908751786,19
ketone,Background_negative_control,ExtraTrees,2,8,10.0,5.259560949109837,5.259560949109837,19
ketone,Baseline,DummyMean,3,1,0.0,2.0825000000000005,2.0825000000000005,19
ketone,Baseline,DummyMean,3,2,0.01,2.0825000000000005,2.0825000000000005,19
ketone,Baseline,DummyMean,3,3,0.05,2.0825000000000005,2.0825000000000005,19
ketone,Baseline,DummyMean,3,4,0.1,2.0825000000000005,2.0825000000000005,19
ketone,Baseline,DummyMean,3,5,0.5,2.0825000000000005,2.0825000000000005,19
ketone,Baseline,DummyMean,3,6,1.0,2.0825000000000005,2.0825000000000005,19
ketone,Baseline,DummyMean,3,7,5.0,2.0825000000000005,2.0825000000000005,19
ketone,Baseline,DummyMean,3,8,10.0,2.0825000000000005,2.0825000000000005,19
ketone,RGB_primary,Ridge,3,1,0.0,-0.16309272836756064,0.0,19
ketone,RGB_primary,Ridge,3,2,0.01,-0.0661490948936532,0.0,19
ketone,RGB_primary,Ridge,3,3,0.05,0.12708517363280555,0.12708517363280555,19
ketone,RGB_primary,Ridge,3,4,0.1,0.05500011618635966,0.05500011618635966,19
ketone,RGB_primary,Ridge,3,5,0.5,0.5267702625722388,0.5267702625722388,19
ketone,RGB_primary,Ridge,3,6,1.0,2.5365299843576277,2.5365299843576277,19
ketone,RGB_primary,Ridge,3,7,5.0,4.541658501972463,4.541658501972463,19
ketone,RGB_primary,Ridge,3,8,10.0,7.1262610830293855,7.1262610830293855,19
ketone,RGB_primary,ElasticNet,3,1,0.0,-0.16413891854642162,0.0,19
ketone,RGB_primary,ElasticNet,3,2,0.01,-0.06905606032526584,0.0,19
ketone,RGB_primary,ElasticNet,3,3,0.05,0.1282525213655176,0.1282525213655176,19
ketone,RGB_primary,ElasticNet,3,4,0.1,0.05446018365168769,0.05446018365168769,19
ketone,RGB_primary,ElasticNet,3,5,0.5,0.5283741292957544,0.5283741292957544,19
ketone,RGB_primary,ElasticNet,3,6,1.0,2.528645411944284,2.528645411944284,19
ketone,RGB_primary,ElasticNet,3,7,5.0,4.5180677469299795,4.5180677469299795,19
ketone,RGB_primary,ElasticNet,3,8,10.0,7.117628725257202,7.117628725257202,19
ketone,RGB_primary,SVR,3,1,0.0,0.00391563309829035,0.00391563309829035,19
ketone,RGB_primary,SVR,3,2,0.01,0.009997641449966288,0.009997641449966288,19
ketone,RGB_primary,SVR,3,3,0.05,0.05190598625426501,0.05190598625426501,19
ketone,RGB_primary,SVR,3,4,0.1,0.08643125664862561,0.08643125664862561,19
ketone,RGB_primary,SVR,3,5,0.5,0.47306668302999144,0.47306668302999144,19
ketone,RGB_primary,SVR,3,6,1.0,0.9960224079227289,0.9960224079227289,19
ketone,RGB_primary,SVR,3,7,5.0,5.059572196507018,5.059572196507018,19
ketone,RGB_primary,SVR,3,8,10.0,9.879466551373367,9.879466551373367,19
ketone,RGB_primary,RandomForest,3,1,0.0,0.006116516554867224,0.006116516554867224,19
ketone,RGB_primary,RandomForest,3,2,0.01,0.011014684056104776,0.011014684056104776,19
ketone,RGB_primary,RandomForest,3,3,0.05,0.06669097254242569,0.06669097254242569,19
ketone,RGB_primary,RandomForest,3,4,0.1,0.07662552335931587,0.07662552335931587,19
ketone,RGB_primary,RandomForest,3,5,0.5,0.4886690923280344,0.4886690923280344,19
ketone,RGB_primary,RandomForest,3,6,1.0,1.0108416826372157,1.0108416826372157,19
ketone,RGB_primary,RandomForest,3,7,5.0,5.0,5.0,19
ketone,RGB_primary,RandomForest,3,8,10.0,10.00000000000004,10.0,19
ketone,RGB_primary,ExtraTrees,3,1,0.0,0.002257953673317135,0.002257953673317135,19
ketone,RGB_primary,ExtraTrees,3,2,0.01,0.012877873887781955,0.012877873887781955,19
ketone,RGB_primary,ExtraTrees,3,3,0.05,0.06900569853416023,0.06900569853416023,19
ketone,RGB_primary,ExtraTrees,3,4,0.1,0.08980577498627608,0.08980577498627608,19
ketone,RGB_primary,ExtraTrees,3,5,0.5,0.4969016550440393,0.4969016550440393,19
ketone,RGB_primary,ExtraTrees,3,6,1.0,1.0000000000000018,1.0000000000000018,19
ketone,RGB_primary,ExtraTrees,3,7,5.0,5.0,5.0,19
ketone,RGB_primary,ExtraTrees,3,8,10.0,10.000000000000046,10.0,19
ketone,HSV_primary,Ridge,3,1,0.0,0.04508449645494348,0.04508449645494348,19
ketone,HSV_primary,Ridge,3,2,0.01,0.028504273076556143,0.028504273076556143,19
ketone,HSV_primary,Ridge,3,3,0.05,0.047611578955531274,0.047611578955531274,19
ketone,HSV_primary,Ridge,3,4,0.1,0.09563926943548265,0.09563926943548265,19
ketone,HSV_primary,Ridge,3,5,0.5,0.119617313319392,0.119617313319392,19
ketone,HSV_primary,Ridge,3,6,1.0,1.717171373706087,1.717171373706087,19
ketone,HSV_primary,Ridge,3,7,5.0,4.097086593508214,4.097086593508214,19
ketone,HSV_primary,Ridge,3,8,10.0,8.532877984632034,8.532877984632034,19
ketone,HSV_primary,ElasticNet,3,1,0.0,0.05494379604540256,0.05494379604540256,19
ketone,HSV_primary,ElasticNet,3,2,0.01,0.044388360287664325,0.044388360287664325,19
ketone,HSV_primary,ElasticNet,3,3,0.05,0.056984469343583984,0.056984469343583984,19
ketone,HSV_primary,ElasticNet,3,4,0.1,0.1019617684916134,0.1019617684916134,19
ketone,HSV_primary,ElasticNet,3,5,0.5,0.10787702466194325,0.10787702466194325,19
ketone,HSV_primary,ElasticNet,3,6,1.0,1.7837686894568017,1.7837686894568017,19
ketone,HSV_primary,ElasticNet,3,7,5.0,4.151605071539039,4.151605071539039,19
ketone,HSV_primary,ElasticNet,3,8,10.0,8.4748565876739,8.4748565876739,19
ketone,HSV_primary,SVR,3,1,0.0,0.0038563826102797627,0.0038563826102797627,19
ketone,HSV_primary,SVR,3,2,0.01,0.01752361928856594,0.01752361928856594,19
ketone,HSV_primary,SVR,3,3,0.05,0.04392222135790602,0.04392222135790602,19
ketone,HSV_primary,SVR,3,4,0.1,0.10000736937128352,0.10000736937128352,19
ketone,HSV_primary,SVR,3,5,0.5,0.44851268286206647,0.44851268286206647,19
ketone,HSV_primary,SVR,3,6,1.0,1.0480077386550004,1.0480077386550004,19
ketone,HSV_primary,SVR,3,7,5.0,4.976273631261179,4.976273631261179,19
ketone,HSV_primary,SVR,3,8,10.0,9.893721200430964,9.893721200430964,19
ketone,HSV_primary,RandomForest,3,1,0.0,0.0030000000000000014,0.0030000000000000014,19
ketone,HSV_primary,RandomForest,3,2,0.01,0.010933333333333342,0.010933333333333342,19
ketone,HSV_primary,RandomForest,3,3,0.05,0.05566666666666657,0.05566666666666657,19
ketone,HSV_primary,RandomForest,3,4,0.1,0.0893333333333332,0.0893333333333332,19
ketone,HSV_primary,RandomForest,3,5,0.5,0.5,0.5,19
ketone,HSV_primary,RandomForest,3,6,1.0,1.0,1.0,19
ketone,HSV_primary,RandomForest,3,7,5.0,5.0,5.0,19
ketone,HSV_primary,RandomForest,3,8,10.0,10.0,10.0,19
ketone,HSV_primary,ExtraTrees,3,1,0.0,0.0028000000000000013,0.0028000000000000013,19
ketone,HSV_primary,ExtraTrees,3,2,0.01,0.011933333333333343,0.011933333333333343,19
ketone,HSV_primary,ExtraTrees,3,3,0.05,0.052999999999999874,0.052999999999999874,19
ketone,HSV_primary,ExtraTrees,3,4,0.1,0.08973333333333317,0.08973333333333317,19
ketone,HSV_primary,ExtraTrees,3,5,0.5,0.49673333333333336,0.49673333333333336,19
ketone,HSV_primary,ExtraTrees,3,6,1.0,1.0,1.0,19
ketone,HSV_primary,ExtraTrees,3,7,5.0,5.0,5.0,19
ketone,HSV_primary,ExtraTrees,3,8,10.0,10.0,10.0,19
ketone,RGB_HSV_combined,Ridge,3,1,0.0,0.010815226878638293,0.010815226878638293,19
ketone,RGB_HSV_combined,Ridge,3,2,0.01,0.0015066486356660757,0.0015066486356660757,19
ketone,RGB_HSV_combined,Ridge,3,3,0.05,0.07136465609546135,0.07136465609546135,19
ketone,RGB_HSV_combined,Ridge,3,4,0.1,0.0981727768248714,0.0981727768248714,19
ketone,RGB_HSV_combined,Ridge,3,5,0.5,0.19170765421461453,0.19170765421461453,19
ketone,RGB_HSV_combined,Ridge,3,6,1.0,1.7016746327419705,1.7016746327419705,19
ketone,RGB_HSV_combined,Ridge,3,7,5.0,4.246007461565891,4.246007461565891,19
ketone,RGB_HSV_combined,Ridge,3,8,10.0,9.354989824215531,9.354989824215531,19
ketone,RGB_HSV_combined,ElasticNet,3,1,0.0,-0.0021256765536063317,0.0,19
ketone,RGB_HSV_combined,ElasticNet,3,2,0.01,-0.001835972918504978,0.0,19
ketone,RGB_HSV_combined,ElasticNet,3,3,0.05,0.08646474503057873,0.08646474503057873,19
ketone,RGB_HSV_combined,ElasticNet,3,4,0.1,0.11541294254735378,0.11541294254735378,19
ketone,RGB_HSV_combined,ElasticNet,3,5,0.5,0.2234086880511121,0.2234086880511121,19
ketone,RGB_HSV_combined,ElasticNet,3,6,1.0,1.5832515539844425,1.5832515539844425,19
ketone,RGB_HSV_combined,ElasticNet,3,7,5.0,4.284114734591014,4.284114734591014,19
ketone,RGB_HSV_combined,ElasticNet,3,8,10.0,9.799908026264001,9.799908026264001,19
ketone,RGB_HSV_combined,SVR,3,1,0.0,0.008806516293390576,0.008806516293390576,19
ketone,RGB_HSV_combined,SVR,3,2,0.01,0.011418179881404367,0.011418179881404367,19
ketone,RGB_HSV_combined,SVR,3,3,0.05,0.048281717945759084,0.048281717945759084,19
ketone,RGB_HSV_combined,SVR,3,4,0.1,0.10694285486233168,0.10694285486233168,19
ketone,RGB_HSV_combined,SVR,3,5,0.5,0.4477657236915302,0.4477657236915302,19
ketone,RGB_HSV_combined,SVR,3,6,1.0,1.135078657426174,1.135078657426174,19
ketone,RGB_HSV_combined,SVR,3,7,5.0,4.981514936796213,4.981514936796213,19
ketone,RGB_HSV_combined,SVR,3,8,10.0,9.847732170354572,9.847732170354572,19
ketone,RGB_HSV_combined,RandomForest,3,1,0.0,0.0030666666666666676,0.0030666666666666676,19
ketone,RGB_HSV_combined,RandomForest,3,2,0.01,0.011333333333333341,0.011333333333333341,19
ketone,RGB_HSV_combined,RandomForest,3,3,0.05,0.053333333333333205,0.053333333333333205,19
ketone,RGB_HSV_combined,RandomForest,3,4,0.1,0.08999999999999982,0.08999999999999982,19
ketone,RGB_HSV_combined,RandomForest,3,5,0.5,0.5,0.5,19
ketone,RGB_HSV_combined,RandomForest,3,6,1.0,1.0,1.0,19
ketone,RGB_HSV_combined,RandomForest,3,7,5.0,5.0,5.0,19
ketone,RGB_HSV_combined,RandomForest,3,8,10.0,10.0,10.0,19
ketone,RGB_HSV_combined,ExtraTrees,3,1,0.0,0.002600000000000001,0.002600000000000001,19
ketone,RGB_HSV_combined,ExtraTrees,3,2,0.01,0.010733333333333341,0.010733333333333341,19
ketone,RGB_HSV_combined,ExtraTrees,3,3,0.05,0.052666666666666535,0.052666666666666535,19
ketone,RGB_HSV_combined,ExtraTrees,3,4,0.1,0.08813333333333312,0.08813333333333312,19
ketone,RGB_HSV_combined,ExtraTrees,3,5,0.5,0.5,0.5,19
ketone,RGB_HSV_combined,ExtraTrees,3,6,1.0,1.0,1.0,19
ketone,RGB_HSV_combined,ExtraTrees,3,7,5.0,5.0,5.0,19
ketone,RGB_HSV_combined,ExtraTrees,3,8,10.0,10.0,10.0,19
ketone,Chromaticity_secondary,ExtraTrees,3,1,0.0,0.002333333333333335,0.002333333333333335,19
ketone,Chromaticity_secondary,ExtraTrees,3,2,0.01,0.010000000000000007,0.010000000000000007,19
ketone,Chromaticity_secondary,ExtraTrees,3,3,0.05,0.0676666666666666,0.0676666666666666,19
ketone,Chromaticity_secondary,ExtraTrees,3,4,0.1,0.06953333333333328,0.06953333333333328,19
ketone,Chromaticity_secondary,ExtraTrees,3,5,0.5,0.5,0.5,19
ketone,Chromaticity_secondary,ExtraTrees,3,6,1.0,1.0,1.0,19
ketone,Chromaticity_secondary,ExtraTrees,3,7,5.0,5.0,5.0,19
ketone,Chromaticity_secondary,ExtraTrees,3,8,10.0,10.0,10.0,19
ketone,Background_adjusted_secondary,ExtraTrees,3,1,0.0,0.012466666666666675,0.012466666666666675,19
ketone,Background_adjusted_secondary,ExtraTrees,3,2,0.01,0.03393333333333324,0.03393333333333324,19
ketone,Background_adjusted_secondary,ExtraTrees,3,3,0.05,0.06126666666666658,0.06126666666666658,19
ketone,Background_adjusted_secondary,ExtraTrees,3,4,0.1,0.07639999999999994,0.07639999999999994,19
ketone,Background_adjusted_secondary,ExtraTrees,3,5,0.5,0.49099999999999994,0.49099999999999994,19
ketone,Background_adjusted_secondary,ExtraTrees,3,6,1.0,1.0,1.0,19
ketone,Background_adjusted_secondary,ExtraTrees,3,7,5.0,5.0,5.0,19
ketone,Background_adjusted_secondary,ExtraTrees,3,8,10.0,10.0,10.0,19
ketone,Background_negative_control,ExtraTrees,3,1,0.0,0.010000000000000007,0.010000000000000007,19
ketone,Background_negative_control,ExtraTrees,3,2,0.01,0.010000000000000007,0.010000000000000007,19
ketone,Background_negative_control,ExtraTrees,3,3,0.05,0.1523333333333337,0.1523333333333337,19
ketone,Background_negative_control,ExtraTrees,3,4,0.1,0.30316666666666675,0.30316666666666675,19
ketone,Background_negative_control,ExtraTrees,3,5,0.5,0.38066666666666643,0.38066666666666643,19
ketone,Background_negative_control,ExtraTrees,3,6,1.0,1.7072333333333327,1.7072333333333327,19
ketone,Background_negative_control,ExtraTrees,3,7,5.0,5.18,5.18,19
ketone,Background_negative_control,ExtraTrees,3,8,10.0,8.602,8.602,19
ketone,Baseline,DummyMean,4,1,0.0,2.0825000000000005,2.0825000000000005,19
ketone,Baseline,DummyMean,4,2,0.01,2.0825000000000005,2.0825000000000005,19
ketone,Baseline,DummyMean,4,3,0.05,2.0825000000000005,2.0825000000000005,19
ketone,Baseline,DummyMean,4,4,0.1,2.0825000000000005,2.0825000000000005,19
ketone,Baseline,DummyMean,4,5,0.5,2.0825000000000005,2.0825000000000005,19
ketone,Baseline,DummyMean,4,6,1.0,2.0825000000000005,2.0825000000000005,19
ketone,Baseline,DummyMean,4,7,5.0,2.0825000000000005,2.0825000000000005,19
ketone,Baseline,DummyMean,4,8,10.0,2.0825000000000005,2.0825000000000005,19
ketone,RGB_primary,Ridge,4,1,0.0,-0.11420074147622813,0.0,19
ketone,RGB_primary,Ridge,4,2,0.01,-0.10511578819669803,0.0,19
ketone,RGB_primary,Ridge,4,3,0.05,0.06796298779585548,0.06796298779585548,19
ketone,RGB_primary,Ridge,4,4,0.1,0.06286349526727006,0.06286349526727006,19
ketone,RGB_primary,Ridge,4,5,0.5,0.6301294920285923,0.6301294920285923,19
ketone,RGB_primary,Ridge,4,6,1.0,2.4912306554077728,2.4912306554077728,19
ketone,RGB_primary,Ridge,4,7,5.0,4.487808846603147,4.487808846603147,19
ketone,RGB_primary,Ridge,4,8,10.0,7.22565985616213,7.22565985616213,19
ketone,RGB_primary,ElasticNet,4,1,0.0,-0.11574033583017286,0.0,19
ketone,RGB_primary,ElasticNet,4,2,0.01,-0.1075239050354543,0.0,19
ketone,RGB_primary,ElasticNet,4,3,0.05,0.0705474835245381,0.0705474835245381,19
ketone,RGB_primary,ElasticNet,4,4,0.1,0.0642408340185878,0.0642408340185878,19
ketone,RGB_primary,ElasticNet,4,5,0.5,0.6384889717250848,0.6384889717250848,19
ketone,RGB_primary,ElasticNet,4,6,1.0,2.4950379294978147,2.4950379294978147,19
ketone,RGB_primary,ElasticNet,4,7,5.0,4.46600762791426,4.46600762791426,19
ketone,RGB_primary,ElasticNet,4,8,10.0,7.224070229642821,7.224070229642821,19
ketone,RGB_primary,SVR,4,1,0.0,0.013060031965213437,0.013060031965213437,19
ketone,RGB_primary,SVR,4,2,0.01,0.007059703866086675,0.007059703866086675,19
ketone,RGB_primary,SVR,4,3,0.05,0.06648315193288745,0.06648315193288745,19
ketone,RGB_primary,SVR,4,4,0.1,0.06812064256151551,0.06812064256151551,19
ketone,RGB_primary,SVR,4,5,0.5,0.5014796876008099,0.5014796876008099,19
ketone,RGB_primary,SVR,4,6,1.0,1.0459180830379324,1.0459180830379324,19
ketone,RGB_primary,SVR,4,7,5.0,5.291861542078053,5.291861542078053,19
ketone,RGB_primary,SVR,4,8,10.0,9.981675964526872,9.981675964526872,19
ketone,RGB_primary,RandomForest,4,1,0.0,0.02771666666666667,0.02771666666666667,19
ketone,RGB_primary,RandomForest,4,2,0.01,0.01553333333333331,0.01553333333333331,19
ketone,RGB_primary,RandomForest,4,3,0.05,0.06799999999999998,0.06799999999999998,19
ketone,RGB_primary,RandomForest,4,4,0.1,0.07280000000000003,0.07280000000000003,19
ketone,RGB_primary,RandomForest,4,5,0.5,0.5,0.5,19
ketone,RGB_primary,RandomForest,4,6,1.0,1.0533333333333332,1.0533333333333332,19
ketone,RGB_primary,RandomForest,4,7,5.0,5.0,5.0,19
ketone,RGB_primary,RandomForest,4,8,10.0,10.0,10.0,19
ketone,RGB_primary,ExtraTrees,4,1,0.0,0.025533333333333307,0.025533333333333307,19
ketone,RGB_primary,ExtraTrees,4,2,0.01,0.016133333333333322,0.016133333333333322,19
ketone,RGB_primary,ExtraTrees,4,3,0.05,0.06533333333333323,0.06533333333333323,19
ketone,RGB_primary,ExtraTrees,4,4,0.1,0.07599999999999994,0.07599999999999994,19
ketone,RGB_primary,ExtraTrees,4,5,0.5,0.5,0.5,19
ketone,RGB_primary,ExtraTrees,4,6,1.0,1.0533333333333332,1.0533333333333332,19
ketone,RGB_primary,ExtraTrees,4,7,5.0,5.0,5.0,19
ketone,RGB_primary,ExtraTrees,4,8,10.0,10.0,10.0,19
ketone,HSV_primary,Ridge,4,1,0.0,0.035734771139916674,0.035734771139916674,19
ketone,HSV_primary,Ridge,4,2,0.01,0.023222503225266724,0.023222503225266724,19
ketone,HSV_primary,Ridge,4,3,0.05,0.08447369981073072,0.08447369981073072,19
ketone,HSV_primary,Ridge,4,4,0.1,0.12378678103769128,0.12378678103769128,19
ketone,HSV_primary,Ridge,4,5,0.5,0.2203259405245739,0.2203259405245739,19
ketone,HSV_primary,Ridge,4,6,1.0,1.6781182117391755,1.6781182117391755,19
ketone,HSV_primary,Ridge,4,7,5.0,4.3125657650037805,4.3125657650037805,19
ketone,HSV_primary,Ridge,4,8,10.0,9.62764807326243,9.62764807326243,19
ketone,HSV_primary,ElasticNet,4,1,0.0,0.05213348091449112,0.05213348091449112,19
ketone,HSV_primary,ElasticNet,4,2,0.01,0.05382427263349533,0.05382427263349533,19
ketone,HSV_primary,ElasticNet,4,3,0.05,0.08676612231644854,0.08676612231644854,19
ketone,HSV_primary,ElasticNet,4,4,0.1,0.11074515703592283,0.11074515703592283,19
ketone,HSV_primary,ElasticNet,4,5,0.5,0.18338260998233588,0.18338260998233588,19
ketone,HSV_primary,ElasticNet,4,6,1.0,1.7261277360083462,1.7261277360083462,19
ketone,HSV_primary,ElasticNet,4,7,5.0,4.268463517176491,4.268463517176491,19
ketone,HSV_primary,ElasticNet,4,8,10.0,9.419548518916105,9.419548518916105,19
ketone,HSV_primary,SVR,4,1,0.0,0.004272796651768385,0.004272796651768385,19
ketone,HSV_primary,SVR,4,2,0.01,0.01215996353964588,0.01215996353964588,19
ketone,HSV_primary,SVR,4,3,0.05,0.05842120542703633,0.05842120542703633,19
ketone,HSV_primary,SVR,4,4,0.1,0.10043623062547491,0.10043623062547491,19
ketone,HSV_primary,SVR,4,5,0.5,0.4858975697364636,0.4858975697364636,19
ketone,HSV_primary,SVR,4,6,1.0,1.0266355985686348,1.0266355985686348,19
ketone,HSV_primary,SVR,4,7,5.0,5.026452745062894,5.026452745062894,19
ketone,HSV_primary,SVR,4,8,10.0,9.958908309372188,9.958908309372188,19
ketone,HSV_primary,RandomForest,4,1,0.0,0.008800000000000006,0.008800000000000006,19
ketone,HSV_primary,RandomForest,4,2,0.01,0.009800000000000007,0.009800000000000007,19
ketone,HSV_primary,RandomForest,4,3,0.05,0.04893333333333322,0.04893333333333322,19
ketone,HSV_primary,RandomForest,4,4,0.1,0.09846666666666644,0.09846666666666644,19
ketone,HSV_primary,RandomForest,4,5,0.5,0.5,0.5,19
ketone,HSV_primary,RandomForest,4,6,1.0,1.0,1.0,19
ketone,HSV_primary,RandomForest,4,7,5.0,5.0,5.0,19
ketone,HSV_primary,RandomForest,4,8,10.0,10.0,10.0,19
ketone,HSV_primary,ExtraTrees,4,1,0.0,0.008622118647281683,0.008622118647281683,19
ketone,HSV_primary,ExtraTrees,4,2,0.01,0.00993300332774343,0.00993300332774343,19
ketone,HSV_primary,ExtraTrees,4,3,0.05,0.05196785870223255,0.05196785870223255,19
ketone,HSV_primary,ExtraTrees,4,4,0.1,0.09379369358278873,0.09379369358278873,19
ketone,HSV_primary,ExtraTrees,4,5,0.5,0.5000000000000018,0.5000000000000018,19
ketone,HSV_primary,ExtraTrees,4,6,1.0,1.0000000000000027,1.0000000000000027,19
ketone,HSV_primary,ExtraTrees,4,7,5.0,5.0,5.0,19
ketone,HSV_primary,ExtraTrees,4,8,10.0,10.000000000000046,10.0,19
ketone,RGB_HSV_combined,Ridge,4,1,0.0,0.029949017184528966,0.029949017184528966,19
ketone,RGB_HSV_combined,Ridge,4,2,0.01,0.009326083469007198,0.009326083469007198,19
ketone,RGB_HSV_combined,Ridge,4,3,0.05,0.09361134026813102,0.09361134026813102,19
ketone,RGB_HSV_combined,Ridge,4,4,0.1,0.09359989255321907,0.09359989255321907,19
ketone,RGB_HSV_combined,Ridge,4,5,0.5,0.25574986971445074,0.25574986971445074,19
ketone,RGB_HSV_combined,Ridge,4,6,1.0,1.630241781340482,1.630241781340482,19
ketone,RGB_HSV_combined,Ridge,4,7,5.0,4.406550271244916,4.406550271244916,19
ketone,RGB_HSV_combined,Ridge,4,8,10.0,10.16593909267354,10.0,19
ketone,RGB_HSV_combined,ElasticNet,4,1,0.0,0.030430280566886795,0.030430280566886795,19
ketone,RGB_HSV_combined,ElasticNet,4,2,0.01,0.012161583172257327,0.012161583172257327,19
ketone,RGB_HSV_combined,ElasticNet,4,3,0.05,0.0914833665572012,0.0914833665572012,19
ketone,RGB_HSV_combined,ElasticNet,4,4,0.1,0.0954366722717587,0.0954366722717587,19
ketone,RGB_HSV_combined,ElasticNet,4,5,0.5,0.2505350568611787,0.2505350568611787,19
ketone,RGB_HSV_combined,ElasticNet,4,6,1.0,1.635664444842163,1.635664444842163,19
ketone,RGB_HSV_combined,ElasticNet,4,7,5.0,4.394505815860675,4.394505815860675,19
ketone,RGB_HSV_combined,ElasticNet,4,8,10.0,10.106137133265412,10.0,19
ketone,RGB_HSV_combined,SVR,4,1,0.0,0.007602047898726871,0.007602047898726871,19
ketone,RGB_HSV_combined,SVR,4,2,0.01,0.010526925561808342,0.010526925561808342,19
ketone,RGB_HSV_combined,SVR,4,3,0.05,0.05560146884662798,0.05560146884662798,19
ketone,RGB_HSV_combined,SVR,4,4,0.1,0.09900749947516063,0.09900749947516063,19
ketone,RGB_HSV_combined,SVR,4,5,0.5,0.4818728729897439,0.4818728729897439,19
ketone,RGB_HSV_combined,SVR,4,6,1.0,1.0156419156231136,1.0156419156231136,19
ketone,RGB_HSV_combined,SVR,4,7,5.0,5.068371902455427,5.068371902455427,19
ketone,RGB_HSV_combined,SVR,4,8,10.0,9.984615432071026,9.984615432071026,19
ketone,RGB_HSV_combined,RandomForest,4,1,0.0,0.008000000000000005,0.008000000000000005,19
ketone,RGB_HSV_combined,RandomForest,4,2,0.01,0.009933333333333341,0.009933333333333341,19
ketone,RGB_HSV_combined,RandomForest,4,3,0.05,0.05006666666666654,0.05006666666666654,19
ketone,RGB_HSV_combined,RandomForest,4,4,0.1,0.09699999999999978,0.09699999999999978,19
ketone,RGB_HSV_combined,RandomForest,4,5,0.5,0.5,0.5,19
ketone,RGB_HSV_combined,RandomForest,4,6,1.0,1.0,1.0,19
ketone,RGB_HSV_combined,RandomForest,4,7,5.0,5.0,5.0,19
ketone,RGB_HSV_combined,RandomForest,4,8,10.0,10.0,10.0,19
ketone,RGB_HSV_combined,ExtraTrees,4,1,0.0,0.008587537754130565,0.008587537754130565,19
ketone,RGB_HSV_combined,ExtraTrees,4,2,0.01,0.010762316590695214,0.010762316590695214,19
ketone,RGB_HSV_combined,ExtraTrees,4,3,0.05,0.054013638107804435,0.054013638107804435,19
ketone,RGB_HSV_combined,ExtraTrees,4,4,0.1,0.0919940696948019,0.0919940696948019,19
ketone,RGB_HSV_combined,ExtraTrees,4,5,0.5,0.5000000000000018,0.5000000000000018,19
ketone,RGB_HSV_combined,ExtraTrees,4,6,1.0,1.0000000000000022,1.0000000000000022,19
ketone,RGB_HSV_combined,ExtraTrees,4,7,5.0,5.0,5.0,19
ketone,RGB_HSV_combined,ExtraTrees,4,8,10.0,10.000000000000046,10.0,19
ketone,Chromaticity_secondary,ExtraTrees,4,1,0.0,0.009397189912997346,0.009397189912997346,19
ketone,Chromaticity_secondary,ExtraTrees,4,2,0.01,0.020217145846416096,0.020217145846416096,19
ketone,Chromaticity_secondary,ExtraTrees,4,3,0.05,0.054394558575750186,0.054394558575750186,19
ketone,Chromaticity_secondary,ExtraTrees,4,4,0.1,0.08396504210646448,0.08396504210646448,19
ketone,Chromaticity_secondary,ExtraTrees,4,5,0.5,0.5000000000000018,0.5000000000000018,19
ketone,Chromaticity_secondary,ExtraTrees,4,6,1.0,1.0000000000000018,1.0000000000000018,19
ketone,Chromaticity_secondary,ExtraTrees,4,7,5.0,5.0,5.0,19
ketone,Chromaticity_secondary,ExtraTrees,4,8,10.0,10.000000000000046,10.0,19
ketone,Background_adjusted_secondary,ExtraTrees,4,1,0.0,0.02739369540566226,0.02739369540566226,19
ketone,Background_adjusted_secondary,ExtraTrees,4,2,0.01,0.03345579134564264,0.03345579134564264,19
ketone,Background_adjusted_secondary,ExtraTrees,4,3,0.05,0.046979918814463825,0.046979918814463825,19
ketone,Background_adjusted_secondary,ExtraTrees,4,4,0.1,0.07355663983353918,0.07355663983353918,19
ketone,Background_adjusted_secondary,ExtraTrees,4,5,0.5,0.47645584565623406,0.47645584565623406,19
ketone,Background_adjusted_secondary,ExtraTrees,4,6,1.0,1.0000000000000018,1.0000000000000018,19
ketone,Background_adjusted_secondary,ExtraTrees,4,7,5.0,5.0,5.0,19
ketone,Background_adjusted_secondary,ExtraTrees,4,8,10.0,10.000000000000046,10.0,19
ketone,Background_negative_control,ExtraTrees,4,1,0.0,0.010000000000000007,0.010000000000000007,19
ketone,Background_negative_control,ExtraTrees,4,2,0.01,0.010000000000000007,0.010000000000000007,19
ketone,Background_negative_control,ExtraTrees,4,3,0.05,0.303666666666667,0.303666666666667,19
ketone,Background_negative_control,ExtraTrees,4,4,0.1,0.20633333333333376,0.20633333333333376,19
ketone,Background_negative_control,ExtraTrees,4,5,0.5,0.4572000000000001,0.4572000000000001,19
ketone,Background_negative_control,ExtraTrees,4,6,1.0,1.8746666666666665,1.8746666666666665,19
ketone,Background_negative_control,ExtraTrees,4,7,5.0,4.6634,4.6634,19
ketone,Background_negative_control,ExtraTrees,4,8,10.0,8.280666666666667,8.280666666666667,19
ketone,Baseline,DummyMean,5,1,0.0,2.0825000000000005,2.0825000000000005,19
ketone,Baseline,DummyMean,5,2,0.01,2.0825000000000005,2.0825000000000005,19
ketone,Baseline,DummyMean,5,3,0.05,2.0825000000000005,2.0825000000000005,19
ketone,Baseline,DummyMean,5,4,0.1,2.0825000000000005,2.0825000000000005,19
ketone,Baseline,DummyMean,5,5,0.5,2.0825000000000005,2.0825000000000005,19
ketone,Baseline,DummyMean,5,6,1.0,2.0825000000000005,2.0825000000000005,19
ketone,Baseline,DummyMean,5,7,5.0,2.0825000000000005,2.0825000000000005,19
ketone,Baseline,DummyMean,5,8,10.0,2.0825000000000005,2.0825000000000005,19
ketone,RGB_primary,Ridge,5,1,0.0,-0.14161002332277245,0.0,19
ketone,RGB_primary,Ridge,5,2,0.01,-0.053448194162470104,0.0,19
ketone,RGB_primary,Ridge,5,3,0.05,0.07326704863152737,0.07326704863152737,19
ketone,RGB_primary,Ridge,5,4,0.1,0.050783342512900446,0.050783342512900446,19
ketone,RGB_primary,Ridge,5,5,0.5,0.5807122832131746,0.5807122832131746,19
ketone,RGB_primary,Ridge,5,6,1.0,2.4436975196514195,2.4436975196514195,19
ketone,RGB_primary,Ridge,5,7,5.0,4.557688804740697,4.557688804740697,19
ketone,RGB_primary,Ridge,5,8,10.0,7.08364402790694,7.08364402790694,19
ketone,RGB_primary,ElasticNet,5,1,0.0,-0.14338462665918805,0.0,19
ketone,RGB_primary,ElasticNet,5,2,0.01,-0.05555263719961115,0.0,19
ketone,RGB_primary,ElasticNet,5,3,0.05,0.07457238324012352,0.07457238324012352,19
ketone,RGB_primary,ElasticNet,5,4,0.1,0.05108658691252307,0.05108658691252307,19
ketone,RGB_primary,ElasticNet,5,5,0.5,0.5841238857986206,0.5841238857986206,19
ketone,RGB_primary,ElasticNet,5,6,1.0,2.4514309358713464,2.4514309358713464,19
ketone,RGB_primary,ElasticNet,5,7,5.0,4.5372090326426,4.5372090326426,19
ketone,RGB_primary,ElasticNet,5,8,10.0,7.085187244971937,7.085187244971937,19
ketone,RGB_primary,SVR,5,1,0.0,0.008186316331368904,0.008186316331368904,19
ketone,RGB_primary,SVR,5,2,0.01,0.016131670217487848,0.016131670217487848,19
ketone,RGB_primary,SVR,5,3,0.05,0.04595549667326049,0.04595549667326049,19
ketone,RGB_primary,SVR,5,4,0.1,0.0655135635032984,0.0655135635032984,19
ketone,RGB_primary,SVR,5,5,0.5,0.49876573026119964,0.49876573026119964,19
ketone,RGB_primary,SVR,5,6,1.0,1.0009398277363823,1.0009398277363823,19
ketone,RGB_primary,SVR,5,7,5.0,4.732521198600566,4.732521198600566,19
ketone,RGB_primary,SVR,5,8,10.0,9.996465394870079,9.996465394870079,19
ketone,RGB_primary,RandomForest,5,1,0.0,0.006200000000000003,0.006200000000000003,19
ketone,RGB_primary,RandomForest,5,2,0.01,0.012866666666666674,0.012866666666666674,19
ketone,RGB_primary,RandomForest,5,3,0.05,0.055333333333333234,0.055333333333333234,19
ketone,RGB_primary,RandomForest,5,4,0.1,0.06899999999999999,0.06899999999999999,19
ketone,RGB_primary,RandomForest,5,5,0.5,0.49406666666666665,0.49406666666666665,19
ketone,RGB_primary,RandomForest,5,6,1.0,1.0,1.0,19
ketone,RGB_primary,RandomForest,5,7,5.0,5.0,5.0,19
ketone,RGB_primary,RandomForest,5,8,10.0,10.0,10.0,19
ketone,RGB_primary,ExtraTrees,5,1,0.0,0.004755380242136209,0.004755380242136209,19
ketone,RGB_primary,ExtraTrees,5,2,0.01,0.01832688300166475,0.01832688300166475,19
ketone,RGB_primary,ExtraTrees,5,3,0.05,0.056096395718454636,0.056096395718454636,19
ketone,RGB_primary,ExtraTrees,5,4,0.1,0.06839512214488268,0.06839512214488268,19
ketone,RGB_primary,ExtraTrees,5,5,0.5,0.4960500620453911,0.4960500620453911,19
ketone,RGB_primary,ExtraTrees,5,6,1.0,1.0069888244613945,1.0069888244613945,19
ketone,RGB_primary,ExtraTrees,5,7,5.0,5.0,5.0,19
ketone,RGB_primary,ExtraTrees,5,8,10.0,10.000000000000046,10.0,19
ketone,HSV_primary,Ridge,5,1,0.0,0.02422744211144126,0.02422744211144126,19
ketone,HSV_primary,Ridge,5,2,0.01,0.006525140797909889,0.006525140797909889,19
ketone,HSV_primary,Ridge,5,3,0.05,0.05700326712554639,0.05700326712554639,19
ketone,HSV_primary,Ridge,5,4,0.1,0.091823981454089,0.091823981454089,19
ketone,HSV_primary,Ridge,5,5,0.5,0.18787972373099177,0.18787972373099177,19
ketone,HSV_primary,Ridge,5,6,1.0,1.6227928687054334,1.6227928687054334,19
ketone,HSV_primary,Ridge,5,7,5.0,4.07949164462888,4.07949164462888,19
ketone,HSV_primary,Ridge,5,8,10.0,8.921558753149261,8.921558753149261,19
ketone,HSV_primary,ElasticNet,5,1,0.0,0.05004181730469263,0.05004181730469263,19
ketone,HSV_primary,ElasticNet,5,2,0.01,0.04027528987026692,0.04027528987026692,19
ketone,HSV_primary,ElasticNet,5,3,0.05,0.07023060568349783,0.07023060568349783,19
ketone,HSV_primary,ElasticNet,5,4,0.1,0.09285607125218441,0.09285607125218441,19
ketone,HSV_primary,ElasticNet,5,5,0.5,0.16947560463625516,0.16947560463625516,19
ketone,HSV_primary,ElasticNet,5,6,1.0,1.6723170584257474,1.6723170584257474,19
ketone,HSV_primary,ElasticNet,5,7,5.0,4.070480540141655,4.070480540141655,19
ketone,HSV_primary,ElasticNet,5,8,10.0,8.778158665904895,8.778158665904895,19
ketone,HSV_primary,SVR,5,1,0.0,0.0021022425008053423,0.0021022425008053423,19
ketone,HSV_primary,SVR,5,2,0.01,0.014668937103694638,0.014668937103694638,19
ketone,HSV_primary,SVR,5,3,0.05,0.05337961131113602,0.05337961131113602,19
ketone,HSV_primary,SVR,5,4,0.1,0.08549584118466774,0.08549584118466774,19
ketone,HSV_primary,SVR,5,5,0.5,0.5046193937699108,0.5046193937699108,19
ketone,HSV_primary,SVR,5,6,1.0,1.0080806641085727,1.0080806641085727,19
ketone,HSV_primary,SVR,5,7,5.0,4.984812603109617,4.984812603109617,19
ketone,HSV_primary,SVR,5,8,10.0,10.037321334304819,10.0,19
ketone,HSV_primary,RandomForest,5,1,0.0,0.0048666666666666684,0.0048666666666666684,19
ketone,HSV_primary,RandomForest,5,2,0.01,0.015199999999999986,0.015199999999999986,19
ketone,HSV_primary,RandomForest,5,3,0.05,0.05066666666666654,0.05066666666666654,19
ketone,HSV_primary,RandomForest,5,4,0.1,0.09166666666666652,0.09166666666666652,19
ketone,HSV_primary,RandomForest,5,5,0.5,0.5,0.5,19
ketone,HSV_primary,RandomForest,5,6,1.0,1.0,1.0,19
ketone,HSV_primary,RandomForest,5,7,5.0,5.0,5.0,19
ketone,HSV_primary,RandomForest,5,8,10.0,10.0,10.0,19
ketone,HSV_primary,ExtraTrees,5,1,0.0,0.004631674402053768,0.004631674402053768,19
ketone,HSV_primary,ExtraTrees,5,2,0.01,0.0173501630984318,0.0173501630984318,19
ketone,HSV_primary,ExtraTrees,5,3,0.05,0.050705278254541436,0.050705278254541436,19
ketone,HSV_primary,ExtraTrees,5,4,0.1,0.09091950037287631,0.09091950037287631,19
ketone,HSV_primary,ExtraTrees,5,5,0.5,0.49595082404966206,0.49595082404966206,19
ketone,HSV_primary,ExtraTrees,5,6,1.0,1.0000000000000022,1.0000000000000022,19
ketone,HSV_primary,ExtraTrees,5,7,5.0,5.0,5.0,19
ketone,HSV_primary,ExtraTrees,5,8,10.0,10.000000000000046,10.0,19
ketone,RGB_HSV_combined,Ridge,5,1,0.0,0.0109626104557063,0.0109626104557063,19
ketone,RGB_HSV_combined,Ridge,5,2,0.01,0.0010342856511139213,0.0010342856511139213,19
ketone,RGB_HSV_combined,Ridge,5,3,0.05,0.08012168386249843,0.08012168386249843,19
ketone,RGB_HSV_combined,Ridge,5,4,0.1,0.0718950227208985,0.0718950227208985,19
ketone,RGB_HSV_combined,Ridge,5,5,0.5,0.22005195413716186,0.22005195413716186,19
ketone,RGB_HSV_combined,Ridge,5,6,1.0,1.5752159146502307,1.5752159146502307,19
ketone,RGB_HSV_combined,Ridge,5,7,5.0,4.241501150779693,4.241501150779693,19
ketone,RGB_HSV_combined,Ridge,5,8,10.0,9.551678436719442,9.551678436719442,19
ketone,RGB_HSV_combined,ElasticNet,5,1,0.0,0.01287428796718459,0.01287428796718459,19
ketone,RGB_HSV_combined,ElasticNet,5,2,0.01,0.001697318809122251,0.001697318809122251,19
ketone,RGB_HSV_combined,ElasticNet,5,3,0.05,0.0799833606657802,0.0799833606657802,19
ketone,RGB_HSV_combined,ElasticNet,5,4,0.1,0.07960744581828556,0.07960744581828556,19
ketone,RGB_HSV_combined,ElasticNet,5,5,0.5,0.21671492722805952,0.21671492722805952,19
ketone,RGB_HSV_combined,ElasticNet,5,6,1.0,1.5801799542143624,1.5801799542143624,19
ketone,RGB_HSV_combined,ElasticNet,5,7,5.0,4.272348351913754,4.272348351913754,19
ketone,RGB_HSV_combined,ElasticNet,5,8,10.0,9.414748154390669,9.414748154390669,19
ketone,RGB_HSV_combined,SVR,5,1,0.0,0.0036715915699603308,0.0036715915699603308,19
ketone,RGB_HSV_combined,SVR,5,2,0.01,0.02226250399759433,0.02226250399759433,19
ketone,RGB_HSV_combined,SVR,5,3,0.05,0.040841377566505965,0.040841377566505965,19
ketone,RGB_HSV_combined,SVR,5,4,0.1,0.08792497505588859,0.08792497505588859,19
ketone,RGB_HSV_combined,SVR,5,5,0.5,0.49057600439906857,0.49057600439906857,19
ketone,RGB_HSV_combined,SVR,5,6,1.0,1.050603098308351,1.050603098308351,19
ketone,RGB_HSV_combined,SVR,5,7,5.0,4.895386822065447,4.895386822065447,19
ketone,RGB_HSV_combined,SVR,5,8,10.0,10.023610426851882,10.0,19
ketone,RGB_HSV_combined,RandomForest,5,1,0.0,0.003266666666666667,0.003266666666666667,19
ketone,RGB_HSV_combined,RandomForest,5,2,0.01,0.014666666666666647,0.014666666666666647,19
ketone,RGB_HSV_combined,RandomForest,5,3,0.05,0.05199999999999987,0.05199999999999987,19
ketone,RGB_HSV_combined,RandomForest,5,4,0.1,0.0913333333333332,0.0913333333333332,19
ketone,RGB_HSV_combined,RandomForest,5,5,0.5,0.5,0.5,19
ketone,RGB_HSV_combined,RandomForest,5,6,1.0,1.0,1.0,19
ketone,RGB_HSV_combined,RandomForest,5,7,5.0,5.0,5.0,19
ketone,RGB_HSV_combined,RandomForest,5,8,10.0,10.0,10.0,19
ketone,RGB_HSV_combined,ExtraTrees,5,1,0.0,0.003655118358433634,0.003655118358433634,19
ketone,RGB_HSV_combined,ExtraTrees,5,2,0.01,0.014874251323963148,0.014874251323963148,19
ketone,RGB_HSV_combined,ExtraTrees,5,3,0.05,0.0513033687070634,0.0513033687070634,19
ketone,RGB_HSV_combined,ExtraTrees,5,4,0.1,0.08610153201058723,0.08610153201058723,19
ketone,RGB_HSV_combined,ExtraTrees,5,5,0.5,0.5000000000000018,0.5000000000000018,19
ketone,RGB_HSV_combined,ExtraTrees,5,6,1.0,1.0000000000000022,1.0000000000000022,19
ketone,RGB_HSV_combined,ExtraTrees,5,7,5.0,5.0,5.0,19
ketone,RGB_HSV_combined,ExtraTrees,5,8,10.0,10.000000000000046,10.0,19
ketone,Chromaticity_secondary,ExtraTrees,5,1,0.0,0.0027234589945310628,0.0027234589945310628,19
ketone,Chromaticity_secondary,ExtraTrees,5,2,0.01,0.014874251323963155,0.014874251323963155,19
ketone,Chromaticity_secondary,ExtraTrees,5,3,0.05,0.051138821288901265,0.051138821288901265,19
ketone,Chromaticity_secondary,ExtraTrees,5,4,0.1,0.0785475160891467,0.0785475160891467,19
ketone,Chromaticity_secondary,ExtraTrees,5,5,0.5,0.5000000000000018,0.5000000000000018,19
ketone,Chromaticity_secondary,ExtraTrees,5,6,1.0,1.0000000000000018,1.0000000000000018,19
ketone,Chromaticity_secondary,ExtraTrees,5,7,5.0,5.0,5.0,19
ketone,Chromaticity_secondary,ExtraTrees,5,8,10.0,10.000000000000046,10.0,19
ketone,Background_adjusted_secondary,ExtraTrees,5,1,0.0,0.028533333333333306,0.028533333333333306,19
ketone,Background_adjusted_secondary,ExtraTrees,5,2,0.01,0.022133333333333314,0.022133333333333314,19
ketone,Background_adjusted_secondary,ExtraTrees,5,3,0.05,0.05186666666666652,0.05186666666666652,19
ketone,Background_adjusted_secondary,ExtraTrees,5,4,0.1,0.06073333333333321,0.06073333333333321,19
ketone,Background_adjusted_secondary,ExtraTrees,5,5,0.5,0.4946666666666667,0.4946666666666667,19
ketone,Background_adjusted_secondary,ExtraTrees,5,6,1.0,1.0,1.0,19
ketone,Background_adjusted_secondary,ExtraTrees,5,7,5.0,5.0,5.0,19
ketone,Background_adjusted_secondary,ExtraTrees,5,8,10.0,10.0,10.0,19
ketone,Background_negative_control,ExtraTrees,5,1,0.0,0.008066666666666668,0.008066666666666668,19
ketone,Background_negative_control,ExtraTrees,5,2,0.01,0.010000000000000007,0.010000000000000007,19
ketone,Background_negative_control,ExtraTrees,5,3,0.05,0.35066666666666696,0.35066666666666696,19
ketone,Background_negative_control,ExtraTrees,5,4,0.1,0.3197999999999999,0.3197999999999999,19
ketone,Background_negative_control,ExtraTrees,5,5,0.5,0.44833333333333303,0.44833333333333303,19
ketone,Background_negative_control,ExtraTrees,5,6,1.0,2.144666666666667,2.144666666666667,19
ketone,Background_negative_control,ExtraTrees,5,7,5.0,5.0,5.0,19
ketone,Background_negative_control,ExtraTrees,5,8,10.0,8.207999999999998,8.207999999999998,19
