mae,rmse,r2,spearman_rho,normalized_mae,normalized_rmse,mean_absolute_log1p_error,unclipped_mae,clipped_fraction,analyte,feature_set,model,outer_fold,evaluation_unit,n_observations,fit_seconds,predict_seconds,inner_best_mae
5.5100826446281,6.6800139802892256,0.0,,0.275504132231405,0.3340006990144613,1.1671083184368771,5.5100826446281,0.0,glucose,Baseline,DummyMean,1,patch,220,0.013246799993794411,3.429999924264848e-05,
5.5100826446281,6.6800139802892256,0.0,,0.275504132231405,0.3340006990144613,1.1671083184368773,5.5100826446281,0.0,glucose,Baseline,DummyMean,1,concentration_median,11,0.013246799993794411,3.429999924264848e-05,
1.3770904507377628,2.5450537973003646,0.8548425965634063,0.8932470137859863,0.06885452253688815,0.12725268986501823,0.18554711854061146,1.3902645996142664,0.08181818181818182,glucose,RGB_primary,Ridge,1,patch,220,0.13440320000518113,0.0013980999938212335,1.3953349869520668
1.350569232366891,2.378087495739877,0.8732637315341141,0.9181818181818183,0.06752846161834455,0.11890437478699385,0.17321671780627215,1.352811656641579,0.09090909090909091,glucose,RGB_primary,Ridge,1,concentration_median,11,0.13440320000518113,0.0013980999938212335,1.3953349869520668
1.3918487377113968,2.5820994943686917,0.8505860309676945,0.889917804453358,0.06959243688556985,0.12910497471843457,0.1867826806467018,1.4038504365835258,0.06363636363636363,glucose,RGB_primary,ElasticNet,1,patch,220,0.26924789999611676,0.001236099997186102,1.4160835042172337
1.3746297268538783,2.4539357195111724,0.8650503937477776,0.9181818181818183,0.06873148634269391,0.12269678597555862,0.1754684980046906,1.3752593917595355,0.09090909090909091,glucose,RGB_primary,ElasticNet,1,concentration_median,11,0.26924789999611676,0.001236099997186102,1.4160835042172337
0.6678367655737033,1.217076444162754,0.9668043657275374,0.9072462975026578,0.033391838278685165,0.060853822208137696,0.1293072954330183,0.6811190302806223,0.09090909090909091,glucose,RGB_primary,SVR,1,patch,220,2.00912660000904,0.008196700000553392,0.7052548691450988
0.3560652199789203,0.5125917001701299,0.9941117207660503,0.9454545454545454,0.017803260998946017,0.025629585008506494,0.08374198069491562,0.3561198754459369,0.09090909090909091,glucose,RGB_primary,SVR,1,concentration_median,11,2.00912660000904,0.008196700000553392,0.7052548691450988
0.6008108109412682,1.3325727578360291,0.9602051274210845,0.8969973686523132,0.03004054054706341,0.06662863789180146,0.1343695099141308,0.6008108109412682,0.0,glucose,RGB_primary,RandomForest,1,patch,220,5.62509260000661,0.008825500000966713,0.7112340117904011
0.32571435385113395,0.5220397308649191,0.9938926561571988,0.9454545454545454,0.016285717692556698,0.026101986543245952,0.07762218523575658,0.32571435385113395,0.0,glucose,RGB_primary,RandomForest,1,concentration_median,11,5.62509260000661,0.008825500000966713,0.7112340117904011
0.5002884993615243,0.9769649507158412,0.978610372372626,0.891500670489678,0.025014424968076217,0.04884824753579206,0.12264314010119928,0.5002884993615243,0.0,glucose,RGB_primary,ExtraTrees,1,patch,220,3.6034651000081794,0.00941330000932794,0.5614895404481842
0.21832833221896727,0.37013621003103603,0.9969297877180177,0.9454545454545454,0.010916416610948363,0.018506810501551802,0.06934327272580205,0.21832833221896727,0.0,glucose,RGB_primary,ExtraTrees,1,concentration_median,11,3.6034651000081794,0.00941330000932794,0.5614895404481842
1.0359244531980552,1.809028533374437,0.9266608130333679,0.9019620688450176,0.05179622265990276,0.09045142666872184,0.16189643567959525,1.0473838970137204,0.09090909090909091,glucose,HSV_primary,Ridge,1,patch,220,0.12413480000395793,0.0011561999999685213,1.0914181713540012
1.1002714893612289,1.8541970682545876,0.9229527686255334,0.9363636363636365,0.055013574468061446,0.09270985341272939,0.15934920841047043,1.1051825915243656,0.09090909090909091,glucose,HSV_primary,Ridge,1,concentration_median,11,0.12413480000395793,0.0011561999999685213,1.0914181713540012
1.0436055886021065,1.8270417815255056,0.9251930039795235,0.901984710728461,0.05218027943010532,0.09135208907627528,0.1620593911953501,1.0547319643648272,0.09090909090909091,glucose,HSV_primary,ElasticNet,1,patch,220,0.29152119999343995,0.001458500002627261,1.0989777867239159
1.1009349333198233,1.863516516766612,0.9221763223717266,0.9363636363636365,0.055046746665991166,0.09317582583833059,0.15873430424553714,1.1056857504941717,0.09090909090909091,glucose,HSV_primary,ElasticNet,1,concentration_median,11,0.29152119999343995,0.001458500002627261,1.0989777867239159
0.4001341675711218,0.8682329624092133,0.9831065715489896,0.9145588310458564,0.02000670837855609,0.043411648120460666,0.09100235964249254,0.45163816734405177,0.06363636363636363,glucose,HSV_primary,SVR,1,patch,220,2.9195030000119004,0.007215300007374026,0.4422136095988801
0.14792779080622773,0.22329475302659813,0.9988826163983154,0.9454545454545454,0.0073963895403113865,0.011164737651329906,0.06837739089521912,0.14792779080622773,0.0,glucose,HSV_primary,SVR,1,concentration_median,11,2.9195030000119004,0.007215300007374026,0.4422136095988801
0.33003606060606056,0.9290791695071637,0.9806558031355601,0.9246332956232303,0.016501803030303026,0.04645395847535819,0.07859808762320003,0.33003606060606056,0.0,glucose,HSV_primary,RandomForest,1,patch,220,6.032318600002327,0.007816700002877042,0.3706543737373737
0.08349999999999987,0.16214219130756855,0.9994108344652118,0.9454545454545454,0.004174999999999993,0.008107109565378428,0.05044426833739062,0.08349999999999987,0.0,glucose,HSV_primary,RandomForest,1,concentration_median,11,6.032318600002327,0.007816700002877042,0.3706543737373737
0.36623757575757576,0.9148022973696159,0.9812457478662642,0.9256039137149331,0.018311878787878787,0.0457401148684808,0.08142280734312603,0.36623757575757576,0.0,glucose,HSV_primary,ExtraTrees,1,patch,220,3.7237402999890037,0.008568400007789023,0.3607784393939394
0.13663939393939384,0.24438509290945606,0.9986615730294834,0.9454545454545454,0.006831969696969692,0.012219254645472803,0.04908919301607408,0.13663939393939384,0.0,glucose,HSV_primary,ExtraTrees,1,concentration_median,11,3.7237402999890037,0.008568400007789023,0.3607784393939394
0.8758953091570414,1.5830163974372347,0.9438414243646068,0.8913430255101369,0.04379476545785207,0.07915081987186173,0.14630395553638637,0.8890815284746103,0.09090909090909091,glucose,RGB_HSV_combined,Ridge,1,patch,220,0.12395989999640733,0.0012602000060724095,0.9312046367618564
0.9099368477714076,1.5964509671437404,0.9428841787402636,0.9454545454545454,0.04549684238857038,0.07982254835718702,0.13301654059219994,0.9136829861289116,0.09090909090909091,glucose,RGB_HSV_combined,Ridge,1,concentration_median,11,0.12395989999640733,0.0012602000060724095,0.9312046367618564
0.9325993255433306,1.6480495152013919,0.9391324573329297,0.895347957960443,0.04662996627716653,0.0824024757600696,0.1502101668085457,0.9443548764619648,0.08636363636363636,glucose,RGB_HSV_combined,ElasticNet,1,patch,220,0.3829526000045007,0.00134599999000784,0.9951436279855272
0.990870921418479,1.680003158033279,0.9367492829334259,0.9363636363636365,0.04954354607092395,0.08400015790166396,0.1422179434340185,0.9956816583173823,0.09090909090909091,glucose,RGB_HSV_combined,ElasticNet,1,concentration_median,11,0.3829526000045007,0.00134599999000784,0.9951436279855272
0.4069218987391564,0.8723870255851726,0.9829445315168502,0.9110908513654712,0.02034609493695782,0.04361935127925863,0.0913490738462456,0.4400797425667368,0.07272727272727272,glucose,RGB_HSV_combined,SVR,1,patch,220,2.8823543999897083,0.007434900006046519,0.4597443063271087
0.17916180299138193,0.25110605246530754,0.9985869432021048,0.9454545454545454,0.008958090149569097,0.012555302623265378,0.0661024950528438,0.17916180299138193,0.0,glucose,RGB_HSV_combined,SVR,1,concentration_median,11,2.8823543999897083,0.007434900006046519,0.4597443063271087
0.32651121212121215,0.9015903844839626,0.9817835477477187,0.9239919225085078,0.016325560606060607,0.04507951922419813,0.07810113531928647,0.32651121212121215,0.0,glucose,RGB_HSV_combined,RandomForest,1,patch,220,7.354436499997973,0.007390400001895614,0.3729654090909091
0.09532424242424226,0.17227509273182104,0.9993348949552349,0.9454545454545454,0.004766212121212113,0.008613754636591052,0.050813988025692126,0.09532424242424226,0.0,glucose,RGB_HSV_combined,RandomForest,1,concentration_median,11,7.354436499997973,0.007390400001895614,0.3729654090909091
0.34763393939393944,0.877342201806517,0.9827502304400274,0.9245701376857324,0.01738169696969697,0.04386711009032585,0.08228501860084278,0.34763393939393944,0.0,glucose,RGB_HSV_combined,ExtraTrees,1,patch,220,4.23815979999199,0.008500300013110973,0.35673496464646465
0.12379999999999985,0.21098351364574203,0.9990024324844075,0.9454545454545454,0.006189999999999992,0.010549175682287101,0.04892059926667124,0.12379999999999985,0.0,glucose,RGB_HSV_combined,ExtraTrees,1,concentration_median,11,4.23815979999199,0.008500300013110973,0.35673496464646465
0.5563574916720344,1.2989331569874691,0.9621889390958303,0.8991335648152933,0.027817874583601722,0.06494665784937345,0.10426728265656687,0.5563574916720344,0.0,glucose,Chromaticity_secondary,ExtraTrees,1,patch,220,3.109263699996518,0.009811399999307469,0.5716231557482461
0.3980076634463012,0.9535560113974394,0.9796231206536927,0.9454545454545454,0.01990038317231506,0.04767780056987197,0.06951598594534497,0.3980076634463012,0.0,glucose,Chromaticity_secondary,ExtraTrees,1,concentration_median,11,3.109263699996518,0.009811399999307469,0.5716231557482461
1.0443739126255631,2.3031746796740555,0.8811226782611677,0.8563189751437904,0.05221869563127816,0.11515873398370277,0.19275780013073357,1.0443739126255631,0.0,glucose,Background_adjusted_secondary,ExtraTrees,1,patch,220,3.5637284999975236,0.010584899995592423,1.0999583132120168
0.7152387461875351,1.4966852099436487,0.9497997140133139,0.9090909090909091,0.035761937309376754,0.07483426049718243,0.11713858410608706,0.7152387461875351,0.0,glucose,Background_adjusted_secondary,ExtraTrees,1,concentration_median,11,3.5637284999975236,0.010584899995592423,1.0999583132120168
4.214713147423688,6.639655869010006,0.012046740379902388,0.3435941401540266,0.2107356573711844,0.3319827934505003,0.8333675645367299,4.214713147423688,0.0,glucose,Background_negative_control,ExtraTrees,1,patch,220,3.6917647999944165,0.010417400000733323,4.11891110499424
3.5554687308556083,5.900218889063229,0.21984390746007298,0.7181818181818183,0.1777734365427804,0.29501094445316145,0.6254148454929997,3.5554687308556083,0.0,glucose,Background_negative_control,ExtraTrees,1,concentration_median,11,3.6917647999944165,0.010417400000733323,4.11891110499424
5.510082644628099,6.6800139802892256,0.0,,0.27550413223140496,0.3340006990144613,1.1671083184368773,5.510082644628099,0.0,glucose,Baseline,DummyMean,2,patch,209,0.00027459999546408653,2.2899999748915434e-05,
5.510082644628099,6.6800139802892256,0.0,,0.27550413223140496,0.3340006990144613,1.1671083184368773,5.510082644628099,0.0,glucose,Baseline,DummyMean,2,concentration_median,11,0.00027459999546408653,2.2899999748915434e-05,
1.3833249181613536,2.4148230293179416,0.8693179691243644,0.8904632713670984,0.06916624590806768,0.12074115146589708,0.18995242344680024,1.3890329961581789,0.05741626794258373,glucose,RGB_primary,Ridge,2,patch,209,0.13212510000448674,0.001428099989425391,1.3861760661268125
1.23612303596749,2.1483638029477827,0.8965665739438987,0.9363636363636365,0.061806151798374495,0.10741819014738914,0.1559633732852443,1.23612303596749,0.0,glucose,RGB_primary,Ridge,2,concentration_median,11,0.13212510000448674,0.001428099989425391,1.3861760661268125
1.4094825999080498,2.457214045735406,0.8646895820551015,0.8886757830432699,0.07047412999540249,0.1228607022867703,0.19184299683120487,1.414256859962982,0.05263157894736842,glucose,RGB_primary,ElasticNet,2,patch,209,0.308001699988381,0.001358200010145083,1.4028234476439796
1.2963449715952504,2.2498292083915827,0.8865657095980635,0.9363636363636365,0.06481724857976252,0.11249146041957914,0.16153754965571823,1.2963449715952504,0.0,glucose,RGB_primary,ElasticNet,2,concentration_median,11,0.308001699988381,0.001358200010145083,1.4028234476439796
0.7034462048283351,1.4637635638025905,0.9519838735161096,0.8991059647853847,0.03517231024141675,0.07318817819012953,0.13246097521997377,0.7261776200192512,0.05741626794258373,glucose,RGB_primary,SVR,2,patch,209,2.2965031000057934,0.007843499988666736,0.6783569304717865
0.4498530201557866,0.8705830339556359,0.9830149959077576,0.9454545454545454,0.02249265100778933,0.04352915169778179,0.08672757769913111,0.4498530201557866,0.0,glucose,RGB_primary,SVR,2,concentration_median,11,2.2965031000057934,0.007843499988666736,0.6783569304717865
0.7435208632692843,1.6187635552515403,0.9412764781899758,0.8964282430501567,0.03717604316346422,0.08093817776257702,0.14098181300874527,0.7435208632692843,0.0,glucose,RGB_primary,RandomForest,2,patch,209,5.62384510000993,0.009055099988472648,0.6323487366161615
0.3364716594516597,0.5602627071709608,0.9929655736316633,0.9363636363636365,0.016823582972582983,0.02801313535854804,0.07448024548010652,0.3364716594516597,0.0,glucose,RGB_primary,RandomForest,2,concentration_median,11,5.62384510000993,0.009055099988472648,0.6323487366161615
0.581209144072302,1.2864975060323085,0.9629094601506687,0.896228829485154,0.0290604572036151,0.06432487530161543,0.12211497629988925,0.581209144072302,0.0,glucose,RGB_primary,ExtraTrees,2,patch,209,3.5258974000025773,0.010591600002953783,0.5259926843434343
0.268820202020202,0.47644919293201315,0.9949128042580605,0.9363636363636365,0.013441010101010101,0.02382245964660066,0.061283289070650386,0.268820202020202,0.0,glucose,RGB_primary,ExtraTrees,2,concentration_median,11,3.5258974000025773,0.010591600002953783,0.5259926843434343
1.0625056131402288,1.8786825820573954,0.9209044455048009,0.9091750803201107,0.05312528065701144,0.09393412910286977,0.16459850161093523,1.0714903322528408,0.0861244019138756,glucose,HSV_primary,Ridge,2,patch,209,0.14008149999426678,0.0021214000007603317,1.0762531387235037
0.9357768796330416,1.747951253983719,0.9315294381838102,0.9454545454545454,0.046788843981652076,0.08739756269918594,0.13284862611595263,0.9370189670031519,0.09090909090909091,glucose,HSV_primary,Ridge,2,concentration_median,11,0.14008149999426678,0.0021214000007603317,1.0762531387235037
1.070273172788823,1.89705585274889,0.9193497919238716,0.909375772914031,0.05351365863944115,0.0948527926374445,0.16463593021576056,1.0788997830105742,0.0861244019138756,glucose,HSV_primary,ElasticNet,2,patch,209,0.2952194999961648,0.0015764999989187345,1.0839221177674427
0.9419475135876172,1.768054182571654,0.9299454420215232,0.9454545454545454,0.04709737567938086,0.0884027091285827,0.13292403665774055,0.9432203729832842,0.09090909090909091,glucose,HSV_primary,ElasticNet,2,concentration_median,11,0.2952194999961648,0.0015764999989187345,1.0839221177674427
0.44349095937030303,1.0015607380360896,0.9775198171053678,0.9051374655461228,0.022174547968515153,0.05007803690180448,0.09652459332258474,0.4463311749159702,0.019138755980861243,glucose,HSV_primary,SVR,2,patch,209,2.9392230000084965,0.008094999997410923,0.42843767387988196
0.1999105716613504,0.32731480130823465,0.9975990863171785,0.9454545454545454,0.00999552858306752,0.016365740065411732,0.06038526938425128,0.1999105716613504,0.0,glucose,HSV_primary,SVR,2,concentration_median,11,2.9392230000084965,0.008094999997410923,0.42843767387988196
0.3823424242886675,1.0517610291258153,0.9752098355947072,0.9178032842306076,0.019117121214433375,0.052588051456290766,0.08503491797590408,0.3823424242886675,0.0,glucose,HSV_primary,RandomForest,2,patch,209,6.092374600004405,0.013957800008938648,0.36225596569032265
0.170309705654935,0.33824772066454645,0.9974360177479874,0.9454545454545454,0.00851548528274675,0.01691238603322732,0.05912680443987099,0.170309705654935,0.0,glucose,HSV_primary,RandomForest,2,concentration_median,11,6.092374600004405,0.013957800008938648,0.36225596569032265
0.38559553429027116,1.0318119128494976,0.9761413243740894,0.9026158873627342,0.019279776714513558,0.05159059564247488,0.08726864419134621,0.38559553429027116,0.0,glucose,HSV_primary,ExtraTrees,2,patch,209,3.7994715999957407,0.009182200010400265,0.36142673232323236
0.1291939393939394,0.23942369274251996,0.9987153657197616,0.9454545454545454,0.0064596969696969694,0.011971184637125997,0.04995443157863791,0.1291939393939394,0.0,glucose,HSV_primary,ExtraTrees,2,concentration_median,11,3.7994715999957407,0.009182200010400265,0.36142673232323236
0.9783469805111089,1.695600363712143,0.9355693875884464,0.9053188756289774,0.048917349025555446,0.08478001818560715,0.15148970034433654,0.9887205052186879,0.09569377990430622,glucose,RGB_HSV_combined,Ridge,2,patch,209,0.1274456000101054,0.0013106999977026135,0.9361706570134605
0.85672855134235,1.549021690884351,0.9462274966077373,0.9454545454545454,0.0428364275671175,0.07745108454421755,0.12675907898418062,0.8570269910628714,0.09090909090909091,glucose,RGB_HSV_combined,Ridge,2,concentration_median,11,0.1274456000101054,0.0013106999977026135,0.9361706570134605
1.0129481385487482,1.7634453782785635,0.9303101898210733,0.9070050916483481,0.05064740692743741,0.08817226891392818,0.15453600922685426,1.0223920648613973,0.0861244019138756,glucose,RGB_HSV_combined,ElasticNet,2,patch,209,0.4024980000103824,0.0014851999876555055,0.9887412235404851
0.8886407239232189,1.6169335374116052,0.9414091774311428,0.9363636363636365,0.04443203619616094,0.08084667687058025,0.1292307994028733,0.8886407239232189,0.0,glucose,RGB_HSV_combined,ElasticNet,2,concentration_median,11,0.4024980000103824,0.0014851999876555055,0.9887412235404851
0.46470711404164156,1.0598443359954175,0.9748273218189117,0.9058525038279821,0.02323535570208208,0.052992216799770876,0.0991764350014149,0.47660241169525563,0.023923444976076555,glucose,RGB_HSV_combined,SVR,2,patch,209,3.017200700007379,0.007370699997409247,0.45932547511140986
0.25419795661822897,0.43127380913471486,0.9958317723852347,0.9454545454545454,0.012709897830911449,0.021563690456735743,0.06075541683978223,0.25419795661822897,0.0,glucose,RGB_HSV_combined,SVR,2,concentration_median,11,3.017200700007379,0.007370699997409247,0.45932547511140986
0.3819562998405104,1.0752337076075809,0.9740909792666907,0.9122258016846682,0.01909781499202552,0.053761685380379044,0.0831427160267186,0.3819562998405104,0.0,glucose,RGB_HSV_combined,RandomForest,2,patch,209,7.869073699999717,0.007966199991642497,0.36836797979797986
0.15498181818181805,0.32168070624095013,0.9976810291773283,0.9454545454545454,0.0077490909090909025,0.016084035312047506,0.050039989797926315,0.15498181818181805,0.0,glucose,RGB_HSV_combined,RandomForest,2,concentration_median,11,7.869073699999717,0.007966199991642497,0.36836797979797986
0.3800759170653908,0.9777225290200297,0.9785771867387782,0.9046392735677189,0.01900379585326954,0.04888612645100148,0.08414953417340894,0.3800759170653908,0.0,glucose,RGB_HSV_combined,ExtraTrees,2,patch,209,4.388547499998822,0.008876499996404164,0.3658569040404041
0.13658787878787887,0.26073357972451444,0.9984765114596357,0.9454545454545454,0.006829393939393943,0.013036678986225722,0.047603024019430354,0.13658787878787887,0.0,glucose,RGB_HSV_combined,ExtraTrees,2,concentration_median,11,4.388547499998822,0.008876499996404164,0.3658569040404041
0.5596331741272546,1.4245231937057772,0.9545237854642248,0.9006848298051741,0.027981658706362728,0.07122615968528886,0.10159910489009527,0.5596331741272546,0.0,glucose,Chromaticity_secondary,ExtraTrees,2,patch,209,3.1641593999956967,0.008994100004201755,0.5720543422042872
0.31931411233367446,0.7809645801638327,0.9863319067870185,0.9454545454545454,0.01596570561668372,0.03904822900819164,0.06702877004443802,0.31931411233367446,0.0,glucose,Chromaticity_secondary,ExtraTrees,2,concentration_median,11,3.1641593999956967,0.008994100004201755,0.5720543422042872
1.0906374269005847,2.1092986398325695,0.9002939750165543,0.8884097502513817,0.05453187134502924,0.10546493199162847,0.1901194861463783,1.0906374269005847,0.0,glucose,Background_adjusted_secondary,ExtraTrees,2,patch,209,3.568853399992804,0.010502900011488236,1.0667145
0.5420060606060606,0.9934556595413546,0.9778821843652828,0.9454545454545454,0.02710030303030303,0.04967278297706773,0.08621474420231671,0.5420060606060606,0.0,glucose,Background_adjusted_secondary,ExtraTrees,2,concentration_median,11,3.568853399992804,0.010502900011488236,1.0667145
3.8649829840981496,6.2911898779385105,0.11302609420211862,0.46975427429992594,0.1932491492049075,0.3145594938969255,0.756179321765444,3.8649829840981496,0.0,glucose,Background_negative_control,ExtraTrees,2,patch,209,3.7540891999960877,0.009231200005160645,4.182600614359613
3.1587639170087827,5.168113160384586,0.40143780162042575,0.8272727272727273,0.15793819585043914,0.25840565801922927,0.5485983013365017,3.1587639170087827,0.0,glucose,Background_negative_control,ExtraTrees,2,concentration_median,11,3.7540891999960877,0.009231200005160645,4.182600614359613
5.510082644628099,6.6800139802892256,0.0,,0.27550413223140496,0.3340006990144613,1.1671083184368773,5.510082644628099,0.0,glucose,Baseline,DummyMean,3,patch,209,0.00023990000772755593,1.930000144056976e-05,
5.510082644628099,6.6800139802892256,0.0,,0.27550413223140496,0.3340006990144613,1.1671083184368773,5.510082644628099,0.0,glucose,Baseline,DummyMean,3,concentration_median,11,0.00023990000772755593,1.930000144056976e-05,
1.3382123764469864,2.4734211362998626,0.8628987568988831,0.885640863832781,0.06691061882234932,0.12367105681499313,0.18521893589073202,1.351076151151276,0.08133971291866028,glucose,RGB_primary,Ridge,3,patch,209,0.20860080000420567,0.0014035000058356673,1.4082967082947384
1.3257374181299018,2.3936211820480735,0.8716026394480475,0.9,0.06628687090649509,0.11968105910240368,0.1673972596592523,1.3257374181299018,0.0,glucose,RGB_primary,Ridge,3,concentration_median,11,0.20860080000420567,0.0014035000058356673,1.4082967082947384
1.3658720272663782,2.5199738196914394,0.8576893786170325,0.8817337672312981,0.06829360136331891,0.12599869098457198,0.1876259365487728,1.3742551061659711,0.06698564593301436,glucose,RGB_primary,ElasticNet,3,patch,209,0.3309937000012724,0.0013160000089555979,1.426018221593338
1.3887629540736999,2.4771471096916104,0.862485385848683,0.9,0.06943814770368499,0.12385735548458052,0.17350598309267012,1.3887629540736999,0.0,glucose,RGB_primary,ElasticNet,3,concentration_median,11,0.3309937000012724,0.0013160000089555979,1.426018221593338
0.72633251961898,1.3165113265931152,0.9611586374022859,0.8909638222097314,0.036316625980949,0.06582556632965576,0.13618000347809178,0.7484080205008942,0.10526315789473684,glucose,RGB_primary,SVR,3,patch,209,2.025517800007947,0.008468700005323626,0.6735960963449033
0.4835265576230292,0.8038983329281592,0.9855173674059656,0.8909090909090911,0.024176327881151462,0.04019491664640796,0.10432935621066486,0.4835265576230292,0.0,glucose,RGB_primary,SVR,3,concentration_median,11,2.025517800007947,0.008468700005323626,0.6735960963449033
0.6453664926665733,1.3245891076634781,0.9606805335397857,0.8849937761829908,0.03226832463332867,0.0662294553831739,0.12761236482370406,0.6453664926665733,0.0,glucose,RGB_primary,RandomForest,3,patch,209,5.716542000009213,0.008609299999079667,0.6464536982171085
0.27155310422657286,0.41817606288043496,0.9960811052832808,0.9454545454545454,0.013577655211328643,0.02090880314402175,0.06910603759857191,0.27155310422657286,0.0,glucose,RGB_primary,RandomForest,3,concentration_median,11,5.716542000009213,0.008609299999079667,0.6464536982171085
0.544434309944903,1.1680056772162395,0.9694272035632673,0.887723625365516,0.027221715497245152,0.058400283860811975,0.1131855228288033,0.544434309944903,0.0,glucose,RGB_primary,ExtraTrees,3,patch,209,3.6022506000008434,0.009184000009554438,0.5531304755764783
0.19347581483811768,0.3184901803683671,0.9977268015523547,0.9454545454545454,0.009673790741905884,0.015924509018418357,0.0663738482604639,0.19347581483811768,0.0,glucose,RGB_primary,ExtraTrees,3,concentration_median,11,3.6022506000008434,0.009184000009554438,0.5531304755764783
1.1244417728544451,1.9596002252369857,0.9139441856665239,0.9037507785838791,0.056222088642722254,0.09798001126184928,0.16695069904938037,1.1333937018960492,0.09569377990430622,glucose,HSV_primary,Ridge,3,patch,209,0.13000279999687336,0.001207100009196438,1.0915830568393474
1.0783918808617907,1.888500302028889,0.920075601878538,0.9363636363636365,0.05391959404308953,0.09442501510144445,0.1505841428589746,1.0795278921114226,0.09090909090909091,glucose,HSV_primary,Ridge,3,concentration_median,11,0.13000279999687336,0.001207100009196438,1.0915830568393474
1.131601696823323,1.9771540816685587,0.9123955255618248,0.9032740770821691,0.056580084841166146,0.09885770408342794,0.16727499880359595,1.1403763606275767,0.09569377990430622,glucose,HSV_primary,ElasticNet,3,patch,209,0.2632021000026725,0.0012181000056443736,1.098199661133781
1.0906012114749573,1.9113223573847036,0.9181321967705135,0.9363636363636365,0.05453006057374786,0.09556611786923518,0.1509050479355601,1.091733260109458,0.09090909090909091,glucose,HSV_primary,ElasticNet,3,concentration_median,11,0.2632021000026725,0.0012181000056443736,1.098199661133781
0.4706527558447085,1.005726766697442,0.9773324138667767,0.9075691710023814,0.023532637792235425,0.0502863383348721,0.10063952980230152,0.4840878829131983,0.04784688995215311,glucose,HSV_primary,SVR,3,patch,209,3.1354794000071706,0.009667599995736964,0.4183516353842395
0.2572692418399012,0.46093937839412075,0.9952386195892942,0.9363636363636365,0.01286346209199506,0.023046968919706038,0.07216930859783915,0.2572692418399012,0.0,glucose,HSV_primary,SVR,3,concentration_median,11,3.1354794000071706,0.009667599995736964,0.4183516353842395
0.3860229665071771,1.0124663736371098,0.9770275945033856,0.9084358149354289,0.019301148325358855,0.05062331868185549,0.0864860283922878,0.3860229665071771,0.0,glucose,HSV_primary,RandomForest,3,patch,209,6.021828400000231,0.012568699996336363,0.35166687878787883
0.12067272727272728,0.20067304630954183,0.9990975495948604,0.9454545454545454,0.006033636363636364,0.010033652315477091,0.05266796408569376,0.12067272727272728,0.0,glucose,HSV_primary,RandomForest,3,concentration_median,11,6.021828400000231,0.012568699996336363,0.35166687878787883
0.4092119592074137,1.0326961427737005,0.9761004146031999,0.9133878567049861,0.020460597960370686,0.05163480713868503,0.08560080121760244,0.4092119592074137,0.0,glucose,HSV_primary,ExtraTrees,3,patch,209,3.7142655000061495,0.008814300002995878,0.3476220478807515
0.1133690885153466,0.19249760494960436,0.999169583599072,0.9454545454545454,0.00566845442576733,0.009624880247480217,0.05086260120183558,0.1133690885153466,0.0,glucose,HSV_primary,ExtraTrees,3,concentration_median,11,3.7142655000061495,0.008814300002995878,0.3476220478807515
0.9495928589650663,1.6991782956621706,0.9352971871647151,0.8922627389982227,0.04747964294825331,0.08495891478310853,0.15350777637807586,0.9633987855542011,0.11483253588516747,glucose,RGB_HSV_combined,Ridge,3,patch,209,0.1304357000044547,0.0012203000078443438,0.9379686264229468
0.7901602691521041,1.3712359199284907,0.9578624171318275,0.9272727272727275,0.039508013457605205,0.06856179599642453,0.12969510476203425,0.794205373503774,0.09090909090909091,glucose,RGB_HSV_combined,Ridge,3,concentration_median,11,0.1304357000044547,0.0012203000078443438,0.9379686264229468
1.0198800775460777,1.7747384449925983,0.9294147476504405,0.8942452662484228,0.050994003877303885,0.08873692224962991,0.15776834249274843,1.0307232685113092,0.11004784688995216,glucose,RGB_HSV_combined,ElasticNet,3,patch,209,0.39861809999274556,0.0023244000039994717,0.994631166618199
0.9366715612354355,1.6345718708744046,0.9401239283949487,0.9339431975353206,0.046833578061771776,0.08172859354372022,0.13886619731292676,0.9404745500079467,0.18181818181818182,glucose,RGB_HSV_combined,ElasticNet,3,concentration_median,11,0.39861809999274556,0.0023244000039994717,0.994631166618199
0.4796842244656046,1.0124640656118193,0.9770276992393725,0.909250390168159,0.02398421122328023,0.050623203280590966,0.1017335565197698,0.5029514534738323,0.06220095693779904,glucose,RGB_HSV_combined,SVR,3,patch,209,3.1104703999881167,0.013278900005389005,0.4348661028050224
0.17090446014508492,0.32471476288776224,0.9976370783306553,0.9363636363636365,0.008545223007254247,0.016235738144388112,0.06544706763049352,0.17090446014508492,0.0,glucose,RGB_HSV_combined,SVR,3,concentration_median,11,3.1104703999881167,0.013278900005389005,0.4348661028050224
0.4343468941879066,1.1284042301206554,0.9714652108152884,0.9120083823100269,0.02171734470939533,0.05642021150603277,0.08751676761151644,0.4343468941879066,0.0,glucose,RGB_HSV_combined,RandomForest,3,patch,209,7.66359170000942,0.007506799986003898,0.35428938779664754
0.12230769071818527,0.19694683705542199,0.9991307528445157,0.9454545454545454,0.006115384535909264,0.0098473418527711,0.05209888322390072,0.12230769071818527,0.0,glucose,RGB_HSV_combined,RandomForest,3,concentration_median,11,7.66359170000942,0.007506799986003898,0.35428938779664754
0.39452535885167467,0.9981158403566526,0.9776741936599808,0.910855802450482,0.019726267942583732,0.04990579201783263,0.08677739819246598,0.39452535885167467,0.0,glucose,RGB_HSV_combined,ExtraTrees,3,patch,209,4.268147800001316,0.008277199987787753,0.35031350000000006
0.09534545454545462,0.16683433989948535,0.9993762419666775,0.9454545454545454,0.004767272727272731,0.008341716994974267,0.04815950344712006,0.09534545454545462,0.0,glucose,RGB_HSV_combined,ExtraTrees,3,concentration_median,11,4.268147800001316,0.008277199987787753,0.35031350000000006
0.5486841022758934,1.2645595187895664,0.9641636468867697,0.8960117000852617,0.027434205113794668,0.06322797593947832,0.10613362467083826,0.5486841022758934,0.0,glucose,Chromaticity_secondary,ExtraTrees,3,patch,209,3.1823603000084404,0.009217699989676476,0.5586247020083361
0.3122706113716692,0.6074157854001417,0.991731677542625,0.9454545454545454,0.015613530568583462,0.03037078927000709,0.06679328455283412,0.3122706113716692,0.0,glucose,Chromaticity_secondary,ExtraTrees,3,concentration_median,11,3.1823603000084404,0.009217699989676476,0.5586247020083361
1.0214290271132376,2.234461443835458,0.888110073740135,0.8688800904756959,0.05107145135566188,0.11172307219177291,0.18717438208076514,1.0214290271132376,0.0,glucose,Background_adjusted_secondary,ExtraTrees,3,patch,209,3.9093411000067135,0.009207099996274337,1.0266721060606059
0.5986787878787879,1.295089981663846,0.9624123525381129,0.9363636363636365,0.029933939393939395,0.0647544990831923,0.09930642625598436,0.5986787878787879,0.0,glucose,Background_adjusted_secondary,ExtraTrees,3,concentration_median,11,3.9093411000067135,0.009207099996274337,1.0266721060606059
4.271870990538944,6.67137454521121,0.0025849791036152148,0.3949180523336015,0.2135935495269472,0.33356872726056047,0.8365864086391789,4.271870990538944,0.0,glucose,Background_negative_control,ExtraTrees,3,patch,209,3.5209899000037694,0.008309800003189594,4.090175638475857
4.232715930980729,6.6473783769011305,0.00974724960123452,0.5818181818181819,0.21163579654903644,0.33236891884505654,0.7954459025720543,4.232715930980729,0.0,glucose,Background_negative_control,ExtraTrees,3,concentration_median,11,3.5209899000037694,0.008309800003189594,4.090175638475857
5.510082644628099,6.6800139802892256,0.0,,0.27550413223140496,0.3340006990144613,1.1671083184368773,5.510082644628099,0.0,glucose,Baseline,DummyMean,4,patch,209,0.0002443999983370304,1.960000372491777e-05,
5.510082644628099,6.6800139802892256,0.0,,0.27550413223140496,0.3340006990144613,1.1671083184368773,5.510082644628099,0.0,glucose,Baseline,DummyMean,4,concentration_median,11,0.0002443999983370304,1.960000372491777e-05,
1.3925402593825593,2.5165103171720835,0.8580802989279493,0.8960969011048308,0.06962701296912796,0.1258255158586042,0.18821071762903469,1.396421183225576,0.05741626794258373,glucose,RGB_primary,Ridge,4,patch,209,0.12975639999785926,0.001175199999124743,1.386609220958822
1.2622539589981316,2.2993055500408124,0.881521749537162,0.9090909090909091,0.06311269794990658,0.11496527750204062,0.15793793287480812,1.2622539589981316,0.0,glucose,RGB_primary,Ridge,4,concentration_median,11,0.12975639999785926,0.001175199999124743,1.386609220958822
1.411331930703765,2.537434055841511,0.8557104808840166,0.8935799221825963,0.07056659653518825,0.12687170279207555,0.18963412721049908,1.4141523763974304,0.03827751196172249,glucose,RGB_primary,ElasticNet,4,patch,209,0.24683229999209289,0.0012691000010818243,1.404287682076852
1.3087060122403855,2.366157949754173,0.8745320733828846,0.9090909090909091,0.06543530061201927,0.11830789748770865,0.16451232552770526,1.3087060122403855,0.0,glucose,RGB_primary,ElasticNet,4,concentration_median,11,0.24683229999209289,0.0012691000010818243,1.404287682076852
0.5817046805646494,1.252002722712463,0.9648718075104443,0.9110947892731506,0.02908523402823247,0.06260013613562315,0.12243467449397862,0.6205562530571317,0.09090909090909091,glucose,RGB_primary,SVR,4,patch,209,1.9958318999997573,0.004952699993737042,0.7265341420691603
0.2831509965887329,0.5084873125028643,0.9942056396625023,0.9363636363636365,0.014157549829436645,0.025424365625143212,0.0747814557006014,0.2831509965887329,0.0,glucose,RGB_primary,SVR,4,concentration_median,11,1.9958318999997573,0.004952699993737042,0.7265341420691603
0.5912421543758385,1.2445125070606329,0.9652908651850384,0.8918280464481653,0.029562107718791926,0.062225625353031645,0.11827499255801995,0.5912421543758385,0.0,glucose,RGB_primary,RandomForest,4,patch,209,5.902911099998164,0.009103899996262044,0.6692223657367323
0.23114747474747463,0.40165312996735125,0.9963846731338258,0.9181818181818183,0.01155737373737373,0.020082656498367563,0.0598920553164432,0.23114747474747463,0.0,glucose,RGB_primary,RandomForest,4,concentration_median,11,5.902911099998164,0.009103899996262044,0.6692223657367323
0.5138895717048306,1.2080472571265335,0.9672950789978014,0.886018603811882,0.025694478585241532,0.06040236285632668,0.10582655822831968,0.5138895717048306,0.0,glucose,RGB_primary,ExtraTrees,4,patch,209,3.653345500002615,0.009256800010916777,0.5534989738939761
0.16407404544339543,0.2870096014542373,0.99815397274616,0.9363636363636365,0.008203702272169771,0.014350480072711867,0.05047854728675733,0.16407404544339543,0.0,glucose,RGB_primary,ExtraTrees,4,concentration_median,11,3.653345500002615,0.009256800010916777,0.5534989738939761
1.045901972579697,1.8317249433195137,0.9248090146643217,0.9150202521180382,0.05229509862898485,0.09158624716597569,0.1639250817988329,1.0537064229817454,0.0861244019138756,glucose,HSV_primary,Ridge,4,patch,209,0.12734269999782555,0.001431100012268871,1.0823348402727924
0.9667350004557655,1.7757254651325072,0.9293362138934703,0.9363636363636365,0.048336750022788276,0.08878627325662536,0.1406614203683122,0.967588786759498,0.09090909090909091,glucose,HSV_primary,Ridge,4,concentration_median,11,0.12734269999782555,0.001431100012268871,1.0823348402727924
1.0539550515170577,1.8471317628760369,0.9235388175390387,0.9139164428514769,0.05269775257585289,0.09235658814380185,0.16431342694155418,1.0615244700850568,0.0861244019138756,glucose,HSV_primary,ElasticNet,4,patch,209,0.265517899999395,0.0013199999957578257,1.0892875429385236
0.9811881683385321,1.7996453148667082,0.9274196434304154,0.9363636363636365,0.0490594084169266,0.08998226574333541,0.14216289594514533,0.9817246796363754,0.09090909090909091,glucose,HSV_primary,ElasticNet,4,concentration_median,11,0.265517899999395,0.0013199999957578257,1.0892875429385236
0.4108320771145338,0.868800378192873,0.9830844836288265,0.9267206082584502,0.02054160385572669,0.04344001890964365,0.08899730409381124,0.4159703789251635,0.05263157894736842,glucose,HSV_primary,SVR,4,patch,209,2.8753214000025764,0.007590799999888986,0.4398731088048565
0.24237729408644376,0.5261880094818918,0.9937952090785983,0.9272727272727275,0.012118864704322187,0.02630940047409459,0.06481946904706816,0.24237729408644376,0.0,glucose,HSV_primary,SVR,4,concentration_median,11,2.8753214000025764,0.007590799999888986,0.4398731088048565
0.3278874003189793,0.837191520678901,0.9842929401246608,0.9175608647632938,0.016394370015948963,0.04185957603394505,0.07619660031680668,0.3278874003189793,0.0,glucose,HSV_primary,RandomForest,4,patch,209,6.278381399999489,0.008106399996904656,0.3865128484848486
0.1455818181818181,0.238447772482823,0.9987258170287988,0.9454545454545454,0.007279090909090904,0.011922388624141151,0.05484992147175644,0.1455818181818181,0.0,glucose,HSV_primary,RandomForest,4,concentration_median,11,6.278381399999489,0.008106399996904656,0.3865128484848486
0.3025314194577353,0.7616812428745658,0.9869985503384622,0.915289870145082,0.015126570972886767,0.038084062143728295,0.07724315634554141,0.3025314194577353,0.0,glucose,HSV_primary,ExtraTrees,4,patch,209,3.876132899997174,0.009429900004761294,0.3894860656565656
0.11697575757575746,0.20047027236228826,0.9990993724702251,0.9454545454545454,0.005848787878787873,0.010023513618114413,0.05720768548554799,0.11697575757575746,0.0,glucose,HSV_primary,ExtraTrees,4,concentration_median,11,3.876132899997174,0.009429900004761294,0.3894860656565656
0.9015647158832546,1.625965695835311,0.9407527748838573,0.9124066742728226,0.04507823579416273,0.08129828479176555,0.14723857108390687,0.9088705636098552,0.09569377990430622,glucose,RGB_HSV_combined,Ridge,4,patch,209,0.13111650000791997,0.0013016000011703,0.9708433841857463
0.8355887883839926,1.5254470140068968,0.9478517773032985,0.9363636363636365,0.041779439419199635,0.07627235070034484,0.12837942788550016,0.8361113984884228,0.09090909090909091,glucose,RGB_HSV_combined,Ridge,4,concentration_median,11,0.13111650000791997,0.0013016000011703,0.9708433841857463
0.9607736496103699,1.699964872322973,0.9352372693769806,0.9131023008762311,0.0480386824805185,0.08499824361614865,0.1523015424679562,0.9675026080131107,0.09090909090909091,glucose,RGB_HSV_combined,ElasticNet,4,patch,209,0.38667720000375994,0.0014691999967908487,1.0153984970600294
0.900643148369292,1.6058432068539414,0.9422101542903776,0.9363636363636365,0.0450321574184646,0.08029216034269707,0.13445344248048197,0.9009538156564157,0.09090909090909091,glucose,RGB_HSV_combined,ElasticNet,4,concentration_median,11,0.38667720000375994,0.0014691999967908487,1.0153984970600294
0.43579751875336187,0.8689048282479426,0.9830804161056814,0.9239922798054886,0.021789875937668093,0.043445241412397126,0.09531123115167894,0.4451973046723523,0.07177033492822966,glucose,RGB_HSV_combined,SVR,4,patch,209,3.0909065999876475,0.00785990001168102,0.4710339601638106
0.227705064310072,0.46306791768216304,0.9951945435736662,0.9363636363636365,0.0113852532155036,0.02315339588410815,0.06641694489731473,0.227705064310072,0.0,glucose,RGB_HSV_combined,SVR,4,concentration_median,11,3.0909065999876475,0.00785990001168102,0.4710339601638106
0.32602743221690594,0.806546843935297,0.9854217816928682,0.9168993109356391,0.016301371610845296,0.04032734219676485,0.07723527613633034,0.32602743221690594,0.0,glucose,RGB_HSV_combined,RandomForest,4,patch,209,7.724827500001993,0.007633599991095252,0.38029430303030304
0.11138787878787883,0.1887575121255798,0.9992015389300041,0.9454545454545454,0.005569393939393942,0.00943787560627899,0.05279008532132539,0.11138787878787883,0.0,glucose,RGB_HSV_combined,RandomForest,4,concentration_median,11,7.724827500001993,0.007633599991095252,0.38029430303030304
0.31414577352472095,0.772592441924232,0.9866233868443506,0.9159289848892375,0.015707288676236046,0.038629622096211604,0.07904909738803577,0.31414577352472095,0.0,glucose,RGB_HSV_combined,ExtraTrees,4,patch,209,4.446127399991383,0.008503000004566275,0.37311860101010097
0.11135757575757582,0.18991778550869134,0.9991916926413771,0.9454545454545454,0.005567878787878791,0.009495889275434568,0.05714958336960589,0.11135757575757582,0.0,glucose,RGB_HSV_combined,ExtraTrees,4,concentration_median,11,4.446127399991383,0.008503000004566275,0.37311860101010097
0.6746154349660842,1.3881429519606086,0.956816917299891,0.8969033040750404,0.03373077174830421,0.06940714759803043,0.10952796004920304,0.6746154349660842,0.0,glucose,Chromaticity_secondary,ExtraTrees,4,patch,209,3.225996799999848,0.009680399991339073,0.5835997857647804
0.5611059432005012,1.063636307851872,0.9746468710781364,0.9363636363636365,0.028055297160025063,0.053181815392593604,0.08572929888146184,0.5611059432005012,0.0,glucose,Chromaticity_secondary,ExtraTrees,4,concentration_median,11,3.225996799999848,0.009680399991339073,0.5835997857647804
0.952910892335967,1.9557292749078035,0.9142838353173439,0.8540886270465463,0.04764554461679835,0.09778646374539017,0.18032670382601698,0.952910892335967,0.0,glucose,Background_adjusted_secondary,ExtraTrees,4,patch,209,3.765857500009588,0.009596899995813146,1.0786099284245443
0.5506498993703709,0.999727456013918,0.9776020383733925,0.9,0.027532494968518544,0.0499863728006959,0.10501532990297129,0.5506498993703709,0.0,glucose,Background_adjusted_secondary,ExtraTrees,4,concentration_median,11,3.765857500009588,0.009596899995813146,1.0786099284245443
4.496016703263566,7.252717819231367,-0.17881816283843577,0.34898482927542346,0.22480083516317828,0.36263589096156834,0.8348421591894308,4.496016703263566,0.0,glucose,Background_negative_control,ExtraTrees,4,patch,209,3.7973053000023356,0.010409399998025037,3.982722611036066
3.193583205858721,5.991814257148001,0.1954335083330463,0.7762638004612792,0.15967916029293605,0.2995907128574001,0.5819464621319524,3.193583205858721,0.0,glucose,Background_negative_control,ExtraTrees,4,concentration_median,11,3.7973053000023356,0.010409399998025037,3.982722611036066
5.510082644628099,6.6800139802892256,0.0,,0.27550413223140496,0.3340006990144613,1.1671083184368773,5.510082644628099,0.0,glucose,Baseline,DummyMean,5,patch,209,0.00033730000723153353,2.4600012693554163e-05,
5.510082644628099,6.6800139802892256,0.0,,0.27550413223140496,0.3340006990144613,1.1671083184368773,5.510082644628099,0.0,glucose,Baseline,DummyMean,5,concentration_median,11,0.00033730000723153353,2.4600012693554163e-05,
1.418011219940943,2.52337576968655,0.8573048822363829,0.886905820686253,0.07090056099704714,0.1261687884843275,0.19541881862466484,1.422950445648797,0.07177033492822966,glucose,RGB_primary,Ridge,5,patch,209,0.14892380000674166,0.001460999992559664,1.3762992559684688
1.341568798191892,2.3265325049043284,0.8786992443211883,0.9363636363636365,0.0670784399095946,0.11632662524521642,0.1649568700256175,1.341568798191892,0.0,glucose,RGB_primary,Ridge,5,concentration_median,11,0.14892380000674166,0.001460999992559664,1.3762992559684688
1.435839114501704,2.5454754748306954,0.8547944917365329,0.8860209863627316,0.0717919557250852,0.12727377374153476,0.19607336351907942,1.439753521061679,0.06220095693779904,glucose,RGB_primary,ElasticNet,5,patch,209,0.264168099995004,0.0013356999988900498,1.3943319667279135
1.4004811045390382,2.428844512671208,0.8677959730072775,0.9181818181818183,0.0700240552269519,0.1214422256335604,0.17328668130251398,1.4004811045390382,0.0,glucose,RGB_primary,ElasticNet,5,concentration_median,11,0.264168099995004,0.0013356999988900498,1.3943319667279135
0.6356407879525019,1.2198800268578647,0.9666512547251418,0.9091522224784959,0.0317820393976251,0.060994001342893234,0.11881898812804081,0.678684935304404,0.0861244019138756,glucose,RGB_primary,SVR,5,patch,209,2.012809100007871,0.007424499999615364,0.717104425747638
0.45823727119169777,0.7512495260664017,0.9873522381560437,0.9363636363636365,0.02291186355958489,0.03756247630332009,0.08871158633218212,0.45823727119169777,0.0,glucose,RGB_primary,SVR,5,concentration_median,11,2.012809100007871,0.007424499999615364,0.717104425747638
0.5732593033111972,1.2434734611522453,0.9653487984387362,0.9061543406790831,0.028662965165559863,0.06217367305761227,0.11936919100235667,0.5732593033111972,0.0,glucose,RGB_primary,RandomForest,5,patch,209,5.5963286999904085,0.008154700000886805,0.7050938113525368
0.2491117974847005,0.35365908339683183,0.9971970529656978,0.9454545454545454,0.012455589874235024,0.017682954169841593,0.07227808683750077,0.2491117974847005,0.0,glucose,RGB_primary,RandomForest,5,concentration_median,11,5.5963286999904085,0.008154700000886805,0.7050938113525368
0.5050831239795228,1.2225917948750398,0.9665028227885948,0.8957929297837889,0.02525415619897614,0.06112958974375199,0.10943705533470234,0.5050831239795228,0.0,glucose,RGB_primary,ExtraTrees,5,patch,209,3.422061699995538,0.00919489999068901,0.5864209906324162
0.14503323966608514,0.24985731450698326,0.9986009623797737,0.9454545454545454,0.007251661983304257,0.012492865725349163,0.05129067983634114,0.14503323966608514,0.0,glucose,RGB_primary,ExtraTrees,5,concentration_median,11,3.422061699995538,0.00919489999068901,0.5864209906324162
1.0862079883102562,1.8499566558521987,0.9233047683755838,0.9012978960087409,0.054310399415512814,0.09249783279260994,0.17193322856384655,1.0950556176619892,0.0861244019138756,glucose,HSV_primary,Ridge,5,patch,209,0.11503100000845734,0.0010894999868469313,1.0668151772787455
1.0336436419797304,1.758625647519258,0.9306906122771802,0.9363636363636365,0.05168218209898652,0.0879312823759629,0.15203524172983365,1.0386486963920971,0.09090909090909091,glucose,HSV_primary,Ridge,5,concentration_median,11,0.11503100000845734,0.0010894999868469313,1.0668151772787455
1.093134222552509,1.8678505446774554,0.9218139083980418,0.9014156090230034,0.05465671112762545,0.09339252723387277,0.1717999034713627,1.101791062003145,0.08133971291866028,glucose,HSV_primary,ElasticNet,5,patch,209,0.2666476000013063,0.0013092000008327886,1.074076446969542
1.0309576931607394,1.7674849440317402,0.9299905439592548,0.9363636363636365,0.05154788465803697,0.08837424720158701,0.15062454836842135,1.0358658078855678,0.09090909090909091,glucose,HSV_primary,ElasticNet,5,concentration_median,11,0.2666476000013063,0.0013092000008327886,1.074076446969542
0.3821937616009039,0.8925189558475566,0.9821482763755796,0.914753097341493,0.019109688080045196,0.04462594779237783,0.08857501301631163,0.3912863253816732,0.0430622009569378,glucose,HSV_primary,SVR,5,patch,209,2.930030200004694,0.007335699992836453,0.4501711710794375
0.15902588186415206,0.24286105614315745,0.9986782144010181,0.9454545454545454,0.007951294093207602,0.012143052807157873,0.06004736226752934,0.15902588186415206,0.0,glucose,HSV_primary,SVR,5,concentration_median,11,2.930030200004694,0.007335699992836453,0.4501711710794375
0.290177033492823,0.8410570834671011,0.9841475569045894,0.9226900462096619,0.014508851674641148,0.04205285417335505,0.0723631655414773,0.290177033492823,0.0,glucose,HSV_primary,RandomForest,5,patch,209,5.967440399996121,0.007372100008069538,0.3834038030303031
0.08913939393939403,0.16369410002757712,0.9993995023525231,0.9454545454545454,0.004456969696969701,0.008184705001378856,0.043305341333828046,0.08913939393939403,0.0,glucose,HSV_primary,RandomForest,5,concentration_median,11,5.967440399996121,0.007372100008069538,0.3834038030303031
0.2974874003189793,0.846283075181496,0.9839499434015319,0.9181755984599048,0.014874370015948966,0.0423141537590748,0.0749502824737178,0.2974874003189793,0.0,glucose,HSV_primary,ExtraTrees,5,patch,209,3.675589599995874,0.008559599998989142,0.37936932323232325
0.09407878787878793,0.17695210445973028,0.9992982915260089,0.9454545454545454,0.004703939393939397,0.008847605222986514,0.041330269643629076,0.09407878787878793,0.0,glucose,HSV_primary,ExtraTrees,5,concentration_median,11,3.675589599995874,0.008559599998989142,0.37936932323232325
0.9392430252229002,1.6243872589383415,0.9408677497744355,0.8947722671630329,0.04696215126114501,0.08121936294691708,0.1547808451031602,0.9479954586671878,0.11004784688995216,glucose,RGB_HSV_combined,Ridge,5,patch,209,0.11946620000526309,0.0011603999882936478,0.9425211957096723
0.8346092439868652,1.3995910673035468,0.9561017122231984,0.9339431975353206,0.04173046219934326,0.06997955336517733,0.13020201811113966,0.840684398289243,0.18181818181818182,glucose,RGB_HSV_combined,Ridge,5,concentration_median,11,0.11946620000526309,0.0011603999882936478,0.9425211957096723
1.002299535991274,1.717468782078686,0.9338967274092567,0.8962105477907377,0.050114976799563705,0.0858734391039343,0.1595202115247758,1.0105900251634625,0.10047846889952153,glucose,RGB_HSV_combined,ElasticNet,5,patch,209,0.3250250999990385,0.0012826000020140782,0.990794005376759
0.9089709358892702,1.5215741277761803,0.9481162345451819,0.9363636363636365,0.045448546794463515,0.07607870638880901,0.1376094168021065,0.9140405729505736,0.09090909090909091,glucose,RGB_HSV_combined,ElasticNet,5,concentration_median,11,0.3250250999990385,0.0012826000020140782,0.990794005376759
0.38725780514816777,0.8849037094855281,0.9824516095631792,0.9179885778950404,0.019362890257408387,0.0442451854742764,0.08747763276106536,0.4078637773359052,0.04784688995215311,glucose,RGB_HSV_combined,SVR,5,patch,209,2.950993800011929,0.0072392000001855195,0.4653271146253092
0.1783144407346982,0.26763173060881673,0.9983948321152504,0.9454545454545454,0.008915722036734911,0.013381586530440836,0.0558573530176055,0.1783144407346982,0.0,glucose,RGB_HSV_combined,SVR,5,concentration_median,11,2.950993800011929,0.0072392000001855195,0.4653271146253092
0.28435948963317387,0.8064331590932141,0.985425891077603,0.9219690646946412,0.014217974481658693,0.04032165795466071,0.07270736291658855,0.28435948963317387,0.0,glucose,RGB_HSV_combined,RandomForest,5,patch,209,7.630638000002364,0.00974090000090655,0.3858699242424243
0.08778787878787873,0.1584377735289412,0.9994374479407405,0.9454545454545454,0.004389393939393937,0.00792188867644706,0.044740018356433736,0.08778787878787873,0.0,glucose,RGB_HSV_combined,RandomForest,5,concentration_median,11,7.630638000002364,0.00974090000090655,0.3858699242424243
0.2896976076555024,0.7789894667475049,0.9864009544686851,0.9258158822817047,0.01448488038277512,0.038949473337375244,0.07435322525106876,0.2896976076555024,0.0,glucose,RGB_HSV_combined,ExtraTrees,5,patch,209,4.597793499997351,0.009866299995337613,0.3801480252525252
0.07580606060606053,0.14158672824866592,0.9995507476579875,0.9454545454545454,0.0037903030303030267,0.007079336412433296,0.03408654163215396,0.07580606060606053,0.0,glucose,RGB_HSV_combined,ExtraTrees,5,concentration_median,11,4.597793499997351,0.009866299995337613,0.3801480252525252
0.5233196172248804,1.2962468107524758,0.9623451727980656,0.8842569914967122,0.02616598086124402,0.06481234053762379,0.10845125119516978,0.5233196172248804,0.0,glucose,Chromaticity_secondary,ExtraTrees,5,patch,209,3.21527819999028,0.009091600004467182,0.6006565353535354
0.2843272727272727,0.450106316509351,0.9954597948977113,0.9454545454545454,0.014216363636363635,0.02250531582546755,0.07721558697704638,0.2843272727272727,0.0,glucose,Chromaticity_secondary,ExtraTrees,5,concentration_median,11,3.21527819999028,0.009091600004467182,0.6006565353535354
0.9657486443381179,1.7868973950141478,0.9284442581449764,0.8890580051066586,0.048287432216905894,0.08934486975070739,0.18639507369608171,0.9657486443381179,0.0,glucose,Background_adjusted_secondary,ExtraTrees,5,patch,209,3.6395334000117145,0.009302699996624142,1.1773977424242426
0.5733636363636362,0.9427810485232216,0.9800810269046195,0.9454545454545454,0.028668181818181808,0.04713905242616108,0.09488828647661879,0.5733636363636362,0.0,glucose,Background_adjusted_secondary,ExtraTrees,5,concentration_median,11,3.6395334000117145,0.009302699996624142,1.1773977424242426
3.823758109373593,6.23813890288096,0.12792198340645755,0.42659374960459534,0.19118790546867964,0.31190694514404804,0.7673684034124404,3.823758109373593,0.0,glucose,Background_negative_control,ExtraTrees,5,patch,209,3.4567258000024594,0.010157700002309866,4.090039827984607
3.147724957315857,5.199410558123948,0.3941662260165051,0.9293873770595387,0.15738624786579286,0.2599705279061974,0.5401176679291377,3.147724957315857,0.0,glucose,Background_negative_control,ExtraTrees,5,concentration_median,11,3.4567258000024594,0.010157700002309866,4.090039827984607
2.70875,3.383196528432837,0.0,,0.27087500000000003,0.3383196528432837,0.9299944503446049,2.70875,0.0,ketone,Baseline,DummyMean,1,patch,160,0.00029850000282749534,2.1899992134422064e-05,
2.70875,3.383196528432837,0.0,,0.27087500000000003,0.3383196528432837,0.929994450344605,2.70875,0.0,ketone,Baseline,DummyMean,1,concentration_median,8,0.00029850000282749534,2.1899992134422064e-05,
0.6926057280604823,1.282672161339435,0.8562602500126799,0.9197796124586393,0.06926057280604822,0.12826721613394348,0.16477473029179368,0.7262822043282766,0.28125,ketone,RGB_primary,Ridge,1,patch,160,0.1282265999907395,0.001265600003534928,0.7185889524785141
0.585846450906778,1.0890689367581934,0.8963769695893935,0.9940297973880048,0.0585846450906778,0.10890689367581934,0.12800649646020656,0.615070261180814,0.25,ketone,RGB_primary,Ridge,1,concentration_median,8,0.1282265999907395,0.001265600003534928,0.7185889524785141
0.6947428740136631,1.2818442479045513,0.8564457466150852,0.9195407086631956,0.06947428740136631,0.12818442479045514,0.1654958554895118,0.7285701269377914,0.28125,ketone,RGB_primary,ElasticNet,1,patch,160,0.2564213000005111,0.0014389999996637926,0.7204412786090263
0.5904318650797665,1.0949559902062056,0.8952536557317405,0.9940297973880048,0.05904318650797665,0.10949559902062056,0.12862971738350282,0.6200221375751015,0.25,ketone,RGB_primary,ElasticNet,1,concentration_median,8,0.2564213000005111,0.0014389999996637926,0.7204412786090263
0.17169175985871005,0.38527200623538954,0.9870317774214163,0.9397315741184514,0.017169175985871005,0.038527200623538954,0.052009854939954844,0.17528751504465506,0.10625,ketone,RGB_primary,SVR,1,patch,160,1.9153113999927882,0.004377100005513057,0.15298881495050104
0.03479079552707838,0.05861606369879078,0.9996998220081074,1.0,0.003479079552707838,0.005861606369879078,0.012187595613395394,0.03479079552707838,0.0,ketone,RGB_primary,SVR,1,concentration_median,8,1.9153113999927882,0.004377100005513057,0.15298881495050104
0.1385214395876078,0.5202630456045397,0.9763521585510497,0.9444852542199873,0.01385214395876078,0.05202630456045397,0.03684665657273737,0.13852143958761187,0.1,ketone,RGB_primary,RandomForest,1,patch,160,4.934955299991998,0.007352200002060272,0.1437866306834983
0.008821016774943194,0.011969941675181074,0.9999874821536784,1.0,0.0008821016774943194,0.0011969941675181073,0.007487392612440901,0.008821016774948301,0.125,ketone,RGB_primary,RandomForest,1,concentration_median,8,4.934955299991998,0.007352200002060272,0.1437866306834983
0.07473612412425101,0.292331473222714,0.9925338502318491,0.947044977378392,0.007473612412425101,0.0292331473222714,0.025608867006074638,0.07473612412425534,0.09375,ketone,RGB_primary,ExtraTrees,1,patch,160,3.0002910000039265,0.00770649999321904,0.09303740154621355
0.006897666411589764,0.01154167005196024,0.9999883618793138,1.0,0.0006897666411589765,0.001154167005196024,0.006263490391803166,0.006897666411595537,0.125,ketone,RGB_primary,ExtraTrees,1,concentration_median,8,3.0002910000039265,0.00770649999321904,0.09303740154621355
0.3988798491787259,0.6453317499138498,0.9636159020404478,0.8936763695579226,0.039887984917872585,0.06453317499138497,0.12190213064672713,0.47708482569147587,0.04375,ketone,HSV_primary,Ridge,1,patch,160,0.12168630000087433,0.001197000005049631,0.46053740649785774
0.39975065169432844,0.5840100276140536,0.9702020659057746,0.9761904761904763,0.03997506516943285,0.05840100276140536,0.11748887999021557,0.39975065169432844,0.0,ketone,HSV_primary,Ridge,1,concentration_median,8,0.12168630000087433,0.001197000005049631,0.46053740649785774
0.4078946994397533,0.6570898106436396,0.9622779737931415,0.8813266441944734,0.04078946994397533,0.06570898106436396,0.12542619333410238,0.4691900095907928,0.01875,ketone,HSV_primary,ElasticNet,1,patch,160,0.24261630000546575,0.0012782999983755872,0.45432300462521436
0.4065742458046803,0.5866521384492008,0.9699318392653323,0.9761904761904763,0.04065742458046803,0.058665213844920086,0.12345366500740504,0.4065742458046803,0.0,ketone,HSV_primary,ElasticNet,1,concentration_median,8,0.24261630000546575,0.0012782999983755872,0.45432300462521436
0.09107685488876802,0.2238319657643854,0.9956228667808229,0.9576995934316208,0.009107685488876801,0.02238319657643854,0.03131197332394636,0.11297441237244214,0.1375,ketone,HSV_primary,SVR,1,patch,160,2.125007900001947,0.0035256999981356785,0.1097478101850041
0.013892980734554583,0.02174155767485742,0.9999587022055045,1.0,0.0013892980734554583,0.002174155767485742,0.007288335859118562,0.017822141358029175,0.125,ketone,HSV_primary,SVR,1,concentration_median,8,2.125007900001947,0.0035256999981356785,0.1097478101850041
0.03478708333333336,0.22063100020169424,0.9957471642050211,0.9741872946735114,0.003478708333333336,0.022063100020169424,0.01546659719657752,0.03478708333333336,0.0,ketone,HSV_primary,RandomForest,1,patch,160,5.247868499995093,0.006959100006497465,0.04057977777777779
0.0025708333333333685,0.0044474243482417915,0.9999982719246084,1.0,0.00025708333333333686,0.00044474243482417914,0.002430990834328459,0.0025708333333333685,0.0,ketone,HSV_primary,RandomForest,1,concentration_median,8,5.247868499995093,0.006959100006497465,0.04057977777777779
0.04431234628810403,0.2242431401557445,0.9956067706155987,0.9699164011865918,0.004431234628810403,0.022424314015574452,0.01783281241407085,0.04431234628810894,0.10625,ketone,HSV_primary,ExtraTrees,1,patch,160,3.123666100000264,0.007466399998520501,0.04469715403826482
0.0027191120935792837,0.00488066688940865,0.9999979188476094,1.0,0.00027191120935792835,0.00048806668894086497,0.002557594615169502,0.002719112093585057,0.125,ketone,HSV_primary,ExtraTrees,1,concentration_median,8,3.123666100000264,0.007466399998520501,0.04469715403826482
0.33188361003869804,0.5708516586727096,0.9715296975020783,0.903284457936514,0.03318836100386981,0.05708516586727096,0.11013787016897895,0.3648623635688561,0.13125,ketone,RGB_HSV_combined,Ridge,1,patch,160,0.12193190000834875,0.001319799994234927,0.36427923025146486
0.27651714380103165,0.4061537935604037,0.9855879229602427,0.9761904761904763,0.027651714380103165,0.04061537935604037,0.09170911546842982,0.27650004386731275,0.125,ketone,RGB_HSV_combined,Ridge,1,concentration_median,8,0.12193190000834875,0.001319799994234927,0.36427923025146486
0.3355484789311548,0.575112252280129,0.97110313114569,0.904557276320393,0.03355484789311548,0.0575112252280129,0.10950471887228493,0.3752495257640358,0.11875,ketone,RGB_HSV_combined,ElasticNet,1,patch,160,0.28290710000146646,0.0012158999888924882,0.36719662441701567
0.2789153978396886,0.4049022946590785,0.9856766032101609,0.9761904761904763,0.027891539783968862,0.04049022946590785,0.09164958168432516,0.2789153978396886,0.0,ketone,RGB_HSV_combined,ElasticNet,1,concentration_median,8,0.28290710000146646,0.0012158999888924882,0.36719662441701567
0.1231250255533082,0.2793152860681439,0.9931839156709988,0.9642187176428261,0.01231250255533082,0.027931528606814388,0.04142085652983857,0.13495659885867822,0.13125,ketone,RGB_HSV_combined,SVR,1,patch,160,2.1480384999886155,0.004988400003639981,0.12306443232130886
0.018021593373231393,0.023317933677093342,0.9999524964930737,1.0,0.0018021593373231393,0.0023317933677093343,0.007507887159968469,0.018131123785246117,0.125,ketone,RGB_HSV_combined,SVR,1,concentration_median,8,2.1480384999886155,0.004988400003639981,0.12306443232130886
0.03410000000000003,0.21851446837426786,0.9958283684544122,0.9719989022507313,0.0034100000000000033,0.021851446837426784,0.014788600449148273,0.03410000000000003,0.0,ketone,RGB_HSV_combined,RandomForest,1,patch,160,6.038506800003233,0.006742099998518825,0.042304944444444464
0.0028541666666667006,0.004854393771511488,0.999997941193405,1.0,0.00028541666666667004,0.0004854393771511488,0.002692980123207105,0.0028541666666667006,0.0,ketone,RGB_HSV_combined,RandomForest,1,concentration_median,8,6.038506800003233,0.006742099998518825,0.042304944444444464
0.041344635542227344,0.2074690783464955,0.996239441904641,0.9721490438147776,0.004134463554222734,0.02074690783464955,0.0166541026881225,0.04134463554223196,0.1,ketone,RGB_HSV_combined,ExtraTrees,1,patch,160,3.530809300005785,0.008819700000458397,0.0482519038345363
0.003575751544437567,0.00693719479486311,0.9999957955099784,1.0,0.00035757515444375667,0.000693719479486311,0.0033577174290825543,0.00357575154444334,0.125,ketone,RGB_HSV_combined,ExtraTrees,1,concentration_median,8,3.530809300005785,0.008819700000458397,0.0482519038345363
0.057012317614568854,0.22800340809419042,0.995458197715903,0.9513180797485812,0.005701231761456886,0.02280034080941904,0.019869802132504114,0.05701231761457289,0.0875,ketone,Chromaticity_secondary,ExtraTrees,1,patch,160,2.973374799999874,0.008966800000052899,0.07597849953643543
0.005789274721275521,0.013543266124885106,0.9999839752090804,1.0,0.000578927472127552,0.0013543266124885105,0.005413991522850562,0.005789274721281294,0.125,ketone,Chromaticity_secondary,ExtraTrees,1,concentration_median,8,2.973374799999874,0.008966800000052899,0.07597849953643543
0.12992583333333332,0.3725554571693544,0.9878737252053981,0.9124079491234469,0.012992583333333332,0.03725554571693544,0.05043744137110866,0.12992583333333332,0.0,ketone,Background_adjusted_secondary,ExtraTrees,1,patch,160,3.1649543999956222,0.008545699995011091,0.16130029861111111
0.013070833333333337,0.017733901150057182,0.9999725239616614,1.0,0.0013070833333333337,0.0017733901150057182,0.010693169244946331,0.013070833333333337,0.0,ketone,Background_adjusted_secondary,ExtraTrees,1,concentration_median,8,3.1649543999956222,0.008545699995011091,0.16130029861111111
0.9476162942198709,2.0342231617758384,0.6384713355545317,0.9181428770008823,0.0947616294219871,0.20342231617758383,0.21658262521388622,0.9476162942198719,0.01875,ketone,Background_negative_control,ExtraTrees,1,patch,160,3.1789976000000024,0.009212100005242974,0.9286474449079332
0.6557827677890051,1.4355410997609694,0.8199567645210319,1.0,0.06557827677890052,0.14355410997609694,0.12754957246717016,0.6557827677890051,0.0,ketone,Background_negative_control,ExtraTrees,1,concentration_median,8,3.1789976000000024,0.009212100005242974,0.9286474449079332
2.70875,3.383196528432837,1.1102230246251565e-16,,0.27087500000000003,0.3383196528432837,0.9299944503446052,2.70875,0.0,ketone,Baseline,DummyMean,2,patch,152,0.0002938999969046563,2.269999822601676e-05,
2.70875,3.383196528432837,0.0,,0.27087500000000003,0.3383196528432837,0.9299944503446052,2.70875,0.0,ketone,Baseline,DummyMean,2,concentration_median,8,0.0002938999969046563,2.269999822601676e-05,
0.666608245803567,1.1806145854986947,0.8782239632892219,0.9418081457079085,0.0666608245803567,0.11806145854986946,0.16100138109576007,0.7031320976461339,0.3026315789473684,ketone,RGB_primary,Ridge,2,patch,152,0.1276235999976052,0.0012986999936401844,0.7158136079073472
0.6029586927512256,1.1152848956226238,0.8913281180494339,0.9940297973880048,0.06029586927512256,0.11152848956226238,0.12950336691699113,0.6321451755736824,0.25,ketone,RGB_primary,Ridge,2,concentration_median,8,0.1276235999976052,0.0012986999936401844,0.7158136079073472
0.6690242744284361,1.1814761809567105,0.8780461576504011,0.9418745099502867,0.06690242744284361,0.11814761809567105,0.1616156557314213,0.7057063238905441,0.3026315789473684,ketone,RGB_primary,ElasticNet,2,patch,152,0.2434244000032777,0.0012251000007381663,0.7177143862005145
0.604507361262851,1.1159681911374233,0.8911949184400443,0.9940297973880048,0.0604507361262851,0.11159681911374233,0.1297530217220416,0.6341710397004751,0.25,ketone,RGB_primary,ElasticNet,2,concentration_median,8,0.2434244000032777,0.0012251000007381663,0.7177143862005145
0.12202956749073685,0.2518402942126185,0.9944589000617269,0.9532458124828123,0.012202956749073684,0.02518402942126185,0.043449710040268374,0.12920325424733947,0.13815789473684212,ketone,RGB_primary,SVR,2,patch,152,1.9560736999992514,0.005061499992734753,0.1638949877203674
0.047182874076804986,0.08725933695359168,0.9993347737713971,0.9523809523809524,0.0047182874076804986,0.008725933695359168,0.018007859836095038,0.04860182653705158,0.125,ketone,RGB_primary,SVR,2,concentration_median,8,1.9560736999992514,0.005061499992734753,0.1638949877203674
0.13361034356725146,0.5086884727717507,0.9773926665696877,0.9556311505721863,0.013361034356725147,0.05086884727717507,0.038013375151559274,0.13361034356725146,0.0,ketone,RGB_primary,RandomForest,2,patch,152,4.77483619999839,0.007713400002103299,0.147964072337963
0.01195902777777778,0.019766345888503296,0.9999658651240823,0.9761904761904763,0.001195902777777778,0.0019766345888503297,0.009178060186637511,0.01195902777777778,0.0,ketone,RGB_primary,RandomForest,2,concentration_median,8,4.77483619999839,0.007713400002103299,0.147964072337963
0.05431557017543858,0.15854357387561144,0.9978039469123487,0.9563402743788523,0.005431557017543858,0.015854357387561142,0.023855245575852346,0.05431557017543858,0.0,ketone,RGB_primary,ExtraTrees,2,patch,152,2.877742299999227,0.007680499998969026,0.10201017708333333
0.008699999999999992,0.014827864160274613,0.9999807910889928,1.0,0.0008699999999999992,0.0014827864160274612,0.00711637440529364,0.008699999999999992,0.0,ketone,RGB_primary,ExtraTrees,2,concentration_median,8,2.877742299999227,0.007680499998969026,0.10201017708333333
0.4006328714836551,0.6327371170732219,0.9650222258003787,0.9048209367840231,0.04006328714836551,0.06327371170732218,0.12082584057264041,0.4184475709035097,0.019736842105263157,ketone,HSV_primary,Ridge,2,patch,152,0.12677330001315568,0.0013164999982109293,0.47386561657908033
0.39809846866662457,0.5887347259853972,0.9697179792247762,0.9761904761904763,0.03980984686666246,0.05887347259853972,0.11441379290636725,0.39809846866662457,0.0,ketone,HSV_primary,Ridge,2,concentration_median,8,0.12677330001315568,0.0013164999982109293,0.47386561657908033
0.4113606356187541,0.640506707907836,0.964157944186931,0.8916654723642846,0.04113606356187541,0.06405067079078361,0.12576725425886423,0.4238199019915147,0.013157894736842105,ketone,HSV_primary,ElasticNet,2,patch,152,0.25004420000186656,0.0013752999948337674,0.4653804395389284
0.4074160522573996,0.5973034687184797,0.9688300848062888,0.9761904761904763,0.040741605225739955,0.05973034687184797,0.1204110606339183,0.4074160522573996,0.0,ketone,HSV_primary,ElasticNet,2,concentration_median,8,0.25004420000186656,0.0013752999948337674,0.4653804395389284
0.07643565993121908,0.19561178005815433,0.9966570063064487,0.9659762880849966,0.007643565993121907,0.019561178005815433,0.031691664382337316,0.08340952002235548,0.125,ketone,HSV_primary,SVR,2,patch,152,2.0792370999988634,0.004239199988660403,0.13163977479013803
0.012741388495227032,0.020671106902414943,0.999962668708666,1.0,0.0012741388495227032,0.002067110690241494,0.007628771136585908,0.015740908089325864,0.125,ketone,HSV_primary,SVR,2,concentration_median,8,2.0792370999988634,0.004239199988660403,0.13163977479013803
0.010214912280701772,0.0394362443498497,0.999864125911167,0.9759618990556795,0.0010214912280701771,0.00394362443498497,0.008804573424038096,0.010214912280701772,0.0,ketone,HSV_primary,RandomForest,2,patch,152,5.013632300004247,0.006440199998905882,0.04314669444444447
0.001591666666666678,0.0031711371952521236,0.9999991214315361,1.0,0.0001591666666666678,0.00031711371952521236,0.0014893538159246344,0.001591666666666678,0.0,ketone,HSV_primary,RandomForest,2,concentration_median,8,5.013632300004247,0.006440199998905882,0.04314669444444447
0.015696868726629985,0.045083883866972325,0.9998224223960379,0.97282699810652,0.0015696868726629985,0.004508388386697233,0.010375211591024374,0.01569686872663515,0.1118421052631579,ketone,HSV_primary,ExtraTrees,2,patch,152,2.8844072000065353,0.007384900003671646,0.048056777515085775
0.001626281060275565,0.00355876619384221,0.9999988935177289,1.0,0.0001626281060275565,0.00035587661938422103,0.0015143506456545264,0.0016262810602813381,0.125,ketone,HSV_primary,ExtraTrees,2,concentration_median,8,2.8844072000065353,0.007384900003671646,0.048056777515085775
0.3096023136248317,0.5061310142546712,0.9776194142971798,0.9122345722991541,0.03096023136248317,0.05061310142546712,0.106898398916553,0.3290445551938162,0.13815789473684212,ketone,RGB_HSV_combined,Ridge,2,patch,152,0.12053790000209119,0.0011914000060642138,0.36637716332986525
0.2623864588775544,0.4022684181716307,0.9858623435980038,0.9523809523809524,0.02623864588775544,0.04022684181716307,0.09158440401653696,0.2623864588775544,0.0,ketone,RGB_HSV_combined,Ridge,2,concentration_median,8,0.12053790000209119,0.0011914000060642138,0.36637716332986525
0.31607339259819794,0.5107817369787974,0.9772062244060995,0.9144687630905276,0.031607339259819796,0.05107817369787974,0.106756323041779,0.3342538315998105,0.1118421052631579,ketone,RGB_HSV_combined,ElasticNet,2,patch,152,0.2741489000036381,0.0012503000034485012,0.3712670719419936
0.2735494971312761,0.40703656560437573,0.985525205806691,0.9523809523809524,0.02735494971312761,0.040703656560437576,0.09295815484436898,0.2735494971312761,0.0,ketone,RGB_HSV_combined,ElasticNet,2,concentration_median,8,0.2741489000036381,0.0012503000034485012,0.3712670719419936
0.08049163805935629,0.2022116299897301,0.9964276187033938,0.9610726670568598,0.008049163805935629,0.02022116299897301,0.033533016999944494,0.08888103225705939,0.14473684210526316,ketone,RGB_HSV_combined,SVR,2,patch,152,2.080562299990561,0.004449600004591048,0.14119750987953605
0.008501883531719094,0.012007601908820385,0.9999874032616275,1.0,0.0008501883531719095,0.0012007601908820384,0.0049986130564153575,0.013925448156841484,0.125,ketone,RGB_HSV_combined,SVR,2,concentration_median,8,2.080562299990561,0.004449600004591048,0.14119750987953605
0.012146052631578953,0.04427495133582274,0.9998287377158289,0.9746011552924487,0.0012146052631578953,0.004427495133582274,0.009315446032044934,0.012146052631578953,0.0,ketone,RGB_HSV_combined,RandomForest,2,patch,152,5.694732999996631,0.006822099996497855,0.04149893055555557
0.0013750000000000095,0.0029267919487232954,0.9999992516078037,1.0,0.00013750000000000096,0.00029267919487232954,0.0012803095232356548,0.0013750000000000095,0.0,ketone,RGB_HSV_combined,RandomForest,2,concentration_median,8,5.694732999996631,0.006822099996497855,0.04149893055555557
0.0171232456140351,0.05145542697240285,0.9997686828037992,0.967880786070358,0.00171232456140351,0.005145542697240285,0.011756772530218994,0.0171232456140351,0.0,ketone,RGB_HSV_combined,ExtraTrees,2,patch,152,3.3011163999908604,0.007988600002136081,0.05145922222222223
0.0025833333333333437,0.004605672830566958,0.9999981467597874,1.0,0.00025833333333333437,0.0004605672830566958,0.0024253889923915866,0.0025833333333333437,0.0,ketone,RGB_HSV_combined,ExtraTrees,2,concentration_median,8,3.3011163999908604,0.007988600002136081,0.05145922222222223
0.0319014391288826,0.10104127065862628,0.9991080445874414,0.9551963699898615,0.00319014391288826,0.010104127065862629,0.018340284994352297,0.031901439128887765,0.1118421052631579,ketone,Chromaticity_secondary,ExtraTrees,2,patch,152,2.616563599993242,0.007554700001492165,0.08551461075431308
0.0063298666724852055,0.01253188495981854,0.9999862792343717,1.0,0.0006329866672485205,0.001253188495981854,0.005939300928492555,0.006329866672490979,0.125,ketone,Chromaticity_secondary,ExtraTrees,2,concentration_median,8,2.616563599993242,0.007554700001492165,0.08551461075431308
0.10142982456140352,0.41143052194260565,0.9852110084665059,0.9484857939652233,0.010142982456140353,0.041143052194260565,0.03950786055201979,0.10142982456140352,0.0,ketone,Background_adjusted_secondary,ExtraTrees,2,patch,152,2.992204499998479,0.007558299999800511,0.15501236805555557
0.008158333333333344,0.011227322823263709,0.9999889871945407,1.0,0.0008158333333333344,0.0011227322823263708,0.00768785254592342,0.008158333333333344,0.0,ketone,Background_adjusted_secondary,ExtraTrees,2,concentration_median,8,2.992204499998479,0.007558299999800511,0.15501236805555557
0.8805220139121641,1.8423229578610276,0.7034642389466813,0.9185679562164883,0.08805220139121642,0.18423229578610276,0.2148696150582643,0.8805220139121643,0.006578947368421052,ketone,Background_negative_control,ExtraTrees,2,patch,152,3.0872604999894975,0.008182000005035661,0.9073703656692815
0.7883877599716913,1.7168472675913025,0.7424812413280626,0.9940297973880048,0.07883877599716912,0.17168472675913024,0.17185428826222102,0.7883877599716913,0.0,ketone,Background_negative_control,ExtraTrees,2,concentration_median,8,3.0872604999894975,0.008182000005035661,0.9073703656692815
2.70875,3.383196528432837,1.1102230246251565e-16,,0.27087500000000003,0.3383196528432837,0.9299944503446052,2.70875,0.0,ketone,Baseline,DummyMean,3,patch,152,0.00023570000485051423,1.7999991541728377e-05,
2.70875,3.383196528432837,0.0,,0.27087500000000003,0.3383196528432837,0.9299944503446052,2.70875,0.0,ketone,Baseline,DummyMean,3,concentration_median,8,0.00023570000485051423,1.7999991541728377e-05,
0.7090675538897304,1.297756213589878,0.8528596513166522,0.9286929877496604,0.07090675538897304,0.1297756213589878,0.17060326798967007,0.7388029276132166,0.2631578947368421,ketone,RGB_primary,Ridge,3,patch,152,0.12054519999946933,0.0012715000048046932,0.7117159077813275
0.628433214921808,1.1639458989280302,0.8816383158876635,0.9700772721497397,0.0628433214921808,0.11639458989280302,0.1365640700411294,0.6570884428294598,0.25,ketone,RGB_primary,Ridge,3,concentration_median,8,0.12054519999946933,0.0012715000048046932,0.7117159077813275
0.710781940467944,1.297476481188588,0.8529230769224871,0.9288250732265129,0.0710781940467944,0.1297476481188588,0.17113569029298073,0.7407726589284037,0.2631578947368421,ketone,RGB_primary,ElasticNet,3,patch,152,0.2491065000067465,0.0012340999965090305,0.7137476278484363
0.6318894258458359,1.1665216500699993,0.8811138798735557,0.9700772721497397,0.06318894258458359,0.11665216500699993,0.1372758209912459,0.6610387982047968,0.25,ketone,RGB_primary,ElasticNet,3,concentration_median,8,0.2491065000067465,0.0012340999965090305,0.7137476278484363
0.17238743479354413,0.45777615142904315,0.9816915375210978,0.9430320971648778,0.01723874347935441,0.045777615142904314,0.04823385031370287,0.17650031313858908,0.14473684210526316,ketone,RGB_primary,SVR,3,patch,152,1.9793147000018507,0.004269500001100823,0.15211450291406614
0.028801159429361727,0.04876148506262409,0.9997922699169515,1.0,0.0028801159429361727,0.004876148506262409,0.0073928884301136975,0.028801159429361727,0.0,ketone,RGB_primary,SVR,3,concentration_median,8,1.9793147000018507,0.004269500001100823,0.15211450291406614
0.18396848875961044,0.7890172399731176,0.9456100659476208,0.9409346669835398,0.018396848875961044,0.07890172399731175,0.04575043125521939,0.1839684887596153,0.1118421052631579,ketone,RGB_primary,RandomForest,3,patch,152,4.5567999000049895,0.006416900010663085,0.1280479093307472
0.008671155012907895,0.011775650896098527,0.999987885223932,1.0,0.0008671155012907895,0.0011775650896098527,0.007167565547505678,0.008671155012913002,0.125,ketone,RGB_primary,RandomForest,3,concentration_median,8,4.5567999000049895,0.006416900010663085,0.1280479093307472
0.1125099077683725,0.515944505150868,0.9767431158196055,0.9598409262386873,0.01125099077683725,0.0515944505150868,0.026990476188087836,0.11250990776837615,0.07894736842105263,ketone,RGB_primary,ExtraTrees,3,patch,152,2.807080300000962,0.007864000013796613,0.086151283216223
0.004679262008118213,0.007811202330409556,0.9999946693358469,1.0,0.0004679262008118213,0.0007811202330409556,0.00430224028098259,0.004679262008123986,0.125,ketone,RGB_primary,ExtraTrees,3,concentration_median,8,2.807080300000962,0.007864000013796613,0.086151283216223
0.41511085735031533,0.6804331287110021,0.9595501935860936,0.8933953175778979,0.04151108573503153,0.06804331287110021,0.12535220008014977,0.43383526623834373,0.07894736842105263,ketone,HSV_primary,Ridge,3,patch,152,0.12039799999911338,0.0011596999975154176,0.45880424193914615
0.44224092542336657,0.6735285012212389,0.9603669492540952,0.9761904761904763,0.044224092542336654,0.06735285012212389,0.12170797457462124,0.44224092542336657,0.0,ketone,HSV_primary,Ridge,3,concentration_median,8,0.12039799999911338,0.0011596999975154176,0.45880424193914615
0.440927511099038,0.7241235803880037,0.9541888781482258,0.8806063600180668,0.0440927511099038,0.07241235803880038,0.13206708745657633,0.4479474567441129,0.013157894736842105,ketone,HSV_primary,ElasticNet,3,patch,152,0.232867200000328,0.0011771999998018146,0.45339889399443356
0.45596354996877303,0.6908458746851177,0.9583027048099633,0.9761904761904763,0.0455963549968773,0.06908458746851177,0.12884538055632414,0.45596354996877303,0.0,ketone,HSV_primary,ElasticNet,3,concentration_median,8,0.232867200000328,0.0011771999998018146,0.45339889399443356
0.125663391599551,0.3892425107205496,0.9867631064161906,0.9649403451908931,0.0125663391599551,0.03892425107205496,0.03991185702019079,0.12756275110638607,0.09868421052631579,ketone,HSV_primary,SVR,3,patch,152,1.9335977000009734,0.0042579000000841916,0.11404435905920632
0.030870671751626784,0.04599215502365722,0.9998151952770722,1.0,0.0030870671751626784,0.004599215502365722,0.011175175399048855,0.030870671751626784,0.0,ketone,HSV_primary,SVR,3,concentration_median,8,1.9335977000009734,0.0042579000000841916,0.11404435905920632
0.06496622807017545,0.4095923659299208,0.9853428593913434,0.9696490338216679,0.006496622807017545,0.04095923659299208,0.02028390849960553,0.06496622807017545,0.0,ketone,HSV_primary,RandomForest,3,patch,152,4.719758199993521,0.006339800005662255,0.03744561805555556
0.0025333333333333406,0.00441248229458207,0.9999982989718587,1.0,0.00025333333333333403,0.00044124822945820703,0.002380722609018494,0.0025333333333333406,0.0,ketone,HSV_primary,RandomForest,3,concentration_median,8,4.719758199993521,0.006339800005662255,0.03744561805555556
0.05311885964912282,0.3147573200055497,0.991344399073514,0.9762173636821031,0.005311885964912283,0.031475732000554965,0.018488574870377666,0.05311885964912282,0.0,ketone,HSV_primary,ExtraTrees,3,patch,152,2.83065180000267,0.007755300001008436,0.043035090277777785
0.0026583333333333368,0.004132997298168364,0.9999985076324756,1.0,0.0002658333333333337,0.0004132997298168364,0.0023898540463306098,0.0026583333333333368,0.0,ketone,HSV_primary,ExtraTrees,3,concentration_median,8,2.83065180000267,0.007755300001008436,0.043035090277777785
0.3640337013947768,0.6557791806757614,0.9624283042688732,0.9080841630577844,0.036403370139477684,0.06557791806757614,0.11608363056468322,0.3787685631371055,0.14473684210526316,ketone,RGB_HSV_combined,Ridge,3,patch,152,0.13195779999659862,0.0012627999967662618,0.35391655809680433
0.306433768782437,0.4433654289927922,0.9828260893224587,0.9761904761904763,0.0306433768782437,0.04433654289927922,0.09581611347035243,0.306433768782437,0.0,ketone,RGB_HSV_combined,Ridge,3,concentration_median,8,0.13195779999659862,0.0012627999967662618,0.35391655809680433
0.33607082790955745,0.6605344368389026,0.9618814408940152,0.904905890929209,0.03360708279095574,0.06605344368389025,0.11038237941622608,0.3721058218504904,0.19078947368421054,ketone,RGB_HSV_combined,ElasticNet,3,patch,152,0.27045679998991545,0.0011817000049632043,0.3587372827375093
0.22971222408203093,0.34836777920077666,0.9893971771114493,0.9940297973880048,0.022971222408203092,0.034836777920077666,0.08289270339294062,0.23020743026604484,0.25,ketone,RGB_HSV_combined,ElasticNet,3,concentration_median,8,0.27045679998991545,0.0011817000049632043,0.3587372827375093
0.14113690135957935,0.4128952996781551,0.9851055172789829,0.9523612923009396,0.014113690135957934,0.04128952996781551,0.043763111878094,0.1456093498816757,0.1118421052631579,ketone,RGB_HSV_combined,SVR,3,patch,152,2.021618800004944,0.004208300000755116,0.12068349898803934
0.04711895745940332,0.0746931845203793,0.9995125753385826,1.0,0.004711895745940332,0.0074693184520379305,0.016990690935813745,0.04711895745940332,0.0,ketone,RGB_HSV_combined,SVR,3,concentration_median,8,2.021618800004944,0.004208300000755116,0.12068349898803934
0.06456052631578948,0.4095183777266979,0.9853481542046306,0.96869650326552,0.006456052631578948,0.040951837772669794,0.01998320632620068,0.06456052631578948,0.0,ketone,RGB_HSV_combined,RandomForest,3,patch,152,5.713874599998235,0.006265300005907193,0.03794419444444445
0.002216666666666675,0.00390981670499616,0.9999986644555631,1.0,0.00022166666666666748,0.00039098167049961605,0.002085411720679266,0.002216666666666675,0.0,ketone,RGB_HSV_combined,RandomForest,3,concentration_median,8,5.713874599998235,0.006265300005907193,0.03794419444444445
0.05047894736842108,0.29273190986401126,0.9925133819082175,0.9732930227807243,0.005047894736842108,0.029273190986401125,0.018087318512120507,0.05047894736842108,0.0,ketone,RGB_HSV_combined,ExtraTrees,3,patch,152,3.359299200004898,0.007039000003715046,0.04394650000000001
0.002233333333333345,0.004404921490030657,0.9999983047963001,1.0,0.0002233333333333345,0.00044049214900306565,0.002088173480840622,0.002233333333333345,0.0,ketone,RGB_HSV_combined,ExtraTrees,3,concentration_median,8,3.359299200004898,0.007039000003715046,0.04394650000000001
0.10195219298245613,0.4617117826774165,0.9813753782062293,0.9626212188085567,0.010195219298245612,0.046171178267741655,0.031527465270899294,0.10195219298245613,0.0,ketone,Chromaticity_secondary,ExtraTrees,3,patch,152,2.6690556000103243,0.007860300000174902,0.06620465277777778
0.0063083333333333325,0.012478848771688308,0.9999863951239232,1.0,0.0006308333333333333,0.0012478848771688307,0.005887974583169739,0.0063083333333333325,0.0,ketone,Chromaticity_secondary,ExtraTrees,3,concentration_median,8,2.6690556000103243,0.007860300000174902,0.06620465277777778
0.19140394736842106,0.6109541503982839,0.967389099909618,0.9278768086890936,0.019140394736842106,0.06109541503982839,0.05515955466349844,0.19140394736842106,0.0,ketone,Background_adjusted_secondary,ExtraTrees,3,patch,152,2.8986298000090756,0.00753979998989962,0.14493426041666668
0.010033333333333328,0.013661625086350443,0.9999836938935646,1.0,0.0010033333333333329,0.0013661625086350442,0.009273584703561431,0.010033333333333328,0.0,ketone,Background_adjusted_secondary,ExtraTrees,3,concentration_median,8,2.8986298000090756,0.00753979998989962,0.14493426041666668
0.8225909356725146,1.6761015418184035,0.7545595162959148,0.914948635598486,0.08225909356725146,0.16761015418184036,0.2152679784419786,0.8225909356725146,0.0,ketone,Background_negative_control,ExtraTrees,3,patch,152,3.0113396999950055,0.007994800005690195,0.8999595081018519
0.3400083333333333,0.5649194895931827,0.9721183376776993,0.9940297973880048,0.03400083333333333,0.05649194895931827,0.10294967255474231,0.3400083333333333,0.0,ketone,Background_negative_control,ExtraTrees,3,concentration_median,8,3.0113396999950055,0.007994800005690195,0.8999595081018519
2.70875,3.383196528432837,1.1102230246251565e-16,,0.27087500000000003,0.3383196528432837,0.9299944503446052,2.70875,0.0,ketone,Baseline,DummyMean,4,patch,152,0.0002327999973203987,1.7700003809295595e-05,
2.70875,3.383196528432837,0.0,,0.27087500000000003,0.3383196528432837,0.9299944503446052,2.70875,0.0,ketone,Baseline,DummyMean,4,concentration_median,8,0.0002327999973203987,1.7700003809295595e-05,
0.6690818952516744,1.205983282765126,0.8729343617134168,0.938951641676889,0.06690818952516744,0.1205983282765126,0.1614104903939207,0.7033632021434278,0.3092105263157895,ketone,RGB_primary,Ridge,4,patch,152,0.11286829999880865,0.0010784000041894615,0.7195148688697797
0.6216238671499592,1.1292590132785174,0.8885878184437912,0.9700772721497397,0.062162386714995924,0.11292590132785174,0.13517817273796986,0.6490384333590751,0.25,ketone,RGB_primary,Ridge,4,concentration_median,8,0.11286829999880865,0.0010784000041894615,0.7195148688697797
0.6699783053266375,1.2026793140384497,0.8736296380419615,0.9390180691011323,0.06699783053266375,0.12026793140384498,0.16217841760619264,0.7044596014672512,0.3092105263157895,ketone,RGB_primary,ElasticNet,4,patch,152,0.24259599999641068,0.0012112999975215644,0.7213810600215366
0.626219461646471,1.1317603802461056,0.8880937043463423,0.9700772721497397,0.0626219461646471,0.11317603802461056,0.13661577831148325,0.6541274917546744,0.25,ketone,RGB_primary,ElasticNet,4,concentration_median,8,0.24259599999641068,0.0012112999975215644,0.7213810600215366
0.15709948484543731,0.3607891958620614,0.9886275877496014,0.954747943783075,0.015709948484543733,0.03607891958620614,0.04987096764400887,0.15995797915800666,0.09210526315789473,ketone,RGB_primary,SVR,4,patch,152,1.842762499989476,0.004423100006533787,0.16170043163866135
0.052743273207552725,0.10553245196981742,0.9990269893259819,0.9761904761904763,0.005274327320755273,0.010553245196981743,0.01671585476777263,0.052743273207552725,0.0,ketone,RGB_primary,SVR,4,concentration_median,8,1.842762499989476,0.004423100006533787,0.16170043163866135
0.14551493055555553,0.5639067813979299,0.9722182127207705,0.9448541317442812,0.014551493055555554,0.056390678139792996,0.04714167894975135,0.14551493055555553,0.0,ketone,RGB_primary,RandomForest,4,patch,152,4.647007499996107,0.008331899996846914,0.13659825347222224
0.016472916666666646,0.02425674090158579,0.9999485943984526,0.9761904761904763,0.0016472916666666645,0.002425674090158579,0.012644514958124327,0.016472916666666646,0.0,ketone,RGB_primary,RandomForest,4,concentration_median,8,4.647007499996107,0.008331899996846914,0.13659825347222224
0.12520635964912277,0.439650436160459,0.9831126865823034,0.9426771597605762,0.012520635964912277,0.043965043616045904,0.04271325186550409,0.12520635964912277,0.0,ketone,RGB_primary,ExtraTrees,4,patch,152,2.8995624000090174,0.0071054000000003725,0.08516369444444445
0.015541666666666645,0.023305376108433733,0.9999525476440831,0.9761904761904763,0.0015541666666666644,0.0023305376108433734,0.011767705901067939,0.015541666666666645,0.0,ketone,RGB_primary,ExtraTrees,4,concentration_median,8,2.8995624000090174,0.0071054000000003725,0.08516369444444445
0.3399648659240601,0.5990060017906481,0.968652140275306,0.9125014792892615,0.03399648659240601,0.05990060017906481,0.11650542008089831,0.5702034432800002,0.09210526315789473,ketone,HSV_primary,Ridge,4,patch,152,0.12376079999376088,0.0013879000034648925,0.426633570816721
0.26559952352024957,0.3795523232731819,0.9874139673148735,0.9761904761904763,0.026559952352024956,0.03795523232731819,0.09453143341746978,0.26559952352024957,0.0,ketone,HSV_primary,Ridge,4,concentration_median,8,0.12376079999376088,0.0013879000034648925,0.426633570816721
0.3490929951156636,0.583791823662258,0.9702243285793233,0.9103145660053575,0.03490929951156636,0.0583791823662258,0.12057862593795077,0.5105801485968169,0.05921052631578947,ketone,HSV_primary,ElasticNet,4,patch,152,0.24856820001150481,0.0012069999938830733,0.4258941475739667
0.31227526535422145,0.43383223732084975,0.9835566921346504,1.0,0.031227526535422146,0.043383223732084975,0.10856099810473002,0.31227526535422145,0.0,ketone,HSV_primary,ElasticNet,4,concentration_median,8,0.24856820001150481,0.0012069999938830733,0.4258941475739667
0.13332485359199986,0.39320213265406395,0.9864924284591353,0.9723201837975006,0.013332485359199986,0.0393202132654064,0.04157089850650032,0.13790869127846295,0.10526315789473684,ketone,HSV_primary,SVR,4,patch,152,1.8843197000096552,0.0038480000075651333,0.11568957568157257
0.0154465825958504,0.02058712474516717,0.9999629714301077,1.0,0.00154465825958504,0.002058712474516717,0.0057002978663071285,0.0154465825958504,0.0,ketone,HSV_primary,SVR,4,concentration_median,8,1.8843197000096552,0.0038480000075651333,0.11568957568157257
0.045953508771929844,0.3402342115564663,0.9898864992936124,0.9757074062037753,0.004595350877192985,0.03402342115564663,0.017839179931178534,0.045953508771929844,0.0,ketone,HSV_primary,RandomForest,4,patch,152,4.780053100010264,0.006889700001920573,0.02829377083333335
0.001450000000000044,0.003181369376716769,0.9999991157527056,1.0,0.0001450000000000044,0.0003181369376716769,0.0014213557843618422,0.001450000000000044,0.0,ketone,HSV_primary,RandomForest,4,concentration_median,8,4.780053100010264,0.006889700001920573,0.02829377083333335
0.05706330965028621,0.35606762220846233,0.9889232968812681,0.9755343525305508,0.005706330965028621,0.03560676222084623,0.02031743917869066,0.05706330965029168,0.11842105263157894,ketone,HSV_primary,ExtraTrees,4,patch,152,2.846484199995757,0.00704500000574626,0.03545766762839804
0.0021079100548733144,0.0038199497008822997,0.9999987251448704,1.0,0.00021079100548733145,0.00038199497008823,0.0020227458271058875,0.0021079100548790876,0.125,ketone,HSV_primary,ExtraTrees,4,concentration_median,8,2.846484199995757,0.00704500000574626,0.03545766762839804
0.2618808231320226,0.44758745816108636,0.9824974484946478,0.9134580433195623,0.02618808231320226,0.044758745816108635,0.10266789791197643,0.38249474068248523,0.1513157894736842,ketone,RGB_HSV_combined,Ridge,4,patch,152,0.11951309999858495,0.0011613999959081411,0.35682657569041015
0.19357200272644368,0.3185682261738327,0.9911335358656876,0.9523809523809524,0.019357200272644367,0.03185682261738327,0.07906453658593077,0.21431438931063615,0.125,ketone,RGB_HSV_combined,Ridge,4,concentration_median,8,0.11951309999858495,0.0011613999959081411,0.35682657569041015
0.2634937373374114,0.45087441210949997,0.9822394371409633,0.9138508440262143,0.02634937373374114,0.04508744121095,0.10229364995627328,0.3907368946014701,0.1513157894736842,ketone,RGB_HSV_combined,ElasticNet,4,patch,152,0.29682219999085646,0.0014518999960273504,0.3583605608980546
0.19615776626811202,0.32318679184729265,0.990874582271277,0.9761904761904763,0.0196157766268112,0.03231867918472926,0.07990989608300256,0.20942490792628846,0.125,ketone,RGB_HSV_combined,ElasticNet,4,concentration_median,8,0.29682219999085646,0.0014518999960273504,0.3583605608980546
0.13714918829604741,0.4319976236762461,0.9836954708062204,0.9710088088197116,0.013714918829604742,0.043199762367624614,0.04100464470655929,0.1424428753026253,0.11842105263157894,ketone,RGB_HSV_combined,SVR,4,patch,152,2.0590293999994174,0.00438929999654647,0.12992698565583977
0.016531056981221644,0.026398613900818615,0.9999391153525863,1.0,0.0016531056981221644,0.0026398613900818616,0.0058746822073389585,0.016531056981221644,0.0,ketone,RGB_HSV_combined,SVR,4,concentration_median,8,2.0590293999994174,0.00438929999654647,0.12992698565583977
0.045976315789473705,0.3379561764385768,0.9900214756163157,0.9758142503390953,0.0045976315789473705,0.033795617643857676,0.01819598035960271,0.045976315789473705,0.0,ketone,RGB_HSV_combined,RandomForest,4,patch,152,5.609632299994701,0.006739400007063523,0.028964687500000013
0.001391666666666678,0.003020945400220151,0.9999992026824951,1.0,0.0001391666666666678,0.0003020945400220151,0.0013535833734445674,0.001391666666666678,0.0,ketone,RGB_HSV_combined,RandomForest,4,concentration_median,8,5.609632299994701,0.006739400007063523,0.028964687500000013
0.06831234883307032,0.3938634431521423,0.9864469545926909,0.9720457199262407,0.006831234883307032,0.039386344315214226,0.02262468382837508,0.06831234883307517,0.10526315789473684,ketone,RGB_HSV_combined,ExtraTrees,4,patch,152,3.2913845000002766,0.008272300008684397,0.03748107265750754
0.0026711778447290396,0.004395041839607111,0.9999983123920034,1.0,0.00026711778447290394,0.0004395041839607111,0.002553164654080376,0.0026711778447348128,0.125,ketone,RGB_HSV_combined,ExtraTrees,4,concentration_median,8,3.2913845000002766,0.008272300008684397,0.03748107265750754
0.08052516228720914,0.3897613514913692,0.9867277946651644,0.958865516092428,0.008052516228720915,0.03897613514913692,0.027297986271006464,0.08052516228721432,0.1118421052631579,ketone,Chromaticity_secondary,ExtraTrees,4,patch,152,2.6037026999983937,0.007627300001331605,0.06623157141169536
0.0050054815285878376,0.007657751524036229,0.9999948767200469,1.0,0.0005005481528587838,0.0007657751524036229,0.004784944882335562,0.005005481528593611,0.125,ketone,Chromaticity_secondary,ExtraTrees,4,concentration_median,8,2.6037026999983937,0.007627300001331605,0.06623157141169536
0.20041513492543228,0.7168323351355261,0.9551067835970607,0.9281132870909525,0.02004151349254323,0.07168323351355262,0.057507588443381774,0.20041513492543656,0.09210526315789473,ketone,Background_adjusted_secondary,ExtraTrees,4,patch,152,2.8641303999902448,0.007926999998744577,0.14048566234055965
0.012982135305883703,0.017900028235494473,0.9999720067721511,1.0,0.0012982135305883702,0.0017900028235494473,0.011627159949126909,0.012982135305889476,0.125,ketone,Background_adjusted_secondary,ExtraTrees,4,concentration_median,8,2.8641303999902448,0.007926999998744577,0.14048566234055965
0.864692207602339,1.6849305317587024,0.7519669538499871,0.8704753019088485,0.0864692207602339,0.16849305317587024,0.24894469822151824,0.864692207602339,0.0,ketone,Background_negative_control,ExtraTrees,4,patch,152,3.047295000011218,0.007993699997314252,0.9456424462962962
0.417925,0.6992883743889609,0.9572773519564997,0.9700772721497397,0.041792499999999996,0.06992883743889608,0.1172563821179996,0.417925,0.0,ketone,Background_negative_control,ExtraTrees,4,concentration_median,8,3.047295000011218,0.007993699997314252,0.9456424462962962
2.70875,3.383196528432837,1.1102230246251565e-16,,0.27087500000000003,0.3383196528432837,0.9299944503446052,2.70875,0.0,ketone,Baseline,DummyMean,5,patch,152,0.0002435000060359016,1.889999839477241e-05,
2.70875,3.383196528432837,0.0,,0.27087500000000003,0.3383196528432837,0.9299944503446052,2.70875,0.0,ketone,Baseline,DummyMean,5,concentration_median,8,0.0002435000060359016,1.889999839477241e-05,
0.6814065690056994,1.221378586936964,0.8696694732718191,0.944033996516159,0.06814065690056995,0.1221378586936964,0.16031862183267392,0.7082937872324337,0.2565789473684211,ketone,RGB_primary,Ridge,5,patch,152,0.11692129999573808,0.0011665000056382269,0.7230143443578703
0.6206950845419479,1.1616051386578152,0.8821139011190033,0.9700772721497397,0.06206950845419479,0.11616051386578152,0.1322600493549495,0.6450773617276032,0.25,ketone,RGB_primary,Ridge,5,concentration_median,8,0.11692129999573808,0.0011665000056382269,0.7230143443578703
0.6832453877470759,1.2218991207023338,0.8695583596546934,0.9439020007112771,0.0683245387747076,0.12218991207023337,0.16088011291512916,0.7104107862942515,0.2565789473684211,ketone,RGB_primary,ElasticNet,5,patch,152,0.23696570000902284,0.0011507999879540876,0.7249164821618093
0.6245805425478789,1.1633536537799931,0.8817587360877546,0.9700772721497397,0.062458054254787884,0.11633536537799931,0.13336341177779926,0.6494477005302287,0.25,ketone,RGB_primary,ElasticNet,5,concentration_median,8,0.23696570000902284,0.0011507999879540876,0.7249164821618093
0.14215050178995006,0.3460428764160315,0.9895382250428096,0.9471253014148099,0.014215050178995006,0.03460428764160315,0.04110588675223793,0.14886338907479524,0.1118421052631579,ketone,RGB_primary,SVR,5,patch,152,1.952861199999461,0.004084800006239675,0.1577347919611841
0.04075455379710445,0.09543983366079294,0.999204198241489,1.0,0.004075455379710445,0.009543983366079294,0.01214207795419427,0.04075455379710445,0.0,ketone,RGB_primary,SVR,5,concentration_median,8,1.952861199999461,0.004084800006239675,0.1577347919611841
0.08601271929824564,0.26153699067914327,0.994023983448961,0.938477811829979,0.008601271929824563,0.026153699067914326,0.03346551711508108,0.08601271929824564,0.0,ketone,RGB_primary,RandomForest,5,patch,152,4.602121400006581,0.007045599995763041,0.1528630349702381
0.006416666666666659,0.011572092867469278,0.9999883004443503,1.0,0.0006416666666666659,0.0011572092867469278,0.005828947302618867,0.006416666666666659,0.0,ketone,RGB_primary,RandomForest,5,concentration_median,8,4.602121400006581,0.007045599995763041,0.1528630349702381
0.06581110219024496,0.20203413931771216,0.9964338872457422,0.9595684359625618,0.006581110219024496,0.020203413931771216,0.02393681502810299,0.0658111021902495,0.09868421052631579,ketone,RGB_primary,ExtraTrees,5,patch,152,2.8626182000007248,0.007989700010512024,0.09440599276694711
0.007715287404172039,0.012208760399611811,0.9999869776702494,1.0,0.000771528740417204,0.0012208760399611811,0.006752709757677782,0.007715287404177812,0.125,ketone,RGB_primary,ExtraTrees,5,concentration_median,8,2.8626182000007248,0.007989700010512024,0.09440599276694711
0.39308404003963715,0.6665686850753044,0.9611818028934279,0.9293089673389823,0.039308404003963716,0.06665686850753044,0.11597746553776908,0.4131186279453811,0.08552631578947369,ketone,HSV_primary,Ridge,5,patch,152,0.11664069999824278,0.0011640000011539087,0.46151812776244616
0.3720930417726611,0.5586116848953571,0.9727375062615873,0.9761904761904763,0.03720930417726611,0.055861168489535706,0.10195179214894305,0.3720930417726611,0.0,ketone,HSV_primary,Ridge,5,concentration_median,8,0.11664069999824278,0.0011640000011539087,0.46151812776244616
0.41340518952751315,0.6872832968562876,0.958731648055561,0.9187274458965687,0.041340518952751315,0.06872832968562877,0.12426167521952816,0.4214793312746288,0.03289473684210526,ketone,HSV_primary,ElasticNet,5,patch,152,0.23551149999548215,0.0014550000050803646,0.45819123568145903
0.4077367361686519,0.6043633390518938,0.9680889002920815,0.9761904761904763,0.040773673616865194,0.06043633390518938,0.1160926282517026,0.4077367361686519,0.0,ketone,HSV_primary,ElasticNet,5,concentration_median,8,0.23551149999548215,0.0014550000050803646,0.45819123568145903
0.0786559396217164,0.2185038817648702,0.995828772659811,0.9681163409457713,0.00786559396217164,0.02185038817648702,0.02519505911909053,0.08485125195071722,0.13157894736842105,ketone,HSV_primary,SVR,5,patch,152,2.080456600000616,0.00382619998708833,0.1180306148363772
0.006567800562479325,0.008406126845255962,0.9999938264150984,1.0,0.0006567800562479325,0.0008406126845255963,0.0041050500646301336,0.011232967350581685,0.125,ketone,HSV_primary,SVR,5,concentration_median,8,2.080456600000616,0.00382619998708833,0.1180306148363772
0.04599254385964914,0.4076946512823175,0.9854783630610241,0.9781900367519993,0.004599254385964914,0.04076946512823175,0.013691075348426857,0.04599254385964914,0.0,ketone,HSV_primary,RandomForest,5,patch,152,4.757760799999232,0.007674599997699261,0.024518381944444462
0.0023833333333333345,0.003882868355567433,0.9999986828025538,1.0,0.00023833333333333345,0.0003882868355567433,0.0022786859792956497,0.0023833333333333345,0.0,ketone,HSV_primary,RandomForest,5,concentration_median,8,4.757760799999232,0.007674599997699261,0.024518381944444462
0.05388517273844047,0.36319014046324327,0.988475724091426,0.981455863677248,0.005388517273844047,0.03631901404632433,0.016200076367079652,0.053885172738445335,0.10526315789473684,ketone,HSV_primary,ExtraTrees,5,patch,152,2.8412202999898,0.007499800005462021,0.036422829702835904
0.0032270989165613558,0.0046747462780281765,0.9999980907551139,1.0,0.00032270989165613555,0.00046747462780281766,0.0029419809562900544,0.003227098916567129,0.125,ketone,HSV_primary,ExtraTrees,5,concentration_median,8,2.8412202999898,0.007499800005462021,0.036422829702835904
0.32430914695938723,0.5585865201092812,0.9727399624915173,0.9296188874689377,0.03243091469593872,0.05585865201092812,0.10499985130763907,0.340159112000405,0.13815789473684212,ketone,RGB_HSV_combined,Ridge,5,patch,152,0.12169479999283794,0.0011811000003945082,0.364317925243275
0.26751741987001576,0.38526853519145204,0.9870320110904443,0.9523809523809524,0.026751741987001577,0.038526853519145206,0.08876310697214955,0.26751741987001576,0.0,ketone,RGB_HSV_combined,Ridge,5,concentration_median,8,0.12169479999283794,0.0011811000003945082,0.364317925243275
0.33038450778377787,0.569619419377672,0.9716524767240875,0.9315177392200629,0.03303845077837779,0.0569619419377672,0.10479990187676194,0.3473665073601773,0.13815789473684212,ketone,RGB_HSV_combined,ElasticNet,5,patch,152,0.29586359999666456,0.001224699997692369,0.36857472721210227
0.2809901755859296,0.40162255219730714,0.9859077048573349,0.9523809523809524,0.02809901755859296,0.040162255219730714,0.08948665346768359,0.2809901755859296,0.0,ketone,RGB_HSV_combined,ElasticNet,5,concentration_median,8,0.29586359999666456,0.001224699997692369,0.36857472721210227
0.11280170700568071,0.2555475763144509,0.9942945608262096,0.9596437808091386,0.011280170700568071,0.02555475763144509,0.03764830873591875,0.11848929570141506,0.13815789473684212,ketone,RGB_HSV_combined,SVR,5,patch,152,2.0799101000011433,0.004521699986071326,0.12764466622508053
0.025226001848624433,0.041813482320725924,0.9998472510536657,1.0,0.0025226001848624433,0.004181348232072593,0.010551270708369635,0.028177305205109623,0.125,ketone,RGB_HSV_combined,SVR,5,concentration_median,8,2.0799101000011433,0.004521699986071326,0.12764466622508053
0.04591578947368422,0.4076489961885926,0.985481615247785,0.978732675256996,0.004591578947368422,0.04076489961885926,0.014154484673412909,0.04591578947368422,0.0,ketone,RGB_HSV_combined,RandomForest,5,patch,152,5.616280600006576,0.007807200003298931,0.025393277777777796
0.002324999999999999,0.0037343004699675977,0.9999987816724484,1.0,0.0002324999999999999,0.0003734300469967598,0.002210512856263825,0.002324999999999999,0.0,ketone,RGB_HSV_combined,RandomForest,5,concentration_median,8,5.616280600006576,0.007807200003298931,0.025393277777777796
0.05263965509155336,0.33263633219408856,0.9903331514728179,0.9816297427320951,0.005263965509155337,0.03326363321940885,0.016474850896489653,0.05263965509155823,0.10526315789473684,ketone,RGB_HSV_combined,ExtraTrees,5,patch,152,3.299990700004855,0.0078101999970385805,0.04191822854759236
0.0029664007973596185,0.005384983735149516,0.9999974665383256,1.0,0.00029664007973596184,0.0005384983735149516,0.002802355372619488,0.0029664007973653917,0.125,ketone,RGB_HSV_combined,ExtraTrees,5,concentration_median,8,3.299990700004855,0.0078101999970385805,0.04191822854759236
0.04108245031103731,0.13912741508541912,0.9983088934195263,0.9440990495354061,0.004108245031103731,0.013912741508541913,0.019372820353703878,0.04108245031104247,0.1118421052631579,ketone,Chromaticity_secondary,ExtraTrees,5,patch,152,2.585978499992052,0.009049100000993349,0.07406896631199744
0.003773626939781542,0.007847623324433355,0.9999946195097887,1.0,0.0003773626939781542,0.0007847623324433355,0.003539135132638874,0.0037736269397873152,0.125,ketone,Chromaticity_secondary,ExtraTrees,5,concentration_median,8,2.585978499992052,0.009049100000993349,0.07406896631199744
0.10663771929824561,0.41745883552360596,0.9847744544925959,0.916971167746068,0.010663771929824562,0.0417458835523606,0.03934205742704893,0.10663771929824561,0.0,ketone,Background_adjusted_secondary,ExtraTrees,5,patch,152,2.9646265000046697,0.008208999992348254,0.14955922222222223
0.010891666666666654,0.01780157608503,0.9999723138570683,0.9761904761904763,0.0010891666666666654,0.001780157608503,0.010220404094391695,0.010891666666666654,0.0,ketone,Background_adjusted_secondary,ExtraTrees,5,concentration_median,8,2.9646265000046697,0.008208999992348254,0.14955922222222223
0.8480443713450294,1.597215994021287,0.7771191025213542,0.9042618449263083,0.08480443713450295,0.1597215994021287,0.23368413938003593,0.8480443713450294,0.0,ketone,Background_negative_control,ExtraTrees,5,patch,152,3.066611100002774,0.008186900013242848,0.9699034950231482
0.4396083333333337,0.7634602787455436,0.9490764771617884,0.9761904761904763,0.04396083333333337,0.07634602787455436,0.13843092797647502,0.4396083333333337,0.0,ketone,Background_negative_control,ExtraTrees,5,concentration_median,8,3.066611100002774,0.008186900013242848,0.9699034950231482
